date,symbol,open,high,low,close,volume
1999-11-18,A,27.074335,29.752016,23.801613,25.437973,75177420
1999-11-19,A,25.549543,25.586735,23.690042,24.247892,18312876
1999-11-22,A,24.582603,25.958633,23.838802,25.958633,7907195
1999-11-23,A,25.289213,25.958633,23.950373,23.950373,7183210.5
1999-11-24,A,23.875994,24.954504,23.801613,24.433844,5822126.5
1999-11-26,A,24.322273,24.694174,24.247892,24.508223,2079018.8
1999-11-29,A,24.396652,25.252024,24.136324,25.066074,4898323.5
1999-11-30,A,24.991693,25.549543,24.359463,25.103264,5181161.5
1999-12-01,A,25.103264,25.847063,24.917313,25.549543,3555053.2
1999-12-02,A,26.033014,26.776814,25.698303,26.256155,3690338.2
1999-12-03,A,26.739624,27.185905,26.367723,26.776814,3656222.8
1999-12-06,A,26.925575,27.632185,26.888384,27.223095,2705699
1999-12-07,A,27.223095,27.371855,26.367723,26.925575,2663853
1999-12-08,A,26.925575,27.148714,26.665245,26.888384,2269426
1999-12-09,A,26.925575,27.334665,26.925575,27.260284,2439162.5
1999-12-10,A,27.185905,27.334665,26.628054,26.628054,2001208.9
1999-12-13,A,27.074335,27.520615,26.404915,26.702435,4832950
1999-12-14,A,26.999954,26.999954,25.028883,25.586735,2799642.2
1999-12-15,A,24.991693,25.177643,24.396652,24.805744,3507493.5
1999-12-16,A,24.991693,27.520615,24.991693,27.520615,3102647
1999-12-17,A,27.594995,28.041275,27.037144,27.334665,4457513
1999-12-20,A,27.520615,27.929705,27.446236,27.892515,1438726
1999-12-21,A,27.780945,27.780945,27.371855,27.743755,2716118.5
1999-12-22,A,27.743755,28.301605,27.557804,28.301605,2290937.2
1999-12-23,A,28.264416,29.752016,28.227224,29.603256,2595958.5
1999-12-27,A,29.714827,31.648706,29.491686,31.425568,2420172.2
1999-12-28,A,32.280937,36.59498,32.094986,36.59498,4279542
1999-12-29,A,37.48754,47.045376,37.45035,43.437943,12626203
1999-12-30,A,45.223064,47.603226,44.181744,46.710667,8019120.5
1999-12-31,A,47.305706,47.566036,45.371826,46.004055,2321523.2
2000-01-03,A,46.859425,46.970997,40.090843,42.842903,5618611
2000-01-04,A,40.53712,40.983402,38.528862,39.012333,5727679
2000-01-05,A,39.42142,39.42142,35.88837,37.11564,6922556
2000-01-06,A,36.66936,36.8925,34.58672,35.10738,3046516.2
2000-01-07,A,35.14457,39.23547,35.10738,38.67762,3389518.2
2000-01-10,A,41.05778,41.429684,40.20241,41.02059,2582682
2000-01-11,A,41.02059,41.02059,39.53299,40.46274,2231109.2
2000-01-12,A,40.46274,40.46274,38.11977,39.64456,1718875.1
2000-01-13,A,40.685883,41.541252,39.27266,40.2396,1363605.1
2000-01-14,A,39.867702,41.280922,39.867702,40.685883,1583086
2000-01-18,A,40.83464,43.363564,40.53712,42.545383,2526551.5
2000-01-19,A,42.842903,42.842903,41.541252,41.652824,3155416.5
2000-01-20,A,42.099102,42.17348,40.165222,40.53712,2413786
2000-01-21,A,41.132164,41.280922,39.53299,40.909023,2306062.2
2000-01-24,A,40.76026,42.731335,40.46274,40.76026,2519493.2
2000-01-25,A,40.909023,41.429684,39.53299,40.27679,1386964.9
2000-01-26,A,40.425552,41.206543,40.388363,40.648693,1228992.4
2000-01-27,A,41.57844,41.950344,40.01646,40.723072,1044130.94
2000-01-28,A,41.3553,41.3553,40.128033,40.49993,1934490.8
2000-01-31,A,40.20241,40.2396,38.528862,39.38423,1259074.4
2000-02-01,A,39.42142,42.842903,39.42142,42.247864,1688120.9
2000-02-02,A,42.768524,45.483395,42.582573,45.483395,2336648.5
2000-02-03,A,44.739594,46.264385,43.921413,46.264385,2139182.8
2000-02-04,A,46.264385,46.264385,44.628025,45.371826,1377217.6
2000-02-07,A,46.227196,47.603226,45.371826,47.305706,1531829
2000-02-08,A,48.049507,48.904877,46.561905,47.008186,1406123.2
2000-02-09,A,46.190006,46.822235,45.037113,45.074303,1421920.5
2000-02-10,A,45.818104,46.896614,44.813972,45.632156,1282434.1
2000-02-11,A,45.520584,45.706535,44.516453,44.851166,903636.25
2000-02-14,A,44.776783,45.780914,44.516453,45.483395,1006990.56
2000-02-15,A,45.557774,49.388348,45.557774,48.718925,2425381.8
2000-02-16,A,47.603226,48.718925,47.231327,48.198265,2165903.8
2000-02-17,A,48.198265,54.74371,46.190006,54.74371,1128326.9
2000-02-18,A,52.661068,57.04949,52.400738,55.78503,4880677.5
2000-02-22,A,57.12387,57.94205,53.553627,54.44619,2678306
2000-02-23,A,54.52057,59.80155,54.52057,58.908993,2031627
2000-02-24,A,60.322212,68.689964,59.80155,63.520554,3553876.8
2000-02-25,A,61.512295,67.79741,61.437912,64.33874,2462186
2000-02-28,A,64.33874,64.97096,58.46271,59.392464,2013813.1
2000-02-29,A,60.3594,63.594933,60.285023,61.809814,1151686.6
2000-03-01,A,62.181713,66.49576,62.032955,64.93378,1247646.5
2000-03-02,A,65.417244,65.45444,60.991634,61.73543,1421752.4
2000-03-03,A,62.442043,66.49576,62.442043,64.26436,1461581.6
2000-03-06,A,67.239555,96.39653,66.94204,95.28083,6831974
2000-03-07,A,92.826294,95.80149,77.95028,84.49573,9260549
2000-03-08,A,86.875885,90.44613,83.30565,90.408936,4753459.5
2000-03-09,A,87.470924,91.63621,86.280846,91.04117,3022652.2
2000-03-10,A,91.04117,92.15687,83.90069,85.239525,2978789.8
2000-03-13,A,77.39243,82.673416,77.057724,78.099045,3157601.2
2000-03-14,A,79.140366,80.92548,70.73542,72.22302,4167616.8
2000-03-15,A,76.23954,76.23954,67.38831,67.98336,3661936.8
2000-03-16,A,69.02467,73.18996,66.644516,70.251945,3329354.2
2000-03-17,A,70.99575,75.57012,70.28914,71.99988,1879368.5
2000-03-20,A,71.66517,72.2974,67.239555,67.68584,1707783.4
2000-03-21,A,65.90072,67.834595,62.925514,67.38831,3038785.8
2000-03-22,A,67.574265,71.96269,64.89658,71.07013,2365722
2000-03-23,A,70.95856,73.63624,69.61972,71.21889,2346395.5
2000-03-24,A,70.66104,71.96269,69.17344,69.50815,1478891.4
2000-03-27,A,70.326324,71.107315,67.35113,67.98336,1017914.2
2000-03-28,A,67.834595,72.55773,67.53708,70.88418,1674004.2
2000-03-29,A,70.8098,71.99988,65.45444,66.644516,1503763.6
2000-03-30,A,64.37592,66.644516,58.98337,62.479233,2445380.5
2000-03-31,A,63.074272,63.074272,53.553627,61.884193,4487763
2000-04-03,A,61.289154,61.437912,54.594948,58.31395,2441347.2
2000-04-04,A,58.31395,60.91725,48.793304,55.63627,4420036.5
2000-04-05,A,55.18999,59.429653,53.62801,57.68172,2476975
2000-04-06,A,58.53709,62.479233,57.7561,62.479233,1652997.2
2000-04-07,A,63.966835,74.38004,63.706505,73.18996,3576060.2
2000-04-10,A,72.59492,72.59492,62.702374,64.18997,3552532.2
2000-04-11,A,60.09907,62.404854,59.243702,60.061882,2279341.2
2000-04-12,A,58.31395,59.05775,49.388348,51.17347,5232754.5
2000-04-13,A,52.36355,57.71891,51.76851,53.553627,4491796.5
2000-04-14,A,52.214787,53.218918,48.198265,49.202396,3444304.5
2000-04-17,A,47.640415,49.165207,43.475132,47.008186,3314565.2
2000-04-18,A,46.413147,52.36355,44.702404,51.76851,4517845
2000-04-19,A,51.76851,53.516438,49.983387,51.917267,2913920.2
2000-04-20,A,52.28917,54.594948,51.99165,53.516438,1746772.4
2000-04-24,A,51.842888,54.96685,50.615616,54.52057,2041878.4
2000-04-25,A,56.30569,56.86354,54.52057,56.08255,1350160.6
2000-04-26,A,56.60321,56.6404,54.52057,54.66933,1173870
2000-04-27,A,53.03297,55.48751,52.958588,53.99991,2742335.2
2000-04-28,A,53.553627,53.59082,51.73132,52.735447,2139855
2000-05-01,A,52.735447,57.272633,52.735447,56.751972,2278837.2
2000-05-02,A,58.46271,61.958572,57.97924,59.950314,5120325.5
2000-05-03,A,58.01643,58.31395,53.33049,54.44619,2797793.5
2000-05-04,A,54.44619,54.44619,52.51231,53.70239,1428474.6
2000-05-05,A,53.6652,55.59908,53.33049,54.409,1518720.6
2000-05-08,A,54.66933,54.66933,50.318096,50.42967,1296214.6
2000-05-09,A,50.875946,51.47099,46.747856,47.714794,2065910.4
2000-05-10,A,47.008186,47.417274,45.074303,45.818104,1925079.6
2000-05-11,A,46.115623,47.231327,45.223064,45.557774,2021879.8
2000-05-12,A,49.983387,58.31395,48.942066,53.62801,16303097
2000-05-15,A,53.553627,54.14867,50.65281,52.475117,5340814.5
2000-05-16,A,53.62801,57.68172,53.553627,56.34288,6919867
2000-05-17,A,49.537106,49.834625,45.706535,46.413147,14966549
2000-05-18,A,46.413147,46.970997,43.623894,44.03298,7380340
2000-05-19,A,43.251995,44.442074,39.347042,39.64456,6324613.5
2000-05-22,A,39.867702,40.46274,35.66523,36.74374,9400539
2000-05-23,A,36.85531,37.6363,33.656967,34.512337,6268651
2000-05-24,A,34.36358,35.66523,32.13218,34.6611,9565402
2000-05-25,A,35.256138,39.08671,34.6611,37.48754,9195679
2000-05-26,A,39.867702,40.76026,38.26853,38.67762,5958083.5
2000-05-30,A,39.38423,45.483395,39.309853,44.851166,6417884.5
2000-05-31,A,44.03298,46.524715,43.289185,43.809845,5299304.5
2000-06-01,A,44.293312,45.409016,43.289185,43.437943,4746233
2000-06-02,A,43.735462,48.793304,43.735462,48.495785,20535752
2000-06-05,A,48.198265,49.834625,45.520584,45.855293,12793419
2000-06-06,A,44.739594,44.925545,41.09497,42.099102,14644554
2000-06-07,A,41.652824,42.991665,38.97514,39.570183,13730498
2000-06-08,A,39.867702,41.541252,39.75613,40.425552,11499389
2000-06-09,A,41.504063,43.326374,41.504063,42.69414,11143615
2000-06-12,A,43.2148,43.2148,38.97514,39.27266,6569134.5
2000-06-13,A,38.3801,42.69414,38.3801,41.05778,9113500
2000-06-14,A,42.099102,42.545383,39.867702,40.351173,6718872.5
2000-06-15,A,40.425552,40.425552,38.56605,39.16109,7976938.5
2000-06-16,A,39.38423,39.607372,37.00407,37.00407,7781993.5
2000-06-19,A,36.96688,40.49993,36.96688,40.20241,8182975
2000-06-20,A,41.02059,45.148685,40.685883,43.661083,13970314
2000-06-21,A,43.661083,47.566036,43.623894,46.859425,10784815
2000-06-22,A,47.454464,47.491657,44.256123,44.479263,8092393
2000-06-23,A,43.995792,46.115623,43.958603,44.628025,4760349.5
2000-06-26,A,44.628025,45.409016,44.070175,44.590836,4592294
2000-06-27,A,44.553642,45.706535,44.107365,44.888355,4933951.5
2000-06-28,A,46.859425,47.714794,46.264385,47.640415,11798024
2000-06-29,A,47.528847,47.566036,44.628025,45.148685,10409043
2000-06-30,A,45.632156,47.305706,43.884224,43.884224,9761859
2000-07-03,A,44.03298,44.144554,42.69414,43.847034,3841588.5
2000-07-05,A,42.917282,43.251995,41.429684,41.652824,6249996.5
2000-07-06,A,41.652824,41.91315,40.648693,41.05778,5050246
2000-07-07,A,41.652824,41.91315,39.71894,40.128033,7165901
2000-07-10,A,40.31398,41.801582,40.2396,40.611504,6438387
2000-07-11,A,40.46274,40.79745,39.347042,40.165222,5019828
2000-07-12,A,41.31811,42.024723,40.49993,40.76026,4557674.5
2000-07-13,A,41.05778,43.140423,40.909023,41.87596,7020364.5
2000-07-14,A,42.545383,46.561905,42.545383,45.743725,9118878
2000-07-17,A,45.743725,48.161076,45.371826,46.524715,7378827.5
2000-07-18,A,46.413147,46.413147,44.03298,45.520584,4399197.5
2000-07-19,A,45.223064,45.260254,43.289185,43.958603,4251981
2000-07-20,A,43.958603,45.409016,42.917282,43.437943,4064598.5
2000-07-21,A,30.644577,30.793337,27.520615,28.264416,43656200
2000-07-24,A,29.752016,29.863586,28.413176,29.082596,16760545
2000-07-25,A,29.194166,29.454496,27.148714,27.260284,10923798
2000-07-26,A,27.334665,27.743755,25.475164,25.884254,13619077
2000-07-27,A,26.330534,26.739624,24.024754,24.805744,11832980
2000-07-28,A,24.842934,24.917313,23.504093,24.582603,11296377
2000-07-31,A,24.433844,25.103264,23.875994,24.247892,9552798
2000-08-01,A,24.210703,24.508223,23.727232,23.838802,6956503.5
2000-08-02,A,23.875994,24.508223,23.504093,23.764423,8111719
2000-08-03,A,23.280952,23.913183,22.946243,23.727232,10321317
2000-08-04,A,24.099133,24.656982,23.578472,23.950373,6190505
2000-08-07,A,24.173513,24.545414,23.169382,23.652853,6652658.5
2000-08-08,A,23.615664,23.615664,22.723103,23.057812,6089839.5
2000-08-09,A,23.057812,23.727232,22.909052,23.392523,5625333
2000-08-10,A,23.243763,23.690042,23.020622,23.206573,3745292.5
2000-08-11,A,23.652853,24.285084,23.169382,24.061943,4121737.5
2000-08-14,A,24.991693,25.921444,24.694174,25.847063,6640222.5
2000-08-15,A,26.033014,26.330534,25.437973,25.437973,5356107.5
2000-08-16,A,25.437973,25.698303,24.842934,24.842934,3770837
2000-08-17,A,25.661114,28.115656,25.661114,27.669374,11456366
2000-08-18,A,34.36358,34.58672,32.76441,33.47102,21322588
2000-08-21,A,34.6611,35.7768,34.10325,35.62804,10263338
2000-08-22,A,35.92556,35.96275,35.14457,35.813988,5974721
2000-08-23,A,35.62804,35.96275,35.293327,35.92556,3916877.5
2000-08-24,A,35.92556,36.11151,35.18176,35.66523,3642274.2
2000-08-25,A,35.516468,35.73961,34.54953,34.698288,2937112
2000-08-28,A,34.698288,35.032997,34.06606,34.88424,4449446.5
2000-08-29,A,34.88424,38.08258,34.80986,37.67349,7215645.5
2000-08-30,A,37.67349,38.04539,36.22308,36.55779,3950488.5
2000-08-31,A,36.66936,36.96688,35.553658,35.88837,3556733.8
2000-09-01,A,36.11151,37.30159,35.7768,36.70655,3771005
2000-09-05,A,36.70655,37.19002,36.44622,36.78093,2450254
2000-09-06,A,36.70655,37.11564,35.59085,35.70242,2682339.2
2000-09-07,A,35.70242,36.96688,35.256138,36.81812,2545541.8
2000-09-08,A,36.03713,36.33465,35.18176,35.256138,2331942.8
2000-09-11,A,35.10738,35.10738,33.322258,33.47102,3577236.5
2000-09-12,A,33.21069,34.437958,32.76441,32.76441,3398593.2
2000-09-13,A,33.76854,33.76854,31.871847,32.652836,4235007
2000-09-14,A,33.099117,34.06606,33.061928,33.173496,4289625.5
2000-09-15,A,33.136307,34.995808,33.099117,33.99168,4528432.5
2000-09-18,A,33.99168,34.32639,31.239616,31.871847,5685329
2000-09-19,A,31.871847,32.13218,30.942097,31.909037,3837387
2000-09-20,A,31.871847,32.057796,30.793337,31.239616,2362697
2000-09-21,A,31.313997,31.313997,29.491686,29.752016,3507157.2
2000-09-22,A,28.599125,29.640446,28.487555,29.231356,4137870.8
2000-09-25,A,29.900776,30.904907,28.673506,28.747885,2870561.8
2000-09-26,A,28.859455,29.342926,26.851194,26.888384,3658743.8
2000-09-27,A,27.483425,27.818134,26.404915,27.371855,4708252.5
2000-09-28,A,27.409044,28.822266,27.409044,28.561935,5069572.5
2000-09-29,A,28.747885,29.566067,28.450365,29.119785,4419700.5
2000-10-02,A,29.231356,30.570196,29.231356,30.086727,3616225.5
2000-10-03,A,30.347057,33.02474,29.937965,31.611517,6679043
2000-10-04,A,31.462757,34.88424,31.239616,34.437958,6649297.5
2000-10-05,A,34.475147,34.475147,32.504078,32.801598,4807069
2000-10-06,A,33.21069,33.28507,30.458626,31.053667,3356075
2000-10-09,A,31.016478,31.016478,29.826397,30.161106,2598479.2
2000-10-10,A,30.718956,31.499947,28.785076,29.491686,3715042.2
2000-10-11,A,28.561935,28.747885,26.665245,27.260284,6644591.5
2000-10-12,A,27.855326,28.041275,25.772684,26.628054,5020836
2000-10-13,A,25.884254,26.814005,25.475164,26.404915,6101267
2000-10-16,A,26.702435,28.971025,26.516485,27.632185,4997476.5
2000-10-17,A,27.706566,27.743755,25.363594,25.772684,3465983.5
2000-10-18,A,24.136324,25.252024,23.355333,24.322273,6777356
2000-10-19,A,25.289213,26.739624,25.177643,26.033014,5529541
2000-10-20,A,26.033014,28.375986,25.995825,27.706566,5594242.5
2000-10-23,A,27.706566,30.867716,27.074335,30.384247,6051859
2000-10-24,A,30.384247,30.495817,28.264416,28.599125,4346932.5
2000-10-25,A,26.702435,26.962765,25.140453,25.363594,6333352.5
2000-10-26,A,25.363594,26.516485,24.991693,26.181774,7668220
2000-10-27,A,27.297474,28.115656,26.739624,27.223095,5442152
2000-10-30,A,26.665245,27.371855,26.033014,27.074335,3269190.2
2000-10-31,A,27.148714,28.338795,27.148714,27.557804,4703883
2000-11-01,A,27.371855,28.152845,27.111525,27.855326,4084933.2
2000-11-02,A,28.041275,28.971025,27.892515,28.636316,4126611
2000-11-03,A,28.338795,28.375986,27.260284,27.855326,2857117.2
2000-11-06,A,27.929705,27.929705,27.297474,27.594995,2844009
2000-11-07,A,27.148714,27.557804,27.111525,27.334665,2634443.2
2000-11-08,A,27.334665,28.115656,26.144585,26.404915,2868713.2
2000-11-09,A,26.553675,26.553675,24.731363,25.921444,4769256.5
2000-11-10,A,24.991693,25.437973,23.392523,23.466902,5962621
2000-11-13,A,23.318142,24.247892,22.648722,23.392523,7185395.5
2000-11-14,A,24.024754,25.623924,23.950373,25.363594,4752115
2000-11-15,A,25.437973,26.256155,25.140453,25.809874,2896946.5
2000-11-16,A,25.549543,25.995825,24.545414,24.768553,3334564
2000-11-17,A,26.181774,28.264416,26.070204,28.190035,9458351
2000-11-20,A,27.892515,27.929705,26.070204,26.553675,4977982
2000-11-21,A,28.933836,30.049536,27.557804,28.933836,12142202
2000-11-22,A,28.933836,29.156975,27.074335,28.561935,4409953.5
2000-11-24,A,29.082596,30.644577,28.971025,30.309866,2099521.5
2000-11-27,A,30.309866,30.904907,29.752016,30.049536,3600932.5
2000-11-28,A,30.049536,31.388376,30.012346,30.161106,4255678
2000-11-29,A,30.718956,32.13218,30.384247,32.057796,5271407.5
2000-11-30,A,31.537136,31.648706,30.123917,31.053667,5965646
2000-12-01,A,31.499947,32.541267,31.388376,31.537136,4362057.5
2000-12-04,A,30.979286,31.574327,30.049536,30.347057,3480268.2
2000-12-05,A,31.388376,33.136307,31.276808,32.76441,6578209.5
2000-12-06,A,32.875977,33.880108,30.942097,30.942097,5249560
2000-12-07,A,31.239616,32.652836,30.570196,32.13218,3678406.2
2000-12-08,A,33.5454,35.62804,33.396637,35.36771,5300985.5
2000-12-11,A,34.88424,35.293327,33.917297,34.36358,3824278.8
2000-12-12,A,34.735477,34.92143,33.917297,34.06606,2565540.5
2000-12-13,A,35.18176,35.33052,34.40077,34.62391,4923364
2000-12-14,A,34.6611,35.47928,34.54953,35.256138,5105032
2000-12-15,A,35.256138,35.516468,32.4297,33.84292,7273961
2000-12-18,A,33.84292,34.6611,33.50821,33.917297,4091319.5
2000-12-19,A,33.917297,35.62804,33.80573,33.954487,3941917.8
2000-12-20,A,32.504078,32.541267,30.086727,31.239616,5647180.5
2000-12-21,A,31.239616,32.03923,29.677635,30.570196,4836983
2000-12-22,A,30.421436,33.173496,30.384247,32.541267,3075926
2000-12-26,A,32.578457,32.838787,31.537136,31.834658,1898190.8
2000-12-27,A,31.871847,33.322258,31.871847,33.28507,4506081
2000-12-28,A,33.099117,33.5454,32.355316,32.913166,2119688.2
2000-12-29,A,32.95036,33.58259,31.909037,32.578457,2487898.8
2001-01-02,A,32.057796,32.057796,29.194166,30.272676,2718807.2
2001-01-03,A,29.231356,33.619778,28.301605,33.396637,5412742.5
2001-01-04,A,33.84292,35.516468,32.913166,34.6611,5287373
2001-01-05,A,34.06606,34.6611,31.834658,32.76441,3939397
2001-01-08,A,32.280937,33.173496,31.128046,31.685898,2732756
2001-01-09,A,31.834658,32.69003,30.830526,31.537136,2974252.2
2001-01-10,A,31.239616,33.061928,31.165237,32.913166,2892241
2001-01-11,A,33.24788,34.32639,31.946228,34.25201,4227949
2001-01-12,A,34.25201,34.512337,33.136307,33.396637,3064498.2
2001-01-16,A,33.47102,34.6611,32.913166,34.62391,3126678.8
2001-01-17,A,35.07019,37.59911,35.07019,36.85531,10077468
2001-01-18,A,36.85531,40.46274,35.92556,40.20241,8389011
2001-01-19,A,40.165222,40.165222,38.41729,39.012333,7435294.5
2001-01-22,A,39.049522,39.049522,36.5206,37.33878,3394223.8
2001-01-23,A,37.30159,38.08258,36.59498,37.33878,3687985.2
2001-01-24,A,37.48754,37.710682,34.512337,34.512337,6351838.5
2001-01-25,A,33.73135,34.140438,32.13218,32.875977,5150239
2001-01-26,A,32.318127,33.136307,31.351187,32.504078,4483730
2001-01-29,A,33.02474,33.619778,32.13218,32.38209,3667986.8
2001-01-30,A,32.69003,32.935482,32.4297,32.578457,2872410.5
2001-01-31,A,32.72722,33.173496,31.715649,32.45945,3072060.8
2001-02-01,A,31.775154,32.16193,31.090857,32.01317,4196018
2001-02-02,A,32.05482,32.57251,30.942097,31.061106,3631518.5
2001-02-05,A,31.894161,32.096474,28.561935,29.275984,4446589.5
2001-02-06,A,30.309866,31.239616,29.394993,30.329206,3898895.5
2001-02-07,A,29.990032,30.406559,29.246233,29.835321,2133132.8
2001-02-08,A,29.900776,32.57251,29.900776,32.257133,4963697
2001-02-09,A,32.26309,32.560608,30.953999,31.239616,2937616
2001-02-12,A,31.12061,31.531187,29.96028,30.41846,3623620
2001-02-13,A,30.347057,30.70408,28.18111,28.18706,5276953.5
2001-02-14,A,28.710695,29.156975,28.425076,28.561935,5171918.5
2001-02-15,A,29.573503,32.72722,29.508049,32.04292,4752619
2001-02-16,A,29.752016,30.049536,28.948713,29.752016,5990014
2001-02-20,A,29.275984,29.424744,25.586735,26.181774,7628390.5
2001-02-21,A,24.991693,25.140453,23.32558,23.920622,11256212
2001-02-22,A,23.771862,24.158636,22.909052,23.248224,8078276
2001-02-23,A,23.254177,23.426737,21.153683,22.790045,6501744.5
2001-02-26,A,22.427069,23.057812,22.195004,22.790045,4474486.5
2001-02-27,A,22.462772,23.599298,21.951036,22.700788,4383400.5
2001-02-28,A,22.849548,23.087564,21.302443,21.421452,4244922.5
2001-03-01,A,21.361948,23.206573,20.469387,22.795996,6119753.5
2001-03-02,A,21.68922,23.944424,21.683268,22.629383,4125770.8
2001-03-05,A,22.635334,23.343431,22.075994,22.641283,2443700
2001-03-06,A,23.266075,24.587067,23.266075,24.158636,4493141
2001-03-07,A,25.170206,25.21781,24.158636,24.37285,3289861
2001-03-08,A,24.378803,24.527563,23.563597,23.801613,3411869.8
2001-03-09,A,23.266075,23.486242,21.80823,22.046244,3390862.8
2001-03-12,A,21.421452,21.778475,20.826412,20.832361,4092159.8
2001-03-13,A,21.183435,21.945087,20.915668,21.766577,3185162.2
2001-03-14,A,20.94542,21.83203,20.790709,21.004923,4430120
2001-03-15,A,21.123932,21.760624,20.546741,20.737154,3464807.2
2001-03-16,A,20.469387,21.272692,20.20757,20.67765,4983864
2001-03-19,A,20.588394,22.343763,19.999306,22.010542,2891736.8
2001-03-20,A,21.570211,21.570211,20.409883,20.409883,5076799
2001-03-21,A,19.648232,20.076662,17.613194,18.803274,10431562
2001-03-22,A,18.981787,20.81451,18.946083,20.707403,5535927.5
2001-03-23,A,20.707403,23.504093,20.701454,22.510376,6101435.5
2001-03-26,A,22.087896,22.397318,21.504757,22.058144,3506485
2001-03-27,A,22.01649,22.034342,21.266743,21.97484,3239444.2
2001-03-28,A,20.885914,20.957321,19.33881,19.457819,5119821
2001-03-29,A,19.04129,19.743439,17.85121,17.85121,10509540
2001-03-30,A,18.208235,18.940134,17.970219,18.28559,6468637.5
2001-04-02,A,19.19005,19.380463,18.029722,18.356995,4222403
2001-04-03,A,17.910713,18.14873,16.661129,17.55369,6110510.5
2001-04-04,A,17.083607,17.494184,16.51832,16.714684,3449514.2
2001-04-05,A,17.107409,18.565258,17.083607,18.220135,4072833.2
2001-04-06,A,15.471048,16.601625,14.876008,16.54212,8853518
2001-04-09,A,16.37551,16.81584,16.08394,16.423113,3479092
2001-04-10,A,16.780138,18.13683,16.577824,17.761953,3577068.5
2001-04-11,A,18.59501,19.398314,18.44625,18.850878,4004266.5
2001-04-12,A,18.44625,20.52889,17.85716,20.20757,4012669.2
2001-04-16,A,19.755339,19.963602,19.231703,19.826744,2613268.2
2001-04-17,A,19.19005,20.21352,18.90443,19.832695,2168088.2
2001-04-18,A,20.52889,23.135168,20.35038,22.605583,6002618.5
2001-04-19,A,22.248558,24.099133,22.248558,23.200623,4671784
2001-04-20,A,23.194672,24.396652,22.915,24.039629,4288281
2001-04-23,A,23.504093,23.801613,22.742441,23.801613,3450018.2
2001-04-24,A,23.14707,23.355333,21.718971,22.147402,3248519.2
2001-04-25,A,22.01649,23.206573,21.736822,23.105417,2803675.5
2001-04-26,A,22.760292,24.378803,22.611532,22.617481,3571522.8
2001-04-27,A,23.44459,23.920622,22.760292,23.081615,2082884
2001-04-30,A,23.44459,23.950373,23.111366,23.212523,2031627
2001-05-01,A,22.552029,23.47434,22.337814,23.32558,2575455.8
2001-05-02,A,23.74211,24.069382,23.33153,23.635002,2165231.5
2001-05-03,A,23.355333,23.355333,22.540129,22.879301,1997511.8
2001-05-04,A,22.730541,23.266075,22.075994,22.831696,3002317.5
2001-05-07,A,22.373516,23.260126,22.254509,23.051863,2484369.5
2001-05-08,A,23.14707,23.563597,22.510376,22.861448,1924911.6
2001-05-09,A,22.552029,23.76591,22.314013,23.206573,3026181.5
2001-05-10,A,23.801613,24.503761,23.242275,23.33153,2967025.8
2001-05-11,A,23.385084,24.027729,23.385084,23.61715,2476134.8
2001-05-14,A,23.694506,23.700457,22.623434,23.057812,2100193.8
2001-05-15,A,22.522276,23.135168,22.01649,22.28426,2845689.5
2001-05-16,A,21.69517,22.909052,21.123932,22.909052,3845621.8
2001-05-17,A,22.611532,23.504093,22.325912,23.039963,3600428.2
2001-05-18,A,22.611532,23.17682,21.242939,21.421452,11192687
2001-05-21,A,21.421452,22.790045,21.242939,22.611532,7588897.5
2001-05-22,A,23.057812,23.682604,22.510376,23.355333,4225092
2001-05-23,A,22.819796,22.873348,22.314013,22.56988,4187951.5
2001-05-24,A,22.56988,22.671036,21.599964,21.599964,3303809.8
2001-05-25,A,21.897484,22.909052,21.897484,22.427069,2473445.8
2001-05-29,A,22.403269,22.403269,21.147734,21.3917,2672760
2001-05-30,A,20.290874,20.707403,19.46972,19.558975,4264417
2001-05-31,A,19.63633,20.23137,19.19005,19.957653,5557102.5
2001-06-01,A,20.52889,20.67765,19.136497,20.21352,2872578.5
2001-06-04,A,20.23137,20.344427,19.814842,19.933851,2653601.8
2001-06-05,A,19.933851,20.439634,19.933851,20.290874,3953513.5
2001-06-06,A,20.290874,20.766909,19.945751,20.392033,2412777.8
2001-06-07,A,19.933851,21.68922,19.933851,21.326244,3521274
2001-06-08,A,20.969221,21.242939,20.737154,20.832361,1581573.5
2001-06-11,A,20.469387,20.826412,19.731537,20.094511,3832849.5
2001-06-12,A,19.648232,20.023108,19.100794,19.814842,3456908.5
2001-06-13,A,19.933851,20.189718,19.422115,19.422115,1909786.5
2001-06-14,A,19.130547,19.136497,18.059473,18.505754,4005611
2001-06-15,A,17.863111,18.422447,17.256168,18.124928,4810766.5
2001-06-18,A,18.029722,18.487902,17.422781,17.85121,2996435.5
2001-06-19,A,18.14873,18.255836,17.256168,17.446583,3962588.5
2001-06-20,A,17.446583,17.494184,16.21485,16.911045,5561135.5
2001-06-21,A,17.107409,17.642946,16.851542,17.601294,3751342.5
2001-06-22,A,17.256168,18.065424,17.11336,17.494184,4131316.8
2001-06-25,A,17.523937,17.821459,17.375177,17.642946,2784013
2001-06-26,A,17.43468,17.821459,16.946749,17.375177,4216521
2001-06-27,A,16.928898,18.14873,16.928898,17.761953,4064094.2
2001-06-28,A,17.85121,18.981787,17.85121,18.856829,5062178
2001-06-29,A,18.74377,20.290874,18.327242,19.33881,6753156
2001-07-02,A,19.33881,19.933851,19.053192,19.689884,2587387.8
2001-07-03,A,19.755339,19.755339,19.231703,19.350712,1128663
2001-07-05,A,19.344759,19.600628,18.773521,19.142447,2494620.8
2001-07-06,A,18.981787,18.981787,17.339474,17.940466,2675785
2001-07-09,A,17.940466,18.237986,17.619144,17.797655,1668458.4
2001-07-10,A,17.797655,18.089226,16.708733,16.839642,4073337.5
2001-07-11,A,16.869392,17.107409,15.590056,15.988734,5213260
2001-07-12,A,16.958649,18.74377,16.839642,18.29154,4146441.8
2001-07-13,A,18.29749,19.094845,17.744102,18.029722,3344311.2
2001-07-16,A,17.940466,18.232035,16.958649,17.196665,2680490.5
2001-07-17,A,16.809889,17.815508,16.66708,17.55369,3524803.2
2001-07-18,A,16.720633,17.39898,16.720633,16.952698,1756519.6
2001-07-19,A,17.041954,18.14873,17.041954,17.232367,2262703.8
2001-07-20,A,17.083607,17.482285,16.601625,17.196665,2471093
2001-07-23,A,17.25022,17.464434,16.39336,16.488567,2486554.2
2001-07-24,A,16.423113,16.631378,16.06609,16.333857,2979798
2001-07-25,A,16.304104,16.565922,16.018486,16.565922,2756451.8
2001-07-26,A,16.661129,17.58344,16.452866,17.381126,3059792.8
2001-07-27,A,17.345425,17.964268,17.143112,17.910713,2222874.5
2001-07-30,A,17.285921,17.821459,17.285921,17.506086,2174642.5
2001-07-31,A,17.285921,18.029722,16.916996,17.024103,2576464
2001-08-01,A,17.55369,18.975836,17.387077,18.89253,4224924
2001-08-02,A,18.74377,19.457819,18.535505,18.89253,3097773.2
2001-08-03,A,18.565258,19.249554,18.517654,18.624762,1704926.5
2001-08-06,A,18.630713,18.731869,18.15468,18.339142,2052970.1
2001-08-07,A,18.339142,18.922281,18.14873,18.464102,1776854.4
2001-08-08,A,17.672697,18.208235,17.208567,17.226418,3719075.8
2001-08-09,A,17.226418,17.226418,16.67303,17.041954,1943061.6
2001-08-10,A,17.047905,17.137161,16.36956,17.012203,2877284
2001-08-13,A,17.256168,17.464434,16.780138,17.208567,1447296.9
2001-08-14,A,17.256168,17.672697,17.256168,17.577492,2622847.5
2001-08-15,A,17.196665,17.363277,16.339808,16.571873,1946254.6
2001-08-16,A,16.21485,16.51237,15.828073,16.36361,3020971.8
2001-08-17,A,16.2446,16.2446,15.5781555,15.738817,2590412.8
2001-08-20,A,15.530553,15.685264,15.048571,15.524602,2690406
2001-08-21,A,14.995016,16.06609,14.459479,15.738817,9159043
2001-08-22,A,15.976832,16.060139,15.471048,15.697164,3046516.2
2001-08-23,A,15.697164,15.941131,15.405594,15.572206,4372981
2001-08-24,A,15.768568,16.69088,15.64956,16.536171,2354462.2
2001-08-27,A,16.67898,16.68493,16.09584,16.161295,1651484.8
2001-08-28,A,16.185097,16.54212,15.923279,16.36361,2260519
2001-08-29,A,16.304104,16.423113,16.131544,16.155344,2325724.8
2001-08-30,A,16.006584,16.39336,15.417495,15.5008,2393955.5
2001-08-31,A,15.411544,15.917329,15.381792,15.768568,1734168.2
2001-09-04,A,15.679313,16.036337,15.233032,15.369891,2246066.2
2001-09-05,A,15.084272,15.34014,14.4356785,14.637992,4951597
2001-09-06,A,14.489232,14.608239,13.804935,14.280968,4729931.5
2001-09-07,A,13.804935,14.429728,13.751382,13.894192,2829556.2
2001-09-10,A,13.388407,13.793035,13.305102,13.715679,3301457
2001-09-17,A,12.585103,13.376506,12.495847,12.942127,4268618.5
2001-09-18,A,12.793367,13.328903,12.495847,12.930226,2563019.5
2001-09-19,A,12.811218,13.685927,11.966261,13.537168,4918658.5
2001-09-20,A,13.090887,13.096838,12.222129,12.38874,3510182.2
2001-09-21,A,10.710726,12.168575,10.710726,11.990063,4902357
2001-09-24,A,12.198326,12.9064245,12.0198145,12.495847,3341454.2
2001-09-25,A,12.614855,12.614855,11.008245,11.769898,4142744.5
2001-09-26,A,11.871055,12.0198145,11.008245,11.484278,3814363.2
2001-09-27,A,11.341468,11.448576,10.960643,11.448576,3037777.2
2001-09-28,A,11.543782,11.853203,11.305766,11.633038,3665466
2001-10-01,A,11.395022,11.585435,11.139154,11.222461,2356983.2
2001-10-02,A,11.305766,11.960311,11.305766,11.942459,4075354
2001-10-03,A,11.81155,12.781466,11.633038,12.644607,4925548.5
2001-10-04,A,12.614855,13.239647,12.5315485,12.912375,4394324
2001-10-05,A,12.793367,12.823118,12.138823,12.555351,3272215.2
2001-10-08,A,12.436342,13.090887,12.257831,12.745764,2488066.8
2001-10-09,A,12.745764,12.775516,12.168575,12.364939,2189767.5
2001-10-10,A,12.228078,13.078986,12.198326,13.055185,2455463.8
2001-10-11,A,13.1682415,14.495183,13.1682415,14.352373,4842529
2001-10-12,A,13.87634,14.132208,13.626423,13.900143,4441547.5
2001-10-15,A,13.935844,14.042952,13.317002,13.822786,3052398.2
2001-10-16,A,13.685927,14.275017,13.685927,14.16791,1997679.8
2001-10-17,A,14.578487,14.75105,13.745432,14.0548525,3356075
2001-10-18,A,13.596671,13.864439,13.406259,13.507416,1672155.6
2001-10-19,A,13.453862,13.983448,13.364605,13.900143,1906425.4
2001-10-22,A,13.507416,14.126257,13.447911,14.0489025,1732991.8
2001-10-23,A,14.0489025,14.667744,14.042952,14.191711,2286735.8
2001-10-24,A,14.120307,14.429728,13.834687,14.411876,1968606.1
2001-10-25,A,13.983448,14.358322,13.269399,14.358322,2897786.8
2001-10-26,A,14.221463,14.626091,14.197662,14.483281,2313792.8
2001-10-29,A,14.197662,14.203613,13.424109,13.644275,2076161.9
2001-10-30,A,13.566919,13.685927,13.120639,13.209895,2312112.2
2001-10-31,A,13.328903,13.804935,13.180143,13.251548,2072800.8
2001-11-01,A,13.1622925,13.685927,13.126589,13.626423,1855000.4
2001-11-02,A,13.775184,13.953696,13.572869,13.864439,1588799.9
2001-11-05,A,13.953696,14.757,13.953696,14.5665865,3291037.5
2001-11-06,A,14.715347,15.167578,14.370224,15.167578,2769728.2
2001-11-07,A,14.870057,15.036669,14.60229,14.697496,1884914.2
2001-11-08,A,14.637992,15.316338,14.608239,14.727248,3233730.5
2001-11-09,A,14.518984,14.840306,14.459479,14.757,1575019.4
2001-11-12,A,14.495183,14.757,14.0489025,14.661793,2530248.8
2001-11-13,A,14.399976,14.876008,14.388075,14.846256,3574211.5
2001-11-14,A,14.9414625,15.292537,14.881959,15.060471,2942825.8
2001-11-15,A,14.876008,15.108073,14.405926,14.89386,3212387.2
2001-11-16,A,14.221463,14.429728,13.447911,14.358322,13885109
2001-11-19,A,14.280968,14.727248,14.013199,14.524934,15623815
2001-11-20,A,14.429728,14.4356785,14.042952,14.15006,16324944
2001-11-21,A,14.203613,14.518984,14.090555,14.477331,10264514
2001-11-23,A,14.507083,14.935513,14.441628,14.935513,3024164.8
2001-11-26,A,14.959313,15.64956,14.89981,15.619808,8269355.5
2001-11-27,A,15.590056,16.417162,15.530553,16.06609,9996970
2001-11-28,A,15.768568,16.21485,15.619808,16.036337,7208083
2001-11-29,A,15.917329,16.274353,15.50675,16.167246,5498451
2001-11-30,A,16.36361,16.36361,16.054188,16.22675,5653566.5
2001-12-03,A,16.185097,16.482616,16.006584,16.36956,4026786
2001-12-04,A,16.482616,16.750385,16.202948,16.750385,4104427.8
2001-12-05,A,16.809889,17.809557,16.708733,17.809557,8164993
2001-12-06,A,17.821459,17.845259,17.43468,17.7084,3743611.8
2001-12-07,A,17.672697,18.368895,17.500135,17.940466,6984568.5
2001-12-10,A,17.821459,18.29749,17.375177,17.821459,4396340.5
2001-12-11,A,17.821459,17.976168,17.41088,17.428732,3770332.8
2001-12-12,A,17.523937,18.356995,17.506086,18.273687,6298228.5
2001-12-13,A,17.672697,17.71435,16.9646,16.97055,4123418
2001-12-14,A,16.69088,17.25022,16.66708,17.155012,3660760.2
2001-12-17,A,16.946749,17.535837,16.839642,17.202616,5848007
2001-12-18,A,17.238317,17.506086,16.899145,17.149061,3621603.2
2001-12-19,A,16.69088,17.309723,16.661129,16.988401,3026853.8
2001-12-20,A,16.750385,16.81584,16.316006,16.482616,4787070.5
2001-12-21,A,16.411213,16.839642,16.411213,16.631378,4486923
2001-12-24,A,16.946749,17.018154,16.720633,16.9646,1498049.8
2001-12-26,A,17.077658,17.184765,16.720633,16.720633,2965681.5
2001-12-27,A,16.66708,17.238317,16.66708,17.160963,2295978.8
2001-12-28,A,17.256168,17.375177,16.988401,17.226418,1923903.2
2001-12-31,A,17.077658,17.315674,16.928898,16.9646,2578144.5
2002-01-02,A,16.9646,17.458483,16.934847,17.40493,3628829.8
2002-01-03,A,17.547739,18.565258,17.506086,18.505754,5479628.5
2002-01-04,A,18.981787,19.600628,18.833027,19.50542,8601434
2002-01-07,A,19.445917,19.570875,19.1603,19.428068,6401583
2002-01-08,A,19.428068,19.570875,19.19005,19.48757,4193665.5
2002-01-09,A,19.46972,19.814842,18.856829,19.02344,3557406
2002-01-10,A,19.02344,19.02344,18.624762,18.874678,2080699.4
2002-01-11,A,18.874678,18.981787,18.273687,18.470053,2380006.8
2002-01-14,A,18.14873,18.220135,17.892862,18.101126,3747309
2002-01-15,A,18.101126,18.535505,17.958317,18.118979,3125838.5
2002-01-16,A,17.7322,17.7322,17.047905,17.172865,4300381
2002-01-17,A,17.196665,17.547739,17.030054,17.476336,2396476.2
2002-01-18,A,17.149061,17.238317,16.803938,16.946749,3276080.5
2002-01-22,A,16.899145,16.958649,16.09584,16.161295,2611419.8
2002-01-23,A,16.018486,17.10146,16.018486,16.661129,3701093.8
2002-01-24,A,16.952698,17.40493,16.839642,17.131212,1747612.6
2002-01-25,A,17.137161,17.43468,16.869392,17.291872,2849050.8
2002-01-28,A,17.26807,17.7322,17.172865,17.631044,3469008.5
2002-01-29,A,17.494184,17.910713,17.256168,17.40493,2642342
2002-01-30,A,17.11931,17.55369,16.750385,17.517988,3171717.8
2002-01-31,A,17.43468,18.077324,17.351376,18.059473,3313893
2002-02-01,A,17.910713,17.982119,17.357327,17.619144,1846429.5
2002-02-04,A,17.315674,17.672697,16.851542,17.006252,1865755.9
2002-02-05,A,16.857492,17.196665,16.060139,16.161295,4731780
2002-02-06,A,16.304104,16.39336,15.726916,16.054188,4463227
2002-02-07,A,16.196997,16.208899,15.631709,15.703114,3140459.5
2002-02-08,A,15.7090645,15.863775,14.774851,15.459147,5204017
2002-02-11,A,15.173529,16.006584,15.173529,15.911378,3447833.5
2002-02-12,A,15.762618,16.024437,15.441297,15.566255,3955194.2
2002-02-13,A,15.715014,16.09584,15.715014,15.982783,3538583.8
2002-02-14,A,16.006584,16.2446,15.744766,16.2446,3731343.8
2002-02-15,A,16.446915,16.464766,16.185097,16.36361,3545306
2002-02-19,A,15.947081,15.994683,15.471048,15.5008,2822161.8
2002-02-20,A,16.661129,17.7322,16.661129,17.172865,8444806
2002-02-21,A,17.285921,17.613194,16.720633,16.756336,4060061
2002-02-22,A,16.780138,17.047905,16.54807,16.81584,2469748.5
2002-02-25,A,16.958649,17.613194,16.928898,17.256168,2252452.5
2002-02-26,A,17.256168,17.785755,17.190714,17.678648,3313220.8
2002-02-27,A,17.839308,19.005589,17.761953,18.232035,7698302
2002-02-28,A,19.04129,19.094845,18.476002,18.535505,4623888.5
2002-03-01,A,18.714018,19.814842,18.684265,19.63038,7533439
2002-03-04,A,19.666082,20.915668,19.517323,20.802608,6995156
2002-03-05,A,20.67765,21.361948,20.409883,20.766909,5784146
2002-03-06,A,20.707403,20.975172,20.35038,20.481287,4922691.5
2002-03-07,A,20.826412,20.94542,20.53484,20.707403,3059456.5
2002-03-08,A,20.856163,21.635666,20.838312,21.475006,6126980
2002-03-11,A,21.475006,22.010542,21.469055,21.54641,5374425.5
2002-03-12,A,20.94542,21.516659,20.915668,21.4274,4988401.5
2002-03-13,A,21.302443,21.332195,21.040627,21.236988,8397414
2002-03-14,A,21.242939,21.3917,21.064428,21.219137,4272147.5
2002-03-15,A,21.367897,22.314013,21.272692,22.200954,5491056.5
2002-03-18,A,22.200954,22.611532,21.867731,22.052195,6532162.5
2002-03-19,A,22.052195,22.248558,21.55236,21.778475,3690338.2
2002-03-20,A,21.421452,21.599964,20.409883,20.445585,6576529
2002-03-21,A,20.469387,21.076326,20.403933,21.016825,3467496
2002-03-22,A,20.885914,21.052526,20.290874,20.451534,2787374.2
2002-03-25,A,20.493187,20.731205,19.814842,19.868397,2966017.5
2002-03-26,A,19.993355,20.469387,19.796991,19.945751,4488939.5
2002-03-27,A,20.171867,20.278975,19.660133,19.785091,6464940
2002-03-28,A,20.20162,21.040627,20.052858,20.802608,4506417.5
2002-04-01,A,20.78476,21.897484,20.6479,21.736822,4338865.5
2002-04-02,A,21.659468,21.70112,21.040627,21.242939,8239441.5
2002-04-03,A,21.718971,21.98674,20.594345,20.856163,5062514
2002-04-04,A,20.957321,21.08228,20.225422,20.314676,3594714.5
2002-04-05,A,20.38013,20.671701,20.052858,20.165916,1761729.4
2002-04-08,A,19.785091,20.606247,19.576828,20.35038,3376073.8
2002-04-09,A,20.278975,20.487238,19.380463,19.517323,3528332.2
2002-04-10,A,19.63633,19.880297,19.523273,19.743439,6251005
2002-04-11,A,19.457819,19.576828,19.04129,19.130547,5707008
2002-04-12,A,19.1722,19.428068,18.975836,19.249554,3829152.2
2002-04-15,A,19.249554,19.517323,19.01154,19.303106,2894593.8
2002-04-16,A,19.606579,20.23137,19.523273,20.171867,11247473
2002-04-17,A,20.38013,20.838312,20.20162,20.808561,5187715.5
2002-04-18,A,20.618149,20.67765,19.945751,20.588394,4602209
2002-04-19,A,20.826412,20.987072,20.719303,20.826412,4467596.5
2002-04-22,A,20.564594,20.618149,19.749388,20.082611,3491360
2002-04-23,A,20.082611,20.409883,19.213852,19.225754,9831267
2002-04-24,A,19.368563,19.511374,18.511705,18.523605,4858326
2002-04-25,A,18.386745,18.577158,17.821459,18.416498,4134005.5
2002-04-26,A,18.44625,18.565258,17.7322,17.827408,2951060.5
2002-04-29,A,17.70245,18.13683,17.488235,17.642946,4834126
2002-04-30,A,17.761953,18.178482,17.547739,17.88096,3264820.8
2002-05-01,A,17.85121,18.356995,17.256168,18.113028,4144593
2002-05-02,A,17.970219,17.976168,17.256168,17.315674,4761190
2002-05-03,A,17.256168,17.303772,16.869392,16.9646,4211479.5
2002-05-06,A,16.827742,17.363277,16.565922,16.571873,2989713.2
2002-05-07,A,16.899145,16.958649,16.51832,16.54807,4269122.5
2002-05-08,A,17.137161,18.208235,17.107409,17.875011,4004266.5
2002-05-09,A,17.70245,17.898813,17.053856,17.10146,6008836.5
2002-05-10,A,17.107409,17.220467,16.316006,16.631378,4516837
2002-05-13,A,16.631378,17.232367,16.482616,16.934847,2734436.5
2002-05-14,A,18.029722,18.59501,17.7322,18.476002,5167549
2002-05-15,A,17.85121,18.237986,17.684597,17.70245,4093840.2
2002-05-16,A,17.70245,17.7322,17.40493,17.613194,4049305.5
2002-05-17,A,17.672697,17.875011,16.958649,17.85716,6195378.5
2002-05-20,A,17.613194,17.696499,17.381126,17.494184,3112226
2002-05-21,A,17.55964,17.845259,16.82179,16.98245,3005174.5
2002-05-22,A,16.98245,17.226418,16.488567,16.726583,4491460.5
2002-05-23,A,16.726583,16.839642,16.286255,16.559973,3574883.8
2002-05-24,A,16.559973,16.631378,16.155344,16.2446,3173734.5
2002-05-28,A,16.274353,16.595675,16.012535,16.149393,2232453.8
2002-05-29,A,16.024437,16.125593,15.887577,15.887577,2060700.8
2002-05-30,A,15.828073,15.887577,15.143777,15.548403,4974621
2002-05-31,A,15.548403,15.9589815,15.471048,15.691214,3593538
2002-06-03,A,15.762618,15.79832,15.030719,15.19138,2240520.5
2002-06-04,A,15.19138,15.316338,14.852206,15.167578,3376241.8
2002-06-05,A,15.084272,15.19733,14.578487,14.935513,3490687.8
2002-06-06,A,14.608239,15.399643,14.429728,14.655843,2658643.2
2002-06-07,A,14.138158,14.364273,13.995349,14.102456,4029643
2002-06-10,A,14.102456,15.012867,13.87634,14.715347,4395164.5
2002-06-11,A,14.733198,15.471048,14.733198,15.030719,8389516
2002-06-12,A,15.030719,15.292537,14.399976,14.679645,4089302.8
2002-06-13,A,14.757,14.804603,14.227414,14.280968,4765559.5
2002-06-14,A,13.834687,14.233364,13.685927,13.983448,3630006
2002-06-17,A,14.251216,15.21518,14.191711,15.000966,5238804.5
2002-06-18,A,15.05452,15.453197,14.7451,15.036669,4066615.2
2002-06-19,A,14.709396,14.864107,14.191711,14.459479,4760686
2002-06-20,A,14.399976,14.727248,14.15601,14.280968,4622376
2002-06-21,A,14.280968,14.394026,14.001299,14.257166,5040162.5
2002-06-24,A,14.280968,14.721297,14.001299,14.376174,5235779.5
2002-06-25,A,14.697496,14.810554,13.995349,14.013199,3296919.5
2002-06-26,A,13.691878,13.9239435,13.328903,13.804935,3950152.5
2002-06-27,A,13.828737,14.578487,13.804935,14.417827,2379502.5
2002-06-28,A,14.269067,14.548737,14.013199,14.072703,3892341.2
2002-07-01,A,13.953696,14.227414,13.57882,13.763282,3151047
2002-07-02,A,13.596671,13.769233,12.799317,13.061135,4879501.5
2002-07-03,A,12.942127,13.739481,12.805268,13.685927,5678438.5
2002-07-05,A,13.685927,14.429728,13.656176,14.251216,2942993.8
2002-07-08,A,14.280968,14.316669,13.424109,13.685927,4571119
2002-07-09,A,13.626423,14.132208,13.388407,13.477663,3219109.5
2002-07-10,A,13.715679,13.864439,13.13254,13.144441,2917113.2
2002-07-11,A,13.090887,14.275017,12.852871,14.013199,4548431.5
2002-07-12,A,14.132208,14.459479,13.757333,14.203613,5322664.5
2002-07-15,A,13.995349,14.191711,13.2932005,14.0251,3448001.8
2002-07-16,A,13.602622,14.5606365,13.507416,13.85849,4589101
2002-07-17,A,14.00725,14.340472,13.108739,13.519316,4320883.5
2002-07-18,A,13.507416,13.775184,12.876672,12.930226,3706303.5
2002-07-19,A,12.781466,12.918324,12.126922,12.347087,5577101
2002-07-22,A,12.168575,12.436342,11.722295,11.8948555,5451059
2002-07-23,A,11.930558,12.150723,11.561634,11.746096,4953109.5
2002-07-24,A,11.603287,11.65684,10.752378,11.270064,7602846
2002-07-25,A,11.097502,11.180808,9.520645,9.990727,7583183.5
2002-07-26,A,10.145437,10.46676,10.062132,10.300148,4184086.2
2002-07-29,A,10.442957,10.901138,10.442957,10.901138,3608495
2002-07-30,A,10.901138,11.234361,10.47271,11.026097,5709697
2002-07-31,A,11.097502,11.246262,10.6214695,11.234361,2751746.2
2002-08-01,A,11.020147,11.234361,10.47271,10.567916,4669431.5
2002-08-02,A,10.294197,10.377503,9.669405,10.020479,3159954
2002-08-05,A,10.115685,10.145437,9.181473,9.330233,2297155.2
2002-08-06,A,9.478992,9.966926,9.478992,9.681306,2387401.2
2002-08-07,A,10.103785,10.163289,9.490893,10.038331,2699144.8
2002-08-08,A,10.115685,10.294197,9.496843,10.234694,3553876.8
2002-08-09,A,9.89552,10.139487,9.74676,9.949074,2709564.2
2002-08-12,A,9.699157,9.925273,9.520645,9.794363,1896006
2002-08-13,A,9.794363,9.949074,9.437339,9.455191,3875535.8
2002-08-14,A,9.383786,9.544447,8.961308,9.544447,4209294.5
2002-08-15,A,9.7289095,9.770562,9.461141,9.538497,4006619.2
2002-08-16,A,9.514694,9.966926,9.229075,9.496843,5751543
2002-08-19,A,9.437339,10.502461,9.401637,10.377503,5043355.5
2002-08-20,A,9.669405,10.353702,9.371885,9.639653,12903831
2002-08-21,A,9.7289095,10.264445,9.556347,10.145437,4410457.5
2002-08-22,A,10.091884,10.234694,9.824116,10.127586,4134509.8
2002-08-23,A,10.03238,10.038331,9.532546,9.532546,3060128.8
2002-08-26,A,9.532546,9.75271,9.532546,9.639653,2682339.2
2002-08-27,A,9.645603,9.699157,8.925605,9.110067,5581302.5
2002-08-28,A,9.032712,9.080316,8.812548,8.836349,5543658
2002-08-29,A,8.538829,8.651886,8.449573,8.449573,10005036
2002-08-30,A,8.27106,8.277011,7.9318876,7.9913917,6513340
2002-09-03,A,7.9318876,7.937838,7.592715,7.6462684,8430857
2002-09-04,A,7.759326,8.1223,7.735524,8.033045,5576597
2002-09-05,A,7.9140363,8.169904,7.795028,8.163954,8497071
2002-09-06,A,8.360316,8.538829,8.26511,8.419821,6394020.5
2002-09-09,A,8.396019,8.806597,7.884284,8.764944,6350830
2002-09-10,A,8.824448,9.282629,8.69949,9.086266,5809690.5
2002-09-11,A,9.568249,9.568249,9.104117,9.181473,3542449
2002-09-12,A,9.181473,9.478992,9.062464,9.086266,5322496.5
2002-09-13,A,9.068415,9.205274,8.687589,8.913704,4013677.5
2002-09-16,A,8.8661,9.038662,8.520977,8.681639,3242301.2
2002-09-17,A,8.8661,8.955357,8.687589,8.782795,3768988.2
2002-09-18,A,8.747092,8.806597,8.485275,8.776845,6799875.5
2002-09-19,A,8.687589,8.687589,8.3305645,8.372217,4152323.8
2002-09-20,A,8.401969,8.515027,8.181805,8.312714,4935968
2002-09-23,A,8.27106,8.300813,7.8783336,7.9437885,4717999.5
2002-09-24,A,7.884284,8.152052,7.7890778,7.8545322,5282499
2002-09-25,A,7.9735403,8.515027,7.9259367,8.372217,3530853.2
2002-09-26,A,8.401969,8.509077,8.021143,8.199656,5004703
2002-09-27,A,8.140152,8.336515,7.7890778,7.7890778,4096865.2
2002-09-30,A,7.6462684,8.003292,7.348748,7.771227,4473142
2002-10-01,A,7.884284,7.884284,7.4677563,7.7652764,5169733.5
2002-10-02,A,7.759326,8.009243,7.438004,7.438004,3384812.8
2002-10-03,A,7.438004,7.5451117,7.277343,7.318996,3943094.2
2002-10-04,A,7.3308964,7.3785,6.991724,7.021476,3819069
2002-10-07,A,7.0274262,7.438004,6.8548646,6.8548646,4290801.5
2002-10-08,A,6.9143686,7.3785,6.8965173,7.277343,5888340.5
2002-10-09,A,7.140484,7.211889,6.4859395,6.4859395,5520466
2002-10-10,A,6.5156913,6.622799,6.4264355,6.4561877,8156422
2002-10-11,A,6.5156913,6.7001543,6.3669314,6.4859395,6344612
2002-10-14,A,6.3669314,6.652551,6.2479234,6.551394,3897046.8
2002-10-15,A,6.759658,7.140484,6.5573444,7.0631285,4171146
2002-10-16,A,6.9024677,7.021476,6.5930467,6.6942034,4815472
2002-10-17,A,7.1107316,7.199988,7.021476,7.199988,4435666
2002-10-18,A,7.1761866,7.2475915,6.7239556,7.199988,5569034.5
2002-10-21,A,7.08098,7.497508,6.8965173,7.455855,4099218
2002-10-22,A,7.1523848,7.3785,7.1107316,7.318996,4165264
2002-10-23,A,7.259492,7.408252,6.9619718,7.140484,6522583
2002-10-24,A,7.2951946,8.062797,7.259492,7.7652764,5193765.5
2002-10-25,A,7.7176733,7.795028,7.4737067,7.6998215,3556397.8
2002-10-28,A,7.82478,8.294862,7.82478,8.044946,3239780.5
2002-10-29,A,7.8545322,8.033045,7.348748,7.568913,3980738.8
2002-10-30,A,7.568913,8.300813,7.5510616,8.253209,4359704.5
2002-10-31,A,8.318664,8.461473,8.068747,8.181805,5173263
2002-11-01,A,8.128251,8.7113905,7.8545322,8.675688,3594378.2
2002-11-04,A,8.776845,9.312381,8.747092,8.943456,4966722
2002-11-05,A,8.925605,9.110067,8.741142,8.9672575,2681331
2002-11-06,A,8.937506,9.104117,8.669737,8.901803,2648055.8
2002-11-07,A,8.770894,8.776845,8.336515,8.455523,2850563.2
2002-11-08,A,8.3305645,8.598332,8.199656,8.360316,2997444
2002-11-11,A,8.199656,8.324614,8.033045,8.056846,1976840.9
2002-11-12,A,8.056846,8.419821,8.056846,8.211556,2583186.2
2002-11-13,A,8.033045,8.205606,7.848582,7.9735403,3651685.2
2002-11-14,A,7.9735403,8.336515,7.8545322,8.318664,2823002
2002-11-15,A,8.187755,8.592382,8.092548,8.211556,3954858
2002-11-18,A,8.152052,8.378168,8.044946,8.092548,3603117.2
2002-11-19,A,8.776845,10.157338,8.747092,9.877669,22254962
2002-11-20,A,9.871719,10.234694,9.526596,10.121636,7954419
2002-11-21,A,10.407255,10.865437,10.347751,10.853536,9461544
2002-11-22,A,10.859486,11.157006,10.710726,10.859486,5679951
2002-11-25,A,10.77023,11.66279,10.692874,11.621138,6426959.5
2002-11-26,A,11.680641,11.680641,11.115354,11.162956,4932439
2002-11-27,A,11.276014,11.66279,11.222461,11.650889,2972907.8
2002-11-29,A,11.65684,11.692542,11.389071,11.549732,1447296.9
2002-12-02,A,11.752047,11.990063,11.246262,11.484278,3340109.8
2002-12-03,A,11.335518,11.341468,10.710726,10.746428,4783877.5
2002-12-04,A,10.442957,10.448908,9.949074,10.18114,6488300
2002-12-05,A,10.32395,10.395354,10.056181,10.085934,2629401.8
2002-12-06,A,10.008578,10.216843,9.794363,9.990727,3655550.5
2002-12-09,A,9.877669,9.996677,9.7289095,9.758661,4374493.5
2002-12-10,A,9.764611,10.222793,9.764611,10.210892,3817556.5
2002-12-11,A,10.091884,10.585768,10.014528,10.306098,3750166
2002-12-12,A,10.264445,10.4965105,10.115685,10.222793,4339370
2002-12-13,A,10.115685,10.234694,9.871719,10.234694,3567321.2
2002-12-16,A,10.234694,10.550065,10.210892,10.484611,2533273.8
2002-12-17,A,10.484611,10.669073,10.187091,10.353702,2177667.5
2002-12-18,A,10.234694,10.246593,9.877669,10.026429,2431263.8
2002-12-19,A,9.877669,10.210892,9.800314,9.972876,3335740.2
2002-12-20,A,9.996677,10.710726,9.996677,10.710726,6154541
2002-12-23,A,10.657172,11.109403,10.61552,11.032048,5113099
2002-12-24,A,10.930891,11.0022955,10.78808,10.847585,1333691.1
2002-12-26,A,10.907089,11.109403,10.853536,10.889237,2055659
2002-12-27,A,10.799982,11.0022955,10.77618,10.829734,1873318.4
2002-12-30,A,10.740478,10.865437,10.442957,10.716677,2761661.5
2002-12-31,A,10.680974,10.823784,10.585768,10.686924,1957010.2
2003-01-02,A,10.841634,11.418824,10.794031,11.389071,4064430.5
2003-01-03,A,11.305766,11.567584,11.198659,11.335518,3152559.5
2003-01-06,A,11.305766,11.966261,11.305766,11.877005,6674673.5
2003-01-07,A,11.853203,12.079318,11.710394,11.769898,4066615.2
2003-01-08,A,11.722295,11.722295,11.168907,11.198659,3839403.8
2003-01-09,A,11.276014,11.752047,11.276014,11.644938,5418792.5
2003-01-10,A,11.543782,11.900806,11.418824,11.841302,5035625
2003-01-13,A,11.888906,12.031714,11.543782,11.674691,2159853.8
2003-01-14,A,11.674691,11.936508,11.609237,11.847253,4820009.5
2003-01-15,A,11.853203,11.900806,11.145105,11.234361,4576664.5
2003-01-16,A,11.424774,11.597336,11.043948,11.115354,3489847.5
2003-01-17,A,10.966594,10.972544,10.603619,10.740478,2534450
2003-01-21,A,10.948742,11.008245,10.502461,10.526263,3033239.8
2003-01-22,A,10.442957,10.567916,10.341801,10.3656025,3694035.5
2003-01-23,A,10.502461,10.609569,10.19304,10.335851,4124594.5
2003-01-24,A,10.341801,10.448908,9.937174,9.937174,4277861.5
2003-01-27,A,9.73486,9.949074,9.592051,9.657504,3209362.2
2003-01-28,A,9.717009,10.056181,9.639653,9.996677,3793020.2
2003-01-29,A,9.758661,10.17519,9.609901,10.139487,3437246
2003-01-30,A,10.115685,10.115685,9.526596,9.6039505,2360176.2
2003-01-31,A,9.520645,9.937174,9.413538,9.806264,3744956.2
2003-02-03,A,9.806264,10.008578,9.669405,9.812215,2386056.8
2003-02-04,A,9.812215,9.812215,9.377835,9.699157,2296315
2003-02-05,A,9.699157,10.008578,9.58015,9.711058,4182909.8
2003-02-06,A,9.711058,9.711058,7.2951946,7.2951946,27199166
2003-02-07,A,7.2951946,7.348748,6.7239556,6.8132114,13832508
2003-02-10,A,6.8132114,7.116682,6.7834597,6.9798226,11035555
2003-02-11,A,7.128583,7.2832932,7.08098,7.170236,6496366.5
2003-02-12,A,7.170236,7.461806,7.140484,7.3963513,7985005
2003-02-13,A,7.574863,7.6284165,7.2297397,7.408252,6977678.5
2003-02-14,A,7.348748,7.497508,7.211889,7.4320536,3491696.2
2003-02-18,A,7.509409,7.598665,7.438004,7.557012,3595050.5
2003-02-19,A,7.52726,7.5332103,7.3427978,7.455855,4375838
2003-02-20,A,7.485607,7.6938715,7.390401,7.497508,5133601.5
2003-02-21,A,7.705772,8.152052,7.52131,8.003292,7675278
2003-02-24,A,7.9140363,7.9140363,7.687921,7.7295737,3415903
2003-02-25,A,7.6998215,7.848582,7.5153594,7.842632,3284819.5
2003-02-26,A,7.842632,7.9616394,7.5867643,7.616516,3787642.5
2003-02-27,A,7.6641192,7.848582,7.6641192,7.795028,2891064.5
2003-02-28,A,7.836681,8.033045,7.7831273,7.8545322,2834766
2003-03-03,A,7.9735403,8.1223,7.6819706,7.747425,2453783.2
2003-03-04,A,7.753375,7.8128796,7.592715,7.6462684,2693262.8
2003-03-05,A,7.598665,7.753375,7.509409,7.753375,3659247.8
2003-03-06,A,7.6938715,7.771227,7.497508,7.771227,2736285.2
2003-03-07,A,7.7117224,7.9675903,7.640318,7.9675903,3423465.5
2003-03-10,A,7.82478,7.82478,7.6105657,7.6938715,3756888.2
2003-03-11,A,7.6462684,7.7236233,7.408252,7.4737067,2621671
2003-03-12,A,7.4737067,7.4737067,7.205938,7.3844504,4445749
2003-03-13,A,7.6462684,7.753375,7.4320536,7.753375,3098109.5
2003-03-14,A,7.8545322,8.062797,7.8307304,7.9675903,2836110.2
2003-03-17,A,7.9675903,8.413871,7.7414746,8.366267,3083488.5
2003-03-18,A,8.366267,8.806597,8.282961,8.806597,5247543.5
2003-03-19,A,8.71734,8.806597,8.3305645,8.723291,5296448
2003-03-20,A,8.598332,8.925605,8.419821,8.824448,3478083.8
2003-03-21,A,8.925605,8.925605,8.628084,8.806597,3093740
2003-03-24,A,8.71734,8.770894,8.443622,8.485275,2481176.5
2003-03-25,A,8.461473,8.491225,8.318664,8.449573,4131820.8
2003-03-26,A,8.401969,8.431722,8.27106,8.354366,2708724
2003-03-27,A,8.3305645,8.485275,8.217507,8.413871,2391098.5
2003-03-28,A,8.354366,8.437672,8.241308,8.282961,1373184.2
2003-03-31,A,7.9616394,8.015193,7.735524,7.82478,3106344
2003-04-01,A,7.842632,8.074697,7.82478,8.033045,1960875.5
2003-04-02,A,8.247258,8.663787,8.223457,8.544779,4112830.5
2003-04-03,A,8.544779,8.687589,8.366267,8.568581,2404375
2003-04-04,A,8.639986,8.639986,8.384118,8.544779,3736049.2
2003-04-07,A,8.794696,9.00296,8.455523,8.497175,2886191
2003-04-08,A,8.497175,8.645936,8.401969,8.520977,2198002.2
2003-04-09,A,8.526928,8.639986,8.009243,8.169904,4047793
2003-04-10,A,8.181805,8.413871,8.163954,8.378168,2832413
2003-04-11,A,8.568581,8.657837,8.229407,8.324614,2433616.5
2003-04-14,A,8.300813,8.40792,8.25916,8.390069,2414122
2003-04-15,A,8.390069,8.491225,8.294862,8.437672,3633031
2003-04-16,A,8.598332,8.8661,8.55668,8.687589,2983327.2
2003-04-17,A,8.628084,8.901803,8.562631,8.889902,1862394.8
2003-04-21,A,8.895853,9.098166,8.806597,9.092216,2787710.2
2003-04-22,A,9.014861,9.276679,8.973208,9.235026,3637400.5
2003-04-23,A,9.193373,9.758661,9.169571,9.657504,3744788.2
2003-04-24,A,9.562298,9.627752,9.383786,9.461141,2978453.5
2003-04-25,A,9.461141,9.467092,9.193373,9.29453,4837823.5
2003-04-28,A,9.229075,9.526596,9.187423,9.526596,2543861.2
2003-04-29,A,9.449241,9.657504,9.252877,9.5861,2966017.5
2003-04-30,A,9.538497,9.675356,9.389736,9.532546,3024164.8
2003-05-01,A,9.532546,9.669405,9.252877,9.633703,2420676.2
2003-05-02,A,9.609901,9.705108,9.544447,9.669405,3904105.2
2003-05-05,A,9.717009,9.782463,9.490893,9.520645,4684556.5
2003-05-06,A,9.461141,9.645603,9.431389,9.562298,3571354.5
2003-05-07,A,9.431389,9.663455,9.395687,9.514694,3267677.8
2003-05-08,A,9.377835,9.550397,9.371885,9.532546,4694135.5
2003-05-09,A,9.550397,9.74081,9.544447,9.717009,2426390.2
2003-05-12,A,9.354034,9.75271,9.354034,9.699157,5595251
2003-05-13,A,9.699157,9.818165,9.574199,9.663455,2135653.5
2003-05-14,A,9.711058,9.74676,9.520645,9.693208,2700321.2
2003-05-15,A,9.788414,9.960975,9.699157,9.943123,3111217.8
2003-05-16,A,9.818165,9.847917,9.526596,9.824116,3217093
2003-05-19,A,9.58015,9.663455,9.211224,9.229075,4630442.5
2003-05-20,A,9.550397,9.75271,9.484942,9.544447,6508802.5
2003-05-21,A,9.502794,9.562298,9.252877,9.431389,3600428.2
2003-05-22,A,9.437339,9.669405,9.431389,9.615851,3680254.8
2003-05-23,A,9.58015,9.75271,9.478992,9.675356,4063254
2003-05-27,A,9.490893,10.264445,9.413538,10.204942,4702706.5
2003-05-28,A,10.19304,10.532214,10.17519,10.502461,5293086.5
2003-05-29,A,10.454858,10.710726,10.359652,10.4965105,3295743
2003-05-30,A,10.4965105,10.907089,10.4965105,10.78808,4170137.5
2003-06-02,A,11.305766,11.383121,11.037997,11.145105,7574444.5
2003-06-03,A,11.145105,11.35337,11.079651,11.335518,4858662.5
2003-06-04,A,11.305766,11.871055,11.299815,11.847253,3455732.2
2003-06-05,A,11.716344,11.781798,11.448576,11.692542,4977478
2003-06-06,A,11.752047,11.841302,11.424774,11.490229,5313589.5
2003-06-09,A,11.305766,11.490229,11.091551,11.180808,3123485.8
2003-06-10,A,11.186758,11.287914,11.014196,11.186758,3899063.5
2003-06-11,A,11.186758,11.305766,9.877669,11.240312,3130544.2
2003-06-12,A,11.240312,11.240312,10.901138,11.21056,1846429.5
2003-06-13,A,11.192708,11.395022,11.1332035,11.2581625,4126443
2003-06-16,A,11.293865,11.490229,11.264113,11.448576,3251712.5
2003-06-17,A,11.585435,11.603287,11.365271,11.448576,2404879
2003-06-18,A,11.424774,11.769898,11.305766,11.6389885,2263040
2003-06-19,A,11.66279,11.746096,11.305766,11.460477,2993074.5
2003-06-20,A,11.603287,11.633038,11.305766,11.341468,3927801
2003-06-23,A,11.305766,11.35932,11.186758,11.240312,2559658.5
2003-06-24,A,11.186758,11.234361,10.91899,11.157006,3417415.5
2003-06-25,A,11.020147,11.311717,11.020147,11.2581625,3890828.8
2003-06-26,A,11.246262,11.573535,11.097502,11.51403,4056868
2003-06-27,A,11.395022,11.865105,11.335518,11.633038,4209294.5
2003-06-30,A,11.603287,11.757997,11.579484,11.633038,4265089
2003-07-01,A,11.579484,11.847253,11.484278,11.847253,5297288
2003-07-02,A,11.871055,12.10312,11.757997,12.079318,6573672
2003-07-03,A,12.007914,12.0138645,11.793699,11.8948555,3028534.2
2003-07-07,A,11.984112,12.668409,11.984112,12.668409,7120694
2003-07-08,A,12.668409,12.918324,12.418492,12.900475,3521946.2
2003-07-09,A,12.888574,13.061135,12.501798,12.954028,3958051
2003-07-10,A,12.721962,12.721962,12.353037,12.5315485,3042483
2003-07-11,A,12.585103,12.948077,12.507748,12.912375,3741259
2003-07-14,A,13.061135,13.328903,13.043283,13.180143,5975729.5
2003-07-15,A,13.269399,13.471712,13.096838,13.227746,6456369
2003-07-16,A,13.257499,13.305102,12.745764,13.055185,5569034.5
2003-07-17,A,12.912375,12.977829,12.364939,12.555351,6172018.5
2003-07-18,A,12.614855,12.745764,12.430392,12.638657,2466051.2
2003-07-21,A,12.495847,12.769565,12.150723,12.204277,4504232.5
2003-07-22,A,12.376839,12.793367,12.376839,12.781466,3776046.8
2003-07-23,A,12.811218,12.900475,12.466095,12.882623,2809893.5
2003-07-24,A,12.918324,13.251548,12.799317,12.864772,3963933
2003-07-25,A,12.882623,12.971879,12.674358,12.930226,2431600
2003-07-28,A,12.882623,13.180143,12.805268,13.073035,2401686
2003-07-29,A,13.084936,13.144441,12.888574,13.055185,3377418.2
2003-07-30,A,13.055185,13.078986,12.769565,12.823118,2685532.2
2003-07-31,A,12.912375,13.156342,12.793367,12.930226,2621167
2003-08-01,A,12.930226,13.001631,12.686259,12.823118,2310095.5
2003-08-04,A,12.805268,12.977829,12.567252,12.829069,1983227
2003-08-05,A,12.769565,12.912375,12.376839,12.39469,3396576.5
2003-08-06,A,12.353037,12.436342,12.091219,12.24593,2366730.2
2003-08-07,A,12.186425,12.364939,12.085269,12.299483,1952472.8
2003-08-08,A,12.335186,12.507748,12.210228,12.311384,1714505.6
2003-08-11,A,12.370889,12.54345,12.311384,12.507748,1663584.8
2003-08-12,A,12.525599,12.668409,12.40659,12.644607,1824414.1
2003-08-13,A,12.674358,12.870722,12.555351,12.787416,2070784
2003-08-14,A,12.763616,12.965929,12.585103,12.948077,2094648
2003-08-15,A,12.888574,13.013533,12.817169,12.959979,808684.7
2003-08-18,A,12.959979,13.400309,12.948077,13.364605,3242469.2
2003-08-19,A,13.840638,14.507083,13.781134,14.45353,11539722
2003-08-20,A,14.233364,14.596339,14.185761,14.507083,5289725.5
2003-08-21,A,14.536836,15.04262,14.530885,14.810554,3118780.2
2003-08-22,A,14.89981,15.05452,14.417827,14.46543,4950925
2003-08-25,A,14.388075,14.507083,14.269067,14.346422,2231613.5
2003-08-26,A,14.203613,14.3107195,14.031051,14.280968,3868309.2
2003-08-27,A,14.251216,14.709396,14.203613,14.578487,5365182.5
2003-08-28,A,14.572537,14.62014,14.370224,14.45353,3918390
2003-08-29,A,14.370224,14.483281,14.328571,14.47138,3197766.5
2003-09-02,A,14.518984,14.721297,14.399976,14.679645,5945143.5
2003-09-03,A,14.637992,14.697496,14.459479,14.578487,6265289.5
2003-09-04,A,14.578487,14.989066,14.578487,14.965264,5148895
2003-09-05,A,14.965264,15.244933,14.780802,15.173529,6773154.5
2003-09-08,A,15.131876,15.756667,15.131876,15.726916,5709529
2003-09-09,A,15.64956,15.726916,15.292537,15.399643,4316178
2003-09-10,A,15.114024,15.221131,14.524934,14.572537,4822698.5
2003-09-11,A,14.62014,14.983115,14.548737,14.89981,3504636.5
2003-09-12,A,14.89981,14.9414625,14.608239,14.858156,3390862.8
2003-09-15,A,14.757,14.876008,14.530885,14.578487,2244721.8
2003-09-16,A,14.47138,14.780802,14.429728,14.679645,4919330.5
2003-09-17,A,14.697496,14.727248,14.429728,14.637992,3962084.5
2003-09-18,A,14.489232,14.715347,14.399976,14.61419,3381619.5
2003-09-19,A,14.637992,14.929562,14.608239,14.89981,5660625
2003-09-22,A,14.608239,14.6855955,14.399976,14.536836,2928205
2003-09-23,A,14.46543,14.6915455,14.46543,14.667744,2216488.5
2003-09-24,A,14.667744,14.667744,13.72758,13.72758,5767844.5
2003-09-25,A,13.787085,14.173861,13.549068,13.57882,3849151
2003-09-26,A,13.507416,13.650226,13.27535,13.317002,2642678
2003-09-29,A,13.364605,13.626423,13.209895,13.483614,2365049.8
2003-09-30,A,13.400309,13.400309,13.150392,13.156342,2464034.8
2003-10-01,A,13.180143,13.400309,13.114689,13.239647,4009812.2
2003-10-02,A,13.150392,13.197994,12.995681,13.084936,4051658.2
2003-10-03,A,13.745432,13.965596,13.221795,13.685927,6640390.5
2003-10-06,A,13.685927,13.822786,13.572869,13.703779,1642913.9
2003-10-07,A,13.626423,14.01915,13.507416,13.941795,3261123.5
2003-10-08,A,14.090555,14.132208,13.816835,13.9298935,2766031
2003-10-09,A,13.9298935,14.257166,13.9298935,14.060802,2528904.2
2003-10-10,A,14.00725,14.15601,13.971546,14.102456,1503763.6
2003-10-13,A,14.16196,14.269067,14.102456,14.209562,1619218
2003-10-14,A,14.16196,14.370224,14.114356,14.32262,2678810
2003-10-15,A,14.501133,14.578487,14.3047695,14.423778,3724117.5
2003-10-16,A,14.399976,14.513033,14.292869,14.47138,2794768.5
2003-10-17,A,14.45353,14.45353,14.185761,14.269067,3047020.5
2003-10-20,A,14.221463,14.275017,14.072703,14.179811,1556869.2
2003-10-21,A,14.144109,14.411876,14.102456,14.292869,2574447.5
2003-10-22,A,14.16196,14.185761,13.864439,13.971546,1773157.1
2003-10-23,A,13.971546,13.971546,13.477663,13.668076,2809725.5
2003-10-24,A,13.668076,13.739481,13.477663,13.72758,2076497.9
2003-10-27,A,13.757333,13.775184,13.519316,13.608573,1828279.5
2003-10-28,A,13.685927,14.280968,13.6740265,14.280968,3495561.5
2003-10-29,A,14.275017,14.394026,14.15601,14.334521,3011560.5
2003-10-30,A,14.429728,15.060471,14.394026,14.76295,7940470.5
2003-10-31,A,14.846256,14.887909,14.661793,14.828404,3250031.8
2003-11-03,A,14.870057,15.114024,14.858156,15.048571,3808498.2
2003-11-04,A,15.048571,15.2032795,14.965264,15.114024,4192909.2
2003-11-05,A,15.024768,15.262784,14.965264,15.233032,2515459.8
2003-11-06,A,15.233032,15.631709,15.233032,15.631709,4344915.5
2003-11-07,A,15.631709,16.185097,15.49485,15.9589815,5528028.5
2003-11-10,A,15.887577,15.941131,15.3282385,15.393694,3447833.5
2003-11-11,A,15.292537,15.590056,15.173529,15.453197,3133737.2
2003-11-12,A,15.399643,16.06609,15.310388,15.988734,4693127.5
2003-11-13,A,16.036337,16.131544,15.7090645,15.768568,3909651
2003-11-14,A,15.768568,16.304104,15.768568,15.834023,5517441
2003-11-17,A,15.834023,16.06609,15.233032,15.917329,8307000
2003-11-18,A,17.196665,17.464434,16.470716,16.52427,14182736
2003-11-19,A,16.440964,16.607574,16.304104,16.482616,4315506
2003-11-20,A,16.333857,16.649227,16.202948,16.208899,3105672
2003-11-21,A,16.208899,16.238651,15.923279,16.179146,3991326.2
2003-11-24,A,16.208899,16.571873,16.179146,16.482616,4634644
2003-11-25,A,16.482616,16.655178,16.36361,16.53022,3608831
2003-11-26,A,16.54807,16.780138,16.54212,16.67898,2507897.2
2003-11-28,A,16.601625,16.851542,16.601625,16.827742,1601908.2
2003-12-01,A,16.922947,16.922947,16.720633,16.827742,3840412
2003-12-02,A,16.827742,16.893194,16.494516,16.54212,4225596
2003-12-03,A,16.54212,16.875343,16.54212,16.839642,6014214.5
2003-12-04,A,16.809889,16.899145,16.536171,16.655178,5701798.5
2003-12-05,A,16.452866,16.827742,15.935181,16.018486,3694035.5
2003-12-08,A,16.024437,16.387411,15.917329,16.339808,3591521.2
2003-12-09,A,16.488567,16.595675,15.953031,15.982783,4445413
2003-12-10,A,15.923279,16.125593,15.643611,15.78642,5545506.5
2003-12-11,A,15.845923,16.310055,15.845923,16.238651,3241629
2003-12-12,A,16.274353,16.316006,16.113691,16.21485,2782668.5
2003-12-15,A,16.327908,16.506418,16.06609,16.131544,4138375
2003-12-16,A,16.036337,16.429064,15.9649315,16.339808,3083824.8
2003-12-17,A,16.36956,16.37551,15.923279,16.173197,2921986.8
2003-12-18,A,16.06609,16.720633,16.06609,16.554022,4495157.5
2003-12-19,A,16.792038,16.809889,16.565922,16.655178,7022549.5
2003-12-22,A,16.661129,16.958649,16.565922,16.881294,3439094.8
2003-12-23,A,16.780138,16.899145,16.726583,16.82179,3319439
2003-12-24,A,16.744434,16.809889,16.637327,16.702782,892040.4
2003-12-26,A,16.649227,16.738483,16.613525,16.631378,794736.06
2003-12-29,A,16.649227,17.024103,16.601625,17.012203,2444708.2
2003-12-30,A,16.988401,17.160963,16.958649,17.077658,2118175.8
2003-12-31,A,17.047905,17.506086,16.988401,17.39898,3887971.8
2004-01-02,A,17.40493,17.428732,17.125261,17.137161,3413718.2
2004-01-05,A,17.55369,17.589392,17.381126,17.58344,6292515
2004-01-06,A,17.58344,18.14873,17.535837,18.13683,5915901.5
2004-01-07,A,18.14873,18.368895,18.029722,18.368895,5086882
2004-01-08,A,18.380795,19.231703,18.345093,19.207901,9002751
2004-01-09,A,19.100794,19.303106,18.981787,19.071041,4841184.5
2004-01-12,A,19.071041,19.291206,18.803274,19.279306,4492132.5
2004-01-13,A,19.30906,19.398314,19.065092,19.184101,6608796
2004-01-14,A,19.19005,19.255505,19.03534,19.124596,5780280.5
2004-01-15,A,19.19005,19.606579,19.04724,19.582777,7548060
2004-01-16,A,19.588726,20.451534,19.48757,20.38013,7116996.5
2004-01-20,A,20.38013,20.397982,19.969555,20.23732,6233695
2004-01-21,A,20.290874,20.79666,20.106413,20.689552,7350426.5
2004-01-22,A,20.689552,20.862114,20.21947,20.21947,6018752
2004-01-23,A,20.225422,20.326578,19.77914,19.898148,3622275.5
2004-01-26,A,19.695833,20.255173,19.64228,20.177816,6019424
2004-01-27,A,22.224754,23.087564,21.421452,21.480955,36804564
2004-01-28,A,21.617815,21.873682,21.3917,21.3917,9245256
2004-01-29,A,21.457155,21.713022,20.856163,21.213188,6587452.5
2004-01-30,A,21.201288,22.052195,21.034674,21.933187,9345921
2004-02-02,A,21.98674,22.165253,21.54641,21.671368,5172758.5
2004-02-03,A,21.451202,21.867731,21.421452,21.707071,6285960.5
2004-02-04,A,21.599964,21.599964,20.969221,21.004923,4636492.5
2004-02-05,A,20.993021,21.26079,20.921618,20.96327,3762098
2004-02-06,A,20.939468,21.927235,20.915668,21.927235,5810362.5
2004-02-09,A,21.951036,22.28426,21.909384,22.075994,5781457
2004-02-10,A,21.95699,22.30211,21.897484,22.236656,3258770.8
2004-02-11,A,22.195004,22.379467,21.95699,22.254509,4711277.5
2004-02-12,A,22.10575,22.27236,21.867731,21.968887,3577068.5
2004-02-13,A,22.004591,22.165253,21.83798,22.064096,3359436.2
2004-02-17,A,22.064096,22.385416,21.933187,22.308064,5029911
2004-02-18,A,21.421452,21.83203,21.010874,21.40955,14823701
2004-02-19,A,21.659468,21.83798,21.421452,21.475006,6386290
2004-02-20,A,21.475006,21.475006,20.79666,20.856163,5849855.5
2004-02-23,A,20.778807,20.78476,19.856495,20.06476,6212688
2004-02-24,A,19.933851,20.290874,19.755339,20.082611,7299505.5
2004-02-25,A,19.814842,20.374182,19.814842,20.20162,4360377
2004-02-26,A,20.20162,20.487238,20.07071,20.35038,3396072.5
2004-02-27,A,20.35038,20.487238,20.094511,20.344427,5167717
2004-03-01,A,20.314676,20.522942,20.183767,20.427734,4645399.5
2004-03-02,A,20.427734,20.671701,20.314676,20.36823,3412541.8
2004-03-03,A,20.36823,20.397982,20.082611,20.21352,3065002.5
2004-03-04,A,20.23732,20.273024,20.08856,20.20162,2659819.8
2004-03-05,A,20.082611,20.826412,20.052858,20.713354,4476335.5
2004-03-08,A,20.707403,20.749056,20.005255,20.005255,3673028.5
2004-03-09,A,20.445585,20.445585,19.48757,19.535175,7154473
2004-03-10,A,19.63633,19.743439,18.779472,18.779472,9369953
2004-03-11,A,18.684265,19.03534,17.970219,17.970219,10560125
2004-03-12,A,17.970219,18.987736,17.970219,18.833027,7868206.5
2004-03-15,A,18.809225,18.934183,17.458483,18.011871,5517609.5
2004-03-16,A,17.99997,18.13683,17.684597,17.964268,5929178
2004-03-17,A,18.029722,19.01154,18.023771,18.821125,6916842
2004-03-18,A,18.565258,18.618813,18.130878,18.208235,5860611
2004-03-19,A,18.386745,18.535505,18.107077,18.178482,5314430
2004-03-22,A,18.059473,18.220135,17.744102,17.946417,5372241
2004-03-23,A,17.970219,18.029722,17.143112,17.196665,7943495.5
2004-03-24,A,17.220467,17.7084,17.137161,17.41683,6543422
2004-03-25,A,17.672697,18.422447,17.55369,18.267738,5694908
2004-03-26,A,18.15468,18.547407,18.083275,18.321293,3970319.2
2004-03-29,A,18.44625,18.797323,18.44625,18.60691,4223747.5
2004-03-30,A,18.624762,18.791374,18.44625,18.719969,3628829.8
2004-03-31,A,18.74377,19.017488,18.684265,18.821125,4222571
2004-04-01,A,18.821125,19.04129,18.749722,18.827076,3780920.2
2004-04-02,A,19.071041,19.279306,18.874678,19.231703,5816412.5
2004-04-05,A,19.17815,19.392365,19.017488,19.303106,3754871.5
2004-04-06,A,19.100794,19.457819,18.957985,19.374514,3564800.5
2004-04-07,A,19.1603,19.32691,18.74377,18.957985,4031155.5
2004-04-08,A,19.01154,19.445917,18.785423,18.940134,2773257.5
2004-04-12,A,18.940134,19.201952,18.89253,18.963936,1593505.5
2004-04-13,A,18.981787,18.987736,18.243937,18.4522,4220722.5
2004-04-14,A,18.30344,18.511705,18.118979,18.30344,3839067.5
2004-04-15,A,18.386745,18.398647,17.494184,17.791706,4951261
2004-04-16,A,18.327242,18.386745,17.589392,17.928564,4974285
2004-04-19,A,17.88096,18.13683,17.738152,18.089226,3020803.8
2004-04-20,A,18.178482,18.196333,17.10146,17.10146,4825387.5
2004-04-21,A,17.285921,17.523937,17.256168,17.279972,6914993.5
2004-04-22,A,17.256168,17.672697,16.98245,17.476336,4499191
2004-04-23,A,17.41683,17.70245,17.291872,17.55369,4097873.5
2004-04-26,A,17.55369,17.738152,17.172865,17.309723,3686304.8
2004-04-27,A,17.315674,17.601294,17.077658,17.143112,2854428.5
2004-04-28,A,17.018154,17.077658,16.738483,16.839642,3705463.2
2004-04-29,A,16.750385,16.887243,16.250551,16.54212,3818900.8
2004-04-30,A,16.571873,16.708733,16.012535,16.072039,3668827
2004-05-03,A,16.09584,16.476667,15.947081,16.220798,4987057
2004-05-04,A,16.333857,16.36361,15.471048,15.905428,8810327
2004-05-05,A,15.899477,16.202948,15.822123,15.953031,6411330
2004-05-06,A,15.828073,15.893526,15.590056,15.673362,2969210.5
2004-05-07,A,15.590056,15.935181,15.536503,15.655511,4834294
2004-05-10,A,15.381792,15.49485,14.90576,15.119974,8311705.5
2004-05-11,A,15.292537,15.619808,15.173529,15.590056,6519222
2004-05-12,A,15.596006,15.7090645,15.04262,15.566255,6886928.5
2004-05-13,A,15.3222885,15.596006,15.125925,15.482949,4933279
2004-05-14,A,15.482949,15.667412,15.114024,15.227082,3844277.2
2004-05-17,A,15.143777,15.227082,14.870057,15.18543,5525676
2004-05-18,A,15.590056,15.750717,14.578487,15.114024,15492059
2004-05-19,A,15.292537,15.530553,14.971214,15.000966,9588594
2004-05-20,A,14.935513,14.935513,14.459479,14.459479,6697025
2004-05-21,A,14.524934,14.649893,14.358322,14.507083,4448774
2004-05-24,A,14.590389,14.727248,14.429728,14.489232,5402995
2004-05-25,A,14.518984,14.733198,14.16196,14.715347,8090208
2004-05-26,A,14.786752,14.971214,14.727248,14.852206,6372509.5
2004-05-27,A,14.923612,15.227082,14.876008,15.119974,6616526.5
2004-05-28,A,15.119974,15.35799,14.983115,15.292537,5743980.5
2004-06-01,A,15.143777,15.399643,15.114024,15.35204,7646372.5
2004-06-02,A,15.35799,15.393694,14.995016,15.114024,5136963
2004-06-03,A,15.05452,15.155677,14.90576,14.90576,5520130
2004-06-04,A,15.05452,15.2032795,14.959313,15.006916,4366427
2004-06-07,A,15.143777,15.816172,15.125925,15.774519,6066647.5
2004-06-08,A,15.792371,15.834023,15.607907,15.804271,4301557
2004-06-09,A,15.804271,15.911378,15.566255,15.590056,5472234
2004-06-10,A,15.560305,15.691214,15.482949,15.64956,2777627
2004-06-14,A,15.619808,15.619808,15.3222885,15.35799,4190976.5
2004-06-15,A,15.441297,15.619808,15.369891,15.49485,4504064.5
2004-06-16,A,15.536503,15.536503,15.35204,15.512701,2553944.5
2004-06-17,A,15.393694,15.411544,15.102123,15.21518,3761089.8
2004-06-18,A,15.21518,15.560305,15.102123,15.405594,4370628
2004-06-21,A,15.405594,15.49485,15.18543,15.221131,2712925.5
2004-06-22,A,15.19138,15.667412,15.131876,15.548403,4654978.5
2004-06-23,A,15.590056,16.125593,15.590056,16.089891,4479192.5
2004-06-24,A,16.351707,16.750385,16.292204,16.327908,6965074
2004-06-25,A,16.327908,17.58344,16.256502,17.55964,13749825
2004-06-28,A,17.55964,17.55964,17.202616,17.226418,5531894
2004-06-29,A,17.160963,17.660797,17.149061,17.625095,4943698.5
2004-06-30,A,17.613194,17.648895,17.345425,17.422781,5033272.5
2004-07-01,A,17.327574,17.345425,16.750385,17.041954,5578781.5
2004-07-02,A,16.97055,17.000301,16.708733,16.82179,2781996.2
2004-07-06,A,16.708733,17.25022,16.316006,16.316006,4363065.5
2004-07-07,A,16.256502,16.536171,16.238651,16.256502,3946623.2
2004-07-08,A,16.238651,16.351707,15.982783,15.988734,3545138
2004-07-09,A,16.06609,16.327908,15.941131,15.970882,3199279
2004-07-12,A,15.768568,15.774519,15.411544,15.64956,5306699
2004-07-13,A,15.64956,15.857824,15.548403,15.63766,3374729.2
2004-07-14,A,15.441297,15.804271,15.262784,15.35204,4356679.5
2004-07-15,A,15.530553,15.560305,15.21518,15.375842,4098713.8
2004-07-16,A,15.441297,15.530553,15.024768,15.060471,3050045.5
2004-07-19,A,15.000966,15.256833,14.881959,14.995016,3097101
2004-07-20,A,14.929562,15.524602,14.768901,15.34609,5127215.5
2004-07-21,A,15.411544,15.738817,14.548737,14.578487,6556362.5
2004-07-22,A,14.507083,14.828404,14.340472,14.786752,5661801
2004-07-23,A,14.667744,14.667744,14.01915,14.01915,6477880.5
2004-07-26,A,14.042952,14.15006,13.656176,13.7989855,4858494.5
2004-07-27,A,13.715679,13.947745,13.57882,13.834687,5549708
2004-07-28,A,13.745432,13.840638,13.465762,13.572869,6600225
2004-07-29,A,13.715679,14.096505,13.715679,14.013199,6366627.5
2004-07-30,A,13.989398,14.292869,13.828737,14.16791,5202000.5
2004-08-02,A,14.173861,14.376174,13.983448,14.29882,3215916.5
2004-08-03,A,14.280968,14.3107195,13.697828,13.793035,3987965
2004-08-04,A,13.769233,13.804935,13.358656,13.656176,4215008.5
2004-08-05,A,13.614522,13.787085,13.406259,13.418159,2399333.2
2004-08-06,A,13.192044,13.317002,12.954028,13.001631,3194573.5
2004-08-09,A,13.013533,13.192044,12.882623,13.090887,2827371.5
2004-08-10,A,13.150392,13.685927,13.126589,13.602622,4965882
2004-08-11,A,13.596671,13.596671,12.727912,12.954028,8471359
2004-08-12,A,12.959979,12.959979,11.609237,11.710394,12738296
2004-08-13,A,12.721962,12.864772,11.900806,12.210228,13940400
2004-08-16,A,12.109071,12.40659,12.10312,12.329235,3846966.2
2004-08-17,A,12.448243,12.668409,12.40659,12.608905,5514920.5
2004-08-18,A,12.638657,12.959979,12.591053,12.954028,4515996.5
2004-08-19,A,12.954028,13.078986,12.852871,12.977829,3702942.2
2004-08-20,A,12.959979,13.2872505,12.858822,13.209895,2461850
2004-08-23,A,13.2932005,13.388407,13.061135,13.180143,3101134.5
2004-08-24,A,13.209895,13.233697,12.769565,12.858822,3335404.2
2004-08-25,A,12.84097,13.108739,12.668409,13.067085,4391971.5
2004-08-26,A,13.061135,13.150392,12.745764,12.84097,4735645.5
2004-08-27,A,12.894524,12.98973,12.829069,12.876672,2370931.8
2004-08-30,A,12.793367,12.817169,12.5315485,12.573201,3623956
2004-08-31,A,12.477995,12.495847,11.912707,12.198326,10070074
2004-09-01,A,12.156674,12.466095,12.037665,12.311384,5552565
2004-09-02,A,12.317335,12.674358,12.120972,12.614855,3217429
2004-09-03,A,12.585103,12.591053,12.049566,12.120972,3336916.8
2004-09-07,A,12.287582,12.454194,12.222129,12.24593,4285760
2004-09-08,A,12.09717,12.198326,11.984112,12.007914,3490015.5
2004-09-09,A,12.10312,12.668409,12.091219,12.591053,4745729
2004-09-10,A,12.519649,13.513365,12.501798,13.513365,9233324
2004-09-13,A,13.57882,13.804935,13.507416,13.614522,5556430
2004-09-14,A,13.57882,13.662126,13.311052,13.626423,3158945.5
2004-09-15,A,13.596671,13.602622,13.209895,13.317002,2688053.2
2004-09-16,A,13.305102,13.632374,13.305102,13.352705,2657803
2004-09-17,A,13.382457,13.6740265,13.382457,13.626423,5497778.5
2004-09-20,A,13.58477,14.042952,13.388407,13.828737,5084697.5
2004-09-21,A,13.828737,13.947745,13.650226,13.87634,4270971
2004-09-22,A,13.72758,13.769233,13.418159,13.489564,2982655
2004-09-23,A,13.430059,13.6740265,13.317002,13.459812,3866460.8
2004-09-24,A,13.447911,13.483614,12.971879,12.98378,3310364
2004-09-27,A,12.912375,12.965929,12.674358,12.704111,4944875
2004-09-28,A,12.733863,12.763616,12.472045,12.668409,3315909.8
2004-09-29,A,12.614855,13.138491,12.614855,12.858822,3621267.2
2004-09-30,A,12.793367,13.067085,12.6565075,12.835019,4177364
2004-10-01,A,12.912375,13.703779,12.912375,13.679976,5310732.5
2004-10-04,A,13.9239435,14.15006,13.810885,14.00725,6238232.5
2004-10-05,A,13.983448,14.0548525,13.6740265,13.810885,5572395.5
2004-10-06,A,13.715679,13.72758,13.507416,13.697828,4564564.5
2004-10-07,A,13.596671,13.703779,13.489564,13.525267,4253661.5
2004-10-08,A,13.495515,13.608573,13.180143,13.227746,3834698
2004-10-11,A,13.441961,13.507416,13.150392,13.186093,5314598
2004-10-12,A,13.096838,13.102788,12.870722,13.043283,6874156
2004-10-13,A,13.328903,13.513365,13.269399,13.346755,5184018.5
2004-10-14,A,13.346755,13.382457,13.067085,13.174192,4193329.2
2004-10-15,A,13.305102,13.751382,13.257499,13.560969,4729259.5
2004-10-18,A,13.566919,13.703779,13.328903,13.668076,3948976
2004-10-19,A,13.787085,13.971546,13.519316,13.519316,5586680
2004-10-20,A,13.400309,14.138158,13.394358,14.120307,6033877
2004-10-21,A,14.132208,14.6915455,14.042952,14.61419,6385617.5
2004-10-22,A,14.61419,14.626091,14.173861,14.221463,4728419
2004-10-25,A,14.084604,14.364273,14.072703,14.251216,3005342.5
2004-10-26,A,14.227414,14.477331,14.0548525,14.477331,4029979
2004-10-27,A,14.417827,14.9414625,14.364273,14.864107,4471629.5
2004-10-28,A,14.864107,15.060471,14.673695,14.757,3549339.2
2004-10-29,A,14.757,15.036669,14.703445,14.91171,3967630.2
2004-11-01,A,14.846256,14.995016,14.637992,14.703445,3402122.5
2004-11-02,A,14.5606365,15.108073,14.507083,14.828404,4322732.5
2004-11-03,A,15.387743,15.387743,14.61419,14.780802,6311841
2004-11-04,A,14.780802,14.89981,14.673695,14.852206,3669835.2
2004-11-05,A,14.816504,15.161627,14.774851,15.000966,4126107
2004-11-08,A,14.822454,15.399643,14.822454,15.334189,3861083
2004-11-09,A,15.143777,15.411544,15.04262,15.20923,2734772.8
2004-11-10,A,15.233032,15.286586,14.89981,14.90576,2658139.2
2004-11-11,A,14.9414625,15.393694,14.935513,15.280636,4228453
2004-11-12,A,13.840638,13.840638,13.031383,13.43601,32536954
2004-11-15,A,13.257499,13.882291,13.239647,13.560969,9175345
2004-11-16,A,13.453862,13.703779,13.424109,13.656176,5729023.5
2004-11-17,A,13.703779,13.917993,13.703779,13.906093,5817925
2004-11-18,A,13.757333,13.953696,13.691878,13.917993,4243074
2004-11-19,A,13.947745,13.947745,13.638324,13.763282,3472369.8
2004-11-22,A,13.691878,13.775184,13.560969,13.733531,3152391.5
2004-11-23,A,13.626423,13.703779,13.537168,13.58477,3581942.2
2004-11-24,A,13.549068,13.834687,13.525267,13.793035,2705531
2004-11-26,A,13.721629,13.900143,13.715679,13.781134,1041946.2
2004-11-29,A,13.769233,13.85849,13.57882,13.715679,2363705.2
2004-11-30,A,13.57882,13.733531,13.560969,13.620473,2459161
2004-12-01,A,13.703779,14.102456,13.703779,14.096505,3283138.8
2004-12-02,A,14.096505,14.61419,14.090555,14.3047695,4944034.5
2004-12-03,A,14.394026,14.757,14.29882,14.405926,3342462.5
2004-12-06,A,14.370224,14.530885,14.263116,14.46543,2246234.2
2004-12-07,A,14.441628,14.6855955,14.197662,14.209562,2988032.8
2004-12-08,A,14.215513,14.221463,13.965596,14.001299,2902324.2
2004-12-09,A,13.965596,14.209562,13.614522,14.108405,3501443.5
2004-12-10,A,14.429728,14.429728,13.965596,14.096505,2805524.2
2004-12-13,A,14.185761,14.316669,14.066752,14.185761,2635619.8
2004-12-14,A,14.120307,14.441628,14.120307,14.399976,3257594.2
2004-12-15,A,14.399976,14.655843,14.352373,14.388075,3783273
2004-12-16,A,14.16196,14.352373,14.072703,14.090555,3032735.8
2004-12-17,A,13.977497,14.280968,13.971546,14.173861,4663885.5
2004-12-20,A,14.221463,14.394026,14.013199,14.0251,2610075.2
2004-12-21,A,13.995349,14.245266,13.989398,14.173861,3051558
2004-12-22,A,14.191711,14.382125,14.078654,14.280968,2707043.5
2004-12-23,A,14.233364,14.340472,14.16196,14.263116,2019695.1
2004-12-27,A,14.233364,14.340472,14.102456,14.16196,3743275.8
2004-12-28,A,14.16196,14.411876,14.16196,14.286919,2068599.4
2004-12-29,A,14.197662,14.542786,14.179811,14.507083,2469916.8
2004-12-30,A,14.417827,14.554686,14.328571,14.334521,2072632.6
2004-12-31,A,14.334521,14.417827,14.292869,14.340472,1986083.9
2005-01-03,A,14.340472,14.388075,13.983448,14.209562,4061741.5
2005-01-04,A,14.15006,14.275017,13.715679,13.834687,4504232.5
2005-01-05,A,13.787085,14.072703,13.757333,13.828737,4687245.5
2005-01-06,A,13.9239435,13.947745,13.501465,13.525267,3797053.5
2005-01-07,A,13.495515,13.656176,13.465762,13.513365,3154744.2
2005-01-10,A,13.489564,13.519316,13.251548,13.447911,4744384.5
2005-01-11,A,13.215845,13.328903,13.156342,13.215845,3692018.8
2005-01-12,A,13.215845,13.328903,12.995681,13.197994,4516164.5
2005-01-13,A,13.120639,13.1682415,12.894524,12.918324,4004266.5
2005-01-14,A,12.942127,13.174192,12.936176,13.120639,3428003
2005-01-18,A,13.0373335,13.388407,12.912375,13.346755,4235679.5
2005-01-19,A,13.299151,13.388407,13.102788,13.126589,4376678
2005-01-20,A,13.126589,13.424109,13.120639,13.239647,6784750.5
2005-01-21,A,13.239647,13.245598,12.924275,12.971879,6211512
2005-01-24,A,12.98378,13.007582,12.751715,12.757665,5934724
2005-01-25,A,12.799317,13.090887,12.763616,12.971879,3549507.2
2005-01-26,A,13.0373335,13.13254,12.98378,13.090887,3191884.5
2005-01-27,A,13.0373335,13.227746,12.912375,13.090887,3218437.2
2005-01-28,A,13.031383,13.120639,12.799317,12.858822,3527156
2005-01-31,A,13.055185,13.239647,13.031383,13.156342,3194741.5
2005-02-01,A,13.096838,13.418159,13.096838,13.400309,3410525.2
2005-02-02,A,13.406259,13.549068,13.299151,13.507416,2918457.8
2005-02-03,A,13.400309,13.501465,13.001631,13.150392,3334564
2005-02-04,A,13.120639,13.376506,13.102788,13.358656,3775206.2
2005-02-07,A,13.566919,13.810885,13.507416,13.757333,4646744
2005-02-08,A,13.763282,14.275017,13.715679,14.132208,5263341
2005-02-09,A,14.15601,14.15601,13.662126,13.739481,3020971.8
2005-02-10,A,13.739481,13.87039,13.679976,13.709729,2235983
2005-02-11,A,13.6740265,14.173861,13.572869,14.114356,3353218.2
2005-02-14,A,14.00725,14.29882,13.941795,14.292869,4794297
2005-02-15,A,13.953696,14.596339,13.87039,14.513033,11991792
2005-02-16,A,14.388075,14.4356785,14.102456,14.239315,4738166.5
2005-02-17,A,14.144109,14.376174,14.072703,14.102456,4158541.8
2005-02-18,A,14.108405,14.144109,13.965596,14.0251,3383468.2
2005-02-22,A,13.935844,14.280968,13.894192,13.971546,2897282.8
2005-02-23,A,14.013199,14.042952,13.608573,13.6740265,5401482.5
2005-02-24,A,13.626423,13.828737,13.566919,13.7989855,6545439
2005-02-25,A,13.840638,14.0489025,13.709729,14.013199,5992703
2005-02-28,A,14.013199,14.32262,14.013199,14.280968,4464235.5
2005-03-01,A,14.3107195,14.632042,14.3107195,14.5665865,5271239.5
2005-03-02,A,14.459479,14.626091,14.340472,14.483281,2886695.2
2005-03-03,A,14.483281,14.667744,14.388075,14.536836,3270366.5
2005-03-04,A,14.584438,14.62014,14.280968,14.346422,2835102
2005-03-07,A,14.382125,14.804603,14.3107195,14.727248,3817556.5
2005-03-08,A,14.643943,14.870057,14.370224,14.495183,3864612
2005-03-09,A,14.405926,14.590389,14.251216,14.286919,3623620
2005-03-10,A,14.269067,14.358322,14.060802,14.227414,3071220.5
2005-03-11,A,14.197662,14.3107195,13.840638,13.888241,2753426.8
2005-03-14,A,13.864439,14.138158,13.834687,14.084604,3720756.2
2005-03-15,A,14.096505,14.215513,13.822786,13.840638,2595118.2
2005-03-16,A,13.804935,13.971546,13.317002,13.406259,6171514.5
2005-03-17,A,13.388407,13.549068,13.370556,13.483614,3582446.2
2005-03-18,A,13.400309,13.441961,13.180143,13.299151,10910857
2005-03-21,A,13.239647,13.590721,13.221795,13.43601,3710000.8
2005-03-22,A,13.477663,13.566919,13.299151,13.43601,4697665
2005-03-23,A,13.447911,13.507416,13.388407,13.406259,3794364.8
2005-03-24,A,13.406259,13.560969,13.186093,13.453862,4157869.5
2005-03-28,A,13.507416,13.537168,13.358656,13.394358,2836950.5
2005-03-29,A,13.394358,13.531217,13.311052,13.376506,4861855.5
2005-03-30,A,13.239647,13.2932005,12.948077,13.251548,6663414
2005-03-31,A,13.257499,13.299151,13.061135,13.209895,4552464.5
2005-04-01,A,13.328903,13.406259,13.114689,13.13254,5675077.5
2005-04-04,A,13.049234,13.049234,12.662458,12.739813,8207007
2005-04-05,A,12.763616,12.781466,12.54345,12.710062,7022717.5
2005-04-06,A,12.704111,12.942127,12.704111,12.888574,3599924
2005-04-07,A,12.852871,12.876672,12.721962,12.84097,4898827.5
2005-04-08,A,12.823118,12.936176,12.716012,12.716012,3219109.5
2005-04-11,A,12.69816,12.716012,12.501798,12.579152,5025205.5
2005-04-12,A,12.495847,12.769565,12.376839,12.710062,4416171.5
2005-04-13,A,12.644607,12.763616,12.347087,12.382789,3940237.2
2005-04-14,A,12.382789,12.501798,12.2697315,12.299483,3516904.5
2005-04-15,A,12.180475,12.216178,11.966261,12.138823,5743476.5
2005-04-18,A,12.120972,12.370889,12.120972,12.299483,4119552.8
2005-04-19,A,12.305434,12.448243,12.293533,12.358988,4337017
2005-04-20,A,12.4006405,12.495847,12.174524,12.204277,3272719.5
2005-04-21,A,12.305434,12.721962,12.305434,12.680309,3721260.5
2005-04-22,A,12.626755,12.69221,12.442293,12.555351,3561943.5
2005-04-25,A,12.602954,12.793367,12.489896,12.686259,3688657.5
2005-04-26,A,12.662458,12.900475,12.614855,12.69816,3348344.5
2005-04-27,A,12.662458,12.763616,12.466095,12.632706,2921986.8
2005-04-28,A,12.555351,12.602954,12.287582,12.287582,3160794.2
2005-04-29,A,12.376839,12.40659,12.162624,12.347087,4347940.5
2005-05-02,A,12.347087,12.513699,12.329235,12.477995,2607722.5
2005-05-03,A,12.436342,12.680309,12.430392,12.602954,2714269.8
2005-05-04,A,12.614855,12.745764,12.567252,12.644607,4787911
2005-05-05,A,12.602954,12.763616,12.489896,12.54345,4307607
2005-05-06,A,12.585103,12.829069,12.573201,12.793367,2618982.2
2005-05-09,A,12.733863,13.078986,12.680309,13.025433,3343302.8
2005-05-10,A,12.894524,13.043283,12.852871,13.007582,3241461
2005-05-11,A,13.001631,13.227746,12.971879,13.209895,3573875.5
2005-05-12,A,12.894524,13.513365,12.894524,13.073035,6592158.5
2005-05-13,A,13.090887,13.26345,13.013533,13.084936,5362157.5
2005-05-16,A,13.001631,13.031383,12.721962,12.829069,7633600.5
2005-05-17,A,12.620805,13.447911,12.620805,13.376506,7385046
2005-05-18,A,13.352705,13.793035,13.227746,13.638324,4563388
2005-05-19,A,13.638324,13.757333,13.596671,13.72758,2578144.5
2005-05-20,A,13.745432,13.959645,13.57882,13.9298935,2840143.8
2005-05-23,A,13.87634,14.096505,13.864439,14.060802,3850999.5
2005-05-24,A,14.0548525,14.269067,13.941795,14.215513,3562111.5
2005-05-25,A,14.108405,14.132208,13.894192,14.001299,2561171
2005-05-26,A,14.00725,14.191711,14.00725,14.138158,2172121.8
2005-05-27,A,14.132208,14.257166,14.084604,14.227414,1389989.9
2005-05-31,A,14.132208,14.370224,14.108405,14.286919,3452035
2005-06-01,A,14.286919,14.507083,14.251216,14.388075,2409416.5
2005-06-02,A,14.269067,14.477331,14.257166,14.394026,2672760
2005-06-03,A,14.399976,14.399976,14.251216,14.316669,2031459
2005-06-06,A,14.727248,14.727248,14.429728,14.590389,5460638.5
2005-06-07,A,14.578487,14.697496,14.358322,14.411876,3338933.5
2005-06-08,A,14.513033,14.679645,14.45353,14.548737,2601000.2
2005-06-09,A,14.507083,14.721297,14.477331,14.697496,4757492.5
2005-06-10,A,14.584438,14.792703,14.548737,14.578487,2301860.8
2005-06-13,A,14.548737,14.733198,14.518984,14.679645,2531089
2005-06-14,A,14.673695,14.757,14.62014,14.697496,1897686.5
2005-06-15,A,14.7451,14.828404,14.5606365,14.667744,2013140.9
2005-06-16,A,14.727248,14.75105,14.60229,14.62014,1840715.6
2005-06-17,A,14.786752,14.798654,14.655843,14.739149,3595050.5
2005-06-20,A,14.608239,14.876008,14.596339,14.828404,2505880.5
2005-06-21,A,14.786752,14.876008,14.6855955,14.6855955,2331270.5
2005-06-22,A,14.7451,14.816504,14.572537,14.655843,2396644.2
2005-06-23,A,14.655843,14.90576,14.637992,14.768901,4404239.5
2005-06-24,A,14.7451,14.75105,14.352373,14.358322,3112730.2
2005-06-27,A,14.251216,14.251216,13.804935,13.888241,4083588.8
2005-06-28,A,13.894192,14.001299,13.852539,13.977497,3392711.2
2005-06-29,A,13.953696,14.031051,13.793035,13.822786,2164223
2005-06-30,A,13.733531,13.804935,13.656176,13.697828,2911231.2
2005-07-01,A,13.804935,14.013199,13.763282,13.9239435,2744183.8
2005-07-05,A,13.840638,14.16196,13.763282,14.0548525,2395131.8
2005-07-06,A,14.0251,14.3047695,14.0251,14.066752,2741326.8
2005-07-07,A,13.9239435,14.215513,13.763282,14.209562,4137702.8
2005-07-08,A,14.251216,14.536836,14.221463,14.483281,4057876.2
2005-07-11,A,14.876008,15.572206,14.876008,15.274685,11864070
2005-07-12,A,14.887909,15.5008,14.887909,15.429396,4366595
2005-07-13,A,15.334189,15.530553,15.274685,15.429396,3473882.2
2005-07-14,A,15.5008,15.619808,15.233032,15.316338,2477815.2
2005-07-15,A,15.375842,15.375842,15.137826,15.268735,2434961
2005-07-18,A,15.233032,15.274685,15.04262,15.274685,2397820.8
2005-07-19,A,15.274685,15.518652,15.149726,15.441297,2725529.5
2005-07-20,A,15.405594,15.560305,15.233032,15.423445,3944606.8
2005-07-21,A,15.423445,15.554354,15.316338,15.381792,3490351.8
2005-07-22,A,15.34014,15.35204,15.096173,15.227082,2422525
2005-07-25,A,15.19138,15.35204,15.161627,15.233032,1978185.2
2005-07-26,A,15.233032,15.584106,15.233032,15.459147,3378762.8
2005-07-27,A,15.5008,15.845923,15.471048,15.7090645,3965277.5
2005-07-28,A,15.7090645,15.756667,15.619808,15.720965,1653501.4
2005-07-29,A,15.661461,15.756667,15.548403,15.613858,1602916.6
2005-08-01,A,15.607907,15.917329,15.607907,15.774519,2258334.2
2005-08-02,A,15.839973,15.935181,15.78047,15.845923,2153803.5
2005-08-03,A,15.715014,15.92923,15.542454,15.92923,2357655.2
2005-08-04,A,15.887577,15.893526,15.530553,15.584106,2849891
2005-08-05,A,15.441297,15.566255,15.363941,15.393694,2336984.5
2005-08-08,A,15.375842,15.393694,15.048571,15.066421,4069808.2
2005-08-09,A,15.114024,15.292537,15.066421,15.221131,2047088.1
2005-08-10,A,15.304437,15.375842,14.983115,15.05452,2305726
2005-08-11,A,15.05452,15.542454,15.018818,15.542454,2623687.8
2005-08-12,A,15.560305,15.863775,15.560305,15.715014,6472670.5
2005-08-15,A,17.672697,18.356995,17.464434,18.047573,37426036
2005-08-16,A,17.58344,18.13683,17.57154,18.13683,11890959
2005-08-17,A,18.14873,18.535505,18.13683,18.511705,8567655
2005-08-18,A,18.29749,18.476002,18.267738,18.386745,8543287
2005-08-19,A,18.386745,18.422447,18.214184,18.237986,4923700
2005-08-22,A,18.095177,18.327242,18.095177,18.267738,6441748.5
2005-08-23,A,18.208235,18.30344,17.99997,17.99997,11984398
2005-08-24,A,17.85121,18.30344,17.85121,17.940466,7646036.5
2005-08-25,A,17.88096,18.493853,17.821459,18.327242,9135683
2005-08-26,A,18.267738,18.577158,18.267738,18.505754,8141633
2005-08-29,A,18.327242,18.75567,18.327242,18.60096,5822126.5
2005-08-30,A,18.654514,19.088894,18.630713,19.053192,7134810.5
2005-08-31,A,19.053192,19.1722,18.89253,19.136497,3625804.8
2005-09-01,A,18.987736,19.291206,18.969885,19.213852,7251945.5
2005-09-02,A,19.213852,19.279306,19.071041,19.124596,3143148.2
2005-09-06,A,18.981787,19.350712,18.981787,19.32691,4562044
2005-09-07,A,19.207901,19.404264,19.207901,19.33286,5553405
2005-09-08,A,19.303106,19.368563,19.01154,19.1603,6124123
2005-09-09,A,19.148397,19.445917,19.112694,19.410215,4246267
2005-09-12,A,19.50542,19.904099,19.428068,19.826744,8413716
2005-09-13,A,19.606579,19.76724,19.582777,19.689884,9010314
2005-09-14,A,19.547073,19.588726,19.380463,19.416166,4049641.5
2005-09-15,A,19.576828,19.731537,19.49352,19.65418,5022853
2005-09-16,A,19.796991,20.23137,19.677982,20.177816,13482952
2005-09-19,A,20.082611,20.124264,19.880297,20.023108,4748417.5
2005-09-20,A,20.124264,20.49914,20.124264,20.249222,6617366.5
2005-09-21,A,20.124264,20.21947,19.844593,20.017157,5083017
2005-09-22,A,19.933851,20.082611,19.707735,20.040958,6267306.5
2005-09-23,A,19.933851,20.183767,19.832695,20.046907,5991695
2005-09-26,A,20.112362,20.21947,19.91005,19.993355,4600864.5
2005-09-27,A,19.993355,20.082611,19.880297,19.91005,4724554
2005-09-28,A,19.963602,20.06476,19.660133,19.77319,4699345.5
2005-09-29,A,19.695833,19.826744,19.33286,19.439966,10313755
2005-09-30,A,19.451868,19.63038,19.416166,19.48757,8175748.5
2005-10-03,A,19.535175,19.814842,19.535175,19.63038,8010717.5
2005-10-04,A,19.660133,19.725588,19.237654,19.315008,5832882
2005-10-05,A,19.112694,19.124596,18.523605,18.60096,6578546
2005-10-06,A,18.672365,18.684265,18.315342,18.487902,6341755
2005-10-07,A,18.696167,18.969885,18.577158,18.928232,5769693
2005-10-10,A,18.922281,19.01154,18.630713,18.654514,3759409
2005-10-11,A,18.672365,18.821125,18.416498,18.464102,5966654.5
2005-10-12,A,18.380795,18.505754,17.886911,18.107077,6566950
2005-10-13,A,17.99997,18.202284,17.916664,18.196333,3675213.2
2005-10-14,A,19.695833,19.695833,18.13683,18.404598,4155852.8
2005-10-17,A,18.345093,18.410547,18.118979,18.351044,3820749.5
2005-10-18,A,18.29749,18.351044,18.101126,18.237986,3615553.2
2005-10-19,A,18.237986,18.678316,18.089226,18.553358,6358729
2005-10-20,A,18.565258,18.803274,18.261787,18.339142,4397853
2005-10-21,A,18.386745,18.672365,18.279638,18.499804,3746300.8
2005-10-24,A,18.499804,18.719969,18.422447,18.547407,2827371.5
2005-10-25,A,18.505754,18.678316,18.416498,18.553358,4306431
2005-10-26,A,18.505754,18.708069,18.428398,18.4403,2891232.8
2005-10-27,A,18.327242,18.410547,18.160631,18.190382,2153971.8
2005-10-28,A,18.232035,18.476002,17.833359,18.44625,4004266.5
2005-10-31,A,18.44625,19.124596,18.416498,19.04724,5146038
2005-11-01,A,19.04724,19.33286,18.981787,19.118647,3246334.8
2005-11-02,A,19.100794,19.558975,19.076994,19.445917,2954421.8
2005-11-03,A,19.511374,19.648232,19.398314,19.457819,2509073.8
2005-11-04,A,19.434017,19.63633,19.428068,19.517323,3435229.5
2005-11-07,A,19.398314,19.606579,19.33286,19.576828,2823170
2005-11-08,A,19.46972,19.695833,19.46972,19.61848,7628222.5
2005-11-09,A,19.576828,19.743439,19.523273,19.65418,5303506
2005-11-10,A,19.65418,19.737486,19.564926,19.660133,4790431.5
2005-11-11,A,19.499472,19.65418,19.457819,19.594679,3785962
2005-11-14,A,19.517323,19.808893,19.50542,19.576828,5945983.5
2005-11-15,A,20.707403,20.79666,20.481287,20.52889,26268808
2005-11-16,A,20.38013,20.588394,20.332527,20.38013,7140020.5
2005-11-17,A,20.35038,20.701454,20.326578,20.683601,9843703
2005-11-18,A,20.701454,20.79666,20.576496,20.772858,8276582
2005-11-21,A,20.588394,20.879965,20.582445,20.81451,6844074
2005-11-22,A,20.737154,21.302443,20.737154,21.165585,6466620.5
2005-11-23,A,21.09418,21.296494,21.09418,21.213188,4222067
2005-11-25,A,21.213188,21.284592,21.189386,21.236988,1803911.4
2005-11-28,A,21.183435,21.213188,21.076326,21.213188,5539960.5
2005-11-29,A,21.183435,21.308395,21.08228,21.117983,5409213.5
2005-11-30,A,21.064428,21.290543,21.064428,21.219137,4181565.2
2005-12-01,A,21.219137,21.480955,21.183435,21.40955,6653498.5
2005-12-02,A,21.302443,21.326244,20.93352,21.117983,9711947
2005-12-05,A,21.123932,21.302443,20.749056,20.826412,8627146
2005-12-06,A,20.826412,20.921618,20.731205,20.790709,11443762
2005-12-07,A,20.826412,20.826412,20.463436,20.51699,9656152
2005-12-08,A,20.558643,20.653849,20.320627,20.576496,9530279
2005-12-09,A,20.6479,21.040627,20.618149,20.987072,15110405
2005-12-12,A,20.96327,21.332195,20.96327,21.213188,14526915
2005-12-13,A,21.201288,21.421452,21.189386,21.40955,21026810
2005-12-14,A,21.3917,21.421452,21.064428,21.141783,24277850
2005-12-15,A,21.123932,21.177485,20.93352,20.951368,4427767
2005-12-16,A,21.052526,21.088228,20.987072,21.004923,5499963.5
2005-12-19,A,20.957321,21.123932,20.81451,20.856163,5673733
2005-12-20,A,20.826412,20.856163,20.52889,20.719303,4944371
2005-12-21,A,20.820461,21.046576,20.737154,20.743107,7077503.5
2005-12-22,A,20.737154,20.897816,20.707403,20.868063,5022685
2005-12-23,A,20.826412,20.915668,20.707403,20.766909,2147417.5
2005-12-27,A,20.707403,20.737154,20.195667,20.21947,3595554.8
2005-12-28,A,20.35038,20.38013,19.993355,20.171867,4692455
2005-12-29,A,20.23137,20.243273,19.91005,19.916,3647484
2005-12-30,A,19.80294,19.91005,19.689884,19.808893,3900408
2006-01-03,A,19.874348,19.981455,19.529222,19.933851,6379735.5
2006-01-04,A,19.963602,20.130215,19.856495,19.987404,5043860
2006-01-05,A,19.904099,20.51104,19.904099,20.51104,5812715.5
2006-01-06,A,20.52889,20.701454,20.284925,20.618149,7388575
2006-01-09,A,20.618149,20.707403,20.481287,20.558643,4908071
2006-01-10,A,20.38013,20.826412,20.290874,20.826412,3619418.5
2006-01-11,A,20.826412,20.874016,20.588394,20.820461,3456068.2
2006-01-12,A,20.67765,20.737154,20.338478,20.36228,6592830.5
2006-01-13,A,20.308727,20.38013,19.987404,20.20757,4930590
2006-01-17,A,20.035007,20.08856,19.814842,20.08856,4203412.5
2006-01-18,A,20.076662,20.576496,19.880297,20.505089,4746905
2006-01-19,A,20.52889,20.975172,20.522942,20.826412,5260652
2006-01-20,A,20.737154,20.826412,20.23137,20.38013,6246971.5
2006-01-23,A,20.35038,20.576496,20.314676,20.38013,2648392
2006-01-24,A,20.38013,20.558643,20.320627,20.421783,2958118.8
2006-01-25,A,20.427734,20.457487,20.326578,20.392033,2324380.2
2006-01-26,A,20.493187,20.522942,20.046907,20.296825,3840244
2006-01-27,A,20.290874,20.52889,20.278975,20.314676,3398761.2
2006-01-30,A,20.290874,20.51104,20.290874,20.469387,2203044
2006-01-31,A,20.38013,20.421783,20.177816,20.177816,4914625
2006-02-01,A,20.100462,20.826412,20.100462,20.802608,4867401
2006-02-02,A,20.52889,20.707403,20.23137,20.392033,2609403
2006-02-03,A,20.320627,20.582445,20.249222,20.427734,2404206.8
2006-02-06,A,20.392033,20.820461,20.308727,20.671701,2720488
2006-02-07,A,20.558643,20.635998,19.945751,20.23137,3627485.2
2006-02-08,A,20.261122,20.582445,20.261122,20.552692,3000805
2006-02-09,A,20.79666,21.064428,20.79666,20.903767,7649229.5
2006-02-10,A,20.826412,21.344095,20.826412,21.344095,9380877
2006-02-13,A,20.94542,21.016825,20.243273,20.49914,10681293
2006-02-14,A,20.576496,20.96327,20.433685,20.707403,6135718.5
2006-02-15,A,20.558643,20.891867,20.290874,20.820461,5768012.5
2006-02-16,A,20.760956,20.94542,20.6479,20.695501,3949816.2
2006-02-17,A,20.588394,20.909716,20.546741,20.820461,5415431.5
2006-02-21,A,20.78476,21.040627,20.778807,20.909716,5412070
2006-02-22,A,20.909716,21.088228,20.891867,21.088228,4522887
2006-02-23,A,21.123932,21.599964,21.106081,21.421452,8455225
2006-02-24,A,21.475006,21.588062,21.27864,21.373848,3526819.8
2006-02-27,A,21.332195,21.861782,21.332195,21.772526,5903129.5
2006-02-28,A,21.570211,21.718971,21.3917,21.421452,3917717.8
2006-03-01,A,21.480955,21.84393,21.480955,21.84393,3208018
2006-03-02,A,21.748724,21.778475,21.54046,21.611864,3506317
2006-03-03,A,21.463104,21.778475,21.445253,21.55236,2553272.2
2006-03-06,A,21.54046,21.623766,21.350048,21.528559,2602512.8
2006-03-07,A,21.4274,21.68922,21.367897,21.629715,4624392.5
2006-03-08,A,21.629715,21.909384,21.54046,21.754675,4300549
2006-03-09,A,21.861782,21.891535,21.522608,21.54641,4920002.5
2006-03-10,A,21.54046,21.748724,21.272692,21.647568,3575220
2006-03-13,A,21.659468,21.998642,21.659468,21.97484,5471394
2006-03-14,A,21.909384,21.98674,21.69517,21.921286,5154608.5
2006-03-15,A,21.814178,22.367565,21.671368,22.331863,6746769.5
2006-03-16,A,22.296162,22.605583,22.296162,22.456823,6055388
2006-03-17,A,22.462772,22.694838,22.385416,22.563929,8494214
2006-03-20,A,22.534176,22.552029,22.236656,22.444921,2902996.5
2006-03-21,A,22.373516,22.444921,22.01649,22.087896,4321388
2006-03-22,A,22.064096,22.1236,21.903435,22.075994,5521810.5
2006-03-23,A,22.10575,22.224754,21.820127,22.1355,3494553
2006-03-24,A,22.075994,22.314013,22.046244,22.236656,3000301
2006-03-27,A,22.087896,22.093847,21.826078,21.826078,3394223.8
2006-03-28,A,21.80823,21.855831,21.54641,21.582113,3372208.5
2006-03-29,A,21.594013,22.064096,21.594013,21.99269,4584395
2006-03-30,A,21.95699,22.314013,21.939137,22.195004,4255510
2006-03-31,A,22.195004,22.403269,22.195004,22.343763,4594982.5
2006-04-03,A,22.492523,22.825747,22.43302,22.671036,5081840.5
2006-04-04,A,22.629383,22.730541,22.516325,22.641283,3070884.2
2006-04-05,A,22.629383,22.790045,22.575829,22.742441,2903164.5
2006-04-06,A,22.700788,22.938805,22.671036,22.909052,3957042.8
2006-04-07,A,22.837648,22.909052,22.403269,22.528227,3816380
2006-04-10,A,22.468721,22.611532,21.80823,21.968887,3612696.2
2006-04-11,A,22.075994,22.165253,21.68922,21.998642,2703850.5
2006-04-12,A,21.95699,22.075994,21.57616,21.617815,2404543
2006-04-13,A,21.510708,21.855831,21.486906,21.820127,1965245
2006-04-17,A,21.814178,22.040295,21.718971,21.933187,2827203.2
2006-04-18,A,22.064096,22.73649,21.98674,22.605583,6127484
2006-04-19,A,22.563929,23.02806,22.557978,22.974506,5068060
2006-04-20,A,23.01616,23.47434,22.986408,23.188723,5872039
2006-04-21,A,23.236324,23.289877,22.944756,23.099464,3848310.8
2006-04-24,A,23.010208,23.039963,22.742441,22.861448,3052398.2
2006-04-25,A,22.8674,23.194672,22.849548,23.129217,3802767.5
2006-04-26,A,23.17682,23.206573,22.909052,23.087564,2848546.5
2006-04-27,A,23.051863,23.527895,23.010208,23.206573,4933783.5
2006-04-28,A,23.14707,23.18277,22.837648,22.861448,3335908.5
2006-05-01,A,22.938805,23.206573,22.849548,23.057812,3579589.2
2006-05-02,A,23.057812,23.266075,23.039963,23.224422,2886191
2006-05-03,A,23.17682,23.218473,22.950705,23.16492,2299340
2006-05-04,A,23.16492,23.373182,23.02806,23.123268,3399265.5
2006-05-05,A,23.206573,23.355333,23.117315,23.29583,2461177.8
2006-05-08,A,23.266075,23.47434,23.18277,23.206573,3675885.2
2006-05-09,A,23.289877,23.289877,22.968555,23.135168,2716622.8
2006-05-10,A,23.02806,23.200623,22.891201,23.010208,3328177.8
2006-05-11,A,22.849548,23.057812,22.712688,23.010208,4297019.5
2006-05-12,A,22.879301,22.938805,22.1236,22.165253,5692051
2006-05-15,A,22.224754,22.688889,22.165253,22.593681,5755072
2006-05-16,A,21.570211,21.772526,20.641949,20.737154,16226631
2006-05-17,A,20.707403,20.94542,20.582445,20.701454,7373282
2006-05-18,A,20.808561,21.153683,20.689552,20.731205,5271071.5
2006-05-19,A,20.79666,20.903767,20.558643,20.81451,6863064.5
2006-05-22,A,20.78476,20.808561,20.320627,20.493187,6021272.5
2006-05-23,A,20.546741,20.897816,20.469387,20.522942,4799002.5
2006-05-24,A,20.463436,20.838312,19.933851,20.302774,5472738.5
2006-05-25,A,20.469387,20.49914,19.92195,20.177816,6373685.5
2006-05-26,A,20.320627,20.707403,20.23732,20.606247,3686136.8
2006-05-30,A,20.570543,20.618149,20.243273,20.278975,4434321.5
2006-05-31,A,20.273024,20.79666,20.273024,20.760956,6551152.5
2006-06-01,A,20.6479,20.915668,20.594345,20.844261,5213428
2006-06-02,A,20.879965,21.189386,20.755007,21.135832,4412642
2006-06-05,A,21.004923,21.046576,20.415834,20.433685,5217629.5
2006-06-06,A,20.582445,20.594345,20.046907,20.255173,5352074.5
2006-06-07,A,20.261122,20.487238,19.993355,20.171867,3767643.8
2006-06-08,A,20.052858,20.06476,19.517323,19.9398,5129064
2006-06-09,A,19.9398,20.261122,19.79104,20.07071,3953681.8
2006-06-12,A,20.052858,20.136164,19.148397,19.398314,8576562
2006-06-13,A,19.33881,19.499472,18.624762,18.714018,12638807
2006-06-14,A,18.714018,19.01154,18.654514,18.993687,7395801.5
2006-06-15,A,19.065092,19.933851,19.053192,19.862446,6784582
2006-06-16,A,19.76724,19.945751,19.672033,19.844593,4242737.5
2006-06-19,A,19.874348,19.957653,19.19005,19.255505,3340782
2006-06-20,A,19.249554,19.434017,19.082943,19.148397,2508065.2
2006-06-21,A,19.142447,19.564926,19.142447,19.434017,2324548.2
2006-06-22,A,19.374514,19.46972,19.100794,19.201952,2222034.2
2006-06-23,A,19.04129,19.04129,17.756002,18.559307,10222669
2006-06-26,A,18.624762,18.767572,18.481953,18.708069,4727242.5
2006-06-27,A,18.208235,18.684265,18.077324,18.113028,6096561.5
2006-06-28,A,18.107077,18.339142,17.892862,18.184431,4189464
2006-06-29,A,18.249887,18.767572,18.14873,18.749722,4525239.5
2006-06-30,A,18.779472,19.106745,18.767572,18.779472,6529641.5
2006-07-03,A,18.88658,19.04129,18.731869,18.957985,1675012.5
2006-07-05,A,18.844927,18.89253,18.476002,18.642612,4167952.8
2006-07-06,A,18.636663,18.963936,18.630713,18.827076,2469412.5
2006-07-07,A,18.74377,18.74377,18.29154,18.45815,2854764.5
2006-07-10,A,18.553358,18.684265,18.166582,18.29749,2632594.8
2006-07-11,A,18.237986,18.237986,17.476336,17.958317,8768481
2006-07-12,A,17.958317,17.958317,16.589724,16.958649,11728281
2006-07-13,A,16.928898,17.155012,16.786087,16.940798,6549136
2006-07-14,A,16.928898,17.131212,16.750385,17.071707,4209462.5
2006-07-17,A,17.047905,17.190714,16.976501,17.160963,4135854.2
2006-07-18,A,17.155012,17.256168,16.470716,16.839642,4399534
2006-07-19,A,16.887243,17.55369,16.887243,17.494184,3766299.5
2006-07-20,A,17.55369,17.827408,17.089558,17.11931,4112494.5
2006-07-21,A,17.196665,17.202616,16.351707,16.577824,5906322.5
2006-07-24,A,16.595675,17.41088,16.595675,17.279972,5991526.5
2006-07-25,A,17.279972,17.744102,17.184765,17.351376,4461210.5
2006-07-26,A,17.303772,17.321625,16.54212,16.54807,9582712
2006-07-27,A,16.661129,16.768236,16.357658,16.38146,5966654.5
2006-07-28,A,16.440964,16.762285,16.345757,16.613525,5324009
2006-07-31,A,16.54212,16.98245,16.452866,16.922947,2877620
2006-08-01,A,16.851542,16.863443,16.51237,16.69088,4500199
2006-08-02,A,16.661129,17.000301,16.54212,16.738483,4084093
2006-08-03,A,16.571873,16.863443,16.506418,16.780138,2672760
2006-08-04,A,17.024103,17.256168,16.51237,16.69088,2550079.2
2006-08-07,A,16.625427,16.661129,16.36956,16.51237,2476470.8
2006-08-08,A,16.51237,16.54807,16.042286,16.113691,3503124
2006-08-09,A,16.321957,16.81584,16.155344,16.2327,2778635.2
2006-08-10,A,16.179146,16.577824,16.113691,16.54212,4013173.5
2006-08-11,A,16.452866,16.470716,16.125593,16.185097,2754099
2006-08-14,A,16.327908,17.178814,16.313684,16.940798,6473511
2006-08-15,A,18.380795,18.952034,18.267738,18.517654,10519959
2006-08-16,A,18.88658,19.207901,18.351044,19.04724,6932975.5
2006-08-17,A,19.04129,19.237654,18.874678,19.207901,3724285.5
2006-08-18,A,19.201952,19.201952,18.696167,18.922281,4928069.5
2006-08-21,A,18.862778,18.868729,18.565258,18.636663,2341858
2006-08-22,A,18.553358,18.731869,18.356995,18.380795,3867637
2006-08-23,A,18.327242,18.541456,18.160631,18.172531,2159517.5
2006-08-24,A,18.267738,18.44625,18.14873,18.190382,2888543.8
2006-08-25,A,18.130878,18.249887,18.059473,18.130878,3295743
2006-08-28,A,18.113028,18.422447,18.101126,18.327242,2616965.5
2006-08-29,A,18.374846,18.714018,18.362946,18.660465,3765123
2006-08-30,A,18.779472,19.100794,18.75567,19.04129,4213832
2006-08-31,A,19.148397,19.19005,18.821125,19.136497,3060633
2006-09-01,A,19.136497,19.19005,18.75567,18.75567,3738906.2
2006-09-05,A,18.648563,18.833027,18.368895,18.785423,3494385
2006-09-06,A,18.654514,18.660465,18.237986,18.261787,3987124.8
2006-09-07,A,18.178482,18.416498,18.035671,18.113028,3948135.8
2006-09-08,A,18.14873,18.356995,18.118979,18.255836,2033475.6
2006-09-11,A,18.178482,18.672365,18.178482,18.499804,8395397
2006-09-12,A,18.493853,18.833027,18.4522,18.74377,5059825
2006-09-13,A,18.803274,18.850878,18.565258,18.654514,3262132
2006-09-14,A,18.505754,18.58906,18.29749,18.44625,3751342.5
2006-09-15,A,18.45815,18.476002,18.14873,18.398647,7885348
2006-09-18,A,18.404598,18.630713,18.321293,18.553358,4102075
2006-09-19,A,18.565258,18.725918,18.351044,18.714018,4558346.5
2006-09-20,A,18.940134,19.451868,18.916332,19.398314,5962285
2006-09-21,A,19.612528,19.874348,19.535175,19.683935,6172859
2006-09-22,A,19.606579,19.62443,19.154346,19.32691,4243242
2006-09-25,A,19.35666,19.737486,19.207901,19.570875,3223815.2
2006-09-26,A,19.529222,19.785091,19.35666,19.600628,3871670.5
2006-09-27,A,19.606579,19.666082,19.112694,19.201952,6799539
2006-09-28,A,19.148397,19.64228,19.076994,19.62443,6581234.5
2006-09-29,A,19.63633,19.737486,19.422115,19.451868,2446557
2006-10-02,A,19.33881,19.50542,19.112694,19.231703,4759341.5
2006-10-03,A,19.082943,19.386415,19.071041,19.184101,3870494
2006-10-04,A,19.130547,19.707735,19.124596,19.660133,4257022.5
2006-10-05,A,19.541124,19.64228,19.33881,19.576828,2855941
2006-10-06,A,19.428068,19.874348,19.291206,19.808893,3527324
2006-10-09,A,19.666082,19.981455,19.499472,19.886246,4687077.5
2006-10-10,A,19.844593,19.999306,19.76724,19.844593,3444808.5
2006-10-11,A,19.63633,20.029057,19.511374,19.743439,4313153
2006-10-12,A,19.761288,20.06476,19.737486,19.981455,2846361.8
2006-10-13,A,19.933851,20.606247,19.927902,20.52889,5008232
2006-10-16,A,20.52889,20.606247,20.35038,20.421783,3140627.5
2006-10-17,A,20.171867,20.588394,20.171867,20.469387,8431025
2006-10-18,A,20.618149,20.897816,20.552692,20.832361,6451327.5
2006-10-19,A,20.737154,20.885914,20.618149,20.778807,3613032.5
2006-10-20,A,20.808561,20.850214,20.618149,20.778807,3259275
2006-10-23,A,20.879965,21.076326,20.570543,20.701454,3222638.8
2006-10-24,A,20.67765,20.79666,20.576496,20.78476,3032903.8
2006-10-25,A,20.766909,20.856163,20.641949,20.844261,2697296.2
2006-10-26,A,20.897816,21.11203,20.766909,21.076326,1562079
2006-10-27,A,21.076326,21.09418,20.707403,20.755007,3972840
2006-10-30,A,20.707403,20.874016,20.618149,20.766909,1917349
2006-10-31,A,20.826412,21.308395,20.808561,21.183435,4679347
2006-11-01,A,21.408829,21.81932,21.187792,21.528818,5160334.5
2006-11-02,A,21.453035,21.45935,20.966759,21.099379,3252583
2006-11-03,A,21.175161,21.288837,20.7773,20.796246,4438277
2006-11-06,A,20.796246,21.54145,20.7773,21.490927,5724679
2006-11-07,A,21.478294,21.636177,21.238316,21.238316,2962810
2006-11-08,A,21.080433,21.396198,21.029911,21.263575,3106904.8
2006-11-09,A,21.364622,21.623549,21.351992,21.522505,5327072.5
2006-11-10,A,21.522505,21.730907,21.490927,21.6867,3211096.2
2006-11-13,A,21.66144,22.19824,21.629864,22.10351,6573413
2006-11-14,A,20.7773,21.11201,20.366806,20.840452,19129926
2006-11-15,A,20.840452,21.11201,20.7773,20.928865,5503628
2006-11-16,A,20.960442,21.440405,20.840452,21.250946,5183611
2006-11-17,A,21.130955,21.370937,21.029911,21.314098,3947246.5
2006-11-20,A,21.187792,21.45935,21.130955,21.307785,3545523
2006-11-21,A,21.307785,21.307785,21.124641,21.238316,5395003
2006-11-22,A,21.187792,21.219368,21.029911,21.105694,6768020
2006-11-24,A,20.97939,21.282522,20.966759,21.194109,1526296
2006-11-27,A,21.124641,21.130955,20.493113,20.594156,4217543
2006-11-28,A,20.58784,20.770983,20.398382,20.58784,5793559.5
2006-11-29,A,20.58784,20.619417,20.02578,20.234184,9575809
2006-11-30,A,20.2405,20.303654,20.082617,20.10788,7014406.5
2006-12-01,A,20.189978,20.25313,20.006834,20.189978,3849863.8
2006-12-04,A,20.208923,20.68257,20.208923,20.600471,5044583.5
2006-12-05,A,20.840452,21.364622,20.68257,20.941496,6482206
2006-12-06,A,20.960442,21.042542,20.770983,20.884659,3016014.2
2006-12-07,A,21.029911,21.250946,20.935183,20.97939,3726195.5
2006-12-08,A,20.966759,21.276207,20.865713,21.11201,2260387.5
2006-12-11,A,21.061487,21.282522,21.004648,21.200424,2194674
2006-12-12,A,21.156216,21.737223,20.878345,21.383568,6682196.5
2006-12-13,A,21.383568,21.471981,21.232,21.370937,3688826
2006-12-14,A,21.314098,21.642494,21.314098,21.509874,4769378.5
2006-12-15,A,21.484612,21.67407,21.408829,21.522505,4088807.8
2006-12-18,A,21.522505,21.66144,21.421457,21.522505,1799284.4
2006-12-19,A,21.282522,21.66144,21.257261,21.547764,2224126.5
2006-12-20,A,21.566711,22.071934,21.497242,21.503557,6721783
2006-12-21,A,21.453035,21.718277,21.351992,21.629864,3310537.5
2006-12-22,A,21.522505,21.718277,21.257261,21.295155,2721807.5
2006-12-26,A,21.282522,21.67407,21.250946,21.598288,1490193.2
2006-12-27,A,21.718277,21.977203,21.680387,21.914051,2296648.8
2006-12-28,A,21.800377,22.43822,21.800377,22.33086,5865448.5
2006-12-29,A,22.261393,22.539265,21.964573,22.00878,2767411.2
2007-01-03,A,22.097197,22.406643,21.503557,21.66144,4078673.5
2007-01-04,A,21.66144,21.850897,21.130955,21.730907,3284727.2
2007-01-05,A,21.66144,21.724594,21.471981,21.528818,4238286
2007-01-08,A,21.45935,21.522505,21.269892,21.453035,2465762.2
2007-01-09,A,21.522505,21.67407,21.238316,21.478294,2194990.8
2007-01-10,A,21.497242,21.497242,21.074118,21.282522,3416946
2007-01-11,A,21.364622,21.497242,21.061487,21.282522,3306737.2
2007-01-12,A,21.263575,21.497242,21.181479,21.219368,2226185
2007-01-16,A,21.16253,21.427774,21.055172,21.181479,4903180.5
2007-01-17,A,21.11201,21.143585,20.688885,20.758352,4216909.5
2007-01-18,A,20.68257,20.707832,20.145771,20.366806,5744314
2007-01-19,A,20.429958,20.802559,20.411013,20.714146,3965456.2
2007-01-22,A,20.632046,20.669939,20.518373,20.568895,5337206.5
2007-01-23,A,20.45522,20.789928,20.404697,20.657309,4235752.5
2007-01-24,A,20.657309,20.840452,20.499426,20.594156,4510324.5
2007-01-25,A,20.581526,20.758352,20.215237,20.246817,2945708.8
2007-01-26,A,20.208923,20.524689,20.202608,20.442589,2840250.2
2007-01-29,A,20.37312,20.499426,20.158401,20.202608,3204604.2
2007-01-30,A,20.202608,20.259447,20.126825,20.208923,2274163.8
2007-01-31,A,20.208923,20.272076,20.145771,20.208923,3594768.5
2007-02-01,A,20.316282,20.524689,20.208923,20.328913,4127919
2007-02-02,A,20.379436,20.38575,19.867897,19.962627,8514892
2007-02-05,A,19.981573,20.133139,19.728962,20.101562,3977807.2
2007-02-06,A,20.284706,20.316282,20.05104,20.208923,3982557.5
2007-02-07,A,20.2405,20.650993,20.2405,20.568895,5415746
2007-02-08,A,20.493113,20.6952,20.38575,20.632046,4016918.5
2007-02-09,A,20.625732,20.827822,20.54995,20.625732,3735063
2007-02-12,A,20.600471,20.688885,20.53732,20.581526,2311272
2007-02-13,A,20.625732,20.890976,20.543633,20.827822,3859918.8
2007-02-14,A,20.745722,21.093065,20.745722,20.802559,4568279
2007-02-15,A,20.834139,21.566711,20.815191,21.364622,6484478
2007-02-16,A,21.295155,21.307785,20.556263,20.6952,8932450
2007-02-20,A,20.512056,20.650993,20.316282,20.518373,6433752
2007-02-21,A,20.41733,20.827822,20.398382,20.68257,6350462
2007-02-22,A,20.720463,20.935183,20.720463,20.840452,5311554.5
2007-02-23,A,21.004648,21.099379,20.745722,21.010965,5010539
2007-02-26,A,21.004648,21.067802,20.846766,21.017279,4690680.5
2007-02-27,A,20.7773,20.872028,19.987888,20.278393,6871895
2007-02-28,A,20.278393,20.366806,19.962627,20.05104,4819890.5
2007-03-01,A,19.672123,19.994204,19.457403,19.855267,4606907.5
2007-03-02,A,19.79843,19.912106,19.38162,19.400566,3888183.5
2007-03-05,A,19.198477,19.665808,19.110064,19.38162,3394461
2007-03-06,A,19.47635,19.577394,19.198477,19.470034,4744834.5
2007-03-07,A,19.451088,19.57108,19.343729,19.43846,4034811.8
2007-03-08,A,19.577394,20.196293,19.577394,20.044725,7125090
2007-03-09,A,20.069988,20.208923,19.867897,20.057356,5893476
2007-03-12,A,20.019464,20.297337,20.000519,20.297337,4327435
2007-03-13,A,20.10788,20.221554,19.943682,20.000519,4731058.5
2007-03-14,A,20.000519,20.25313,19.899475,20.208923,4795442
2007-03-15,A,20.139454,20.215237,19.861584,20.019464,3404911.8
2007-03-16,A,20.01315,20.158401,19.912106,20.05104,3404278.2
2007-03-19,A,20.196293,20.3226,20.069988,20.114195,2222384.5
2007-03-20,A,20.145771,20.474165,20.095247,20.246817,4016918.5
2007-03-21,A,20.303654,20.354176,20.133139,20.26576,3682967
2007-03-22,A,20.398382,20.707832,20.208923,20.581526,5533397
2007-03-23,A,20.505743,21.276207,20.505743,20.97939,5318047
2007-03-26,A,20.853083,21.055172,20.474165,21.055172,4693372
2007-03-27,A,21.029911,21.351992,20.947811,21.238316,4763678
2007-03-28,A,21.017279,21.314098,20.947811,21.143585,4021352.2
2007-03-29,A,21.320414,21.44672,21.143585,21.288837,5672583
2007-03-30,A,21.269892,21.37725,21.168848,21.276207,4054921.5
2007-04-02,A,21.238316,21.471981,21.149902,21.44672,3553281.8
2007-04-03,A,21.509874,21.90142,21.471981,21.81932,5047275.5
2007-04-04,A,21.895103,21.996151,21.831953,21.98352,3824686.8
2007-04-05,A,21.977203,22.071934,21.907736,21.920366,4219759.5
2007-04-09,A,21.989834,22.229816,21.945627,22.141403,4116043.2
2007-04-10,A,21.989834,22.10351,21.951942,22.046673,3085686.5
2007-04-11,A,22.02141,22.071934,21.831953,21.86353,4158321.5
2007-04-12,A,21.87616,22.071934,21.800377,22.02141,3132398.5
2007-04-13,A,22.166662,22.166662,21.623549,21.7688,5181711
2007-04-16,A,21.787746,22.109823,21.737223,22.09088,3166442.8
2007-04-17,A,22.002466,22.608732,21.977203,22.457167,6160447
2007-04-18,A,22.229816,22.514004,22.12877,22.406643,4562103.5
2007-04-19,A,22.3877,22.507689,22.18561,22.255077,3588276.2
2007-04-20,A,22.539265,22.577156,22.2235,22.406643,5060742.5
2007-04-23,A,22.31823,22.482426,21.775114,22.356123,3507678.2
2007-04-24,A,22.419273,22.501373,22.229816,22.31823,3094371.8
2007-04-25,A,22.34349,22.406643,22.210869,22.210869,5859748
2007-04-26,A,22.286654,22.349806,22.11614,22.147717,6912273
2007-04-27,A,22.00878,22.12877,21.857214,21.920366,4706831.5
2007-04-30,A,21.958258,22.00878,21.693016,21.705647,4635101
2007-05-01,A,21.775114,22.728725,21.724594,22.728725,6990075
2007-05-02,A,22.66557,23.088696,22.608732,22.97502,5117644
2007-05-03,A,22.949759,23.09501,22.861345,23.019228,4104325.5
2007-05-04,A,23.019228,23.37288,22.930813,23.366568,4822424
2007-05-07,A,23.334991,23.593918,23.278154,23.51182,3810118.8
2007-05-08,A,23.398144,23.63181,23.353937,23.581287,3628971.2
2007-05-09,A,23.423405,23.682331,23.37288,23.64444,3038182.8
2007-05-10,A,23.366568,23.473927,22.722408,22.741352,5379010
2007-05-11,A,22.684515,22.937128,22.406643,22.867659,6474447
2007-05-14,A,23.025541,23.202372,22.551895,22.678202,5761488
2007-05-15,A,23.574974,24.294916,23.574974,23.85916,13249333
2007-05-16,A,23.663387,23.909683,23.600233,23.88442,4353245.5
2007-05-17,A,23.612864,23.991783,23.612864,23.764431,3947404.8
2007-05-18,A,23.732855,24.137033,23.713907,23.998096,4331710
2007-05-21,A,23.745483,24.313862,23.745483,24.200186,5572350.5
2007-05-22,A,24.219131,24.471743,24.130716,24.339123,6283801.5
2007-05-23,A,24.51595,24.61068,24.307547,24.364384,4132036
2007-05-24,A,23.909683,24.534895,23.73917,23.796007,4960026.5
2007-05-25,A,23.814953,24.339123,23.682331,24.231762,4735492.5
2007-05-29,A,24.313862,24.358068,24.061249,24.200186,3365958.8
2007-05-30,A,24.061249,24.25071,24.010727,24.18124,3133348.5
2007-05-31,A,24.111773,24.206503,24.061249,24.105455,3437420.2
2007-06-01,A,24.105455,24.225447,23.903366,24.174923,3009205.2
2007-06-04,A,23.998096,24.39596,23.991783,24.307547,2525775.2
2007-06-05,A,24.130716,24.351753,24.118086,24.294916,3108646.5
2007-06-06,A,24.111773,24.313862,24.092827,24.231762,3370802.5
2007-06-07,A,24.07388,24.231762,23.530764,23.530764,4040670.5
2007-06-08,A,23.556026,23.713907,23.328674,23.701277,4426084.5
2007-06-11,A,23.606548,23.947573,23.461298,23.814953,2382630.8
2007-06-12,A,23.64444,23.890738,23.42972,23.663387,3417104.2
2007-06-13,A,23.88442,24.294916,23.82127,24.294916,3174043.5
2007-06-14,A,24.231762,24.616995,24.225447,24.534895,2529222.5
2007-06-15,A,24.616995,24.629625,24.25071,24.452799,4436852
2007-06-18,A,24.503319,24.774878,24.459112,24.566473,3276605.8
2007-06-19,A,24.509636,24.907497,24.503319,24.8254,2612390.5
2007-06-20,A,24.8254,24.882238,24.389645,24.46543,3067476.8
2007-06-21,A,24.46543,24.736984,24.212816,24.718039,2827153.5
2007-06-22,A,24.579102,24.654886,24.017042,24.40859,4021352.2
2007-06-25,A,24.414906,24.629625,24.067566,24.30123,3913993.8
2007-06-26,A,24.370699,24.433851,24.00441,24.25071,2614409.5
2007-06-27,A,24.111773,24.351753,23.960203,24.307547,2605740
2007-06-28,A,24.313862,24.528582,24.029673,24.30123,3024248.2
2007-06-29,A,24.421219,24.616995,24.08651,24.275969,2961068.2
2007-07-02,A,24.440166,24.806452,24.282286,24.755932,2877303.2
2007-07-03,A,24.755932,25.122217,24.635939,25.059065,2516591.2
2007-07-05,A,25.185371,25.185371,24.711725,24.989597,4018343.8
2007-07-06,A,24.939075,25.198002,24.838032,25.147478,3324947
2007-07-09,A,25.008541,25.248524,25.008541,25.185371,2795280
2007-07-10,A,25.179054,25.216948,24.945389,25.071695,3468091.8
2007-07-11,A,24.945389,25.198002,24.945389,25.191685,2877620
2007-07-12,A,25.198002,25.513767,25.103271,25.513767,4443344
2007-07-13,A,25.381144,25.406406,25.198002,25.235893,4124435.5
2007-07-16,A,25.090641,25.261154,25.07801,25.16011,2239802.8
2007-07-17,A,24.970652,25.198002,24.920128,25.134848,4303999.5
2007-07-18,A,24.875921,25.096958,24.736984,25.021173,3241498.8
2007-07-19,A,25.128534,25.29273,25.014858,25.185371,3219963.8
2007-07-20,A,25.185371,25.185371,24.86329,24.869606,3584792.8
2007-07-23,A,25.261154,25.431667,24.869606,25.153795,3939870.8
2007-07-24,A,25.261154,25.526396,24.661201,24.749615,3302778.5
2007-07-25,A,25.134848,25.134848,24.471743,24.724356,3418529.5
2007-07-26,A,24.882238,24.882238,23.928627,24.275969,5992489.5
2007-07-27,A,24.15598,24.370699,23.770746,23.770746,5098262.5
2007-07-30,A,23.663387,24.080196,23.530764,24.054934,4394415
2007-07-31,A,24.15598,24.402275,23.934944,24.092827,5402603.5
2007-08-01,A,24.029673,24.497005,23.88442,24.09914,8188066
2007-08-02,A,24.616995,24.629625,24.023357,24.389645,4442552.5
2007-08-03,A,24.440166,24.547525,23.985466,23.985466,6038204
2007-08-06,A,24.162292,24.19387,23.732855,24.19387,4281831.5
2007-08-07,A,23.87179,24.433851,23.840214,24.187555,4688147
2007-08-08,A,24.187555,24.402275,23.95389,24.30123,4962560.5
2007-08-09,A,24.566473,24.86329,22.469797,22.66557,8463588
2007-08-10,A,23.113955,23.113955,22.280336,22.577156,5484310
2007-08-13,A,22.735039,23.423405,22.735039,22.943445,5160967.5
2007-08-14,A,22.608732,23.42972,22.608732,22.943445,4651885.5
2007-08-15,A,19.855267,20.884659,19.672123,20.45522,12503783
2007-08-16,A,20.398382,20.827822,20.069988,20.701515,10766887
2007-08-17,A,20.745722,22.10351,20.613102,21.364622,8615125
2007-08-20,A,21.295155,21.402512,20.903605,21.219368,5614945.5
2007-08-21,A,21.156216,21.497242,21.061487,21.434088,3437214.2
2007-08-22,A,21.547764,21.781431,21.396198,21.711962,3214421.5
2007-08-23,A,21.787746,21.989834,21.560394,21.87616,3388443.8
2007-08-24,A,21.907736,22.267706,21.800377,22.229816,2628858.5
2007-08-27,A,22.179293,22.31823,22.02141,22.191923,2823940.8
2007-08-28,A,22.071934,22.242447,21.850897,21.895103,4879112
2007-08-29,A,22.09088,22.495058,22.059303,22.495058,2990995.5
2007-08-30,A,22.406643,22.82977,22.242447,22.62768,2832649.8
2007-08-31,A,22.924498,23.076065,22.779245,22.987652,3587009.5
2007-09-04,A,23.107641,23.164478,22.741352,23.025541,2509307.2
2007-09-05,A,22.804508,22.861345,22.646626,22.836082,3303887
2007-09-06,A,22.741352,23.101326,22.633995,23.101326,2407966
2007-09-07,A,22.791876,23.025541,22.766615,22.911865,3237856.8
2007-09-10,A,23.006596,23.050804,22.583471,22.798191,3178160.5
2007-09-11,A,22.861345,23.050804,22.74767,22.930813,3460174.5
2007-09-12,A,22.817139,23.050804,22.728725,22.918182,2862735.5
2007-09-13,A,23.006596,23.050804,22.873976,22.949759,2163321.5
2007-09-14,A,22.880291,23.107641,22.716093,22.836082,2768519.5
2007-09-17,A,22.722408,22.892921,22.589787,22.753984,1580925.4
2007-09-18,A,22.823452,23.61918,22.823452,23.492874,3118305.8
2007-09-19,A,23.52445,23.701277,23.398144,23.530764,3640372
2007-09-20,A,23.436037,23.530764,23.278154,23.379198,2454994.8
2007-09-21,A,23.44235,23.61918,23.120272,23.30973,5021465
2007-09-24,A,23.221315,23.37288,22.956074,23.088696,2689188.2
2007-09-25,A,22.987652,23.341307,22.962389,23.221315,2463228.8
2007-09-26,A,23.461298,23.461298,23.208685,23.322361,3109596.8
2007-09-27,A,23.366568,23.499187,23.221315,23.353937,3010472
2007-09-28,A,23.303415,23.467611,23.126587,23.290785,3589859.8
2007-10-01,A,23.347622,23.682331,23.303415,23.37288,5761732
2007-10-02,A,23.303415,23.52445,23.303415,23.366568,3297870
2007-10-03,A,23.328674,23.398144,23.006596,23.259209,2137036.2
2007-10-04,A,23.284468,23.574974,23.278154,23.492874,3155675.2
2007-10-05,A,23.61918,23.95389,23.587603,23.865477,2449611
2007-10-08,A,23.827583,23.991783,23.764431,23.928627,1581875.5
2007-10-09,A,23.94126,24.118086,23.915997,24.09914,2079398.2
2007-10-10,A,24.042303,24.118086,23.802322,23.915997,1878615.6
2007-10-11,A,23.991783,24.149664,23.492874,23.549711,2765827.8
2007-10-12,A,23.606548,23.878107,23.473927,23.7518,1384734.9
2007-10-15,A,23.94126,24.40859,23.7518,24.111773,3334606.2
2007-10-16,A,24.358068,24.831715,24.03599,24.187555,4152937.8
2007-10-17,A,24.345436,24.534895,23.97915,24.231762,3641322.2
2007-10-18,A,24.282286,24.377012,24.023357,24.269653,1097970.4
2007-10-19,A,24.257023,24.257023,23.505505,23.556026,2814123.2
2007-10-22,A,23.30973,23.423405,22.842398,23.113955,2154295.8
2007-10-23,A,23.328674,23.606548,23.177109,23.574974,2259596
2007-10-24,A,23.410774,23.568657,23.00028,23.303415,4205508.5
2007-10-25,A,23.366568,23.448668,22.735039,22.886606,2407174.2
2007-10-26,A,23.120272,23.366568,22.381382,22.753984,2059605
2007-10-29,A,22.886606,23.044489,22.66557,22.753984,2298549
2007-10-30,A,22.659256,22.848715,22.40033,22.646626,1899834
2007-10-31,A,22.823452,23.297098,22.633995,23.271837,2719590.8
2007-11-01,A,23.158161,23.40446,22.880291,22.899235,3045149.8
2007-11-02,A,22.956074,23.202372,22.621363,22.74767,2079239.9
2007-11-05,A,22.425589,22.728725,22.19824,22.539265,3377993
2007-11-06,A,22.589787,22.892921,22.349806,22.817139,3512903.5
2007-11-07,A,22.501373,22.842398,22.122456,22.160347,3369600.5
2007-11-08,A,22.267706,22.267706,21.554081,22.09088,3765307
2007-11-09,A,21.75617,21.787746,21.017279,21.086748,5060418
2007-11-12,A,20.758352,21.453035,20.758352,21.16253,4445561
2007-11-13,A,21.295155,21.478294,21.080433,21.415144,2905488.8
2007-11-14,A,21.503557,21.781431,21.339361,21.598288,2910399
2007-11-15,A,21.288837,22.071934,21.194109,21.282522,3858891
2007-11-16,A,22.097197,23.341307,22.059303,23.189741,10055123
2007-11-19,A,23.00028,23.22763,22.564526,22.608732,5551765.5
2007-11-20,A,22.602419,23.316044,22.602419,23.057117,4515459.5
2007-11-21,A,22.911865,23.436037,22.709778,23.177109,3683283.8
2007-11-23,A,23.284468,23.379198,23.088696,23.30973,1354332.4
2007-11-26,A,23.265524,23.72654,23.076065,23.076065,3692943
2007-11-27,A,23.031858,23.467611,22.987652,23.259209,3955163.8
2007-11-28,A,23.385513,24.042303,23.271837,23.96652,3627470
2007-11-29,A,23.934944,24.08651,23.638124,23.663387,4889088
2007-11-30,A,23.991783,23.998096,23.732855,23.890738,2981178
2007-12-03,A,23.6697,24.118086,23.6697,23.840214,2305240.8
2007-12-04,A,23.745483,24.08651,23.638124,23.6697,4798672.5
2007-12-05,A,23.947573,24.118086,23.694963,23.897053,3191461.5
2007-12-06,A,23.890738,24.118086,23.676018,23.96652,3692467.8
2007-12-07,A,23.960203,24.149664,23.840214,24.00441,1938470.4
2007-12-10,A,24.023357,24.105455,23.87179,23.928627,2307099.8
2007-12-11,A,23.915997,23.928627,23.01291,23.031858,3940596
2007-12-12,A,23.720224,24.09914,23.09501,23.423405,3456849.2
2007-12-13,A,23.259209,23.492874,23.09501,23.341307,3129389.8
2007-12-14,A,23.113955,23.341307,22.899235,22.930813,3217113.5
2007-12-17,A,22.785563,23.025541,22.34349,22.381382,3378468
2007-12-18,A,22.501373,22.728725,22.09088,22.17298,3169926.5
2007-12-19,A,22.17298,22.583471,22.160347,22.419273,3438322.8
2007-12-20,A,22.495058,23.044489,22.495058,23.00028,3133508.5
2007-12-21,A,23.208685,23.581287,23.113955,23.486557,4191887.8
2007-12-24,A,23.423405,23.549711,23.278154,23.353937,1217681.5
2007-12-26,A,23.240261,23.688646,23.240261,23.663387,2213359
2007-12-27,A,23.549711,23.701277,23.45498,23.45498,2982361
2007-12-28,A,23.417091,23.688646,23.417091,23.676018,3724301.8
2007-12-31,A,23.556026,23.587603,23.120272,23.202372,3222180.5
2008-01-02,A,23.158161,23.240261,22.810822,22.924498,2943491.8
2008-01-03,A,22.924498,22.956074,22.652939,22.697145,3159634
2008-01-04,A,22.469797,22.640308,21.926683,21.958258,5594518.5
2008-01-07,A,22.31823,22.659256,22.135086,22.31823,5552607.5
2008-01-08,A,22.33086,22.577156,22.19824,22.286654,6434385.5
2008-01-09,A,22.03404,22.551895,21.926683,22.34349,6074148.5
2008-01-10,A,22.292969,23.52445,22.191923,23.347622,7012905
2008-01-11,A,23.177109,23.625494,22.722408,22.735039,4646185
2008-01-14,A,23.890738,23.890738,22.861345,23.139217,3124639.5
2008-01-15,A,22.766615,22.949759,22.520319,22.728725,4388873
2008-01-16,A,22.577156,22.911865,22.10351,22.526632,6402874.5
2008-01-17,A,22.54558,22.817139,22.2235,22.324545,5827604
2008-01-18,A,22.204554,22.204554,20.903605,21.257261,11117940
2008-01-22,A,20.189978,20.922552,19.741592,20.739408,7814211.5
2008-01-23,A,20.01315,21.194109,19.861584,21.11201,7620079.5
2008-01-24,A,21.137272,21.484612,21.017279,21.219368,4846176
2008-01-25,A,21.503557,21.503557,20.840452,20.960442,4341527.5
2008-01-28,A,20.947811,21.194109,20.707832,21.168848,3759923.2
2008-01-29,A,21.219368,21.250946,20.941496,21.143585,2751893.2
2008-01-30,A,21.130955,22.046673,20.941496,21.585657,4235277.5
2008-01-31,A,21.20674,21.554081,21.048859,21.383568,9600670
2008-02-01,A,21.471981,21.88879,21.326729,21.762484,9943805
2008-02-04,A,21.718277,22.015097,21.6867,21.762484,2880948.2
2008-02-05,A,21.345675,21.844584,21.200424,21.213055,5303320.5
2008-02-06,A,21.471981,21.831953,21.168848,21.238316,5298253.5
2008-02-07,A,21.080433,21.156216,20.33523,20.474165,8738793
2008-02-08,A,20.328913,20.411013,20.088932,20.208923,8698573
2008-02-11,A,20.208923,20.208923,19.943682,20.12051,7285336
2008-02-12,A,20.208923,20.398382,20.076303,20.114195,6122922
2008-02-13,A,20.2405,20.941496,20.158401,20.638363,9531146
2008-02-14,A,20.638363,20.733093,19.60897,19.91842,10586215
2008-02-15,A,19.83632,19.91842,19.248999,19.35636,5816044.5
2008-02-19,A,19.539503,19.640547,19.36899,19.533188,6181032
2008-02-20,A,19.331099,19.962627,19.312153,19.912106,5460127.5
2008-02-21,A,19.943682,20.189978,19.867897,19.962627,6312459
2008-02-22,A,19.848951,19.943682,19.43846,19.83632,3523829.5
2008-02-25,A,19.842636,20.076303,19.703701,19.893158,4841584
2008-02-26,A,19.83632,20.152086,19.728962,20.126825,10338403
2008-02-27,A,20.044725,20.486795,19.987888,20.227869,3277760
2008-02-28,A,20.032095,20.152086,19.678438,19.987888,3993958.5
2008-02-29,A,19.747908,19.848951,19.267946,19.331099,5616212
2008-03-03,A,19.343729,19.47635,19.135324,19.413197,3207296
2008-03-04,A,19.198477,19.406881,18.91429,19.267946,5217655.5
2008-03-05,A,19.179531,19.444775,19.04691,19.324783,4260731.5
2008-03-06,A,19.267946,19.387936,19.009018,19.034279,3346165.5
2008-03-07,A,18.920605,19.35636,18.83219,18.990072,4551969.5
2008-03-10,A,18.95218,19.04691,18.623785,18.655363,3891825.2
2008-03-11,A,19.040594,19.204792,18.598526,19.160585,4854410
2008-03-12,A,19.1669,19.760538,19.040594,19.217422,4525525.5
2008-03-13,A,18.92692,19.343729,18.750092,19.261631,5010539
2008-03-14,A,19.362675,19.362675,18.535372,18.718515,4604065
2008-03-17,A,18.238552,18.93955,18.238552,18.737461,5013864.5
2008-03-18,A,18.945866,19.255314,18.623785,19.242683,4164338.5
2008-03-19,A,19.299522,19.470034,18.535372,18.535372,3794126
2008-03-20,A,18.649048,18.775352,18.326967,18.731146,6861919
2008-03-24,A,18.775352,19.305838,18.693254,19.1669,2787204.5
2008-03-25,A,19.135324,19.248999,18.958496,19.147955,2258962.5
2008-03-26,A,19.072172,19.103748,18.882713,18.93955,2786199
2008-03-27,A,18.945866,18.971127,18.446957,18.453272,4187615.5
2008-03-28,A,18.51011,18.781668,18.503796,18.680624,5061526.5
2008-03-31,A,18.636417,18.889029,18.503796,18.838505,3561515.8
2008-04-01,A,18.889029,19.564764,18.889029,19.507925,3570699.8
2008-04-02,A,19.564764,19.987888,19.50161,19.722647,3905834.2
2008-04-03,A,19.564764,20.019464,19.564764,19.874212,2811431.2
2008-04-04,A,19.867897,20.189978,19.773169,20.02578,2257062.2
2008-04-07,A,20.032095,20.202608,19.90579,19.937366,2106792
2008-04-08,A,19.785799,19.937366,19.684755,19.899475,2523083.5
2008-04-09,A,19.867897,19.949997,19.413197,19.615286,2408757.8
2008-04-10,A,19.577394,19.735277,19.432142,19.539503,4061919
2008-04-11,A,19.413197,19.451088,18.945866,19.027964,2908022.2
2008-04-14,A,19.027964,19.331099,18.876396,19.103748,2094757.8
2008-04-15,A,19.1669,19.236368,18.181717,18.409065,7422463.5
2008-04-16,A,18.529057,19.324783,18.529057,19.198477,4564478.5
2008-04-17,A,19.267946,19.38162,18.87008,19.002703,3113238.5
2008-04-18,A,19.343729,19.766853,19.286892,19.558449,3440539.5
2008-04-21,A,19.400566,19.57108,19.185846,19.362675,2848484.2
2008-04-22,A,19.248999,19.331099,18.920605,19.040594,2394190
2008-04-23,A,19.034279,19.697386,19.027964,19.602655,3670141
2008-04-24,A,19.59634,20.05104,19.482666,19.855267,3774966
2008-04-25,A,19.91842,20.076303,19.545818,19.912106,3290139.5
2008-04-28,A,19.956312,20.006834,19.324783,19.362675,3992533.2
2008-04-29,A,19.299522,19.552134,19.173216,19.299522,4605332
2008-04-30,A,19.35636,19.419512,18.95218,19.078485,5097946
2008-05-01,A,19.072172,19.672123,18.876396,19.640547,5107763.5
2008-05-02,A,19.792114,20.291023,19.785799,20.25313,5666249.5
2008-05-05,A,20.291023,20.291023,19.842636,19.968943,2450561
2008-05-06,A,19.79843,20.215237,19.627916,20.095247,2689346.8
2008-05-07,A,20.082617,20.309967,20.006834,20.05104,3193361.5
2008-05-08,A,20.33523,20.366806,19.867897,20.196293,2484763.8
2008-05-09,A,19.943682,20.297337,19.83632,20.145771,4324109.5
2008-05-12,A,20.259447,20.461536,20.101562,20.442589,5159384
2008-05-13,A,20.45522,20.518373,20.221554,20.354176,2688555
2008-05-14,A,20.493113,20.998335,20.354176,20.543633,4651360
2008-05-15,A,21.57934,22.577156,21.497242,22.31823,14036097
2008-05-16,A,22.362436,22.362436,21.850897,22.160347,5204829.5
2008-05-19,A,22.00878,23.278154,21.945627,22.886606,7711286.5
2008-05-20,A,22.728725,22.728725,22.109823,22.495058,4351820
2008-05-21,A,22.495058,22.962389,22.43822,22.54558,3929036.8
2008-05-22,A,22.53295,22.899235,22.469797,22.74767,3452732.2
2008-05-23,A,22.652939,22.842398,22.501373,22.690832,3768157.2
2008-05-27,A,22.551895,23.050804,22.507689,23.00028,4703506.5
2008-05-28,A,23.01291,23.423405,22.861345,23.334991,4856627
2008-05-29,A,23.322361,23.556026,23.050804,23.448668,4425292.5
2008-05-30,A,23.473927,23.682331,23.278154,23.612864,4063472.2
2008-06-02,A,23.322361,23.53708,23.120272,23.303415,5394211
2008-06-03,A,23.417091,23.650757,23.126587,23.290785,4011693.2
2008-06-04,A,23.271837,23.593918,23.101326,23.360254,5387402.5
2008-06-05,A,23.398144,23.840214,23.316044,23.777061,3280768.5
2008-06-06,A,23.581287,23.606548,23.00028,23.057117,4016904.2
2008-06-09,A,23.126587,23.398144,22.886606,23.316044,4220551.5
2008-06-10,A,22.968704,23.30973,22.949759,23.208685,2725291.2
2008-06-11,A,22.823452,23.259209,22.823452,22.892921,2986403.5
2008-06-12,A,22.968704,23.6697,22.968704,23.297098,3952155.2
2008-06-13,A,23.334991,23.562342,23.113955,23.562342,3440856.2
2008-06-16,A,23.366568,23.827583,23.063435,23.587603,7503695
2008-06-17,A,23.6697,23.85916,23.246578,23.625494,5378853
2008-06-18,A,23.42972,23.732855,23.360254,23.606548,4184923.5
2008-06-19,A,23.638124,23.998096,23.53708,23.934944,4104484
2008-06-20,A,23.707594,23.852844,23.366568,23.72654,6829458.5
2008-06-23,A,23.783377,23.878107,23.398144,23.417091,4841742.5
2008-06-24,A,23.322361,23.398144,22.848715,23.132902,4589972.5
2008-06-25,A,22.671886,23.543394,22.671886,23.328674,4036395.2
2008-06-26,A,23.09501,23.132902,22.43822,22.54558,4323634.5
2008-06-27,A,22.482426,22.716093,22.34349,22.476112,5680659
2008-06-30,A,22.54558,22.728725,22.324545,22.444536,4694955.5
2008-07-01,A,22.12877,22.589787,22.059303,22.463482,5120431
2008-07-02,A,22.501373,22.779245,22.280336,22.33086,4182548.5
2008-07-03,A,22.43822,22.539265,21.850897,21.932997,6121500
2008-07-07,A,21.98352,22.551895,21.80669,22.147717,6492181.5
2008-07-08,A,22.109823,22.74767,22.071934,22.690832,5299678.5
2008-07-09,A,22.804508,22.842398,22.160347,22.160347,3291219.2
2008-07-10,A,22.23613,22.41296,22.015097,22.337175,3877891
2008-07-11,A,22.122456,22.82977,21.87616,22.539265,3831337.2
2008-07-14,A,22.766615,22.766615,22.11614,22.191923,3261767
2008-07-15,A,21.939314,22.261393,21.81932,21.996151,4912206.5
2008-07-16,A,21.914051,22.381382,21.895103,22.179293,4687830
2008-07-17,A,21.724594,22.299284,21.724594,22.191923,4873411.5
2008-07-18,A,22.204554,22.507689,21.920366,22.463482,4264888.5
2008-07-21,A,22.589787,22.589787,22.160347,22.311916,2253262
2008-07-22,A,22.109823,22.204554,21.81932,22.18561,4159113.2
2008-07-23,A,22.255077,22.791876,22.18561,22.735039,4443977.5
2008-07-24,A,22.652939,22.82977,22.419273,22.539265,4205192
2008-07-25,A,22.62768,22.911865,22.602419,22.867659,3983824.2
2008-07-28,A,22.848715,22.993965,22.621363,22.62768,3699118.5
2008-07-29,A,22.406643,22.987652,22.406643,22.817139,3113713.8
2008-07-30,A,22.886606,23.316044,22.798191,23.183424,2678262.5
2008-07-31,A,23.057117,23.151848,22.74767,22.772932,3069535
2008-08-01,A,22.823452,22.905552,22.267706,22.646626,3939329
2008-08-04,A,22.577156,22.716093,22.292969,22.31823,2685388
2008-08-05,A,22.54558,22.899235,22.41296,22.791876,3878366
2008-08-06,A,22.66557,23.145533,22.564526,23.139217,3005880
2008-08-07,A,23.01291,23.334991,22.905552,22.918182,3071277
2008-08-08,A,22.886606,23.52445,22.867659,23.366568,3922150.2
2008-08-11,A,23.423405,23.52445,23.177109,23.366568,2990520.5
2008-08-12,A,23.208685,23.40446,23.189741,23.347622,3436739.2
2008-08-13,A,23.233948,23.410774,22.671886,23.082378,3300561.8
2008-08-14,A,22.867659,23.158161,22.501373,22.848715,4935439
2008-08-15,A,23.177109,23.240261,22.735039,22.968704,4143912
2008-08-18,A,22.987652,22.987652,22.457167,22.596102,4759244
2008-08-19,A,22.507689,22.583471,22.17298,22.261393,3736871.2
2008-08-20,A,22.274023,22.311916,21.800377,21.977203,3145066
2008-08-21,A,21.67407,22.002466,21.667755,21.869844,3302937
2008-08-22,A,21.939314,22.3877,21.939314,22.34349,2552852.5
2008-08-25,A,22.17298,22.337175,21.932997,21.964573,2977219.5
2008-08-26,A,21.882475,22.002466,21.67407,21.920366,2635984
2008-08-27,A,21.90142,22.210869,21.427774,21.939314,2489355.8
2008-08-28,A,22.040358,22.425589,21.977203,22.425589,2219534.2
2008-08-29,A,22.280336,22.299284,21.86353,21.951942,2640892.8
2008-09-02,A,22.160347,22.54558,21.655125,21.781431,3258283.5
2008-09-03,A,21.693016,21.787746,21.067802,21.351992,4367118
2008-09-04,A,21.168848,21.175161,20.297337,20.3226,4141544.8
2008-09-05,A,20.208923,20.789928,20.05104,20.707832,3644487.5
2008-09-08,A,21.080433,21.168848,20.568895,20.821507,3450198.8
2008-09-09,A,20.941496,20.941496,20.246817,20.246817,2958376.2
2008-09-10,A,20.404697,20.493113,20.082617,20.139454,4083423.8
2008-09-11,A,19.893158,20.208923,19.646864,20.171032,4202658.5
2008-09-12,A,20.063671,20.272076,19.924734,20.2405,3471417
2008-09-15,A,19.79843,20.12051,19.451088,19.470034,3525675.8
2008-09-16,A,19.248999,19.886843,18.642733,19.71633,4681813
2008-09-17,A,19.318468,19.39425,18.693254,18.787983,6063064
2008-09-18,A,18.945866,19.861584,18.566948,19.81106,5923492
2008-09-19,A,20.215237,20.840452,20.006834,20.783615,5655632.5
2008-09-22,A,20.701515,20.701515,19.590025,19.65318,4401382.5
2008-09-23,A,19.747908,19.937366,19.286892,19.488981,4861535.5
2008-09-24,A,19.432142,19.615286,19.147955,19.413197,4764469.5
2008-09-25,A,19.526873,19.621601,19.299522,19.43846,7467811
2008-09-26,A,19.43846,19.57108,19.034279,19.533188,7143775
2008-09-29,A,19.179531,19.318468,18.086987,18.358543,8197883.5
2008-09-30,A,18.560633,19.009018,18.143824,18.731146,6573413
2008-10-01,A,18.428013,18.895344,18.206976,18.737461,4132511
2008-10-02,A,18.516426,18.566948,17.708069,17.771221,5147033
2008-10-03,A,17.98594,18.49748,17.859636,17.859636,5107447
2008-10-06,A,17.556501,17.556501,16.236607,17.044964,7165626.5
2008-10-07,A,17.215477,17.367043,15.826113,15.85769,6123552.5
2008-10-08,A,15.504033,16.413435,15.384044,15.775591,5272760
2008-10-09,A,15.788221,16.230291,14.3546505,14.373597,7338382
2008-10-10,A,13.761014,14.9356575,13.041071,14.196769,9291262
2008-10-13,A,14.796721,16.16714,14.525164,16.16714,4693689
2008-10-14,A,16.74183,17.360727,15.144062,15.541925,5693960
2008-10-15,A,15.358782,15.396673,13.874688,13.988364,4824957.5
2008-10-16,A,13.950473,14.720938,12.990548,14.6641,5972648.5
2008-10-17,A,14.443066,14.9356575,13.931526,14.278868,3287260.8
2008-10-20,A,14.43675,15.061963,14.108355,15.061963,2865269
2008-10-21,A,14.790406,15.118801,14.285183,14.3546505,3527471.5
2008-10-22,A,14.278868,14.278868,12.971603,13.413672,4913766
2008-10-23,A,13.489457,13.5273485,12.472694,13.085278,7272352
2008-10-24,A,12.201138,12.8642435,11.935895,12.472694,5384393.5
2008-10-27,A,12.2832365,12.567424,11.841166,11.948526,4983462
2008-10-28,A,12.201138,13.356835,11.967472,13.356835,5399753.5
2008-10-29,A,13.432619,14.146246,13.022125,13.451564,5740664
2008-10-30,A,13.88732,14.297812,13.742068,14.228346,3915735.5
2008-10-31,A,13.982048,14.638839,13.767328,14.013625,6731442
2008-11-03,A,13.975733,14.657784,13.918897,14.525164,3545839.5
2008-11-04,A,14.828298,15.832428,14.803037,15.56087,5089870.5
2008-11-05,A,15.295629,15.541925,14.67673,14.689362,3401743.2
2008-11-06,A,14.525164,14.75883,13.45788,13.533664,5031440.5
2008-11-07,A,13.571555,14.158877,13.426304,13.79259,4345486.5
2008-11-10,A,14.019941,14.34202,13.495772,13.710491,3808823.5
2008-11-11,A,13.571555,13.704177,12.971603,13.224215,3444815
2008-11-12,A,12.977918,13.009495,12.137984,12.232715,4055871.8
2008-11-13,A,12.201138,13.325259,11.399096,13.243159,6235344.5
2008-11-14,A,12.965288,14.1336155,12.453749,13.104223,7226273
2008-11-17,A,12.504271,12.674784,11.80959,12.074832,7420215
2008-11-18,A,12.1442995,12.295866,11.493826,11.999048,4776662
2008-11-19,A,11.92958,12.232715,11.133853,11.140168,4188090.5
2008-11-20,A,10.704414,11.253844,10.167615,10.230768,5300787
2008-11-21,A,10.451802,10.944395,9.965526,10.919134,4965569
2008-11-24,A,11.051755,12.131669,10.849666,11.752752,5659124
2008-11-25,A,12.251659,12.251659,11.430673,11.71486,7185103
2008-11-26,A,11.373835,11.841166,11.140168,11.803274,5172368.5
2008-11-28,A,11.752752,11.910635,11.639077,11.891688,1505552.8
2008-12-01,A,11.632762,11.632762,10.887557,10.900188,4361004
2008-12-02,A,11.070702,11.367519,10.704414,11.140168,4718707.5
2008-12-03,A,10.874927,11.563293,10.729675,11.493826,4927724
2008-12-04,A,11.285421,11.613815,10.887557,11.05807,3924919.8
2008-12-05,A,10.963342,11.0391245,10.338128,10.900188,7598069.5
2008-12-08,A,11.159115,11.405411,10.773882,10.887557,8855177
2008-12-09,A,10.742306,11.436988,10.533901,11.323313,14853161
2008-12-10,A,11.386466,11.512771,10.95071,11.48751,13664617
2008-12-11,A,11.253844,11.632762,11.159115,11.449617,9484430
2008-12-12,A,11.051755,11.133853,10.508639,10.982286,9721488
2008-12-15,A,10.988602,11.051755,10.256028,10.407596,7050509
2008-12-16,A,10.363388,10.710729,10.192875,10.306551,10467455
2008-12-17,A,10.230768,10.420226,10.091831,10.312866,14295521
2008-12-18,A,10.3760195,10.559162,10.148668,10.28129,17725080
2008-12-19,A,10.26866,10.616,10.180245,10.28129,23433292
2008-12-22,A,10.29392,10.29392,9.782382,9.984471,6495032
2008-12-23,A,10.123408,10.129724,9.693968,9.864481,4778220.5
2008-12-24,A,9.8518505,9.9339485,9.776067,9.839219,1472616.8
2008-12-26,A,9.8518505,9.927633,9.7129135,9.757121,4781096
2008-12-29,A,9.763436,9.769752,9.321366,9.466618,5660549
2008-12-30,A,9.536086,9.561347,9.397149,9.397149,11500504
2008-12-31,A,9.422411,9.997102,9.422411,9.870796,7266018
2009-01-02,A,9.8518505,10.29392,9.795012,10.256028,4798197
2009-01-05,A,10.180245,10.792829,10.104462,10.60337,8122777
2009-01-06,A,10.799144,11.815905,10.666522,11.449617,13404138
2009-01-07,A,11.27279,11.658022,11.171745,11.512771,11297346
2009-01-08,A,11.468564,11.670653,11.241213,11.588554,7071094
2009-01-09,A,11.563293,11.954842,11.38015,11.695914,7834638
2009-01-12,A,11.910635,12.074832,11.601186,11.695914,9776434
2009-01-13,A,11.493826,12.226399,11.493826,12.03694,10309743
2009-01-14,A,11.620131,11.80959,11.392781,11.651708,10362472
2009-01-15,A,11.664337,12.213768,11.48751,12.074832,10386382
2009-01-16,A,12.295866,12.617947,11.9232645,12.321128,8134703.5
2009-01-20,A,12.636892,12.655839,11.651708,11.71486,8537377
2009-01-21,A,11.879058,12.194822,11.733806,12.163246,6390048.5
2009-01-22,A,11.94221,12.119039,11.651708,11.935895,6582914
2009-01-23,A,11.72749,12.030624,11.373835,11.771697,7031666
2009-01-26,A,11.803274,12.226399,11.746437,11.94221,6567354.5
2009-01-27,A,11.94221,12.055886,11.556977,11.80959,7491027.5
2009-01-28,A,11.948526,12.232715,11.828535,11.973786,8464538
2009-01-29,A,11.860112,11.904319,11.639077,11.72749,5191687
2009-01-30,A,11.771697,11.879058,11.3422575,11.418041,4837467
2009-02-02,A,11.234899,11.512771,11.222268,11.386466,6037887
2009-02-03,A,11.386466,11.556977,11.209637,11.50014,5445384
2009-02-04,A,11.531717,11.967472,11.493826,11.670653,4377923.5
2009-02-05,A,11.512771,12.226399,11.291736,12.201138,9858457
2009-02-06,A,12.055886,12.434803,12.055886,12.188506,4844751
2009-02-09,A,12.087461,12.257975,11.803274,12.02431,5293186.5
2009-02-10,A,11.954842,12.04957,11.455933,11.531717,5971698.5
2009-02-11,A,11.683284,11.71486,11.430673,11.601186,4965252
2009-02-12,A,11.424357,11.765382,11.3422575,11.765382,7013614.5
2009-02-13,A,11.72749,11.992733,11.601186,11.664337,4794080
2009-02-17,A,11.159115,11.354889,10.893873,11.146484,8465662
2009-02-18,A,10.104462,10.874927,10.022363,10.136038,16953936
2009-02-19,A,10.167615,10.224452,9.788697,9.82659,8946068
2009-02-20,A,9.675022,9.757121,9.453987,9.586608,8097334
2009-02-23,A,9.681337,9.750805,8.986655,9.018232,7511327.5
2009-02-24,A,9.119276,9.498194,9.037178,9.416095,5995292
2009-02-25,A,9.232952,9.422411,9.030863,9.258213,7437163
2009-02-26,A,9.371888,9.447672,8.929818,8.974025,7575182
2009-02-27,A,8.778251,8.999287,8.715098,8.759305,6223310.5
2009-03-02,A,8.588793,8.651945,7.9635787,8.007786,6790084
2009-03-03,A,8.140408,8.247767,7.8435884,8.007786,7993946.5
2009-03-04,A,8.159353,8.563532,8.039362,8.405649,6147828.5
2009-03-05,A,8.197245,8.355126,7.900426,7.9193716,10962672
2009-03-06,A,7.8688498,8.266713,7.590977,7.9888396,7702736
2009-03-09,A,7.8941107,8.197245,7.7993817,7.856219,6815840.5
2009-03-10,A,8.0267315,8.506694,7.9762096,8.481433,7457778
2009-03-11,A,8.563532,8.816143,8.456172,8.544585,6069081.5
2009-03-12,A,8.500379,8.771936,8.247767,8.721414,5795459.5
2009-03-13,A,8.746675,8.929818,8.708783,8.835089,4132511
2009-03-16,A,8.929818,8.999287,8.689837,8.689837,3430088.8
2009-03-17,A,8.778251,9.106647,8.651945,9.106647,4026261
2009-03-18,A,9.125592,9.43504,9.024548,9.176114,5665457.5
2009-03-19,A,9.220322,9.428726,9.125592,9.308735,4422442.5
2009-03-20,A,9.31505,9.441357,9.024548,9.112962,6724633.5
2009-03-23,A,9.472933,10.034994,9.472933,10.034994,7332048
2009-03-24,A,9.889742,10.142353,9.870796,9.971841,4305266.5
2009-03-25,A,10.104462,10.3760195,9.813958,10.079201,4638584.5
2009-03-26,A,10.136038,10.849666,9.984471,10.824404,9468134
2009-03-27,A,10.60337,10.710729,10.2370825,10.2370825,5093037.5
2009-03-30,A,9.990787,10.0160475,9.561347,9.71923,6287123.5
2009-03-31,A,9.801328,9.915003,9.643446,9.706598,7499103
2009-04-01,A,9.548717,10.18656,9.485563,10.104462,6264429.5
2009-04-02,A,10.350758,10.590739,10.218137,10.306551,6782113
2009-04-03,A,9.915003,10.483379,9.915003,10.394964,4558778
2009-04-06,A,10.300236,10.306551,9.940264,10.091831,5314088
2009-04-07,A,9.896057,9.940264,9.71923,9.8518505,5639411.5
2009-04-08,A,9.757121,10.325497,9.757121,10.230768,5444565
2009-04-09,A,10.3760195,10.818089,10.3760195,10.735991,5148141.5
2009-04-13,A,10.616,10.717044,10.489695,10.533901,4949101
2009-04-14,A,10.521271,10.590739,10.357073,10.432857,3527313
2009-04-15,A,10.369704,10.5149555,10.17393,10.331813,3944079.5
2009-04-16,A,10.432857,10.729675,10.17393,10.622315,9083037
2009-04-17,A,10.628631,10.855981,10.508639,10.742306,4705723
2009-04-20,A,10.710729,10.742306,10.199191,10.369704,7630372
2009-04-21,A,10.420226,10.628631,10.306551,10.483379,4815457
2009-04-22,A,10.3760195,10.881242,10.325497,10.584424,4493856.5
2009-04-23,A,10.571793,10.571793,10.136038,10.357073,5963038.5
2009-04-24,A,10.432857,10.780197,10.2370825,10.672837,4419434
2009-04-27,A,10.533901,10.868611,10.533901,10.685469,4962085
2009-04-28,A,10.559162,10.925448,10.38865,10.761252,5594268.5
2009-04-29,A,10.868611,11.48751,10.805459,11.386466,6248329
2009-04-30,A,11.430673,11.961157,11.430673,11.531717,5642470.5
2009-05-01,A,11.50014,11.999048,11.4811945,11.879058,4575088
2009-05-04,A,11.879058,12.264291,11.841166,12.264291,4400432.5
2009-05-05,A,12.226399,12.251659,11.72749,11.828535,5545115
2009-05-06,A,11.973786,12.182192,11.853797,12.1442995,4885762.5
2009-05-07,A,12.220083,12.226399,11.740122,11.853797,4067272.5
2009-05-08,A,11.973786,12.257975,11.9232645,12.213768,4075190
2009-05-11,A,12.043255,12.106408,11.72749,11.898004,3368175.5
2009-05-12,A,11.910635,12.106408,11.796959,11.992733,3426679.5
2009-05-13,A,11.790644,11.9232645,11.27279,11.399096,4791071.5
2009-05-14,A,11.3422575,11.664337,10.95071,11.575924,5308190
2009-05-15,A,11.38015,11.50014,10.900188,11.146484,8294316
2009-05-18,A,11.127539,11.285421,10.925448,11.285421,4200341.5
2009-05-19,A,11.291736,11.708546,10.969657,11.601186,4785054.5
2009-05-20,A,11.71486,11.999048,11.632762,11.771697,4148176.2
2009-05-21,A,11.506455,11.613815,11.04544,11.16543,5029958.5
2009-05-22,A,11.215953,11.304366,11.020179,11.171745,4080890.2
2009-05-26,A,11.1528,11.424357,10.988602,11.399096,3920764.8
2009-05-27,A,11.424357,11.556977,11.2601595,11.298051,4256337.5
2009-05-28,A,11.430673,11.493826,11.051755,11.354889,3541406
2009-05-29,A,11.399096,11.512771,11.222268,11.512771,3136673.8
2009-06-01,A,11.645392,12.131669,11.645392,11.9232645,6529119
2009-06-02,A,11.91695,12.504271,11.891688,12.346389,5927995
2009-06-03,A,12.308497,12.377966,12.100093,12.207453,6363418
2009-06-04,A,12.245344,12.769513,12.245344,12.655839,4992962.5
2009-06-05,A,12.750567,12.845297,12.472694,12.567424,3658898.5
2009-06-08,A,12.466379,12.58637,12.100093,12.403226,3398578
2009-06-09,A,12.479011,12.535848,12.295866,12.453749,4673701
2009-06-10,A,12.580055,12.61163,12.093778,12.2832365,4283414.5
2009-06-11,A,12.302182,12.69373,12.264291,12.453749,5242674
2009-06-12,A,12.422173,12.422173,11.961157,12.226399,4160855
2009-06-15,A,12.081146,12.100093,11.683284,11.92958,3730312.5
2009-06-16,A,11.94221,12.068517,11.689599,11.72749,4723933
2009-06-17,A,11.778013,11.83485,11.569609,11.6075,4944509
2009-06-18,A,11.582239,11.935895,11.474879,11.82222,3723978.8
2009-06-19,A,12.005363,12.0622015,11.80959,11.92958,7625780
2009-06-22,A,11.847482,11.910635,11.582239,11.620131,4582688.5
2009-06-23,A,11.676969,11.803274,11.594871,11.71486,4055080
2009-06-24,A,11.803274,12.04957,11.778013,12.005363,6173906.5
2009-06-25,A,11.973786,12.674784,11.91695,12.605315,8001419
2009-06-26,A,12.561109,12.914765,12.491641,12.870558,5423822
2009-06-29,A,12.90845,12.9463415,12.706361,12.902135,3488360
2009-06-30,A,12.92108,12.984233,12.617947,12.826351,6153796.5
2009-07-01,A,12.8642435,13.23053,12.775828,13.022125,5371732.5
2009-07-02,A,12.756884,12.756884,12.182192,12.453749,6953855
2009-07-06,A,12.428488,12.428488,12.175877,12.346389,3979707.2
2009-07-07,A,12.352704,12.434803,11.967472,11.992733,4031011.5
2009-07-08,A,11.999048,12.100093,11.683284,11.879058,5214647
2009-07-09,A,11.910635,12.011679,11.796959,11.9232645,4918698.5
2009-07-10,A,11.860112,12.04957,11.82222,11.973786,3868706.8
2009-07-13,A,11.986418,12.251659,11.841166,12.245344,3726829
2009-07-14,A,12.156931,12.377966,12.156931,12.308497,2641057.5
2009-07-15,A,12.428488,13.066332,12.333759,12.984233,4965569
2009-07-16,A,12.933711,13.205268,12.914765,13.154746,4616652
2009-07-17,A,13.161061,13.268421,12.971603,13.236844,3255116.5
2009-07-20,A,13.344204,13.704177,13.293682,13.615762,3513062
2009-07-21,A,13.697861,13.798905,13.5526085,13.56524,6608249
2009-07-22,A,13.539979,13.647339,13.33789,13.57787,7332206.5
2009-07-23,A,13.539979,14.064148,13.476826,13.969419,6173206.5
2009-07-24,A,13.79259,14.076778,13.77996,14.064148,4002984.2
2009-07-27,A,13.697861,14.4935875,13.697861,14.310444,8305025
2009-07-28,A,14.234661,15.087224,14.234661,14.708307,10090434
2009-07-29,A,14.67673,14.765144,14.177823,14.291497,7925370.5
2009-07-30,A,14.44938,14.910397,14.443066,14.626208,6592145.5
2009-07-31,A,14.65147,14.859875,14.499902,14.6641,4011873.8
2009-08-03,A,14.910397,15.163008,14.82514,15.125116,4379046
2009-08-04,A,15.061963,15.3777275,14.967235,15.264052,4331552
2009-08-05,A,15.301944,15.409304,14.803037,14.859875,4022460.8
2009-08-06,A,14.847243,14.948288,14.613577,14.695677,5758406.5
2009-08-07,A,14.9356575,15.055648,14.834613,14.986179,3726110
2009-08-10,A,14.948288,15.080909,14.777775,15.049333,4083423.8
2009-08-11,A,14.973549,15.226161,14.828298,15.087224,5391836
2009-08-12,A,15.131431,15.611393,15.099854,15.396673,5388352.5
2009-08-13,A,15.497719,15.661915,15.384044,15.529295,3420588
2009-08-14,A,15.516664,15.617708,14.986179,15.181954,4885853
2009-08-17,A,15.080909,15.099854,14.701992,14.878819,6434860.5
2009-08-18,A,15.485087,16.41975,15.257737,16.047148,21177356
2009-08-19,A,15.882951,16.034517,15.775591,15.946104,8618292
2009-08-20,A,15.876635,16.059778,15.864005,15.990311,5121158
2009-08-21,A,16.16714,16.173454,15.927157,16.135561,5503945
2009-08-24,A,16.1924,16.255552,15.996626,16.103985,3522879.5
2009-08-25,A,16.103985,16.230291,15.933473,16.002941,4891621.5
2009-08-26,A,16.066093,16.1924,15.882951,16.091354,5278460.5
2009-08-27,A,16.103985,16.148193,15.933473,16.129248,11112240
2009-08-28,A,16.211346,16.451326,16.186085,16.31239,6285540
2009-08-31,A,16.07241,16.255552,15.983995,16.21766,8085933
2009-09-01,A,16.110302,16.628155,16.091354,16.325022,10517809
2009-09-02,A,16.400805,16.400805,15.7629595,15.927157,10231373
2009-09-03,A,16.08504,16.129248,15.788221,15.971365,7342494.5
2009-09-04,A,16.021887,16.369228,15.8813715,16.331337,5155202.5
2009-09-08,A,16.331337,16.684992,16.299759,16.678677,6521634
2009-09-09,A,16.615524,17.17127,16.520794,17.146008,5821586.5
2009-09-10,A,17.1018,17.607023,17.013388,17.594395,6806973
2009-09-11,A,17.607023,17.783852,17.524925,17.714384,6952651.5
2009-09-14,A,17.594395,17.796484,17.455458,17.74596,5566829
2009-09-15,A,17.461773,17.922789,17.461773,17.884897,5254075
2009-09-16,A,17.891212,18.169085,17.891212,18.080671,5120817.5
2009-09-17,A,18.05541,18.20066,17.796484,17.992256,6205575.5
2009-09-18,A,18.118563,18.143824,17.569132,17.916473,7025332
2009-09-21,A,18.143824,18.554317,18.074356,18.194345,8896914
2009-09-22,A,18.289076,18.289076,17.929104,18.017519,7491029
2009-09-23,A,18.05541,18.206976,17.777536,17.853321,7053993
2009-09-24,A,17.922789,17.966997,17.417566,17.575447,4710948.5
2009-09-25,A,17.537556,17.581764,17.354412,17.417566,5841696.5
2009-09-28,A,17.487034,17.82806,17.360727,17.613338,3325422
2009-09-29,A,17.556501,17.764906,17.499664,17.619656,4949101
2009-09-30,A,17.682808,17.727015,17.37336,17.575447,7176004.5
2009-10-01,A,16.817614,17.253368,16.615524,16.804983,8643469
2009-10-02,A,16.678677,16.716568,16.388174,16.615524,5659915.5
2009-10-05,A,16.602894,17.038649,16.55237,16.937603,5053134
2009-10-06,A,17.15864,17.348097,17.000757,17.190214,4572079.5
2009-10-07,A,17.095486,17.177586,16.98181,17.114431,2517066.2
2009-10-08,A,17.367043,17.524925,17.247053,17.30389,5329131
2009-10-09,A,17.297575,17.392305,17.27863,17.348097,3303570.2
2009-10-12,A,17.423882,17.499664,17.259684,17.341782,3000813
2009-10-13,A,17.310205,17.38599,17.146008,17.234423,2252787
2009-10-14,A,17.480719,17.512295,17.348097,17.423882,4387131.5
2009-10-15,A,17.360727,17.474403,17.30389,17.442827,4477547
2009-10-16,A,17.31652,17.360727,17.013388,17.183899,4792655
2009-10-19,A,17.265999,17.398619,17.095486,17.30389,3228197.8
2009-10-20,A,17.247053,17.29126,16.6471,16.716568,6228060.5
2009-10-21,A,16.729198,17.215477,16.684992,16.975494,7017098
2009-10-22,A,17.114431,17.114431,16.63447,16.969181,4380322.5
2009-10-23,A,17.177586,17.177586,16.445011,16.546057,4451578
2009-10-26,A,16.539742,16.86182,16.21766,16.236607,4601036
2009-10-27,A,16.230291,16.451326,16.129248,16.249237,5439023
2009-10-28,A,16.141878,16.236607,15.914528,15.990311,6232285.5
2009-10-29,A,16.09767,16.362913,16.009256,16.249237,3948196.5
2009-10-30,A,16.236607,16.299759,15.541925,15.624023,8617659
2009-11-02,A,15.624023,15.977679,15.592447,15.832428,6428526.5
2009-11-03,A,15.800852,15.908212,15.630339,15.807168,3655989.8
2009-11-04,A,15.876635,16.154509,15.788221,15.8197975,4982828.5
2009-11-05,A,15.990311,16.539742,15.977679,16.501848,4181278.5
2009-11-06,A,16.722883,16.722883,16.381859,16.527111,3869182
2009-11-09,A,16.691307,17.026018,16.640785,17.026018,3014589
2009-11-10,A,17.057594,17.177586,16.91866,17.05128,4187140.5
2009-11-11,A,17.253368,17.341782,17.06391,17.341782,5122173
2009-11-12,A,17.442827,17.487034,17.229685,17.322836,5537345
2009-11-13,A,17.663862,18.244867,17.524925,18.06804,9917716
2009-11-16,A,17.84069,18.6301,17.74596,18.548002,7023590.5
2009-11-17,A,18.345913,18.762722,18.345913,18.7122,5023840
2009-11-18,A,18.623785,18.6301,18.40275,18.60484,4444452.5
2009-11-19,A,18.371174,18.541687,18.105932,18.396435,3504986.2
2009-11-20,A,18.276445,18.345913,18.105932,18.2575,3132081.8
2009-11-23,A,18.516426,18.649048,18.37749,18.491165,2658786
2009-11-24,A,18.516426,18.516426,18.238552,18.465904,2454836.2
2009-11-25,A,18.440643,18.655363,18.440643,18.655363,2383897.5
2009-11-27,A,17.97331,18.371174,17.689123,18.219608,1460740.9
2009-11-30,A,18.175402,18.28276,18.036465,18.263815,4046054.2
2009-12-01,A,18.37749,18.623785,18.364859,18.592209,3592235
2009-12-02,A,18.6301,18.750092,18.535372,18.623785,4163442.5
2009-12-03,A,18.6301,18.983757,18.6301,18.756407,5674641.5
2009-12-04,A,18.945866,19.248999,18.598526,18.857452,5600694
2009-12-07,A,18.743776,18.93955,18.731146,18.87008,4575450.5
2009-12-08,A,18.667994,18.800613,18.453272,18.68694,3032957.2
2009-12-09,A,18.655363,18.655363,18.301706,18.47222,4926615.5
2009-12-10,A,18.598526,18.907974,18.554317,18.750092,2906280.5
2009-12-11,A,18.787983,18.87008,18.667994,18.718515,2228876.8
2009-12-14,A,18.813246,18.945866,18.769037,18.92692,2112651
2009-12-15,A,18.863768,18.996387,18.756407,18.882713,2964235
2009-12-16,A,18.945866,18.996387,18.737461,18.800613,3247357.5
2009-12-17,A,18.598526,18.794298,18.529057,18.592209,3057184.2
2009-12-18,A,18.655363,18.838505,18.459589,18.566948,5230956.5
2009-12-21,A,18.693254,18.907974,18.503796,18.889029,4985679
2009-12-22,A,18.889029,19.147955,18.83219,19.059542,3929986.8
2009-12-23,A,19.072172,19.198477,19.040594,19.135324,3512745.2
2009-12-24,A,19.116379,19.192162,19.072172,19.15427,1198361.8
2009-12-28,A,19.15427,19.223738,19.091118,19.198477,2659102.5
2009-12-29,A,19.204792,19.242683,19.0848,19.15427,4920123.5
2009-12-30,A,19.015335,19.728962,18.895344,19.640547,6325909
2009-12-31,A,19.602655,20.063671,19.533188,19.621601,5917702.5
2010-01-04,A,19.82369,19.975258,19.660378,19.766853,4321639.5
2010-01-05,A,19.710014,19.71633,19.425827,19.552134,4741351
2010-01-06,A,19.482666,19.577394,19.425827,19.482666,3674099.8
2010-01-07,A,19.43846,19.463718,19.261631,19.457403,3505778
2010-01-08,A,19.350044,19.482666,19.198477,19.451088,4229191
2010-01-11,A,19.50161,19.60897,19.36899,19.463718,5415904.5
2010-01-12,A,19.299522,19.35636,19.0848,19.230055,3251913.2
2010-01-13,A,19.242683,19.43846,18.977442,19.38162,3872507.2
2010-01-14,A,19.318468,19.728962,19.261631,19.672123,6981470.5
2010-01-15,A,19.71633,19.804745,19.15427,19.217422,5240353
2010-01-19,A,19.173216,19.470034,19.1669,19.451088,4036395.2
2010-01-20,A,19.280577,19.36899,19.065857,19.343729,5197862.5
2010-01-21,A,19.577394,19.646864,19.059542,19.274261,6888204.5
2010-01-22,A,19.1669,19.1669,18.371174,18.421698,4828599.5
2010-01-25,A,18.579578,18.72483,18.459589,18.598526,4087224.2
2010-01-26,A,18.548002,18.6301,18.301706,18.49748,3054650.5
2010-01-27,A,18.440643,18.49748,18.143824,18.421698,4940867
2010-01-28,A,18.396435,18.548002,17.992256,18.118563,5592918
2010-01-29,A,18.27013,18.421698,17.632286,17.701754,6708799
2010-02-01,A,17.783852,18.516426,17.764906,18.396435,6336700
2010-02-02,A,18.453272,18.68694,18.371174,18.6301,6665412
2010-02-03,A,18.560633,18.876396,18.541687,18.655363,6892955
2010-02-04,A,18.503796,18.598526,18.276445,18.358543,7512246
2010-02-05,A,18.2575,18.478535,17.796484,18.421698,10813124
2010-02-08,A,18.446957,18.743776,18.396435,18.440643,7842713.5
2010-02-09,A,18.649048,18.769037,18.428013,18.573263,5833937.5
2010-02-10,A,18.60484,18.623785,18.238552,18.47222,3687541.8
2010-02-11,A,18.47222,18.69957,18.169085,18.541687,7908744
2010-02-12,A,19.35636,19.413197,18.674309,18.933235,12977871
2010-02-16,A,19.097433,19.160585,18.92692,19.103748,7429747.5
2010-02-17,A,19.173216,19.413197,19.027964,19.343729,5540047.5
2010-02-18,A,19.305838,19.577394,19.223738,19.564764,3753589.5
2010-02-19,A,19.47635,19.747908,19.337414,19.703701,4741509.5
2010-02-22,A,19.760538,19.760538,19.482666,19.672123,4573821
2010-02-23,A,19.634232,19.678438,19.277418,19.482666,4946526
2010-02-24,A,19.558449,19.728962,19.488981,19.722647,4469313
2010-02-25,A,19.47635,19.659492,19.091118,19.634232,5412421
2010-02-26,A,19.684755,19.90579,19.564764,19.867897,5298728.5
2010-03-01,A,19.848951,20.291023,19.848951,20.26576,5350194
2010-03-02,A,20.208923,20.54995,20.114195,20.436274,6816632.5
2010-03-03,A,20.474165,20.54995,20.398382,20.486795,7271243.5
2010-03-04,A,20.499426,20.499426,20.10788,20.37312,6909423
2010-03-05,A,20.733093,20.998335,20.606787,20.941496,8716150
2010-03-08,A,20.909922,20.935183,20.726776,20.840452,7948805.5
2010-03-09,A,20.796246,21.048859,20.758352,21.010965,8023069.5
2010-03-10,A,20.966759,21.314098,20.89729,21.257261,5319788.5
2010-03-11,A,21.080433,21.219368,20.998335,21.20674,4465433.5
2010-03-12,A,21.232,21.326729,21.048859,21.105694,4548486
2010-03-15,A,21.042542,21.156216,20.865713,21.036226,4099416.8
2010-03-16,A,21.086748,21.20674,20.97939,21.105694,3721920.2
2010-03-17,A,21.118324,21.24463,21.042542,21.080433,4446827.5
2010-03-18,A,21.029911,21.20674,20.941496,21.130955,5090979
2010-03-19,A,21.175161,21.257261,20.922552,21.105694,6662752
2010-03-22,A,21.004648,21.364622,20.89729,21.295155,4470263
2010-03-23,A,21.333044,21.6046,21.257261,21.54145,5885083.5
2010-03-24,A,21.45935,21.54145,21.383568,21.408829,4294499
2010-03-25,A,21.535133,21.945627,21.516188,21.81932,7862190
2010-03-26,A,21.882475,21.914051,21.54145,21.667755,5330081
2010-03-29,A,21.667755,21.914051,21.648808,21.724594,6091091.5
2010-03-30,A,21.762484,21.914051,21.75617,21.86353,6773720.5
2010-03-31,A,21.81932,21.838268,21.655125,21.718277,5995609
2010-04-01,A,21.813007,22.02141,21.629864,21.81932,3517020.5
2010-04-05,A,21.844584,22.002466,21.813007,21.989834,4227043.5
2010-04-06,A,21.87616,21.907736,21.737223,21.825638,3963239.2
2010-04-07,A,21.7688,21.81932,21.554081,21.655125,3703235.5
2010-04-08,A,21.535133,21.566711,21.187792,21.465668,4757027.5
2010-04-09,A,21.497242,21.617233,21.389881,21.617233,4427193
2010-04-12,A,21.6046,21.680387,21.497242,21.6046,4683080
2010-04-13,A,21.566711,21.617233,21.396198,21.408829,4096250
2010-04-14,A,21.434088,21.850897,21.434088,21.730907,13182137
2010-04-15,A,21.75617,22.678202,21.610918,22.501373,14485166
2010-04-16,A,22.444536,22.671886,22.147717,22.274023,9136973
2010-04-19,A,22.31823,22.381382,21.882475,22.204554,4537876.5
2010-04-20,A,22.34349,23.031858,22.34349,22.918182,7917136.5
2010-04-21,A,22.848715,22.981335,22.602419,22.817139,3559299
2010-04-22,A,22.608732,23.038172,22.274023,23.01291,5280522
2010-04-23,A,22.981335,23.164478,22.798191,23.139217,4138370
2010-04-26,A,23.158161,23.360254,23.031858,23.252892,4478022
2010-04-27,A,23.113955,23.341307,22.817139,22.873976,6906256
2010-04-28,A,23.031858,23.271837,22.987652,23.139217,4966044
2010-04-29,A,23.322361,23.61918,23.278154,23.51182,3666815.8
2010-04-30,A,23.52445,23.638124,22.880291,22.899235,4752277
2010-05-03,A,23.050804,23.297098,22.968704,23.221315,2943966.8
2010-05-04,A,22.962389,22.962389,22.179293,22.33086,5141649.5
2010-05-05,A,22.052986,22.299284,21.75617,21.951942,5221456
2010-05-06,A,21.800377,21.989834,19.362675,21.017279,10224078
2010-05-07,A,20.89729,21.017279,19.893158,20.126825,12635149
2010-05-10,A,20.954128,21.610918,20.834139,21.59197,6424533
2010-05-11,A,21.269892,21.800377,21.134113,21.516188,5346644
2010-05-12,A,21.573025,22.097197,21.554081,21.98352,4499873.5
2010-05-13,A,21.996151,22.286654,21.743538,21.964573,6966031.5
2010-05-14,A,21.718277,21.920366,21.118324,21.383568,5352566
2010-05-17,A,21.484612,21.787746,21.213055,21.59197,6604985.5
2010-05-18,A,21.471981,21.503557,20.101562,20.25313,18710478
2010-05-19,A,20.215237,20.68257,20.208923,20.581526,8160034
2010-05-20,A,20.03841,20.171032,19.577394,19.602655,7463344
2010-05-21,A,19.147955,20.076303,19.059542,19.792114,9360142
2010-05-24,A,19.728962,19.968943,19.564764,19.830006,5988325
2010-05-25,A,19.261631,19.735277,18.92692,19.728962,6057680.5
2010-05-26,A,19.899475,20.366806,19.81106,19.886843,6035828.5
2010-05-27,A,20.341543,20.701515,20.278393,20.68257,4235119
2010-05-28,A,20.688885,20.745722,20.309967,20.436274,3885808.2
2010-06-01,A,20.26576,20.442589,19.842636,19.880527,4398215.5
2010-06-02,A,20.019464,20.34786,19.741592,20.34786,4046054.2
2010-06-03,A,20.423643,20.556263,20.177347,20.461536,4271222
2010-06-04,A,19.962627,20.025843,19.078485,19.157427,6863156
2010-06-07,A,19.280577,19.38162,18.990072,19.009018,6456870.5
2010-06-08,A,19.059542,19.179531,18.51011,18.844822,9505346
2010-06-09,A,18.933235,19.242683,18.566948,18.642733,6854952
2010-06-10,A,18.958496,19.248999,18.800613,19.230055,5323114
2010-06-11,A,18.977442,19.43846,18.977442,19.406881,3065576.5
2010-06-14,A,19.665808,20.208923,19.552134,19.867897,6593206.5
2010-06-15,A,20.082617,20.34786,19.924734,20.33523,4051100.8
2010-06-16,A,20.202608,20.701515,20.076303,20.606787,4848709.5
2010-06-17,A,20.714146,20.714146,20.221554,20.505743,3596352
2010-06-18,A,20.556263,20.802559,20.461536,20.594156,4222926.5
2010-06-21,A,20.878345,21.074118,20.34786,20.48048,4639376.5
2010-06-22,A,20.46785,20.789928,20.202608,20.221554,3233581.5
2010-06-23,A,20.259447,20.41733,19.880527,20.189978,3650823
2010-06-24,A,20.03841,20.158401,19.350044,19.425827,6576740
2010-06-25,A,19.526873,19.59634,19.223738,19.38162,6070823
2010-06-28,A,19.343729,19.488981,19.12901,19.312153,3516229
2010-06-29,A,18.964811,19.065857,18.308022,18.446957,7505617.5
2010-06-30,A,18.41538,18.623785,17.884897,17.954365,5966631.5
2010-07-01,A,17.998573,18.06804,17.329151,17.859636,7921253.5
2010-07-02,A,17.910158,17.929104,17.423882,17.550188,5248691.5
2010-07-06,A,17.903843,18.04278,17.38599,17.524925,5982624.5
2010-07-07,A,17.550188,18.086987,17.50598,18.04278,5226681
2010-07-08,A,18.169085,18.28276,17.922789,18.194345,5797043
2010-07-09,A,18.238552,18.28276,17.966997,18.093302,3756598
2010-07-12,A,18.004889,18.137508,17.701754,17.809114,5935279
2010-07-13,A,17.979626,18.28276,17.94805,18.156454,6480939
2010-07-14,A,18.074356,18.47222,18.049095,18.118563,6665095.5
2010-07-15,A,18.074356,18.143824,17.764906,17.93542,6545702.5
2010-07-16,A,17.809114,17.865952,17.032333,17.070225,10051639
2010-07-19,A,17.234423,17.499664,17.095486,17.392305,8970136
2010-07-20,A,17.070225,17.398619,16.887081,17.379675,6905622.5
2010-07-21,A,17.480719,17.809114,17.310205,17.417566,7050984
2010-07-22,A,17.651232,18.232239,17.651232,18.137508,5778833.5
2010-07-23,A,18.036465,18.573263,17.966997,18.503796,5883183.5
2010-07-26,A,18.453272,18.737461,18.383806,18.718515,3365958.8
2010-07-27,A,18.775352,18.775352,18.194345,18.232239,5290494.5
2010-07-28,A,18.181717,18.48485,18.150139,18.175402,4933583
2010-07-29,A,18.295391,18.409065,17.543873,17.777536,6980837
2010-07-30,A,17.543873,17.790169,17.468088,17.638601,5849930.5
2010-08-02,A,17.903843,18.295391,17.809114,18.20066,4590384
2010-08-03,A,18.06804,18.143824,17.556501,17.581764,6714182.5
2010-08-04,A,17.594395,17.903843,17.524925,17.865952,3725245.5
2010-08-05,A,17.701754,18.080671,17.657547,17.97331,3275068
2010-08-06,A,17.796484,18.156454,17.727015,18.143824,5348607.5
2010-08-09,A,18.263815,18.863768,18.232239,18.83219,5841380
2010-08-10,A,18.592209,18.743776,18.396435,18.60484,5521046
2010-08-11,A,18.225924,18.251184,17.670177,17.821743,4476755
2010-08-12,A,17.461773,17.543873,17.310205,17.38599,5156850.5
2010-08-13,A,17.297575,17.58808,17.240738,17.272314,3874724
2010-08-16,A,17.120749,17.480719,17.05128,17.152323,5262074.5
2010-08-17,A,18.156454,18.649048,17.94805,18.491165,11567310
2010-08-18,A,18.522741,18.731146,18.358543,18.592209,4820049
2010-08-19,A,18.47222,18.478535,17.821743,18.023834,5357316.5
2010-08-20,A,17.847006,18.099617,17.676493,18.036465,5342432
2010-08-23,A,18.150139,18.181717,17.632286,17.657547,4945326
2010-08-24,A,17.379675,17.474403,17.108116,17.27863,4648847
2010-08-25,A,17.139692,17.575447,16.84919,17.487034,6919785
2010-08-26,A,17.607023,17.764906,17.360727,17.37336,4674198
2010-08-27,A,17.487034,17.714384,17.070225,17.657547,5299747
2010-08-30,A,17.537556,17.796484,17.480719,17.480719,4105750.8
2010-08-31,A,17.411251,17.430197,16.893396,17.032333,8458046
2010-09-01,A,17.335468,17.966997,17.322836,17.865952,5763632
2010-09-02,A,17.979626,18.47222,17.903843,18.446957,4307483.5
2010-09-03,A,18.623785,18.93955,18.623785,18.851137,3584792.8
2010-09-07,A,18.750092,18.762722,18.28276,18.308022,3495169
2010-09-08,A,18.364859,18.465904,18.181717,18.213293,4444136
2010-09-09,A,18.47222,18.560633,18.263815,18.27013,3326847.2
2010-09-10,A,18.28276,18.428013,18.137508,18.2575,2810164.5
2010-09-13,A,18.459589,18.60484,18.28276,18.396435,4684030
2010-09-14,A,18.326967,18.541687,18.093302,18.421698,4164497
2010-09-15,A,18.409065,18.69957,18.156454,18.573263,5928312
2010-09-16,A,18.529057,19.072172,18.478535,18.971127,7073786
2010-09-17,A,19.147955,19.533188,19.078485,19.293205,7547082
2010-09-20,A,19.43846,19.665808,19.305838,19.59634,5828079
2010-09-21,A,19.564764,19.766853,19.444775,19.672123,4619583
2010-09-22,A,19.564764,19.792114,19.419512,19.425827,6112468
2010-09-23,A,19.255314,19.520557,19.1669,19.299522,4433051.5
2010-09-24,A,19.558449,20.309967,19.558449,20.26576,5758406.5
2010-09-27,A,20.25313,20.297337,20.006834,20.208923,4379847.5
2010-09-28,A,20.183662,20.486795,20.02578,20.423643,4526950.5
2010-09-29,A,20.272076,20.625732,20.272076,20.57521,5356366.5
2010-09-30,A,20.6952,21.181479,20.613102,21.074118,9620463
2010-10-01,A,21.276207,21.648808,21.086748,21.301468,9331482
2010-10-04,A,21.194109,21.225685,20.448904,20.581526,7742639
2010-10-05,A,20.808876,21.086748,20.752039,20.865713,6688055.5
2010-10-06,A,20.853083,20.916235,20.392067,20.632046,5122173
2010-10-07,A,20.796246,21.168848,20.739408,20.966759,5917702.5
2010-10-08,A,20.973072,21.421457,20.834139,21.345675,4534076.5
2010-10-11,A,21.326729,21.453035,21.187792,21.314098,3035807.5
2010-10-12,A,21.225685,21.421457,21.023596,21.269892,5450582.5
2010-10-13,A,21.440405,21.775114,21.408829,21.667755,5064693.5
2010-10-14,A,21.648808,21.693016,21.490927,21.617233,4612774
2010-10-15,A,21.850897,21.939314,21.522505,21.775114,4404707.5
2010-10-18,A,21.781431,21.958258,21.554081,21.88879,3273009.5
2010-10-19,A,21.554081,21.762484,21.194109,21.484612,6327277
2010-10-20,A,21.560394,22.00878,21.528818,21.88879,3949146.5
2010-10-21,A,21.97089,22.10351,21.737223,21.945627,4844390
2010-10-22,A,21.939314,22.052986,21.800377,21.945627,3988574.8
2010-10-25,A,22.122456,22.204554,21.945627,22.040358,4198228
2010-10-26,A,21.869844,22.10351,21.724594,21.977203,5067227
2010-10-27,A,21.775114,21.951942,21.57934,21.844584,2623474.8
2010-10-28,A,22.18561,22.311916,21.737223,22.052986,3793967.5
2010-10-29,A,21.989834,22.109823,21.86353,21.977203,3062251.2
2010-11-01,A,22.065617,22.179293,21.711962,21.945627,3268259.2
2010-11-02,A,22.09088,22.2235,21.964573,22.141403,3318771.5
2010-11-03,A,22.217186,22.280336,21.825638,22.17298,3797611
2010-11-04,A,22.419273,22.7603,22.362436,22.728725,4368288
2010-11-05,A,22.716093,22.987652,22.640308,22.97502,3696109.8
2010-11-08,A,22.82977,22.97502,22.633995,22.848715,2951409
2010-11-09,A,22.848715,22.848715,22.255077,22.406643,5052976
2010-11-10,A,22.394012,22.520319,22.03404,22.267706,5256925.5
2010-11-11,A,21.977203,22.608732,21.775114,22.564526,5998142.5
2010-11-12,A,22.671886,23.713907,22.425589,22.962389,11203320
2010-11-15,A,23.076065,23.126587,22.589787,22.861345,7647790
2010-11-16,A,22.61505,22.640308,21.977203,22.12877,7819264.5
2010-11-17,A,22.10351,22.324545,22.002466,22.23613,4402016
2010-11-18,A,22.507689,22.987652,22.431906,22.880291,4683713
2010-11-19,A,22.842398,23.031858,22.596102,23.025541,3381318.2
2010-11-22,A,22.82977,23.09501,22.608732,22.911865,3619787
2010-11-23,A,22.646626,22.646626,22.179293,22.375067,3624854.2
2010-11-24,A,22.495058,23.006596,22.444536,22.949759,3428030.2
2010-11-26,A,22.709778,23.01291,22.589787,22.956074,1239848.4
2010-11-29,A,22.703463,22.741352,22.299284,22.514004,5451532.5
2010-11-30,A,22.248762,22.356123,22.097197,22.11614,6894063.5
2010-12-01,A,22.514004,22.82977,22.488743,22.810822,6536360
2010-12-02,A,22.722408,23.265524,22.66557,23.189741,4799464
2010-12-03,A,23.050804,23.73917,23.038172,23.6697,5171102
2010-12-06,A,23.556026,23.61918,23.398144,23.448668,2615557.5
2010-12-07,A,23.73917,23.922314,23.682331,23.732855,6518150.5
2010-12-08,A,23.73917,23.846529,23.45498,23.783377,5320263.5
2010-12-09,A,23.903366,24.03599,23.852844,24.029673,5403237
2010-12-10,A,23.998096,24.566473,23.998096,24.339123,8781863
2010-12-13,A,24.339123,24.686338,24.206503,24.440166,7437655.5
2010-12-14,A,24.503319,24.774878,24.490688,24.566473,5072135.5
2010-12-15,A,24.635939,24.749931,24.288599,24.30123,5212443
2010-12-16,A,24.38333,25.115902,24.30123,25.096958,6820749.5
2010-12-17,A,25.109587,25.88637,25.002228,25.60218,10600149
2010-12-20,A,25.324306,25.684277,24.920128,25.659018,6371363.5
2010-12-21,A,25.671648,25.930576,25.58955,25.785324,5724679
2010-12-22,A,25.677963,25.930576,25.50745,25.930576,4360363
2010-12-23,A,25.835846,26.094772,25.835846,25.93689,2594339
2010-12-27,A,25.823214,26.562105,25.823214,26.473688,5898859.5
2010-12-28,A,26.480005,26.574736,26.138979,26.214762,4782046
2010-12-29,A,26.23371,26.536842,26.214762,26.328438,3032240
2010-12-30,A,26.296862,26.429482,26.176872,26.265285,2511365.8
2010-12-31,A,26.16424,26.334753,26.04425,26.16424,2322776
2011-01-03,A,26.24634,26.612625,26.15161,26.44843,5656590.5
2011-01-04,A,26.517899,26.587364,26.00636,26.202133,5682875.5
2011-01-05,A,26.056879,26.353699,25.892683,26.145296,5118884
2011-01-06,A,26.126348,26.423168,26.022148,26.195816,5322639
2011-01-07,A,26.221079,26.397905,25.917944,26.284231,4316509
2011-01-10,A,26.15161,26.978914,26.082142,26.663149,4981403.5
2011-01-11,A,26.852608,27.351515,26.764193,27.117847,5249958
2011-01-12,A,27.282047,27.414667,27.13048,27.23784,3900376
2011-01-13,A,27.079958,27.300993,27.07364,27.136795,2654669
2011-01-14,A,27.02312,27.389406,27.004173,27.319937,3508470
2011-01-18,A,27.389406,28.071459,27.35783,28.008305,4722375
2011-01-19,A,27.926207,27.970413,26.694725,26.795769,7184557
2011-01-20,A,26.492636,26.8905,26.183186,26.707355,7719045.5
2011-01-21,A,26.839977,27.319937,26.543158,26.593681,4757660.5
2011-01-24,A,26.637888,27.02312,26.568419,27.010489,3273801.2
2011-01-25,A,27.010489,27.484137,26.701038,26.959967,4960660
2011-01-26,A,27.042065,27.136795,26.549473,26.884184,6218876.5
2011-01-27,A,27.010489,27.212578,26.757877,26.808401,5050759
2011-01-28,A,26.839977,26.852608,25.8169,25.880053,5747791
2011-01-31,A,26.025303,26.416853,25.823214,26.416853,5844547
2011-02-01,A,26.568419,26.966282,26.480005,26.555788,5365234
2011-02-02,A,26.36633,26.467375,25.779007,26.037935,6287598.5
2011-02-03,A,25.848476,26.00636,25.406406,25.88637,5578209
2011-02-04,A,25.962152,27.23784,25.85479,27.149427,8230396.5
2011-02-07,A,27.43993,28.210392,27.389406,28.065142,7236249
2011-02-08,A,28.197763,28.235655,27.67991,27.894629,5913585.5
2011-02-09,A,27.793583,27.894629,27.256784,27.427298,5984524.5
2011-02-10,A,27.294678,27.793583,26.884184,27.78727,5187094.5
2011-02-11,A,27.642017,28.513529,27.566235,28.431429,7024382
2011-02-14,A,28.418798,28.680883,28.241972,28.286179,5517561
2011-02-15,A,28.286179,28.418798,26.92839,26.934706,11603688
2011-02-16,A,27.092588,27.536238,26.966282,27.515713,6586958
2011-02-17,A,27.395721,27.78727,27.168371,27.736746,4151515.8
2011-02-18,A,27.69254,27.970413,27.566235,27.736746,6951859.5
2011-02-22,A,27.326254,27.629387,26.770508,26.833662,6561378.5
2011-02-23,A,26.877869,26.997858,25.22326,25.545343,11201778
2011-02-24,A,25.475874,26.240023,25.37483,25.987413,7055552.5
2011-02-25,A,26.01899,26.783138,25.974783,26.751562,6804989
2011-02-28,A,26.795769,26.934706,26.120033,26.574736,4861694
2011-03-01,A,26.511581,26.833662,25.671648,25.690594,6478564
2011-03-02,A,25.621126,26.252655,25.488504,26.183186,5347817.5
2011-03-03,A,26.599995,27.244154,26.599995,27.042065,6900728
2011-03-04,A,27.376776,29.561867,27.376776,29.523973,21143640
2011-03-07,A,29.214523,29.55555,28.65878,28.968227,11731116
2011-03-08,A,29.05664,29.182947,28.848238,29.031382,6171458.5
2011-03-09,A,28.829292,29.081903,28.166185,29.081903,5517581.5
2011-03-10,A,28.646149,28.867184,28.241972,28.343016,7689253
2011-03-11,A,28.463005,28.734562,27.724117,28.633518,7033609
2011-03-14,A,28.475636,28.677725,27.856739,28.317755,8968236
2011-03-15,A,27.376776,27.894629,26.8905,27.673594,10944475
2011-03-16,A,27.528343,27.635702,26.435799,26.732618,7993068
2011-03-17,A,27.23784,27.458874,26.46106,26.808401,6892394.5
2011-03-18,A,27.23784,27.58518,26.953651,27.117847,6152634
2011-03-21,A,27.484137,28.020935,27.45256,27.755693,4963803.5
2011-03-22,A,27.730433,27.755693,26.997858,27.27573,3831625.5
2011-03-23,A,27.124165,27.691277,26.997858,27.578863,5956519.5
2011-03-24,A,27.78727,27.856739,27.436771,27.730433,4359435
2011-03-25,A,27.793583,28.103035,27.616756,27.81253,3303914
2011-03-28,A,27.938837,28.210392,27.70517,27.762009,4725211
2011-03-29,A,27.749376,28.178818,27.47782,28.140926,3635360.5
2011-03-30,A,28.286179,28.523,28.197763,28.475636,3981558.5
2011-03-31,A,28.368275,28.431429,28.077772,28.279861,3475635.2
2011-04-01,A,28.343016,28.721931,28.282389,28.507212,3504788.5
2011-04-04,A,28.463005,28.677725,28.01462,28.31144,3379662
2011-04-05,A,28.260916,28.734562,28.172503,28.633518,4967507
2011-04-06,A,28.740877,28.860868,28.241972,28.601942,3724168.8
2011-04-07,A,28.56405,28.69667,27.951466,28.336699,3330277
2011-04-08,A,28.538788,28.84192,28.273546,28.349329,3169340.5
2011-04-11,A,28.292492,28.646149,28.197763,28.412485,2500465.2
2011-04-12,A,28.254602,28.671412,27.964096,28.380905,4388749.5
2011-04-13,A,28.551418,29.511343,28.545105,29.42293,8074006.5
2011-04-14,A,29.22084,29.50503,28.804031,29.44819,7362960.5
2011-04-15,A,29.43556,30.300755,29.258734,29.99762,7762334
2011-04-18,A,29.587126,29.587126,28.620888,29.416615,7251828.5
2011-04-19,A,29.498713,29.55555,29.242186,29.51766,6939412
2011-04-20,A,29.98499,30.837555,29.940783,30.717564,5740038.5
2011-04-21,A,30.900707,31.197527,30.805977,31.159634,4855976
2011-04-25,A,31.00175,31.0584,30.29444,30.427061,5291734.5
2011-04-26,A,30.584942,31.72801,30.578627,31.197527,7630785
2011-04-27,A,31.235416,31.645912,31.08385,31.595388,4311898
2011-04-28,A,31.475399,31.917406,31.355408,31.778532,3569780
2011-04-29,A,31.765902,32.005882,31.469084,31.519606,3752108.8
2011-05-02,A,31.734325,32.056404,31.589073,31.854315,4143528.8
2011-05-03,A,31.879576,32.005882,31.639595,31.955359,3574201
2011-05-04,A,31.9301,32.024826,31.033327,31.260677,5911063
2011-05-05,A,31.17858,31.544867,30.957544,31.052273,5482885
2011-05-06,A,31.57013,31.911152,31.102797,31.40593,4098577.5
2011-05-09,A,31.481712,31.595388,31.235416,31.50066,3207142.5
2011-05-10,A,31.639595,32.043774,31.311201,31.999565,6601912
2011-05-11,A,31.898521,31.986937,31.361723,31.595388,4779878
2011-05-12,A,31.475399,31.949045,31.19121,31.78485,5738992
2011-05-13,A,34.146767,34.942493,32.662674,33.205788,15977205
2011-05-16,A,32.95949,33.47103,32.88371,33.041588,8213718
2011-05-17,A,32.650043,32.78266,32.087982,32.31533,7157392.5
2011-05-18,A,32.29007,32.738457,32.20797,32.668987,6291000
2011-05-19,A,32.80161,32.82687,32.239548,32.309017,8179107
2011-05-20,A,32.3027,32.34059,31.848,32.018513,5306036.5
2011-05-23,A,31.456453,31.456453,30.62915,31.008066,6756127
2011-05-24,A,31.096481,31.096481,30.55968,30.74914,5442665
2011-05-25,A,30.477581,31.147003,30.395485,30.957544,5917333.5
2011-05-26,A,30.768087,31.32383,30.704933,31.19121,5183885
2011-05-27,A,31.197527,31.41856,31.052273,31.32383,3391135.8
2011-05-31,A,31.380669,31.595388,31.08385,31.494343,4184131.8
2011-06-01,A,31.443823,31.443823,30.237602,30.313385,6586714
2011-06-02,A,30.420744,30.711248,30.224972,30.427061,5272585.5
2011-06-03,A,29.928152,30.281809,29.574497,29.953413,4578255
2011-06-06,A,29.839739,29.99762,29.675543,29.71975,3264459
2011-06-07,A,30.003935,30.344961,29.773428,30.123926,6544792
2011-06-08,A,30.010252,30.357592,29.890263,30.149189,7462367
2011-06-09,A,30.212341,31.027014,30.130241,30.76177,5195645.5
2011-06-10,A,30.597574,30.90702,30.395485,30.433374,6206209
2011-06-13,A,30.016565,30.565998,29.745008,30.016565,6374055.5
2011-06-14,A,30.53442,31.506973,30.446005,30.925968,7601236
2011-06-15,A,30.603888,30.603888,29.833424,29.915522,5546065
2011-06-16,A,29.839739,30.161818,29.290308,29.71975,4808173
2011-06-17,A,30.111296,30.351278,29.871315,29.953413,6784171.5
2011-06-20,A,29.738693,30.648094,29.56818,30.553366,6035195.5
2011-06-21,A,30.755455,31.778532,30.736507,31.462767,5592777
2011-06-22,A,31.304886,31.475399,30.900707,30.913338,3627185
2011-06-23,A,30.427061,31.248047,29.959728,31.184895,5504738
2011-06-24,A,31.147003,31.153254,30.53442,30.622835,4190432.5
2011-06-27,A,30.53442,31.039644,30.218655,30.850183,4849835.5
2011-06-28,A,30.96386,32.024826,30.787031,31.879576,5243466
2011-06-29,A,32.07535,32.296387,31.810108,31.949045,5526746.5
2011-06-30,A,31.917469,32.833187,31.892208,32.27744,5535614
2011-07-01,A,32.35322,32.9216,32.163765,32.8395,4445719.5
2011-07-05,A,32.79529,32.8395,32.391117,32.62478,2954734.2
2011-07-06,A,32.53005,32.763718,32.37217,32.725826,3988416.2
2011-07-07,A,33.111057,33.23105,32.56163,33.079483,3834073.5
2011-07-08,A,32.239548,32.68793,30.793346,31.721695,12573988
2011-07-11,A,31.229103,31.51329,30.900707,31.00175,4722824.5
2011-07-12,A,30.685987,30.723879,30.060772,30.357592,6645143.5
2011-07-13,A,30.471268,30.74914,29.808163,30.401798,8248237.5
2011-07-14,A,30.483898,30.483898,29.707117,29.890263,5919919.5
2011-07-15,A,30.06709,30.06709,29.4103,29.73238,5985964
2011-07-18,A,29.498713,29.530289,28.29881,28.709301,10476340
2011-07-19,A,28.89876,29.73238,28.867184,29.643963,5648989.5
2011-07-20,A,29.65028,29.707117,29.19558,29.631332,6057205.5
2011-07-21,A,29.77027,29.871315,29.366093,29.631332,6726413
2011-07-22,A,29.65028,29.77027,29.378723,29.612387,3278165.2
2011-07-25,A,29.170317,29.50503,29.11348,29.30294,2918473.2
2011-07-26,A,28.942968,29.08822,28.178818,28.317755,8120927.5
2011-07-27,A,28.065142,28.065142,26.707355,26.814714,10361839
2011-07-28,A,26.757877,27.016804,26.44843,26.637888,11864066
2011-07-29,A,26.23371,27.079958,26.075827,26.625256,6075573.5
2011-08-01,A,26.91576,27.016804,25.564287,25.760063,8971554
2011-08-02,A,25.48219,25.981096,24.579102,24.591732,8994343
2011-08-03,A,24.68015,24.831715,23.934944,24.755932,7461757
2011-08-04,A,24.522266,24.522266,23.278154,23.30973,9760757
2011-08-05,A,23.745483,23.991783,22.337175,23.107641,14253030
2011-08-08,A,22.3877,22.690832,20.436274,20.56258,15012299
2011-08-09,A,21.010965,21.623549,20.272076,21.6046,12937968
2011-08-10,A,21.042542,21.314098,20.069988,20.114195,16090001
2011-08-11,A,20.284706,22.09088,20.12051,21.79406,12778713
2011-08-12,A,22.071934,23.328674,21.730907,22.867659,14932993
2011-08-15,A,23.189741,23.72654,23.009754,23.682331,10291761
2011-08-16,A,23.347622,24.080196,22.753984,23.132902,12206885
2011-08-17,A,23.284468,23.52445,22.217186,22.608732,7450966
2011-08-18,A,21.844584,21.857214,20.208923,20.354176,11649824
2011-08-19,A,20.044725,20.688885,19.59634,19.627916,9600986
2011-08-22,A,20.202608,20.33523,19.211107,19.261631,10773538
2011-08-23,A,19.406881,20.36049,19.0848,20.12051,13510230
2011-08-24,A,20.12051,20.922552,19.931051,20.890976,8985813
2011-08-25,A,21.11201,21.396198,20.56258,20.859398,10744719
2011-08-26,A,20.613102,22.071934,20.278393,22.02141,11638423
2011-08-29,A,22.381382,23.278154,22.261393,23.189741,12238237
2011-08-30,A,23.038172,23.417091,22.659256,23.126587,6171531
2011-08-31,A,23.215,24.03599,23.019228,23.284468,8550045
2011-09-01,A,23.240261,23.587603,22.526632,22.633995,7692127
2011-09-02,A,22.040358,22.154034,21.465668,21.724594,8978212
2011-09-06,A,20.707832,21.497242,20.303654,21.421457,11975858
2011-09-07,A,21.743538,22.671886,21.737223,22.539265,10058764
2011-09-08,A,22.362436,22.425589,21.402512,21.560394,9815844
2011-09-09,A,21.250946,21.80669,20.865713,21.067802,7088829
2011-09-12,A,20.638363,21.181479,20.259447,21.099379,8378944
2011-09-13,A,21.168848,22.10351,21.086748,21.964573,8700473
2011-09-14,A,22.179293,23.518135,21.869844,23.101326,10892931
2011-09-15,A,23.44235,23.51182,22.785563,23.391829,7707171
2011-09-16,A,23.486557,23.625494,22.561367,22.962389,7921354.5
2011-09-19,A,22.362436,22.362436,21.421457,22.078249,9431556
2011-09-20,A,22.324545,23.044489,22.12877,22.135086,6823441
2011-09-21,A,22.160347,22.166662,20.328913,20.366806,13217797
2011-09-22,A,19.634232,19.949997,19.406881,19.760538,10002077
2011-09-23,A,19.577394,20.34786,19.470034,20.006834,6876804
2011-09-26,A,20.234184,20.53732,19.81106,20.45522,8680522
2011-09-27,A,21.099379,21.825638,20.935183,21.194109,7544073.5
2011-09-28,A,21.250946,21.282522,19.943682,19.981573,7352316.5
2011-09-29,A,20.524689,20.770983,19.804745,20.53732,7554207.5
2011-09-30,A,20.101562,20.309967,19.60897,19.735277,6644510.5
2011-10-03,A,19.514242,19.602655,18.554317,18.566948,8229077.5
2011-10-04,A,18.232239,19.59634,18.105932,19.58371,8585187
2011-10-05,A,19.659492,20.316282,19.387936,20.284706,7773991.5
2011-10-06,A,20.189978,21.194109,19.861584,21.181479,7928695.5
2011-10-07,A,20.398382,20.613102,19.217422,19.81106,12809641
2011-10-10,A,20.297337,21.124641,20.221554,21.036226,6104234
2011-10-11,A,20.758352,21.54145,20.56258,21.427774,6200340.5
2011-10-12,A,21.6046,21.838268,21.093065,21.333044,12036505
2011-10-13,A,21.048859,21.099379,20.139454,20.505743,13372786
2011-10-14,A,20.941496,21.187792,20.853083,21.055172,9216523
2011-10-17,A,20.853083,21.130955,20.688885,20.884659,7916028
2011-10-18,A,20.859398,21.295155,20.297337,21.143585,9582460
2011-10-19,A,21.036226,21.351992,20.739408,20.834139,5531180.5
2011-10-20,A,20.922552,21.37725,20.512056,21.301468,7632430.5
2011-10-21,A,21.648808,22.381382,21.6046,22.274023,6825024.5
2011-10-24,A,22.476112,23.827583,22.381382,23.707594,9673826
2011-10-25,A,23.334991,23.612864,22.621363,22.690832,8348945.5
2011-10-26,A,22.722408,22.772932,21.996151,22.602419,9860040
2011-10-27,A,23.87179,25.513767,23.40446,25.261154,14127462
2011-10-28,A,25.16011,25.92426,25.071695,25.823214,10003343
2011-10-31,A,25.166424,25.242208,23.410774,23.410774,11834614
2011-11-01,A,22.255077,22.772932,21.88879,22.286654,12026803
2011-11-02,A,22.621363,23.082378,22.419273,22.836082,6396542.5
2011-11-03,A,23.246578,23.650757,22.7603,23.448668,7359442
2011-11-04,A,23.09501,23.40446,22.621363,23.30973,5009430.5
2011-11-07,A,23.240261,23.903366,23.019228,23.8339,6219510
2011-11-08,A,24.010727,24.497005,23.713907,24.471743,5691268
2011-11-09,A,23.625494,23.770746,22.539265,22.779245,10432136
2011-11-10,A,23.303415,23.676018,22.97502,23.278154,6041212.5
2011-11-11,A,23.745483,24.124403,23.499187,23.65707,6201617
2011-11-14,A,23.448668,23.878107,23.366568,23.713907,4129660.8
2011-11-15,A,23.972836,24.358068,23.499187,24.15598,6639829.5
2011-11-16,A,23.581287,24.875921,23.486557,24.364384,13109615
2011-11-17,A,24.212816,24.351753,23.303415,23.499187,7126832
2011-11-18,A,23.682331,23.682331,23.120272,23.246578,6029653
2011-11-21,A,22.61505,22.728725,22.027727,22.602419,6341594.5
2011-11-22,A,22.495058,22.810822,22.12877,22.469797,4201391.5
2011-11-23,A,22.109823,22.179293,21.219368,21.219368,6739834.5
2011-11-25,A,21.105694,21.711962,20.97939,21.364622,3620262.2
2011-11-28,A,22.18561,22.659256,21.926683,22.204554,4873886.5
2011-11-29,A,22.337175,22.507689,22.00878,22.11614,4466028.5
2011-11-30,A,23.101326,23.802322,23.069748,23.682331,5299362
2011-12-01,A,23.556026,24.238077,23.398144,23.88442,5034132.5
2011-12-02,A,24.244392,24.364384,23.158161,23.215,5533397
2011-12-05,A,23.701277,23.922314,23.221315,23.40446,5182186
2011-12-06,A,23.448668,23.587603,23.038172,23.353937,3932506
2011-12-07,A,23.158161,23.366568,22.488743,23.151848,4778720.5
2011-12-08,A,22.880291,22.981335,21.67407,21.737223,6844876.5
2011-12-09,A,22.00878,22.406643,21.75617,22.311916,4025944.2
2011-12-12,A,21.98352,22.052986,21.055172,21.301468,6195916.5
2011-12-13,A,21.509874,21.724594,20.818348,20.935183,4832096
2011-12-14,A,20.840452,21.124641,20.531002,20.796246,5185036
2011-12-15,A,21.175161,21.333044,20.960442,21.124641,5071344
2011-12-16,A,21.301468,21.623549,21.004648,21.130955,4945349.5
2011-12-19,A,21.238316,21.440405,20.928865,20.985704,5645506
2011-12-20,A,21.465668,21.964573,21.440405,21.838268,5813828
2011-12-21,A,21.743538,21.882475,21.37725,21.699331,4248895.5
2011-12-22,A,21.415144,22.12877,21.415144,22.002466,2986245.2
2011-12-23,A,22.002466,22.34349,21.907736,22.33086,2193882.2
2011-12-27,A,22.2235,22.463482,22.204554,22.261393,2214150.5
2011-12-28,A,22.261393,22.324545,21.484612,21.54145,2907072.2
2011-12-29,A,21.560394,22.18561,21.490927,22.141403,3023298
2011-12-30,A,22.059303,22.425589,21.989834,22.059303,2187073.5
2012-01-03,A,22.633995,23.360254,22.570843,23.038172,4707781.5
2012-01-04,A,22.82977,22.962389,22.476112,22.855028,5268959.5
2012-01-05,A,22.659256,23.568657,22.558212,23.366568,7750398
2012-01-06,A,23.423405,23.720224,23.246578,23.61918,5336415
2012-01-09,A,23.758116,24.263338,23.663387,24.238077,5017189.5
2012-01-10,A,24.51595,24.894867,24.38333,24.692778,5051234
2012-01-11,A,24.553843,24.819084,24.332806,24.579102,4454270
2012-01-12,A,24.718039,24.992754,24.225384,24.958021,4500553
2012-01-13,A,24.667519,24.762245,24.313862,24.667519,5729429.5
2012-01-17,A,25.109587,25.50745,25.071695,25.25484,6584022
2012-01-18,A,25.261154,26.10109,25.166424,26.063196,5020831.5
2012-01-19,A,26.126348,26.719986,25.962152,26.429482,4895738.5
2012-01-20,A,26.37896,26.46106,25.690594,25.892683,6185782.5
2012-01-23,A,25.8169,26.025303,25.595863,25.892683,5372834.5
2012-01-24,A,25.84216,27.149427,25.766376,26.903128,8645211
2012-01-25,A,27.07364,27.91989,26.71367,27.818846,7377382.5
2012-01-26,A,27.957783,28.324068,26.827345,26.941021,9161418
2012-01-27,A,26.764193,27.124165,26.694725,26.953651,3844638.2
2012-01-30,A,26.480005,27.27573,26.347385,27.256784,4627975.5
2012-01-31,A,27.364147,27.496767,26.719986,26.821032,5321213.5
2012-02-01,A,27.206264,28.052511,27.136795,27.907259,6571354.5
2012-02-02,A,27.91989,28.103035,27.57255,27.610443,3525729.8
2012-02-03,A,28.039883,28.608257,27.91989,28.595625,5521838
2012-02-06,A,28.254602,28.368275,27.983044,28.204079,4726150
2012-02-07,A,28.267231,28.343016,27.92627,28.166185,4033704.8
2012-02-08,A,28.22934,28.450375,28.046196,28.399853,3435472.5
2012-02-09,A,28.418798,28.639833,27.976728,28.475636,3548531.5
2012-02-10,A,27.938837,27.957783,27.47782,27.875683,4189515.5
2012-02-13,A,28.223024,28.22934,27.484137,27.686226,5427305.5
2012-02-14,A,27.623074,27.94673,27.367302,27.648333,4144871.5
2012-02-15,A,28.103035,28.103035,27.427298,27.55992,3953949.2
2012-02-16,A,27.15574,27.755693,26.372644,27.67991,11215323
2012-02-17,A,27.81253,27.875683,27.14311,27.244154,6441827.5
2012-02-21,A,27.326254,27.395721,26.789454,26.909445,4489739.5
2012-02-22,A,26.871552,27.338884,26.738932,26.978914,3915894
2012-02-23,A,26.985228,27.55992,26.839977,27.414667,3802513.5
2012-02-24,A,27.49045,27.780956,27.136795,27.168371,4649035.5
2012-02-27,A,26.972597,27.522028,26.808401,27.376776,3252266.2
2012-02-28,A,27.471504,27.604126,27.272575,27.553604,3353387.5
2012-02-29,A,27.660963,27.970413,27.395721,27.547289,4739253
2012-03-01,A,27.623074,27.964096,27.471504,27.888313,3766326.8
2012-03-02,A,27.894629,28.039883,27.433613,27.610443,3370550.8
2012-03-05,A,27.534657,27.604126,26.871552,27.016804,5652948.5
2012-03-06,A,26.707355,26.858921,26.454742,26.701038,5948263.5
2012-03-07,A,26.821032,27.578863,26.732618,27.446243,5532605.5
2012-03-08,A,27.724117,28.178818,27.256784,27.964096,6058630.5
2012-03-09,A,27.938837,28.463005,27.938837,28.13461,4846176
2012-03-12,A,28.065142,28.204079,27.395721,27.547289,4180173.2
2012-03-13,A,27.762009,28.526157,27.635702,28.488268,3704818.8
2012-03-14,A,28.507212,28.56405,28.204079,28.399853,4339786
2012-03-15,A,28.48195,28.999804,28.324068,28.961914,3366433.8
2012-03-16,A,29.00612,29.050327,28.639833,28.810347,3609336.2
2012-03-19,A,28.702988,28.860868,28.519842,28.646149,3780191.5
2012-03-20,A,28.475636,28.513529,28.103035,28.31144,2737325.5
2012-03-21,A,28.349329,28.494581,28.039883,28.241972,2490147.5
2012-03-22,A,27.780956,27.780956,27.294678,27.604126,4914740
2012-03-23,A,27.515713,27.976728,27.250471,27.976728,5335306.5
2012-03-26,A,28.336699,28.494581,28.185133,28.450375,5490010.5
2012-03-27,A,28.450375,29.227154,28.412485,28.84192,6023636
2012-03-28,A,28.68404,28.715618,27.844107,28.159872,4891779.5
2012-03-29,A,27.850422,28.121979,27.755693,28.077772,3623587.5
2012-03-30,A,28.330954,28.392984,27.84991,28.172716,3669265.8
2012-04-02,A,28.172716,28.552488,27.98916,28.40058,3573095.8
2012-04-03,A,28.318296,28.577806,28.141068,28.375261,4354039
2012-04-04,A,28.065115,28.134739,27.43849,27.685345,3777218.5
2012-04-05,A,27.634706,28.470203,27.571413,28.337284,7835501
2012-04-09,A,27.932196,27.932196,27.558752,27.56508,5857166
2012-04-10,A,27.533434,27.685345,26.552359,26.773891,6844747.5
2012-04-11,A,27.19797,27.254936,26.837187,26.881495,3840888.5
2012-04-12,A,26.976435,27.647366,26.900482,27.552422,2469379.5
2012-04-13,A,27.349878,27.413174,26.704266,26.735914,3779272.5
2012-04-16,A,26.957447,27.04606,26.457415,26.577677,3895758.2
2012-04-17,A,26.837187,27.065048,26.792881,26.995426,3278603
2012-04-18,A,26.767563,26.957447,26.590334,26.78655,2718445.8
2012-04-19,A,26.843515,26.957447,26.305508,26.53337,4294951
2012-04-20,A,26.691607,27.141005,26.609324,26.647299,3144943.8
2012-04-23,A,26.178917,26.204235,25.672554,26.12195,3456815.5
2012-04-24,A,25.558622,25.61559,24.780092,25.19151,12099486
2012-04-25,A,25.507986,26.25487,25.507986,26.064985,5775815.5
2012-04-26,A,26.027006,26.628311,26.008018,26.577677,3871314.2
2012-04-27,A,26.710596,27.008083,26.305508,26.93846,4657379.5
2012-04-30,A,26.90681,27.052391,26.571346,26.697937,2945402.8
2012-05-01,A,26.602993,27.387856,26.457415,27.19797,4086249.8
2012-05-02,A,27.027073,27.280252,26.773891,27.242277,3783696.2
2012-05-03,A,27.311901,27.311901,26.697937,26.716925,2710156
2012-05-04,A,26.67895,26.767563,25.925734,25.957382,3469773.8
2012-05-07,A,25.742178,26.008018,25.488998,25.86244,4133959.5
2012-05-08,A,25.72952,25.773827,25.014284,25.488998,6781218
2012-05-09,A,25.102896,25.558622,25.001625,25.273794,6809059
2012-05-10,A,25.704203,25.887758,25.115557,25.153534,3720198.5
2012-05-11,A,25.020613,25.501657,24.93833,24.969976,6101247.5
2012-05-14,A,24.602863,24.963646,24.330694,24.621853,6247107
2012-05-15,A,25.894087,26.311836,25.57761,25.640905,11056043
2012-05-16,A,25.742178,25.951054,25.128216,25.166191,5624193
2012-05-17,A,26.520712,26.52704,25.077578,25.083908,7798616.5
2012-05-18,A,25.3181,25.463678,24.444626,24.51425,8154956
2012-05-21,A,24.577547,25.394054,24.558558,25.311771,4396380.5
2012-05-22,A,25.35608,26.077644,25.077578,25.628248,6984252
2012-05-23,A,25.337088,25.963713,24.932,25.805473,5444642.5
2012-05-24,A,25.849781,26.045998,25.60293,25.963713,4058440.2
2012-05-25,A,25.963713,26.24221,25.818134,25.957382,2976210.8
2012-05-29,A,26.24854,26.742243,26.223223,26.697937,6437766
2012-05-30,A,26.356142,26.356142,25.824463,26.172585,4857078.5
2012-05-31,A,26.24221,26.343483,25.488998,25.73585,6654068
2012-06-01,A,24.811739,24.963646,24.090174,24.191446,8564835
2012-06-04,A,24.273727,24.450956,23.393925,23.950924,8150848.5
2012-06-05,A,23.805344,24.425638,23.678753,24.235752,5879430
2012-06-06,A,24.51425,25.172522,24.292719,25.172522,5840406.5
2012-06-07,A,25.666224,25.672554,25.140875,25.292782,7159603.5
2012-06-08,A,25.077578,25.223156,24.957317,25.064919,4796944.5
2012-06-11,A,25.349747,25.413044,24.63451,24.67249,3224496.2
2012-06-12,A,24.64717,25.014284,24.400318,24.982635,2846659
2012-06-13,A,24.811739,25.210499,24.571217,24.685148,4021628.8
2012-06-14,A,24.742113,25.102896,24.602863,24.906681,3657304.5
2012-06-15,A,25.109224,25.349747,24.982635,25.324429,4564573
2012-06-18,A,25.223156,25.43836,24.976305,25.413044,4147131
2012-06-19,A,25.61559,26.153597,25.56495,26.045998,4762126.5
2012-06-20,A,26.064985,26.235882,25.482668,25.72319,5085092.5
2012-06-21,A,25.754837,26.00169,24.704136,24.7611,4902263.5
2012-06-22,A,24.988964,25.04593,24.286386,24.704136,5807789.5
2012-06-25,A,24.330694,24.400318,23.659765,23.836992,4713466
2012-06-26,A,24.052195,24.210434,23.811672,24.045868,3980077.5
2012-06-27,A,24.330694,24.482603,24.147139,24.273727,2435885.8
2012-06-28,A,24.083843,24.140808,23.533175,23.87497,3162164.5
2012-06-29,A,24.338251,24.941154,24.338251,24.903078,4169631.5
2012-07-02,A,25.08712,25.137892,24.433447,24.693647,2737794.2
2012-07-03,A,24.63653,25.214046,24.63653,25.093468,1532468.4
2012-07-05,A,24.915768,25.283857,24.750763,24.985579,2529800.8
2012-07-06,A,24.623837,24.642878,23.849583,24.09709,5257195.5
2012-07-09,A,24.084398,24.281134,23.73535,23.874968,3576859.2
2012-07-10,A,24.224016,24.490564,23.551304,23.792465,3469080.8
2012-07-11,A,23.76708,23.874968,23.36726,23.602074,3042536.5
2012-07-12,A,23.411684,23.424377,23.005518,23.17687,4564986.5
2012-07-13,A,23.195908,23.760733,23.075329,23.50688,5328417.5
2012-07-16,A,23.36726,23.53861,23.214949,23.373608,2759827.5
2012-07-17,A,23.405338,23.741693,23.164177,23.69727,3254626.8
2012-07-18,A,23.563997,24.61749,23.563997,24.344599,4419706
2012-07-19,A,24.21767,24.496908,24.090742,24.40806,3345863.5
2012-07-20,A,24.249401,24.249401,23.760733,23.836891,2898674.2
2012-07-23,A,23.36726,23.392645,23.018211,23.284756,3465285
2012-07-24,A,23.227638,23.272062,22.415306,22.599352,6079873
2012-07-25,A,22.796087,23.189562,22.694546,22.935707,2802042.2
2012-07-26,A,23.443415,23.798811,23.100714,23.233986,4814470
2012-07-27,A,23.386297,24.204977,23.284756,24.07805,4546550.5
2012-07-30,A,24.065357,24.306519,23.919392,24.230364,5170374
2012-07-31,A,24.135168,24.56672,24.128822,24.300173,3444140.5
2012-08-01,A,24.579412,24.579412,24.065357,24.230364,2991325.8
2012-08-02,A,24.052666,24.262094,23.513226,23.95747,3504691.8
2012-08-03,A,24.458832,25.055387,24.439793,24.820574,2875511.2
2012-08-06,A,25.214046,25.321936,24.877691,24.89673,3163866
2012-08-07,A,24.972885,25.74714,24.909422,25.544058,3468608
2012-08-08,A,25.569443,25.85503,25.45521,25.804258,3048366.5
2012-08-09,A,25.740795,26.000996,25.664637,25.893106,3452693.5
2012-08-10,A,25.658293,25.734447,25.277512,25.721754,3087759.2
2012-08-13,A,25.556751,25.829643,25.480595,25.62656,2932079.2
2012-08-14,A,25.778872,25.988302,25.544058,25.696371,3142594
2012-08-15,A,25.59483,25.924837,25.25847,25.690023,4472334.5
2012-08-16,A,23.798811,24.224016,23.32918,23.57669,20164418
2012-08-17,A,23.62746,23.665539,23.360914,23.621115,8473690
2012-08-20,A,23.494186,23.595728,23.195908,23.278412,6260291.5
2012-08-21,A,23.418032,23.614767,23.265718,23.563997,8470854
2012-08-22,A,23.513226,23.786118,23.34949,23.773426,6907842
2012-08-23,A,23.62746,23.836891,23.525919,23.779774,7078399.5
2012-08-24,A,23.646498,24.122475,23.608421,24.020933,4533787.5
2012-08-27,A,24.001894,24.001894,23.665539,23.760733,4818675.5
2012-08-28,A,23.722656,23.773426,23.418032,23.449762,7816462
2012-08-29,A,23.525919,23.678232,23.437069,23.583035,7918567.5
2012-08-30,A,23.456108,23.62746,23.424377,23.50688,3809906.8
2012-08-31,A,23.690926,23.798811,23.392645,23.583035,3618458
2012-09-04,A,23.462456,23.782944,23.29745,23.513226,6066482.5
2012-09-05,A,23.519573,23.608421,23.240332,23.31649,6418965.5
2012-09-06,A,23.551304,23.82737,23.29745,23.786118,7540232
2012-09-07,A,23.786118,24.484219,23.652845,24.382675,6289127
2012-09-10,A,24.319212,24.579412,24.141516,24.281134,4533335
2012-09-11,A,24.268442,24.293825,24.008242,24.008242,4614908
2012-09-12,A,24.065357,24.255749,23.792465,23.792465,7403941
2012-09-13,A,23.773426,24.420753,23.595728,24.35729,8487084
2012-09-14,A,24.395367,25.474247,24.369984,25.214046,10614618
2012-09-17,A,25.042696,25.271164,24.903078,25.150585,5745822.5
2012-09-18,A,25.106161,25.29655,25.03635,25.099813,5662940.5
2012-09-19,A,25.08712,25.391745,24.979233,25.309244,4646450.5
2012-09-20,A,25.099813,25.22674,24.604797,24.89673,7001347.5
2012-09-21,A,25.08712,25.271164,24.750763,24.750763,5556507.5
2012-09-24,A,24.66826,24.750763,24.350943,24.554026,3223743
2012-09-25,A,24.661915,24.706339,24.312866,24.319212,5583925
2012-09-26,A,24.420753,24.420753,24.039974,24.287481,5893250.5
2012-09-27,A,24.427101,24.642878,24.268442,24.484219,5380573.5
2012-09-28,A,24.484217,24.573296,24.051544,24.46513,7650004
2012-10-01,A,24.496943,25.145952,24.42059,24.726006,6636814
2012-10-02,A,24.86599,25.063236,24.522394,24.732367,5029670.5
2012-10-03,A,24.815084,25.00597,24.573296,24.802359,3934876.8
2012-10-04,A,24.955069,25.222307,24.732367,24.942343,8748449
2012-10-05,A,25.101414,25.184132,24.630562,24.726006,4398034.5
2012-10-08,A,24.554209,24.75782,24.496943,24.59875,4238672
2012-10-09,A,24.59875,24.891438,24.261518,24.274244,4780483
2012-10-10,A,24.293333,24.33151,23.6825,23.803392,4733262
2012-10-11,A,24.032455,24.293333,23.943377,23.943377,4724461
2012-10-12,A,23.981552,24.038818,23.61887,23.6825,4195450.5
2012-10-15,A,23.746128,23.956102,23.536156,23.657047,4156947.2
2012-10-16,A,23.841572,24.166075,23.828844,24.121534,3687817.2
2012-10-17,A,24.17244,24.337872,23.987917,24.216978,6071029
2012-10-18,A,23.917925,23.924286,23.19256,23.313454,10169784
2012-10-19,A,23.205286,23.211649,22.67717,22.747162,6269682.5
2012-10-22,A,22.689896,22.96986,22.607178,22.906233,3829892.2
2012-10-23,A,22.511736,22.734436,22.511736,22.594452,5184004
2012-10-24,A,22.67717,22.887144,22.549911,22.81079,6429831
2012-10-25,A,23.027126,23.046215,22.747162,22.976225,5169073.5
2012-10-26,A,23.014399,23.097116,22.715347,22.868055,5862946
2012-10-31,A,22.906233,23.128931,22.817152,22.89987,5369141.5
2012-11-01,A,22.931684,23.63796,22.874418,23.606144,5017254.5
2012-11-02,A,23.77794,23.77794,23.369892,23.542517,5267495
2012-11-05,A,23.542517,23.994278,23.447073,23.93065,4260046
2012-11-06,A,23.943377,24.484217,23.892473,24.35696,5855245
2012-11-07,A,24.038818,24.127897,23.695227,23.911562,5076033.5
2012-11-08,A,23.911562,23.956102,23.440712,23.466164,4813415
2012-11-09,A,23.307093,23.63796,23.262552,23.48525,6155111
2012-11-12,A,23.580694,23.63796,23.383446,23.427986,3258606.5
2012-11-13,A,23.32618,23.447073,23.090755,23.116207,5564494.5
2012-11-14,A,23.173471,23.383446,22.96986,22.995312,4981421.5
2012-11-15,A,22.995312,23.313454,22.708982,22.747162,8213750.5
2012-11-16,A,22.772614,22.81079,22.556276,22.78534,10377611
2012-11-19,A,23.548878,24.166075,23.548878,23.86702,8050891
2012-11-20,A,22.868055,23.491613,22.778975,23.08439,16534592
2012-11-21,A,23.109842,23.205286,22.67717,22.804426,6292628
2012-11-23,A,23.008038,23.48525,22.912594,23.466164,3530340.5
2012-11-26,A,23.345268,23.841572,23.281641,23.841572,5159644
2012-11-27,A,23.77158,23.956102,23.52979,23.758854,5399159.5
2012-11-28,A,23.61887,24.191526,23.497976,24.159714,5428391.5
2012-11-29,A,24.236067,24.547848,24.185163,24.395138,6240607.5
2012-11-30,A,24.414225,24.484535,24.17244,24.363323,3783117.5
2012-12-03,A,24.56057,24.751457,24.102448,24.127897,4266445.5
2012-12-04,A,24.146988,24.318785,23.981552,24.261518,3439343.5
2012-12-05,A,24.26788,24.783272,24.236067,24.59875,6172556
2012-12-06,A,24.522394,24.656013,24.255154,24.382412,5608657
2012-12-07,A,24.496943,24.503305,24.038818,24.057907,5227852.5
2012-12-10,A,24.051544,24.592386,23.994278,24.53512,4791569.5
2012-12-11,A,24.656013,25.41319,24.643288,25.260485,7010395.5
2012-12-12,A,25.324112,25.985847,25.260485,25.775873,9719714
2012-12-13,A,25.69952,25.718607,25.222307,25.324112,5457781
2012-12-14,A,25.27321,25.623167,25.260485,25.355927,4136359
2012-12-17,A,25.438643,25.954035,25.305025,25.92222,5430425.5
2012-12-18,A,25.934944,26.558504,25.864956,26.335804,7306984.5
2012-12-19,A,26.39307,26.405796,25.820415,25.826777,7456259
2012-12-20,A,25.820415,26.335804,25.718607,26.316717,5993824.5
2012-12-21,A,25.884043,26.119467,25.235668,26.119467,7411863.5
2012-12-24,A,26.017662,26.19582,25.94767,26.132193,1753776
2012-12-26,A,26.157644,26.234,25.941309,26.017662,4022730.5
2012-12-27,A,26.036798,26.081448,25.520144,25.921986,3166604.2
2012-12-28,A,25.654093,25.762526,25.386196,25.405333,3645247.8
2012-12-31,A,25.316032,26.132475,25.284142,26.113338,5279659.5
2013-01-02,A,26.897886,26.897886,26.247288,26.712914,9861403
2013-01-03,A,26.751183,26.878752,26.52156,26.808588,6450322
2013-01-04,A,26.878752,27.395407,26.700157,27.338001,7214154
2013-01-07,A,27.17216,27.299728,27.031836,27.140268,4025434.8
2013-01-08,A,27.089241,27.286972,26.853237,26.9234,4370680.5
2013-01-09,A,27.427298,27.714329,27.229567,27.650543,6434801
2013-01-10,A,27.835518,28.141684,27.637789,27.854652,6191324.5
2013-01-11,A,27.848276,28.058765,27.656923,27.70157,3638820
2013-01-14,A,27.70157,27.771734,27.357136,27.771734,3621260.8
2013-01-15,A,27.522976,27.66968,27.318867,27.580381,5348015
2013-01-16,A,27.522976,27.580381,27.344378,27.45919,3386250.5
2013-01-17,A,27.835518,28.339417,27.758978,27.982222,7446247
2013-01-18,A,28.097034,28.167198,27.803627,28.16082,3740098.5
2013-01-22,A,28.039629,28.479742,27.969465,28.473362,3548515.8
2013-01-23,A,28.409578,28.460606,28.141684,28.256495,4195382
2013-01-24,A,28.422337,28.830555,28.339417,28.48612,4878935
2013-01-25,A,28.530767,29.0538,28.492496,28.887962,4982054
2013-01-28,A,28.824177,28.97726,28.651958,28.817799,3717679.2
2013-01-29,A,28.677473,28.69023,28.384064,28.473362,4626992.5
2013-01-30,A,28.435093,28.632824,28.173574,28.32028,4614169.5
2013-01-31,A,28.288387,28.620066,28.262875,28.56266,5305500
2013-02-01,A,28.754015,29.123964,28.409578,28.887962,4433424.5
2013-02-04,A,28.575417,28.683851,27.988602,28.23098,5441768
2013-02-05,A,28.422337,28.741259,28.288387,28.702986,3389875
2013-02-06,A,28.524391,28.785908,28.390442,28.760393,4321432
2013-02-07,A,28.639204,28.741259,28.339417,28.709364,4926901
2013-02-08,A,28.747635,28.926231,28.702986,28.754015,2860887
2013-02-11,A,28.811419,28.817799,28.352173,28.447847,4570866
2013-02-12,A,28.581797,28.671095,28.384064,28.460606,3721598.8
2013-02-13,A,28.581797,28.85607,28.498877,28.543526,3217714
2013-02-14,A,28.524391,28.56266,28.294767,28.435093,6029216
2013-02-15,A,27.733463,28.218225,26.9234,26.948915,22979618
2013-02-19,A,26.9234,27.50384,26.9234,27.433676,6453300.5
2013-02-20,A,27.325243,27.331621,26.932968,26.942537,6072303
2013-02-21,A,26.878752,26.878752,26.451397,26.553452,5354286
2013-02-22,A,26.681023,26.834103,26.52156,26.661884,5259749
2013-02-25,A,26.84686,26.929781,26.336586,26.336586,5680165
2013-02-26,A,25.90923,26.336586,25.634954,26.132475,9698137
2013-02-27,A,26.145233,26.728859,26.043179,26.617235,5588175.5
2013-02-28,A,26.649128,26.827726,26.43864,26.457775,5431581
2013-03-01,A,26.266422,26.776697,25.979391,26.744804,4843503
2013-03-04,A,26.629993,26.904266,26.48329,26.808588,3818026.8
2013-03-05,A,27.0127,27.548489,27.00632,27.210432,5156727
2013-03-06,A,27.427298,27.758978,27.363514,27.580381,4698640
2013-03-07,A,27.61865,27.733463,27.306108,27.58676,3786826.2
2013-03-08,A,27.74622,27.758978,27.440056,27.446432,5105167
2013-03-11,A,27.420921,27.433676,26.617235,27.306108,8580210
2013-03-12,A,27.299728,27.427298,27.165783,27.184917,5906929
2013-03-13,A,27.146648,27.45919,27.044592,27.427298,3513554.2
2013-03-14,A,27.446432,27.66968,27.427298,27.631409,4453443.5
2013-03-15,A,27.491081,27.567625,27.350758,27.433676,4044389.2
2013-03-18,A,27.08286,27.235945,26.904266,27.140268,2896892.5
2013-03-19,A,27.223188,27.312487,26.527939,26.789454,9793145
2013-03-20,A,26.948915,27.293352,26.929781,27.235945,5080238
2013-03-21,A,27.076485,27.274214,26.553452,26.56621,6912503.5
2013-03-22,A,26.655508,26.655508,26.094204,26.311071,8540373
2013-03-25,A,26.464155,26.56621,26.017664,26.23453,4386024.5
2013-03-26,A,26.406748,26.674643,26.35572,26.674643,3940702.5
2013-03-27,A,26.406748,26.910645,26.285557,26.84686,5283372
2013-03-28,A,26.917225,26.917225,26.546217,26.84686,3357992.8
2013-04-01,A,26.757309,26.851402,26.092052,26.181606,3972891.5
2013-04-02,A,26.303143,26.456663,25.964119,26.008896,3680660
2013-04-03,A,25.989706,26.219988,25.791409,25.919342,8252720.5
2013-04-04,A,25.932137,26.527027,25.932137,26.488646,6126368.5
2013-04-05,A,26.053673,26.7701,26.015291,26.571804,7752670
2013-04-08,A,26.507835,26.701336,26.335125,26.648563,3744755.8
2013-04-09,A,26.69334,26.949207,26.565405,26.642168,2594315
2013-04-10,A,26.69334,27.102726,26.654959,27.032364,3391291.2
2013-04-11,A,27.089933,28.100609,27.077206,28.055834,8795958
2013-04-12,A,27.85114,28.647526,27.780775,28.625137,9510504
2013-04-15,A,28.46522,28.490807,27.470537,27.531305,12116794
2013-04-16,A,27.799965,27.98547,27.403372,27.755188,7043702
2013-04-17,A,27.556892,27.576082,26.821274,26.987587,7023957.5
2013-04-18,A,26.718927,27.025967,26.533297,26.757309,6217764
2013-04-19,A,26.795687,27.006779,26.642168,26.86605,4808437.5
2013-04-22,A,26.88524,27.025967,26.44387,26.7701,3658930
2013-04-23,A,27.00038,27.40497,26.949207,27.256248,5506793.5
2013-04-24,A,27.326612,27.528107,27.102726,27.409767,4723063.5
2013-04-25,A,27.5377,27.665636,27.28823,27.333008,3314063.5
2013-04-26,A,27.147503,27.230661,26.028084,26.418282,8260221
2013-04-29,A,26.635769,26.661358,26.258366,26.52063,3973876.2
2013-04-30,A,26.354317,26.648563,26.194399,26.507835,5395689
2013-05-01,A,26.495043,26.699738,26.392694,26.42468,4262055.5
2013-05-02,A,26.539822,26.686945,26.379904,26.533422,5374195
2013-05-03,A,26.821274,27.217867,26.571804,26.5782,7412542
2013-05-06,A,26.507835,26.94281,26.475853,26.86605,4407600
2013-05-07,A,26.981192,27.128315,26.802084,27.121918,5509612.5
2013-05-08,A,27.121918,27.473736,27.057951,27.467337,3313907.2
2013-05-09,A,27.486528,27.630453,27.269041,27.608065,4938958.5
2013-05-10,A,27.582478,28.049435,27.531305,27.90871,7288551
2013-05-13,A,27.780775,27.863934,27.326612,27.531305,6661480.5
2013-05-14,A,27.492926,28.183767,27.430237,28.126198,9520069
2013-05-15,A,28.721088,29.738161,28.714691,29.220028,16085535
2013-05-16,A,29.060112,29.322374,28.765865,28.778658,7646252.5
2013-05-17,A,28.797848,29.315979,28.778658,29.143269,5077478.5
2013-05-20,A,29.092094,30.352242,29.034525,29.64221,8909005
2013-05-21,A,29.616621,30.038803,29.559052,29.904472,6285982.5
2013-05-22,A,29.885284,30.366953,29.469498,29.578243,8476097
2013-05-23,A,29.232822,29.379946,28.912989,29.25841,5905408.5
2013-05-24,A,29.015335,29.226423,28.944971,29.162458,3478993
2013-05-28,A,29.482292,30.026009,29.482292,29.69978,7494455
2013-05-29,A,29.411928,29.648605,29.040922,29.456705,5661063
2013-05-30,A,29.559052,30.096373,29.431118,29.456705,4832039
2013-05-31,A,29.367151,29.725367,29.060112,29.072905,7205728.5
2013-06-03,A,29.20084,29.322374,28.810642,29.111284,5768343.5
2013-06-04,A,29.536663,29.712572,29.028128,29.053713,5259442
2013-06-05,A,28.989748,29.028128,28.46522,28.48441,3900618
2013-06-06,A,28.46522,28.79145,28.279716,28.79145,5911116
2013-06-07,A,28.887402,29.373547,28.746674,28.881004,4348350.5
2013-06-10,A,29.008936,29.008936,28.458824,28.612343,4269090.5
2013-06-11,A,28.286114,28.548378,28.145386,28.401255,6119425.5
2013-06-12,A,28.644327,28.676311,28.011057,28.094212,4268934
2013-06-13,A,28.06223,28.503601,27.927898,28.458824,4056700.5
2013-06-14,A,28.362873,28.509996,28.049435,28.145386,2622767.2
2013-06-17,A,28.38846,28.701897,28.266922,28.38846,3126935.2
2013-06-18,A,28.38846,28.663519,28.318161,28.65712,3943259
2013-06-19,A,28.618742,28.708038,27.825552,27.838346,9076626
2013-06-20,A,27.576082,27.576082,26.7701,27.070744,9861336
2013-06-21,A,27.24985,27.652842,27.102726,27.492926,5715693
2013-06-24,A,27.147503,27.345802,26.910828,27.064348,4488975
2013-06-25,A,26.872446,27.390577,26.872446,27.17309,4595502
2013-06-26,A,27.569685,27.691223,27.045156,27.083538,5774559
2013-06-27,A,27.224266,27.691223,27.198679,27.556892,5388762
2013-06-28,A,27.58255,27.778193,27.409357,27.428598,8662613
2013-07-01,A,27.614622,28.07647,27.524818,27.961008,6678291.5
2013-07-02,A,27.903276,28.153444,27.550478,27.64028,4655824
2013-07-03,A,27.467087,27.877619,27.402943,27.691595,3025673
2013-07-05,A,27.877619,28.413233,27.839132,28.371538,3275170
2013-07-08,A,28.467758,28.653778,28.300978,28.454927,4010246.2
2013-07-09,A,28.608875,28.8398,28.442099,28.608875,5419267
2013-07-10,A,28.634535,29.282406,28.551146,29.06431,5109636.5
2013-07-11,A,29.308062,29.494083,29.141285,29.327307,3323388.5
2013-07-12,A,29.365793,29.47484,29.23994,29.34655,3084893.2
2013-07-15,A,29.314478,29.683313,29.301647,29.577475,3793223.8
2013-07-16,A,29.564644,29.808397,29.365793,29.449183,3159693.5
2013-07-17,A,29.47484,29.571058,29.231087,29.256746,1865358.8
2013-07-18,A,29.288818,29.538986,29.218258,29.442768,3117475.2
2013-07-19,A,29.397867,29.68652,29.308062,29.635204,1838633.5
2013-07-22,A,29.654448,30.052149,29.571058,30.020077,2863387.2
2013-07-23,A,29.705765,30.045734,29.705765,29.808397,4574289
2013-07-24,A,29.936687,30.026493,29.821228,29.994417,2855229.2
2013-07-25,A,29.904615,30.084223,29.75708,29.930273,2214186.2
2013-07-26,A,29.705765,29.866129,29.142696,29.25033,5760326.5
2013-07-29,A,29.243917,29.314478,28.852629,29.083553,3058894.5
2013-07-30,A,29.218258,29.25033,28.749996,28.76924,4352451
2013-07-31,A,28.891117,29.057894,28.647364,28.692266,4376618
2013-08-01,A,29.1926,29.635204,29.070724,29.532572,4279400
2013-08-02,A,29.5454,29.834055,29.500563,29.750668,3741522.5
2013-08-05,A,29.67369,29.763496,29.378622,29.468426,2923695.5
2013-08-06,A,29.462011,29.644827,29.256746,29.558231,3555838.2
2013-08-07,A,29.42994,29.801981,29.26316,29.68652,2653534.5
2013-08-08,A,29.82764,29.859713,29.27599,29.410694,2653978.8
2013-08-09,A,29.410694,29.801981,29.385038,29.648035,3053137.2
2013-08-12,A,29.436354,29.834055,29.327307,29.795568,1944394.8
2013-08-13,A,29.795568,30.135538,29.660864,30.09705,3239844
2013-08-14,A,30.000834,30.148369,29.744251,29.834055,3109613.5
2013-08-15,A,30.526827,30.898869,30.052149,30.12271,10458013
2013-08-16,A,30.026493,30.289488,29.84047,30.013662,5650750.5
2013-08-19,A,29.91103,30.10988,29.776323,29.789152,2693253.5
2013-08-20,A,29.78274,30.321497,29.61596,30.16761,3576758
2013-08-21,A,30.103466,30.302319,29.917444,30.077808,3038562.5
2013-08-22,A,30.077808,31.001503,30.020077,30.77058,4907595.5
2013-08-23,A,30.764164,30.789822,30.494755,30.584557,2654141
2013-08-26,A,30.558899,30.921322,30.398535,30.53324,3137713.8
2013-08-27,A,30.199686,30.398535,30.020077,30.129126,3333149.2
2013-08-28,A,30.071394,30.129126,29.834055,29.98159,2479715.5
2013-08-29,A,29.91103,30.16761,29.776323,30.020077,2963109
2013-08-30,A,30.077808,30.135538,29.744251,29.917444,2117998.5
2013-09-03,A,30.174026,30.47551,29.90141,30.103466,2440752.5
2013-09-04,A,30.103466,30.764164,29.98159,30.706432,3932379.5
2013-09-05,A,30.67436,30.847553,30.520412,30.584557,2047221.9
2013-09-06,A,30.6038,30.655117,30.231758,30.424194,2077933.4
2013-09-09,A,30.526827,30.821896,30.33439,30.75775,2601742.8
2013-09-10,A,30.815481,31.219597,30.815481,31.142622,2839327.8
2013-09-11,A,31.174694,31.444107,30.930943,31.405619,2780280.8
2013-09-12,A,31.367132,31.39279,31.104136,31.187523,2289328
2013-09-13,A,31.174694,31.187523,30.937357,31.08489,3337949.2
2013-09-16,A,31.469765,31.54674,31.161867,31.2645,2902018.2
2013-09-17,A,31.258083,31.636543,31.187523,31.347887,2460657.2
2013-09-18,A,31.283743,31.655785,30.975845,31.636543,3186872.2
2013-09-19,A,33.945778,34.29858,32.55318,32.70136,28290556
2013-09-20,A,32.736637,33.60581,32.70136,33.45186,16671049
2013-09-23,A,33.29791,33.50959,32.95794,33.14396,4235540.5
2013-09-24,A,33.105473,33.304325,32.84248,33.09906,3436441
2013-09-25,A,33.092644,33.43903,32.996426,33.246593,4466567
2013-09-26,A,33.329983,33.432613,33.009254,33.413372,4178482.5
2013-09-27,A,33.329792,33.496956,33.0469,33.19478,3281980.8
2013-09-30,A,32.802586,33.185135,32.628994,32.95046,4121912.2
2013-10-01,A,32.596848,33.484097,32.596848,33.36837,4661862
2013-10-02,A,33.16906,33.246212,32.88617,33.1562,3143082
2013-10-03,A,33.149773,33.1562,32.73186,32.828304,2921769
2013-10-04,A,32.899025,33.34265,32.834732,33.291214,2905266.8
2013-10-07,A,33.008324,33.16906,32.834732,32.87331,2149681.2
2013-10-08,A,32.905457,33.001896,32.07607,32.230373,3746252.8
2013-10-09,A,32.294666,32.391106,31.754599,32.114643,3780470.8
2013-10-10,A,32.333244,32.918316,32.333244,32.7833,3773782.8
2013-10-11,A,32.712574,33.220493,32.57113,33.085476,2334452.2
2013-10-14,A,32.918316,33.06619,32.474686,33.021183,3282604.5
2013-10-15,A,32.841164,32.911884,32.53255,32.712574,3051471
2013-10-16,A,32.93117,33.426235,32.75115,33.149773,3869748.8
2013-10-17,A,32.95046,33.882717,32.87331,33.85057,5519086
2013-10-18,A,34.030594,34.229904,33.83771,34.069168,4480851.5
2013-10-21,A,34.101315,34.165607,33.36837,33.426235,3976135.8
2013-10-22,A,33.496956,33.56125,32.686855,32.802586,6661019.5
2013-10-23,A,32.63542,32.712574,32.339672,32.5647,3652930.8
2013-10-24,A,32.577557,32.93117,32.577557,32.86688,2777726.8
2013-10-25,A,33.008324,33.374798,32.84759,33.34908,3730232.5
2013-10-28,A,33.297646,33.419804,32.863667,33.104767,2777838.8
2013-10-29,A,33.124054,33.36837,32.937603,33.23978,1857106.1
2013-10-30,A,33.27836,33.316933,32.699715,32.88617,2115368.2
2013-10-31,A,32.88617,33.001896,32.43611,32.63542,2948210.2
2013-11-01,A,32.73829,33.162632,32.686855,32.85402,3003464.8
2013-11-04,A,33.04047,33.085476,32.75758,32.924744,2192953
2013-11-05,A,32.905457,33.021183,32.695858,32.924744,2454570
2013-11-06,A,32.911884,32.995464,32.66114,32.815445,2228745
2013-11-07,A,32.841164,32.9151,32.043922,32.178936,5519716
2013-11-08,A,32.2368,32.75115,32.153217,32.64828,2893996.5
2013-11-11,A,32.55184,33.05333,32.481117,32.982605,3086622.2
2013-11-12,A,32.918316,33.0469,32.63542,32.918316,3666335
2013-11-13,A,32.719,32.982605,32.57113,32.918316,3281976.2
2013-11-14,A,32.918316,32.918316,32.378246,32.493977,4409305
2013-11-15,A,34.73782,35.837242,34.519352,35.316463,17131326
2013-11-18,A,35.007854,35.34861,34.506363,34.75068,6426024
2013-11-19,A,34.506363,34.84069,34.42921,34.602806,3846454
2013-11-20,A,34.609238,34.885696,34.377777,34.416355,3610780.2
2013-11-21,A,34.589947,35.072147,34.525654,34.782825,3760319.5
2013-11-22,A,34.782825,34.937134,34.5578,34.622093,2971991.8
2013-11-25,A,34.789257,34.802116,34.088455,34.14632,2722200.2
2013-11-26,A,34.24276,34.673527,34.223473,34.493507,4971482.5
2013-11-27,A,34.577087,34.718533,34.487076,34.59638,1850573.5
2013-11-29,A,34.622093,34.699245,34.37135,34.44207,1353803.9
2013-12-02,A,34.377777,34.506363,34.14632,34.210613,2269589
2013-12-03,A,34.024162,34.184895,33.792706,34.030594,3854274.2
2013-12-04,A,33.97273,34.609238,33.895576,34.4485,3757451.2
2013-12-05,A,34.300625,34.589947,34.15275,34.397064,2815833.2
2013-12-06,A,34.564228,35.316463,34.564228,35.25217,4749069.5
2013-12-09,A,35.232883,35.63793,35.19431,35.400047,3295046
2013-12-10,A,35.303604,35.65722,35.123585,35.580067,3619179.2
2013-12-11,A,35.586494,35.805096,35.15573,35.2586,3654993.2
2013-12-12,A,35.123585,35.695797,34.911415,35.528633,4221728
2013-12-13,A,35.592926,35.940113,35.297176,35.46434,3145897.2
2013-12-16,A,35.522205,35.86939,35.406475,35.515774,2621568
2013-12-17,A,35.978687,36.833794,35.882248,36.24229,4991520
2013-12-18,A,36.325874,37.2517,36.24229,37.219555,6433457
2013-12-19,A,37.013813,37.18098,36.69235,36.89166,2944634.5
2013-12-20,A,36.94952,37.078106,36.589478,36.621624,4594597
2013-12-23,A,36.936665,37.07168,36.72449,36.994526,2455144
2013-12-24,A,36.96881,37.03953,36.756638,36.795216,1212718.2
2013-12-26,A,36.801647,37.103825,36.801647,36.943092,1111201.1
2013-12-27,A,36.879936,37.002373,36.80905,36.84127,1013475.5
2013-12-30,A,36.763943,37.028152,36.68017,36.937935,1750421.6
2013-12-31,A,37.02171,37.086147,36.783276,36.85416,1460930.1
2014-01-02,A,36.79616,36.79616,36.183968,36.22263,2973544.2
2014-01-03,A,36.338627,36.957264,36.254852,36.68017,2896730.5
2014-01-06,A,36.989487,37.18281,36.448177,36.49973,2758267.2
2014-01-07,A,36.6995,37.137703,36.68661,37.02171,2270594.8
2014-01-08,A,36.944378,37.72412,36.84127,37.62746,4126991.5
2014-01-09,A,37.633904,37.81434,37.292362,37.640347,2727503
2014-01-10,A,37.70479,38.026997,37.466354,37.975445,2519071
2014-01-13,A,37.872337,38.084995,37.762787,37.975445,4572725
2014-01-14,A,38.12366,38.632748,38.033443,38.58764,3976058
2014-01-15,A,38.548973,38.903404,38.400757,38.88407,3623745.2
2014-01-16,A,38.81963,38.98718,38.690746,38.98718,2849090.5
2014-01-17,A,39.199837,39.199837,38.87763,39.122505,2637323.8
2014-01-21,A,39.109615,39.232056,38.574753,39.212723,4668567
2014-01-22,A,39.19339,39.451157,39.122505,39.264275,4297533.5
2014-01-23,A,38.97429,38.99362,38.28154,38.32343,4754007
2014-01-24,A,38.162327,38.316982,37.189255,37.292362,4122089.5
2014-01-27,A,37.311695,37.61457,36.718834,37.56946,7245336.5
2014-01-28,A,37.698345,37.943222,37.31814,37.44058,3935795.2
2014-01-29,A,37.16348,37.51623,36.99593,37.150593,3356574.8
2014-01-30,A,37.64679,38.735855,37.64679,38.349205,5808669
2014-01-31,A,37.76923,38.117218,37.408356,37.4728,5476358.5
2014-02-03,A,37.4728,37.685455,36.13886,36.183968,4545665
2014-02-04,A,36.293518,37.29881,36.1453,37.2537,4518664
2014-02-05,A,37.105484,37.18281,36.705944,37.00882,3544138.2
2014-02-06,A,37.06037,37.60168,37.028152,37.56302,2497609.8
2014-02-07,A,37.67257,38.320206,37.45991,38.291206,3065239.8
2014-02-10,A,38.194546,38.304096,37.56302,38.026997,2731930.2
2014-02-11,A,38.020554,38.66497,37.943222,38.49098,3333563.2
2014-02-12,A,38.66497,38.9614,38.452312,38.59408,3642475.5
2014-02-13,A,38.31054,38.909847,38.258987,38.716522,4805917.5
2014-02-14,A,36.828384,37.22792,35.35911,35.603992,27719318
2014-02-18,A,35.687767,36.113083,35.41711,35.53955,10170197
2014-02-19,A,35.449333,36.506176,35.37845,36.048637,7508812.5
2014-02-20,A,36.17752,37.076485,36.116302,36.918602,7184418
2014-02-21,A,36.892826,36.989487,36.293518,36.306408,3735474.2
2014-02-24,A,36.377293,36.718834,36.345074,36.570618,3713128.5
2014-02-25,A,36.602837,37.099037,36.570618,36.660835,5237567.5
2014-02-26,A,36.718834,37.13126,36.570618,36.79616,3725769.5
2014-02-27,A,36.74461,36.912155,36.209743,36.319294,4847488.5
2014-02-28,A,36.377293,36.80261,36.345074,36.68661,4463359.5
2014-03-03,A,36.164635,36.80905,35.951977,36.544838,3861479.8
2014-03-04,A,36.873493,37.376137,36.718834,37.234364,4410068
2014-03-05,A,37.189255,37.376137,37.08937,37.247253,4831576.5
2014-03-06,A,37.62746,38.226765,37.466354,37.872337,8036473
2014-03-07,A,38.05922,38.149437,37.06682,37.64679,5038980
2014-03-10,A,37.56302,37.595238,37.11837,37.4728,3977892.2
2014-03-11,A,37.524353,37.56946,36.40951,36.641502,5309815.5
2014-03-12,A,36.4224,36.783276,36.093746,36.770386,2564063.5
2014-03-13,A,36.834827,36.989487,35.93909,35.990643,3598345.5
2014-03-14,A,35.835983,36.074417,35.591103,35.72643,2708215.8
2014-03-17,A,35.881092,36.351517,35.75221,35.95842,2230701.5
2014-03-18,A,36.067974,36.609283,35.9842,36.596394,2009105.5
2014-03-19,A,36.551285,36.828384,36.2033,36.493286,2800054
2014-03-20,A,36.43529,36.68661,36.19041,36.538395,2806261.2
2014-03-21,A,36.847717,37.234364,36.061527,36.1453,4287447
2014-03-24,A,36.13886,36.23552,35.223785,35.610435,3081394
2014-03-25,A,35.765095,36.22263,35.43,35.545994,2680410.8
2014-03-26,A,35.700657,36.08086,35.545994,35.552437,3973674.5
2014-03-27,A,35.829536,35.829536,34.940243,35.24312,4612857.5
2014-03-28,A,35.346226,35.603992,35.069126,35.24312,3114292
2014-03-31,A,35.423557,36.119526,35.16579,36.03575,3399666.5
2014-04-01,A,36.216187,36.486843,35.9842,36.319294,3244332
2014-04-02,A,36.35796,36.538395,36.216187,36.519062,2978665.2
2014-04-03,A,36.583504,36.821938,36.2613,36.473953,2487523
2014-04-04,A,36.79616,36.886383,35.797318,35.810204,3581071
2014-04-07,A,35.80376,35.868202,34.759808,35.024017,4010666
2014-04-08,A,34.9338,35.44289,34.682476,35.223785,2859163.2
2014-04-09,A,35.81292,35.922737,35.124954,35.896896,3123209.5
2014-04-10,A,35.896896,35.940178,34.81812,34.915012,3044089
2014-04-11,A,34.68246,34.915012,34.010647,34.088165,4012482.2
2014-04-14,A,34.359474,34.397587,33.7894,34.010647,4397340
2014-04-15,A,34.13338,34.469288,33.564922,34.307796,3363150.2
2014-04-16,A,34.592026,34.73414,34.39823,34.676003,1925013.8
2014-04-17,A,34.71476,35.457634,34.630783,35.3026,3192063.5
2014-04-21,A,35.27676,35.399494,35.095886,35.328438,1835775.1
2014-04-22,A,35.334896,35.916275,35.225082,35.50931,2284203.5
2014-04-23,A,35.431793,35.657887,35.251564,35.53515,1384311.1
2014-04-24,A,35.677265,35.864597,35.24446,35.709564,2796451.5
2014-04-25,A,35.690186,35.690186,34.927933,35.134644,2446677
2014-04-28,A,35.431793,35.48347,34.1463,34.7083,4658137.5
2014-04-29,A,34.424072,34.592026,33.571384,34.43053,5201029
2014-04-30,A,34.514507,34.927933,34.249657,34.908554,2598589.5
2014-05-01,A,34.843956,35.444714,34.663082,35.186325,2279351.8
2014-05-02,A,35.205704,35.522232,34.940853,35.23154,3221397.5
2014-05-05,A,35.082966,35.751553,34.810364,35.741863,3231165.5
2014-05-06,A,35.580368,35.81938,35.179863,35.53515,3443202.8
2014-05-07,A,35.612667,35.612667,35.05713,35.54807,3435427
2014-05-08,A,35.54807,36.265102,35.328438,35.72248,3419846
2014-05-09,A,35.696644,35.935658,35.405956,35.78062,1993734.5
2014-05-12,A,35.90336,36.575172,35.8323,36.439518,3161311.5
2014-05-13,A,36.58163,36.807724,36.43306,36.710827,2268701.2
2014-05-14,A,36.678528,36.68499,35.980873,36.07777,4012042.8
2014-05-15,A,35.270298,36.271564,34.72122,35.19924,8886803
2014-05-16,A,35.134644,35.612667,34.831036,35.54807,3724213.2
2014-05-19,A,35.464092,35.674683,35.334896,35.50931,4244941.5
2014-05-20,A,35.444714,35.50285,35.017723,35.082966,2848597.2
2014-05-21,A,35.25738,35.619125,35.166943,35.522232,1706409.6
2014-05-22,A,35.52869,35.98733,35.457634,35.877518,2610218.5
2014-05-23,A,35.948574,36.31678,35.641735,36.290943,5434920
2014-05-27,A,36.37492,36.497654,36.194046,36.355537,1843131.4
2014-05-28,A,36.439518,36.969215,36.37492,36.8917,2797603.2
2014-05-29,A,36.93692,37.066113,36.58809,36.794804,2412968.2
2014-05-30,A,36.736664,36.8917,36.3297,36.781883,3942930.2
2014-06-02,A,36.794804,36.814182,36.368458,36.749584,1973518.6
2014-06-03,A,36.64623,37.137173,36.61393,36.962757,2851959.5
2014-06-04,A,36.83356,37.13071,36.794804,37.111332,1773539.1
2014-06-05,A,37.111332,37.9511,37.08549,37.854202,2837663.5
2014-06-06,A,37.841286,38.29347,37.705627,38.119053,1990598.1
2014-06-09,A,38.112595,38.487263,37.918804,38.29347,1840287.6
2014-06-10,A,38.21595,38.27409,37.841286,38.04154,1962618.8
2014-06-11,A,37.67979,38.19657,37.666874,38.05446,2183687.2
2014-06-12,A,38.047997,38.112595,37.595814,37.72501,2597602
2014-06-13,A,37.808987,38.028618,37.582893,37.789608,1632978.1
2014-06-16,A,37.834824,38.02216,37.563515,37.673332,1818076.2
2014-06-17,A,37.641033,38.24179,37.58942,38.028618,2056592.9
2014-06-18,A,38.02216,38.319305,37.808987,38.28701,1725681.2
2014-06-19,A,38.24179,38.461422,37.563515,37.867123,4875638
2014-06-20,A,37.363262,38.148125,37.363262,37.96402,3141567.8
2014-06-23,A,37.925262,38.02216,37.44724,37.537678,2222411.8
2014-06-24,A,37.485996,37.78315,37.19531,37.24053,1742827.4
2014-06-25,A,37.214687,37.531216,37.08549,37.44724,1641702.9
2014-06-26,A,37.46016,37.50538,37.079033,37.35034,1706513.4
2014-06-27,A,37.24157,37.64299,37.018196,37.22862,2346182.8
2014-06-30,A,37.22862,37.396957,37.021435,37.189774,2030886.4
2014-07-01,A,37.38401,37.837227,37.150925,37.71421,3105678.8
2014-07-02,A,37.636517,37.934345,37.40991,37.58472,2185416.2
2014-07-03,A,37.67536,37.901974,37.565945,37.850174,927855.5
2014-07-07,A,37.68184,37.71421,37.455227,37.63004,1466115.9
2014-07-08,A,37.448753,37.503788,36.853096,37.00201,2495793.2
2014-07-09,A,36.937263,36.95669,36.594116,36.84015,1974663
2014-07-10,A,36.522896,36.665337,36.263912,36.57469,1836948.2
2014-07-11,A,36.4711,36.736557,36.354557,36.64591,1827600.9
2014-07-14,A,36.853096,36.950214,36.65724,36.78835,2297862.8
2014-07-15,A,36.71066,36.827198,36.354557,36.684757,3234971.2
2014-07-16,A,36.827198,36.96964,36.794827,36.878994,2885950.5
2014-07-17,A,36.561745,36.581165,35.69739,35.707104,6802156
2014-07-18,A,35.881912,36.419304,35.79775,36.354557,2635204
2014-07-21,A,36.166794,36.86928,36.121475,36.71713,3064176.2
2014-07-22,A,36.904892,37.662415,36.87252,37.37106,3724930.2
2014-07-23,A,37.623566,37.75306,37.19301,37.209198,2245170.2
2014-07-24,A,37.293365,37.38401,36.71713,36.8013,3914343
2014-07-25,A,36.594116,36.73332,36.484047,36.60059,2655963.8
2014-07-28,A,36.57469,36.60059,36.18622,36.4452,2332555.5
2014-07-29,A,36.4452,36.490524,36.176506,36.276863,3093823.2
2014-07-30,A,36.39988,36.77864,36.27039,36.76245,2118041.5
2014-07-31,A,36.39988,36.632965,36.147373,36.31571,4182721.8
2014-08-01,A,36.108524,36.516422,35.979034,36.30276,2473311.5
2014-08-04,A,36.380455,36.516422,35.99198,36.425777,1478961.6
2014-08-05,A,36.192696,36.32866,35.67473,35.765373,2677761.2
2014-08-06,A,35.7589,36.076153,35.54524,35.99198,2423080.8
2014-08-07,A,36.244488,36.25744,35.597034,35.642357,2515192.2
2014-08-08,A,35.810696,35.81717,35.51934,35.765373,2727609
2014-08-11,A,35.894863,36.03083,35.648834,35.739475,1934847.1
2014-08-12,A,35.60351,35.655308,35.156765,35.182663,4080713
2014-08-13,A,35.273308,35.59056,35.0849,35.467545,2658506
2014-08-14,A,35.467545,36.01788,35.253883,36.011406,5372670
2014-08-15,A,38.16743,38.23865,37.1315,37.28042,8616507
2014-08-18,A,37.390484,37.95377,37.1315,37.889023,4265330
2014-08-19,A,37.889023,38.037937,37.65594,37.91492,1842544
2014-08-20,A,37.759533,37.817802,37.5135,37.766006,2852045.5
2014-08-21,A,37.78543,37.863125,37.532925,37.545876,1897253.8
2014-08-22,A,37.487602,37.578247,37.21567,37.319263,2223426.5
2014-08-25,A,37.474655,37.649467,37.28042,37.38401,1493753.4
2014-08-26,A,37.390484,37.487602,37.25303,37.455227,1372648.4
2014-08-27,A,37.552345,37.552345,37.092655,37.150925,1842607.4
2014-08-28,A,36.995537,37.248043,36.891945,37.00201,2155285.8
2014-08-29,A,37.118553,37.22862,36.95669,37.008484,3058029.2
2014-09-02,A,37.053806,37.617092,37.053806,37.597668,3113063.2
2014-09-03,A,37.688313,37.850174,37.474655,37.591194,2282836.2
2014-09-04,A,37.63004,37.869602,37.293365,37.351635,1221080.9
2014-09-05,A,37.28042,37.58472,37.09913,37.50055,1402699.9
2014-09-08,A,37.37106,37.526447,37.225384,37.32574,2078549.9
2014-09-09,A,37.351635,37.422855,37.196247,37.196247,1986322.5
2014-09-10,A,37.293365,37.44228,37.018196,37.351635,2282564.2
2014-09-11,A,37.24157,37.37106,37.17035,37.286892,1538108.6
2014-09-12,A,37.29984,37.960243,37.29984,37.94082,4000892.8
2014-09-15,A,37.876076,37.876076,37.38401,37.50055,2503784.5
2014-09-16,A,37.435806,37.623566,37.14445,37.494076,2131165.2
2014-09-17,A,37.552345,38.19333,37.50055,38.128582,4186346.8
2014-09-18,A,38.329292,38.458786,37.75306,37.81133,4428183
2014-09-19,A,38.08326,38.18685,37.617092,37.71421,3357753.8
2014-09-22,A,37.636517,37.67536,37.079704,37.260994,2605019.5
2014-09-23,A,37.066757,37.21567,36.846622,36.891945,2521077
2014-09-24,A,36.827198,37.578247,36.76245,37.526447,2549259.5
2014-09-25,A,37.461704,37.545876,36.83367,36.83367,2516909.8
2014-09-26,A,36.854443,36.951786,36.38719,36.666245,3418455.5
2014-09-29,A,36.36772,37.106888,36.289845,37.08807,2506417.8
2014-09-30,A,37.127003,37.25031,36.87391,36.977745,3267623.2
2014-10-01,A,36.89338,36.945297,36.458576,36.471554,3823465
2014-10-02,A,36.42613,36.497513,35.881,36.23144,2631983.2
2014-10-03,A,36.491024,36.99721,36.445595,36.932316,2430473.2
2014-10-06,A,37.029663,37.094555,36.620815,36.71167,1783422.5
2014-10-07,A,36.504,36.55592,35.692802,35.692802,2335364
2014-10-08,A,35.731743,36.679222,35.56301,36.640285,3273979.8
2014-10-09,A,36.52347,36.52347,35.712273,35.712273,3892786.5
2014-10-10,A,35.634396,35.705784,34.667446,34.810215,7910561
2014-10-13,A,34.86862,35.193104,34.21966,34.258602,3894349
2014-10-14,A,34.42084,34.647976,33.59666,33.609642,6121888.5
2014-10-15,A,33.012596,33.66805,32.31821,33.609642,7279192.5
2014-10-16,A,32.95419,33.8238,32.80493,33.557724,8262598
2014-10-17,A,33.856243,34.660957,33.758904,33.921143,5872192
2014-10-20,A,33.79135,33.992527,33.006107,33.973057,7615578
2014-10-21,A,34.304028,35.063313,34.304028,35.043842,3439157.8
2014-10-22,A,34.89458,34.952988,34.388393,34.42733,3330075.5
2014-10-23,A,34.77777,35.180122,34.77777,34.855644,2703893.8
2014-10-24,A,34.849155,35.11523,34.725853,35.07629,2324016.8
2014-10-27,A,35.004906,35.11523,34.78426,35.037354,1703175.8
2014-10-28,A,35.121716,35.478645,34.96597,35.472157,2641655.8
2014-10-29,A,35.42673,35.485134,35.12821,35.368324,2287148.5
2014-10-30,A,34.985435,35.290447,34.881603,35.25151,3178667.2
2014-10-31,A,35.829082,35.958878,35.59546,35.87451,3217190.2
2014-11-03,A,36.210297,37.42638,35.83821,37.06337,5024556
2014-11-04,A,36.537003,37.054295,36.155846,36.4644,6352642
2014-11-05,A,36.85464,36.90909,36.282898,36.419025,2579966.2
2014-11-06,A,36.654984,37.576122,36.537003,37.544357,3270720
2014-11-07,A,37.562508,37.644188,37.08152,37.145046,2709270.5
2014-11-10,A,37.190422,37.707714,37.09967,37.68956,2847224.8
2014-11-11,A,37.68049,38.215927,37.51713,37.80754,2384309.2
2014-11-12,A,37.48083,37.69864,37.226727,37.616962,2759436.5
2014-11-13,A,37.707714,37.880146,37.44453,37.616962,1989431.2
2014-11-14,A,37.535282,37.798466,37.471756,37.725864,1466935.1
2014-11-17,A,37.725864,37.84384,37.399155,37.42638,2971995.8
2014-11-18,A,36.52793,37.35378,36.346424,37.02707,6491688
2014-11-19,A,37.04522,37.50806,36.936317,37.02707,4420971
2014-11-20,A,36.809265,37.596085,36.809265,37.44453,2538578
2014-11-21,A,37.889217,38.46096,37.84384,38.342983,5846850.5
2014-11-24,A,38.51541,38.569862,38.107025,38.342983,2338691.8
2014-11-25,A,38.415585,38.905647,38.397434,38.760445,2990414
2014-11-26,A,38.73322,38.90111,38.597088,38.78767,1931288.6
2014-11-28,A,38.78767,39.010014,38.651543,38.78767,1203028.6
2014-12-01,A,38.74229,38.778595,37.73494,37.744015,4860641
2014-12-02,A,37.75309,38.206852,37.707714,38.09795,2219700
2014-12-03,A,38.09795,38.451885,37.952744,38.32483,2479570.2
2014-12-04,A,38.25223,38.73322,38.13425,38.361134,1484059.6
2014-12-05,A,38.32483,38.56079,38.188705,38.38836,1123437.5
2014-12-08,A,38.32483,38.578938,37.585197,37.67141,1571032.4
2014-12-09,A,37.1995,37.598812,37.190422,37.571587,1986950.9
2014-12-10,A,37.535282,37.535282,36.582382,36.609608,2925437.2
2014-12-11,A,36.75481,37.37193,36.74574,36.863712,1808062.4
2014-12-12,A,36.482555,36.863712,36.037865,36.04694,2573771.5
2014-12-15,A,36.364574,36.455326,35.07589,35.103115,4969938
2014-12-16,A,34.75825,35.829132,34.576748,34.912533,4241634
2014-12-17,A,34.794556,36.291973,34.567673,36.08324,3865660.2
2014-12-18,A,36.73666,37.02707,36.400875,36.936317,3420359.8
2014-12-19,A,37.117825,37.598812,37.08152,37.553436,4117055.8
2014-12-22,A,37.553436,38.0072,37.553436,38.0072,1752259.1
2014-12-23,A,38.09795,38.125175,37.535282,37.544357,2063126.1
2014-12-24,A,37.589733,37.685028,37.17227,37.326553,1572297.4
2014-12-26,A,37.51713,37.725864,37.471756,37.553436,647952.6
2014-12-29,A,37.535282,37.725864,37.491722,37.50806,1075917.1
2014-12-30,A,37.399155,37.744015,37.33563,37.544357,1458307.2
2014-12-31,A,37.562508,37.92552,37.117825,37.15412,1569093
2015-01-02,A,37.463436,37.581703,36.72654,36.89939,1682661
2015-01-05,A,36.681053,36.808414,36.11701,36.20798,2244840.8
2015-01-06,A,36.217083,36.408127,35.49838,35.64394,2291361.2
2015-01-07,A,35.953255,36.217083,35.74401,36.11701,3692955.5
2015-01-08,A,36.608273,37.281487,36.553688,37.199608,2326292.8
2015-01-09,A,37.299683,37.299683,36.65376,36.926685,1808125.4
2015-01-12,A,36.94488,37.044952,36.344444,36.490005,3046107.2
2015-01-13,A,36.817516,37.026756,35.780403,35.980545,2213221
2015-01-14,A,35.507477,35.57116,34.761482,35.53477,5643325.5
2015-01-15,A,35.780403,35.851364,34.56134,34.579533,2891234.8
2015-01-16,A,34.41578,34.98892,34.352097,34.797874,3301990.2
2015-01-20,A,34.961628,35.170868,34.352097,34.506752,5532964.5
2015-01-21,A,34.343,34.94343,34.279316,34.715996,2991606.5
2015-01-22,A,35.034405,36.26257,34.679604,36.07152,5338370
2015-01-23,A,36.02603,36.02603,35.261845,35.307335,1669967.4
2015-01-26,A,35.28914,35.63484,34.99802,35.61665,1661134.1
2015-01-27,A,35.20726,35.707623,35.09809,35.252747,1872504.8
2015-01-28,A,35.48928,35.525673,34.534046,34.570435,2235259
2015-01-29,A,34.570435,34.99802,34.288414,34.98892,2561129.2
2015-01-30,A,34.579533,34.861557,34.306606,34.361195,3357316.5
2015-02-02,A,34.47946,35.261845,34.306606,35.198162,2757348.2
2015-02-03,A,35.516575,36.053326,35.407402,36.044228,3243067.2
2015-02-04,A,35.780403,35.898666,35.31643,35.580257,2822142
2015-02-05,A,35.68033,36.226177,35.68033,35.96235,2007552
2015-02-06,A,35.97145,36.217083,35.684875,35.789497,2964789.2
2015-02-09,A,35.689426,35.871376,35.434696,35.516575,3941861.8
2015-02-10,A,35.762207,36.171593,35.280037,36.089714,1548501.9
2015-02-11,A,36.062424,36.217083,35.69179,35.780403,3668053
2015-02-12,A,36.00784,36.44452,35.96235,36.408127,1448428.1
2015-02-13,A,36.36264,36.671955,36.308056,36.526398,2431365.8
2015-02-17,A,36.39903,36.872097,36.171593,36.863003,3161080.8
2015-02-18,A,37.40885,38.39138,37.217804,37.790947,9900780
2015-02-19,A,37.66358,37.818237,37.33607,37.436146,4108093.2
2015-02-20,A,37.381557,38.3095,37.190514,38.163944,3266705.8
2015-02-23,A,38.109356,38.17304,37.74546,37.9638,2163140
2015-02-24,A,37.863724,38.30495,37.845528,38.264015,2112784.2
2015-02-25,A,38.518745,38.65521,38.291306,38.39138,2575964
2015-02-26,A,38.41867,38.555134,38.20943,38.536938,1654763.1
2015-02-27,A,38.482353,38.536938,38.250366,38.400475,1842653.6
2015-03-02,A,38.518745,38.882645,38.518745,38.846252,2030322
2015-03-03,A,38.618816,38.727985,38.336792,38.44596,1797680.8
2015-03-04,A,38.163944,38.35499,37.9638,38.20943,1435553.1
2015-03-05,A,38.200333,38.42777,38.06387,38.409576,1513020.6
2015-03-06,A,38.163944,38.254917,37.74546,37.781845,1680205.4
2015-03-09,A,37.790947,38.109356,37.695423,37.972897,1640429.5
2015-03-10,A,37.49983,37.545315,36.963074,36.963074,2155870
2015-03-11,A,37.108635,37.4134,36.999462,37.163216,2269149.5
2015-03-12,A,37.290585,37.51802,37.27239,37.390656,2989722.5
2015-03-13,A,37.26329,37.714706,36.85845,37.18141,5171276.5
2015-03-16,A,37.44524,38.054775,37.399754,38.03658,2804552.5
2015-03-17,A,37.77275,37.927406,37.354267,37.827335,1654172.9
2015-03-18,A,37.70907,38.555134,37.454338,38.3186,1424081.8
2015-03-19,A,38.254917,38.436867,38.045673,38.400475,1193389.4
2015-03-20,A,38.56423,38.691593,38.39138,38.400475,2545178.8
2015-03-23,A,38.3186,38.60972,38.20943,38.39138,2017473.4
2015-03-24,A,38.327698,38.327698,37.308777,37.381557,3985665
2015-03-25,A,37.454338,37.931957,37.108635,37.12683,3051592.2
2015-03-26,A,37.00856,37.27239,36.726814,37.026756,1729863
2015-03-27,A,37.026756,37.55571,37.00852,37.49187,2119267.8
2015-03-30,A,37.865788,38.175865,37.683388,38.048187,2263383.5
2015-03-31,A,37.646908,38.1029,37.484577,37.893147,1819297
2015-04-01,A,37.811066,37.865788,37.136196,37.747227,2379777.2
2015-04-02,A,37.82019,38.4221,37.692513,38.34914,2342043.2
2015-04-06,A,38.011707,38.48594,37.856667,38.239704,2609469.8
2015-04-07,A,38.24882,38.777775,38.184982,38.704815,3368919.8
2015-04-08,A,38.695698,38.841614,38.326344,38.540657,2678955.2
2015-04-09,A,38.44946,38.841614,38.367382,38.75042,1461112.9
2015-04-10,A,39.03313,39.726246,38.823376,39.717125,3695874.2
2015-04-13,A,39.753605,39.753605,39.206413,39.25201,4066541
2015-04-14,A,39.17905,39.39793,38.832497,39.27937,1949261.2
2015-04-15,A,39.470886,39.726246,39.37969,39.562088,1585130.8
2015-04-16,A,39.34321,39.543846,39.270252,39.33409,1173514
2015-04-17,A,38.978416,39.26113,38.850735,39.197292,2558549.2
2015-04-20,A,39.51649,39.616806,39.35233,39.38881,1546700.5
2015-04-21,A,39.598564,39.671524,39.09697,39.11521,1885669.5
2015-04-22,A,38.960175,39.069614,38.640976,38.951054,2989224.2
2015-04-23,A,38.686577,39.087852,38.52242,38.868973,4356608
2015-04-24,A,38.951054,39.042255,38.686577,38.75042,2412479.5
2015-04-27,A,38.978416,39.005775,38.27162,38.2853,2520093.8
2015-04-28,A,38.184982,38.586258,37.911385,38.4677,1977494
2015-04-29,A,38.340023,38.48594,37.792828,38.267063,2369505.2
2015-04-30,A,38.148506,38.24882,37.49187,37.72899,1892908.6
2015-05-01,A,37.76547,38.239704,37.61043,38.148506,2061622.2
2015-05-04,A,38.194103,38.376503,38.029945,38.24882,1177448.2
2015-05-05,A,38.048187,38.16674,37.80651,37.929626,1375894.8
2015-05-06,A,38.175865,38.175865,37.719868,37.929626,1024805
2015-05-07,A,37.929626,38.16674,37.67427,38.121143,1096155.6
2015-05-08,A,38.513298,38.786896,38.49506,38.759537,1134571.6
2015-05-11,A,38.659218,39.060493,38.659218,38.868973,1069629
2015-05-12,A,38.63186,38.759537,37.847546,38.221462,2870465.2
2015-05-13,A,38.34914,38.659218,38.039062,38.130264,2185085.2
2015-05-14,A,38.4677,38.50883,38.184982,38.34914,3161953.5
2015-05-15,A,38.43122,38.540657,38.294422,38.340023,2354647.8
2015-05-18,A,38.34914,38.941936,38.2853,38.878098,2155888.8
2015-05-19,A,37.911385,39.060493,37.847546,38.640976,5786631.5
2015-05-20,A,38.759537,39.067604,38.695698,38.859856,2908287
2015-05-21,A,38.823376,38.96929,38.48594,38.59538,2331450
2015-05-22,A,38.549778,38.914574,38.367382,38.759537,1628037
2015-05-26,A,38.741295,38.878098,38.289864,38.35826,2104899
2015-05-27,A,38.549778,39.15169,38.39474,38.859856,2749422.2
2015-05-28,A,38.713936,38.951054,37.710747,38.075546,3670442
2015-05-29,A,38.112026,38.148506,37.227394,37.56483,5507252.5
2015-06-01,A,37.783707,37.783707,37.254753,37.318592,2675541.8
2015-06-02,A,37.336834,37.51923,37.090595,37.49187,3231896
2015-06-03,A,37.67427,37.719868,37.336834,37.48275,2984998.5
2015-06-04,A,37.291233,37.46451,36.48868,36.97204,4486753
2015-06-05,A,36.97204,37.090595,36.66196,36.762283,1930359.8
2015-06-08,A,36.71668,36.79876,36.397484,36.433964,1484021
2015-06-09,A,36.415726,36.78052,36.3248,36.589,1577886.2
2015-06-10,A,36.84436,37.01764,36.7258,36.9538,1962008.1
2015-06-11,A,36.999397,37.026756,36.74404,36.962917,1729173.1
2015-06-12,A,36.78052,36.92644,36.23789,36.333645,3036824.8
2015-06-15,A,36.142128,36.142128,35.79557,36.04181,2589809.5
2015-06-16,A,36.105648,36.306286,35.91413,36.288048,1559846.5
2015-06-17,A,36.260685,36.297165,35.85941,36.114765,1666051.8
2015-06-18,A,36.297165,36.529724,36.22421,36.388367,2045273.4
2015-06-19,A,36.297165,36.424843,36.01445,36.01445,2915362.8
2015-06-22,A,36.306286,36.48868,36.233326,36.306286,4286509.5
2015-06-23,A,36.379246,36.433964,35.950607,36.114765,2251729.8
2015-06-24,A,35.996212,36.88996,35.590374,36.65284,6719044
2015-06-25,A,36.297165,36.9538,35.91413,36.52516,5773996.5
2015-06-26,A,36.570877,36.726303,36.36517,36.589165,3664618.5
2015-06-29,A,36.20517,36.388023,35.418896,35.418896,2752310.2
2015-06-30,A,35.729748,35.830315,35.181183,35.272614,3322245.8
2015-07-01,A,35.556034,35.926315,35.42804,35.894314,4907262
2015-07-02,A,35.985744,36.24174,35.793747,36.186886,2363409.5
2015-07-06,A,35.757175,36.260025,35.729748,35.985744,2744728.2
2015-07-07,A,36.14117,36.378883,35.780853,36.378883,3202286.8
2015-07-08,A,36.095455,36.095455,35.391468,35.42804,3708935.8
2015-07-09,A,35.90346,35.958317,35.57432,35.58346,2447789.2
2015-07-10,A,35.921745,36.058884,35.798317,36.022316,2304667.8
2015-07-13,A,36.314884,36.570877,36.150314,36.534306,1727855.8
2015-07-14,A,36.616592,37.174297,36.470306,37.01887,3063969
2015-07-15,A,36.954872,37.0463,36.589165,36.689735,2458508
2015-07-16,A,36.900017,36.973156,36.68059,36.88173,1997748
2015-07-17,A,36.753735,36.87259,36.424595,36.525166,2638572.8
2015-07-20,A,36.625736,36.689735,36.525166,36.625736,1263575.9
2015-07-21,A,36.54345,36.58002,36.150314,36.177742,1269757.9
2015-07-22,A,35.921745,36.954872,35.921745,36.87259,3225928.5
2015-07-23,A,36.909157,36.909157,36.58002,36.799446,1869029.2
2015-07-24,A,36.671448,36.726303,35.857746,35.940033,2017940.1
2015-07-27,A,35.693176,36.250885,35.30004,36.214314,5754769
2015-07-28,A,36.570877,37.000587,36.113743,36.9823,3027791.8
2015-07-29,A,37.028015,37.238297,36.790306,36.93659,2202917.8
2015-07-30,A,36.808586,37.530865,36.634876,37.45772,2669244
2015-07-31,A,37.530865,37.613148,37.284008,37.439438,2458475.2
2015-08-03,A,37.412006,37.604008,37.10116,37.48515,2301931
2015-08-04,A,37.430294,37.805145,37.073727,37.137726,1583841.6
2015-08-05,A,37.430294,37.65886,37.201725,37.229156,1038508.3
2015-08-06,A,37.439438,37.448578,36.488594,36.68059,2113404
2015-08-07,A,36.698875,36.762783,36.232597,36.561737,1654951.8
2015-08-10,A,36.790306,37.15601,36.717163,37.000587,1700305.9
2015-08-11,A,36.744587,36.744587,35.930885,36.0406,1723456.6
2015-08-12,A,35.70232,35.757175,34.98919,35.556034,3762865
2015-08-13,A,35.60175,35.60175,35.1629,35.254326,3116025.8
2015-08-14,A,35.30918,35.40975,35.0349,35.336613,2879601.8
2015-08-17,A,35.071472,35.67032,34.852047,35.49204,3611680.2
2015-08-18,A,35.757175,36.890873,35.656605,35.674892,7018580
2015-08-19,A,35.37318,35.478325,35.016617,35.108044,2986451.8
2015-08-20,A,34.751476,35.02576,34.2852,34.29434,2346159.8
2015-08-21,A,33.94692,34.280624,33.073788,33.124073,4187163.2
2015-08-24,A,30.96639,32.92293,30.692108,31.706951,4500838
2015-08-25,A,32.621223,33.069214,31.359528,31.414385,4159300.8
2015-08-26,A,32.328655,32.63951,31.514956,32.566364,3537037.2
2015-08-27,A,33.069214,33.526352,32.81322,33.498924,2631927
2015-08-28,A,33.325214,33.51721,33.050934,33.380066,1951127.4
2015-08-31,A,33.316067,33.418926,32.868076,33.197216,2794208
2015-09-01,A,32.2738,32.529797,31.60638,31.77095,3231087.8
2015-09-02,A,32.30123,32.48408,31.889807,32.48408,2317900
2015-09-03,A,32.557224,33.023502,32.47951,32.685223,2341559.2
2015-09-04,A,32.03609,32.465794,31.908092,32.054375,3083357.2
2015-09-08,A,32.74922,33.142357,32.465794,33.105785,1955006.9
2015-09-09,A,33.370926,33.645206,32.4018,32.493225,2062070.2
2015-09-10,A,32.557224,32.950363,32.4018,32.785793,1781445.9
2015-09-11,A,32.602936,32.87722,32.4018,32.87722,1579093.6
2015-09-14,A,32.84065,32.996075,32.292084,32.50237,2431791.8
2015-09-15,A,32.685223,33.1835,32.465794,33.050934,1917067.5
2015-09-16,A,33.050934,33.704636,32.968647,33.389214,2329850.5
2015-09-17,A,33.489784,33.81892,33.17893,33.2795,1989634.5
2015-09-18,A,32.785793,33.114933,32.534367,32.676083,3666629
2015-09-21,A,32.87722,32.97779,32.37437,32.630363,2887940.5
2015-09-22,A,32.17323,32.30123,31.94466,32.04523,2497437.5
2015-09-23,A,32.090942,32.218945,31.825808,31.953806,2146573.5
2015-09-24,A,31.59724,31.67038,31.22239,31.588095,2219186.5
2015-09-25,A,31.817327,32.110744,31.26717,31.588097,2978073
2015-09-28,A,31.29468,31.42305,30.55197,30.597815,2852400.8
2015-09-29,A,30.588646,31.230495,30.483198,30.93708,2456429.8
2015-09-30,A,31.248835,31.569757,30.872892,31.478065,2776395.8
2015-10-01,A,31.468895,31.615602,30.698677,30.93708,3284300.5
2015-10-02,A,30.4236,31.798988,30.364,31.789818,3838312.5
2015-10-05,A,32.12908,32.450005,31.945696,32.40416,1827224.1
2015-10-06,A,32.211605,32.284958,31.661448,32.000713,1999811.6
2015-10-07,A,32.27579,32.807606,32.184097,32.587547,3369492.8
2015-10-08,A,32.450005,33.073517,32.40416,33.018497,2833723.2
2015-10-09,A,32.954315,33.321087,32.8993,33.220222,3525844.5
2015-10-12,A,33.082687,33.17309,32.880962,33.000164,1472164.9
2015-10-13,A,32.78927,33.229393,32.578373,32.67007,2599132.8
2015-10-14,A,32.679237,32.79844,32.0649,32.13825,1796663.2
2015-10-15,A,32.202435,32.715916,31.89985,32.62422,1562825.4
2015-10-16,A,32.725082,33.027668,32.431667,32.807606,1913261.6
2015-10-19,A,32.725082,33.220222,32.633392,33.220222,4019785.2
2015-10-20,A,33.11019,33.486134,33.03684,33.302746,2874580.2
2015-10-21,A,33.50447,33.559486,32.825943,32.91764,3147923
2015-10-22,A,33.03684,33.88041,33.00933,33.091854,4031163.5
2015-10-23,A,33.467793,34.17383,33.174377,34.02712,2980224.8
2015-10-26,A,33.907917,34.02712,33.638344,33.770382,2124938.5
2015-10-27,A,33.62367,33.981274,33.4357,33.972103,2788853.8
2015-10-28,A,33.981274,34.48558,33.715363,34.403057,1941406.8
2015-10-29,A,34.357212,34.63229,34.182995,34.568104,1474783.4
2015-10-30,A,34.586445,34.93487,34.549767,34.62312,2393453
2015-11-02,A,34.72398,35.411674,34.659798,35.384167,1974935
2015-11-03,A,35.12743,35.319984,34.98989,35.09075,1620391.6
2015-11-04,A,35.14577,35.283306,34.84318,35.154938,1711828.8
2015-11-05,A,35.09075,35.301643,34.779,35.11826,1548612.6
2015-11-06,A,34.93487,35.246628,34.824844,34.97155,2142461.2
2015-11-09,A,34.87986,34.91654,34.36638,34.769825,3391319
2015-11-10,A,34.74232,35.003643,34.558933,34.824844,4732989
2015-11-11,A,34.98989,35.044907,34.52226,34.531425,2147576
2015-11-12,A,34.25635,34.63229,34.14632,34.375553,3376866.2
2015-11-13,A,34.283855,34.448902,33.586994,33.715363,3637253.8
2015-11-16,A,33.697025,34.375553,33.559486,34.228844,2715822.8
2015-11-17,A,33.467793,35.301643,33.467793,35.191616,8375260.5
2015-11-18,A,35.23746,36.090202,35.173275,36.07186,7186632.5
2015-11-19,A,35.906815,36.39737,35.12743,35.301643,7934268.5
2015-11-20,A,35.558384,36.085617,35.319984,36.016846,5941290.5
2015-11-23,A,36.026016,36.74122,35.888477,36.70454,7060703
2015-11-24,A,36.50282,37.337223,36.429462,37.291374,6182687.5
2015-11-25,A,37.21802,38.05242,37.10799,37.905716,4141084
2015-11-27,A,37.887375,38.69427,37.74067,38.48338,2111117.2
2015-11-30,A,38.48338,38.556732,38.153286,38.34584,3498771.5
2015-12-01,A,38.657593,38.795135,37.63064,37.648975,8713049
2015-12-02,A,37.658146,38.015743,37.016296,37.06214,5140230.5
2015-12-03,A,37.263866,37.35556,36.631187,36.814575,3614827.8
2015-12-04,A,36.887928,37.781933,36.796234,37.68565,2747560.2
2015-12-07,A,37.520603,37.68565,37.172176,37.318882,2186100.5
2015-12-08,A,37.23636,37.850697,37.06214,37.749836,4724299
2015-12-09,A,37.823193,38.3275,37.51373,37.575623,4507770
2015-12-10,A,37.55728,38.19913,37.273037,37.823193,4045299.8
2015-12-11,A,37.364727,37.364727,36.727467,36.85125,2873069.8
2015-12-14,A,36.878757,37.172176,36.585342,36.906265,2519874.5
2015-12-15,A,37.364727,37.68565,37.190514,37.419746,2394277.5
2015-12-16,A,37.603127,38.116608,37.291374,37.98824,2816631.2
2015-12-17,A,38.098267,38.171623,37.383068,37.392235,2419865.2
2015-12-18,A,37.190514,37.32796,36.75039,36.768726,3669649
2015-12-21,A,37.144665,37.70399,37.08048,37.438084,1892365.6
2015-12-22,A,37.603127,37.896545,37.332638,37.795685,1792044.6
2015-12-23,A,38.162453,38.382515,37.95156,38.29999,1647588
2015-12-24,A,38.318333,38.749287,38.208298,38.639256,953783.75
2015-12-28,A,38.529224,38.58424,38.070763,38.309162,1590359.8
2015-12-29,A,38.58424,38.951008,38.437626,38.84098,1916578.1
2015-12-30,A,38.84098,38.859318,38.520054,38.66676,909951.44
2015-12-31,A,38.52425,38.937992,38.354156,38.4415,1578111.4
2016-01-04,A,37.751926,37.871452,37.089935,37.411736,3575393
2016-01-05,A,37.448513,37.65079,37.089935,37.283016,2813957.8
2016-01-06,A,36.997993,37.68757,36.8233,37.448513,2287952
2016-01-07,A,36.906048,36.915245,35.683205,35.857895,3811385.2
2016-01-08,A,36.06017,36.506096,35.365997,35.480927,4064208.2
2016-01-11,A,35.59126,35.765953,34.395996,34.883293,3065596.2
2016-01-12,A,35.333817,35.471733,34.613163,35.11315,2163701.5
2016-01-13,A,35.26026,35.370594,33.75699,33.89031,4575251.5
2016-01-14,A,33.96386,34.828037,33.60528,34.579884,3146908.5
2016-01-15,A,33.715614,34.533913,33.60528,34.120167,3256774
2016-01-19,A,34.607464,34.864902,33.825947,34.202915,2726200.2
2016-01-20,A,33.724808,34.579884,33.21912,34.25808,2685445.8
2016-01-21,A,34.340828,34.782158,33.844337,34.230495,2499770.5
2016-01-22,A,34.855713,35.10396,34.5523,34.92007,1995215.1
2016-01-25,A,34.386803,34.96604,34.386803,34.579884,1991705.4
2016-01-26,A,34.837322,34.901684,34.350025,34.487938,1908819.5
2016-01-27,A,34.377605,34.864902,33.844337,34.065,1609084.9
2016-01-28,A,34.267277,34.267277,33.108788,33.200733,3784344.8
2016-01-29,A,33.504143,34.653435,33.38462,34.61666,3219225.8
2016-02-01,A,34.35922,34.88789,34.019028,34.653435,2900229.2
2016-02-02,A,34.184525,34.524715,33.973057,34.08339,1894999
2016-02-03,A,34.267277,34.350025,33.36623,34.193718,2314932.8
2016-02-04,A,34.156944,34.74538,33.991447,34.40519,3081781.2
2016-02-05,A,34.25808,34.304054,32.94329,33.13637,4812322.5
2016-02-08,A,32.741016,32.89732,31.619307,31.996273,4229346
2016-02-09,A,31.453808,32.888126,31.398643,32.52035,3768043.2
2016-02-10,A,32.759403,33.77078,32.66746,32.961678,3447723
2016-02-11,A,32.290493,32.741016,32.1204,32.483574,3506512.5
2016-02-12,A,32.952484,33.31106,32.658268,33.301872,4267441
2016-02-16,A,33.76159,34.17533,33.46737,34.092583,3158086
2016-02-17,A,32.38244,35.057987,31.950302,34.81893,5853946
2016-02-18,A,34.690212,34.901684,34.101776,34.193718,2427018.2
2016-02-19,A,34.000637,34.570686,33.88111,34.423576,2544422
2016-02-22,A,34.82813,35.11315,34.736183,34.96604,1950073.2
2016-02-23,A,34.607464,34.901684,33.973057,34.17533,1394652.8
2016-02-24,A,33.697227,34.478745,33.53173,34.460354,1582444.5
2016-02-25,A,34.589077,34.671825,33.98225,34.59827,1580881.6
2016-02-26,A,34.708603,34.864902,34.423576,34.561493,1027008.8
2016-02-29,A,34.561493,34.662632,34.32244,34.340828,2379183.2
2016-03-01,A,34.59827,35.545288,34.579884,35.480927,3002067
2016-03-02,A,35.388985,36.10614,35.31543,35.894672,3929059.8
2016-03-03,A,35.784336,36.069363,35.618843,36.041782,1029789.9
2016-03-04,A,35.986614,36.391167,35.885475,36.1705,1223545.1
2016-03-07,A,35.894672,36.48311,35.821117,36.25325,1328616.4
2016-03-08,A,35.83031,35.97742,34.947655,35.02121,1959344.1
2016-03-09,A,35.223488,35.306236,34.901684,35.057987,1756117.9
2016-03-10,A,35.09476,35.40737,34.589077,34.92007,1756514.9
2016-03-11,A,35.333817,36.10798,35.232677,36.069363,1650308.1
2016-03-14,A,35.839504,36.014194,35.31543,35.87628,1011099.06
2016-03-15,A,35.480927,35.59126,35.012016,35.205097,1152274
2016-03-16,A,35.02121,35.954433,34.95685,35.839504,2127533.8
2016-03-17,A,35.91306,36.262444,35.480927,36.12453,2061780.1
2016-03-18,A,36.16131,37.218655,36.10614,36.95202,2723809.8
2016-03-21,A,36.841686,36.906048,36.44633,36.45553,2362994
2016-03-22,A,36.372776,36.814106,36.26704,36.666996,1688335.9
2016-03-23,A,36.685387,36.768135,36.198082,36.290028,1691065.8
2016-03-24,A,36.005005,36.27164,35.756756,36.25325,1080695.1
2016-03-28,A,36.35439,36.54747,35.986614,36.336,1384248.5
2016-03-29,A,36.179695,36.979603,35.959034,36.924435,1186816
2016-03-30,A,37.108322,37.3106,36.67619,36.887657,852150
2016-03-31,A,36.78652,36.86927,36.464718,36.639412,3418919.5
2016-04-01,A,36.478046,37.234165,36.422718,37.169617,3099297.2
2016-04-04,A,37.178837,37.363255,36.69935,36.892986,3207981.5
2016-04-05,A,36.6348,36.782337,36.136868,36.201416,2061241.8
2016-04-06,A,36.22908,37.11429,36.118427,37.105072,1698971.9
2016-04-07,A,36.782337,36.975975,36.192196,36.395058,1489911.9
2016-04-08,A,36.597916,36.856106,36.330513,36.459602,1199761.4
2016-04-11,A,36.754673,36.883766,36.284405,36.33973,1137992.2
2016-04-12,A,36.395058,36.7224,36.275185,36.653244,1076348.9
2016-04-13,A,36.441162,37.805862,36.422718,37.52001,2706166.2
2016-04-14,A,37.67677,37.87963,37.372475,37.603,1461621.9
2016-04-15,A,37.59378,37.759758,37.460075,37.722874,1564117.9
2016-04-18,A,37.547676,38.220802,37.446243,38.091713,1666508.8
2016-04-19,A,37.97184,38.488213,37.925735,38.1747,1779399.6
2016-04-20,A,38.19314,38.432884,38.08249,38.28535,1348987
2016-04-21,A,38.266907,38.723343,38.19314,38.66341,1811516.8
2016-04-22,A,38.70951,38.70951,38.31301,38.543537,1514240.1
2016-04-25,A,38.46055,38.59886,38.29457,38.38678,1627218.9
2016-04-26,A,38.561977,38.617306,38.045605,38.10093,2026875.4
2016-04-27,A,38.128593,38.497433,37.842747,38.340675,1289957.2
2016-04-28,A,38.036385,38.520485,37.861187,37.97184,1680730.8
2016-04-29,A,37.73209,37.842747,37.12351,37.73209,2199701.5
2016-05-02,A,37.99028,38.497433,37.925735,38.46055,1393911.9
2016-05-03,A,38.10093,38.257687,37.722874,38.027164,1446697.1
2016-05-04,A,37.630665,37.99028,37.24338,37.363255,1738424.4
2016-05-05,A,37.473907,37.833523,37.354034,37.768974,1175537.2
2016-05-06,A,37.67677,38.37756,37.547676,38.202362,1522060.4
2016-05-09,A,38.276127,38.525093,38.07327,38.110153,1888678
2016-05-10,A,38.266907,38.727955,38.128593,38.727955,2271248.5
2016-05-11,A,38.903152,39.83447,38.838604,39.15212,3610218
2016-05-12,A,39.27199,39.594723,39.115234,39.401085,2716559.8
2016-05-13,A,39.235107,39.585503,39.08757,39.299652,2635918.5
2016-05-16,A,39.290432,39.714596,39.189003,39.594723,4315525.5
2016-05-17,A,41.45735,41.80775,40.23097,40.950203,7732801.5
2016-05-18,A,40.987087,41.254494,40.562923,40.867214,3770189.8
2016-05-19,A,40.63669,41.32826,40.54909,41.088516,3969399.2
2016-05-20,A,41.365147,41.697098,41.208385,41.392807,2784624.5
2016-05-23,A,41.392807,41.45735,41.060852,41.097736,1832518.9
2016-05-24,A,41.272934,41.761646,41.21761,41.5219,3509733.8
2016-05-25,A,41.60489,42.056717,41.60489,41.881516,2551175.5
2016-05-26,A,42.029053,42.047493,41.678658,41.964504,2786728.5
2016-05-27,A,42.00139,42.278015,41.83541,42.250355,1977151.6
2016-05-31,A,42.222694,42.416332,42.02444,42.3149,2447009.2
2016-06-01,A,42.185806,42.503933,41.90918,42.370228,1880920.8
2016-06-02,A,42.333344,42.554646,42.250355,42.324123,2396053.5
2016-06-03,A,42.167366,42.278015,41.669434,42.158146,2598233.5
2016-06-06,A,42.158146,42.425552,42.158146,42.28724,2558516.2
2016-06-07,A,42.241135,42.370228,42.056625,42.185806,1627677.6
2016-06-08,A,42.185806,42.58231,42.148922,42.554646,1683283.6
2016-06-09,A,42.39789,42.58231,42.305683,42.49932,1306173.5
2016-06-10,A,42.167366,42.21347,41.669434,41.82619,1368296.2
2016-06-13,A,41.789307,41.97373,41.40664,41.420467,1380372
2016-06-14,A,41.21761,41.443523,41.088516,41.411247,1761302.8
2016-06-15,A,41.59567,41.844635,41.40203,41.43891,2200636.5
2016-06-16,A,41.236053,41.886127,41.11157,41.83541,1935530.1
2016-06-17,A,41.881516,41.881516,41.374363,41.82619,3725013.2
2016-06-20,A,42.019833,42.739063,42.019833,42.545425,3428423.2
2016-06-21,A,42.60997,42.720623,42.195026,42.563866,2291484
2016-06-22,A,42.554646,42.849716,42.365616,42.443993,2615854.2
2016-06-23,A,42.87738,43.043358,42.775948,43.043358,1613650.8
2016-06-24,A,41.088516,41.554173,40.498375,40.682793,5708358.5
2016-06-27,A,40.23097,40.304733,38.70951,38.967697,4694058.5
2016-06-28,A,39.345757,39.75148,38.87088,39.75148,4664214.5
2016-06-29,A,40.1572,40.5537,39.825245,40.350838,2605566.8
2016-06-30,A,40.3832,41.04886,40.299995,41.01188,2359123.5
2016-07-01,A,41.01188,41.418667,40.965652,41.23376,1721400.8
2016-07-05,A,40.965652,41.002632,40.336975,40.447918,1961515.8
2016-07-06,A,40.355465,41.187534,40.087353,41.113575,2500890.8
2016-07-07,A,41.113575,41.363197,40.845463,41.06735,2013507.9
2016-07-08,A,41.47414,42.11206,41.47414,42.047344,1988198.6
2016-07-11,A,42.167534,42.315456,41.927155,41.973385,1184050.6
2016-07-12,A,42.315456,43.138283,42.195267,43.018093,2420433
2016-07-13,A,43.11979,43.286205,42.828568,42.90715,2003707.1
2016-07-14,A,43.32319,43.434128,43.166016,43.267715,1289853.1
2016-07-15,A,43.415638,43.415638,43.036583,43.147526,1300818.9
2016-07-18,A,43.08281,43.337055,42.843357,43.267715,1474147
2016-07-19,A,43.147526,43.45262,42.981113,43.434128,2794800.8
2016-07-20,A,43.415638,43.619034,43.286205,43.461864,2298387.5
2016-07-21,A,43.434128,43.582054,42.958,43.147526,1326482.9
2016-07-22,A,43.193756,43.258472,42.916393,43.064323,1635912.4
2016-07-25,A,42.981113,43.00885,42.454132,42.657528,1861119.1
2016-07-26,A,42.722244,43.406395,42.333946,43.406395,1939024.1
2016-07-27,A,43.45262,43.8779,43.203,43.692993,1700954.5
2016-07-28,A,43.628277,44.14601,43.47111,43.924126,2104345
2016-07-29,A,43.90564,44.538937,43.78545,44.478844,2034963.2
2016-08-01,A,44.478844,44.478844,44.025826,44.256954,1735638.4
2016-08-02,A,44.10903,44.14601,43.424885,43.619034,1726237.9
2016-08-03,A,43.54507,43.619034,43.36017,43.535828,1632048.8
2016-08-04,A,43.600544,43.757713,43.212246,43.295452,1838981.2
2016-08-05,A,43.54507,43.951862,43.54507,43.90564,1352918.1
2016-08-08,A,43.9796,44.07205,43.582054,43.66526,1418810.4
2016-08-09,A,43.554317,44.03045,43.554317,43.868656,1088311.6
2016-08-10,A,43.924126,43.988846,43.64677,43.924126,815703.1
2016-08-11,A,44.025826,44.552803,43.887146,44.497334,1489441.4
2016-08-12,A,44.34941,44.557426,44.09979,44.506577,1664614.8
2016-08-15,A,44.53431,44.950348,44.488087,44.78393,2513282
2016-08-16,A,44.626766,44.87639,44.485313,44.63601,3435275.5
2016-08-17,A,44.959595,44.959595,44.451107,44.77469,3412496.2
2016-08-18,A,43.34168,43.76696,42.611305,43.193756,5040751.5
2016-08-19,A,43.064323,44.182995,43.055073,44.025826,3613144.2
2016-08-22,A,44.035072,44.236614,43.80394,43.988846,1759644.2
2016-08-23,A,44.12752,44.455727,44.081295,44.210728,1779670.8
2016-08-24,A,44.13677,44.210728,43.110546,43.175262,2849799
2016-08-25,A,43.147526,43.84092,43.092056,43.692993,2336417.8
2016-08-26,A,43.831676,44.182995,43.517338,43.748466,1710334.5
2016-08-29,A,43.868656,44.275444,43.739223,44.025826,1441796.2
2016-08-30,A,44.062805,44.201485,43.526585,43.582054,2413353.8
2016-08-31,A,43.56356,43.628277,43.274647,43.434128,1813460
2016-09-01,A,43.480354,43.656017,43.274647,43.443375,1360577.1
2016-09-02,A,43.66526,43.813183,43.35092,43.45262,1540743.4
2016-09-06,A,43.36017,43.554317,43.193756,43.406395,1580195.1
2016-09-07,A,43.517338,43.609787,43.32319,43.554317,1668508.6
2016-09-08,A,43.517338,43.600544,43.39715,43.47111,956966.1
2016-09-09,A,42.999603,43.018093,41.483383,41.49263,2711685.8
2016-09-12,A,41.224518,42.352436,41.113575,42.296967,1985275
2016-09-13,A,41.9364,41.99187,41.243008,41.51112,3744448.8
2016-09-14,A,41.612816,41.696022,41.23376,41.47414,1735819
2016-09-15,A,41.47414,42.23225,41.427914,42.01036,1875528.8
2016-09-16,A,41.964134,41.964134,41.363197,41.409424,2804524.8
2016-09-19,A,41.51112,42.047344,41.47414,41.557346,2085289.6
2016-09-20,A,41.90867,42.481873,41.742252,42.259983,2523593.2
2016-09-21,A,42.509605,42.759228,41.982628,42.56508,1744396.4
2016-09-22,A,42.879417,43.175262,42.796207,43.147526,1413780.8
2016-09-23,A,42.92564,43.33243,42.8147,43.092056,2116800
2016-09-26,A,42.953377,43.23998,42.67602,43.055073,2854507.2
2016-09-27,A,43.018093,43.184505,42.740738,43.175262,1716714
2016-09-28,A,43.36017,43.692993,43.00885,43.619034,1625196.6
2016-09-29,A,43.498844,43.70224,42.657528,42.90715,2096450
2016-09-30,A,43.09715,43.852505,42.911785,43.643974,1892832.8
2016-10-03,A,43.39373,43.773727,43.39373,43.69031,1661190.2
2016-10-04,A,43.625435,43.838604,43.254707,43.403,1903265.2
2016-10-05,A,43.597633,43.847874,43.493366,43.699585,1545356.6
2016-10-06,A,43.569824,43.95909,43.44934,43.838604,1912777.2
2016-10-07,A,43.86641,44.0147,43.551292,43.91275,1794443.6
2016-10-10,A,44.098118,44.626404,44.07031,44.20006,1666944.4
2016-10-11,A,43.736652,43.736652,42.09618,42.346424,3142504.2
2016-10-12,A,42.429836,42.462276,42.09618,42.142525,1873152.5
2016-10-13,A,41.558628,42.0035,41.479847,41.85521,1441512.2
2016-10-14,A,42.05911,42.281544,41.781067,41.781067,1075868.6
2016-10-17,A,41.781067,42.142525,41.706825,41.845943,1251937.2
2016-10-18,A,42.355694,42.47618,41.95716,42.11472,2103005
2016-10-19,A,42.086914,42.772762,42.022038,42.652275,1908773.2
2016-10-20,A,42.63374,42.833004,42.309353,42.68008,1611539.9
2016-10-21,A,42.327885,42.327885,41.975697,42.235207,1091193.1
2016-10-24,A,42.522522,42.5874,42.300083,42.494713,1797962.1
2016-10-25,A,41.94789,42.253742,40.010834,40.325954,4261461
2016-10-26,A,40.24254,40.61327,40.075714,40.1962,2315635.2
2016-10-27,A,40.752293,40.956192,40.17766,40.20547,2582620
2016-10-28,A,40.20547,40.65961,39.955227,40.05718,1587522.2
2016-10-31,A,40.15913,40.502052,40.020103,40.381565,1679680.4
2016-11-01,A,40.529854,40.88205,39.983032,40.30742,2301542
2016-11-02,A,40.288883,40.529854,40.075714,40.09425,2417327
2016-11-03,A,40.15913,40.780098,40.020103,40.464977,2708242
2016-11-04,A,40.492783,41.62814,40.492783,41.07668,2396265.8
2016-11-07,A,41.69765,42.4113,41.660576,42.36496,1860076.6
2016-11-08,A,42.15179,42.596573,42.0035,42.281544,2305452
2016-11-09,A,42.086914,42.71715,41.23424,42.57813,3777693
2016-11-10,A,43.18983,43.91275,42.948856,43.588364,2760752.8
2016-11-11,A,43.34739,43.44007,42.82837,42.97666,2394482.2
2016-11-14,A,43.24544,43.310318,41.873745,42.01277,3715067.2
2016-11-15,A,42.01277,42.63374,41.660576,42.07765,5082074
2016-11-16,A,42.911785,44.302013,42.772762,42.800568,4344697
2016-11-17,A,42.78203,42.78203,42.216667,42.57813,2234099.5
2016-11-18,A,42.550323,42.819103,41.716183,41.74399,3397139.2
2016-11-21,A,41.91082,41.929356,41.382534,41.679115,2740624.8
2016-11-22,A,41.651306,41.85521,40.56693,41.206432,3054773
2016-11-23,A,40.946926,41.503017,40.752293,41.382534,2078369.2
2016-11-25,A,41.465946,41.71155,41.354725,41.604965,946396.94
2016-11-28,A,41.262043,41.4196,40.390835,40.409367,2418802
2016-11-29,A,40.409367,41.363995,40.335224,41.22497,2106252.8
2016-11-30,A,41.512287,41.61424,40.724487,40.761562,2415327.8
2016-12-01,A,40.854244,40.87278,39.77913,40.04791,3046192.2
2016-12-02,A,40.10352,40.86351,40.10352,40.8079,2323551.5
2016-12-05,A,40.974728,41.4196,40.974728,41.271313,2692021
2016-12-06,A,41.317654,41.61424,40.96546,41.558628,1226405.9
2016-12-07,A,41.299118,41.69765,40.88205,41.69765,1958565
2016-12-08,A,41.69765,42.47618,41.493748,42.44837,1994923.8
2016-12-09,A,42.550323,42.93032,42.494713,42.911785,2090612.1
2016-12-12,A,42.800568,43.328854,42.735687,42.763493,1997709.6
2016-12-13,A,42.921055,43.1991,42.78203,42.995197,1871644.1
2016-12-14,A,43.032272,43.36593,42.63374,42.763493,2205445.8
2016-12-15,A,42.707886,43.34739,42.559685,43.15276,1444621.9
2016-12-16,A,43.1991,43.486412,42.457645,42.550323,2269215.2
2016-12-19,A,42.531788,42.83764,42.040573,42.10545,1169767.1
2016-12-20,A,42.402035,42.921055,42.2074,42.82837,1674937.2
2016-12-21,A,42.82837,42.967396,42.503983,42.67081,1782748.9
2016-12-22,A,42.568863,42.754227,42.44837,42.605934,1044750.44
2016-12-23,A,42.707886,42.846905,42.568863,42.819103,785138.06
2016-12-27,A,42.97666,43.240803,42.93032,43.106415,1656727.6
2016-12-28,A,43.106415,43.282513,42.337154,42.37423,1270229.9
2016-12-29,A,42.459743,42.757183,42.357494,42.42256,959003.94
2016-12-30,A,42.5341,42.58987,42.176243,42.3482,1308332.2
2017-01-03,A,42.69212,43.45431,42.515514,43.212643,1871671.4
2017-01-04,A,43.62162,44.039898,43.515842,43.779636,1959393.5
2017-01-05,A,43.733162,43.75175,43.08716,43.259117,1617812.4
2017-01-06,A,43.34277,44.681255,43.277706,44.6069,3102174
2017-01-09,A,44.625484,45.132065,44.527885,44.746323,2770647.8
2017-01-10,A,44.932224,45.118122,44.44888,44.70914,1678905.1
2017-01-11,A,44.644073,45.991856,44.569717,45.778072,6050896
2017-01-12,A,45.452747,45.452747,44.5976,45.099533,3525484.8
2017-01-13,A,45.173893,45.40627,44.997288,45.257545,1687914.2
2017-01-17,A,44.960106,45.280785,44.778854,44.91363,2086541.9
2017-01-18,A,45.238956,45.294727,44.61619,44.848568,1639054.9
2017-01-19,A,44.653374,44.69985,44.160732,44.28157,1448237
2017-01-20,A,44.458176,44.551125,44.071407,44.262978,1830756
2017-01-23,A,44.24439,44.458176,43.90047,44.049194,2166615.8
2017-01-24,A,44.402405,44.811386,43.733162,44.012012,2949869
2017-01-25,A,44.24439,45.00658,44.067783,44.997288,3306309.8
2017-01-26,A,45.00658,45.015877,44.537186,44.774204,2039326.4
2017-01-27,A,44.91363,45.383034,44.895042,45.22037,1643696
2017-01-30,A,45.06235,45.12742,44.044544,44.309452,2438383.2
2017-01-31,A,44.653374,45.680473,44.625484,45.51781,2746208.8
2017-02-01,A,45.48063,46.298595,45.248253,45.787365,2414840.8
2017-02-02,A,45.434155,45.545696,45.05306,45.452747,1455104
2017-02-03,A,45.62935,45.982563,45.601467,45.898907,1282248.4
2017-02-06,A,45.66653,45.898907,45.508514,45.79666,1024304.4
2017-02-07,A,45.936085,46.270706,45.787365,46.140575,2335353
2017-02-08,A,45.88961,46.503082,45.75948,46.410133,2266885.5
2017-02-09,A,46.56815,47.2188,46.4752,46.912067,2751733.2
2017-02-10,A,46.949245,47.023605,46.49379,46.809822,2251178
2017-02-13,A,47.060787,47.302456,46.86559,46.95854,1687297.8
2017-02-14,A,46.69828,47.10726,46.558853,46.837704,3815882.5
2017-02-15,A,47.534832,48.185486,47.05149,47.980995,6158648
2017-02-16,A,48.036766,48.036766,46.995724,47.25598,2743871
2017-02-17,A,47.079376,47.999584,47.014313,47.99029,2362322.2
2017-02-21,A,48.018177,48.148304,47.562717,47.730026,2191484
2017-02-22,A,47.692852,48.076733,47.581306,47.720734,1756728.4
2017-02-23,A,47.813683,47.962402,47.590603,47.84157,1083230.5
2017-02-24,A,47.757915,48.176193,47.71144,48.092537,1735009.2
2017-02-27,A,48.092537,48.278435,47.832275,48.018177,1285780.4
2017-02-28,A,47.888046,48.00888,47.61849,47.68355,1525299.5
2017-03-01,A,47.980995,48.57588,47.980995,48.371387,2180302.8
2017-03-02,A,48.371387,48.40857,47.71144,47.757915,1835925.5
2017-03-03,A,47.757915,48.371387,47.54413,48.315617,1962792
2017-03-06,A,47.999584,48.166897,47.567364,47.637077,2027400.6
2017-03-07,A,47.460476,47.818333,47.274574,47.5999,2402960.2
2017-03-08,A,47.646374,47.92987,47.358227,47.7858,1632744
2017-03-09,A,47.795094,47.943817,47.52554,47.80439,1354923.8
2017-03-10,A,48.04606,48.66418,47.850864,48.473633,2001613.9
2017-03-13,A,48.464336,48.761776,48.324913,48.752483,1480565
2017-03-14,A,48.55729,48.57588,48.297028,48.529404,1294634.6
2017-03-15,A,49.551857,50.955406,49.282303,50.286163,4430301.5
2017-03-16,A,49.6634,50.23969,49.105698,49.310184,2879939.2
2017-03-17,A,49.31948,49.756348,49.18935,49.551857,2083801.8
2017-03-20,A,49.57045,49.8493,49.26371,49.403137,1314043.9
2017-03-21,A,49.52397,49.945503,48.78037,48.947678,1605908.1
2017-03-22,A,49.068516,49.70058,48.938385,49.38455,1352411.6
2017-03-23,A,49.30089,49.988724,49.003452,49.431023,1848221.2
2017-03-24,A,50.23969,50.23969,49.11499,49.338074,2168133.8
2017-03-27,A,48.891907,49.579742,48.724598,49.486794,1556279.5
2017-03-28,A,49.533268,49.830708,49.352016,49.67269,1412245.8
2017-03-29,A,49.50538,49.654102,49.05922,49.37525,1581361.8
2017-03-30,A,49.31948,49.65875,49.17076,49.561153,1751032.9
2017-03-31,A,49.4512,49.60029,49.20893,49.264835,1830441.4
2017-04-03,A,49.292793,49.58165,49.134384,49.572334,1663671.4
2017-04-04,A,49.572334,49.609608,48.901432,49.031883,2164703.5
2017-04-05,A,49.125065,49.590973,49.10177,49.115746,1908382
2017-04-06,A,49.10643,49.60029,48.69643,49.525745,1661463.9
2017-04-07,A,49.4512,49.4512,49.10643,49.23688,1334552
2017-04-10,A,49.292793,49.628242,49.08779,49.125065,1100274.9
2017-04-11,A,49.10643,49.292793,48.79893,49.227566,1631986.9
2017-04-12,A,49.2462,49.413925,48.892113,48.966656,1350222.6
2017-04-13,A,48.85484,49.143703,48.743023,48.76166,927216.1
2017-04-17,A,49.041203,50.0429,48.85484,49.814606,1684286.1
2017-04-18,A,49.40461,49.945057,49.08779,49.413925,1331991.4
2017-04-19,A,49.712105,49.777332,49.339382,49.4512,2249760.2
2017-04-20,A,49.69347,49.758698,49.190292,49.507107,1684875.2
2017-04-21,A,49.628242,49.74938,49.23679,49.63756,2349566
2017-04-24,A,50.252556,50.806984,50.23392,50.72778,2422897.5
2017-04-25,A,51.01664,51.426636,50.793003,51.07255,2341523.8
2017-04-26,A,51.249596,51.557095,51.06789,51.091187,1969242
2017-04-27,A,51.18437,51.720158,51.091187,51.650272,1640916.8
2017-04-28,A,51.538456,51.575726,51.095844,51.296185,3303420.5
2017-05-01,A,51.7155,52.17209,51.585045,51.99504,2035840.4
2017-05-02,A,52.04163,52.15345,51.724815,52.116177,1816966.5
2017-05-03,A,51.883224,52.421345,51.818,52.330494,1827157.4
2017-05-04,A,52.367767,52.880264,52.330494,52.83367,2806964.8
2017-05-05,A,52.973442,53.075943,52.731174,52.777763,1686539.8
2017-05-08,A,52.787083,52.945488,52.116177,52.479584,2350245.2
2017-05-09,A,52.57276,53.010715,52.45163,52.99208,1674132.8
2017-05-10,A,52.973442,53.057304,52.25595,52.432995,1680908.9
2017-05-11,A,52.30254,52.535492,51.99504,52.39572,1446251.8
2017-05-12,A,52.330494,52.55413,52.14413,52.330494,1693790.2
2017-05-15,A,52.24663,52.88958,52.19072,52.83367,1579962.4
2017-05-16,A,54.399117,54.399117,52.60072,52.95481,1108164.9
2017-05-17,A,52.47027,52.526173,51.873905,51.967087,1974367.5
2017-05-18,A,52.088226,52.432995,51.808678,52.04163,2076597.5
2017-05-19,A,52.265266,52.479584,52.050953,52.30254,1775511.8
2017-05-22,A,52.665947,52.665947,52.04163,52.25595,4576873.5
2017-05-23,A,55.722286,55.89001,54.045025,54.660023,8060196.5
2017-05-24,A,54.510933,55.29365,54.11258,55.191154,4405905
2017-05-25,A,55.470695,55.629105,54.90229,55.25638,2975724.2
2017-05-26,A,55.191154,55.647743,55.01504,55.45206,1647584.5
2017-05-30,A,55.480015,56.355915,55.35888,56.253418,2764956.2
2017-05-31,A,55.396152,56.663414,55.396152,56.225464,2739194.5
2017-06-01,A,55.917965,56.626144,55.731606,56.58887,2254149.8
2017-06-02,A,56.654095,56.980232,56.61682,56.663414,1788179.5
2017-06-05,A,56.654095,56.69137,56.21615,56.281372,1581095.6
2017-06-06,A,56.0391,56.416485,56.001827,56.001827,2112040.2
2017-06-07,A,56.150917,56.621483,55.89001,56.49569,1735979
2017-06-08,A,56.48637,56.58421,55.63842,56.04842,3741749
2017-06-09,A,56.19751,56.327965,55.097973,55.172516,2524991.2
2017-06-12,A,55.10729,55.35888,53.970478,54.96752,2768435.5
2017-06-13,A,55.042065,55.573196,54.91161,55.237743,1638970.1
2017-06-14,A,55.480015,55.703648,55.023426,55.330925,1291536.9
2017-06-15,A,55.181835,55.247063,54.809113,55.172516,1172551.4
2017-06-16,A,55.321606,55.712967,55.195812,55.45206,2315399.2
2017-06-19,A,55.51729,56.53296,55.51729,56.421143,2558093.2
2017-06-20,A,56.421143,56.76591,56.18353,56.21615,1955021.4
2017-06-21,A,56.19751,56.402508,55.601147,55.712967,2412446.8
2017-06-22,A,55.852737,56.654095,55.545242,56.477055,3728075.5
2017-06-23,A,56.458416,56.458416,55.442833,55.694332,3090525.5
2017-06-26,A,55.712967,55.862057,55.11661,55.200474,1647911.8
2017-06-27,A,55.097973,55.50797,54.827747,54.86502,1137989.6
2017-06-28,A,55.228428,55.629105,55.1632,55.349564,1278732.8
2017-06-29,A,55.42614,55.68763,54.623,54.912502,1453644.1
2017-06-30,A,55.09928,55.631596,54.945187,55.388786,1706617.1
2017-07-03,A,55.650272,56.01449,55.220688,55.220688,1595027.5
2017-07-05,A,55.27672,56.07986,55.27672,55.818375,1755010.6
2017-07-06,A,55.528866,55.818375,55.164654,55.304737,2408769
2017-07-07,A,55.59424,56.098537,55.407463,55.68763,1033786.7
2017-07-10,A,55.547546,56.07519,55.45416,55.902424,1227165.8
2017-07-11,A,56.02383,56.182587,55.528866,55.84639,3187239.8
2017-07-12,A,56.34135,56.957714,56.182587,56.714905,1541296.1
2017-07-13,A,57.200523,57.256557,56.658867,57.14449,2205953.2
2017-07-14,A,57.22854,57.578747,56.887672,57.452675,1377119.8
2017-07-17,A,57.52738,57.75152,57.34061,57.48069,1427102.2
2017-07-18,A,57.368626,57.47135,56.92036,57.16317,1627738.1
2017-07-19,A,57.265896,57.56474,57.125813,57.32193,1619230.6
2017-07-20,A,57.387302,57.48069,56.789616,56.948376,2151659.5
2017-07-21,A,56.808292,57.52738,56.74292,57.312588,1374081.9
2017-07-24,A,57.32193,57.50871,57.200523,57.433994,1042748.1
2017-07-25,A,57.499367,57.583416,56.388046,56.537464,1811771.2
2017-07-26,A,56.57482,56.789616,55.463497,55.77168,2699149.2
2017-07-27,A,55.865067,56.2573,55.65961,55.949116,2082654.4
2017-07-28,A,55.949116,56.24796,55.668953,56.10788,1323966.6
2017-07-31,A,56.33201,56.612175,55.809032,55.83705,1117619.1
2017-08-01,A,56.070522,56.3039,55.85106,55.97713,1418000.5
2017-08-02,A,56.033165,56.34135,55.5849,56.219944,1200966.6
2017-08-03,A,56.173252,56.444077,56.00515,56.378704,1052854.2
2017-08-04,A,56.518787,56.724243,56.042503,56.15457,833894
2017-08-07,A,56.182587,56.864326,56.037838,56.845646,1044814.75
2017-08-08,A,56.658867,56.948376,56.10788,56.16391,1244734.2
2017-08-09,A,56.098537,56.24796,55.45416,55.73432,2104162.2
2017-08-10,A,55.42614,55.566223,54.37085,54.69771,2646439.5
2017-08-11,A,54.819115,55.753002,54.809776,55.407463,1618561.4
2017-08-14,A,55.84639,56.070522,55.61292,55.678288,2580362.8
2017-08-15,A,55.753002,55.9211,55.202007,55.45416,3140955.8
2017-08-16,A,58.041023,58.29317,56.74292,58.03168,7379939.5
2017-08-17,A,57.90094,57.966312,56.761597,56.836308,3749536.5
2017-08-18,A,56.74292,57.63945,56.294655,57.200523,2524796
2017-08-21,A,57.0511,57.90094,56.929695,57.65813,1591354.6
2017-08-22,A,57.779533,58.853504,57.760853,58.79747,1784338.5
2017-08-23,A,58.573338,59.175694,58.46127,58.620033,1548022.8
2017-08-24,A,58.713417,58.97491,58.2278,58.53598,1696676.9
2017-08-25,A,58.890858,58.96557,58.52664,58.741436,1448528.9
2017-08-28,A,58.92821,59.37181,58.80681,59.264412,1381789.5
2017-08-29,A,58.87218,59.423176,58.854435,59.29243,1292073
2017-08-30,A,59.20838,59.70334,59.19904,59.675323,1148459.1
2017-08-31,A,59.76871,60.54384,59.675323,60.44111,2066709.1
2017-09-01,A,60.60921,60.870697,59.964825,60.123585,1311366.5
2017-09-05,A,59.787384,60.21698,59.591274,60.03954,975079.3
2017-09-06,A,60.291683,60.525158,59.815407,60.43177,1043500.9
2017-09-07,A,60.56251,60.9314,60.226315,60.83334,1151914.5
2017-09-08,A,60.84268,61.33764,60.54384,60.72127,1700891.5
2017-09-11,A,61.16954,61.88863,61.057472,61.739212,1895332.9
2017-09-12,A,61.88863,62.028713,61.533756,61.767227,1158759.1
2017-09-13,A,61.552437,61.841938,61.085495,61.11351,2187165
2017-09-14,A,60.9921,61.51508,60.852024,61.33764,1585870
2017-09-15,A,61.33764,61.757885,61.28161,61.59913,2458516
2017-09-18,A,61.72053,61.916653,61.356316,61.711197,1672588.4
2017-09-19,A,61.869953,62.05673,61.636482,61.795242,1325647.8
2017-09-20,A,61.925987,61.972683,61.421688,61.72053,1269969.6
2017-09-21,A,61.524414,61.767227,61.290943,61.56177,936714.9
2017-09-22,A,61.4964,61.88863,61.365654,61.431026,1388010.8
2017-09-25,A,61.44971,61.543095,60.179623,60.45045,1972224.4
2017-09-26,A,60.37574,60.60921,59.68466,59.87144,1729694.9
2017-09-27,A,60.02086,60.38508,59.815407,60.132927,1362613.8
2017-09-28,A,60.002182,60.347725,59.740696,59.750034,1205974.6
2017-09-29,A,59.76871,60.02553,59.507225,59.955486,1791242
2017-10-02,A,60.16324,60.89317,60.08837,60.70601,1810040.1
2017-10-03,A,60.88381,61.557594,60.88381,60.968037,1300457.1
2017-10-04,A,60.968037,61.641823,60.968037,61.60439,796772.7
2017-10-05,A,61.6231,61.754112,61.31428,61.482727,2109488.8
2017-10-06,A,61.464016,62.11908,61.4453,62.100365,1501479.6
2017-10-09,A,62.22202,62.484043,61.78219,62.287525,1648098.1
2017-10-10,A,62.399826,62.56827,61.969353,62.32496,1221481.6
2017-10-11,A,62.399826,62.67121,62.081646,62.343678,1917910.2
2017-10-12,A,62.371754,63.26077,62.26881,63.204624,1554796
2017-10-13,A,63.28884,63.46665,62.596344,62.689922,1007858.2
2017-10-16,A,62.886444,63.045536,62.484043,62.615063,1574527.6
2017-10-17,A,62.399826,62.399826,61.754112,61.875774,1829252.4
2017-10-18,A,62.11908,62.31092,61.82898,62.175232,1229381.8
2017-10-19,A,62.175232,62.675888,61.81962,62.586983,1452344.8
2017-10-20,A,62.87709,63.195263,62.76479,62.933235,1609420.4
2017-10-23,A,63.120396,63.335636,62.633778,62.718,1354516.1
2017-10-24,A,62.989384,63.21398,62.586983,62.99874,2111223
2017-10-25,A,63.541515,64.12171,62.727356,63.06425,1918139
2017-10-26,A,63.195263,63.47601,62.886444,63.36371,1515427
2017-10-27,A,63.457287,63.644455,63.08297,63.60702,1539837.9
2017-10-30,A,63.447933,63.569588,62.792862,63.15783,904675.94
2017-10-31,A,63.39178,63.79418,63.204624,63.663166,1725170.4
2017-11-01,A,63.822254,64.04685,63.485363,63.65381,1451146.8
2017-11-02,A,63.70996,63.9907,63.457287,63.75675,1984232.5
2017-11-03,A,63.719315,64.262085,63.644455,63.981346,1145839.1
2017-11-06,A,63.88776,64.056206,63.513443,63.840973,1064030.9
2017-11-07,A,63.934555,64.23401,63.672527,63.869045,1022072.6
2017-11-08,A,63.728672,63.943913,63.420795,63.738033,1044673.4
2017-11-09,A,63.560226,63.616383,62.615063,63.139114,1779295.6
2017-11-10,A,63.026817,63.242054,62.418537,62.521477,1821468.8
2017-11-13,A,62.184586,63.06425,61.997425,62.82094,1641773.1
2017-11-14,A,62.680573,63.447933,62.596344,63.129757,2592670
2017-11-15,A,62.97067,63.223335,62.615063,62.989384,2182382.8
2017-11-16,A,63.16719,64.52411,63.120396,64.32759,2458199.2
2017-11-17,A,64.13107,64.65512,63.90648,64.37438,1948175
2017-11-20,A,64.83293,65.721954,64.52411,65.469284,4427664
2017-11-21,A,65.553505,66.26472,63.354347,65.42249,5696191.5
2017-11-22,A,64.70192,64.91716,63.91584,64.28081,3250368.5
2017-11-24,A,64.42117,64.93587,64.36503,64.9078,1085060.9
2017-11-27,A,64.77679,65.02945,64.72999,64.861,1537998.9
2017-11-28,A,65.094955,66.37702,64.96394,66.05884,2643092.5
2017-11-29,A,65.97462,66.29279,64.056206,64.28081,2034787.6
2017-11-30,A,64.54283,65.12303,63.83161,64.795494,2054384.5
2017-12-01,A,64.74871,65.506714,62.914524,64.28081,2689182
2017-12-04,A,64.514755,64.72999,61.93192,61.988068,3098303.5
2017-12-05,A,61.950634,62.699284,61.510807,61.60439,2547497.2
2017-12-06,A,61.651173,61.997425,61.390083,61.660534,1806037.1
2017-12-07,A,61.679253,62.58802,61.548233,62.4279,2451900
2017-12-08,A,62.64314,63.210983,62.3739,63.05489,2346177.8
2017-12-11,A,63.10168,63.401142,62.212666,62.699284,2605823.2
2017-12-12,A,62.699284,62.84902,62.23138,62.755432,2330583.8
2017-12-13,A,62.914524,63.31692,62.362392,62.399826,1800170.6
2017-12-14,A,62.399826,62.783504,62.109726,62.240738,1896286.2
2017-12-15,A,62.699284,63.50408,62.409184,63.27013,3068918.2
2017-12-18,A,63.532154,64.11236,63.148476,63.31692,2464457
2017-12-19,A,63.57895,63.68189,63.15783,63.401142,1570231.9
2017-12-20,A,63.457287,63.766106,62.84902,63.07361,1457057.2
2017-12-21,A,63.176548,63.513443,62.949986,63.1859,1605259.2
2017-12-22,A,63.08297,63.20453,62.56827,63.026817,1305088.4
2017-12-26,A,62.989384,63.120396,62.74608,62.933235,569413.56
2017-12-27,A,62.8958,63.129757,62.839657,62.98003,1109824.4
2017-12-28,A,63.111042,63.148476,62.718,63.120396,648659.3
2017-12-29,A,63.307034,63.38207,62.77244,62.80996,1135425.4
2018-01-02,A,63.232002,63.67281,63.15697,63.40082,1117230.1
2018-01-03,A,63.419582,65.173416,63.40082,65.01398,1811420.9
2018-01-04,A,65.220314,65.48292,64.50752,64.52628,2379333.5
2018-01-05,A,64.46063,65.74553,64.46063,65.55795,1740636.9
2018-01-08,A,65.39851,65.96124,65.225006,65.69864,1720803.9
2018-01-09,A,66.2895,67.837006,65.81118,67.31179,2843333.2
2018-01-10,A,67.011665,67.011665,65.754906,66.39267,3153044.8
2018-01-11,A,66.51459,66.75844,65.933105,66.40205,1611219.8
2018-01-12,A,66.336395,67.3962,66.12068,67.27428,1544069.5
2018-01-16,A,67.54626,67.96831,66.64589,66.805336,1816217.8
2018-01-17,A,67.2649,67.818245,67.14297,67.58378,1945352.4
2018-01-18,A,67.71508,67.996445,67.218,67.7057,1949402
2018-01-19,A,67.97769,68.66703,67.58378,68.53104,2416192
2018-01-22,A,68.624825,68.981224,68.09023,68.91557,2093727.1
2018-01-23,A,69.450165,69.47361,68.69986,68.87806,1293815.2
2018-01-24,A,69.08439,69.271965,68.51228,69.00936,1870524.2
2018-01-25,A,69.562706,69.86283,69.07501,69.271965,1774326.6
2018-01-26,A,69.68464,70.18171,69.01873,70.17233,2545004.5
2018-01-29,A,69.853455,70.34115,69.68464,69.900345,1409403.2
2018-01-30,A,69.39389,69.4783,68.399734,68.45601,1937307.6
2018-01-31,A,69.18755,69.76904,68.690475,68.868675,2167445.2
2018-02-01,A,68.63421,69.19693,68.00583,68.30595,2141183
2018-02-02,A,67.82763,68.240295,66.79596,66.8241,2085227.1
2018-02-05,A,66.45832,67.03981,63.944794,63.98231,3050198.2
2018-02-06,A,62.80058,64.55442,62.022133,64.19802,4394197.5
2018-02-07,A,63.954178,64.79358,63.68688,63.83225,2120086.5
2018-02-08,A,63.860382,63.92604,60.990467,61.009228,4439100
2018-02-09,A,62.275368,63.33517,61.234318,62.81934,4816128
2018-02-12,A,63.26952,64.76076,63.185112,64.17927,4507651.5
2018-02-13,A,63.74784,64.235535,63.4571,64.09486,1946440
2018-02-14,A,63.5884,65.54858,63.419582,65.37038,3878707.5
2018-02-15,A,70.28488,70.33177,66.79596,67.54626,5223588
2018-02-16,A,67.49937,68.18402,67.17176,67.49937,3078360.5
2018-02-20,A,67.05856,67.38682,66.30826,66.66466,2751311
2018-02-21,A,66.70217,68.18402,66.561485,66.8241,2127761.2
2018-02-22,A,67.2649,67.302414,66.130066,66.2895,2562530.2
2018-02-23,A,66.73031,66.93664,65.70801,66.30826,4506949.5
2018-02-26,A,66.58962,66.786575,65.66112,66.19572,6341329.5
2018-02-27,A,66.35515,66.51459,64.71386,64.71386,3593769.8
2018-02-28,A,65.107765,65.65174,64.31057,64.32932,3507010.5
2018-03-01,A,64.21678,64.52628,62.64114,63.19449,2560871.2
2018-03-02,A,62.669277,63.475853,62.50984,63.316418,2193516.8
2018-03-05,A,63.072563,63.635292,62.378532,63.35393,2016093.8
2018-03-06,A,63.56964,64.16988,63.26014,63.879143,3139661.5
2018-03-07,A,63.17573,65.51575,63.11946,65.37038,3332815.8
2018-03-08,A,65.38914,65.90497,64.89206,65.511055,2615896.2
2018-03-09,A,65.90497,67.05856,65.65174,66.71155,2197707.2
2018-03-12,A,66.7772,67.0867,66.28012,66.317635,2185139.5
2018-03-13,A,66.58962,67.07732,66.04565,66.2895,1842602.8
2018-03-14,A,66.65527,66.739685,65.36165,65.576706,1989896.4
2018-03-15,A,65.736145,66.270744,65.529816,65.82056,2697969.5
2018-03-16,A,65.576706,65.97062,64.76076,65.55795,3601870
2018-03-19,A,65.45479,65.94248,64.77013,65.03274,2814215.5
2018-03-20,A,65.43603,65.71739,65.1359,65.511055,2536698.8
2018-03-21,A,65.53919,65.736145,65.0515,65.08901,1688015.1
2018-03-22,A,64.43249,64.90143,63.1476,63.2789,1801928.1
2018-03-23,A,63.38207,63.91666,61.84394,61.956482,2765892.8
2018-03-26,A,63.02567,64.043274,62.514523,63.96355,2413690.5
2018-03-27,A,64.226166,64.36684,62.40667,62.838093,2243914.5
2018-03-28,A,63.04443,63.19449,61.72201,62.275368,2417962
2018-03-29,A,62.603622,63.38207,62.00338,62.74431,2890859.5
2018-04-02,A,62.649372,62.950165,59.90464,60.562626,3282801.2
2018-04-03,A,61.042015,61.925587,60.741222,61.4932,2432118.5
2018-04-04,A,60.299435,61.704693,59.824745,61.521397,5408708.5
2018-04-05,A,61.86919,62.329777,61.568398,61.737595,2255570.2
2018-04-06,A,61.107815,61.624794,59.575653,59.829445,3807106.5
2018-04-09,A,61.023212,62.27338,60.233635,61.277008,2808317.8
2018-04-10,A,62.169983,62.780968,61.94439,62.63997,2256321.5
2018-04-11,A,62.019592,62.60237,61.86919,62.113586,1480230
2018-04-12,A,62.56477,63.579945,62.464664,63.166355,2320158.2
2018-04-13,A,63.44835,63.608143,62.865562,63.17576,2174426.8
2018-04-16,A,63.758545,64.26613,63.43895,64.07813,3072228.8
2018-04-17,A,64.48232,64.717316,63.984135,64.33193,2853926.2
2018-04-18,A,64.971115,66.070885,64.52933,65.375305,2849341
2018-04-19,A,65.3095,65.412895,63.316753,63.89014,2590588.8
2018-04-20,A,63.955936,64.162735,63.279156,63.495354,2039673.2
2018-04-23,A,63.645744,64.54812,63.476547,63.984135,2404908.2
2018-04-24,A,62.404976,63.82904,62.075985,62.63997,3937969.5
2018-04-25,A,62.686974,63.053562,61.013817,61.850395,4735873
2018-04-26,A,62.245182,62.75277,61.939686,62.38618,2104915.2
2018-04-27,A,62.357975,62.56477,62.000786,62.30158,1265134
2018-04-30,A,62.498974,62.658775,61.784595,61.79399,2423153.5
2018-05-01,A,61.690594,62.36738,61.559,62.26398,3335348.5
2018-05-02,A,62.038387,62.846767,61.82219,61.953793,2383553.5
2018-05-03,A,61.82219,62.470776,60.966816,62.357975,2516928.2
2018-05-04,A,62.066586,63.213356,61.606,62.978363,1416012.4
2018-05-07,A,63.12876,63.89954,63.04416,63.34495,1562524.6
2018-05-08,A,63.053562,63.38725,62.827965,63.326157,2038460.5
2018-05-09,A,63.335552,64.303734,63.11936,64.040535,2243149.8
2018-05-10,A,64.031136,64.745514,64.031136,64.726715,1962676.5
2018-05-11,A,65.03691,65.422295,64.77372,65.2813,1621514.5
2018-05-14,A,65.5445,66.221275,64.858315,65.05571,3534810
2018-05-15,A,58.12809,60.252434,57.05652,58.748474,15374007
2018-05-16,A,58.75787,59.207462,57.949493,58.222084,6247511.5
2018-05-17,A,58.259686,60.069515,58.05289,59.773045,5544049.5
2018-05-18,A,59.810646,60.72233,59.698788,60.45923,4429406.5
2018-05-21,A,60.86342,62.028984,60.79762,61.615402,4816396.5
2018-05-22,A,61.6812,61.93499,60.80232,60.948013,3633680.8
2018-05-23,A,60.35583,61.09841,60.35583,60.65662,3428223.2
2018-05-24,A,60.741222,61.09841,60.224236,60.271236,1623333.8
2018-05-25,A,60.102036,60.261833,59.068066,59.35946,1853241.8
2018-05-29,A,58.87067,58.908268,57.620502,58.137486,3786479.2
2018-05-30,A,58.50408,59.27486,58.273785,58.927067,1842050
2018-05-31,A,58.88947,59.058666,58.137486,58.203285,2670662
2018-06-01,A,58.720276,59.434654,58.692074,59.011665,2423409.8
2018-06-04,A,59.378254,59.697845,58.992863,59.575653,2083084
2018-06-05,A,59.65085,60.03624,59.30306,59.70725,2010179.9
2018-06-06,A,59.923443,61.277008,59.27486,61.277008,3380545.2
2018-06-07,A,61.483807,62.122982,60.91042,61.31461,3167301.5
2018-06-08,A,61.427402,62.38618,61.23941,61.784595,4099945
2018-06-11,A,61.737595,62.74337,61.652992,62.16058,3528507.8
2018-06-12,A,62.01019,62.555378,61.690594,62.33918,2135108.8
2018-06-13,A,62.60237,62.67757,62.01019,62.282784,4635980
2018-06-14,A,62.461372,62.461372,61.765793,62.329777,3710622
2018-06-15,A,62.141785,62.26398,61.277008,62.16058,4375890.5
2018-06-18,A,61.549603,61.606,60.65662,61.070213,2726804
2018-06-19,A,60.36523,60.58142,59.406456,59.70725,4916491.5
2018-06-20,A,59.726048,59.753307,58.87067,59.021065,5257680.5
2018-06-21,A,59.039867,59.425255,58.53228,59.25606,4595212
2018-06-22,A,59.76365,59.867043,58.96467,59.021065,3853146
2018-06-25,A,58.710873,58.927067,57.150513,57.526505,2581760.8
2018-06-26,A,57.554703,58.579277,57.357307,58.259686,3889060.8
2018-06-27,A,58.522877,59.21846,57.432507,57.470104,2155187
2018-06-28,A,57.46071,57.940094,56.79332,57.611103,1663944.4
2018-06-29,A,57.97769,58.715572,57.874294,58.12809,2066828.2
2018-07-02,A,57.816204,57.929276,57.279125,57.919853,1620031.5
2018-07-03,A,58.353287,58.504044,57.53353,57.71256,917360.4
2018-07-05,A,57.929276,58.315594,57.392193,58.230793,2385292.5
2018-07-06,A,58.34386,58.796143,58.08946,58.692493,2408777
2018-07-09,A,58.82441,59.658295,58.82441,59.474556,1601015.2
2018-07-10,A,59.710117,60.05875,59.427444,59.99279,2042318.4
2018-07-11,A,58.975166,59.625317,58.975166,59.229572,1889618.4
2018-07-12,A,59.672432,60.09644,59.63474,59.7855,1855274.9
2018-07-13,A,59.851456,60.143555,59.55936,59.719543,1022718.25
2018-07-16,A,59.578205,59.578205,59.01286,59.09766,986222.44
2018-07-17,A,58.90921,59.606472,58.56058,59.399178,1559926.2
2018-07-18,A,59.389755,59.578205,59.125927,59.352066,1275977
2018-07-19,A,59.93626,60.916195,59.738388,60.445072,1832534.5
2018-07-20,A,60.143555,60.614677,60.002216,60.162395,1719503.5
2018-07-23,A,60.02106,60.303734,59.710117,60.039906,1504402.5
2018-07-24,A,60.247196,61.575764,60.011635,61.048107,2604838.2
2018-07-25,A,61.377895,62.225918,61.09522,62.150536,3103770.8
2018-07-26,A,62.188225,62.97029,62.01862,62.89491,2741828
2018-07-27,A,62.800686,62.913754,61.58519,61.952663,2800651.2
2018-07-30,A,62.065735,62.25418,60.784283,60.897346,1699364.4
2018-07-31,A,61.180023,62.83366,60.80784,62.225918,2694907
2018-08-01,A,62.037464,62.348404,60.897346,61.22714,2843398
2018-08-02,A,61.010418,61.613457,60.774857,61.519234,2401910.2
2018-08-03,A,61.717102,61.990356,61.20829,61.933823,1971150.1
2018-08-06,A,61.90555,62.810112,61.556923,62.668774,3049183
2018-08-07,A,62.97029,64.01618,62.781837,63.752357,3002442.5
2018-08-08,A,63.827732,64.21406,63.450832,63.48852,1785096.8
2018-08-09,A,63.582752,63.714664,62.762997,62.83838,1833678.6
2018-08-10,A,62.960865,63.00798,62.12227,62.433212,2299029.5
2018-08-13,A,62.602818,63.121048,61.87728,62.131695,3172533
2018-08-14,A,62.23534,63.375458,62.23534,62.89491,3300740.5
2018-08-15,A,62.131695,62.555702,60.51103,60.991577,6443600.5
2018-08-16,A,61.28367,61.87728,61.06695,61.717102,3342580
2018-08-17,A,61.69826,61.69826,60.567562,60.92562,2599321.8
2018-08-20,A,60.840813,61.34963,60.737167,60.74659,1719222.2
2018-08-21,A,61.000996,61.62288,60.887928,61.180023,3165618.8
2018-08-22,A,61.000996,62.065735,60.82197,61.85844,2722811.8
2018-08-23,A,61.896133,62.178802,61.74537,61.896133,2427925.8
2018-08-24,A,61.94324,62.433212,61.801903,62.169384,2020906.8
2018-08-27,A,62.49917,62.51801,62.056313,62.263607,1229798
2018-08-28,A,62.57455,63.413147,62.51801,62.83838,2424332.2
2018-08-29,A,62.83838,63.3943,62.565125,63.139896,1965654.8
2018-08-30,A,63.13047,63.74293,62.998558,63.375458,2384415
2018-08-31,A,63.262386,63.64871,63.177586,63.639286,1679397.1
2018-09-04,A,63.450832,63.658127,62.989132,63.384876,1833905.6
2018-09-05,A,63.3943,63.50737,62.904335,63.09278,1973586.9
2018-09-06,A,63.13047,63.64871,62.97029,63.46968,1094766.2
2018-09-07,A,63.27181,63.912537,63.158737,63.50737,1682680.9
2018-09-10,A,63.903114,64.45904,63.80889,64.00676,2192322.8
2018-09-11,A,63.79004,64.12925,63.59217,63.714664,1779554.6
2018-09-12,A,63.695816,64.07742,63.36603,63.98792,1194392.1
2018-09-13,A,64.16694,65.63685,64.06329,65.325905,2647968.2
2018-09-14,A,65.27879,65.40129,64.60037,64.87363,1550619.8
2018-09-17,A,65.618,65.63685,65.01496,65.09035,1927957.6
2018-09-18,A,65.109184,65.26936,64.45904,64.949005,1889546.1
2018-09-19,A,65.05265,65.618,64.89718,65.54262,1255930.2
2018-09-20,A,65.702805,67.05022,65.67453,67.02194,3041272
2018-09-21,A,67.30462,67.332886,66.48486,66.63563,3310890.8
2018-09-24,A,66.59794,66.59794,65.67453,65.910095,2476606.2
2018-09-25,A,66.117386,66.74398,65.87241,66.31526,2218280
2018-09-26,A,66.494286,66.89003,66.004326,66.26815,1942638.5
2018-09-27,A,66.503716,66.75812,66.05143,66.711006,1678611.9
2018-09-28,A,66.60736,66.894745,66.39064,66.46602,2385889
2018-10-01,A,66.73891,67.584946,66.70586,67.28657,3005053.8
2018-10-02,A,67.26768,67.73036,67.02218,67.68314,2772022
2018-10-03,A,67.68314,68.33468,67.607605,68.09862,3392282.5
2018-10-04,A,67.90976,68.108055,66.550064,66.720024,3136840.2
2018-10-05,A,66.72946,67.21103,65.57749,66.3801,2517162.2
2018-10-08,A,66.05905,66.144035,65.12398,65.6247,2308061.8
2018-10-09,A,65.47362,65.74274,64.87875,65.53973,2307885
2018-10-10,A,65.53973,65.53973,62.895847,62.9525,3236096.8
2018-10-11,A,62.924175,63.235775,61.01681,61.271755,3838654
2018-10-12,A,62.414284,63.292427,61.658897,62.54648,3886202.2
2018-10-15,A,62.24432,62.650345,61.71555,61.97049,1697512.8
2018-10-16,A,62.555923,63.80232,62.310417,63.698452,1978605.4
2018-10-17,A,63.42462,63.698452,62.612576,63.452946,2108797.8
2018-10-18,A,63.377415,63.452946,61.6164,62.0838,2464764.5
2018-10-19,A,62.140453,62.54648,60.657997,60.875175,2561108.5
2018-10-22,A,61.08291,61.22454,59.997032,60.695766,2359496.8
2018-10-23,A,59.317177,59.609894,57.957474,59.232197,4468948
2018-10-24,A,59.4116,60.20476,57.6081,57.721413,3686822
2018-10-25,A,58.06134,59.383274,57.664757,59.11889,3514229.2
2018-10-26,A,58.372936,59.591007,57.721413,59.232197,3304187.5
2018-10-29,A,60.1009,60.5919,57.721413,58.618443,3092299.5
2018-10-30,A,58.873383,60.166996,58.240746,60.091454,3258407.8
2018-10-31,A,60.761864,62.30098,60.61079,61.177334,4046625.5
2018-11-01,A,61.44172,61.69666,60.98376,61.583355,1993600.5
2018-11-02,A,62.131016,62.895847,61.786366,62.253765,2406287.8
2018-11-05,A,62.348186,62.688114,61.5928,62.234882,2487400.8
2018-11-06,A,62.35763,62.716442,62.008263,62.30098,2422323
2018-11-07,A,62.801426,64.567154,62.57953,64.45385,2860090.8
2018-11-08,A,64.1989,64.54827,63.62291,64.010056,2588967
2018-11-09,A,63.830647,63.981728,62.980827,63.519043,2725507.5
2018-11-12,A,62.470943,62.555923,60.856285,60.9035,3177114.8
2018-11-13,A,60.98848,61.819416,60.374725,60.75242,2347343
2018-11-14,A,61.035694,61.22454,59.751526,59.930935,5139111
2018-11-15,A,59.7893,61.328407,59.05279,61.111237,4073211
2018-11-16,A,60.79019,61.942165,60.79019,61.366177,3138295.2
2018-11-19,A,61.064022,61.337852,58.920597,59.11889,3592366.2
2018-11-20,A,62.555923,64.61664,61.309525,63.755104,8670807
2018-11-21,A,63.887302,64.84098,63.443512,63.94396,3767633
2018-11-23,A,63.301872,64.78433,63.301872,64.40663,1455428.2
2018-11-26,A,65.09593,65.43586,64.5766,65.38864,2548360.8
2018-11-27,A,65.02983,65.643585,64.86931,65.49251,2683195
2018-11-28,A,65.92686,67.49902,65.55861,67.4943,2818497.5
2018-11-29,A,67.25824,68.155266,67.25824,67.57928,2780880
2018-11-30,A,67.63593,68.59434,67.3621,68.31579,2414081.5
2018-12-03,A,69.24114,70.619736,69.108955,70.506424,4517092.5
2018-12-04,A,70.53475,70.92661,68.58017,68.84457,4515590
2018-12-06,A,67.22991,67.919205,66.0024,67.90032,3712946.8
2018-12-07,A,67.71147,68.07028,65.76634,66.332886,2313502
2018-12-10,A,66.502846,66.767235,64.74656,66.65392,2485762.2
2018-12-11,A,67.75869,68.40077,66.75779,67.08828,3098804.2
2018-12-12,A,68.14582,68.967316,67.607605,67.749245,3010738.8
2018-12-13,A,68.1175,68.62739,66.94664,67.173256,2330675.8
2018-12-14,A,66.4934,66.67281,65.27533,65.49251,2099810.8
2018-12-17,A,65.25645,65.74274,63.6418,64.0667,2374083
2018-12-18,A,64.63325,65.18091,63.632355,64.1989,2236698.5
2018-12-19,A,64.46329,65.237564,62.140453,63.103584,3013499.8
2018-12-20,A,62.631462,62.75421,60.98848,61.55503,3757321
2018-12-21,A,61.583355,62.53704,59.694874,59.76097,4959648.5
2018-12-24,A,59.421043,60.082012,58.750633,59.17554,1767018.4
2018-12-26,A,59.421043,61.923283,59.26052,61.885513,1802262.6
2018-12-27,A,60.9035,62.79198,60.43138,62.7731,1752766.8
2018-12-28,A,63.401627,63.53415,62.199474,62.436115,2036549.8
2018-12-31,A,62.795815,63.874916,62.795815,63.85598,1660867
2019-01-02,A,62.94727,63.013527,61.811382,62.180546,2232578.5
2019-01-03,A,62.029087,62.26573,58.68768,59.88983,5687793.5
2019-01-04,A,60.66602,62.426647,60.66602,61.96283,3299952.5
2019-01-07,A,62.133213,63.822853,62.104816,63.27857,3417641
2019-01-08,A,63.97903,64.56591,63.13658,64.206215,1667120.1
2019-01-09,A,64.55644,65.93845,64.362404,65.550354,2580133.5
2019-01-10,A,65.36104,66.21295,64.935074,66.16563,1141886.8
2019-01-11,A,65.58821,66.648384,65.25691,66.61998,1279127.8
2019-01-14,A,65.99524,66.53479,65.947914,66.023636,2305862.8
2019-01-15,A,66.21295,66.970215,65.90059,66.828224,1894261
2019-01-16,A,67.036476,67.32991,66.23662,66.28868,1563870
2019-01-17,A,66.033104,67.43404,66.033104,67.036476,1295026.1
2019-01-18,A,67.48137,68.44687,67.06487,68.08717,1639232.2
2019-01-22,A,67.62335,67.66122,66.70518,67.50976,2083986
2019-01-23,A,68.1061,68.95802,66.96075,67.822136,2166012.2
2019-01-24,A,67.64228,68.34274,67.57602,68.323814,1594800.5
2019-01-25,A,68.90123,69.791016,68.68351,69.71529,2340300.5
2019-01-28,A,68.87283,69.36505,68.541534,69.35558,1827244.8
2019-01-29,A,69.76261,70.10338,69.28932,69.63009,1779595
2019-01-30,A,69.800476,71.551636,69.55437,71.40965,1774261.1
2019-01-31,A,71.19194,72.23317,70.680786,71.98707,3117893
2019-02-01,A,72.091194,72.498215,71.58004,71.9776,1419765.2
2019-02-04,A,72.11012,72.15745,71.29607,71.96813,2372650.8
2019-02-05,A,71.75042,72.42249,71.74095,72.23317,1683475.9
2019-02-06,A,72.04386,72.59287,71.939735,72.22371,1589794
2019-02-07,A,71.6747,72.05333,70.87011,71.305534,1754363
2019-02-08,A,71.05942,71.75988,70.76598,71.75042,1392441.5
2019-02-11,A,71.939735,72.3089,71.70072,72.015465,1075675.5
2019-02-12,A,72.697,73.122955,72.34676,72.95257,2160948.8
2019-02-13,A,73.23655,73.35013,72.64408,73.122955,1454039.4
2019-02-14,A,72.886314,73.15135,72.43195,72.905235,1709603.8
2019-02-15,A,73.48265,74.12632,73.3312,74.11686,2028017.9
2019-02-19,A,73.832886,74.13579,73.27441,73.378525,3135479.5
2019-02-20,A,73.38799,74.58541,73.198685,74.36297,2193721.5
2019-02-21,A,73.520515,74.381905,72.413025,73.72876,3772364.8
2019-02-22,A,73.984344,74.26831,73.67197,74.230446,2955569
2019-02-25,A,74.68481,75.574585,74.637474,75.101295,1984037.2
2019-02-26,A,74.97824,75.035034,74.230446,74.35351,2105056.8
2019-02-27,A,74.06953,75.30008,74.06953,75.177025,1325201.2
2019-02-28,A,74.949844,75.489395,74.67534,75.19595,1858386.4
2019-03-01,A,75.726036,77.09384,75.726036,76.89979,1717664.4
2019-03-04,A,77.1459,77.39201,75.28114,75.84909,3384962
2019-03-05,A,75.744965,75.75443,75.12023,75.47993,1484978.2
2019-03-06,A,75.55566,75.70711,74.52389,74.542816,1849285.2
2019-03-07,A,74.48602,74.874115,73.842354,74.52389,1920749.1
2019-03-08,A,74.00327,74.06006,73.264946,73.81396,1567211.5
2019-03-11,A,74.09792,75.22435,74.078995,75.06344,1279273.6
2019-03-12,A,75.328476,75.84909,74.930916,75.659775,1618750
2019-03-13,A,75.93429,76.4265,75.744965,75.84909,1615437
2019-03-14,A,75.78283,76.36024,75.78283,76.30345,1340062.2
2019-03-15,A,76.54009,77.07964,76.50696,76.767265,2111894
2019-03-18,A,76.767265,76.94712,76.18986,76.64422,1708998.5
2019-03-19,A,76.928185,77.401474,76.70101,76.86192,1238752.8
2019-03-20,A,76.93765,77.09384,75.962685,76.596886,1868132.1
2019-03-21,A,76.24666,77.87476,76.24666,77.61919,1042285.6
2019-03-22,A,77.18376,77.311554,74.75107,74.77,1516862.6
2019-03-25,A,74.86465,75.589165,74.45763,75.271675,975100.25
2019-03-26,A,76.0952,76.71048,75.84909,76.34132,1508761.9
2019-03-27,A,76.199326,76.454895,74.67061,74.779465,1527752.5
2019-03-28,A,75.14863,75.52726,74.50495,75.44206,1706800
2019-03-29,A,75.877495,76.36024,75.6787,76.08573,1674601.9
2019-04-01,A,76.79143,77.559715,76.79143,77.360535,1605338.8
2019-04-02,A,77.50281,77.55024,76.85782,76.96216,1268343.1
2019-04-03,A,77.34156,77.796844,77.26568,77.72097,2257249.2
2019-04-04,A,77.626114,77.82531,76.2982,76.66812,2298458
2019-04-05,A,77.00959,77.701996,76.87679,77.27517,1584457.6
2019-04-08,A,77.37002,77.50281,76.43574,77.48384,825873.6
2019-04-09,A,77.360535,77.5123,77.085464,77.22774,1322854.9
2019-04-10,A,77.256195,78.005516,77.256195,77.47436,1036241.3
2019-04-11,A,77.664055,77.701996,76.72503,76.90525,1129643.5
2019-04-12,A,77.23723,77.834785,76.73452,76.8104,1317112.1
2019-04-15,A,76.82937,76.95267,75.79075,76.26026,1715603.2
2019-04-16,A,76.65864,76.79143,73.215546,73.55701,3628422
2019-04-17,A,74.126114,74.28736,70.62611,71.546165,4714729
2019-04-18,A,71.83072,72.59901,71.43234,72.24806,3030218.8
2019-04-22,A,72.02042,72.769745,71.261604,71.678955,2125482.5
2019-04-23,A,70.455376,72.84563,69.96215,71.669464,4857201
2019-04-24,A,71.93505,72.68437,71.54674,71.88763,2048106.5
2019-04-25,A,71.38492,73.073265,71.0814,72.769745,1561854.8
2019-04-26,A,73.01636,73.47164,72.37137,73.4337,1696261.2
2019-04-29,A,73.481125,74.401184,73.338844,73.348335,2295915
2019-04-30,A,73.452675,74.54345,73.39576,74.45809,1819946.8
2019-05-01,A,74.4486,74.85646,73.3009,73.481125,1137121.6
2019-05-02,A,73.42422,74.30633,73.17314,74.17353,998158.5
2019-05-03,A,74.53397,75.46351,74.53397,75.20741,1373941.2
2019-05-06,A,73.623405,75.321236,73.23451,75.26432,1712499.4
2019-05-07,A,74.54345,74.71419,72.115265,72.72231,1826190.2
2019-05-08,A,72.82665,73.31988,72.21012,72.665405,2365371.2
2019-05-09,A,71.7738,73.087494,70.996025,73.035324,1810776.6
2019-05-10,A,72.69386,73.16811,70.275154,73.13017,3004494.2
2019-05-13,A,71.849686,72.00145,69.45944,70.038025,3739844
2019-05-14,A,70.59765,72.72231,70.47814,72.0963,2696570.5
2019-05-15,A,63.89168,66.3009,62.829346,64.157265,15312176
2019-05-16,A,64.11932,65.84561,64.11932,65.7318,4815621
2019-05-17,A,64.91608,66.272446,64.67895,65.551575,4149361.8
2019-05-20,A,65.12475,66.367294,65.105774,65.380844,4248434
2019-05-21,A,65.79819,66.813095,64.735855,64.80225,4141454.5
2019-05-22,A,64.65997,65.105774,64.03396,64.470276,5256042
2019-05-23,A,63.72095,64.35645,62.63016,64.21417,5649649.5
2019-05-24,A,64.631516,66.29141,64.57935,64.840195,4062017.5
2019-05-28,A,64.906586,65.314445,63.507538,63.6261,3146725.8
2019-05-29,A,63.161324,64.48924,63.161324,63.834774,3924158.2
2019-05-30,A,64.10983,64.40388,63.29412,63.44588,3107911.2
2019-05-31,A,62.829346,64.08138,62.668102,63.597645,2982904.8
2019-06-03,A,63.588158,64.593575,63.379486,63.54073,2699647
2019-06-04,A,64.17624,64.498726,62.9906,64.4513,4641786.5
2019-06-05,A,65.077324,65.456726,64.394394,64.8307,2413485.8
2019-06-06,A,64.99195,66.08749,64.99195,65.59901,2603001.8
2019-06-07,A,66.11119,66.59968,65.76025,65.94046,1631514.5
2019-06-10,A,66.092224,66.917435,65.788704,66.67082,1557297.1
2019-06-11,A,68.5299,68.86188,66.21553,66.48111,1843148.4
2019-06-12,A,66.471634,66.67082,65.380844,66.67082,1630760.8
2019-06-13,A,66.92691,67.06919,66.29141,66.680305,1989359.8
2019-06-14,A,66.68979,66.82258,66.14913,66.367294,1689713.1
2019-06-17,A,66.63287,66.96485,66.29141,66.67082,1211554.1
2019-06-18,A,67.154564,68.50144,66.9364,68.207405,2477987.8
2019-06-19,A,68.18843,68.98518,68.18843,68.9093,2020709.9
2019-06-20,A,69.44996,69.639656,68.63898,69.54481,2190605.8
2019-06-21,A,69.37407,69.75348,68.81445,69.563774,3264223.5
2019-06-24,A,69.55429,69.88627,68.53938,69.37407,1319517
2019-06-25,A,69.4215,69.838844,68.68166,68.77651,1413115.2
2019-06-26,A,68.89982,69.41201,68.33071,68.42556,1669765
2019-06-27,A,68.81445,69.50687,68.48247,69.4215,1560602.2
2019-06-28,A,69.4879,70.853745,69.33613,70.825294,3331260.2
2019-07-01,A,71.86525,72.14092,71.21884,72.036354,2899403.8
2019-07-02,A,72.1029,72.416595,71.53254,71.874756,1974524.4
2019-07-03,A,72.112404,73.12955,71.960304,73.005974,1213076.8
2019-07-05,A,72.56869,72.69227,71.58007,72.00784,1570723
2019-07-08,A,71.798706,72.23123,69.868996,70.19219,2332598.8
2019-07-09,A,69.85948,70.421295,69.49351,69.82146,2200908
2019-07-10,A,69.945045,70.28726,69.517265,69.745415,1878001
2019-07-11,A,70.12565,70.13516,67.948784,68.19594,6903499
2019-07-12,A,67.75866,68.69975,67.330894,68.11039,2674550.8
2019-07-15,A,67.511505,67.511505,66.05234,67.06473,4160815.2
2019-07-16,A,66.5419,66.88412,65.905,66.49436,3226617.8
2019-07-17,A,66.83658,67.074234,66.152145,66.152145,2527134
2019-07-18,A,66.55141,67.121765,66.2187,66.665474,2853991.2
2019-07-19,A,67.09325,67.09325,65.21106,65.306114,2834456.2
2019-07-22,A,65.505745,66.033325,65.07797,65.67685,3264618
2019-07-23,A,65.97154,66.7035,65.7434,66.43733,3475934.2
2019-07-24,A,65.82895,66.14265,65.23007,66.14265,3356195
2019-07-25,A,66.304245,66.55141,66.109856,66.39931,2003666
2019-07-26,A,66.665474,66.72251,65.924,66.0666,2516976.2
2019-07-29,A,66.0666,67.0172,65.95252,66.89362,2892960.5
2019-07-30,A,65.82895,66.713005,64.735756,66.68449,3021054.5
2019-07-31,A,66.72251,67.164536,65.5105,65.98105,4045938.2
2019-08-01,A,66.19017,67.18831,65.00668,65.790924,2623739.5
2019-08-02,A,65.705376,65.714874,64.21768,64.71675,2949203
2019-08-05,A,63.538002,63.851704,62.4163,62.60642,3443214.8
2019-08-06,A,63.129253,64.33651,62.777527,64.3175,2562835.8
2019-08-07,A,63.56653,64.89736,63.195793,64.61218,2285774.5
2019-08-08,A,65.04946,66.0761,64.735756,66.05709,2118939.8
2019-08-09,A,65.53426,65.53426,64.46959,65.249084,1963196.8
2019-08-12,A,64.84983,65.00192,63.2148,63.33838,2063904.9
2019-08-13,A,63.604553,65.382164,63.2148,64.298485,3335318.5
2019-08-14,A,63.29085,63.70911,62.121613,62.349754,3692089.8
2019-08-15,A,68.38606,69.06098,65.99055,66.152145,7049246
2019-08-16,A,66.44684,67.663605,65.553276,67.56854,3542080
2019-08-19,A,68.37656,68.70926,67.9678,68.205444,2157005.2
2019-08-20,A,67.89175,68.690254,67.587555,67.60657,2284081
2019-08-21,A,68.40507,68.7568,67.677864,68.63321,1996029.8
2019-08-22,A,68.870865,69.17505,67.73015,68.19594,1729433.5
2019-08-23,A,67.9678,68.129395,65.82895,66.11413,3145415
2019-08-26,A,66.64646,67.14553,65.39168,66.199684,1922214.2
2019-08-27,A,66.58943,66.8556,65.700615,66.04759,2137956.2
2019-08-28,A,65.838455,66.79248,65.407074,66.48486,1760975.8
2019-08-29,A,67.31188,67.76817,66.99819,67.20731,1694884.8
2019-08-30,A,67.920265,68.870865,67.32139,67.59706,2478855
2019-09-03,A,67.20731,67.53052,66.04854,66.93165,2343588.8
2019-09-04,A,67.43546,67.70163,66.503876,67.35941,1915201.8
2019-09-05,A,68.100876,70.06862,68.100876,69.888,3153650
2019-09-06,A,70.04961,70.696014,70.04961,70.61046,3279582.2
2019-09-09,A,70.71503,70.90514,70.030594,70.515396,3152766.2
2019-09-10,A,69.868996,71.32341,69.669365,71.07625,2985527.5
2019-09-11,A,71.361435,73.2056,71.35668,73.18658,2951346.8
2019-09-12,A,73.2056,74.23224,72.92041,73.73793,4218144.5
2019-09-13,A,73.756935,74.19422,73.367195,74.05163,2812294.5
2019-09-16,A,73.50028,73.60484,72.68276,73.33868,3023896
2019-09-17,A,73.14855,73.16757,72.51166,72.62573,2864370
2019-09-18,A,72.58771,73.73793,72.00309,73.73793,2097017.8
2019-09-19,A,73.74744,74.289276,73.50028,74.21323,1871808
2019-09-20,A,74.35582,74.85013,74.061134,74.11817,4855614.5
2019-09-23,A,73.652374,74.51742,73.45274,74.20372,2349717.5
2019-09-24,A,74.42236,74.51742,71.903275,72.21697,4541964.5
2019-09-25,A,72.29302,72.777824,71.44223,72.55919,1905713
2019-09-26,A,72.673256,73.158066,72.33104,72.7398,1397654.1
2019-09-27,A,73.215096,73.49077,72.16944,72.61622,1725049
2019-09-30,A,72.7534,73.45836,72.72006,73.00109,1798929.5
2019-10-01,A,72.87725,73.24878,71.05769,71.29585,2331592.5
2019-10-02,A,70.80048,71.01006,69.44773,69.87642,2132145.5
2019-10-03,A,69.905,70.38132,69.03809,70.371796,2012639
2019-10-04,A,70.57185,72.31519,70.552795,72.286606,1353866
2019-10-07,A,71.78171,72.105606,71.10533,71.54354,1118405.5
2019-10-08,A,70.46706,70.46706,68.33314,69.057144,3185782.8
2019-10-09,A,69.59063,70.34321,69.20004,69.99074,1595790.6
2019-10-10,A,69.95263,70.90527,69.95263,70.495636,1532990.6
2019-10-11,A,71.97224,72.60098,71.67691,71.73408,1277467
2019-10-14,A,71.61976,72.210396,71.43875,71.61976,887381.06
2019-10-15,A,72.210396,72.74388,72.09608,72.162766,897175.9
2019-10-16,A,71.73408,72.286606,71.41017,71.70549,2520973.8
2019-10-17,A,72.105606,72.639084,71.35302,71.37207,1739559
2019-10-18,A,70.495636,71.2768,70.27653,71.03864,2227375.2
2019-10-21,A,71.33396,71.934135,71.15296,71.905556,1825995.2
2019-10-22,A,72.09608,72.7153,71.10057,71.15296,1393995.4
2019-10-23,A,71.46733,72.296135,71.14343,71.42923,1919224.2
2019-10-24,A,71.47686,71.55307,70.93385,71.44828,1661143.5
2019-10-25,A,71.16248,72.372345,70.61948,71.81981,876560.6
2019-10-28,A,72.105606,72.92964,72.105606,72.54382,1200731.1
2019-10-29,A,71.49592,73.04872,71.39113,72.562874,1168603.6
2019-10-30,A,72.43903,72.54382,71.67691,72.51524,960321.2
2019-10-31,A,72.400925,72.51524,71.54354,72.162766,1018714.5
2019-11-01,A,72.88677,73.687,72.70101,73.32499,1161309.2
2019-11-04,A,74.001366,74.158554,73.09636,73.10588,1060390.1
2019-11-05,A,73.18209,73.26784,71.89603,71.97224,2480119.2
2019-11-06,A,72.11513,72.343765,71.39113,72.200874,1423131.1
2019-11-07,A,72.72482,72.762924,72.09998,72.31519,903736.56
2019-11-08,A,72.305664,73.02014,72.067505,73.01062,1292672.1
2019-11-11,A,72.639084,73.21067,72.524765,73.21067,1206294.6
2019-11-12,A,73.35357,73.877525,73.08683,73.40121,1058934.1
2019-11-13,A,73.18209,73.82989,72.9344,73.506,1159330.5
2019-11-14,A,73.55363,73.78226,72.8582,73.12494,1168872.4
2019-11-15,A,73.28688,74.60153,72.98204,74.5539,1784893.9
2019-11-18,A,74.43958,74.78253,73.82989,74.249054,1722800.4
2019-11-19,A,74.46816,75.72565,74.153786,75.535126,1789510.5
2019-11-20,A,75.411285,75.60181,74.50626,74.80158,2550617.8
2019-11-21,A,75.23028,75.23028,73.64889,74.59201,2248657
2019-11-22,A,74.88733,75.43986,74.52532,75.37318,1962656
2019-11-25,A,75.687546,76.65201,75.544655,76.45919,2773921.5
2019-11-26,A,74.84922,77.19272,74.268105,77.11651,5595587
2019-11-27,A,77.24036,77.48804,76.86883,77.24036,1708933.6
2019-11-29,A,77.12604,77.39278,76.65924,76.94503,877326.94
2019-12-02,A,76.95456,77.15462,76.23055,76.54492,1863902.4
2019-12-03,A,75.75423,76.31629,75.42081,76.30676,2215027.5
2019-12-04,A,76.4973,77.16415,76.38297,77.09746,1774964.6
2019-12-05,A,77.05935,77.864334,76.68782,77.669044,1994482.2
2019-12-06,A,78.34542,78.5169,77.94531,78.31684,1872096.5
2019-12-09,A,78.44068,78.56453,77.6881,77.75478,2037826.9
2019-12-10,A,78.97417,79.83155,78.78364,79.00275,3220191.2
2019-12-11,A,79.00275,79.51717,78.6598,79.46954,1803819.1
2019-12-12,A,79.536224,80.955666,79.23138,80.79372,2016368.6
2019-12-13,A,80.66035,80.72703,79.631485,79.745804,1901198.6
2019-12-16,A,80.46982,80.946144,80.02207,80.45076,1439411.1
2019-12-17,A,80.746086,80.84135,79.81249,79.97444,1735377
2019-12-18,A,79.78391,80.06971,79.412384,79.479065,2126182
2019-12-19,A,79.97444,80.66035,79.60291,80.50793,1780315
2019-12-20,A,80.917564,81.270035,80.32692,81.15572,2401630.2
2019-12-23,A,81.374825,81.39388,80.746086,81.22241,856584.6
2019-12-24,A,81.403404,81.403404,80.955666,81.26051,285372.16
2019-12-26,A,81.270035,81.58441,81.060455,81.403404,681343.9
2019-12-27,A,81.62252,81.62252,81.07951,81.374825,805879.44
2019-12-30,A,81.47029,81.52757,80.80203,81.05025,778102.75
2019-12-31,A,80.99296,81.47029,80.83067,81.44165,1232090.6
2020-01-02,A,82.0049,82.434494,81.33664,82.05263,1458664.5
2020-01-03,A,80.83067,81.46075,80.66838,80.73521,1171440.5
2020-01-06,A,80.191055,80.97387,79.80919,80.97387,2087868.5
2020-01-07,A,80.15287,81.39392,80.13377,81.222084,1804992.6
2020-01-08,A,82.06218,82.54906,81.33664,82.023994,1935342.2
2020-01-09,A,82.539505,83.723274,82.26266,83.312775,2003549.1
2020-01-10,A,83.74237,84.234024,83.36051,83.61826,1484334.5
2020-01-13,A,83.82829,84.31516,82.80528,83.49416,1707590
2020-01-14,A,83.312775,84.21015,82.76862,84.00013,1754824.9
2020-01-15,A,83.65645,85.06934,83.580086,84.60156,1707803.6
2020-01-16,A,85.078896,85.43211,84.83068,85.40347,1671693.2
2020-01-17,A,85.89035,86.18629,85.160034,86.03355,3894951
2020-01-21,A,85.72806,86.06219,85.40347,85.54667,2825492.8
2020-01-22,A,85.86171,86.52997,85.76815,86.04309,1744945.9
2020-01-23,A,85.55622,85.899895,84.639755,85.03116,1286632.9
2020-01-24,A,85.39392,85.40347,83.60872,84.25789,1219800.4
2020-01-27,A,82.61588,83.21731,82.30084,82.63497,1956684
2020-01-28,A,82.91182,83.51326,82.28175,83.22686,1730687.2
2020-01-29,A,83.580086,84.353355,83.19822,83.284134,1185268.5
2020-01-30,A,81.05025,81.17435,79.80919,80.55382,3170419.2
2020-01-31,A,80.219696,80.510864,78.60632,78.816345,2985837.5
2020-02-03,A,79.51325,79.89511,78.38676,78.42494,2010957
2020-02-04,A,79.0932,80.09559,79.026375,79.73282,1755628.2
2020-02-05,A,80.69702,81.62304,80.56337,81.07889,2456516.8
2020-02-06,A,81.44165,81.51803,80.74476,80.97387,875160.8
2020-02-07,A,80.77339,80.94524,79.16003,79.39869,1516405.8
2020-02-10,A,79.27459,80.797264,79.1648,80.601555,2165033.5
2020-02-11,A,81.17435,81.785324,80.99296,81.23163,1616534.1
2020-02-12,A,81.52757,82.15764,81.42256,81.55621,1533747.1
2020-02-13,A,81.24117,81.794876,80.82113,81.5944,1672090.2
2020-02-14,A,81.83306,81.96671,81.25549,81.92853,2058784.8
2020-02-18,A,81.77579,82.17674,80.69702,80.94524,3010133.2
2020-02-19,A,80.859314,81.94762,79.66599,81.479836,4966502
2020-02-20,A,81.05025,81.13616,79.58008,80.51563,2664400.2
2020-02-21,A,80.09559,81.23163,79.62064,81.21253,1846253.6
2020-02-24,A,78.49177,78.844986,76.391525,76.84976,3058045.8
2020-02-25,A,77.04069,77.212524,74.16718,74.41539,2899470.2
2020-02-26,A,75.0932,76.63019,74.549034,74.56814,2646008.2
2020-02-27,A,73.20298,76.65883,72.907036,73.91897,3016501
2020-02-28,A,71.57052,73.575294,70.80679,73.575294,3933964
2020-03-02,A,73.804405,78.281746,73.73281,78.253105,3569402
2020-03-03,A,78.17673,81.145706,75.68508,76.677925,3160543.5
2020-03-04,A,78.06217,80.601555,77.059784,80.525185,1995793.4
2020-03-05,A,78.4154,79.47506,76.08604,76.81158,2432958.5
2020-03-06,A,74.41539,75.32231,73.02637,74.99773,3100504
2020-03-09,A,69.29843,70.82589,66.98817,67.54187,4816591.5
2020-03-10,A,69.73758,70.28173,66.5013,69.60393,3705272
2020-03-11,A,67.55142,68.47743,64.5013,65.718475,5222707.5
2020-03-12,A,61.097946,64.095566,59.336605,60.544243,5295077
2020-03-13,A,63.51322,66.3581,60.859283,66.06215,3416068.2
2020-03-16,A,60.5347,63.599148,58.358086,61.22205,4968086
2020-03-17,A,63.02635,67.33185,61.040665,67.245926,3500630.8
2020-03-18,A,62.23399,66.71132,62.22444,65.74712,4319742
2020-03-19,A,65.43208,65.47981,61.260235,62.77814,3593803.5
2020-03-20,A,62.997707,67.78053,62.014416,63.446396,3413217
2020-03-23,A,63.770985,64.49642,59.274555,60.496513,3131774
2020-03-24,A,62.558567,65.092224,61.67074,63.961914,3005186
2020-03-25,A,64.07648,68.53471,62.157616,65.87122,2752976.5
2020-03-26,A,66.82588,71.070755,66.49175,70.3772,3422657
2020-03-27,A,68.305595,69.89032,67.09318,67.69462,1916681.1
2020-03-30,A,68.01045,70.039474,68.01045,69.55136,1552843.5
2020-03-31,A,69.23552,69.67578,67.47449,68.546425,1903824.9
2020-04-01,A,66.488686,67.21607,65.225334,65.96229,2271057.8
2020-04-02,A,65.34018,69.3408,65.21577,69.18767,1922829.4
2020-04-03,A,68.63255,69.22116,66.67054,67.39792,2144688.5
2020-04-06,A,69.838486,71.7718,69.1446,71.16883,2415703.2
2020-04-07,A,73.32227,74.2315,70.84342,70.853,2568224.8
2020-04-08,A,70.986984,73.85824,69.62793,73.39884,2824174.8
2020-04-09,A,73.15,75.34172,72.95552,74.96846,2507576
2020-04-13,A,74.11665,74.64305,71.80051,72.93944,1602133.8
2020-04-14,A,73.982666,75.80112,73.92523,75.44701,2769098.2
2020-04-15,A,74.11665,75.02589,73.69553,73.74339,2843195
2020-04-16,A,74.710045,75.533134,73.188286,75.37044,2057581.4
2020-04-17,A,76.65292,76.90177,74.94932,76.13611,1372337
2020-04-20,A,75.65756,75.65756,73.6764,74.04966,1754751.4
2020-04-21,A,72.50875,72.547035,70.54673,70.585014,2975851
2020-04-22,A,71.5421,72.33648,70.61372,71.94407,2452614.2
2020-04-23,A,73.3127,74.164505,71.82922,71.8675,2191893.2
2020-04-24,A,72.37476,72.65232,70.84342,72.49918,1728460
2020-04-27,A,73.07343,73.33185,72.58531,72.97772,1353934.2
2020-04-28,A,73.69553,73.69553,72.10677,72.21205,1939158.1
2020-04-29,A,73.02558,75.9734,72.872444,75.34172,2517411
2020-04-30,A,74.614334,75.07374,72.72888,73.37013,1875658.1
2020-05-01,A,72.30777,72.82938,70.412735,71.02527,1691172.9
2020-05-04,A,71.09226,71.41768,70.26917,71.360245,1625139
2020-05-05,A,71.69524,74.25065,71.61867,73.092575,1542255
2020-05-06,A,73.39884,75.442215,73.36056,74.528206,2406875.2
2020-05-07,A,75.38957,75.925545,74.212364,75.131165,1243948.1
2020-05-08,A,76.25095,76.88263,75.79156,76.28924,2356121.2
2020-05-11,A,76.18395,78.47139,76.08825,77.78229,1767437.8
2020-05-12,A,78.07899,78.76809,76.35623,76.423225,2381130.5
2020-05-13,A,76.93048,78.41396,75.63842,76.719925,2784345.5
2020-05-14,A,75.88726,78.155556,75.34172,78.13641,2388442.2
2020-05-15,A,78.01199,79.275345,77.734436,78.088554,4732735
2020-05-18,A,79.66775,80.768295,78.758514,80.069725,2169059.5
2020-05-19,A,79.65818,79.95487,78.37568,78.45225,2181197.2
2020-05-20,A,79.41891,79.41891,77.97849,78.20341,2871486.2
2020-05-21,A,78.21298,78.66281,77.00705,77.28461,2692010
2020-05-22,A,81.35222,83.90763,80.58655,81.33308,5290446
2020-05-26,A,82.529434,83.0654,81.96475,82.433716,3315710
2020-05-27,A,82.59643,82.76871,80.74925,82.481575,2003577.8
2020-05-28,A,83.14197,84.07991,82.36672,82.96969,1994259.9
2020-05-29,A,83.429085,84.692444,82.75434,84.35746,2501947.2
2020-06-01,A,84.26176,86.1185,84.166046,86.051506,2593541
2020-06-02,A,86.13764,86.7406,85.285835,86.4152,1758407.2
2020-06-03,A,86.75975,87.228714,86.38648,86.60661,1444689
2020-06-04,A,85.96536,87.80296,85.96058,87.228714,2327340
2020-06-05,A,88.17623,89.04718,86.22378,86.50133,2972244.2
2020-06-08,A,85.47725,86.70136,85.237976,86.4152,1885670.8
2020-06-09,A,86.22378,86.625755,85.486824,85.91751,1898742.8
2020-06-10,A,86.44391,86.69275,85.62081,85.955795,1473564.1
2020-06-11,A,84.82643,84.82643,81.37135,81.38093,2603022
2020-06-12,A,83.10368,83.55351,80.38556,82.41458,1588156.9
2020-06-15,A,80.77797,83.53437,80.11758,83.2281,1620969
2020-06-16,A,85.065704,85.40547,82.79742,83.68751,1096286.2
2020-06-17,A,84.07991,84.941284,83.70664,84.146904,941185.06
2020-06-18,A,83.67793,84.70201,83.51523,84.42446,1558393.6
2020-06-19,A,85.57297,85.93665,83.993774,84.92215,1864767.8
2020-06-22,A,84.836006,85.24755,84.00095,84.73073,1301360
2020-06-23,A,85.362404,85.85051,84.85515,85.44854,1212336.5
2020-06-24,A,85.257126,85.257126,82.61557,82.84527,1887606.9
2020-06-25,A,82.72085,83.601364,81.160805,83.51523,1410772.5
2020-06-26,A,83.48652,83.80235,81.8499,82.21359,2325593
2020-06-29,A,83.01923,83.78651,82.58764,83.719376,1358024.5
2020-06-30,A,83.75774,85.24433,83.66662,84.755196,2002079.8
2020-07-01,A,85.25392,85.25392,83.728966,84.50583,1185481.5
2020-07-02,A,85.19638,85.82938,84.92783,85.05251,1572003.4
2020-07-06,A,85.3786,86.932335,85.3786,85.65674,1472481.4
2020-07-07,A,85.20596,86.35688,85.043304,85.56083,1503192.6
2020-07-08,A,85.85815,86.63502,85.4841,85.877335,1115214.2
2020-07-09,A,85.982834,86.702156,84.937416,86.24179,1182203.5
2020-07-10,A,86.17465,86.19384,84.947014,85.76224,978101.6
2020-07-13,A,86.28975,87.50779,85.02374,85.60879,1716431.2
2020-07-14,A,85.19638,87.0762,84.46747,86.98029,1419296.9
2020-07-15,A,87.98734,89.25334,87.35434,89.08071,1978019.6
2020-07-16,A,89.17662,89.39721,88.29425,89.06153,1278693.4
2020-07-17,A,89.589035,90.644035,88.89848,90.509766,3611306.8
2020-07-20,A,91.02768,92.28409,90.88381,91.3154,1289680.9
2020-07-21,A,91.660675,92.50468,91.26745,92.09226,2261651.8
2020-07-22,A,92.41836,92.91708,91.890854,92.40877,1369249.6
2020-07-23,A,92.63895,94.07759,92.375206,92.70609,1445390.2
2020-07-24,A,92.05391,92.28409,90.03022,90.93176,1191566.5
2020-07-27,A,91.07563,93.550095,91.01808,93.29113,1227251.1
2020-07-28,A,93.013,93.27196,91.30581,91.401726,1432311.2
2020-07-29,A,91.890854,93.665184,91.61272,93.12809,1173308.6
2020-07-30,A,92.18818,92.41836,91.08522,92.00595,1734306.4
2020-07-31,A,92.01554,92.46632,90.850235,92.38959,1617968.6
2020-08-03,A,92.97464,95.29565,92.97464,95.03668,2079382.9
2020-08-04,A,94.67223,94.93598,92.92668,93.5405,812470.4
2020-08-05,A,94.07759,94.78732,93.703545,93.88577,999217.3
2020-08-06,A,93.72273,94.23105,91.890854,93.46377,1121345
2020-08-07,A,93.09932,93.837814,92.9075,93.78027,936227.75
2020-08-10,A,93.837814,93.95291,92.98422,93.16645,939286.9
2020-08-11,A,93.24318,93.636406,92.2649,92.36082,1185477.4
2020-08-12,A,92.70609,94.25982,92.571815,93.636406,1374409.8
2020-08-13,A,93.559685,95.06546,93.20003,94.729774,1241561.5
2020-08-14,A,94.42287,94.78732,92.93627,93.38705,998196.56
2020-08-17,A,93.674774,94.64346,93.11849,93.521324,2074158.1
2020-08-18,A,93.713135,94.67223,93.13768,93.857,2094332.4
2020-08-19,A,91.33459,95.3364,90.658615,93.95291,2951505.5
2020-08-20,A,93.40623,94.15432,93.14247,93.78027,1489263.9
2020-08-21,A,93.86659,94.29819,93.29113,94.27901,1323472.1
2020-08-24,A,94.739365,95.15178,93.16645,93.607635,1203787.4
2020-08-25,A,93.86659,94.62428,93.56927,94.31736,1106527.9
2020-08-26,A,94.16391,95.65051,94.03923,95.26688,1118030.4
2020-08-27,A,95.1326,95.583374,93.56927,94.96955,1289684
2020-08-28,A,94.95037,95.84233,94.509186,95.81355,903154.9
2020-08-31,A,95.81355,96.90692,95.66969,96.31228,1122955.9
2020-09-01,A,96.79183,97.1467,96.14924,96.98365,1209212.2
2020-09-02,A,96.86856,99.419754,96.35065,99.18957,1524845.4
2020-09-03,A,98.87306,98.98337,94.98873,95.564186,2077838.8
2020-09-04,A,95.9766,96.01497,91.746994,92.87872,1828676.6
2020-09-08,A,92.17859,92.523865,90.88381,91.24826,1277849.9
2020-09-09,A,92.16899,94.44205,91.93881,93.92414,995126
2020-09-10,A,94.83527,96.00537,94.22146,94.53796,2015635.2
2020-09-11,A,94.67223,95.54501,94.01045,94.56673,1426930.1
2020-09-14,A,95.65051,96.13006,94.9216,95.35319,1259157.2
2020-09-15,A,95.64092,96.86856,95.64092,96.264336,1098768.5
2020-09-16,A,97.08916,97.37688,94.068,95.83273,1423928.2
2020-09-17,A,95.19014,96.345856,94.547554,95.525826,1299571.4
2020-09-18,A,95.08464,96.47533,94.43246,95.31482,2254673.2
2020-09-21,A,94.16391,94.528366,92.552635,94.11595,967433.2
2020-09-22,A,93.837814,94.92639,93.50214,94.585915,881924.44
2020-09-23,A,94.56673,94.86405,92.61977,92.94586,1197721.2
2020-09-24,A,92.61977,93.00341,91.535995,92.39918,1206941.4
2020-09-25,A,92.03472,94.12076,91.85249,93.693954,1072488.5
2020-09-28,A,94.605095,95.65051,94.10637,95.43951,1393572.6
2020-09-29,A,95.70805,97.18506,95.516235,96.12047,753187.4
2020-09-30,A,96.427376,97.72215,96.20678,96.81101,1420283.2
2020-10-01,A,97.607056,98.22089,96.427376,97.07956,754439.6
2020-10-02,A,96.11087,97.13231,95.72983,95.91906,742625.4
2020-10-05,A,97.03361,99.406845,97.00478,99.08017,836705.8
2020-10-06,A,99.08017,99.281944,97.50442,97.64854,1121968.2
2020-10-07,A,98.455635,100.64631,98.407585,99.81039,1376049.1
2020-10-08,A,100.11785,100.300415,99.089775,100.07943,796539.25
2020-10-09,A,100.723175,101.94342,100.45415,101.616745,737872.94
2020-10-12,A,102.27971,102.80817,101.19398,101.29967,1044627.4
2020-10-13,A,101.30928,101.85214,100.84808,101.29006,952809.3
2020-10-14,A,101.357315,102.49109,100.80965,100.94416,943674.44
2020-10-15,A,100.021774,101.57831,99.81039,101.19398,752463.56
2020-10-16,A,101.79929,103.32701,101.5687,102.51991,1081744.5
2020-10-19,A,102.59678,103.40388,101.11711,101.357315,661923.56
2020-10-20,A,101.741646,102.75052,101.424576,101.47262,802430.06
2020-10-21,A,101.77047,102.51031,100.04099,100.723175,930415
2020-10-22,A,101.19398,102.89463,100.9922,102.58717,1108093.8
2020-10-23,A,103.02915,103.17327,101.338104,102.01068,867939.44
2020-10-26,A,101.26124,101.67439,99.685486,100.531006,1146884.4
2020-10-27,A,100.9922,102.48148,100.9922,101.88577,1156810.2
2020-10-28,A,100.32924,101.24202,97.6005,97.67737,1228902.5
2020-10-29,A,98.263466,99.017715,96.82223,98.023254,1479825.8
2020-10-30,A,97.78305,98.34033,96.71154,98.090515,2404187.5
2020-11-02,A,99.46449,101.2228,99.24351,101.11711,1636622.4
2020-11-03,A,102.26049,103.87468,101.98186,102.83698,1223063.8
2020-11-04,A,103.83624,105.498474,103.03876,104.23979,1412727
2020-11-05,A,106.238304,107.54503,105.37356,106.01731,1189689.4
2020-11-06,A,106.42086,108.90939,106.0029,108.13113,1078819.9
2020-11-09,A,111.609314,112.89681,107.98701,108.0927,2266848.2
2020-11-10,A,108.40016,108.48663,104.7202,105.8828,2211465.5
2020-11-11,A,106.78597,107.41051,104.57607,105.12375,1865922.5
2020-11-12,A,105.11414,106.66107,104.62892,105.15257,1138895.4
2020-11-13,A,106.132614,107.1703,105.479256,105.85397,1412101.5
2020-11-16,A,106.65146,107.12226,105.1814,105.95005,1723674.8
2020-11-17,A,106.17104,106.430466,104.96522,105.55612,1635531.6
2020-11-18,A,105.25827,105.57533,101.58792,101.79929,2131562.2
2020-11-19,A,102.55835,104.691376,101.06908,104.42235,1963295.1
2020-11-20,A,104.38391,107.900536,104.07165,106.54577,2888824.8
2020-11-23,A,107.03579,108.01582,105.26787,107.81406,3391575.5
2020-11-24,A,114.299614,114.299614,107.06461,110.187294,5786777
2020-11-25,A,111.542046,112.37797,108.96705,109.87022,2979196.2
2020-11-27,A,109.312935,110.47554,108.51546,109.6204,1023832.7
2020-11-30,A,109.42824,112.48366,109.21686,112.32032,3932493.5
2020-12-01,A,112.97368,113.74234,110.530304,110.84065,1825174.1
2020-12-02,A,111.100075,111.40753,109.65884,110.0816,1806563
2020-12-03,A,109.678055,110.901085,108.726845,109.13039,1572976
2020-12-04,A,109.1496,110.72535,109.00548,110.63888,1163720
2020-12-07,A,110.68692,111.87834,109.64923,109.91826,2161414.8
2020-12-08,A,109.86061,112.74308,109.851006,112.42601,1374485.9
2020-12-09,A,111.82069,112.37797,109.99513,111.83991,1787642.8
2020-12-10,A,112.35876,115.2028,111.77745,114.155495,1697019.5
2020-12-11,A,114.02097,114.3957,112.695045,113.838425,1457882
2020-12-14,A,113.96333,115.52947,112.16659,112.16659,1452129.8
2020-12-15,A,112.70465,113.41566,112.27228,112.79112,2054257.8
2020-12-16,A,112.97368,113.12741,111.83991,112.646996,1767830.6
2020-12-17,A,113.42527,114.71277,112.454834,114.30923,2255058.2
2020-12-18,A,114.559044,115.16436,113.79999,114.6263,4071277.5
2020-12-21,A,113.088974,113.80959,111.417145,113.16585,2166857
2020-12-22,A,113.37723,113.79038,112.27228,112.77191,1738549.5
2020-12-23,A,113.37723,114.23236,112.627785,112.70465,1251073.1
2020-12-24,A,112.454834,113.732735,112.262665,112.71426,763497.8
2020-12-28,A,113.86725,114.12667,112.09933,113.21389,1043977.94
2020-12-29,A,113.91528,114.453354,112.25307,112.6374,1048474.06
2020-12-30,A,113.242714,114.24197,112.733475,112.79112,1172961
2020-12-31,A,112.983284,113.95372,112.03572,113.84803,1360490.6
2021-01-04,A,114.46782,115.57457,112.70663,114.17909,2110003.8
2021-01-05,A,114.025116,115.79593,113.62572,115.112625,2435544.2
2021-01-06,A,114.22722,119.22207,113.76527,118.269295,2523362.2
2021-01-07,A,119.65515,122.686714,119.44342,121.41634,1845264.6
2021-01-08,A,121.73393,122.84108,121.118,122.2825,1638858.6
2021-01-11,A,121.695435,124.47677,121.48371,123.33151,1815207.4
2021-01-12,A,123.50475,123.55768,121.454834,122.195885,1897737.6
2021-01-13,A,122.66746,123.23528,121.97453,122.20551,1590194.9
2021-01-14,A,122.484604,123.37002,121.08913,121.29123,961003.06
2021-01-15,A,121.20461,122.34025,120.04973,121.46446,2198009
2021-01-19,A,122.59047,122.98986,121.54145,122.56159,1742768.8
2021-01-20,A,122.90806,124.07256,122.57122,123.29302,1914984
2021-01-21,A,122.965805,123.93783,121.66175,122.224754,1675109.8
2021-01-22,A,122.30175,122.99468,121.55108,121.57995,1494938.1
2021-01-25,A,121.926414,122.686714,119.75139,120.76191,1418795.1
2021-01-26,A,120.78116,121.21423,119.207634,119.26057,1534322
2021-01-27,A,117.48975,118.37516,113.66902,114.333084,1998678
2021-01-28,A,114.52556,118.05756,114.31383,116.9893,1743430.6
2021-01-29,A,116.652466,117.109604,114.79503,115.651566,1893142.8
2021-02-01,A,116.152016,117.499374,115.661194,116.28675,1343238.2
2021-02-02,A,117.89396,121.118,117.81216,118.558014,1547356.1
2021-02-03,A,118.85636,119.91499,117.31652,117.55712,1505085.8
2021-02-04,A,117.90359,119.66477,117.027794,119.40492,1300044.1
2021-02-05,A,119.828384,121.22386,118.481026,118.54839,1994711.9
2021-02-08,A,119.26057,121.01213,117.96133,118.769745,2146013.8
2021-02-09,A,118.769745,118.84673,117.759224,118.60613,2065940
2021-02-10,A,119.90537,121.01213,119.22207,120.37695,1156065.5
2021-02-11,A,120.97363,122.47498,120.40582,122.18626,1166008.2
2021-02-12,A,122.15739,123.7646,121.57033,123.167915,1327917.1
2021-02-16,A,124.4479,126.15135,123.03799,123.13903,2215813.2
2021-02-17,A,127.80668,131.8295,124.71737,125.22744,4379878
2021-02-18,A,124.14956,125.48729,122.78295,122.87919,2017376
2021-02-19,A,123.58174,124.04851,121.73393,122.09965,1313623.8
2021-02-22,A,121.21423,121.41634,118.46177,118.85636,1392436.1
2021-02-23,A,118.86598,118.86598,115.882545,117.81696,2208401.8
2021-02-24,A,117.66299,120.69454,117.422386,120.31921,1972529.8
2021-02-25,A,120.117096,120.54056,117.34539,117.508995,1486917.6
2021-02-26,A,118.30779,118.8654,116.1087,117.480125,1984274.4
2021-03-01,A,118.42328,120.44432,118.25967,119.799515,1459234.8
2021-03-02,A,119.88612,121.156494,118.538765,118.9911,1316861.4
2021-03-03,A,118.16343,118.16343,114.76616,114.814285,1675439.1
2021-03-04,A,114.22722,114.36195,109.07838,110.666336,2831483.8
2021-03-05,A,111.52287,111.82122,108.24109,111.773094,2536907.5
2021-03-08,A,111.9367,114.482254,110.93581,111.715355,2874676.8
2021-03-09,A,113.43805,116.82569,113.12046,115.33397,2380728.2
2021-03-10,A,116.05577,117.61486,115.1848,115.47833,2010138.9
2021-03-11,A,116.85457,118.298164,116.35412,117.24915,1889751.2
2021-03-12,A,116.03653,117.44163,114.79503,116.87382,1422223.1
2021-03-15,A,116.37337,119.607025,115.81517,119.37605,1278042.9
2021-03-16,A,120.05936,120.59349,117.84583,118.37516,1398052.2
2021-03-17,A,117.73997,118.481026,116.93156,117.9132,1509715.9
2021-03-18,A,118.9526,119.279816,117.537865,117.98057,2148376.8
2021-03-19,A,118.250046,118.85636,116.941185,118.07682,2698446.5
2021-03-22,A,117.57636,119.17395,117.14329,118.96222,1842216
2021-03-23,A,118.519516,119.558914,116.90269,117.39352,1390548.1
2021-03-24,A,117.52825,118.33656,116.200134,116.29637,1535255.1
2021-03-25,A,116.31562,117.730354,115.37247,117.31652,1005111.56
2021-03-26,A,117.93246,120.98326,117.43682,120.91589,1498285
2021-03-29,A,120.18446,121.08913,119.08733,120.70416,1599852
2021-03-30,A,119.92462,120.97354,119.727325,120.14597,1074040.2
2021-03-31,A,121.21423,123.6443,121.21423,122.35949,1886463.6
2021-04-01,A,123.18716,123.475876,122.22957,122.88882,1170419.1
2021-04-05,A,124.33847,125.89029,124.33847,125.30233,1137450.9
2021-04-06,A,125.85174,127.095116,125.177025,126.30474,1684019.6
2021-04-07,A,125.5433,125.85174,123.88545,124.666176,990341.94
2021-04-08,A,125.55293,126.96981,125.180405,125.9674,959791.94
2021-04-09,A,126.70958,127.15295,126.01009,127.14332,1610386.8
2021-04-12,A,126.6903,127.40355,126.11198,126.52644,1210031.6
2021-04-13,A,126.84452,128.45128,126.719215,128.16501,1653525.6
2021-04-14,A,128.29031,128.4108,126.22861,127.20114,1555496.2
2021-04-15,A,127.23006,129.09996,127.23006,128.4638,2200866.2
2021-04-16,A,129.20598,129.77466,128.34814,129.71683,4663902.5
2021-04-19,A,129.52406,129.78429,128.2614,128.67586,1111811.4
2021-04-20,A,128.19392,128.72404,127.05175,127.67345,1308484.2
2021-04-21,A,128.07826,129.10959,127.249344,128.99393,1217916.5
2021-04-22,A,129.1867,130.56021,128.99393,129.66864,1797706.8
2021-04-23,A,129.7072,132.16504,129.63972,131.74094,1551212.5
2021-04-26,A,132.2518,132.84659,131.74094,132.37709,1335632.2
2021-04-27,A,131.9819,132.47348,131.3072,131.54817,1818614.2
2021-04-28,A,131.08551,131.57709,129.84213,129.92888,1664046.9
2021-04-29,A,130.51685,130.51685,128.7144,129.30237,2215930.8
2021-04-30,A,129.0614,129.79395,128.3385,128.81079,1570929
2021-05-03,A,129.4373,129.4565,127.818016,128.37706,1070712.1
2021-05-04,A,127.34572,127.72163,125.63969,126.1698,1818127.8
2021-05-05,A,127.3168,129.24454,126.507164,128.55055,1484192.6
2021-05-06,A,127.528854,127.80839,126.04451,127.6156,1193580.1
2021-05-07,A,128.37706,129.94817,128.37706,129.0614,1083452.5
2021-05-10,A,128.92645,129.09032,126.998726,127.10475,1073097.4
2021-05-11,A,125.56258,127.075836,124.62763,126.67101,1386749.5
2021-05-12,A,125.63004,126.425224,123.82762,123.99148,1303556.2
2021-05-13,A,124.92642,126.03487,124.589066,125.32161,836101.3
2021-05-14,A,125.75535,126.93127,125.73607,126.41077,804149.7
2021-05-17,A,126.11198,126.31439,125.21076,125.408356,919996.94
2021-05-18,A,125.254135,125.254135,124.03002,124.0975,1844270.4
2021-05-19,A,122.98906,125.57221,122.53604,125.50475,1161324.5
2021-05-20,A,125.89029,127.99151,125.89029,127.37463,1073914.9
2021-05-21,A,127.87585,129.2831,127.44211,127.51922,1500138.9
2021-05-24,A,128.68549,129.55298,127.740906,128.52164,1361843.5
2021-05-25,A,128.58911,129.92888,128.20355,128.4156,1961455
2021-05-26,A,131.37468,133.01324,128.43538,128.47343,2592105
2021-05-27,A,128.50237,133.14818,128.34814,132.56985,3838321.2
2021-05-28,A,133.59157,134.17952,133.01335,133.13855,1311816.8
2021-06-01,A,134.14096,135.24942,130.67107,132.24216,2091340.5
2021-06-02,A,132.16504,133.2253,130.96986,131.63492,1448056.9
2021-06-03,A,131.08551,131.96263,130.83492,131.44214,1274805.2
2021-06-04,A,132.72408,133.40746,132.42046,132.91685,1109761.2
2021-06-07,A,133.09999,133.57228,132.40611,132.67589,971051.9
2021-06-08,A,133.59157,133.9,132.59879,133.73615,1186743
2021-06-09,A,134.10242,135.29759,133.8518,135.06628,997409.3
2021-06-10,A,135.24942,138.16992,134.9506,137.8904,1517259.5
2021-06-11,A,138.17955,138.41089,136.77231,138.34341,1032437.06
2021-06-14,A,138.3145,139.21088,137.60123,139.17233,969207.2
2021-06-15,A,139.61572,139.91452,138.83498,139.39401,1074632.9
2021-06-16,A,139.43259,139.8374,137.75545,138.40125,1743766.6
2021-06-17,A,138.30487,142.34344,138.30487,141.61092,2928267.5
2021-06-18,A,141.02295,141.52417,139.70247,139.76993,3341425.5
2021-06-21,A,140.16512,141.38922,138.53946,141.11934,1313531.6
2021-06-22,A,141.08078,142.34344,140.5603,141.33139,1417425
2021-06-23,A,141.41814,142.70972,141.13506,141.91936,1510229.5
2021-06-24,A,142.57477,142.96996,141.27356,141.36995,1480276.1
2021-06-25,A,141.69765,142.42055,140.92657,141.9579,8761740
2021-06-28,A,142.29526,142.69043,141.13861,142.58441,1706710.5
2021-06-29,A,142.23743,143.46364,142.19405,143.43262,847330.06
2021-06-30,A,143.30731,143.40361,141.3603,142.46875,1306515.1
2021-07-01,A,142.4302,143.00371,141.70248,142.44946,1480016.8
2021-07-02,A,142.94556,143.69835,142.11554,143.6308,1451288
2021-07-06,A,144.02649,144.02649,143.30264,143.78522,2044636.5
2021-07-07,A,144.37395,144.4029,142.92624,144.27744,2368954
2021-07-08,A,142.90695,143.76591,142.14449,143.64044,1960082.1
2021-07-09,A,144.27744,144.99162,143.72731,144.7986,1654480.1
2021-07-12,A,145.39697,145.73477,143.96858,144.29672,1533943.1
2021-07-13,A,143.91068,144.32568,143.02277,144.06511,1509123.6
2021-07-14,A,144.63454,144.64418,143.28336,143.44742,1262472.1
2021-07-15,A,143.16753,144.1037,142.68497,143.76591,1796203.9
2021-07-16,A,144.12302,144.5911,143.09998,143.73695,2248147.8
2021-07-19,A,142.51125,142.81044,141.82599,142.43404,1901397.9
2021-07-20,A,143.2737,145.97606,142.67531,144.09406,2327132.8
2021-07-21,A,144.27744,144.68279,142.45334,143.75626,2337207
2021-07-22,A,144.48976,145.25221,143.48602,145.05919,2044161.9
2021-07-23,A,145.33907,147.09561,145.18465,146.9991,2209066
2021-07-26,A,146.43932,146.86398,144.54767,145.01093,1831533.8
2021-07-27,A,144.0844,144.76965,143.6694,144.72139,2161083.8
2021-07-28,A,144.76965,146.67096,144.28708,146.17874,2258538
2021-07-29,A,146.69026,148.10901,146.14014,147.34654,1582449.5
2021-07-30,A,147.20178,148.24413,146.71922,147.88702,2393531
2021-08-02,A,148.67844,148.91971,147.20178,147.7326,1490285.8
2021-08-03,A,148.3503,148.60121,147.431,148.49506,1926842.1
2021-08-04,A,148.59157,149.31541,148.13795,148.89076,1851287.6
2021-08-05,A,149.07414,149.74973,147.99318,149.6339,1727882.6
2021-08-06,A,149.36366,150.45427,149.08379,150.27089,1252943.9
2021-08-09,A,150.63765,151.33253,149.60495,151.0816,1018426.5
2021-08-10,A,151.44835,152.10947,150.46391,151.0623,1632814.6
2021-08-11,A,151.22638,151.51591,150.41566,151.0623,1453231.8
2021-08-12,A,151.05264,152.99257,150.67624,152.63545,1425799.2
2021-08-13,A,152.87674,153.71642,151.90196,153.6778,1795798.8
2021-08-16,A,153.83223,156.85309,152.97327,156.4188,2232372.8
2021-08-17,A,156.09064,156.1968,153.74054,155.29922,2708626.2
2021-08-18,A,157.50937,159.59406,156.43326,157.33566,2964300.2
2021-08-19,A,156.1003,163.18434,155.97482,161.82352,2258492.5
2021-08-20,A,161.97794,164.78647,161.22513,162.26747,2096574.5
2021-08-23,A,163.52214,164.6224,162.26747,164.07227,2135916.2
2021-08-24,A,164.29425,165.24008,163.31947,164.6224,1283367.8
2021-08-25,A,164.13983,167.48883,164.13983,167.2572,1462999.4
2021-08-26,A,167.34406,168.3864,166.09904,167.53708,1319365
2021-08-27,A,167.96175,168.99445,166.95705,167.74942,1228714
2021-08-30,A,167.79767,170.944,167.79767,170.5676,1265611.6
2021-08-31,A,170.9247,171.01157,168.73386,169.35153,1795889.9
2021-09-01,A,168.93652,169.6158,168.29752,169.33223,1480603.1
2021-09-02,A,170.29736,172.12146,169.57352,171.81262,1237138.8
2021-09-03,A,171.47482,173.30858,170.85713,173.02869,1006868.5
2021-09-07,A,173.02869,173.11072,170.6255,171.52309,1297304.8
2021-09-08,A,171.23354,172.93216,170.41318,172.49786,1217037.9
2021-09-09,A,172.82602,173.1059,170.84749,171.05016,1046537.75
2021-09-10,A,171.52309,173.05763,170.99225,171.05016,1125555
2021-09-13,A,171.46518,171.79332,164.28459,166.07974,2356658.2
2021-09-14,A,166.53336,167.91348,165.77089,166.40788,1385732.1
2021-09-15,A,166.0701,169.02339,165.4138,167.7301,1590787.1
2021-09-16,A,167.86522,167.86522,165.13391,167.2379,1183253.9
2021-09-17,A,167.85558,171.17563,166.77464,167.8749,2492634.8
2021-09-20,A,164.55484,166.5623,163.2133,165.36554,1657266.2
2021-09-21,A,166.29207,167.54674,165.22078,165.46205,1098055.1
2021-09-22,A,166.17624,167.2765,164.94571,166.42719,1016461
2021-09-23,A,167.45023,168.2706,166.47061,166.74568,1714576.6
2021-09-24,A,166.08939,167.04488,165.23042,166.38858,1079555
2021-09-27,A,165.0953,165.18216,158.5352,160.57849,1471048
2021-09-28,A,158.46486,158.59998,153.25314,154.32443,2632818.8
2021-09-29,A,155.76248,156.16301,154.25688,154.42096,1314033
2021-09-30,A,155.60806,156.81448,151.96953,152.03708,1598543.6
2021-10-01,A,151.67033,152.00813,147.7133,150.55078,1949926
2021-10-04,A,150.0135,151.03781,146.1675,147.23047,1819667.1
2021-10-05,A,148.31276,150.53532,147.21114,147.8779,1546366.9
2021-10-06,A,147.41408,149.0665,146.51538,148.47702,1857308.4
2021-10-07,A,149.83955,152.17809,149.7381,150.09082,1037802.94
2021-10-08,A,150.92184,151.63211,146.97922,147.33676,935615.56
2021-10-11,A,146.38976,147.23047,144.83397,144.96925,1144885.1
2021-10-12,A,146.09018,146.09018,141.3745,142.96893,1873047.2
2021-10-13,A,144.0609,145.8003,143.73235,145.1625,1561760.1
2021-10-14,A,146.51538,148.31276,146.51538,147.45271,1484078.8
2021-10-15,A,147.9842,148.70895,147.41408,148.10983,1446521.4
2021-10-18,A,148.45772,150.18744,147.25946,149.56898,1224953.8
2021-10-19,A,150.70927,152.15877,150.31306,150.3807,1061239
2021-10-20,A,151.64659,152.79752,151.04747,152.28438,1089756
2021-10-21,A,152.40034,152.6999,149.32741,151.65627,1454051.9
2021-10-22,A,151.66592,153.36668,151.61761,152.6516,799056
2021-10-25,A,152.58394,153.18307,151.46783,153.00912,1126090.4
2021-10-26,A,154.2557,154.53593,151.7529,152.86418,1051767
2021-10-27,A,152.97049,153.16374,149.61731,150.03282,1523898.4
2021-10-28,A,150.72859,152.47765,148.99886,150.51599,1813655.8
2021-10-29,A,149.90721,152.26506,149.24043,152.18776,2069481.6
2021-11-01,A,152.08147,152.68059,150.55466,151.77223,1375382.2
2021-11-02,A,152.24573,152.68059,150.20677,152.53564,1773943.8
2021-11-03,A,152.70956,152.96082,149.36607,152.87384,1300405
2021-11-04,A,152.54529,153.57927,151.0958,152.34236,1051141
2021-11-05,A,151.29874,151.53064,147.2981,151.14412,1837413.6
2021-11-08,A,151.71425,155.72452,151.2794,155.5216,1518090.9
2021-11-09,A,155.5216,156.76816,154.14941,154.42964,1056524.2
2021-11-10,A,153.84985,154.59392,150.8059,153.91748,1131283.1
2021-11-11,A,154.88382,155.6134,152.61293,153.44398,968082.6
2021-11-12,A,154.35233,155.63756,152.40034,155.46362,1495121.6
2021-11-15,A,155.82117,156.8648,152.19742,152.46799,1160519.5
2021-11-16,A,151.76257,157.51225,151.6756,155.95645,1320729.2
2021-11-17,A,156.4686,156.4686,154.5166,156.1014,902826.6
2021-11-18,A,157.05807,157.34314,154.99977,156.70053,1527435.5
2021-11-19,A,157.5219,159.51256,157.19336,158.76848,1705061.6
2021-11-22,A,159.44492,160.102,157.29965,157.29965,2186104
2021-11-23,A,150.64162,153.95615,146.66034,149.56898,3250961.8
2021-11-24,A,148.58333,149.46269,146.00322,147.81993,2371275.2
2021-11-26,A,148.12915,153.73389,146.46707,146.95024,1689094.1
2021-11-29,A,147.90689,150.14879,146.4574,148.25478,1795011
2021-11-30,A,148.18713,150.46768,144.66002,145.81961,4036420
2021-12-01,A,146.03221,147.70398,143.10422,143.22018,1863643.6
2021-12-02,A,142.93028,147.33676,142.75633,145.9066,1566892.9
2021-12-03,A,146.70865,147.84892,142.74669,144.30247,1461779
2021-12-06,A,144.31213,146.92123,142.80466,146.37042,1866290.8
2021-12-07,A,147.6943,150.97984,147.47205,148.622,1472262
2021-12-08,A,149.54965,151.12479,148.76694,151.04747,1543427.9
2021-12-09,A,151.23108,152.68059,149.30807,149.40471,1316694.4
2021-12-10,A,149.32741,151.07646,148.89256,150.99916,1514882.9
2021-12-13,A,152.0428,152.58394,149.91687,151.02815,1463058.1
2021-12-14,A,149.6753,150.49667,145.05138,146.76663,1934229.1
2021-12-15,A,147.61699,149.38538,145.54904,149.1148,2126668
2021-12-16,A,149.10515,150.65128,145.39444,145.72299,2158227.5
2021-12-17,A,145.28815,147.45271,143.0559,146.32211,2720274
2021-12-20,A,145.68433,147.05652,143.53906,145.35577,2097835.2
2021-12-21,A,145.91624,148.87323,145.53938,148.7766,1548783.2
2021-12-22,A,149.25009,151.86887,149.05684,151.50165,1974338.5
2021-12-23,A,151.99448,153.51163,151.37602,152.48732,1460195.8
2021-12-27,A,153.47298,154.45863,151.89302,153.39568,984930.9
2021-12-28,A,154.30402,154.41031,152.79654,153.82085,790906.6
2021-12-29,A,154.44897,155.95645,153.81602,155.24136,862075.7
2021-12-30,A,155.68588,157.14503,155.19305,155.46362,797882.5
2021-12-31,A,154.95146,156.01442,154.14941,154.27502,1361375.8
2022-01-03,A,153.84927,154.27502,148.94351,151.4109,1660101.1
2022-01-04,A,150.45299,150.58846,144.85054,146.29228,2308748.8
2022-01-05,A,145.94394,148.14041,143.71844,143.7862,2449892
2022-01-06,A,144.02809,145.10213,140.86401,144.28934,2375221
2022-01-07,A,144.28934,144.87958,140.38988,140.44794,2127579.8
2022-01-10,A,138.6482,140.60275,136.29692,140.45763,2633454.2
2022-01-11,A,140.3028,142.17996,139.15135,141.88968,2267668
2022-01-12,A,143.0121,145.51819,142.7702,144.6667,2326203
2022-01-13,A,144.61833,144.69572,140.15767,140.4673,1800076.5
2022-01-14,A,139.3739,140.44794,137.74832,139.99316,2299947.5
2022-01-18,A,137.80638,138.59982,135.79376,135.91956,1971224.8
2022-01-19,A,136.11307,138.94817,135.71634,135.88084,1521494
2022-01-20,A,136.80008,138.50305,134.54555,134.96161,1923701.2
2022-01-21,A,135.01967,135.9389,133.03609,133.05544,1941558.8
2022-01-24,A,131.96205,134.0037,127.02725,133.64568,2227456.2
2022-01-25,A,130.97508,132.19426,128.35287,130.21068,1762405.1
2022-01-26,A,131.14925,133.57349,127.98519,129.18501,2066518.8
2022-01-27,A,130.89767,131.94269,127.41429,127.81101,1773262.9
2022-01-28,A,128.69153,132.94899,126.964355,132.62001,2247615.2
2022-01-31,A,132.8716,134.95195,132.53574,134.80681,1759963.1
2022-02-01,A,135.9776,136.69363,133.96498,136.46141,1711427.8
2022-02-02,A,136.42271,140.07057,136.21951,139.56743,1525132.9
2022-02-03,A,137.39998,139.12233,136.44205,137.19678,944873.7
2022-02-04,A,136.89682,137.73381,135.14546,136.5485,1123803
2022-02-07,A,136.91618,137.86928,135.28093,135.82278,1492459.4
2022-02-08,A,134.6036,136.8291,133.815,136.24854,1566136.1
2022-02-09,A,138.10634,140.39957,137.54512,139.76094,1257628.2
2022-02-10,A,136.97424,139.3739,136.02599,137.071,1099331.2
2022-02-11,A,136.5485,137.89346,131.82658,132.75548,1366194.1
2022-02-14,A,132.52325,133.22961,129.7559,130.82996,2279099.2
2022-02-15,A,132.80386,133.58762,130.3655,131.50728,2447534.5
2022-02-16,A,131.15894,131.20732,127.83037,130.77188,3294180.2
2022-02-17,A,130.27841,130.27841,125.50812,126.03062,2664121.8
2022-02-18,A,126.27252,129.1076,125.78872,127.772316,3735195.8
2022-02-22,A,126.63053,128.39148,125.072685,126.26285,3157061.2
2022-02-23,A,125.67261,130.01715,121.86991,121.9183,4070565.8
2022-02-24,A,119.6928,124.463104,119.07353,123.99864,3545084
2022-02-25,A,124.66629,129.41724,123.7761,129.39789,3249752
2022-02-28,A,127.75296,128.57059,124.97109,126.137054,3200089.2
2022-03-01,A,126.591835,128.60928,125.87097,127.65619,2722257
2022-03-02,A,128.3819,129.62044,127.53041,128.84636,1925485.1
2022-03-03,A,129.39789,133.52956,129.11728,132.72646,3712400.2
2022-03-04,A,131.44922,132.67807,127.8594,129.5527,3977355.2
2022-03-07,A,129.22372,129.22372,124.26957,126.1177,2456067
2022-03-08,A,124.47278,128.20773,123.40841,125.13075,2455011.8
2022-03-09,A,128.5464,129.60109,126.94017,128.94312,1866034.1
2022-03-10,A,127.143364,130.16231,127.03693,129.97845,1997846.1
2022-03-11,A,131.04282,132.0201,125.94354,126.08868,1876559.1
2022-03-14,A,126.756325,127.9755,122.78915,123.44711,1795307
2022-03-15,A,125.03399,126.90146,124.69049,126.05965,1704418.8
2022-03-16,A,127.65619,131.21698,127.04661,130.62674,1729099.2
2022-03-17,A,129.65913,132.41682,129.28273,132.3878,1207018.8
2022-03-18,A,131.79756,134.87744,131.79756,134.61328,2859224
2022-03-21,A,133.17155,135.26157,132.57162,133.66502,1328125.9
2022-03-22,A,133.53923,135.658,133.1909,134.77777,2043925.9
2022-03-23,A,133.38443,133.48602,129.12521,129.8333,1382164.5
2022-03-24,A,130.52031,132.15556,129.26242,131.99107,1391829.6
2022-03-25,A,132.85225,133.20058,129.36885,131.31375,1450727.5
2022-03-28,A,131.83626,132.80386,130.10425,131.03314,1620582.9
2022-03-29,A,133.74243,134.80681,132.76517,133.93596,1662501.9
2022-03-30,A,133.46182,133.7376,130.16231,131.07185,1488001
2022-03-31,A,130.79124,132.35875,128.00453,128.04324,3148431.8
2022-04-01,A,129.8333,130.23972,127.58846,129.63011,1515988.6
2022-04-04,A,129.72704,131.21465,128.78697,130.64769,1432226.5
2022-04-05,A,129.94992,131.23886,128.74821,129.14555,1854426
2022-04-06,A,127.93414,129.2037,125.85053,128.61255,2321165.8
2022-04-07,A,128.79666,132.84761,128.14252,131.73311,2018554.5
2022-04-08,A,131.51991,132.75603,130.49263,130.70584,2136917
2022-04-11,A,129.1068,129.74525,126.432014,127.2073,2381750.2
2022-04-12,A,127.62403,128.1086,121.169655,121.51854,2742158
2022-04-13,A,121.392555,124.56159,121.05337,124.328995,2823074.2
2022-04-14,A,124.45499,124.978325,121.692986,122.536125,3467744.8
2022-04-18,A,122.536125,122.836555,119.328316,120.016396,1648153.2
2022-04-19,A,119.89041,122.914085,119.88072,122.623344,1630305.2
2022-04-20,A,123.766914,126.29633,122.92377,125.375656,2090691.8
2022-04-21,A,126.33509,126.984406,120.99522,121.42163,2247045.2
2022-04-22,A,120.91768,121.237495,117.409454,117.5742,2009258.5
2022-04-25,A,115.83947,117.855255,114.57961,117.70019,2308145.8
2022-04-26,A,117.264084,117.53544,113.62018,114.29857,3025342.5
2022-04-27,A,114.55054,117.11871,113.90122,114.04659,2071435.2
2022-04-28,A,115.82978,117.80679,114.28887,117.32223,3252597
2022-04-29,A,116.98304,120.06486,115.3743,115.587494,2341464.5
2022-05-02,A,114.724976,116.62446,112.89333,115.878235,1812108.4
2022-05-03,A,116.023605,120.15208,115.413055,118.620865,3320355
2022-05-04,A,117.932785,122.778404,117.690506,122.40045,2538734.2
2022-05-05,A,120.772316,121.3441,117.07027,118.37858,2191302.2
2022-05-06,A,117.14779,118.11691,114.35671,117.34161,1680933.4
2022-05-09,A,115.45182,115.45182,109.1622,109.61769,1921016
2022-05-10,A,111.875755,114.29857,109.64677,113.038704,2209987
2022-05-11,A,112.12772,114.35671,110.32515,110.47052,1658210.8
2022-05-12,A,110.10226,112.66074,109.29788,112.54445,1380651
2022-05-13,A,113.75585,116.987885,113.64925,115.6941,1370732.9
2022-05-16,A,115.93638,117.29316,115.16109,116.5857,2075742.2
2022-05-17,A,118.9116,119.88072,117.70019,119.27987,2286789.2
2022-05-18,A,117.44822,118.14114,116.59539,117.06057,1378560.5
2022-05-19,A,116.59539,119.76443,115.83947,118.620865,2383668.5
2022-05-20,A,120.20053,121.702675,118.65963,121.26657,2677383
2022-05-23,A,122.545815,122.5652,119.93887,122.09033,2102044.2
2022-05-24,A,121.45071,122.10971,119.97764,120.5688,2257381.5
2022-05-25,A,123.28235,123.52463,115.50028,116.66322,3636928.2
2022-05-26,A,117.021805,120.38467,116.987885,120.02609,1824358.6
2022-05-27,A,121.06305,126.73244,120.64633,126.519226,2784823.2
2022-05-31,A,124.92986,126.054054,122.80748,123.621544,3511490.5
2022-06-01,A,123.912285,124.997696,118.64993,119.28955,1813616
2022-06-02,A,119.16357,125.20122,118.52395,125.114,1490430.5
2022-06-03,A,123.679695,124.74573,122.511894,124.522835,1777655.8
2022-06-06,A,125.38535,125.986206,123.04976,123.68938,1352331.6
2022-06-07,A,122.66211,127.149155,122.66211,124.920166,1275693.5
2022-06-08,A,123.93166,124.6682,122.49804,122.92377,1082889.6
2022-06-09,A,122.19693,123.001305,120.29744,120.30714,840372.8
2022-06-10,A,117.87463,118.165375,116.19805,116.84736,1423544.4
2022-06-13,A,112.883644,114.06597,111.817604,112.68982,1450597.6
2022-06-14,A,112.40877,113.09685,109.75337,112.428154,1355911.2
2022-06-15,A,113.62018,114.13381,110.25731,112.873955,1946394.6
2022-06-16,A,110.28639,111.52687,109.85997,111.41057,1652613
2022-06-17,A,111.22643,113.12592,109.19128,109.23004,2766880.2
2022-06-21,A,110.877556,112.00174,110.24763,110.363914,1638824.2
2022-06-22,A,109.18159,111.52687,109.045906,110.28639,2667649.5
2022-06-23,A,111.06168,115.08356,110.741875,114.93819,1858960
2022-06-24,A,116.2465,117.60328,114.78894,117.545135,3900842.8
2022-06-27,A,118.06846,118.519104,116.14959,116.84736,1863225.8
2022-06-28,A,116.731064,117.49667,113.116234,113.44573,1471512.4
2022-06-29,A,113.571724,114.88004,112.65105,114.2598,935532.9
2022-06-30,A,112.418465,116.2465,112.418465,115.102936,1663337.1
2022-07-01,A,115.32623,116.267944,113.297165,115.73398,1153401.8
2022-07-05,A,114.31655,117.156265,113.09329,117.04462,1529500.4
2022-07-06,A,117.277626,118.77271,117.039764,117.64654,1691614.4
2022-07-07,A,117.46208,119.62706,117.102875,119.5591,1257907
2022-07-08,A,117.43295,119.61735,117.43295,118.93776,1305465.8
2022-07-11,A,118.064,119.860054,117.4815,119.529976,1343584.2
2022-07-12,A,118.86009,119.811516,115.2874,115.76311,1232707.2
2022-07-13,A,113.98647,116.209694,113.45251,115.190315,1419398.9
2022-07-14,A,113.68551,114.29714,109.72447,112.501076,1387827.4
2022-07-15,A,114.34568,115.413605,112.617584,115.36507,998554.6
2022-07-18,A,115.48156,115.90874,111.12249,111.75353,1213551.6
2022-07-19,A,113.57871,115.86019,112.9768,115.588356,1335912.6
2022-07-20,A,116.43299,117.67567,115.77282,116.36503,1356140.4
2022-07-21,A,118.559135,123.626915,118.559135,123.4813,1733093.9
2022-07-22,A,123.694885,124.79184,120.68527,121.39399,1111887.2
2022-07-25,A,121.4037,121.753204,119.59793,120.636734,1075363.2
2022-07-26,A,121.02507,121.96678,119.77268,121.520195,1297799.2
2022-07-27,A,121.39399,124.58806,121.07361,123.98613,1437871.6
2022-07-28,A,124.43272,127.98114,123.08325,127.286995,1917298
2022-07-29,A,127.44233,130.57814,127.083115,130.18982,2281441
2022-08-01,A,129.617,131.28685,129.3743,129.53934,1114329.5
2022-08-02,A,128.54909,130.75288,127.26757,127.452034,1440695.9
2022-08-03,A,129.55876,131.31598,129.14131,130.6364,2176675.2
2022-08-04,A,130.7626,131.06357,128.86948,129.86943,922451.56
2022-08-05,A,128.41318,129.9374,127.90833,129.7141,696121.06
2022-08-08,A,130.2869,130.50047,128.28696,128.65588,1294833.8
2022-08-09,A,128.63646,128.63646,124.2871,125.122025,921596.6
2022-08-10,A,127.539406,128.89859,126.35498,128.71413,1052841.6
2022-08-11,A,129.03452,131.18977,127.75299,128.1025,1197414.1
2022-08-12,A,128.40346,129.73352,127.59766,129.65585,891781.25
2022-08-15,A,129.39372,130.69464,128.8015,129.99564,1329945.6
2022-08-16,A,129.01509,129.52963,127.82096,128.89859,1864340.9
2022-08-17,A,144.5,144.65535,135.9469,138.14099,4233494.5
2022-08-18,A,137.74297,137.82373,134.71393,135.88864,1792607.2
2022-08-19,A,135.28673,135.65564,133.25766,133.60716,1521855.4
2022-08-22,A,131.35483,132.06354,129.66556,130.03447,1288294.1
2022-08-23,A,129.22868,130.19466,128.19377,128.77238,1223968.4
2022-08-24,A,129.14131,130.61697,128.78209,129.77234,1051143
2022-08-25,A,131.35483,132.11208,130.08302,132.04411,998159.06
2022-08-26,A,132.03441,132.08295,125.99577,126.083145,1290424.1
2022-08-29,A,124.685135,125.578316,123.47159,124.37447,953827.44
2022-08-30,A,124.7628,125.25696,123.44732,124.53951,1825603.4
2022-08-31,A,125.607445,126.43265,124.26768,124.51039,1947719.1
2022-09-01,A,123.90846,125.345314,122.52987,125.170555,1320538.2
2022-09-02,A,126.00548,126.47149,123.41334,124.27738,1746852
2022-09-06,A,125.607445,126.76275,123.99584,125.52978,1579600.2
2022-09-07,A,125.2094,127.98114,124.85989,127.59766,1292283.4
2022-09-08,A,127.112236,131.3257,126.89381,131.24803,1395868.9
2022-09-09,A,132.01498,133.89842,131.48102,133.61688,2498070.8
2022-09-12,A,133.51979,135.91777,133.22853,135.79156,1906742.2
2022-09-13,A,132.34508,133.40329,129.54906,129.64613,1634630.9
2022-09-14,A,129.89856,131.41307,128.24327,129.3646,1624371.6
2022-09-15,A,129.90826,131.55869,128.78694,129.27722,1489923.4
2022-09-16,A,128.26753,128.27725,124.53951,126.10257,2369701.5
2022-09-19,A,125.03464,126.97632,124.61718,126.90836,1091389.6
2022-09-20,A,125.33561,125.825874,123.122086,124.403595,1312991.2
2022-09-21,A,124.97639,126.76759,122.64152,122.792,1138865.9
2022-09-22,A,121.88912,122.36483,120.15403,120.76294,1420024.1
2022-09-23,A,120.122185,120.80177,117.898964,119.87948,1526373.1
2022-09-26,A,119.58823,120.62702,118.08342,118.74359,1785111.6
2022-09-27,A,120.2581,120.45227,117.08345,118.064,1071699.5
2022-09-28,A,119.19018,120.80177,118.05429,120.11248,1402096.4
2022-09-29,A,119.22901,120.61731,118.70961,119.16105,1352202.6
2022-09-30,A,119.432884,121.47651,117.840706,118.00575,1673073.8
2022-10-03,A,119.35756,123.80198,118.33641,122.90726,1381163.4
2022-10-04,A,125.25103,127.944916,125.04194,127.79904,1694357.5
2022-10-05,A,126.41807,129.86078,125.94152,128.99524,1611977.9
2022-10-06,A,128.66458,130.14282,127.983826,128.54788,1252809.4
2022-10-07,A,126.86542,127.33222,123.47132,123.93813,1187316.8
2022-10-10,A,124.53137,124.53137,120.894135,122.48907,1281210.9
2022-10-11,A,121.56518,124.37576,120.74826,122.18759,2041444
2022-10-12,A,122.7322,123.607475,121.82776,122.23622,1099855.5
2022-10-13,A,119.62013,125.28994,118.98799,124.38549,1597447.6
2022-10-14,A,125.45526,126.64174,122.02226,122.24594,1251605.4
2022-10-17,A,123.879776,127.48783,123.879776,126.9724,1231775.4
2022-10-18,A,130.24007,130.97432,127.59481,128.66458,1067479.9
2022-10-19,A,126.53476,126.69037,123.73876,125.41637,1063202.2
2022-10-20,A,124.31741,126.174934,122.15842,122.47935,1950959.6
2022-10-21,A,122.89754,126.54935,121.39012,126.31109,1097196.4
2022-10-24,A,127.52674,129.47179,126.23814,128.66458,1074863.8
2022-10-25,A,128.66458,131.38278,128.66458,130.80414,1240074.5
2022-10-26,A,130.73605,135.48196,130.31787,133.90648,1420965.1
2022-10-27,A,133.48828,134.19824,131.61133,132.73946,957001
2022-10-28,A,132.63248,135.29892,131.30984,134.9568,927439.75
2022-10-31,A,133.90648,135.1124,133.57582,134.54834,1344581.1
2022-11-01,A,135.66673,137.46591,134.26631,137.01854,1216272.4
2022-11-02,A,136.74623,137.06717,131.49463,131.55298,1857166.2
2022-11-03,A,130.0942,132.13162,127.06966,130.76524,1233351.8
2022-11-04,A,131.92253,133.2403,129.45233,132.34071,1308030.9
2022-11-07,A,133.08957,134.28577,131.835,134.23714,1247943.8
2022-11-08,A,134.69421,136.81917,132.84644,134.93735,1057169.5
2022-11-09,A,134.50943,135.58893,132.90479,133.23543,998688.56
2022-11-10,A,138.94414,142.68834,138.61348,142.27989,1636940.8
2022-11-11,A,143.07735,145.62537,142.32852,144.23465,1262180.9
2022-11-14,A,144.9154,145.59619,142.27989,142.3577,1240669.9
2022-11-15,A,144.19576,145.35306,142.46953,143.93317,1336046.6
2022-11-16,A,144.11795,144.66257,142.32852,143.07735,1518458.1
2022-11-17,A,141.33655,141.56021,138.25365,140.471,1506584.8
2022-11-18,A,142.64943,143.8894,140.18896,142.17291,1319884.5
2022-11-21,A,141.61856,143.11626,140.46126,141.15176,1739704.6
2022-11-22,A,147.8038,153.11377,147.8038,152.54971,3611967.8
2022-11-23,A,152.36493,152.95818,150.10869,151.0812,1484956.5
2022-11-25,A,150.82834,152.64697,150.4588,152.64697,660815.25
2022-11-28,A,151.58691,152.54,147.56067,148.11502,1425451.4
2022-11-29,A,147.70656,148.69852,146.35475,146.79239,981526.94
2022-11-30,A,147.22029,150.72136,145.00294,150.72136,2948728.8
2022-12-01,A,152.42328,152.67615,150.17676,151.83005,1411177.1
2022-12-02,A,149.73912,152.42328,149.36957,151.39241,1216649.8
2022-12-05,A,149.61269,149.66132,147.09387,148.50401,1156504.1
2022-12-06,A,147.96913,148.79578,145.7907,147.19112,1205408.9
2022-12-07,A,147.07442,150.11354,146.97717,149.5057,1039653.2
2022-12-08,A,150.17676,152.67615,149.2657,151.98564,1326349.1
2022-12-09,A,151.39241,152.3941,148.48456,148.74715,1049045.2
2022-12-12,A,149.77802,151.6939,149.21396,151.06175,1101655.9
2022-12-13,A,154.82541,155.86115,152.45245,153.32773,1577798.6
2022-12-14,A,152.93872,154.0863,149.9239,150.55605,1382436.4
2022-12-15,A,148.611,148.83467,146.11162,146.71458,1525823.5
2022-12-16,A,145.49893,145.82959,143.84077,145.19745,2505539.8
2022-12-19,A,144.81818,145.03212,142.22154,142.91202,1313445.6
2022-12-20,A,143.22324,145.07588,141.87143,143.86508,1591912.5
2022-12-21,A,144.84734,146.1408,143.82619,145.96574,1283396.9
2022-12-22,A,144.33191,145.09047,142.58136,144.9154,1199762.8
2022-12-23,A,144.9154,146.12134,144.14713,145.12936,801448.7
2022-12-27,A,145.12936,145.69344,143.25241,145.44058,904394.5
2022-12-28,A,145.66426,147.21056,143.58307,144.02069,806472.75
2022-12-29,A,145.49893,147.726,144.92514,146.93826,878532.8
2022-12-30,A,145.86201,145.94969,143.98225,145.75488,718459.2
2023-01-03,A,148.00476,149.14432,144.6056,146.13474,1452079
2023-01-04,A,147.70282,149.05664,146.32953,147.7223,1280755.8
2023-01-05,A,146.09578,149.08588,144.8978,148.15086,1760457.5
2023-01-06,A,150.3423,150.615,139.2877,143.82642,2510329.2
2023-01-09,A,145.79385,147.34245,143.3667,143.63162,1303501.8
2023-01-10,A,146.27109,151.50133,144.87831,151.18965,1607591.6
2023-01-11,A,151.18965,154.45245,151.18965,154.05313,1275087.1
2023-01-12,A,154.0434,154.47194,151.53297,152.41685,830745.75
2023-01-13,A,151.49158,153.1863,150.47865,152.83566,946388.75
2023-01-17,A,152.6019,153.99469,150.99486,151.35522,1645022.9
2023-01-18,A,152.19284,154.0434,149.64104,150.05984,1181401.8
2023-01-19,A,149.5826,150.88771,148.18007,148.89107,1044583.56
2023-01-20,A,149.50468,151.94934,148.44305,151.8617,1379633.2
2023-01-23,A,151.9396,155.43616,151.6182,154.91995,1000917
2023-01-24,A,152.20259,154.38428,150.4397,151.63768,1151516.9
2023-01-25,A,149.99167,152.47041,148.85211,151.70586,755837.06
2023-01-26,A,152.88437,153.55641,151.1507,152.16362,797008.7
2023-01-27,A,151.69612,152.87463,150.78058,151.63768,663492.5
2023-01-30,A,150.47865,151.4721,146.95288,147.7905,1438493.4
2023-01-31,A,147.66388,149.46573,146.30032,148.12164,2048713.2
2023-02-01,A,149.31963,152.22205,147.77101,151.40392,1539995.2
2023-02-02,A,152.58243,153.21552,150.74162,151.45262,1771671.4
2023-02-03,A,149.18326,151.3747,148.75958,150.52736,1019352.9
2023-02-06,A,148.75471,150.38124,147.42038,148.27748,792072.2
2023-02-07,A,147.547,150.92668,147.19637,150.48839,1156777.8
2023-02-08,A,149.64104,151.13121,149.23685,150.40073,1102166.4
2023-02-09,A,151.6182,152.25168,147.59569,148.41383,874968.8
2023-02-10,A,147.84892,149.00797,147.13794,148.5794,959802.9
2023-02-13,A,149.28067,150.63449,148.05345,150.57605,950108.56
2023-02-14,A,150.32281,151.69601,147.50803,149.05664,919302.75
2023-02-15,A,148.258,148.36026,146.38797,147.80023,1008664.7
2023-02-16,A,144.93675,146.25162,143.39787,144.42055,1131128.1
2023-02-17,A,143.4271,145.06512,142.67714,144.40106,1226776.8
2023-02-21,A,142.78427,142.83296,138.9176,139.68704,1739089.2
2023-02-22,A,139.63834,139.70653,137.28133,138.38193,1736470.1
2023-02-23,A,138.39166,139.84288,137.63196,139.47276,1551946.2
2023-02-24,A,137.77806,138.53815,135.10938,137.52483,1562743.4
2023-02-27,A,139.1611,140.02306,138.11894,138.47931,1180292.9
2023-02-28,A,138.06052,139.64809,137.70988,138.27478,2405146.5
2023-03-01,A,134.97302,136.34633,132.70366,133.93086,3216728.5
2023-03-02,A,132.75237,138.0313,132.53809,137.98259,1929396.6
2023-03-03,A,138.82994,140.6805,138.28452,140.18376,1178553.6
2023-03-06,A,139.61887,141.6496,138.9663,139.50198,1184404.9
2023-03-07,A,139.8234,139.92079,136.58006,136.67747,1117473.8
2023-03-08,A,136.50215,137.89493,135.74733,137.23262,1166436.1
2023-03-09,A,137.58325,138.304,134.7003,135.3139,1364372.1
2023-03-10,A,135.56714,135.81064,131.20375,132.18745,1946660
2023-03-13,A,132.02188,134.68083,131.25244,133.13222,1818701.5
2023-03-14,A,134.83667,135.96648,132.87897,134.7977,1288918.1
2023-03-15,A,132.39198,132.39198,128.75908,130.54144,2070617.4
2023-03-16,A,130.483,133.48285,128.92465,133.25883,1837129.1
2023-03-17,A,133.32701,133.35622,129.27528,129.71356,2100628.5
2023-03-20,A,129.6746,131.85631,129.27528,131.03816,1750060.9
2023-03-21,A,132.03162,133.84322,131.6956,133.44388,1429464.4
2023-03-22,A,133.39519,133.95522,130.12265,130.24925,1302427.8
2023-03-23,A,131.15504,131.55438,126.00478,127.716934,3386038.2
2023-03-24,A,126.75269,128.5448,124.88267,128.52533,1613587.8
2023-03-27,A,130.10316,131.11609,129.27528,129.60645,1248835.9
2023-03-28,A,129.09023,129.84018,128.5748,129.17789,967808.25
2023-03-29,A,130.46353,130.74599,129.17798,130.36613,1029577
2023-03-30,A,131.74918,132.01213,129.84993,130.98947,1507430.6
2023-03-31,A,131.87578,135.11911,131.34984,134.73926,2648791.2
2023-04-03,A,134.06125,134.71487,132.68085,134.4905,1590632.4
2023-04-04,A,134.87097,135.70995,134.16856,134.83195,1823229.4
2023-04-05,A,134.37343,135.86604,133.33348,134.71487,2369986
2023-04-06,A,134.63683,134.74902,133.25154,134.65634,1236408.6
2023-04-10,A,134.02223,134.70512,132.53938,134.64659,1132239.6
2023-04-11,A,135.4758,136.5099,134.7734,135.13437,1272177.9
2023-04-12,A,136.76355,137.90007,134.45148,134.97827,1084984.6
2023-04-13,A,135.77823,138.02202,135.59288,137.8269,1056761.9
2023-04-14,A,136.9294,137.7391,135.53433,135.79774,978168.9
2023-04-17,A,136.20747,136.78307,135.49532,136.76355,1143470.1
2023-04-18,A,137.29034,137.544,134.83195,135.60263,1249388.9
2023-04-19,A,134.98802,136.2026,134.3149,135.53433,1207968.5
2023-04-20,A,133.51494,133.7003,131.5765,132.21744,1359079.9
2023-04-21,A,132.88083,135.17339,132.88083,135.11485,1572076.9
2023-04-24,A,135.40753,136.10992,134.71487,135.09534,878116.44
2023-04-25,A,133.20276,133.43689,126.54945,127.183556,2208934.8
2023-04-26,A,125.017815,130.56876,124.978806,129.86635,3079007.5
2023-04-27,A,129.71027,130.58826,128.1201,129.99318,1153527.9
2023-04-28,A,130.18828,133.58322,130.18828,132.11989,2083701.8
2023-05-01,A,132.69548,133.7881,132.44182,132.754,1038280.1
2023-05-02,A,131.71991,133.80762,130.97362,131.23213,1670478
2023-05-03,A,132.56865,133.20276,131.33945,131.47603,1567382.1
2023-05-04,A,132.07112,132.71498,130.4907,130.60777,1131344.8
2023-05-05,A,131.99307,132.10039,128.68105,130.04195,1937557.8
2023-05-08,A,130.73459,130.92972,128.52983,129.21272,1030529.7
2023-05-09,A,125.35927,125.35927,122.29601,124.23737,3523175.8
2023-05-10,A,125.56414,125.74949,123.07647,124.93002,1287171.4
2023-05-11,A,124.061775,124.57882,122.40333,124.5398,1620171.4
2023-05-12,A,125.53487,125.53487,123.43254,124.373955,1458228.2
2023-05-15,A,124.81296,125.05685,123.65204,124.86173,1294403.1
2023-05-16,A,123.86667,124.286156,122.71551,123.203285,1219834.6
2023-05-17,A,123.93495,124.666626,122.70575,124.64711,2017504.8
2023-05-18,A,124.530045,126.16898,123.39839,125.98363,1678196.6
2023-05-19,A,126.42262,127.28112,125.47633,125.72022,1517469.2
2023-05-22,A,125.515366,126.57872,125.154396,125.934845,1808797.8
2023-05-23,A,125.87631,127.3494,124.78369,125.49585,2854208
2023-05-24,A,112.38434,118.13038,110.51137,118.03282,7022008.5
2023-05-25,A,118.442566,118.442566,114.75983,116.56949,3299565.2
2023-05-26,A,117.13531,117.769424,115.48662,117.47675,2141473.8
2023-05-30,A,117.07678,118.340126,114.79397,114.85251,2147319.8
2023-05-31,A,114.13059,114.28668,111.989235,112.84285,4098989.2
2023-06-01,A,114.111084,114.75983,112.18923,113.418434,4065638.2
2023-06-02,A,114.891525,115.515884,113.184296,115.33053,3344806
2023-06-05,A,115.68173,116.83289,114.22814,115.45735,2182811.2
2023-06-06,A,115.87684,116.30609,113.78915,114.569595,1802887.2
2023-06-07,A,114.30619,114.49642,112.325806,113.740364,3734823.5
2023-06-08,A,113.0965,114.04279,111.857544,111.88681,2622948.8
2023-06-09,A,112.75506,113.16479,111.36977,112.95992,2031201.6
2023-06-12,A,113.02821,115.75002,112.98919,115.64271,2816656.2
2023-06-13,A,115.77928,118.19868,115.77928,116.57925,2565093.8
2023-06-14,A,117.05727,118.01331,115.99391,116.48169,2729729.8
2023-06-15,A,115.974396,118.764496,115.82318,118.26696,1835994.4
2023-06-16,A,119.11569,120.16442,117.68162,118.1694,4040065.2
2023-06-20,A,115.740265,115.8866,114.02328,115.271996,2161032.8
2023-06-21,A,114.91104,116.19878,114.40375,115.43784,1428309
2023-06-22,A,115.93537,116.04269,114.30619,115.77928,1779535.5
2023-06-23,A,114.881775,116.78411,114.70617,116.5012,2698585.5
2023-06-26,A,116.05244,116.87191,114.47203,115.47687,1715315.9
2023-06-27,A,115.57442,116.05244,113.876945,114.17937,2384335.8
2023-06-28,A,113.84768,114.24766,112.881874,113.52575,2251815.8
2023-06-29,A,113.320885,115.359795,113.23308,115.16469,1933045.5
2023-06-30,A,116.049255,117.965,115.62896,117.53493,2545361.5
2023-07-03,A,117.31012,118.12138,116.52819,116.62593,1019236.9
2023-07-05,A,116.26428,117.564255,115.92708,116.801865,1274994.5
2023-07-06,A,113.732765,116.205635,113.04368,115.75603,1664200.2
2023-07-07,A,115.01318,116.39135,114.25079,114.358315,1527817.9
2023-07-10,A,114.09441,116.82141,113.928246,115.68761,1932803.9
2023-07-11,A,115.62896,116.29361,114.983864,115.8049,1122084
2023-07-12,A,117.29057,117.76951,116.45977,117.29057,1632465.8
2023-07-13,A,118.03342,118.14094,116.303375,116.65525,1258185
2023-07-14,A,116.840965,117.67177,115.580086,117.04622,1253762.1
2023-07-17,A,117.2417,117.27103,115.00341,115.580086,1148983.4
2023-07-18,A,115.70715,117.08532,115.33573,116.860504,1394199
2023-07-19,A,117.300354,120.55516,117.14885,120.30103,2481576.2
2023-07-20,A,120.72133,122.08238,120.3499,121.73785,2331460
2023-07-21,A,121.73785,125.403175,120.35968,124.73853,4008735.5
2023-07-24,A,124.73853,126.46856,124.31824,124.83627,2047473
2023-07-25,A,122.17768,126.624954,121.342186,124.435524,2250232
2023-07-26,A,122.17768,125.62798,120.61381,125.569336,2565383.5
2023-07-27,A,126.93772,127.06479,123.780655,123.80021,2642202
2023-07-28,A,124.376884,124.63101,120.379234,123.20398,3211310.8
2023-07-31,A,121.57168,121.6401,118.47814,119.02061,2431165.2
2023-08-01,A,119.03039,120.78975,117.74019,119.714584,1693212.2
2023-08-02,A,119.245415,125.81858,118.76649,124.82649,2715989
2023-08-03,A,124.42576,124.479515,122.14836,122.226555,1782876.8
2023-08-04,A,122.60775,124.29868,122.255875,123.44833,1861504
2023-08-07,A,123.86862,125.00243,122.85699,123.653595,1521303.9
2023-08-08,A,123.82953,125.72573,122.2461,125.45205,2583513
2023-08-09,A,125.266335,126.49789,124.65056,124.7483,1827320.2
2023-08-10,A,125.10995,127.05502,124.435524,124.76785,1550870.4
2023-08-11,A,123.907715,124.92912,123.4972,123.99569,1285726.9
2023-08-14,A,122.59798,125.10995,122.363396,123.79043,1618987.4
2023-08-15,A,123.4581,124.308464,122.422035,122.81301,2327392
2023-08-16,A,119.23564,120.86012,117.65222,118.61987,3467153.2
2023-08-17,A,119.245415,119.87987,117.93568,118.12138,2231186
2023-08-18,A,117.47629,118.0041,116.34737,116.55751,1845544.8
2023-08-21,A,116.801865,116.870285,115.05228,116.176315,2301221.2
2023-08-22,A,115.18912,115.93196,114.68086,114.983864,1455130.8
2023-08-23,A,115.83422,116.45977,115.05228,116.440216,1319040
2023-08-24,A,116.66502,118.05296,115.90264,116.79209,2093167.6
2023-08-25,A,117.09509,118.092064,115.84399,116.9778,1302733.9
2023-08-28,A,117.2417,118.213264,116.64548,117.21238,1076753.5
2023-08-29,A,117.41764,119.52399,116.90938,119.26496,857697.56
2023-08-30,A,119.577736,120.1642,118.883766,119.910065,1184651.8
2023-08-31,A,120.33036,120.34013,117.9259,118.33642,2941534.5
2023-09-01,A,119.91984,120.88749,118.79581,119.157455,860101.8
2023-09-05,A,118.89355,119.769806,115.9906,116.049255,1299974.5
2023-09-06,A,115.677826,115.980835,113.89892,115.27709,1707455.9
2023-09-07,A,115.30641,115.34551,113.46886,113.635025,1347416.8
2023-09-08,A,113.39066,113.58614,111.14259,111.41627,1831110.8
2023-09-11,A,111.7095,111.80235,110.07721,110.546364,2094135.5
2023-09-12,A,110.83959,111.39673,109.54451,110.23359,2082037.4
2023-09-13,A,107.51636,113.28315,106.53894,110.86892,2578693
2023-09-14,A,111.22079,112.70647,109.15354,112.28618,1857781
2023-09-15,A,111.84634,119.16722,110.86892,113.29292,7048780
2023-09-18,A,112.403465,112.403465,110.1163,110.14563,1860032.9
2023-09-19,A,109.832855,110.67344,109.197525,109.7742,2273771.5
2023-09-20,A,110.52682,110.90801,109.63248,109.930595,1785246.2
2023-09-21,A,109.50053,109.661804,107.02765,107.25246,1358658.5
2023-09-22,A,107.25246,109.627594,106.646454,108.89453,2097902.5
2023-09-25,A,108.2592,109.50053,108.03439,109.41256,1010202.9
2023-09-26,A,108.37649,109.71556,108.18101,108.22988,1432167.2
2023-09-27,A,108.45468,108.73814,107.14005,108.00507,2320303
2023-09-28,A,107.98553,110.13585,107.94643,109.47121,2005186.1
2023-09-29,A,110.56592,110.6099,108.928734,109.295265,1872396
2023-10-02,A,108.61459,109.49605,107.50787,108.61459,1602048.8
2023-10-03,A,107.958405,109.45197,107.78211,107.987785,1575853.9
2023-10-04,A,108.1347,109.58419,107.12601,109.36872,1574181.5
2023-10-05,A,109.78007,109.92697,106.52848,108.07593,1322946
2023-10-06,A,107.23365,109.46666,107.10633,108.35995,1833845.6
2023-10-09,A,107.70376,109.01614,106.87128,108.98676,1348108.6
2023-10-10,A,109.01614,111.484215,108.73212,110.95534,2228974.2
2023-10-11,A,111.07287,111.25895,109.7409,111.04348,1410593.2
2023-10-12,A,110.77905,111.06307,106.09756,106.694984,3698742
2023-10-13,A,105.79394,108.33057,104.61867,108.23263,2866713.8
2023-10-16,A,108.75171,110.465645,107.380554,109.202225,1710797.9
2023-10-17,A,107.83108,110.583176,106.95942,110.08368,1718158.5
2023-10-18,A,109.03573,109.03573,106.29833,106.37179,1841448.2
2023-10-19,A,106.9986,109.084694,106.61663,107.25324,2071624.8
2023-10-20,A,107.282616,108.310974,106.93004,106.97901,2417148.2
2023-10-23,A,105.87229,107.64255,105.18672,107.08674,2946751.2
2023-10-24,A,105.28466,105.833115,103.18876,103.46299,3271605.8
2023-10-25,A,100.77946,102.02328,98.01757,101.26915,2756412.8
2023-10-26,A,101.33771,102.74804,101.11244,102.16039,1632797.4
2023-10-27,A,102.38566,102.62071,100.28976,100.65213,2046185.5
2023-10-30,A,100.59337,100.66193,94.80517,99.085106,3762442.8
2023-10-31,A,100.877396,102.05266,99.83924,101.23977,2265494
2023-11-01,A,100.387695,101.08307,98.19386,100.74028,2332633.5
2023-11-02,A,101.82741,102.4787,100.58357,102.3171,1520315.4
2023-11-03,A,104.30527,107.33158,103.9332,106.77333,2564152.5
2023-11-06,A,106.56766,107.26303,104.96146,105.31404,1441706.5
2023-11-07,A,104.63825,108.52644,104.349335,108.26201,2187329
2023-11-08,A,108.6048,109.27078,106.22488,107.13571,1526406.9
2023-11-09,A,107.85067,107.85067,105.32384,105.51971,1512437
2023-11-10,A,105.50012,106.24447,101.94493,106.23467,1886732.5
2023-11-13,A,105.90167,106.03879,104.75578,105.24548,1225580.5
2023-11-14,A,107.29241,109.975945,107.20427,109.30996,2052033
2023-11-15,A,109.54501,112.15999,109.03573,111.25895,2063913.8
2023-11-16,A,111.59195,112.1404,111.21977,111.83679,1764426
2023-11-17,A,111.63113,112.11102,109.75069,110.81822,2757599.2
2023-11-20,A,110.91616,112.1404,110.07388,111.63113,3128306.5
2023-11-21,A,118.95697,122.11062,118.73172,121.36628,6213818.5
2023-11-22,A,121.317314,122.81578,121.25365,121.43483,2686040.5
2023-11-24,A,121.36628,124.15754,120.93535,124.01064,1252540.1
2023-11-27,A,123.38383,124.0694,122.316284,122.433815,2302854.8
2023-11-28,A,122.07144,123.66785,121.542564,122.14,1990813.4
2023-11-29,A,123.00186,125.09776,123.00186,124.96064,2313938.2
2023-11-30,A,125.3622,125.802925,124.348526,125.16632,2494308.2
2023-12-01,A,124.7158,126.35138,123.90291,126.13591,1766023.9
2023-12-04,A,125.75885,126.55706,125.23488,126.22407,1575729.4
2023-12-05,A,125.17611,125.97922,123.18158,125.24467,1974536.9
2023-12-06,A,125.85189,127.08592,125.283844,126.25345,1855057.8
2023-12-07,A,126.53747,127.79177,125.17611,126.028175,1732340.8
2023-12-08,A,125.45034,126.34159,124.353424,124.57868,1468333.1
2023-12-11,A,124.99003,126.95861,124.598274,126.31221,1937052.5
2023-12-12,A,125.41117,126.53258,124.382805,126.13591,1484032.8
2023-12-13,A,126.42973,131.27773,126.11633,130.98392,1767881.2
2023-12-14,A,132.21794,135.32262,132.21794,135.11694,3012619.5
2023-12-15,A,134.41179,136.03757,133.47156,133.96126,4978568.5
2023-12-18,A,134.75456,135.34221,134.03961,134.6958,1669083.1
2023-12-19,A,135.65561,137.00717,134.49014,136.90923,1555392.2
2023-12-20,A,136.90923,138.32936,135.29323,135.3324,2165696.2
2023-12-21,A,136.50769,136.7917,135.15611,136.07675,1721362.5
2023-12-22,A,136.73294,137.46748,135.92984,136.69377,1229480.9
2023-12-26,A,136.43912,137.57523,136.22032,136.92882,968345.5
2023-12-27,A,136.89943,137.26671,136.21387,136.93861,1207229.4
2023-12-28,A,137.64377,137.90959,136.77211,136.88965,911340.75
2023-12-29,A,136.43445,137.05249,135.73788,136.39519,1034027.2
2024-01-02,A,135.57112,137.92563,135.29642,136.1205,1469428.6
2024-01-03,A,135.38472,135.38472,128.58115,128.67435,2114553.8
2024-01-04,A,128.0759,129.00299,127.722725,128.51738,2493848.8
2024-01-05,A,127.53632,129.45918,126.18247,128.08571,1420891.9
2024-01-08,A,127.67367,131.03868,127.34992,130.85228,1336710.5
2024-01-09,A,129.7633,133.07434,127.54613,128.20343,1462671.6
2024-01-10,A,128.10533,128.67435,125.92741,128.60567,1351916.6
2024-01-11,A,128.10533,128.20343,125.47612,127.22238,2100326
2024-01-12,A,127.84045,129.11581,127.18314,128.06609,1310054.2
2024-01-16,A,126.69262,128.33096,126.15795,128.05627,1408821.1
2024-01-17,A,127.5167,128.13477,124.338104,125.69195,1281649
2024-01-18,A,125.59385,128.25249,125.11706,127.98761,1431976.9
2024-01-19,A,127.7031,129.48862,126.75639,128.7332,1552737.5
2024-01-22,A,129.0079,130.21458,128.76263,130.038,1541547.4
2024-01-23,A,131.10735,131.40166,127.85988,129.14525,871443
2024-01-24,A,129.90065,130.28326,126.97712,127.32049,1164057.5
2024-01-25,A,128.62529,128.93921,126.97712,127.4186,1142592.6
2024-01-26,A,131.17603,131.68616,128.1642,128.50757,1345260.5
2024-01-29,A,129.25316,130.38136,128.79207,130.3127,1434434.5
2024-01-30,A,130.3127,131.97067,130.17535,131.73521,1456411
2024-01-31,A,132.05896,132.06876,127.5324,127.63444,1122729.2
2024-02-01,A,127.595184,130.52852,126.81084,130.52852,878677.1
2024-02-02,A,129.34145,131.38203,127.84045,130.45004,1086880.9
2024-02-05,A,130.2244,132.39252,129.87123,130.30289,2420401
2024-02-06,A,130.1361,133.52072,128.59094,133.28526,1800951.5
2024-02-07,A,133.93277,134.31537,129.83197,130.27344,1791965.1
2024-02-08,A,129.91046,132.26498,129.62596,131.5292,1378651.2
2024-02-09,A,131.39183,132.6672,130.24402,130.81302,927308.75
2024-02-12,A,130.75417,130.75417,127.90913,129.80254,1255631.9
2024-02-13,A,127.86987,129.14525,125.82929,127.300865,1051033.5
2024-02-14,A,128.51738,129.82217,127.74175,129.73387,1432364.2
2024-02-15,A,130.46967,133.0253,130.16553,132.1963,1543746.1
2024-02-16,A,131.05829,133.6875,131.05829,132.28459,1087446.6
2024-02-20,A,131.13676,132.76532,131.04356,131.59787,1594119.8
2024-02-21,A,130.83264,132.87814,130.64624,132.76532,1156644
2024-02-22,A,129.96931,130.5089,126.56999,129.51805,2715923.5
2024-02-23,A,130.28326,130.83264,129.07658,129.52785,1914275.1
2024-02-26,A,129.2826,130.40099,128.3506,128.9981,1709878.5
2024-02-27,A,128.95885,130.65605,128.38983,130.038,1806945
2024-02-28,A,137.2291,137.2291,133.76599,134.41347,2586089
2024-02-29,A,134.90399,135.41414,133.28526,134.75684,2673270
2024-03-01,A,134.43309,136.51291,132.11781,136.42462,1560575
2024-03-04,A,136.51291,140.77068,136.17937,140.1526,2211144.2
2024-03-05,A,140.28996,143.62552,140.28996,141.61438,2673261
2024-03-06,A,142.25206,144.64581,142.00679,143.44893,2403495.5
2024-03-07,A,144.30244,146.80412,144.30244,146.48038,1980403.4
2024-03-08,A,146.80412,148.70735,145.04805,145.06766,1619000.2
2024-03-11,A,145.1952,146.45094,143.35083,144.49864,1424574.6
2024-03-12,A,144.81259,146.64226,144.45157,145.03822,1215321
2024-03-13,A,145.36197,146.27925,144.74391,145.01862,2274651.8
2024-03-14,A,145.09709,145.44046,141.5555,142.45808,2138761.5
2024-03-15,A,141.2612,145.83287,141.2612,144.68504,3848388.2
2024-03-18,A,145.07748,145.54837,143.1301,143.3214,2325385.2
2024-03-19,A,143.2233,144.77336,142.71315,144.59676,2014376.1
2024-03-20,A,144.42018,144.9107,143.60591,144.48885,1555972.8
2024-03-21,A,144.78316,147.29465,144.38583,145.92117,1604642.1
2024-03-22,A,146.0291,146.45094,143.64514,144.65562,1097347.2
2024-03-25,A,144.74391,145.26389,141.05518,142.80144,1743546.6
2024-03-26,A,142.8505,143.48935,141.64381,141.67323,2060275
2024-03-27,A,142.88972,144.68504,141.79095,144.57713,1235613.5
2024-03-28,A,144.74391,144.88126,142.60522,142.75238,2218598.5
2024-04-01,A,143.64265,143.9571,141.91321,143.03343,985428.7
2024-04-02,A,141.52016,141.82478,140.11497,141.66756,1400857.5
2024-04-03,A,141.2745,142.33575,140.31642,141.23518,1232568.4
2024-04-04,A,142.60106,142.73863,138.68033,138.88667,1204864.5
2024-04-05,A,141.67737,142.97447,140.9404,141.61842,1685095.2
2024-04-08,A,141.30399,143.25943,140.52768,141.95253,1269325.4
2024-04-09,A,143.46579,144.87096,142.97485,144.84149,889124.06
2024-04-10,A,141.91321,142.5421,141.05832,141.65773,1070401.6
2024-04-11,A,143.12186,143.32527,141.17624,142.48315,732896.3
2024-04-12,A,141.09763,142.14905,137.82542,138.28726,1144370.5
2024-04-15,A,139.83984,140.76352,136.60695,137.78612,1532630.8
2024-04-16,A,137.84508,137.92369,134.25352,134.42549,1369437.1
2024-04-17,A,134.85785,135.07404,130.56369,132.21454,2120888.5
2024-04-18,A,128.98164,132.10645,126.11232,130.14116,1970773.9
2024-04-19,A,130.7504,131.4186,129.85619,130.42612,1326374.6
2024-04-22,A,131.22206,132.67638,129.49261,131.58565,865544.75
2024-04-23,A,135.58499,137.22601,133.65411,136.78381,2014408.2
2024-04-24,A,135.93875,137.46185,133.84573,135.10352,1580711.4
2024-04-25,A,134.68097,134.82837,131.79199,134.00294,957382.9
2024-04-26,A,134.08156,135.9584,132.65672,135.34917,768280.5
2024-04-29,A,135.86014,137.44218,135.48674,137.16705,794953.5
2024-04-30,A,136.19424,137.22601,134.59253,134.66132,1106590.8
2024-05-01,A,134.34688,138.12021,133.76712,136.28268,865462.3
2024-05-02,A,136.8133,137.45692,134.33705,135.133,1167070.5
2024-05-03,A,137.26532,138.50345,136.00754,137.02948,1117315.9
2024-05-06,A,137.11792,139.01442,135.93384,138.16936,1668368.9
2024-05-07,A,138.67049,139.68262,137.33409,138.8179,1513105.9
2024-05-08,A,138.67049,140.51787,137.60924,140.32133,1448677.5
2024-05-09,A,140.62596,142.95482,140.341,142.62071,1276241.5
2024-05-10,A,143.3577,150.15758,142.60106,147.16052,2286437
2024-05-13,A,146.93452,147.65184,144.6253,145.19524,1340951.6
2024-05-14,A,146.16806,148.91946,145.80449,148.65414,1709577.1
2024-05-15,A,150.34428,151.86739,149.8628,151.40555,1551564.4
2024-05-16,A,149.92175,152.15234,149.92175,151.63155,1348470.2
2024-05-17,A,151.82808,152.6535,150.37376,151.55293,1889800.4
2024-05-20,A,151.29745,152.26044,150.80121,151.95583,922250.06
2024-05-21,A,151.67087,151.96564,149.69574,151.00266,1014727.2
2024-05-22,A,150.91423,151.80843,149.99054,150.21654,1253010.2
2024-05-23,A,149.82349,149.82349,147.50446,147.93681,1022958.06
2024-05-24,A,148.1923,148.8266,146.96399,148.0449,798187.6
2024-05-28,A,148.20213,148.5657,145.13628,145.63744,1391063.5
2024-05-29,A,144.19295,144.43861,142.23749,142.95482,1631531.5
2024-05-30,A,123.1251,132.83359,123.1251,129.13887,5229316.5
2024-05-31,A,128.72615,131.73796,127.31115,128.14641,5427353
2024-06-03,A,127.743515,130.27873,127.743515,129.1192,3169862.2
2024-06-04,A,128.96199,129.95445,128.01875,128.57877,2944779.2
2024-06-05,A,128.27414,131.8706,127.753334,131.24171,2755280
2024-06-06,A,130.16083,132.01802,129.98393,130.51457,2309727.2
2024-06-07,A,129.65967,131.06474,129.01111,130.67178,2407121.8
2024-06-10,A,130.56369,131.52669,129.95445,130.72092,1703174
2024-06-11,A,130.33769,130.68163,129.20766,129.8169,2118332.2
2024-06-12,A,131.31052,131.31541,130.03307,130.84866,2442303.5
2024-06-13,A,130.28856,130.69144,127.782814,128.30362,2600581.8
2024-06-14,A,127.743515,128.47067,126.99671,127.59612,2201486.5
2024-06-17,A,128.83424,129.77759,127.25219,129.54175,2127448.2
2024-06-18,A,129.83655,132.80412,129.27643,132.55846,3514076
2024-06-20,A,130.94693,132.31279,130.2296,130.42612,2938366
2024-06-21,A,130.54405,132.1654,129.90532,130.9371,4540097
2024-06-24,A,132.95152,135.31969,132.00818,132.73534,3398541.5
2024-06-25,A,132.65672,133.64919,131.95905,132.35211,2351649
2024-06-26,A,131.66426,132.86308,130.4556,130.77988,1869222.2
2024-06-27,A,129.90532,130.68163,128.31345,128.52963,1931504.2
2024-06-28,A,129.37471,130.72977,126.16146,127.379944,9991032
2024-07-01,A,128.42154,129.49753,124.85552,125.188644,2406617
2024-07-02,A,125.45051,126.5728,123.49142,123.82613,2012403.6
2024-07-03,A,124.16086,125.67693,123.87536,124.17069,1308536.8
2024-07-05,A,124.43651,124.64324,123.34375,124.406975,1362826.1
2024-07-08,A,124.71216,124.76138,123.45204,124.11163,2124053
2024-07-09,A,124.278984,124.278984,122.23131,123.471725,1583485.9
2024-07-10,A,124.45619,125.16501,123.591835,125.0961,1866321.4
2024-07-11,A,126.799225,129.49174,125.89105,128.78786,1693478.5
2024-07-12,A,129.1324,131.32776,128.61064,130.17593,1500651.1
2024-07-15,A,129.95935,131.07181,128.74353,128.97488,1031746.1
2024-07-16,A,129.93968,134.07433,129.55081,133.94644,1081127.2
2024-07-17,A,133.06042,133.88737,131.34746,131.42621,1047466.3
2024-07-18,A,130.26456,133.10965,129.61479,129.91998,2827447.5
2024-07-19,A,129.91014,130.71739,128.26607,129.73293,1758763.6
2024-07-22,A,130.99304,131.84953,129.35883,131.34746,2041074
2024-07-23,A,135.47237,135.52159,128.46298,128.62048,1666695.4
2024-07-24,A,128.83707,132.34177,128.15778,132.07596,2099292.2
2024-07-25,A,131.86922,136.21565,131.37698,132.88322,1359976.9
2024-07-26,A,134.56667,138.11073,133.96614,135.18687,1744773.2
2024-07-29,A,135.44777,135.63972,133.51328,135.24594,1241940.2
2024-07-30,A,135.89568,137.55943,134.98013,137.32317,1450567.1
2024-07-31,A,138.20918,141.7631,137.53975,139.20349,2623478
2024-08-01,A,140.03046,141.97969,139.54807,140.64081,2942155.5
2024-08-02,A,139.77448,140.946,133.65111,136.88014,2334620
2024-08-05,A,134.42883,134.69464,130.99304,132.60757,1914990.4
2024-08-06,A,133.31639,136.76202,132.18425,134.14334,1485037.5
2024-08-07,A,135.11797,135.94,131.61327,131.87907,1578429.2
2024-08-08,A,132.06612,135.08842,131.70186,134.63557,992263.8
2024-08-09,A,134.71432,135.71849,133.99074,134.77339,749252.9
2024-08-12,A,134.6848,134.6848,132.39099,133.49359,1368429.1
2024-08-13,A,133.72002,135.56097,133.22778,135.28532,1176250.9
2024-08-14,A,135.78738,136.5356,133.76924,133.91692,1107239.9
2024-08-15,A,135.52159,137.8154,135.52159,137.71695,1138057.6
2024-08-16,A,137.6185,138.71126,136.36824,137.86461,1305107.5
2024-08-19,A,138.3667,139.0952,137.11642,138.32732,1741125.6
2024-08-20,A,138.41592,139.3364,137.26408,137.57913,1247129.9
2024-08-21,A,137.80554,138.60297,136.98352,137.8154,2298684.8
2024-08-22,A,143.11674,143.19058,136.00397,138.04182,2676099.5
2024-08-23,A,139.01645,140.05998,137.98276,138.68172,1763043.1
2024-08-26,A,138.918,138.98691,137.78587,138.30763,1029181.3
2024-08-27,A,138.29778,139.01634,137.53975,138.90816,964729.06
2024-08-28,A,139.33147,140.09935,138.11073,138.86877,1107050.9
2024-08-29,A,139.8631,141.2118,138.918,140.31593,1602268.6
2024-08-30,A,139.95169,141.04445,138.8294,140.69987,1595480.1
2024-09-03,A,139.42993,141.04445,135.91537,136.8014,1654894.1
2024-09-04,A,136.24025,137.49052,134.36977,136.01382,1390280.6
2024-09-05,A,136.21072,136.89984,134.79802,136.21072,1213470
2024-09-06,A,136.29932,137.82524,134.38945,135.06874,1318875.4
2024-09-09,A,136.64389,137.37238,135.0195,135.94492,1798186
2024-09-10,A,135.39362,136.06305,133.82831,135.88585,1379099.9
2024-09-11,A,135.20656,136.70296,132.66664,136.54544,1427713.1
2024-09-12,A,136.0532,136.46667,132.16457,134.27132,1641995.8
2024-09-13,A,134.6848,135.47237,134.24672,135.17703,932240.44
2024-09-16,A,136.13196,137.60866,135.35915,136.1615,901040.75
2024-09-17,A,136.50606,137.60373,135.25578,136.20088,1229271.5
2024-09-18,A,136.34854,138.80971,135.29515,136.85062,1412487.5
2024-09-19,A,139.64651,141.2118,139.25764,139.74495,1245298.5
2024-09-20,A,139.01645,139.19878,135.73817,137.91383,2654835.2
2024-09-23,A,138.95737,138.95737,136.44768,137.6185,2213870.2
2024-09-24,A,137.92369,141.04445,137.14597,139.66618,1960538
2024-09-25,A,139.76465,140.61621,137.04752,137.27394,1459983.4
2024-09-26,A,139.06566,144.67714,138.35684,144.46056,2183680.2
2024-09-27,A,144.8937,147.74866,144.8937,145.76004,2247948.5
2024-09-30,A,145.40562,146.51808,144.43102,146.17351,1430533.9
2024-10-01,A,146.12027,146.12027,142.00851,144.51303,1428595.9
2024-10-02,A,144.2271,145.5878,143.08328,144.4933,1217064.4
2024-10-03,A,143.3988,143.94113,142.07753,142.53111,1115630.8
2024-10-04,A,144.15807,144.51303,142.18599,142.94524,1015320.75
2024-10-07,A,142.11697,142.43242,140.83513,141.88033,848590.06
2024-10-08,A,141.98878,143.21147,141.83102,142.59027,927928.1
2024-10-09,A,143.00441,143.55649,142.16628,142.77762,643662.9
2024-10-10,A,141.20982,142.39307,140.60341,140.7464,1307191.2
2024-10-11,A,141.06192,143.02905,141.06192,141.81131,1447593.1
2024-10-14,A,141.98878,143.04385,140.82527,142.23529,1790114
2024-10-15,A,142.33391,144.61165,142.05583,142.56068,1268920.6
2024-10-16,A,139.53355,140.57384,136.50645,137.16708,1726242
2024-10-17,A,139.82938,140.53932,134.57382,135.50069,1615446.5
2024-10-18,A,136.59518,137.57137,135.32074,136.891,1202062.9
2024-10-21,A,136.41771,136.87128,134.31746,134.8499,989770.9
2024-10-22,A,132.80882,132.86798,130.13667,131.59601,1848552.2
2024-10-23,A,131.40866,132.42427,129.52533,131.172,1681008.2
2024-10-24,A,131.28047,131.44809,128.86469,128.86469,1856000.2
2024-10-25,A,129.34784,129.87045,127.54341,128.37167,1266276.8
2024-10-28,A,129.90988,130.38318,128.51958,129.7028,1764507.4
2024-10-29,A,129.3084,130.44234,128.7365,129.39714,954922.1
2024-10-30,A,129.82114,132.23692,129.3084,129.65352,1572537.2
2024-10-31,A,128.84497,129.60422,128.04628,128.48999,1618696.9
2024-11-01,A,137.19173,139.00111,133.38072,134.95837,2107154
2024-11-04,A,135.4021,138.67572,134.99289,137.69954,1820865.5
2024-11-05,A,136.25008,138.82362,135.32419,138.44893,1258284.1
2024-11-06,A,141.00276,141.0718,135.12599,135.85567,2564723.8
2024-11-07,A,136.85155,138.1137,135.6486,137.67982,2213719.5
2024-11-08,A,135.7472,136.7283,133.05533,134.77101,1945809.6
2024-11-11,A,135.1556,135.54015,131.33963,131.99042,5482055.5
2024-11-12,A,131.99042,134.13995,131.77348,131.80307,1511916.5
2024-11-13,A,131.39879,132.9863,130.34373,132.40454,1118714.8
2024-11-14,A,131.82278,132.47357,128.34209,128.40125,1999022.9
2024-11-15,A,127.66173,127.898384,124.062706,125.29525,2668405
2024-11-18,A,125.14734,126.300995,124.25005,125.14734,1465463.8
2024-11-19,A,124.02326,125.34455,123.37248,123.934525,1864237.4
2024-11-20,A,123.56969,126.912346,123.14569,126.77431,1720117.4
2024-11-21,A,127.898384,130.34373,127.257454,130.21555,2923012
2024-11-22,A,130.255,132.444,129.66338,131.97069,2097134.1
2024-11-25,A,132.65105,133.71597,131.8918,132.61162,3402927.8
2024-11-26,A,125.24594,132.92714,124.407814,132.49329,3492935
2024-11-27,A,132.80882,137.05862,132.36017,136.21063,2370039.8
2024-11-29,A,135.35278,137.1523,135.16939,136.04301,1200056.9
2024-12-02,A,135.90497,138.06438,135.19008,137.63052,1726350.5
2024-12-03,A,136.87128,137.64531,134.79074,137.33472,1739340.9
2024-12-04,A,137.25583,140.421,135.76692,138.24187,1976504.4
2024-12-05,A,137.05862,138.6067,135.63873,135.9444,2022773.5
2024-12-06,A,137.52206,139.80965,137.0192,138.61656,1316411
2024-12-09,A,138.84334,142.55084,138.47852,141.98878,1569191.5
2024-12-10,A,142.23529,142.87622,139.74576,139.9477,1279129.2
2024-12-11,A,140.86472,141.58452,139.19832,139.21803,1874863.8
2024-12-12,A,138.53767,139.7357,137.92633,138.94196,990192.75
2024-12-13,A,138.39963,138.50316,135.3725,137.05862,1495176.8
2024-12-16,A,136.6938,137.98352,135.08656,135.7472,1603092
2024-12-17,A,135.65846,137.39388,134.29773,134.55411,2465078
2024-12-18,A,135.03725,135.6486,131.05368,131.15228,1771693.8
2024-12-19,A,131.28047,132.39468,129.7817,131.32977,2197601.2
2024-12-20,A,131.3692,133.63708,131.3692,132.63133,4425763.5
2024-12-23,A,132.28622,132.80882,131.31004,132.72008,1211875
2024-12-24,A,132.72008,134.19913,132.27635,134.19913,375459.94
2024-12-26,A,133.12434,134.0808,133.08492,133.9329,564459.7
2024-12-27,A,132.73979,134.31953,132.71022,133.64694,640767.44
2024-12-30,A,132.52286,133.69624,131.37907,132.54259,1007717.5
2024-12-31,A,133.17285,134.25949,132.40231,132.70856,728452.44
2025-01-02,A,133.568,134.08167,131.25641,131.8096,965309.9
2025-01-03,A,131.82936,134.3978,131.1428,134.04216,1262247.9
2025-01-06,A,133.95326,136.65997,133.69641,134.77316,1059905.6
2025-01-07,A,135.16832,138.57642,134.32863,135.74127,1069683.4
2025-01-08,A,136.00798,136.00798,133.9829,135.33626,1705282.2
2025-01-10,A,133.11357,138.43813,133.07307,135.80055,1386715.5
2025-01-13,A,135.55357,141.08559,135.33626,140.22614,1581160.9
2025-01-14,A,140.27553,143.61449,138.448,141.68816,2475496.8
2025-01-15,A,142.38954,144.72089,136.99585,140.50273,2357270
2025-01-16,A,141.04605,143.34776,138.7246,142.9625,1681899.2
2025-01-17,A,144.10841,146.65709,143.43173,145.57043,3249775.8
2025-01-21,A,146.86453,151.31975,146.21254,150.71718,2793561.5
2025-01-22,A,150.97401,151.89272,149.87749,150.74681,1752275.9
2025-01-23,A,150.97401,151.09749,146.38048,150.59862,1348612.8
2025-01-24,A,150.25288,150.91475,148.9489,149.60089,1867567
2025-01-27,A,149.71944,150.37141,146.9239,149.12672,2256999.2
2025-01-28,A,150.75668,151.37904,148.38583,148.51425,1813648.2
2025-01-29,A,147.18065,148.07959,144.77028,145.30371,1602706.5
2025-01-30,A,147.14113,150.62825,145.8569,149.54163,1514448.8
2025-01-31,A,149.12672,151.97174,148.6723,149.67992,1909797.9
2025-02-03,A,147.94128,148.48955,146.08412,146.82503,1658063.8
2025-02-04,A,146.22243,146.84477,144.49368,145.25432,1306855.6
2025-02-05,A,146.094,146.90405,144.53319,146.1928,1364646.5
2025-02-06,A,145.23457,146.80525,144.42453,145.84703,1157029.1
2025-02-07,A,146.41013,147.57332,142.65627,143.44655,1576918.4
2025-02-10,A,143.81206,144.08253,140.10759,141.945,1786425.6
2025-02-11,A,140.50273,142.4488,139.60132,140.02856,1148199.9
2025-02-12,A,137.09464,138.10225,134.74353,136.40314,2129415
2025-02-13,A,136.59084,136.66531,134.40767,134.79292,1412589.8
2025-02-14,A,135.32639,135.49431,132.67892,133.03455,1375433.5
2025-02-18,A,132.87648,134.53114,132.31342,133.5581,2147124
2025-02-19,A,132.95552,135.82031,132.42207,135.48442,1759517.9
2025-02-20,A,135.98824,136.89706,134.44719,135.1288,883476.06
2025-02-21,A,135.19795,135.85487,133.50871,133.72604,1125920.4
2025-02-24,A,133.85446,135.27698,133.13333,133.63715,2062625.9
2025-02-25,A,133.50871,134.625,131.5824,132.55049,2639003.5
2025-02-26,A,133.36053,134.81268,132.02693,132.83698,1558807.4
2025-02-27,A,127.21607,129.72523,124.28214,125.53672,3511792.8
2025-02-28,A,126.64312,127.9372,124.425385,126.366516,2887846.5
2025-03-03,A,127.4334,127.4334,124.11421,124.79583,2211393.5
2025-03-04,A,123.48198,124.22287,119.97509,121.56554,2555189.5
2025-03-05,A,120.992584,125.75405,120.80489,124.97365,2072421.8
2025-03-06,A,124.46984,127.92733,124.23769,125.01316,2328229.2
2025-03-07,A,124.42044,126.54434,122.88927,125.16133,2081356.2
2025-03-10,A,123.68943,125.1159,120.14303,120.41963,3454296.5
2025-03-11,A,121.10124,121.78287,117.852196,119.560196,2132521.8
2025-03-12,A,120.617195,122.19777,117.63387,118.39452,1829309.4
2025-03-13,A,117.55485,118.621735,115.74707,115.90513,2009160.5
2025-03-14,A,117.36715,120.56781,116.07306,119.708374,3015382.2
2025-03-17,A,119.62934,122.0002,119.313225,121.002464,2040162
2025-03-18,A,120.617195,121.703835,119.94546,121.60506,1432837.6
2025-03-19,A,121.07161,121.73842,119.831856,120.72586,1727036.4
2025-03-20,A,120.24181,120.59744,118.23627,118.8193,1640529.9
2025-03-21,A,117.93023,119.313225,116.48796,119.28359,3078822.8
2025-03-24,A,120.39987,122.91891,119.42189,120.48878,1576560
2025-03-25,A,121.11112,121.545784,118.30562,119.04651,1625736.1
2025-03-26,A,119.25396,119.66885,117.60424,118.44392,2685543.8
2025-03-27,A,118.5427,118.8687,117.28813,117.525215,2101260
2025-03-28,A,117.7623,118.20683,114.94691,115.2729,1794677.9
2025-03-31,A,114.94691,116.30027,112.37849,115.55938,2038781.2
2025-04-01,A,115.25051,115.29506,112.22125,112.90433,2326162.2
2025-04-02,A,111.983665,115.07232,111.61738,114.82483,1967812.5
2025-04-03,A,111.96386,112.75583,108.46932,108.56832,3841092.2
2025-04-04,A,106.063736,106.6181,101.816826,101.965324,3865254
2025-04-07,A,101.59904,105.92514,97.52043,102.54939,3599183.2
2025-04-08,A,104.99458,105.68755,96.391884,98.292595,4571114.5
2025-04-09,A,97.07494,106.220345,95.46132,105.97464,4277670
2025-04-10,A,103.76704,104.22242,95.8375,98.94596,5028315.5
2025-04-11,A,100.13391,102.29696,97.86691,101.67824,2877994.8
2025-04-14,A,103.88583,105.143074,102.95528,104.13332,1926095.4
2025-04-15,A,103.252266,104.19272,101.50994,102.08412,1340175.6
2025-04-16,A,102.18311,103.77694,100.84668,101.668335,1469169.4
2025-04-17,A,101.59904,102.4603,100.33685,101.45055,1787877
2025-04-21,A,100.82687,101.01497,98.1243,99.252846,2345381.2
2025-04-22,A,100.975365,102.89588,100.1834,101.77723,2345351
2025-04-23,A,105.59846,108.51882,103.69775,103.94523,2258899.5
2025-04-24,A,104.36101,106.00434,102.12372,105.94494,2009643.8
2025-04-25,A,104.806496,105.36087,103.30176,105.21237,1131946.9
2025-04-28,A,106.27162,107.46947,104.331314,105.79645,1706951
2025-04-29,A,105.82615,106.93489,104.71739,106.380516,1214034.5
2025-04-30,A,105.885544,106.86559,104.39071,106.51911,1466938
2025-05-01,A,106.17263,107.14279,103.055664,105.390564,1538689.8
2025-05-02,A,108.14264,109.221695,106.37062,107.538765,1225514.8
2025-05-05,A,107.01409,108.15254,106.380516,107.28138,1399617.8
2025-05-06,A,106.17263,107.122986,103.30672,104.182816,1980480.8
2025-05-07,A,105.618256,106.51911,103.73734,106.43991,2165805.5
2025-05-08,A,106.91509,109.538475,105.47967,107.60806,2114598
2025-05-09,A,107.86545,108.75641,105.717255,105.85584,1383456.4
2025-05-12,A,109.69687,114.547646,109.340485,114.38926,2902304.8
2025-05-13,A,114.27046,115.70589,113.66164,114.26056,2874146
2025-05-14,A,113.79528,114.33975,110.16215,110.399734,2589403.5
2025-05-15,A,110.16215,111.2709,107.835754,111.2709,1892993.9
2025-05-16,A,111.1521,112.68653,109.706764,112.62713,1830352.6
2025-05-19,A,111.36989,112.33015,110.90461,112.30045,2107488.5
2025-05-20,A,112.31035,112.993416,111.52829,112.34005,2268589
2025-05-21,A,110.874916,111.47384,107.60806,107.815956,2888913.2
2025-05-22,A,107.27148,109.0831,106.88045,108.57822,2404094
2025-05-23,A,106.6973,107.96445,105.99444,107.43977,1708152.1
2025-05-27,A,109.637474,110.647224,108.86035,110.14235,2125259
2025-05-28,A,109.71667,110.45914,109.0336,109.76616,2760785.2
2025-05-29,A,115.77024,115.81479,111.86487,112.14205,3876358.5
2025-05-30,A,110.90461,111.77578,109.675095,110.795715,4801884
2025-06-02,A,110.02355,110.29085,108.924706,109.93446,1774852.1
2025-06-03,A,109.77606,111.857445,108.647514,111.62728,1506369.1
2025-06-04,A,112.22125,114.13187,111.75102,113.785385,2720210.8
2025-06-05,A,114.26056,114.33975,112.498436,112.795425,1894924.2
2025-06-06,A,114.25066,114.85453,113.62698,114.63674,1572244.9
2025-06-09,A,115.43861,117.27992,114.60704,115.5673,2169681.2
2025-06-10,A,116.715645,119.9429,115.94843,119.309326,3534991.5
2025-06-11,A,119.54692,121.59612,118.467865,118.517365,2780327.5
2025-06-12,A,117.7848,118.844055,117.33932,117.71551,1375340.9
2025-06-13,A,115.507904,117.705605,115.28021,115.903885,1668834.1
2025-06-16,A,116.50776,118.141174,114.40905,117.824394,1417082.1
2025-06-17,A,116.319664,117.27992,114.65654,114.92383,1593144.8
2025-06-18,A,114.92383,115.70589,113.513145,114.35955,1576171.2
2025-06-20,A,115.00302,115.6861,113.92397,114.39915,3074756.2
2025-06-23,A,113.79528,115.06242,112.55783,114.963425,1463078.2
2025-06-24,A,116.151375,116.814644,115.39901,116.45826,1965010.4
2025-06-25,A,115.933586,118.57676,115.79499,117.42841,1707477.2
2025-06-26,A,117.98279,119.329124,116.85424,118.220375,1503090.1
2025-06-27,A,118.79455,119.00244,116.992836,117.972885,1752305.6
2025-06-30,A,117.99269,118.45797,116.26521,116.82455,1618757.1
2025-07-01,A,116.505104,122.179565,115.904915,119.491135,1951275.5
2025-07-02,A,120.03676,120.6171,118.51031,119.69947,1478920.2
2025-07-03,A,120.03676,120.780785,119.70938,120.41373,952540.9
2025-07-07,A,119.441536,119.78875,117.15984,118.30069,1471626.1
2025-07-08,A,118.62807,122.12996,118.33045,120.046684,1932469.8
2025-07-09,A,120.43358,121.37601,117.953476,120.33437,1821242.4
2025-07-10,A,120.66174,125.42849,119.97724,123.18152,2287747
2025-07-11,A,121.95139,122.67558,121.36113,122.29861,1394068.8
2025-07-14,A,120.87006,120.889915,118.320526,119.124084,2045008.6
2025-07-15,A,117.06064,118.80663,111.03896,112.040924,3982562
2025-07-16,A,112.55678,113.54882,110.96952,112.52702,2266891
2025-07-17,A,113.19169,115.64202,112.34845,115.43369,1565330.1
2025-07-18,A,115.89003,116.267006,112.62622,113.08256,1534073.2
2025-07-21,A,112.32861,112.755196,109.868355,111.14809,2077327.9
2025-07-22,A,111.95164,116.1182,111.24729,115.26505,1705692.5
2025-07-23,A,118.42965,119.82843,116.544785,118.518936,1955293.5
2025-07-24,A,118.479256,121.77283,118.479256,119.39193,1615673.9
2025-07-25,A,119.54074,120.046684,118.07252,119.22329,1988560.2
2025-07-28,A,118.45942,119.808586,117.77491,118.58838,1692626.5
2025-07-29,A,118.79671,119.54569,117.90884,118.88599,1221931.4
2025-07-30,A,119.28281,119.50105,116.296776,117.110245,986967.94
2025-07-31,A,115.64202,117.39793,113.55874,113.896034,2358287.5
2025-08-01,A,112.54686,113.409935,110.304855,112.596466,1903804.6
2025-08-04,A,112.26909,114.11428,111.118324,113.92579,1353985.6
2025-08-05,A,113.896034,114.5111,113.34049,113.975395,1281252.6
2025-08-06,A,114.16389,114.16389,111.66394,112.32861,1067160.4
2025-08-07,A,113.5885,114.00516,112.25917,113.07265,1166753.1
2025-08-08,A,113.40001,114.08452,112.487335,113.70755,1138827.9
2025-08-11,A,114.12421,114.74918,112.82464,113.22144,1091024.2
2025-08-12,A,113.59843,116.43566,113.48434,116.386055,924749.6
2025-08-13,A,117.12016,119.43657,116.92175,119.33241,991489.94
2025-08-14,A,118.28085,118.45445,117.20945,117.92371,933800.7
2025-08-15,A,118.65782,119.005035,117.54674,118.25108,1248409.1
2025-08-18,A,118.17173,118.6479,117.20945,117.20945,1029296.9
2025-08-19,A,117.55666,119.63002,117.20448,119.15385,1324021.1
2025-08-20,A,118.91576,119.50105,117.33851,118.161804,1443349
2025-08-21,A,117.54674,117.755066,116.09836,116.21741,750710.2
2025-08-22,A,117.32848,121.43554,116.52989,120.66174,1301348.6
2025-08-25,A,120.532776,120.7163,117.53682,118.201485,1494427.6
2025-08-26,A,118.28085,118.67766,117.16481,117.35825,1913542.1
2025-08-27,A,117.55666,118.25108,116.57454,117.74515,1712260.8
2025-08-28,A,117.85427,124.421974,117.25905,123.96523,3917628
2025-08-29,A,124.00491,125.29457,123.122,124.65967,1795508.5
2025-09-02,A,123.885864,124.520775,120.83039,124.21324,2432158.8
2025-09-03,A,123.96523,124.82831,122.73511,124.22317,2517402.2
2025-09-04,A,124.00491,127.80443,122.81447,127.45721,2737280.5
2025-09-05,A,127.695305,129.95715,127.36793,127.72506,1646308.8
2025-09-08,A,126.46021,127.39769,125.27473,127.11,2153588
2025-09-09,A,127.080246,127.24392,124.848145,125.244965,1482108.6
2025-09-10,A,124.91759,125.71123,123.0228,123.13192,1682913.1
2025-09-11,A,124.51086,126.03363,123.87595,125.721146,1485948.1
2025-09-12,A,125.44337,125.51778,122.149796,122.25893,1260928.9
2025-09-15,A,123.00295,125.403694,122.71526,124.6299,2101652.5
2025-09-16,A,124.6299,126.565765,124.02475,126.17748,1734934.2
2025-09-17,A,126.70326,129.04448,125.373924,125.71123,1937149
2025-09-18,A,126.74294,127.51673,125.75091,126.60406,1525479.9
2025-09-19,A,127.258804,127.52666,125.01183,125.31441,2867137.2
2025-09-22,A,124.50094,125.61202,124.17356,125.32433,984505.3
2025-09-23,A,125.165596,125.97411,124.89527,124.93743,1291820.8
2025-09-24,A,124.17356,124.957275,123.08727,123.38985,1249884.9
2025-09-25,A,122.67558,122.67558,119.81851,120.91967,1423127
2025-09-26,A,121.0784,123.062485,120.58238,122.40773,1176492.6
2025-09-29,A,122.77479,123.24105,121.59674,122.76487,1497974.9
2025-09-30,A,122.68336,127.623695,122.27959,127.58394,2432398
2025-10-01,A,127.57399,138.15048,127.42002,137.75288,4359425.5
2025-10-02,A,136.72902,139.80058,136.0829,137.87216,2242136.2
2025-10-03,A,138.17036,142.23595,138.02623,140.79462,2360046
2025-10-06,A,140.66537,141.08784,139.06499,140.76479,1547639.2
2025-10-07,A,141.0133,141.42085,137.61371,137.73299,1453266.9
2025-10-08,A,139.52225,141.58984,138.14055,139.96956,1709019.4
2025-10-09,A,139.44273,140.09879,137.65347,139.27374,1156903
2025-10-10,A,138.82643,139.73596,135.47653,135.80457,1979973.6
2025-10-13,A,137.02724,139.00536,135.94125,137.40495,1490367.4
2025-10-14,A,135.45667,139.08487,134.73102,137.2161,1148928.5
2025-10-15,A,137.85226,139.38309,136.53023,138.81648,1702620.2
2025-10-16,A,139.99939,142.46956,139.42284,140.25784,2193317
2025-10-17,A,138.92583,141.38606,138.19025,141.07294,1515556.8
2025-10-20,A,142.1465,143.76677,141.42085,142.1465,1589952.8
2025-10-21,A,144.43277,148.6077,143.40892,144.81049,1668412
2025-10-22,A,144.41289,146.85822,143.59282,144.99936,1504358.9
2025-10-23,A,145.4268,147.44757,144.73099,146.57988,1217309.6
2025-10-24,A,147.23593,148.22997,146.64449,147.14647,1142339.1
2025-10-27,A,147.39497,147.76277,145.6455,145.71506,1195085
2025-10-28,A,144.87015,146.391,143.76677,144.97949,1478892.9
2025-10-29,A,144.65146,145.1783,142.01727,142.34529,1913947.5
2025-10-30,A,142.0769,144.40295,141.35625,142.50435,1528769.6
2025-10-31,A,141.92781,146.11269,141.74889,145.48643,1496156.9
2025-11-03,A,144.20415,144.70612,141.6793,143.82642,1796569
2025-11-04,A,142.64351,147.82242,142.64351,145.20811,2189851.2
2025-11-05,A,142.2956,146.6097,141.60973,145.894,1674684.5
2025-11-06,A,144.91983,147.12659,144.23396,146.6097,1293681.4
2025-11-07,A,145.6455,146.2419,143.7121,145.86418,1033337.56
2025-11-10,A,146.05302,146.99251,144.23396,145.48643,1318573
2025-11-11,A,146.03316,149.08116,145.90393,148.52817,1226009.5
2025-11-12,A,149.01526,151.75877,147.892,150.61565,2077012.8
2025-11-13,A,148.54807,151.18721,145.6455,146.01328,1952400
2025-11-14,A,144.45265,147.11665,143.63754,145.9437,1310461.6
2025-11-17,A,145.49637,146.15741,143.19023,143.65742,1454457
2025-11-18,A,142.38507,144.42282,139.40297,142.98148,2344768
2025-11-19,A,144.62164,144.62164,141.90793,143.53813,1859414
2025-11-20,A,146.28166,146.48047,143.09082,144.1942,1452361.5
2025-11-21,A,143.60773,150.8542,143.60773,150.34726,2483994
2025-11-24,A,150.99336,152.68323,149.57191,152.68323,4008413.5
2025-11-25,A,149.88005,159.31342,147.11676,156.26173,3720158
2025-11-26,A,154.81046,157.17624,153.10072,153.44862,3314234.2
2025-11-28,A,153.19019,153.6375,152.3055,152.58383,1540808.4
2025-12-01,A,151.62955,153.03113,148.29955,149.20412,2056489.2
2025-12-02,A,150.05899,150.55103,147.86218,147.92181,1663108.4
2025-12-03,A,148.8761,150.52617,148.2101,148.36913,2176055
2025-12-04,A,148.36913,148.90591,143.3592,147.43475,2882384.8
2025-12-05,A,147.90193,148.11069,143.89598,144.62164,2154964
2025-12-08,A,143.95564,143.95564,141.33138,141.58984,2208525.8
2025-12-09,A,141.45067,141.91788,139.38309,139.80058,2338442.2
2025-12-10,A,140.66537,143.07094,140.21808,142.6137,1875602.6
2025-12-11,A,142.7131,143.02234,141.29163,142.01727,1233448.9
2025-12-12,A,141.73894,141.99739,138.31947,138.8463,1973835
2025-12-15,A,140.97354,142.50932,138.88608,139.76082,2728360.5
2025-12-16,A,139.64153,139.66827,137.21114,138.35924,1809550.4
2025-12-17,A,137.84233,138.47354,135.45667,135.84435,2255513.2
2025-12-18,A,136.27176,138.15048,135.4169,136.0829,2710027
2025-12-19,A,136.39105,137.44473,135.6157,136.42088,4988908.5
2025-12-22,A,136.7986,138.35924,136.38608,137.69324,2050554.9
2025-12-23,A,137.34532,138.09085,136.81848,137.5342,1215970.6
2025-12-24,A,137.52426,137.74294,136.94771,137.49443,512017
2025-12-26,A,137.67336,137.80258,137.0471,137.56401,743776.3
2025-12-29,A,137.57394,138.23996,136.7986,137.10675,1650703.4
2025-12-30,A,136.74892,137.33539,136.01341,136.7986,2437660.2
2025-12-31,A,136.78867,137.14651,135.22803,135.25786,955680.06
2026-01-02,A,135.42685,137.12663,134.46263,137.12663,1660625.5
2026-01-05,A,136.84831,142.11667,136.83836,142.0769,2999402.2
2026-01-06,A,141.58398,147.93227,141.57404,146.98128,2638776.5
2026-01-07,A,147.0211,148.76376,144.93987,147.19038,2288701
2026-01-08,A,146.12488,148.11151,144.75565,145.14897,1736267.4
2026-01-09,A,146.86177,149.40108,146.53316,147.89742,1826733.5
2026-01-12,A,147.97708,149.37122,146.29515,147.36964,1132724.2
2026-01-13,A,147.9472,149.46582,142.53996,145.70665,2604372.2
2026-01-14,A,145.79626,147.74803,144.90501,145.3083,1691200.4
2026-01-15,A,145.9755,146.27924,144.0735,144.22289,1682031
2026-01-16,A,143.59552,144.27267,138.90028,139.05464,2614471.8
2026-01-20,A,137.42151,138.18819,134.06564,135.2606,3314665.8
2026-01-21,A,135.64897,139.88116,135.44981,139.1841,1996420.9
2026-01-22,A,138.71606,140.59814,137.8497,138.04887,1459287.2
2026-01-23,A,137.42151,137.78499,133.39348,134.48389,1819268.2
2026-01-26,A,134.15526,136.38588,133.53787,135.08136,1558533.2
2026-01-27,A,133.92624,136.51523,133.49304,135.3801,1428516.2
2026-01-28,A,134.82744,135.00171,132.84079,133.30882,1689709.1
2026-01-29,A,132.19353,132.75117,129.08661,132.71135,1927398.5
2026-01-30,A,131.38692,133.37854,130.53052,133.28891,1815625
2026-02-02,A,132.07404,134.99672,131.56616,134.82245,1494098.1
2026-02-03,A,134.82245,137.26717,131.0085,131.58607,2473224.5
2026-02-04,A,131.75536,134.30603,131.75536,132.42255,1966743.5
2026-02-05,A,131.63586,132.89058,128.80779,129.09656,1486569.6
2026-02-06,A,129.77371,130.87408,128.09079,129.0368,1939174.9
2026-02-09,A,127.25431,127.46343,125.15316,126.96553,2242988.5
2026-02-10,A,127.75221,129.43016,126.75641,128.45924,2133465.2
2026-02-11,A,127.49331,129.01689,126.60206,128.35965,2071232.5
2026-02-12,A,128.45924,128.45924,120.48282,124.35651,3455429
2026-02-13,A,125.073494,127.23439,124.490944,125.28261,1534299.6
2026-02-17,A,125.33738,125.382195,122.474434,123.350746,2119395.2
2026-02-18,A,123.12171,126.457664,122.53419,126.407875,1376292.4
2026-02-19,A,125.48177,125.83031,123.14163,125.81039,1900863.2
2026-02-20,A,124.67516,125.26768,121.54833,122.38481,4260853
2026-02-23,A,121.3193,123.73911,121.16992,123.67936,2369446.5
2026-02-24,A,123.98807,125.29755,122.613846,123.878525,2741201.2
2026-02-25,A,124.98387,125.06353,122.92255,124.19718,2479687.2
2026-02-26,A,121.37904,123.88849,114.01006,120.462906,6122287
2026-02-27,A,119.108604,121.463684,118.55096,120.87118,4351825.5
2026-03-02,A,118.35178,118.8945,117.11699,117.67464,3492655.5
2026-03-03,A,116.151054,118.60064,114.51793,118.54099,2782607
2026-03-04,A,119.07873,120.66206,118.750114,120.034706,2818026.2
2026-03-05,A,118.40158,119.78575,116.60415,117.61489,2668921.8
2026-03-06,A,116.170975,116.2805,114.42831,114.58763,2528013.2
2026-03-09,A,113.452415,116.22076,112.84497,116.151054,3221318.8
2026-03-10,A,115.025795,116.5444,113.97521,114.94613,2349994.8
2026-03-11,A,115.0955,116.18092,113.66153,114.936165,1553983.4
2026-03-12,A,113.03417,113.71133,110.425156,111.16205,2212043
2026-03-13,A,112.695595,113.17359,110.55461,111.04256,1727784.1
2026-03-16,A,112.70556,113.59183,110.96289,111.36122,1469042.1
2026-03-17,A,112.46657,114.41835,112.17778,112.27736,2293762.5
2026-03-18,A,111.23176,111.94376,109.86751,111.0326,2414528.5
2026-03-19,A,110.20608,112.11803,110.02683,111.28155,2770591.5
2026-03-20,A,111.1023,112.05828,109.71813,110.83344,4421026
2026-03-23,A,112.94455,113.22337,111.06247,111.550415,1984306.5
2026-03-24,A,110.12641,114.75692,109.56876,113.721275,2085600.8
2026-03-25,A,115.4042,115.91206,111.27159,112.5064,1711686
2026-03-26,A,113.382706,114.03994,112.79517,113.0043,2572636
2026-03-27,A,113.054085,113.25823,109.43931,109.77788,1275277
2026-03-30,A,111.09235,112.49644,110.6044,111.54047,1379325.8
2026-03-31,A,112.33394,114.97884,111.68018,113.76119,2474198
2026-04-01,A,113.79113,115.49785,113.63143,114.320114,1558302.4
2026-04-02,A,113.69132,117.09477,112.77309,115.25831,1114083.6
2026-04-06,A,114.91896,115.457924,112.79804,114.61953,1155982.4
2026-04-07,A,113.72127,114.33009,112.683266,113.66138,1628160.2
2026-04-08,A,115.757355,118.02299,115.757355,116.69554,1387247.9
2026-04-09,A,115.74737,116.02683,113.42184,115.16848,1221295.5
2026-04-10,A,115.22836,116.60572,114.31013,114.83911,1035233.06
2026-04-13,A,114.719345,117.52395,114.44986,117.27443,1799043.8
2026-04-14,A,117.81339,121.38652,117.553894,120.15888,2682069.2
2026-04-15,A,120.16886,121.57616,118.91627,119.54007,2039551.1
2026-04-16,A,119.79957,120.84756,117.389206,118.02299,1701113.5
2026-04-17,A,119.24065,121.69592,118.65447,121.63604,4020293.8
2026-04-20,A,120.83758,121.0871,119.87942,120.72778,1254619
2026-04-21,A,121.31666,124.650246,120.62299,121.85561,1803606.2
2026-04-22,A,122.634125,123.058304,120.10897,120.23873,1804413.4
2026-04-23,A,116.27635,116.565796,111.76503,114.20034,2625430.5
2026-04-24,A,114.35005,116.28633,113.990746,115.32818,1498963.1
2026-04-27,A,114.958885,117.10476,114.958885,115.39804,1470119
2026-04-28,A,116.006874,116.411095,113.88096,114.64948,2083038.8
2026-04-29,A,113.97079,115.30821,110.09325,111.086334,2114194.2
2026-04-30,A,111.59535,115.757355,111.11128,115.32818,2241301
2026-05-01,A,115.90706,116.05178,113.62156,114.30015,1274970.6
2026-05-04,A,113.26215,114.64948,111.61032,111.964645,1952596.8
2026-05-05,A,115.16848,119.080956,114.06061,117.304375,3014041.5
2026-05-06,A,119.579994,120.049095,116.999954,117.464066,2739843.8
2026-05-07,A,117.3942,119.35044,117.27443,118.422226,2285746
2026-05-08,A,117.88326,117.88326,113.06253,115.39804,2694137
2026-05-11,A,115.58767,115.627594,111.21608,111.246025,2183819
2026-05-12,A,111.70514,113.521645,110.87673,112.683266,1652798.9
2026-05-13,A,112.613396,114.50975,111.74506,112.52357,2333392.2
2026-05-14,A,112.64334,115.437965,112.48364,113.04257,1506238
2026-05-15,A,112.08442,112.867905,111.22607,111.48556,1416076.2
2026-05-18,A,111.725105,113.37183,110.59727,111.894775,1688142
2026-05-19,A,111.79497,113.0825,109.98844,110.357735,3148757.8
2026-05-20,A,110.98652,113.61148,108.14199,113.56157,3024099.8
2026-05-21,A,112.373856,114.60456,110.846794,114.56963,2421438.2
2026-05-22,A,114.80917,116.13662,113.45678,114.7393,2040501.4
2026-05-26,A,114.75927,115.53777,113.12241,114.85908,2844832.8
2026-05-27,A,115.77731,118.17271,114.79919,115.617615,2946784.5
2026-05-28,A,132.74467,139.08249,130.79842,135.12012,6524810.5
2026-05-29,A,135.98843,137.42567,132.98422,135.26982,4999163
2026-06-01,A,133.24371,136.79688,132.62491,135.71895,2683226.8
2026-06-02,A,133.02414,136.13316,131.87634,134.79074,3027411.2
2026-06-03,A,133.96233,138.71819,133.38844,137.13622,2933904.8
2026-06-04,A,139.2322,140.81914,137.30591,138.10435,2130552
2026-06-05,A,137.68517,138.73315,134.65102,135.18,2205463.5
2026-06-08,A,136.14813,136.42259,132.3654,132.43527,1748422.4
2026-06-09,A,133.99228,137.37576,133.99228,135.21991,2312855.5
2026-06-10,A,135.13008,135.60916,131.31743,131.36732,1995719.6
2026-06-11,A,131.19765,131.43219,127.2203,129.3013,2019290.9
2026-06-12,A,130.0798,130.16963,128.0537,129.59074,2292744.5
2026-06-15,A,130.66867,131.91626,129.15657,130.3393,1533048.8
2026-06-16,A,130.72855,131.71666,128.04372,128.09361,2359129.8
2026-06-17,A,127.37501,128.40302,123.457535,124.09132,2475415.2
2026-06-18,A,125.318954,127.31512,124.92471,126.81608,4342708.5
2026-06-22,A,126.44679,127.654465,125.32893,126.24717,2191302.8
2026-06-23,A,127.03565,128.42798,126.267136,126.42683,2121899.2
2026-06-24,A,128.75235,132.46521,127.998795,131.3773,2543805.2
2026-06-25,A,132.44525,138.35887,132.44525,135.24985,2030833.2
2026-06-26,A,134.9105,137.23604,134.72087,135.74889,3139395.2
2026-06-29,A,137.11627,137.11627,132.3654,132.575,1925290.6
2026-06-30,A,132.99,133.23,129.7,132.83,2023313.4
2026-07-01,A,132.99,135.71,131.88,133.39,2575433.2
2026-07-02,A,134.11,134.48,130.38,130.69,2194237
2026-07-06,A,130.01,131.28,128.05,130.6,1999967.2
2026-07-07,A,131.82,132.79,129.9901,131.14,2456409.2
2026-07-08,A,129.09,129.59,127.46,129.07,2141149.8
2026-07-09,A,129.19,133.74,127.87,133.59,2373025
2026-07-10,A,133.78,136.3365,132.49,134.29,2175279.2
2026-07-13,A,133.04,134.99,132.7,134.04,1861394.1
2026-07-14,A,133.93,135.8,132.89,135.2,1683906.6
2026-07-15,A,136,136.91,133.8301,134.71,1909131.9
2026-07-16,A,134.69,136.26,133.725,136.1,1752036.4
2026-07-17,A,134.42,135.795,130.9396,131.46,4247327.5
2026-07-20,A,131.35,132.83,130.155,130.26,2470803.5
2026-07-21,A,126.39,134.785,125,132.86,2383954.8
2026-07-22,A,133.28,135.365,132.15,133.46,2662820.5
2026-07-23,A,139.26,141.95,137.52,139.74,2935857
2026-07-24,A,140.46,140.88,138.02,138.57,1516451.2
2026-07-27,A,137.59,139.06,136.14,137.89,1830516
2026-07-28,A,139.99,142.42,138.575,140.54,2277365.8
2026-07-29,A,139.2,142.01,139.2,140.3,1864630.8
2026-07-30,A,138.72,139.5,137.23,138.71,1955110.4
2026-07-31,A,138.47,139.5,135.78,138.37,1721069.5
2026-08-03,A,140.29,140.37,137.13,139.8,1795429.9
2026-08-04,A,140.11,141,136.66,139.2,1623761.1
