date,symbol,open,high,low,close,volume
1997-11-21,AMG,16.558237,17.321846,16.558237,17.040516,4898464
1997-11-24,AMG,16.960136,16.960136,16.718996,16.718996,740391.3
1997-11-25,AMG,16.718996,16.799376,16.718996,16.718996,360476.2
1997-11-26,AMG,16.718996,16.799376,15.674059,15.71425,974125.44
1997-11-28,AMG,15.754439,16.075958,15.754439,16.075958,69513.74
1997-12-01,AMG,16.116148,16.558237,16.075958,16.317099,426568.66
1997-12-02,AMG,16.276907,16.276907,15.754439,15.875009,255972.3
1997-12-03,AMG,15.633869,15.754439,15.35254,15.593679,741168.9
1997-12-04,AMG,15.593679,15.593679,15.39273,15.43292,343991.94
1997-12-05,AMG,15.43292,15.5133,15.39273,15.43292,179460.53
1997-12-08,AMG,15.5133,15.593679,15.43292,15.593679,148824.72
1997-12-09,AMG,15.55349,16.156338,15.55349,15.995579,230623.89
1997-12-10,AMG,15.995579,16.156338,15.794629,16.075958,240576.64
1997-12-11,AMG,15.995579,16.035769,15.794629,16.035769,54895.64
1997-12-12,AMG,15.955389,16.156338,15.875009,15.875009,183192.81
1997-12-15,AMG,15.915198,16.035769,15.754439,15.995579,122698.75
1997-12-16,AMG,16.156338,16.879757,16.156338,16.879757,466690.7
1997-12-17,AMG,17.000326,17.884504,16.960136,17.884504,432478.1
1997-12-18,AMG,17.844315,18.648111,17.804123,18.648111,89419.24
1997-12-19,AMG,18.72849,19.00982,18.648111,19.00982,96883.805
1997-12-22,AMG,18.929441,18.929441,18.246212,18.648111,121610.17
1997-12-23,AMG,19.37153,19.41172,19.21077,19.21077,214761.69
1997-12-24,AMG,19.05001,19.05001,18.326593,18.567732,33435.02
1997-12-26,AMG,18.487352,18.80887,18.406973,18.72849,8553.145
1997-12-29,AMG,18.648111,18.648111,17.763933,17.763933,23793.293
1997-12-30,AMG,17.763933,18.487352,17.763933,18.487352,125031.43
1997-12-31,AMG,18.487352,18.72849,18.487352,18.648111,78222.4
1998-01-02,AMG,18.406973,18.527542,18.206022,18.527542,35301.16
1998-01-05,AMG,18.607922,18.849062,18.246212,18.607922,103415.3
1998-01-06,AMG,18.487352,18.849062,18.326593,18.607922,36389.742
1998-01-07,AMG,18.527542,18.527542,17.522795,17.522795,37011.79
1998-01-08,AMG,17.522795,18.246212,17.522795,17.723743,42765.723
1998-01-09,AMG,17.683554,17.683554,17.442415,17.643364,36389.742
1998-01-12,AMG,17.482605,17.763933,17.442415,17.763933,20061.012
1998-01-13,AMG,17.763933,18.286402,17.763933,18.206022,81799.164
1998-01-14,AMG,18.286402,18.567732,18.125643,18.567732,96261.76
1998-01-15,AMG,18.567732,18.969631,18.447163,18.969631,85997.984
1998-01-16,AMG,18.929441,19.25096,18.889252,18.969631,30480.299
1998-01-20,AMG,19.05001,19.45191,19.05001,19.45191,9641.727
1998-01-21,AMG,19.45191,19.53229,19.25096,19.45191,62671.227
1998-01-22,AMG,19.33134,19.37153,19.29115,19.33134,26903.53
1998-01-23,AMG,19.33134,19.37153,19.33134,19.33134,218338.47
1998-01-26,AMG,19.4921,19.4921,19.29115,19.37153,97505.85
1998-01-27,AMG,19.33134,19.33134,19.13039,19.13039,180238.1
1998-01-28,AMG,19.25096,19.25096,19.13039,19.13039,99838.52
1998-01-29,AMG,19.13039,19.37153,19.05001,19.33134,38411.395
1998-01-30,AMG,19.41172,19.57248,19.37153,19.41172,12596.449
1998-02-02,AMG,19.45191,19.934189,19.45191,19.773428,43076.746
1998-02-03,AMG,20.014568,20.255707,20.014568,20.255707,7775.5864
1998-02-04,AMG,20.135138,20.496847,20.135138,20.496847,17883.848
1998-02-05,AMG,20.657606,20.898746,20.657606,20.898746,21771.64
1998-02-06,AMG,20.898746,20.898746,20.818365,20.858557,50541.31
1998-02-09,AMG,20.778175,20.818365,20.657606,20.737986,3887.7932
1998-02-10,AMG,20.657606,21.059505,20.577227,20.778175,25503.922
1998-02-11,AMG,20.858557,20.979126,20.577227,20.577227,107614.12
1998-02-12,AMG,20.657606,20.898746,20.255707,20.295897,43076.746
1998-02-13,AMG,20.376278,20.657606,20.376278,20.456657,44942.887
1998-02-17,AMG,20.456657,20.818365,20.456657,20.818365,44009.816
1998-02-18,AMG,20.818365,20.858557,20.737986,20.818365,70291.3
1998-02-19,AMG,20.778175,21.220264,20.737986,21.220264,33901.555
1998-02-20,AMG,21.220264,22.506342,21.139885,22.506342,74334.6
1998-02-23,AMG,22.506342,22.78767,22.466152,22.74748,263125.84
1998-02-24,AMG,22.82786,23.4709,22.78767,23.43071,49297.215
1998-02-25,AMG,23.39052,23.4709,23.35033,23.43071,14307.079
1998-02-26,AMG,23.39052,23.792418,23.39052,23.712038,21305.105
1998-02-27,AMG,23.912989,24.395267,23.631659,23.792418,71690.91
1998-03-02,AMG,23.631659,23.752228,23.55128,23.752228,11663.379
1998-03-03,AMG,23.712038,23.712038,23.43071,23.55128,21149.594
1998-03-04,AMG,23.55128,23.792418,23.4709,23.792418,15706.685
1998-03-05,AMG,23.4709,23.4709,23.069,23.310139,26903.53
1998-03-06,AMG,23.22976,23.912989,23.22976,23.912989,7775.5864
1998-03-09,AMG,23.792418,23.792418,23.51109,23.51109,26592.506
1998-03-10,AMG,23.591469,23.712038,23.51109,23.712038,7309.0513
1998-03-11,AMG,23.712038,23.792418,23.55128,23.55128,6531.492
1998-03-12,AMG,23.792418,23.832607,23.591469,23.591469,8397.633
1998-03-13,AMG,23.4709,23.912989,23.4709,23.872799,22704.71
1998-03-16,AMG,23.872799,23.872799,23.752228,23.752228,6375.9805
1998-03-17,AMG,23.631659,23.752228,23.591469,23.631659,5909.4453
1998-03-18,AMG,23.631659,23.671848,23.55128,23.631659,3887.7932
1998-03-19,AMG,23.51109,23.51109,23.35033,23.51109,6375.9805
1998-03-20,AMG,23.39052,23.39052,22.868052,22.868052,13374.009
1998-03-23,AMG,22.70729,22.70729,22.184822,22.184822,14151.567
1998-03-24,AMG,22.104443,22.466152,21.903494,22.385773,24415.34
1998-03-25,AMG,22.506342,22.82786,22.506342,22.82786,14307.079
1998-03-26,AMG,22.82786,23.02881,22.82786,22.98862,3110.2344
1998-03-27,AMG,23.14938,23.269949,22.70729,22.78767,14929.126
1998-03-30,AMG,22.868052,22.908241,22.345583,22.425962,110568.836
1998-03-31,AMG,22.265202,22.506342,22.265202,22.425962,99527.5
1998-04-01,AMG,22.506342,22.506342,22.225012,22.425962,41366.117
1998-04-02,AMG,22.466152,22.6671,22.265202,22.6671,110413.33
1998-04-03,AMG,22.868052,23.591469,22.868052,23.4709,51474.38
1998-04-06,AMG,23.55128,23.591469,23.269949,23.269949,28458.646
1998-04-07,AMG,23.14938,23.310139,22.74748,22.74748,20372.035
1998-04-08,AMG,22.74748,22.74748,22.184822,22.345583,30169.275
1998-04-09,AMG,22.345583,22.345583,22.024063,22.225012,172773.53
1998-04-13,AMG,22.305391,22.586721,22.305391,22.586721,25037.387
1998-04-14,AMG,22.626911,22.626911,22.466152,22.586721,148669.2
1998-04-15,AMG,22.506342,22.586721,22.466152,22.506342,53029.5
1998-04-16,AMG,22.385773,22.425962,22.104443,22.265202,73401.53
1998-04-17,AMG,22.265202,22.626911,22.184822,22.626911,140271.58
1998-04-20,AMG,22.6671,23.39052,22.6671,23.02881,19438.965
1998-04-21,AMG,22.98862,23.4709,22.98862,23.43071,39655.49
1998-04-22,AMG,23.752228,24.274696,23.752228,24.274696,39344.465
1998-04-23,AMG,24.274696,24.435457,24.274696,24.435457,37478.324
1998-04-24,AMG,24.435457,24.837355,24.435457,24.756975,22860.223
1998-04-27,AMG,24.636406,24.636406,23.591469,23.712038,26125.969
1998-04-28,AMG,23.712038,24.194317,23.712038,23.792418,82732.234
1998-04-29,AMG,23.792418,23.792418,22.506342,23.22976,90352.31
1998-04-30,AMG,23.310139,23.872799,23.310139,23.872799,335283.28
1998-05-01,AMG,23.953178,24.917736,23.953178,24.917736,42921.234
1998-05-04,AMG,24.756975,25.319633,24.596216,25.078495,55517.688
1998-05-05,AMG,25.239254,25.400015,25.078495,25.199064,24570.852
1998-05-06,AMG,25.279444,25.279444,25.078495,25.078495,7775.5864
1998-05-07,AMG,25.078495,25.319633,25.078495,25.078495,73868.07
1998-05-08,AMG,24.998116,24.998116,24.957926,24.957926,14307.079
1998-05-11,AMG,24.957926,24.957926,24.234507,24.395267,60338.55
1998-05-12,AMG,24.355078,24.475647,24.355078,24.475647,25970.457
1998-05-13,AMG,24.355078,24.355078,24.154127,24.355078,9797.238
1998-05-14,AMG,24.395267,24.395267,24.355078,24.395267,4198.8164
1998-05-15,AMG,24.435457,24.435457,23.792418,23.832607,93929.08
1998-05-18,AMG,23.712038,23.752228,23.591469,23.712038,17106.29
1998-05-19,AMG,23.792418,23.792418,23.51109,23.752228,62049.18
1998-05-20,AMG,23.752228,23.752228,23.10919,23.4709,22704.71
1998-05-21,AMG,23.4709,23.4709,23.14938,23.43071,34679.113
1998-05-22,AMG,23.4709,23.4709,23.14938,23.18957,23015.734
1998-05-26,AMG,23.269949,24.314886,23.10919,24.314886,39033.44
1998-05-27,AMG,24.073748,24.355078,23.872799,24.355078,48364.145
1998-05-28,AMG,24.154127,24.154127,22.74748,23.14938,91129.87
1998-05-29,AMG,23.10919,23.10919,22.98862,23.02881,76822.79
1998-06-01,AMG,22.98862,23.10919,22.74748,22.82786,53496.035
1998-06-02,AMG,22.82786,22.82786,22.546532,22.6671,21616.129
1998-06-03,AMG,22.6671,22.70729,22.425962,22.425962,71068.86
1998-06-04,AMG,22.345583,22.385773,22.184822,22.385773,18350.383
1998-06-05,AMG,22.385773,22.425962,22.265202,22.305391,56917.293
1998-06-08,AMG,22.305391,22.305391,22.104443,22.184822,18661.406
1998-06-09,AMG,22.184822,22.184822,21.863304,22.064253,46342.492
1998-06-10,AMG,21.903494,21.943684,21.823112,21.903494,22393.688
1998-06-11,AMG,21.903494,22.506342,21.823112,22.466152,148513.7
1998-06-12,AMG,22.506342,22.868052,22.506342,22.78767,64381.855
1998-06-15,AMG,22.78767,22.82786,22.546532,22.82786,36700.766
1998-06-16,AMG,22.82786,23.02881,22.626911,22.82786,163753.84
1998-06-17,AMG,22.82786,22.82786,22.506342,22.70729,111501.91
1998-06-18,AMG,22.6671,22.74748,22.506342,22.74748,33746.043
1998-06-19,AMG,22.74748,23.43071,22.70729,23.43071,87553.1
1998-06-22,AMG,23.310139,23.39052,23.069,23.14938,43232.258
1998-06-23,AMG,23.02881,23.39052,23.02881,23.35033,23171.246
1998-06-24,AMG,23.35033,23.671848,23.35033,23.671848,78377.91
1998-06-25,AMG,23.671848,23.671848,23.02881,23.631659,48208.633
1998-06-26,AMG,23.671848,23.872799,23.591469,23.872799,24415.34
1998-06-29,AMG,23.872799,24.274696,23.832607,24.274696,41521.63
1998-06-30,AMG,24.274696,24.274696,23.872799,23.872799,129074.734
1998-07-01,AMG,23.993368,24.073748,23.671848,24.073748,18972.43
1998-07-02,AMG,24.194317,24.194317,22.024063,22.70729,54895.64
1998-07-06,AMG,22.345583,22.74748,22.024063,22.225012,76822.79
1998-07-07,AMG,22.345583,22.586721,22.104443,22.506342,42610.21
1998-07-08,AMG,22.546532,22.546532,21.501595,21.742733,53185.01
1998-07-09,AMG,21.782923,21.782923,21.421215,21.501595,75889.72
1998-07-10,AMG,21.541784,21.541784,20.737986,20.898746,40588.56
1998-07-13,AMG,20.938936,21.139885,20.898746,21.059505,102948.76
1998-07-14,AMG,21.099695,21.943684,20.898746,21.943684,80555.07
1998-07-15,AMG,21.983873,22.74748,21.943684,22.466152,48519.656
1998-07-16,AMG,22.425962,22.82786,22.184822,22.82786,69980.27
1998-07-17,AMG,22.908241,22.948431,22.78767,22.868052,7931.098
1998-07-20,AMG,22.78767,23.269949,22.78767,23.269949,23326.758
1998-07-21,AMG,23.22976,23.310139,22.948431,23.10919,98905.45
1998-07-22,AMG,23.02881,24.073748,22.586721,23.14938,65470.438
1998-07-23,AMG,23.069,23.35033,23.069,23.22976,40122.023
1998-07-24,AMG,23.22976,23.22976,23.069,23.10919,77755.86
1998-07-27,AMG,22.98862,22.98862,21.742733,21.823112,85375.94
1998-07-28,AMG,21.702543,21.782923,21.381025,21.421215,42765.723
1998-07-29,AMG,21.340836,21.340836,21.220264,21.260454,19438.965
1998-07-30,AMG,21.220264,21.742733,21.220264,21.742733,47897.61
1998-07-31,AMG,21.823112,21.823112,20.979126,21.019316,20372.035
1998-08-03,AMG,20.938936,21.139885,20.215517,21.099695,20683.059
1998-08-04,AMG,21.059505,21.220264,20.737986,21.099695,30324.787
1998-08-05,AMG,21.019316,21.019316,19.25096,19.693048,77755.86
1998-08-06,AMG,19.813618,20.014568,19.813618,19.894,33590.53
1998-08-07,AMG,19.934189,19.934189,19.37153,19.773428,106836.555
1998-08-10,AMG,19.773428,20.175327,19.773428,20.054758,9486.215
1998-08-11,AMG,19.974379,19.974379,18.648111,18.648111,91440.89
1998-08-12,AMG,18.80887,18.929441,18.125643,18.125643,56606.27
1998-08-13,AMG,18.125643,18.125643,16.558237,17.321846,79622
1998-08-14,AMG,17.321846,17.402225,15.272161,15.272161,99527.5
1998-08-17,AMG,15.995579,16.598427,15.834819,16.075958,252862.06
1998-08-18,AMG,16.075958,16.678806,16.075958,16.477858,99994.04
1998-08-19,AMG,16.598427,16.598427,15.031021,15.754439,80866.09
1998-08-20,AMG,15.71425,16.035769,15.191781,15.47311,34834.625
1998-08-21,AMG,15.272161,16.035769,14.387982,15.593679,118655.445
1998-08-24,AMG,15.47311,15.71425,15.31235,15.43292,30635.81
1998-08-25,AMG,15.39273,15.754439,15.39273,15.754439,72157.44
1998-08-26,AMG,15.35254,15.47311,15.191781,15.43292,390956.47
1998-08-27,AMG,15.39273,15.39273,15.071211,15.15159,32346.44
1998-08-28,AMG,15.111401,15.111401,13.905704,14.106653,330928.94
1998-08-31,AMG,14.146843,14.146843,11.37374,11.41393,201543.19
1998-09-01,AMG,10.931652,11.73545,10.931652,11.57469,261570.72
1998-09-02,AMG,11.73545,11.896209,11.37374,11.49431,23482.27
1998-09-03,AMG,11.49431,11.57469,10.811082,10.891461,41366.117
1998-09-04,AMG,10.851272,10.931652,10.328803,10.328803,43387.77
1998-09-08,AMG,10.690513,11.1727915,10.690513,11.012032,69980.27
1998-09-09,AMG,11.012032,11.012032,10.087664,10.248424,890615.6
1998-09-10,AMG,10.007284,10.007284,8.801587,8.801587,49452.727
1998-09-11,AMG,8.962347,10.127853,8.962347,9.766145,91440.89
1998-09-14,AMG,9.766145,12.177539,9.766145,11.77564,237310.89
1998-09-15,AMG,11.896209,12.056969,11.655069,11.856019,38411.395
1998-09-16,AMG,11.815829,12.298108,11.815829,12.298108,53651.547
1998-09-17,AMG,12.137348,12.137348,11.73545,11.856019,23326.758
1998-09-18,AMG,12.056969,12.338298,11.936399,12.338298,52251.938
1998-09-21,AMG,12.499058,12.499058,12.177539,12.418677,13374.009
1998-09-22,AMG,12.418677,12.900956,12.418677,12.579437,37478.324
1998-09-23,AMG,12.659817,12.659817,12.177539,12.177539,210096.34
1998-09-24,AMG,12.177539,12.177539,11.896209,12.016779,54740.13
1998-09-25,AMG,11.896209,11.896209,11.655069,11.655069,97350.336
1998-09-28,AMG,11.655069,11.73545,11.253171,11.73545,76667.28
1998-09-29,AMG,11.57469,11.655069,11.5345,11.57469,59560.992
1998-09-30,AMG,11.49431,11.57469,11.293361,11.57469,65470.438
1998-10-01,AMG,11.49431,11.49431,10.288613,10.288613,29391.717
1998-10-02,AMG,10.127853,10.127853,9.163297,9.163297,99994.04
1998-10-05,AMG,9.243676,9.243676,8.801587,8.801587,35145.65
1998-10-06,AMG,8.841777,8.962347,8.600637,8.922157,119433.01
1998-10-07,AMG,8.841777,9.283866,8.841777,9.243676,195789.27
1998-10-08,AMG,9.163297,9.163297,8.922157,9.163297,148513.7
1998-10-09,AMG,9.163297,9.926905,9.163297,9.645575,24570.852
1998-10-12,AMG,9.725955,10.168044,9.725955,10.168044,10885.82
1998-10-13,AMG,10.288613,10.328803,10.208234,10.208234,19127.941
1998-10-14,AMG,10.087664,10.328803,10.087664,10.288613,36234.23
1998-10-15,AMG,10.328803,11.73545,10.328803,11.73545,102482.23
1998-10-16,AMG,11.655069,12.659817,11.454121,11.896209,87708.61
1998-10-19,AMG,11.896209,11.896209,11.77564,11.815829,22238.176
1998-10-20,AMG,11.69526,11.73545,11.092411,11.092411,105747.98
1998-10-21,AMG,11.012032,11.5345,11.012032,11.454121,68736.18
1998-10-22,AMG,11.293361,12.700007,11.293361,12.700007,125497.96
1998-10-23,AMG,12.860766,14.508553,12.860766,13.905704,48675.168
1998-10-26,AMG,14.026274,14.347793,13.343045,13.423425,38566.906
1998-10-27,AMG,13.3028555,13.584185,12.5392475,13.584185,134673.16
1998-10-28,AMG,13.584185,13.584185,12.900956,13.383235,67336.58
1998-10-29,AMG,13.463615,13.584185,13.343045,13.423425,15240.149
1998-10-30,AMG,13.503805,14.347793,13.503805,14.307603,39655.49
1998-11-02,AMG,14.468363,15.071211,14.146843,14.990831,77911.375
1998-11-03,AMG,14.990831,15.915198,14.990831,15.754439,34990.137
1998-11-04,AMG,15.995579,17.040516,15.995579,17.040516,316466.34
1998-11-05,AMG,17.040516,18.447163,16.759186,18.447163,181948.72
1998-11-06,AMG,18.286402,18.607922,17.844315,17.844315,58938.945
1998-11-09,AMG,17.723743,17.763933,17.201275,17.562984,65003.902
1998-11-10,AMG,17.522795,17.643364,17.362036,17.522795,267013.62
1998-11-11,AMG,17.643364,17.683554,17.321846,17.402225,23015.734
1998-11-12,AMG,17.522795,17.643364,17.442415,17.562984,96106.24
1998-11-13,AMG,17.562984,17.562984,16.718996,16.879757,17572.824
1998-11-16,AMG,16.919947,16.919947,15.834819,16.156338,120677.1
1998-11-17,AMG,16.075958,16.718996,15.875009,16.718996,162354.23
1998-11-18,AMG,16.678806,16.839567,16.236717,16.678806,30480.299
1998-11-19,AMG,16.759186,16.839567,16.638617,16.718996,124253.87
1998-11-20,AMG,16.598427,16.598427,15.915198,16.317099,307291.16
1998-11-23,AMG,16.075958,16.839567,15.754439,16.839567,77600.35
1998-11-24,AMG,16.879757,17.281654,16.879757,17.281654,178527.45
1998-11-25,AMG,17.362036,17.844315,17.321846,17.362036,41366.117
1998-11-27,AMG,17.362036,17.362036,17.362036,17.362036,466.5352
1998-11-30,AMG,17.362036,17.482605,17.161085,17.241465,95484.195
1998-12-01,AMG,17.241465,17.643364,17.241465,17.562984,91596.41
1998-12-02,AMG,17.482605,17.683554,17.120895,17.522795,67025.555
1998-12-03,AMG,17.683554,18.085453,17.281654,17.804123,148047.16
1998-12-04,AMG,17.964884,18.889252,17.683554,18.72849,88952.7
1998-12-07,AMG,18.72849,18.889252,18.447163,18.889252,21460.617
1998-12-08,AMG,18.76868,20.094948,18.76868,19.693048,75112.164
1998-12-09,AMG,19.773428,19.773428,18.849062,19.0902,30169.275
1998-12-10,AMG,19.21077,19.29115,18.889252,18.929441,9330.703
1998-12-11,AMG,18.688301,18.688301,18.165833,18.487352,32346.44
1998-12-14,AMG,18.447163,18.447163,17.643364,17.643364,15240.149
1998-12-15,AMG,17.763933,17.964884,17.562984,17.884504,60649.574
1998-12-16,AMG,18.045263,19.13039,18.005074,19.13039,92529.48
1998-12-17,AMG,19.25096,20.416468,19.25096,19.773428,83665.305
1998-12-18,AMG,19.773428,19.773428,18.969631,19.13039,266236.06
1998-12-21,AMG,18.969631,19.21077,18.969631,19.13039,309001.78
1998-12-22,AMG,19.0902,19.0902,18.688301,18.929441,16484.242
1998-12-23,AMG,18.648111,19.13039,18.165833,19.13039,32812.973
1998-12-24,AMG,19.05001,19.4921,19.05001,19.21077,5753.9336
1998-12-28,AMG,19.21077,19.37153,18.929441,19.37153,31879.904
1998-12-29,AMG,19.45191,19.45191,18.76868,18.929441,32346.44
1998-12-30,AMG,19.05001,19.13039,18.648111,19.13039,158621.95
1998-12-31,AMG,19.21077,19.4921,19.05001,19.21077,121143.63
1999-01-04,AMG,19.17058,19.21077,18.567732,18.929441,72779.484
1999-01-05,AMG,18.889252,19.0902,18.648111,18.969631,140427.1
1999-01-06,AMG,19.05001,19.0902,18.487352,18.607922,31413.37
1999-01-07,AMG,18.527542,19.29115,18.527542,19.00982,160177.08
1999-01-08,AMG,19.17058,19.21077,18.72849,19.17058,126897.57
1999-01-11,AMG,18.969631,19.25096,18.889252,19.05001,48208.633
1999-01-12,AMG,19.13039,19.29115,17.683554,17.763933,129541.266
1999-01-13,AMG,17.603174,17.603174,17.000326,17.161085,64381.855
1999-01-14,AMG,17.683554,18.929441,17.683554,18.849062,166397.55
1999-01-15,AMG,18.80887,20.577227,18.80887,20.577227,78533.42
1999-01-19,AMG,21.220264,21.220264,20.697796,20.898746,55673.2
1999-01-20,AMG,21.019316,21.541784,20.818365,21.220264,174017.62
1999-01-21,AMG,21.139885,21.501595,20.657606,20.657606,79622
1999-01-22,AMG,20.617416,21.019316,20.215517,20.858557,65003.902
1999-01-25,AMG,20.858557,21.019316,20.577227,20.617416,129541.266
1999-01-26,AMG,20.617416,20.617416,20.054758,20.054758,43854.305
1999-01-27,AMG,20.577227,20.577227,20.014568,20.014568,241976.25
1999-01-28,AMG,20.175327,21.340836,20.175327,20.979126,283808.9
1999-01-29,AMG,21.139885,21.541784,21.099695,21.260454,94240.1
1999-02-01,AMG,21.340836,21.340836,20.697796,20.697796,19594.477
1999-02-02,AMG,20.014568,20.135138,19.33134,19.41172,138716.45
1999-02-03,AMG,19.21077,19.733238,18.849062,19.612669,37789.348
1999-02-04,AMG,19.652859,19.733238,19.05001,19.21077,34368.09
1999-02-05,AMG,19.25096,19.25096,18.607922,18.607922,39188.953
1999-02-08,AMG,18.76868,19.0902,18.648111,18.80887,141515.67
1999-02-09,AMG,18.72849,18.76868,18.567732,18.567732,50541.31
1999-02-10,AMG,18.567732,18.607922,17.763933,17.804123,49452.727
1999-02-11,AMG,17.804123,18.607922,17.804123,18.607922,60960.598
1999-02-12,AMG,18.607922,18.72849,18.005074,18.005074,30480.299
1999-02-16,AMG,18.085453,18.085453,17.201275,17.281654,114923.164
1999-02-17,AMG,17.120895,17.964884,17.000326,17.804123,87864.125
1999-02-18,AMG,17.643364,18.487352,17.482605,17.763933,96572.78
1999-02-19,AMG,17.643364,17.763933,17.321846,17.482605,33746.043
1999-02-22,AMG,17.482605,17.522795,17.080706,17.120895,51163.355
1999-02-23,AMG,17.201275,17.924694,17.000326,17.884504,108391.67
1999-02-24,AMG,17.884504,18.165833,17.844315,17.844315,54740.13
1999-02-25,AMG,17.844315,17.844315,17.402225,17.442415,54429.105
1999-02-26,AMG,17.442415,17.442415,16.518047,16.718996,5034381
1999-03-01,AMG,16.558237,16.558237,15.915198,16.357288,415060.78
1999-03-02,AMG,16.276907,16.718996,16.276907,16.357288,365919.1
1999-03-03,AMG,16.276907,16.317099,15.995579,15.995579,367007.66
1999-03-04,AMG,16.075958,16.558237,15.995579,16.075958,244153.4
1999-03-05,AMG,16.276907,16.839567,16.236717,16.799376,604940.6
1999-03-08,AMG,16.759186,17.040516,16.477858,16.879757,289096.28
1999-03-09,AMG,16.799376,17.201275,16.799376,17.201275,246952.62
1999-03-10,AMG,17.080706,17.080706,16.397478,16.518047,132340.48
1999-03-11,AMG,16.477858,17.321846,16.477858,17.321846,157844.4
1999-03-12,AMG,17.241465,17.281654,16.196527,17.120895,98905.45
1999-03-15,AMG,17.040516,17.201275,16.759186,17.080706,85686.96
1999-03-16,AMG,16.919947,16.919947,16.075958,16.357288,161265.66
1999-03-17,AMG,16.276907,16.437668,15.955389,16.357288,125031.43
1999-03-18,AMG,16.276907,16.558237,16.276907,16.518047,213984.14
1999-03-19,AMG,16.437668,16.919947,16.437668,16.598427,68114.13
1999-03-22,AMG,16.598427,16.718996,16.317099,16.558237,80088.54
1999-03-23,AMG,16.759186,16.759186,15.593679,15.593679,203564.84
1999-03-24,AMG,15.47311,15.674059,15.231971,15.43292,92529.48
1999-03-25,AMG,16.075958,16.075958,15.794629,15.794629,100771.59
1999-03-26,AMG,15.875009,15.875009,15.272161,15.834819,61738.156
1999-03-29,AMG,15.875009,16.317099,15.754439,16.276907,49763.75
1999-03-30,AMG,16.236717,16.276907,15.995579,16.196527,118966.47
1999-03-31,AMG,16.718996,16.799376,15.674059,16.718996,152868.03
1999-04-01,AMG,16.558237,16.678806,16.276907,16.357288,42765.723
1999-04-05,AMG,16.236717,16.317099,15.875009,16.236717,85375.94
1999-04-06,AMG,16.236717,16.759186,16.236717,16.718996,409462.38
1999-04-07,AMG,16.718996,16.718996,15.875009,16.558237,78222.4
1999-04-08,AMG,16.437668,16.518047,15.43292,16.075958,143381.81
1999-04-09,AMG,16.156338,16.759186,16.156338,16.558237,436054.88
1999-04-12,AMG,16.397478,17.763933,16.075958,17.362036,276966.38
1999-04-13,AMG,17.281654,17.482605,17.241465,17.281654,208230.2
1999-04-14,AMG,17.362036,17.723743,17.362036,17.362036,226269.56
1999-04-15,AMG,17.362036,17.763933,17.120895,17.402225,129230.24
1999-04-16,AMG,17.241465,17.522795,17.241465,17.442415,131407.4
1999-04-19,AMG,17.482605,18.165833,17.482605,17.964884,193301.08
1999-04-20,AMG,17.924694,18.165833,17.844315,18.085453,62204.69
1999-04-21,AMG,18.045263,18.366783,18.045263,18.366783,208541.22
1999-04-22,AMG,18.80887,20.737986,18.76868,20.737986,166397.55
1999-04-23,AMG,20.537037,20.537037,19.733238,20.135138,134673.16
1999-04-26,AMG,20.094948,20.094948,19.85381,19.894,262970.3
1999-04-27,AMG,19.894,19.894,19.0902,19.612669,46809.027
1999-04-28,AMG,19.53229,19.53229,19.21077,19.29115,30946.834
1999-04-29,AMG,19.29115,19.41172,18.849062,18.969631,87708.61
1999-04-30,AMG,18.889252,19.0902,18.688301,18.688301,57694.85
1999-05-03,AMG,18.527542,18.527542,18.085453,18.125643,31879.904
1999-05-04,AMG,18.165833,18.889252,18.005074,18.447163,79622
1999-05-05,AMG,18.72849,20.054758,18.72849,19.45191,94551.125
1999-05-06,AMG,19.37153,19.37153,18.085453,19.13039,91285.38
1999-05-07,AMG,19.0902,19.45191,19.00982,19.45191,34834.625
1999-05-10,AMG,19.53229,21.823112,19.53229,20.496847,304802.97
1999-05-11,AMG,20.456657,20.577227,20.376278,20.577227,61116.11
1999-05-12,AMG,20.496847,20.537037,20.094948,20.175327,30946.834
1999-05-13,AMG,20.255707,20.496847,20.094948,20.416468,95950.734
1999-05-14,AMG,20.376278,20.376278,19.693048,19.733238,59716.504
1999-05-17,AMG,19.733238,19.733238,19.4921,19.4921,22860.223
1999-05-18,AMG,19.53229,19.612669,19.25096,19.29115,56295.246
1999-05-19,AMG,19.29115,19.693048,19.21077,19.29115,70913.34
1999-05-20,AMG,19.29115,20.295897,19.29115,20.215517,56450.758
1999-05-21,AMG,20.255707,20.376278,19.974379,20.014568,35145.65
1999-05-24,AMG,20.014568,20.014568,19.41172,19.41172,31568.88
1999-05-25,AMG,19.33134,19.33134,19.25096,19.29115,84287.35
1999-05-26,AMG,19.29115,19.45191,19.0902,19.17058,67492.086
1999-05-27,AMG,19.13039,19.13039,18.80887,18.80887,30324.787
1999-05-28,AMG,18.80887,18.969631,18.80887,18.80887,19127.941
1999-06-01,AMG,18.80887,19.0902,18.567732,18.889252,59249.97
1999-06-02,AMG,18.80887,18.889252,18.326593,18.326593,28147.623
1999-06-03,AMG,18.286402,18.406973,18.045263,18.326593,38411.395
1999-06-04,AMG,18.326593,18.527542,18.326593,18.527542,21927.152
1999-06-07,AMG,18.447163,18.688301,18.447163,18.648111,11507.867
1999-06-08,AMG,18.607922,18.80887,18.607922,18.76868,98283.41
1999-06-09,AMG,18.688301,18.72849,18.607922,18.648111,87397.586
1999-06-10,AMG,18.76868,18.76868,18.005074,18.005074,61427.133
1999-06-11,AMG,18.165833,18.326593,18.005074,18.165833,127364.1
1999-06-14,AMG,18.165833,18.406973,18.125643,18.165833,39344.465
1999-06-15,AMG,18.326593,18.607922,18.125643,18.607922,39344.465
1999-06-16,AMG,18.607922,19.05001,18.447163,18.76868,72157.44
1999-06-17,AMG,18.889252,18.929441,18.72849,18.72849,95639.71
1999-06-18,AMG,18.76868,18.76868,18.607922,18.607922,69669.25
1999-06-21,AMG,18.607922,18.72849,18.085453,18.567732,46498.004
1999-06-22,AMG,18.607922,18.72849,18.406973,18.487352,148980.23
1999-06-23,AMG,18.487352,18.487352,18.326593,18.406973,39188.953
1999-06-24,AMG,18.487352,18.72849,18.406973,18.607922,59716.504
1999-06-25,AMG,18.648111,18.648111,18.487352,18.648111,82110.19
1999-06-28,AMG,18.648111,18.648111,18.487352,18.567732,55362.176
1999-06-29,AMG,18.567732,18.849062,18.567732,18.76868,325641.56
1999-06-30,AMG,18.80887,19.41172,18.72849,19.41172,442586.38
1999-07-01,AMG,19.4921,19.85381,19.45191,19.813618,95795.22
1999-07-02,AMG,19.894,19.934189,19.733238,19.934189,161110.14
1999-07-06,AMG,19.894,20.255707,19.85381,20.175327,125342.45
1999-07-07,AMG,20.255707,20.376278,19.85381,19.974379,38100.37
1999-07-08,AMG,19.974379,19.974379,19.612669,19.693048,26436.994
1999-07-09,AMG,19.693048,19.733238,19.33134,19.612669,44631.863
1999-07-12,AMG,19.652859,19.813618,19.33134,19.33134,37478.324
1999-07-13,AMG,19.33134,19.33134,18.889252,19.21077,42921.234
1999-07-14,AMG,19.13039,19.13039,18.929441,18.969631,111657.42
1999-07-15,AMG,18.929441,18.929441,18.326593,18.406973,105903.484
1999-07-16,AMG,18.487352,18.889252,18.487352,18.889252,228446.72
1999-07-19,AMG,18.969631,18.969631,18.246212,18.567732,134362.12
1999-07-20,AMG,18.567732,18.607922,18.406973,18.447163,47120.05
1999-07-21,AMG,18.447163,18.969631,18.406973,18.969631,221604.2
1999-07-22,AMG,18.929441,19.21077,18.889252,18.969631,79310.98
1999-07-23,AMG,18.929441,19.00982,18.688301,18.72849,89885.77
1999-07-26,AMG,18.688301,18.849062,18.688301,18.76868,16017.708
1999-07-27,AMG,18.72849,18.80887,18.72849,18.80887,73246.02
1999-07-28,AMG,18.889252,18.969631,18.889252,18.969631,16795.266
1999-07-29,AMG,18.849062,18.849062,18.567732,18.607922,112279.47
1999-07-30,AMG,18.567732,18.889252,18.567732,18.889252,33279.508
1999-08-02,AMG,18.889252,19.33134,18.889252,19.33134,46653.516
1999-08-03,AMG,19.25096,19.37153,18.80887,19.0902,94551.125
1999-08-04,AMG,19.00982,19.00982,18.487352,18.607922,36545.254
1999-08-05,AMG,18.607922,18.76868,18.487352,18.607922,27214.553
1999-08-06,AMG,18.607922,18.607922,18.366783,18.366783,58938.945
1999-08-09,AMG,18.406973,18.406973,18.246212,18.246212,21616.129
1999-08-10,AMG,18.286402,18.286402,18.206022,18.246212,60027.527
1999-08-11,AMG,18.286402,18.286402,18.125643,18.206022,35301.16
1999-08-12,AMG,18.246212,18.406973,18.246212,18.326593,67803.11
1999-08-13,AMG,18.406973,18.406973,18.286402,18.326593,60494.062
1999-08-16,AMG,18.326593,18.326593,18.045263,18.085453,24726.363
1999-08-17,AMG,18.085453,18.085453,17.603174,17.723743,54740.13
1999-08-18,AMG,17.763933,17.763933,17.321846,17.321846,97661.36
1999-08-19,AMG,17.402225,17.562984,17.241465,17.562984,87864.125
1999-08-20,AMG,17.522795,17.522795,17.080706,17.080706,25037.387
1999-08-23,AMG,17.201275,17.562984,17.161085,17.482605,57228.316
1999-08-24,AMG,17.482605,17.482605,17.161085,17.201275,82576.73
1999-08-25,AMG,17.281654,17.442415,17.201275,17.442415,57383.83
1999-08-26,AMG,17.522795,17.723743,17.362036,17.562984,135139.69
1999-08-27,AMG,17.562984,17.562984,17.402225,17.442415,32968.484
1999-08-30,AMG,17.442415,17.442415,17.161085,17.241465,87708.61
1999-08-31,AMG,17.241465,17.241465,17.161085,17.161085,44631.863
1999-09-01,AMG,17.161085,17.241465,17.161085,17.161085,23637.781
1999-09-02,AMG,17.161085,17.201275,17.120895,17.201275,27525.576
1999-09-03,AMG,17.362036,17.362036,17.281654,17.362036,73246.02
1999-09-07,AMG,17.442415,17.442415,17.241465,17.362036,20527.547
1999-09-08,AMG,17.362036,17.562984,17.362036,17.482605,118966.47
1999-09-09,AMG,17.442415,17.482605,16.678806,16.759186,323930.94
1999-09-10,AMG,16.799376,16.879757,16.075958,16.879757,143226.3
1999-09-13,AMG,17.040516,17.040516,16.759186,16.960136,253017.58
1999-09-14,AMG,17.040516,17.080706,16.919947,17.080706,101393.64
1999-09-15,AMG,17.080706,17.120895,16.960136,17.000326,20683.059
1999-09-16,AMG,17.000326,17.040516,16.075958,16.357288,66092.484
1999-09-17,AMG,16.397478,16.558237,16.357288,16.397478,45409.42
1999-09-20,AMG,16.357288,16.357288,15.995579,15.995579,51163.355
1999-09-21,AMG,16.236717,16.960136,16.236717,16.718996,201698.7
1999-09-22,AMG,16.879757,17.040516,16.759186,16.799376,50852.332
1999-09-23,AMG,16.799376,17.321846,16.799376,17.040516,41677.14
1999-09-24,AMG,17.241465,17.362036,17.120895,17.120895,38566.906
1999-09-27,AMG,17.241465,17.362036,17.040516,17.040516,125653.48
1999-09-28,AMG,17.040516,17.040516,16.919947,17.000326,80244.05
1999-09-29,AMG,16.960136,17.040516,16.718996,16.879757,84442.87
1999-09-30,AMG,16.879757,17.522795,16.759186,17.522795,277432.9
1999-10-01,AMG,17.683554,17.683554,17.040516,17.080706,86464.516
1999-10-04,AMG,17.000326,17.040516,17.000326,17.000326,13374.009
1999-10-05,AMG,17.000326,17.000326,16.879757,16.879757,55673.2
1999-10-06,AMG,16.919947,16.919947,16.558237,16.598427,61582.645
1999-10-07,AMG,16.718996,16.718996,16.477858,16.718996,67025.555
1999-10-08,AMG,16.799376,16.839567,16.718996,16.799376,45098.4
1999-10-11,AMG,16.879757,17.080706,16.759186,16.839567,34990.137
1999-10-12,AMG,16.839567,17.000326,16.718996,16.718996,93462.55
1999-10-13,AMG,16.759186,16.759186,16.236717,16.477858,97661.36
1999-10-14,AMG,16.357288,16.357288,16.236717,16.236717,38877.93
1999-10-15,AMG,16.075958,16.075958,15.633869,15.754439,65781.46
1999-10-18,AMG,15.71425,15.71425,15.43292,15.55349,24881.875
1999-10-19,AMG,15.71425,15.834819,14.629122,14.789882,210718.39
1999-10-20,AMG,14.789882,15.031021,14.629122,14.990831,118655.445
1999-10-21,AMG,14.950642,15.191781,14.146843,15.191781,553310.7
1999-10-22,AMG,14.870261,15.5133,14.870261,15.191781,176661.31
1999-10-25,AMG,15.191781,15.47311,15.191781,15.39273,106836.555
1999-10-26,AMG,15.39273,15.43292,15.111401,15.43292,313045.1
1999-10-27,AMG,15.43292,15.794629,15.43292,15.71425,93151.52
1999-10-28,AMG,15.754439,16.075958,15.754439,16.075958,302781.3
1999-10-29,AMG,16.075958,17.442415,16.075958,17.201275,467779.28
1999-11-01,AMG,17.362036,17.603174,17.321846,17.522795,228602.23
1999-11-02,AMG,17.522795,17.522795,17.321846,17.362036,27370.064
1999-11-03,AMG,17.442415,17.643364,17.281654,17.442415,43543.28
1999-11-04,AMG,17.362036,17.763933,17.362036,17.562984,23015.734
1999-11-05,AMG,17.603174,18.487352,17.603174,18.406973,95017.664
1999-11-08,AMG,18.406973,18.527542,18.005074,18.005074,152401.48
1999-11-09,AMG,18.085453,18.085453,17.763933,17.964884,164220.38
1999-11-10,AMG,17.964884,18.72849,17.924694,18.366783,64381.855
1999-11-11,AMG,18.447163,18.76868,18.447163,18.607922,20683.059
1999-11-12,AMG,18.607922,19.13039,18.607922,19.13039,8864.168
1999-11-15,AMG,19.53229,20.094948,19.53229,19.813618,136850.31
1999-11-16,AMG,19.813618,19.813618,19.17058,19.21077,354411.22
1999-11-17,AMG,19.17058,20.094948,19.17058,20.094948,139027.48
1999-11-18,AMG,20.094948,20.737986,20.094948,20.737986,80244.05
1999-11-19,AMG,21.139885,21.139885,20.496847,20.657606,106214.51
1999-11-22,AMG,20.737986,20.737986,20.336088,20.416468,13529.5205
1999-11-23,AMG,20.336088,20.336088,20.135138,20.135138,193301.08
1999-11-24,AMG,20.094948,20.094948,19.21077,19.612669,93151.52
1999-11-26,AMG,19.57248,19.612669,19.53229,19.612669,11352.355
1999-11-29,AMG,19.53229,19.53229,19.29115,19.45191,38411.395
1999-11-30,AMG,19.45191,19.45191,19.05001,19.13039,22860.223
1999-12-01,AMG,19.21077,19.21077,18.648111,18.72849,25659.434
1999-12-02,AMG,18.72849,18.849062,18.527542,18.648111,57539.34
1999-12-03,AMG,18.72849,19.41172,18.72849,19.29115,55517.688
1999-12-06,AMG,19.37153,19.612669,19.17058,19.25096,97661.36
1999-12-07,AMG,19.29115,19.652859,19.29115,19.41172,144625.9
1999-12-08,AMG,19.33134,19.37153,19.21077,19.37153,15084.638
1999-12-09,AMG,19.37153,19.45191,19.0902,19.33134,102015.69
1999-12-10,AMG,19.33134,20.456657,19.33134,20.456657,175728.25
1999-12-13,AMG,20.456657,22.024063,20.336088,21.863304,190346.34
1999-12-14,AMG,21.863304,22.948431,21.340836,22.6671,237155.38
1999-12-15,AMG,22.506342,22.506342,20.537037,21.139885,173862.11
1999-12-16,AMG,21.220264,21.823112,21.220264,21.742733,193456.58
1999-12-17,AMG,21.863304,22.104443,21.863304,21.863304,162509.75
1999-12-20,AMG,21.863304,22.184822,21.863304,21.863304,46653.516
1999-12-21,AMG,21.863304,22.184822,21.742733,22.184822,32501.951
1999-12-22,AMG,22.225012,22.948431,22.225012,22.506342,62204.69
1999-12-23,AMG,22.506342,22.506342,22.024063,22.466152,114767.66
1999-12-27,AMG,22.506342,23.22976,22.466152,23.14938,68269.65
1999-12-28,AMG,22.98862,23.269949,22.82786,23.18957,150535.34
1999-12-29,AMG,23.18957,23.792418,23.18957,23.752228,122076.7
1999-12-30,AMG,23.631659,24.113937,23.51109,24.073748,232801.05
1999-12-31,AMG,24.234507,26.284191,24.234507,26.002863,135761.73
2000-01-03,AMG,25.078495,25.078495,23.591469,23.631659,771338.1
2000-01-04,AMG,23.591469,23.591469,21.541784,21.742733,123165.29
2000-01-05,AMG,21.742733,21.742733,21.019316,21.220264,138560.95
2000-01-06,AMG,21.381025,22.506342,21.340836,21.863304,137005.83
2000-01-07,AMG,21.943684,22.82786,21.943684,22.385773,57539.34
2000-01-10,AMG,22.425962,22.98862,22.425962,22.948431,123631.82
2000-01-11,AMG,22.948431,22.948431,22.6671,22.868052,161265.66
2000-01-12,AMG,22.82786,22.908241,22.586721,22.908241,145247.95
2000-01-13,AMG,23.310139,24.355078,23.310139,24.073748,54273.594
2000-01-14,AMG,24.113937,24.636406,24.113937,24.596216,55673.2
2000-01-18,AMG,24.917736,25.882294,24.917736,25.520584,418015.5
2000-01-19,AMG,25.520584,25.520584,24.676596,25.199064,105281.44
2000-01-20,AMG,25.319633,25.400015,25.078495,25.158875,34990.137
2000-01-21,AMG,25.078495,25.199064,23.39052,23.792418,131562.92
2000-01-24,AMG,23.872799,24.435457,23.712038,23.752228,75734.21
2000-01-25,AMG,23.712038,23.712038,22.74748,22.948431,95639.71
2000-01-26,AMG,23.712038,24.515837,23.069,23.35033,186147.53
2000-01-27,AMG,23.43071,23.4709,23.22976,23.39052,101238.13
2000-01-28,AMG,23.4709,23.4709,22.82786,23.10919,59716.504
2000-01-31,AMG,23.10919,23.10919,22.265202,22.265202,48986.19
2000-02-01,AMG,22.305391,22.466152,21.903494,22.466152,43076.746
2000-02-02,AMG,22.466152,22.868052,22.345583,22.868052,123476.31
2000-02-03,AMG,22.98862,23.631659,22.345583,23.55128,113057.02
2000-02-04,AMG,23.591469,24.676596,23.39052,24.395267,526562.7
2000-02-07,AMG,24.314886,25.078495,24.073748,24.475647,289096.28
2000-02-08,AMG,24.556026,24.797165,24.113937,24.154127,229690.81
2000-02-09,AMG,24.194317,26.083242,24.194317,25.801912,386291.12
2000-02-10,AMG,25.801912,25.801912,25.400015,25.560774,204964.45
2000-02-11,AMG,25.681343,25.842102,25.480394,25.761723,254261.67
2000-02-14,AMG,25.721533,25.721533,25.239254,25.641153,194078.62
2000-02-15,AMG,25.560774,25.641153,25.078495,25.279444,208074.69
2000-02-16,AMG,25.279444,25.279444,24.998116,25.118685,84131.84
2000-02-17,AMG,25.118685,25.118685,24.716785,24.797165,48053.12
2000-02-18,AMG,24.756975,24.756975,23.993368,23.993368,98749.945
2000-02-22,AMG,23.872799,23.912989,23.35033,23.55128,115389.7
2000-02-23,AMG,23.631659,23.953178,23.39052,23.51109,461869.8
2000-02-24,AMG,23.671848,25.078495,23.671848,24.998116,141982.2
2000-02-25,AMG,24.957926,25.400015,24.596216,24.917736,152245.98
2000-02-28,AMG,24.917736,24.957926,24.274696,24.636406,88952.7
2000-02-29,AMG,24.676596,26.525331,24.676596,25.279444,153490.08
2000-03-01,AMG,25.560774,26.163622,25.560774,25.882294,240576.64
2000-03-02,AMG,25.962673,26.123432,25.801912,25.922483,111501.91
2000-03-03,AMG,26.043053,27.40951,25.962673,27.16837,154267.62
2000-03-06,AMG,27.00761,27.00761,26.525331,26.525331,121765.68
2000-03-07,AMG,26.565521,26.565521,26.043053,26.043053,179149.5
2000-03-08,AMG,26.123432,26.123432,25.400015,25.681343,81332.63
2000-03-09,AMG,25.641153,25.641153,25.319633,25.400015,239332.55
2000-03-10,AMG,25.400015,25.400015,25.199064,25.199064,171373.92
2000-03-13,AMG,25.078495,25.158875,24.877546,24.957926,117566.87
2000-03-14,AMG,24.998116,25.239254,24.998116,25.078495,122387.73
2000-03-15,AMG,25.078495,25.078495,24.475647,24.837355,107614.12
2000-03-16,AMG,24.837355,26.565521,24.837355,26.565521,213984.14
2000-03-17,AMG,26.284191,27.690838,26.284191,27.690838,152401.48
2000-03-20,AMG,27.972168,29.258244,27.972168,28.213306,399976.16
2000-03-21,AMG,28.173117,28.775965,27.931978,28.735775,247730.17
2000-03-22,AMG,28.735775,30.544321,28.735775,30.544321,340259.66
2000-03-23,AMG,31.0266,32.794956,30.86584,32.151917,616448.5
2000-03-24,AMG,32.151917,32.151917,31.267738,31.549068,125186.94
2000-03-27,AMG,31.468689,31.468689,29.539574,29.861092,253328.6
2000-03-28,AMG,29.780712,29.901283,29.579763,29.619953,195011.7
2000-03-29,AMG,29.579763,30.6247,29.579763,30.26299,248974.27
2000-03-30,AMG,30.26299,30.26299,29.499384,29.700333,184125.88
2000-03-31,AMG,30.062042,31.348118,30.062042,30.544321,227358.14
2000-04-03,AMG,30.544321,31.10698,28.816154,28.936726,230623.89
2000-04-04,AMG,29.057295,29.298433,26.203812,26.565521,386602.16
2000-04-05,AMG,26.404762,26.404762,24.676596,25.681343,451606.06
2000-04-06,AMG,25.641153,25.641153,24.355078,24.676596,309623.84
2000-04-07,AMG,24.355078,26.6459,24.154127,26.605711,664968.1
2000-04-10,AMG,26.605711,27.329128,25.641153,25.801912,278366
2000-04-11,AMG,25.801912,27.329128,25.681343,26.404762,187080.61
2000-04-12,AMG,26.404762,27.329128,25.801912,26.043053,380537.2
2000-04-13,AMG,26.525331,27.248749,26.32438,26.76647,71068.86
2000-04-14,AMG,26.605711,26.605711,23.752228,23.752228,281009.7
2000-04-17,AMG,23.752228,24.073748,23.39052,23.792418,368873.8
2000-04-18,AMG,23.792418,24.515837,23.712038,24.314886,89108.22
2000-04-19,AMG,24.596216,25.721533,24.596216,24.917736,129074.734
2000-04-20,AMG,24.917736,26.444952,24.837355,25.801912,122076.7
2000-04-24,AMG,25.882294,27.48989,25.801912,25.801912,70602.32
2000-04-25,AMG,25.882294,26.284191,25.721533,26.083242,102793.25
2000-04-26,AMG,26.083242,26.364573,26.043053,26.163622,222848.3
2000-04-27,AMG,26.002863,26.203812,25.801912,26.043053,68425.16
2000-04-28,AMG,26.203812,26.203812,25.199064,25.801912,188169.19
2000-05-01,AMG,25.641153,25.801912,25.560774,25.600964,153801.1
2000-05-02,AMG,25.721533,25.721533,24.113937,24.113937,291273.47
2000-05-03,AMG,24.113937,24.113937,22.626911,23.953178,273856.16
2000-05-04,AMG,23.792418,23.792418,22.98862,23.35033,164064.88
2000-05-05,AMG,23.35033,23.872799,22.626911,23.591469,231090.42
2000-05-08,AMG,23.4709,23.4709,22.024063,22.265202,301381.72
2000-05-09,AMG,22.345583,22.466152,21.541784,21.662354,586123.7
2000-05-10,AMG,21.823112,21.823112,20.175327,20.737986,397954.5
2000-05-11,AMG,20.737986,20.858557,19.693048,20.255707,392200.56
2000-05-12,AMG,20.416468,21.421215,20.376278,21.019316,618003.56
2000-05-15,AMG,21.541784,21.702543,21.260454,21.541784,472600.12
2000-05-16,AMG,21.622164,22.506342,21.622164,22.506342,339326.6
2000-05-17,AMG,22.345583,22.385773,22.144632,22.225012,128141.664
2000-05-18,AMG,22.144632,22.70729,22.144632,22.626911,314911.25
2000-05-19,AMG,22.546532,22.82786,22.425962,22.546532,111501.91
2000-05-22,AMG,22.466152,22.466152,21.742733,21.943684,164375.89
2000-05-23,AMG,21.943684,22.184822,20.416468,20.577227,250218.36
2000-05-24,AMG,20.577227,20.737986,20.537037,20.697796,116167.26
2000-05-25,AMG,20.858557,21.541784,20.175327,20.175327,93307.03
2000-05-26,AMG,20.094948,20.938936,20.094948,20.938936,97505.85
2000-05-30,AMG,20.858557,22.345583,20.858557,22.024063,72779.484
2000-05-31,AMG,22.024063,22.98862,21.541784,21.541784,105436.945
2000-06-01,AMG,21.622164,22.586721,21.622164,22.586721,83509.8
2000-06-02,AMG,22.98862,25.400015,22.98862,24.234507,269812.84
2000-06-05,AMG,24.234507,24.355078,22.98862,23.43071,197966.42
2000-06-06,AMG,23.51109,24.676596,23.310139,24.113937,123476.31
2000-06-07,AMG,24.033558,24.435457,24.033558,24.395267,45253.91
2000-06-08,AMG,24.314886,24.515837,23.993368,24.355078,70913.34
2000-06-09,AMG,24.475647,24.515837,24.154127,24.435457,42765.723
2000-06-12,AMG,24.515837,24.515837,23.4709,24.274696,96572.78
2000-06-13,AMG,24.395267,24.556026,24.395267,24.515837,109324.74
2000-06-14,AMG,24.596216,25.359825,24.596216,24.957926,267635.7
2000-06-15,AMG,25.118685,25.279444,24.998116,25.158875,142915.28
2000-06-16,AMG,25.319633,25.319633,24.756975,25.158875,102326.71
2000-06-19,AMG,25.158875,27.248749,25.118685,27.248749,374938.78
2000-06-20,AMG,27.208559,27.208559,26.203812,26.68609,202942.8
2000-06-21,AMG,26.76647,28.092737,26.76647,28.012358,372606.1
2000-06-22,AMG,27.972168,28.534826,27.731028,27.851597,241354.2
2000-06-23,AMG,27.570269,27.610458,26.6459,26.6459,128297.17
2000-06-26,AMG,26.6459,26.96742,26.6459,26.96742,118499.94
2000-06-27,AMG,27.610458,27.690838,27.0478,27.0478,64070.832
2000-06-28,AMG,27.08799,27.36932,26.84685,27.36932,72468.46
2000-06-29,AMG,27.208559,28.052547,27.08799,27.931978,92373.96
2000-06-30,AMG,27.931978,29.258244,27.12818,29.258244,298582.5
2000-07-03,AMG,29.258244,29.258244,27.570269,28.132927,131562.92
2000-07-05,AMG,28.132927,28.374067,27.08799,27.329128,176972.34
2000-07-06,AMG,27.248749,28.293686,26.364573,28.253496,284430.94
2000-07-07,AMG,28.253496,28.936726,28.173117,28.775965,173084.55
2000-07-10,AMG,28.856344,29.177864,28.615206,28.936726,146803.06
2000-07-11,AMG,28.936726,29.539574,28.896536,29.258244,90196.8
2000-07-12,AMG,29.258244,30.182611,29.137674,30.182611,302003.78
2000-07-13,AMG,30.30318,30.34337,29.700333,30.222801,59716.504
2000-07-14,AMG,30.222801,30.463942,29.700333,30.463942,237466.4
2000-07-17,AMG,30.6247,31.10698,30.222801,30.82565,50696.82
2000-07-18,AMG,30.86584,30.86584,28.936726,28.976915,183192.81
2000-07-19,AMG,29.137674,29.419004,27.731028,28.012358,86153.49
2000-07-20,AMG,27.931978,29.539574,27.731028,29.539574,113523.56
2000-07-21,AMG,29.499384,29.981663,29.378815,29.820902,193767.61
2000-07-24,AMG,29.901283,29.901283,28.775965,28.775965,246330.58
2000-07-25,AMG,28.775965,29.740522,28.775965,29.378815,176039.27
2000-07-26,AMG,29.338623,30.182611,28.695585,29.097485,255194.73
2000-07-27,AMG,29.017105,29.901283,28.936726,29.861092,115856.234
2000-07-28,AMG,29.981663,31.4285,29.981663,31.187359,211184.92
2000-07-31,AMG,31.227549,32.031345,30.142422,30.504131,511322.56
2000-08-01,AMG,30.78546,30.78546,29.740522,30.74527,279765.6
2000-08-02,AMG,30.86584,31.629448,30.86584,31.549068,122543.24
2000-08-03,AMG,31.549068,31.549068,30.98641,31.187359,133118.03
2000-08-04,AMG,31.227549,33.076283,31.227549,33.036095,266080.56
2000-08-07,AMG,33.116474,34.08103,32.674385,33.558563,353633.66
2000-08-08,AMG,33.679134,34.72407,33.51837,34.362362,344302.97
2000-08-09,AMG,34.24179,34.24179,33.437992,33.759514,193301.08
2000-08-10,AMG,33.759514,34.12122,33.277233,33.277233,400753.72
2000-08-11,AMG,33.237045,33.51837,32.794956,33.51837,188169.19
2000-08-14,AMG,34.16141,34.40255,33.920273,34.16141,465913.12
2000-08-15,AMG,34.08103,35.809196,34.08103,34.80445,246175.06
2000-08-16,AMG,34.72407,35.367107,34.72407,34.72407,427968.28
2000-08-17,AMG,34.72407,34.88483,34.12122,34.40255,106525.53
2000-08-18,AMG,34.52312,35.367107,33.88008,33.920273,88797.195
2000-08-21,AMG,34.000652,34.88483,34.000652,34.362362,90818.84
2000-08-22,AMG,34.44274,36.130714,34.44274,35.728817,222070.75
2000-08-23,AMG,35.889576,36.733566,35.728817,36.211098,174328.64
2000-08-24,AMG,36.090527,36.653187,36.090527,36.331665,136383.78
2000-08-25,AMG,36.371857,37.416794,36.371857,37.296223,136694.81
2000-08-28,AMG,37.256035,37.296223,36.090527,36.251286,174950.69
2000-08-29,AMG,36.412045,36.492424,35.76901,35.969955,459070.62
2000-08-30,AMG,36.090527,36.572803,35.04559,35.20635,230312.86
2000-08-31,AMG,35.286728,35.969955,34.96521,35.84939,313356.12
2000-09-01,AMG,36.170906,36.572803,35.48768,36.170906,187547.14
2000-09-05,AMG,36.653187,36.894325,36.211098,36.211098,222381.77
2000-09-06,AMG,36.331665,38.34116,36.251286,37.53736,379915.16
2000-09-07,AMG,37.497173,37.778503,37.296223,37.497173,355188.78
2000-09-08,AMG,37.376602,38.42154,37.296223,37.296223,150068.81
2000-09-11,AMG,37.336414,39.466476,37.336414,39.466476,175106.2
2000-09-12,AMG,39.546856,40.270275,38.5823,38.62249,368873.8
2000-09-13,AMG,38.62249,39.546856,37.376602,37.45698,183659.34
2000-09-14,AMG,37.939262,41.315212,37.939262,41.315212,508989.88
2000-09-15,AMG,40.832935,40.832935,38.34116,38.38135,289407.3
2000-09-18,AMG,38.10002,38.10002,35.447487,36.331665,239177.03
2000-09-19,AMG,36.412045,39.627235,36.170906,38.9842,488462.3
2000-09-20,AMG,39.546856,40.189896,38.42154,38.50192,515054.84
2000-09-21,AMG,38.46173,38.5823,36.773754,37.376602,255039.23
2000-09-22,AMG,37.416794,37.416794,35.889576,36.412045,318021.47
2000-09-25,AMG,36.412045,37.095272,35.32692,35.608246,480220.22
2000-09-26,AMG,35.48768,35.68863,34.08103,34.16141,239488.06
2000-09-27,AMG,34.12122,35.4073,33.437992,33.59875,287385.66
2000-09-28,AMG,33.59875,35.04559,33.036095,35.04559,323775.4
2000-09-29,AMG,34.88483,36.894325,33.759514,36.612995,335594.3
2000-10-02,AMG,36.813946,37.577553,35.447487,35.929768,210251.84
2000-10-03,AMG,35.84939,35.929768,34.92502,35.20635,98594.43
2000-10-04,AMG,35.20635,35.20635,33.196854,33.558563,145092.44
2000-10-05,AMG,34.000652,34.80445,33.679134,33.679134,145247.95
2000-10-06,AMG,33.719322,33.96046,32.393055,33.759514,308068.72
2000-10-09,AMG,33.920273,34.04084,32.915524,32.955715,100305.06
2000-10-10,AMG,32.955715,33.679134,32.19211,32.312675,222381.77
2000-10-11,AMG,32.232296,32.232296,30.86584,31.508879,331706.5
2000-10-12,AMG,31.629448,31.709827,30.142422,31.06679,186303.05
2000-10-13,AMG,30.94622,33.679134,30.90603,33.357613,318799.03
2000-10-16,AMG,33.317425,34.000652,33.036095,33.51837,192523.52
2000-10-17,AMG,33.638943,33.719322,31.348118,31.508879,307757.7
2000-10-18,AMG,31.10698,31.267738,30.30318,30.70508,237155.38
2000-10-19,AMG,30.82565,34.16141,30.82565,34.16141,417237.97
2000-10-20,AMG,34.72407,36.974705,34.72407,35.20635,194856.19
2000-10-23,AMG,35.286728,37.135464,35.286728,36.090527,251306.95
2000-10-24,AMG,36.090527,36.653187,35.929768,36.090527,190346.34
2000-10-25,AMG,35.929768,36.130714,34.76426,34.88483,152401.48
2000-10-26,AMG,34.80445,35.68863,33.59875,34.08103,246486.08
2000-10-27,AMG,34.48293,37.215843,34.48293,36.693375,426102.12
2000-10-30,AMG,36.653187,39.06458,36.532616,37.939262,364675
2000-10-31,AMG,37.939262,38.74306,37.45698,38.66268,135450.72
2000-11-01,AMG,38.82344,38.82344,37.336414,38.42154,168263.69
2000-11-02,AMG,38.1804,40.069324,38.1804,39.868378,153801.1
2000-11-03,AMG,39.908566,41.797493,39.386097,40.913315,169196.75
2000-11-06,AMG,41.315212,41.797493,40.431034,40.913315,192212.48
2000-11-07,AMG,40.953503,40.953503,38.5823,38.944008,196255.8
2000-11-08,AMG,39.06458,39.06458,37.376602,37.778503,215694.77
2000-11-09,AMG,37.61774,37.61774,35.728817,36.974705,188791.23
2000-11-10,AMG,36.653187,36.653187,35.568058,36.050335,249751.83
2000-11-13,AMG,36.010147,36.010147,33.96046,34.96521,320043.12
2000-11-14,AMG,35.367107,36.572803,35.367107,35.447487,126897.57
2000-11-15,AMG,35.4073,37.698124,35.286728,37.376602,136228.27
2000-11-16,AMG,37.215843,38.01964,36.894325,37.175655,134051.11
2000-11-17,AMG,37.296223,37.376602,36.572803,36.974705,88486.17
2000-11-20,AMG,36.974705,36.974705,35.447487,36.371857,158310.94
2000-11-21,AMG,34.72407,34.72407,31.187359,31.709827,1089981.6
2000-11-22,AMG,31.910778,32.031345,29.901283,30.222801,353011.62
2000-11-24,AMG,30.78546,31.991158,30.463942,31.750017,141671.19
2000-11-27,AMG,31.709827,32.875336,31.709827,32.634197,293295.12
2000-11-28,AMG,32.473434,32.995903,31.10698,31.187359,253017.58
2000-11-29,AMG,31.06679,31.750017,29.499384,29.619953,356277.38
2000-11-30,AMG,29.338623,30.383562,27.650648,28.414257,541025.3
2000-12-01,AMG,28.856344,31.187359,28.856344,30.544321,215850.28
2000-12-04,AMG,30.30318,30.34337,29.539574,29.901283,324864
2000-12-05,AMG,30.062042,32.634197,30.062042,32.433247,290184.88
2000-12-06,AMG,32.754765,34.32217,32.473434,32.553814,524696.56
2000-12-07,AMG,32.393055,33.357613,32.393055,32.955715,175728.25
2000-12-08,AMG,33.759514,36.010147,33.759514,35.447487,330306.9
2000-12-11,AMG,35.447487,37.215843,34.80445,36.331665,728416.94
2000-12-12,AMG,36.211098,36.211098,33.036095,33.076283,249907.34
2000-12-13,AMG,33.237045,34.16141,33.036095,33.237045,211184.92
2000-12-14,AMG,33.076283,33.076283,31.750017,32.393055,586901.25
2000-12-15,AMG,32.232296,32.634197,31.508879,32.151917,207141.61
2000-12-18,AMG,32.634197,33.638943,32.594006,32.915524,109946.79
2000-12-19,AMG,32.835144,33.317425,30.66489,30.82565,355344.28
2000-12-20,AMG,30.82565,31.830397,30.544321,30.86584,374005.7
2000-12-21,AMG,30.82565,31.910778,30.78546,31.468689,132340.48
2000-12-22,AMG,32.071537,33.920273,31.910778,33.920273,271990
2000-12-26,AMG,33.88008,34.04084,33.397804,33.920273,205742.02
2000-12-27,AMG,33.920273,34.72407,33.357613,34.16141,169974.31
2000-12-28,AMG,34.201603,36.974705,34.12122,36.974705,243375.84
2000-12-29,AMG,36.974705,38.1804,35.24654,35.286728,231090.42
2001-01-02,AMG,35.286728,35.286728,32.071537,32.272488,227669.17
2001-01-03,AMG,32.393055,37.657932,32.393055,37.296223,445696.6
2001-01-04,AMG,37.135464,39.466476,36.492424,37.296223,337149.4
2001-01-05,AMG,37.055084,37.175655,35.648438,36.251286,386291.12
2001-01-08,AMG,36.251286,36.331665,35.20635,35.84939,229846.33
2001-01-09,AMG,35.889576,36.211098,34.40255,34.88483,207452.64
2001-01-10,AMG,35.04559,35.929768,34.24179,34.56331,268413.25
2001-01-11,AMG,34.80445,37.296223,34.80445,36.050335,193456.58
2001-01-12,AMG,36.170906,36.412045,35.16616,35.969955,97972.38
2001-01-16,AMG,35.969955,36.170906,35.12597,35.929768,290340.38
2001-01-17,AMG,36.251286,38.01964,36.251286,37.256035,221759.72
2001-01-18,AMG,37.296223,38.5823,36.653187,37.53736,217249.88
2001-01-19,AMG,37.577553,37.61774,36.773754,36.773754,117100.33
2001-01-22,AMG,36.894325,38.26078,36.854134,37.778503,171529.44
2001-01-23,AMG,37.61774,39.386097,37.53736,39.386097,169196.75
2001-01-24,AMG,39.305717,40.752556,39.14496,39.868378,281631.72
2001-01-25,AMG,39.747807,39.747807,36.331665,37.858883,504635.53
2001-01-26,AMG,37.778503,37.81869,36.773754,37.055084,266702.6
2001-01-29,AMG,37.05187,38.42154,37.05187,37.939262,226114.05
2001-01-30,AMG,38.42154,40.029137,38.022858,39.73977,207608.16
2001-01-31,AMG,39.57901,40.41496,38.77521,39.546856,356121.84
2001-02-01,AMG,38.9842,39.41825,38.511566,38.77521,230934.9
2001-02-02,AMG,38.93597,39.03243,36.138756,36.267365,187236.11
2001-02-05,AMG,36.460274,37.289795,35.695057,35.842957,270279.38
2001-02-06,AMG,36.267365,36.267365,35.20635,35.656475,106059
2001-02-07,AMG,35.929768,36.331665,35.495716,36.1066,148358.19
2001-02-08,AMG,35.367107,36.042297,34.659767,34.69835,172773.53
2001-02-09,AMG,34.434704,34.56331,33.817387,34.17749,260326.62
2001-02-12,AMG,34.17749,34.74979,34.08103,34.74979,134517.64
2001-02-13,AMG,34.942703,37.296223,34.91698,34.91698,320198.66
2001-02-14,AMG,34.91698,34.94913,34.010296,34.49901,151001.89
2001-02-15,AMG,34.49901,34.505436,33.88812,33.88812,264058.9
2001-02-16,AMG,33.437992,33.69521,32.023308,33.155056,355499.8
2001-02-20,AMG,33.18078,33.5666,32.762802,32.794956,285675.03
2001-02-21,AMG,32.794956,33.193638,32.499157,33.084324,391734.03
2001-02-22,AMG,33.09075,33.40584,32.473434,33.05217,304336.44
2001-02-23,AMG,33.05217,33.945995,32.602043,33.939564,363586.4
2001-02-26,AMG,33.945995,35.527866,33.945995,35.527866,741479.9
2001-02-27,AMG,35.84939,35.93941,34.634045,34.659767,170907.39
2001-02-28,AMG,34.691917,34.852676,32.91713,33.116474,267324.66
2001-03-01,AMG,33.116474,33.663055,31.579613,33.20007,419415.12
2001-03-02,AMG,33.20007,34.312527,32.88498,34.08103,210251.84
2001-03-05,AMG,33.984573,34.04888,32.602043,33.309383,154267.62
2001-03-06,AMG,33.437992,34.981285,33.437992,34.820526,229690.81
2001-03-07,AMG,34.820526,35.656475,34.171055,35.097034,182259.73
2001-03-08,AMG,35.097034,35.68863,33.952423,34.016727,219738.06
2001-03-09,AMG,34.016727,34.20964,32.794956,33.592323,203098.31
2001-03-12,AMG,33.592323,33.592323,32.344826,32.344826,219271.53
2001-03-13,AMG,32.21622,32.492725,31.348118,31.611765,357210.44
2001-03-14,AMG,31.187359,31.798246,30.930143,31.322397,190035.33
2001-03-15,AMG,32.53774,32.659916,31.965435,31.965435,270590.4
2001-03-16,AMG,31.991158,32.061893,30.86584,31.135916,129230.24
2001-03-19,AMG,31.142347,31.669638,30.074903,31.669638,335283.28
2001-03-20,AMG,31.669638,32.087612,29.959156,30.447865,342747.84
2001-03-21,AMG,30.86584,30.994448,28.03647,28.589483,460625.72
2001-03-22,AMG,27.530079,28.589483,26.49318,28.293686,611316.56
2001-03-23,AMG,28.615206,29.644066,28.293686,29.451155,381781.28
2001-03-26,AMG,29.772675,30.67293,29.772675,30.222801,175572.73
2001-03-27,AMG,30.544321,31.766094,30.004168,31.155209,332328.56
2001-03-28,AMG,31.155209,31.251661,29.772675,30.35141,311956.53
2001-03-29,AMG,30.222801,31.20022,29.476877,29.734093,409773.4
2001-03-30,AMG,29.734093,30.222801,29.38042,30.222801,178371.95
2001-04-02,AMG,30.126345,30.222801,29.3547,29.586193,292206.53
2001-04-03,AMG,29.586193,29.708372,27.84356,28.03647,126120.01
2001-04-04,AMG,28.19723,28.711662,27.6828,28.16508,291895.5
2001-04-05,AMG,29.539574,30.801537,28.287258,30.35141,492350.12
2001-04-06,AMG,29.861092,30.415712,29.290396,29.611916,216938.86
2001-04-09,AMG,29.933434,30.730803,29.579763,29.894854,267013.62
2001-04-10,AMG,30.415712,31.669638,30.415712,31.090902,497482
2001-04-11,AMG,32.151917,32.698498,31.52174,31.650347,279921.1
2001-04-12,AMG,31.650347,32.151917,31.071611,31.650347,228913.27
2001-04-16,AMG,31.766094,31.830397,30.415712,30.737232,258771.52
2001-04-17,AMG,30.737232,31.393131,30.737232,31.38027,151157.39
2001-04-18,AMG,31.669638,34.20964,31.669638,33.39941,391578.53
2001-04-19,AMG,33.18078,33.37369,32.409134,33.245083,166242.03
2001-04-20,AMG,33.116474,33.40584,32.794956,33.193638,141826.69
2001-04-23,AMG,32.923565,32.942852,32.634197,32.71136,85375.94
2001-04-24,AMG,32.794956,32.794956,32.023308,32.151917,436987.94
2001-04-25,AMG,31.73394,33.431564,31.508879,33.431564,291428.97
2001-04-26,AMG,33.437992,35.945843,33.437992,35.56002,237621.92
2001-04-27,AMG,35.75936,36.974705,35.2385,35.57931,315222.25
2001-04-30,AMG,35.72078,36.653187,35.72078,36.151615,204031.38
2001-05-01,AMG,36.074448,36.5503,35.617893,35.772224,276344.34
2001-05-02,AMG,33.952423,34.852676,33.823814,34.460423,1082517.1
2001-05-03,AMG,34.91698,35.367107,34.56331,34.74979,810838.1
2001-05-04,AMG,34.428272,35.296375,34.27394,35.296375,829655.06
2001-05-07,AMG,35.328526,35.817234,35.103462,35.70149,597009.5
2001-05-08,AMG,36.21592,36.588882,35.57288,36.23521,648017.4
2001-05-09,AMG,36.23521,36.453842,36.138756,36.203056,380848.22
2001-05-10,AMG,36.267365,36.39597,35.495716,36.357388,211184.92
2001-05-11,AMG,36.485996,36.87182,35.66934,35.66934,101549.16
2001-05-14,AMG,35.73364,35.73364,35.354248,35.367107,185525.48
2001-05-15,AMG,35.527866,36.03587,35.37354,36.03587,180860.14
2001-05-16,AMG,35.945843,36.974705,35.2385,36.974705,624535.06
2001-05-17,AMG,37.61774,38.26078,37.38625,37.592022,233267.6
2001-05-18,AMG,37.527718,37.649895,36.588882,37.006855,322064.78
2001-05-21,AMG,37.296223,37.296223,37.006855,37.148323,260326.62
2001-05-22,AMG,36.78179,38.035717,36.78179,37.682045,248663.25
2001-05-23,AMG,37.688477,37.93283,37.039005,37.045437,139649.53
2001-05-24,AMG,37.07116,37.842804,37.006855,37.57273,210718.39
2001-05-25,AMG,37.611313,38.42154,37.611313,38.10002,159088.5
2001-05-29,AMG,38.10002,38.710907,36.9104,36.9104,275877.8
2001-05-30,AMG,36.9104,37.958553,36.460274,36.460274,228602.23
2001-05-31,AMG,36.331665,37.103313,36.023006,36.023006,232956.56
2001-06-01,AMG,36.267365,37.39268,36.260933,37.296223,332950.6
2001-06-04,AMG,37.302654,38.093594,37.302654,38.08073,151934.95
2001-06-05,AMG,38.08073,39.05815,38.08073,38.910248,255661.28
2001-06-06,AMG,38.90382,38.90382,38.235058,38.44083,146647.56
2001-06-07,AMG,38.517998,39.669033,38.492275,39.656174,521897.34
2001-06-08,AMG,39.656174,40.89081,39.656174,40.517845,334816.75
2001-06-11,AMG,40.511414,41.154453,39.675465,39.75263,281787.25
2001-06-12,AMG,39.61116,40.832935,38.93597,40.71076,427812.75
2001-06-13,AMG,40.71076,40.993694,40.479263,40.640022,194234.14
2001-06-14,AMG,40.511414,40.511414,39.424683,39.508274,381781.28
2001-06-15,AMG,39.508274,40.640022,39.41825,40.63359,301848.25
2001-06-18,AMG,40.56929,41.25091,38.993843,39.225338,275877.8
2001-06-19,AMG,40.189896,40.504986,39.533997,39.57901,208696.73
2001-06-20,AMG,39.57901,40.80078,39.57901,40.498554,302936.84
2001-06-21,AMG,40.59501,41.64959,40.022705,40.312073,302314.78
2001-06-22,AMG,40.318504,40.627163,40.286354,40.627163,253639.62
2001-06-25,AMG,41.154453,41.73319,39.990555,39.990555,202476.27
2001-06-26,AMG,39.546856,40.832935,38.96812,40.60144,460314.72
2001-06-27,AMG,40.60144,40.865086,40.189896,40.511414,91751.914
2001-06-28,AMG,40.704327,41.315212,40.504986,41.09015,312267.53
2001-06-29,AMG,41.186607,41.784634,39.546856,39.546856,567151.25
2001-07-02,AMG,39.643314,40.23491,39.636883,39.77192,281320.72
2001-07-03,AMG,39.836224,40.350655,39.675465,39.868378,119433.01
2001-07-05,AMG,39.93268,40.24134,39.868378,40.099873,144625.9
2001-07-06,AMG,40.029137,40.029137,38.781643,38.845947,165308.97
2001-07-09,AMG,38.781643,39.128883,38.06787,38.125744,253328.6
2001-07-10,AMG,38.22863,38.453693,37.103313,37.10974,414283.22
2001-07-11,AMG,37.135464,37.264072,36.717487,36.974705,319265.56
2001-07-12,AMG,37.154755,38.190044,37.154755,37.74635,177749.9
2001-07-13,AMG,37.90711,38.56301,37.90711,38.19648,196566.81
2001-07-16,AMG,38.26078,38.5823,37.296223,37.360527,199988.08
2001-07-17,AMG,37.199768,37.73349,36.846096,37.73349,263747.88
2001-07-18,AMG,37.89425,37.939262,37.55344,37.55344,87086.56
2001-07-19,AMG,37.7142,37.7142,36.492424,36.717487,162043.22
2001-07-20,AMG,36.55673,37.643463,36.52458,37.51486,117411.35
2001-07-23,AMG,37.675617,38.833084,37.57916,38.06787,209007.75
2001-07-24,AMG,37.971413,37.971413,37.360527,37.360527,348346.25
2001-07-25,AMG,37.296223,37.76564,36.653187,37.61774,465757.62
2001-07-26,AMG,38.90382,40.961544,38.90382,40.45354,459692.66
2001-07-27,AMG,40.832935,44.305344,40.832935,43.71375,1451079.9
2001-07-30,AMG,43.598,43.604427,42.472683,42.633442,572438.7
2001-07-31,AMG,42.472683,43.559414,42.45339,43.559414,580991.8
2001-08-01,AMG,43.559414,44.369644,43.559414,44.054558,548800.9
2001-08-02,AMG,43.951668,43.951668,43.53369,43.823063,198121.94
2001-08-03,AMG,43.829494,44.048126,43.688026,44.048126,171840.45
2001-08-06,AMG,44.048126,44.170303,42.93567,43.08357,164997.94
2001-08-07,AMG,43.09,43.27648,42.74919,43.25076,79466.49
2001-08-08,AMG,43.25076,43.25076,42.183315,42.344074,221293.19
2001-08-09,AMG,42.27977,42.434097,41.482403,41.983974,246175.06
2001-08-10,AMG,41.983974,42.311924,41.154453,41.321644,430923
2001-08-13,AMG,41.321644,42.434097,40.92296,42.37623,339326.6
2001-08-14,AMG,42.536987,43.48868,42.45339,42.839214,342747.84
2001-08-15,AMG,42.678455,42.729897,41.926098,42.27977,226425.08
2001-08-16,AMG,42.37623,42.37623,41.79106,42.19618,197033.36
2001-08-17,AMG,42.03542,42.09329,41.025845,41.218758,168730.22
2001-08-20,AMG,41.218758,41.701035,41.218758,41.57243,176972.34
2001-08-21,AMG,41.57243,43.019264,41.57243,41.63673,264991.97
2001-08-22,AMG,41.829647,43.3022,41.823215,43.244328,517076.47
2001-08-23,AMG,43.180023,43.482254,42.11901,43.012833,269501.8
2001-08-24,AMG,42.92281,44.29248,42.890656,44.208885,283342.38
2001-08-27,AMG,44.14458,44.24104,43.405087,43.72661,298427
2001-08-28,AMG,43.73304,43.73304,42.37623,42.530556,174795.17
2001-08-29,AMG,42.530556,43.327923,42.511265,43.27648,396554.9
2001-08-30,AMG,43.244328,46.29876,43.23147,46.23446,738991.7
2001-08-31,AMG,46.45952,46.555977,44.909794,45.59142,978013.25
2001-09-04,AMG,45.59142,45.65572,44.466103,44.81977,398421.03
2001-09-05,AMG,44.755466,45.012684,44.17673,44.594707,320820.7
2001-09-06,AMG,44.65901,44.877647,43.199314,43.405087,501525.3
2001-09-07,AMG,42.92281,43.237896,41.91324,42.864937,560153.25
2001-09-10,AMG,42.74919,43.07071,42.054707,42.710606,627023.25
2001-09-17,AMG,40.897236,41.025845,39.225338,39.55972,803373.56
2001-09-18,AMG,39.55972,40.286354,39.43111,39.77192,242131.75
2001-09-19,AMG,39.77192,40.093437,36.37025,37.296223,1155452.1
2001-09-20,AMG,36.042297,36.428123,35.367107,35.37354,953286.9
2001-09-21,AMG,35.367107,36.074448,34.21607,36.074448,648017.4
2001-09-24,AMG,36.074448,38.90382,36.074448,38.90382,451917.06
2001-09-25,AMG,38.42154,38.90382,37.264072,37.997135,510700.5
2001-09-26,AMG,38.235058,38.235058,37.296223,37.61774,362497.84
2001-09-27,AMG,37.296223,37.296223,35.01344,36.061592,876775.1
2001-09-28,AMG,36.16448,37.360527,35.91369,36.53101,725928.75
2001-10-01,AMG,36.53101,36.78179,35.945843,36.518147,391423
2001-10-02,AMG,36.39597,36.974705,36.145184,36.698196,274633.72
2001-10-03,AMG,36.704628,39.868378,36.39597,39.868378,824834.2
2001-10-04,AMG,39.996986,40.511414,39.161034,39.360374,476176.9
2001-10-05,AMG,39.199615,39.199615,38.267212,38.41511,269035.28
2001-10-08,AMG,38.254353,38.56301,37.167614,37.328373,367785.22
2001-10-09,AMG,37.360527,39.09673,37.360527,38.90382,306980.16
2001-10-10,AMG,38.74306,40.189896,38.517998,40.170605,233578.61
2001-10-11,AMG,40.511414,41.784634,40.511414,41.63673,439009.6
2001-10-12,AMG,41.47597,41.47597,40.029137,40.92939,396243.88
2001-10-15,AMG,40.76863,41.154453,39.868378,40.45354,418793.06
2001-10-16,AMG,40.6143,41.63673,40.511414,41.28306,320043.12
2001-10-17,AMG,41.28306,41.57243,39.546856,40.2542,368407.28
2001-10-18,AMG,39.900528,40.607872,39.73977,40.029137,278054.97
2001-10-19,AMG,39.868378,39.90696,38.93597,39.868378,286297.1
2001-10-22,AMG,39.996986,41.25091,39.62402,41.09015,246019.55
2001-10-23,AMG,41.25091,41.25091,40.6143,40.723618,213362.1
2001-10-24,AMG,40.350655,41.57243,40.350655,41.28306,246486.08
2001-10-25,AMG,41.122303,42.691315,40.26706,42.60772,383647.44
2001-10-26,AMG,42.684883,42.684883,41.257343,41.48883,721263.4
2001-10-29,AMG,41.64959,41.73319,40.646454,40.659313,235444.75
2001-10-30,AMG,40.704327,40.704327,39.61116,40.170605,212118
2001-10-31,AMG,40.832935,40.92939,39.675465,39.675465,223159.33
2001-11-01,AMG,39.514706,40.21562,38.93597,40.21562,353322.62
2001-11-02,AMG,40.447113,41.60458,40.447113,41.40524,265614.03
2001-11-05,AMG,41.28306,41.926098,41.28306,41.73319,171373.92
2001-11-06,AMG,41.57243,42.678455,41.25091,42.665592,233578.61
2001-11-07,AMG,42.672024,43.405087,42.42767,42.82635,320354.16
2001-11-08,AMG,43.077137,43.501545,42.92281,42.98711,304025.4
2001-11-09,AMG,42.890656,42.98711,42.27977,42.44053,201076.66
2001-11-12,AMG,42.344074,42.569134,41.315212,42.408375,390956.47
2001-11-13,AMG,42.916378,43.578705,42.691315,43.405087,594365.8
2001-11-14,AMG,44.369644,45.012684,43.79091,44.88408,762940.5
2001-11-15,AMG,44.723316,44.723316,43.91309,44.543262,485507.6
2001-11-16,AMG,44.44681,44.80048,43.694454,43.72661,267946.7
2001-11-19,AMG,43.79091,44.234608,43.501545,44.234608,316621.88
2001-11-20,AMG,44.247467,44.62043,43.598,43.662304,270745.9
2001-11-21,AMG,43.73304,44.08028,43.63015,44.003113,269190.78
2001-11-23,AMG,44.009544,44.65901,44.009544,44.466103,62360.203
2001-11-26,AMG,44.49825,45.46924,44.49825,45.218456,528895.4
2001-11-27,AMG,45.08985,45.173443,44.08028,44.27319,222537.28
2001-11-28,AMG,44.27319,44.369644,42.98711,42.99354,450828.5
2001-11-29,AMG,42.99354,44.530403,42.408375,44.472534,299826.6
2001-11-30,AMG,44.311775,44.311775,43.63015,43.63015,226114.05
2001-12-03,AMG,43.46939,43.46939,42.44053,42.858505,332017.53
2001-12-04,AMG,43.019264,44.041695,43.019264,43.72661,239799.08
2001-12-05,AMG,43.887367,45.65572,43.887367,45.64929,353478.16
2001-12-06,AMG,45.584988,47.096127,45.456383,46.45952,452539.12
2001-12-07,AMG,46.45952,47.391922,46.427364,47.160427,528428.8
2001-12-10,AMG,47.0061,47.32762,45.816483,45.848637,251773.48
2001-12-11,AMG,45.95152,46.202305,45.276333,45.527115,226269.56
2001-12-12,AMG,45.687874,46.105846,45.012684,46.041542,190190.84
2001-12-13,AMG,45.880783,46.588123,45.59142,46.29876,204031.38
2001-12-14,AMG,46.23446,46.491673,45.366356,45.75861,215850.28
2001-12-17,AMG,45.720024,47.10256,45.720024,47.0061,439476.12
2001-12-18,AMG,45.012684,45.43066,44.723316,45.13486,2080280.4
2001-12-19,AMG,45.14129,45.48853,44.94838,45.031975,457515.5
2001-12-20,AMG,45.044838,45.49496,44.68473,44.88408,310245.88
2001-12-21,AMG,45.044838,45.302048,44.33749,44.633293,515676.88
2001-12-24,AMG,44.633293,44.858356,44.49825,44.588276,47120.05
2001-12-26,AMG,44.691166,45.173443,44.49825,44.63972,101860.18
2001-12-27,AMG,44.68473,44.88408,43.887367,44.414658,319265.56
2001-12-28,AMG,44.530403,45.2699,44.52397,44.92909,411328.5
2001-12-31,AMG,45.044838,45.48853,44.88408,45.321342,227047.12
2002-01-02,AMG,45.205597,45.2699,44.14458,45.2699,226580.58
2002-01-03,AMG,45.10914,46.29876,45.10914,46.002964,342281.3
2002-01-04,AMG,46.163723,46.45952,46.047974,46.29876,905233.75
2002-01-07,AMG,46.29876,46.63957,46.170155,46.2859,332173.03
2002-01-08,AMG,46.2859,46.2859,45.700733,45.887215,401531.28
2002-01-09,AMG,46.29876,46.793896,46.189445,46.195873,662791
2002-01-10,AMG,46.073696,46.78104,45.726456,46.163723,187391.62
2002-01-11,AMG,46.163723,46.523823,45.78433,45.87435,217249.88
2002-01-14,AMG,45.848637,46.009396,44.697598,44.941948,454560.78
2002-01-15,AMG,44.81977,45.51425,44.813343,45.26347,181948.72
2002-01-16,AMG,45.2699,45.2699,44.761898,44.86478,306669.12
2002-01-17,AMG,45.012684,45.16701,44.27962,44.536835,295472.28
2002-01-18,AMG,44.536835,44.916225,43.79091,44.27319,475554.84
2002-01-22,AMG,44.369644,44.466103,43.73304,43.8102,146803.06
2002-01-23,AMG,43.96453,44.562557,42.967823,43.019264,665901.2
2002-01-24,AMG,43.025696,44.369644,43.025696,44.202454,584257.56
2002-01-25,AMG,44.14458,44.68473,43.945236,44.356785,411484.03
2002-01-28,AMG,44.29248,44.369644,43.700886,44.151012,155200.7
2002-01-29,AMG,44.27962,44.388935,42.125443,42.151165,303869.9
2002-01-30,AMG,42.26048,43.154305,41.57243,42.974255,872420.75
2002-01-31,AMG,43.13022,44.582306,43.046318,44.38869,293629.06
2002-02-01,AMG,44.530674,45.28576,43.69169,45.16314,363666.2
2002-02-04,AMG,45.117966,45.117966,44.078915,44.20799,246989.3
2002-02-05,AMG,43.885303,44.659748,43.388367,44.214443,341508.4
2002-02-06,AMG,44.375786,44.59521,43.66588,43.885303,493513.75
2002-02-07,AMG,43.885303,44.459682,43.659424,43.69169,150300.89
2002-02-08,AMG,43.72396,45.30512,43.66588,45.259945,195391.16
2002-02-11,AMG,45.259945,45.30512,44.007923,45.16959,273485.62
2002-02-12,AMG,44.36933,44.375786,43.82722,43.885303,612050
2002-02-13,AMG,44.046646,45.143776,44.046646,45.04052,298277.53
2002-02-14,AMG,45.16314,45.660076,44.72429,45.15023,242805.67
2002-02-15,AMG,45.17605,45.208317,44.33706,44.41451,173078.45
2002-02-19,AMG,44.14345,44.14345,43.246384,43.478718,287740.97
2002-02-20,AMG,43.478718,44.375786,43.246384,43.98211,262484.25
2002-02-21,AMG,43.885303,43.885303,42.497753,42.562286,475384.66
2002-02-22,AMG,42.56874,42.98178,42.271873,42.749447,267132.72
2002-02-25,AMG,42.72363,43.40773,42.72363,43.31092,177262.08
2002-02-26,AMG,43.472263,43.640064,43.175392,43.46581,242960.61
2002-02-27,AMG,43.530346,44.343517,43.252834,43.252834,315476.9
2002-02-28,AMG,43.414177,43.74332,42.96242,43.00114,433393.4
2002-03-01,AMG,43.072132,45.17605,42.852707,45.17605,768084.06
2002-03-04,AMG,45.11151,47.20897,44.737194,47.144432,628629.6
2002-03-05,AMG,47.015354,47.95115,46.647495,47.5252,348945.97
2002-03-06,AMG,47.460663,47.46712,46.78948,47.376766,361187
2002-03-07,AMG,47.757534,48.08022,46.95082,47.09926,196320.86
2002-03-08,AMG,47.2606,47.43485,46.944366,47.2606,300291.88
2002-03-11,AMG,47.38967,47.628464,47.10571,47.292866,222197.39
2002-03-12,AMG,47.241234,47.43485,46.85401,46.98309,295333.5
2002-03-13,AMG,46.821747,46.91855,45.731068,45.847233,333141.16
2002-03-14,AMG,46.008575,47.015354,45.4471,46.795933,203913.38
2002-03-15,AMG,46.20864,47.144432,46.20864,46.570053,405657.47
2002-03-18,AMG,46.731396,47.273506,46.731396,47.22833,112493.24
2002-03-19,AMG,47.38967,47.428394,46.815292,47.066986,176177.44
2002-03-20,AMG,47.22833,47.37031,46.369984,46.473248,226226.08
2002-03-21,AMG,46.3119,47.12507,45.698795,47.092804,253187.27
2002-03-22,AMG,46.98309,46.98309,46.589413,46.718487,354679.12
2002-03-25,AMG,46.660404,46.666855,45.401924,45.421288,323534.28
2002-03-26,AMG,45.427742,46.305447,45.36966,46.305447,176177.44
2002-03-27,AMG,46.20864,47.305775,46.176376,46.43452,315631.88
2002-03-28,AMG,46.595863,46.78948,46.305447,46.35708,146737.05
2002-04-01,AMG,46.305447,46.305447,45.627804,46.0473,158513.2
2002-04-02,AMG,45.918224,45.92468,45.66653,45.89241,194306.52
2002-04-03,AMG,45.885956,46.176376,45.56327,45.63426,277824.22
2002-04-04,AMG,45.498734,45.795605,44.995342,45.408382,393106.56
2002-04-05,AMG,45.569725,45.82142,45.36966,45.56327,216929.12
2002-04-08,AMG,45.48583,45.743973,45.053425,45.692345,241411.12
2002-04-09,AMG,45.853687,45.950493,45.24058,45.414837,124579.3
2002-04-10,AMG,45.57618,46.144104,45.57618,45.692345,291149.88
2002-04-11,AMG,45.68589,45.937584,43.439995,43.85303,759406.9
2002-04-12,AMG,44.530674,44.562946,43.717503,44.43387,307264.6
2002-04-15,AMG,44.59521,44.59521,43.698143,43.820766,183305.11
2002-04-16,AMG,43.98211,45.17605,43.98211,45.07924,172458.66
2002-04-17,AMG,45.07924,45.16959,44.866264,44.94371,168584.92
2002-04-18,AMG,44.95017,45.143776,44.33706,44.621025,107224.97
2002-04-19,AMG,44.782368,45.11151,44.111183,44.31125,446409.12
2002-04-22,AMG,44.33706,44.34997,43.659424,43.69169,102731.43
2002-04-23,AMG,43.659424,43.66588,41.78784,41.78784,371568.6
2002-04-24,AMG,42.497753,43.562614,40.98113,41.458702,1549958.5
2002-04-25,AMG,41.239277,42.01372,41.110203,41.432888,926287.3
2002-04-26,AMG,41.432888,41.529694,40.852055,40.98113,954023.25
2002-04-29,AMG,41.01985,41.271545,39.864635,40.40029,1423829.8
2002-04-30,AMG,40.65199,41.10375,40.593906,41.045666,1260823
2002-05-01,AMG,40.335754,41.194103,40.329304,41.16183,830063.8
2002-05-02,AMG,41.323174,41.955643,41.013397,41.703945,816583.2
2002-05-03,AMG,41.78784,41.78784,41.290905,41.59423,305560.16
2002-05-06,AMG,41.755573,42.104073,40.664894,41.110203,798918.94
2002-05-07,AMG,41.271545,41.845924,41.03921,41.529694,589272.44
2002-05-08,AMG,42.433216,44.18863,42.304142,44.085365,696962.25
2002-05-09,AMG,43.924023,43.924023,42.79462,42.93015,409221.28
2002-05-10,AMG,42.917244,42.917244,41.955643,41.96209,315941.78
2002-05-13,AMG,41.955643,42.917244,41.665222,42.917244,382879.9
2002-05-14,AMG,43.23993,43.949837,43.143124,43.820766,520320
2002-05-15,AMG,43.72396,45.046974,43.31092,44.633938,424251.38
2002-05-16,AMG,44.498405,44.50486,43.89821,43.995014,186868.94
2002-05-17,AMG,43.98211,44.756554,43.98211,44.25962,155414.22
2002-05-20,AMG,44.130543,44.136997,43.18185,43.323826,237382.44
2002-05-21,AMG,43.433544,44.014374,42.433216,42.555836,313152.7
2002-05-22,AMG,42.497753,43.143124,42.497753,43.059227,334070.84
2002-05-23,AMG,43.046318,46.402256,43.046318,45.918224,1456214.2
2002-05-24,AMG,45.853687,46.46679,44.892082,45.001797,511023.03
2002-05-28,AMG,45.16314,45.17605,44.246708,45.027607,264963.44
2002-05-29,AMG,44.866264,45.053425,44.53713,44.982433,156188.97
2002-05-30,AMG,44.85336,45.008247,44.078915,44.362877,296263.2
2002-05-31,AMG,44.201534,45.479374,44.201534,44.788826,355453.84
2002-06-03,AMG,44.79528,44.79528,43.75623,44.356426,487780.62
2002-06-04,AMG,44.272526,44.27898,43.246384,43.885303,456480.84
2002-06-05,AMG,43.885303,44.272526,43.72396,43.885303,211041.05
2002-06-06,AMG,43.820766,43.85303,43.078587,43.08504,163471.6
2002-06-07,AMG,42.59456,43.01405,41.81366,43.01405,484681.62
2002-06-10,AMG,43.143124,43.82722,42.66555,43.369003,186868.94
2002-06-11,AMG,43.530346,43.75623,41.94273,41.94273,469651.53
2002-06-12,AMG,42.104073,42.400944,41.59423,41.949184,467792.16
2002-06-13,AMG,41.955643,42.542927,41.755573,41.762028,415574.22
2002-06-14,AMG,41.6265,42.11053,40.98113,42.104073,524968.5
2002-06-17,AMG,42.465485,43.29156,42.336407,43.29156,279373.72
2002-06-18,AMG,43.29156,43.943382,43.143124,43.60779,262639.2
2002-06-19,AMG,43.44645,43.562614,42.53002,42.54938,366765.16
2002-06-20,AMG,42.54938,42.949516,41.6265,41.6265,240791.33
2002-06-21,AMG,41.78784,42.14925,41.20701,41.34899,215999.42
2002-06-24,AMG,41.323174,41.36835,40.30994,40.48419,455086.3
2002-06-25,AMG,40.593906,41.045666,40.01307,40.16796,291614.72
2002-06-26,AMG,39.37415,39.883995,38.851402,39.59358,504825.06
2002-06-27,AMG,39.851727,39.942078,39.174088,39.35479,539068.9
2002-06-28,AMG,39.516132,40.910137,39.516132,39.690384,780944.8
2002-07-01,AMG,39.625847,40.658443,39.567764,40.451923,561536.5
2002-07-02,AMG,40.29058,40.29058,37.94788,38.65779,887704.94
2002-07-03,AMG,38.335102,38.496445,36.89592,37.334774,499246.88
2002-07-05,AMG,37.592926,39.14182,37.56711,38.9353,154174.62
2002-07-08,AMG,38.9353,39.238625,37.94788,38.044685,265893.12
2002-07-09,AMG,38.044685,38.05114,36.431255,36.495792,876858.5
2002-07-10,AMG,36.56033,36.78621,35.33412,35.430927,632813.25
2002-07-11,AMG,35.269585,35.45674,33.688423,35.237316,696962.25
2002-07-12,AMG,35.301853,35.57291,34.56613,34.74038,381795.25
2002-07-15,AMG,34.753284,34.753284,32.855892,33.869125,481272.75
2002-07-16,AMG,33.869125,34.850094,33.430275,33.875584,480807.9
2002-07-17,AMG,34.52741,35.011436,33.210846,33.882034,353129.62
2002-07-18,AMG,33.72069,33.72069,31.945919,31.945919,388148.2
2002-07-19,AMG,31.46189,31.468342,27.744547,28.170492,2128229.5
2002-07-22,AMG,28.802958,29.299894,27.428314,28.551262,994465.06
2002-07-23,AMG,28.551262,28.551262,26.047218,26.144022,1153288.1
2002-07-24,AMG,26.073034,27.660648,25.363123,27.621925,1557551.1
2002-07-25,AMG,27.621925,28.460909,27.105627,27.886528,716176
2002-07-26,AMG,28.396372,28.977207,27.989786,28.719059,665352.6
2002-07-29,AMG,29.84846,31.72004,29.493505,31.494158,691848.94
2002-07-30,AMG,31.332815,31.352177,29.861366,31.106936,539223.8
2002-07-31,AMG,31.106936,31.113388,29.454782,30.47447,477399
2002-08-01,AMG,30.635815,30.635815,29.36443,30.229229,387838.28
2002-08-02,AMG,30.067886,30.100155,28.42864,28.654522,571453.25
2002-08-05,AMG,28.654522,28.654522,27.686464,27.97688,561536.5
2002-08-06,AMG,28.138222,29.08692,28.138222,28.589983,573932.5
2002-08-07,AMG,29.041744,29.36443,28.564167,28.919125,661633.8
2002-08-08,AMG,29.36443,31.145657,29.106281,31.145657,552239.56
2002-08-09,AMG,30.984314,31.494158,30.326036,31.119843,432153.78
2002-08-12,AMG,30.9585,31.042397,30.14533,30.932684,1215113
2002-08-13,AMG,30.913324,31.384445,30.009802,30.080793,257370.9
2002-08-14,AMG,30.074339,31.494158,29.719385,31.487705,504670.1
2002-08-15,AMG,31.494158,32.268604,30.984314,31.836206,504980
2002-08-16,AMG,31.75876,32.84944,31.46189,32.074993,326323.38
2002-08-19,AMG,32.13953,33.3012,32.010456,33.236664,544647.06
2002-08-20,AMG,33.07532,33.07532,32.113716,32.281513,538449.06
2002-08-21,AMG,32.79781,34.46287,32.13953,34.46287,571763.2
2002-08-22,AMG,34.30153,35.81815,33.933666,35.166325,855475.5
2002-08-23,AMG,35.011436,35.237316,34.46287,34.656483,463608.53
2002-08-26,AMG,34.785557,34.830734,33.920757,34.682297,275499.97
2002-08-27,AMG,34.84364,35.08888,33.791683,34.01111,268217.38
2002-08-28,AMG,33.914303,33.914303,32.84944,33.385098,398064.94
2002-08-29,AMG,33.3012,34.4306,33.07532,34.127277,440676
2002-08-30,AMG,34.075645,34.850094,33.78523,33.817497,258920.4
2002-09-03,AMG,33.236664,33.55935,31.75876,31.849112,629249.4
2002-09-04,AMG,31.855566,33.236664,31.8233,33.152763,409531.2
2002-09-05,AMG,32.59129,32.597744,31.881382,31.978188,381485.34
2002-09-06,AMG,32.623558,33.133404,32.300873,32.926884,177262.08
2002-09-09,AMG,32.81717,33.391552,32.268604,33.19794,398219.88
2002-09-10,AMG,33.359283,33.462543,32.53966,32.81717,302461.2
2002-09-11,AMG,33.07532,33.494812,32.97851,33.172127,253187.27
2002-09-12,AMG,33.172127,33.172127,32.29442,32.33314,214759.83
2002-09-13,AMG,32.074993,32.320236,30.848785,32.216972,766534.56
2002-09-16,AMG,32.204067,32.31378,31.732944,31.991095,213055.39
2002-09-17,AMG,32.204067,32.59129,30.848785,30.848785,214604.88
2002-09-18,AMG,30.332489,30.881054,29.803284,30.609999,606161.94
2002-09-19,AMG,30.138878,30.229229,28.777142,28.977207,397290.2
2002-09-20,AMG,29.235355,29.474142,28.712606,29.170818,898241.5
2002-09-23,AMG,29.041744,29.048197,27.880075,28.351196,606316.9
2002-09-24,AMG,28.189854,29.164364,27.880075,28.783594,829908.8
2002-09-25,AMG,29.203087,29.62258,28.396372,29.17727,370948.78
2002-09-26,AMG,29.338615,29.971079,29.196634,29.79683,190587.73
2002-09-27,AMG,29.687117,29.932358,28.899761,29.119188,253497.17
2002-09-30,AMG,29.119188,29.28053,27.989786,28.790049,453536.8
2002-10-01,AMG,29.041744,30.70035,28.596437,30.235682,423786.53
2002-10-02,AMG,30.074339,30.461563,29.396698,29.564497,709823.06
2002-10-03,AMG,29.55804,29.55804,28.138222,28.267298,379471
2002-10-04,AMG,28.32538,28.32538,25.943958,26.169838,658999.7
2002-10-07,AMG,26.073034,26.718405,25.492197,25.524466,496922.62
2002-10-08,AMG,26.1053,26.382812,25.292131,26.163385,377921.53
2002-10-09,AMG,26.002043,26.073034,25.040436,25.45993,726247.7
2002-10-10,AMG,25.395391,26.718405,25.00817,26.640959,536589.7
2002-10-11,AMG,26.647415,28.751326,26.647415,28.08014,450592.78
2002-10-14,AMG,27.525122,28.957846,27.299238,28.751326,304320.56
2002-10-15,AMG,30.029163,31.623232,30.02271,30.558367,851446.8
2002-10-16,AMG,30.397024,30.40348,29.525774,30.171144,473525.28
2002-10-17,AMG,31.300547,31.945919,30.868149,31.945919,458650.12
2002-10-18,AMG,31.862019,32.22988,31.17147,32.02982,650167.56
2002-10-21,AMG,30.816517,32.22343,29.84846,32.042725,802482.8
2002-10-22,AMG,32.04918,32.178253,31.042397,31.23601,396515.44
2002-10-23,AMG,31.08112,32.39768,30.848785,32.29442,535350.06
2002-10-24,AMG,32.68164,33.017235,31.816843,32.04918,520939.78
2002-10-25,AMG,32.042725,33.33347,31.803936,33.268932,266512.9
2002-10-28,AMG,33.882034,34.01111,32.84944,32.946243,392641.72
2002-10-29,AMG,32.84944,32.84944,31.661955,32.70746,418673.2
2002-10-30,AMG,32.6881,33.75296,32.59129,33.5658,556113.3
2002-10-31,AMG,33.462543,34.140186,33.236664,33.507717,354059.3
2002-11-01,AMG,33.346375,33.914303,33.049503,33.72069,547901
2002-11-04,AMG,34.52741,35.39866,34.52741,34.91463,617473.25
2002-11-05,AMG,34.753284,34.753284,33.998203,34.211174,566804.8
2002-11-06,AMG,34.372517,34.727474,33.97884,34.30153,522954.12
2002-11-07,AMG,34.01111,34.043377,33.462543,33.53999,415264.3
2002-11-08,AMG,33.53999,33.953026,32.84944,32.907524,201589.12
2002-11-11,AMG,32.7849,32.84944,31.945919,32.255695,244820
2002-11-12,AMG,32.39768,32.462215,31.91365,32.197613,428744.9
2002-11-13,AMG,32.1718,32.268604,31.649048,32.204067,336240.12
2002-11-14,AMG,32.84944,32.894615,32.48803,32.48803,432308.75
2002-11-15,AMG,32.494484,32.597744,32.268604,32.59129,555958.4
2002-11-18,AMG,32.752632,32.84944,32.13953,32.13953,282782.6
2002-11-19,AMG,32.113716,32.39768,31.700676,32.24279,266977.78
2002-11-20,AMG,32.236336,33.327015,32.204067,33.268932,542322.8
2002-11-21,AMG,33.275387,35.011436,33.275387,34.68875,697117.25
2002-11-22,AMG,34.68875,35.45029,34.417694,35.33412,437422.06
2002-11-25,AMG,35.237316,35.39866,34.682297,34.850094,428280.06
2002-11-26,AMG,34.68875,34.91463,33.95948,33.95948,523264.03
2002-11-27,AMG,34.075645,35.24377,34.075645,35.134056,685496
2002-11-29,AMG,35.134056,35.39866,34.93399,35.179234,72671.26
2002-12-02,AMG,35.56,35.91496,34.863,35.24377,546971.25
2002-12-03,AMG,35.082428,35.082428,34.15309,34.39833,407826.75
2002-12-04,AMG,34.236988,34.52741,33.585163,34.30153,292854.3
2002-12-05,AMG,34.32089,34.39833,33.236664,33.236664,307884.4
2002-12-06,AMG,32.752632,34.075645,32.655827,34.075645,304785.4
2002-12-09,AMG,33.688423,33.75296,32.81072,32.90107,354834.06
2002-12-10,AMG,32.946243,33.365738,32.752632,32.88171,341663.38
2002-12-11,AMG,32.7849,33.365738,32.404133,33.243114,204068.33
2002-12-12,AMG,33.243114,33.869125,33.243114,33.759415,226690.94
2002-12-13,AMG,33.71424,33.82395,33.236664,33.359283,253497.17
2002-12-16,AMG,33.365738,34.32734,33.365738,34.25635,163936.44
2002-12-17,AMG,33.72069,34.656483,33.72069,34.27571,269766.84
2002-12-18,AMG,34.20472,34.211174,33.32056,33.37219,177262.08
2002-12-19,AMG,33.33347,33.798138,32.429947,32.64292,163781.48
2002-12-20,AMG,32.804264,33.82395,32.804264,33.378647,432308.75
2002-12-23,AMG,33.172127,33.61098,32.7849,33.507717,173388.34
2002-12-24,AMG,33.430275,33.52708,33.114044,33.172127,56711.47
2002-12-26,AMG,33.236664,33.99175,33.236664,33.55935,155569.17
2002-12-27,AMG,33.552895,33.84331,32.84944,32.88816,96378.51
2002-12-30,AMG,32.88816,33.139854,31.765215,32.1718,399614.44
2002-12-31,AMG,32.178253,32.462215,31.72004,32.462215,333296.1
2003-01-02,AMG,32.623558,33.882034,32.33314,33.882034,260624.84
2003-01-03,AMG,33.78523,33.791683,33.043053,33.139854,332056.5
2003-01-06,AMG,33.139854,34.4306,33.139854,34.4306,752124.25
2003-01-07,AMG,34.40479,35.39866,34.269257,34.953354,593456.06
2003-01-08,AMG,34.953354,35.22441,34.35961,34.52741,200349.53
2003-01-09,AMG,34.656483,35.430927,34.656483,35.25668,282937.56
2003-01-10,AMG,35.25668,36.21183,35.25668,35.463196,450747.72
2003-01-13,AMG,35.81815,36.01176,35.495464,35.669716,212280.64
2003-01-14,AMG,35.592274,35.656807,35.14051,35.17278,339029.22
2003-01-15,AMG,35.17278,35.17278,34.701656,34.850094,218633.56
2003-01-16,AMG,34.856544,35.237316,34.624214,35.1276,234438.4
2003-01-17,AMG,34.850094,34.850094,34.262806,34.437054,368159.72
2003-01-21,AMG,34.39833,34.46287,33.591618,33.656155,237847.28
2003-01-22,AMG,33.656155,33.656155,32.462215,32.726818,353284.56
2003-01-23,AMG,32.88816,32.93334,32.22988,32.39768,510093.34
2003-01-24,AMG,32.236336,32.24279,31.106936,31.158564,498782.03
2003-01-27,AMG,31.016584,31.119843,30.493832,30.648722,692623.7
2003-01-28,AMG,30.810064,30.9585,30.384119,30.848785,418363.3
2003-01-29,AMG,30.85524,31.068213,30.009802,30.009802,988886.9
2003-01-30,AMG,30.048525,30.31958,29.493505,29.57095,462059.03
2003-01-31,AMG,29.62258,30.009802,29.332163,29.971079,658534.8
2003-02-03,AMG,29.977533,30.635815,29.977533,30.5261,332676.3
2003-02-04,AMG,29.880728,30.035618,29.370882,29.428967,426885.53
2003-02-05,AMG,29.55804,30.203413,29.370882,29.57095,238931.94
2003-02-06,AMG,29.428967,29.525774,28.880402,28.990112,221732.55
2003-02-07,AMG,29.041744,29.074013,28.222122,28.299564,315786.8
2003-02-10,AMG,28.396372,28.977207,28.157585,28.977207,365680.53
2003-02-11,AMG,29.06756,29.499958,28.91267,29.009476,521559.6
2003-02-12,AMG,28.977207,29.203087,28.635159,28.680334,371103.75
2003-02-13,AMG,28.557714,28.919125,28.364103,28.654522,266512.9
2003-02-14,AMG,28.557714,28.932032,28.460909,28.802958,492893.94
2003-02-18,AMG,28.91267,29.738747,28.91267,29.493505,248693.73
2003-02-19,AMG,29.499958,29.499958,28.189854,28.454456,3680822.2
2003-02-20,AMG,28.460909,28.486723,28.105953,28.23503,1593189.4
2003-02-21,AMG,28.23503,28.357649,27.860712,28.23503,1573665.9
2003-02-24,AMG,28.23503,28.525448,28.073687,28.138222,543717.4
2003-02-25,AMG,27.97688,28.196306,27.557388,28.105953,736784.25
2003-02-26,AMG,28.041418,28.105953,27.56384,27.609016,417433.6
2003-02-27,AMG,27.77036,27.847807,27.176619,27.441221,947360.44
2003-02-28,AMG,27.447674,27.609016,27.273424,27.37023,778620.56
2003-03-03,AMG,27.428314,27.73164,27.034637,27.07336,553634.1
2003-03-04,AMG,27.09272,27.099174,26.39572,26.6216,415884.12
2003-03-05,AMG,26.58933,26.6216,26.163385,26.376356,802017.94
2003-03-06,AMG,26.266645,26.324728,25.905235,26.002043,516911.1
2003-03-07,AMG,26.008495,26.189201,25.814884,26.073034,666747.1
2003-03-10,AMG,25.943958,25.943958,24.866186,24.956537,686270.75
2003-03-11,AMG,25.085613,25.09852,24.104647,24.14337,1022975.75
2003-03-12,AMG,24.136917,24.136917,23.568989,23.878767,755843.06
2003-03-13,AMG,25.104975,25.840698,24.362797,25.795523,944881.25
2003-03-14,AMG,25.795523,26.066578,25.556734,25.653542,842149.8
2003-03-17,AMG,25.653542,26.944284,25.169512,26.750673,645364.1
2003-03-18,AMG,26.912016,27.525122,26.750673,27.525122,1291812.9
2003-03-19,AMG,27.589657,27.73164,27.318602,27.389591,758012.3
2003-03-20,AMG,27.228249,28.267298,26.976553,28.002695,634207.75
2003-03-21,AMG,28.396372,28.848133,27.951067,28.641615,949529.75
2003-03-24,AMG,28.331837,28.331837,27.363777,27.363777,493823.66
2003-03-25,AMG,27.299238,28.331837,27.221794,27.776815,362736.47
2003-03-26,AMG,27.751,28.267298,27.434767,28.105953,545731.7
2003-03-27,AMG,27.94461,28.144678,27.531574,27.763908,379161.12
2003-03-28,AMG,27.686464,27.751,27.299238,27.421862,227775.58
2003-03-31,AMG,27.137896,27.137896,26.6216,26.828117,497697.38
2003-04-01,AMG,26.98946,27.647741,26.49898,27.396046,448578.44
2003-04-02,AMG,28.073687,29.36443,27.912342,29.267624,1032892.5
2003-04-03,AMG,29.654848,29.719385,29.203087,29.370882,860743.75
2003-04-04,AMG,29.377338,29.809736,28.98366,29.157911,374667.6
2003-04-07,AMG,30.171144,30.5261,29.36443,29.441874,614994.06
2003-04-08,AMG,29.441874,29.461237,28.880402,29.080467,205152.97
2003-04-09,AMG,29.080467,29.428967,28.570623,29.041744,436492.38
2003-04-10,AMG,28.91267,28.98366,28.441547,28.925577,437577.03
2003-04-11,AMG,29.138552,29.416061,28.538355,28.635159,262949.1
2003-04-14,AMG,28.635159,29.17727,28.557714,29.170818,373118.1
2003-04-15,AMG,29.106281,29.842007,28.977207,29.751652,524968.5
2003-04-16,AMG,29.81619,30.313128,29.81619,29.81619,350495.47
2003-04-17,AMG,29.783922,30.158237,29.441874,29.687117,482667.28
2003-04-21,AMG,29.81619,29.880728,29.325706,29.461237,200349.53
2003-04-22,AMG,29.428967,30.551914,29.286985,30.48738,624445.94
2003-04-23,AMG,30.326036,30.545462,29.55804,30.10661,944106.5
2003-04-24,AMG,29.945267,29.95172,29.36443,29.383791,522954.12
2003-04-25,AMG,29.357977,29.409607,28.641615,28.822317,314392.28
2003-04-28,AMG,28.906218,29.512865,28.906218,29.325706,374047.78
2003-04-29,AMG,29.48705,29.687117,29.215996,29.59031,481427.7
2003-04-30,AMG,29.428967,29.958172,29.203087,29.887182,380710.6
2003-05-01,AMG,29.887182,29.887182,29.061104,29.57095,301841.38
2003-05-02,AMG,29.577404,30.171144,29.493505,30.125969,276739.56
2003-05-05,AMG,30.074339,30.364756,29.84846,30.20987,289755.3
2003-05-06,AMG,30.138878,30.810064,30.119514,30.4422,347396.5
2003-05-07,AMG,30.267952,30.868149,30.138878,30.751982,601978.3
2003-05-08,AMG,30.5261,30.655174,30.332489,30.371212,267287.66
2003-05-09,AMG,30.40348,30.719711,30.332489,30.364756,336704.97
2003-05-12,AMG,30.364756,31.094028,30.30022,30.97786,231804.27
2003-05-13,AMG,30.97786,30.97786,30.500284,30.558367,143173.22
2003-05-14,AMG,30.655174,30.751982,30.332489,30.4422,134031.2
2003-05-15,AMG,30.558367,31.41026,30.539007,31.390898,640250.8
2003-05-16,AMG,31.261824,31.623232,31.139204,31.623232,365525.56
2003-05-19,AMG,32.268604,32.268604,30.913324,31.010128,693243.5
2003-05-20,AMG,31.042397,31.06176,30.687443,30.881054,287121.2
2003-05-21,AMG,30.913324,31.261824,30.564823,31.190834,275654.94
2003-05-22,AMG,31.197287,31.597418,31.139204,31.468342,255201.61
2003-05-23,AMG,31.468342,31.920103,31.300547,31.868475,292079.56
2003-05-27,AMG,31.784576,32.178253,31.519974,32.178253,470271.34
2003-05-28,AMG,32.268604,33.882034,32.268604,33.746506,693708.3
2003-05-29,AMG,33.882034,34.56613,33.688423,34.20472,705639.44
2003-05-30,AMG,34.20472,36.153744,34.20472,35.495464,1135469
2003-06-02,AMG,35.81815,37.85753,35.81815,37.07017,1856138.5
2003-06-03,AMG,36.97982,37.302505,36.624866,37.121803,857954.7
2003-06-04,AMG,37.044357,38.309288,36.97337,38.270565,1093632.6
2003-06-05,AMG,38.109222,38.670696,37.805897,38.431908,731051.1
2003-06-06,AMG,38.65779,39.690384,38.438362,38.83204,958206.94
2003-06-09,AMG,38.528713,38.65779,38.14149,38.302834,980984.5
2003-06-10,AMG,38.464176,39.109547,38.464176,38.974022,793650.7
2003-06-11,AMG,39.35479,40.329304,38.90303,40.0647,711992.4
2003-06-12,AMG,40.025978,40.580997,39.819458,40.54873,762970.7
2003-06-13,AMG,40.54873,40.852055,40.20668,40.40029,855630.44
2003-06-16,AMG,40.529366,41.561962,40.529366,41.561962,1015073.3
2003-06-17,AMG,41.72331,41.87174,41.31027,41.826565,401008.97
2003-06-18,AMG,41.665222,41.691036,41.31027,41.561962,683171.75
2003-06-19,AMG,41.561962,41.65877,40.109875,40.27122,1452960.2
2003-06-20,AMG,40.432564,40.88432,40.368023,40.439014,464073.38
2003-06-23,AMG,40.406746,40.406746,39.109547,39.296707,606936.7
2003-06-24,AMG,39.296707,40.161507,39.174088,40.0647,416039.06
2003-06-25,AMG,40.07115,40.510006,39.90981,40.00016,447183.88
2003-06-26,AMG,40.27122,41.278,40.12924,40.587452,857489.8
2003-06-27,AMG,40.65199,40.75525,39.948532,40.019524,523264.03
2003-06-30,AMG,40.180866,40.658443,39.33543,39.33543,1082321.4
2003-07-01,AMG,39.328976,39.328976,38.464176,39.045013,1408954.6
2003-07-02,AMG,39.206356,39.883995,39.14827,39.883995,477399
2003-07-03,AMG,39.496773,39.85818,39.432236,39.574215,318885.8
2003-07-07,AMG,39.948532,41.303814,39.883995,41.00049,707498.8
2003-07-08,AMG,40.839146,42.833347,40.839146,42.78817,781254.75
2003-07-09,AMG,42.626827,43.33674,42.36868,43.08504,587103.2
2003-07-10,AMG,42.762356,42.78817,41.671677,41.897556,405037.66
2003-07-11,AMG,41.93628,42.116985,41.632954,42.045994,268372.3
2003-07-14,AMG,42.59456,43.885303,42.562286,43.76268,681622.3
2003-07-15,AMG,44.272526,44.685562,43.265747,43.49808,512727.47
2003-07-16,AMG,43.659424,43.72396,42.710724,43.317375,313462.56
2003-07-17,AMG,43.156033,43.156033,41.92337,42.11053,521559.6
2003-07-18,AMG,42.433216,43.659424,42.433216,43.640064,478328.72
2003-07-21,AMG,43.640064,43.640064,42.588104,42.659096,359637.5
2003-07-22,AMG,42.78817,43.20766,41.755573,42.465485,708118.6
2003-07-23,AMG,41.949184,42.38804,41.271545,41.749123,1060473.5
2003-07-24,AMG,41.88465,42.968876,41.85238,42.11053,568199.4
2003-07-25,AMG,42.207336,43.11086,41.729763,42.38804,575327
2003-07-28,AMG,42.465485,43.33028,42.2396,43.162483,495218.2
2003-07-29,AMG,43.175392,43.33674,42.25251,42.433216,400234.22
2003-07-30,AMG,42.497753,42.510662,41.755573,41.88465,381175.47
2003-07-31,AMG,42.336407,42.839798,42.1428,42.22024,642265.1
2003-08-01,AMG,42.22024,42.22024,41.219913,41.47161,358552.84
2003-08-04,AMG,41.40062,41.67813,40.697166,41.542603,348326.2
2003-08-05,AMG,41.542603,41.581326,40.60681,40.800423,458340.25
2003-08-06,AMG,40.806877,41.17474,40.561634,40.561634,564945.44
2003-08-07,AMG,40.561634,41.432888,40.497097,41.374805,411235.62
2003-08-08,AMG,41.50388,42.03954,41.374805,41.755573,253342.22
2003-08-11,AMG,41.762028,42.21379,41.40062,41.897556,217393.97
2003-08-12,AMG,41.85238,42.54938,41.85238,42.497753,210886.1
2003-08-13,AMG,42.59456,42.59456,41.929825,41.981457,339339.12
2003-08-14,AMG,42.07826,42.07826,41.81366,41.949184,327098.12
2003-08-15,AMG,42.07826,42.207336,41.83302,41.87174,245129.9
2003-08-18,AMG,41.949184,42.2396,41.93628,42.11053,494443.44
2003-08-19,AMG,42.433216,43.54971,42.020176,43.304466,586328.44
2003-08-20,AMG,43.143124,43.55616,42.865612,43.40773,238931.94
2003-08-21,AMG,43.562614,44.40805,43.452904,44.078915,681157.44
2003-08-22,AMG,44.240257,44.401604,43.530346,43.569073,431224.1
2003-08-25,AMG,43.62715,43.72396,42.730087,42.99469,403178.25
2003-08-26,AMG,42.833347,43.046318,42.375134,42.98178,394811
2003-08-27,AMG,43.11086,43.42709,42.82044,43.175392,339649.03
2003-08-28,AMG,43.33674,43.562614,42.79462,43.51744,391712
2003-08-29,AMG,43.51744,43.975655,43.40127,43.75623,136975.25
2003-09-02,AMG,43.75623,44.36933,43.75623,44.27898,400544.12
2003-09-03,AMG,44.498405,44.70492,44.098278,44.43387,358397.9
2003-09-04,AMG,44.272526,44.382236,43.388367,43.42709,621192
2003-09-05,AMG,43.304466,43.375458,42.536476,42.626827,612979.7
2003-09-08,AMG,42.59456,43.29156,42.59456,43.25929,349565.78
2003-09-09,AMG,43.214115,43.459354,43.033413,43.278652,192447.12
2003-09-10,AMG,43.175392,43.175392,42.497753,42.59456,464693.16
2003-09-11,AMG,42.633278,43.06568,42.633278,42.949516,338409.44
2003-09-12,AMG,42.852707,43.11086,42.484844,43.078587,781099.75
2003-09-15,AMG,42.98178,43.44645,42.98178,43.20766,352199.9
2003-09-16,AMG,43.23993,43.685238,43.23993,43.575523,364750.8
2003-09-17,AMG,43.736866,43.917572,43.40773,43.594887,376372.03
2003-09-18,AMG,43.72396,44.395145,43.72396,44.246708,496612.75
2003-09-19,AMG,44.117638,44.498405,44.078915,44.304794,144877.66
2003-09-22,AMG,44.14345,44.14345,43.375458,43.581978,361032.03
2003-09-23,AMG,43.64651,43.75623,43.168938,43.62715,305405.22
2003-09-24,AMG,43.72396,43.736866,43.20766,43.214115,304010.66
2003-09-25,AMG,43.23993,43.414177,42.82044,42.89143,477553.97
2003-09-26,AMG,42.98178,43.020508,41.574867,41.574867,521559.6
2003-09-29,AMG,41.6265,42.03308,40.819786,41.40062,568819.1
2003-09-30,AMG,41.239277,41.252182,40.23895,40.529366,1000663.06
2003-10-01,AMG,40.69071,41.762028,40.38093,41.465157,799538.75
2003-10-02,AMG,41.561962,42.336407,41.342533,41.897556,412630.2
2003-10-03,AMG,42.271873,43.20121,42.271873,42.497753,501726.06
2003-10-06,AMG,42.504208,42.672005,41.949184,42.504208,253962.02
2003-10-07,AMG,42.342865,42.833347,41.88465,42.72363,409376.25
2003-10-08,AMG,42.884975,42.884975,42.226696,42.542927,398529.78
2003-10-09,AMG,42.865612,43.49808,42.66555,42.897884,338254.47
2003-10-10,AMG,42.73654,42.833347,42.400944,42.652637,329112.47
2003-10-13,AMG,42.813984,44.34997,42.813984,44.343517,484836.6
2003-10-14,AMG,44.343517,45.627804,44.014374,45.627804,735234.75
2003-10-15,AMG,46.144104,46.20864,45.36966,45.692345,663028.4
2003-10-16,AMG,45.853687,45.905315,45.343845,45.67298,323069.44
2003-10-17,AMG,45.51164,45.75688,44.859814,44.937256,337014.88
2003-10-20,AMG,45.008247,45.053425,44.466137,44.963074,291459.78
2003-10-21,AMG,44.898537,46.1312,44.88563,45.827873,952163.9
2003-10-22,AMG,45.698795,45.698795,44.25962,44.26607,765914.75
2003-10-23,AMG,43.820766,45.48583,43.72396,44.95017,1056754.8
2003-10-24,AMG,44.956623,44.963074,44.027287,44.459682,488710.3
2003-10-27,AMG,44.588757,45.51164,44.588757,45.04052,358552.84
2003-10-28,AMG,45.04052,46.1312,45.034065,46.079567,582764.56
2003-10-29,AMG,45.918224,46.98954,45.808514,46.866924,557352.9
2003-10-30,AMG,47.028267,47.10571,46.595863,46.802383,503120.6
2003-10-31,AMG,46.821747,47.034718,46.42807,46.78948,407052
2003-11-03,AMG,46.78948,47.183155,46.70558,47.09926,376900.4
2003-11-04,AMG,47.09926,47.09926,46.46679,46.78948,535306.7
2003-11-05,AMG,46.72494,46.72494,45.827873,46.51842,320590.25
2003-11-06,AMG,46.35708,46.76366,46.20864,46.69267,270386.66
2003-11-07,AMG,46.72494,47.144432,46.595863,46.666855,265118.38
2003-11-10,AMG,46.595863,46.595863,45.68589,45.789146,305405.22
2003-11-11,AMG,45.789146,45.789146,45.24058,45.414837,202053.98
2003-11-12,AMG,45.46646,45.860138,45.414837,45.860138,201899.03
2003-11-13,AMG,45.82142,45.866596,45.589085,45.608444,769168.7
2003-11-14,AMG,45.627804,45.640717,44.085365,44.175716,504050.3
2003-11-17,AMG,44.182175,44.182175,42.47839,42.846252,959136.6
2003-11-18,AMG,43.007595,43.304466,42.626827,42.72363,566959.75
2003-11-19,AMG,42.884975,42.884975,41.252182,41.465157,1588076.1
2003-11-20,AMG,41.303814,41.445797,40.91659,40.923046,843699.3
2003-11-21,AMG,41.24573,41.72331,41.239277,41.484516,678988.1
2003-11-24,AMG,41.620045,42.672005,41.59423,42.342865,502655.75
2003-11-25,AMG,42.304142,42.9237,42.14925,42.69782,1033357.4
2003-11-26,AMG,42.85916,42.98178,42.44612,42.581654,347086.6
2003-11-28,AMG,42.64619,43.08504,42.64619,42.917244,55936.723
2003-12-01,AMG,43.078587,43.491627,42.98178,43.22057,286346.44
2003-12-02,AMG,43.175392,43.988564,43.175392,43.685238,534265.44
2003-12-03,AMG,43.75623,44.446777,43.614246,44.240257,800933.3
2003-12-04,AMG,44.078915,44.272526,43.885303,44.085365,454001.66
2003-12-05,AMG,44.014374,44.046646,43.72396,43.769135,342438.12
2003-12-08,AMG,43.769135,44.304794,43.769135,44.304794,453846.72
2003-12-09,AMG,44.240257,44.304794,43.078587,43.078587,313772.47
2003-12-10,AMG,43.143124,43.265747,42.601013,42.93015,365835.47
2003-12-11,AMG,43.046318,44.04019,42.639732,43.11086,566339.94
2003-12-12,AMG,43.23993,43.369003,42.7559,42.852707,352044.97
2003-12-15,AMG,43.49808,43.917572,42.78817,42.78817,537364.44
2003-12-16,AMG,42.691364,43.194756,42.691364,42.988235,341508.4
2003-12-17,AMG,42.85916,43.078587,42.78817,42.917244,261554.53
2003-12-18,AMG,42.968876,43.452904,42.672005,43.29801,378076.47
2003-12-19,AMG,43.42709,43.49808,43.078587,43.394817,462368.94
2003-12-22,AMG,43.33674,44.027287,43.33674,44.014374,299981.97
2003-12-23,AMG,43.885303,44.291885,43.75623,44.014374,222352.34
2003-12-24,AMG,43.949837,44.182175,43.89821,44.007923,167035.42
2003-12-26,AMG,44.104725,44.36933,44.085365,44.220894,37032.9
2003-12-29,AMG,44.14345,45.16314,44.14345,45.05988,348326.2
2003-12-30,AMG,45.11151,45.292213,44.975983,45.28576,310518.53
2003-12-31,AMG,45.28576,45.33739,44.72429,44.91144,362271.62
2004-01-02,AMG,45.0147,45.750427,44.879177,45.02116,175402.69
2004-01-05,AMG,45.02116,46.699123,45.02116,46.63459,484526.7
2004-01-06,AMG,46.62813,47.10571,46.550686,47.041172,599499.1
2004-01-07,AMG,47.112164,47.73172,46.905643,47.583286,517840.8
2004-01-08,AMG,47.71236,48.209293,47.41549,48.08022,651407.2
2004-01-09,AMG,47.983414,48.62233,47.59619,48.08022,414179.66
2004-01-12,AMG,48.015686,48.280285,47.893063,48.273834,365370.62
2004-01-13,AMG,48.370636,48.964382,48.222202,48.56425,458650.12
2004-01-14,AMG,48.725594,50.30675,48.71914,50.30675,1032582.6
2004-01-15,AMG,50.468094,51.649128,50.377743,51.352257,1204576.4
2004-01-16,AMG,51.352257,51.56523,50.9973,51.300625,359017.7
2004-01-20,AMG,51.461967,52.223507,51.210274,51.28772,592991.25
2004-01-21,AMG,51.62977,51.862103,51.20382,51.797565,555648.44
2004-01-22,AMG,51.862103,52.559105,51.862103,52.152515,431379.06
2004-01-23,AMG,52.152515,52.53329,52.113796,52.23642,508543.84
2004-01-26,AMG,52.23642,53.056038,52.158974,52.920513,304940.38
2004-01-27,AMG,54.178986,54.178986,52.2106,52.288044,351270.22
2004-01-28,AMG,52.281593,56.147373,52.281593,53.12703,2072447.9
2004-01-29,AMG,54.40487,54.56621,53.14639,53.520706,957277.2
2004-01-30,AMG,53.90793,54.95989,53.398087,54.727554,898551.4
2004-02-02,AMG,54.727554,55.082508,53.33355,53.63042,726867.5
2004-02-03,AMG,53.63042,54.533943,53.191566,54.269337,1677327
2004-02-04,AMG,54.120903,54.120903,53.081856,53.565884,463453.56
2004-02-05,AMG,53.501347,53.501347,52.27514,52.720448,802637.75
2004-02-06,AMG,52.843063,53.71432,52.759167,53.688507,517840.8
2004-02-09,AMG,53.88857,54.934074,53.88857,54.30161,645674
2004-02-10,AMG,54.172535,54.63075,53.98538,54.469406,376681.9
2004-02-11,AMG,54.63075,56.121555,54.63075,56.121555,1659817.6
2004-02-12,AMG,55.76015,56.17964,55.405193,55.81823,1724431.5
2004-02-13,AMG,55.81823,56.082836,55.147045,55.508453,558592.5
2004-02-17,AMG,55.637527,56.373253,55.631073,56.121555,408136.66
2004-02-18,AMG,56.121555,56.276443,55.650436,55.656887,194151.56
2004-02-19,AMG,55.66334,56.360348,55.66334,55.921494,508233.94
2004-02-20,AMG,55.76015,55.766605,54.83727,54.99861,401938.66
2004-02-23,AMG,55.159954,55.37938,54.088634,54.09509,747940.6
2004-02-24,AMG,54.088634,54.088634,53.210926,53.694958,908003.3
2004-02-25,AMG,53.565884,54.95989,53.565884,54.888897,499866.66
2004-02-26,AMG,54.79209,54.95989,54.082184,54.779182,174318.05
2004-02-27,AMG,54.779182,55.076054,54.288704,54.533943,1794468.6
2004-03-01,AMG,55.340656,56.031204,55.05669,55.856956,485611.34
2004-03-02,AMG,55.72788,56.605587,55.24385,55.32775,344607.4
2004-03-03,AMG,55.39229,55.66334,54.779182,55.547176,180051.17
2004-03-04,AMG,55.385834,56.40552,55.385834,56.33453,289290.47
2004-03-05,AMG,56.173187,57.00572,55.927948,56.282898,217393.97
2004-03-08,AMG,56.282898,56.760475,55.88922,55.895676,308814.1
2004-03-09,AMG,55.960213,55.979572,55.01797,55.489094,465777.8
2004-03-10,AMG,55.495544,55.643982,54.54685,54.56621,250553.14
2004-03-11,AMG,54.40487,54.40487,53.1593,53.172207,572692.9
2004-03-12,AMG,53.2432,53.82403,53.2432,53.694958,607091.6
2004-03-15,AMG,53.8563,53.94665,52.84952,53.139935,424716.22
2004-03-16,AMG,53.727226,53.83049,52.843063,53.120575,353439.53
2004-03-17,AMG,53.40454,53.875664,53.120575,53.694958,448423.47
2004-03-18,AMG,53.53361,53.694958,52.926968,53.604603,435717.62
2004-03-19,AMG,53.61106,53.90793,52.823704,52.823704,386443.72
2004-03-22,AMG,52.823704,52.823704,51.79111,52.281593,572228
2004-03-23,AMG,52.855976,52.86888,52.2106,52.249325,370483.94
2004-03-24,AMG,52.410667,52.53329,51.694305,51.887917,506219.6
2004-03-25,AMG,52.12025,53.43681,52.12025,53.210926,710907.7
2004-03-26,AMG,53.14639,53.953106,53.01732,53.772404,316406.62
2004-03-29,AMG,53.772404,54.308064,53.09476,53.565884,541083.2
2004-03-30,AMG,53.56266,53.57234,52.73013,53.068947,390782.3
2004-03-31,AMG,53.310963,53.38841,52.420353,52.836617,735802.9
2004-04-01,AMG,53.320644,53.87244,53.291603,53.46585,601410.1
2004-04-02,AMG,54.211258,54.35647,53.79499,53.97892,504515.12
2004-04-05,AMG,54.26934,54.559757,53.79499,54.453274,630850.5
2004-04-06,AMG,54.46295,54.79209,53.79499,54.40487,238312.12
2004-04-07,AMG,54.40487,54.8889,54.327423,54.666245,340475.4
2004-04-08,AMG,55.034107,55.61494,54.801773,55.179317,577444.6
2004-04-12,AMG,55.169636,55.489094,54.337105,54.540398,406277.25
2004-04-13,AMG,54.782413,54.782413,52.517155,52.57524,433651.62
2004-04-14,AMG,52.468754,52.468754,50.75529,51.152195,1021013
2004-04-15,AMG,51.113472,51.665264,50.368065,51.28772,556681.44
2004-04-16,AMG,50.823055,51.684624,50.522953,51.21996,497594.06
2004-04-19,AMG,51.229637,51.229637,49.78723,50.10669,587258.1
2004-04-20,AMG,50.24222,50.339024,48.867577,48.867577,1071423.2
2004-04-21,AMG,48.693325,49.09023,48.306103,48.693325,877633.2
2004-04-22,AMG,48.693325,49.903397,48.693325,49.661385,479619.94
2004-04-23,AMG,49.854996,49.854996,48.490032,48.62556,579510.6
2004-04-26,AMG,48.741726,49.361286,48.528755,48.741726,346466.78
2004-04-27,AMG,48.741726,49.680744,48.664284,48.896618,575378.6
2004-04-28,AMG,48.896618,48.896618,47.192837,47.63814,970602.8
2004-04-29,AMG,47.541336,48.39323,47.347725,47.676865,1240214.8
2004-04-30,AMG,48.160892,48.538437,46.854015,47.144432,631676.94
2004-05-03,AMG,47.43485,47.531654,46.92178,47.299324,529616.94
2004-05-04,AMG,47.173473,47.822075,46.786255,47.27996,315580.22
2004-05-05,AMG,47.521976,47.686543,46.883057,47.43485,424664.56
2004-05-06,AMG,47.241238,47.521976,46.369987,46.892735,701817.3
2004-05-07,AMG,46.75721,46.863697,45.159916,45.24704,714626.5
2004-05-10,AMG,44.530674,45.10183,43.901436,44.462914,507614.12
2004-05-11,AMG,44.72429,45.489056,44.5694,45.392246,531373
2004-05-12,AMG,45.498734,45.498734,43.73687,44.685566,700474.44
2004-05-13,AMG,44.685566,45.518097,44.433872,44.9663,806356.5
2004-05-14,AMG,44.77269,45.363205,44.288662,44.77269,364440.9
2004-05-17,AMG,44.530674,44.530674,43.659424,43.872395,333864.25
2004-05-18,AMG,44.11441,45.353523,44.11441,45.188957,424354.66
2004-05-19,AMG,45.74075,46.14733,45.159916,45.324482,618351.25
2004-05-20,AMG,45.324482,45.60522,44.94694,45.121193,345847
2004-05-21,AMG,45.450333,45.74075,44.985664,45.363205,148234.89
2004-05-24,AMG,45.60522,46.195736,45.59554,46.09893,393158.2
2004-05-25,AMG,46.108612,47.318684,45.98276,47.318684,537054.5
2004-05-26,AMG,47.221878,47.42517,46.379665,47.047626,271161.4
2004-05-27,AMG,47.338047,47.58006,46.95082,47.551018,521352.97
2004-05-28,AMG,47.43485,47.531654,46.99922,47.192837,195959.3
2004-06-01,AMG,47.386448,47.386448,46.708805,46.99922,344917.28
2004-06-02,AMG,47.241238,47.338047,46.80561,47.037945,608434.5
2004-06-03,AMG,46.892735,47.144432,46.47647,46.47647,277256.06
2004-06-04,AMG,46.718487,47.241238,46.679768,47.047626,785696.56
2004-06-07,AMG,47.28964,48.732048,47.241238,48.6062,1084335.6
2004-06-08,AMG,48.6062,48.98374,48.093132,48.81917,623103.06
2004-06-09,AMG,48.81917,49.29352,48.62556,49.18704,684876.2
2004-06-10,AMG,49.09023,49.46777,49.061188,49.28384,466191
2004-06-14,AMG,49.128952,49.128952,48.354507,48.480354,645209.2
2004-06-15,AMG,48.557796,49.08055,48.40291,48.44163,595728.7
2004-06-16,AMG,48.40291,48.93534,48.170574,48.693325,240688.02
2004-06-17,AMG,48.790134,48.790134,47.880157,48.23834,295850
2004-06-18,AMG,48.354507,49.487133,48.257698,49.274162,306283.25
2004-06-21,AMG,49.26448,49.361286,48.490032,48.57716,355247.25
2004-06-22,AMG,48.54812,49.206398,48.373867,49.206398,316613.22
2004-06-23,AMG,49.09991,49.28384,48.664284,49.28384,318575.9
2004-06-24,AMG,49.322563,49.51618,48.8579,48.886936,270335
2004-06-25,AMG,48.886936,49.477455,48.790134,49.225758,763383.9
2004-06-28,AMG,49.225758,49.274162,48.644924,48.886936,320022.1
2004-06-29,AMG,48.741726,49.10959,48.673965,48.9063,396153.88
2004-06-30,AMG,48.964382,49.29352,48.703007,48.76109,354317.56
2004-07-01,AMG,48.790134,49.051506,48.151215,48.27706,215689.52
2004-07-02,AMG,48.286743,48.40291,47.976963,48.035046,199678.08
2004-07-06,AMG,47.58006,47.657505,46.77657,46.834656,499556.75
2004-07-07,AMG,46.834656,46.834656,45.014706,45.663303,1327916.1
2004-07-08,AMG,45.59554,45.808514,45.17927,45.643944,1112949.6
2004-07-09,AMG,45.643944,45.93436,45.6149,45.76979,288619.03
2004-07-12,AMG,45.74075,45.74075,45.10183,45.634262,294300.5
2004-07-13,AMG,45.547134,45.9634,45.498734,45.731068,362788.12
2004-07-14,AMG,45.634262,46.3119,45.401928,45.59554,238312.12
2004-07-15,AMG,45.692345,45.905315,45.10183,45.17927,279115.47
2004-07-16,AMG,45.295444,45.469692,44.62748,44.63716,297296.2
2004-07-19,AMG,44.63716,44.80173,43.843357,44.11441,374770.88
2004-07-20,AMG,44.124092,45.2664,43.88208,45.2664,307832.75
2004-07-21,AMG,45.169594,45.498734,43.94984,43.94984,329215.75
2004-07-22,AMG,43.959522,44.240257,42.96242,43.9208,545628.4
2004-07-23,AMG,43.93048,44.182175,43.581978,43.93048,243993.61
2004-07-26,AMG,44.046646,44.11441,42.710724,43.2722,384171.12
2004-07-27,AMG,43.369007,44.027287,43.07859,43.823994,471665.88
2004-07-28,AMG,43.94984,44.763012,43.61102,44.346745,877736.5
2004-07-29,AMG,44.453228,44.656525,43.60134,44.16281,821128.3
2004-07-30,AMG,44.172497,44.453228,43.514214,44.44355,435407.72
2004-08-02,AMG,44.288662,44.685566,44.046646,44.501637,316819.8
2004-08-03,AMG,44.511314,44.57908,43.862717,43.959522,345950.28
2004-08-04,AMG,43.853035,44.433872,43.572296,44.385464,1019360.25
2004-08-05,AMG,44.49195,44.530674,43.56262,43.572296,2921415.2
2004-08-06,AMG,43.369007,43.417408,42.39127,42.5752,459063.3
2004-08-09,AMG,42.701046,42.81721,41.820114,41.96532,621966.75
2004-08-10,AMG,42.071808,42.72041,42.071808,42.72041,604612.44
2004-08-11,AMG,42.497757,42.96242,41.96532,42.642963,247918.98
2004-08-12,AMG,42.400948,42.691364,42.15893,42.226696,348945.97
2004-08-13,AMG,42.43967,42.836575,42.371906,42.546158,265376.62
2004-08-16,AMG,42.546158,43.794952,42.44935,43.75623,349049.28
2004-08-17,AMG,43.75623,44.530674,43.75623,44.288662,397290.2
2004-08-18,AMG,44.095047,44.482273,43.73687,44.366108,539327.1
2004-08-19,AMG,44.366108,44.540356,44.007923,44.317703,269921.78
2004-08-20,AMG,44.433872,45.489056,44.240257,45.363205,380142.44
2004-08-23,AMG,45.46001,45.76979,45.034065,45.363205,261761.12
2004-08-24,AMG,45.43097,45.83755,45.401928,45.711708,175196.08
2004-08-25,AMG,45.643944,46.75721,45.498734,46.689445,334793.94
2004-08-26,AMG,46.689445,47.338047,46.515194,47.25092,376320.38
2004-08-27,AMG,47.144432,47.5607,46.92178,47.309002,307419.53
2004-08-30,AMG,47.309002,47.309002,46.75721,47.008907,255873.05
2004-08-31,AMG,46.95082,47.502613,46.854015,47.483253,202157.28
2004-09-01,AMG,47.43485,48.131855,47.028267,47.299324,345020.6
2004-09-02,AMG,47.396126,48.209297,47.154114,48.189934,188934.92
2004-09-03,AMG,47.996326,48.40291,47.502613,47.5607,223643.58
2004-09-07,AMG,47.42517,48.519073,47.396126,48.42227,315580.22
2004-09-08,AMG,48.54812,48.62556,48.257698,48.509396,550276.9
2004-09-09,AMG,48.54812,48.635242,47.822075,48.412586,381588.62
2004-09-10,AMG,48.45131,50.22286,48.06409,50.22286,584159.1
2004-09-13,AMG,50.22286,50.58104,49.93244,50.08733,504825.03
2004-09-14,AMG,50.08733,50.53264,49.9518,50.3003,274880.2
2004-09-15,AMG,50.309986,50.997303,49.864674,50.639126,308349.25
2004-09-16,AMG,50.881138,52.488113,50.86178,52.26546,854700.7
2004-09-17,AMG,52.662365,52.662365,51.60718,51.674946,372188.38
2004-09-20,AMG,51.578136,51.74271,51.26836,51.520058,294093.9
2004-09-21,AMG,51.76207,52.73013,51.69431,52.662365,368986.1
2004-09-22,AMG,52.672047,52.672047,51.6459,51.703987,243167.2
2004-09-23,AMG,51.79111,52.275143,51.355484,52.06217,472182.38
2004-09-24,AMG,51.868557,52.44939,51.74271,52.158974,347396.47
2004-09-27,AMG,51.965363,51.994404,51.355484,51.355484,309898.72
2004-09-28,AMG,51.355484,51.5491,51.016666,51.44261,279425.34
2004-09-29,AMG,51.500694,52.168655,51.452293,52.033127,238622.03
2004-09-30,AMG,51.887917,52.217056,51.6459,51.829834,529513.6
2004-10-01,AMG,51.984726,52.44939,51.92664,52.26546,597278.2
2004-10-04,AMG,52.420353,52.836617,52.420353,52.652683,249468.48
2004-10-05,AMG,52.749493,52.855976,52.40099,52.58492,219511.61
2004-10-06,AMG,52.5946,53.349686,52.468754,53.330326,289858.62
2004-10-07,AMG,53.2432,53.320644,52.95278,53.146397,179637.97
2004-10-08,AMG,53.13671,53.310963,52.643005,52.75917,329112.47
2004-10-11,AMG,52.75917,52.95278,52.497795,52.56556,180361.06
2004-10-12,AMG,52.371944,52.923737,51.858875,52.468754,530030.1
2004-10-13,AMG,52.507477,52.652683,52.178337,52.468754,1431319
2004-10-14,AMG,52.468754,53.862755,52.38163,53.359364,1193110.1
2004-10-15,AMG,53.359364,54.172535,53.359364,54.143494,682293.7
2004-10-18,AMG,53.949883,53.949883,53.146397,53.38841,430862.53
2004-10-19,AMG,53.630424,54.095093,53.049587,53.05927,645519.06
2004-10-20,AMG,52.933422,53.57234,52.80757,53.2432,720617.9
2004-10-21,AMG,53.291603,53.804676,53.194798,53.41745,450076.25
2004-10-22,AMG,53.320644,54.085407,53.27224,53.28192,180051.16
2004-10-25,AMG,53.049587,53.25288,51.79111,52.129932,1317999.2
2004-10-26,AMG,52.033127,53.427128,52.033127,53.09799,803257.5
2004-10-27,AMG,53.09799,53.504574,52.420353,53.494892,1133299.6
2004-10-28,AMG,53.494892,53.804676,53.165752,53.533615,396050.6
2004-10-29,AMG,53.630424,54.25966,53.456173,54.05637,433858.22
2004-11-01,AMG,53.814354,54.598484,53.74659,54.29838,489330.1
2004-11-02,AMG,54.29838,55.518135,54.29838,54.89858,525381.6
2004-11-03,AMG,55.42133,56.050568,55.07283,55.27612,803774
2004-11-04,AMG,55.27612,55.837597,55.04379,55.5859,566185
2004-11-05,AMG,55.76015,56.515236,55.73111,56.48619,533852.2
2004-11-08,AMG,56.48619,57.115433,56.43779,56.660442,654196.25
2004-11-09,AMG,56.77661,58.11253,56.728207,57.618824,514225.3
2004-11-10,AMG,57.57042,58.277103,57.163834,57.705948,448733.38
2004-11-11,AMG,57.73499,58.644966,57.73499,58.325504,279941.84
2004-11-12,AMG,58.2287,58.23838,57.802753,57.8802,424871.16
2004-11-15,AMG,56.825016,57.6285,56.786293,57.41553,484475.03
2004-11-16,AMG,57.40585,57.434895,56.74757,56.844376,332108.16
2004-11-17,AMG,56.970222,58.131893,56.970222,57.618824,543769
2004-11-18,AMG,57.657547,57.74467,57.309044,57.357445,266203
2004-11-19,AMG,57.309044,57.367126,56.20546,56.457153,617008.4
2004-11-22,AMG,56.26354,58.180294,56.24418,57.667225,1102413.1
2004-11-23,AMG,57.667225,58.809532,57.59946,58.71273,1046011.5
2004-11-24,AMG,58.75145,59.680786,58.75145,59.477493,414128
2004-11-26,AMG,59.719505,59.971203,59.63238,59.83568,119827.51
2004-11-29,AMG,61.18128,61.53946,60.358425,60.70693,838069.5
2004-11-30,AMG,60.70693,61.59754,60.60044,61.355526,670207.7
2004-12-01,AMG,61.326485,62.536556,61.249043,62.38167,1530176.6
2004-12-02,AMG,62.536556,62.759212,62.265503,62.43975,332211.44
2004-12-03,AMG,62.449436,62.88506,62.09125,62.19774,662047
2004-12-06,AMG,61.858917,62.28486,61.800835,61.955723,276532.97
2004-12-07,AMG,61.955723,62.362305,61.326485,61.365208,236556.03
2004-12-08,AMG,61.41361,61.829876,61.336166,61.791153,222920.48
2004-12-09,AMG,61.72339,62.100933,61.462013,61.955723,263620.53
2004-12-10,AMG,61.907322,63.69823,61.8686,63.25292,373221.38
2004-12-13,AMG,63.40781,63.746628,63.40781,63.485256,443051.88
2004-12-14,AMG,63.165794,64.705,63.107716,64.540436,521559.56
2004-12-15,AMG,64.37587,64.71468,63.92088,64.37587,1235772.9
2004-12-16,AMG,64.23066,64.540436,64.12417,64.32746,427040.47
2004-12-17,AMG,64.32746,64.36619,63.456215,63.456215,570420.25
2004-12-20,AMG,63.649826,64.13385,63.39813,63.562702,184596.34
2004-12-21,AMG,63.69823,64.18226,63.456215,64.14354,358346.25
2004-12-22,AMG,65.150314,65.479454,64.47267,65.24712,310621.84
2004-12-23,AMG,65.198715,65.198715,64.62756,64.78245,148028.3
2004-12-27,AMG,64.85989,64.91798,63.853115,63.988644,126438.68
2004-12-28,AMG,63.998325,64.685646,63.998325,64.685646,137595.03
2004-12-29,AMG,64.685646,65.03415,64.492035,64.98574,180980.86
2004-12-30,AMG,65.22776,65.5569,65.198715,65.45042,255563.16
2004-12-31,AMG,65.69243,65.75051,65.49882,65.576256,300705.06
2005-01-03,AMG,65.24712,65.91508,64.57916,64.72437,524968.44
2005-01-04,AMG,64.72437,64.93735,63.165794,63.68855,652750.06
2005-01-05,AMG,63.649826,63.649826,62.168697,62.19774,498523.75
2005-01-06,AMG,62.20742,62.681767,62.188053,62.391346,382828.25
2005-01-07,AMG,62.536556,62.846336,62.226776,62.313908,381588.62
2005-01-10,AMG,62.246143,62.701126,61.955723,62.217094,352251.56
2005-01-11,AMG,62.217094,62.34295,61.655624,61.713707,320848.5
2005-01-12,AMG,61.520096,61.63626,60.56172,61.08447,522489.25
2005-01-13,AMG,61.08447,61.239357,60.523,60.639164,292131.22
2005-01-14,AMG,60.697247,61.026386,60.59076,60.90054,287379.44
2005-01-18,AMG,60.803734,60.910217,60.39715,60.56172,528067.44
2005-01-19,AMG,60.74565,60.910217,60.019608,60.184174,735906.2
2005-01-20,AMG,60.038967,60.038967,58.954742,59.58398,1305603.4
2005-01-21,AMG,59.58398,59.719505,58.790173,58.89666,369812.5
2005-01-24,AMG,58.99346,59.40005,58.325504,58.41263,312171.3
2005-01-25,AMG,58.40295,59.022507,58.364227,58.76113,450489.47
2005-01-26,AMG,59.341965,60.40683,58.906338,60.319706,984858.2
2005-01-27,AMG,61.036068,61.73307,60.629482,61.287766,562982.7
2005-01-28,AMG,60.74565,61.76211,60.05833,60.56172,598104.56
2005-01-31,AMG,61.036068,61.68467,61.036068,61.384567,374254.38
2005-02-01,AMG,61.39425,62.45911,61.161915,62.188053,444601.38
2005-02-02,AMG,62.05253,62.536556,61.878277,62.110615,341198.5
2005-02-03,AMG,62.14933,62.19774,61.510418,61.72339,398219.88
2005-02-04,AMG,61.858917,62.623684,61.713707,62.536556,321055.1
2005-02-07,AMG,62.29454,62.643044,61.897636,61.955723,417330.28
2005-02-08,AMG,62.100933,62.48816,62.004128,62.43975,239655.02
2005-02-09,AMG,62.681767,62.856018,62.129974,62.19774,281801.25
2005-02-10,AMG,62.19774,62.652725,62.19774,62.58496,196785.7
2005-02-11,AMG,62.536556,63.736946,62.28486,63.66918,203500.17
2005-02-14,AMG,63.504616,63.795036,63.194836,63.330364,465364.6
2005-02-15,AMG,63.359406,63.77567,63.03995,63.369087,187178.83
2005-02-16,AMG,63.369087,63.369087,62.923782,63.12707,183563.34
2005-02-17,AMG,63.214203,63.611103,63.17548,63.24324,377456.66
2005-02-18,AMG,63.25292,63.43685,62.410713,62.778572,329835.56
2005-02-22,AMG,62.681767,63.2626,61.58786,61.655624,1327296.2
2005-02-23,AMG,62.14933,62.14933,61.68467,61.820194,871848.44
2005-02-24,AMG,61.829876,61.829876,61.27808,61.568497,454518.16
2005-02-25,AMG,61.132874,62.19774,61.132874,62.120293,388406.4
2005-02-28,AMG,62.14933,62.923782,61.955723,62.69145,615768.8
2005-03-01,AMG,62.73017,64.03705,62.701126,63.911198,415264.3
2005-03-02,AMG,63.843433,64.13385,63.504616,63.58206,323844.2
2005-03-03,AMG,63.601418,63.795036,62.58496,63.2626,247402.48
2005-03-04,AMG,63.456215,64.50172,63.40781,64.06609,304010.66
2005-03-07,AMG,64.06609,64.24034,63.54334,63.83376,192963.61
2005-03-08,AMG,63.746628,64.10481,63.678864,63.756313,188108.53
2005-03-09,AMG,63.756313,63.795036,63.281963,63.349728,272401
2005-03-10,AMG,63.39813,63.55302,62.94314,63.40781,133772.95
2005-03-11,AMG,63.533653,63.55302,62.391346,62.48816,369192.7
2005-03-14,AMG,62.48816,62.681767,62.401028,62.58496,352251.56
2005-03-15,AMG,62.826977,63.58206,62.43975,62.923782,452348.84
2005-03-16,AMG,62.778572,62.778572,62.313908,62.58496,249158.58
2005-03-17,AMG,62.594646,62.817295,62.05253,62.507515,198231.89
2005-03-18,AMG,62.614002,62.63336,62.023487,62.255817,234283.44
2005-03-21,AMG,62.14933,62.246143,61.016705,61.22968,286656.3
2005-03-22,AMG,61.036068,61.200638,60.21322,60.2713,424148.06
2005-03-23,AMG,59.971203,60.000244,59.25484,59.651745,323017.78
2005-03-24,AMG,59.535576,60.658524,59.535576,59.874397,212487.23
2005-03-28,AMG,59.922802,60.06801,58.954742,59.19676,628784.5
2005-03-29,AMG,59.19676,59.206436,57.90924,57.90924,641800.25
2005-03-30,AMG,58.151253,58.99346,58.08349,58.99346,753777
2005-03-31,AMG,58.886982,60.126095,58.828896,60.04865,457927.03
2005-04-01,AMG,60.29066,60.939262,59.293564,59.622704,457410.53
2005-04-04,AMG,59.622704,60.997345,59.24516,60.76501,393364.78
2005-04-05,AMG,60.76501,61.12319,60.503635,60.629482,612153.3
2005-04-06,AMG,60.629482,60.629482,59.642063,59.72919,772474.25
2005-04-07,AMG,59.73887,59.94216,59.41941,59.77759,478277.03
2005-04-08,AMG,59.78727,59.796955,59.235477,59.40005,375184.06
2005-04-11,AMG,59.438774,59.496853,58.315826,58.480392,513192.3
2005-04-12,AMG,58.373905,58.470715,56.834694,58.180294,901805.3
2005-04-13,AMG,58.325504,58.325504,56.147373,56.44747,1104169.1
2005-04-14,AMG,56.77661,57.163834,56.38939,56.57332,900772.3
2005-04-15,AMG,56.43779,56.621723,55.256763,55.256763,473008.78
2005-04-18,AMG,55.39229,56.553955,55.39229,56.311943,538397.4
2005-04-19,AMG,58.42231,59.72919,57.309044,57.57042,1136811.9
2005-04-20,AMG,57.59946,57.696266,56.79597,56.815334,662047
2005-04-21,AMG,57.057346,58.199657,56.650764,58.11253,570110.4
2005-04-22,AMG,59.24516,60.029285,58.89666,59.128994,882385
2005-04-25,AMG,59.37101,60.977985,59.24516,60.552036,681467.3
2005-04-26,AMG,59.77759,61.036068,59.77759,60.26162,594179.2
2005-04-27,AMG,60.26162,60.813416,59.1774,60.455235,487470.72
2005-04-28,AMG,60.464912,60.464912,59.72919,59.72919,379935.84
2005-04-29,AMG,59.971203,60.58108,59.73887,60.532677,515361.6
2005-05-02,AMG,60.677887,60.74565,60.11641,60.54236,427660.25
2005-05-03,AMG,60.648846,60.939262,59.651745,60.019608,465777.78
2005-05-04,AMG,60.21322,62.168697,60.21322,62.139656,965231.25
2005-05-05,AMG,62.05253,62.120293,60.89086,61.568497,503895.34
2005-05-06,AMG,61.713707,61.74275,60.823097,60.94894,438816.6
2005-05-09,AMG,60.94894,61.42329,60.697247,61.37489,406070.62
2005-05-10,AMG,61.22968,61.22968,60.552036,60.803734,421565.56
2005-05-11,AMG,60.90054,61.007027,60.40683,60.803734,831458.3
2005-05-12,AMG,60.803734,61.384567,59.816315,59.864716,727022.44
2005-05-13,AMG,59.990566,60.019608,59.09995,59.593662,394397.78
2005-05-16,AMG,59.535576,61.27808,59.496853,61.27808,348532.78
2005-05-17,AMG,61.036068,61.239357,59.980885,61.171593,512779.1
2005-05-18,AMG,61.37489,62.972187,61.37489,62.826977,616801.75
2005-05-19,AMG,62.73017,63.165794,62.43975,62.88506,1020496.5
2005-05-20,AMG,62.817295,63.010902,62.28486,62.875374,128814.57
2005-05-23,AMG,62.778572,63.29164,62.623684,63.165794,431585.62
2005-05-24,AMG,63.165794,63.988644,62.778572,63.882156,411235.62
2005-05-25,AMG,63.891838,63.92088,63.165794,63.359406,337686.3
2005-05-26,AMG,63.359406,64.22098,63.359406,64.04673,801604.75
2005-05-27,AMG,64.18226,64.27906,63.940247,64.13385,181497.36
2005-05-31,AMG,64.12417,64.81149,63.843433,64.56947,143069.92
2005-06-01,AMG,64.32746,65.32457,64.27906,64.93735,345227.2
2005-06-02,AMG,64.83086,65.17936,64.56947,65.14063,262071.03
2005-06-03,AMG,65.150314,65.51818,64.79214,65.01479,283247.44
2005-06-06,AMG,65.02447,65.4601,64.83086,65.44073,267855.8
2005-06-07,AMG,65.53754,65.82796,64.97607,65.06319,223850.19
2005-06-08,AMG,65.06319,65.24712,64.25002,64.27906,210008.05
2005-06-09,AMG,64.356514,65.41169,64.02737,65.10191,316303.3
2005-06-10,AMG,65.053505,65.29552,64.9083,65.03415,154122.97
2005-06-13,AMG,65.053505,65.343925,64.705,64.84054,220131.4
2005-06-14,AMG,64.84054,65.17936,64.56947,64.88894,163419.94
2005-06-15,AMG,65.053505,65.07287,64.26938,64.492035,273227.38
2005-06-16,AMG,64.50172,64.79214,64.26938,64.76309,208355.25
2005-06-17,AMG,64.76309,65.053505,64.23066,65.053505,255976.36
2005-06-20,AMG,64.9567,64.9567,64.03705,64.32746,276946.16
2005-06-21,AMG,64.27906,64.61788,63.504616,63.620785,393984.6
2005-06-22,AMG,63.69823,64.08545,63.359406,63.765995,273640.6
2005-06-23,AMG,63.843433,63.843433,62.778572,62.826977,621346.94
2005-06-24,AMG,62.826977,65.343925,62.80761,65.29552,1498773.6
2005-06-27,AMG,65.005104,65.29552,64.821175,65.150314,542839.25
2005-06-28,AMG,65.150314,66.87346,65.150314,66.87346,645002.56
2005-06-29,AMG,66.747604,66.97995,66.292625,66.805695,359482.53
2005-06-30,AMG,67.038025,67.08643,66.13773,66.147415,335517.03
2005-07-01,AMG,66.21518,67.2026,66.21518,67.2026,356486.84
2005-07-05,AMG,66.989624,67.75439,66.97026,67.71567,408136.62
2005-07-06,AMG,67.76407,67.8512,67.21228,67.38653,449249.88
2005-07-07,AMG,66.31198,67.948006,66.26358,67.8512,425181.06
2005-07-08,AMG,67.76407,68.52884,67.328445,68.1513,674442.94
2005-07-11,AMG,68.3449,69.603386,68.3449,69.458176,402455.16
2005-07-12,AMG,69.48721,70.07773,69.216156,69.90348,310828.44
2005-07-13,AMG,69.70019,69.971245,69.312965,69.690506,311035.03
2005-07-14,AMG,69.93252,70.66824,69.93252,70.31006,446873.97
2005-07-15,AMG,70.06805,70.91026,69.41945,69.65178,510299.9
2005-07-18,AMG,69.603386,69.75827,69.14839,69.593704,519390.28
2005-07-19,AMG,69.70019,70.32943,69.690506,70.28102,611636.8
2005-07-20,AMG,70.08741,71.34589,69.81636,71.21036,468050.38
2005-07-21,AMG,71.05547,71.152275,70.35847,70.56176,766172.94
2005-07-22,AMG,70.5908,70.5908,69.39041,70.009964,741484.4
2005-07-25,AMG,70.08741,70.28102,69.119354,69.593704,536538
2005-07-26,AMG,69.458176,69.61307,69.061264,69.458176,236969.23
2005-07-27,AMG,69.312965,69.603386,68.180336,68.87734,1248995.2
2005-07-28,AMG,68.96446,69.56466,68.73213,69.264565,470219.7
2005-07-29,AMG,69.129036,69.342,68.838615,69.02255,213726.83
2005-08-01,AMG,69.167755,69.9422,69.04191,69.81636,284280.44
2005-08-02,AMG,69.81636,70.61984,69.70019,70.38751,797782.6
2005-08-03,AMG,70.1939,70.28102,69.8938,70.05837,312997.72
2005-08-04,AMG,70.06805,70.12614,69.46786,69.46786,310518.53
2005-08-05,AMG,69.46786,69.47753,68.40299,68.73213,297089.6
2005-08-08,AMG,68.76117,69.39041,67.90928,67.948006,581783.25
2005-08-09,AMG,68.10289,68.95479,68.10289,68.935425,624549.25
2005-08-10,AMG,69.17744,70.02933,69.17744,69.264565,346983.28
2005-08-11,AMG,69.216156,69.91316,69.03223,69.884125,189244.83
2005-08-12,AMG,69.874435,69.874435,69.371056,69.67115,81813.266
2005-08-15,AMG,69.70019,70.155174,69.264565,69.98093,192757.02
2005-08-16,AMG,69.96156,69.971245,68.53852,68.68372,426627.25
2005-08-17,AMG,68.71277,69.48721,68.45139,69.2452,288928.9
2005-08-18,AMG,69.119354,69.119354,68.180336,68.37395,223333.69
2005-08-19,AMG,68.3449,68.68372,68.20938,68.606285,89250.836
2005-08-22,AMG,68.73213,69.30328,68.63532,68.974144,139867.62
2005-08-23,AMG,68.82893,69.71954,68.82893,69.51626,152676.78
2005-08-24,AMG,69.65178,69.96156,69.080635,69.33233,266203
2005-08-25,AMG,69.342,70.04869,69.10967,69.76795,278598.97
2005-08-26,AMG,69.603386,69.70019,68.95479,69.52594,221990.8
2005-08-29,AMG,69.53562,69.70019,69.18712,69.70019,226535.97
2005-08-30,AMG,69.70019,69.70987,68.9935,69.70987,242030.9
2005-08-31,AMG,69.55498,70.2907,69.53562,70.2907,278702.25
2005-09-01,AMG,70.61984,71.40397,70.18422,71.20068,309485.53
2005-09-02,AMG,71.239395,71.442696,70.76505,71.152275,201124.28
2005-09-06,AMG,71.39429,72.44947,71.16196,72.19778,251947.67
2005-09-07,AMG,72.05257,72.05257,69.70987,71.60726,3411985
2005-09-08,AMG,71.24908,71.258766,70.67793,70.76505,1086608.2
2005-09-09,AMG,70.81345,70.92962,70.5908,70.81345,204739.77
2005-09-12,AMG,70.81345,71.17163,70.61984,70.968346,212590.53
2005-09-13,AMG,70.8425,70.8909,70.406876,70.60048,434891.22
2005-09-14,AMG,70.71665,70.92962,70.03901,70.2423,150610.78
2005-09-15,AMG,70.22294,70.348785,69.61307,70.28102,196889
2005-09-16,AMG,70.28102,71.60726,70.155174,71.41365,204119.97
2005-09-19,AMG,71.297485,71.4911,70.71665,71.22004,183769.95
2005-09-20,AMG,71.34589,72.02353,71.07483,71.12324,200711.08
2005-09-21,AMG,71.007065,71.007065,69.545296,69.545296,206702.45
2005-09-22,AMG,69.70019,69.7486,68.51916,69.61307,323740.88
2005-09-23,AMG,69.38073,69.9422,68.887024,69.70019,113526.234
2005-09-26,AMG,69.70019,69.70019,68.74181,69.14839,419189.7
2005-09-27,AMG,68.73213,69.05159,68.70309,68.8967,334897.22
2005-09-28,AMG,69.070946,69.77763,68.73213,68.77085,218788.5
2005-09-29,AMG,68.76117,69.216156,67.78343,68.974144,308865.75
2005-09-30,AMG,68.73213,70.47464,68.73213,70.10677,372394.97
2005-10-03,AMG,69.9422,70.75537,69.9422,70.57144,314030.72
2005-10-04,AMG,70.81345,70.861855,69.40977,69.40977,430862.53
2005-10-05,AMG,69.41945,70.58112,69.25488,69.884125,403694.75
2005-10-06,AMG,69.874435,70.13581,68.66437,68.9935,391505.4
2005-10-07,AMG,69.216156,69.8938,69.216156,69.603386,167861.81
2005-10-10,AMG,69.65178,70.18422,69.13871,69.167755,262071.03
2005-10-11,AMG,69.40977,70.08741,68.20938,68.32555,956554.06
2005-10-12,AMG,68.13193,68.654686,66.77666,66.902504,479000.16
2005-10-13,AMG,66.892815,68.00609,66.40879,67.802795,428899.84
2005-10-14,AMG,67.986725,69.2452,67.986725,69.216156,396257.2
2005-10-17,AMG,69.9422,70.03901,69.13871,69.458176,261244.62
2005-10-18,AMG,69.65178,70.164856,69.167755,69.2452,307109.66
2005-10-19,AMG,69.05159,70.92962,68.68372,70.66824,341095.22
2005-10-20,AMG,70.66824,71.24908,69.79699,70.28102,357416.53
2005-10-21,AMG,70.83282,71.34589,70.61984,71.065155,233766.94
2005-10-24,AMG,71.17163,72.02353,70.37782,72.01385,3789441.8
2005-10-25,AMG,72.12033,72.759254,70.57144,71.35557,1114086
2005-10-26,AMG,71.17163,71.92673,70.68761,71.5879,265893.12
2005-10-27,AMG,71.5879,72.24618,71.40397,71.626625,380349.03
2005-10-28,AMG,72.02353,72.60436,71.07483,72.60436,334174.12
2005-10-31,AMG,72.77861,74.78249,72.74957,74.29846,778878.8
2005-11-01,AMG,74.54048,75.60534,74.42431,75.03419,369812.5
2005-11-02,AMG,75.04387,75.973206,75.03419,75.61502,301841.38
2005-11-03,AMG,75.79896,75.79896,73.00127,74.221016,544285.5
2005-11-04,AMG,74.25006,74.90834,73.282,74.90834,756772.7
2005-11-07,AMG,74.90834,75.70215,74.90834,75.43109,278185.75
2005-11-08,AMG,75.61502,76.08937,75.38269,75.924805,321778.2
2005-11-09,AMG,76.06033,76.999344,75.66343,76.60244,295230.2
2005-11-10,AMG,76.670204,77.144554,76.050644,77.03807,323224.38
2005-11-11,AMG,77.105835,77.58987,76.631485,77.58987,145445.81
2005-11-14,AMG,77.44466,77.8706,77.11552,77.68667,356176.94
2005-11-15,AMG,77.68667,78.093254,76.02161,76.56372,384687.62
2005-11-16,AMG,76.670204,76.74765,75.79896,76.42819,123752.89
2005-11-17,AMG,76.815414,77.89964,76.66053,77.89964,377559.97
2005-11-18,AMG,77.89964,78.63537,77.59955,78.44175,366713.5
2005-11-21,AMG,78.68377,78.8677,78.05453,78.70313,202983.67
2005-11-22,AMG,78.55792,80.11649,78.41271,79.40981,275190.06
2005-11-23,AMG,79.40981,80.542435,79.36141,79.85512,291201.5
2005-11-25,AMG,79.67119,80.30042,79.322685,80.11649,74169.09
2005-11-28,AMG,80.174576,80.25202,78.238464,78.32559,421565.56
2005-11-29,AMG,78.567604,78.89674,77.42529,78.093254,242547.4
2005-11-30,AMG,77.98676,78.528885,75.72151,76.3217,864720.75
2005-12-01,AMG,76.93159,77.65763,76.04097,76.80573,501622.75
2005-12-02,AMG,76.71861,77.74475,76.46691,77.628586,300085.28
2005-12-05,AMG,77.30913,77.54146,76.592766,77.40593,173439.98
2005-12-06,AMG,77.64794,78.63537,77.154236,77.32848,326633.25
2005-12-07,AMG,77.23168,77.75443,76.815414,77.74475,392435.1
2005-12-08,AMG,77.88996,78.809616,77.63826,78.13197,465984.4
2005-12-09,AMG,78.03517,78.97419,77.715706,78.68377,209078.34
2005-12-12,AMG,78.71281,79.20652,78.616005,79.09035,400389.16
2005-12-13,AMG,79.09035,79.70023,78.2675,79.23556,195029.61
2005-12-14,AMG,79.24524,79.48726,78.3643,79.2162,233663.64
2005-12-15,AMG,79.225876,79.225876,77.996445,78.82898,375803.88
2005-12-16,AMG,79.01291,79.10003,78.07389,78.12229,549037.25
2005-12-19,AMG,78.11262,78.248146,76.94127,77.2704,321055.1
2005-12-20,AMG,77.2704,77.39625,77.00903,77.154236,707498.8
2005-12-21,AMG,77.58018,77.715706,77.12519,77.60922,265066.72
2005-12-22,AMG,77.32848,77.75443,77.16392,77.30913,213313.62
2005-12-23,AMG,77.44466,78.31591,77.299446,78.05453,135425.75
2005-12-27,AMG,78.29654,78.654724,77.40593,77.45434,160424.25
2005-12-28,AMG,77.58987,77.97709,77.2704,77.78347,173233.39
2005-12-29,AMG,77.88996,79.29365,77.73508,78.31591,348739.38
2005-12-30,AMG,78.35463,78.35463,77.105835,77.68667,295746.7
2006-01-03,AMG,78.1707,79.797035,77.03807,79.797035,727538.94
2006-01-04,AMG,79.797035,80.600525,79.66151,80.34883,470322.97
2006-01-05,AMG,80.455315,80.455315,79.01291,79.74863,297502.78
2006-01-06,AMG,80.13586,81.22977,80.13586,80.94903,427866.84
2006-01-09,AMG,80.832855,82.73025,80.832855,82.43015,392331.78
2006-01-10,AMG,82.41079,82.623764,81.878365,82.47855,204843.06
2006-01-11,AMG,82.488235,84.095215,82.401115,83.83384,452142.25
2006-01-12,AMG,83.86288,84.41467,83.41757,84.33723,312171.3
2006-01-13,AMG,84.33723,84.8987,84.13394,84.45339,260624.83
2006-01-17,AMG,84.25978,84.33723,82.856094,83.36917,391505.4
2006-01-18,AMG,83.378845,83.64023,82.9045,83.378845,392848.28
2006-01-19,AMG,83.54343,84.02745,83.340126,83.73703,363304.62
2006-01-20,AMG,83.6015,84.46307,82.633446,83.107796,464641.5
2006-01-23,AMG,82.57536,83.94032,82.439835,83.22396,245439.8
2006-01-24,AMG,83.59182,84.70509,83.54343,83.93064,1496707.6
2006-01-25,AMG,86.495995,90.11653,86.30238,90.04877,2045641.5
2006-01-26,AMG,90.04877,91.94617,90.04877,91.44277,844783.94
2006-01-27,AMG,91.38469,91.38469,88.809654,88.97423,886000.5
2006-01-30,AMG,88.94518,89.9326,88.83869,89.08071,711837.4
2006-01-31,AMG,89.20656,90.61993,88.87742,89.8358,526414.6
2006-02-01,AMG,89.78739,90.55216,88.867744,89.12911,568974.06
2006-02-02,AMG,89.35177,89.78739,88.528915,88.9839,512365.9
2006-02-03,AMG,88.9839,89.806755,88.151375,88.248184,396773.7
2006-02-06,AMG,88.480515,89.429214,88.248184,89.37113,296263.2
2006-02-07,AMG,89.67123,90.513435,87.92873,88.2385,311964.72
2006-02-08,AMG,88.35467,88.528915,87.22204,88.2869,285003.53
2006-02-09,AMG,88.49988,89.6325,88.00617,88.25786,264240.3
2006-02-10,AMG,88.25786,88.25786,86.5444,87.067154,269198.7
2006-02-13,AMG,87.299484,87.783516,86.457275,86.95098,294403.78
2006-02-14,AMG,87.36725,88.674126,86.834816,88.1417,317852.8
2006-02-15,AMG,88.2869,89.36145,88.05457,89.35177,254840.06
2006-02-16,AMG,89.5357,91.62671,89.5357,91.181404,583849.2
2006-02-17,AMG,91.20076,91.71383,90.94906,91.40405,474661.56
2006-02-21,AMG,91.61703,92.33339,91.23948,91.6751,605748.75
2006-02-22,AMG,92.304344,95.1214,92.304344,94.288864,896743.6
2006-02-23,AMG,94.38567,95.799034,94.2211,95.36341,752434.1
2006-02-24,AMG,95.45053,96.69933,95.45053,96.48636,886723.56
2006-02-27,AMG,96.29275,98.1611,96.24434,97.54154,647998.25
2006-02-28,AMG,97.464096,97.96748,94.40503,95.285965,1424397.9
2006-03-01,AMG,95.285965,96.941345,95.285965,96.14754,551723.06
2006-03-02,AMG,96.14754,97.43506,95.82808,97.28985,600583.75
2006-03-03,AMG,97.04783,98.53864,96.90262,97.89972,641283.75
2006-03-06,AMG,97.65771,97.77387,95.03427,95.25693,462472.22
2006-03-07,AMG,95.25693,95.25693,92.972305,93.43697,608951
2006-03-08,AMG,93.36921,94.1727,92.459236,92.96262,583642.6
2006-03-09,AMG,93.1756,93.99844,91.82031,91.94617,385307.44
2006-03-10,AMG,92.13978,92.76901,91.88808,92.159134,523418.97
2006-03-13,AMG,94.04685,95.60543,92.83678,94.84066,768032.4
2006-03-14,AMG,95.69255,98.21918,95.50862,97.80292,1070183.6
2006-03-15,AMG,97.96748,99.66158,97.91908,98.79034,1958250.1
2006-03-16,AMG,98.83874,101.01687,98.15142,98.558,1078034.4
2006-03-17,AMG,98.354706,100.581245,98.30631,99.826164,794786.94
2006-03-20,AMG,100.803894,101.64611,99.0033,100.54252,886000.5
2006-03-21,AMG,100.38763,100.726456,99.255005,99.47766,450592.75
2006-03-22,AMG,99.255005,100.36827,98.741936,100.31019,332418.03
2006-03-23,AMG,100.31019,100.348915,98.43215,98.79034,227155.77
2006-03-24,AMG,98.741936,100.67805,98.57736,100.61997,320125.4
2006-03-27,AMG,100.61997,100.61997,99.487335,100.00041,293267.5
2006-03-28,AMG,100.48444,100.65869,98.09334,98.209496,899636
2006-03-29,AMG,98.209496,102.56576,98.209496,102.02365,2659034.5
2006-03-30,AMG,102.33343,105.111755,102.1979,102.788414,918643.1
2006-03-31,AMG,102.80778,103.61127,102.130135,103.20468,640457.4
2006-04-03,AMG,103.88232,104.02753,99.99073,100.33923,1278848.8
2006-04-04,AMG,100.04881,102.091415,99.71009,101.69451,583642.6
2006-04-05,AMG,103.58222,103.87264,101.97524,103.30148,1501769.2
2006-04-06,AMG,103.0982,103.28213,101.104,101.64611,517944.1
2006-04-07,AMG,101.88812,101.90748,99.66158,99.70999,685186.1
2006-04-10,AMG,99.777756,100.48444,98.05461,99.545425,615252.3
2006-04-11,AMG,99.545425,99.545425,97.33825,97.87068,1174516.2
2006-04-12,AMG,96.07977,97.58994,95.64415,97.28985,877323.3
2006-04-13,AMG,97.09624,98.887146,97.09624,98.57736,482409.03
2006-04-17,AMG,98.499916,99.17756,97.95781,98.877464,434684.62
2006-04-18,AMG,99.12916,100.96847,99.07107,100.48444,480033.12
2006-04-19,AMG,100.63933,100.79422,99.46798,100.28114,542736
2006-04-20,AMG,100.37795,100.47476,99.46798,100.203705,286346.44
2006-04-21,AMG,100.581245,101.64611,98.741936,99.526054,567527.9
2006-04-24,AMG,98.887146,98.96459,97.35761,98.741936,522695.88
2006-04-25,AMG,98.548325,98.548325,97.5609,97.91908,442225.5
2006-04-26,AMG,97.91908,100.33923,96.796135,99.9036,717828.75
2006-04-27,AMG,99.66158,100.03913,98.345024,99.32277,438093.5
2006-04-28,AMG,98.98395,98.98395,97.62866,98.06429,732600.6
2006-05-01,AMG,98.06429,98.64513,93.64027,94.337265,1170900.8
2006-05-02,AMG,94.35663,95.41181,93.56282,95.23756,575172.06
2006-05-03,AMG,95.06331,95.06331,92.449554,93.79516,840961.9
2006-05-04,AMG,94.72449,95.32469,94.51151,94.87939,414747.8
2006-05-05,AMG,95.59574,97.53186,95.59574,96.854225,432102.12
2006-05-08,AMG,99.46798,99.952,97.61898,98.14173,624962.44
2006-05-09,AMG,97.7158,98.91618,97.15432,98.23855,454931.34
2006-05-10,AMG,98.257904,98.548325,97.28985,98.06429,966987.4
2006-05-11,AMG,98.06429,98.732254,95.053635,95.35373,477967.16
2006-05-12,AMG,94.19206,94.87939,91.936485,91.984886,692520.4
2006-05-15,AMG,91.5299,92.01393,90.94906,91.02651,635808.9
2006-05-16,AMG,91.02651,91.95584,89.34209,89.49697,963061.94
2006-05-17,AMG,88.577324,88.577324,87.18332,87.193,1131853.5
2006-05-18,AMG,87.9384,88.36435,86.38951,86.641205,753777
2006-05-19,AMG,86.641205,88.77093,86.32175,87.69639,626925.1
2006-05-22,AMG,87.309166,87.47374,85.44082,85.71187,722270.6
2006-05-23,AMG,87.12524,88.819336,86.931625,86.931625,851188.5
2006-05-24,AMG,86.931625,87.31885,84.62764,85.91516,701300.8
2006-05-25,AMG,86.88322,87.28013,85.88612,86.495995,495837.97
2006-05-26,AMG,87.2898,89.03231,87.17364,88.99359,528790.56
2006-05-30,AMG,88.25786,88.664444,86.85418,87.193,432412.03
2006-05-31,AMG,87.41566,87.94808,86.98971,87.31885,417330.28
2006-06-01,AMG,87.12524,88.248184,86.5444,87.85128,387683.3
2006-06-02,AMG,88.819336,89.06135,87.677025,87.73511,281388.06
2006-06-05,AMG,87.73511,87.9384,84.97614,84.995514,400182.56
2006-06-06,AMG,85.16008,85.65379,83.93064,84.995514,373634.56
2006-06-07,AMG,84.995514,87.260765,84.93742,86.5444,677025.44
2006-06-08,AMG,86.554085,86.99939,84.76317,86.44759,453485.16
2006-06-09,AMG,86.68961,87.89968,86.641205,87.52214,510609.8
2006-06-12,AMG,87.71575,88.07394,83.73703,83.95969,585295.44
2006-06-13,AMG,83.98873,85.81836,81.39433,82.17846,639837.56
2006-06-14,AMG,82.52696,83.11748,79.38077,80.47467,785386.7
2006-06-15,AMG,81.24912,83.93064,80.99743,83.47566,811728.06
2006-06-16,AMG,83.378845,83.717674,82.18814,83.02067,256802.75
2006-06-19,AMG,83.34981,83.73703,81.37497,81.4621,401112.25
2006-06-20,AMG,81.47178,82.962585,81.452415,82.32367,850672
2006-06-21,AMG,82.28494,84.30818,82.28494,83.4079,361445.22
2006-06-22,AMG,83.4079,83.4079,81.89772,82.28494,314443.9
2006-06-23,AMG,82.04293,82.865776,81.52986,81.99452,519803.47
2006-06-26,AMG,82.09134,82.23654,80.745735,81.31689,3859272.2
2006-06-27,AMG,81.31689,81.57826,79.98097,80.25202,765759.75
2006-06-28,AMG,80.44563,80.73605,78.95482,80.05841,390369.1
2006-06-29,AMG,80.30042,83.378845,80.14554,83.378845,559883.7
2006-06-30,AMG,83.39822,84.66637,83.02067,84.11457,555751.75
2006-07-03,AMG,84.608284,84.96646,83.87256,84.96646,102369.88
2006-07-05,AMG,84.72445,84.72445,82.681854,83.45629,598207.9
2006-07-06,AMG,83.69831,84.201706,83.1562,84.11457,453278.53
2006-07-07,AMG,84.279144,84.43404,82.94322,83.09811,547074.56
2006-07-10,AMG,83.291725,84.21138,83.26269,84.00809,472698.88
2006-07-11,AMG,83.93064,86.128136,83.378845,86.00228,780634.94
2006-07-12,AMG,85.52794,87.00906,85.30529,86.15718,828049.44
2006-07-13,AMG,85.81836,85.837715,83.73703,84.22106,585295.44
2006-07-14,AMG,84.22106,84.51148,82.47855,83.39822,490363.1
2006-07-17,AMG,83.1562,83.97905,82.24622,82.488235,529410.3
2006-07-18,AMG,82.58504,82.99163,81.31689,81.86868,390679
2006-07-19,AMG,81.86868,87.677025,81.86868,86.63152,860485.5
2006-07-20,AMG,86.39919,87.02843,84.66637,84.96646,449456.47
2006-07-21,AMG,84.96646,84.96646,82.343025,82.42047,515671.5
2006-07-24,AMG,82.52696,84.472755,82.52696,84.182335,500589.75
2006-07-25,AMG,83.94032,84.68573,82.92387,83.998405,974424.94
2006-07-26,AMG,84.00809,87.99649,83.998405,87.773834,899429.44
2006-07-27,AMG,87.80287,89.01295,86.360466,86.90258,1056031.6
2006-07-28,AMG,87.02843,89.27432,86.81546,88.34499,699751.3
2006-07-31,AMG,88.102974,88.7903,87.260765,88.625725,477553.94
2006-08-01,AMG,88.625725,88.625725,86.88322,87.163956,480756.25
2006-08-02,AMG,87.70607,88.151375,86.85418,87.260765,862964.7
2006-08-03,AMG,87.018745,88.96455,86.728325,88.25786,273537.28
2006-08-04,AMG,89.45826,90.99747,88.70317,88.85806,559263.94
2006-08-07,AMG,88.50956,88.55797,87.31885,87.589905,442535.4
2006-08-08,AMG,87.59958,89.25496,87.37693,87.90936,378696.25
2006-08-09,AMG,88.819336,89.35177,87.48342,87.589905,353594.47
2006-08-10,AMG,87.39629,88.674126,86.75738,88.46115,308762.44
2006-08-11,AMG,88.46115,88.63541,87.163956,87.61895,248951.98
2006-08-14,AMG,88.43211,89.79708,87.46405,88.02553,422908.47
2006-08-15,AMG,89.25496,91.02651,89.06135,90.8813,407620.12
2006-08-16,AMG,91.72351,92.923904,91.30724,92.74965,333451.03
2006-08-17,AMG,92.74965,93.359535,92.25594,92.83678,199781.39
2006-08-18,AMG,92.933586,93.12719,91.83,92.8755,163213.33
2006-08-21,AMG,92.88518,92.88518,91.6751,92.10105,400595.75
2006-08-22,AMG,92.10105,93.61122,91.44277,92.10105,269198.7
2006-08-23,AMG,91.94617,92.80774,91.37501,91.597664,137078.55
2006-08-24,AMG,91.96552,92.04297,90.07781,90.842575,181703.95
2006-08-25,AMG,90.648964,90.658646,89.526024,89.73899,173956.48
2006-08-28,AMG,89.981,91.62671,89.50666,90.87162,223436.98
2006-08-29,AMG,90.62961,90.92002,89.06135,90.426315,183666.66
2006-08-30,AMG,90.63928,91.15236,90.11653,90.20366,188418.42
2006-08-31,AMG,90.44568,90.513435,89.526024,89.574425,299672.06
2006-09-01,AMG,89.864845,90.05845,89.477615,89.981,161457.23
2006-09-05,AMG,90.40695,90.513435,90.03909,90.33919,196992.3
2006-09-06,AMG,90.242386,90.67801,89.72932,90.01973,205152.97
2006-09-07,AMG,89.77771,89.855156,88.819336,89.30337,214449.92
2006-09-08,AMG,89.73899,90.9297,89.02263,90.70705,216309.31
2006-09-11,AMG,90.465034,91.4815,90.465034,90.76514,289858.62
2006-09-12,AMG,91.23948,92.47859,91.02651,92.023605,386340.4
2006-09-13,AMG,92.10105,93.90164,91.83,93.51442,335103.84
2006-09-14,AMG,93.32081,94.1243,92.49796,93.61122,1958766.6
2006-09-15,AMG,94.38567,96.07009,94.08558,95.63447,1479973
2006-09-18,AMG,95.59574,95.799034,94.017815,94.434074,287379.44
2006-09-19,AMG,94.53088,94.53088,93.22401,94.04685,492532.38
2006-09-20,AMG,94.96651,95.38277,94.13397,94.73418,617938.06
2006-09-21,AMG,94.482475,95.73127,94.35663,94.763214,568664.2
2006-09-22,AMG,94.627686,95.23756,94.15334,94.96651,455344.53
2006-09-25,AMG,94.96651,96.283066,94.80193,95.84744,473008.78
2006-09-26,AMG,95.54734,96.88326,95.41181,96.75741,585708.6
2006-09-27,AMG,96.80582,98.558,96.796135,97.09624,290685
2006-09-28,AMG,97.33825,97.7158,96.57349,97.02847,289445.4
2006-09-29,AMG,97.53186,97.96748,96.80582,96.9123,254116.97
2006-10-02,AMG,96.709015,97.28985,95.285965,95.54734,545938.25
2006-10-03,AMG,95.35373,96.39923,94.94714,96.01201,344710.7
2006-10-04,AMG,95.35373,98.28694,94.70513,97.977165,544905.25
2006-10-05,AMG,97.84164,98.01589,97.05751,97.793236,339752.3
2006-10-06,AMG,97.77387,97.77387,96.64125,96.95103,176745.58
2006-10-09,AMG,96.709015,98.30631,96.3121,98.03525,293370.8
2006-10-10,AMG,98.03525,99.61319,97.61898,97.99653,376836.84
2006-10-11,AMG,97.77387,97.77387,94.8697,95.140755,910999
2006-10-12,AMG,95.74095,96.612206,95.46022,95.64415,432308.72
2006-10-13,AMG,95.25693,96.02169,95.06331,95.52798,361651.8
2006-10-16,AMG,95.35373,95.35373,93.26272,93.51442,798092.56
2006-10-17,AMG,93.50474,93.5241,91.72351,92.217224,725989.44
2006-10-18,AMG,92.739975,92.923904,91.21044,91.28789,491396.1
2006-10-19,AMG,90.99747,91.15236,89.38081,89.719635,568560.9
2006-10-20,AMG,89.91324,90.610245,89.148476,90.513435,536744.6
2006-10-23,AMG,90.02941,91.4815,90.02941,91.4815,524451.94
2006-10-24,AMG,91.38469,92.1785,91.19108,91.83,415057.7
2006-10-25,AMG,91.83968,95.48926,91.51054,95.34405,1163256.5
2006-10-26,AMG,96.563805,97.67707,96.2153,96.92199,905834
2006-10-27,AMG,97.04783,97.75452,96.47668,96.7187,398013.28
2006-10-30,AMG,96.031364,97.62866,96.031364,96.95103,261038.03
2006-10-31,AMG,96.99943,97.70611,96.80582,96.941345,252050.97
2006-11-01,AMG,97.72547,98.732254,96.515396,96.80582,616388.56
2006-11-02,AMG,96.82517,97.00911,94.73418,96.515396,553685.75
2006-11-03,AMG,96.59284,97.44474,95.36341,96.273384,259281.94
2006-11-06,AMG,96.796135,98.43215,96.563805,98.11269,334897.22
2006-11-07,AMG,98.29663,99.18724,98.09334,98.741936,260934.73
2006-11-08,AMG,98.548325,99.31309,98.209496,98.84842,279838.56
2006-11-09,AMG,99.04203,99.04203,96.90262,97.04783,364337.62
2006-11-10,AMG,96.95103,97.87068,96.80582,97.76419,110117.35
2006-11-13,AMG,97.57059,98.732254,97.20272,98.44184,300601.78
2006-11-14,AMG,98.68385,99.34213,97.861,99.24532,240894.61
2006-11-15,AMG,99.12916,100.35859,99.0033,99.913284,201330.88
2006-11-16,AMG,100.581245,101.78164,100.581245,101.51058,459476.53
2006-11-17,AMG,100.87166,101.839714,100.07785,100.53284,259798.44
2006-11-20,AMG,100.74581,101.30729,99.777756,100.31019,313514.22
2006-11-21,AMG,100.59093,100.861984,99.8552,100.19402,171580.6
2006-11-22,AMG,99.9036,101.946205,99.87456,101.77195,258145.64
2006-11-24,AMG,100.87166,101.384735,100.581245,101.181435,44832.016
2006-11-27,AMG,100.5038,100.70709,97.8126,97.88036,365164
2006-11-28,AMG,97.77387,99.17756,97.66739,98.66449,347912.97
2006-11-29,AMG,99.22596,99.768074,98.499916,98.96459,252980.67
2006-11-30,AMG,99.32277,99.70031,97.89972,98.84842,245853
2006-12-01,AMG,98.8581,98.98395,97.03815,97.91908,243167.2
2006-12-04,AMG,97.96748,99.79711,97.96748,99.79711,325806.88
2006-12-05,AMG,99.89393,101.239525,99.816475,100.5038,298329.2
2006-12-06,AMG,100.26179,100.726456,99.94232,100.54252,147718.39
2006-12-07,AMG,100.77486,101.21049,100.01977,100.19402,159081.34
2006-12-08,AMG,99.952,100.62965,99.24532,99.33245,220544.6
2006-12-11,AMG,99.60351,100.48444,98.89683,99.913284,226845.88
2006-12-12,AMG,99.70999,99.70999,98.451515,99.545425,173130.1
2006-12-13,AMG,99.70999,100.69741,99.70999,100.47476,293990.6
2006-12-14,AMG,100.407,101.14272,100.08753,101.07496,231907.55
2006-12-15,AMG,101.92684,102.58513,101.36537,101.66547,351528.47
2006-12-18,AMG,101.66547,102.1011,101.21049,101.46217,210627.84
2006-12-19,AMG,101.46217,101.713875,100.65869,101.35569,215896.12
2006-12-20,AMG,100.92007,101.62675,100.46507,100.54252,132739.95
2006-12-21,AMG,100.38763,101.36537,99.80679,100.12626,197818.69
2006-12-22,AMG,100.00041,100.348915,98.887146,99.109795,158771.45
2006-12-26,AMG,99.9036,100.2521,99.438934,99.5551,168688.2
2006-12-27,AMG,99.7584,101.946205,99.7584,101.81068,221474.3
2006-12-28,AMG,101.897804,102.275345,101.4525,101.64611,113939.44
2006-12-29,AMG,101.64611,102.08173,101.48154,101.77195,182427.05
2007-01-03,AMG,102.68193,103.53382,101.53962,102.49799,336963.22
2007-01-04,AMG,102.06237,102.6432,100.42635,101.384735,407000.34
2007-01-05,AMG,101.384735,101.65579,100.07785,100.57156,184596.34
2007-01-08,AMG,100.57156,102.15918,100.23274,101.897804,231494.36
2007-01-09,AMG,101.897804,103.44669,101.897804,102.88522,279012.16
2007-01-10,AMG,102.88522,103.4951,102.18822,103.359566,294093.9
2007-01-11,AMG,103.359566,104.52124,103.262764,104.25018,272194.38
2007-01-12,AMG,104.43411,106.9317,104.2405,105.51834,587568
2007-01-16,AMG,105.85716,106.00237,104.8891,105.10207,261761.12
2007-01-17,AMG,105.10207,106.95107,105.10207,105.80876,224883.19
2007-01-18,AMG,105.721634,106.25407,104.075935,104.32763,144619.4
2007-01-19,AMG,104.46316,105.69259,104.2405,105.00527,192963.61
2007-01-22,AMG,104.695496,104.93751,102.982025,104.37603,236865.94
2007-01-23,AMG,104.37603,105.15048,104.18243,104.98591,266409.62
2007-01-24,AMG,106.4864,108.91623,105.876526,107.30925,684876.2
2007-01-25,AMG,108.85814,109.63259,105.77972,106.56384,624136.06
2007-01-26,AMG,106.37023,107.08659,105.50866,106.70905,413404.9
2007-01-29,AMG,106.95107,107.14468,105.866844,106.12821,201950.67
2007-01-30,AMG,103.05947,106.95107,103.05947,106.8349,490259.78
2007-01-31,AMG,106.59289,107.84168,105.92493,107.84168,367023.4
2007-02-01,AMG,110.358635,111.46222,108.19986,109.79716,496974.28
2007-02-02,AMG,109.79716,109.94237,109.02271,109.313126,197818.69
2007-02-05,AMG,109.119514,110.077896,109.119514,109.448654,289548.72
2007-02-06,AMG,109.39057,110.31023,109.27441,109.96172,188315.12
2007-02-07,AMG,109.8746,111.4719,109.8746,111.297646,500589.75
2007-02-08,AMG,111.007225,111.007225,109.739075,109.84556,283350.75
2007-02-09,AMG,109.39057,110.213425,107.35765,108.37411,391712
2007-02-12,AMG,108.44187,108.9259,107.77633,108.790375,374936.16
2007-02-13,AMG,108.62581,110.64905,108.4806,109.7778,416400.6
2007-02-14,AMG,111.32669,114.89883,111.23957,114.47288,793557.7
2007-02-15,AMG,114.47288,115.95401,113.92109,114.05661,426110.75
2007-02-16,AMG,113.65003,114.124374,112.77878,113.17568,217135.72
2007-02-20,AMG,113.50482,114.57937,112.7691,114.18246,226432.67
2007-02-21,AMG,114.19214,114.63744,113.2628,113.988846,300498.47
2007-02-22,AMG,114.32767,114.94723,112.92399,113.65971,300498.47
2007-02-23,AMG,113.843636,114.124374,111.61711,112.101135,443258.5
2007-02-26,AMG,113.74683,114.414795,111.64615,112.68197,439746.3
2007-02-27,AMG,108.470924,112.662605,107.938484,108.974304,1094872.2
2007-02-28,AMG,109.19697,110.19406,107.45446,109.86492,617215
2007-03-01,AMG,109.39057,109.40025,106.244385,107.55126,695867.25
2007-03-02,AMG,107.49318,107.49318,103.52414,103.785515,742517.4
2007-03-05,AMG,102.56576,103.34021,101.762276,102.07205,616801.75
2007-03-06,AMG,103.34021,105.46993,103.24341,104.97623,500383.16
2007-03-07,AMG,104.97623,106.06045,103.42733,103.737114,509783.4
2007-03-08,AMG,104.55997,106.1863,104.43411,104.68581,304733.75
2007-03-09,AMG,105.55706,106.07014,104.1437,104.76326,252774.06
2007-03-12,AMG,104.64709,104.71485,103.58222,104.443794,224883.19
2007-03-13,AMG,104.443794,104.50188,100.53284,100.63933,478793.53
2007-03-14,AMG,100.96847,103.05947,99.70999,102.798096,444188.2
2007-03-15,AMG,102.372154,104.25018,101.568665,102.130135,477140.75
2007-03-16,AMG,102.31407,102.31407,100.242424,100.69741,338925.9
2007-03-19,AMG,101.17176,102.604485,101.17176,102.15918,327872.88
2007-03-20,AMG,102.15918,103.05947,102.05269,102.49799,241617.72
2007-03-21,AMG,102.92394,106.099174,102.86586,105.731316,470219.7
2007-03-22,AMG,106.27342,106.39928,104.74389,105.111755,341921.6
2007-03-23,AMG,105.1408,106.20566,104.72453,105.7894,298535.78
2007-03-26,AMG,105.7894,106.00237,104.20178,105.19888,224366.69
2007-03-27,AMG,104.71485,106.00237,104.017845,104.36635,328389.34
2007-03-28,AMG,103.86296,104.00817,102.55608,102.90459,271884.5
2007-03-29,AMG,103.5919,104.308266,102.52705,103.47574,354420.84
2007-03-30,AMG,103.72743,105.02463,103.02075,104.8891,456687.44
2007-04-02,AMG,105.440895,105.56675,103.2918,105.16984,293474.1
2007-04-03,AMG,105.71195,107.02851,105.71195,106.66065,389749.3
2007-04-04,AMG,106.767136,108.044975,106.244385,107.851364,468257
2007-04-05,AMG,107.938484,108.57741,107.06723,108.51932,451832.34
2007-04-09,AMG,108.567726,109.02271,107.5803,108.470924,372188.38
2007-04-10,AMG,108.567726,108.829094,107.63839,107.84168,341508.4
2007-04-11,AMG,108.80974,108.80974,106.4864,107.02851,269715.2
2007-04-12,AMG,106.77682,107.570625,105.586105,107.36733,185835.94
2007-04-13,AMG,107.938484,108.567726,107.706154,108.509636,196579.1
2007-04-16,AMG,109.47769,110.70713,109.09048,109.79716,348842.7
2007-04-17,AMG,109.826195,110.90074,109.826195,109.98109,147925
2007-04-18,AMG,109.98109,111.917206,109.92301,110.920105,186765.64
2007-04-19,AMG,110.92978,110.968506,109.78748,110.03917,221577.6
2007-04-20,AMG,106.854256,111.22988,106.854256,110.64905,378386.34
2007-04-23,AMG,110.358635,114.9085,110.358635,113.35961,659154.6
2007-04-24,AMG,113.55322,113.9114,112.285065,113.50482,436337.4
2007-04-25,AMG,113.50482,115.10212,111.49126,114.72458,713180.3
2007-04-26,AMG,115.19892,115.51839,114.32767,115.14084,462368.9
2007-04-27,AMG,115.14084,115.35381,114.24055,115.06339,381691.94
2007-04-30,AMG,115.30541,115.62487,113.843636,113.87268,379935.84
2007-05-01,AMG,114.0663,115.09244,113.27249,114.25022,298122.6
2007-05-02,AMG,114.69553,119.48742,114.69553,118.59681,1043738.94
2007-05-03,AMG,118.4516,121.86884,118.4516,120.01985,754500.1
2007-05-04,AMG,120.43612,120.99759,119.051796,120.126335,294507.1
2007-05-07,AMG,120.62005,121.307365,118.91626,120.039215,298948.97
2007-05-08,AMG,120.0489,120.0489,117.32864,118.98403,331488.34
2007-05-09,AMG,118.58713,120.62973,118.34511,120.077934,345743.7
2007-05-10,AMG,120.087616,120.310265,117.59971,117.98692,378489.66
2007-05-11,AMG,118.103096,119.11956,117.89012,118.48064,238208.83
2007-05-14,AMG,118.49032,118.68393,116.65101,117.40609,228911.86
2007-05-15,AMG,117.69651,118.103096,116.17667,116.56389,222197.39
2007-05-16,AMG,116.56389,117.435135,115.68295,116.32188,231184.45
2007-05-17,AMG,116.409,117.60938,116.409,117.08663,298432.47
2007-05-18,AMG,117.14472,118.33543,116.64133,118.04501,320745.2
2007-05-21,AMG,117.870766,121.28801,117.83204,120.319954,438403.4
2007-05-22,AMG,120.44579,121.307365,120.087616,120.66845,326323.38
2007-05-23,AMG,120.86206,122.21735,120.67823,120.72653,168998.11
2007-05-24,AMG,121.75267,124.59877,120.0489,120.784615,479723.25
2007-05-25,AMG,122.37224,127.628784,121.926926,123.54359,781048.1
2007-05-29,AMG,123.55326,126.85434,122.875626,123.51454,400802.38
2007-05-30,AMG,122.401276,124.07601,121.17184,123.98889,307109.66
2007-05-31,AMG,125.58618,127.28997,124.937584,126.04117,434168.12
2007-06-01,AMG,127.00923,127.34805,125.36353,126.62201,470116.38
2007-06-04,AMG,126.62201,126.86403,125.19897,125.88628,309692.12
2007-06-05,AMG,124.99567,126.38967,124.74397,126.26382,286553.03
2007-06-06,AMG,125.75075,125.76044,123.55326,124.91822,403591.44
2007-06-07,AMG,125.68299,126.06054,121.646194,122.072136,576618.25
2007-06-08,AMG,122.072136,123.37901,119.797195,123.011154,477760.53
2007-06-11,AMG,122.45936,123.824326,121.820435,123.4855,255769.75
2007-06-12,AMG,123.4855,123.65975,121.70428,121.89788,292337.8
2007-06-13,AMG,122.21735,122.60457,120.784615,122.52712,305560.16
2007-06-14,AMG,121.404175,123.4855,121.404175,122.74978,167655.22
2007-06-15,AMG,122.74978,123.75655,120.81366,121.31705,492325.78
2007-06-18,AMG,121.4913,122.89498,121.26865,122.16894,321261.7
2007-06-19,AMG,122.51744,125.712036,122.51744,123.7372,337996.22
2007-06-20,AMG,125.605545,126.21543,122.79818,123.04019,344194.2
2007-06-21,AMG,122.94339,123.427414,120.95886,122.44,240997.92
2007-06-22,AMG,122.44,124.008255,121.21056,121.820435,361238.62
2007-06-25,AMG,121.820435,124.01793,120.552284,121.52034,424561.25
2007-06-26,AMG,122.45936,123.59199,122.10117,122.17862,458340.22
2007-06-27,AMG,122.03341,124.085686,120.81366,123.85336,434064.8
2007-06-28,AMG,124.17283,125.25705,123.22413,124.8795,349978.97
2007-06-29,AMG,125.11184,125.88628,123.93081,124.64716,398942.97
2007-07-02,AMG,125.044075,126.75754,124.84079,126.63168,307006.34
2007-07-03,AMG,127.406136,129.71011,127.1738,128.33548,276739.56
2007-07-05,AMG,128.75174,130.51361,128.75174,128.9647,225916.17
2007-07-06,AMG,128.9647,130.48456,128.27739,130.13605,149784.39
2007-07-09,AMG,130.68785,130.70721,127.03827,128.03537,268578.9
2007-07-10,AMG,127.444855,127.444855,125.65395,126.01213,281078.16
2007-07-11,AMG,126.57361,127.05763,125.315125,126.20574,200607.78
2007-07-12,AMG,126.23478,127.35773,126.09925,126.834984,308349.25
2007-07-13,AMG,126.186386,128.31612,125.79916,127.23188,377559.97
2007-07-16,AMG,127.29965,129.36162,127.29965,128.8679,285313.44
2007-07-17,AMG,127.00923,128.14186,126.10894,127.89017,679298
2007-07-18,AMG,126.76721,127.125404,122.75945,124.889175,630334
2007-07-19,AMG,125.0828,126.28319,122.89498,123.959854,308865.75
2007-07-20,AMG,123.79527,124.17283,121.26865,122.59489,474454.97
2007-07-23,AMG,122.90466,123.60167,122.04309,122.94339,546248.2
2007-07-24,AMG,122.93371,123.07892,113.7178,115.19892,1242693.9
2007-07-25,AMG,118.33543,119.845604,106.68969,118.006294,2037790.8
2007-07-26,AMG,118.82914,119.21636,112.343155,115.22797,1410555.8
2007-07-27,AMG,115.14084,120.30058,114.67617,118.59681,1058304.1
2007-07-30,AMG,120.126335,122.401276,118.16118,121.21056,765966.4
2007-07-31,AMG,122.16894,124.30835,109.39057,109.39057,1003142.2
2007-08-01,AMG,112.29475,118.21927,111.98497,114.82138,1554348.8
2007-08-02,AMG,115.48934,117.69651,114.366394,115.73135,776089.75
2007-08-03,AMG,116.16698,116.52516,111.03627,111.33637,562362.9
2007-08-06,AMG,111.32669,112.41092,107.14468,111.762314,1200651
2007-08-07,AMG,111.2202,115.547424,110.494156,114.27927,935274.4
2007-08-08,AMG,115.65391,119.78751,112.44964,113.43706,856043.6
2007-08-09,AMG,110.261826,111.60743,104.356674,105.4893,1425740.8
2007-08-10,AMG,97.06719,107.05755,95.518295,105.84747,2280648
2007-08-13,AMG,106.80586,108.170815,103.51446,105.721634,706569.1
2007-08-14,AMG,106.12821,106.71873,101.16208,102.16886,1002935.6
2007-08-15,AMG,101.74291,105.46026,100.73613,101.02655,734150.1
2007-08-16,AMG,100.668365,102.21726,96.234665,101.39441,1081236.6
2007-08-17,AMG,104.55997,105.721634,102.004295,104.61805,659257.9
2007-08-20,AMG,104.550285,104.734215,100.93942,103.56287,475694.56
2007-08-21,AMG,102.74001,107.12532,101.88812,106.32183,473731.88
2007-08-22,AMG,106.74777,108.63549,106.54448,107.832,323637.56
2007-08-23,AMG,108.53868,109.4293,105.31505,106.767136,361445.22
2007-08-24,AMG,105.80876,110.407036,105.721634,109.86492,454208.25
2007-08-27,AMG,109.8746,109.8746,107.802956,108.99367,352458.16
2007-08-28,AMG,108.083694,108.40316,104.76326,105.54738,392021.9
2007-08-29,AMG,107.12532,108.567726,105.10207,107.793274,282834.25
2007-08-30,AMG,106.283104,110.871704,105.98301,108.422516,341301.8
2007-08-31,AMG,110.213425,111.32669,108.67421,109.63259,328595.97
2007-09-04,AMG,110.46512,112.575485,109.4293,111.41381,356073.66
2007-09-05,AMG,110.358635,110.862015,108.20954,110.484474,244923.3
2007-09-06,AMG,110.358635,111.1718,109.23568,110.36832,307212.94
2007-09-07,AMG,108.03529,110.4748,108.03529,109.27441,407516.84
2007-09-10,AMG,110.14566,110.69745,104.550285,107.134995,526104.75
2007-09-11,AMG,108.422516,111.46222,107.425415,111.20084,481582.62
2007-09-12,AMG,110.358635,110.84266,108.06433,109.19697,331488.34
2007-09-13,AMG,110.261826,111.19116,109.15824,110.36832,460819.4
2007-09-14,AMG,109.40025,111.92689,108.90655,111.016914,292131.22
2007-09-17,AMG,110.38767,111.18148,109.68099,110.60065,345640.38
2007-09-18,AMG,111.04595,115.179565,110.00045,114.19214,549966.94
2007-09-19,AMG,114.82138,117.14472,114.82138,116.57356,407930.03
2007-09-20,AMG,116.68005,117.04792,114.43416,115.27637,259901.73
2007-09-21,AMG,115.837845,116.38963,115.35381,115.82816,277565.97
2007-09-24,AMG,115.315094,119.70039,115.315094,118.24831,474351.66
2007-09-25,AMG,116.84462,118.422554,115.62487,116.00241,566804.8
2007-09-26,AMG,116.22506,120.600685,116.22506,120.30058,537674.3
2007-09-27,AMG,121.00727,122.79818,120.73621,122.75945,458443.53
2007-09-28,AMG,122.94339,123.70815,121.88821,123.437096,314857.12
2007-10-01,AMG,123.03051,125.96372,122.24638,124.91822,549450.44
2007-10-02,AMG,125.36353,126.128296,124.74397,125.70236,310105.34
2007-10-03,AMG,125.67332,125.847565,123.911446,124.17283,612463.2
2007-10-04,AMG,124.78269,125.54747,124.008255,125.25705,949736.3
2007-10-05,AMG,126.71881,127.783676,125.69267,127.3771,370122.38
2007-10-08,AMG,127.3771,127.3771,125.74107,126.273506,214243.33
2007-10-09,AMG,126.81562,128.39355,125.69267,128.29675,285003.53
2007-10-10,AMG,127.628784,128.22899,126.88339,127.93857,113939.44
2007-10-11,AMG,127.98698,129.64235,124.7343,126.59297,299775.38
2007-10-12,AMG,125.77012,132.10123,125.36353,130.61041,664422.9
2007-10-15,AMG,131.65591,132.14961,125.65395,128.16122,327872.88
2007-10-16,AMG,127.27061,128.75174,126.10894,127.56103,255253.25
2007-10-17,AMG,130.08766,130.08766,126.57361,127.4255,294093.9
2007-10-18,AMG,127.14476,128.97438,126.33159,127.919205,165382.62
2007-10-19,AMG,127.79335,128.46132,123.17572,124.45355,307419.53
2007-10-22,AMG,123.911446,126.05086,123.09828,123.65975,543665.7
2007-10-23,AMG,126.19606,128.19026,123.717834,127.29965,336859.94
2007-10-24,AMG,127.14476,130.68785,119.651985,122.61425,1135159
2007-10-25,AMG,123.911446,125.56683,121.06535,122.98211,327149.75
2007-10-26,AMG,123.37901,125.315125,122.44968,124.76334,299052.28
2007-10-29,AMG,124.64716,126.689766,123.4855,125.99277,283660.62
2007-10-30,AMG,125.48939,126.53489,123.86304,124.90855,206185.95
2007-10-31,AMG,126.21543,128.61621,126.00246,127.34805,637978.2
2007-11-01,AMG,125.46034,125.85724,122.43032,124.06634,357829.75
2007-11-02,AMG,124.046974,125.54747,119.35189,121.93661,539843.56
2007-11-05,AMG,119.08084,121.66555,118.69361,120.87174,326027.94
2007-11-06,AMG,121.4913,122.45936,119.03243,122.31415,262380.94
2007-11-07,AMG,120.99759,121.53002,114.85042,115.53774,614942.4
2007-11-08,AMG,117.057594,119.60359,115.034355,118.48064,534988.5
2007-11-09,AMG,118.103096,119.82624,113.892044,116.71877,580027.1
2007-11-12,AMG,116.670364,118.67425,113.64035,114.89883,435407.72
2007-11-13,AMG,114.70521,121.452576,114.70521,121.29769,406793.75
2007-11-14,AMG,127.04796,127.93857,122.45936,122.97243,600377.1
2007-11-15,AMG,123.572624,123.87272,119.30349,120.62005,381485.34
2007-11-16,AMG,120.86206,121.307365,118.12245,120.57165,289445.4
2007-11-19,AMG,119.55518,119.55518,114.50192,115.71199,366713.5
2007-11-20,AMG,115.634544,119.10988,112.17858,115.13116,378076.47
2007-11-21,AMG,113.40801,116.79622,110.91042,113.96949,374874.16
2007-11-23,AMG,114.91818,117.057594,114.33735,116.29282,111770.14
2007-11-26,AMG,115.837845,118.16118,112.97238,113.11759,287689.3
2007-11-27,AMG,113.11759,115.644226,110.503845,115.19892,505031.62
2007-11-28,AMG,115.19892,119.83592,115.19892,119.08084,599344.1
2007-11-29,AMG,119.051796,119.20668,115.18924,117.13504,439229.8
2007-11-30,AMG,119.30349,121.442894,118.55808,120.28123,380865.53
2007-12-03,AMG,119.55518,121.2396,118.18054,119.6423,264550.22
2007-12-04,AMG,119.59391,120.271545,117.3577,118.94531,327149.75
2007-12-05,AMG,121.29769,122.682014,118.48064,122.45936,442845.28
2007-12-06,AMG,120.96855,123.80496,120.10698,123.65007,455654.44
2007-12-07,AMG,123.146675,125.46034,122.24638,124.889175,385100.8
2007-12-10,AMG,125.847565,128.32579,124.8795,126.04117,508337.22
2007-12-11,AMG,126.81562,127.15445,119.36157,120.48452,658328.2
2007-12-12,AMG,123.156364,124.2309,118.809784,120.94919,518667.2
2007-12-13,AMG,119.07115,121.46226,117.07696,120.165054,283756.72
2007-12-14,AMG,119.31317,121.2396,118.470955,118.809784,326529.97
2007-12-17,AMG,118.36447,118.8001,113.088554,113.998535,493255.47
2007-12-18,AMG,114.45352,116.42835,111.64615,114.84074,607504.8
2007-12-19,AMG,116.14762,116.14762,112.42059,115.073074,578064.44
2007-12-20,AMG,114.86979,115.87656,112.60452,112.63357,425594.25
2007-12-21,AMG,113.76619,118.86787,113.76619,117.202805,468463.6
2007-12-24,AMG,118.13213,118.78073,115.35381,117.27057,151643.78
2007-12-26,AMG,116.82526,117.105995,114.889145,116.815575,179224.77
2007-12-27,AMG,116.65101,116.65101,113.940445,114.91818,317026.4
2007-12-28,AMG,114.7633,115.67327,111.33637,111.810715,359792.44
2007-12-31,AMG,111.907524,115.14084,111.32669,113.708115,222507.3
2008-01-02,AMG,114.11469,114.57937,108.38379,108.73229,665146
2008-01-03,AMG,109.05176,111.162125,106.7381,106.97043,548210.9
2008-01-04,AMG,106.16694,106.64129,102.61417,103.03043,693759.94
2008-01-07,AMG,104.356674,105.07304,100.57156,102.43023,785696.56
2008-01-08,AMG,102.87554,103.21436,98.01589,98.13206,1403324.8
2008-01-09,AMG,96.09913,100.77486,96.09913,100.46507,978660.2
2008-01-10,AMG,99.70031,105.34409,99.21628,103.58222,668438.1
2008-01-11,AMG,102.420555,102.420555,96.44763,98.5096,1167698.4
2008-01-14,AMG,98.95491,99.39053,97.783554,98.77097,553789.06
2008-01-15,AMG,97.82228,97.82228,90.658646,93.824196,1392065.1
2008-01-16,AMG,93.969406,94.66641,88.19978,89.8358,2028907
2008-01-17,AMG,89.8842,90.426315,83.27236,84.68573,1858256.1
2008-01-18,AMG,85.07295,89.34209,84.11457,87.71575,1709711.2
2008-01-22,AMG,86.51536,90.99747,84.22106,90.99747,1348369.4
2008-01-23,AMG,88.819336,94.676094,87.405975,93.020706,1607341.4
2008-01-24,AMG,93.485374,102.362465,93.47569,102.362465,1389069.4
2008-01-25,AMG,100.67805,101.617065,91.936485,92.72061,1234739.9
2008-01-28,AMG,93.65963,95.03427,91.29756,95.01491,566598.2
2008-01-29,AMG,95.22788,97.2124,93.069115,96.96071,716692.5
2008-01-30,AMG,94.59865,96.12818,92.18818,94.37599,1560236.9
2008-01-31,AMG,91.20076,95.8184,90.33919,95.247246,1161810.4
2008-02-01,AMG,95.74095,100.145615,94.93746,100.145615,721032.06
2008-02-04,AMG,100.19402,101.16208,97.890045,99.61319,649547.75
2008-02-05,AMG,97.03815,98.69353,95.26661,95.26661,741484.4
2008-02-06,AMG,95.27628,95.663506,93.020706,93.51442,1028979.5
2008-02-07,AMG,93.2724,96.84454,91.5783,96.62189,924842.1
2008-02-08,AMG,96.34115,96.36051,94.03717,95.60543,491602.7
2008-02-11,AMG,95.38277,96.07977,92.933586,95.97329,479723.25
2008-02-12,AMG,96.20562,99.74872,95.92488,98.52896,804083.94
2008-02-13,AMG,98.98395,100.98783,96.466995,100.44572,666902.06
2008-02-14,AMG,100.41668,100.726456,97.47378,97.65771,317751.56
2008-02-15,AMG,97.09624,97.39633,93.91132,96.63157,498213.88
2008-02-19,AMG,97.318886,98.925865,94.143654,95.08267,286139.84
2008-02-20,AMG,93.18528,96.854225,92.846466,96.72837,605645.44
2008-02-21,AMG,97.512505,98.04493,94.35663,95.36341,376836.84
2008-02-22,AMG,94.69545,94.918106,87.50278,89.8358,1941825.5
2008-02-25,AMG,89.855156,94.38567,88.59668,94.104935,728158.75
2008-02-26,AMG,93.94037,96.35083,93.41761,95.72159,1300335.1
2008-02-27,AMG,95.49894,98.451515,94.94714,97.10591,700887.6
2008-02-28,AMG,96.176575,97.09624,94.5212,96.176575,777432.6
2008-02-29,AMG,95.07299,95.07299,90.561844,93.2724,902218.5
2008-03-03,AMG,92.60445,92.85614,90.11653,90.755455,614632.5
2008-03-04,AMG,89.758354,90.426315,86.8445,89.5357,886517
2008-03-05,AMG,89.55506,91.43309,89.11943,90.232704,623826.1
2008-03-06,AMG,89.65187,89.758354,86.02165,86.88322,736939.2
2008-03-07,AMG,86.07973,89.87452,86.07973,86.86386,852118.2
2008-03-10,AMG,86.68961,87.60926,81.80092,82.10101,823814.1
2008-03-11,AMG,85.40209,86.8445,83.814476,86.350784,1089913.9
2008-03-12,AMG,86.42823,88.30627,85.21816,85.2472,800881.6
2008-03-13,AMG,83.253006,86.98971,82.60441,85.81836,881868.5
2008-03-14,AMG,86.80577,86.85418,82.10101,83.253006,1035784.9
2008-03-17,AMG,78.83866,80.58116,75.11163,78.383675,1168318.2
2008-03-18,AMG,79.8648,84.93742,79.62279,84.73413,618248
2008-03-19,AMG,84.70509,86.33143,82.74962,83.59182,644486.06
2008-03-20,AMG,83.02067,86.69929,83.02067,86.50568,784973.5
2008-03-24,AMG,88.99359,92.63349,87.22204,91.25884,736422.7
2008-03-25,AMG,90.85226,95.2182,90.85226,93.64027,1044152.1
2008-03-26,AMG,93.04975,93.57251,87.9384,89.8358,777019.44
2008-03-27,AMG,90.755455,90.803856,85.68283,85.72156,912445.2
2008-03-28,AMG,85.72156,87.02843,84.19202,84.64701,726402.6
2008-03-31,AMG,85.00519,88.37403,85.00519,87.8416,907176.9
2008-04-01,AMG,88.45148,94.143654,88.42243,92.73029,985168.06
2008-04-02,AMG,92.933586,95.45053,89.981,93.37889,630024.1
2008-04-03,AMG,91.984886,94.93746,91.19108,93.872604,503172.25
2008-04-04,AMG,94.288864,95.32469,92.39147,92.49796,471769.16
2008-04-07,AMG,93.74675,97.01879,93.56282,95.25693,786524
2008-04-08,AMG,94.88906,96.00233,93.340164,94.20174,562982.7
2008-04-09,AMG,94.79225,94.79225,89.4873,89.8842,494081.88
2008-04-10,AMG,90.10686,92.90454,88.63541,92.1301,619384.25
2008-04-11,AMG,91.71383,91.71383,87.80287,88.00617,586948.2
2008-04-14,AMG,88.190094,88.34499,86.8445,86.970345,591906.56
2008-04-15,AMG,87.71575,88.69349,85.72156,87.260765,761421.2
2008-04-16,AMG,91.94617,93.882286,90.81354,93.32081,1389689.2
2008-04-17,AMG,92.58508,93.4273,91.01682,93.107834,978040.4
2008-04-18,AMG,94.627686,97.2124,93.921,95.615105,1250854.6
2008-04-21,AMG,95.60543,96.38955,93.959724,95.45053,4972945
2008-04-22,AMG,95.25693,95.25693,91.43309,91.6751,1090637
2008-04-23,AMG,90.561844,92.923904,87.589905,89.64218,2180447.5
2008-04-24,AMG,90.02941,95.08267,89.38081,94.25983,1092083.1
2008-04-25,AMG,93.38857,94.35663,92.081696,93.959724,1101690
2008-04-28,AMG,95.23756,96.273384,93.1756,95.30532,1065535.1
2008-04-29,AMG,95.35373,96.67029,94.41471,96.06042,404934.34
2008-04-30,AMG,96.63157,97.464096,95.17948,96.16689,518563.88
2008-05-01,AMG,95.247246,100.958786,94.45344,100.436035,748818.6
2008-05-02,AMG,101.73323,104.89878,101.58803,103.31117,1017707.44
2008-05-05,AMG,100.45539,104.1437,100.45539,102.323746,720514.56
2008-05-06,AMG,101.5493,102.507675,99.87456,101.65579,538604
2008-05-07,AMG,102.05269,102.20758,98.11269,98.29663,478070.44
2008-05-08,AMG,98.83874,100.08753,97.2124,99.8552,503998.62
2008-05-09,AMG,98.548325,100.63933,97.28985,99.10012,327379.1
2008-05-12,AMG,99.487335,100.813576,98.867775,100.42635,374977.47
2008-05-13,AMG,101.181435,101.752594,98.62576,99.53574,531890.56
2008-05-14,AMG,99.80679,100.49412,98.558,98.96459,616595.2
2008-05-15,AMG,98.741936,100.48444,98.741936,100.39731,376630.25
2008-05-16,AMG,99.34213,101.95589,99.34213,100.21338,569387.25
2008-05-19,AMG,100.19402,101.239525,99.22596,99.9036,567837.75
2008-05-20,AMG,98.91618,98.91618,96.050735,96.563805,558437.5
2008-05-21,AMG,96.24434,96.88326,93.107834,93.117516,639631
2008-05-22,AMG,92.827095,95.15044,92.643166,94.74386,395120.88
2008-05-23,AMG,94.30823,94.443756,92.846466,93.76611,427556.94
2008-05-27,AMG,93.61122,94.85034,92.48828,94.73418,347086.6
2008-05-28,AMG,95.45053,95.77968,93.03039,94.772896,447080.56
2008-05-29,AMG,95.08267,98.558,94.63737,97.02847,462162.3
2008-05-30,AMG,97.231766,99.39053,96.99943,99.22596,766896.06
2008-06-02,AMG,98.75162,99.03236,95.99265,97.09624,401938.66
2008-06-03,AMG,97.783554,98.44184,95.285965,97.25112,677232
2008-06-04,AMG,96.747734,98.58704,95.8184,96.43796,299052.28
2008-06-05,AMG,96.80582,100.44572,96.796135,100.19402,494781.22
2008-06-06,AMG,99.03236,99.03236,95.392456,95.392456,573049.25
2008-06-09,AMG,95.54734,96.33147,92.89486,94.73418,578994.1
2008-06-10,AMG,94.443756,96.80582,93.95005,96.37987,603786.06
2008-06-11,AMG,96.37987,96.78646,92.401146,92.846466,608021.3
2008-06-12,AMG,92.98199,94.763214,91.5783,92.89486,1031033.06
2008-06-13,AMG,93.359535,97.65771,92.74965,97.39633,820921.75
2008-06-16,AMG,97.67707,100.92975,97.48345,99.60351,770925.75
2008-06-17,AMG,100.6006,100.73613,97.35761,97.62866,447183.88
2008-06-18,AMG,96.95103,97.928764,95.518295,97.04783,501209.56
2008-06-19,AMG,97.309204,98.354706,95.799034,98.354706,521043.06
2008-06-20,AMG,97.57059,97.57059,95.26661,97.05751,1346096.8
2008-06-23,AMG,97.73515,97.73515,94.19206,95.053635,902631.7
2008-06-24,AMG,92.61412,94.627686,89.70027,92.76901,1457867
2008-06-25,AMG,92.643166,96.06042,92.556046,93.28209,885174.06
2008-06-26,AMG,90.70705,90.91035,87.56086,87.56086,984238.4
2008-06-27,AMG,87.638306,88.71285,86.28302,88.42243,889719.25
2008-06-30,AMG,86.738014,89.60346,85.5957,87.18332,740761.25
2008-07-01,AMG,85.70219,88.151375,83.42725,86.75738,925254.3
2008-07-02,AMG,87.10588,87.10588,82.60441,82.60441,739418.4
2008-07-03,AMG,83.46597,83.54343,80.687645,82.44951,679827.94
2008-07-07,AMG,82.78833,82.856094,77.64794,80.06809,976697.5
2008-07-08,AMG,79.87448,84.96646,78.906425,84.96646,1348885.9
2008-07-09,AMG,84.617966,84.95679,80.13586,80.310104,934242.44
2008-07-10,AMG,80.09713,81.71379,78.248146,79.54534,695309.44
2008-07-11,AMG,78.335266,79.041954,74.86961,76.39915,1558274.1
2008-07-14,AMG,78.19974,81.70411,73.804756,73.804756,1139187.8
2008-07-15,AMG,72.9335,75.28588,70.27134,72.36235,1320375.2
2008-07-16,AMG,72.64309,78.55792,71.24908,78.55792,1008927
2008-07-17,AMG,76.68957,83.107796,76.68957,80.34883,1589573.9
2008-07-18,AMG,80.98775,80.98775,77.628586,79.15811,848192.8
2008-07-21,AMG,78.92578,80.05841,76.26362,77.851234,776089.75
2008-07-22,AMG,75.411736,83.378845,75.03419,83.378845,927010.44
2008-07-23,AMG,86.834816,90.97811,83.73703,87.60926,2343867.5
2008-07-24,AMG,86.52504,88.54828,82.681854,82.681854,871435.25
2008-07-25,AMG,83.572464,86.76705,82.71089,84.96646,846643.3
2008-07-28,AMG,84.79221,85.95389,80.39723,80.69733,674339.6
2008-07-29,AMG,81.17168,86.88322,81.17168,86.88322,792720.94
2008-07-30,AMG,83.74671,84.93742,79.43885,84.8987,3862887.8
2008-07-31,AMG,83.340126,85.11167,82.21718,83.64023,1153133.1
2008-08-01,AMG,84.22106,84.33723,81.40401,83.79511,621450.25
2008-08-04,AMG,84.11457,85.43114,82.69153,84.617966,1116463.9
2008-08-05,AMG,85.5473,88.37403,84.91806,88.37403,883108.06
2008-08-06,AMG,88.43211,89.06135,86.58312,88.587006,618248
2008-08-07,AMG,87.12524,87.541504,84.55019,84.656685,761731.06
2008-08-08,AMG,83.74671,89.60346,83.74671,89.32272,685289.4
2008-08-11,AMG,88.61604,93.89196,87.94808,92.449554,774746.8
2008-08-12,AMG,91.65575,91.791275,87.50278,88.064255,587051.5
2008-08-13,AMG,87.919044,88.190094,85.07295,86.17654,900462.44
2008-08-14,AMG,85.99261,90.72641,85.88612,90.62961,870195.6
2008-08-15,AMG,90.755455,92.42052,89.89388,91.23948,802017.94
2008-08-18,AMG,91.22012,92.34307,87.00906,87.36725,837137.7
2008-08-19,AMG,86.2443,87.33821,85.39241,85.73123,615872.06
2008-08-20,AMG,86.07005,87.89,85.227844,87.76416,727125.75
2008-08-21,AMG,86.16686,88.26755,86.16686,87.09619,496044.56
2008-08-22,AMG,88.2869,89.72932,87.299484,89.69059,598104.56
2008-08-25,AMG,88.64509,88.9839,86.58312,86.58312,617524.9
2008-08-26,AMG,86.80577,87.94808,85.982925,87.94808,496767.66
2008-08-27,AMG,88.05457,89.60346,86.63152,89.60346,528790.56
2008-08-28,AMG,90.513435,92.67221,89.709946,92.67221,920295.94
2008-08-29,AMG,91.95584,92.594765,91.25884,92.1785,626098.75
2008-09-02,AMG,93.12719,94.956825,90.92002,91.791275,629301
2008-09-03,AMG,91.43309,93.46602,90.658646,93.45634,496767.66
2008-09-04,AMG,92.38179,93.446655,88.9839,89.100075,1041326.9
2008-09-05,AMG,88.38371,90.71673,86.13782,90.31015,1051589.8
2008-09-08,AMG,94.38567,97.32857,90.31015,94.04685,1310768.4
2008-09-09,AMG,93.678986,94.45344,87.56086,88.03521,1697212
2008-09-10,AMG,88.732216,92.2269,86.81546,90.010056,914821.06
2008-09-11,AMG,88.01585,91.02651,86.88322,90.21334,1038367.4
2008-09-12,AMG,88.296585,91.95584,88.296585,90.61993,761834.4
2008-09-15,AMG,86.02165,89.08071,83.73703,84.04681,1805169.4
2008-09-16,AMG,81.70411,88.732216,81.39433,87.9384,2001222.8
2008-09-17,AMG,85.227844,86.88322,76.28299,77.55114,2221712.5
2008-09-18,AMG,80.34883,92.933586,71.762146,92.933586,2710630.5
2008-09-19,AMG,105.01495,111.23957,86.42823,93.90164,1909596
2008-09-22,AMG,92.449554,93.6209,81.83964,83.253006,581163.44
2008-09-23,AMG,82.93354,88.08361,82.623764,86.15718,306283.25
2008-09-24,AMG,87.75447,88.43211,84.288826,85.25688,609054.3
2008-09-25,AMG,85.02455,90.329506,83.01099,83.01099,419912.78
2008-09-26,AMG,83.01099,84.88902,79.87448,83.253006,422495.28
2008-09-29,AMG,82.28494,82.54632,70.1939,71.63631,639920.25
2008-09-30,AMG,78.41271,80.42628,74.29846,80.20362,750058.25
2008-10-01,AMG,79.8648,82.28494,74.01772,78.906425,762350.9
2008-10-02,AMG,78.70313,78.887054,74.43399,74.8309,272297.7
2008-10-03,AMG,76.631485,79.6131,70.52303,72.468834,438842.44
2008-10-06,AMG,73.42721,76.47659,68.62564,74.85026,346570.1
2008-10-07,AMG,75.46981,75.84736,70.66824,70.66824,364337.62
2008-10-08,AMG,69.70019,73.57242,64.2597,68.42235,669277.94
2008-10-09,AMG,68.48043,73.85316,56.592678,56.592678,1461689
2008-10-10,AMG,54.53072,62.89474,50.53264,62.88506,1564265.5
2008-10-13,AMG,65.37297,65.82796,60.881176,65.38265,1185141.6
2008-10-14,AMG,65.78923,67.76407,60.40683,62.517197,1580793.4
2008-10-15,AMG,61.055428,61.55882,55.5859,55.5859,995498
2008-10-16,AMG,56.370026,56.660442,49.26448,50.968266,1932218.6
2008-10-17,AMG,49.42905,53.630424,49.42905,52.323544,1141873.5
2008-10-20,AMG,53.08831,53.310963,50.38743,51.307083,1003658.7
2008-10-21,AMG,50.08733,51.40389,48.160892,48.470673,898293.1
2008-10-22,AMG,47.192837,48.006004,41.674904,42.691364,1588334.2
2008-10-23,AMG,42.207336,42.691364,35.79879,38.005962,1995541.2
2008-10-24,AMG,33.078545,37.212154,32.197613,36.61196,1494641.6
2008-10-27,AMG,36.166653,37.75427,34.792007,34.792007,1105822
2008-10-28,AMG,35.101788,37.434807,32.61388,37.42513,1377293.2
2008-10-29,AMG,36.883015,40.329304,36.670044,39.119232,1699588
2008-10-30,AMG,39.032104,42.420307,39.032104,42.304142,1431113.4
2008-10-31,AMG,41.61682,45.24704,40.658443,44.89854,1038573.94
2008-11-03,AMG,44.2693,47.831753,44.2693,46.834656,927733.5
2008-11-04,AMG,47.78335,48.945023,46.486153,48.519073,1039916.9
2008-11-05,AMG,47.492935,48.06409,42.749447,43.00114,861002
2008-11-06,AMG,42.536476,43.301243,40.12601,40.493874,751401.1
2008-11-07,AMG,40.745567,41.3264,38.480312,40.058247,765346.56
2008-11-10,AMG,40.881096,41.161835,37.492893,37.95756,730637.94
2008-11-11,AMG,37.15407,37.463852,33.61098,35.459972,1675106
2008-11-12,AMG,33.349606,35.5955,32.9527,33.068867,1715702.6
2008-11-13,AMG,32.91398,32.91398,26.137571,30.513193,3108491
2008-11-14,AMG,29.700026,32.507397,28.857813,28.973982,1452288.8
2008-11-17,AMG,28.557716,29.274078,27.008823,27.115309,1348472.6
2008-11-18,AMG,26.863615,27.705826,25.624498,26.63128,1129684.1
2008-11-19,AMG,26.137571,26.47639,22.739687,22.884895,1641223.8
2008-11-20,AMG,22.158852,22.158852,18.63512,18.751287,2203070
2008-11-21,AMG,18.489912,19.806469,17.357283,18.383425,2592096.2
2008-11-24,AMG,19.46765,22.265337,18.228535,21.655462,2039340.2
2008-11-25,AMG,22.226614,23.427008,21.239197,22.594479,2347945.8
2008-11-26,AMG,22.265337,27.221796,21.66514,27.086267,1689671.2
2008-11-28,AMG,27.105629,27.367004,25.934278,27.105629,876290.3
2008-12-01,AMG,25.779388,25.992363,22.29438,22.304062,1270378.2
2008-12-02,AMG,22.846172,25.43089,21.78131,25.130789,1619530.8
2008-12-03,AMG,23.775509,27.047546,22.2847,26.863615,1440202.8
2008-12-04,AMG,26.031084,28.780369,25.217915,26.999142,1393924.5
2008-12-05,AMG,26.573198,29.748426,24.9759,29.361204,1382355
2008-12-08,AMG,30.561596,33.669064,30.232456,33.020466,1330808.5
2008-12-09,AMG,32.09113,34.666164,31.607101,32.342823,1005104.9
2008-12-10,AMG,32.594517,35.692303,31.810392,35.527737,1465924.2
2008-12-11,AMG,33.756187,35.479332,31.384443,31.897518,1327783.9
2008-12-12,AMG,30.977861,32.42027,30.077566,32.11049,1182263.6
2008-12-15,AMG,32.16857,32.16857,30.329262,31.258598,1370992
2008-12-16,AMG,31.994322,36.07953,31.829754,36.07953,1201270.8
2008-12-17,AMG,35.411568,38.236362,34.85977,37.347687,1352212.1
2008-12-18,AMG,37.822033,37.851074,34.007885,35.082428,855733.7
2008-12-19,AMG,35.130833,36.089207,34.12405,35.62454,1353121.1
2008-12-22,AMG,35.382526,35.82783,32.6042,33.97884,703986.6
2008-12-23,AMG,34.414467,35.459972,33.775547,34.40479,1288042.4
2008-12-24,AMG,34.61776,35.305084,33.756187,35.227634,269259.66
2008-12-26,AMG,35.382526,36.050488,34.608078,35.95368,493048.88
2008-12-29,AMG,35.885918,36.544197,35.256676,36.002083,858730.44
2008-12-30,AMG,36.418346,39.177315,36.26346,39.12891,803670.7
2008-12-31,AMG,39.235397,41.12311,39.032104,40.580997,838482.7
2009-01-02,AMG,40.658443,42.352547,38.91594,42.052444,554202.25
2009-01-05,AMG,41.65554,43.59166,40.890778,42.59456,1024112
2009-01-06,AMG,43.28188,45.663303,42.981785,45.401928,1474291.6
2009-01-07,AMG,44.90822,45.121193,42.662323,43.07859,1723656.8
2009-01-08,AMG,42.59456,45.43097,42.023403,45.05343,1112020
2009-01-09,AMG,45.41161,45.41161,43.117313,43.669106,1025971.4
2009-01-12,AMG,43.61102,43.80463,37.763947,38.654564,1083096.1
2009-01-13,AMG,38.22862,38.91594,36.844296,38.364147,1473258.6
2009-01-14,AMG,37.463852,37.986603,35.159874,35.672943,1322234.6
2009-01-15,AMG,35.731026,37.492893,33.456093,35.411568,1138464.6
2009-01-16,AMG,37.057266,38.577118,35.14051,38.005962,1310355.1
2009-01-20,AMG,36.12793,37.202477,33.165672,33.446407,1336076.8
2009-01-21,AMG,33.543217,38.199574,33.543217,37.996284,1605378.8
2009-01-22,AMG,36.515156,37.173435,34.491913,35.004982,1214286.5
2009-01-23,AMG,33.62066,37.60906,33.427048,37.221836,1159744.4
2009-01-26,AMG,37.5897,38.72233,35.944,36.96046,600193.25
2009-01-27,AMG,37.41545,38.470634,36.379627,38.141495,428073.44
2009-01-28,AMG,40.852055,42.846252,39.119232,42.59456,1791111.4
2009-01-29,AMG,41.61682,42.197655,39.825912,40.12601,1391651.9
2009-01-30,AMG,39.854954,41.645863,37.80267,38.906258,1305603.4
2009-02-02,AMG,37.676823,40.377705,37.057266,39.95176,1055411.8
2009-02-03,AMG,40.416428,41.529697,39.19668,40.939182,955727.7
2009-02-04,AMG,41.2296,42.652645,40.61972,41.171513,1031239.7
2009-02-05,AMG,42.207336,45.78915,42.207336,45.208317,3092892.8
2009-02-06,AMG,45.034065,47.386448,45.034065,46.979862,1717252.1
2009-02-09,AMG,46.979862,47.43485,46.06021,46.58296,1309528.8
2009-02-10,AMG,46.379665,47.976963,42.730087,43.28188,2241911.8
2009-02-11,AMG,43.73687,45.38257,43.37869,44.927578,1023768
2009-02-12,AMG,42.95274,45.547134,42.76881,45.295444,1279571.9
2009-02-13,AMG,45.28576,45.76979,42.536476,43.320602,1351261.8
2009-02-17,AMG,41.75235,42.10569,39.399967,40.184093,1496377
2009-02-18,AMG,40.745567,41.29736,38.809452,40.329304,1548564
2009-02-19,AMG,41.432888,41.732986,37.78331,38.044685,1698388.6
2009-02-20,AMG,37.057266,39.893677,36.10857,38.732006,2098634.2
2009-02-23,AMG,39.370922,39.854954,35.353485,35.363163,1410349.1
2009-02-24,AMG,35.721348,39.380608,34.898495,39.216034,1637298.2
2009-02-25,AMG,38.712646,39.012745,35.847195,37.076626,1358182.9
2009-02-26,AMG,37.00886,38.025322,36.147293,36.93142,1436690.5
2009-02-27,AMG,35.169556,36.48611,34.40479,34.830734,1477240.8
2009-03-02,AMG,34.036926,34.327343,32.381546,32.63324,1597735.6
2009-03-03,AMG,32.73005,32.91398,31.016584,31.345724,1678781.4
2009-03-04,AMG,32.323463,34.898495,31.64582,33.93044,2549227
2009-03-05,AMG,32.6042,33.262478,29.738747,30.2615,1174516.2
2009-03-06,AMG,30.648722,31.49093,27.095947,28.712605,1574232.9
2009-03-09,AMG,28.383465,29.62258,27.909117,28.257618,1125965.4
2009-03-10,AMG,29.33216,32.691326,28.925577,32.64292,1665395.8
2009-03-11,AMG,32.96238,36.48611,32.652603,35.98272,1898233
2009-03-12,AMG,35.789112,39.332203,34.5984,39.051468,1297339.4
2009-03-13,AMG,39.535496,40.929497,38.16085,39.971123,1103756
2009-03-16,AMG,40.90046,41.336086,37.967243,38.22862,1589264
2009-03-17,AMG,37.967243,39.487095,36.989502,39.44837,1214803
2009-03-18,AMG,38.72233,42.139572,38.654564,41.88788,1673040
2009-03-19,AMG,42.362225,43.165714,40.871418,40.94886,1683334.8
2009-03-20,AMG,41.12311,41.587776,38.78041,39.12891,1016571.1
2009-03-23,AMG,41.384487,45.566498,40.658443,45.38257,1534928.4
2009-03-24,AMG,44.104733,45.450333,42.478394,42.478394,1392271.8
2009-03-25,AMG,43.07859,44.9179,40.59068,43.6207,1638537.9
2009-03-26,AMG,44.57908,45.721386,42.95274,45.58586,1007170.9
2009-03-27,AMG,44.75333,45.847237,42.81721,42.836575,1140633.9
2009-03-30,AMG,41.5781,41.59746,37.80267,38.044685,1628931
2009-03-31,AMG,39.012745,41.016624,38.22862,40.377705,1028450.6
2009-04-01,AMG,39.545174,41.529697,38.72233,41.2296,930577.4
2009-04-02,AMG,42.517113,44.811413,41.645863,44.075687,1485138
2009-04-03,AMG,44.133774,45.063107,43.26252,44.888855,1604035.9
2009-04-06,AMG,44.007923,44.782368,43.533577,44.337063,547694.4
2009-04-07,AMG,43.059227,43.59166,41.14247,41.171513,674133.06
2009-04-08,AMG,41.723305,43.42709,39.9324,43.12699,1103756
2009-04-09,AMG,44.90822,49.128952,44.59844,49.070866,1474911.4
2009-04-13,AMG,48.180256,50.522953,48.06409,49.816273,1097454.8
2009-04-14,AMG,48.75141,50.2519,46.2151,46.29254,1174412.9
2009-04-15,AMG,45.88596,49.361286,45.150234,49.070866,603372.8
2009-04-16,AMG,49.913082,50.10669,47.037945,48.151215,890442.4
2009-04-17,AMG,48.015682,49.128952,46.863697,48.56748,845093.9
2009-04-20,AMG,47.066986,47.357403,42.48807,42.672005,1221827.4
2009-04-21,AMG,41.09407,45.856915,41.09407,45.83755,991882.56
2009-04-22,AMG,44.75333,47.96728,44.288662,45.643944,948600
2009-04-23,AMG,46.892735,47.2606,44.95662,46.979862,889719.25
2009-04-24,AMG,47.386448,48.40291,45.59554,47.667187,695102.9
2009-04-27,AMG,46.44743,47.502613,45.24704,45.643944,721960.75
2009-04-28,AMG,44.6178,45.450333,43.07859,43.25284,1222034
2009-04-29,AMG,44.559715,53.475536,44.550037,53.44649,2995481.2
2009-04-30,AMG,54.02733,59.341965,53.40777,55.034107,2199296.5
2009-05-01,AMG,55.111553,55.905357,53.09799,54.230618,1100037.2
2009-05-04,AMG,55.034107,59.03219,54.976025,58.877296,1279262
2009-05-05,AMG,58.08349,59.283882,56.950863,57.328407,1239285
2009-05-06,AMG,58.461033,59.148354,56.050568,59.148354,1522119.2
2009-05-07,AMG,59.990566,61.08447,54.62752,55.09219,1686572.2
2009-05-08,AMG,55.769833,57.74467,55.256763,57.60914,1594325.6
2009-05-11,AMG,56.069927,57.45425,54.840496,54.95666,1074109
2009-05-12,AMG,55.74079,56.679806,53.020546,54.966343,1013413.25
2009-05-13,AMG,53.485214,53.57234,50.261578,50.42615,1005311.5
2009-05-14,AMG,49.89372,53.5917,49.380646,53.11735,1221001
2009-05-15,AMG,52.95278,53.291603,51.248997,52.013763,908829.7
2009-05-18,AMG,53.688503,56.621723,53.61106,56.457153,1476139.6
2009-05-19,AMG,55.9344,55.9344,53.436813,53.543297,977937.1
2009-05-20,AMG,54.695286,55.56654,52.06217,52.497795,972672.94
2009-05-21,AMG,51.578136,52.58492,50.823055,52.294502,666075.7
2009-05-22,AMG,52.526836,52.875336,51.210278,51.46197,599344.1
2009-05-26,AMG,51.47165,55.159954,51.181232,54.79209,1073413.8
2009-05-27,AMG,53.87244,55.45037,52.507477,52.61396,1254780
2009-05-28,AMG,53.05927,54.74369,52.44939,53.669144,624136.06
2009-05-29,AMG,54.94698,54.94698,53.09799,54.317745,850568.75
2009-06-01,AMG,55.22772,59.312923,54.879215,57.89956,1200708.9
2009-06-02,AMG,57.89956,60.155132,57.19288,58.373905,775469.94
2009-06-03,AMG,57.657547,58.490074,57.09607,57.657547,929010.3
2009-06-04,AMG,58.20934,58.877296,57.76403,58.606243,999630
2009-06-05,AMG,59.012825,60.503635,56.6314,57.41553,702747
2009-06-08,AMG,56.505554,56.815334,54.995384,56.350666,804703.7
2009-06-09,AMG,56.74757,57.19288,54.74369,56.73789,1116565.1
2009-06-10,AMG,57.202557,57.68659,56.22482,57.347767,861725.06
2009-06-11,AMG,57.19288,57.357445,55.208355,56.011845,1242797.2
2009-06-12,AMG,55.75047,56.6314,54.869537,56.6314,641387.06
2009-06-15,AMG,57.860836,58.606243,56.921818,57.347767,954694.7
2009-06-16,AMG,57.822113,58.53848,55.73111,56.176414,618764.5
2009-06-17,AMG,56.128014,57.27032,54.8889,55.04379,876910.1
2009-06-18,AMG,55.053467,56.75725,54.90826,56.360348,512056
2009-06-19,AMG,56.86374,57.522015,55.992485,56.854057,854390.8
2009-06-22,AMG,56.08929,56.098972,51.868557,52.06217,811005
2009-06-23,AMG,52.294502,53.03991,51.558777,52.517155,632296.7
2009-06-24,AMG,53.049587,54.114452,52.178337,53.57234,588601
2009-06-25,AMG,53.543297,54.48231,53.10767,53.91116,590564.7
2009-06-26,AMG,53.494892,56.311943,53.127033,56.147373,737042.5
2009-06-29,AMG,55.663345,56.79597,54.869537,56.37971,489949.9
2009-06-30,AMG,56.350666,56.38939,54.29838,56.331303,647894.94
2009-07-01,AMG,56.41843,57.386486,55.992485,56.970222,581473.3
2009-07-02,AMG,56.166737,56.592678,55.14059,56.098972,736625.2
2009-07-06,AMG,55.87632,56.069927,54.550076,55.75047,652543.44
2009-07-07,AMG,55.77951,56.186096,53.69819,53.707867,1259738.4
2009-07-08,AMG,53.969242,54.346786,50.290623,51.587822,1193006.9
2009-07-09,AMG,52.168655,52.826935,51.09411,51.655586,765759.75
2009-07-10,AMG,50.75529,51.887917,50.590717,50.98762,427143.75
2009-07-13,AMG,51.626545,53.340004,50.80369,53.27224,779188.7
2009-07-14,AMG,53.11735,54.46295,52.57524,54.443592,502345.84
2009-07-15,AMG,55.150276,56.71853,54.62752,56.61204,870815.44
2009-07-16,AMG,56.476513,56.854057,55.363247,56.524918,505238.22
2009-07-17,AMG,56.641083,57.74467,55.663345,57.212234,559677.1
2009-07-20,AMG,57.502655,59.922802,57.502655,59.593662,751401.1
2009-07-21,AMG,60.097054,60.92958,59.680786,60.05833,944881.25
2009-07-22,AMG,59.487175,60.958626,58.877296,60.523,385100.8
2009-07-23,AMG,60.07769,62.778572,59.58398,62.38167,469496.6
2009-07-24,AMG,61.626583,61.93636,60.339066,61.568497,315683.5
2009-07-27,AMG,61.307125,62.73017,60.803734,61.40393,607091.6
2009-07-28,AMG,60.987663,61.58786,59.661427,60.70693,487780.6
2009-07-29,AMG,61.616905,62.100933,60.08737,60.881176,823710.8
2009-07-30,AMG,61.54914,64.71468,61.54914,64.33714,1027830.8
2009-07-31,AMG,64.37587,65.09223,63.2626,63.911198,1002128.8
2009-08-03,AMG,66.03125,66.766975,64.734055,65.818275,986820.9
2009-08-04,AMG,65.53754,67.45429,65.150314,66.32167,903354.8
2009-08-05,AMG,66.17646,68.00609,66.089325,67.63823,593766
2009-08-06,AMG,67.74471,69.03223,65.6537,66.02156,658431.5
2009-08-07,AMG,67.30908,67.86088,66.27326,66.77666,550793.4
2009-08-10,AMG,66.36039,66.892815,64.31779,65.159996,326529.97
2009-08-11,AMG,65.01479,65.256805,63.49493,63.77567,386960.22
2009-08-12,AMG,63.998325,67.58982,63.765995,65.51818,778672.2
2009-08-13,AMG,66.002205,66.6024,64.37587,65.953804,442432.1
2009-08-14,AMG,65.93444,65.93444,63.39813,63.630466,353077.97
2009-08-17,AMG,62.391346,62.88506,59.690468,59.816315,751091.25
2009-08-18,AMG,60.126095,61.45233,60.07769,61.113514,419396.28
2009-08-19,AMG,59.990566,60.987663,59.816315,60.610123,426523.97
2009-08-20,AMG,60.726288,62.565598,60.532677,61.849236,452968.66
2009-08-21,AMG,62.662407,62.672085,60.92958,61.76211,637978.2
2009-08-24,AMG,61.955723,62.333263,59.651745,59.893757,683430
2009-08-25,AMG,60.019608,61.249043,59.187077,60.668205,667728.5
2009-08-26,AMG,62.139656,64.75341,61.665306,63.12707,1157058.6
2009-08-27,AMG,63.059307,63.43685,61.984764,63.214203,388199.8
2009-08-28,AMG,64.23066,64.5598,63.311005,63.649826,613702.8
2009-08-31,AMG,62.88506,63.39813,61.70403,63.24324,450902.66
2009-09-01,AMG,62.48816,62.88506,59.671104,59.73887,736732.56
2009-09-02,AMG,59.719505,60.329384,58.74177,59.78727,449160
2009-09-03,AMG,60.019608,61.60722,59.661427,61.578182,545421.75
2009-09-04,AMG,61.442654,63.485256,61.055428,63.185154,634282.1
2009-09-08,AMG,63.969284,65.23744,63.55302,64.87926,685186.1
2009-09-09,AMG,64.88894,66.31198,64.056404,65.6537,369915.78
2009-09-10,AMG,65.44073,66.02156,64.27906,65.70211,335826.94
2009-09-11,AMG,65.88604,65.88604,64.114494,64.346825,434478.03
2009-09-14,AMG,63.66918,64.52108,62.98186,64.52108,581370
2009-09-15,AMG,64.85989,66.089325,64.346825,64.88894,639940.9
2009-09-16,AMG,65.37297,65.52786,64.308105,65.44073,682147
2009-09-17,AMG,65.04383,67.01867,64.79214,65.53754,479310.03
2009-09-18,AMG,66.089325,67.07675,65.392334,66.670166,446254.2
2009-09-21,AMG,65.769875,66.21518,64.85989,65.22776,380452.34
2009-09-22,AMG,65.97317,66.02156,64.98574,65.29552,582712.94
2009-09-23,AMG,65.74084,66.53464,64.33714,64.395226,2966040.8
2009-09-24,AMG,64.78245,64.78245,60.813416,61.297443,1390205.8
2009-09-25,AMG,60.85214,60.85214,58.26742,58.296463,942711.94
2009-09-28,AMG,58.674007,61.45233,58.277103,61.287766,622173.4
2009-09-29,AMG,61.239357,62.313908,60.90054,61.897636,627847.6
2009-09-30,AMG,61.75243,63.765995,60.89086,62.933464,647894.94
2009-10-01,AMG,62.643044,62.643044,60.019608,60.019608,564325.56
2009-10-02,AMG,59.60334,61.06511,59.051548,59.312923,345330.5
2009-10-05,AMG,59.74855,62.255817,59.2742,62.17838,465571.2
2009-10-06,AMG,62.904423,63.978962,62.23646,63.09803,395120.88
2009-10-07,AMG,62.73017,63.814392,62.701126,63.630466,354214.25
2009-10-08,AMG,64.2113,65.97317,63.940247,64.85021,410615.8
2009-10-09,AMG,64.87926,66.69921,64.588844,66.68953,334587.34
2009-10-12,AMG,66.57336,67.58982,66.26358,66.64112,359585.84
2009-10-13,AMG,66.54432,66.87346,65.26648,65.74084,251637.77
2009-10-14,AMG,66.989624,71.065155,66.989624,70.8909,789931.9
2009-10-15,AMG,70.12614,71.152275,70.03901,70.9393,542322.8
2009-10-16,AMG,69.85508,70.70697,69.27424,70.2907,467637.2
2009-10-19,AMG,70.17454,71.09419,69.603386,70.629524,262277.62
2009-10-20,AMG,70.58112,71.02643,69.02255,69.17744,337583.03
2009-10-21,AMG,68.72245,69.43881,67.425255,67.43494,397703.38
2009-10-22,AMG,67.60918,67.66727,65.94412,66.379745,722787.1
2009-10-23,AMG,66.6508,66.93154,64.75341,65.17936,505651.44
2009-10-26,AMG,65.40201,65.673065,63.311005,63.340046,629404.3
2009-10-27,AMG,63.465893,64.201614,61.955723,62.8657,896743.6
2009-10-28,AMG,62.681767,62.94314,60.126095,60.484276,1020703.1
2009-10-29,AMG,61.12319,64.46299,61.12319,64.22098,588187.8
2009-10-30,AMG,63.504616,63.959602,60.842453,61.462013,1009256.5
2009-11-02,AMG,62.17838,63.417492,60.784374,62.662407,434994.53
2009-11-03,AMG,60.06801,61.484955,59.806633,61.37489,841125.06
2009-11-04,AMG,61.839558,62.681767,60.697247,60.92958,439023.22
2009-11-05,AMG,61.578182,63.49493,61.520096,63.37877,561536.5
2009-11-06,AMG,62.265503,64.61788,62.17838,64.00801,413404.9
2009-11-09,AMG,65.10191,66.2055,65.10191,66.17646,724956.44
2009-11-10,AMG,65.9054,67.44461,65.818275,67.12515,645105.9
2009-11-11,AMG,67.76407,68.9935,67.570465,68.58692,1147141.8
2009-11-12,AMG,68.64501,68.838615,67.41557,67.74471,400182.56
2009-11-13,AMG,67.97704,68.39331,66.6508,67.49302,521070.97
2009-11-16,AMG,67.79311,69.642105,67.79311,68.40299,639941.94
2009-11-17,AMG,68.11257,68.63532,67.12515,67.367165,558747.44
2009-11-18,AMG,67.56078,67.87056,66.63145,67.2994,601926.6
2009-11-19,AMG,66.54432,66.81537,64.675964,65.09223,702333.8
2009-11-20,AMG,64.43395,65.01479,64.19193,64.86958,490776.28
2009-11-23,AMG,66.108696,66.621765,65.52786,65.963486,447080.56
2009-11-24,AMG,66.03125,66.03125,64.63724,65.24712,364647.5
2009-11-25,AMG,65.32457,65.9054,64.69533,65.27616,370432.28
2009-11-27,AMG,62.57528,63.58206,61.287766,62.188053,260801.48
2009-11-30,AMG,62.19774,63.301323,61.771793,63.12707,649237.9
2009-12-01,AMG,63.32069,63.601418,62.217094,63.359406,526414.6
2009-12-02,AMG,63.107716,64.43395,62.95282,63.417492,417021.44
2009-12-03,AMG,63.795036,64.77277,62.07189,62.17838,388096.5
2009-12-04,AMG,63.533653,63.611103,61.442654,62.710808,494598.38
2009-12-07,AMG,62.38167,62.468792,61.355526,61.917,583324.44
2009-12-08,AMG,61.055428,62.401028,60.40683,62.19774,526104.75
2009-12-09,AMG,61.878277,61.994446,60.823097,61.481373,459683.12
2009-12-10,AMG,61.994446,63.00123,61.917,62.991547,654816
2009-12-11,AMG,63.14644,63.349728,62.410713,62.856018,353042.84
2009-12-14,AMG,63.611103,63.611103,62.28486,62.662407,495218.2
2009-12-15,AMG,62.34295,62.759212,62.159016,62.565598,368572.9
2009-12-16,AMG,62.875374,64.09513,62.797935,63.969284,505444.84
2009-12-17,AMG,63.107716,64.10481,63.107716,63.843433,465777.78
2009-12-18,AMG,64.18226,64.71468,63.824074,64.56947,586535
2009-12-21,AMG,65.23744,65.9054,64.9567,65.53754,456170.94
2009-12-22,AMG,65.953804,66.43783,65.91508,66.26358,310415.22
2009-12-23,AMG,66.108696,66.79601,65.73115,66.67985,226329.38
2009-12-24,AMG,66.78633,67.12515,66.45719,66.78633,77164.78
2009-12-28,AMG,67.047714,67.39621,65.79891,65.89572,315786.8
2009-12-29,AMG,65.91508,66.234535,65.29552,65.30521,238725.33
2009-12-30,AMG,65.01479,65.46977,64.61788,65.111595,222197.39
2009-12-31,AMG,65.10191,65.70211,64.966385,65.198715,412991.72
2010-01-04,AMG,65.78923,66.854095,65.711784,66.67985,316153.53
2010-01-05,AMG,66.58304,67.280045,66.089325,67.21228,335312.5
2010-01-06,AMG,66.999306,69.18712,66.999306,68.52884,502242.53
2010-01-07,AMG,68.19969,68.77085,67.73503,68.21906,448320.16
2010-01-08,AMG,67.802795,68.43204,67.09611,67.58982,395384.3
2010-01-11,AMG,67.99641,68.37395,67.24132,68.04481,390575.72
2010-01-12,AMG,67.31876,68.41267,66.766975,67.54141,334626.6
2010-01-13,AMG,68.09321,68.30618,67.52206,68.267456,477244.06
2010-01-14,AMG,67.948006,68.228745,66.86378,67.00899,789622
2010-01-15,AMG,66.892815,67.26068,65.54722,65.59563,475945.56
2010-01-19,AMG,65.59563,66.43783,65.09223,66.11838,395017.6
2010-01-20,AMG,65.45042,65.78923,64.13385,64.98574,493255.47
2010-01-21,AMG,64.92766,65.38265,63.54334,63.843433,582919.5
2010-01-22,AMG,63.736946,64.13385,63.25292,63.746628,1106131.9
2010-01-25,AMG,64.52108,65.54722,63.746628,63.901524,997667.3
2010-01-26,AMG,63.591743,63.727272,61.09415,61.210316,826809.8
2010-01-27,AMG,61.152233,62.275185,61.04575,61.858917,1199927.9
2010-01-28,AMG,62.06221,62.226776,59.74855,59.806633,1149001.2
2010-01-29,AMG,60.203537,61.491055,58.61592,58.635284,921605.75
2010-02-01,AMG,59.167713,63.107716,58.72241,62.07189,1279487.1
2010-02-02,AMG,62.856018,63.911198,62.517197,63.37877,706656.94
2010-02-03,AMG,62.98186,64.056404,62.962505,63.746628,597897.94
2010-02-04,AMG,63.03027,63.49493,61.316803,61.316803,665765.75
2010-02-05,AMG,61.239357,61.70403,58.964424,61.674984,558540.8
2010-02-08,AMG,61.68467,62.07189,60.464912,60.503635,498420.47
2010-02-09,AMG,61.54914,61.54914,59.96152,60.455235,596451.75
2010-02-10,AMG,64.075775,67.5027,64.03705,65.36328,1973538.4
2010-02-11,AMG,65.01479,66.147415,65.005104,65.69243,672893.44
2010-02-12,AMG,64.65661,66.56368,64.04673,66.515274,659361.2
2010-02-16,AMG,67.328445,67.68662,66.38943,67.183235,430139.44
2010-02-17,AMG,67.75439,67.76407,66.84442,67.54141,445944.28
2010-02-18,AMG,67.47365,67.47365,66.06997,66.234535,679814.5
2010-02-19,AMG,65.98285,67.26068,65.98285,66.68953,508233.94
2010-02-22,AMG,67.192924,69.09999,66.621765,68.606285,777639.25
2010-02-23,AMG,68.52884,69.09999,67.47365,68.09321,844990.56
2010-02-24,AMG,68.16098,68.74181,67.889915,68.45139,324877.16
2010-02-25,AMG,67.5995,68.47076,67.06707,68.36427,316200
2010-02-26,AMG,68.28683,69.05159,67.696304,68.85797,364750.8
2010-03-01,AMG,68.87734,69.98093,68.73213,69.90348,484681.62
2010-03-02,AMG,70.00028,71.917046,69.96156,71.56854,708738.4
2010-03-03,AMG,71.529816,73.098076,71.07483,72.100975,721031.06
2010-03-04,AMG,72.13001,74.879295,72.11065,74.34687,1028244
2010-03-05,AMG,75.20844,75.58598,73.9306,75.46013,783217.4
2010-03-08,AMG,75.25684,75.88608,74.90834,74.98579,510506.5
2010-03-09,AMG,74.68569,75.27621,74.133896,74.47272,520939.78
2010-03-10,AMG,74.356544,74.753456,73.67891,74.32751,734769.9
2010-03-11,AMG,73.95965,74.5308,73.175514,74.47272,466932.7
2010-03-12,AMG,74.85026,75.56662,74.501755,75.547264,464848.1
2010-03-15,AMG,75.4795,76.157135,73.43689,74.36623,593662.7
2010-03-16,AMG,74.317825,75.34397,73.756355,75.24716,395327.47
2010-03-17,AMG,75.59566,77.24136,75.48918,76.525,639734.3
2010-03-18,AMG,76.670204,77.03807,76.20554,76.825096,362994.72
2010-03-19,AMG,76.93159,78.49016,76.18617,76.20554,718138.7
2010-03-22,AMG,75.51822,77.144554,75.29556,77.06711,529720.25
2010-03-23,AMG,77.05743,78.03517,76.74765,77.88996,411545.53
2010-03-24,AMG,77.40593,78.46112,77.289764,77.56082,708015.3
2010-03-25,AMG,78.39336,78.82898,77.21232,77.26072,530236.75
2010-03-26,AMG,77.67699,78.654724,77.299446,78.190056,602856.3
2010-03-29,AMG,78.34495,78.60632,77.50273,78.12229,424871.16
2010-03-30,AMG,78.32559,78.48048,77.00903,77.222,479000.16
2010-03-31,AMG,77.16392,77.46401,76.26362,76.47659,455654.44
2010-04-01,AMG,77.41561,78.69345,77.36721,78.664406,720101.4
2010-04-05,AMG,79.15811,80.164894,78.741844,79.83576,416917.1
2010-04-06,AMG,79.23556,81.00711,78.30622,81.00711,673100.06
2010-04-07,AMG,80.62956,80.929665,79.2162,79.89384,496664.38
2010-04-08,AMG,79.38077,79.46789,78.25782,78.509514,603372.8
2010-04-09,AMG,78.70313,78.83866,77.706024,78.69345,474971.47
2010-04-12,AMG,78.993546,78.993546,77.50273,77.8706,483132.12
2010-04-13,AMG,77.84156,78.82898,77.5221,78.62569,259281.94
2010-04-14,AMG,79.2646,80.29075,78.383675,80.25202,623929.44
2010-04-15,AMG,79.80672,81.44273,79.70023,81.31689,385720.62
2010-04-16,AMG,81.13295,81.89772,78.8677,80.14554,715095.44
2010-04-19,AMG,79.564705,81.17168,78.848335,79.66151,457720.44
2010-04-20,AMG,80.11649,80.67796,79.49694,80.5134,338822.62
2010-04-21,AMG,80.794136,81.52986,80.222984,81.123276,428486.66
2010-04-22,AMG,80.2617,82.08165,79.64214,81.878365,416090.7
2010-04-23,AMG,82.255905,82.81738,81.77187,82.66248,379935.84
2010-04-26,AMG,82.56568,82.73025,79.90352,79.90352,765656.5
2010-04-27,AMG,79.19684,80.222984,76.97031,78.70313,985168.06
2010-04-28,AMG,80.077774,81.62666,79.75831,80.75541,669691.2
2010-04-29,AMG,81.452415,85.1988,81.22977,84.26947,577134.75
2010-04-30,AMG,84.21138,84.21138,81.491135,81.491135,679607.94
2010-05-03,AMG,81.54922,82.92387,80.832855,82.60441,771028.06
2010-05-04,AMG,81.29753,81.69443,80.15522,81.08456,567011.4
2010-05-05,AMG,80.222984,81.113594,78.335266,78.48048,755223.2
2010-05-06,AMG,78.34495,79.52598,70.861855,75.314926,1125035.8
2010-05-07,AMG,75.18908,75.25684,71.41365,71.72343,923085
2010-05-10,AMG,75.46013,77.39625,74.94706,77.338165,725266.3
2010-05-11,AMG,76.08937,77.628586,76.08937,76.486275,342024.9
2010-05-12,AMG,77.02839,78.49016,76.47659,78.40303,342024.9
2010-05-13,AMG,77.96741,78.83866,77.289764,77.289764,274494.88
2010-05-14,AMG,76.66053,76.66053,74.00804,74.65665,329525.66
2010-05-17,AMG,74.95674,75.789276,72.68181,74.4824,389232.8
2010-05-18,AMG,75.42142,75.827995,71.64599,71.897675,476830.84
2010-05-19,AMG,71.45237,73.00127,70.861855,72.614044,621466.8
2010-05-20,AMG,71.007065,71.481415,68.94511,69.01287,554098.94
2010-05-21,AMG,67.6479,70.76505,66.902504,70.56176,533955.5
2010-05-24,AMG,70.08741,70.35847,67.76407,67.802795,428589.94
2010-05-25,AMG,66.660484,67.280045,64.66629,67.183235,769685.1
2010-05-26,AMG,67.71567,68.86766,66.989624,67.39621,448939.97
2010-05-27,AMG,68.5966,71.35557,68.33522,71.32652,620417.25
2010-05-28,AMG,71.007065,71.16196,69.080635,69.36137,597484.75
2010-06-01,AMG,68.71277,69.225845,66.43783,66.54432,685082.8
2010-06-02,AMG,66.912186,68.85797,66.13773,68.78053,537880.9
2010-06-03,AMG,68.4998,69.496895,68.07385,68.76117,370019.1
2010-06-04,AMG,66.950905,68.12225,65.88604,66.01189,451005.97
2010-06-07,AMG,66.40879,67.35749,63.940247,63.959602,602856.3
2010-06-08,AMG,63.959602,64.71468,62.507515,64.46299,433341.72
2010-06-09,AMG,64.734055,65.489136,62.972187,63.27228,394811
2010-06-10,AMG,64.588844,66.002205,63.814392,65.87636,447803.66
2010-06-11,AMG,65.198715,66.41847,65.005104,66.34103,339545.72
2010-06-14,AMG,67.231636,67.95768,65.10191,65.24712,752847.3
2010-06-15,AMG,65.82796,67.08643,65.51818,66.892815,456790.72
2010-06-16,AMG,66.05061,68.06417,66.05061,67.8996,657811.7
2010-06-17,AMG,68.29651,68.48043,66.94122,67.92864,719998.06
2010-06-18,AMG,68.05449,68.05449,67.251,67.52206,433548.3
2010-06-21,AMG,68.39331,68.838615,67.889915,68.3449,709254.9
2010-06-22,AMG,68.28683,68.73213,66.79601,66.88313,390369.1
2010-06-23,AMG,66.86378,66.989624,65.46977,66.06029,357623.12
2010-06-24,AMG,65.69243,65.69243,62.846336,63.165794,833834.2
2010-06-25,AMG,63.475574,65.10191,63.068993,64.78245,445634.38
2010-06-28,AMG,64.65661,64.97607,63.756313,63.824074,301221.56
2010-06-29,AMG,62.265503,63.25292,59.448452,59.816315,896227.1
2010-06-30,AMG,59.535576,59.77759,58.461033,58.828896,900255.8
2010-07-01,AMG,58.55784,59.661427,56.22482,57.79307,1062539.5
2010-07-02,AMG,59.40005,59.40005,57.522015,58.480392,868956.06
2010-07-06,AMG,59.19676,60.06801,57.22192,58.044765,876910.1
2010-07-07,AMG,58.05445,60.76501,57.93828,60.59076,524245.34
2010-07-08,AMG,61.026386,62.536556,60.726288,62.32358,835796.9
2010-07-09,AMG,62.35263,63.853115,61.984764,63.58206,472079.06
2010-07-12,AMG,63.2626,63.872482,62.333263,62.933464,261347.94
2010-07-13,AMG,63.795036,65.30521,63.795036,64.92766,730741.2
2010-07-14,AMG,64.78245,64.821175,63.465893,64.114494,619280.94
2010-07-15,AMG,64.33714,64.33714,61.37489,62.83666,876910.1
2010-07-16,AMG,62.19774,62.28486,60.523,60.668205,728055.44
2010-07-19,AMG,61.09415,61.09415,59.467815,60.21322,458443.53
2010-07-20,AMG,59.158035,60.939262,58.838573,60.90054,539430.4
2010-07-21,AMG,61.22968,61.568497,59.187077,59.390366,499763.34
2010-07-22,AMG,60.329384,62.34295,60.329384,62.05253,494804.97
2010-07-23,AMG,61.93636,63.853115,61.45233,63.843433,826603.25
2010-07-26,AMG,64.08545,67.44461,63.940247,66.912186,1033305.7
2010-07-27,AMG,67.68662,71.529816,67.134834,71.007065,2105658.5
2010-07-28,AMG,70.38751,71.54918,69.61307,69.98093,913994.7
2010-07-29,AMG,70.52303,71.888,68.548195,69.23552,918746.44
2010-07-30,AMG,68.025444,69.13871,67.8996,68.56756,847056.56
2010-08-02,AMG,69.95189,71.04579,69.167755,70.53272,774850.1
2010-08-03,AMG,70.116455,70.50368,69.36137,70.02933,543769
2010-08-04,AMG,70.22294,70.90058,69.2936,70.81345,640664
2010-08-05,AMG,70.41655,70.79409,69.77763,70.639206,646345.44
2010-08-06,AMG,69.584015,70.94898,68.935425,70.06805,467430.6
2010-08-09,AMG,70.397194,71.578224,69.86475,71.191,270644.9
2010-08-10,AMG,70.28102,70.43591,68.90638,69.52594,624962.44
2010-08-11,AMG,67.99641,67.99641,66.21518,66.75729,947876.94
2010-08-12,AMG,65.818275,66.68953,65.61498,66.43783,285933.22
2010-08-13,AMG,66.18614,66.75729,66.002205,66.06997,335310.44
2010-08-16,AMG,65.624664,66.81537,65.5569,65.963486,247402.48
2010-08-17,AMG,66.50559,67.74471,66.21518,67.22196,359585.84
2010-08-18,AMG,67.49302,67.49302,66.22486,66.892815,1545258.4
2010-08-19,AMG,66.48624,66.892815,65.30521,65.84731,398426.47
2010-08-20,AMG,65.61498,66.22486,64.685646,66.03125,301428.16
2010-08-23,AMG,66.36039,66.37006,64.89862,64.966385,358449.53
2010-08-24,AMG,64.36619,64.36619,62.517197,63.049625,631780.2
2010-08-25,AMG,62.69145,63.39813,61.297443,63.03027,637668.3
2010-08-26,AMG,63.311005,64.61788,63.311005,63.659508,607814.7
2010-08-27,AMG,64.26938,65.01479,63.059307,64.85989,511126.3
2010-08-30,AMG,64.53076,64.62756,62.710808,62.73985,452658.75
2010-08-31,AMG,62.614002,63.08835,61.88796,62.159016,734563.3
2010-09-01,AMG,63.156113,66.12805,63.156113,65.98285,425284.38
2010-09-02,AMG,65.58594,67.24132,65.58594,67.17355,455964.34
2010-09-03,AMG,68.01577,69.61307,67.551094,69.458176,510506.5
2010-09-07,AMG,69.02255,69.63242,68.06417,69.129036,618867.75
2010-09-08,AMG,69.216156,70.484314,69.216156,69.78731,296779.7
2010-09-09,AMG,70.64889,71.04579,69.48721,70.12614,334174.12
2010-09-10,AMG,70.17454,70.80377,69.98093,70.53272,236556.03
2010-09-13,AMG,71.30717,73.87251,71.30717,73.72731,607194.94
2010-09-14,AMG,73.72731,74.42431,73.282,73.52402,444704.7
2010-09-15,AMG,73.07871,74.66632,72.81734,74.4824,336859.94
2010-09-16,AMG,74.356544,75.3246,74.15325,74.29846,368159.7
2010-09-17,AMG,74.70505,75.60534,74.36623,75.50854,476520.94
2010-09-20,AMG,75.65375,77.50273,75.36333,77.289764,380039.16
2010-09-21,AMG,77.36721,77.58987,74.94706,75.06323,570420.25
2010-09-22,AMG,74.927704,75.402054,73.136795,73.71763,430655.94
2010-09-23,AMG,73.22392,74.133896,72.58501,72.701164,302771.06
2010-09-24,AMG,73.795074,76.631485,73.795074,76.42819,351528.47
2010-09-27,AMG,76.1765,76.66053,74.91802,75.2278,562569.5
2010-09-28,AMG,75.44077,76.75733,74.49207,76.447556,400492.47
2010-09-29,AMG,76.24426,76.825096,74.94706,75.014824,523315.66
2010-09-30,AMG,75.46981,75.98289,73.94028,75.51822,834040.8
2010-10-01,AMG,76.631485,77.56082,75.44077,77.192955,618144.7
2010-10-04,AMG,77.03807,77.44466,75.827995,76.54436,390059.22
2010-10-05,AMG,78.60632,80.71669,77.53178,79.91321,930729.2
2010-10-06,AMG,79.80672,80.03905,78.92578,79.797035,600480.44
2010-10-07,AMG,80.077774,81.355606,79.93256,80.34883,496664.38
2010-10-08,AMG,80.5134,80.919975,79.70023,80.465,392538.4
2010-10-11,AMG,80.919975,81.89772,80.47467,80.88126,283867.25
2010-10-12,AMG,80.8135,82.27526,80.465,81.64602,405450.84
2010-10-13,AMG,82.18814,85.1504,81.89772,83.5047,625685.56
2010-10-14,AMG,83.46597,84.1533,82.149414,82.69153,364131
2010-10-15,AMG,83.42725,83.717674,81.9074,83.04003,578787.56
2010-10-18,AMG,83.001305,83.89192,83.001305,83.74671,260211.64
2010-10-19,AMG,82.488235,83.253006,80.20362,80.600525,539223.8
2010-10-20,AMG,81.01679,82.74962,81.01679,81.781555,363717.8
2010-10-21,AMG,82.22686,82.856094,80.416595,81.02647,313715.66
2010-10-22,AMG,81.39433,82.70121,81.33624,82.44951,363098
2010-10-25,AMG,84.19202,85.16976,81.43305,82.13005,643246.5
2010-10-26,AMG,81.80092,83.22396,81.258804,82.32367,843544.4
2010-10-27,AMG,81.94613,84.68573,81.742836,84.41467,474661.56
2010-10-28,AMG,84.8987,85.28593,83.717674,84.93742,652956.6
2010-10-29,AMG,84.73413,85.179436,82.343025,82.87546,739832.6
2010-11-01,AMG,83.46597,84.37595,82.962585,83.96936,529307.06
2010-11-02,AMG,84.95679,85.52794,84.608284,84.801895,335517.03
2010-11-03,AMG,84.8503,86.31207,84.44372,86.25398,382828.25
2010-11-04,AMG,87.551186,89.15816,86.86386,88.625725,765140
2010-11-05,AMG,88.5386,89.100075,87.541504,88.05457,716589.2
2010-11-08,AMG,87.72543,88.31595,86.91226,87.967445,448423.47
2010-11-09,AMG,88.22882,88.49988,86.08942,86.50568,439023.22
2010-11-10,AMG,86.52504,88.27723,86.10877,87.86096,521249.66
2010-11-11,AMG,87.08651,87.638306,86.51536,87.04779,302357.88
2010-11-12,AMG,86.41855,86.834816,83.79511,84.49212,471872.47
2010-11-15,AMG,84.859985,86.42823,84.74381,84.995514,391918.6
2010-11-16,AMG,84.037125,85.082634,82.159096,82.49792,457861.94
2010-11-17,AMG,82.57536,83.01099,81.94613,82.83674,449043.25
2010-11-18,AMG,84.01777,86.25398,83.73703,85.86676,525175.06
2010-11-19,AMG,85.49889,86.7961,84.90838,86.7961,368159.7
2010-11-22,AMG,86.46696,87.31885,85.97324,86.747696,580233.75
2010-11-23,AMG,85.73123,85.93452,83.72735,84.33723,702747
2010-11-24,AMG,84.76317,87.31885,84.76317,87.2414,401008.97
2010-11-26,AMG,86.408875,87.299484,86.30238,86.592804,106501.87
2010-11-29,AMG,86.15718,86.62185,84.97614,86.41855,359379.22
2010-11-30,AMG,85.1988,86.10877,84.37595,84.617966,847366.44
2010-12-01,AMG,86.592804,87.80287,85.63442,87.52214,642523.4
2010-12-02,AMG,87.773834,90.668335,87.773834,90.45536,485508
2010-12-03,AMG,89.622826,91.39438,89.27432,91.08459,371465.28
2010-12-06,AMG,91.00715,91.6751,90.232704,91.54926,366197
2010-12-07,AMG,92.94327,94.8213,91.51054,92.01393,436027.53
2010-12-08,AMG,92.20754,93.04007,92.20754,92.95294,295230.2
2010-12-09,AMG,93.60155,93.775795,92.168816,93.76611,427763.56
2010-12-10,AMG,94.13397,95.91521,92.91422,95.35373,708635.1
2010-12-13,AMG,95.8184,95.8184,93.340164,93.61122,740348.06
2010-12-14,AMG,93.89196,94.017815,92.459236,92.75933,411958.72
2010-12-15,AMG,92.71093,95.89584,92.643166,93.68867,504618.44
2010-12-16,AMG,93.84356,95.44085,93.36921,95.38277,369089.4
2010-12-17,AMG,95.45053,96.650925,95.18916,96.089455,849404.56
2010-12-20,AMG,96.37987,96.650925,95.49894,96.22498,577238.06
2010-12-21,AMG,96.67997,98.72257,96.563805,98.60641,463918.4
2010-12-22,AMG,98.635445,98.80001,97.173676,97.9094,387063.53
2010-12-23,AMG,97.928764,98.03525,96.186264,96.62189,389955.9
2010-12-27,AMG,96.176575,96.88326,95.68287,96.88326,254633.45
2010-12-28,AMG,97.14464,97.29953,96.20562,96.55412,137388.44
2010-12-29,AMG,96.709015,97.13496,95.87648,96.52508,169101.4
2010-12-30,AMG,96.62189,96.980064,95.50862,95.62479,242030.9
2010-12-31,AMG,95.67319,96.854225,95.2182,96.050735,286759.62
2011-01-03,AMG,97.11559,99.39053,97.11559,97.464096,595108.9
2011-01-04,AMG,97.52218,97.84164,95.285965,95.85712,291821.3
2011-01-05,AMG,95.62479,96.466995,95.62479,96.07977,326013.47
2011-01-06,AMG,96.52508,96.95103,96.01201,96.80582,426937.16
2011-01-07,AMG,97.086555,98.05461,95.52798,96.40891,297709.38
2011-01-10,AMG,96.10881,100.242424,96.10881,99.952,437163.8
2011-01-11,AMG,100.55221,101.045906,98.94522,99.5067,252050.97
2011-01-12,AMG,100.31986,101.200806,98.548325,101.181435,284177.12
2011-01-13,AMG,101.36537,103.407974,100.69741,102.48832,669174.7
2011-01-14,AMG,102.091415,102.372154,101.06528,101.423454,499246.84
2011-01-18,AMG,101.40409,101.57835,98.267586,100.65869,650064.25
2011-01-19,AMG,100.82326,100.96847,98.4612,98.8581,1062229.5
2011-01-20,AMG,98.64513,99.23564,96.04105,96.98975,668554.9
2011-01-21,AMG,97.13496,98.5096,96.82517,97.24144,596658.4
2011-01-24,AMG,97.24144,98.36439,97.24144,97.73515,429829.53
2011-01-25,AMG,97.43506,97.43506,94.83098,96.44763,645002.56
2011-01-26,AMG,96.54444,99.21628,96.418594,98.13206,534885.2
2011-01-27,AMG,98.27726,101.41377,98.24822,101.239525,371258.7
2011-01-28,AMG,101.60738,102.517365,97.54154,98.51928,502552.44
2011-01-31,AMG,98.80001,99.72935,98.14173,98.57736,424354.66
2011-02-01,AMG,99.400215,100.04881,96.52508,96.8155,1117184.9
2011-02-02,AMG,96.67997,98.9065,95.83776,97.20272,506891.03
2011-02-03,AMG,96.612206,96.650925,93.80484,95.85712,497490.78
2011-02-04,AMG,95.85712,97.231766,95.5667,96.563805,422908.47
2011-02-07,AMG,96.75741,99.49702,96.75741,98.57736,370638.88
2011-02-08,AMG,98.57736,99.08075,97.66739,97.928764,299052.28
2011-02-09,AMG,97.783554,99.17756,97.44474,98.27726,357933.03
2011-02-10,AMG,97.88036,101.471855,97.309204,101.1524,478690.25
2011-02-11,AMG,100.69741,105.295685,100.69741,105.13112,644795.94
2011-02-14,AMG,104.86974,106.81554,104.356674,106.61224,570730.2
2011-02-15,AMG,105.71195,107.25117,105.71195,106.19598,598827.6
2011-02-16,AMG,106.40895,109.25504,106.06045,108.325714,665869.06
2011-02-17,AMG,107.66743,108.228905,107.41573,107.832,490053.2
2011-02-18,AMG,107.97721,108.81942,107.50286,108.61613,227155.77
2011-02-22,AMG,106.45736,108.59676,103.77583,103.7952,745409.75
2011-02-23,AMG,104.163055,104.59869,98.877464,100.96847,610397.2
2011-02-24,AMG,101.44282,102.72065,99.37117,101.26856,453381.84
2011-02-25,AMG,102.13982,103.92104,102.06237,103.58222,300808.38
2011-02-28,AMG,103.58222,104.70518,102.130135,103.34021,229325.06
2011-03-01,AMG,103.320854,103.76616,100.38763,100.44572,269444.56
2011-03-02,AMG,100.203705,102.25598,100.01977,101.13304,243683.7
2011-03-03,AMG,102.788414,105.866844,102.59481,105.7894,388716.3
2011-03-04,AMG,102.74001,106.26374,102.74001,103.98881,369806.28
2011-03-07,AMG,104.20178,105.38281,100.8523,101.5977,229015.16
2011-03-08,AMG,101.713875,103.7952,100.61997,103.23372,240448.36
2011-03-09,AMG,103.20468,104.15337,102.43992,103.71775,238415.42
2011-03-10,AMG,101.83004,102.12045,100.47476,100.70709,341469.16
2011-03-11,AMG,99.87456,101.95589,99.31309,101.64611,210715.64
2011-03-14,AMG,100.668365,101.52026,98.635445,99.46798,229015.16
2011-03-15,AMG,98.925865,98.925865,94.87939,97.48345,552484.4
2011-03-16,AMG,97.20272,97.61898,94.11462,95.26661,503061.72
2011-03-17,AMG,97.06719,98.00621,94.92778,95.42149,392057.03
2011-03-18,AMG,96.73805,97.831955,95.98297,96.97038,406014.84
2011-03-21,AMG,98.558,100.61416,98.19982,100.010086,488135.97
2011-03-22,AMG,100.23274,101.984924,99.913284,101.74291,468969.75
2011-03-23,AMG,101.181435,102.091415,99.37117,101.87844,375700.56
2011-03-24,AMG,102.4496,103.06915,100.70709,102.8465,328348.03
2011-03-25,AMG,103.11755,104.2405,102.17854,102.41087,353761.8
2011-03-28,AMG,102.80778,103.15627,102.06237,102.26566,210834.44
2011-03-29,AMG,102.236626,103.37893,100.93942,102.88522,278805.56
2011-03-30,AMG,103.7952,105.334404,103.5435,104.97623,236556.03
2011-03-31,AMG,104.550285,106.1863,104.25018,105.876526,385649.34
2011-04-01,AMG,106.37023,108.34507,105.32473,107.30925,435467.62
2011-04-04,AMG,107.386696,108.76134,107.386696,108.4806,276636.28
2011-04-05,AMG,107.96753,108.8775,107.34797,108.01593,258794.36
2011-04-06,AMG,108.96462,108.96462,106.476715,108.132095,334690.62
2011-04-07,AMG,107.89008,109.371216,107.37701,108.23858,287966.16
2011-04-08,AMG,109.15824,109.39057,105.50866,106.2347,412888.4
2011-04-11,AMG,105.1892,106.52512,102.31407,102.372154,654200.4
2011-04-12,AMG,101.994606,102.80778,100.31019,100.36827,575275.4
2011-04-13,AMG,100.803894,101.39441,99.14851,100.39731,795748.7
2011-04-14,AMG,99.80679,100.668365,99.05171,99.26469,641496.56
2011-04-15,AMG,99.70999,101.433136,99.31309,101.07496,730692.7
2011-04-18,AMG,99.5551,99.56478,97.33825,98.56768,813736.25
2011-04-19,AMG,99.04203,99.70031,97.5609,98.209496,484451.25
2011-04-20,AMG,100.1553,100.78454,99.51638,99.961685,477240.94
2011-04-21,AMG,100.8523,103.10788,100.20757,102.75938,439834.1
2011-04-25,AMG,102.35279,102.35279,100.37795,101.801,297812.7
2011-04-26,AMG,102.61417,107.657745,102.61417,106.61224,1035268.4
2011-04-27,AMG,106.66065,107.28989,104.00817,105.80876,698201.9
2011-04-28,AMG,105.55706,107.71583,105.256966,105.97333,585963.75
2011-04-29,AMG,105.915245,106.157265,105.2376,105.59579,338132.56
2011-05-02,AMG,106.44768,107.15436,104.87942,105.13112,356203.8
2011-05-03,AMG,104.80198,105.11892,101.78164,102.82714,425958.9
2011-05-04,AMG,102.91426,103.18532,100.48444,101.66547,369382.75
2011-05-05,AMG,100.59093,102.662575,99.89393,100.910385,267520.1
2011-05-06,AMG,102.61417,103.52414,100.62965,101.37505,260369.69
2011-05-09,AMG,101.35569,102.35279,100.59093,101.946205,237589.03
2011-05-10,AMG,102.39151,104.1437,102.34311,103.62095,324591.03
2011-05-11,AMG,103.13692,103.97913,100.813576,101.946205,295540.1
2011-05-12,AMG,101.5009,103.31117,100.23284,102.85618,268689.44
2011-05-13,AMG,102.933624,102.933624,100.61997,100.78454,244406.8
2011-05-16,AMG,100.27147,101.52994,99.23564,99.38085,249897.17
2011-05-17,AMG,98.70321,99.09043,96.7671,98.07397,384717.6
2011-05-18,AMG,98.27726,99.9036,97.44474,99.70999,304527.16
2011-05-19,AMG,100.31986,102.236626,99.99073,102.226944,897655.75
2011-05-20,AMG,101.60738,102.47864,100.87166,101.31697,589262.1
2011-05-23,AMG,100.31019,100.61028,99.23564,100.26179,623970.75
2011-05-24,AMG,100.42635,100.803894,99.777756,100.21338,489846.6
2011-05-25,AMG,99.777756,101.66547,99.34213,100.27147,472404.47
2011-05-26,AMG,99.70999,100.69741,98.51928,100.31986,411854.38
2011-05-27,AMG,100.79422,101.97524,100.06818,101.57835,294610.4
2011-05-31,AMG,102.59481,103.11755,101.12335,102.35279,439023.22
2011-06-01,AMG,101.055595,102.323746,96.466995,96.66061,618248
2011-06-02,AMG,96.53476,97.67707,95.760315,96.99943,496147.88
2011-06-03,AMG,96.09913,96.09913,94.45344,94.93746,489433.4
2011-06-06,AMG,94.35663,95.576385,90.70705,91.21044,649031.25
2011-06-07,AMG,91.74287,92.713936,90.900665,91.607346,485445
2011-06-08,AMG,91.56862,92.24626,91.15236,91.56862,572899.44
2011-06-09,AMG,91.607346,93.678986,91.423416,92.972305,727229
2011-06-10,AMG,92.788376,93.591866,91.752556,92.972305,666798.75
2011-06-13,AMG,92.46891,93.23368,91.86872,92.46891,563809.1
2011-06-14,AMG,93.83388,95.22788,93.29177,94.79225,538707.3
2011-06-15,AMG,93.46602,94.69545,92.19786,92.91422,634156.1
2011-06-16,AMG,92.933586,93.95005,90.39727,92.20754,662460.2
2011-06-17,AMG,93.45634,94.59865,92.643166,92.99167,579200.75
2011-06-20,AMG,92.701256,94.5696,92.314026,93.359535,407103.62
2011-06-21,AMG,93.91132,96.941345,93.65963,96.8155,551516.44
2011-06-22,AMG,95.99265,97.00911,95.25693,95.38277,518602.1
2011-06-23,AMG,94.03717,95.4699,92.14946,95.392456,438610
2011-06-24,AMG,95.373085,95.74095,92.71093,93.04007,497800.66
2011-06-27,AMG,92.8755,94.88906,92.304344,94.47279,362374.9
2011-06-28,AMG,94.60833,96.62189,94.60833,96.25402,322707.88
2011-06-29,AMG,96.80582,98.57736,96.63157,97.80292,492222.5
2011-06-30,AMG,98.06429,98.75162,97.09624,98.209496,324670.56
2011-07-01,AMG,98.43215,100.96847,98.209496,100.87166,489640
2011-07-05,AMG,100.30051,101.00719,98.94522,100.61997,471355.97
2011-07-06,AMG,100.18434,101.62675,99.012985,101.27825,433135.12
2011-07-07,AMG,102.420555,106.16694,102.39151,105.04399,771234.6
2011-07-08,AMG,103.04979,103.195,101.287926,102.59481,530031.2
2011-07-11,AMG,100.54252,100.9007,98.1611,98.4612,411132.3
2011-07-12,AMG,98.1611,99.79711,97.41569,97.61898,485198.12
2011-07-13,AMG,97.977165,100.42635,97.14464,98.07397,409479.53
2011-07-14,AMG,98.354706,99.65191,96.25402,96.49604,429106.44
2011-07-15,AMG,97.125275,97.28985,94.57928,96.834854,513887.5
2011-07-18,AMG,96.20562,96.45731,94.1243,94.87939,450076.25
2011-07-19,AMG,95.88616,97.270485,95.285965,96.47668,506787.72
2011-07-20,AMG,97.01879,97.367294,96.1185,96.96071,477347.34
2011-07-21,AMG,97.793236,100.45539,97.783554,100.04881,731360
2011-07-22,AMG,99.952,101.11367,99.08075,100.30051,476314.34
2011-07-25,AMG,98.29663,100.106895,97.928764,98.925865,422908.47
2011-07-26,AMG,98.65481,104.93751,98.65481,103.504776,1160467.5
2011-07-27,AMG,102.517365,103.00139,99.53574,99.777756,1199411.4
2011-07-28,AMG,99.777756,102.749695,99.487335,100.54252,657501.8
2011-07-29,AMG,99.022675,102.28503,97.64803,100.99751,680124.44
2011-08-01,AMG,102.83682,103.262764,97.48345,99.303406,866270.25
2011-08-02,AMG,98.5096,99.86488,94.36631,94.41471,633949.5
2011-08-03,AMG,94.58897,96.87358,92.6238,96.69933,751091.25
2011-08-04,AMG,95.03427,95.615105,89.17752,89.64218,924118
2011-08-05,AMG,90.8813,90.92002,85.21816,87.35757,1184329.6
2011-08-08,AMG,83.27236,85.5957,76.74765,77.2704,1122453.2
2011-08-09,AMG,79.34205,85.39241,77.51242,85.25688,1286441.2
2011-08-10,AMG,82.18814,84.55988,79.20652,79.35173,1266659.4
2011-08-11,AMG,80.19393,85.082634,78.73217,83.92097,939303.06
2011-08-12,AMG,84.63733,85.87644,83.28204,84.182335,496044.56
2011-08-15,AMG,85.51826,87.20268,84.695404,87.067154,606781.75
2011-08-16,AMG,85.58603,86.13782,82.70121,84.68573,789312.06
2011-08-17,AMG,85.30529,85.88612,81.39433,82.865776,906040.6
2011-08-18,AMG,79.10003,79.10003,73.29168,74.91802,1885320.6
2011-08-19,AMG,73.649864,78.29654,73.649864,74.63728,998493.7
2011-08-22,AMG,78.67409,78.67409,74.15325,74.76314,759148.6
2011-08-23,AMG,74.59856,79.041954,73.5821,78.96451,768140.8
2011-08-24,AMG,78.55792,81.684746,78.05453,80.35851,925667.5
2011-08-25,AMG,80.62956,83.03034,78.49983,79.138756,552756.06
2011-08-26,AMG,78.19974,82.38175,77.44466,81.40401,530133.44
2011-08-29,AMG,83.26269,85.39241,82.82706,84.859985,534368.7
2011-08-30,AMG,84.2501,86.02165,83.524055,84.095215,669794.44
2011-08-31,AMG,85.179436,86.350784,83.33045,84.37595,624652.56
2011-09-01,AMG,84.39531,85.06327,81.965485,82.05261,657501.8
2011-09-02,AMG,79.29365,81.307205,78.654724,79.30332,500796.34
2011-09-06,AMG,76.37979,77.96741,74.68569,77.72539,856870
2011-09-07,AMG,79.44853,83.24332,79.34205,82.58504,714523.2
2011-09-08,AMG,81.76219,82.38175,80.15522,80.48435,713593.5
2011-09-09,AMG,79.46789,81.71379,77.80284,78.64504,894161.1
2011-09-12,AMG,77.06711,79.19684,75.58598,79.138756,718861.75
2011-09-13,AMG,79.564705,81.01679,78.35463,80.09713,692726.94
2011-09-14,AMG,80.9587,83.340126,79.129074,82.0042,572486.25
2011-09-15,AMG,82.89482,84.83093,82.110695,84.714775,533129.1
2011-09-16,AMG,85.27624,85.72156,82.66248,84.91806,506374.53
2011-09-19,AMG,82.57536,83.69831,80.43595,82.82706,473835.16
2011-09-20,AMG,83.39822,84.48243,81.597626,81.70411,562982.7
2011-09-21,AMG,81.62666,82.80769,78.190056,78.19974,675269.3
2011-09-22,AMG,76.195854,77.31881,74.49207,76.02161,830012.1
2011-09-23,AMG,75.411736,78.741844,74.86961,77.26072,881765.2
2011-09-26,AMG,78.248146,80.33914,75.84736,80.05841,572825.06
2011-09-27,AMG,80.8135,85.88612,80.8135,82.13973,1136088.8
2011-09-28,AMG,82.13973,83.06907,77.299446,77.45434,879699.2
2011-09-29,AMG,79.75831,80.794136,77.144554,80.35851,810488.5
2011-09-30,AMG,78.48048,78.68377,75.556946,75.556946,922258.6
2011-10-03,AMG,75.266525,75.924805,70.55208,70.55208,1333081
2011-10-04,AMG,69.56466,75.305244,68.025444,75.04387,1365852.9
2011-10-05,AMG,75.05355,76.525,73.185196,75.89576,859039.3
2011-10-06,AMG,75.450455,77.812515,73.34009,77.63826,621210.6
2011-10-07,AMG,77.996445,78.44175,74.17262,75.36333,724130.06
2011-10-10,AMG,77.473694,81.18136,76.95094,81.14264,619487.56
2011-10-11,AMG,80.06809,82.556,79.5163,81.93644,707395.5
2011-10-12,AMG,82.51727,85.66347,82.255905,84.36627,823607.56
2011-10-13,AMG,83.03034,83.03034,79.23556,81.43305,903664.7
2011-10-14,AMG,82.88514,83.67895,81.065186,82.93354,387373.4
2011-10-17,AMG,82.10101,82.19782,79.87448,80.11649,405657.44
2011-10-18,AMG,81.02647,84.70509,79.70023,84.02745,482822.22
2011-10-19,AMG,83.42725,84.617966,82.06229,82.38175,552549.44
2011-10-20,AMG,82.343025,83.79511,80.2133,83.18524,466295.3
2011-10-21,AMG,84.40499,85.5957,83.4079,84.656685,416400.6
2011-10-24,AMG,85.034225,87.65767,85.034225,87.37693,498318.2
2011-10-25,AMG,86.51536,87.36725,82.94322,84.569565,928122.94
2011-10-26,AMG,86.67025,87.34789,84.00809,86.81546,667728.5
2011-10-27,AMG,90.668335,97.20272,90.658646,95.247246,1088054.5
2011-10-28,AMG,94.78258,95.59574,93.80484,93.959724,577238.06
2011-10-31,AMG,92.081696,92.1785,89.54538,89.65187,689318.06
2011-11-01,AMG,85.43114,88.09329,84.26947,85.66347,998613.56
2011-11-02,AMG,87.71575,89.40985,86.602486,88.69349,589427.4
2011-11-03,AMG,90.097176,91.752556,86.86386,91.28789,544802
2011-11-04,AMG,89.855156,90.842575,88.16106,90.513435,320125.4
2011-11-07,AMG,90.14558,91.08459,88.190094,90.73609,260934.73
2011-11-08,AMG,91.68479,92.60445,89.1388,91.09427,494495.1
2011-11-09,AMG,89.25496,89.25496,85.51826,85.895805,513915.4
2011-11-10,AMG,90.29078,90.30047,85.58603,87.36725,507614.12
2011-11-11,AMG,89.08071,90.1843,88.7903,89.82612,325393.66
2011-11-14,AMG,89.37113,89.94229,87.70607,88.75157,376217.06
2011-11-15,AMG,88.151375,90.39727,87.42533,89.81644,336963.22
2011-11-16,AMG,88.79998,90.57152,88.30627,89.07104,527964.1
2011-11-17,AMG,89.20656,89.564735,85.605385,86.128136,605335.5
2011-11-18,AMG,86.873535,88.190094,85.44082,86.96067,461542.5
2011-11-21,AMG,85.56666,85.56666,82.6528,83.659584,604509.1
2011-11-22,AMG,83.38853,84.07585,81.92676,82.82706,568147.7
2011-11-23,AMG,81.44273,82.633446,79.67119,80.09713,617834.75
2011-11-25,AMG,79.419495,81.10391,78.68377,79.225876,314134.03
2011-11-28,AMG,82.6528,85.750595,82.38175,84.93742,801294.8
2011-11-29,AMG,84.97614,85.81836,84.1533,84.753494,411855.4
2011-11-30,AMG,87.20268,91.69447,87.193,91.54926,757702.4
2011-12-01,AMG,91.05555,91.34597,89.79708,90.04877,427970.16
2011-12-02,AMG,91.4815,94.06621,90.99747,92.61412,720204.6
2011-12-05,AMG,94.51151,96.59284,94.00813,95.03427,506787.72
2011-12-06,AMG,94.956825,95.63447,93.6209,94.08558,375184.06
2011-12-07,AMG,93.020706,94.80193,91.85904,94.434074,314960.4
2011-12-08,AMG,93.13688,93.13688,90.242386,90.59089,305146.94
2011-12-09,AMG,91.06523,93.40793,90.78449,92.788376,415161
2011-12-12,AMG,90.82322,90.8813,89.38081,90.35854,413198.3
2011-12-13,AMG,91.045876,91.37501,87.27045,88.43211,376010.47
2011-12-14,AMG,87.47374,88.151375,85.87644,87.33821,434684.62
2011-12-15,AMG,89.08071,89.1388,87.35757,87.56086,302461.16
2011-12-16,AMG,88.45148,90.010056,87.76416,88.60636,622596.9
2011-12-19,AMG,88.91614,89.60346,86.50568,86.80577,459993.03
2011-12-20,AMG,88.96455,91.72351,88.96455,91.65575,477657.25
2011-12-21,AMG,90.99747,92.159134,89.526024,92.11073,400802.38
2011-12-22,AMG,92.19786,93.446655,92.072014,93.09815,254633.45
2011-12-23,AMG,93.57251,93.775795,92.94327,93.64995,211454.23
2011-12-27,AMG,93.495056,94.73418,93.2724,93.68867,135942.25
2011-12-28,AMG,93.85323,93.85323,91.16203,91.37501,255149.95
2011-12-29,AMG,92.04297,93.969406,91.704155,93.84356,211454.23
2011-12-30,AMG,93.969406,93.969406,92.72061,92.88518,274571.3
2012-01-03,AMG,95.53767,96.75741,93.83388,94.395355,403591.44
2012-01-04,AMG,93.591866,95.26661,92.88518,94.676094,312894.4
2012-01-05,AMG,93.74675,95.50862,93.08848,95.092354,503172.25
2012-01-06,AMG,95.49894,95.85712,94.42439,94.88906,389129.5
2012-01-09,AMG,96.515396,98.32567,96.089455,96.796135,641387.06
2012-01-10,AMG,97.35761,99.23564,97.318886,99.206604,717556.06
2012-01-11,AMG,98.38375,99.0033,96.980064,97.8126,507820.72
2012-01-12,AMG,97.95781,97.95781,95.808716,96.73805,580853.5
2012-01-13,AMG,95.13107,95.83776,94.540565,95.48926,463608.5
2012-01-17,AMG,96.69933,96.96071,94.860016,94.89874,353491.16
2012-01-18,AMG,95.005226,96.36051,94.46312,96.00233,473008.78
2012-01-19,AMG,96.63157,99.167885,96.45731,97.96748,564222.3
2012-01-20,AMG,97.84164,98.56768,96.87358,97.9094,459269.94
2012-01-23,AMG,97.58027,99.0033,97.125275,97.5609,475281.34
2012-01-24,AMG,96.428276,98.62576,96.283066,98.209496,306593.16
2012-01-25,AMG,97.65771,98.77097,97.05751,98.44184,418983.1
2012-01-26,AMG,99.35181,100.73613,98.47088,99.33245,504618.44
2012-01-27,AMG,98.267586,99.41957,97.9094,98.9065,353284.56
2012-01-30,AMG,97.58027,98.345024,96.43796,97.34793,484681.62
2012-01-31,AMG,98.01589,98.19014,94.19206,97.29953,831561.6
2012-02-01,AMG,96.47668,100.56188,96.47668,100.106895,573453.1
2012-02-02,AMG,100.19402,101.5977,99.98105,100.53284,428486.66
2012-02-03,AMG,102.236626,104.298584,102.12045,104.25018,519700.2
2012-02-06,AMG,103.37893,104.695496,102.62385,103.18532,509783.4
2012-02-07,AMG,102.91426,104.52124,102.06237,104.163055,704916.3
2012-02-08,AMG,104.18243,105.16984,103.31117,103.99849,639940.9
2012-02-09,AMG,104.25018,104.47284,102.76906,103.33053,395947.28
2012-02-10,AMG,101.12335,103.25309,100.88134,102.226944,308555.84
2012-02-13,AMG,103.698395,103.80488,102.507675,102.982025,316200
2012-02-14,AMG,102.18822,102.43992,101.08463,101.762276,450076.25
2012-02-15,AMG,102.61417,103.00139,100.51348,101.17176,320435.28
2012-02-16,AMG,101.2492,103.5919,100.958786,103.53382,352664.75
2012-02-17,AMG,104.10497,104.405075,103.262764,103.80488,491292.78
2012-02-21,AMG,103.80488,104.927826,102.71097,103.272446,334380.72
2012-02-22,AMG,103.22404,103.42733,101.094315,101.617065,376010.47
2012-02-23,AMG,101.65579,102.97235,101.19112,102.76906,360722.12
2012-02-24,AMG,102.81746,104.00817,102.52705,103.64999,320848.5
2012-02-27,AMG,102.71097,104.33731,101.52994,103.95008,310002.03
2012-02-28,AMG,104.211464,104.211464,102.75938,103.320854,407620.12
2012-02-29,AMG,103.45638,104.308266,102.30439,102.99171,400905.66
2012-03-01,AMG,103.46606,104.782616,103.320854,104.540596,342486.66
2012-03-02,AMG,104.48252,104.927826,103.83392,104.1921,390679
2012-03-05,AMG,104.17274,104.356674,103.08851,103.698395,368159.7
2012-03-06,AMG,101.40409,102.57544,100.290825,101.094315,472285.66
2012-03-07,AMG,101.326645,102.982025,101.326645,102.74001,291408.1
2012-03-08,AMG,103.785515,104.1921,102.61417,103.640305,240378.12
2012-03-09,AMG,104.00817,106.583206,103.58222,105.85716,340578.72
2012-03-12,AMG,105.61514,105.80876,104.08561,104.405075,329319.06
2012-03-13,AMG,105.02463,108.49028,104.71485,108.49028,290065.22
2012-03-14,AMG,108.76134,108.76134,106.97043,108.03529,174989.48
2012-03-15,AMG,108.36443,110.24246,107.98689,109.119514,344710.7
2012-03-16,AMG,109.56483,109.63259,108.23858,108.54836,336020.1
2012-03-19,AMG,108.316025,110.736176,107.95784,109.458336,222920.48
2012-03-20,AMG,108.40316,109.04207,107.25117,108.025604,382621.62
2012-03-21,AMG,108.75165,109.56483,108.28699,108.606445,497490.78
2012-03-22,AMG,107.36733,107.98689,106.61224,106.95107,301014.97
2012-03-23,AMG,106.88331,107.55126,105.80876,107.231804,318162.7
2012-03-26,AMG,107.8804,109.603546,107.8804,109.603546,343161.2
2012-03-27,AMG,109.85525,110.13597,108.89686,109.01303,300705.06
2012-03-28,AMG,108.83878,109.080795,107.10596,108.69357,254943.36
2012-03-29,AMG,107.37701,107.938484,106.04109,107.41573,272710.88
2012-03-30,AMG,108.36443,108.68388,106.65097,108.23858,316984.06
2012-04-02,AMG,108.53868,110.85234,107.754555,109.90364,373531.28
2012-04-03,AMG,109.56483,111.539665,109.56483,111.51062,722683.9
2012-04-04,AMG,109.884285,111.249245,109.25504,109.66163,385617.3
2012-04-05,AMG,109.20664,109.98109,108.7807,109.56483,243167.2
2012-04-09,AMG,107.87072,108.90655,105.99268,107.08659,340991.9
2012-04-10,AMG,107.12532,107.40605,103.407974,103.4951,412165.3
2012-04-11,AMG,104.32763,104.8891,102.1979,104.13402,613806.06
2012-04-12,AMG,104.13402,107.28989,103.91136,107.20276,401215.56
2012-04-13,AMG,106.92202,106.92202,104.81165,104.83102,288825.62
2012-04-16,AMG,105.770035,106.41863,103.82424,104.65677,247505.78
2012-04-17,AMG,105.37313,107.570625,105.2376,106.98011,366816.8
2012-04-18,AMG,106.05077,109.971405,105.52802,109.15824,869885.75
2012-04-19,AMG,109.54546,111.32669,107.5803,108.4322,698511.75
2012-04-20,AMG,108.96462,109.68099,107.97721,107.97721,414747.8
2012-04-23,AMG,105.770035,106.88331,105.51834,106.86394,413859.44
2012-04-24,AMG,107.50286,108.59676,106.68001,107.37701,412165.3
2012-04-25,AMG,108.567726,110.28118,108.567726,109.83588,404417.84
2012-04-26,AMG,109.39057,110.79426,108.96462,110.261826,425453.78
2012-04-27,AMG,111.05563,111.05563,109.19697,110.68777,326013.47
2012-04-30,AMG,110.33927,110.503845,109.448654,109.99077,372523.06
2012-05-01,AMG,109.119514,111.965614,107.73519,109.167915,490363.1
2012-05-02,AMG,108.529,108.829094,106.29279,107.86104,409169.62
2012-05-03,AMG,107.96753,108.21922,105.208565,105.498985,477863.84
2012-05-04,AMG,105.19888,105.55706,102.82714,103.81455,545834.94
2012-05-07,AMG,103.22404,103.91136,103.05947,103.45638,409376.22
2012-05-08,AMG,102.57544,103.20468,100.813576,102.12045,586757.1
2012-05-09,AMG,100.5038,103.48542,100.26188,102.226944,553854.1
2012-05-10,AMG,103.24341,103.553185,101.77195,102.130135,330661.94
2012-05-11,AMG,101.08463,104.62773,100.36827,103.34021,700267.8
2012-05-14,AMG,101.839714,103.262764,100.98783,102.4496,913271.56
2012-05-15,AMG,102.17854,102.749695,100.436035,100.765175,416400.6
2012-05-16,AMG,102.29471,103.917175,101.384735,101.49122,965443
2012-05-17,AMG,101.713875,102.21726,98.490234,98.67417,621528.75
2012-05-18,AMG,99.14851,99.14851,96.650925,96.97038,513605.5
2012-05-21,AMG,97.04783,99.51638,96.89294,99.487335,497284.16
2012-05-22,AMG,99.680954,101.88812,99.22596,100.08753,570730.2
2012-05-23,AMG,98.93554,100.06818,96.8155,99.98105,609713.4
2012-05-24,AMG,100.68773,100.803894,99.0033,100.48444,432721.94
2012-05-25,AMG,100.9007,100.92007,99.826164,100.16498,354317.56
2012-05-29,AMG,101.849396,103.75648,101.06528,103.75648,812141.25
2012-05-30,AMG,102.52705,102.52705,99.70031,99.777756,816651.3
2012-05-31,AMG,100.26179,100.290825,97.69643,99.777756,2227862
2012-06-01,AMG,98.03525,98.03525,94.31791,94.74386,852324.8
2012-06-04,AMG,94.763214,94.93746,91.30724,92.933586,1006137.9
2012-06-05,AMG,92.933586,95.33437,92.47859,95.30532,679504.6
2012-06-06,AMG,96.26371,98.47088,96.186264,98.43215,472595.56
2012-06-07,AMG,99.70999,101.16208,99.21628,99.93265,720411.25
2012-06-08,AMG,99.73903,100.59093,98.122375,100.44572,322604.6
2012-06-11,AMG,102.25598,102.25598,98.28694,98.4612,468463.6
2012-06-12,AMG,98.84842,99.487335,97.58994,99.24532,449353.16
2012-06-13,AMG,98.51928,99.17756,97.64803,98.11269,785490
2012-06-14,AMG,98.490234,99.47766,98.01589,99.21628,487367.4
2012-06-15,AMG,99.70031,100.88134,99.255005,100.70709,744910.8
2012-06-18,AMG,100.35859,100.9007,98.79034,100.47476,604612.44
2012-06-19,AMG,101.52994,103.28213,100.99751,103.18532,590873.56
2012-06-20,AMG,103.10788,104.05657,101.95589,102.97235,330248.75
2012-06-21,AMG,103.417656,103.417656,99.05171,99.448616,391608.7
2012-06-22,AMG,100.04881,100.99751,99.70999,100.5038,327239.62
2012-06-25,AMG,98.64513,99.022675,96.95103,97.831955,480033.12
2012-06-26,AMG,98.21918,99.79711,97.82228,99.49702,381278.75
2012-06-27,AMG,99.73903,102.468956,99.206604,101.00719,515361.6
2012-06-28,AMG,99.71967,102.21726,99.4583,102.130135,455241.25
2012-06-29,AMG,104.52124,106.72842,104.47284,105.953964,563840.06
2012-07-02,AMG,106.25407,107.63839,105.963646,107.03819,441528.22
2012-07-03,AMG,107.17372,109.03239,106.82522,107.89008,228512.1
2012-07-05,AMG,107.5803,108.39347,106.670334,107.40605,337789.62
2012-07-06,AMG,106.00237,106.17662,104.28891,105.498985,362271.62
2012-07-09,AMG,104.927826,105.50866,103.71775,104.540596,312377.94
2012-07-10,AMG,105.55706,106.26374,103.58222,104.00817,399562.78
2012-07-11,AMG,104.28891,105.16016,103.33053,104.37603,385823.94
2012-07-12,AMG,103.22404,103.63063,101.95589,102.86586,370742.2
2012-07-13,AMG,103.71775,106.66065,103.71775,106.56384,293680.7
2012-07-16,AMG,106.21534,106.767136,105.111755,105.79908,360825.44
2012-07-17,AMG,106.331505,106.69937,104.17274,106.11854,314030.72
2012-07-18,AMG,105.498985,107.03819,105.4893,106.902664,297915.97
2012-07-19,AMG,107.12532,107.66743,106.13789,106.534805,215896.12
2012-07-20,AMG,105.64419,105.8378,104.09529,104.1921,206393.6
2012-07-23,AMG,101.95589,103.2918,100.53284,102.59481,447906.97
2012-07-24,AMG,101.86877,102.61417,99.59382,100.523155,444291.47
2012-07-25,AMG,100.83294,101.31697,98.94522,100.02945,787246.06
2012-07-26,AMG,102.03333,102.894905,100.67805,101.946205,459683.12
2012-07-27,AMG,102.75938,106.476715,102.59481,105.295685,313204.3
2012-07-30,AMG,105.256966,106.476715,104.65677,105.38281,324877.16
2012-07-31,AMG,104.53092,108.49996,103.4951,108.025604,791894.56
2012-08-01,AMG,108.95495,109.20664,107.231804,107.706154,538604
2012-08-02,AMG,106.56384,108.24826,104.97623,106.9317,351218.56
2012-08-03,AMG,108.85814,110.01013,108.21922,109.38089,581163.44
2012-08-06,AMG,109.826195,112.1205,109.66163,110.213425,395017.6
2012-08-07,AMG,110.80394,114.94723,110.80394,112.904625,652026.94
2012-08-08,AMG,112.39155,113.572586,112.3141,112.87558,406793.75
2012-08-09,AMG,112.92399,113.466095,112.09145,112.78846,383241.44
2012-08-10,AMG,112.40124,112.430275,111.162125,111.810715,272194.38
2012-08-13,AMG,111.31701,112.01401,110.542564,111.92689,218685.2
2012-08-14,AMG,112.5174,113.13696,111.723595,112.36251,289755.3
2012-08-15,AMG,111.98497,113.30153,111.810715,113.233765,285623.34
2012-08-16,AMG,112.92399,115.29572,112.09145,115.2086,503585.44
2012-08-17,AMG,115.02467,115.78944,114.743935,115.33445,437163.8
2012-08-20,AMG,114.8117,115.257,113.8146,114.20182,218272
2012-08-21,AMG,114.20182,115.93465,113.562904,114.05661,282214.44
2012-08-22,AMG,113.572586,114.58905,112.53676,114.317986,200917.67
2012-08-23,AMG,114.28895,114.463196,113.320885,113.901726,352974.66
2012-08-24,AMG,113.80492,115.38286,113.12728,114.77297,186972.23
2012-08-27,AMG,115.06339,115.266685,114.02757,114.269585,397600.06
2012-08-28,AMG,113.892044,115.70231,113.64035,114.86979,331591.66
2012-08-29,AMG,114.89883,115.5087,114.49223,114.64713,465364.6
2012-08-30,AMG,113.892044,114.230865,113.088554,113.43706,413921.4
2012-08-31,AMG,114.317986,114.61809,112.393486,113.86301,481663.22
2012-09-04,AMG,113.76619,115.18924,112.47868,114.85042,412165.3
2012-09-05,AMG,114.889145,115.547424,113.38865,113.8146,392125.2
2012-09-06,AMG,114.8117,116.52516,114.78265,116.157295,595625.4
2012-09-07,AMG,116.350914,117.99661,115.86688,117.764275,510196.62
2012-09-10,AMG,117.79332,117.812675,117.16408,117.48354,307832.75
2012-09-11,AMG,117.22216,117.870766,116.88334,117.37705,341301.8
2012-09-12,AMG,117.68683,118.29671,117.52226,117.97725,258248.94
2012-09-13,AMG,118.3548,121.24928,117.22216,120.86206,593662.7
2012-09-14,AMG,121.220245,123.79527,121.02663,123.51454,651613.75
2012-09-17,AMG,122.65297,123.059555,122.27542,122.60457,500899.66
2012-09-18,AMG,122.478714,123.011154,121.86884,122.24638,473318.66
2012-09-19,AMG,122.21735,122.72073,121.81076,122.2367,268475.6
2012-09-20,AMG,121.48162,121.48162,119.526146,121.10407,423936.3
2012-09-21,AMG,122.256065,122.26575,120.19411,120.26187,506109.06
2012-09-24,AMG,119.53583,120.81366,119.197,120.10698,304217.25
2012-09-25,AMG,120.80398,120.91047,117.66747,117.70619,280251.75
2012-09-26,AMG,117.79332,118.432236,117.18344,117.68683,185732.64
2012-09-27,AMG,118.3548,119.62295,117.8514,119.20668,255046.66
2012-09-28,AMG,118.75169,119.55518,117.8998,119.07115,424044.78
2012-10-01,AMG,118.50968,120.310265,117.26089,118.577446,570816.94
2012-10-02,AMG,118.95499,119.31317,117.48354,118.08374,219098.4
2012-10-03,AMG,118.32575,119.02275,117.08663,118.470955,251017.97
2012-10-04,AMG,118.94531,120.271545,118.65489,119.59391,289652.03
2012-10-05,AMG,120.165054,121.10407,119.76816,120.33931,389955.9
2012-10-08,AMG,119.72943,120.11666,118.993706,119.31317,172716.89
2012-10-09,AMG,118.96467,119.748795,117.8998,118.44192,311448.22
2012-10-10,AMG,118.470955,119.02275,118.11278,118.85818,341921.6
2012-10-11,AMG,120.087616,120.087616,118.94531,119.30349,266203
2012-10-12,AMG,119.36157,119.58422,117.18344,117.803,144722.7
2012-10-15,AMG,118.577446,119.24541,116.55421,118.993706,721031.06
2012-10-16,AMG,119.58422,121.28801,119.58422,120.85238,143896.31
2012-10-17,AMG,120.90079,122.623924,120.38772,122.27542,233250.45
2012-10-18,AMG,121.99469,122.401276,121.17184,121.86884,208665.14
2012-10-19,AMG,121.51066,121.51066,119.17764,120.465164,260521.53
2012-10-22,AMG,120.077934,120.71685,119.564865,120.70718,193790
2012-10-23,AMG,119.17764,120.697495,118.08374,120.20378,491706
2012-10-24,AMG,120.7943,120.92015,119.30349,119.39062,220338
2012-10-25,AMG,120.600685,120.96855,119.526146,120.223145,213416.92
2012-10-26,AMG,120.70718,121.53002,118.577446,120.17474,349247.6
2012-10-31,AMG,120.62973,123.388695,120.0489,122.45936,498833.66
2012-11-01,AMG,122.42063,128.09346,122.21735,127.18349,725679.56
2012-11-02,AMG,127.59975,127.735275,123.65007,123.72751,553272.56
2012-11-05,AMG,123.66943,124.96663,122.488396,124.02761,603269.56
2012-11-06,AMG,124.008255,125.179596,123.68879,124.39548,457617.12
2012-11-07,AMG,122.90466,123.011154,120.23282,120.63941,400699.06
2012-11-08,AMG,120.4942,121.820435,120.184425,120.70718,365365.44
2012-11-09,AMG,120.552284,122.16894,119.92304,121.55907,409686.12
2012-11-12,AMG,122.27542,122.633606,121.10407,121.72363,212383.94
2012-11-13,AMG,120.455475,122.633606,120.26187,120.93951,255976.36
2012-11-14,AMG,121.21056,121.41386,117.71587,118.093414,354214.25
2012-11-15,AMG,118.08374,119.03243,116.6026,116.90271,566804.8
2012-11-16,AMG,117.14472,118.422554,116.012085,117.957886,410615.8
2012-11-19,AMG,119.69071,121.09439,119.29381,121.06535,241179.72
2012-11-20,AMG,121.06535,122.1883,120.23282,122.0915,305250.25
2012-11-21,AMG,122.110855,122.72073,121.34609,122.69169,220957.8
2012-11-23,AMG,122.74978,124.337395,122.7401,124.12442,89457.44
2012-11-26,AMG,123.33061,124.94727,123.33061,124.09538,318575.9
2012-11-27,AMG,123.717834,124.3858,122.72073,123.72751,277256.06
2012-11-28,AMG,122.875626,124.64716,121.85916,124.1825,351011.97
2012-11-29,AMG,125.23768,126.26382,124.240585,125.334496,249571.78
2012-11-30,AMG,125.45065,126.14766,123.96953,124.753654,336848.56
2012-12-03,AMG,125.58618,125.58618,123.66943,124.201866,228705.27
2012-12-04,AMG,124.36643,124.47292,122.60457,123.65975,249468.48
2012-12-05,AMG,123.89209,124.77302,122.94339,124.17283,212177.33
2012-12-06,AMG,124.28899,124.97632,123.23381,124.8795,310518.53
2012-12-07,AMG,125.16023,125.40225,123.85336,124.511635,299465.47
2012-12-10,AMG,124.085686,124.41484,123.12732,123.582306,403074.94
2012-12-11,AMG,124.114746,125.3829,123.87272,124.96663,303494.16
2012-12-12,AMG,125.16023,125.847565,124.54068,125.06344,301221.56
2012-12-13,AMG,124.76334,125.044075,123.011154,123.679115,265066.72
2012-12-14,AMG,123.533905,124.40515,123.51454,123.824326,198748.39
2012-12-17,AMG,124.521324,126.00246,124.12442,125.96372,313204.3
2012-12-18,AMG,125.944374,127.774,125.712036,127.72559,290169.53
2012-12-19,AMG,127.59975,127.957924,126.825294,126.84466,329186.84
2012-12-20,AMG,127.1738,128.10313,126.63749,128.0741,261113.44
2012-12-21,AMG,126.37031,127.27061,125.63459,127.18349,655758.1
2012-12-24,AMG,126.15735,127.24157,126.15735,126.91243,127058.484
2012-12-26,AMG,127.03827,127.222206,125.44098,125.518425,162283.64
2012-12-27,AMG,125.58618,125.70236,123.107956,124.714935,220751.2
2012-12-28,AMG,124.09538,124.50196,123.533905,123.65975,179018.17
2012-12-31,AMG,123.533905,126.05086,122.8369,125.99277,304837.06
2013-01-02,AMG,129.28416,130.54265,128.73238,130.54265,264963.4
2013-01-03,AMG,130.35872,130.60074,129.14865,129.63268,255253.25
2013-01-04,AMG,129.84564,132.85631,129.41,132.72078,265583.22
2013-01-07,AMG,132.92407,133.38873,130.96858,132.91438,361961.72
2013-01-08,AMG,132.35292,132.99667,131.52039,132.76917,251390.89
2013-01-09,AMG,133.57266,134.42456,133.18544,133.73723,503068.94
2013-01-10,AMG,134.56009,134.91826,133.3016,134.31807,468463.6
2013-01-11,AMG,134.28903,135.33453,133.52426,135.18932,393984.6
2013-01-14,AMG,134.98604,135.41199,134.05669,135.34421,257112.66
2013-01-15,AMG,134.71498,136.3026,134.27936,136.17674,318369.3
2013-01-16,AMG,135.33453,135.73145,134.91826,135.56686,211247.64
2013-01-17,AMG,135.55719,137.22224,135.48943,136.6414,287862.88
2013-01-18,AMG,136.63173,138.0451,136.12059,137.87085,321595.34
2013-01-22,AMG,137.76436,138.5388,137.30937,138.52913,355350.56
2013-01-23,AMG,138.0451,138.82922,137.58043,138.60657,291821.3
2013-01-24,AMG,138.13222,141.23001,133.90181,139.86504,425181.06
2013-01-25,AMG,140.0296,141.01219,138.95506,140.30066,394364.72
2013-01-28,AMG,141.01703,141.01703,138.44199,140.4362,516911.1
2013-01-29,AMG,139.45845,141.8302,134.23094,141.82053,450430.56
2013-01-30,AMG,141.05576,142.39168,138.50977,139.98122,491837.2
2013-01-31,AMG,139.59398,139.79729,138.46378,139.33261,540239.25
2013-02-01,AMG,140.6879,140.6879,139.36166,139.99089,462678.8
2013-02-04,AMG,138.93571,139.05188,137.62883,138.50009,387270.12
2013-02-05,AMG,139.14868,140.36844,138.7905,140.31035,348842.7
2013-02-06,AMG,139.06155,140.98799,139.00346,140.98799,425594.25
2013-02-07,AMG,140.85246,141.60754,138.43231,141.5785,467637.2
2013-02-08,AMG,142.14966,142.45944,141.07512,141.77211,301841.38
2013-02-11,AMG,141.74307,141.97542,140.65886,140.92024,291821.3
2013-02-12,AMG,141.23001,141.74307,140.7847,141.09448,399769.38
2013-02-13,AMG,141.32681,141.83989,140.50783,141.79149,348444.97
2013-02-14,AMG,141.48169,142.8757,141.03639,142.63368,263413.94
2013-02-15,AMG,142.58528,143.00156,141.49138,141.8302,253807.06
2013-02-19,AMG,142.30455,144.59885,142.20773,143.8728,450386.16
2013-02-20,AMG,143.54367,143.70824,140.59108,140.77502,319608.9
2013-02-21,AMG,140.1845,140.32002,138.06445,138.55817,371465.28
2013-02-22,AMG,139.6908,141.71404,139.65207,141.69467,323534.28
2013-02-25,AMG,142.55624,143.1758,137.90958,137.90958,455964.34
2013-02-26,AMG,138.81953,139.67143,137.36745,138.97443,374460.97
2013-02-27,AMG,138.66466,141.79149,138.27742,141.37521,248125.58
2013-02-28,AMG,141.3849,143.09836,140.89117,141.55914,325077.56
2013-03-01,AMG,140.52333,142.08191,138.3936,141.35587,424664.56
2013-03-04,AMG,141.04607,142.33359,140.01025,142.33359,334793.94
2013-03-05,AMG,143.52429,144.81181,142.9822,144.38586,286990
2013-03-06,AMG,145.0248,145.60564,144.25034,145.2184,175948.11
2013-03-07,AMG,145.19905,145.54755,144.26003,145.39265,277565.97
2013-03-08,AMG,146.17679,146.59305,144.7247,146.34135,375907.16
2013-03-11,AMG,146.24455,146.24455,144.9667,145.97348,530236.75
2013-03-12,AMG,146.69952,146.70921,144.62788,145.24744,315890.1
2013-03-13,AMG,147.14484,149.71988,145.30554,149.55531,602236.56
2013-03-14,AMG,149.93286,151.11389,149.19711,150.22327,683739.9
2013-03-15,AMG,150.13614,150.262,148.67438,149.47786,948415.1
2013-03-18,AMG,148.05482,149.82637,146.89316,148.82927,357595.25
2013-03-19,AMG,148.97447,149.83604,145.867,147.00931,329009.16
2013-03-20,AMG,148.03545,149.28426,147.29004,149.03255,250462.22
2013-03-21,AMG,147.44493,147.87088,145.25713,145.63467,258664.2
2013-03-22,AMG,146.49625,146.82538,145.54755,146.65114,215553.16
2013-03-25,AMG,147.4159,147.97737,145.71211,146.69952,353594.47
2013-03-26,AMG,147.34814,147.44493,145.99284,146.71889,308762.44
2013-03-27,AMG,145.90573,146.78667,144.88927,146.49625,250914.67
2013-03-28,AMG,146.95123,148.98415,146.28337,148.6647,255663.36
2013-04-01,AMG,148.50981,149.54562,146.64145,147.19325,284487.03
2013-04-02,AMG,148.00641,148.23875,146.9125,147.51271,186765.64
2013-04-03,AMG,149.63275,149.71988,144.27939,144.81181,430552.62
2013-04-04,AMG,145.70242,146.57368,143.89217,144.8215,345640.38
2013-04-05,AMG,142.99188,143.21452,141.10416,143.02092,458660.47
2013-04-08,AMG,142.88539,145.68307,142.88539,145.53786,323740.88
2013-04-09,AMG,146.06062,147.05772,144.95703,146.18646,238208.83
2013-04-10,AMG,146.60274,149.44882,146.42847,149.05191,274983.47
2013-04-11,AMG,148.99384,151.24942,148.73245,150.54272,286346.44
2013-04-12,AMG,150.1071,150.24263,148.52916,148.84862,293130.12
2013-04-15,AMG,148.10323,148.58725,142.98228,143.29198,240209.73
2013-04-16,AMG,145.15065,145.17969,142.25615,143.31133,575275.4
2013-04-17,AMG,141.95605,142.00446,138.98799,141.05576,425780.2
2013-04-18,AMG,141.11385,141.5301,138.65497,139.45845,326426.66
2013-04-19,AMG,140.12642,141.61722,138.11285,141.15256,432928.53
2013-04-22,AMG,141.54947,142.32391,139.43909,142.10126,166436.28
2013-04-23,AMG,142.64337,145.42169,142.42072,144.26971,337583.03
2013-04-24,AMG,144.54076,144.68597,142.44008,142.83699,276429.66
2013-04-25,AMG,144.23099,146.45752,143.39847,146.08966,474764.84
2013-04-26,AMG,146.37039,147.87088,144.09546,144.69565,360722.12
2013-04-29,AMG,145.0732,147.51271,144.7247,146.9609,289836.94
2013-04-30,AMG,147.31909,152.0045,147.31909,150.70729,660527.44
2013-05-01,AMG,150.00061,150.47496,145.82828,145.90573,380555.66
2013-05-02,AMG,146.47688,148.23875,145.2184,147.52238,260867.6
2013-05-03,AMG,149.6618,150.80411,148.4614,148.70341,421266
2013-05-06,AMG,149.01318,151.55919,148.71309,150.83315,301186.44
2013-05-07,AMG,151.0074,151.72375,150.17487,151.72375,251121.27
2013-05-08,AMG,151.24942,151.74312,150.61049,151.73344,289755.3
2013-05-09,AMG,151.48174,153.8438,151.38495,152.2562,460406.22
2013-05-10,AMG,152.41109,155.55727,152.41109,155.36366,357526.03
2013-05-13,AMG,154.73442,157.65796,154.45369,155.89609,271471.28
2013-05-14,AMG,155.94449,160.25235,155.8864,159.44887,498833.66
2013-05-15,AMG,159.0326,160.18459,158.19038,160.09746,377766.56
2013-05-16,AMG,159.9232,161.69475,158.41304,158.88739,464331.6
2013-05-17,AMG,160.41693,162.60474,159.51672,161.8787,338932.12
2013-05-20,AMG,161.74316,163.14684,161.01712,161.89806,261141.33
2013-05-21,AMG,162.20782,162.94307,161.18169,161.86902,219163.48
2013-05-22,AMG,162.34335,163.52438,157.56114,158.7809,318451.94
2013-05-23,AMG,156.51564,157.7354,154.7683,157.42561,422880.6
2013-05-24,AMG,156.38011,156.86414,155.11195,156.80606,259901.73
2013-05-28,AMG,158.84866,161.43338,158.84866,161.17201,437680.3
2013-05-29,AMG,160.69766,161.25912,158.20006,159.62311,335310.44
2013-05-30,AMG,159.74896,162.51761,159.56503,161.95613,273341
2013-05-31,AMG,161.20105,162.1207,158.72282,158.76154,278029.78
2013-06-03,AMG,158.61633,159.79736,155.72183,157.85156,354317.56
2013-06-04,AMG,158.32591,160.8719,157.06744,158.50015,365164
2013-06-05,AMG,158.04517,158.29688,154.43431,154.4924,370432.28
2013-06-06,AMG,153.74701,157.87093,153.74701,157.86125,278805.56
2013-06-07,AMG,158.88739,161.34625,157.84189,160.8719,259593.9
2013-06-10,AMG,161.23976,163.45663,159.80704,163.1178,394294.5
2013-06-11,AMG,160.06842,163.05972,159.78767,160.61053,377559.97
2013-06-12,AMG,162.30464,162.67249,158.74217,159.61343,695516.06
2013-06-13,AMG,159.2359,164.9571,158.01613,164.42468,422425.03
2013-06-14,AMG,163.87288,164.29883,159.73927,160.55246,454414.84
2013-06-17,AMG,162.11102,164.56989,162.01422,163.33078,305560.16
2013-06-18,AMG,163.90193,166.1091,163.61151,164.60861,402661.75
2013-06-19,AMG,164.3085,165.78964,162.55632,162.64345,373944.47
2013-06-20,AMG,160.39757,160.45564,155.77025,156.31235,398944
2013-06-21,AMG,157.35786,158.5873,153.83412,154.63762,580727.5
2013-06-24,AMG,152.82733,152.82733,146.39943,149.81668,818339.25
2013-06-25,AMG,151.86897,152.4498,149.34233,151.57855,413508.22
2013-06-26,AMG,153.75668,154.1536,151.85928,152.6434,442328.78
2013-06-27,AMG,153.60179,155.98322,153.59212,155.85736,468491.47
2013-06-28,AMG,154.93771,158.70346,153.3501,158.70346,1032877
2013-07-01,AMG,158.27751,158.51953,156.49629,156.96095,736538.4
2013-07-02,AMG,157.27074,160.67828,156.08002,157.8806,633329.7
2013-07-03,AMG,156.90286,157.78381,151.60759,156.81575,195856
2013-07-05,AMG,160.23299,160.475,158.04517,160.20395,341715
2013-07-08,AMG,160.63957,162.20782,159.86513,160.23299,262305.53
2013-07-09,AMG,161.43338,161.86902,159.64247,161.09456,398048.4
2013-07-10,AMG,160.7267,161.54955,159.45854,160.44597,284900.25
2013-07-11,AMG,162.7209,165.57666,162.19815,165.48955,521330.25
2013-07-12,AMG,165.4605,167.25142,165.25722,166.95132,327666.25
2013-07-15,AMG,167.96777,170.1556,166.77705,169.96198,529989.9
2013-07-16,AMG,169.98132,170.86227,168.43245,168.54861,750116.06
2013-07-17,AMG,169.13913,170.73642,168.11299,169.39081,538190.8
2013-07-18,AMG,169.63283,171.12364,169.04231,170.8429,410925.72
2013-07-19,AMG,169.64252,171.13332,168.87775,169.62315,438468.5
2013-07-22,AMG,169.87485,170.68793,169.42955,170.51376,297974.88
2013-07-23,AMG,171.30759,171.45763,169.1488,169.68123,317502.62
2013-07-24,AMG,170.11685,171.14299,167.53215,168.72285,288722.3
2013-07-25,AMG,167.76448,169.28433,167.29013,168.37434,414747.8
2013-07-26,AMG,167.38695,169.1585,166.8061,168.84871,304113.97
2013-07-29,AMG,168.72285,169.56508,166.17493,167.0578,351680.3
2013-07-30,AMG,171.83032,173.99878,171.03651,173.3405,660427.25
2013-07-31,AMG,172.79839,176.18658,172.79839,174.5893,854201.75
2013-08-01,AMG,176.67061,180.27179,175.77032,179.65224,988267.06
2013-08-02,AMG,179.37149,179.9233,177.59027,179.80713,394696.3
2013-08-05,AMG,179.6716,180.75583,178.9746,180.05882,345988.5
2013-08-06,AMG,179.85551,180.44603,177.99686,178.33568,457002.5
2013-08-07,AMG,177.94846,177.94846,174.36664,174.44408,453220.7
2013-08-08,AMG,175.85745,176.80614,174.17302,174.56026,362065.03
2013-08-09,AMG,174.4344,175.2379,172.94359,173.21465,309322.3
2013-08-12,AMG,172.37244,174.06654,171.03651,172.3918,275293.38
2013-08-13,AMG,172.08202,175.89616,171.94649,175.10237,507510.8
2013-08-14,AMG,174.91843,176.18658,174.26984,174.36664,266512.9
2013-08-15,AMG,173.22433,173.22433,169.14618,170.42665,261059.72
2013-08-16,AMG,170.45569,172.32791,169.36177,170.13623,248883.8
2013-08-19,AMG,169.66187,171.85936,169.1972,169.1972,397083.56
2013-08-20,AMG,169.59412,172.63382,169.3424,171.45279,370983.9
2013-08-21,AMG,170.0491,171.3947,169.11977,169.63283,349462.47
2013-08-22,AMG,169.98132,172.47893,169.91357,172.16914,377691.16
2013-08-23,AMG,173.31145,174.47311,171.1527,173.1953,318513.9
2013-08-26,AMG,173.81485,174.7829,171.47215,171.87874,276483.38
2013-08-27,AMG,173.28241,173.28241,167.04811,167.12556,421838.28
2013-08-28,AMG,167.04811,169.45859,166.32207,168.64542,341095.22
2013-08-29,AMG,168.2001,170.7945,168.2001,169.09071,483857.28
2013-08-30,AMG,169.17784,170.23303,167.77415,168.7519,423218.38
2013-09-03,AMG,171.62703,173.10817,168.3066,170.0491,660605.94
2013-09-04,AMG,170.07814,173.44698,169.84581,172.41116,423734.88
2013-09-05,AMG,172.85646,174.0859,171.85936,172.1401,244849.95
2013-09-06,AMG,172.49829,173.93102,169.59412,171.18173,468050.38
2013-09-09,AMG,172.24658,174.56026,172.24658,174.23111,541918.9
2013-09-10,AMG,174.60864,177.54185,174.60864,177.45474,415367.6
2013-09-11,AMG,177.45474,178.4325,176.46732,177.74516,315270.3
2013-09-12,AMG,177.37729,178.87779,176.66093,177.50314,225916.17
2013-09-13,AMG,177.50314,179.01332,176.89326,178.54865,261902.66
2013-09-16,AMG,181.64644,181.71904,179.28436,179.45863,317582.16
2013-09-17,AMG,179.42958,180.79454,179.3231,180.48477,260314.94
2013-09-18,AMG,179.99104,182.53705,179.09076,182.20792,504618.44
2013-09-19,AMG,181.72388,183.37926,181.1624,181.22049,386237.12
2013-09-20,AMG,181.27856,182.52737,179.19627,180.50414,579945.5
2013-09-23,AMG,179.66191,179.66191,177.31921,178.36472,281388.06
2013-09-24,AMG,178.4228,180.24275,177.89037,178.41312,336743.2
2013-09-25,AMG,178.89716,178.98427,177.04816,177.56123,501017.4
2013-09-26,AMG,178.1227,180.14594,177.53218,178.91652,303287.56
2013-09-27,AMG,178.0259,178.55804,177.14497,178.06462,208775.67
2013-09-30,AMG,175.65414,177.35794,175.01523,176.80614,538190.8
2013-10-01,AMG,177.08687,179.8168,176.61253,179.09076,501070.1
2013-10-02,AMG,178.40343,179.91844,177.46443,179.90393,311166.22
2013-10-03,AMG,178.10333,181.48187,177.26114,180.03946,329732.25
2013-10-04,AMG,180.43636,182.74034,178.68417,182.47896,223269.64
2013-10-07,AMG,175.9252,181.32698,175.9252,179.37149,288309.12
2013-10-08,AMG,179.41989,180.6687,176.68999,176.83519,292366.72
2013-10-09,AMG,177.7742,179.08109,175.90585,177.64835,326116.78
2013-10-10,AMG,180.59125,182.14014,180.15562,181.37538,588027.7
2013-10-11,AMG,181.37538,182.8178,180.32988,182.6629,335226.75
2013-10-14,AMG,180.67838,183.56319,180.02011,183.04044,375028.1
2013-10-15,AMG,182.60481,183.63095,176.19626,181.73355,307626.16
2013-10-16,AMG,182.72098,184.7055,181.72388,183.60191,381898.53
2013-10-17,AMG,183.18564,189.41994,183.18564,189.16824,612359.9
2013-10-18,AMG,190.32991,193.09856,188.93591,192.20795,465467.9
2013-10-21,AMG,191.85945,193.30185,190.70746,192.93399,346590.75
2013-10-22,AMG,191.9272,194.0279,191.5613,193.66003,415823.16
2013-10-23,AMG,192.64357,194.38608,191.75296,194.19247,379316.06
2013-10-24,AMG,193.94077,195.8188,193.13728,194.88948,282524.34
2013-10-25,AMG,195.3735,196.08018,194.30864,196.0705,317060.5
2013-10-28,AMG,196.40932,196.40932,194.32315,195.39285,306418.56
2013-10-29,AMG,195.14117,196.20602,194.30864,195.86722,355247.25
2013-10-30,AMG,196.04146,196.61263,192.25636,192.67262,381278.75
2013-10-31,AMG,192.55646,193.59227,190.9398,191.1334,501622.75
2013-11-01,AMG,191.87881,193.32121,190.14598,191.99498,320332
2013-11-04,AMG,193.61163,193.9795,191.61743,191.96594,658431.5
2013-11-05,AMG,193.35025,193.35025,186.64162,187.02884,795406.75
2013-11-06,AMG,188.68422,193.56323,187.63872,193.56323,871238.94
2013-11-07,AMG,193.65034,195.16054,188.67453,188.86815,590610.2
2013-11-08,AMG,189.36186,196.3222,189.36186,196.04146,873411.4
2013-11-11,AMG,196.18668,196.29315,194.0763,194.66681,319815.5
2013-11-12,AMG,194.6281,195.13148,192.5758,194.34735,391505.4
2013-11-13,AMG,192.44997,196.58357,192.30475,196.44804,436135.97
2013-11-14,AMG,194.22151,195.49934,193.48578,195.49934,502965.66
2013-11-15,AMG,195.964,196.76741,194.76846,195.20892,239373.02
2013-11-18,AMG,196.19635,196.19635,192.83719,193.5342,260554.6
2013-11-19,AMG,192.26604,193.34058,190.87202,191.49158,287276.12
2013-11-20,AMG,191.70456,194.19247,191.53032,192.5855,375743.94
2013-11-21,AMG,193.6213,195.09276,192.03369,194.01822,226949.17
2013-11-22,AMG,194.4248,195.34445,193.80524,194.6765,184440.36
2013-11-25,AMG,195.05405,195.83817,193.88269,194.4732,176551.38
2013-11-26,AMG,194.328,195.47998,192.13051,194.26991,290073.47
2013-11-27,AMG,194.61841,194.8217,192.97272,194.5797,183356.75
2013-11-29,AMG,194.93787,195.64456,193.37929,193.85365,96015.92
2013-12-02,AMG,194.0279,197.23218,192.97272,194.36671,311344.94
2013-12-03,AMG,194.7249,195.79944,192.6339,193.34058,203500.17
2013-12-04,AMG,192.65324,193.5342,189.27473,192.32411,236969.23
2013-12-05,AMG,192.10147,192.10147,189.63292,191.74329,277389.3
2013-12-06,AMG,193.89236,196.9437,193.18568,196.53517,391201.7
2013-12-09,AMG,196.8643,199.22638,196.01242,198.54874,484614.47
2013-12-10,AMG,198.33577,198.53905,196.27379,196.31252,250821.7
2013-12-11,AMG,195.47998,197.46451,191.88849,192.60486,364270.47
2013-12-12,AMG,193.19537,195.41222,192.69199,193.4374,321209
2013-12-13,AMG,195.15085,196.69005,193.5342,195.49934,287507.53
2013-12-16,AMG,196.58357,198.52937,195.55742,197.34834,242573.23
2013-12-17,AMG,197.07729,197.93207,195.69102,197.19345,285942.53
2013-12-18,AMG,198.39384,202.87596,196.53517,202.72107,323224.38
2013-12-19,AMG,202.32416,203.35999,201.3561,201.52066,404727.75
2013-12-20,AMG,201.54971,205.48972,201.17216,204.12474,468050.38
2013-12-23,AMG,201.98534,207.67752,201.98534,207.05797,341238.78
2013-12-24,AMG,206.89339,207.47423,206.10936,207.17412,80603.625
2013-12-26,AMG,207.88081,209.50714,207.11604,207.91953,260418.23
2013-12-27,AMG,207.7356,210.22835,207.7356,208.01634,224481.34
2013-12-30,AMG,207.95827,209.20705,207.5904,208.11314,205161.22
2013-12-31,AMG,208.29707,210.53328,208.29707,209.95245,248986.08
2014-01-02,AMG,209.02312,209.76852,205.02504,206.56425,295023.6
2014-01-03,AMG,206.56425,208.91663,205.68332,207.51295,198365.14
2014-01-06,AMG,208.42293,210.46553,205.75108,206.64171,179224.77
2014-01-07,AMG,208.1325,212.38228,207.44518,209.13928,212487.23
2014-01-08,AMG,209.40067,210.16544,207.23222,209.03279,296394.38
2014-01-09,AMG,209.34258,211.1335,207.67752,208.40356,289445.4
2014-01-10,AMG,209.32321,210.51393,206.51585,207.5807,300808.38
2014-01-13,AMG,207.12573,207.87112,201.59811,202.2467,451880.9
2014-01-14,AMG,203.52455,205.0928,202.05795,204.65718,489933.38
2014-01-15,AMG,204.84111,206.95148,203.62135,206.95148,264993.38
2014-01-16,AMG,205.25737,207.06764,205.25737,206.12862,183407.36
2014-01-17,AMG,205.82852,206.96115,204.60878,205.1993,214243.33
2014-01-21,AMG,205.66396,207.26608,204.06667,204.22156,351028.5
2014-01-22,AMG,203.53423,205.97374,203.53423,205.22833,373944.47
2014-01-23,AMG,203.21477,204.58942,200.89143,201.66588,283900.28
2014-01-24,AMG,189.89429,198.9069,189.89429,194.06662,370761.8
2014-01-27,AMG,194.40544,196.05115,189.92818,190.37833,369633.78
2014-01-28,AMG,192.01434,194.15181,192.01434,193.69876,448957.53
2014-01-29,AMG,192.44997,193.36961,189.83621,190.23311,254355.58
2014-01-30,AMG,193.00175,194.63777,192.39189,192.89526,247402.48
2014-01-31,AMG,190.70746,194.38608,189.74907,192.87592,480859.53
2014-02-03,AMG,192.06273,193.68909,181.23018,181.69484,1040574.9
2014-02-04,AMG,181.02687,187.80328,175.07332,187.3967,1527387.5
2014-02-05,AMG,186.3512,186.51576,180.37828,181.57867,781564.6
2014-02-06,AMG,181.89812,183.16629,180.95427,182.60481,432948.16
2014-02-07,AMG,183.06949,184.19243,179.68127,180.68805,824413.25
2014-02-10,AMG,180.3202,181.07529,177.46443,181.03656,765966.4
2014-02-11,AMG,183.4567,184.77325,180.97847,184.7539,607138.1
2014-02-12,AMG,184.87007,188.86815,184.11499,188.539,1027624.2
2014-02-13,AMG,188.75198,188.75198,185.80908,187.9001,734907.3
2014-02-14,AMG,186.8449,187.78876,184.04721,184.49252,547692.3
2014-02-18,AMG,185.1508,186.26407,183.57288,183.8052,702230.5
2014-02-19,AMG,183.64062,185.03464,181.14304,181.43346,665884.56
2014-02-20,AMG,181.51575,183.75438,180.0685,183.25342,559494.25
2014-02-21,AMG,183.93105,184.4538,180.08786,180.26212,720115.8
2014-02-24,AMG,180.54285,185.44122,180.24275,183.94073,641088.56
2014-02-25,AMG,183.92137,184.32796,182.25632,182.63385,381324.2
2014-02-26,AMG,182.37248,183.96977,180.13626,180.88167,470675.22
2014-02-27,AMG,180.89136,182.78876,180.04915,181.40442,509680.12
2014-02-28,AMG,180.9204,182.72958,180.58545,182.04333,771440.2
2014-03-03,AMG,180.48477,182.13046,179.59222,181.51091,659589.5
2014-03-04,AMG,184.40541,188.12274,183.5148,187.43542,564119
2014-03-05,AMG,187.43542,189.03273,186.71907,188.40347,517014.38
2014-03-06,AMG,188.42284,190.41704,187.73068,189.21666,570780.8
2014-03-07,AMG,190.02982,190.74617,187.59032,190.17502,604516.4
2014-03-10,AMG,190.31055,191.16245,188.38412,190.72682,333222.75
2014-03-11,AMG,190.56226,190.56226,187.24666,187.66776,253205.86
2014-03-12,AMG,186.42865,188.85846,184.88943,188.6455,500899.66
2014-03-13,AMG,188.49062,190.20407,182.12079,182.21759,681673.94
2014-03-14,AMG,182.09175,183.50511,179.0714,179.14885,773429.75
2014-03-17,AMG,181.53995,183.11789,180.49445,181.64644,348250.78
2014-03-18,AMG,182.08206,182.72098,179.51671,182.04333,540590.44
2014-03-19,AMG,182.44992,183.3115,180.46541,181.84004,304443.47
2014-03-20,AMG,181.07529,186.1963,181.0656,185.90588,476520.94
2014-03-21,AMG,186.57385,187.98721,183.00171,183.65031,488813.6
2014-03-24,AMG,184.79262,185.4993,181.114,181.63676,321475.53
2014-03-25,AMG,183.00171,183.64062,178.39375,179.37149,620974.06
2014-03-26,AMG,179.78777,180.67838,176.11882,177.23209,661133.8
2014-03-27,AMG,177.69676,178.35504,175.22821,176.12851,332934.53
2014-03-28,AMG,177.78387,185.52834,176.5835,184.87975,793030.9
2014-03-31,AMG,190.12662,194.75394,188.33572,193.66003,1178028.4
2014-04-01,AMG,196.7675,199.41031,195.36382,198.69394,900049.25
2014-04-02,AMG,198.55841,199.60391,197.03885,197.55164,501742.56
2014-04-03,AMG,197.38705,197.75493,193.94077,194.5216,531373
2014-04-04,AMG,196.05115,196.05115,187.55159,188.1905,796233.1
2014-04-07,AMG,188.1905,189.44897,183.7568,184.72487,757765.44
2014-04-08,AMG,185.78972,186.50609,183.83424,185.08304,572202.2
2014-04-09,AMG,186.69969,188.01627,183.87297,186.1479,363409.97
2014-04-10,AMG,185.78004,186.82555,176.1924,176.21562,1063925.8
2014-04-11,AMG,173.56314,176.31244,172.23885,173.57283,518366.56
2014-04-14,AMG,175.45087,176.76743,173.4373,175.35405,496258.4
2014-04-15,AMG,176.09947,177.53218,172.44116,176.16722,372179.1
2014-04-16,AMG,177.7742,179.28436,176.86906,179.04236,321721.38
2014-04-17,AMG,179.21661,181.42378,178.54091,180.67838,340354.56
2014-04-21,AMG,179.35214,180.90103,178.88747,179.34245,250371.31
2014-04-22,AMG,179.6232,181.49155,179.35214,180.38795,258359.47
2014-04-23,AMG,180.51381,181.48187,179.50702,179.9717,360488.66
2014-04-24,AMG,181.7626,181.7626,178.68903,179.75873,229541.98
2014-04-25,AMG,179.18758,179.59416,176.5835,176.66093,286090.25
2014-04-28,AMG,178.06462,178.06462,171.2011,174.02782,704260.4
2014-04-29,AMG,184.0569,192.42093,183.92137,188.87782,1369340.2
2014-04-30,AMG,188.68422,192.41124,187.01917,191.86913,778652.56
2014-05-01,AMG,192.74039,192.74039,189.27473,189.61356,455578
2014-05-02,AMG,189.41026,190.83331,188.21954,190.66875,416978.03
2014-05-05,AMG,188.80038,189.812,187.05788,189.44897,270007.53
2014-05-06,AMG,189.1973,189.1973,186.23503,186.48672,271253.3
2014-05-07,AMG,187.44511,189.79749,184.8604,189.77812,430054.75
2014-05-08,AMG,188.91655,191.3851,185.70744,186.06078,565710.8
2014-05-09,AMG,186.52544,186.55449,183.94073,185.55739,432575.25
2014-05-12,AMG,186.88364,189.91356,186.65129,189.42961,307597.22
2014-05-13,AMG,189.57483,189.91365,186.68033,187.16437,281357.06
2014-05-14,AMG,186.44801,187.62904,184.22147,184.37636,220016.73
2014-05-15,AMG,183.25342,183.73744,177.5225,179.95233,450548.34
2014-05-16,AMG,180.73645,180.7655,177.65804,179.1198,344761.3
2014-05-19,AMG,178.56802,182.57578,177.68707,182.47896,433364.47
2014-05-20,AMG,181.72388,181.72388,177.63383,178.48088,482985.44
2014-05-21,AMG,179.49734,182.4383,179.28436,180.31052,506016.1
2014-05-22,AMG,181.19145,184.68614,180.54285,183.76648,545634.56
2014-05-23,AMG,183.7084,185.38313,183.19533,183.78584,410280.1
2014-05-27,AMG,184.68614,185.82506,183.50511,184.64742,291974.2
2014-05-28,AMG,184.68614,185.33473,180.57188,180.57188,735196.5
2014-05-29,AMG,181.17207,183.62126,180.14594,183.59222,357611.78
2014-05-30,AMG,182.78876,183.54384,180.98816,182.57578,336446.72
2014-06-02,AMG,183.22438,184.48285,179.79744,184.29892,393125.12
2014-06-03,AMG,183.39862,184.83134,182.1595,184.60869,425513.7
2014-06-04,AMG,184.22147,187.81296,182.92911,187.56126,483703.38
2014-06-05,AMG,188.47125,192.44997,186.63193,192.20795,701109.75
2014-06-06,AMG,192.45964,195.66391,191.3851,195.14117,644590.4
2014-06-09,AMG,194.48288,195.82848,193.7762,194.59906,378313
2014-06-10,AMG,193.65034,193.79556,192.2854,193.7762,245102
2014-06-11,AMG,192.5371,193.02112,191.25926,192.89526,267966.34
2014-06-12,AMG,192.03369,193.5342,191.26894,191.61743,358297.7
2014-06-13,AMG,192.46933,192.56613,190.02013,190.67842,268911.53
2014-06-16,AMG,190.67842,194.66681,190.60097,194.50224,631792.6
2014-06-17,AMG,193.51482,198.33577,193.51482,197.08696,536143.4
2014-06-18,AMG,197.55164,197.55164,194.26022,196.38995,437552.22
2014-06-19,AMG,197.22249,198.08406,194.06662,195.28638,281089.5
2014-06-20,AMG,195.70264,197.1644,195.23796,196.88368,771482.56
2014-06-23,AMG,196.77719,197.96402,195.30574,196.88368,343740.72
2014-06-24,AMG,195.75105,198.39384,194.93787,195.1218,364048.38
2014-06-25,AMG,195.17989,198.78107,194.60873,197.46451,1004215.5
2014-06-26,AMG,197.93886,198.14214,193.8246,194.14407,713310.44
2014-06-27,AMG,193.31154,196.57388,192.95335,195.98337,829189.8
2014-06-30,AMG,195.39285,199.35222,195.39285,198.83914,8913228
2014-07-01,AMG,200.82367,201.60779,198.60681,198.72298,826698.25
2014-07-02,AMG,198.33577,199.904,197.69684,199.19733,555993.44
2014-07-03,AMG,200.11699,202.26608,199.1102,201.99503,277958.5
2014-07-07,AMG,201.2593,202.04343,199.42966,200.04921,461239.84
2014-07-08,AMG,199.8072,200.22348,197.6678,199.12956,528025.06
2014-07-09,AMG,201.27866,201.36577,198.1615,198.95532,816168.94
2014-07-10,AMG,195.02501,197.04825,194.24086,196.34157,514265.6
2014-07-11,AMG,196.29315,198.07439,195.85753,197.39674,267630.62
2014-07-14,AMG,199.67168,199.67168,197.60002,198.22928,372005.53
2014-07-15,AMG,197.92918,200.21379,197.18378,198.51001,402232.03
2014-07-16,AMG,199.67168,202.77914,198.0163,198.97467,254321.5
2014-07-17,AMG,197.6678,200.49452,195.41222,195.78009,428631.28
2014-07-18,AMG,196.64166,199.88464,196.05115,198.965,386657.56
2014-07-21,AMG,197.33867,199.03276,196.6707,198.6649,224491.67
2014-07-22,AMG,200.3106,201.93694,199.34253,200.59134,347541.1
2014-07-23,AMG,200.61069,202.33383,199.76848,200.06857,260432.7
2014-07-24,AMG,201.56908,201.77235,199.72977,200.2041,234028.3
2014-07-25,AMG,198.72298,200.7075,198.19055,198.58745,246657.7
2014-07-28,AMG,198.57777,200.62038,197.95822,199.82657,535322.2
2014-07-29,AMG,202.208,202.21767,196.14793,197.56131,567004.1
2014-07-30,AMG,202.21767,202.21767,195.87689,198.9069,402259.9
2014-07-31,AMG,196.82559,197.73555,192.35315,192.88559,682029.25
2014-08-01,AMG,191.9853,192.87592,187.30959,189.33282,622925.4
2014-08-04,AMG,190.42673,191.22054,189.33282,190.5913,540733
2014-08-05,AMG,189.06177,189.78296,186.37056,187.3483,505737.16
2014-08-06,AMG,186.43832,190.72682,186.1963,188.55836,419336.38
2014-08-07,AMG,189.79749,190.36864,187.52255,187.95818,266753.6
2014-08-08,AMG,188.75198,190.388,186.903,190.31055,242668.27
2014-08-11,AMG,190.98819,192.2854,189.96205,191.16245,262945.97
2014-08-12,AMG,190.09758,191.56903,189.6426,190.6397,297869.5
2014-08-13,AMG,191.89816,192.17891,190.45576,191.54967,260021.56
2014-08-14,AMG,191.54,193.19537,191.54,192.50804,304488.94
2014-08-15,AMG,193.32121,193.39867,189.71036,191.65616,337421.88
2014-08-18,AMG,193.29218,194.84106,193.25346,194.2796,215204.02
2014-08-19,AMG,194.89915,194.9669,193.35994,193.631,256948.4
2014-08-20,AMG,192.72102,194.11502,192.24667,193.79556,318318.7
2014-08-21,AMG,193.8246,194.63777,193.38414,194.38608,387188.5
2014-08-22,AMG,194.7249,196.08018,193.35036,194.4248,287079.84
2014-08-25,AMG,195.74136,197.90013,194.87012,197.72588,314718.7
2014-08-26,AMG,199.41998,207.50328,199.41998,206.41904,1154172.4
2014-08-27,AMG,207.14508,207.56136,203.90219,204.55069,398516.34
2014-08-28,AMG,203.43742,204.18283,202.0531,203.56328,281068.84
2014-08-29,AMG,204.33772,205.3445,202.64362,204.40547,275019.62
2014-09-02,AMG,205.45097,206.34352,203.45679,204.40547,317982.97
2014-09-03,AMG,204.73463,206.59329,204.02794,204.78302,227214.66
2014-09-04,AMG,204.88951,206.71913,203.1954,204.06667,224239.62
2014-09-05,AMG,203.66008,204.52165,201.99503,204.43452,223959.69
2014-09-08,AMG,203.2438,205.36386,203.2438,204.47325,205440.14
2014-09-09,AMG,204.06667,204.10538,200.39772,201.07536,371023.16
2014-09-10,AMG,202.09181,202.84682,199.87497,200.12666,471655.53
2014-09-11,AMG,198.44225,199.62328,198.05502,198.94563,384613.25
2014-09-12,AMG,199.33286,199.38127,197.72588,199.20702,361582.62
2014-09-15,AMG,198.61649,198.61649,196.03178,197.54195,254444.42
2014-09-16,AMG,197.50323,198.54874,194.51677,198.3648,461969.12
2014-09-17,AMG,198.79076,202.01437,198.18086,200.32996,369047.03
2014-09-18,AMG,201.52066,203.18573,201.16733,202.80818,389058.22
2014-09-19,AMG,204.43452,204.56522,200.55261,201.87885,389082
2014-09-22,AMG,201.69493,201.69493,198.37448,198.80043,221699.48
2014-09-23,AMG,198.31639,199.91368,196.35124,196.48677,308020.75
2014-09-24,AMG,196.13826,198.07439,195.79944,197.94853,338643.9
2014-09-25,AMG,197.08696,197.20796,193.61163,193.9795,273968.03
2014-09-26,AMG,194.81203,196.54485,193.9795,195.53807,407025.12
2014-09-29,AMG,192.7307,194.74426,191.782,194.40544,392560.1
2014-09-30,AMG,194.86043,196.08986,193.64067,193.96013,432467.8
2014-10-01,AMG,193.71812,193.93109,187.4935,189.15855,781282.6
2014-10-02,AMG,188.5874,191.01724,186.3996,190.50417,467665.1
2014-10-03,AMG,192.14987,193.46643,191.37543,192.42093,267356.88
2014-10-06,AMG,193.50514,194.4732,190.8817,192.39189,232146.17
2014-10-07,AMG,190.65906,191.52063,188.32797,188.94559,650471.25
2014-10-08,AMG,188.29698,193.27281,187.25148,193.20505,551334.6
2014-10-09,AMG,191.90785,192.03369,185.98334,187.07724,694896.25
2014-10-10,AMG,186.61258,187.45479,183.63095,184.29892,887214.25
2014-10-13,AMG,184.02786,184.91364,179.09076,179.43927,788597.25
2014-10-14,AMG,180.14594,181.18178,177.98718,179.06172,468080.34
2014-10-15,AMG,174.95715,176.02202,168.85355,175.32501,899930.44
2014-10-16,AMG,171.2979,176.2834,169.71997,175.47021,643152.44
2014-10-17,AMG,177.63867,180.31535,177.59996,179.23596,564977.44
2014-10-20,AMG,178.2679,180.46541,177.5806,179.74904,399773.5
2014-10-21,AMG,181.07529,185.3541,180.99783,185.28633,612632.6
2014-10-22,AMG,184.89911,184.89911,180.6687,180.72678,377458.72
2014-10-23,AMG,183.38895,185.42186,182.84683,184.2021,414162.1
2014-10-24,AMG,184.04721,185.86717,182.54674,185.46059,433750.78
2014-10-27,AMG,185.11209,187.73552,183.11789,187.43542,621681.6
2014-10-28,AMG,189.00368,190.84299,187.52661,190.83331,327522.7
2014-10-29,AMG,191.6271,192.61453,189.2457,190.69778,355923.88
2014-10-30,AMG,189.66196,191.74329,189.66196,190.66875,319980.78
2014-10-31,AMG,194.18279,195.38803,192.0821,193.40834,632965.06
2014-11-03,AMG,193.61163,196.82559,185.88654,186.9998,838473.4
2014-11-04,AMG,185.86717,186.67065,184.18274,185.81876,531775.9
2014-11-05,AMG,187.08691,187.57094,182.49834,185.12177,739422.5
2014-11-06,AMG,185.73164,189.28441,184.44423,188.96495,684246.06
2014-11-07,AMG,189.42961,191.85945,189.0424,190.41704,395431.8
2014-11-10,AMG,190.89139,192.81783,188.539,189.89429,461133.44
2014-11-11,AMG,190.25247,192.78877,189.85654,192.71135,391885.53
2014-11-12,AMG,191.96594,194.5797,191.87881,193.83429,395847.1
2014-11-13,AMG,193.89236,194.72481,191.46254,192.65324,270551.94
2014-11-14,AMG,192.39189,193.4277,190.48094,190.64938,186283.23
2014-11-17,AMG,190.32991,190.32991,188.41316,189.21666,186458.84
2014-11-18,AMG,189.14888,191.90302,189.14888,191.44318,261181.62
2014-11-19,AMG,190.53322,191.97562,189.57483,191.6271,218831.89
2014-11-20,AMG,190.02013,193.76653,189.93301,192.5758,263277.56
2014-11-21,AMG,194.31831,195.54774,193.22441,194.5216,374613.84
2014-11-24,AMG,195.60583,197.02888,193.79556,196.82559,343496.9
2014-11-25,AMG,196.69974,197.51291,194.38608,197.05792,412606.4
2014-11-26,AMG,197.20314,197.9195,195.90593,196.68037,399548.3
2014-11-28,AMG,197.40642,197.85173,196.13826,197.08696,177013.12
2014-12-01,AMG,195.48967,196.64166,192.40157,195.48967,540304.3
2014-12-02,AMG,195.17021,196.55452,194.51192,195.6736,591214.5
2014-12-03,AMG,194.84106,197.37738,194.46353,197.12569,408911.38
2014-12-04,AMG,197.14503,197.14503,194.95723,196.3706,306077.7
2014-12-05,AMG,197.02888,199.65233,196.63197,199.41998,284269.06
2014-12-08,AMG,199.98146,202.56618,198.81989,199.70071,484868.6
2014-12-09,AMG,196.69974,199.72008,195.99315,199.50711,332037.9
2014-12-10,AMG,199.22638,200.22348,195.24765,195.52838,434222.88
2014-12-11,AMG,197.3193,198.94563,195.35414,197.30962,585946.2
2014-12-12,AMG,195.8188,196.51581,188.54869,188.57773,586228.2
2014-12-15,AMG,190.3396,191.9369,185.73164,187.08691,424044.78
2014-12-16,AMG,185.32506,187.78392,183.205,183.47606,644678.2
2014-12-17,AMG,185.47995,196.45773,185.05884,196.0705,994023.94
2014-12-18,AMG,200.09763,205.48003,199.41998,205.35419,590200.06
2014-12-19,AMG,206.82562,207.25157,201.42387,204.41516,672900.7
2014-12-22,AMG,206.18672,206.97084,204.22156,206.93211,296872.66
2014-12-23,AMG,207.6872,209.57492,207.1354,207.23222,223965.88
2014-12-24,AMG,207.27094,208.87791,206.11894,206.97084,121038.18
2014-12-26,AMG,206.99988,208.6359,206.7385,206.93211,183330.92
2014-12-29,AMG,206.68042,208.54877,205.7414,207.34839,183447.66
2014-12-30,AMG,207.19348,208.05505,206.10927,206.51585,292198.34
2014-12-31,AMG,207.79369,208.36485,205.33482,205.46068,255202.64
2015-01-02,AMG,206.93211,206.93211,201.10442,203.70848,344254.1
2015-01-05,AMG,201.45291,201.45291,195.30574,196.3222,528478.56
2015-01-06,AMG,196.25443,197.62907,190.47511,192.09178,835017
2015-01-07,AMG,194.71523,198.84883,194.49257,196.80623,450506
2015-01-08,AMG,198.88754,200.27188,197.77429,198.8101,469334.4
2015-01-09,AMG,198.68427,199.65233,195.49934,198.78107,487983.06
2015-01-12,AMG,198.74234,198.74234,193.96498,195.15085,293854.25
2015-01-13,AMG,197.43546,200.32996,192.87592,194.74426,376038.34
2015-01-14,AMG,192.75974,193.70845,187.98721,191.71423,454995.38
2015-01-15,AMG,191.82072,192.05305,187.842,188.16147,371394
2015-01-16,AMG,187.18373,189.2457,185.2476,189.14888,439368.22
2015-01-20,AMG,191.01724,192.54677,188.91171,191.47221,478723.3
2015-01-21,AMG,190.35896,196.33188,190.18471,195.964,589142.3
2015-01-22,AMG,197.3193,204.33772,195.59616,203.86337,659358.1
2015-01-23,AMG,203.76657,204.44421,199.73944,199.94273,348210.47
2015-01-26,AMG,199.03276,203.96889,198.81494,203.53423,335097.62
2015-01-27,AMG,198.45192,201.27866,194.55064,198.30672,853824.75
2015-01-28,AMG,200.814,204.68622,198.8198,199.04243,681640.9
2015-01-29,AMG,199.63295,201.13345,197.9195,198.55841,490427.16
2015-01-30,AMG,195.94466,202.27333,195.94466,198.95532,570080.44
2015-02-02,AMG,198.47128,200.6591,196.99983,200.60101,345334.62
2015-02-03,AMG,203.16637,204.75398,200.14603,204.22156,655657.94
2015-02-04,AMG,203.29222,204.83142,202.08214,202.82755,400337.5
2015-02-05,AMG,203.9989,207.33868,203.0502,206.1383,340209.94
2015-02-06,AMG,207.50328,208.92632,205.84789,207.60007,440313.4
2015-02-09,AMG,206.72882,208.1664,204.71526,207.89049,359321.38
2015-02-10,AMG,210.06862,210.92052,206.12862,206.4384,714457.06
2015-02-11,AMG,206.68042,207.40646,204.98631,206.17702,490680.22
2015-02-12,AMG,207.32901,207.97762,206.65138,207.70656,361526.84
2015-02-13,AMG,207.4839,209.46843,206.9902,208.87791,391529.16
2015-02-17,AMG,208.40356,210.77048,208.40356,210.38808,329813.84
2015-02-18,AMG,209.5846,212.21674,209.25546,209.71045,465984.4
2015-02-19,AMG,209.01344,211.25925,208.65042,210.62042,323114.88
2015-02-20,AMG,209.7782,212.03378,208.7327,211.33678,427989.78
2015-02-23,AMG,211.49167,211.49167,208.02602,208.95537,415847.94
2015-02-24,AMG,209.6233,212.8179,209.6233,211.15285,430740.66
2015-02-25,AMG,210.33968,212.33388,210.33968,211.45294,292013.44
2015-02-26,AMG,210.9689,212.55653,210.9689,212.05315,285881.6
2015-02-27,AMG,212.29517,213.15672,209.40067,209.50714,228939.75
2015-03-02,AMG,209.88469,211.95633,209.46843,211.02701,511822.56
2015-03-03,AMG,210.03958,211.80144,208.71335,210.10735,235613.94
2015-03-04,AMG,208.64557,208.64557,205.86725,205.95438,433084.5
2015-03-05,AMG,207.21286,209.16833,206.0899,208.91663,322759.53
2015-03-06,AMG,208.04538,213.03088,207.03859,207.54199,664748.25
2015-03-09,AMG,207.41614,208.59717,206.39969,207.70656,249304.23
2015-03-10,AMG,205.56715,206.83337,202.0531,202.23703,421527.34
2015-03-11,AMG,202.06277,203.82465,201.49162,202.57585,306591.1
2015-03-12,AMG,203.91177,207.14499,203.91177,206.9902,299963.38
2015-03-13,AMG,205.96405,207.15477,202.51776,204.12474,446231.44
2015-03-16,AMG,205.1412,207.27579,204.50229,207.02892,495823.5
2015-03-17,AMG,205.59619,206.84499,204.91855,206.01245,533344
2015-03-18,AMG,205.60588,210.53813,204.78302,209.50714,450697.1
2015-03-19,AMG,209.15865,210.21382,206.07054,206.62234,341142.72
2015-03-20,AMG,207.67752,212.7211,206.54489,212.28548,563102.5
2015-03-23,AMG,212.73079,214.38617,212.22739,212.22739,361419.4
2015-03-24,AMG,211.58849,212.87599,210.17511,210.17511,255491.88
2015-03-25,AMG,210.18478,210.32031,206.79659,207.05797,337118.16
2015-03-26,AMG,206.28351,210.04443,205.0444,208.26804,381345.88
2015-03-27,AMG,207.61943,209.11993,205.71236,207.087,295439.9
2015-03-30,AMG,208.4326,211.05605,207.5904,209.69109,279337.56
2015-03-31,AMG,207.90985,209.9815,207.84209,207.91953,403307.38
2015-04-01,AMG,208.30675,209.5362,206.83531,207.63881,420192.72
2015-04-02,AMG,206.72882,208.83919,206.21576,207.39679,282093.6
2015-04-06,AMG,205.52843,209.05215,205.20897,208.26804,389067.53
2015-04-07,AMG,208.04538,209.15865,207.32901,207.32901,281770.25
2015-04-08,AMG,208.34547,209.31354,207.46454,208.84888,215687.45
2015-04-09,AMG,208.61653,211.86922,207.40161,211.71432,298620.5
2015-04-10,AMG,211.63687,212.25642,208.76173,210.74626,385985.06
2015-04-13,AMG,210.03958,213.27289,209.69109,212.10155,419284.72
2015-04-14,AMG,211.05605,214.09575,210.69786,212.83727,438449.9
2015-04-15,AMG,213.09865,214.32924,212.26128,212.49844,301931.25
2015-04-16,AMG,212.08218,213.45683,210.61073,212.90503,230626.64
2015-04-17,AMG,210.80434,211.92729,209.44907,211.05605,370981.84
2015-04-20,AMG,212.89536,213.53427,211.17221,212.9728,225822.17
2015-04-21,AMG,213.42778,215.31743,212.15964,213.20514,254976.4
2015-04-22,AMG,213.21481,214.31839,211.17221,213.97957,188878.11
2015-04-23,AMG,214.15382,215.61559,212.80823,215.08316,204666.42
2015-04-24,AMG,214.49266,216.02217,213.6698,215.24774,274639.5
2015-04-27,AMG,215.89633,218.8005,215.30872,215.57687,446944.22
2015-04-28,AMG,216.45781,221.60013,212.23708,220.73663,548000.1
2015-04-29,AMG,219.77824,223.26326,218.08414,218.2003,862646.5
2015-04-30,AMG,218.42297,220.61078,217.39684,218.907,709036.94
2015-05-01,AMG,220.73663,221.37553,218.31648,219.21677,428377.16
2015-05-04,AMG,220.48492,220.72694,218.28745,219.5459,293804.66
2015-05-05,AMG,218.68434,220.21387,215.18965,216.5643,563486.8
2015-05-06,AMG,216.77725,216.87698,212.0483,213.8634,403541.88
2015-05-07,AMG,214.56041,215.5188,212.95354,214.46361,344850.16
2015-05-08,AMG,217.43555,220.48492,215.0154,216.33195,439184.34
2015-05-11,AMG,216.7095,217.755,215.70273,215.91568,293177.62
2015-05-12,AMG,214.8702,215.0153,212.4791,213.94086,267316.6
2015-05-13,AMG,213.77629,214.4394,212.60977,213.90215,451962.5
2015-05-14,AMG,215.48006,217.09673,214.21191,216.23515,249618.27
2015-05-15,AMG,216.62238,217.55171,214.03767,215.29613,258368.77
2015-05-18,AMG,215.10252,218.44232,215.10252,217.61948,233062.44
2015-05-19,AMG,217.8131,218.21967,216.28355,217.17416,235810.2
2015-05-20,AMG,217.12576,219.65239,215.93457,218.50041,293574.3
2015-05-21,AMG,217.59044,219.11998,217.59044,218.2584,201629.4
2015-05-22,AMG,218.01639,219.08124,216.92247,217.69693,155937.94
2015-05-26,AMG,217.71628,217.76468,215.17996,215.5188,256149.89
2015-05-27,AMG,216.48685,217.87117,215.56718,217.6679,165792.72
2015-05-28,AMG,218.32616,218.32616,216.33195,217.8518,282159.7
2015-05-29,AMG,217.61948,218.65529,216.50621,216.5159,471441.72
2015-06-01,AMG,217.16449,217.63884,214.4733,215.9641,375451.62
2015-06-02,AMG,215.45102,218.46169,214.38617,217.5614,382312.78
2015-06-03,AMG,218.78114,219.44911,217.68724,218.84892,467462.62
2015-06-04,AMG,217.64851,218.5585,215.69304,215.89633,532337.9
2015-06-05,AMG,217.23225,218.15192,214.57977,215.05412,381601.03
2015-06-08,AMG,216.23515,216.62238,212.79855,213.1761,343119.88
2015-06-09,AMG,213.01152,214.54105,210.60106,211.50134,522169.03
2015-06-10,AMG,212.66301,217.07736,212.3726,216.7095,358529.06
2015-06-11,AMG,217.6679,218.82956,216.2061,216.99023,257260.38
2015-06-12,AMG,216.26419,216.26419,214.14415,214.57008,136992.8
2015-06-15,AMG,212.33388,214.54105,211.8208,214.1635,258908
2015-06-16,AMG,213.53427,216.9612,213.12769,216.67079,224430.73
2015-06-17,AMG,217.46458,218.48105,215.58655,216.17706,283914.75
2015-06-18,AMG,216.92247,218.35036,216.18675,217.8518,351562.56
2015-06-19,AMG,218.15192,219.06187,216.71918,217.93893,468912.94
2015-06-22,AMG,219.11028,221.78214,216.94185,220.62045,333364.25
2015-06-23,AMG,220.71727,221.80148,220.23323,220.63982,480291.38
2015-06-24,AMG,219.52655,220.50429,218.29712,219.18773,525712.2
2015-06-25,AMG,219.58464,220.3494,218.30225,218.67465,349669.06
2015-06-26,AMG,219.73953,220.61078,218.29712,219.51686,571085.5
2015-06-29,AMG,216.89343,217.83728,211.98537,212.26611,320554.1
2015-06-30,AMG,214.20224,215.34454,209.97182,211.61752,623373.7
2015-07-01,AMG,213.6214,214.7153,211.64656,213.04057,314639.16
2015-07-02,AMG,212.4694,213.83437,210.89244,212.24675,234446.66
2015-07-06,AMG,209.74916,210.3784,207.52263,208.85855,327216.9
2015-07-07,AMG,209.19737,209.19737,202.32416,208.76173,520019.38
2015-07-08,AMG,206.47713,206.95148,201.54004,202.13055,437664.8
2015-07-09,AMG,205.76077,207.72592,202.5565,203.9021,501878.94
2015-07-10,AMG,206.08023,207.88081,204.80238,206.9902,540630.75
2015-07-13,AMG,208.4326,210.0299,207.69978,209.60396,356622.16
2015-07-14,AMG,209.00375,210.76562,208.59717,209.73949,262534.84
2015-07-15,AMG,209.96214,211.14317,209.15865,209.80724,220632.4
2015-07-16,AMG,211.21092,213.53427,210.11703,212.96312,351835.25
2015-07-17,AMG,212.26611,213.12769,210.17511,211.81113,361608.44
2015-07-20,AMG,212.39195,212.39195,210.3784,211.26903,173369.75
2015-07-21,AMG,211.96602,213.31163,210.38324,210.93987,203464.02
2015-07-22,AMG,210.92052,212.26611,210.18478,211.70465,218649.05
2015-07-23,AMG,212.07251,213.6698,209.05215,209.34258,243419.25
2015-07-24,AMG,208.96504,209.78789,205.9447,206.86435,245120.6
2015-07-27,AMG,204.60878,204.65718,201.11409,203.44711,499937.94
2015-07-28,AMG,202.32416,203.93404,199.58455,201.37546,626206.2
2015-07-29,AMG,201.23994,203.84401,198.57777,203.68912,829441.9
2015-07-30,AMG,202.5565,203.21477,200.62038,202.56618,596594.3
2015-07-31,AMG,203.45679,203.45679,199.62328,201.2593,700826.7
2015-08-03,AMG,200.79462,202.17896,199.37158,202.08214,571461.5
2015-08-04,AMG,202.95338,204.87984,202.48872,204.27963,437371.44
2015-08-05,AMG,205.72203,207.99698,204.68622,205.30577,361068.2
2015-08-06,AMG,205.26704,205.77045,202.16927,202.93404,179086.34
2015-08-07,AMG,202.45001,203.04053,200.83336,202.34352,240005.2
2015-08-10,AMG,204.36676,205.68332,204.26027,205.06377,237875.17
2015-08-11,AMG,203.2438,203.47615,199.77815,200.87207,267540.75
2015-08-12,AMG,198.59712,200.02986,193.68909,196.83527,691723.94
2015-08-13,AMG,196.50613,198.45192,195.31552,197.02888,253658.31
2015-08-14,AMG,197.54195,199.1586,197.09665,198.98436,174242.62
2015-08-17,AMG,198.17119,199.32559,197.116,199.14893,149279.25
2015-08-18,AMG,198.75201,199.36191,197.37253,198.3648,186997.03
2015-08-19,AMG,197.51291,198.58745,194.46353,195.3251,337606.78
2015-08-20,AMG,192.49837,194.90883,190.40833,190.56226,374630.38
2015-08-21,AMG,188.5874,190.0492,184.55061,184.62805,690322.1
2015-08-24,AMG,173.75676,182.63376,164.73445,176.89326,857987.7
2015-08-25,AMG,182.79843,183.22438,173.689,173.85356,803626.3
2015-08-26,AMG,176.31244,179.08109,173.37923,178.81003,828468.8
2015-08-27,AMG,180.6203,184.25052,179.98622,183.03076,571234.25
2015-08-28,AMG,181.44313,182.8178,178.7229,181.49155,917492.4
2015-08-31,AMG,180.39764,183.06949,179.35214,180.48477,390386.66
2015-09-01,AMG,176.40924,177.70645,172.65327,173.48572,628796.94
2015-09-02,AMG,175.71223,176.15755,170.82355,173.11784,640158.9
2015-09-03,AMG,172.32404,174.87003,170.7945,171.8981,659222.8
2015-09-04,AMG,170.16527,172.89519,166.78673,167.71608,725465.7
2015-09-08,AMG,170.3008,174.87003,169.10127,174.86035,603093.94
2015-09-09,AMG,176.18658,177.17401,171.53023,171.93681,481317.16
2015-09-10,AMG,170.93004,173.23401,170.23303,171.28821,346181.7
2015-09-11,AMG,170.16527,172.49829,168.14203,170.38791,431117.7
2015-09-14,AMG,170.46536,170.46536,167.93872,169.06168,325916.38
2015-09-15,AMG,168.93582,172.50797,168.19043,172.08202,492858.8
2015-09-16,AMG,172.38213,175.35405,170.33952,175.07332,645730.8
2015-09-17,AMG,174.7345,177.11594,173.28241,173.78581,482199.34
2015-09-18,AMG,172.01425,173.29208,168.95518,169.61348,660197.94
2015-09-21,AMG,170.89131,172.6435,169.52634,170.3976,366260
2015-09-22,AMG,167.85161,168.84871,164.92807,166.36081,322531.25
2015-09-23,AMG,166.79643,167.49342,163.46631,164.45372,545617
2015-09-24,AMG,162.77898,164.9668,161.70444,164.57956,414381.1
2015-09-25,AMG,166.61249,167.20494,164.45372,165.14104,290392.7
2015-09-28,AMG,163.49535,163.65024,160.23299,160.35883,500997.78
2015-09-29,AMG,160.76543,161.75284,159.28429,161.28818,477212.03
2015-09-30,AMG,163.35014,166.4576,163.05003,165.52827,582975.3
2015-10-01,AMG,165.60571,166.72865,163.16621,164.9184,333956.16
2015-10-02,AMG,161.78188,165.0636,158.27751,165.0636,773517.56
2015-10-05,AMG,166.73834,169.52634,166.23495,168.76158,505472.72
2015-10-06,AMG,168.21947,169.97165,167.55151,168.50989,314641.22
2015-10-07,AMG,169.42955,171.65608,169.03264,171.41406,586472
2015-10-08,AMG,170.10718,172.08202,167.60959,171.3947,379025.78
2015-10-09,AMG,171.61736,171.90778,167.47406,171.41406,320755.53
2015-10-12,AMG,171.16237,171.35597,168.31627,169.53603,243995.67
2015-10-13,AMG,168.33563,169.41502,165.37338,165.54762,233784.5
2015-10-14,AMG,165.83804,167.4063,164.04715,165.15073,298195.94
2015-10-15,AMG,165.91548,170.04425,165.23785,170.0007,293338.78
2015-10-16,AMG,171.00748,171.43341,169.41986,171.05588,283692.66
2015-10-19,AMG,170.10718,170.27174,167.01907,167.4063,438022.22
2015-10-20,AMG,166.6609,168.66476,166.6609,167.59991,464879.1
2015-10-21,AMG,168.31627,168.4518,163.25333,163.35982,524976.7
2015-10-22,AMG,164.415,171.44312,162.36281,171.23013,454559.47
2015-10-23,AMG,173.00168,176.13818,171.42374,175.90585,459607.72
2015-10-26,AMG,175.55736,176.14787,173.93102,175.2379,282038.84
2015-10-27,AMG,173.60187,174.90874,170.96875,172.86615,253389.73
2015-10-28,AMG,172.63382,177.62318,172.61446,177.44507,226625.84
2015-10-29,AMG,177.10623,177.44022,172.38213,174.12462,467225.03
2015-10-30,AMG,174.14398,175.13141,172.94359,174.50217,338514.78
2015-11-02,AMG,174.94748,179.8168,174.94748,179.14885,434982.12
2015-11-03,AMG,178.4325,181.114,177.5806,180.78487,281973.75
2015-11-04,AMG,180.9591,182.46445,180.07819,180.68805,287825.7
2015-11-05,AMG,180.33955,182.42574,180.28146,181.32698,196405.55
2015-11-06,AMG,182.38216,184.64742,180.13626,182.93396,412067.2
2015-11-09,AMG,181.10432,181.10432,171.33662,172.1885,619967.94
2015-11-10,AMG,172.22723,174.80228,170.38791,171.3947,757916.25
2015-11-11,AMG,172.25627,172.85646,170.92519,171.13332,693223.8
2015-11-12,AMG,169.80708,171.13332,165.6638,165.81868,946421.44
2015-11-13,AMG,165.20882,165.91064,161.2785,162.17879,907345.25
2015-11-16,AMG,162.1207,166.67058,161.26881,166.57378,689002
2015-11-17,AMG,167.19333,167.73534,164.73445,165.00551,533840.9
2015-11-18,AMG,165.94453,170.87195,165.00755,170.70737,773971.06
2015-11-19,AMG,170.8429,173.26305,170.07814,171.06557,801103.75
2015-11-20,AMG,171.79161,173.03072,169.38113,169.66187,336319.66
2015-11-23,AMG,169.77805,171.86903,169.01328,169.23593,269555.1
2015-11-24,AMG,167.86128,170.66866,167.3579,169.93292,269259.66
2015-11-25,AMG,170.204,171.5399,169.7006,170.55247,221956.7
2015-11-27,AMG,170.86227,171.70447,169.46826,171.0462,115743.05
2015-11-30,AMG,171.37534,172.68222,170.3976,171.56894,334584.22
2015-12-01,AMG,171.99489,174.26015,171.44312,174.12462,427979.44
2015-12-02,AMG,173.91165,174.10527,169.63283,170.11685,282621.44
2015-12-03,AMG,171.44312,172.05298,164.0084,165.19913,443369.03
2015-12-04,AMG,165.73155,170.07814,165.71704,169.91357,298897.3
2015-12-07,AMG,169.41986,169.65219,165.99294,167.08685,239961.81
2015-12-08,AMG,165.44113,165.9639,162.7693,163.65024,334776.38
2015-12-09,AMG,163.13716,165.29593,160.65894,161.2785,293379.06
2015-12-10,AMG,161.00745,162.94356,160.53308,160.56213,371907.4
2015-12-11,AMG,157.79349,158.65506,147.53206,147.88055,1202314.1
2015-12-14,AMG,148.34525,149.0616,137.15448,139.41005,2054079
2015-12-15,AMG,140.36844,148.17097,140.36844,147.37718,2111216
2015-12-16,AMG,149.08096,154.2407,147.87088,153.99869,1129420.8
2015-12-17,AMG,154.1536,155.89609,150.28136,152.69182,1166541.5
2015-12-18,AMG,150.44592,151.17197,147.46431,148.83894,1221020.6
2015-12-21,AMG,149.62306,151.21068,148.14194,149.3036,740077.44
2015-12-22,AMG,150.32974,153.32588,148.80023,152.87575,547299.75
2015-12-23,AMG,154.5408,157.70636,153.05968,157.45465,527754.44
2015-12-24,AMG,157.33849,159.04712,156.87383,157.89029,290772.8
2015-12-28,AMG,156.50597,158.16135,155.62503,158.03549,386580.06
2015-12-29,AMG,159.536,161.00647,156.5834,157.46434,396437.97
2015-12-30,AMG,156.79639,158.04517,155.16035,155.60568,285904.3
2015-12-31,AMG,154.5408,156.98999,152.76616,154.65697,338168.72
2016-01-04,AMG,150.1555,151.24942,148.3646,151.0074,631184.2
2016-01-05,AMG,152.16907,153.1565,148.18066,149.78764,457364.03
2016-01-06,AMG,146.69952,146.69952,142.30455,143.20483,736093.2
2016-01-07,AMG,139.33261,139.46815,133.82437,134.56009,1173592.8
2016-01-08,AMG,136.04121,136.4265,129.75851,129.94244,1497627
2016-01-11,AMG,131.23965,132.5562,128.01602,131.50102,964489.56
2016-01-12,AMG,132.56589,133.02087,130.01021,132.01408,661700.94
2016-01-13,AMG,132.68205,133.59203,125.847565,126.97051,892794.5
2016-01-14,AMG,127.774,129.39066,124.27931,127.609436,741656.9
2016-01-15,AMG,124.12442,125.58424,120.43612,124.10506,983077.3
2016-01-19,AMG,125.77012,127.65783,122.65297,124.50196,892912.25
2016-01-20,AMG,121.48162,123.911446,116.82526,122.52712,1025307.2
2016-01-21,AMG,123.11764,127.13508,121.97533,123.36934,475422.88
2016-01-22,AMG,126.88339,130.66849,126.186386,130.23286,814190.75
2016-01-25,AMG,129.88437,130.57652,123.4855,124.085686,752001.3
2016-01-26,AMG,122.82722,128.0015,122.80795,127.202835,724619.7
2016-01-27,AMG,126.98019,130.40712,125.954155,126.91243,739347.1
2016-01-28,AMG,128.40323,129.12444,124.16313,124.66653,487850.84
2016-01-29,AMG,126.09925,130.04893,125.82819,129.90373,637040.25
2016-02-01,AMG,128.58717,128.9502,125.40225,127.97729,621903.75
2016-02-02,AMG,121.965645,123.621025,117.83204,118.68393,992111.9
2016-02-03,AMG,119.564865,119.564865,113.54354,118.49032,818840.25
2016-02-04,AMG,119.39062,126.47679,118.24831,124.55037,661816.6
2016-02-05,AMG,124.44388,125.808846,120.19411,120.76526,655706.44
2016-02-08,AMG,117.69651,118.08374,113.378975,116.51548,805938.1
2016-02-09,AMG,113.93077,116.90271,113.35961,116.1089,767556.1
2016-02-10,AMG,116.834946,119.70039,116.41868,117.12536,551528.8
2016-02-11,AMG,112.74005,116.23474,112.26571,114.037254,789067.25
2016-02-12,AMG,116.62197,121.20088,115.315094,120.44579,547491.9
2016-02-16,AMG,122.77882,123.834,121.35094,122.57553,649139.7
2016-02-17,AMG,124.72461,128.16122,124.72461,126.428406,470386
2016-02-18,AMG,126.58328,126.80595,123.51454,125.07311,680117.2
2016-02-19,AMG,123.950165,125.48939,121.84949,125.40225,688848.06
2016-02-22,AMG,127.86112,130.94923,127.86112,130.67818,590025.5
2016-02-23,AMG,130.13605,130.46521,124.8795,125.044075,656948.1
2016-02-24,AMG,122.51744,125.35386,120.65877,124.81173,898960.44
2016-02-25,AMG,125.16023,126.19606,122.38191,126.137985,491809.28
2016-02-26,AMG,128.80981,132.91438,127.957924,132.5562,762862.2
2016-02-29,AMG,132.99184,135.48943,132.63849,134.26,1383619.4
2016-03-01,AMG,135.99281,140.51364,135.2958,139.57462,988811.44
2016-03-02,AMG,139.44878,140.6395,137.745,140.55237,778155.7
2016-03-03,AMG,140.23291,145.38297,139.5359,145.2184,663181.25
2016-03-04,AMG,146.30264,149.41978,144.51172,148.32587,842898.75
2016-03-07,AMG,146.33168,147.47398,145.09256,146.73827,395890.47
2016-03-08,AMG,145.11191,145.98317,142.46912,142.62401,425850.44
2016-03-09,AMG,144.39555,144.39555,141.07512,143.53398,352018.1
2016-03-10,AMG,145.08287,145.24744,138.66466,141.23969,611205
2016-03-11,AMG,145.17969,149.18744,143.0306,148.75182,748702.94
2016-03-14,AMG,147.33846,147.68695,143.75664,146.77698,516221.03
2016-03-15,AMG,144.94734,145.63467,141.6269,143.51462,514922.56
2016-03-16,AMG,142.21742,148.51949,142.21742,148.03545,680302.1
2016-03-17,AMG,147.8612,156.39948,147.8612,154.83122,837212.06
2016-03-18,AMG,155.67343,158.69377,153.4469,154.88931,1033705.44
2016-03-21,AMG,155.85736,157.86125,153.22424,157.19328,716540.6
2016-03-22,AMG,155.08292,156.7286,153.6889,156.33173,437078.06
2016-03-23,AMG,156.21555,156.21555,153.76636,153.90189,513453.66
2016-03-24,AMG,151.65599,152.51756,149.66286,152.4014,409310.12
2016-03-28,AMG,152.98224,152.98224,150.49916,151.53015,307072.47
2016-03-29,AMG,150.39752,155.60568,149.50691,155.20877,610428.2
2016-03-30,AMG,156.33173,159.82642,155.82832,157.84189,717381.5
2016-03-31,AMG,157.12552,158.66473,156.62213,157.21265,403601.78
2016-04-01,AMG,155.80896,158.86803,154.98128,158.65506,409146.9
2016-04-04,AMG,158.91643,158.9261,154.97643,155.4895,440294.8
2016-04-05,AMG,153.80508,155.55727,152.14003,154.1536,704707.6
2016-04-06,AMG,154.50209,156.4866,153.65019,155.56694,486791
2016-04-07,AMG,153.60179,154.6473,149.76828,151.01707,426185.12
2016-04-08,AMG,153.13713,153.3017,151.17197,152.2562,503849.88
2016-04-11,AMG,154.02774,156.81575,153.20004,154.05678,437445.8
2016-04-12,AMG,154.78282,159.44887,153.45659,158.90674,459903.16
2016-04-13,AMG,160.89127,165.25722,160.04915,165.04424,522847.72
2016-04-14,AMG,165.112,168.17107,164.48277,166.33176,558411.7
2016-04-15,AMG,166.11879,166.22528,163.80513,164.56021,454651.4
2016-04-18,AMG,163.0694,165.42178,163.03069,164.8119,650697.44
2016-04-19,AMG,165.71219,167.43535,165.13136,167.16428,796934.56
2016-04-20,AMG,168.33563,170.05878,166.28336,169.58443,525428.1
2016-04-21,AMG,169.33273,170.53313,167.59023,169.32306,549052.75
2016-04-22,AMG,169.71028,172.74998,167.95325,172.07234,587103.1
2016-04-25,AMG,171.66576,172.96295,167.66768,169.3424,644372.44
2016-04-26,AMG,171.36566,172.6435,169.92325,171.79161,519337.6
2016-04-27,AMG,171.3463,174.10527,170.5428,173.29208,491670.88
2016-04-28,AMG,169.84581,172.1885,167.57088,168.21947,439860.97
2016-04-29,AMG,167.47406,168.02586,163.25818,164.87967,826638.3
2016-05-02,AMG,164.85062,167.3095,161.9174,166.36081,757758.2
2016-05-03,AMG,163.1178,163.52438,157.85156,160.93,811608.25
2016-05-04,AMG,158.4324,160.63474,155.13132,157.26105,508627.5
2016-05-05,AMG,157.65796,158.07422,154.86995,157.42561,645332.06
2016-05-06,AMG,156.21555,159.536,155.46046,158.384,346548.38
2016-05-09,AMG,158.06453,159.41982,156.68022,156.76735,393183
2016-05-10,AMG,158.384,162.36272,157.65796,162.22719,468688.78
2016-05-11,AMG,161.28818,163.13716,159.95224,160.13618,503823.03
2016-05-12,AMG,161.48178,163.83417,160.04906,162.9629,704872.94
2016-05-13,AMG,162.17879,163.93097,157.40627,157.71603,558868.25
2016-05-16,AMG,158.25815,159.89417,157.74507,158.63568,304725.5
2016-05-17,AMG,157.7354,160.73637,156.49629,157.31912,494376.28
2016-05-18,AMG,157.13521,160.56213,157.13521,159.94257,399636.1
2016-05-19,AMG,157.92902,159.99098,155.43141,156.5834,383932.5
2016-05-20,AMG,158.12262,161.67538,157.17392,160.06842,369415.8
2016-05-23,AMG,159.49725,160.82834,159.081,159.62311,268784.47
2016-05-24,AMG,160.85255,166.14783,160.85255,165.20882,531931.9
2016-05-25,AMG,166.47696,167.5031,165.65411,166.1575,385760.9
2016-05-26,AMG,166.32207,166.33176,164.36176,164.8603,273274.9
2016-05-27,AMG,164.64734,167.03844,164.64734,166.97067,217181.17
2016-05-31,AMG,168.07425,169.12946,166.71898,167.97746,376911.25
2016-06-01,AMG,166.86418,167.54184,163.4179,167.203,381767.34
2016-06-02,AMG,166.12846,166.84473,164.80223,166.82547,314268.3
2016-06-03,AMG,164.87967,166.38016,161.9271,166.04134,575743.3
2016-06-06,AMG,168.36467,172.08685,167.66768,169.87485,507300.1
2016-06-07,AMG,167.4063,169.0036,165.53795,166.24463,2022856.8
2016-06-08,AMG,167.0578,168.44212,163.78577,165.47986,611770.06
2016-06-09,AMG,163.67928,163.77608,159.43918,161.19136,539350.9
2016-06-10,AMG,158.2388,158.60664,154.31816,154.57953,800187.44
2016-06-13,AMG,153.78572,154.5408,151.78183,151.97546,905462.1
2016-06-14,AMG,151.18164,152.2562,147.58046,149.24553,651675.7
2016-06-15,AMG,150.2039,152.07225,148.76149,148.92607,533570.2
2016-06-16,AMG,147.0674,147.40622,144.9667,147.13516,490594.5
2016-06-17,AMG,147.37718,148.57747,145.97348,146.87378,577500.44
2016-06-20,AMG,149.22617,151.68504,148.28714,148.33556,530386.5
2016-06-21,AMG,149.2552,149.6618,147.87088,148.3162,361867.72
2016-06-22,AMG,148.3065,151.16228,147.92412,149.43913,443869
2016-06-23,AMG,152.46916,154.55048,151.83025,154.46336,498787.2
2016-06-24,AMG,143.48558,146.0219,136.40907,136.59302,1420105.8
2016-06-27,AMG,132.74982,132.89502,126.97051,128.49036,1344496.6
2016-06-28,AMG,131.3655,134.19221,130.15541,132.17865,798869.4
2016-06-29,AMG,135.44102,135.65399,133.3016,135.54752,591656.6
2016-06-30,AMG,135.60559,136.7479,133.95747,136.27356,1129876.4
2016-07-01,AMG,135.95409,136.38971,132.74982,134.04701,771615.8
2016-07-05,AMG,132.50781,132.50781,128.95503,129.90373,875568.25
2016-07-06,AMG,128.52908,129.10023,126.834984,128.2193,1377543.2
2016-07-07,AMG,128.47101,131.19125,127.5223,130.0683,1056541.9
2016-07-08,AMG,133.03055,134.68594,132.3626,134.41489,952985.06
2016-07-11,AMG,135.81856,138.18063,135.20868,135.4991,1037596.75
2016-07-12,AMG,137.35777,139.91345,137.21257,139.14868,609939.56
2016-07-13,AMG,138.98412,139.37617,137.26581,138.35487,581248.1
2016-07-14,AMG,142.11095,142.69177,139.62303,139.62303,571629.9
2016-07-15,AMG,140.59108,140.82343,138.12253,140.01993,413077.44
2016-07-18,AMG,140.92992,142.1787,140.01025,141.74307,459329.84
2016-07-19,AMG,140.50397,141.64627,139.98122,141.31712,399284.88
2016-07-20,AMG,142.21742,142.42072,140.28131,141.927,300118.34
2016-07-21,AMG,141.42361,142.72081,141.15741,141.27841,503433.6
2016-07-22,AMG,141.55914,141.685,140.36844,141.07512,369970.53
2016-07-25,AMG,140.80406,141.07512,139.31325,139.7876,434522.44
2016-07-26,AMG,139.96185,140.86214,138.09349,140.31035,514064.16
2016-07-27,AMG,140.6395,141.93669,140.45555,141.1816,518633.1
2016-07-28,AMG,140.8331,142.09158,139.77792,141.64627,351895.2
2016-07-29,AMG,141.1332,143.41782,140.20871,142.09158,440193.6
2016-08-01,AMG,139.6424,141.7818,134.99571,139.87473,983796.25
2016-08-02,AMG,139.21645,139.99089,135.92505,136.52524,494150.06
2016-08-03,AMG,136.6898,139.7392,135.96376,139.0422,278243.62
2016-08-04,AMG,138.6453,139.34714,136.81566,137.67723,348974.9
2016-08-05,AMG,139.28421,141.89796,139.28421,141.60754,462776.94
2016-08-08,AMG,142.30455,143.63078,139.96185,140.1942,308429.8
2016-08-09,AMG,140.59108,140.59108,138.52913,139.42941,585470
2016-08-10,AMG,139.71983,140.35876,138.44199,138.88731,364365.5
2016-08-11,AMG,139.74887,140.0296,138.99379,139.21645,330512.16
2016-08-12,AMG,138.17094,138.87762,137.24161,138.55817,309025.84
2016-08-15,AMG,139.35197,139.90472,138.7324,139.28421,244036.98
2016-08-16,AMG,138.84857,138.84857,136.6995,136.7479,458676.97
2016-08-17,AMG,136.66077,137.5661,136.40907,137.27065,444057
2016-08-18,AMG,136.9996,138.35487,136.82533,137.22224,286751.38
2016-08-19,AMG,136.6511,137.62883,135.96376,137.20288,276348.06
2016-08-22,AMG,136.80598,136.80598,135.52814,136.22514,390381.5
2016-08-23,AMG,137.29002,139.77792,136.66077,139.06155,483598
2016-08-24,AMG,138.96475,139.45845,136.45749,136.6995,600814.1
2016-08-25,AMG,136.07994,137.50298,134.86987,135.85728,384117.4
2016-08-26,AMG,136.52524,138.1177,135.98314,137.93861,457610.94
2016-08-29,AMG,138.21935,139.6811,137.6385,137.82243,344121.88
2016-08-30,AMG,138.05478,139.29388,137.91925,139.15836,270226.53
2016-08-31,AMG,139.50687,139.92796,136.90279,137.51266,452136.06
2016-09-01,AMG,137.78372,138.05478,133.84372,135.34421,489800.12
2016-09-02,AMG,136.11865,136.52524,135.13124,135.96376,332524.44
2016-09-06,AMG,136.3026,137.7934,135.41199,137.28032,586725.06
2016-09-07,AMG,137.24161,143.18549,137.24161,142.99188,905593.3
2016-09-08,AMG,142.84666,143.95024,141.29778,142.81763,473883.72
2016-09-09,AMG,141.50107,142.60464,139.41005,139.41005,473600.7
2016-09-12,AMG,137.78372,143.46622,137.5417,142.96283,487373.6
2016-09-13,AMG,140.56204,141.64627,139.38101,140.1361,499968.94
2016-09-14,AMG,139.76825,140.42651,138.12253,139.31325,348617.47
2016-09-15,AMG,139.21645,142.60464,139.21645,142.05286,394150.9
2016-09-16,AMG,140.8815,141.82053,139.32294,139.93282,776613.44
2016-09-19,AMG,140.5814,143.89217,139.54558,140.55237,553120.7
2016-09-20,AMG,142.0722,142.0722,138.19998,138.28711,465143.53
2016-09-21,AMG,139.00346,140.41684,137.95796,140.01025,324237.75
2016-09-22,AMG,141.7334,142.99188,140.6395,142.58528,353780.4
2016-09-23,AMG,141.51074,142.58528,139.75856,139.81664,247302.28
2016-09-26,AMG,138.11285,139.3423,136.25418,136.6511,371238.03
2016-09-27,AMG,135.52814,137.56107,134.97635,137.1932,341229.5
2016-09-28,AMG,138.0451,139.24548,137.33841,139.07124,313299.34
2016-09-29,AMG,138.3936,140.46718,135.93472,136.11865,499070.22
2016-09-30,AMG,138.15158,140.62982,136.77693,140.07802,601054.8
2016-10-03,AMG,139.5843,142.44975,139.3423,141.72371,544811.25
2016-10-04,AMG,141.97542,143.75664,141.60754,142.37231,693761
2016-10-05,AMG,142.78857,148.26779,142.78857,147.9096,868087.3
2016-10-06,AMG,148.2581,149.73923,147.29004,149.50691,837794.7
2016-10-07,AMG,149.08096,149.33264,147.00931,148.17097,437046.06
2016-10-10,AMG,149.47786,149.91348,146.43332,146.43816,376210.88
2016-10-11,AMG,146.05093,146.05093,141.28809,141.95605,759603.1
2016-10-12,AMG,142.0722,142.9822,140.95895,141.15256,484576.25
2016-10-13,AMG,138.77115,138.89215,135.87665,138.07414,557183.44
2016-10-14,AMG,140.11674,140.94928,137.09639,137.7934,381962.6
2016-10-17,AMG,138.19998,138.29678,135.199,135.3539,411219.1
2016-10-18,AMG,137.57074,137.86116,135.63463,136.87375,406854.7
2016-10-19,AMG,137.33841,138.05478,136.59302,137.25128,283893.06
2016-10-20,AMG,136.85439,138.27742,135.96376,136.47684,353849.6
2016-10-21,AMG,134.81178,136.97055,134.48264,136.85439,689084.6
2016-10-24,AMG,138.50009,139.55527,137.89989,138.15158,472839.34
2016-10-25,AMG,137.90958,138.82922,136.33163,137.24161,268270.03
2016-10-26,AMG,136.15738,137.76193,135.66367,136.47684,352469.53
2016-10-27,AMG,137.67723,137.67723,133.56299,134.48264,752107.7
2016-10-28,AMG,134.62785,135.21835,130.90083,133.43713,752069.5
2016-10-31,AMG,135.33453,135.43134,128.28708,128.4226,1060123.2
2016-11-01,AMG,128.8776,130.86209,127.72559,130.04893,722285.1
2016-11-02,AMG,129.13895,129.6375,126.45744,127.367424,556418
2016-11-03,AMG,127.609436,129.43907,127.25658,128.61621,645497.4
2016-11-04,AMG,127.92888,129.58427,127.38677,128.0644,744589.56
2016-11-07,AMG,131.4623,133.17577,128.11281,128.78078,1028372.06
2016-11-08,AMG,128.23866,128.44196,126.312225,127.541664,477202.72
2016-11-09,AMG,127.64815,135.57655,127.56103,134.86987,694223.75
2016-11-10,AMG,136.43813,147.64824,136.43813,143.01123,1694008.8
2016-11-11,AMG,141.85924,143.1758,137.82243,139.71983,693516.2
2016-11-14,AMG,141.56883,144.36168,138.08867,138.85826,809809.8
2016-11-15,AMG,138.13222,138.80008,134.70529,138.21935,794425.4
2016-11-16,AMG,137.08672,138.93571,135.4023,138.36455,375019.8
2016-11-17,AMG,138.38391,139.59398,136.92215,138.0451,370194.7
2016-11-18,AMG,137.94829,138.14189,135.9444,136.13803,458505.5
2016-11-21,AMG,137.03831,139.14868,136.68013,138.96475,518849
2016-11-22,AMG,139.3423,140.8815,138.82922,140.7363,615185.1
2016-11-23,AMG,140.7363,142.88539,139.52623,142.49815,580701.7
2016-11-25,AMG,142.51753,145.19905,142.51753,143.84377,254150.02
2016-11-28,AMG,142.71114,143.12741,140.89117,141.75275,827345.94
2016-11-29,AMG,141.82053,142.6821,139.87473,140.36844,712178.25
2016-11-30,AMG,142.40137,143.91153,142.11095,143.36942,612471.44
2016-12-01,AMG,144.25034,146.2639,143.48558,143.69856,619698.3
2016-12-02,AMG,143.56303,144.05673,141.74153,142.382,501448.2
2016-12-05,AMG,144.44397,146.27359,144.26971,145.19905,458462.12
2016-12-06,AMG,145.94444,148.82927,145.30554,148.69374,462002.2
2016-12-07,AMG,148.3162,153.43723,148.22906,152.76926,608154.56
2016-12-08,AMG,154.02774,157.23201,152.01418,156.22523,683917.56
2016-12-09,AMG,156.30267,157.35786,155.28621,155.96385,493260.66
2016-12-12,AMG,155.47983,157.64828,153.25328,153.32106,695413.8
2016-12-13,AMG,153.87285,156.09938,153.48077,155.59598,715823.75
2016-12-14,AMG,154.20198,155.47015,149.61339,149.87477,724636.2
2016-12-15,AMG,150.49432,152.1981,146.17679,146.55432,1042225.6
2016-12-16,AMG,146.24455,148.13226,143.56303,143.74696,967551.4
2016-12-19,AMG,142.9241,144.33748,140.3878,141.5785,581530.1
2016-12-20,AMG,143.00156,143.53389,141.3753,142.28519,557352.9
2016-12-21,AMG,142.02382,143.35973,140.06834,142.59497,705617.75
2016-12-22,AMG,142.66273,143.1758,140.56204,141.22034,373205.88
2016-12-23,AMG,141.09448,141.23001,138.54848,139.38101,345255.1
2016-12-27,AMG,140.03929,140.76534,139.50201,140.41684,405025.25
2016-12-28,AMG,140.36844,140.4846,138.3936,139.08092,443187.22
2016-12-29,AMG,138.91635,140.75565,138.47104,139.33261,512451.66
2016-12-30,AMG,140.31035,141.53882,139.75856,140.65886,692460.44
2017-01-03,AMG,143.00156,144.18742,139.7876,141.1332,646100.6
2017-01-04,AMG,141.26872,145.15065,140.84279,144.63757,671030.94
2017-01-05,AMG,144.28908,145.18211,140.89117,142.86603,432563.88
2017-01-06,AMG,143.36942,144.05093,141.52043,142.54657,470996.5
2017-01-09,AMG,141.12352,142.30455,138.46136,138.84857,478432
2017-01-10,AMG,138.84857,139.55527,137.97733,138.6937,559780.44
2017-01-11,AMG,138.62593,140.61044,138.1903,140.5814,516710.7
2017-01-12,AMG,139.67143,139.98605,136.351,138.99379,584222.1
2017-01-13,AMG,139.71983,141.75275,138.684,138.94539,512003.3
2017-01-17,AMG,138.16127,138.93571,136.6995,136.87375,968596.75
2017-01-18,AMG,137.1932,137.5417,135.06348,137.4933,1013942.2
2017-01-19,AMG,137.65787,138.6453,136.25418,136.82533,355376.38
2017-01-20,AMG,137.56107,139.08575,137.56107,138.90668,395728.28
2017-01-23,AMG,138.22902,139.18741,137.0538,138.29678,589487.3
2017-01-24,AMG,139.25517,141.49129,138.81953,140.23291,575205.1
2017-01-25,AMG,141.29778,141.685,139.5117,141.04607,608554.3
2017-01-26,AMG,141.81085,141.81085,138.8389,139.85536,780149.4
2017-01-27,AMG,139.45845,140.12642,137.65787,139.836,567886.3
2017-01-30,AMG,139.57462,146.9706,138.50009,146.48657,1426541.4
2017-01-31,AMG,147.3675,148.68405,145.40233,147.49335,1100995.9
2017-02-01,AMG,148.67438,152.10034,147.34814,151.57855,1117393.6
2017-02-02,AMG,150.17487,152.01418,149.29878,150.0103,854257.56
2017-02-03,AMG,152.85638,153.81961,151.59792,153.07904,1194466.5
2017-02-06,AMG,151.98514,154.1536,151.98514,152.61436,673401.7
2017-02-07,AMG,154.08769,156.16196,153.83568,155.60947,747362.1
2017-02-08,AMG,155.14421,156.73384,154.23308,156.53029,756020
2017-02-09,AMG,157.72252,159.254,156.2395,158.8275,810226.8
2017-02-10,AMG,159.9325,163.00513,159.03105,162.47202,736083.75
2017-02-13,AMG,163.325,163.72241,161.56088,162.18124,432112.1
2017-02-14,AMG,161.42519,162.7822,161.1538,162.53017,601468.44
2017-02-15,AMG,162.84035,165.45743,162.6465,165.0988,584825.25
2017-02-16,AMG,165.2345,165.45743,162.20062,162.74342,447630.72
2017-02-17,AMG,161.21196,164.1295,160.54315,163.24745,358819.12
2017-02-21,AMG,163.56732,165.92268,163.56732,165.66098,390409.3
2017-02-22,AMG,164.45906,165.59312,163.57701,164.21674,450787.7
2017-02-23,AMG,164.65292,165.11818,162.73373,164.06165,357852.44
2017-02-24,AMG,162.82097,163.3153,160.95024,162.86943,488459.66
2017-02-27,AMG,162.77249,164.38152,161.90015,163.77087,355843.75
2017-02-28,AMG,163.10207,164.02289,161.2992,162.77249,459663.25
2017-03-01,AMG,165.85484,166.37825,163.55763,164.11012,410181.56
2017-03-02,AMG,164.43967,164.73045,162.01161,163.03421,478325.4
2017-03-03,AMG,163.34439,165.06001,162.9082,163.56732,457320.3
2017-03-06,AMG,161.67722,163.39285,161.22165,162.05524,461892.75
2017-03-07,AMG,161.44458,162.6998,160.64006,161.44458,375587.1
2017-03-08,AMG,162.77249,164.40091,161.04716,161.24103,283933.22
2017-03-09,AMG,162.1037,162.74342,159.19583,160.22328,411795.12
2017-03-10,AMG,161.5415,161.79352,158.63365,158.86627,571874.5
2017-03-13,AMG,158.9632,159.33154,157.29602,158.76935,642379.9
2017-03-14,AMG,158.05206,159.57385,156.43336,159.2443,319653.25
2017-03-15,AMG,160.4559,161.6869,158.52702,160.76608,508301.03
2017-03-16,AMG,161.6966,163.3153,160.70792,160.90178,316024.8
2017-03-17,AMG,161.35735,161.35735,157.4802,157.80975,845610.56
2017-03-20,AMG,157.93576,158.61426,155.86148,157.0537,417435.34
2017-03-21,AMG,158.49794,158.49794,153.57881,154.39784,470271.06
2017-03-22,AMG,153.71935,155.31868,152.64354,154.33,406749.16
2017-03-23,AMG,154.39784,156.19104,153.24442,154.01015,281936.9
2017-03-24,AMG,154.50447,155.96811,153.12808,153.98106,313385.75
2017-03-27,AMG,151.35428,154.3494,150.50133,154.11676,322621.4
2017-03-28,AMG,153.95198,159.78711,153.31139,158.67241,475071.5
2017-03-29,AMG,157.85822,158.63365,155.687,157.8679,383914.88
2017-03-30,AMG,157.48988,159.34122,157.06339,158.90504,296731.28
2017-03-31,AMG,158.275,159.86464,157.83882,158.90504,392959.66
2017-04-03,AMG,159.19583,159.9131,156.17165,157.96483,405420.34
2017-04-04,AMG,156.88893,158.18777,154.48509,155.17328,369567.22
2017-04-05,AMG,156.35582,157.68373,153.96167,154.31062,289183.47
2017-04-06,AMG,154.45602,156.79199,153.85506,155.6967,267015.62
2017-04-07,AMG,154.57233,156.9374,154.57233,155.87117,332166.56
2017-04-10,AMG,155.53192,157.01494,154.86311,156.2395,268886.1
2017-04-11,AMG,155.687,157.67404,154.29123,157.62558,305929.78
2017-04-12,AMG,158.15869,158.40102,156.2395,157.26695,298202.44
2017-04-13,AMG,156.48183,158.74026,155.72578,156.32674,303408.34
2017-04-17,AMG,156.51091,159.0989,156.51091,158.90504,237626.02
2017-04-18,AMG,157.41234,158.38162,155.3938,156.82108,335101.72
2017-04-19,AMG,158.11023,159.26367,157.28633,157.77098,298583.16
2017-04-20,AMG,158.88565,159.9325,157.40265,159.52539,257569.53
2017-04-21,AMG,159.13766,159.9228,157.94545,158.29439,226279.55
2017-04-24,AMG,161.97769,162.12308,159.69986,161.33795,309052.7
2017-04-25,AMG,161.74506,163.41223,159.62231,161.01808,315123.12
2017-04-26,AMG,161.07625,162.46718,160.69823,160.83392,190454.27
2017-04-27,AMG,161.51244,161.51244,158.93413,160.58191,246919.44
2017-04-28,AMG,160.44621,161.2798,158.9535,160.50436,373606.25
2017-05-01,AMG,157.02463,157.50926,150.44316,151.0538,1216773.8
2017-05-02,AMG,150.46254,152.2945,147.98117,150.03606,1101443.8
2017-05-03,AMG,149.31879,151.0635,148.24287,150.54008,487661.12
2017-05-04,AMG,150.59824,152.37204,149.5902,150.6564,502630.9
2017-05-05,AMG,151.24767,151.50647,149.5902,149.95853,647150.4
2017-05-08,AMG,150.07483,150.56917,148.11687,149.30908,542177.44
2017-05-09,AMG,148.85294,150.07584,147.85376,149.46439,580144.44
2017-05-10,AMG,149.46439,149.6682,148.47441,149.50319,498638.97
2017-05-11,AMG,148.54236,149.27028,146.08688,147.93091,606036
2017-05-12,AMG,147.57181,149.4935,147.40681,149.05675,491449.22
2017-05-15,AMG,149.50319,150.80374,149.47894,150.19229,303911.84
2017-05-16,AMG,150.33786,150.33786,148.46472,149.99818,392110.47
2017-05-17,AMG,147.7368,148.66852,146.017,146.63039,740861.94
2017-05-18,AMG,146.45567,147.26123,144.42723,145.10661,891490.25
2017-05-19,AMG,145.20367,148.60059,144.68929,148.19296,702101.4
2017-05-22,AMG,148.75589,150.18744,147.85812,149.44496,322234.47
2017-05-23,AMG,149.37703,149.37703,147.49417,148.16385,431951.88
2017-05-24,AMG,148.18324,148.5909,146.93124,148.00856,462855.03
2017-05-25,AMG,148.89175,149.71672,148.13474,149.46439,514929.75
2017-05-26,AMG,149.07617,150.0176,148.64912,149.38673,456455.56
2017-05-30,AMG,148.99852,149.70702,148.29973,148.51324,524356.4
2017-05-31,AMG,148.81412,149.60025,147.67857,149.3188,574513.6
2017-06-01,AMG,149.69731,156.94731,149.18777,155.61765,829586.06
2017-06-02,AMG,155.29736,156.86966,154.47241,156.25821,782620.8
2017-06-05,AMG,154.67622,161.08183,154.67622,157.21906,1020251.56
2017-06-06,AMG,155.93793,156.93759,153.8998,155.14209,635365.9
2017-06-07,AMG,155.54971,156.26791,154.3802,155.78264,574175.7
2017-06-08,AMG,155.7147,157.32582,154.8024,155.06444,496138.3
2017-06-09,AMG,156.2388,158.20901,155.14209,157.70433,348233.2
2017-06-12,AMG,157.51021,158.68459,155.07414,157.37434,413105.84
2017-06-13,AMG,157.90814,158.09254,155.21002,157.08319,323453.38
2017-06-14,AMG,156.4329,158.62636,155.41385,158.44194,321558.56
2017-06-15,AMG,157.00554,158.81076,156.34557,158.19931,313999.97
2017-06-16,AMG,158.539,160.07246,157.40346,159.41249,507935.78
2017-06-19,AMG,160.42186,161.63504,158.85927,161.47005,777886.4
2017-06-20,AMG,161.23714,161.57681,160.24716,160.74214,349609.75
2017-06-21,AMG,160.88773,160.88773,156.32616,157.09288,406134.5
2017-06-22,AMG,156.47174,158.45164,154.59741,157.2773,338342.9
2017-06-23,AMG,157.57816,158.1896,155.62056,156.52026,1317664
2017-06-26,AMG,157.55875,160.14041,156.76291,157.57816,296692.22
2017-06-27,AMG,158.51959,159.0728,156.94731,157.91786,276205.84
2017-06-28,AMG,159.28632,162.03297,158.48076,161.05272,442913.72
2017-06-29,AMG,163.43056,164.17789,159.27661,160.1501,478905.78
2017-06-30,AMG,161.20801,162.66383,160.90228,160.97508,327890.03
2017-07-03,AMG,162.53766,164.97372,162.45032,163.36263,233722.62
2017-07-05,AMG,164.24582,166.53622,163.13939,165.2746,524228.62
2017-07-06,AMG,164.9155,165.459,161.14008,161.28564,559685.94
2017-07-07,AMG,162.23679,165.77928,162.23679,164.86697,389421.28
2017-07-10,AMG,164.69228,168.90445,164.0226,167.62334,489142.25
2017-07-11,AMG,167.81744,168.33183,165.30373,166.59454,334831.5
2017-07-12,AMG,167.2157,169.63237,166.65279,168.90445,483014.78
2017-07-13,AMG,169.3315,170.42822,167.69127,169.99146,417014.97
2017-07-14,AMG,169.40913,170.92319,169.21017,170.36028,341685.34
2017-07-17,AMG,170.80673,171.53464,170.36998,171.1076,249443.64
2017-07-18,AMG,170.69997,172.31107,169.92354,171.77728,271047.94
2017-07-19,AMG,172.1849,172.61679,171.50552,171.77728,367044.22
2017-07-20,AMG,172.46635,174.51422,172.05873,172.67018,442763.3
2017-07-21,AMG,172.5149,173.80573,171.58316,173.09723,219607.9
2017-07-24,AMG,172.75752,174.86362,172.75752,173.77661,249584.8
2017-07-25,AMG,175.64006,177.29,174.54333,176.11563,273393
2017-07-26,AMG,176.2224,177.28029,175.02861,176.24179,290323.62
2017-07-27,AMG,178.79434,179.26991,172.39844,173.57278,486724.03
2017-07-28,AMG,173.11662,175.29066,171.79668,173.38838,416857.3
2017-07-31,AMG,173.67955,180.96352,171.8161,180.35692,600517.5
2017-08-01,AMG,181.5701,181.5701,179.37668,180.5025,395892.88
2017-08-02,AMG,179.62901,180.32295,174.81508,175.34889,392046.6
2017-08-03,AMG,175.32947,175.66917,173.72925,174.87332,432296.03
2017-08-04,AMG,175.85358,176.51355,173.80573,175.31978,285153.38
2017-08-07,AMG,175.31007,176.73679,174.08234,175.31007,358448.03
2017-08-08,AMG,175.39752,177.85573,175.1352,176.408,329581.28
2017-08-09,AMG,175.39752,175.67929,174.0081,175.40724,334530.72
2017-08-10,AMG,173.74577,174.89227,170.1799,170.44225,321356.9
2017-08-11,AMG,171.02522,172.75955,169.19856,170.25763,426266.84
2017-08-14,AMG,172.20088,174.68823,172.20088,173.32797,238318.58
2017-08-15,AMG,174.02754,174.38704,172.76442,173.82349,178404.44
2017-08-16,AMG,174.98944,176.17484,173.0219,173.32797,187055.94
2017-08-17,AMG,172.3952,172.55884,167.91603,168.09091,482181.5
2017-08-18,AMG,167.71198,169.28601,166.72092,167.93546,275560.38
2017-08-21,AMG,167.91603,167.91603,166.21568,167.16788,209441.16
2017-08-22,AMG,167.92574,170.62685,167.848,170.4228,229621.8
2017-08-23,AMG,169.3443,170.56856,168.7419,169.24715,265733.5
2017-08-24,AMG,169.937,170.28677,167.76056,169.77182,267394.66
2017-08-25,AMG,170.61714,171.88997,169.07225,169.91757,251341.11
2017-08-28,AMG,170.90862,170.90862,168.22694,169.05283,160938.84
2017-08-29,AMG,166.8861,169.31516,166.40028,168.94595,209116.95
2017-08-30,AMG,168.93622,169.84955,168.4407,169.1014,177668.56
2017-08-31,AMG,169.96614,172.0357,169.35887,171.67621,315278.4
2017-09-01,AMG,172.27861,173.43484,171.5499,172.08429,185069.58
2017-09-05,AMG,171.03493,173.01706,168.34839,169.4609,641223.5
2017-09-06,AMG,170.73373,171.0495,167.9063,168.0812,250588.77
2017-09-07,AMG,168.40184,168.7419,164.94284,167.78972,254459.61
2017-09-08,AMG,167.78972,168.73703,166.69177,168.39212,200547.78
2017-09-11,AMG,170.63657,172.84215,169.89813,172.22032,210083.38
2017-09-12,AMG,173.21138,174.50363,172.66727,173.75548,155342.02
2017-09-13,AMG,173.21138,173.46399,171.72964,172.22032,238281.53
2017-09-14,AMG,172.18146,173.56116,170.79202,173.50287,336640.6
2017-09-15,AMG,173.36682,175.33437,173.36682,174.76596,397056.97
2017-09-18,AMG,174.902,177.5934,174.902,177.42822,413210.34
2017-09-19,AMG,177.70998,177.70998,175.87361,177.22417,295718.38
2017-09-20,AMG,177.6031,178.10835,176.72865,177.96262,301987.25
2017-09-21,AMG,178.17638,179.93988,177.80714,178.95366,279292.25
2017-09-22,AMG,178.92451,179.81842,177.18532,179.72125,285710.38
2017-09-25,AMG,179.4492,181.7228,179.38118,181.4896,191651.34
2017-09-26,AMG,181.70335,182.17946,180.40138,180.51797,239609.2
2017-09-27,AMG,181.61592,184.47249,181.47989,183.1025,364601
2017-09-28,AMG,182.93732,184.44821,182.17946,184.01582,151207.7
2017-09-29,AMG,183.35513,186.53224,182.9179,184.44334,181809.05
2017-10-02,AMG,184.62796,187.60599,183.5786,187.13475,277669.2
2017-10-03,AMG,186.55176,188.22783,184.61823,187.39708,434760.88
2017-10-04,AMG,188.29097,190.25365,187.70314,189.54437,376218.66
2017-10-05,AMG,189.79698,191.18642,189.07799,189.68039,241340.33
2017-10-06,AMG,189.7387,190.24394,187.63998,189.09741,186258.31
2017-10-09,AMG,189.70955,190.43826,188.04807,188.6116,297970.28
2017-10-10,AMG,189.3792,189.94273,187.52339,189.68039,365407.9
2017-10-11,AMG,189.72897,190.10791,188.49501,189.03912,331140.53
2017-10-12,AMG,188.73792,190.19536,187.30963,188.26183,403344.38
2017-10-13,AMG,188.29097,190.31186,187.02786,188.05779,375038.16
2017-10-16,AMG,188.65048,190.3994,188.65048,189.75813,300320.97
2017-10-17,AMG,190.02046,190.20506,187.90233,188.29097,250197.67
2017-10-18,AMG,188.34927,190.61314,188.23753,189.91359,177018.11
2017-10-19,AMG,188.62132,190.74919,187.93147,190.16621,119398.06
2017-10-20,AMG,190.42854,192.67784,190.42854,191.93456,229864.69
2017-10-23,AMG,191.99286,192.7653,189.865,190.29253,296031.25
2017-10-24,AMG,191.1184,191.5362,189.34032,190.03989,227579.86
2017-10-25,AMG,190.16621,191.22528,182.35434,183.8215,435154.03
2017-10-26,AMG,184.3559,185.8036,183.54945,185.57043,315492.5
2017-10-27,AMG,184.9486,186.45459,184.08385,185.26921,304845.38
2017-10-30,AMG,183.15108,183.15108,178.64275,180.2362,404937.6
2017-10-31,AMG,179.42976,182.2669,179.02168,181.20784,532174.06
2017-11-01,AMG,182.51953,183.2191,180.4111,180.8289,312141.4
2017-11-02,AMG,180.40138,181.67421,178.67189,180.08075,244203.58
2017-11-03,AMG,179.33261,180.29451,178.24924,180.09047,395547.12
2017-11-06,AMG,180.07103,181.6645,179.42976,180.78032,233407.22
2017-11-07,AMG,180.78032,182.46123,179.25488,180.27507,246680.88
2017-11-08,AMG,180.01245,181.40337,179.14676,180.8684,244733.02
2017-11-09,AMG,179.3802,181.52982,178.98141,180.05136,379625.3
2017-11-10,AMG,180.47934,181.48119,178.58263,179.32185,246182.62
2017-11-13,AMG,177.86284,178.33946,176.37825,177.86284,290498.7
2017-11-14,AMG,176.85127,178.34918,175.48952,178.14491,480766.28
2017-11-15,AMG,175.97586,180.16798,173.98187,179.72066,363049.34
2017-11-16,AMG,180.91704,182.0356,179.993,180.42097,250607.55
2017-11-17,AMG,179.49693,182.44414,179.06897,181.00458,330920.3
2017-11-20,AMG,181.76326,183.20282,181.06293,181.57845,209259.6
2017-11-21,AMG,182.74567,185.14816,181.89458,185.12871,277771.88
2017-11-22,AMG,185.33296,185.7269,184.68127,184.798,152970.34
2017-11-24,AMG,185.5664,185.60532,183.92259,185.1676,88203.41
2017-11-27,AMG,185.14816,187.77437,185.14816,187.41447,305207.66
2017-11-28,AMG,188.19261,191.45108,186.50018,191.25655,370457.78
2017-11-29,AMG,192.32648,195.0305,191.55807,193.20189,350033.66
2017-11-30,AMG,194.95268,196.56946,192.3897,193.24078,337777.72
2017-12-01,AMG,193.85358,193.85358,185.69286,192.4432,486545.2
2017-12-04,AMG,194.25238,195.30772,191.50943,191.96658,264068.4
2017-12-05,AMG,192.72528,193.36725,190.15742,191.62614,262771.97
2017-12-06,AMG,191.74287,194.23293,191.14955,192.57938,200188.72
2017-12-07,AMG,192.49182,194.60254,191.49484,192.79337,193109.25
2017-12-08,AMG,193.40614,195.06941,192.69609,194.95268,252798.42
2017-12-11,AMG,194.96242,195.04024,191.99577,192.5891,271791.47
2017-12-12,AMG,192.80309,193.36725,190.98419,191.37326,436830.6
2017-12-13,AMG,192.10277,192.96844,190.2936,190.37141,309345.72
2017-12-14,AMG,190.63403,191.44136,188.75677,188.88322,237532.23
2017-12-15,AMG,189.61273,194.301,189.61273,193.21161,615638
2017-12-18,AMG,195.41959,196.52843,193.62987,195.867,390176.66
2017-12-19,AMG,197.16066,197.79291,196.03235,196.67432,248815.58
2017-12-20,AMG,198.40567,199.3589,196.35333,197.05367,229608.69
2017-12-21,AMG,197.72481,198.35081,196.18799,196.36307,179912.61
2017-12-22,AMG,197.64699,199.29082,196.61597,198.61966,169732.4
2017-12-26,AMG,198.40567,199.01846,197.46219,198.48349,131054.43
2017-12-27,AMG,198.99901,200.00085,198.15279,199.07683,212918.6
2017-12-28,AMG,198.93092,201.09998,198.73668,200.86653,182076.75
2017-12-29,AMG,201.65442,201.99475,199.56316,199.64098,301617.53
2018-01-02,AMG,200.87627,200.87627,196.96613,197.49136,280888.03
2018-01-03,AMG,198.63913,199.36862,194.71925,196.59651,286732.78
2018-01-04,AMG,197.04395,198.1625,192.82254,193.11433,373266.53
2018-01-05,AMG,193.50342,194.25238,192.36539,194.01894,254738.44
2018-01-08,AMG,193.95084,195.47794,193.18243,195.04996,237385.2
2018-01-09,AMG,195.12778,197.31628,194.22318,194.79707,313361.47
2018-01-10,AMG,194.91379,196.4652,191.6067,192.95872,342504.9
2018-01-11,AMG,193.21161,195.23477,192.5891,195.23477,271834.62
2018-01-12,AMG,196.23662,197.56918,194.96242,197.25793,252420.08
2018-01-16,AMG,199.24217,200.43857,196.00317,197.46219,398120.75
2018-01-17,AMG,198.82393,202.80205,197.37465,202.00456,340601.9
2018-01-18,AMG,202.3061,202.54927,199.38809,199.70906,222603.25
2018-01-19,AMG,201.10971,208.01569,201.10971,206.20651,503725.72
2018-01-22,AMG,205.87581,208.15186,203.79428,208.12268,267225.7
2018-01-23,AMG,207.99623,208.67126,206.18114,207.10136,228656.67
2018-01-24,AMG,208.41447,208.43393,204.36816,205.67154,505473.47
2018-01-25,AMG,206.20651,206.20651,203.67755,205.23384,223230.39
2018-01-26,AMG,205.53537,211.065,205.36029,209.86375,410669.7
2018-01-29,AMG,200.51637,207.02356,197.99716,203.49277,587016.9
2018-01-30,AMG,202.55899,203.53166,196.37279,197.66646,783098.3
2018-01-31,AMG,198.2695,198.2695,191.96172,194.17456,883845.56
2018-02-01,AMG,192.96844,196.89803,191.31198,196.24634,487599
2018-02-02,AMG,194.39827,195.04024,189.95316,191.72342,462981.25
2018-02-05,AMG,189.33064,192.2438,181.50064,183.34871,541007.56
2018-02-06,AMG,177.02635,185.95547,176.0668,185.48859,722026.4
2018-02-07,AMG,183.74478,186.41411,181.85481,183.02386,605637.5
2018-02-08,AMG,182.48805,183.06284,174.30571,174.48982,738057.3
2018-02-09,AMG,177.26631,177.37349,169.44344,175.59068,608725.2
2018-02-12,AMG,176.9156,179.45828,174.85028,176.51617,391149.78
2018-02-13,AMG,175.98036,177.78265,174.03195,177.23708,655603.4
2018-02-14,AMG,175.8732,184.72871,175.25945,184.56311,707351.25
2018-02-15,AMG,185.83931,187.93385,183.18947,185.38144,625695.94
2018-02-16,AMG,184.68002,187.82669,183.98833,186.84274,376637.44
2018-02-20,AMG,185.4399,187.37369,182.02043,182.46857,490081.75
2018-02-21,AMG,182.9849,189.04445,181.85481,184.15395,478785.34
2018-02-22,AMG,185.05995,186.41411,181.7574,182.0107,432223.28
2018-02-23,AMG,183.15051,185.10866,182.39062,185.10866,281341.25
2018-02-26,AMG,185.81984,190.06737,184.8846,189.83356,367384.75
2018-02-27,AMG,189.05418,190.34015,185.1866,185.34247,526078.25
2018-02-28,AMG,186.01468,187.6903,184.36827,184.47543,513059.44
2018-03-01,AMG,184.29033,185.03072,179.86745,180.58835,429535.94
2018-03-02,AMG,179.10756,183.29663,177.62677,182.64392,271405.97
2018-03-05,AMG,180.42273,184.4657,180.111,183.30638,436985.1
2018-03-06,AMG,183.85194,186.89145,182.33218,186.8525,298276.1
2018-03-07,AMG,184.54361,185.76137,182.50754,185.19635,422462.5
2018-03-08,AMG,186.43358,186.75507,183.54019,186.59918,407251.1
2018-03-09,AMG,188.28458,191.1877,187.3055,191.05132,354863.78
2018-03-12,AMG,190.50575,191.94757,188.63528,189.70691,364978.7
2018-03-13,AMG,190.91492,191.82092,189.1029,189.92123,419888.1
2018-03-14,AMG,191.16821,191.52867,187.84131,188.46968,308186.72
2018-03-15,AMG,188.46968,189.24902,184.66052,185.54706,315074.4
2018-03-16,AMG,185.65422,189.16135,185.38144,187.43701,796527.56
2018-03-19,AMG,187.47598,188.62068,183.34535,185.7419,430866.25
2018-03-20,AMG,186.33617,186.33617,183.10179,184.36827,526802.94
2018-03-21,AMG,184.68002,189.87251,183.57916,187.30061,385015.53
2018-03-22,AMG,184.6995,186.02928,179.28291,180.39351,357990.4
2018-03-23,AMG,180.9001,181.65997,175.95601,176.25314,353533.44
2018-03-26,AMG,180.19867,184.15395,177.80212,183.73503,296608.06
2018-03-27,AMG,184.87486,184.87486,179.17088,180.45197,429962.97
2018-03-28,AMG,181.07545,181.68921,178.8153,180.22789,365400.56
2018-03-29,AMG,181.45538,185.89778,180.52016,184.68976,273629.3
2018-04-02,AMG,182.69263,182.69263,173.42795,175.77577,532267.94
2018-04-03,AMG,176.95456,178.4938,174.32422,176.75974,410101.62
2018-04-04,AMG,172.63884,179.69208,171.86932,179.18549,388978.78
2018-04-05,AMG,179.45828,180.22789,176.62334,177.31502,416483.25
2018-04-06,AMG,174.82106,176.02907,169.87209,171.8887,466695.5
2018-04-09,AMG,172.94084,175.00615,170.10591,170.17409,393685.2
2018-04-10,AMG,173.91505,174.45087,171.08984,171.73283,826289.25
2018-04-11,AMG,168.28415,169.71623,166.32599,166.41368,562970.94
2018-04-12,AMG,167.5535,170.29102,166.8131,168.83943,556452.8
2018-04-13,AMG,170.1254,170.43713,163.83203,164.88417,635103.6
2018-04-16,AMG,166.62799,169.15118,166.0922,166.93974,510244.84
2018-04-17,AMG,168.5277,169.56035,167.5194,168.46924,569406.94
2018-04-18,AMG,168.9466,169.89159,166.95923,166.95923,422345.47
2018-04-19,AMG,166.96896,168.77126,166.75952,168.12827,266167.84
2018-04-20,AMG,168.3426,169.99875,165.66353,166.95923,509680.28
2018-04-23,AMG,167.29045,169.24374,166.10193,166.41368,281209.84
2018-04-24,AMG,167.92369,168.19646,163.55925,164.60165,393153.47
2018-04-25,AMG,164.55295,165.68303,163.75896,164.63087,404683.88
2018-04-26,AMG,164.93288,165.85837,163.28647,165.69276,421045.94
2018-04-27,AMG,165.61482,166.16037,164.44579,165.61482,586985.4
2018-04-30,AMG,157.07104,166.32599,156.17477,160.6074,1020200.25
2018-05-01,AMG,159.79881,161.74722,157.36331,159.89624,556042.2
2018-05-02,AMG,159.84753,160.65125,156.68137,156.93465,984075.4
2018-05-03,AMG,156.05788,156.65215,152.16106,155.94098,539290.06
2018-05-04,AMG,154.76218,159.1461,154.76218,157.5484,337757.5
2018-05-07,AMG,158.46416,159.72089,156.79826,158.25957,314429.78
2018-05-08,AMG,158.08423,160.4418,157.53867,159.06816,425446.47
2018-05-09,AMG,159.75136,160.94208,157.98969,159.60497,258214.66
2018-05-10,AMG,159.97585,161.75215,159.06134,160.74687,229923.61
2018-05-11,AMG,161.13728,161.91241,160.35648,160.80544,181492.17
2018-05-14,AMG,161.51793,162.91359,161.00064,161.87904,348699.47
2018-05-15,AMG,161.06895,162.60127,160.77469,162.56223,354216.9
2018-05-16,AMG,162.21088,164.69968,162.21088,163.31375,230159.27
2018-05-17,AMG,163.44064,165.56976,162.21088,165.18767,407821.5
2018-05-18,AMG,164.99248,165.4707,163.63583,163.68463,236312.97
2018-05-21,AMG,164.7192,165.80714,162.69887,162.816,314522.16
2018-05-22,AMG,163.04048,164.0848,162.00592,163.41135,331826.5
2018-05-23,AMG,162.49393,162.99167,159.47807,161.00064,281436
2018-05-24,AMG,160.26865,160.72736,158.05313,160.02464,205892.83
2018-05-25,AMG,159.39024,160.16129,157.44214,159.40976,550991.9
2018-05-29,AMG,157.68224,158.2288,151.95314,153.45616,594565.75
2018-05-30,AMG,154.78352,157.12593,154.29553,156.99904,551396.6
2018-05-31,AMG,156.57936,157.52608,154.42241,155.43744,376750.75
2018-06-01,AMG,157.19424,158.67738,156.78433,157.36015,278355.06
2018-06-04,AMG,158.05313,159.0096,157.51633,158.38496,324068.28
2018-06-05,AMG,158.16049,159.90752,156.77457,159.40001,425467.03
2018-06-06,AMG,160.30768,164.0067,160.11249,162.89407,539463.2
2018-06-07,AMG,163.96767,164.1531,160.36624,161.2056,419397.34
2018-06-08,AMG,161.02016,161.13728,159.65376,161.08849,500684.4
2018-06-11,AMG,161.3032,162.62079,159.82944,159.82944,239443.11
2018-06-12,AMG,160.24911,161.27393,158.24832,158.28735,338875.7
2018-06-13,AMG,158.35568,158.99008,152.19714,152.25569,942900.44
2018-06-14,AMG,152.78273,153.29025,151.31873,151.77745,577272.7
2018-06-15,AMG,150.57698,153.31953,150.20122,152.07025,759088.6
2018-06-18,AMG,151.24066,152.05074,149.04466,149.3277,683533.1
2018-06-19,AMG,147.78563,151.30898,146.93651,150.3037,884500.75
2018-06-20,AMG,150.99666,151.75793,148.9617,149.06418,533416
2018-06-21,AMG,149.06418,150.0597,148.03938,149.74738,563218.3
2018-06-22,AMG,150.56721,151.53345,149.95233,150.90881,625654.94
2018-06-25,AMG,149.9133,150.5965,148.37123,149.88403,893228.25
2018-06-26,AMG,149.59122,150.18658,147.47331,148.07843,738187.94
2018-06-27,AMG,147.71732,148.87874,145.98004,146.20451,508670.06
2018-06-28,AMG,146.1557,148.0101,145.46762,147.79538,611394.7
2018-06-29,AMG,148.82994,148.96658,145.07234,145.10162,554282.9
2018-07-02,AMG,143.64738,145.46274,141.51971,145.3261,452336.97
2018-07-03,AMG,146.43874,146.77058,143.51074,143.69618,189117.19
2018-07-05,AMG,145.10162,146.74132,142.92516,144.46724,336902.3
2018-07-06,AMG,144.16467,145.69699,144.16467,144.50627,650957.25
2018-07-09,AMG,145.57986,147.77586,144.27203,147.27809,423735.47
2018-07-10,AMG,147.44403,148.9373,146.25818,148.77138,436552.1
2018-07-11,AMG,147.70753,147.70753,145.78482,146.71204,351363.4
2018-07-12,AMG,147.98082,147.98082,145.51155,145.57986,353776.3
2018-07-13,AMG,145.16995,145.83363,144.31107,144.91618,375944.4
2018-07-16,AMG,144.97475,145.4237,144.11588,145.05283,560642.5
2018-07-17,AMG,144.92595,145.88243,144.80882,144.92595,257246.42
2018-07-18,AMG,145.75554,147.70753,145.29683,147.6197,402157.56
2018-07-19,AMG,146.00931,147.43427,144.91618,145.72627,317234.25
2018-07-20,AMG,144.96498,146.08739,143.87187,145.26755,350995.6
2018-07-23,AMG,144.87715,146.9853,144.17932,146.50706,447332.88
2018-07-24,AMG,147.47331,149.04466,147.15123,148.03938,574372.06
2018-07-25,AMG,148.13698,148.13698,146.1069,147.28787,335850.06
2018-07-26,AMG,147.60995,148.5957,145.61891,148.06866,346906.44
2018-07-27,AMG,147.83443,148.61522,146.6356,147.42451,476332.9
2018-07-30,AMG,148.72746,156.61353,148.72746,154.91042,1023981.56
2018-07-31,AMG,157.48705,159.62448,155.24236,156.16945,876435.2
2018-08-01,AMG,156.36465,156.42322,149.39603,151.7677,950153.56
2018-08-02,AMG,151.45537,152.3533,149.24962,151.9141,1044599.44
2018-08-03,AMG,151.09425,152.13858,145.4237,148.41026,1471807.2
2018-08-06,AMG,148.5469,150.65506,148.02962,149.8157,660696
2018-08-07,AMG,150.52817,153.10481,150.52817,151.78722,668131.44
2018-08-08,AMG,151.58186,152.97046,147.09337,148.35484,642753.9
2018-08-09,AMG,148.29616,149.97813,147.52364,147.84634,387030.4
2018-08-10,AMG,146.39908,146.39908,142.95692,144.88336,416463.34
2018-08-13,AMG,144.51176,145.32341,142.28218,143.16228,438066.1
2018-08-14,AMG,144.21838,144.39441,142.84935,143.38719,489123.25
2018-08-15,AMG,142.16484,143.25029,139.63211,142.21373,967782.06
2018-08-16,AMG,142.68312,145.48964,142.43864,143.0547,396003.84
2018-08-17,AMG,142.7809,143.90547,142.14548,143.34807,381144.22
2018-08-20,AMG,143.89569,145.34297,143.17206,144.71712,394295.06
2018-08-21,AMG,144.52153,146.78046,144.4482,145.57765,372368.12
2018-08-22,AMG,145.47987,146.23283,144.8638,145.32341,259003
2018-08-23,AMG,145.15717,145.61678,143.13293,143.25029,330429.66
2018-08-24,AMG,143.89569,144.75623,142.94714,144.28685,337086.88
2018-08-27,AMG,145.14737,147.13249,144.7269,144.90291,298378.8
2018-08-28,AMG,144.88336,147.27917,143.54364,143.7001,812439.56
2018-08-29,AMG,143.41653,145.11804,142.47775,144.78557,423077.62
2018-08-30,AMG,144.20862,144.74646,142.04749,142.77112,444731.5
2018-08-31,AMG,142.5071,143.4263,141.53165,142.85913,453912.53
2018-09-04,AMG,142.77112,142.77112,140.86426,141.64656,485558.4
2018-09-05,AMG,141.29453,143.24051,140.67845,141.43143,369704.22
2018-09-06,AMG,142.46799,142.46799,139.89937,140.65889,523001.5
2018-09-07,AMG,140.09172,142.42886,137.96971,139.5539,512292.66
2018-09-10,AMG,140.1015,141.03049,139.50499,139.89615,298034.2
2018-09-11,AMG,139.0845,140.43027,138.11151,139.79836,374210.9
2018-09-12,AMG,139.11383,139.80814,138.2533,139.00626,330075.8
2018-09-13,AMG,139.9646,140.08194,137.3243,137.58833,235916.44
2018-09-14,AMG,137.81325,140.21884,137.63724,139.79836,319670.72
2018-09-17,AMG,140.16017,140.83492,138.73245,138.90848,317997.72
2018-09-18,AMG,139.02582,139.88637,137.73503,138.93782,337801.7
2018-09-19,AMG,139.65167,143.23073,139.11383,142.41908,292435.38
2018-09-20,AMG,143.3383,144.45308,141.53947,142.7809,246888.08
2018-09-21,AMG,143.22096,144.40419,142.56577,144.36508,690995.75
2018-09-24,AMG,143.90547,144.66823,140.7469,140.81535,345831.25
2018-09-25,AMG,141.3532,141.61723,137.17763,137.40253,324269.4
2018-09-26,AMG,137.44165,138.22397,135.69124,136.01395,500995.8
2018-09-27,AMG,136.36598,136.54689,134.79158,135.14362,409307.06
2018-09-28,AMG,133.89194,135.83792,133.36388,133.69637,515164.16
2018-10-01,AMG,134.39064,135.01651,133.14874,134.1364,547901.2
2018-10-02,AMG,133.97993,136.34642,132.50334,133.8626,624608.56
2018-10-03,AMG,134.72314,136.24864,133.3052,134.94804,646173.5
2018-10-04,AMG,134.94804,136.27797,132.2393,134.16574,442839.66
2018-10-05,AMG,134.46889,135.32942,131.42278,131.70146,602270.56
2018-10-08,AMG,130.82138,131.00717,129.57945,130.59647,686640.44
2018-10-09,AMG,130.07819,130.07819,127.63133,128.3669,472725.6
2018-10-10,AMG,128.38644,128.55269,124.15221,124.43579,773726.44
2018-10-11,AMG,123.85884,124.856285,119.561035,120.46558,1039054.3
2018-10-12,AMG,122.333336,123.252556,119.42902,121.29678,682433.44
2018-10-15,AMG,120.72961,123.164536,120.534035,121.91285,432469.3
2018-10-16,AMG,122.792946,123.242775,120.62204,123.15476,429646.9
2018-10-17,AMG,122.3529,125.53101,121.85418,124.48469,516364.72
2018-10-18,AMG,124.24999,124.24999,120.757965,120.95453,510106.3
2018-10-19,AMG,121.101204,122.646164,120.32868,120.582924,562074.6
2018-10-22,AMG,120.74917,121.53147,117.0332,117.19945,589359
2018-10-23,AMG,114.989426,115.8793,112.86742,115.38058,757085.4
2018-10-24,AMG,115.253456,115.75218,112.994545,113.33681,1125411.1
2018-10-25,AMG,114.44181,117.052765,113.639946,115.761955,510671.8
2018-10-26,AMG,114.656944,115.16544,112.70118,112.97498,656377.2
2018-10-29,AMG,117.307014,117.307014,107.831314,108.95588,1372999.8
2018-10-30,AMG,109.21013,113.952866,108.105125,112.62295,1020231
2018-10-31,AMG,113.3857,114.36358,111.08767,111.14635,572392.8
2018-11-01,AMG,112.046,115.8793,112.046,115.644615,484451.94
2018-11-02,AMG,116.730064,116.915855,113.199905,114.24624,624014.44
2018-11-05,AMG,114.715614,115.56638,111.3693,112.24157,714708.2
2018-11-06,AMG,112.32958,114.30491,111.521065,113.10211,389563.44
2018-11-07,AMG,113.88645,115.40611,111.670685,115.35709,503386.56
2018-11-08,AMG,114.90609,116.739494,114.27862,114.710014,385503.28
2018-11-09,AMG,114.18058,114.51393,111.84717,112.98446,408921.66
2018-11-12,AMG,112.857,112.896225,109.964745,110.347115,375489.28
2018-11-13,AMG,111.072624,111.60206,108.90588,109.200005,408498.34
2018-11-14,AMG,109.97455,111.20008,107.40583,108.89607,517110.16
2018-11-15,AMG,107.964676,111.13145,106.817566,111.072624,662852.75
2018-11-16,AMG,110.48437,111.42068,109.05295,111.14126,687300.25
2018-11-19,AMG,110.641235,112.376595,107.74898,107.94506,568036.94
2018-11-20,AMG,107.04307,107.65094,103.93511,104.46455,599307
2018-11-21,AMG,105.17045,109.08236,104.79789,107.229355,450946.16
2018-11-23,AMG,106.278336,108.58234,105.85685,107.14111,163764.28
2018-11-26,AMG,108.68038,111.05302,108.17056,110.27848,586371.8
2018-11-27,AMG,109.60198,110.28338,107.587204,108.34704,539082.2
2018-11-28,AMG,108.32742,111.56284,107.199936,111.56284,590542.44
2018-11-29,AMG,110.641235,111.04321,109.072556,109.396095,445496.5
2018-11-30,AMG,109.31766,110.03338,107.582306,108.9451,492512.72
2018-12-03,AMG,110.837326,112.190315,108.84705,109.13138,477390.75
2018-12-04,AMG,108.75882,109.00392,102.78801,103.09195,749899.44
2018-12-06,AMG,100.43499,104.53318,99.358185,104.47434,1055854.8
2018-12-07,AMG,104.48415,106.033226,99.689865,101.02325,1082556.4
2018-12-10,AMG,100.57225,100.993835,96.90544,98.51335,666629.6
2018-12-11,AMG,100.287926,101.27816,96.50347,97.4741,835802.8
2018-12-12,AMG,99.20946,101.88602,98.06235,99.89575,617847.9
2018-12-13,AMG,99.91537,100.57715,96.13091,96.434845,1215882.9
2018-12-14,AMG,96.0917,96.47406,91.9739,93.640625,1719525.5
2018-12-17,AMG,93.43474,96.27797,93.03276,93.591606,1265381.8
2018-12-18,AMG,94.47399,95.68972,93.042564,93.84652,1089765.5
2018-12-19,AMG,93.10139,94.39555,89.6993,90.39541,719001.7
2018-12-20,AMG,90.062065,92.85138,89.71892,91.51309,839412.44
2018-12-21,AMG,91.42486,93.10139,90.43462,90.6111,1589860.6
2018-12-24,AMG,89.709114,91.169945,88.38554,88.47377,245860.11
2018-12-26,AMG,88.50318,93.23865,86.73351,93.19943,806889.9
2018-12-27,AMG,91.37583,95.25833,90.8366,95.24853,828201
2018-12-28,AMG,95.54265,96.03287,93.685135,94.130844,475825.12
2018-12-31,AMG,94.44458,95.91522,93.48042,95.53285,581013.94
2019-01-02,AMG,93.66023,97.63097,93.25826,96.30739,551508.44
2019-01-03,AMG,95.67991,96.5525,93.70926,94.54262,558421.75
2019-01-04,AMG,96.297585,98.76826,95.58187,98.68002,574090.44
2019-01-07,AMG,98.69963,101.68993,97.54763,100.54284,632231.4
2019-01-08,AMG,100.87618,101.77817,99.846725,100.36636,477331.6
2019-01-09,AMG,100.03301,101.79778,100.03301,101.47424,354211.84
2019-01-10,AMG,100.984024,102.51349,100.94481,102.03308,797724.5
2019-01-11,AMG,100.97422,101.79778,98.572174,100.11145,718274.44
2019-01-14,AMG,99.02317,101.40561,98.53296,100.35655,412671.03
2019-01-15,AMG,99.85654,101.964455,99.582016,101.92524,452095.66
2019-01-16,AMG,103.023315,106.20971,102.16054,105.0528,639261
2019-01-17,AMG,103.92531,105.58224,102.837036,104.96456,482589.5
2019-01-18,AMG,105.77831,106.91562,104.85671,106.44501,1027497.75
2019-01-22,AMG,105.17045,106.02342,103.160576,104.49396,1037753.5
2019-01-23,AMG,104.87633,105.41556,103.15077,104.41552,452844.3
2019-01-24,AMG,104.20963,105.9894,104.20963,105.64106,477196.97
2019-01-25,AMG,106.650894,108.092125,106.28814,107.47446,548224.1
2019-01-28,AMG,106.4352,108.2588,104.92534,107.71957,503270.28
2019-01-29,AMG,106.62148,106.64109,104.513565,104.6116,411347.12
2019-01-30,AMG,104.788086,104.90574,101.26835,102.73899,839625.6
2019-01-31,AMG,102.12132,103.98413,101.72916,102.89586,696128
2019-02-01,AMG,102.87625,104.17042,102.51349,102.92528,883766.56
2019-02-04,AMG,104.90574,106.91562,103.06057,105.30772,879807.06
2019-02-05,AMG,105.39595,108.06271,105.00378,107.86662,752457.5
2019-02-06,AMG,107.356804,108.31763,106.033226,107.00385,516298.28
2019-02-07,AMG,106.47442,107.48426,105.14594,106.47442,264150.1
2019-02-08,AMG,105.788124,106.39598,101.90563,102.78801,545312.1
2019-02-11,AMG,103.32725,103.6802,102.31251,102.827225,479493.9
2019-02-12,AMG,103.98413,105.29477,103.729225,104.09198,450940.06
2019-02-13,AMG,104.86886,106.72747,104.55418,104.69185,377346.2
2019-02-14,AMG,103.452774,104.24933,102.08586,103.678955,357595.16
2019-02-15,AMG,104.888535,107.248665,104.278824,107.15033,525888.25
2019-02-19,AMG,106.42262,107.79937,105.69491,107.18967,353061.88
2019-02-20,AMG,107.01265,108.22223,106.67831,108.12388,291433.3
2019-02-21,AMG,107.88787,108.22223,106.02926,106.21611,636659
2019-02-22,AMG,106.40295,107.46501,106.32428,107.317505,260503.6
2019-02-25,AMG,108.34023,110.33651,108.03538,108.5074,386593.78
2019-02-26,AMG,107.69119,109.08761,107.69119,108.62541,527989.2
2019-02-27,AMG,108.566414,109.58914,108.08456,108.3304,346819.2
2019-02-28,AMG,108.320564,108.763084,107.74036,107.789536,488118.97
2019-03-01,AMG,108.831924,110.39552,108.477905,108.69425,323672.75
2019-03-04,AMG,109.23512,110.287346,107.40601,108.45824,529470.75
2019-03-05,AMG,108.02554,108.02554,105.81291,106.88481,778778.44
2019-03-06,AMG,106.77664,107.33717,104.69185,104.72135,371427.9
2019-03-07,AMG,104.49517,104.49517,101.663,101.89902,683785.75
2019-03-08,AMG,101.289314,102.272705,99.69622,102.10553,568420.7
2019-03-11,AMG,103.01025,104.80002,102.764404,104.790184,395044.12
2019-03-12,AMG,105.27206,106.019424,104.396835,104.790184,337404.8
2019-03-13,AMG,105.39005,105.76375,104.436165,105.40973,344391.88
2019-03-14,AMG,105.29172,105.871925,104.859024,104.98687,334487.38
2019-03-15,AMG,104.908195,107.56335,104.80986,107.53385,729796.9
2019-03-18,AMG,108.17306,109.86449,108.03538,109.73664,423340.1
2019-03-19,AMG,110.45452,110.956055,108.29106,108.46808,491173.72
2019-03-20,AMG,108.4484,108.74342,105.19338,105.22288,478698.5
2019-03-21,AMG,104.23949,104.977036,103.21676,103.46261,1158870.2
2019-03-22,AMG,102.28254,102.7349,96.77555,97.51309,1344559.2
2019-03-25,AMG,97.473755,98.69316,96.490364,97.51309,570219.56
2019-03-26,AMG,98.50632,100.55177,98.50632,100.16825,472062.28
2019-03-27,AMG,100.443596,102.32188,100.19775,101.99736,592796.5
2019-03-28,AMG,102.23337,104.77052,101.77609,104.55418,698848.9
2019-03-29,AMG,105.74408,106.33411,105.07537,105.331055,646280.8
2019-04-01,AMG,106.33411,109.657974,106.024345,109.53997,447185.12
2019-04-02,AMG,109.77598,109.972664,108.6795,109.5203,416588.97
2019-04-03,AMG,110.70037,111.70342,110.39552,111.536255,538234.3
2019-04-04,AMG,111.55592,112.8245,111.221565,112.21479,311563.62
2019-04-05,AMG,112.49998,113.82755,111.7231,113.611206,431705
2019-04-08,AMG,113.39486,113.66038,111.88044,112.204956,569959.25
2019-04-09,AMG,111.43791,111.54609,107.966545,108.13372,670511.25
2019-04-10,AMG,108.08456,108.70409,105.80308,108.67458,886601.2
2019-04-11,AMG,109.33346,110.76921,108.45824,108.61558,446921.75
2019-04-12,AMG,110.38569,111.65426,109.59897,110.47419,409375.16
2019-04-15,AMG,110.61187,111.1724,108.74342,109.195786,413458.97
2019-04-16,AMG,109.69731,110.69054,109.662895,110.66103,627452.1
2019-04-17,AMG,110.867546,111.48216,110.19884,110.52336,392983.9
2019-04-18,AMG,110.5627,111.939445,109.62848,111.7526,427380.2
2019-04-22,AMG,111.54609,112.49998,111.12323,111.467415,329619.53
2019-04-23,AMG,111.536255,112.73599,110.45452,112.57865,522642.34
2019-04-24,AMG,111.97878,112.15579,111.21173,111.290405,307974.03
2019-04-25,AMG,111.19206,111.19206,109.28429,110.22834,304234.9
2019-04-26,AMG,109.76615,110.602036,108.8221,110.59219,391197.25
2019-04-29,AMG,111.05439,112.4213,110.83804,111.064224,264234.56
2019-04-30,AMG,110.798706,110.82821,108.81963,109.077774,410040.2
2019-05-01,AMG,109.11711,109.91365,107.59286,107.69119,406057.03
2019-05-02,AMG,107.8092,108.17306,105.23272,106.196434,486343.47
2019-05-03,AMG,106.44228,109.26462,106.02926,108.97944,496944.56
2019-05-06,AMG,104.72135,104.72135,94.5405,96.33302,2164645.8
2019-05-07,AMG,95.3988,95.3988,91.58324,92.52729,1238224.1
2019-05-08,AMG,92.62564,93.27467,92.05527,92.409294,797771.9
2019-05-09,AMG,90.59002,92.94032,90.04915,92.76331,816387.06
2019-05-10,AMG,92.31095,93.36318,90.56051,92.82231,1008057.44
2019-05-13,AMG,91.01288,91.47507,89.0461,89.33127,998567.8
2019-05-14,AMG,89.891815,90.76703,89.099396,89.82297,618223.8
2019-05-15,AMG,89.05322,90.25718,88.1552,90.01047,602442.9
2019-05-16,AMG,89.961136,90.67165,89.10257,89.56639,584311.44
2019-05-17,AMG,88.86573,89.16672,87.71111,87.75059,779956.44
2019-05-20,AMG,86.990715,87.73085,85.855835,87.4644,777527.5
2019-05-21,AMG,88.22427,89.063095,87.474266,88.89533,611963.1
2019-05-22,AMG,88.29336,89.08283,87.89861,88.234146,624007.5
2019-05-23,AMG,87.01045,87.19795,85.95452,87.069664,500319.84
2019-05-24,AMG,87.6519,88.24401,86.72426,87.23743,441154.75
2019-05-28,AMG,87.07953,87.37559,85.69794,85.69794,630516.1
2019-05-29,AMG,85.184784,86.35913,84.52359,86.072945,511266.8
2019-05-30,AMG,86.230835,86.586105,84.62228,84.9282,489386.06
2019-05-31,AMG,83.63543,84.0203,82.71766,82.71766,629172.44
2019-06-03,AMG,82.40187,83.93149,82.007126,83.299904,378675.06
2019-06-04,AMG,85.06635,86.309784,83.970955,86.25058,654842
2019-06-05,AMG,86.1815,87.02032,83.66503,86.90189,578347
2019-06-06,AMG,86.63545,87.83941,85.70781,87.83941,416822.75
2019-06-07,AMG,88.05651,88.421646,87.3065,88.10585,299315.38
2019-06-10,AMG,88.64862,90.03021,88.25388,88.99402,249285.42
2019-06-11,AMG,90.04994,90.61245,88.520325,88.826256,271912
2019-06-12,AMG,88.69796,88.69796,87.33611,88.07625,312171.47
2019-06-13,AMG,88.29336,89.25859,88.0269,88.579544,413170.72
2019-06-14,AMG,88.79665,88.79665,86.88709,87.19795,634904.8
2019-06-17,AMG,87.35584,87.35584,86.11242,86.1815,532467.6
2019-06-18,AMG,86.76374,88.54994,86.1815,86.41834,794651.7
2019-06-19,AMG,86.98084,86.98084,85.44136,85.78676,597409.7
2019-06-20,AMG,86.349266,87.52361,85.48577,87.43479,778654.3
2019-06-21,AMG,87.33611,87.43479,86.69466,86.82295,850803.2
2019-06-24,AMG,86.84269,87.8246,86.20123,86.882164,712228.75
2019-06-25,AMG,86.98084,87.746346,86.0236,87.345985,393399.72
2019-06-26,AMG,87.75059,89.12231,87.444664,88.93481,403421.5
2019-06-27,AMG,89.063095,90.50389,88.93481,90.20785,375519.56
2019-06-28,AMG,90.790085,91.977165,90.434814,90.92824,649082.25
2019-07-01,AMG,92.26048,92.832855,89.961136,90.809814,414150.62
2019-07-02,AMG,90.88876,90.88876,88.58941,88.954544,682550.44
2019-07-03,AMG,88.72757,89.980865,88.688095,89.53679,224128.58
2019-07-05,AMG,89.75389,90.6618,89.497314,89.85258,263663.5
2019-07-08,AMG,88.94467,90.276924,88.10585,88.3427,230460.86
2019-07-09,AMG,87.474266,89.33942,87.178215,89.23086,348238.78
2019-07-10,AMG,89.39862,90.09929,88.91013,89.36902,365190.72
2019-07-11,AMG,89.94139,90.20785,88.22427,89.82297,286807.9
2019-07-12,AMG,90.08942,90.90851,87.35584,88.579544,690591.2
2019-07-15,AMG,88.72757,88.91507,87.39532,87.83941,432720.84
2019-07-16,AMG,87.75059,88.31309,86.47755,86.5565,560941.1
2019-07-17,AMG,86.22098,86.349266,84.12885,84.2078,668134.8
2019-07-18,AMG,84.08938,86.911766,83.94135,86.76374,758034.1
2019-07-19,AMG,87.02032,88.32296,86.53183,87.207825,340056.2
2019-07-22,AMG,87.10913,87.316376,85.026886,86.79334,339033.72
2019-07-23,AMG,87.286766,88.91507,87.16835,88.88546,395452.72
2019-07-24,AMG,88.3427,90.39534,88.3427,90.37561,365997.34
2019-07-25,AMG,90.45456,90.48416,87.40519,88.16506,327301.44
2019-07-26,AMG,87.93809,89.19632,87.79006,88.86573,447614.72
2019-07-29,AMG,90.17823,91.48581,85.293335,85.510445,737175.8
2019-07-30,AMG,83.46767,85.63873,82.53015,85.63873,598423.06
2019-07-31,AMG,85.57952,85.57952,84.05158,84.66175,637208.1
2019-08-01,AMG,84.375565,84.375565,80.67488,81.65186,804626.9
2019-08-02,AMG,81.04988,81.12883,79.377174,80.05317,902321.7
2019-08-05,AMG,77.6946,80.03343,77.3492,77.95118,1066780.5
2019-08-06,AMG,78.878815,80.29988,78.51368,80.171585,1019075.1
2019-08-07,AMG,78.645836,78.93315,77.16962,78.36842,473530.56
2019-08-08,AMG,79.18084,80.41928,78.66069,80.36974,519380.62
2019-08-09,AMG,79.43844,79.86446,78.6062,79.279915,481302.44
2019-08-12,AMG,78.2,79.037186,77.43315,78.893524,784306.9
2019-08-13,AMG,78.67556,81.340675,78.3815,78.51704,579084.8
2019-08-14,AMG,76.28785,76.961555,75.12371,76.07979,692504.8
2019-08-15,AMG,76.66433,77.100266,73.672264,73.80106,585576.9
2019-08-16,AMG,74.40542,75.84201,74.28653,75.237656,474686.25
2019-08-19,AMG,76.644516,76.82285,75.57451,76.00053,407484.72
2019-08-20,AMG,75.6934,75.71321,74.67293,75.08904,548331.4
2019-08-21,AMG,75.9609,76.71387,75.13857,75.1782,247092.3
2019-08-22,AMG,75.67358,76.79313,75.35654,75.80238,342266.53
2019-08-23,AMG,75.029594,75.52497,73.21652,73.94968,523807.56
2019-08-26,AMG,74.910706,74.910706,73.91995,74.385605,460148.78
2019-08-27,AMG,74.900795,75.614136,73.95463,74.14782,464836.16
2019-08-28,AMG,73.66235,74.905754,73.50384,74.33607,459881.3
2019-08-29,AMG,75.24756,75.92672,74.86116,75.07913,384415.34
2019-08-30,AMG,75.5646,76.6247,75.47048,75.921265,381413.6
2019-09-03,AMG,75.14848,75.31691,73.50384,74.27663,393591.22
2019-09-04,AMG,75.30701,75.66367,74.77695,75.32682,484107.38
2019-09-05,AMG,76.515724,79.081764,76.515724,78.01175,474520.72
2019-09-06,AMG,78.03157,78.71519,76.99128,77.90277,440540.44
2019-09-09,AMG,78.834076,82.831764,78.51704,82.2819,552730.06
2019-09-10,AMG,82.90607,85.75943,82.816895,85.58109,904549.94
2019-09-11,AMG,86.12601,87.84001,84.1346,87.41399,602914.2
2019-09-12,AMG,87.09695,88.19668,85.719795,87.394165,541493.1
2019-09-13,AMG,88.71187,89.15256,86.888885,87.849915,535241.3
2019-09-16,AMG,87.19602,88.365105,87.11181,87.58241,530323.8
2019-09-17,AMG,87.15639,87.225746,85.04608,86.19536,723651.9
2019-09-18,AMG,85.31359,86.12601,84.67951,86.00712,545000.56
2019-09-19,AMG,85.81888,86.74028,84.98664,85.15507,365147.16
2019-09-20,AMG,85.45229,86.39351,84.67951,84.85785,709201.2
2019-09-23,AMG,83.7383,85.1848,83.470795,84.5309,418893.22
2019-09-24,AMG,84.67951,84.98664,82.301704,82.48004,574264.2
2019-09-25,AMG,82.54939,83.480705,81.75679,83.29246,322431.1
2019-09-26,AMG,82.97542,83.68876,81.984665,82.20264,294037.47
2019-09-27,AMG,82.36115,83.18347,81.69735,82.17291,324832.28
2019-09-30,AMG,82.777275,83.153755,81.51901,82.57912,359618
2019-10-01,AMG,82.89616,83.213196,78.705284,78.93315,401930.34
2019-10-02,AMG,77.9424,77.9424,75.47543,75.51506,475713.75
2019-10-03,AMG,74.910706,75.44571,73.087715,74.851265,683684.2
2019-10-04,AMG,74.69273,75.86896,74.21718,75.76275,548324.3
2019-10-07,AMG,75.14848,75.47504,73.880325,74.13792,646441.75
2019-10-08,AMG,73.10754,73.3255,71.06659,71.13594,661434.44
2019-10-09,AMG,71.62141,72.04743,70.42755,71.58178,788139.3
2019-10-10,AMG,71.92854,73.13726,71.90873,72.384285,488720.03
2019-10-11,AMG,73.81097,76.00053,73.81097,75.26737,618572
2019-10-14,AMG,74.69273,74.955284,73.424576,74.593666,334411.88
2019-10-15,AMG,74.702644,76.059975,73.81592,75.42589,364354.8
2019-10-16,AMG,75.59432,76.80303,74.83144,74.910706,459680.47
2019-10-17,AMG,75.39617,75.8321,73.91995,74.00912,524263.78
2019-10-18,AMG,73.94968,74.583755,73.751526,73.89023,629653.5
2019-10-21,AMG,74.702644,75.92622,74.53422,74.771996,595023.2
2019-10-22,AMG,74.69273,76.248215,73.970085,74.920616,489123.78
2019-10-23,AMG,74.53422,76.65443,74.53422,76.32748,369789.1
2019-10-24,AMG,76.902115,77.37767,75.44571,76.188774,472668.6
2019-10-25,AMG,75.91136,77.44702,75.554695,76.6247,657036.75
2019-10-28,AMG,77.37767,81.479385,76.0897,80.74623,1029621.7
2019-10-29,AMG,80.88493,83.49061,80.756134,83.28255,1025299.75
2019-10-30,AMG,82.84663,82.84663,79.933815,79.98335,740700.56
2019-10-31,AMG,79.25019,79.98335,77.5461,79.141205,471255.53
2019-11-01,AMG,80.08243,81.43975,79.83067,81.39022,354633.9
2019-11-04,AMG,82.430504,85.43249,82.430504,85.30368,422390.56
2019-11-05,AMG,85.69998,87.260414,85.69998,86.363785,406669.2
2019-11-06,AMG,86.23451,86.23451,85.04123,85.28983,549886.44
2019-11-07,AMG,86.383675,87.65651,85.51855,86.56267,577557.3
2019-11-08,AMG,85.796974,86.68199,85.409164,86.37373,556090.2
2019-11-11,AMG,85.429054,86.87093,85.409164,86.53283,342446.12
2019-11-12,AMG,86.13508,86.69194,85.06112,85.796974,509782.9
2019-11-13,AMG,85.08101,85.08101,83.41041,84.21588,429196.78
2019-11-14,AMG,83.69879,84.57387,83.5198,83.78829,608559.9
2019-11-15,AMG,84.57387,85.49368,83.828064,84.52415,284511.78
2019-11-18,AMG,84.06672,84.64348,83.12203,84.55398,426665.6
2019-11-19,AMG,85.16056,85.71742,84.355095,84.41476,339263.3
2019-11-20,AMG,83.857895,84.61613,82.76405,83.52974,360967.8
2019-11-21,AMG,83.6789,84.31532,83.17176,83.55957,491778.12
2019-11-22,AMG,83.72862,84.47442,83.45019,83.937454,498554.06
2019-11-25,AMG,84.11643,86.423454,83.72862,86.06547,773644.1
2019-11-26,AMG,85.87653,85.89145,84.489334,85.17051,2551925.5
2019-11-27,AMG,85.87653,86.79138,84.44459,85.46883,661280.06
2019-11-29,AMG,85.429054,85.57821,84.45454,84.892075,174150.95
2019-12-02,AMG,85.08101,85.76714,82.933105,83.03254,511237.06
2019-12-03,AMG,81.352,81.65032,79.94492,81.32217,825857.4
2019-12-04,AMG,81.76965,83.400475,81.76965,82.336464,527497.06
2019-12-05,AMG,83.05243,83.6093,82.843605,83.1121,515127.84
2019-12-06,AMG,84.494316,85.63788,84.45454,84.95174,383704.1
2019-12-09,AMG,84.6037,84.902016,83.52974,83.78829,591239.94
2019-12-10,AMG,83.320915,83.78829,82.2583,82.376236,563150.7
2019-12-11,AMG,82.52539,83.64907,82.52539,83.320915,419938.94
2019-12-12,AMG,83.19165,86.61239,83.13099,86.453285,390219.56
2019-12-13,AMG,86.97037,86.97037,84.35012,84.63353,546450.2
2019-12-16,AMG,85.985916,87.934944,85.57821,85.61798,903562.44
2019-12-17,AMG,85.09095,85.89452,84.77274,85.438995,528874.8
2019-12-18,AMG,86.19474,87.69629,85.66771,86.05553,652792.56
2019-12-19,AMG,86.15496,87.214005,85.65776,86.20469,744251.56
2019-12-20,AMG,86.70189,87.11953,83.67393,84.02694,9007186
2019-12-23,AMG,84.27554,86.14502,84.03689,85.25006,1116673.5
2019-12-24,AMG,85.24011,85.5086,84.41476,84.47442,235281.17
2019-12-26,AMG,85.23017,85.359436,83.877785,84.265594,596745.75
2019-12-27,AMG,84.365036,85.23017,84.156715,84.47442,695724.9
2019-12-30,AMG,85.00146,85.12078,83.683876,84.02694,534571.7
2019-12-31,AMG,83.828064,85.369385,83.74851,84.265594,570930.25
2020-01-02,AMG,84.991516,84.991516,82.823715,83.5198,554205.6
2020-01-03,AMG,82.42596,83.0922,81.352,82.48562,554657.1
2020-01-06,AMG,81.799484,83.0922,81.14317,82.863495,378720.2
2020-01-07,AMG,82.96294,83.291084,81.58072,81.92876,434419
2020-01-08,AMG,82.64472,82.933105,81.54094,82.06797,544732.56
2020-01-09,AMG,82.6845,82.91321,81.87903,82.46574,673887.6
2020-01-10,AMG,82.296684,83.91756,81.56082,82.46574,870697.44
2020-01-13,AMG,83.0226,84.295425,82.843605,84.07667,402207.7
2020-01-14,AMG,84.06672,84.91335,83.56952,84.305374,423242.44
2020-01-15,AMG,83.6789,84.892075,83.24136,84.21588,459085.1
2020-01-16,AMG,84.892075,86.15496,84.678276,85.896416,303268.78
2020-01-17,AMG,86.353836,86.72177,84.68325,85.16056,295994.06
2020-01-21,AMG,84.45454,85.429054,83.71868,84.902016,348982.72
2020-01-22,AMG,85.08101,86.393616,85.08101,85.55832,612693.06
2020-01-23,AMG,85.04123,85.31967,83.05243,84.991516,632520.06
2020-01-24,AMG,85.26,85.31967,82.207184,82.44585,380944.66
2020-01-27,AMG,79.97973,80.87966,78.687004,79.35326,737418.3
2020-01-28,AMG,80.08911,80.52665,78.736725,78.736725,447304.16
2020-01-29,AMG,79.15437,79.760956,78.4384,79.03505,573648.44
2020-01-30,AMG,78.25941,79.91012,77.38434,79.8604,596861.44
2020-01-31,AMG,79.00521,79.9499,78.289246,79.40298,999197.8
2020-02-03,AMG,82.00831,82.03814,78.269356,79.800735,1469370
2020-02-04,AMG,81.05368,82.17735,80.59626,81.61055,563436.3
2020-02-05,AMG,83.0226,84.81252,83.0226,84.05677,895110.1
2020-02-06,AMG,84.852295,85.53843,81.46139,82.76405,1098694.9
2020-02-07,AMG,81.76965,82.07792,80.46698,81.06362,370231.66
2020-02-10,AMG,80.48688,82.15747,80.34766,81.839264,368328
2020-02-11,AMG,82.38618,83.29606,82.00831,82.54529,303472.94
2020-02-12,AMG,83.5635,84.69152,83.274,83.5635,334688.75
2020-02-13,AMG,82.86472,83.473656,81.56699,82.38556,302744.84
2020-02-14,AMG,82.72497,82.97453,81.98626,82.75492,277984.5
2020-02-18,AMG,83.09432,84.152466,81.846504,83.12427,499202.66
2020-02-19,AMG,84.31219,86.74792,84.29222,86.55825,474257
2020-02-20,AMG,86.34862,88.24529,86.2987,87.945816,347638.4
2020-02-21,AMG,87.796074,88.79433,87.217094,88.624626,543321.9
2020-02-24,AMG,84.98101,86.17892,84.3621,85.13075,684283.56
2020-02-25,AMG,85.25054,85.45019,80.758415,82.18591,905570.9
2020-02-26,AMG,83.11429,83.11429,80.85824,81.53705,851250.8
2020-02-27,AMG,79.82006,82.46941,78.891685,80.1395,1682938.4
2020-02-28,AMG,77.005,77.83354,73.271545,75.088356,1404260.6
2020-03-02,AMG,75.53757,78.46244,74.15,78.22286,818085.75
2020-03-03,AMG,78.35263,78.35263,72.61269,73.680824,664710.3
2020-03-04,AMG,74.78888,75.492645,73.0669,75.288,814378.25
2020-03-05,AMG,72.203415,72.66261,68.679596,70.57626,1709474.8
2020-03-06,AMG,67.66138,70.735985,67.09238,70.36663,1020242.56
2020-03-09,AMG,65.31549,65.48519,61.63195,62.340706,887868.9
2020-03-10,AMG,65.33545,67.302,62.7999,66.74299,743648.44
2020-03-11,AMG,64.63668,65.006035,58.517406,61.39237,1678149
2020-03-12,AMG,55.323006,55.323006,50.162155,50.291832,984516
2020-03-13,AMG,54.274845,57.099895,51.48973,57.069942,985524.75
2020-03-16,AMG,47.41687,54.1301,46.947693,52.477997,1206092.8
2020-03-17,AMG,54.0153,60.384136,50.412216,59.4358,1196860.6
2020-03-18,AMG,54.12511,64.28729,53.620995,58.826866,1799311
2020-03-19,AMG,57.948406,61.19272,52.787457,55.23317,1036891.7
2020-03-20,AMG,55.562588,56.6407,47.41687,48.684647,1363779.8
2020-03-23,AMG,47.49673,49.29538,44.292347,45.070984,762763.94
2020-03-24,AMG,48.40514,49.762756,46.93771,49.503212,698449.4
2020-03-25,AMG,50.05225,54.783955,48.97414,51.26013,567008.3
2020-03-26,AMG,51.938942,57.519157,48.964157,56.740524,574420.3
2020-03-27,AMG,54.13509,58.192974,53.236668,56.261364,903907.94
2020-03-30,AMG,56.830368,60.52389,55.392887,60.32424,632780.44
2020-03-31,AMG,60.24438,60.64368,57.69884,59.0365,606526.5
2020-04-01,AMG,55.892014,57.64893,54.115124,56.05173,641093
2020-04-02,AMG,56.271347,58.8069,55.183254,56.620735,634692.8
2020-04-03,AMG,56.620735,57.109875,53.226685,55.263115,418770.9
2020-04-06,AMG,58.59727,62.101124,58.59727,61.532124,610239
2020-04-07,AMG,64.606735,64.606735,61.01303,62.44053,673798.25
2020-04-08,AMG,62.989567,65.43528,61.337463,65.02599,507716.56
2020-04-09,AMG,66.55332,72.41305,65.04597,66.483444,1110508.5
2020-04-13,AMG,67.38187,67.431786,61.602,62.78992,526044.6
2020-04-14,AMG,65.065926,65.115845,61.931423,63.139305,668433.8
2020-04-15,AMG,60.553837,60.89324,58.64219,59.825115,500414.78
2020-04-16,AMG,59.54561,60.783436,58.467495,59.785187,381606.84
2020-04-17,AMG,62.260845,64.01277,61.4323,62.839832,463406
2020-04-20,AMG,61.112858,63.64841,59.921745,61.422314,438474.38
2020-04-21,AMG,59.425816,61.33247,59.056465,60.89324,375144.53
2020-04-22,AMG,62.520393,62.520393,60.424065,61.142807,308859.53
2020-04-23,AMG,61.721794,62.670128,59.585533,60.304276,460763.38
2020-04-24,AMG,60.89324,61.252613,59.944904,60.184486,472058.16
2020-04-27,AMG,62.07118,67.50166,60.27433,66.60323,905770.2
2020-04-28,AMG,68.90919,69.61794,66.533356,68.000786,553543.75
2020-04-29,AMG,69.877495,71.54457,69.45044,70.20692,369916.4
2020-04-30,AMG,68.679596,70.59124,67.72127,69.83756,477880.34
2020-05-01,AMG,67.900955,68.290276,64.207436,64.85629,525306.4
2020-05-04,AMG,64.18747,66.04422,63.27906,65.72477,537320.4
2020-05-05,AMG,68.15052,68.48993,64.69657,64.7964,357098.97
2020-05-06,AMG,65.1758,65.455345,62.27044,62.55998,371286.7
2020-05-07,AMG,64.067566,66.26406,63.42859,64.18738,313671.72
2020-05-08,AMG,65.34552,66.2341,64.46693,66.174194,485290.66
2020-05-11,AMG,65.265656,67.15263,64.58674,66.09432,554151.56
2020-05-12,AMG,66.29401,66.29401,60.682976,60.86269,493576.88
2020-05-13,AMG,60.503265,60.802788,58.256855,59.72451,620913.1
2020-05-14,AMG,59.025627,62.310375,56.70933,62.07076,503217.28
2020-05-15,AMG,60.643044,63.42859,60.643044,62.430183,474341.2
2020-05-18,AMG,64.94617,67.09273,64.791405,66.49369,420218.78
2020-05-19,AMG,65.94457,67.3024,64.606705,64.98609,252335.8
2020-05-20,AMG,66.54361,66.8032,65.36749,65.82476,257909.69
2020-05-21,AMG,65.265656,67.02284,65.265656,66.563576,400130.72
2020-05-22,AMG,66.54361,66.598526,64.00766,64.3571,349988.7
2020-05-26,AMG,66.27404,70.677,66.27404,69.87827,450943.84
2020-05-27,AMG,72.24449,73.202965,71.05639,72.33435,336220.7
2020-05-28,AMG,72.21455,72.314384,68.52045,68.78003,364028.1
2020-05-29,AMG,67.761665,69.149445,66.393845,66.51366,587973.56
2020-06-01,AMG,66.82316,68.58834,66.32396,68.171005,416289.5
2020-06-02,AMG,69.279236,69.83335,67.951355,69.60871,678297.75
2020-06-03,AMG,71.31598,75.030045,71.166214,74.37109,545288.44
2020-06-04,AMG,73.9318,76.70736,72.444176,76.278046,612905.4
2020-06-05,AMG,81.549614,82.31838,77.54601,78.01527,474194.94
2020-06-08,AMG,79.79243,81.65944,78.62429,81.589554,459202
2020-06-09,AMG,79.02366,81.719345,78.79742,80.84075,435993.97
2020-06-10,AMG,80.291626,80.291626,75.66902,76.57756,715165.6
2020-06-11,AMG,73.0532,73.96175,70.06797,70.14785,522523.1
2020-06-12,AMG,73.81199,73.81199,70.442375,72.68379,365471.4
2020-06-15,AMG,69.908226,74.001686,69.60871,73.36271,544066.5
2020-06-16,AMG,77.32636,77.32636,72.83355,74.47093,361404.9
2020-06-17,AMG,74.22133,75.63907,73.382675,74.231316,343330.06
2020-06-18,AMG,73.19298,75.12988,72.60392,74.590744,350290.16
2020-06-19,AMG,75.59913,76.098335,73.61231,75.10992,893649.5
2020-06-22,AMG,74.31119,75.41942,73.09314,74.7405,330398.4
2020-06-23,AMG,75.9985,76.14825,74.64066,74.89027,300312.38
2020-06-24,AMG,73.81199,74.3012,72.63387,72.91342,505056.22
2020-06-25,AMG,72.094734,74.85033,71.825165,74.80041,317979.6
2020-06-26,AMG,73.54242,74.11151,71.01147,71.23611,578172.94
2020-06-29,AMG,71.915016,72.81358,71.49569,72.234505,348393.12
2020-06-30,AMG,71.81518,74.92022,71.81518,74.44098,483899.44
2020-07-01,AMG,74.29122,74.56079,70.90663,71.13627,468372.66
2020-07-02,AMG,72.97333,74.041626,72.33435,72.70376,380656.62
2020-07-06,AMG,74.66063,75.45936,73.32277,74.07157,354938.6
2020-07-07,AMG,73.03323,74.101524,72.35432,72.404236,376138.4
2020-07-08,AMG,72.69377,74.271255,72.33435,72.78363,537262.6
2020-07-09,AMG,72.07477,72.25448,68.48051,68.97971,488629
2020-07-10,AMG,69.02963,72.11471,69.02963,72.044815,402000.7
2020-07-13,AMG,72.943375,73.61231,71.88008,72.25448,241331.23
2020-07-14,AMG,72.11471,72.11471,69.71854,70.30759,561656.56
2020-07-15,AMG,71.75528,73.212944,71.08634,72.81358,272292.66
2020-07-16,AMG,71.85512,73.802,71.23611,71.954956,233645.97
2020-07-17,AMG,71.74529,72.57397,70.677,70.886665,270495.78
2020-07-20,AMG,70.267654,70.57716,69.62868,69.85831,284114.53
2020-07-21,AMG,70.27764,73.2429,69.88826,73.03323,408473.03
2020-07-22,AMG,72.3044,73.50249,71.40583,71.875084,347532.75
2020-07-23,AMG,71.29601,72.763664,71.29601,72.18459,212729.58
2020-07-24,AMG,72.16462,72.86351,69.87328,70.1179,471099
2020-07-27,AMG,70.227715,72.893456,68.650246,71.40583,688366.8
2020-07-28,AMG,70.14785,70.756874,67.59193,69.51885,674174.2
2020-07-29,AMG,69.97811,69.97811,68.46054,69.598724,311454.16
2020-07-30,AMG,68.350716,68.60032,67.04281,68.31078,242135.52
2020-07-31,AMG,68.27084,68.790016,67.2375,68.68019,391912.6
2020-08-03,AMG,69.02963,69.02963,67.71174,68.18099,350003.7
2020-08-04,AMG,67.74169,68.41062,67.282425,68.00128,299818.6
2020-08-05,AMG,68.58044,71.07681,68.58044,70.627464,344346.2
2020-08-06,AMG,70.20807,70.82967,69.65387,69.83861,272858.56
2020-08-07,AMG,69.39925,72.145256,69.39925,72.035416,268521.28
2020-08-10,AMG,72.41486,73.25365,72.105316,73.14381,271540.66
2020-08-11,AMG,74.67159,75.76002,73.95263,74.00256,306099.75
2020-08-12,AMG,75.230774,75.65017,72.38491,72.97406,318386.56
2020-08-13,AMG,72.404884,73.403435,71.75582,72.24511,171259.28
2020-08-14,AMG,71.635994,73.06393,71.635994,72.83426,196429.77
2020-08-17,AMG,72.78433,72.94909,71.65597,72.474785,297089.7
2020-08-18,AMG,72.35495,73.30358,72.31501,72.624565,291045.94
2020-08-19,AMG,72.484764,73.38346,71.45625,71.48621,312988.75
2020-08-20,AMG,70.28796,70.5276,69.30938,69.39925,355473.34
2020-08-21,AMG,68.889984,69.174576,67.52197,68.49056,315148.88
2020-08-24,AMG,69.12964,71.38636,68.7402,70.89707,328702.53
2020-08-25,AMG,71.44627,71.86567,70.27298,70.927025,238209.33
2020-08-26,AMG,70.78723,70.78723,69.64888,70.20807,173733.86
2020-08-27,AMG,70.4677,71.875656,70.30793,71.00691,251359.39
2020-08-28,AMG,71.48621,71.48621,69.62392,70.49765,246478.33
2020-08-31,AMG,70.64743,70.64743,68.49056,68.550476,462290.2
2020-09-01,AMG,67.90142,68.25091,67.072624,68.10113,472112.44
2020-09-02,AMG,69.57899,71.38636,68.84006,70.95698,595010.56
2020-09-03,AMG,71.31646,72.06538,69.07971,70.627464,416739.16
2020-09-04,AMG,71.90561,72.24511,69.34931,70.707344,433215.03
2020-09-08,AMG,69.93846,69.93846,67.58189,68.041214,476460.72
2020-09-09,AMG,68.330795,69.16459,67.1625,68.42066,418870.25
2020-09-10,AMG,69.0897,69.23947,65.554825,65.88435,635530.3
2020-09-11,AMG,65.98421,67.19245,65.61973,66.42356,374791.34
2020-09-14,AMG,67.31228,67.52197,65.81445,65.87437,415720.7
2020-09-15,AMG,65.98421,66.43355,65.13544,65.19535,422198.06
2020-09-16,AMG,65.42501,68.6753,65.0955,67.69173,606083.6
2020-09-17,AMG,66.86293,68.64034,66.14397,68.59042,573691.7
2020-09-18,AMG,68.37074,68.810104,67.48203,67.64179,711717.75
2020-09-21,AMG,65.78449,67.01271,64.06699,65.05555,462077.88
2020-09-22,AMG,64.8858,66.00917,63.722286,64.64614,508831.66
2020-09-23,AMG,64.66612,65.94426,63.238194,63.28812,353041.8
2020-09-24,AMG,62.87871,64.42646,62.099842,63.587685,452945.62
2020-09-25,AMG,63.048466,65.07552,62.85874,64.63616,262308.28
2020-09-28,AMG,65.66467,68.464905,65.61973,67.95135,353018.78
2020-09-29,AMG,67.98131,68.14107,66.852936,67.91141,275746.75
2020-09-30,AMG,68.34078,69.45916,67.4321,68.28087,419016.44
2020-10-01,AMG,68.79013,69.00981,66.92284,67.37219,315081.78
2020-10-02,AMG,66.333694,69.83861,66.333694,68.999825,752065.25
2020-10-05,AMG,70.0583,71.221596,69.74215,71.036865,213135.98
2020-10-06,AMG,71.875656,73.453354,70.627464,71.50619,376193.38
2020-10-07,AMG,72.30503,74.182304,72.30503,72.91414,348400.06
2020-10-08,AMG,74.03252,76.15943,73.67304,76.13946,473961.1
2020-10-09,AMG,76.3891,77.16787,75.440475,76.29923,298528.78
2020-10-12,AMG,76.339165,77.447556,76.339165,76.87839,223194.56
2020-10-13,AMG,76.20936,77.68722,75.77998,76.70863,336223.44
2020-10-14,AMG,76.60878,78.98533,76.60878,78.20646,404301.12
2020-10-15,AMG,76.94828,79.91398,76.90834,79.7642,399834.66
2020-10-16,AMG,79.98388,80.08873,78.106606,78.20646,357392.12
2020-10-19,AMG,78.665794,79.32484,77.227875,77.36768,652850.44
2020-10-20,AMG,77.45754,79.40472,77.337715,78.83554,483301.66
2020-10-21,AMG,78.6558,79.43468,77.78707,78.16652,481780.44
2020-10-22,AMG,78.08663,79.57448,77.72715,78.9354,474134.34
2020-10-23,AMG,79.78417,80.25349,78.73569,79.2849,328109.66
2020-10-26,AMG,79.145096,80.11369,76.339165,78.6558,543121.4
2020-10-27,AMG,79.01528,79.0752,76.68867,76.778534,469697.94
2020-10-28,AMG,75.20082,75.71008,73.633095,74.00256,384053.75
2020-10-29,AMG,73.39345,75.10097,71.65597,74.401985,594615
2020-10-30,AMG,74.19229,75.400536,73.25365,75.26074,464724.72
2020-11-02,AMG,76.039604,76.893364,75.150894,76.399086,325208.47
2020-11-03,AMG,78.036705,79.35479,77.50748,78.595894,278152.25
2020-11-04,AMG,76.3988,79.22507,75.21038,77.816925,283651.22
2020-11-05,AMG,78.48604,81.90152,78.48604,80.98273,408370.2
2020-11-06,AMG,80.98273,80.98773,78.90549,79.334915,251569.78
2020-11-09,AMG,84.79768,86.735115,82.91018,83.799,431957.4
2020-11-10,AMG,84.148544,85.67651,83.61425,85.3869,389069.66
2020-11-11,AMG,86.36561,86.37559,84.44814,84.96746,357047.3
2020-11-12,AMG,84.29835,85.536705,82.95013,84.438156,445695.56
2020-11-13,AMG,84.91752,86.69517,84.07364,86.45548,390330.34
2020-11-16,AMG,88.95218,89.33167,87.30436,88.68254,349760.66
2020-11-17,AMG,87.4242,89.11197,87.01474,88.83234,777621.6
2020-11-18,AMG,89.581345,89.7611,86.415535,86.52539,408132.88
2020-11-19,AMG,85.85628,86.47546,84.19847,85.566666,299657.38
2020-11-20,AMG,85.25707,85.58663,84.06366,84.96746,335047.2
2020-11-23,AMG,86.19582,87.33432,85.80634,86.85496,281753.72
2020-11-24,AMG,88.063354,91.49881,87.33432,91.2791,397679.06
2020-11-25,AMG,90.809715,91.01445,89.551384,90.66991,215862.55
2020-11-27,AMG,90.809715,91.91825,89.3916,91.00945,209539.17
2020-11-30,AMG,90.390274,91.21418,86.825,87.00476,581702.5
2020-12-01,AMG,88.88227,89.641266,88.01342,88.62261,499827.2
2020-12-02,AMG,88.33299,89.940865,87.88359,89.940865,360329.66
2020-12-03,AMG,90.11065,95.26382,90.11065,93.12665,509622.12
2020-12-04,AMG,93.17658,95.39364,92.44755,95.19391,298524.88
2020-12-07,AMG,95.143974,95.66329,94.06041,95.37367,246296.8
2020-12-08,AMG,94.34504,98.13002,94.34504,97.55079,366841.25
2020-12-09,AMG,98.03016,98.899,95.90297,98.18994,489347.3
2020-12-10,AMG,96.90165,98.22989,96.08273,98.179955,449115.1
2020-12-11,AMG,97.0914,97.64066,95.623344,97.05145,309071.84
2020-12-14,AMG,98.2998,98.77917,96.19259,96.272484,400501.78
2020-12-15,AMG,97.14133,98.24986,95.90297,98.14001,242005.12
2020-12-16,AMG,99.03882,99.15866,98.26984,99.06877,269555.56
2020-12-17,AMG,99.26852,100.402016,98.529495,99.93763,273889.3
2020-12-18,AMG,100.20727,101.14603,99.03882,100.06745,837636
2020-12-21,AMG,99.64801,101.4656,98.19993,101.086105,468989.38
2020-12-22,AMG,100.956276,100.956276,98.729225,99.2785,245139.27
2020-12-23,AMG,99.697945,102.65403,99.697945,101.4656,274920.66
2020-12-24,AMG,102.18465,102.18465,100.5606,101.605415,96742.97
2020-12-28,AMG,102.26455,103.2033,101.26587,101.435646,207875.98
2020-12-29,AMG,101.50555,101.6154,100.16733,100.42698,258663.16
2020-12-30,AMG,100.44695,102.21461,100.15733,100.80648,236775.2
2020-12-31,AMG,100.38703,101.97493,99.5781,101.56547,246039.47
2021-01-04,AMG,101.6154,102.80383,98.74421,98.9789,427335.28
2021-01-05,AMG,99.538155,101.51554,99.14368,100.77652,361332.97
2021-01-06,AMG,102.72394,106.62876,102.72394,104.82116,462821.22
2021-01-07,AMG,105.869774,106.8284,105.22063,105.6201,276840.22
2021-01-08,AMG,106.678696,106.71864,104.70132,106.10945,266197.12
2021-01-11,AMG,105.41038,107.41772,105.41038,107.02824,276510.78
2021-01-12,AMG,107.837166,110.27893,107.51259,108.646095,351787.34
2021-01-13,AMG,108.556206,109.60981,107.60248,108.85581,342109.53
2021-01-14,AMG,109.295235,111.24764,108.69602,110.76329,344563.78
2021-01-15,AMG,108.6361,110.56355,107.82718,110.174065,294786.94
2021-01-19,AMG,110.77327,112.00165,109.494965,111.95171,402998.1
2021-01-20,AMG,112.271286,113.68941,111.562225,113.44973,427523.53
2021-01-21,AMG,113.68941,115.04761,112.44106,112.46104,427442.44
2021-01-22,AMG,111.38247,113.210045,111.232666,112.96038,216387.23
2021-01-25,AMG,111.97169,114.78796,111.66709,113.529625,286157.53
2021-01-26,AMG,114.31858,116.26849,114.238686,115.44708,435211.7
2021-01-27,AMG,114.2986,119.95611,113.75932,115.1375,593785.44
2021-01-28,AMG,115.2873,117.87387,113.37982,113.70939,458417.4
2021-01-29,AMG,112.850525,114.078896,109.87446,110.04424,581670.44
2021-02-01,AMG,111.02294,113.6195,110.104164,113.34986,334352.28
2021-02-02,AMG,114.55826,115.23617,111.592186,111.84186,417309.03
2021-02-03,AMG,111.35251,112.51098,110.26894,112.16143,288190.22
2021-02-04,AMG,112.46104,112.81058,111.53227,112.7906,310020.1
2021-02-05,AMG,114.018974,114.66811,112.21137,112.26131,385918.5
2021-02-08,AMG,118.11355,132.60426,118.11355,131.92526,1414389
2021-02-09,AMG,135.81012,143.05052,133.80276,141.93199,1032911.3
2021-02-10,AMG,145.3375,147.18405,142.0019,144.17902,1087039
2021-02-11,AMG,145.15773,147.80922,143.80951,144.97797,771933.1
2021-02-12,AMG,145.29755,148.17393,144.58849,147.70435,431565.88
2021-02-16,AMG,148.4334,148.79292,145.44734,145.81685,779950.75
2021-02-17,AMG,145.01787,145.26755,142.61089,144.1989,685693.1
2021-02-18,AMG,143.40988,145.82675,138.01666,138.49605,1000859.44
2021-02-19,AMG,139.8144,142.8406,138.87558,142.27132,294174
2021-02-22,AMG,140.71327,144.41862,140.71327,142.88054,309371.06
2021-02-23,AMG,141.94173,143.7095,137.91678,143.05032,407855.6
2021-02-24,AMG,144.00914,147.59462,142.9105,147.41486,304156.53
2021-02-25,AMG,147.82434,148.31372,142.29129,142.32124,348631.3
2021-02-26,AMG,141.83186,142.79645,137.23354,139.79442,431400.12
2021-03-01,AMG,142.81064,144.87804,141.90178,142.22137,499802.94
2021-03-02,AMG,141.6421,142.50102,138.79068,139.32501,479281.2
2021-03-03,AMG,139.31503,142.33623,136.92802,137.04788,544928.56
2021-03-04,AMG,136.48859,138.65585,132.45364,134.8706,449791.22
2021-03-05,AMG,137.06786,140.13899,132.73329,139.13525,455612.5
2021-03-08,AMG,140.66333,140.67332,137.92178,138.7757,390778.2
2021-03-09,AMG,139.99417,141.25258,137.30754,137.33751,707005.9
2021-03-10,AMG,138.29631,142.38907,138.29631,140.71327,638230.56
2021-03-11,AMG,141.42238,145.41737,140.97293,144.92798,455506.38
2021-03-12,AMG,145.7869,147.96416,143.9592,145.16768,331725.1
2021-03-15,AMG,144.76817,149.31247,144.31874,149.27252,417472.66
2021-03-16,AMG,149.51222,149.51222,146.69576,147.55469,472099.2
2021-03-17,AMG,148.29375,149.97662,146.55594,149.70198,412961
2021-03-18,AMG,149.96165,149.96165,146.2663,146.78564,484710
2021-03-19,AMG,146.13646,149.91173,145.6371,148.93294,994796.9
2021-03-22,AMG,148.69325,150.30124,146.08653,148.63333,482031.66
2021-03-23,AMG,147.2251,148.089,143.26007,144.84808,907970.94
2021-03-24,AMG,146.83559,148.55344,144.5085,144.97792,506207.97
2021-03-25,AMG,143.9592,148.893,142.1215,148.20386,328970.66
2021-03-26,AMG,149.21259,151.97913,148.29375,151.86926,322970.12
2021-03-29,AMG,150.0016,153.35739,146.76567,146.86554,346243.3
2021-03-30,AMG,147.02534,149.75192,146.70575,148.79312,319250.47
2021-03-31,AMG,148.65329,151.29997,147.81935,148.84306,282418.25
2021-04-01,AMG,149.75192,152.28773,148.78314,152.09897,232962.22
2021-04-05,AMG,153.49722,155.52467,153.16763,154.21631,228206.25
2021-04-06,AMG,154.45601,155.5147,153.46225,154.48596,223017.75
2021-04-07,AMG,154.11644,154.48596,151.9891,153.61707,262174.88
2021-04-08,AMG,154.49596,154.49596,151.33992,153.94666,179018.56
2021-04-09,AMG,154.1464,156.64326,153.69696,155.43478,209971.39
2021-04-12,AMG,156.23376,158.86047,155.44476,158.43102,233164.48
2021-04-13,AMG,159.0802,159.0802,154.39609,154.66574,203808.66
2021-04-14,AMG,155.23503,158.89044,155.23503,156.58334,174232.55
2021-04-15,AMG,158.34113,158.73064,156.74313,157.61205,224952.17
2021-04-16,AMG,158.06148,158.54088,156.88297,157.30243,150345.6
2021-04-19,AMG,157.21255,157.34238,155.32492,156.72316,201068.22
2021-04-20,AMG,156.26375,156.45349,152.34865,154.65576,255570.58
2021-04-21,AMG,153.8168,158.25124,153.31743,157.87173,332689.3
2021-04-22,AMG,158.80055,158.94038,154.08647,155.44476,275762.9
2021-04-23,AMG,156.03403,159.18008,156.03403,157.94164,311746.06
2021-04-26,AMG,159.14012,161.41727,157.34238,157.8917,367236.66
2021-04-27,AMG,157.8917,161.00778,156.73314,160.74811,232941.2
2021-04-28,AMG,160.93787,160.93787,158.67072,159.29993,231767.72
2021-04-29,AMG,160.6682,164.59328,159.20004,163.7743,253881.47
2021-04-30,AMG,165.65195,165.65195,158.31116,160.96783,469896.44
2021-05-03,AMG,159.98906,163.84422,157.0028,161.20753,394900.34
2021-05-04,AMG,160.71814,163.07019,157.89668,162.79553,328427.97
2021-05-05,AMG,164.77304,169.57701,163.1451,168.36855,349020.8
2021-05-06,AMG,169.80673,174.93028,166.76056,174.64066,315348.56
2021-05-07,AMG,173.55203,175.8891,172.44841,173.34229,321316.06
2021-05-10,AMG,173.49211,176.61818,172.5483,173.95152,249536.02
2021-05-11,AMG,170.68562,173.72182,167.64944,169.37727,407068.62
2021-05-12,AMG,168.93779,170.90544,158.53026,158.68007,513350.72
2021-05-13,AMG,158.37044,163.23462,158.18066,161.53665,563768
2021-05-14,AMG,162.91501,164.98253,161.4168,164.20346,541863.8
2021-05-17,AMG,163.72403,164.49312,159.40921,160.60777,316518.4
2021-05-18,AMG,160.91739,161.04225,158.68007,158.87984,440456.56
2021-05-19,AMG,156.3928,158.80992,152.95692,155.77356,440466.56
2021-05-20,AMG,156.53264,157.02206,153.66608,155.62373,271711.84
2021-05-21,AMG,156.79233,159.11954,156.33289,157.55142,210618.8
2021-05-24,AMG,158.9098,158.9098,155.60875,157.36165,190074.23
2021-05-25,AMG,157.82109,159.86865,156.78235,157.81111,451965.3
2021-05-26,AMG,158.03085,161.22702,158.03085,160.36806,273490.97
2021-05-27,AMG,162.1659,166.21106,161.29695,165.73163,396265.72
2021-05-28,AMG,166.28098,166.28098,163.07481,163.80394,178808.77
2021-06-01,AMG,165.5918,166.20107,163.53426,164.79276,319576.06
2021-06-02,AMG,165.2522,167.46954,163.88884,166.1012,308717.06
2021-06-03,AMG,165.40204,167.90903,163.74402,165.37207,434305.22
2021-06-04,AMG,165.55185,165.86647,162.00609,164.71286,187780.48
2021-06-07,AMG,165.31213,165.86148,161.88623,161.88623,264747.5
2021-06-08,AMG,161.70645,163.9238,159.62894,163.24461,334277.62
2021-06-09,AMG,162.63535,162.63535,159.96953,160.6677,148102.05
2021-06-10,AMG,162.76518,163.26459,159.1595,159.52905,208616.4
2021-06-11,AMG,160.64772,161.99611,160.35806,161.24701,149773.05
2021-06-14,AMG,161.06721,161.10217,159.45914,160.43797,225786.92
2021-06-15,AMG,161.11716,162.14592,159.1695,160.94736,219532.45
2021-06-16,AMG,160.11835,160.69766,157.81612,159.59897,307176.22
2021-06-17,AMG,159.87865,159.87865,152.19783,154.68484,504838.53
2021-06-18,AMG,150.70961,152.82707,147.9629,148.42236,709511.2
2021-06-21,AMG,149.67087,153.79591,148.81947,153.65608,319529
2021-06-22,AMG,153.09676,154.00568,150.34006,151.8982,213216.9
2021-06-23,AMG,152.07797,153.59616,151.79831,152.37761,212987.62
2021-06-24,AMG,153.35645,154.33528,150.95932,153.84586,197468.08
2021-06-25,AMG,154.53503,158.59018,154.53503,156.83229,778956.25
2021-06-28,AMG,156.03325,156.03325,151.68843,153.49628,241286.45
2021-06-29,AMG,154.79472,155.35904,153.20662,154.05562,207690.3
2021-06-30,AMG,153.00687,154.8147,152.57738,154.02565,202123.64
2021-07-01,AMG,155.42397,156.32289,153.80092,156.20303,220056.08
2021-07-02,AMG,156.32289,157.05203,154.90459,155.75357,237763.25
2021-07-06,AMG,155.8135,168.54826,155.0644,166.6006,600384.75
2021-07-07,AMG,167.4196,176.76842,167.3397,175.49995,572605.56
2021-07-08,AMG,172.22386,173.28758,165.9314,170.3561,567297.2
2021-07-09,AMG,173.93182,176.59862,173.35751,176.56866,214947.97
2021-07-12,AMG,178.05688,180.75365,176.60863,179.65497,287438.62
2021-07-13,AMG,178.64618,179.59503,173.98177,174.1216,246264.4
2021-07-14,AMG,174.20149,174.59103,167.81914,168.96776,212064.52
2021-07-15,AMG,167.74922,169.80675,166.52069,168.54826,221405.69
2021-07-16,AMG,169.91661,170.23386,166.02129,166.14114,161664.27
2021-07-19,AMG,161.52667,163.54425,158.88483,161.07721,175125.36
2021-07-20,AMG,161.92618,167.919,161.86626,166.4208,205874.12
2021-07-21,AMG,168.05884,170.436,167.75922,169.79677,230403.44
2021-07-22,AMG,168.88785,168.88785,164.78276,165.6817,156839.5
2021-07-23,AMG,166.92021,168.30855,165.03247,167.0201,185073.25
2021-07-26,AMG,166.19109,169.69688,166.11118,169.21745,186220.62
2021-07-27,AMG,167.68929,169.74683,165.15233,167.39964,177000.61
2021-07-28,AMG,163.94377,165.63176,153.3065,155.6437,410137.3
2021-07-29,AMG,156.46272,159.48909,154.95453,158.64012,265698.62
2021-07-30,AMG,157.17188,160.54784,156.96213,158.2506,310191.84
2021-08-02,AMG,160.09837,162.97493,158.01086,159.67888,280774.66
2021-08-03,AMG,161.50668,162.2658,157.67128,162.07602,205784.02
2021-08-04,AMG,159.8287,163.17969,159.80872,160.75758,211605.97
2021-08-05,AMG,161.5367,164.9628,161.5367,164.90288,188693.88
2021-08-06,AMG,166.54102,168.56871,163.924,164.42343,137840.23
2021-08-09,AMG,163.52444,165.95169,162.78528,164.59323,79364.95
2021-08-10,AMG,164.20367,167.60982,163.60434,166.8207,127000.945
2021-08-11,AMG,168.84839,170.68633,166.34125,169.88722,139928.6
2021-08-12,AMG,171.21571,171.21571,167.1803,170.28677,155126.83
2021-08-13,AMG,170.83615,171.4075,168.66861,169.00822,99302.555
2021-08-16,AMG,167.31015,168.88837,165.3224,168.50879,97071.02
2021-08-17,AMG,167.34012,167.48994,161.28699,164.25362,285719.84
2021-08-18,AMG,163.16486,165.1376,161.68652,161.91628,175650.1
2021-08-19,AMG,159.07948,160.46791,156.6922,158.31036,173186.3
2021-08-20,AMG,158.07063,161.25702,157.75099,161.02728,124459.07
2021-08-23,AMG,162.71536,163.7342,161.26202,162.64545,136885.16
2021-08-24,AMG,163.04498,165.66202,162.89516,165.3324,100481.89
2021-08-25,AMG,165.70197,171.1358,164.60822,169.63751,160848.31
2021-08-26,AMG,170.15692,170.83115,168.09924,168.19914,101954.56
2021-08-27,AMG,169.11809,174.24228,169.11809,174.11243,123668.17
2021-08-30,AMG,175.4509,175.4509,171.1358,171.16577,93925.46
2021-08-31,AMG,170.67633,171.9349,169.45851,169.91719,197409.75
2021-09-01,AMG,170.62639,171.11583,166.12149,167.1803,164805.8
2021-09-02,AMG,167.72968,168.28404,166.39119,166.78075,204091.33
2021-09-03,AMG,166.58098,167.56985,164.3635,166.51105,147619.31
2021-09-07,AMG,166.8307,166.8307,161.91628,162.22592,219941.3
2021-09-08,AMG,161.76643,163.55441,159.96848,162.73534,128845.04
2021-09-09,AMG,161.91628,165.40231,161.83636,162.89516,104252.164
2021-09-10,AMG,163.4745,165.90933,159.9485,160.33806,131536.1
2021-09-13,AMG,161.65656,164.57324,159.18936,160.52785,243997.56
2021-09-14,AMG,160.398,161.49673,157.07176,157.59119,279020.25
2021-09-15,AMG,158.7998,162.2359,157.41138,161.75645,209846.84
2021-09-16,AMG,162.10605,162.3258,158.8048,159.53897,128405.54
2021-09-17,AMG,159.66882,161.50673,158.87971,160.23817,625306.75
2021-09-20,AMG,155.32375,156.67223,147.7024,149.4704,276343.22
2021-09-21,AMG,150.95871,150.95871,146.01431,146.96324,192179.83
2021-09-22,AMG,148.921,152.467,147.55257,150.00977,160580.02
2021-09-23,AMG,151.16846,156.9519,150.52919,155.39368,142149.12
2021-09-24,AMG,154.46472,156.81207,153.86041,156.23273,157787.84
2021-09-27,AMG,156.65224,159.39413,155.64339,158.59004,109720.36
2021-09-28,AMG,158.40025,159.1644,152.8066,153.20616,178848.72
2021-09-29,AMG,154.20502,156.11285,150.97867,153.19615,152310.64
2021-09-30,AMG,154.72443,155.76326,150.76892,150.91875,191623.19
2021-10-01,AMG,151.2284,154.64453,150.76892,153.10626,213861.4
2021-10-04,AMG,151.76779,154.52466,147.65744,149.40048,273947.5
2021-10-05,AMG,150.18958,153.90536,149.73009,152.2872,206244.77
2021-10-06,AMG,150.12965,152.7167,146.95325,151.20842,184266.86
2021-10-07,AMG,153.69559,155.7233,152.66676,152.92648,152170.47
2021-10-08,AMG,153.28607,154.81433,152.13736,152.8066,80764.54
2021-10-11,AMG,153.05632,154.7444,149.79004,149.82,100834.29
2021-10-12,AMG,149.6402,151.20842,147.15303,147.65247,121796.05
2021-10-13,AMG,148.941,152.52692,147.38277,151.75778,125889.69
2021-10-14,AMG,154.41478,158.78983,152.9864,158.67995,166436.64
2021-10-15,AMG,160.2282,162.08109,159.45906,159.8586,150275.33
2021-10-18,AMG,158.73987,159.98845,157.16167,159.14941,167466.81
2021-10-19,AMG,160.79753,161.89629,158.92465,161.11717,96470.34
2021-10-20,AMG,161.83636,165.07268,161.08722,163.98392,104022.91
2021-10-21,AMG,163.70424,164.6981,163.06497,164.57324,98168.266
2021-10-22,AMG,165.80186,167.5349,164.1737,165.48222,106479.69
2021-10-25,AMG,166.70084,166.85066,164.42343,166.60095,193639.48
2021-10-26,AMG,167.36009,168.4888,164.68312,164.75305,147646.34
2021-10-27,AMG,163.54442,165.04771,159.41911,159.72876,120911.05
2021-10-28,AMG,160.24815,168.38893,160.24815,167.34012,293972.2
2021-10-29,AMG,166.87065,170.93105,166.87065,167.68973,261311.19
2021-11-01,AMG,171.30562,189.07544,169.86725,185.62936,341898.53
2021-11-02,AMG,187.84685,188.8608,182.29315,187.93674,639194.5
2021-11-03,AMG,188.8457,191.26297,187.38737,190.12425,261518.42
2021-11-04,AMG,190.05435,191.4028,184.35081,185.65932,229108.69
2021-11-05,AMG,188.37624,191.31522,184.8003,185.82913,113620.78
2021-11-08,AMG,187.9667,189.28021,183.0423,184.92017,143084.17
2021-11-09,AMG,184.06108,185.44958,181.78355,185.4396,150213.16
2021-11-10,AMG,183.6815,184.22092,179.60591,180.77464,140525.7
2021-11-11,AMG,181.9334,183.5816,179.63588,182.61266,70882.516
2021-11-12,AMG,183.5017,185.07999,182.58269,184.74036,66691.99
2021-11-15,AMG,186.00899,186.7382,182.72253,183.08215,84943.695
2021-11-16,AMG,182.283,182.64262,179.75574,180.1753,218026.36
2021-11-17,AMG,178.14748,179.30623,175.33173,176.99872,123504.32
2021-11-18,AMG,177.92772,178.15747,175.43631,176.10968,131662.12
2021-11-19,AMG,174.35158,175.94986,173.65233,174.03194,139895.02
2021-11-22,AMG,176.06972,177.96768,173.00304,174.07188,179488.77
2021-11-23,AMG,173.99196,177.90775,172.41867,177.70795,133555.17
2021-11-24,AMG,175.88992,177.90775,174.93095,175.94986,150921.92
2021-11-26,AMG,169.8065,170.98521,166.55501,170.00629,107951.53
2021-11-29,AMG,173.09294,175.49034,169.82646,174.87102,216495.7
2021-11-30,AMG,172.9331,176.31946,169.94635,169.94635,636427
2021-12-01,AMG,173.81216,176.5592,167.05946,167.23927,422453.03
2021-12-02,AMG,166.92961,173.46254,166.92961,170.98521,308917.47
2021-12-03,AMG,171.92421,172.69836,164.02274,165.80083,268080.4
2021-12-06,AMG,169.44688,169.50682,165.48117,165.62102,312433.28
2021-12-07,AMG,169.50682,173.00304,168.34807,171.3748,272277.94
2021-12-08,AMG,171.92421,173.043,170.11617,171.33485,118050.44
2021-12-09,AMG,169.40692,171.19998,167.38911,167.489,115402.58
2021-12-10,AMG,168.19824,169.96133,163.30351,165.24142,228904.11
2021-12-13,AMG,165.67097,165.67097,161.36562,161.49547,230391.7
2021-12-14,AMG,161.22577,165.57108,160.00708,160.99602,305431.72
2021-12-15,AMG,161.006,162.9539,159.09807,162.84402,180925.31
2021-12-16,AMG,163.6931,167.92853,162.31459,164.70201,300693.6
2021-12-17,AMG,164.36237,164.36237,160.17691,160.36668,852400.2
2021-12-20,AMG,156.96039,157.2151,151.16664,154.18338,293436.75
2021-12-21,AMG,156.24117,158.26396,155.22226,157.30002,247153.8
2021-12-22,AMG,157.39992,160.77625,156.5608,159.50761,183481.06
2021-12-23,AMG,160.13695,162.5838,159.01816,160.61642,243691.06
2021-12-27,AMG,161.62534,166.63992,160.3767,166.60994,237709.61
2021-12-28,AMG,165.9207,168.3281,165.61832,165.9107,108742.39
2021-12-29,AMG,165.55109,166.53004,164.51222,165.40126,108807.46
2021-12-30,AMG,164.94174,166.63992,164.54219,164.65207,131450.9
2021-12-31,AMG,164.8119,167.05946,163.73805,164.33241,262375.22
2022-01-03,AMG,165.75087,166.07053,159.93716,162.20471,207844.38
2022-01-04,AMG,163.96281,167.45903,163.96281,166.6499,230148.44
2022-01-05,AMG,168.1383,171.19998,159.94714,160.17691,321176.72
2022-01-06,AMG,162.09483,163.07378,157.50978,161.69525,166340.56
2022-01-07,AMG,161.24574,165.06163,161.24574,163.83295,149712.61
2022-01-10,AMG,162.51437,162.66422,157.26004,160.34673,140834.03
2022-01-11,AMG,162.33456,164.93176,160.32674,164.84186,113777.82
2022-01-12,AMG,165.9207,167.55693,161.11588,161.43555,191802.05
2022-01-13,AMG,161.13586,162.81406,157.14018,157.93932,185141.86
2022-01-14,AMG,156.60077,157.41988,153.70389,156.33105,130283.64
2022-01-18,AMG,153.79381,154.84267,152.07567,152.37532,231283.67
2022-01-19,AMG,153.8737,154.01355,148.19984,148.22981,228134.27
2022-01-20,AMG,149.3486,152.9547,146.69148,146.97118,220683.23
2022-01-21,AMG,146.61157,146.61157,140.43823,140.44823,229541.8
2022-01-24,AMG,137.21172,140.49318,133.44579,138.84995,682514.75
2022-01-25,AMG,136.6823,142.4061,133.3359,140.08862,468450.7
2022-01-26,AMG,142.26625,145.8224,139.48926,140.71793,258188.72
2022-01-27,AMG,142.36615,144.5438,137.1518,138.29056,274807.66
2022-01-28,AMG,139.31944,140.57808,135.2039,140.49817,259581.22
2022-01-31,AMG,139.21954,146.52165,139.21954,146.05217,555745.94
2022-02-01,AMG,147.01112,149.50842,144.95335,147.75034,365524.6
2022-02-02,AMG,148.29974,149.24872,145.36292,148.53947,238383.33
2022-02-03,AMG,147.58052,148.93906,143.41502,143.97441,241356.55
2022-02-04,AMG,144.18419,148.18987,141.3872,146.45174,224434.28
2022-02-07,AMG,148.2498,150.25761,143.83456,145.96227,378592.7
2022-02-08,AMG,144.9933,148.08496,144.9933,147.08105,291887.1
2022-02-09,AMG,147.57053,150.59724,147.33577,147.95012,254172.38
2022-02-10,AMG,145.02327,150.79704,144.84846,146.46172,273707.47
2022-02-11,AMG,146.75142,147.57552,141.24736,142.32619,184290.94
2022-02-14,AMG,142.32619,144.2641,138.54028,140.78786,232822.33
2022-02-15,AMG,142.92555,146.02219,142.48602,144.67366,626277.06
2022-02-16,AMG,145.08324,148.68959,145.06326,147.5008,183477.4
2022-02-17,AMG,145.323,145.35297,140.71815,141.15721,206509.69
2022-02-18,AMG,141.68668,142.7456,140.16821,141.39696,206215.39
2022-02-22,AMG,139.2891,141.11725,135.77266,137.50092,227519.92
2022-02-23,AMG,138.88951,139.21918,134.2542,134.444,225821.2
2022-02-24,AMG,131.69678,137.0214,128.26025,136.67175,260170.9
2022-02-25,AMG,137.34106,141.80655,137.34106,141.61674,204037.19
2022-02-28,AMG,137.56085,140.61775,136.65176,138.22018,317820.16
2022-03-01,AMG,136.84157,137.16125,128.54996,129.8087,364401.25
2022-03-02,AMG,131.23724,137.32109,130.73586,136.0124,272176.03
2022-03-03,AMG,136.5119,137.94046,130.9975,133.02544,204140.3
2022-03-04,AMG,130.42805,130.95154,127.80072,129.03947,196493.56
2022-03-07,AMG,127.21131,128.73976,122.33625,122.35623,271488.34
2022-03-08,AMG,123.62495,127.60093,121.27732,122.9756,296706.84
2022-03-09,AMG,127.91061,131.31717,126.98155,130.28821,251417.06
2022-03-10,AMG,127.36117,129.78871,125.12343,127.88064,211188.4
2022-03-11,AMG,130.20828,130.32817,127.24129,127.3312,137168.61
2022-03-14,AMG,129.48901,130.28821,126.46218,127.95057,191187.2
2022-03-15,AMG,129.43907,131.03745,127.49603,130.12836,189923.92
2022-03-16,AMG,132.8656,142.0563,132.8656,141.19717,418891.3
2022-03-17,AMG,139.02936,145.1232,139.02936,144.80351,341675.28
2022-03-18,AMG,144.57376,145.55775,141.7666,142.52582,555581.44
2022-03-21,AMG,142.8555,143.72461,140.61775,142.10625,242765.33
2022-03-22,AMG,143.51483,145.34299,142.38597,143.38496,627458.06
2022-03-23,AMG,142.5458,143.7346,139.29909,139.59879,151513.11
2022-03-24,AMG,140.65771,140.65771,138.63976,140.51787,216367.64
2022-03-25,AMG,140.51787,143.1552,140.49788,143.07527,172930.75
2022-03-28,AMG,143.49484,143.49484,139.65874,142.67569,112009.19
2022-03-29,AMG,145.56276,147.98032,143.71323,146.56175,208378.58
2022-03-30,AMG,146.93137,146.97133,144.344,145.9224,283105.1
2022-03-31,AMG,145.9224,146.65166,140.5778,140.80756,347598.25
2022-04-01,AMG,143.64468,145.23909,140.1726,144.324,271262.12
2022-04-04,AMG,144.2441,146.70161,143.25508,143.7446,141627.12
2022-04-05,AMG,142.97537,143.49484,139.51888,139.53883,331342.84
2022-04-06,AMG,137.54086,138.76962,135.10335,135.57286,289118.16
2022-04-07,AMG,134.81363,136.21222,131.78668,134.89354,251588.23
2022-04-08,AMG,134.70374,137.78062,133.1553,133.455,345346
2022-04-11,AMG,132.59587,135.77266,132.59587,134.02443,262120.89
2022-04-12,AMG,134.27417,135.86757,131.30717,131.43706,389585.7
2022-04-13,AMG,131.29718,135.00343,131.21727,134.82362,223963.33
2022-04-14,AMG,135.2332,137.15126,129.97852,130.12836,239961.48
2022-04-18,AMG,130.27821,133.0819,129.96854,131.90656,255532.22
2022-04-19,AMG,131.84662,137.92049,131.84662,137.71071,263299.06
2022-04-20,AMG,139.76862,140.33803,137.28113,139.88849,180907.81
2022-04-21,AMG,141.52684,142.0563,134.8436,135.17326,198406.5
2022-04-22,AMG,134.08437,135.03041,132.88058,132.9555,230602.03
2022-04-25,AMG,131.19728,134.85359,129.54895,134.48396,199689.8
2022-04-26,AMG,132.82565,133.97447,128.15036,128.15036,316245.56
2022-04-27,AMG,127.14139,131.02747,127.14139,129.40909,244898.48
2022-04-28,AMG,131.46703,132.8706,128.3302,131.89658,262065.83
2022-04-29,AMG,130.51797,132.32616,125.07348,125.44311,434013.6
2022-05-02,AMG,122.83575,130.32817,121.20239,129.9985,548132.94
2022-05-03,AMG,127.79073,132.93553,127.79073,129.96854,272338.22
2022-05-04,AMG,131.59688,136.17226,128.96954,135.88255,270252.1
2022-05-05,AMG,133.24522,133.24522,129.09941,131.03745,486670.8
2022-05-06,AMG,130.74774,131.87659,126.91162,128.86964,284692.7
2022-05-09,AMG,126.59195,128.07045,124.15441,124.85371,235002.48
2022-05-10,AMG,126.76177,126.76177,120.608,123.14543,289373.44
2022-05-11,AMG,123.64497,124.51416,117.80041,118.07015,276056.6
2022-05-12,AMG,117.70049,121.38707,116.01207,119.309,333594.06
2022-05-13,AMG,121.327126,125.78298,121.327126,124.733955,183910.94
2022-05-16,AMG,123.205376,124.61407,120.97745,123.1854,152274.53
2022-05-17,AMG,126.95189,129.13985,125.04367,128.8801,156673.62
2022-05-18,AMG,126.6222,129.4296,123.734886,124.32434,174970.62
2022-05-19,AMG,122.67587,126.66716,121.3571,124.41425,272102.9
2022-05-20,AMG,126.77206,127.3715,123.4062,127.23163,228457.34
2022-05-23,AMG,129.69934,129.69934,126.18261,126.832,190582.14
2022-05-24,AMG,124.99371,125.223495,121.48698,124.434235,164856.23
2022-05-25,AMG,123.77485,128.97002,123.77485,127.67123,144526.33
2022-05-26,AMG,129.25975,132.88637,129.25975,132.43678,129953.79
2022-05-27,AMG,134.01532,134.86453,132.15715,134.15518,133995.55
2022-05-31,AMG,133.58572,134.20514,130.12894,133.4958,205795.28
2022-06-01,AMG,134.6947,134.6947,129.68935,131.39777,194018.33
2022-06-02,AMG,131.04808,134.365,130.95816,134.365,171108.05
2022-06-03,AMG,132.87637,133.89543,131.81737,133.5058,145736.45
2022-06-06,AMG,135.2242,137.75185,133.25603,136.0834,220259.72
2022-06-07,AMG,134.55481,138.60104,133.80551,138.24138,274195.84
2022-06-08,AMG,136.26323,136.8327,134.77461,135.3341,334228.66
2022-06-09,AMG,134.365,136.42308,133.03624,133.8255,305471.94
2022-06-10,AMG,129.86919,130.50359,126.332466,126.35245,307066.4
2022-06-13,AMG,121.746735,121.856636,117.230934,118.54971,418069.6
2022-06-14,AMG,119.32899,120.9275,116.761375,118.020195,302739.38
2022-06-15,AMG,119.23907,122.35617,118.3399,120.118256,224451.62
2022-06-16,AMG,116.16193,116.16193,112.27554,113.41448,425760.72
2022-06-17,AMG,114.52345,116.651474,113.48442,115.04297,760573.94
2022-06-21,AMG,118.22002,118.639626,116.87128,117.52066,263406.84
2022-06-22,AMG,114.81319,117.60059,114.4735,116.811325,241318.3
2022-06-23,AMG,117.37081,118.59966,115.80227,118.42982,170707.67
2022-06-24,AMG,119.85849,124.11453,119.658676,123.924706,395611.72
2022-06-27,AMG,124.16448,124.16448,121.38707,122.36616,208651.94
2022-06-28,AMG,124.21444,124.96054,121.282166,122.17634,214451.33
2022-06-29,AMG,121.36709,121.36709,117.50069,117.77043,257739.56
2022-06-30,AMG,114.94307,118.6596,114.11384,116.49162,235701.08
2022-07-01,AMG,115.41262,118.359886,115.36268,117.70049,136364.75
2022-07-05,AMG,115.003006,120.10826,113.32187,120.01834,220934.36
2022-07-06,AMG,119.82852,120.887535,117.091064,118.85942,235567.95
2022-07-07,AMG,120.55784,123.54507,120.55784,122.68587,252321.53
2022-07-08,AMG,121.73674,121.91657,119.338974,119.54878,167045.27
2022-07-11,AMG,117.2709,118.12011,114.97304,115.003006,151014.36
2022-07-12,AMG,114.3636,118.50975,114.10384,114.85315,268519.6
2022-07-13,AMG,111.84594,114.48339,110.806915,112.98488,191660.14
2022-07-14,AMG,110.67703,113.384514,109.468155,112.77508,218776.34
2022-07-15,AMG,115.38265,116.54158,113.449455,116.48163,163010.52
2022-07-18,AMG,118.32992,120.09827,113.97397,114.66332,189545.17
2022-07-19,AMG,117.160995,120.43796,117.160995,120.33804,205723.22
2022-07-20,AMG,120.168205,122.186325,119.39892,121.79669,174177.89
2022-07-21,AMG,120.87754,121.656815,119.50882,121.457,222419.73
2022-07-22,AMG,122.186325,122.88567,119.68865,120.5978,191183.7
2022-07-25,AMG,121.66681,121.66681,119.88007,121.42703,187902.66
2022-07-26,AMG,120.957466,121.50696,118.779495,118.83944,179646.98
2022-07-27,AMG,120.378006,123.874756,119.309,123.31528,185146.1
2022-07-28,AMG,123.75487,125.733025,121.20724,125.48325,316670.34
2022-07-29,AMG,124.99371,128.1208,124.99371,126.26253,393445.7
2022-08-01,AMG,128.6603,132.78647,125.98279,129.38962,791458.6
2022-08-02,AMG,129.69934,131.05309,128.07585,128.20074,537593.7
2022-08-03,AMG,129.34966,131.90729,127.66123,131.73744,456783.56
2022-08-04,AMG,132.51671,132.92633,129.50952,130.63846,197452.53
2022-08-05,AMG,129.06993,131.00812,128.95004,129.68935,236531.84
2022-08-08,AMG,130.52856,132.48674,130.52856,131.35779,197389.47
2022-08-09,AMG,131.35779,131.71745,129.26973,130.10895,209960.16
2022-08-10,AMG,132.79666,135.92398,132.79666,135.13466,233204.88
2022-08-11,AMG,135.86404,137.37276,135.24957,136.1538,222621.84
2022-08-12,AMG,137.87233,139.74074,136.28368,139.73074,179993.48
2022-08-15,AMG,139.17122,140.78984,138.88147,139.72075,184428.28
2022-08-16,AMG,138.9614,141.1995,138.9614,140.44014,171170.97
2022-08-17,AMG,138.9614,140.54005,137.4527,139.82066,302536
2022-08-18,AMG,140.34023,141.90887,139.22118,141.82895,231686.58
2022-08-19,AMG,140.6,140.6,136.54347,136.59343,371338.66
2022-08-22,AMG,133.87575,134.00562,132.44566,133.62596,162295.4
2022-08-23,AMG,133.36617,135.82408,132.32706,133.07642,127841.016
2022-08-24,AMG,132.72672,134.45525,132.25711,133.05644,164030.88
2022-08-25,AMG,133.27625,135.88402,133.27625,135.66422,167939.22
2022-08-26,AMG,135.00478,137.48766,130.37872,130.42868,200899.31
2022-08-29,AMG,128.94994,130.01903,128.3005,128.38043,146570.98
2022-08-30,AMG,128.65019,130.18889,126.68188,127.3513,205222
2022-08-31,AMG,129.50946,129.50946,126.80178,127.251396,177224.12
2022-09-01,AMG,125.90254,126.76181,123.99417,126.571976,205383.14
2022-09-02,AMG,127.89085,128.62022,124.403824,125.173164,193542.05
2022-09-06,AMG,125.852585,125.852585,122.76522,124.8934,193185.73
2022-09-07,AMG,125.6028,128.1906,124.24396,128.00075,151882.52
2022-09-08,AMG,126.24225,130.3987,124.94337,130.2988,173823.23
2022-09-09,AMG,131.78752,132.66676,131.52774,132.36702,214858.22
2022-09-12,AMG,133.39615,134.80495,132.31706,133.52603,235041.44
2022-09-13,AMG,129.79922,129.79922,127.05157,127.711,412929.12
2022-09-14,AMG,127.68102,127.711,124.72355,125.67274,279167.06
2022-09-15,AMG,125.173164,127.89085,124.25395,124.69358,219485.17
2022-09-16,AMG,123.25481,123.25481,120.846855,122.01586,578112
2022-09-19,AMG,120.35728,124.94337,120.35728,124.8934,324722.9
2022-09-20,AMG,123.68444,123.82432,121.436356,121.90596,210358.39
2022-09-21,AMG,123.1449,124.403824,120.337296,120.48716,227007.58
2022-09-22,AMG,121.09664,121.176575,117.44976,118.16914,373540.53
2022-09-23,AMG,116.51056,117.05509,114.33242,115.531395,282452.88
2022-09-26,AMG,115.32157,116.920204,114.0027,114.15257,329634.1
2022-09-27,AMG,115.69126,116.080925,112.0044,113.44318,233891.45
2022-09-28,AMG,113.772896,115.84113,113.772896,115.181694,212693.38
2022-09-29,AMG,113.253334,114.16257,111.33498,113.293304,258831.72
2022-09-30,AMG,112.67383,114.49228,111.10517,111.754616,467913.03
2022-10-03,AMG,113.553085,117.37982,111.78459,116.29075,418246.66
2022-10-04,AMG,118.83858,121.78606,118.83858,121.78606,377330.78
2022-10-05,AMG,120.08751,121.40638,118.26906,120.72696,178380.11
2022-10-06,AMG,119.94763,121.55626,119.46803,120.31731,202687.84
2022-10-07,AMG,118.82858,118.953476,116.500565,118.229095,469028.97
2022-10-10,AMG,119.657875,119.99758,116.99014,118.538826,451579.1
2022-10-11,AMG,116.97017,117.573654,113.67298,114.432335,241108.61
2022-10-12,AMG,114.36239,114.652145,111.68468,112.78374,212387.11
2022-10-13,AMG,109.9062,117.29979,108.0278,116.65044,217351.34
2022-10-14,AMG,117.36983,119.64788,113.553085,114.37238,262769.1
2022-10-17,AMG,117.37982,118.83858,116.90023,118.36897,250795.88
2022-10-18,AMG,121.79605,121.91095,119.028404,119.857704,265428.34
2022-10-19,AMG,119.16829,120.08571,116.05096,117.69955,223533.62
2022-10-20,AMG,118.40894,119.21825,115.07678,115.401505,144644.34
2022-10-21,AMG,115.08178,119.49801,114.742065,119.028404,241139.64
2022-10-24,AMG,120.23737,120.866844,118.500854,120.27734,259440.23
2022-10-25,AMG,120.54712,124.61365,120.54712,124.58367,265223.2
2022-10-26,AMG,124.733536,125.92252,123.66445,123.744385,334364.12
2022-10-27,AMG,125.41296,126.45207,123.47462,124.81347,267710.28
2022-10-28,AMG,125.35301,127.211426,124.0841,127.03158,343187.66
2022-10-31,AMG,125.47291,127.03158,123.964195,124.05412,380299.3
2022-11-01,AMG,125.852585,126.901695,124.713554,126.46207,171391.16
2022-11-02,AMG,125.98247,128.00075,123.50459,123.674446,135304.38
2022-11-03,AMG,121.985886,122.66521,120.14745,120.89681,183865.8
2022-11-04,AMG,123.01501,124.973335,121.44635,123.80434,373353.38
2022-11-07,AMG,132.67676,138.88147,130.69844,137.88232,685323.44
2022-11-08,AMG,140.3602,144.65654,140.17786,143.55746,452673.03
2022-11-09,AMG,141.769,143.53749,140.1304,141.31938,393960.97
2022-11-10,AMG,145.276,157.33472,145.276,157.03596,661813.4
2022-11-11,AMG,157.86526,159.15416,153.54893,153.79872,657234.44
2022-11-14,AMG,152.0802,156.12674,151.49069,152.36995,333123.06
2022-11-15,AMG,156.92606,156.92606,153.93362,155.99686,295782.22
2022-11-16,AMG,153.73865,155.1875,152.58955,154.87775,264422.56
2022-11-17,AMG,152.23982,155.3074,152.00002,155.1775,227913.77
2022-11-18,AMG,157.73549,157.95532,152.95926,153.74863,284329.25
2022-11-21,AMG,153.279,156.3166,153.24902,155.3074,222856.78
2022-11-22,AMG,155.71707,157.26585,154.83778,156.7163,222200.27
2022-11-23,AMG,157.01605,158.57483,156.34659,156.61638,144138.69
2022-11-25,AMG,155.52722,157.27585,154.89774,156.75627,98423.63
2022-11-28,AMG,158.18513,159.14438,154.9377,154.98766,226923.98
2022-11-29,AMG,155.46727,158.61978,154.95769,158.23509,365985.66
2022-11-30,AMG,158.87459,160.90298,154.83778,160.29347,403679.4
2022-12-01,AMG,160.14359,163.23116,158.51488,162.47176,228753.42
2022-12-02,AMG,159.81384,163.1612,159.08452,162.35184,206483.86
2022-12-05,AMG,162.49173,163.09616,159.16435,160.50331,147916.67
2022-12-06,AMG,160.28348,161.05286,156.9561,157.86539,408453.16
2022-12-07,AMG,157.86539,160.02368,157.70552,157.83542,286652.1
2022-12-08,AMG,158.79465,159.53407,156.60938,157.02605,175589.5
2022-12-09,AMG,156.39655,157.40074,154.53801,154.62794,215224.77
2022-12-12,AMG,154.24823,156.42653,153.88852,155.07758,390013.62
2022-12-13,AMG,160.54327,161.45256,155.59718,157.4757,578052.94
2022-12-14,AMG,156.81622,159.17436,154.99765,156.98608,310384.8
2022-12-15,AMG,154.4381,155.79701,153.37892,154.40811,184203.3
2022-12-16,AMG,152.66948,155.4273,151.37051,154.84776,637614.94
2022-12-19,AMG,154.13832,155.13753,149.77177,151.22063,359206.3
2022-12-20,AMG,151.83014,154.9377,151.83014,153.35893,253809.19
2022-12-21,AMG,154.59796,157.5956,154.59796,156.9661,366747.28
2022-12-22,AMG,155.39734,155.39734,152.28479,155.20749,177127.7
2022-12-23,AMG,153.98845,156.92613,153.98845,156.79623,176699.38
2022-12-27,AMG,157.73549,158.77466,155.86197,156.81622,214081.86
2022-12-28,AMG,156.55641,157.80045,155.62715,155.97688,218092.02
2022-12-29,AMG,157.63556,161.08286,157.63556,160.40338,179964.95
2022-12-30,AMG,158.54485,159.22931,156.13675,158.30504,187382.8
2023-01-03,AMG,160.81306,162.17198,158.66475,160.43335,219024.75
2023-01-04,AMG,162.36185,164.65002,161.33266,162.85144,296288.7
2023-01-05,AMG,161.22275,162.41179,159.92377,161.08286,327351.2
2023-01-06,AMG,162.98135,165.12964,161.96214,164.72997,192125.53
2023-01-09,AMG,165.25955,169.1115,165.24457,168.85672,351281.06
2023-01-10,AMG,168.42705,169.99582,168.32713,169.76599,204137.02
2023-01-11,AMG,169.76599,171.87433,169.76599,169.92586,499383.88
2023-01-12,AMG,170.05577,171.77441,167.79753,169.56615,292762.9
2023-01-13,AMG,168.38708,169.761,167.9874,168.28716,207329.53
2023-01-17,AMG,168.28716,168.99161,166.99818,167.0881,199440.31
2023-01-18,AMG,166.93823,169.13649,164.78992,165.25955,208335.33
2023-01-19,AMG,163.6708,164.5601,161.54248,162.30188,491934
2023-01-20,AMG,163.1712,165.51436,162.08206,165.28952,212525.62
2023-01-23,AMG,165.60928,166.10889,164.1904,165.74916,290222.9
2023-01-24,AMG,164.8299,166.15883,163.82068,164.66002,369171.2
2023-01-25,AMG,163.54091,164.95978,162.29189,164.1904,251934.72
2023-01-26,AMG,164.97977,167.3379,164.33029,167.228,272419.88
2023-01-27,AMG,166.31871,168.64688,165.62267,167.67764,174337.52
2023-01-30,AMG,166.34868,169.6361,165.98897,167.1081,221688.86
2023-01-31,AMG,167.89746,172.60376,167.54276,172.60376,324965.3
2023-02-01,AMG,172.09415,177.13019,171.025,176.25087,296159.6
2023-02-02,AMG,177.78966,180.48753,175.26665,176.65054,331492.47
2023-02-03,AMG,174.61217,178.50908,174.61217,176.90036,351435.2
2023-02-06,AMG,170.55537,173.00343,167.37787,170.49542,500642.88
2023-02-07,AMG,171.49463,172.42389,168.2272,170.2656,405259.66
2023-02-08,AMG,168.50699,170.14569,166.86829,167.56772,349330.53
2023-02-09,AMG,168.58693,170.06575,164.28032,164.52013,212307.45
2023-02-10,AMG,163.72076,166.47859,163.11125,166.2188,213880.7
2023-02-13,AMG,166.3387,167.43784,165.22957,167.18803,198640.67
2023-02-14,AMG,166.41864,168.75679,163.73076,165.61926,206957.23
2023-02-15,AMG,164.22029,165.7292,164.0704,164.40016,172081.34
2023-02-16,AMG,163.32095,165.55931,162.31668,164.35019,229293.03
2023-02-17,AMG,163.7906,166.99826,162.85129,166.90833,269143.06
2023-02-21,AMG,163.9205,164.81985,160.49802,160.66289,231030.28
2023-02-22,AMG,160.6329,162.67142,159.57368,160.56294,509677.25
2023-02-23,AMG,161.93196,162.80132,159.31386,159.74356,161369.55
2023-02-24,AMG,157.87492,159.40381,157.06549,158.66434,220058.3
2023-02-27,AMG,160.82277,161.34239,157.4752,158.02481,395925.4
2023-02-28,AMG,158.95413,162.0219,158.23466,159.29388,474588.72
2023-03-01,AMG,158.50446,161.36237,158.50446,160.90271,288257.97
2023-03-02,AMG,159.5337,160.39308,158.4461,160.0833,271775.97
2023-03-03,AMG,160.95268,161.0426,159.35384,160.6429,226273.83
2023-03-06,AMG,160.3731,161.49228,157.4852,158.10475,338020.22
2023-03-07,AMG,158.50446,159.134,155.9863,156.74574,270775.25
2023-03-08,AMG,157.10548,158.34457,156.06622,157.37529,329820.25
2023-03-09,AMG,157.02553,157.67505,151.72939,152.1291,265824.62
2023-03-10,AMG,151.13983,151.29971,143.3555,144.38475,477282.66
2023-03-13,AMG,140.90727,141.88158,137.08006,137.28992,490681.44
2023-03-14,AMG,141.8566,144.23485,139.7881,141.22705,464008
2023-03-15,AMG,136.60042,138.35915,133.78249,135.84097,510922.16
2023-03-16,AMG,134.48196,139.21352,134.27211,136.51048,485314.53
2023-03-17,AMG,134.49196,135.19644,132.30354,133.2229,731766.06
2023-03-20,AMG,134.98161,136.81027,133.78249,134.20218,293962.12
2023-03-21,AMG,137.33989,139.31844,136.82526,138.38913,353218.28
2023-03-22,AMG,137.84952,140.26775,135.25142,135.37132,412157.22
2023-03-23,AMG,136.54047,139.58824,135.39131,136.48051,374962.12
2023-03-24,AMG,134.74178,136.6204,132.96307,136.59044,380348.06
2023-03-27,AMG,139.17854,139.56825,137.15002,137.18,431752.5
2023-03-28,AMG,137.13004,138.49904,136.57045,137.23996,139535.64
2023-03-29,AMG,138.77884,139.04863,137.14003,137.91946,215362.88
2023-03-30,AMG,139.5183,140.71742,138.09933,138.89874,197180.62
2023-03-31,AMG,139.69817,142.44617,139.22852,142.31625,314239.9
2023-04-03,AMG,141.41692,142.2563,139.34842,140.16783,221839.6
2023-04-04,AMG,141.08716,141.08716,135.801,137.35988,416273.22
2023-04-05,AMG,136.33061,137.20998,135.3813,137.0401,248081.7
2023-04-06,AMG,137.03012,138.43907,136.99014,137.59969,135920.02
2023-04-10,AMG,136.9202,139.13858,136.9202,137.83952,190557.81
2023-04-11,AMG,138.31917,140.2078,138.10933,138.50903,180441.44
2023-04-12,AMG,139.88803,140.14784,137.63968,139.00867,205052.36
2023-04-13,AMG,139.56825,140.62749,138.6939,140.34769,163473.08
2023-04-14,AMG,141.69672,142.79091,139.55827,141.50685,116719.02
2023-04-17,AMG,140.7474,142.676,140.22778,142.44617,157055.4
2023-04-18,AMG,142.77592,144.13493,141.61678,143.80518,303969.4
2023-04-19,AMG,143.60533,144.35478,142.54608,143.51538,209829.84
2023-04-20,AMG,142.16637,143.90509,142.09642,143.00575,152057.77
2023-04-21,AMG,142.99577,143.03574,141.35696,142.73595,176742.75
2023-04-24,AMG,142.82588,143.95076,141.47687,142.83588,131243.6
2023-04-25,AMG,141.297,142.60605,139.81807,139.97797,201291.62
2023-04-26,AMG,139.40837,141.24704,137.89948,139.00867,194994.05
2023-04-27,AMG,139.96797,141.52684,138.98868,141.52684,303209.88
2023-04-28,AMG,140.8973,144.66455,140.52757,144.27484,418168.6
2023-05-01,AMG,142.76593,146.35332,142.76593,145.02429,324491.38
2023-05-02,AMG,143.82515,144.54463,139.74313,143.14565,370533.9
2023-05-03,AMG,143.94507,146.50821,140.8973,141.21707,512938.62
2023-05-04,AMG,139.99796,140.82733,135.90094,137.65965,221394.27
2023-05-05,AMG,140.2078,141.89656,140.15283,141.48686,200661.17
2023-05-08,AMG,142.07643,142.07643,140.66747,141.89656,122242.05
2023-05-09,AMG,140.80736,141.94653,140.46262,140.58752,163166.86
2023-05-10,AMG,142.48627,142.48627,139.11848,140.57751,187710.4
2023-05-11,AMG,140.40762,141.50691,139.88797,140.23775,228722.38
2023-05-12,AMG,141.2271,142.1065,139.80801,141.337,195570.58
2023-05-15,AMG,142.02657,143.38068,141.54688,142.08652,177185.48
2023-05-16,AMG,141.5369,142.52623,139.41827,140.39764,210604.45
2023-05-17,AMG,141.74675,143.43564,140.7724,142.59619,157455.52
2023-05-18,AMG,142.32637,143.42065,141.5369,142.78607,203454.77
2023-05-19,AMG,143.64551,143.92532,140.87732,141.29704,228444.19
2023-05-22,AMG,141.8067,143.24576,140.2977,142.24641,138543.08
2023-05-23,AMG,141.72678,143.52557,141.72678,143.08586,239525.47
2023-05-24,AMG,142.25642,142.77606,139.81802,141.45694,330864.53
2023-05-25,AMG,140.84734,142.62617,139.80801,141.367,198399.44
2023-05-26,AMG,141.97661,143.54556,141.92664,142.15648,143144.11
2023-05-30,AMG,142.65614,142.65614,140.21776,141.74675,151065.31
2023-05-31,AMG,140.85733,140.92229,137.85432,138.99855,289143.1
2023-06-01,AMG,139.74806,142.28639,139.17844,141.39699,223105.67
2023-06-02,AMG,142.94595,146.75346,142.94595,146.16383,166519.47
2023-06-05,AMG,145.10454,146.63853,142.94595,145.37436,192733.7
2023-06-06,AMG,145.08455,148.44234,145.08455,147.51295,255419.92
2023-06-07,AMG,148.12256,149.65155,146.97331,149.38173,217803.19
2023-06-08,AMG,149.11191,149.58159,146.74846,148.13254,143600.4
2023-06-09,AMG,148.87206,149.06194,147.62288,147.93268,135525.1
2023-06-12,AMG,147.36307,148.5023,145.07455,145.84406,198239.33
2023-06-13,AMG,146.04391,149.4217,145.84406,147.89272,149272.14
2023-06-14,AMG,147.92268,149.48166,146.41367,147.64287,168390.7
2023-06-15,AMG,147.24313,151.20053,146.5236,151.12059,218506.66
2023-06-16,AMG,151.91006,151.91006,147.88771,148.2025,904572.7
2023-06-20,AMG,146.66351,149.06194,146.56358,147.67285,233636.61
2023-06-21,AMG,147.40303,147.51295,145.4743,145.85405,134599.48
2023-06-22,AMG,145.07455,145.58421,141.88666,144.0852,193971.53
2023-06-23,AMG,142.68613,143.71545,141.72678,142.83603,345853.38
2023-06-26,AMG,142.91597,145.06458,142.91597,144.5649,145998.98
2023-06-27,AMG,145.55424,146.76344,144.92467,146.0839,178531.38
2023-06-28,AMG,146.01395,146.29376,144.58487,145.16449,187121.02
2023-06-29,AMG,145.79408,150.66087,145.7841,150.28114,219468.28
2023-06-30,AMG,151.31046,151.31046,149.65965,149.79146,172890.67
2023-07-03,AMG,149.80144,151.27048,149.20683,150.66087,94990.45
2023-07-05,AMG,149.52162,149.97134,147.49297,148.6522,175578.44
2023-07-06,AMG,146.76344,147.68785,144.67482,146.77344,131974.77
2023-07-07,AMG,146.60355,151.7202,146.60355,150.1812,306322.38
2023-07-10,AMG,149.91138,153.62892,149.91138,151.98001,115633.02
2023-07-11,AMG,152.74951,153.89876,152.04996,153.37909,144884.25
2023-07-12,AMG,155.63762,157.4964,153.85878,157.32649,150665.05
2023-07-13,AMG,158.16595,159.48508,157.07666,159.21527,100439.03
2023-07-14,AMG,159.99475,159.99475,154.49837,155.9574,150689.06
2023-07-17,AMG,155.37778,159.80487,155.24788,157.35649,225623.33
2023-07-18,AMG,157.6263,162.29823,157.6263,161.62367,215425.62
2023-07-19,AMG,161.77357,163.78226,161.7276,162.21329,229611.95
2023-07-20,AMG,162.36319,163.42249,161.54872,162.16331,210603.45
2023-07-21,AMG,163.51242,163.51242,161.21394,162.0234,132250.95
2023-07-24,AMG,162.11336,163.82222,161.5637,161.93346,239743.61
2023-07-25,AMG,162.01341,162.62302,160.7942,161.46379,476874.53
2023-07-26,AMG,155.20789,155.20789,137.53952,141.47693,1055407.9
2023-07-27,AMG,142.20645,144.5649,139.17844,139.64813,636951.75
2023-07-28,AMG,141.95662,141.95662,136.77002,138.00922,537295.25
2023-07-31,AMG,138.19908,140.10284,138.05917,138.54886,406074.97
2023-08-01,AMG,138.35898,142.15648,138.35898,141.69678,281562.12
2023-08-02,AMG,140.11783,140.5975,136.33531,138.20908,282248.56
2023-08-03,AMG,137.09981,137.60448,136.12544,136.3403,285165.47
2023-08-04,AMG,136.49022,141.33739,136.03049,139.62839,251775.08
2023-08-07,AMG,139.5684,141.44733,139.5684,141.04756,205680.16
2023-08-08,AMG,139.14867,139.55342,136.37529,136.79004,211292.44
2023-08-09,AMG,136.14043,136.89989,135.00609,135.28093,211947.81
2023-08-10,AMG,135.98051,136.66512,133.54193,133.98167,387603.44
2023-08-11,AMG,133.13219,134.3015,132.66246,133.9717,203463.86
2023-08-14,AMG,133.09221,133.27211,132.04282,132.96228,314868.94
2023-08-15,AMG,131.61307,133.88174,131.55312,132.96228,339109.1
2023-08-16,AMG,131.92288,133.98167,131.15334,131.18332,212492.14
2023-08-17,AMG,131.51312,133.15216,130.5537,131.5431,196944.05
2023-08-18,AMG,130.34381,132.37262,130.34381,131.78297,334792.6
2023-08-21,AMG,131.94289,132.72243,131.35822,132.22272,181487.02
2023-08-22,AMG,132.91231,133.21213,129.62422,130.12393,188504.12
2023-08-23,AMG,130.04398,131.95287,129.43434,131.87291,144268.28
2023-08-24,AMG,131.53311,132.9324,130.47374,131.07338,166569.31
2023-08-25,AMG,131.9129,132.4276,130.44376,131.3932,368912.5
2023-08-28,AMG,132.13277,132.99216,130.90347,131.42319,163384.45
2023-08-29,AMG,131.48314,133.7868,130.5387,133.33206,269507.44
2023-08-30,AMG,132.90231,134.65129,132.2377,133.75182,179321.75
2023-08-31,AMG,134.19156,134.71565,133.28209,133.9317,179540.89
2023-09-01,AMG,135.28093,136.04048,134.7912,135.74066,190983.56
2023-09-05,AMG,134.66129,135.75066,132.68744,134.84119,234290.88
2023-09-06,AMG,134.59132,135.20097,131.99286,132.12277,158966.86
2023-09-07,AMG,130.91348,131.52313,129.22946,129.5043,296836.4
2023-09-08,AMG,129.54427,132.20273,129.0046,132.12277,212786.31
2023-09-11,AMG,132.86234,133.96169,131.82294,132.01283,170182.42
2023-09-12,AMG,131.84293,134.20906,131.59808,133.33206,160007.47
2023-09-13,AMG,134.3015,134.3015,131.46315,133.7918,232917.06
2023-09-14,AMG,134.75124,135.141,133.1122,133.89174,226673.42
2023-09-15,AMG,133.36205,135.44084,133.07721,134.51137,702024.1
2023-09-18,AMG,135.46082,135.46082,132.7324,134.83119,198296.84
2023-09-19,AMG,134.89116,135.80063,134.80121,134.95111,165286.56
2023-09-20,AMG,135.38087,136.91997,134.56134,134.69127,239714.03
2023-09-21,AMG,134.03166,134.40643,132.18773,133.14218,190250.14
2023-09-22,AMG,133.34206,134.42143,132.17775,132.32265,157600.06
2023-09-25,AMG,131.18332,132.86234,131.18332,132.78238,158739.73
2023-09-26,AMG,131.77298,132.70242,131.45316,131.65305,303190.12
2023-09-27,AMG,132.19273,132.67245,131.0384,131.95287,220841.02
2023-09-28,AMG,132.02284,134.38145,131.24979,132.12277,537055.75
2023-09-29,AMG,133.0722,134.1316,130.19391,130.26385,319628.72
2023-10-02,AMG,130.25386,131.728,129.59425,131.01341,243678.36
2023-10-03,AMG,129.72418,130.20389,126.51105,126.98577,341998.78
2023-10-04,AMG,127.24562,127.6279,125.87642,127.365555,255441.22
2023-10-05,AMG,126.96579,129.25446,126.96579,129.10452,179027.58
2023-10-06,AMG,128.53487,131.87291,128.53487,130.54369,410968.1
2023-10-09,AMG,129.90407,130.80853,128.89465,129.81412,159619.25
2023-10-10,AMG,130.28384,131.52313,130.1739,130.50372,197825.56
2023-10-11,AMG,130.83353,131.93288,130.5287,130.94347,258976.3
2023-10-12,AMG,131.65305,131.65305,126.40611,127.51546,247912.83
2023-10-13,AMG,127.76531,128.92964,124.61716,125.24679,192753.61
2023-10-16,AMG,126.64597,129.03458,126.64597,127.605415,239966.19
2023-10-17,AMG,127.12569,131.29324,127.12569,130.38379,277311
2023-10-18,AMG,129.05457,129.05457,126.52374,126.845856,136384.67
2023-10-19,AMG,126.85585,127.57543,124.80205,125.11687,225185.55
2023-10-20,AMG,125.76648,126.276184,123.677704,123.77765,215981.17
2023-10-23,AMG,122.84819,124.51721,122.21357,122.75825,174736.08
2023-10-24,AMG,123.467834,124.66713,122.88817,123.187996,161881.56
2023-10-25,AMG,122.33849,122.353485,120.14977,121.469,143357.75
2023-10-26,AMG,121.82879,124.04749,121.82879,123.0081,166531.28
2023-10-27,AMG,123.89758,123.89758,121.49898,122.51838,180745.6
2023-10-30,AMG,123.55778,123.55778,122.28852,122.84819,186489.94
2023-10-31,AMG,123.19798,123.75766,122.06865,122.688286,157873.23
2023-11-01,AMG,123.47783,123.527794,121.491486,123.187996,260958.45
2023-11-02,AMG,124.45725,124.92698,123.57777,124.827034,553231.2
2023-11-03,AMG,126.98577,129.07954,126.36114,127.90524,312247.4
2023-11-06,AMG,137.55959,137.86942,130.034,130.43375,434025.56
2023-11-07,AMG,130.31383,131.89291,129.70668,130.07396,289535.16
2023-11-08,AMG,129.94405,131.81694,129.94405,130.29384,276001.25
2023-11-09,AMG,130.99344,132.17274,129.49431,129.62422,259654.69
2023-11-10,AMG,129.6942,132.43259,129.6942,132.35263,305105.25
2023-11-13,AMG,131.36322,131.67303,129.91406,130.48372,173579.4
2023-11-14,AMG,133.38203,136.67012,133.17216,134.60132,377900.75
2023-11-15,AMG,134.20152,135.57333,133.8917,134.8512,563938.6
2023-11-16,AMG,134.82121,135.35094,134.04161,134.39143,538255.5
2023-11-17,AMG,135.59082,136.57031,134.48637,136.4104,156946.03
2023-11-20,AMG,136.10056,136.10056,134.13156,134.2815,234289.48
2023-11-21,AMG,133.58183,133.6318,131.98267,132.03264,241228.02
2023-11-22,AMG,132.76227,133.87169,132.18256,133.13206,149663.33
2023-11-24,AMG,132.74226,134.09158,132.30249,133.78174,80538.07
2023-11-27,AMG,133.01213,133.19203,131.27301,132.24252,225986.25
2023-11-28,AMG,132.4824,132.97215,131.74278,132.05261,189420.6
2023-11-29,AMG,132.4724,134.2665,132.18286,133.55185,290770.28
2023-11-30,AMG,134.58133,137.9946,134.54135,135.48088,499179.56
2023-12-01,AMG,135.20102,136.96011,135.20102,136.74023,532037.3
2023-12-04,AMG,136.68027,138.09283,136.48535,137.72972,159564.38
2023-12-05,AMG,137.09006,137.09006,135.67326,135.75075,181289.45
2023-12-06,AMG,136.25049,138.18948,136.20052,136.51035,167452.39
2023-12-07,AMG,137.15002,137.96959,135.14795,136.30045,190081.94
2023-12-08,AMG,136.57031,139.08904,136.57031,138.82916,232561.6
2023-12-11,AMG,138.77919,140.1485,138.77919,139.20897,128203.38
2023-12-12,AMG,139.33891,141.71768,139.159,141.45782,211190.7
2023-12-13,AMG,141.33789,144.32635,140.5283,143.90657,245367.12
2023-12-14,AMG,146.16542,156.30025,146.08546,153.36176,571402.4
2023-12-15,AMG,153.02193,153.54166,149.00397,150.28333,853836.44
2023-12-18,AMG,151.16287,153.37173,149.46373,150.47322,198091.02
2023-12-19,AMG,150.52321,152.92197,149.44376,152.82202,260954.08
2023-12-20,AMG,152.92197,154.0514,148.99399,149.01396,176467
2023-12-21,AMG,150.05344,151.70259,149.35379,151.41275,157480.31
2023-12-22,AMG,151.77257,152.37225,150.75308,151.34277,127629.086
2023-12-26,AMG,151.34277,152.24232,151.18286,151.69261,119252.81
2023-12-27,AMG,152.56215,152.82202,151.63214,152.2923,134110.39
2023-12-28,AMG,152.37225,153.12187,151.9025,152.57214,143351.11
2023-12-29,AMG,152.01244,153.6516,150.93298,151.34277,177280.4
2024-01-02,AMG,149.84354,150.88303,148.55421,149.76358,181641.64
2024-01-03,AMG,148.72412,148.92401,145.99551,146.34532,203511.78
2024-01-04,AMG,147.65466,149.68362,146.78511,148.04446,284025.84
2024-01-05,AMG,147.1949,150.26332,147.1949,149.3338,372339.88
2024-01-08,AMG,149.17389,152.4622,149.17389,151.48271,149838.42
2024-01-09,AMG,150.19337,151.04292,147.7646,148.62416,175215.36
2024-01-10,AMG,148.50423,148.89903,147.69464,148.25436,151646.34
2024-01-11,AMG,148.63417,149.40376,147.3748,147.68465,171204.31
2024-01-12,AMG,149.25385,150.00346,147.2049,147.75461,196688.31
2024-01-16,AMG,146.74513,147.90453,145.28587,147.86456,245435.17
2024-01-17,AMG,146.08546,149.13391,146.08546,148.81407,281231.4
2024-01-18,AMG,150.09341,150.5132,148.16441,149.9035,205337.72
2024-01-19,AMG,151.38277,153.2618,149.9035,153.0619,164442.86
2024-01-22,AMG,153.61162,155.4306,152.52219,153.17184,261565.39
2024-01-23,AMG,153.33177,153.33177,150.00346,150.3333,241259.03
2024-01-24,AMG,152.06241,152.6671,149.63365,149.82355,224724.61
2024-01-25,AMG,150.49323,151.19286,149.47374,151.01294,141932.38
2024-01-26,AMG,151.35277,152.37225,151.08292,151.64262,126242.38
2024-01-29,AMG,151.6826,152.25932,150.37328,151.71259,137233.98
2024-01-30,AMG,151.0729,152.27231,150.95297,151.16287,130837.73
2024-01-31,AMG,150.36328,151.59265,148.5842,148.76408,320411.4
2024-02-01,AMG,149.29382,151.21284,147.62468,151.19286,322105.28
2024-02-02,AMG,150.55319,150.99297,149.10391,149.58368,404159.12
2024-02-05,AMG,154.31126,159.40868,153.24681,156.82999,530727.7
2024-02-06,AMG,156.4102,157.04987,152.8821,154.0314,315659.97
2024-02-07,AMG,154.6011,155.89546,152.51218,154.23131,247710.33
2024-02-08,AMG,153.78154,155.31076,152.06241,154.22131,395664.78
2024-02-09,AMG,154.50117,156.22029,153.49168,155.8105,186313.02
2024-02-12,AMG,155.96042,159.06883,155.40071,157.04987,193772.81
2024-02-13,AMG,153.83151,155.17583,152.54216,153.91147,260260.73
2024-02-14,AMG,155.13092,155.36081,153.19179,154.91103,231782.16
2024-02-15,AMG,156.17047,157.71977,156.17047,156.7402,166769.22
2024-02-16,AMG,156.23044,157.85472,155.64319,156.65025,158736.66
2024-02-20,AMG,155.08095,157.31705,155.08095,156.07051,308337.22
2024-02-21,AMG,156.50032,156.50032,155.21089,156.15047,142977.64
2024-02-22,AMG,157.44989,157.95967,157.04007,157.65979,104189.375
2024-02-23,AMG,158.26953,159.57893,157.57983,157.58983,183390.62
2024-02-26,AMG,157.10005,158.62936,156.5253,156.61026,106551.42
2024-02-27,AMG,157.08005,157.40492,156.1005,156.82018,152639.94
2024-02-28,AMG,156.46033,158.24954,156.21544,156.36037,132821.11
2024-02-29,AMG,157.01009,157.20001,155.4008,156.24043,361764
2024-03-01,AMG,156.67024,157.6338,155.13092,157.17003,172297.69
2024-03-04,AMG,157.56984,162.00287,156.78519,159.33905,184019.9
2024-03-05,AMG,158.87926,159.92778,157.13004,158.50943,137757.31
2024-03-06,AMG,159.96877,159.96877,158.00964,158.92923,123625.02
2024-03-07,AMG,159.56895,160.57849,159.34904,160.05873,104880.68
2024-03-08,AMG,160.7984,161.87791,158.84927,159.02919,123316.88
2024-03-11,AMG,158.72932,159.49889,157.92648,158.68933,150783.11
2024-03-12,AMG,159.02919,159.63893,157.02008,157.95967,162960.53
2024-03-13,AMG,157.6698,161.07828,157.6698,160.94833,231289.94
2024-03-14,AMG,160.65846,161.22821,158.63937,160.8384,321805.22
2024-03-15,AMG,159.83884,162.54762,159.83884,160.96832,379645.97
2024-03-18,AMG,160.92834,162.21776,160.05873,161.18822,236654.33
2024-03-19,AMG,161.60803,162.85748,160.66347,161.86794,231426
2024-03-20,AMG,161.07828,163.64714,161.07828,162.09782,487791.1
2024-03-21,AMG,162.92746,165.01653,162.92746,163.64714,295131.34
2024-03-22,AMG,164.11693,164.11693,162.56761,163.65712,197763.02
2024-03-25,AMG,163.67712,164.90657,163.25731,163.40724,171394.28
2024-03-26,AMG,164.10692,164.95155,163.19734,163.5072,173190.08
2024-03-27,AMG,164.6167,166.35593,163.9571,166.28596,226942
2024-03-28,AMG,166.74576,167.82527,166.22598,167.39546,234303.28
2024-04-01,AMG,167.22554,167.22554,164.95654,165.81616,292957.38
2024-04-02,AMG,165.83617,165.83617,163.4872,164.30684,286962.72
2024-04-03,AMG,163.99698,166.65579,163.99698,166.21599,235149.66
2024-04-04,AMG,167.91524,168.55495,163.7271,163.81706,208238.69
2024-04-05,AMG,163.2773,166.196,163.11737,165.80618,298160.7
2024-04-08,AMG,166.70576,168.45499,166.65579,168.23509,213514.03
2024-04-09,AMG,169.54451,169.5745,166.75075,169.44455,219498.69
2024-04-10,AMG,167.14558,168.68489,165.86615,166.6658,209976.45
2024-04-11,AMG,166.8457,167.16557,164.92656,166.09604,189833.48
2024-04-12,AMG,165.46632,165.79617,161.12825,162.09782,331320.47
2024-04-15,AMG,163.13736,164.6067,160.16869,161.00832,273310.66
2024-04-16,AMG,160.08871,160.77841,158.5494,159.9088,302751.75
2024-04-17,AMG,160.87836,161.68301,158.81929,158.83928,252123.22
2024-04-18,AMG,159.64891,160.09871,157.83972,158.1196,258846.2
2024-04-19,AMG,158.52942,159.54895,156.9801,158.42946,399877.97
2024-04-22,AMG,159.52898,162.48764,158.1296,161.55807,282645.78
2024-04-23,AMG,161.64803,163.2773,160.8084,161.39813,233647.98
2024-04-24,AMG,160.8384,162.63258,160.8384,161.99788,218624.3
2024-04-25,AMG,160.37859,160.37859,156.92014,159.50897,188380.84
2024-04-26,AMG,159.28908,161.39813,159.28908,160.1287,134546.88
2024-04-29,AMG,160.33861,161.65802,158.16957,158.84927,258785.17
2024-04-30,AMG,157.74977,158.65746,155.93057,156.03053,184624.17
2024-05-01,AMG,155.66069,160.7884,155.66069,158.5694,490109.12
2024-05-02,AMG,159.499,160.57849,157.8797,160.57849,232563.5
2024-05-03,AMG,162.11781,163.13736,159.57394,160.27864,341676.06
2024-05-06,AMG,157.80974,161.08827,154.93102,157.16002,1143948.1
2024-05-07,AMG,154.22133,158.89925,154.22133,155.49077,510609.25
2024-05-08,AMG,154.99098,159.2091,154.99098,156.70023,523186.84
2024-05-09,AMG,157.20001,158.58939,156.82018,157.16002,192532.69
2024-05-10,AMG,157.92967,158.04463,156.75021,157.59982,158110.38
2024-05-13,AMG,158.1296,158.62936,156.06052,156.56029,214444.44
2024-05-14,AMG,157.68977,159.06917,157.11504,158.94923,225790.48
2024-05-15,AMG,160.28873,161.20837,159.65897,160.41866,206823.05
2024-05-16,AMG,159.81891,160.93846,158.89926,158.90924,176841.6
2024-05-17,AMG,159.59898,159.8339,157.7397,159.2791,183314.06
2024-05-20,AMG,159.43904,159.66895,157.06496,157.2199,138498.94
2024-05-21,AMG,156.96999,159.24411,156.84003,159.09918,245123.69
2024-05-22,AMG,158.7693,159.49902,157.19629,158.28949,155531.44
2024-05-23,AMG,158.89926,160.21873,156.86003,157.07994,179517.61
2024-05-24,AMG,157.93962,160.86848,157.34993,160.40868,157187.08
2024-05-28,AMG,160.6086,160.92848,158.65434,159.87888,378970.84
2024-05-29,AMG,158.20952,158.67934,157.31985,158.38943,198966.05
2024-05-30,AMG,159.13916,160.55861,158.10954,160.50864,182595.78
2024-05-31,AMG,160.56862,162.71779,160.43866,162.53786,310967.84
2024-06-03,AMG,163.1876,163.1876,160.41866,162.09802,239434.52
2024-06-04,AMG,160.99844,162.89772,158.57938,159.36906,190498.81
2024-06-05,AMG,159.74892,159.74892,157.49979,158.36945,312546.44
2024-06-06,AMG,158.73932,158.73932,155.99535,156.45018,265878.62
2024-06-07,AMG,155.77045,156.945,155.3806,155.57053,187397.62
2024-06-10,AMG,154.41096,155.48055,153.93115,155.0807,260865.7
2024-06-11,AMG,154.51094,154.79082,152.92152,153.83119,211978.02
2024-06-12,AMG,156.62012,158.91924,154.61089,155.22066,215474.34
2024-06-13,AMG,154.42096,154.42096,151.682,151.9519,281240.5
2024-06-14,AMG,150.07263,150.47247,147.5436,148.34328,397536.94
2024-06-17,AMG,148.67316,151.9619,147.07378,151.67201,579600.5
2024-06-18,AMG,152.01189,153.43633,151.52206,152.97151,297835.84
2024-06-20,AMG,152.85156,155.77545,152.83157,155.13069,295981.12
2024-06-21,AMG,155.30063,157.4498,154.46095,156.87001,1282119
2024-06-24,AMG,157.63972,160.98845,157.30486,159.58897,272402.1
2024-06-25,AMG,158.97922,160.5786,157.77968,159.88887,346933.6
2024-06-26,AMG,158.63934,158.64935,156.73007,156.93001,361495.16
2024-06-27,AMG,157.06995,157.24988,154.95074,155.58052,271030.6
2024-06-28,AMG,156.4202,157.1699,154.89078,156.17029,628332.1
2024-07-01,AMG,156.43019,158.14453,154.76083,154.93077,290153.9
2024-07-02,AMG,156.38022,158.17453,154.32039,157.9496,334405.8
2024-07-03,AMG,157.92963,158.90924,156.52016,156.65012,255932.81
2024-07-05,AMG,156.50017,156.84503,154.0711,154.72084,421003.9
2024-07-08,AMG,156.21028,156.79005,154.53091,154.79082,224731.89
2024-07-09,AMG,153.32138,156.67009,152.31177,154.66087,315581.62
2024-07-10,AMG,155.05072,159.64397,155.05072,159.47902,317500.34
2024-07-11,AMG,160.95847,165.2868,159.28911,165.00693,308954.06
2024-07-12,AMG,165.36676,168.59555,164.45712,166.82622,312293.34
2024-07-15,AMG,167.16608,169.82507,166.82622,168.28566,176248.36
2024-07-16,AMG,168.61552,172.20416,168.52556,171.79431,242090.52
2024-07-17,AMG,171.41446,172.68398,170.21492,172.45407,211045.66
2024-07-18,AMG,171.92427,174.67322,169.29527,169.41522,311591.1
2024-07-19,AMG,168.91542,169.5152,167.41599,167.87582,181800.48
2024-07-22,AMG,168.9654,171.3445,167.27605,171.24452,209435.05
2024-07-23,AMG,170.69473,172.62901,170.47981,171.61438,200770.73
2024-07-24,AMG,170.32487,172.48405,168.72548,169.2053,315109.44
2024-07-25,AMG,168.85544,175.69783,168.85544,173.73358,222700.11
2024-07-26,AMG,174.03346,177.42216,173.55864,176.95235,349183.44
2024-07-29,AMG,176.93236,187.21841,175.69283,183.82971,608709.6
2024-07-30,AMG,184.46947,185.52907,181.93044,184.74937,414691.5
2024-07-31,AMG,185.86894,189.73746,183.08,185.54906,326704.88
2024-08-01,AMG,185.62903,185.63403,177.51213,178.85162,185972.08
2024-08-02,AMG,176.00272,176.00272,168.90543,169.4852,216192.62
2024-08-05,AMG,161.01843,164.09726,158.52939,160.72855,290595.06
2024-08-06,AMG,161.20837,164.60707,160.14877,161.14839,178662.28
2024-08-07,AMG,163.79738,165.66666,159.75893,159.84889,202232.3
2024-08-08,AMG,161.47836,163.74765,160.85356,163.44774,234881.08
2024-08-09,AMG,163.2678,165.57585,162.15315,164.99724,190292.83
2024-08-12,AMG,165.01724,165.13719,162.94789,164.09752,177914.88
2024-08-13,AMG,165.52707,168.02628,165.115,167.3165,139266.52
2024-08-14,AMG,168.19621,168.19621,166.17686,167.48643,176497.42
2024-08-15,AMG,170.51549,172.27492,169.39583,171.92502,188240.17
2024-08-16,AMG,171.26524,173.5645,171.26524,172.19493,245419.45
2024-08-19,AMG,172.47485,173.87439,171.13528,171.94502,120463.51
2024-08-20,AMG,171.7151,171.90504,169.1459,170.1356,180698.77
2024-08-21,AMG,170.61545,172.6148,168.36617,172.2949,268017.7
2024-08-22,AMG,172.72476,173.40955,170.93535,172.6348,131319.98
2024-08-23,AMG,174.35425,176.81346,172.84473,173.79443,138396.23
2024-08-26,AMG,175.41391,175.48389,172.16995,173.37456,130028.56
2024-08-27,AMG,172.38489,174.10432,172.12495,173.05466,117276.49
2024-08-28,AMG,172.09497,173.70445,171.14526,171.15527,147032
2024-08-29,AMG,172.46486,174.72913,171.26534,173.29459,117633.6
2024-08-30,AMG,174.02435,174.02435,170.94534,173.77443,191852.33
2024-09-03,AMG,171.80507,172.50484,169.41583,170.62543,143264.8
2024-09-04,AMG,169.98564,171.94502,168.52611,169.37584,109553.02
2024-09-05,AMG,170.20557,170.23557,166.82666,168.10625,141080.1
2024-09-06,AMG,167.9663,169.44582,163.39775,163.8476,130316.66
2024-09-09,AMG,164.8373,167.48643,163.75763,165.23715,160690.36
2024-09-10,AMG,165.25716,165.31714,162.19814,164.71733,128034.93
2024-09-11,AMG,163.72765,165.05722,159.8289,164.96725,231700.06
2024-09-12,AMG,165.59705,167.83133,164.45741,167.0266,118364.836
2024-09-13,AMG,167.9163,170.05562,167.9163,169.20589,133859.8
2024-09-16,AMG,169.86568,174.4842,168.49112,173.76445,249609.8
2024-09-17,AMG,175.64383,176.31361,172.68977,175.80379,178791.16
2024-09-18,AMG,176.17366,178.39796,174.43921,175.70381,236345.55
2024-09-19,AMG,178.99277,180.0924,177.82812,179.68256,211931.75
2024-09-20,AMG,179.22269,179.22269,176.78307,178.18303,782997.3
2024-09-23,AMG,179.25269,180.90216,177.69318,177.99309,155076.58
2024-09-24,AMG,178.15305,179.64255,177.55322,178.11304,215701.95
2024-09-25,AMG,178.38297,178.78783,174.89407,175.07402,134355.95
2024-09-26,AMG,176.78346,178.10306,175.80379,176.78346,184158.88
2024-09-27,AMG,177.53323,179.44263,176.0987,176.22365,126656.484
2024-09-30,AMG,175.7438,177.98308,174.91408,177.74316,164835.69
2024-10-01,AMG,177.13336,177.13336,173.92438,175.71382,119365.16
2024-10-02,AMG,175.51389,180.32234,175.32394,180.19238,170397.47
2024-10-03,AMG,178.69286,178.8728,176.78346,178.41295,123610.516
2024-10-04,AMG,180.7622,182.09177,179.01277,181.12207,160191.2
2024-10-07,AMG,181.58194,181.89183,178.5729,179.32266,113711.35
2024-10-08,AMG,179.92247,180.1424,177.46326,177.6632,94593.234
2024-10-09,AMG,177.71318,186.57034,177.71318,185.46071,269445.12
2024-10-10,AMG,184.74094,186.19046,182.74156,186.18047,179694.44
2024-10-11,AMG,186.93024,189.76932,186.62532,187.93991,112035.81
2024-10-14,AMG,188.2698,190.04922,188.2698,189.93927,127672.81
2024-10-15,AMG,190.21918,192.80835,188.51971,190.85896,142649.6
2024-10-16,AMG,192.10857,194.21289,192.10857,192.79836,158686.72
2024-10-17,AMG,193.35817,196.21725,191.6887,196.1473,183801.75
2024-10-18,AMG,195.48749,196.62712,193.90808,194.55779,142145.44
2024-10-21,AMG,194.00797,194.18791,190.59906,191.70871,175201
2024-10-22,AMG,190.24916,193.11824,190.24916,192.41847,163075.12
2024-10-23,AMG,191.83865,192.05858,186.03052,188.15984,140080.78
2024-10-24,AMG,189.35945,190.94893,188.43974,190.00925,200911.22
2024-10-25,AMG,191.85864,193.06827,189.91428,191.28883,158002.5
2024-10-28,AMG,192.93831,195.48749,191.83865,194.74773,128470.07
2024-10-29,AMG,192.78836,196.10228,192.48344,195.48749,154639.44
2024-10-30,AMG,195.4775,199.45622,195.26256,196.25725,177819.84
2024-10-31,AMG,196.55714,197.05698,192.71837,193.83801,151402.39
2024-11-01,AMG,195.04764,196.82706,193.11824,193.74805,299460.72
2024-11-04,AMG,183.99117,190.93895,173.52452,177.0034,503484.94
2024-11-05,AMG,174.1943,179.49261,174.1943,177.70317,423947.53
2024-11-06,AMG,187.07019,189.8343,184.8209,186.14047,351792.47
2024-11-07,AMG,185.89055,185.94054,182.87253,183.11145,134561.02
2024-11-08,AMG,183.38136,185.40073,181.382,184.89087,173861.58
2024-11-11,AMG,186.18047,187.57002,185.1608,186.89024,114270.53
2024-11-12,AMG,187.04019,187.04019,183.80623,183.99117,146840.94
2024-11-13,AMG,185.28075,187.25012,183.48132,186.77028,254379.31
2024-11-14,AMG,187.22017,188.81973,185.24068,187.15018,175057.6
2024-11-15,AMG,186.92024,187.1127,183.77109,186.37039,177986.38
2024-11-18,AMG,185.26068,187.5201,184.33592,185.09073,151630.36
2024-11-19,AMG,182.5814,184.47589,181.98656,183.06126,163952.64
2024-11-20,AMG,183.52115,185.47562,181.68163,185.31067,144322.4
2024-11-21,AMG,186.43037,188.38985,185.6106,186.54034,141398.62
2024-11-22,AMG,186.15044,189.94943,186.15044,187.55008,161449.97
2024-11-25,AMG,189.37958,193.04861,189.03967,189.13965,324017.22
2024-11-26,AMG,188.9697,189.72949,187.26015,189.19963,141342.61
2024-11-27,AMG,188.83972,191.07414,187.20016,188.40985,109888.24
2024-11-29,AMG,189.3296,189.46957,186.93024,187.49008,83359.19
2024-12-02,AMG,186.98022,186.98022,184.89078,185.36066,160760.78
2024-12-03,AMG,186.15044,186.23042,184.21095,184.56087,142958.05
2024-12-04,AMG,185.46062,187.22017,184.4509,186.01048,147499.25
2024-12-05,AMG,185.2107,186.58034,184.39091,185.06073,233228.06
2024-12-06,AMG,185.48062,186.6703,183.66112,184.37091,129380.43
2024-12-09,AMG,185.07072,188.11992,184.39091,184.67084,165274.98
2024-12-10,AMG,184.58087,186.02548,183.05127,185.31067,197742.62
2024-12-11,AMG,187.18016,190.04941,185.79054,188.73975,234610.44
2024-12-12,AMG,189.06966,190.31934,188.47983,188.79974,196637.33
2024-12-13,AMG,188.63979,188.93471,185.62059,186.54034,209892.86
2024-12-16,AMG,186.6903,188.9547,186.17044,188.42984,183880.94
2024-12-17,AMG,187.01021,187.01021,184.80081,186.62032,192574.25
2024-12-18,AMG,186.93024,188.32486,178.28255,178.4425,255929.11
2024-12-19,AMG,180.06207,182.2215,178.27255,179.49222,277481.84
2024-12-20,AMG,179.16231,184.52089,179.16231,182.48141,795154.6
2024-12-23,AMG,181.51167,185.47063,181.51167,184.59087,275795.4
2024-12-24,AMG,184.29094,187.59006,184.24095,187.44011,87276.23
2024-12-26,AMG,186.53035,189.82947,185.95801,189.41957,135315.02
2024-12-27,AMG,187.96997,189.53954,185.5806,187.59006,209840.84
2024-12-30,AMG,185.78055,187.58505,184.15097,185.2007,150406.03
2024-12-31,AMG,186.03049,186.84026,184.59087,184.87079,137713.66
2025-01-02,AMG,185.85052,188.72975,185.29066,186.85025,134230.72
2025-01-03,AMG,187.30014,189.18964,185.87552,188.49982,233199.06
2025-01-06,AMG,187.78001,188.90471,183.36119,184.15097,311219.8
2025-01-07,AMG,184.12099,184.18597,179.30228,180.44197,199829.19
2025-01-08,AMG,179.40224,180.95183,178.35251,180.73189,175580.73
2025-01-10,AMG,178.0126,178.0126,173.95369,176.82292,260820.4
2025-01-13,AMG,174.48355,179.40224,173.59378,178.40251,281322.88
2025-01-14,AMG,179.87212,182.00156,179.11232,181.96155,188165.08
2025-01-15,AMG,186.80028,187.4151,183.24622,186.83028,219966.55
2025-01-16,AMG,187.12018,187.12018,184.33592,185.62059,133904.64
2025-01-17,AMG,186.7703,188.5798,186.6853,186.95023,149045.67
2025-01-21,AMG,189.12964,189.12964,187.39012,188.67976,254798.81
2025-01-22,AMG,188.1999,188.1999,185.5706,186.83028,187849
2025-01-23,AMG,187.12018,187.35011,185.9505,186.15044,172709.97
2025-01-24,AMG,185.89052,187.98994,184.77081,186.64032,146731.05
2025-01-27,AMG,185.70056,187.72502,183.05127,185.68057,160413.69
2025-01-28,AMG,186.23042,189.83946,186.23042,189.45956,144136.36
2025-01-29,AMG,188.5898,190.4793,186.89026,187.56007,129611.49
2025-01-30,AMG,190.29935,191.07913,188.78973,189.65952,99125.38
2025-01-31,AMG,189.98941,189.98941,187.0052,187.88998,160781.8
2025-02-03,AMG,183.49115,186.17044,182.41644,183.68109,221807.03
2025-02-04,AMG,182.71135,183.30121,180.6719,181.8316,232164.78
2025-02-05,AMG,181.65164,183.74608,180.86186,182.37144,247343.83
2025-02-06,AMG,183.7011,185.47063,175.99315,182.69138,301899.34
2025-02-07,AMG,182.86133,182.8813,178.54247,178.55247,196988.42
2025-02-10,AMG,179.03235,179.30228,174.96342,175.84319,250719.72
2025-02-11,AMG,175.09338,175.96315,172.64404,172.92397,169417.1
2025-02-12,AMG,170.5146,171.74529,166.8156,166.98555,229367.05
2025-02-13,AMG,167.33546,169.51488,167.33546,168.43515,175851.8
2025-02-14,AMG,168.82506,171.52933,168.82506,170.03474,180246.97
2025-02-18,AMG,169.96475,171.46443,168.01515,171.27448,269006.78
2025-02-19,AMG,169.40486,170.93085,168.75499,169.38487,149630.03
2025-02-20,AMG,169.6148,170.43965,165.81561,168.2351,171308.52
2025-02-21,AMG,169.52484,169.52484,164.96579,166.12555,196731.8
2025-02-24,AMG,166.96536,167.07484,164.11595,165.84561,167676.77
2025-02-25,AMG,166.96536,168.12514,163.4161,165.68564,227113.1
2025-02-26,AMG,166.25551,169.12492,166.19553,167.20532,199030.27
2025-02-27,AMG,167.92517,169.50484,166.93538,167.24532,172258.72
2025-02-28,AMG,167.83519,171.24448,167.44977,170.81458,457883.94
2025-03-03,AMG,171.52443,173.41904,165.58565,167.3153,232735.27
2025-03-04,AMG,165.60565,165.60565,159.75685,161.19656,337171.9
2025-03-05,AMG,161.32654,166.29051,160.4967,165.68564,251580.17
2025-03-06,AMG,162.74625,165.62566,160.75665,161.70647,283261.75
2025-03-07,AMG,160.77666,161.41652,157.1874,159.53691,299528.12
2025-03-10,AMG,156.43756,157.38736,151.59856,154.61792,353243.25
2025-03-11,AMG,154.95787,161.13658,153.65813,160.18678,517766.38
2025-03-12,AMG,163.00618,163.28615,158.76707,161.57649,352606.12
2025-03-13,AMG,161.74644,162.67627,157.93724,158.79707,297184.62
2025-03-14,AMG,161.58649,167.01537,160.67827,163.08617,326267.66
2025-03-17,AMG,162.82623,166.3555,161.64647,165.10576,253543.58
2025-03-18,AMG,164.62585,167.24532,164.62585,166.17554,190338.47
2025-03-19,AMG,165.81561,172.1243,165.81561,170.54463,327922
2025-03-20,AMG,168.90497,172.09431,168.90497,169.39485,248119.45
2025-03-21,AMG,167.48526,168.94997,166.59546,168.07513,578406.94
2025-03-24,AMG,169.60483,172.30426,169.60483,171.77437,192182.86
2025-03-25,AMG,173.05411,173.98392,171.31447,172.76418,219201.45
2025-03-26,AMG,172.65419,174.72375,171.45444,172.65419,170403.33
2025-03-27,AMG,171.6144,172.48422,169.7248,170.6946,170394.33
2025-03-28,AMG,169.66481,169.90477,165.93558,167.17534,137805.58
2025-03-31,AMG,165.17575,168.86497,163.34763,167.99515,208130.16
2025-04-01,AMG,168.68501,169.92975,166.3155,169.39485,166012.42
2025-04-02,AMG,167.13533,173.43404,167.13533,172.52422,160818.34
2025-04-03,AMG,165.22572,165.22572,156.58752,158.04723,326346.7
2025-04-04,AMG,153.90808,155.06284,146.5796,148.76915,319753.3
2025-04-07,AMG,145.21988,152.9083,139.19113,145.51982,410300.1
2025-04-08,AMG,150.4588,152.11844,141.53064,143.32028,256351.16
2025-04-09,AMG,140.21092,163.17616,140.17593,159.79686,313831.06
2025-04-10,AMG,155.79768,157.24239,149.32903,153.49817,277863.62
2025-04-11,AMG,152.3784,158.55212,150.9087,157.79727,223645.38
2025-04-14,AMG,161.70647,161.70647,157.27737,158.48714,302816.78
2025-04-15,AMG,159.38695,160.76666,158.21718,158.6771,164993.22
2025-04-16,AMG,157.21739,159.63689,153.52315,155.56773,218530.31
2025-04-17,AMG,155.82768,158.27217,155.38777,156.05763,190819.56
2025-04-21,AMG,154.96786,155.21051,151.26863,153.39818,164527.11
2025-04-22,AMG,156.49754,158.92705,156.25758,158.44713,170186.3
2025-04-23,AMG,162.90622,166.17554,158.06721,158.6071,199606.39
2025-04-24,AMG,159.47691,164.48839,159.47691,163.02618,195733.6
2025-04-25,AMG,164.4559,165.01578,161.90642,162.49629,129646.88
2025-04-28,AMG,163.4361,165.01077,161.41652,163.12617,212201
2025-04-29,AMG,162.15637,165.67564,161.46791,165.19574,140810.2
2025-04-30,AMG,163.4861,165.72562,160.30675,165.59566,192213.86
2025-05-01,AMG,164.70584,169.17491,163.67606,166.88539,185396.44
2025-05-02,AMG,169.96475,174.65878,168.96495,174.0539,292247.6
2025-05-05,AMG,172.76418,175.65356,172.48422,172.56421,228756.44
2025-05-06,AMG,170.44464,174.01392,170.2347,172.55421,269972.97
2025-05-07,AMG,172.92415,177.07327,172.92415,175.18367,321030.56
2025-05-08,AMG,185.94144,188.51091,173.539,181.12244,330620.56
2025-05-09,AMG,182.53215,183.86186,178.73294,179.13284,347329.03
2025-05-12,AMG,183.06703,188.58089,180.43758,183.79189,307770.8
2025-05-13,AMG,185.40155,185.96143,182.2422,182.42216,400840.12
2025-05-14,AMG,182.99205,184.2318,181.48236,182.08223,265297
2025-05-15,AMG,181.15244,182.46216,180.43257,180.92249,234276.58
2025-05-16,AMG,181.93227,183.7119,180.23262,183.39195,337144.9
2025-05-19,AMG,181.37225,184.25183,181.26729,182.29213,181555.75
2025-05-20,AMG,181.0823,183.20699,180.26575,181.31227,265793.62
2025-05-21,AMG,179.46257,180.26294,175.80312,176.04309,273128.75
2025-05-22,AMG,176.17307,176.663,174.97325,175.47318,202288.92
2025-05-23,AMG,173.16353,174.98824,172.75859,173.9434,182225.86
2025-05-27,AMG,176.35304,177.76282,174.4833,177.04294,262442.12
2025-05-28,AMG,177.58284,178.11276,173.55347,173.9734,325636.78
2025-05-29,AMG,174.75328,177.2729,173.65344,177.2629,360591.12
2025-05-30,AMG,176.69298,176.83296,174.10338,175.9731,281371.03
2025-06-02,AMG,175.53316,179.99248,172.51361,179.92249,377044.66
2025-06-03,AMG,178.4927,181.00232,178.14276,180.31242,207346.7
2025-06-04,AMG,181.16231,181.16231,179.10262,179.66254,156356.9
2025-06-05,AMG,180.3724,182.17213,179.01262,180.32243,169112.86
2025-06-06,AMG,183.49194,183.49194,181.16231,182.26213,98250.02
2025-06-09,AMG,183.30197,183.90688,181.64642,182.82205,142457.78
2025-06-10,AMG,180.99232,183.34196,180.99232,183.19199,110183.84
2025-06-11,AMG,183.47194,184.81174,182.5261,183.122,155368.75
2025-06-12,AMG,181.2123,184.08185,180.41241,184.05186,153683.5
2025-06-13,AMG,182.01216,184.4518,179.97247,181.98216,131595.12
2025-06-16,AMG,183.19199,186.4215,183.04701,184.4118,119245.234
2025-06-17,AMG,182.74207,185.1467,181.8422,182.30212,190576.14
2025-06-18,AMG,181.13231,188.69115,179.76251,184.51178,143746.98
2025-06-20,AMG,185.48163,186.99141,183.8619,184.4518,427058.28
2025-06-23,AMG,183.62192,185.39165,180.85236,183.42195,238017.39
2025-06-24,AMG,185.44165,187.88127,184.9817,186.60147,174931.75
2025-06-25,AMG,186.68146,189.80098,186.3615,189.65099,156499.92
2025-06-26,AMG,190.49088,192.35558,188.50117,192.13063,189299.94
2025-06-27,AMG,194.77022,198.90959,194.77022,197.63977,415073.47
2025-06-30,AMG,198.24968,199.4594,193.96034,196.73991,294165.97
2025-07-01,AMG,195.65007,199.53949,194.73022,198.68962,338928.8
2025-07-02,AMG,198.81961,201.96912,197.54478,200.46935,421224.4
2025-07-03,AMG,200.1594,202.639,197.83475,201.4192,401771.44
2025-07-07,AMG,201.40921,203.3889,199.07956,200.68932,246185.64
2025-07-08,AMG,201.17924,203.87883,201.11925,201.84914,304296.53
2025-07-09,AMG,202.96896,205.21861,201.90913,203.79884,204160.22
2025-07-10,AMG,204.35875,208.01819,204.02379,206.92836,175450.83
2025-07-11,AMG,205.92851,205.92851,203.76884,204.91866,101668.55
2025-07-14,AMG,204.91866,206.56842,203.71886,206.56842,148841.75
2025-07-15,AMG,205.74854,205.75853,199.55948,200.18939,185272.33
2025-07-16,AMG,201.96912,204.18878,199.62949,203.59888,245157.48
2025-07-17,AMG,203.67886,211.97758,203.67886,210.68779,311863.7
2025-07-18,AMG,210.85776,211.8076,209.09804,209.9179,258121.47
2025-07-21,AMG,210.70778,210.70778,206.24846,206.6284,206517.58
2025-07-22,AMG,206.0685,209.41797,205.23862,208.66809,205163.36
2025-07-23,AMG,210.47781,210.82275,208.56812,210.18787,105697.16
2025-07-24,AMG,210.07788,212.34753,209.17802,211.13771,115523.664
2025-07-25,AMG,212.05757,216.16695,210.30783,215.73701,258597.53
2025-07-28,AMG,216.28694,216.28694,211.75761,212.5375,168579.78
2025-07-29,AMG,214.29724,214.42221,210.00787,211.17772,115477.66
2025-07-30,AMG,210.94774,212.83745,208.63809,210.49782,127643.516
2025-07-31,AMG,210.45782,219.96637,208.34814,209.8379,281882.1
2025-08-01,AMG,207.53827,207.53827,199.96942,207.02834,197104.14
2025-08-04,AMG,211.17772,217.08542,209.47807,214.48721,235377.98
2025-08-05,AMG,213.37738,214.11226,208.18817,212.61748,132038.19
2025-08-06,AMG,213.46736,214.65718,211.49767,213.8473,148731.73
2025-08-07,AMG,215.30707,216.74686,208.30316,209.72792,183301.03
2025-08-08,AMG,210.83775,214.29224,210.83775,211.2677,102753.71
2025-08-11,AMG,211.68765,214.65234,211.68765,213.9974,110421.66
2025-08-12,AMG,215.53725,219.86679,215.53725,219.6768,151927.03
2025-08-13,AMG,220.52672,223.94637,218.66692,223.32643,221224.36
2025-08-14,AMG,221.5666,224.27621,219.98677,222.96646,136852.45
2025-08-15,AMG,222.36653,222.91647,218.27696,218.67691,129902.71
2025-08-18,AMG,216.72713,219.76678,215.82222,219.06686,258877.33
2025-08-19,AMG,218.42694,220.28674,216.39716,217.62701,201217.23
2025-08-20,AMG,217.38705,218.8369,214.97731,216.82712,145719.38
2025-08-21,AMG,215.57724,219.06686,215.57724,218.32695,92757.79
2025-08-22,AMG,219.49683,225.95465,218.19196,224.91626,217061.9
2025-08-25,AMG,224.69627,226.15611,223.6314,224.35632,146666.48
2025-08-26,AMG,224.6063,226.82607,224.03134,226.2861,190051.06
2025-08-27,AMG,224.80627,229.37578,224.73627,227.76595,189609.02
2025-08-28,AMG,228.65585,228.65585,225.27621,227.396,174361.4
2025-08-29,AMG,227.59596,227.91594,223.4165,224.79628,137280.48
2025-09-02,AMG,230.58566,230.58566,224.5613,229.94572,307254.44
2025-09-03,AMG,228.52588,231.97551,227.19202,230.61565,189749.03
2025-09-04,AMG,231.97551,233.22037,228.85085,233.0254,144725.28
2025-09-05,AMG,233.34537,234.97519,228.50087,230.25569,119694.63
2025-09-08,AMG,228.97583,231.36557,228.97583,231.1656,132350.97
2025-09-09,AMG,230.76562,233.15538,229.62575,231.93552,197262.83
2025-09-10,AMG,232.1055,234.59523,230.25069,232.41547,157819.66
2025-09-11,AMG,231.22559,237.15495,231.22559,235.9351,275064.03
2025-09-12,AMG,235.9451,238.26485,235.13518,236.08508,206449.8
2025-09-15,AMG,236.08508,238.11487,233.67023,234.85521,224117.66
2025-09-16,AMG,234.97519,236.80501,233.66533,234.75522,250113.4
2025-09-17,AMG,235.71512,240.76457,234.8902,238.25485,345991.53
2025-09-18,AMG,239.97467,245.93903,238.26984,244.31421,268006.28
2025-09-19,AMG,244.49419,245.3141,242.05444,242.84436,328758.72
2025-09-22,AMG,242.3444,244.97414,240.05966,243.98424,211671.34
2025-09-23,AMG,246.11401,250.12358,240.77458,241.82448,324341.25
2025-09-24,AMG,242.02446,243.5743,235.9451,237.21497,230872.38
2025-09-25,AMG,235.24516,238.23485,235.20517,237.63492,134542.2
2025-09-26,AMG,238.35484,240.99457,238.17986,239.01476,179818.98
2025-09-29,AMG,240.70459,240.70459,237.22997,238.70479,145402.34
2025-09-30,AMG,238.90477,240.67459,236.38506,238.40483,144092.2
2025-10-01,AMG,236.825,236.825,230.86563,230.98561,219360.16
2025-10-02,AMG,231.27559,236.61502,230.0758,236.52504,187613.8
2025-10-03,AMG,238.19485,243.79427,237.22997,243.01434,437082.12
2025-10-06,AMG,243.18433,245.95403,239.04477,244.87415,170809.03
2025-10-07,AMG,246.17401,246.17401,239.23474,239.92467,192313.3
2025-10-08,AMG,241.60449,245.47409,238.40483,242.10445,177418.73
2025-10-09,AMG,243.78426,245.90404,239.51492,241.80447,109184.52
2025-10-10,AMG,241.5545,244.00424,230.23569,230.75563,182873.3
2025-10-13,AMG,233.59534,238.55482,233.59534,236.725,139636.73
2025-10-14,AMG,235.02519,243.62427,235.02519,239.10477,252495.66
2025-10-15,AMG,241.5645,242.4766,236.46504,238.75479,140427.83
2025-10-16,AMG,240.25464,242.70438,232.1655,233.82532,204266.56
2025-10-17,AMG,233.42535,236.65501,231.50555,235.57513,171040.06
2025-10-20,AMG,237.66492,244.30421,236.56003,243.07434,283855.97
2025-10-21,AMG,240.75458,245.32411,237.7949,238.7748,276738.22
2025-10-22,AMG,238.7948,239.94467,234.20029,236.885,248532.23
2025-10-23,AMG,238.76479,241.5695,235.95508,238.92477,175483.53
2025-10-24,AMG,238.92477,242.97435,237.10498,240.24464,191947.27
2025-10-27,AMG,242.96436,247.63376,241.81447,241.98445,251752.58
2025-10-28,AMG,240.50461,241.79448,238.99976,240.52461,178054.8
2025-10-29,AMG,237.99487,240.73457,235.0102,237.87488,172961.25
2025-10-30,AMG,237.16496,240.15964,236.47504,236.65501,151668.02
2025-10-31,AMG,236.935,240.87956,236.29506,237.93489,335018.38
2025-11-03,AMG,247.87383,256.7829,242.73938,256.53293,698898.75
2025-11-04,AMG,256.51294,256.51294,250.8435,251.41347,399701.2
2025-11-05,AMG,252.40335,259.4426,251.46346,256.7129,334814.34
2025-11-06,AMG,256.84286,261.2966,254.93309,258.7627,280392.6
2025-11-07,AMG,258.06274,259.3026,251.16348,259.23264,347407.7
2025-11-10,AMG,261.97235,262.65485,258.01776,259.5426,147887.61
2025-11-11,AMG,259.80255,260.5725,256.40793,257.6228,512191.06
2025-11-12,AMG,257.99277,264.78204,256.88788,264.77203,417827.1
2025-11-13,AMG,262.07224,265.572,257.3311,259.08246,302769.53
2025-11-14,AMG,257.30258,259.97238,254.88272,258.29248,308962.94
2025-11-17,AMG,257.72253,259.57742,248.68814,251.21297,259323.58
2025-11-18,AMG,250.15305,253.18283,246.09332,250.44304,161424.94
2025-11-19,AMG,250.23305,254.38776,248.09319,253.83281,414279.06
2025-11-20,AMG,257.8125,261.2523,251.31297,252.90286,372901.28
2025-11-21,AMG,254.41275,258.80246,251.98293,256.8526,280019.97
2025-11-24,AMG,257.06256,263.57214,256.7726,263.21216,272866.5
2025-11-25,AMG,260.58234,266.28195,259.8224,266.09195,304703.66
2025-11-26,AMG,266.22195,271.4586,265.36703,267.58188,251367.03
2025-11-28,AMG,263.99213,270.25668,263.99213,268.81177,116792.914
2025-12-01,AMG,266.39194,271.97656,266.39194,267.56186,393529.66
2025-12-02,AMG,268.5618,276.2212,263.99213,266.14197,215024.58
2025-12-03,AMG,266.37195,272.14148,266.37195,271.5316,200799.61
2025-12-04,AMG,272.15158,276.38126,268.12405,271.6716,140700.53
2025-12-05,AMG,270.78165,274.14142,270.42667,273.17148,155315.53
2025-12-08,AMG,273.4915,275.5938,267.24188,270.19168,232273.73
2025-12-09,AMG,271.03162,276.1813,269.9817,271.04163,940113.7
2025-12-10,AMG,271.75156,280.69098,269.9817,279.58105,815702.25
2025-12-11,AMG,279.82104,283.1958,277.01624,280.14102,667020.2
2025-12-12,AMG,281.9609,281.9609,275.18137,277.3912,231053.66
2025-12-15,AMG,281.8709,281.8709,273.31647,275.35132,348428.62
2025-12-16,AMG,275.8713,275.9313,269.9817,273.13147,296896.12
2025-12-17,AMG,274.92136,277.63116,269.49173,271.4916,571883.75
2025-12-18,AMG,274.81137,276.97122,272.33154,274.81137,584885.6
2025-12-19,AMG,275.8913,280.50098,275.35632,279.07108,1097798.4
2025-12-22,AMG,280.481,287.84048,279.83606,287.6505,484290.8
2025-12-23,AMG,287.5405,292.40518,287.5405,292.2702,368862
2025-12-24,AMG,293.01013,293.7151,290.8603,291.11026,175221.88
2025-12-26,AMG,291.66022,299.66968,291.40027,296.04996,323393.9
2025-12-29,AMG,294.96002,298.0148,290.00034,292.06018,470787.9
2025-12-30,AMG,291.98022,293.33264,286.3006,290.33032,477911.38
2025-12-31,AMG,289.56036,291.85022,287.5205,288.26047,414618.1
2026-01-02,AMG,288.73044,291.19025,287.31052,288.83044,515616.94
2026-01-05,AMG,288.9104,305.6092,288.9104,303.54944,461679.28
2026-01-06,AMG,303.60944,310.29898,300.77972,310.28897,324142.97
2026-01-07,AMG,309.769,309.769,303.7794,307.67917,410560.8
2026-01-08,AMG,306.42923,311.4889,305.3194,307.28918,497224.7
2026-01-09,AMG,306.36926,309.32904,305.4793,308.00912,336231.78
2026-01-12,AMG,305.4793,313.21866,303.7349,312.26883,373860.34
2026-01-13,AMG,310.68893,313.53375,309.29904,310.81894,241056.34
2026-01-14,AMG,311.97885,315.91357,309.979,315.16864,230872.64
2026-01-15,AMG,317.5485,325.63785,317.5485,322.20816,384037.03
2026-01-16,AMG,321.19824,327.5028,321.19824,326.0979,345534.4
2026-01-20,AMG,323.4581,329.97754,317.07852,318.7584,477404.34
2026-01-21,AMG,321.5882,331.70752,321.4782,327.93777,455122.84
2026-01-22,AMG,330.5176,333.97235,328.34775,329.54767,250566.98
2026-01-23,AMG,326.97784,327.2778,318.99838,319.79834,296555.1
2026-01-26,AMG,321.24823,322.40814,309.32904,312.74878,532344.06
2026-01-27,AMG,314.84866,315.4748,304.89944,307.53915,487883.06
2026-01-28,AMG,309.42905,315.06863,307.41916,313.55875,281642.1
2026-01-29,AMG,316.03857,319.43488,309.50903,312.74878,292596.84
2026-01-30,AMG,310.22897,315.48862,309.67902,313.0688,501463
2026-02-02,AMG,313.35876,317.37347,310.59995,316.29858,335902.75
2026-02-03,AMG,316.89853,319.82333,302.0595,308.3791,474063.12
2026-02-04,AMG,307.52914,313.14868,303.55444,311.2189,335847.75
2026-02-05,AMG,307.2992,308.97906,294.12506,301.52954,473609.1
2026-02-06,AMG,306.51923,313.29376,299.97968,305.4793,358180.28
2026-02-09,AMG,304.32938,309.51904,304.31937,304.59937,459452.12
2026-02-10,AMG,304.72934,308.40408,299.14975,303.7794,349471.7
2026-02-11,AMG,304.62933,310.57895,289.78033,308.06912,822993.75
2026-02-12,AMG,308.06912,329.1677,304.0969,328.9277,1117100.8
2026-02-13,AMG,330.3576,330.3576,319.29837,329.76767,453348.72
2026-02-17,AMG,331.92752,332.82745,319.32837,322.98813,469251.8
2026-02-18,AMG,323.92807,334.75732,321.29822,330.7276,420279.47
2026-02-19,AMG,327.74777,330.3276,320.4933,322.20816,325326.06
2026-02-20,AMG,319.44836,319.73834,285.60565,287.6705,988575
2026-02-23,AMG,286.89053,292.15036,279.011,291.2804,405308.28
2026-02-24,AMG,291.2804,302.43002,291.05328,302.13004,490476.5
2026-02-25,AMG,305.10992,312.7797,301.96002,312.6197,364429.28
2026-02-26,AMG,314.9896,318.88947,308.6448,312.92966,349204.12
2026-02-27,AMG,307.53983,307.53983,297.20016,306.1699,448453.75
2026-03-02,AMG,301.32004,315.87457,300.61008,312.90967,275369.25
2026-03-03,AMG,303.58997,312.34967,296.44022,310.28973,326882.28
2026-03-04,AMG,313.24966,313.24966,300.83505,303.12,505163
2026-03-05,AMG,300.99005,306.0899,291.2404,299.1701,366390.12
2026-03-06,AMG,291.29037,291.29037,280.94693,285.76056,314278.56
2026-03-09,AMG,280.38077,283.19067,269.9261,281.5207,457317.62
2026-03-10,AMG,283.53064,287.6005,277.29083,280.81073,401010.88
2026-03-11,AMG,280.13077,286.30554,271.56104,282.07068,454541.7
2026-03-12,AMG,275.98087,278.85077,267.2212,270.42105,397206.2
2026-03-13,AMG,273.53098,276.57086,270.0511,271.94104,218477.58
2026-03-16,AMG,276.46088,278.8358,271.47104,273.07098,265787.9
2026-03-17,AMG,276.96085,285.29056,276.96085,278.85077,322006.62
2026-03-18,AMG,275.44092,281.04572,273.83148,275.6409,362903.22
2026-03-19,AMG,275.0809,282.37067,273.33597,278.6608,477036.3
2026-03-20,AMG,278.85077,280.75073,274.15094,278.16083,675551.06
2026-03-23,AMG,285.43057,286.75055,274.87094,275.2709,531130.56
2026-03-24,AMG,272.331,277.19775,269.80978,275.5409,354483.28
2026-03-25,AMG,278.3908,283.37064,277.53085,280.65073,215243.5
2026-03-26,AMG,277.24084,277.26083,270.07108,276.33087,419525.44
2026-03-27,AMG,274.93094,276.48587,267.97116,268.97113,305980.94
2026-03-30,AMG,272.181,275.3609,268.49112,269.8711,316845.8
2026-03-31,AMG,274.9909,281.1357,271.09116,276.6909,232518.25
2026-04-01,AMG,280.66074,283.19565,273.24097,273.49097,250337
2026-04-02,AMG,267.05118,270.72604,254.4316,265.50125,393774.4
2026-04-06,AMG,265.00125,269.67108,264.00128,267.30118,448066.16
2026-04-07,AMG,265.8012,271.99103,264.96124,270.3011,355424.62
2026-04-08,AMG,279.2108,287.13052,279.2108,286.47055,506635.7
2026-04-09,AMG,288.07047,291.3104,283.30063,286.31055,302371.72
2026-04-10,AMG,285.57056,286.32053,280.65073,285.35056,310069.47
2026-04-13,AMG,281.4307,292.63034,281.4307,291.0904,235502.11
2026-04-14,AMG,293.4403,305.8599,293.4403,303.19998,362673.25
2026-04-15,AMG,305.7199,306.72986,299.8001,301.14005,298778.78
2026-04-16,AMG,301.59006,304.02997,295.90524,299.40012,346434.38
2026-04-17,AMG,302.61002,308.04984,291.1804,294.97028,588456
2026-04-20,AMG,294.32028,301.45206,292.99033,300.96005,225097.44
2026-04-21,AMG,302.81,306.71988,299.50012,300.90005,209539.39
2026-04-22,AMG,303.09,305.4449,298.88016,301.29004,209445.64
2026-04-23,AMG,299.15012,299.87012,270.34106,284.3806,692389.1
2026-04-24,AMG,287.81052,291.2204,283.91562,287.4305,302448.22
2026-04-27,AMG,287.1705,293.5503,286.30054,291.5604,281200.8
2026-04-28,AMG,292.62033,295.22525,289.38046,292.46036,279522.9
2026-04-29,AMG,292.52032,293.5853,287.1705,289.09045,335463.78
2026-04-30,AMG,288.18048,297.71017,284.9906,294.66028,473835.94
2026-05-01,AMG,301.74503,317.7995,285.95056,291.0604,561252.2
2026-05-04,AMG,292.06036,305.06992,291.70035,297.52017,373126.22
2026-05-05,AMG,298.82013,305.9599,295.81024,303.62997,274946.66
2026-05-06,AMG,307.26987,308.87982,303.16,306.0099,280474.94
2026-05-07,AMG,308.8298,310.95975,296.4302,297.75018,317982.47
2026-05-08,AMG,299.2601,303.3899,290.89038,302.78998,339915.56
2026-05-11,AMG,302.6,304.6525,298.39,301.28,273363.2
2026-05-12,AMG,300.74,303.22,296.37,301.53,285744.06
2026-05-13,AMG,301.33,304.565,296.32,303.48,174490.52
2026-05-14,AMG,305.82,307.78,301.4801,302.1,186617.08
2026-05-15,AMG,299.72,301.095,293.18,293.91,308409.94
2026-05-18,AMG,293.97,301.39,291.25,297.03,231803.47
2026-05-19,AMG,296.56,299.57,293.49,294.9,232316.11
2026-05-20,AMG,296.93,303.53,294.99,301.34,355410.03
2026-05-21,AMG,299.42,302.835,295.41,302.63,338121.66
2026-05-22,AMG,303.53,306.47,295.78,301.96,262692.12
2026-05-26,AMG,304.08,309.75,303.3,308.65,227898.23
2026-05-27,AMG,308.95,313.35,303.51,307.92,451281.56
2026-05-28,AMG,305.88,308.71,301.63,302.96,297086.53
2026-05-29,AMG,303.16,307.1,301.7,302.85,500377.8
2026-06-01,AMG,302.39,307.35,300.04,302.45,258146.55
2026-06-02,AMG,302.39,312.3,301.895,310.52,310253.38
2026-06-03,AMG,306.52,312.865,299.81,311.61,383222.2
2026-06-04,AMG,312.62,336.76,312.62,334.82,544299.75
2026-06-05,AMG,332.71,338.07,328.38,336.81,611126.94
2026-06-08,AMG,337.09,345.07,334.98,336.62,613067.6
2026-06-09,AMG,339.58,348.1499,333.01,342.12,362721.34
2026-06-10,AMG,339.42,346.7899,334.6,335.34,325778.44
2026-06-11,AMG,341.13,345.81,335.56,344.33,233013.77
2026-06-12,AMG,347.08,355.55,346,354.62,371459.8
2026-06-15,AMG,359.3,363.8899,352.12,352.93,260472.58
2026-06-16,AMG,355.85,359.49,353.92,357.5,169662.83
2026-06-17,AMG,357.42,362.935,353.94,355.67,255919.06
2026-06-18,AMG,361.53,361.78,351.16,352.9,646670.5
2026-06-22,AMG,354.92,358.99,349,357.31,317034.38
2026-06-23,AMG,352.27,356.34,349.35,350.22,259610.2
2026-06-24,AMG,350.15,350.38,337.51,339.1,257109.88
2026-06-25,AMG,342.52,346.59,337.35,340.08,199426.27
2026-06-26,AMG,340.19,344.55,337.57,341.98,450876.56
2026-06-29,AMG,342.05,343.94,334.2,342.46,489252.75
2026-06-30,AMG,344.33,349.21,336.36,338.4,550935.06
2026-07-01,AMG,338.5,348.5,336.76,336.91,303921.1
2026-07-02,AMG,340.79,345.613,337.96,344.6,204099.08
2026-07-06,AMG,345.34,357.8499,344.44,356.61,292237.25
2026-07-07,AMG,360.45,361.75,354.4,359.72,285030.84
2026-07-08,AMG,357.85,360.305,353.683,356.27,232854.22
2026-07-09,AMG,359.39,366.47,356.31,364.96,220974.62
2026-07-10,AMG,368.4,369.9399,366.2,366.41,198096.25
2026-07-13,AMG,365.58,369.1399,357.86,359.78,234556.53
2026-07-14,AMG,359.98,368.86,359.98,366,194387.12
2026-07-15,AMG,370,382.75,369.93,379.59,170534.36
2026-07-16,AMG,377.11,381.06,373.13,376.79,190296.9
2026-07-17,AMG,367.77,373.74,359.94,369.83,217330
2026-07-20,AMG,373.24,377.16,365.86,366.12,109752
2026-07-21,AMG,368.21,373.55,328.11,340.58,910151.06
2026-07-22,AMG,340.85,356.05,340.85,346.7,350164.12
2026-07-23,AMG,344.11,348.75,338.44,347.77,239706.92
2026-07-24,AMG,349.01,358.68,347.95,358.29,196767.12
2026-07-27,AMG,361.66,369.58,359.02,363.8,199280.69
2026-07-28,AMG,364.04,375,360.954,370.12,244178.33
2026-07-29,AMG,366.01,370.75,360.07,360.07,257057.58
2026-07-30,AMG,363.7,374.86,355,365.46,321413.06
2026-07-31,AMG,366.13,375.41,365,366.73,232406.56
2026-08-03,AMG,368.7,384.11,368.7,380.89,347138.4
2026-08-04,AMG,382.72,392.9199,382.37,383.42,290001.12
