date,symbol,open,high,low,close,volume
1990-01-02,ATO,2.7588089,2.7588089,2.7204921,2.7204921,76337.29
1990-01-03,ATO,2.6821754,2.7013338,2.6630168,2.6630168,48934.16
1990-01-04,ATO,2.6438584,2.6438584,2.5863833,2.6055417,67855.37
1990-01-05,ATO,2.567225,2.6821754,2.5289083,2.6821754,152022.12
1990-01-08,ATO,2.6438584,2.7013338,2.6438584,2.7013338,41104.695
1990-01-09,ATO,2.7013338,2.7588089,2.7013338,2.7588089,80252.02
1990-01-10,ATO,2.7588089,2.7971256,2.7588089,2.7971256,80904.484
1990-01-11,ATO,2.8162842,2.8737593,2.8162842,2.8354425,87429.04
1990-01-12,ATO,2.854601,2.854601,2.7588089,2.7971256,54153.805
1990-01-15,ATO,2.7779672,2.7971256,2.7588089,2.7588089,13049.109
1990-01-16,ATO,2.7396505,2.7588089,2.7204921,2.7396505,31317.863
1990-01-17,ATO,2.7588089,2.7588089,2.7588089,2.7588089,18268.754
1990-01-18,ATO,2.7396505,2.7588089,2.7396505,2.7588089,10439.288
1990-01-19,ATO,2.7396505,2.7588089,2.7204921,2.7396505,12396.654
1990-01-22,ATO,2.7396505,2.7588089,2.7396505,2.7588089,31970.318
1990-01-23,ATO,2.7396505,2.7588089,2.7204921,2.7588089,28708.041
1990-01-24,ATO,2.7204921,2.7204921,2.6630168,2.7204921,46324.34
1990-01-25,ATO,2.7204921,2.7204921,2.7013338,2.7204921,18268.754
1990-01-26,ATO,2.7013338,2.7204921,2.7013338,2.7204921,10439.288
1990-01-29,ATO,2.7204921,2.7396505,2.7013338,2.7396505,13049.109
1990-01-30,ATO,2.7588089,2.7588089,2.7013338,2.7204921,56763.63
1990-01-31,ATO,2.7013338,2.7204921,2.7013338,2.7013338,26098.219
1990-02-01,ATO,2.7204921,2.7396505,2.7204921,2.7396505,15006.477
1990-02-02,ATO,2.7396505,2.7396505,2.7204921,2.7396505,6524.5547
1990-02-05,ATO,2.7588089,2.7588089,2.7204921,2.7396505,13049.109
1990-02-06,ATO,2.7204921,2.7396505,2.7204921,2.7396505,6524.5547
1990-02-07,ATO,2.7396505,2.7588089,2.7396505,2.7588089,26098.219
1990-02-08,ATO,2.7779672,2.7971256,2.7588089,2.7779672,35232.598
1990-02-09,ATO,2.7779672,2.8162842,2.7779672,2.7971256,15006.477
1990-02-12,ATO,2.8162842,2.8162842,2.7779672,2.8162842,32622.775
1990-02-13,ATO,2.8162842,2.8354425,2.8162842,2.8354425,25445.764
1990-02-14,ATO,2.8354425,2.8737593,2.8162842,2.8162842,107655.16
1990-02-15,ATO,2.8162842,2.854601,2.8162842,2.854601,33927.684
1990-02-16,ATO,2.854601,2.8737593,2.8354425,2.8354425,25445.764
1990-02-20,ATO,2.7832801,2.8416708,2.7832801,2.8416708,26973.568
1990-02-21,ATO,2.8416708,2.8416708,2.8027437,2.8416708,25046.885
1990-02-22,ATO,2.8027437,2.8027437,2.7638168,2.7832801,16055.695
1990-02-23,ATO,2.8027437,2.8027437,2.7443533,2.7443533,35964.758
1990-02-26,ATO,2.7248898,2.7443533,2.7054262,2.7443533,25689.113
1990-02-27,ATO,2.7248898,2.7443533,2.7248898,2.7443533,1926.6835
1990-02-28,ATO,2.7248898,2.7443533,2.7248898,2.7248898,12202.328
1990-03-01,ATO,2.6664991,2.7248898,2.6664991,2.7248898,39175.9
1990-03-02,ATO,2.7248898,2.7248898,2.7054262,2.7054262,7706.734
1990-03-05,ATO,2.7054262,2.7248898,2.6859627,2.7248898,18624.607
1990-03-06,ATO,2.7248898,2.7248898,2.7054262,2.7054262,14771.24
1990-03-07,ATO,2.7248898,2.7248898,2.7248898,2.7248898,6422.2783
1990-03-08,ATO,2.7054262,2.7054262,2.7054262,2.7054262,7706.734
1990-03-09,ATO,2.7054262,2.7248898,2.6859627,2.6859627,34038.074
1990-03-12,ATO,2.7248898,2.7248898,2.6859627,2.7054262,24404.656
1990-03-13,ATO,2.7054262,2.7248898,2.6859627,2.7054262,364785.4
1990-03-14,ATO,2.6859627,2.7248898,2.6859627,2.7248898,28258.023
1990-03-15,ATO,2.7054262,2.7248898,2.6859627,2.7248898,26331.34
1990-03-16,ATO,2.7248898,2.7638168,2.7248898,2.7248898,30826.936
1990-03-19,ATO,2.7443533,2.7443533,2.7248898,2.7248898,8991.189
1990-03-20,ATO,2.7638168,2.7638168,2.7248898,2.7443533,12202.328
1990-03-21,ATO,2.7248898,2.7248898,2.7248898,2.7248898,15413.468
1990-03-22,ATO,2.7248898,2.7443533,2.7248898,2.7443533,17340.15
1990-03-23,ATO,2.7248898,2.7638168,2.7248898,2.7443533,14129.012
1990-03-26,ATO,2.7638168,2.8027437,2.7638168,2.7832801,50735.996
1990-03-27,ATO,2.8027437,2.8416708,2.8027437,2.8027437,35964.758
1990-03-28,ATO,2.8027437,2.8027437,2.7832801,2.8027437,7064.506
1990-03-29,ATO,2.8027437,2.8027437,2.7638168,2.7832801,21193.518
1990-03-30,ATO,2.8027437,2.8027437,2.7638168,2.8027437,12844.557
1990-04-02,ATO,2.8027437,2.8027437,2.7638168,2.7638168,4495.5947
1990-04-03,ATO,2.7248898,2.7443533,2.7248898,2.7248898,10917.873
1990-04-04,ATO,2.7054262,2.7443533,2.7054262,2.7443533,3211.1392
1990-04-05,ATO,2.7248898,2.7443533,2.7054262,2.7443533,12844.557
1990-04-06,ATO,2.7638168,2.7638168,2.7248898,2.7248898,11560.101
1990-04-09,ATO,2.7248898,2.7443533,2.7248898,2.7443533,14771.24
1990-04-10,ATO,2.7248898,2.7638168,2.7054262,2.7638168,26973.568
1990-04-11,ATO,2.7443533,2.7443533,2.7248898,2.7443533,21835.746
1990-04-12,ATO,2.7443533,2.7443533,2.7054262,2.7248898,35322.53
1990-04-16,ATO,2.7443533,2.7443533,2.7054262,2.7248898,12844.557
1990-04-17,ATO,2.7443533,2.7443533,2.7054262,2.7054262,9633.417
1990-04-18,ATO,2.7248898,2.7443533,2.7054262,2.7443533,19909.062
1990-04-19,ATO,2.7443533,2.7638168,2.7443533,2.7638168,16055.695
1990-04-20,ATO,2.7638168,2.8027437,2.7638168,2.7638168,35322.53
1990-04-23,ATO,2.7443533,2.7638168,2.7248898,2.7248898,19909.062
1990-04-24,ATO,2.7054262,2.7248898,2.6859627,2.7248898,12844.557
1990-04-25,ATO,2.7248898,2.7248898,2.6859627,2.6859627,138721.2
1990-04-26,ATO,2.6664991,2.6664991,2.6275723,2.6275723,18624.607
1990-04-30,ATO,2.6275723,2.6275723,2.6081088,2.6275723,19266.834
1990-05-01,ATO,2.6275723,2.6275723,2.6275723,2.6275723,11560.101
1990-05-02,ATO,2.6275723,2.6275723,2.6081088,2.6275723,5780.0503
1990-05-03,ATO,2.6081088,2.6275723,2.6081088,2.6081088,12844.557
1990-05-04,ATO,2.6275723,2.6664991,2.6275723,2.6664991,14771.24
1990-05-07,ATO,2.6859627,2.7443533,2.6664991,2.6664991,39175.9
1990-05-08,ATO,2.6664991,2.6664991,2.6664991,2.6664991,6422.2783
1990-05-09,ATO,2.6470358,2.7248898,2.6275723,2.7248898,39175.9
1990-05-10,ATO,2.7248898,2.7248898,2.7054262,2.7054262,17982.379
1990-05-11,ATO,2.7054262,2.7832801,2.7054262,2.7832801,26331.34
1990-05-14,ATO,2.7248898,2.7638168,2.7248898,2.7638168,12202.328
1990-05-15,ATO,2.7443533,2.7832801,2.7443533,2.7638168,40460.35
1990-05-16,ATO,2.7443533,2.7443533,2.7248898,2.7248898,6422.2783
1990-05-17,ATO,2.7248898,2.7638168,2.6859627,2.6859627,15413.468
1990-05-18,ATO,2.6859627,2.6859627,2.6664991,2.6859627,6422.2783
1990-05-21,ATO,2.6922977,2.712094,2.652705,2.712094,22731.514
1990-05-22,ATO,2.6922977,2.7516866,2.6922977,2.7516866,23994.375
1990-05-23,ATO,2.7318902,2.791279,2.7318902,2.791279,18311.496
1990-05-24,ATO,2.771483,2.8110754,2.7516866,2.8110754,13260.05
1990-05-25,ATO,2.771483,2.771483,2.7516866,2.771483,13260.05
1990-05-29,ATO,2.7516866,2.7516866,2.7516866,2.7516866,25257.236
1990-05-30,ATO,2.712094,2.712094,2.712094,2.712094,4420.0166
1990-05-31,ATO,2.6922977,2.712094,2.6922977,2.712094,29677.254
1990-06-01,ATO,2.712094,2.712094,2.6725013,2.6922977,33465.84
1990-06-04,ATO,2.6922977,2.712094,2.652705,2.652705,51145.906
1990-06-05,ATO,2.652705,2.6922977,2.652705,2.6922977,13891.48
1990-06-06,ATO,2.6725013,2.6922977,2.6725013,2.6922977,4420.0166
1990-06-07,ATO,2.6725013,2.6725013,2.652705,2.652705,12628.618
1990-06-08,ATO,2.6329088,2.6725013,2.6329088,2.6329088,42937.305
1990-06-11,ATO,2.6329088,2.6922977,2.6329088,2.6329088,60617.367
1990-06-12,ATO,2.652705,2.652705,2.6131124,2.652705,19574.36
1990-06-13,ATO,2.6329088,2.652705,2.6131124,2.652705,21468.652
1990-06-14,ATO,2.652705,2.6725013,2.6329088,2.652705,36622.992
1990-06-15,ATO,2.6329088,2.6725013,2.6329088,2.6725013,19574.36
1990-06-18,ATO,2.652705,2.6725013,2.652705,2.652705,5682.8784
1990-06-19,ATO,2.6725013,2.6725013,2.6725013,2.6725013,3788.5854
1990-06-20,ATO,2.6725013,2.6725013,2.593316,2.593316,46094.457
1990-06-21,ATO,2.5735197,2.5735197,2.5141308,2.5735197,82717.45
1990-06-22,ATO,2.5735197,2.6329088,2.5735197,2.6329088,13891.48
1990-06-25,ATO,2.652705,2.652705,2.5735197,2.5735197,29677.254
1990-06-26,ATO,2.593316,2.6131124,2.5735197,2.6131124,19574.36
1990-06-27,ATO,2.6131124,2.6131124,2.5537236,2.593316,14522.911
1990-06-28,ATO,2.593316,2.6131124,2.5735197,2.6131124,48620.18
1990-06-29,ATO,2.593316,2.6329088,2.593316,2.6329088,23362.943
1990-07-02,ATO,2.6329088,2.6725013,2.6131124,2.6725013,13891.48
1990-07-03,ATO,2.6922977,2.6922977,2.652705,2.652705,1894.2927
1990-07-05,ATO,2.652705,2.6922977,2.652705,2.6922977,29677.254
1990-07-06,ATO,2.6922977,2.712094,2.652705,2.6922977,9471.464
1990-07-09,ATO,2.6922977,2.712094,2.6922977,2.6922977,17048.635
1990-07-10,ATO,2.6922977,2.712094,2.6725013,2.6725013,8840.033
1990-07-11,ATO,2.6922977,2.712094,2.6725013,2.712094,20837.22
1990-07-12,ATO,2.6725013,2.712094,2.6725013,2.712094,12628.618
1990-07-13,ATO,2.712094,2.712094,2.6725013,2.712094,16417.203
1990-07-16,ATO,2.6922977,2.6922977,2.6725013,2.6725013,29045.822
1990-07-17,ATO,2.6725013,2.7318902,2.6725013,2.7318902,71983.125
1990-07-18,ATO,2.6922977,2.712094,2.6725013,2.712094,10734.326
1990-07-19,ATO,2.6922977,2.7318902,2.6725013,2.6725013,13260.05
1990-07-20,ATO,2.6922977,2.712094,2.6131124,2.6131124,142071.95
1990-07-23,ATO,2.593316,2.6329088,2.593316,2.6131124,23362.943
1990-07-24,ATO,2.652705,2.712094,2.6329088,2.6725013,15785.773
1990-07-25,ATO,2.6725013,2.712094,2.6725013,2.6922977,8208.602
1990-07-26,ATO,2.6922977,2.712094,2.6922977,2.712094,2525.7236
1990-07-27,ATO,2.7318902,2.7318902,2.712094,2.7318902,9471.464
1990-07-30,ATO,2.7318902,2.7318902,2.712094,2.7318902,22731.514
1990-07-31,ATO,2.7318902,2.7318902,2.712094,2.7318902,18942.928
1990-08-01,ATO,2.7318902,2.7318902,2.712094,2.7318902,27151.53
1990-08-02,ATO,2.7318902,2.7318902,2.6922977,2.712094,13260.05
1990-08-03,ATO,2.712094,2.712094,2.6725013,2.6922977,15154.342
1990-08-06,ATO,2.6922977,2.7318902,2.6922977,2.7318902,13891.48
1990-08-07,ATO,2.7318902,2.771483,2.7318902,2.771483,8840.033
1990-08-08,ATO,2.8110754,2.8308718,2.7516866,2.8110754,38517.285
1990-08-09,ATO,2.8308718,2.8308718,2.8110754,2.8308718,3157.1545
1990-08-10,ATO,2.8308718,2.8506682,2.791279,2.791279,83348.88
1990-08-13,ATO,2.8308718,2.8308718,2.771483,2.8110754,30308.684
1990-08-14,ATO,2.771483,2.771483,2.6922977,2.6922977,10734.326
1990-08-15,ATO,2.712094,2.712094,2.6922977,2.6922977,6945.74
1990-08-16,ATO,2.6922977,2.6922977,2.6329088,2.652705,18311.496
1990-08-17,ATO,2.6725013,2.6725013,2.6329088,2.652705,31571.547
1990-08-20,ATO,2.6591513,2.7195866,2.6591513,2.7195866,71357.35
1990-08-21,ATO,2.7195866,2.7195866,2.7195866,2.7195866,3722.9922
1990-08-22,ATO,2.7397318,2.780022,2.6792965,2.6792965,118515.25
1990-08-23,ATO,2.6591513,2.6792965,2.6591513,2.6792965,14891.969
1990-08-24,ATO,2.7195866,2.780022,2.7195866,2.7397318,57085.88
1990-08-27,ATO,2.8606024,2.9008925,2.820312,2.8606024,55844.883
1990-08-28,ATO,2.8606024,2.9613278,2.8606024,2.9411826,18614.96
1990-08-29,ATO,2.9411826,2.9411826,2.9008925,2.9411826,26681.443
1990-08-30,ATO,2.9008925,2.9210374,2.9008925,2.9210374,24819.947
1990-08-31,ATO,2.9008925,2.9008925,2.9008925,2.9008925,7445.9844
1990-09-04,ATO,2.9411826,2.9411826,2.8606024,2.8606024,23578.951
1990-09-05,ATO,2.820312,2.8606024,2.780022,2.800167,29783.938
1990-09-06,ATO,2.800167,2.800167,2.780022,2.800167,15512.468
1990-09-07,ATO,2.800167,2.820312,2.6994417,2.6994417,170637.14
1990-09-10,ATO,2.759877,2.8404572,2.7397318,2.800167,49019.4
1990-09-11,ATO,2.800167,2.820312,2.759877,2.780022,19235.459
1990-09-12,ATO,2.759877,2.759877,2.7397318,2.7397318,3102.4934
1990-09-13,ATO,2.7397318,2.7397318,2.7195866,2.7195866,8686.981
1990-09-14,ATO,2.7397318,2.7397318,2.6994417,2.6994417,3722.9922
1990-09-17,ATO,2.7397318,2.780022,2.6994417,2.780022,21096.955
1990-09-18,ATO,2.780022,2.780022,2.6994417,2.6994417,21096.955
1990-09-19,ATO,2.6792965,2.7397318,2.6792965,2.7397318,13030.473
1990-09-20,ATO,2.6994417,2.780022,2.6994417,2.780022,23578.951
1990-09-21,ATO,2.780022,2.780022,2.7397318,2.7397318,24819.947
1990-09-24,ATO,2.7195866,2.780022,2.7195866,2.759877,30404.436
1990-09-25,ATO,2.759877,2.759877,2.6994417,2.6994417,40332.414
1990-09-26,ATO,2.7397318,2.7397318,2.6994417,2.6994417,12409.974
1990-09-28,ATO,2.7195866,2.7195866,2.7195866,2.7195866,1861.4961
1990-10-01,ATO,2.6994417,2.7397318,2.6994417,2.7397318,9927.9795
1990-10-02,ATO,2.7195866,2.7397318,2.7195866,2.7397318,24199.45
1990-10-03,ATO,2.7195866,2.7397318,2.7195866,2.7397318,13030.473
1990-10-04,ATO,2.7195866,2.7195866,2.7195866,2.7195866,1861.4961
1990-10-05,ATO,2.7397318,2.7397318,2.7397318,2.7397318,1861.4961
1990-10-08,ATO,2.7397318,2.7397318,2.7397318,2.7397318,9927.9795
1990-10-09,ATO,2.7195866,2.7397318,2.6994417,2.7397318,11789.476
1990-10-10,ATO,2.7397318,2.7397318,2.7195866,2.7397318,19855.959
1990-10-11,ATO,2.7397318,2.7397318,2.6994417,2.7397318,11168.977
1990-10-12,ATO,2.6994417,2.6994417,2.6792965,2.6792965,10548.478
1990-10-15,ATO,2.6390064,2.6390064,2.578571,2.578571,40332.414
1990-10-16,ATO,2.558426,2.6188612,2.558426,2.6188612,4963.9897
1990-10-17,ATO,2.578571,2.6188612,2.538281,2.578571,17373.963
1990-10-18,ATO,2.578571,2.6188612,2.578571,2.6188612,5584.4883
1990-10-19,ATO,2.5987163,2.6390064,2.538281,2.538281,34127.43
1990-10-22,ATO,2.5181358,2.6188612,2.5181358,2.558426,52121.89
1990-10-23,ATO,2.538281,2.6188612,2.538281,2.6188612,27301.943
1990-10-24,ATO,2.6390064,2.6390064,2.6390064,2.6390064,2481.9949
1990-10-25,ATO,2.6390064,2.6591513,2.6188612,2.6390064,10548.478
1990-10-26,ATO,2.6390064,2.6591513,2.6390064,2.6591513,24819.947
1990-10-29,ATO,2.6188612,2.6188612,2.6188612,2.6188612,4963.9897
1990-10-30,ATO,2.6188612,2.6591513,2.6188612,2.6591513,21096.955
1990-11-01,ATO,2.6591513,2.6792965,2.6591513,2.6792965,2481.9949
1990-11-02,ATO,2.6390064,2.6792965,2.6390064,2.6390064,7445.9844
1990-11-05,ATO,2.6188612,2.6591513,2.6188612,2.6591513,8686.981
1990-11-06,ATO,2.6390064,2.6994417,2.6390064,2.6994417,27301.943
1990-11-07,ATO,2.7397318,2.780022,2.7397318,2.7397318,21717.455
1990-11-08,ATO,2.7397318,2.7397318,2.7397318,2.7397318,27922.441
1990-11-09,ATO,2.7195866,2.7397318,2.7195866,2.7397318,8066.483
1990-11-12,ATO,2.6994417,2.7397318,2.6994417,2.7397318,14891.969
1990-11-13,ATO,2.7397318,2.7397318,2.7195866,2.7195866,49019.4
1990-11-14,ATO,2.7397318,2.7397318,2.7397318,2.7397318,20476.457
1990-11-15,ATO,2.7397318,2.7397318,2.6994417,2.7195866,24199.45
1990-11-16,ATO,2.7195866,2.7195866,2.6994417,2.7195866,4963.9897
1990-11-19,ATO,2.6662614,2.6662614,2.625242,2.625242,20112.432
1990-11-20,ATO,2.625242,2.625242,2.625242,2.625242,23159.77
1990-11-21,ATO,2.6457517,2.6662614,2.625242,2.6662614,11579.885
1990-11-23,ATO,2.6457517,2.6457517,2.625242,2.625242,1828.4028
1990-11-26,ATO,2.6457517,2.7072809,2.6457517,2.7072809,38396.46
1990-11-27,ATO,2.7072809,2.7072809,2.7072809,2.7072809,1828.4028
1990-11-28,ATO,2.7072809,2.7072809,2.7072809,2.7072809,3047.3381
1990-11-29,ATO,2.7072809,2.7072809,2.7072809,2.7072809,4875.741
1990-11-30,ATO,2.7483003,2.7483003,2.7483003,2.7483003,2437.8706
1990-12-04,ATO,2.7072809,2.7072809,2.6662614,2.7072809,6704.144
1990-12-05,ATO,2.6662614,2.6867712,2.6457517,2.6457517,7313.6113
1990-12-06,ATO,2.7072809,2.7483003,2.7072809,2.7072809,38396.46
1990-12-07,ATO,2.7277906,2.7277906,2.7072809,2.7277906,6094.6763
1990-12-10,ATO,2.7277906,2.7893195,2.7072809,2.7893195,45710.07
1990-12-11,ATO,2.8098292,2.8098292,2.7277906,2.7893195,382745.66
1990-12-12,ATO,2.7893195,2.7893195,2.7893195,2.7893195,1289024
1990-12-13,ATO,2.7483003,2.7483003,2.7483003,2.7483003,1828.4028
1990-12-14,ATO,2.7072809,2.7277906,2.6867712,2.6867712,11579.885
1990-12-17,ATO,2.6457517,2.6457517,2.625242,2.6457517,12189.353
1990-12-18,ATO,2.625242,2.6867712,2.625242,2.6867712,16455.625
1990-12-19,ATO,2.7072809,2.7277906,2.7072809,2.7277906,24988.172
1990-12-20,ATO,2.6662614,2.7072809,2.6457517,2.6457517,87763.336
1990-12-21,ATO,2.6662614,2.6867712,2.6662614,2.6662614,138349.16
1990-12-24,ATO,2.6662614,2.6867712,2.6457517,2.6867712,113360.98
1990-12-26,ATO,2.6867712,2.6867712,2.6457517,2.6457517,7313.6113
1990-12-27,ATO,2.6867712,2.6867712,2.6047323,2.6662614,165775.19
1990-12-28,ATO,2.6867712,2.6867712,2.625242,2.625242,10360.949
1990-12-31,ATO,2.6662614,2.7277906,2.6457517,2.7277906,235254.5
1991-01-02,ATO,2.6867712,2.6867712,2.6662614,2.6867712,15846.158
1991-01-03,ATO,2.625242,2.6662614,2.625242,2.6662614,65213.035
1991-01-04,ATO,2.6457517,2.6662614,2.6457517,2.6662614,6094.6763
1991-01-07,ATO,2.6867712,2.7483003,2.6867712,2.7277906,50585.812
1991-01-08,ATO,2.7277906,2.7277906,2.6662614,2.6662614,56071.02
1991-01-09,ATO,2.7072809,2.7072809,2.6662614,2.6662614,46929.008
1991-01-10,ATO,2.6867712,2.7072809,2.6662614,2.6867712,35958.59
1991-01-11,ATO,2.6867712,2.7072809,2.6662614,2.6662614,20112.432
1991-01-14,ATO,2.625242,2.625242,2.5842226,2.5842226,53023.684
1991-01-15,ATO,2.625242,2.625242,2.6047323,2.6047323,5485.2085
1991-01-16,ATO,2.5842226,2.625242,2.5842226,2.6047323,6704.144
1991-01-17,ATO,2.6457517,2.6867712,2.625242,2.6457517,14627.223
1991-01-18,ATO,2.625242,2.6867712,2.625242,2.625242,12189.353
1991-01-21,ATO,2.5842226,2.625242,2.5842226,2.625242,4875.741
1991-01-22,ATO,2.625242,2.6457517,2.625242,2.6457517,24378.705
1991-01-23,ATO,2.625242,2.6662614,2.625242,2.6662614,9142.015
1991-01-24,ATO,2.625242,2.6457517,2.625242,2.6457517,3047.3381
1991-01-25,ATO,2.6457517,2.6662614,2.6457517,2.6662614,62165.7
1991-01-28,ATO,2.6457517,2.6662614,2.6457517,2.6457517,45710.07
1991-01-29,ATO,2.6662614,2.6867712,2.6457517,2.6867712,10970.417
1991-01-30,ATO,2.6867712,2.7072809,2.6662614,2.6662614,14017.755
1991-01-31,ATO,2.6457517,2.6662614,2.5842226,2.5842226,47538.477
1991-02-01,ATO,2.625242,2.6457517,2.5842226,2.625242,39005.93
1991-02-04,ATO,2.6047323,2.6662614,2.6047323,2.6662614,61556.23
1991-02-05,ATO,2.6457517,2.7072809,2.6457517,2.7072809,52414.215
1991-02-06,ATO,2.7072809,2.7072809,2.6867712,2.7072809,21331.367
1991-02-07,ATO,2.6867712,2.7072809,2.6457517,2.6867712,18284.03
1991-02-08,ATO,2.6867712,2.7483003,2.6867712,2.7483003,44491.137
1991-02-11,ATO,2.7072809,2.7277906,2.6867712,2.7277906,20721.898
1991-02-12,ATO,2.6867712,2.7277906,2.6867712,2.7277906,31692.316
1991-02-13,ATO,2.7893195,2.7893195,2.76881,2.76881,94467.484
1991-02-14,ATO,2.76881,2.76881,2.76881,2.76881,16455.625
1991-02-15,ATO,2.7483003,2.7893195,2.7483003,2.7893195,87153.87
1991-02-19,ATO,2.7559147,2.7559147,2.7559147,2.7559147,89208.13
1991-02-20,ATO,2.7767928,2.8185492,2.7559147,2.797671,49094.406
1991-02-21,ATO,2.8185492,2.8603053,2.8185492,2.8603053,91004.266
1991-02-22,ATO,2.8394272,2.8603053,2.797671,2.8394272,23349.78
1991-02-25,ATO,2.8394272,2.8603053,2.8394272,2.8394272,41311.15
1991-02-26,ATO,2.8394272,2.8394272,2.7767928,2.8185492,101182.375
1991-02-27,ATO,2.797671,2.8603053,2.797671,2.8603053,61068.652
1991-02-28,ATO,2.8603053,2.8811836,2.8394272,2.8811836,61068.652
1991-03-01,ATO,2.8811836,2.9020617,2.8603053,2.8811836,177218.84
1991-03-04,ATO,2.8603053,2.8811836,2.8394272,2.8811836,104774.65
1991-03-05,ATO,2.9020617,2.9020617,2.8603053,2.8603053,15566.52
1991-03-06,ATO,2.8811836,2.8811836,2.8603053,2.8603053,198772.48
1991-03-07,ATO,2.8811836,2.8811836,2.8185492,2.8811836,3592.2737
1991-03-08,ATO,2.8603053,2.8603053,2.8394272,2.8394272,7184.5474
1991-03-11,ATO,2.8394272,2.8394272,2.7559147,2.797671,22751.066
1991-03-12,ATO,2.8185492,2.8185492,2.7141585,2.7141585,22751.066
1991-03-13,ATO,2.7350366,2.7767928,2.7350366,2.7767928,5987.123
1991-03-14,ATO,2.8185492,2.8185492,2.797671,2.797671,4789.698
1991-03-15,ATO,2.7559147,2.7767928,2.7559147,2.7767928,4190.986
1991-03-18,ATO,2.7559147,2.7767928,2.7559147,2.7767928,28139.477
1991-03-19,ATO,2.7559147,2.8185492,2.7559147,2.8185492,150276.78
1991-03-20,ATO,2.8185492,2.8394272,2.797671,2.8185492,68253.2
1991-03-21,ATO,2.8185492,2.8394272,2.8185492,2.8394272,22152.355
1991-03-22,ATO,2.8185492,2.8394272,2.8185492,2.8394272,15566.52
1991-03-25,ATO,2.8394272,2.8394272,2.797671,2.8394272,43705.996
1991-03-26,ATO,2.8185492,2.8394272,2.8185492,2.8185492,138302.53
1991-03-27,ATO,2.7767928,2.7767928,2.7767928,2.7767928,2394.849
1991-03-28,ATO,2.7767928,2.8394272,2.7767928,2.8394272,59871.23
1991-04-01,ATO,2.8394272,2.8394272,2.7767928,2.7767928,61667.367
1991-04-02,ATO,2.797671,2.8185492,2.7767928,2.8185492,9579.396
1991-04-03,ATO,2.7767928,2.7767928,2.7559147,2.7559147,57476.38
1991-04-04,ATO,2.797671,2.8185492,2.7559147,2.8185492,46699.56
1991-04-05,ATO,2.8185492,2.8185492,2.7767928,2.797671,39515.01
1991-04-08,ATO,2.7767928,2.8185492,2.7767928,2.8185492,25744.629
1991-04-09,ATO,2.8394272,2.8394272,2.797671,2.797671,55081.53
1991-04-10,ATO,2.8394272,2.8394272,2.797671,2.797671,40113.723
1991-04-11,ATO,2.797671,2.8394272,2.797671,2.797671,34126.6
1991-04-12,ATO,2.797671,2.8394272,2.797671,2.8394272,86214.57
1991-04-15,ATO,2.8185492,2.8185492,2.797671,2.797671,14967.808
1991-04-16,ATO,2.8185492,2.8394272,2.8185492,2.8394272,22152.355
1991-04-17,ATO,2.797671,2.797671,2.7767928,2.797671,82023.586
1991-04-18,ATO,2.7767928,2.797671,2.7767928,2.7767928,44903.42
1991-04-19,ATO,2.7559147,2.797671,2.7559147,2.797671,107169.5
1991-04-22,ATO,2.7767928,2.797671,2.7767928,2.797671,30534.326
1991-04-23,ATO,2.8185492,2.8394272,2.797671,2.797671,18560.08
1991-04-24,ATO,2.8185492,2.8394272,2.797671,2.8185492,13770.383
1991-04-25,ATO,2.797671,2.8185492,2.797671,2.797671,7783.26
1991-04-26,ATO,2.797671,2.8185492,2.797671,2.797671,5388.4106
1991-04-29,ATO,2.797671,2.797671,2.7767928,2.7767928,2993.5615
1991-04-30,ATO,2.7767928,2.7767928,2.7767928,2.7767928,14967.808
1991-05-01,ATO,2.797671,2.797671,2.797671,2.797671,3592.2737
1991-05-02,ATO,2.8394272,2.8394272,2.8185492,2.8185492,20356.217
1991-05-03,ATO,2.8185492,2.8394272,2.7767928,2.8394272,41311.15
1991-05-06,ATO,2.8394272,2.8394272,2.8394272,2.8394272,6585.835
1991-05-07,ATO,2.8185492,2.8811836,2.797671,2.8394272,27540.766
1991-05-08,ATO,2.8603053,2.8811836,2.7767928,2.8394272,31133.04
1991-05-09,ATO,2.8185492,2.8811836,2.8185492,2.8603053,8381.972
1991-05-10,ATO,2.8603053,2.8811836,2.8394272,2.8394272,14967.808
1991-05-13,ATO,2.8394272,2.8811836,2.797671,2.8811836,52087.97
1991-05-14,ATO,2.8811836,2.8811836,2.8603053,2.8811836,10178.108
1991-05-15,ATO,2.8603053,2.9020617,2.8603053,2.8811836,15566.52
1991-05-16,ATO,2.9020617,2.9020617,2.8811836,2.8811836,43705.996
1991-05-17,ATO,2.8811836,2.9229398,2.8811836,2.9229398,12572.958
1991-05-20,ATO,2.8677096,2.9314365,2.8677096,2.9314365,30599.33
1991-05-21,ATO,2.888952,3.0164058,2.888952,2.9951634,54725.727
1991-05-22,ATO,2.9951634,2.9951634,2.9314365,2.9314365,14122.769
1991-05-23,ATO,2.952679,2.9739213,2.952679,2.9739213,1765.3461
1991-05-24,ATO,2.9739213,2.9739213,2.952679,2.952679,8826.73
1991-05-28,ATO,2.9314365,2.9739213,2.9314365,2.9739213,8826.73
1991-05-29,ATO,2.952679,2.9739213,2.9314365,2.9739213,12945.871
1991-05-30,ATO,2.9739213,2.9739213,2.952679,2.9739213,20007.256
1991-05-31,ATO,2.9739213,2.9951634,2.9739213,2.9951634,4119.1406
1991-06-03,ATO,2.9739213,2.9739213,2.9314365,2.952679,46487.445
1991-06-04,ATO,2.9314365,2.9739213,2.9314365,2.952679,20007.256
1991-06-05,ATO,2.9739213,2.9951634,2.952679,2.9739213,48841.24
1991-06-06,ATO,2.9951634,2.9951634,2.9314365,2.9314365,15888.114
1991-06-07,ATO,2.9314365,2.9739213,2.9314365,2.9739213,8238.281
1991-06-10,ATO,2.952679,3.0164058,2.952679,3.0164058,31187.78
1991-06-11,ATO,3.0164058,3.0376482,2.9951634,2.9951634,15888.114
1991-06-12,ATO,2.9739213,2.9951634,2.952679,2.9951634,19418.807
1991-06-13,ATO,2.9951634,2.9951634,2.952679,2.952679,4707.5894
1991-06-14,ATO,2.9951634,3.0164058,2.952679,2.9951634,36483.816
1991-06-17,ATO,3.0164058,3.0588903,2.9951634,3.0164058,81205.914
1991-06-18,ATO,2.9739213,2.9951634,2.952679,2.952679,12357.422
1991-06-19,ATO,2.9951634,2.9951634,2.952679,2.9951634,19418.807
1991-06-20,ATO,2.9951634,3.0164058,2.9739213,3.0164058,51783.484
1991-06-21,ATO,2.9739213,3.0588903,2.952679,3.0588903,27657.088
1991-06-24,ATO,3.0588903,3.0801327,3.0164058,3.0164058,24714.844
1991-06-25,ATO,3.0376482,3.0376482,2.952679,2.952679,102390.07
1991-06-26,ATO,2.952679,2.9951634,2.952679,2.9951634,4119.1406
1991-06-27,ATO,2.9951634,2.9951634,2.952679,2.9739213,13534.319
1991-06-28,ATO,2.952679,2.9951634,2.952679,2.9739213,52371.934
1991-07-01,ATO,2.952679,2.952679,2.9314365,2.9314365,38249.164
1991-07-02,ATO,2.9739213,2.9739213,2.888952,2.9314365,69436.945
1991-07-03,ATO,2.9314365,2.9314365,2.9314365,2.9314365,1176.8973
1991-07-05,ATO,2.9314365,2.9739213,2.9314365,2.9314365,21772.602
1991-07-08,ATO,2.952679,2.952679,2.9314365,2.9314365,8826.73
1991-07-09,ATO,2.952679,2.952679,2.9101944,2.952679,8238.281
1991-07-10,ATO,2.952679,2.952679,2.9314365,2.9314365,27068.639
1991-07-11,ATO,2.9101944,2.952679,2.9101944,2.952679,15299.665
1991-07-12,ATO,2.952679,2.952679,2.952679,2.952679,24126.396
1991-07-15,ATO,2.9314365,2.9739213,2.9314365,2.9739213,25303.293
1991-07-16,ATO,2.9739213,2.9739213,2.952679,2.952679,4707.5894
1991-07-17,ATO,2.952679,2.952679,2.9314365,2.952679,8826.73
1991-07-18,ATO,2.9739213,2.9951634,2.952679,2.9951634,34130.023
1991-07-19,ATO,3.0376482,3.0376482,2.9951634,3.0164058,14711.217
1991-07-22,ATO,2.9739213,3.0164058,2.9739213,3.0164058,21772.602
1991-07-23,ATO,3.0164058,3.0376482,2.952679,2.952679,25303.293
1991-07-24,ATO,2.952679,3.0164058,2.952679,2.9739213,18830.357
1991-07-25,ATO,2.9739213,2.9951634,2.952679,2.9951634,18241.908
1991-07-26,ATO,3.0164058,3.0164058,2.9739213,3.0164058,14711.217
1991-07-29,ATO,2.9951634,3.0376482,2.952679,2.952679,42956.754
1991-07-30,ATO,2.9951634,3.0164058,2.9951634,2.9951634,9415.179
1991-07-31,ATO,2.9739213,3.0588903,2.9739213,3.0588903,32953.125
1991-08-01,ATO,3.0164058,3.101375,3.0164058,3.0801327,25303.293
1991-08-02,ATO,3.0164058,3.0801327,2.9951634,3.0801327,28245.537
1991-08-05,ATO,3.0588903,3.0801327,3.0588903,3.0588903,8826.73
1991-08-06,ATO,3.0588903,3.0801327,3.0164058,3.0588903,17653.46
1991-08-07,ATO,3.101375,3.101375,3.0801327,3.101375,23537.947
1991-08-08,ATO,3.1226172,3.2288287,3.101375,3.1863441,64729.355
1991-08-09,ATO,3.1863441,3.1863441,3.1651018,3.1651018,30010.883
1991-08-12,ATO,3.1438596,3.2288287,3.0801327,3.2288287,28245.537
1991-08-13,ATO,3.1863441,3.313798,3.1863441,3.250071,80029.02
1991-08-14,ATO,3.250071,3.250071,3.1438596,3.1863441,105920.76
1991-08-15,ATO,3.1438596,3.1863441,3.101375,3.1438596,22361.049
1991-08-16,ATO,3.101375,3.1438596,3.0588903,3.0588903,52960.38
1991-08-19,ATO,3.0588903,3.0588903,2.9951634,3.0376482,45310.547
1991-08-20,ATO,3.0246854,3.1543148,3.0246854,3.1543148,58435.83
1991-08-21,ATO,3.1759195,3.2839441,3.1759195,3.2407343,49757.242
1991-08-22,ATO,3.2191296,3.2407343,3.1975245,3.1975245,17357.178
1991-08-23,ATO,3.262339,3.2839441,3.1543148,3.1543148,31821.492
1991-08-26,ATO,3.1975245,3.1975245,3.13271,3.1975245,46285.805
1991-08-27,ATO,3.2407343,3.3703637,3.2407343,3.3487587,146957.44
1991-08-28,ATO,3.3487587,3.4567833,3.3487587,3.3919687,79264.445
1991-08-29,ATO,3.3703637,3.3919687,3.3703637,3.3703637,46864.38
1991-08-30,ATO,3.3703637,3.4135735,3.3703637,3.4135735,32400.064
1991-09-03,ATO,3.3919687,3.4135735,3.3703637,3.4135735,49757.242
1991-09-04,ATO,3.4351783,3.499993,3.4135735,3.499993,155636.02
1991-09-05,ATO,3.5215979,3.5215979,3.3919687,3.4567833,87364.46
1991-09-06,ATO,3.4783883,3.5432029,3.4567833,3.5432029,79843.016
1991-09-09,ATO,3.5432029,3.564808,3.5215979,3.5215979,38185.79
1991-09-10,ATO,3.499993,3.5864127,3.4783883,3.564808,100671.625
1991-09-11,ATO,3.6080174,3.6080174,3.5215979,3.564808,65957.27
1991-09-12,ATO,3.5432029,3.6728323,3.5432029,3.5864127,78107.3
1991-09-13,ATO,3.6080174,3.6296225,3.5432029,3.5864127,151007.44
1991-09-16,ATO,3.5432029,3.5864127,3.499993,3.5864127,90257.32
1991-09-17,ATO,3.6296225,3.6296225,3.499993,3.5432029,142328.86
1991-09-18,ATO,3.499993,3.6296225,3.499993,3.5864127,72321.57
1991-09-19,ATO,3.5432029,3.6080174,3.5432029,3.564808,42235.797
1991-09-20,ATO,3.6080174,3.6296225,3.5864127,3.6080174,42235.797
1991-09-23,ATO,3.5864127,3.6296225,3.564808,3.564808,73478.72
1991-09-24,ATO,3.5432029,3.5864127,3.5432029,3.564808,24878.621
1991-09-25,ATO,3.564808,3.5864127,3.5215979,3.5864127,17935.75
1991-09-26,ATO,3.5432029,3.5864127,3.5432029,3.5864127,12728.597
1991-09-27,ATO,3.5864127,3.5864127,3.5432029,3.5864127,14464.314
1991-09-30,ATO,3.564808,3.6296225,3.564808,3.6296225,16778.605
1991-10-01,ATO,3.6296225,3.6296225,3.564808,3.6080174,43971.516
1991-10-02,ATO,3.564808,3.6296225,3.564808,3.5864127,72900.14
1991-10-03,ATO,3.5864127,3.6296225,3.5864127,3.6296225,12150.024
1991-10-04,ATO,3.6296225,3.716042,3.5864127,3.716042,70007.28
1991-10-07,ATO,3.6728323,3.737647,3.6296225,3.6728323,67692.99
1991-10-08,ATO,3.6728323,3.7808566,3.6728323,3.7592518,67114.42
1991-10-09,ATO,3.716042,3.7592518,3.6728323,3.6728323,52071.53
1991-10-10,ATO,3.6512275,3.6512275,3.5215979,3.5432029,35292.926
1991-10-11,ATO,3.5432029,3.6080174,3.5432029,3.5864127,26614.338
1991-10-14,ATO,3.6080174,3.6080174,3.564808,3.564808,31821.492
1991-10-15,ATO,3.5432029,3.564808,3.4783883,3.5215979,42235.797
1991-10-16,ATO,3.5215979,3.5432029,3.4567833,3.4783883,27192.91
1991-10-17,ATO,3.4783883,3.499993,3.3919687,3.3919687,56121.54
1991-10-18,ATO,3.4135735,3.4351783,3.3919687,3.4351783,52071.53
1991-10-21,ATO,3.4351783,3.4567833,3.3919687,3.4567833,113978.8
1991-10-22,ATO,3.4567833,3.4567833,3.3919687,3.4351783,49178.668
1991-10-23,ATO,3.4135735,3.4351783,3.4135735,3.4351783,9835.733
1991-10-24,ATO,3.3919687,3.4135735,3.3703637,3.3703637,62485.836
1991-10-25,ATO,3.4135735,3.4351783,3.327154,3.327154,47442.95
1991-10-28,ATO,3.3703637,3.3919687,3.3703637,3.3919687,6942.871
1991-10-29,ATO,3.4135735,3.4567833,3.4135735,3.4567833,70585.85
1991-10-30,ATO,3.4351783,3.4783883,3.4351783,3.4783883,68850.13
1991-10-31,ATO,3.4783883,3.4783883,3.4567833,3.4783883,15621.459
1991-11-01,ATO,3.4567833,3.5432029,3.4567833,3.5432029,48600.098
1991-11-04,ATO,3.564808,3.6080174,3.5432029,3.5864127,38764.363
1991-11-05,ATO,3.5864127,3.6080174,3.5864127,3.6080174,15621.459
1991-11-06,ATO,3.6080174,3.6296225,3.564808,3.6296225,38764.363
1991-11-07,ATO,3.6296225,3.737647,3.6296225,3.716042,17357.178
1991-11-08,ATO,3.694437,3.716042,3.6728323,3.694437,6942.871
1991-11-11,ATO,3.694437,3.694437,3.6728323,3.6728323,7521.4434
1991-11-12,ATO,3.694437,3.694437,3.6728323,3.694437,10992.879
1991-11-13,ATO,3.6512275,3.6512275,3.6296225,3.6296225,9835.733
1991-11-14,ATO,3.6512275,3.694437,3.6080174,3.694437,29507.201
1991-11-15,ATO,3.694437,3.7592518,3.6728323,3.694437,90257.32
1991-11-18,ATO,3.6512275,3.694437,3.499993,3.6296225,74057.29
1991-11-19,ATO,3.5962908,3.6182194,3.5524337,3.6182194,26221.46
1991-11-20,ATO,3.6401482,3.6620767,3.6182194,3.6620767,158468.83
1991-11-21,ATO,3.6401482,3.6401482,3.5743623,3.5743623,35341.97
1991-11-22,ATO,3.6182194,3.6401482,3.5962908,3.6182194,76954.29
1991-11-25,ATO,3.6401482,3.6620767,3.6401482,3.6620767,33631.875
1991-11-26,ATO,3.6620767,3.6620767,3.6620767,3.6620767,3990.2224
1991-11-27,ATO,3.6401482,3.6620767,3.6401482,3.6401482,10260.571
1991-11-29,ATO,3.6401482,3.6401482,3.6401482,3.6401482,1140.0635
1991-12-02,ATO,3.6182194,3.7278626,3.6182194,3.7278626,64983.62
1991-12-03,ATO,3.7059338,3.7278626,3.6840053,3.7278626,29071.62
1991-12-04,ATO,3.6840053,3.7497911,3.6620767,3.7278626,132817.4
1991-12-05,ATO,3.7278626,3.7497911,3.6401482,3.6401482,27931.557
1991-12-06,ATO,3.6401482,3.6840053,3.6401482,3.6620767,14820.825
1991-12-09,ATO,3.6840053,3.6840053,3.5962908,3.6182194,42752.383
1991-12-10,ATO,3.5743623,3.6182194,3.5743623,3.6182194,6270.349
1991-12-11,ATO,3.6182194,3.6182194,3.5743623,3.5962908,13110.73
1991-12-12,ATO,3.5524337,3.5962908,3.5524337,3.5743623,19381.08
1991-12-13,ATO,3.5524337,3.5962908,3.530505,3.5962908,32491.81
1991-12-16,ATO,3.5524337,3.7059338,3.5524337,3.7059338,58143.24
1991-12-17,ATO,3.7278626,3.7717197,3.7059338,3.7059338,6270.349
1991-12-18,ATO,3.6840053,3.6840053,3.6182194,3.6401482,15390.857
1991-12-19,ATO,3.5962908,3.6401482,3.5962908,3.6401482,11970.667
1991-12-20,ATO,3.6620767,3.6840053,3.6182194,3.6182194,21661.207
1991-12-23,ATO,3.6182194,3.7717197,3.6182194,3.7717197,45032.508
1991-12-24,ATO,3.7717197,3.8155768,3.7717197,3.7717197,8550.477
1991-12-26,ATO,3.8375056,3.8813627,3.8155768,3.8155768,21661.207
1991-12-27,ATO,3.8155768,3.8813627,3.7936482,3.7936482,19951.111
1991-12-30,ATO,3.7936482,3.8594341,3.7936482,3.8375056,18811.049
1991-12-31,ATO,3.8813627,4.034863,3.8813627,4.034863,37622.098
1992-01-02,ATO,4.034863,4.034863,3.969077,3.9910057,43322.414
1992-01-03,ATO,3.969077,3.9910057,3.969077,3.969077,8550.477
1992-01-06,ATO,3.9032912,3.969077,3.8375056,3.8594341,114576.38
1992-01-07,ATO,3.8375056,3.8594341,3.6840053,3.6840053,60423.367
1992-01-08,ATO,3.7059338,3.7059338,3.6401482,3.6401482,23371.303
1992-01-09,ATO,3.6401482,3.6840053,3.6401482,3.6840053,42182.35
1992-01-10,ATO,3.6620767,3.6840053,3.6401482,3.6620767,36482.03
1992-01-13,ATO,3.6401482,3.6840053,3.5962908,3.6840053,90635.05
1992-01-14,ATO,3.6620767,3.6840053,3.6620767,3.6840053,101465.66
1992-01-15,ATO,3.6840053,3.8155768,3.6840053,3.7717197,55293.082
1992-01-16,ATO,3.7278626,3.7717197,3.7278626,3.7717197,17100.953
1992-01-17,ATO,3.7497911,3.7717197,3.6620767,3.7278626,10830.604
1992-01-20,ATO,3.7278626,3.7278626,3.6620767,3.6840053,35341.97
1992-01-21,ATO,3.7278626,3.7278626,3.6620767,3.6840053,31351.746
1992-01-22,ATO,3.7278626,3.7497911,3.7059338,3.7497911,50162.793
1992-01-23,ATO,3.7278626,3.8155768,3.7059338,3.7717197,29641.65
1992-01-24,ATO,3.7278626,3.7497911,3.6840053,3.6840053,17100.953
1992-01-27,ATO,3.7278626,3.7278626,3.6401482,3.6840053,34201.906
1992-01-28,ATO,3.6840053,3.6840053,3.6182194,3.6401482,33061.844
1992-01-29,ATO,3.6182194,3.6620767,3.5962908,3.6401482,42752.383
1992-01-30,ATO,3.6182194,3.6182194,3.5962908,3.5962908,30211.684
1992-01-31,ATO,3.5962908,3.6401482,3.5743623,3.6401482,28501.588
1992-02-03,ATO,3.6401482,3.6840053,3.6401482,3.6620767,16530.922
1992-02-04,ATO,3.6620767,3.6840053,3.6182194,3.6620767,14820.825
1992-02-05,ATO,3.6620767,3.6840053,3.6401482,3.6401482,16530.922
1992-02-06,ATO,3.6401482,3.6401482,3.530505,3.530505,52442.92
1992-02-07,ATO,3.5524337,3.6182194,3.5524337,3.5962908,29071.62
1992-02-10,ATO,3.6182194,3.6401482,3.5962908,3.5962908,40472.254
1992-02-11,ATO,3.5743623,3.6182194,3.5743623,3.5962908,17100.953
1992-02-12,ATO,3.5962908,3.6182194,3.5524337,3.5962908,45032.508
1992-02-13,ATO,3.5962908,3.6182194,3.5743623,3.5962908,25651.43
1992-02-14,ATO,3.5962908,3.6182194,3.5743623,3.5962908,19951.111
1992-02-18,ATO,3.5962908,3.6401482,3.5743623,3.6401482,68973.84
1992-02-19,ATO,3.6730947,3.6730947,3.6508336,3.6730947,33129.42
1992-02-20,ATO,3.6730947,3.6730947,3.6285722,3.6508336,21337.594
1992-02-21,ATO,3.6285722,3.6508336,3.58405,3.6508336,39867.61
1992-02-24,ATO,3.606311,3.6730947,3.606311,3.6285722,30321.844
1992-02-25,ATO,3.6508336,3.6730947,3.606311,3.6508336,192038.34
1992-02-26,ATO,3.6508336,3.717617,3.6508336,3.6730947,37621.547
1992-02-27,ATO,3.6730947,3.6730947,3.6285722,3.6730947,12914.859
1992-02-28,ATO,3.6730947,3.695356,3.6285722,3.6285722,19653.047
1992-03-02,ATO,3.6285722,3.695356,3.6285722,3.6285722,34813.97
1992-03-03,ATO,3.6285722,3.6508336,3.6285722,3.6508336,30883.36
1992-03-04,ATO,3.6285722,3.6730947,3.6285722,3.6508336,14599.406
1992-03-05,ATO,3.6285722,3.6285722,3.606311,3.606311,7299.703
1992-03-06,ATO,3.58405,3.606311,3.5395277,3.5617888,49974.89
1992-03-09,ATO,3.58405,3.6285722,3.58405,3.58405,46605.797
1992-03-10,ATO,3.58405,3.6285722,3.58405,3.606311,8422.734
1992-03-11,ATO,3.6508336,3.6508336,3.5617888,3.5617888,26952.75
1992-03-12,ATO,3.58405,3.58405,3.5617888,3.5617888,15722.437
1992-03-13,ATO,3.58405,3.58405,3.58405,3.58405,3369.0938
1992-03-16,ATO,3.58405,3.58405,3.5617888,3.5617888,17406.984
1992-03-17,ATO,3.58405,3.58405,3.5617888,3.5617888,30883.36
1992-03-18,ATO,3.5617888,3.58405,3.5395277,3.5617888,26952.75
1992-03-19,ATO,3.5395277,3.5617888,3.5172665,3.5172665,27514.266
1992-03-20,ATO,3.5617888,3.5617888,3.5395277,3.5617888,20214.562
1992-03-23,ATO,3.5617888,3.5617888,3.5395277,3.5395277,10107.281
1992-03-24,ATO,3.5617888,3.5617888,3.5395277,3.5395277,22460.625
1992-03-25,ATO,3.5395277,3.5617888,3.5395277,3.5617888,3930.6091
1992-03-26,ATO,3.5395277,3.5617888,3.5395277,3.5617888,16845.469
1992-03-27,ATO,3.5395277,3.5395277,3.5395277,3.5395277,32567.904
1992-03-30,ATO,3.5395277,3.5617888,3.5395277,3.5617888,5053.6406
1992-03-31,ATO,3.5617888,3.5617888,3.5617888,3.5617888,43236.703
1992-04-01,ATO,3.58405,3.58405,3.58405,3.58405,3930.6091
1992-04-02,ATO,3.58405,3.6285722,3.58405,3.58405,110057.06
1992-04-03,ATO,3.5617888,3.6285722,3.5617888,3.606311,41552.156
1992-04-06,ATO,3.6285722,3.6730947,3.606311,3.6285722,32567.904
1992-04-07,ATO,3.606311,3.695356,3.606311,3.6508336,30321.844
1992-04-08,ATO,3.6730947,3.695356,3.6508336,3.6730947,8984.25
1992-04-09,ATO,3.695356,3.8734453,3.695356,3.8734453,69627.94
1992-04-10,ATO,3.9179678,3.9179678,3.7844007,3.7844007,30883.36
1992-04-13,ATO,3.8066618,3.828923,3.8066618,3.828923,67381.875
1992-04-14,ATO,3.7844007,3.828923,3.7844007,3.8066618,28637.297
1992-04-15,ATO,3.7844007,3.8066618,3.695356,3.695356,122410.41
1992-04-16,ATO,3.5617888,3.606311,3.5617888,3.606311,37621.547
1992-04-20,ATO,3.58405,3.6285722,3.58405,3.6285722,14037.891
1992-04-21,ATO,3.606311,3.6285722,3.58405,3.606311,20776.078
1992-04-22,ATO,3.6285722,3.6508336,3.58405,3.58405,20776.078
1992-04-23,ATO,3.5617888,3.5617888,3.5395277,3.5395277,45482.766
1992-04-24,ATO,3.5172665,3.5395277,3.5172665,3.5395277,53905.5
1992-04-27,ATO,3.5617888,3.5617888,3.4950054,3.5172665,53343.984
1992-04-28,ATO,3.4950054,3.5172665,3.4950054,3.5172665,5053.6406
1992-04-29,ATO,3.5172665,3.5172665,3.4950054,3.5172665,6176.672
1992-04-30,ATO,3.5172665,3.5172665,3.4950054,3.5172665,21337.594
1992-05-01,ATO,3.5172665,3.5172665,3.5172665,3.5172665,23583.656
1992-05-04,ATO,3.5172665,3.5172665,3.5172665,3.5172665,6176.672
1992-05-05,ATO,3.4950054,3.58405,3.4950054,3.5617888,17406.984
1992-05-06,ATO,3.5617888,3.606311,3.5395277,3.606311,28637.297
1992-05-07,ATO,3.606311,3.695356,3.606311,3.695356,26391.234
1992-05-08,ATO,3.695356,3.7398782,3.695356,3.7398782,35937
1992-05-11,ATO,3.695356,3.7398782,3.695356,3.7398782,6738.1875
1992-05-12,ATO,3.717617,3.7398782,3.695356,3.7398782,9545.766
1992-05-13,ATO,3.695356,3.695356,3.6508336,3.695356,53905.5
1992-05-14,ATO,3.7398782,3.7398782,3.717617,3.7398782,7299.703
1992-05-15,ATO,3.7621393,3.7844007,3.717617,3.7398782,25268.203
1992-05-18,ATO,3.7844007,3.8957064,3.7621393,3.8957064,29198.812
1992-05-19,ATO,3.8613827,3.8613827,3.7936392,3.8388016,28231.467
1992-05-20,ATO,3.7936392,3.7936392,3.7033145,3.7033145,11071.163
1992-05-21,ATO,3.7033145,3.7033145,3.7033145,3.7033145,22142.326
1992-05-22,ATO,3.7258956,3.7258956,3.7258956,3.7258956,2767.7908
1992-05-26,ATO,3.7258956,3.748477,3.61299,3.6807334,50373.793
1992-05-27,ATO,3.7258956,3.7258956,3.635571,3.6807334,11624.722
1992-05-28,ATO,3.635571,3.635571,3.61299,3.61299,21035.21
1992-05-29,ATO,3.635571,3.635571,3.61299,3.61299,37088.4
1992-06-01,ATO,3.635571,3.635571,3.61299,3.61299,13838.954
1992-06-02,ATO,3.5678275,3.61299,3.5678275,3.61299,17713.861
1992-06-03,ATO,3.61299,3.635571,3.5678275,3.5904086,36534.84
1992-06-04,ATO,3.5904086,3.635571,3.5904086,3.61299,8856.931
1992-06-05,ATO,3.61299,3.61299,3.5904086,3.5904086,6642.6978
1992-06-08,ATO,3.61299,3.6807334,3.5904086,3.658152,40409.746
1992-06-09,ATO,3.61299,3.658152,3.61299,3.658152,22695.885
1992-06-10,ATO,3.635571,3.6807334,3.61299,3.61299,11071.163
1992-06-11,ATO,3.658152,3.7033145,3.635571,3.6807334,26017.234
1992-06-12,ATO,3.658152,3.7033145,3.635571,3.635571,16606.744
1992-06-15,ATO,3.635571,3.748477,3.61299,3.7258956,25463.676
1992-06-16,ATO,3.7258956,3.748477,3.7258956,3.748477,4428.4653
1992-06-17,ATO,3.7258956,3.7936392,3.7258956,3.748477,12731.838
1992-06-18,ATO,3.7936392,3.7936392,3.7033145,3.7033145,13285.3955
1992-06-19,ATO,3.658152,3.6807334,3.61299,3.635571,58677.164
1992-06-22,ATO,3.635571,3.6807334,3.635571,3.635571,14946.07
1992-06-23,ATO,3.635571,3.635571,3.5904086,3.5904086,111818.75
1992-06-24,ATO,3.5904086,3.61299,3.522665,3.522665,62552.074
1992-06-25,ATO,3.522665,3.522665,3.4323404,3.4323404,167728.12
1992-06-26,ATO,3.4323404,3.500084,3.4323404,3.500084,17713.861
1992-06-29,ATO,3.4775026,3.522665,3.4775026,3.522665,11071.163
1992-06-30,ATO,3.500084,3.5452461,3.500084,3.522665,14946.07
1992-07-01,ATO,3.5678275,3.5904086,3.522665,3.522665,14392.513
1992-07-02,ATO,3.5452461,3.5904086,3.5452461,3.5904086,7196.2563
1992-07-06,ATO,3.5904086,3.5904086,3.5678275,3.5678275,18820.979
1992-07-07,ATO,3.5678275,3.5904086,3.5678275,3.5904086,2767.7908
1992-07-08,ATO,3.5678275,3.5904086,3.5452461,3.5904086,18267.42
1992-07-09,ATO,3.5678275,3.5904086,3.5678275,3.5678275,34320.605
1992-07-10,ATO,3.5904086,3.5904086,3.5904086,3.5904086,16606.744
1992-07-13,ATO,3.5904086,3.61299,3.5678275,3.5904086,44284.652
1992-07-14,ATO,3.5904086,3.635571,3.5452461,3.635571,23249.443
1992-07-15,ATO,3.61299,3.7033145,3.5904086,3.7033145,30445.7
1992-07-16,ATO,3.7033145,3.7258956,3.7033145,3.7258956,4982.0234
1992-07-17,ATO,3.6807334,3.7258956,3.658152,3.7258956,7749.8145
1992-07-20,ATO,3.6807334,3.7258956,3.658152,3.7033145,6642.6978
1992-07-21,ATO,3.7033145,3.7258956,3.6807334,3.7258956,8303.372
1992-07-22,ATO,3.7033145,3.7258956,3.6807334,3.7033145,6642.6978
1992-07-23,ATO,3.7033145,3.748477,3.7033145,3.7258956,4982.0234
1992-07-24,ATO,3.6807334,3.7258956,3.61299,3.61299,46498.887
1992-07-27,ATO,3.658152,3.658152,3.61299,3.635571,15499.629
1992-07-28,ATO,3.635571,3.6807334,3.61299,3.6807334,60891.4
1992-07-29,ATO,3.658152,3.6807334,3.658152,3.6807334,11071.163
1992-07-30,ATO,3.6807334,3.7033145,3.658152,3.6807334,17160.303
1992-07-31,ATO,3.658152,3.6807334,3.658152,3.6807334,18820.979
1992-08-03,ATO,3.658152,3.7033145,3.658152,3.6807334,14946.07
1992-08-04,ATO,3.658152,3.7033145,3.658152,3.6807334,24356.559
1992-08-05,ATO,3.7258956,3.7258956,3.7033145,3.7033145,7196.2563
1992-08-06,ATO,3.7258956,3.7258956,3.6807334,3.6807334,18267.42
1992-08-07,ATO,3.7258956,3.7258956,3.6807334,3.7258956,17160.303
1992-08-10,ATO,3.7258956,3.7258956,3.7033145,3.7033145,34874.164
1992-08-11,ATO,3.7258956,3.748477,3.7033145,3.748477,22142.326
1992-08-12,ATO,3.748477,3.748477,3.7258956,3.7258956,12178.279
1992-08-13,ATO,3.748477,3.748477,3.7258956,3.7258956,20481.652
1992-08-14,ATO,3.771058,3.883964,3.771058,3.8613827,76391.02
1992-08-17,ATO,3.8613827,3.9517076,3.8613827,3.9291265,24910.117
1992-08-18,ATO,3.883964,3.9517076,3.883964,3.9517076,18267.42
1992-08-19,ATO,3.9856083,4.0543256,3.9856083,3.9856083,87859.86
1992-08-20,ATO,4.008514,4.008514,3.9856083,4.008514,3310843.5
1992-08-21,ATO,4.008514,4.0314198,4.008514,4.008514,16917.117
1992-08-24,ATO,4.0314198,4.0314198,4.008514,4.008514,19645.684
1992-08-25,ATO,4.0314198,4.0314198,3.9627025,3.9627025,29468.525
1992-08-26,ATO,3.9856083,3.9856083,3.9397967,3.9627025,122239.81
1992-08-27,ATO,4.008514,4.008514,3.9627025,4.008514,15279.977
1992-08-28,ATO,4.008514,4.0314198,4.008514,4.0314198,73125.6
1992-08-31,ATO,4.0772314,4.1688547,4.0772314,4.1688547,26739.959
1992-09-01,ATO,4.145949,4.1688547,4.0772314,4.145949,35471.375
1992-09-02,ATO,4.145949,4.145949,4.123043,4.145949,13097.122
1992-09-03,ATO,4.145949,4.1688547,4.123043,4.123043,4365.7075
1992-09-04,ATO,4.145949,4.145949,4.123043,4.145949,12551.409
1992-09-08,ATO,4.145949,4.145949,4.145949,4.145949,3819.9941
1992-09-09,ATO,4.145949,4.1688547,4.145949,4.1688547,36562.8
1992-09-10,ATO,4.1917605,4.1917605,4.123043,4.123043,4365.7075
1992-09-11,ATO,4.1688547,4.1688547,4.100137,4.123043,19645.684
1992-09-14,ATO,4.0772314,4.1917605,4.0772314,4.145949,14734.263
1992-09-15,ATO,4.123043,4.1688547,4.123043,4.1688547,33834.234
1992-09-16,ATO,4.145949,4.1917605,4.0772314,4.0772314,34925.66
1992-09-17,ATO,4.0772314,4.0772314,4.0314198,4.0314198,37654.227
1992-09-18,ATO,4.0772314,4.145949,4.0772314,4.123043,15825.689
1992-09-21,ATO,4.123043,4.1688547,4.100137,4.100137,11459.982
1992-09-22,ATO,4.0543256,4.0543256,4.008514,4.0543256,57845.625
1992-09-23,ATO,4.0543256,4.0772314,4.0543256,4.0543256,3274.2805
1992-09-24,ATO,4.0314198,4.100137,4.0314198,4.0543256,9277.128
1992-09-25,ATO,4.100137,4.100137,4.0543256,4.100137,4365.7075
1992-09-28,ATO,4.100137,4.100137,4.0772314,4.0772314,7094.2744
1992-09-29,ATO,4.100137,4.100137,4.0314198,4.0772314,72034.17
1992-09-30,ATO,4.100137,4.100137,4.0314198,4.100137,29468.525
1992-10-01,ATO,4.100137,4.123043,4.0772314,4.0772314,6002.8477
1992-10-02,ATO,4.0772314,4.0772314,4.0772314,4.0772314,9822.842
1992-10-05,ATO,4.0314198,4.0314198,3.9856083,3.9856083,10914.269
1992-10-06,ATO,4.008514,4.008514,3.9856083,4.008514,6548.561
1992-10-07,ATO,3.9856083,4.0314198,3.9627025,4.0314198,7094.2744
1992-10-08,ATO,3.9856083,3.9856083,3.9856083,3.9856083,545.71344
1992-10-09,ATO,4.0314198,4.0543256,4.0314198,4.0543256,4911.421
1992-10-12,ATO,4.0314198,4.0314198,4.008514,4.0314198,2728.5671
1992-10-13,ATO,4.0772314,4.123043,4.0314198,4.0543256,31651.379
1992-10-14,ATO,4.100137,4.100137,4.0543256,4.0543256,6548.561
1992-10-15,ATO,4.100137,4.100137,4.0543256,4.100137,3274.2805
1992-10-16,ATO,4.0543256,4.100137,4.0314198,4.100137,9277.128
1992-10-19,ATO,4.100137,4.145949,4.0772314,4.0772314,18554.256
1992-10-20,ATO,4.123043,4.1917605,4.123043,4.1917605,31651.379
1992-10-21,ATO,4.2146664,4.237572,4.123043,4.1688547,57845.625
1992-10-22,ATO,4.123043,4.123043,4.0772314,4.0772314,3274.2805
1992-10-23,ATO,4.100137,4.100137,4.0772314,4.0772314,3819.9941
1992-10-26,ATO,4.123043,4.123043,4.0772314,4.100137,30014.238
1992-10-27,ATO,4.100137,4.100137,4.0772314,4.0772314,14188.549
1992-10-28,ATO,4.100137,4.100137,4.100137,4.100137,16917.117
1992-10-29,ATO,4.100137,4.100137,4.0772314,4.0772314,2728.5671
1992-10-30,ATO,4.100137,4.100137,4.0772314,4.0772314,12551.409
1992-11-02,ATO,4.100137,4.123043,4.100137,4.123043,83494.16
1992-11-03,ATO,4.0772314,4.145949,4.0772314,4.123043,20737.111
1992-11-04,ATO,4.123043,4.1688547,4.100137,4.1688547,63848.473
1992-11-05,ATO,4.145949,4.352101,4.145949,4.352101,43657.074
1992-11-06,ATO,4.329195,4.329195,4.260478,4.283384,22374.25
1992-11-09,ATO,4.260478,4.260478,4.2146664,4.2146664,64394.184
1992-11-10,ATO,4.2146664,4.260478,4.1917605,4.2146664,15825.689
1992-11-11,ATO,4.2146664,4.260478,4.2146664,4.237572,25102.818
1992-11-12,ATO,4.237572,4.260478,4.237572,4.260478,32197.092
1992-11-13,ATO,4.2146664,4.260478,4.2146664,4.260478,12005.695
1992-11-16,ATO,4.260478,4.260478,4.1688547,4.1688547,26194.244
1992-11-17,ATO,4.1688547,4.2146664,4.1688547,4.2146664,11459.982
1992-11-18,ATO,4.237572,4.260478,4.237572,4.260478,32197.092
1992-11-19,ATO,4.2502584,4.2502584,4.227033,4.2502584,20989.9
1992-11-20,ATO,4.273484,4.273484,4.227033,4.2502584,4305.6206
1992-11-23,ATO,4.227033,4.2502584,4.227033,4.2502584,6458.4307
1992-11-24,ATO,4.227033,4.273484,4.180582,4.2502584,13455.063
1992-11-25,ATO,4.2502584,4.366386,4.2502584,4.366386,44670.812
1992-11-27,ATO,4.366386,4.366386,4.319935,4.319935,25295.52
1992-11-30,ATO,4.2967095,4.366386,4.2967095,4.319935,20451.697
1992-12-01,ATO,4.2967095,4.34316,4.2967095,4.34316,2691.0127
1992-12-02,ATO,4.2967095,4.319935,4.227033,4.2502584,25833.723
1992-12-03,ATO,4.227033,4.273484,4.227033,4.273484,46823.62
1992-12-04,ATO,4.273484,4.273484,4.2502584,4.2502584,37135.977
1992-12-07,ATO,4.227033,4.227033,4.1573567,4.1573567,28524.736
1992-12-08,ATO,4.1341314,4.1341314,3.7857494,4.0412292,147467.5
1992-12-09,ATO,4.0876803,4.1573567,4.0876803,4.1573567,86112.41
1992-12-10,ATO,4.180582,4.227033,4.180582,4.203808,40365.19
1992-12-11,ATO,4.227033,4.227033,4.1573567,4.203808,23142.709
1992-12-14,ATO,4.203808,4.203808,4.1109056,4.1573567,20451.697
1992-12-15,ATO,4.180582,4.203808,4.1573567,4.180582,304622.66
1992-12-16,ATO,4.203808,4.227033,4.180582,4.227033,5920.228
1992-12-17,ATO,4.203808,4.2502584,4.203808,4.227033,74271.95
1992-12-18,ATO,4.227033,4.319935,4.227033,4.319935,41979.8
1992-12-21,ATO,4.34316,4.4128366,4.34316,4.3896112,28524.736
1992-12-22,ATO,4.3896112,4.4360623,4.3896112,4.4128366,10764.051
1992-12-23,ATO,4.4360623,4.4360623,4.366386,4.3896112,18837.09
1992-12-24,ATO,4.4128366,4.4128366,4.319935,4.319935,66198.914
1992-12-28,ATO,4.366386,4.366386,4.34316,4.34316,18298.887
1992-12-29,ATO,4.34316,4.366386,4.319935,4.34316,19913.494
1992-12-30,ATO,4.319935,4.34316,4.2967095,4.34316,15069.672
1992-12-31,ATO,4.319935,4.366386,4.319935,4.366386,14531.469
1993-01-04,ATO,4.366386,4.3896112,4.319935,4.366386,12916.861
1993-01-05,ATO,4.3896112,4.3896112,4.319935,4.319935,23142.709
1993-01-06,ATO,4.2967095,4.34316,4.2967095,4.34316,19913.494
1993-01-07,ATO,4.34316,4.34316,4.273484,4.273484,12378.659
1993-01-08,ATO,4.273484,4.2967095,4.227033,4.2502584,13455.063
1993-01-11,ATO,4.2502584,4.319935,4.2502584,4.2967095,10764.051
1993-01-12,ATO,4.2967095,4.366386,4.273484,4.366386,34444.965
1993-01-13,ATO,4.366386,4.366386,4.319935,4.366386,22066.305
1993-01-14,ATO,4.34316,4.366386,4.319935,4.366386,4305.6206
1993-01-15,ATO,4.34316,4.366386,4.319935,4.34316,14531.469
1993-01-18,ATO,4.34316,4.34316,4.319935,4.319935,20989.9
1993-01-19,ATO,4.319935,4.366386,4.319935,4.34316,31753.951
1993-01-20,ATO,4.34316,4.34316,4.319935,4.34316,18837.09
1993-01-21,ATO,4.34316,4.366386,4.319935,4.366386,20451.697
1993-01-22,ATO,4.3896112,4.3896112,4.34316,4.366386,5382.0254
1993-01-25,ATO,4.34316,4.34316,4.2502584,4.319935,23680.912
1993-01-26,ATO,4.2967095,4.34316,4.2967095,4.34316,19375.291
1993-01-27,ATO,4.34316,4.366386,4.2502584,4.2967095,54896.66
1993-01-28,ATO,4.2502584,4.273484,4.2502584,4.273484,22604.508
1993-01-29,ATO,4.273484,4.34316,4.273484,4.34316,16146.076
1993-02-01,ATO,4.34316,4.34316,4.273484,4.319935,8073.038
1993-02-02,ATO,4.2967095,4.319935,4.2967095,4.2967095,8073.038
1993-02-03,ATO,4.34316,4.4128366,4.319935,4.366386,21528.102
1993-02-04,ATO,4.4360623,4.482513,4.4360623,4.482513,16146.076
1993-02-05,ATO,4.5057387,4.5057387,4.4360623,4.4360623,33906.76
1993-02-08,ATO,4.4128366,4.4592876,4.4128366,4.4128366,8073.038
1993-02-09,ATO,4.3896112,4.4592876,4.366386,4.4592876,19375.291
1993-02-10,ATO,4.5057387,4.5057387,4.5057387,4.5057387,54358.457
1993-02-11,ATO,4.5521894,4.5521894,4.482513,4.5521894,8611.241
1993-02-12,ATO,4.482513,4.575415,4.482513,4.5521894,25833.723
1993-02-16,ATO,4.528964,4.575415,4.4592876,4.575415,23142.709
1993-02-17,ATO,4.5521894,4.5521894,4.5057387,4.5521894,31215.748
1993-02-18,ATO,4.5521894,4.575415,4.5057387,4.575415,13455.063
1993-02-19,ATO,4.6121235,4.7768426,4.6121235,4.753311,105179.31
1993-02-22,ATO,4.753311,4.823905,4.6591864,4.8003736,105710.52
1993-02-23,ATO,4.7768426,4.8709674,4.753311,4.8003736,40903.066
1993-02-24,ATO,4.753311,4.847436,4.7062488,4.7297797,77025.26
1993-02-25,ATO,4.7297797,4.7297797,4.6827173,4.7297797,55776.91
1993-02-26,ATO,4.7062488,4.753311,4.6591864,4.7297797,30278.893
1993-03-01,ATO,4.6827173,4.753311,4.635655,4.635655,33466.145
1993-03-02,ATO,4.7297797,4.753311,4.7062488,4.7297797,37184.605
1993-03-03,ATO,4.7297797,4.7297797,4.54153,4.7297797,50996.03
1993-03-04,ATO,4.7062488,4.753311,4.6827173,4.7297797,63213.83
1993-03-05,ATO,4.7297797,4.753311,4.7297797,4.7297797,16998.678
1993-03-08,ATO,4.7297797,4.8003736,4.7297797,4.8003736,23904.389
1993-03-09,ATO,4.8003736,4.8003736,4.753311,4.753311,18592.303
1993-03-10,ATO,4.7297797,4.7768426,4.7297797,4.753311,29216.477
1993-03-11,ATO,4.8003736,4.941561,4.753311,4.894499,131208.53
1993-03-12,ATO,4.847436,4.91803,4.847436,4.894499,23373.182
1993-03-15,ATO,4.965092,4.9886236,4.894499,4.941561,24966.807
1993-03-16,ATO,4.965092,4.965092,4.91803,4.941561,29747.684
1993-03-17,ATO,4.965092,4.965092,4.894499,4.894499,9030.547
1993-03-18,ATO,4.847436,4.9886236,4.847436,4.9886236,34528.562
1993-03-19,ATO,4.9886236,4.9886236,4.941561,4.941561,17529.885
1993-03-22,ATO,4.9886236,4.9886236,4.941561,4.941561,11686.591
1993-03-23,ATO,4.91803,4.965092,4.91803,4.965092,25498.016
1993-03-24,ATO,5.0121546,5.0121546,4.965092,4.9886236,36653.4
1993-03-25,ATO,4.965092,5.035686,4.965092,4.9886236,12217.799
1993-03-26,ATO,5.0121546,5.035686,5.0121546,5.0121546,4780.878
1993-03-29,ATO,5.0121546,5.0121546,4.965092,5.0121546,9561.756
1993-03-30,ATO,4.965092,5.0121546,4.8003736,4.8003736,65338.664
1993-03-31,ATO,4.847436,4.847436,4.6591864,4.6827173,60557.785
1993-04-01,ATO,4.7062488,4.7768426,4.7062488,4.7768426,30278.893
1993-04-02,ATO,4.7297797,4.8003736,4.5885925,4.7768426,108366.56
1993-04-05,ATO,4.7297797,4.8003736,4.7297797,4.7297797,22841.973
1993-04-06,ATO,4.7768426,4.823905,4.7297797,4.8003736,24435.598
1993-04-07,ATO,4.823905,4.823905,4.753311,4.823905,18061.094
1993-04-08,ATO,4.8003736,4.8003736,4.7297797,4.7768426,31872.52
1993-04-12,ATO,4.8003736,4.894499,4.753311,4.847436,28154.059
1993-04-13,ATO,4.8003736,5.035686,4.8003736,5.035686,58432.953
1993-04-14,ATO,5.0121546,5.0827484,5.0121546,5.0827484,34528.562
1993-04-15,ATO,5.0592175,5.0827484,5.035686,5.0827484,7436.921
1993-04-16,ATO,5.035686,5.0827484,5.0121546,5.0827484,52058.45
1993-04-19,ATO,5.035686,5.0592175,4.823905,4.8709674,56308.117
1993-04-20,ATO,4.823905,4.941561,4.7768426,4.894499,63745.04
1993-04-21,ATO,4.894499,4.9886236,4.894499,4.91803,40371.86
1993-04-22,ATO,4.8709674,4.91803,4.823905,4.823905,19654.72
1993-04-23,ATO,4.823905,4.965092,4.823905,4.894499,19654.72
1993-04-26,ATO,4.894499,4.965092,4.894499,4.91803,20717.137
1993-04-27,ATO,4.941561,4.965092,4.894499,4.965092,49402.406
1993-04-28,ATO,4.91803,5.035686,4.91803,5.0121546,38778.23
1993-04-29,ATO,5.0592175,5.0592175,5.0121546,5.0121546,48339.99
1993-04-30,ATO,5.0592175,5.0827484,5.035686,5.0827484,5843.2954
1993-05-03,ATO,5.0827484,5.1768737,5.0592175,5.0827484,60026.58
1993-05-04,ATO,5.035686,5.0827484,5.0121546,5.0121546,30278.893
1993-05-05,ATO,5.035686,5.1533422,5.035686,5.10628,58432.953
1993-05-06,ATO,5.0827484,5.223936,5.0827484,5.2004046,47808.777
1993-05-07,ATO,5.1768737,5.223936,5.1533422,5.1768737,15936.26
1993-05-10,ATO,5.247467,5.3415923,5.223936,5.29453,50464.82
1993-05-11,ATO,5.318061,5.4592485,5.29453,5.412186,40371.86
1993-05-12,ATO,5.3886547,5.4592485,5.29453,5.3415923,63745.04
1993-05-13,ATO,5.3415923,5.3415923,5.1768737,5.2004046,39309.44
1993-05-14,ATO,5.247467,5.29453,5.223936,5.247467,21248.346
1993-05-17,ATO,5.2709985,5.318061,5.2004046,5.2709985,20185.93
1993-05-18,ATO,5.223936,5.4592485,5.223936,5.3651233,18061.094
1993-05-19,ATO,5.4022493,5.4736447,5.3546524,5.378451,37292.336
1993-05-20,ATO,5.426048,5.4736447,5.283257,5.330854,37817.582
1993-05-21,ATO,5.378451,5.5688386,5.378451,5.5212417,37292.336
1993-05-24,ATO,5.5212417,5.5212417,5.378451,5.4022493,65130.28
1993-05-25,ATO,5.4022493,5.426048,5.3546524,5.378451,14706.837
1993-05-26,ATO,5.3546524,5.378451,5.283257,5.330854,16807.814
1993-05-27,ATO,5.330854,5.378451,5.330854,5.3546524,31514.652
1993-05-28,ATO,5.3546524,5.3546524,5.330854,5.330854,6828.1743
1993-06-01,ATO,5.330854,5.330854,5.330854,5.330854,16807.814
1993-06-02,ATO,5.283257,5.378451,5.283257,5.378451,9454.3955
1993-06-03,ATO,5.378451,5.5212417,5.378451,5.497443,50948.688
1993-06-04,ATO,5.497443,5.5688386,5.426048,5.426048,28888.43
1993-06-07,ATO,5.4498463,5.4498463,5.330854,5.4022493,16807.814
1993-06-08,ATO,5.426048,5.4736447,5.330854,5.4498463,79837.12
1993-06-09,ATO,5.4498463,5.54504,5.3546524,5.3546524,230582.2
1993-06-10,ATO,5.426048,5.426048,5.283257,5.3070555,26262.209
1993-06-11,ATO,5.330854,5.426048,5.330854,5.378451,47271.977
1993-06-14,ATO,5.330854,5.5688386,5.283257,5.5688386,34140.87
1993-06-15,ATO,5.616435,5.6402335,5.5212417,5.5688386,22585.5
1993-06-16,ATO,5.5212417,5.5212417,5.4736447,5.4736447,23110.744
1993-06-17,ATO,5.426048,5.4736447,5.3546524,5.4022493,78261.38
1993-06-18,ATO,5.426048,5.5926366,5.378451,5.4498463,123432.38
1993-06-21,ATO,5.4736447,5.4736447,5.426048,5.4736447,71958.45
1993-06-22,ATO,5.426048,5.497443,5.426048,5.4736447,64605.035
1993-06-23,ATO,5.4736447,5.4736447,5.378451,5.378451,25736.965
1993-06-24,ATO,5.426048,5.426048,5.378451,5.4022493,81938.09
1993-06-25,ATO,5.426048,5.4498463,5.4022493,5.4022493,20484.523
1993-06-28,ATO,5.3546524,5.4022493,5.330854,5.4022493,55150.64
1993-06-29,ATO,5.4022493,5.4022493,5.4022493,5.4022493,51999.176
1993-06-30,ATO,5.4498463,5.4498463,5.330854,5.3546524,105574.086
1993-07-01,ATO,5.3546524,5.4022493,5.3546524,5.378451,155472.28
1993-07-02,ATO,5.426048,5.426048,5.378451,5.426048,28888.43
1993-07-06,ATO,5.426048,5.426048,5.3546524,5.4022493,203269.5
1993-07-07,ATO,5.4022493,5.4022493,5.330854,5.4022493,202744.25
1993-07-08,ATO,5.378451,5.426048,5.3546524,5.4022493,108725.55
1993-07-09,ATO,5.4022493,5.4022493,5.3546524,5.4022493,85614.805
1993-07-12,ATO,5.3546524,5.426048,5.3546524,5.426048,44120.51
1993-07-13,ATO,5.426048,5.4498463,5.378451,5.378451,152320.81
1993-07-14,ATO,5.4022493,5.4498463,5.4022493,5.4022493,91392.49
1993-07-15,ATO,5.426048,5.426048,5.426048,5.426048,32565.14
1993-07-16,ATO,5.426048,5.426048,5.378451,5.4022493,65130.28
1993-07-19,ATO,5.4022493,5.4022493,5.378451,5.4022493,37817.582
1993-07-20,ATO,5.4022493,5.426048,5.378451,5.378451,19959.28
1993-07-21,ATO,5.4022493,5.426048,5.378451,5.4022493,254743.44
1993-07-22,ATO,5.426048,5.426048,5.378451,5.426048,16282.57
1993-07-23,ATO,5.4498463,5.4498463,5.426048,5.4498463,65130.28
1993-07-26,ATO,5.4498463,5.4736447,5.426048,5.4736447,95069.195
1993-07-27,ATO,5.4736447,5.5926366,5.4736447,5.5688386,128159.586
1993-07-28,ATO,5.6402335,5.6402335,5.616435,5.6402335,79837.12
1993-07-29,ATO,5.6402335,5.6402335,5.6402335,5.6402335,85614.805
1993-07-30,ATO,5.616435,5.6402335,5.616435,5.6402335,32565.14
1993-08-02,ATO,5.6402335,5.6402335,5.616435,5.616435,35716.605
1993-08-03,ATO,5.6402335,5.6402335,5.5212417,5.5688386,59877.836
1993-08-04,ATO,5.5688386,5.5926366,5.5212417,5.54504,144967.39
1993-08-05,ATO,5.497443,5.5688386,5.497443,5.5688386,14181.593
1993-08-06,ATO,5.616435,5.616435,5.5926366,5.616435,18383.547
1993-08-09,ATO,5.616435,5.616435,5.5688386,5.5926366,33090.383
1993-08-10,ATO,5.6402335,5.6402335,5.5926366,5.6402335,19434.035
1993-08-11,ATO,5.6402335,5.6878304,5.616435,5.6878304,339833
1993-08-12,ATO,5.6878304,5.711629,5.6878304,5.711629,143916.9
1993-08-13,ATO,5.711629,5.759226,5.6878304,5.759226,57776.86
1993-08-16,ATO,5.806823,5.9020166,5.806823,5.878218,51473.93
1993-08-17,ATO,5.878218,5.9020166,5.8306212,5.8544197,269450.28
1993-08-18,ATO,5.8544197,5.878218,5.8544197,5.878218,30989.408
1993-08-19,ATO,5.867637,5.93978,5.867637,5.867637,30668.223
1993-08-20,ATO,5.9157324,5.93978,5.867637,5.891685,73291.85
1993-08-23,ATO,5.9157324,5.963828,5.891685,5.891685,153341.11
1993-08-24,ATO,5.9157324,5.9157324,5.771446,5.771446,256781.39
1993-08-25,ATO,5.819542,5.819542,5.747399,5.795494,132549.1
1993-08-26,ATO,5.795494,5.795494,5.771446,5.771446,35346.426
1993-08-27,ATO,5.795494,5.795494,5.771446,5.771446,30148.422
1993-08-30,ATO,5.771446,5.819542,5.771446,5.819542,86286.86
1993-08-31,ATO,5.819542,5.8435893,5.795494,5.8435893,183489.53
1993-09-01,ATO,5.795494,5.819542,5.771446,5.819542,104999.68
1993-09-02,ATO,5.8435893,5.8435893,5.771446,5.8435893,300444.62
1993-09-03,ATO,5.8435893,5.8435893,5.819542,5.819542,33267.223
1993-09-07,ATO,5.867637,5.867637,5.819542,5.8435893,31707.822
1993-09-08,ATO,5.795494,5.819542,5.771446,5.771446,123192.69
1993-09-09,ATO,5.771446,5.771446,5.771446,5.771446,24950.418
1993-09-10,ATO,5.771446,5.819542,5.747399,5.771446,261459.6
1993-09-13,ATO,5.771446,5.795494,5.771446,5.795494,31707.822
1993-09-14,ATO,5.795494,5.819542,5.747399,5.747399,112796.68
1993-09-15,ATO,5.795494,5.819542,5.771446,5.795494,11955.408
1993-09-16,ATO,5.795494,5.8435893,5.795494,5.819542,9356.407
1993-09-17,ATO,5.819542,5.819542,5.771446,5.795494,49381.035
1993-09-20,ATO,5.819542,5.819542,5.771446,5.771446,11435.608
1993-09-21,ATO,5.771446,5.771446,5.747399,5.771446,44183.03
1993-09-22,ATO,5.771446,5.819542,5.771446,5.819542,36386.027
1993-09-23,ATO,5.795494,5.795494,5.747399,5.747399,27549.42
1993-09-24,ATO,5.771446,5.795494,5.747399,5.795494,18193.014
1993-09-27,ATO,5.795494,5.819542,5.699303,5.819542,74851.26
1993-09-28,ATO,5.819542,5.8435893,5.795494,5.8435893,84727.46
1993-09-29,ATO,5.8435893,5.867637,5.819542,5.867637,31188.023
1993-09-30,ATO,5.867637,5.867637,5.819542,5.867637,17673.213
1993-10-01,ATO,5.867637,5.9157324,5.8435893,5.867637,56658.242
1993-10-04,ATO,5.867637,5.867637,5.771446,5.819542,198043.94
1993-10-05,ATO,5.819542,5.8435893,5.771446,5.795494,32747.424
1993-10-06,ATO,5.8435893,5.8435893,5.795494,5.819542,40024.63
1993-10-07,ATO,5.771446,5.819542,5.771446,5.819542,11955.408
1993-10-08,ATO,5.819542,5.867637,5.819542,5.819542,22351.416
1993-10-11,ATO,5.819542,5.867637,5.771446,5.867637,9876.207
1993-10-12,ATO,5.9157324,5.963828,5.891685,5.891685,24430.617
1993-10-13,ATO,5.867637,5.93978,5.867637,5.93978,30668.223
1993-10-14,ATO,5.93978,5.963828,5.891685,5.9157324,60296.844
1993-10-15,ATO,5.963828,5.963828,5.9157324,5.93978,18193.014
1993-10-18,ATO,5.93978,5.963828,5.8435893,5.867637,38985.027
1993-10-19,ATO,5.9157324,5.9157324,5.771446,5.771446,34306.824
1993-10-20,ATO,5.771446,5.819542,5.771446,5.795494,16633.611
1993-10-21,ATO,5.8435893,5.867637,5.795494,5.867637,18193.014
1993-10-22,ATO,5.819542,5.9157324,5.819542,5.9157324,35866.227
1993-10-25,ATO,5.9157324,5.93978,5.9157324,5.93978,12995.01
1993-10-26,ATO,5.93978,5.963828,5.9157324,5.93978,26509.818
1993-10-27,ATO,5.963828,5.9878755,5.93978,5.9878755,69653.25
1993-10-28,ATO,5.9878755,5.9878755,5.963828,5.9878755,8836.606
1993-10-29,ATO,5.9878755,5.9878755,5.963828,5.9878755,24950.418
1993-11-01,ATO,5.9878755,5.9878755,5.963828,5.9878755,12475.209
1993-11-02,ATO,5.9878755,6.035971,5.963828,6.035971,88366.06
1993-11-03,ATO,6.0600185,6.0840664,6.035971,6.035971,30148.422
1993-11-04,ATO,6.0600185,6.1081142,6.035971,6.035971,17673.213
1993-11-05,ATO,6.0840664,6.0840664,5.963828,6.035971,34306.824
1993-11-08,ATO,6.0119233,6.0840664,5.963828,5.9878755,30148.422
1993-11-09,ATO,5.9878755,5.9878755,5.963828,5.9878755,18193.014
1993-11-10,ATO,5.9878755,5.9878755,5.867637,5.867637,60296.844
1993-11-11,ATO,5.867637,5.867637,5.747399,5.795494,41064.23
1993-11-12,ATO,5.795494,5.795494,5.62716,5.675256,51980.04
1993-11-15,ATO,5.675256,5.747399,5.62716,5.62716,32747.424
1993-11-16,ATO,5.62716,5.62716,5.4347787,5.4347787,32227.623
1993-11-17,ATO,5.3866835,5.410731,5.3385878,5.3626356,134108.5
1993-11-18,ATO,5.305203,5.3782105,5.280867,5.329539,81156.18
1993-11-19,ATO,5.3782105,5.4025464,5.329539,5.3538747,24141.395
1993-11-22,ATO,5.329539,5.329539,5.329539,5.329539,7191.0537
1993-11-23,ATO,5.3538747,5.3538747,5.20786,5.20786,27223.273
1993-11-24,ATO,5.2565317,5.280867,5.232196,5.280867,17463.986
1993-11-26,ATO,5.305203,5.329539,5.305203,5.305203,13354.813
1993-11-29,ATO,5.305203,5.305203,5.183524,5.280867,54446.547
1993-11-30,ATO,5.329539,5.329539,5.20786,5.329539,62151.25
1993-12-01,ATO,5.329539,5.3538747,5.2565317,5.3538747,32359.74
1993-12-02,ATO,5.3538747,5.3538747,5.305203,5.3538747,6163.7603
1993-12-03,ATO,5.3538747,5.3538747,5.305203,5.305203,23114.102
1993-12-06,ATO,5.305203,5.329539,5.280867,5.305203,23627.748
1993-12-07,ATO,5.280867,5.329539,5.2565317,5.280867,18491.281
1993-12-08,ATO,5.329539,5.329539,5.2565317,5.2565317,24141.395
1993-12-09,ATO,5.2565317,5.2565317,5.2565317,5.2565317,19004.928
1993-12-10,ATO,5.280867,5.280867,5.183524,5.2565317,54960.195
1993-12-13,ATO,5.2565317,5.305203,5.232196,5.2565317,66774.07
1993-12-14,ATO,5.232196,5.2565317,5.232196,5.232196,9759.287
1993-12-15,ATO,5.2565317,5.2565317,5.183524,5.232196,25168.688
1993-12-16,ATO,5.232196,5.232196,5.183524,5.232196,23627.748
1993-12-17,ATO,5.232196,5.232196,5.183524,5.183524,40064.44
1993-12-20,ATO,5.20786,5.20786,5.0618453,5.086181,58042.074
1993-12-21,ATO,5.0618453,5.1591883,4.9888377,5.0131736,295346.84
1993-12-22,ATO,5.0131736,5.0131736,4.8914948,4.940166,57014.78
1993-12-23,ATO,4.9888377,5.1105165,4.9888377,5.1105165,25168.688
1993-12-27,ATO,5.0618453,5.183524,5.0375094,5.183524,26709.627
1993-12-28,ATO,5.1348524,5.280867,5.1348524,5.2565317,62151.25
1993-12-29,ATO,5.3538747,5.3782105,5.305203,5.3538747,40064.44
1993-12-30,ATO,5.4025464,5.4025464,5.305203,5.4025464,26709.627
1993-12-31,ATO,5.4025464,5.4025464,5.305203,5.3782105,44687.26
1994-01-03,ATO,5.3782105,5.4998894,5.3782105,5.4998894,27223.273
1994-01-04,ATO,5.548561,5.7432475,5.4998894,5.524225,170017.05
1994-01-05,ATO,5.4512177,5.4998894,5.4025464,5.4755535,34414.33
1994-01-06,ATO,5.4998894,5.524225,5.4025464,5.4755535,52905.61
1994-01-07,ATO,5.4268823,5.4998894,5.3782105,5.4998894,112488.625
1994-01-10,ATO,5.548561,5.597233,5.4025464,5.4512177,85265.35
1994-01-11,ATO,5.4025464,5.4268823,5.329539,5.4268823,30818.8
1994-01-12,ATO,5.4755535,5.4998894,5.3782105,5.4512177,59583.016
1994-01-13,ATO,5.4025464,5.4025464,5.2565317,5.3538747,28764.215
1994-01-14,ATO,5.4025464,5.4512177,5.3538747,5.4025464,6677.4067
1994-01-17,ATO,5.4268823,5.4512177,5.4025464,5.4268823,44173.613
1994-01-18,ATO,5.4512177,5.548561,5.4268823,5.548561,16950.34
1994-01-19,ATO,5.548561,5.548561,5.4025464,5.4512177,44687.26
1994-01-20,ATO,5.4755535,5.4755535,5.305203,5.329539,30818.8
1994-01-21,ATO,5.329539,5.3538747,5.329539,5.3538747,33387.035
1994-01-24,ATO,5.3538747,5.3538747,5.305203,5.329539,11300.228
1994-01-25,ATO,5.329539,5.3538747,5.305203,5.305203,43146.32
1994-01-26,ATO,5.305203,5.548561,5.305203,5.548561,24141.395
1994-01-27,ATO,5.6215687,5.67024,5.6215687,5.645904,73451.48
1994-01-28,ATO,5.694576,5.694576,5.645904,5.694576,30818.8
1994-01-31,ATO,5.7432475,5.7432475,5.6215687,5.694576,21573.16
1994-02-01,ATO,5.7432475,5.7432475,5.645904,5.694576,16436.693
1994-02-02,ATO,5.645904,5.67024,5.548561,5.548561,18491.281
1994-02-03,ATO,5.597233,5.597233,5.4998894,5.4998894,7191.0537
1994-02-04,ATO,5.524225,5.524225,5.3782105,5.4025464,25682.334
1994-02-07,ATO,5.3538747,5.3538747,5.20786,5.232196,39037.15
1994-02-08,ATO,5.280867,5.280867,5.20786,5.20786,17463.986
1994-02-09,ATO,5.20786,5.2565317,5.20786,5.2565317,58042.074
1994-02-10,ATO,5.2565317,5.305203,5.183524,5.2565317,159230.47
1994-02-11,ATO,5.305203,5.4998894,5.305203,5.4755535,85265.35
1994-02-14,ATO,5.4998894,5.548561,5.4755535,5.548561,72937.83
1994-02-15,ATO,5.597233,5.67024,5.597233,5.645904,23114.102
1994-02-16,ATO,5.645904,5.645904,5.597233,5.645904,40064.44
1994-02-17,ATO,5.67024,5.791919,5.67024,5.7189116,26709.627
1994-02-18,ATO,5.759276,5.808501,5.734664,5.759276,55866.4
1994-02-22,ATO,5.759276,5.759276,5.6608267,5.6608267,25393.816
1994-02-23,ATO,5.685439,5.7838883,5.6608267,5.7838883,22854.436
1994-02-24,ATO,5.7838883,5.808501,5.759276,5.759276,10157.526
1994-02-25,ATO,5.7838883,5.7838883,5.734664,5.759276,18283.549
1994-02-28,ATO,5.759276,5.808501,5.685439,5.808501,75673.57
1994-03-01,ATO,5.759276,5.808501,5.7100515,5.808501,36059.22
1994-03-02,ATO,5.808501,5.808501,5.7100515,5.734664,13712.661
1994-03-03,ATO,5.759276,5.7838883,5.7100515,5.7100515,36059.22
1994-03-04,ATO,5.759276,5.8823376,5.759276,5.8331127,37582.848
1994-03-07,ATO,5.7838883,5.8823376,5.7838883,5.7838883,48756.13
1994-03-08,ATO,5.808501,5.857725,5.734664,5.734664,40630.105
1994-03-09,ATO,5.7100515,5.7100515,5.6608267,5.685439,10157.526
1994-03-10,ATO,5.6608267,5.857725,5.6362147,5.8331127,39614.355
1994-03-11,ATO,5.808501,5.8823376,5.808501,5.8823376,42661.613
1994-03-14,ATO,5.857725,5.931562,5.857725,5.90695,77705.08
1994-03-15,ATO,5.90695,5.90695,5.8823376,5.90695,48756.13
1994-03-16,ATO,5.8823376,5.90695,5.8331127,5.8331127,24885.94
1994-03-17,ATO,5.8823376,5.8823376,5.808501,5.808501,75165.695
1994-03-18,ATO,5.8331127,5.8331127,5.734664,5.8331127,21838.682
1994-03-21,ATO,5.759276,5.7838883,5.7100515,5.7100515,25393.816
1994-03-22,ATO,5.7100515,5.734664,5.7100515,5.734664,7618.145
1994-03-23,ATO,5.685439,5.685439,5.58699,5.6362147,15236.29
1994-03-24,ATO,5.58699,5.6362147,5.562378,5.6362147,29964.703
1994-03-25,ATO,5.58699,5.6116023,5.58699,5.58699,10157.526
1994-03-28,ATO,5.6362147,5.7100515,5.6116023,5.7100515,33519.84
1994-03-29,ATO,5.685439,5.759276,5.6362147,5.6608267,27425.322
1994-03-30,ATO,5.6116023,5.6116023,5.4639287,5.4885406,25901.693
1994-03-31,ATO,5.4639287,5.4639287,5.2670302,5.2670302,27933.2
1994-04-04,ATO,5.242418,5.2670302,5.1193566,5.217806,57390.027
1994-04-05,ATO,5.217806,5.2916427,5.1931934,5.2916427,15236.29
1994-04-06,ATO,5.242418,5.3162546,5.242418,5.242418,21838.682
1994-04-07,ATO,5.242418,5.242418,5.217806,5.217806,15744.166
1994-04-08,ATO,5.217806,5.217806,5.168581,5.168581,16252.043
1994-04-11,ATO,5.168581,5.168581,5.1193566,5.1439686,71102.69
1994-04-12,ATO,5.1439686,5.168581,5.1193566,5.1439686,17267.795
1994-04-13,ATO,5.1439686,5.1439686,5.070132,5.1193566,49264.004
1994-04-14,ATO,5.1439686,5.1439686,5.1193566,5.1193566,7618.145
1994-04-15,ATO,5.168581,5.217806,5.168581,5.217806,22854.436
1994-04-18,ATO,5.2670302,5.390092,5.217806,5.390092,16252.043
1994-04-19,ATO,5.340867,5.340867,5.340867,5.340867,6094.516
1994-04-20,ATO,5.3162546,5.3654795,5.3162546,5.3654795,6094.516
1994-04-21,ATO,5.414704,5.4393163,5.3654795,5.414704,72118.44
1994-04-22,ATO,5.4639287,5.562378,5.4639287,5.562378,77705.08
1994-04-25,ATO,5.562378,5.562378,5.513153,5.5377655,123413.945
1994-04-26,ATO,5.4885406,5.6608267,5.4885406,5.6116023,36059.22
1994-04-28,ATO,5.6608267,5.7100515,5.6362147,5.685439,11681.155
1994-04-29,ATO,5.685439,5.685439,5.6362147,5.6608267,8633.897
1994-05-02,ATO,5.6608267,5.90695,5.6608267,5.90695,62468.79
1994-05-03,ATO,5.931562,5.980787,5.8823376,5.8823376,51295.508
1994-05-04,ATO,5.90695,5.90695,5.857725,5.90695,19807.178
1994-05-05,ATO,5.90695,5.90695,5.808501,5.808501,29964.703
1994-05-06,ATO,5.759276,5.808501,5.734664,5.808501,79228.71
1994-05-09,ATO,5.808501,5.808501,5.759276,5.759276,9141.774
1994-05-10,ATO,5.7838883,5.8823376,5.759276,5.808501,99035.88
1994-05-11,ATO,5.808501,5.808501,5.6362147,5.6608267,92941.37
1994-05-12,ATO,5.6116023,5.6608267,5.6116023,5.6362147,12189.032
1994-05-13,ATO,5.6116023,5.685439,5.6116023,5.6116023,37582.848
1994-05-16,ATO,5.58699,5.58699,5.562378,5.58699,12189.032
1994-05-17,ATO,5.6116023,5.685439,5.5746837,5.5746837,33519.84
1994-05-18,ATO,5.5746837,5.6116023,5.5377655,5.5746837,23700.896
1994-05-19,ATO,5.5657187,5.6404266,5.491011,5.491011,17401.166
1994-05-20,ATO,5.491011,5.491011,5.453657,5.491011,24428.56
1994-05-23,ATO,5.491011,5.528365,5.453657,5.491011,53542.05
1994-05-24,ATO,5.491011,5.491011,5.453657,5.453657,61907.996
1994-05-25,ATO,5.491011,5.491011,5.3789496,5.453657,25097.836
1994-05-26,ATO,5.3789496,5.453657,5.3789496,5.4163036,44841.47
1994-05-27,ATO,5.491011,5.528365,5.4163036,5.491011,14389.426
1994-05-31,ATO,5.5657187,5.6404266,5.528365,5.528365,52538.137
1994-06-01,ATO,5.491011,5.6030726,5.491011,5.528365,20078.27
1994-06-02,ATO,5.5657187,5.6404266,5.528365,5.6404266,29448.129
1994-06-03,ATO,5.67778,5.67778,5.6030726,5.6030726,90017.57
1994-06-06,ATO,5.6404266,5.7524877,5.6404266,5.7524877,39152.625
1994-06-07,ATO,5.715134,5.7524877,5.715134,5.715134,9035.221
1994-06-08,ATO,5.715134,5.901903,5.715134,5.7524877,101729.9
1994-06-09,ATO,5.7898417,5.7898417,5.67778,5.715134,17401.166
1994-06-10,ATO,5.67778,5.7524877,5.6404266,5.67778,22755.371
1994-06-13,ATO,5.715134,5.7898417,5.67778,5.67778,68935.39
1994-06-14,ATO,5.67778,5.715134,5.67778,5.67778,6358.1187
1994-06-15,ATO,5.6404266,5.7898417,5.6404266,5.7898417,26101.75
1994-06-16,ATO,5.7898417,5.7898417,5.6404266,5.67778,26101.75
1994-06-17,ATO,5.7524877,5.8271956,5.6404266,5.6404266,25097.836
1994-06-20,ATO,5.6404266,5.67778,5.6404266,5.6404266,6023.481
1994-06-21,ATO,5.6030726,5.6404266,5.6030726,5.6030726,10039.135
1994-06-22,ATO,5.5657187,5.6404266,5.5657187,5.5657187,9369.859
1994-06-23,ATO,5.5657187,5.6030726,5.5657187,5.5657187,3681.016
1994-06-24,ATO,5.5657187,5.6030726,5.5657187,5.6030726,2677.1025
1994-06-27,ATO,5.6030726,5.67778,5.6030726,5.67778,3681.016
1994-06-28,ATO,5.67778,5.715134,5.6404266,5.715134,127831.65
1994-06-29,ATO,5.67778,5.67778,5.5657187,5.6030726,13720.15
1994-06-30,ATO,5.5657187,5.5657187,5.4163036,5.491011,46849.293
1994-07-01,ATO,5.491011,5.491011,5.4163036,5.4163036,2677.1025
1994-07-05,ATO,5.453657,5.67778,5.453657,5.67778,93363.95
1994-07-06,ATO,5.6404266,5.6404266,5.6030726,5.6404266,17066.53
1994-07-08,ATO,5.6030726,5.6030726,5.5657187,5.6030726,22755.371
1994-07-11,ATO,5.5657187,5.5657187,5.491011,5.5657187,8365.945
1994-07-12,ATO,5.5657187,5.5657187,5.528365,5.5657187,5688.843
1994-07-13,ATO,5.6030726,5.6030726,5.5657187,5.5657187,5688.843
1994-07-14,ATO,5.6030726,5.6030726,5.5657187,5.5657187,8700.583
1994-07-15,ATO,5.6030726,5.6030726,5.5657187,5.6030726,6692.7563
1994-07-18,ATO,5.5657187,5.6030726,5.528365,5.5657187,18070.441
1994-07-19,ATO,5.6404266,5.6404266,5.6030726,5.6030726,16731.89
1994-07-20,ATO,5.6404266,5.6404266,5.4163036,5.4163036,30452.041
1994-07-21,ATO,5.3789496,5.4163036,5.304242,5.3789496,11043.048
1994-07-22,ATO,5.304242,5.304242,5.2295346,5.2295346,21416.82
1994-07-25,ATO,5.2295346,5.3415956,5.2295346,5.3415956,11377.686
1994-07-26,ATO,5.3789496,5.4163036,5.304242,5.3789496,55549.88
1994-07-27,ATO,5.3415956,5.3415956,5.304242,5.3415956,37144.797
1994-07-28,ATO,5.3415956,5.3415956,5.266888,5.3415956,24763.2
1994-07-29,ATO,5.304242,5.3415956,5.1548266,5.304242,21751.459
1994-08-01,ATO,5.304242,5.304242,5.2295346,5.2295346,29782.766
1994-08-02,ATO,5.2295346,5.266888,5.2295346,5.266888,12716.237
1994-08-03,ATO,5.266888,5.304242,5.2295346,5.2295346,12716.237
1994-08-04,ATO,5.304242,5.3415956,5.266888,5.304242,21416.82
1994-08-05,ATO,5.304242,5.3415956,5.266888,5.304242,55884.516
1994-08-08,ATO,5.304242,5.304242,5.2295346,5.266888,57223.066
1994-08-09,ATO,5.266888,5.266888,5.1548266,5.2295346,45510.742
1994-08-10,ATO,5.2295346,5.266888,5.1548266,5.1548266,20412.906
1994-08-11,ATO,5.1548266,5.2295346,5.117473,5.2295346,18070.441
1994-08-12,ATO,5.2295346,5.2295346,5.117473,5.1548266,26771.025
1994-08-15,ATO,5.117473,5.1921806,5.0054116,5.1548266,66592.93
1994-08-16,ATO,5.1548266,5.1921806,5.1548266,5.1548266,15393.34
1994-08-17,ATO,5.1548266,5.2295346,5.117473,5.1921806,38483.348
1994-08-18,ATO,5.1921806,5.1921806,5.080119,5.117473,50530.312
1994-08-19,ATO,5.070552,5.1462317,5.070552,5.108392,10240.503
1994-08-22,ATO,5.032712,5.1462317,5.032712,5.108392,34685.574
1994-08-23,ATO,5.1462317,5.2219114,5.1462317,5.2219114,35676.59
1994-08-24,ATO,5.1462317,5.2219114,5.032712,5.032712,9249.486
1994-08-25,ATO,5.108392,5.2219114,5.032712,5.1462317,35346.254
1994-08-26,ATO,5.1462317,5.1840715,5.070552,5.1840715,41622.69
1994-08-29,ATO,5.108392,5.1462317,4.9948716,4.9948716,48559.805
1994-08-30,ATO,4.9948716,5.1462317,4.9570317,5.1462317,23454.055
1994-08-31,ATO,5.108392,5.1462317,5.070552,5.1462317,13213.553
1994-09-01,ATO,5.1462317,5.1462317,5.070552,5.070552,8919.147
1994-09-02,ATO,5.070552,5.108392,5.070552,5.070552,24775.41
1994-09-06,ATO,5.070552,5.108392,4.9948716,5.032712,6937.1147
1994-09-07,ATO,5.108392,5.1840715,5.108392,5.1462317,18168.635
1994-09-08,ATO,5.108392,5.1462317,4.9570317,4.9948716,28078.799
1994-09-09,ATO,4.9948716,5.108392,4.9948716,5.070552,11892.197
1994-09-12,ATO,5.108392,5.1840715,5.032712,5.1462317,16847.28
1994-09-13,ATO,5.108392,5.297591,5.108392,5.297591,16516.94
1994-09-14,ATO,5.297591,5.297591,5.1840715,5.297591,63755.39
1994-09-15,ATO,5.373271,5.373271,5.297591,5.373271,62103.695
1994-09-16,ATO,5.524631,5.6759906,5.4489512,5.600311,67389.12
1994-09-19,ATO,5.600311,5.6381507,5.562471,5.562471,17838.295
1994-09-20,ATO,5.6381507,5.7138305,5.562471,5.6759906,29069.814
1994-09-21,ATO,5.600311,5.7138305,5.600311,5.6759906,18829.312
1994-09-22,ATO,5.6381507,5.6381507,5.562471,5.562471,15525.924
1994-09-23,ATO,5.600311,5.6381507,5.562471,5.562471,25766.428
1994-09-26,ATO,5.562471,5.562471,5.486791,5.562471,17177.617
1994-09-27,ATO,5.524631,5.6381507,5.524631,5.562471,16186.602
1994-09-28,ATO,5.562471,5.600311,5.4489512,5.486791,29400.154
1994-09-29,ATO,5.524631,5.524631,5.4111114,5.4111114,6937.1147
1994-09-30,ATO,5.335431,5.486791,5.297591,5.373271,14534.907
1994-10-03,ATO,5.373271,5.4489512,5.335431,5.4111114,16186.602
1994-10-04,ATO,5.4111114,5.4111114,5.1462317,5.2219114,39640.656
1994-10-05,ATO,5.297591,5.297591,5.2219114,5.2219114,23454.055
1994-10-06,ATO,5.297591,5.335431,5.2219114,5.2597513,12883.214
1994-10-07,ATO,5.2597513,5.2597513,5.1462317,5.1462317,5946.0986
1994-10-10,ATO,5.1462317,5.2597513,5.1462317,5.2219114,17838.295
1994-10-11,ATO,5.297591,5.4111114,5.1840715,5.2597513,40301.336
1994-10-12,ATO,5.297591,5.335431,5.2597513,5.297591,6276.4375
1994-10-13,ATO,5.373271,5.373271,5.2597513,5.2597513,34024.9
1994-10-14,ATO,5.2597513,5.2597513,5.1462317,5.1840715,12552.875
1994-10-17,ATO,5.1462317,5.2219114,5.070552,5.2219114,37328.285
1994-10-18,ATO,5.1462317,5.2219114,5.1462317,5.2219114,3964.0657
1994-10-19,ATO,5.2219114,5.2219114,5.108392,5.2219114,10570.842
1994-10-20,ATO,5.1462317,5.1462317,4.9948716,5.070552,10901.181
1994-10-21,ATO,4.9948716,5.070552,4.919192,5.070552,31051.848
1994-10-24,ATO,4.9948716,5.070552,4.9948716,5.032712,24445.072
1994-10-25,ATO,5.032712,5.108392,4.9570317,5.108392,13543.892
1994-10-26,ATO,5.032712,5.108392,4.9570317,5.108392,31051.848
1994-10-27,ATO,5.1462317,5.1462317,5.070552,5.070552,40631.67
1994-10-28,ATO,5.108392,5.1462317,5.108392,5.1462317,18168.635
1994-10-31,ATO,5.1840715,5.1840715,4.919192,4.9570317,25436.088
1994-11-01,ATO,4.9948716,5.1462317,4.9570317,5.032712,24445.072
1994-11-02,ATO,5.108392,5.2219114,5.032712,5.1462317,20150.668
1994-11-03,ATO,5.2219114,5.2597513,5.2219114,5.2597513,12883.214
1994-11-04,ATO,5.335431,5.4111114,5.2597513,5.373271,27087.783
1994-11-07,ATO,5.4111114,5.4489512,5.335431,5.373271,19820.328
1994-11-08,ATO,5.373271,5.373271,5.1840715,5.1840715,31051.848
1994-11-09,ATO,5.2219114,5.2219114,5.1462317,5.1840715,20811.346
1994-11-10,ATO,5.1840715,5.1840715,5.032712,5.032712,44926.08
1994-11-11,ATO,5.108392,5.108392,4.9948716,4.9948716,29400.154
1994-11-14,ATO,4.9948716,5.2219114,4.9948716,5.032712,84236.4
1994-11-15,ATO,5.108392,5.2597513,5.032712,5.1840715,28409.137
1994-11-16,ATO,5.2219114,5.335431,5.1840715,5.2597513,15195.585
1994-11-17,ATO,5.335431,5.335431,5.2597513,5.297591,13213.553
1994-11-18,ATO,5.2531123,5.2531123,5.061393,5.1380806,7823.9336
1994-11-21,ATO,5.1380806,5.2531123,5.0997367,5.1764245,17929.848
1994-11-22,ATO,5.2531123,5.2531123,5.1764245,5.1764245,10431.911
1994-11-23,ATO,5.2147684,5.2147684,5.1764245,5.2147684,3259.9724
1994-11-25,ATO,5.291456,5.3297997,5.2531123,5.291456,10431.911
1994-11-28,ATO,5.3681436,5.3681436,5.3297997,5.3297997,5541.953
1994-11-29,ATO,5.3297997,5.4064875,5.291456,5.4064875,6519.945
1994-11-30,ATO,5.3681436,5.3681436,5.2531123,5.3297997,13691.884
1994-12-01,ATO,5.3297997,5.3681436,5.1380806,5.291456,21515.816
1994-12-02,ATO,5.291456,5.3297997,5.2531123,5.291456,15321.87
1994-12-05,ATO,5.2147684,5.291456,5.1380806,5.2531123,44009.625
1994-12-06,ATO,5.291456,5.3297997,5.2531123,5.2531123,11083.906
1994-12-07,ATO,5.2531123,5.2531123,5.2147684,5.2531123,14017.881
1994-12-08,ATO,5.2147684,5.291456,5.061393,5.061393,33577.715
1994-12-09,ATO,5.1380806,5.1380806,4.908017,4.984705,19885.83
1994-12-12,ATO,5.061393,5.0997367,5.061393,5.061393,15321.87
1994-12-13,ATO,5.061393,5.1380806,5.061393,5.0997367,21515.816
1994-12-14,ATO,5.1764245,5.2147684,5.061393,5.1380806,17277.854
1994-12-15,ATO,5.0997367,5.3681436,5.0997367,5.3681436,28361.76
1994-12-16,ATO,5.4448314,5.4448314,5.3681436,5.4448314,44987.617
1994-12-19,ATO,5.3681436,5.4064875,5.3681436,5.4064875,107253.086
1994-12-20,ATO,5.3297997,5.3681436,5.1764245,5.1764245,105623.1
1994-12-21,ATO,5.2531123,5.2531123,5.2147684,5.2147684,15321.87
1994-12-22,ATO,5.2147684,5.291456,5.023049,5.291456,51181.566
1994-12-23,ATO,5.3297997,5.3297997,5.2531123,5.291456,3259.9724
1994-12-27,ATO,5.2147684,5.2147684,5.1764245,5.2147684,18581.842
1994-12-28,ATO,5.1764245,5.2147684,5.1380806,5.1764245,9127.923
1994-12-29,ATO,5.0997367,5.0997367,4.984705,5.0997367,14017.881
1994-12-30,ATO,5.023049,5.2147684,4.8696733,5.2147684,59005.5
1995-01-03,ATO,5.1764245,5.2147684,5.061393,5.1764245,18255.846
1995-01-04,ATO,5.1764245,5.2147684,5.1380806,5.1764245,4563.9614
1995-01-05,ATO,5.1764245,5.2147684,5.061393,5.0997367,9453.92
1995-01-06,ATO,5.1380806,5.1764245,5.0997367,5.0997367,2281.9807
1995-01-09,ATO,5.0997367,5.0997367,4.984705,4.984705,21841.814
1995-01-10,ATO,4.984705,5.1380806,4.984705,5.1380806,46291.605
1995-01-11,ATO,5.1380806,5.1380806,4.984705,5.061393,24449.793
1995-01-12,ATO,5.061393,5.0997367,5.023049,5.061393,22819.807
1995-01-13,ATO,5.1380806,5.1380806,5.023049,5.023049,20863.822
1995-01-16,ATO,5.061393,5.061393,5.023049,5.061393,8149.9307
1995-01-17,ATO,5.061393,5.0997367,5.023049,5.0997367,12061.897
1995-01-18,ATO,5.023049,5.061393,5.023049,5.023049,8149.9307
1995-01-19,ATO,5.0997367,5.0997367,5.061393,5.0997367,23145.803
1995-01-20,ATO,5.061393,5.0997367,5.023049,5.0997367,38467.67
1995-01-23,ATO,5.1380806,5.1380806,5.061393,5.061393,20211.828
1995-01-24,ATO,5.023049,5.061393,5.023049,5.061393,30317.742
1995-01-25,ATO,5.023049,5.0997367,4.984705,5.061393,68785.414
1995-01-26,ATO,5.0997367,5.1764245,5.061393,5.1764245,8149.9307
1995-01-27,ATO,5.1764245,5.2147684,5.061393,5.1380806,30643.74
1995-01-30,ATO,5.0997367,5.1764245,5.061393,5.0997367,31295.734
1995-01-31,ATO,5.0997367,5.1380806,5.023049,5.023049,9127.923
1995-02-01,ATO,5.061393,5.0997367,4.946361,4.946361,22167.812
1995-02-02,ATO,5.061393,5.0997367,5.023049,5.061393,20537.826
1995-02-03,ATO,5.0997367,5.1764245,5.061393,5.0997367,39119.668
1995-02-06,ATO,5.0997367,5.2147684,5.0997367,5.2147684,62917.465
1995-02-07,ATO,5.1764245,5.1764245,5.1380806,5.1380806,10431.911
1995-02-08,ATO,5.1764245,5.3297997,5.1380806,5.3297997,19559.834
1995-02-09,ATO,5.291456,5.291456,5.2147684,5.2147684,7171.939
1995-02-10,ATO,5.2531123,5.291456,5.2147684,5.291456,18255.846
1995-02-13,ATO,5.2531123,5.3681436,5.2531123,5.3297997,51833.56
1995-02-14,ATO,5.3681436,5.3681436,5.291456,5.3681436,32273.727
1995-02-15,ATO,5.4064875,5.598207,5.3681436,5.598207,54767.535
1995-02-16,ATO,5.559863,5.636551,5.4831753,5.4831753,41075.652
1995-02-17,ATO,5.4448314,5.521519,5.4448314,5.4448314,14995.873
1995-02-21,ATO,5.399769,5.4774632,5.3609214,5.4774632,18019.291
1995-02-22,ATO,5.438616,5.51631,5.438616,5.4774632,9009.6455
1995-02-23,ATO,5.4774632,5.632852,5.4774632,5.632852,9974.965
1995-02-24,ATO,5.51631,5.632852,5.51631,5.632852,26707.162
1995-02-27,ATO,5.5551577,5.594005,5.5551577,5.594005,31533.758
1995-02-28,ATO,5.632852,5.632852,5.594005,5.632852,20915.248
1995-03-01,ATO,5.594005,5.6716995,5.594005,5.6716995,16732.2
1995-03-02,ATO,5.6716995,5.6716995,5.4774632,5.5551577,35395.035
1995-03-03,ATO,5.632852,5.6716995,5.4774632,5.4774632,20271.701
1995-03-06,ATO,5.51631,5.51631,5.399769,5.51631,16410.426
1995-03-07,ATO,5.4774632,5.6716995,5.4774632,5.632852,35716.81
1995-03-08,ATO,5.594005,5.6716995,5.438616,5.51631,12227.376
1995-03-09,ATO,5.438616,5.438616,5.322074,5.438616,46657.09
1995-03-10,ATO,5.4774632,5.4774632,5.438616,5.4774632,6113.688
1995-03-13,ATO,5.438616,5.4774632,5.438616,5.438616,13514.468
1995-03-14,ATO,5.51631,5.5551577,5.51631,5.5551577,76260.21
1995-03-15,ATO,5.5551577,5.594005,5.51631,5.5551577,40221.63
1995-03-16,ATO,5.5551577,5.594005,5.5551577,5.594005,15766.879
1995-03-17,ATO,5.51631,5.5551577,5.4774632,5.4774632,36682.13
1995-03-20,ATO,5.4774632,5.5551577,5.4774632,5.51631,15766.879
1995-03-21,ATO,5.594005,5.632852,5.5551577,5.594005,51805.46
1995-03-22,ATO,5.594005,5.632852,5.594005,5.594005,11583.83
1995-03-23,ATO,5.594005,5.6716995,5.594005,5.632852,15123.333
1995-03-24,ATO,5.6716995,5.7105465,5.632852,5.6716995,20915.248
1995-03-27,ATO,5.632852,5.7105465,5.632852,5.7105465,53414.324
1995-03-28,ATO,5.7105465,5.7105465,5.6716995,5.7105465,15445.106
1995-03-29,ATO,5.7105465,5.7105465,5.6716995,5.6716995,15766.879
1995-03-30,ATO,5.7105465,5.7105465,5.632852,5.632852,26385.39
1995-03-31,ATO,5.632852,5.749394,5.632852,5.749394,54701.418
1995-04-03,ATO,5.6716995,5.6716995,5.6716995,5.6716995,5148.3687
1995-04-04,ATO,5.7105465,5.749394,5.6716995,5.6716995,18019.291
1995-04-05,ATO,5.6716995,5.6716995,5.632852,5.6716995,37003.9
1995-04-06,ATO,5.7105465,5.7105465,5.632852,5.632852,52449.008
1995-04-07,ATO,5.594005,5.594005,5.51631,5.5551577,35395.035
1995-04-10,ATO,5.632852,5.632852,5.51631,5.51631,17053.97
1995-04-11,ATO,5.51631,5.594005,5.51631,5.594005,11262.057
1995-04-12,ATO,5.5551577,5.632852,5.4774632,5.5551577,35073.26
1995-04-13,ATO,5.51631,5.632852,5.51631,5.594005,33786.168
1995-04-17,ATO,5.594005,5.632852,5.438616,5.5551577,26385.39
1995-04-18,ATO,5.632852,5.6716995,5.594005,5.632852,23811.205
1995-04-19,ATO,5.632852,5.749394,5.632852,5.7105465,40865.176
1995-04-20,ATO,5.7882414,5.8270884,5.6716995,5.6716995,41186.95
1995-04-21,ATO,5.7105465,5.8270884,5.7105465,5.749394,36038.582
1995-04-24,ATO,5.8270884,5.865936,5.749394,5.8270884,28959.574
1995-04-25,ATO,5.865936,5.904783,5.8270884,5.904783,64032.836
1995-04-26,ATO,5.865936,5.904783,5.865936,5.904783,16088.652
1995-04-27,ATO,5.904783,5.904783,5.8270884,5.904783,29924.893
1995-04-28,ATO,5.865936,5.865936,5.7882414,5.8270884,6757.234
1995-05-01,ATO,5.8270884,5.865936,5.749394,5.749394,40221.63
1995-05-02,ATO,5.8270884,5.8270884,5.749394,5.8270884,14801.561
1995-05-03,ATO,5.8270884,5.8270884,5.749394,5.749394,24132.979
1995-05-04,ATO,5.8270884,5.8270884,5.749394,5.749394,27672.482
1995-05-05,ATO,5.749394,5.749394,5.632852,5.749394,10940.283
1995-05-08,ATO,5.6716995,5.6716995,5.5551577,5.594005,7079.007
1995-05-09,ATO,5.632852,5.6716995,5.5551577,5.594005,93635.95
1995-05-10,ATO,5.632852,5.6716995,5.51631,5.51631,38934.54
1995-05-11,ATO,5.594005,5.632852,5.4774632,5.51631,31533.758
1995-05-12,ATO,5.5551577,5.632852,5.5551577,5.632852,73042.484
1995-05-15,ATO,5.632852,5.8270884,5.632852,5.749394,44082.906
1995-05-16,ATO,5.7882414,5.904783,5.7882414,5.865936,39578.086
1995-05-17,ATO,5.865936,5.94363,5.865936,5.94363,164104.25
1995-05-18,ATO,5.94363,5.94363,5.865936,5.904783,22845.887
1995-05-19,ATO,5.9378147,5.977138,5.8591685,5.977138,13986.627
1995-05-22,ATO,5.9378147,6.0164614,5.898492,6.0164614,49906.83
1995-05-23,ATO,6.0164614,6.0557847,6.0164614,6.0557847,31787.787
1995-05-24,ATO,6.0557847,6.0557847,5.977138,5.977138,21933.574
1995-05-25,ATO,6.0164614,6.0164614,5.898492,5.977138,20979.94
1995-05-26,ATO,5.977138,5.977138,5.8591685,5.898492,33059.3
1995-05-30,ATO,5.9378147,6.0164614,5.8591685,6.0164614,106489.086
1995-05-31,ATO,6.0164614,6.0557847,5.977138,6.0557847,66754.35
1995-06-01,ATO,6.0557847,6.0557847,5.977138,6.0164614,38781.1
1995-06-02,ATO,6.0557847,6.0557847,6.0164614,6.0557847,2860.901
1995-06-05,ATO,6.0557847,6.1344314,5.977138,6.095108,160210.45
1995-06-06,ATO,6.1344314,6.3310475,6.1344314,6.291724,35602.32
1995-06-07,ATO,6.3310475,6.370371,6.291724,6.3310475,38145.344
1995-06-08,ATO,6.3310475,6.3310475,6.2524014,6.291724,23205.084
1995-06-09,ATO,6.3310475,6.3310475,6.2524014,6.2524014,10489.97
1995-06-12,ATO,6.213078,6.3310475,6.1737547,6.291724,39734.734
1995-06-13,ATO,6.3310475,6.370371,6.2524014,6.291724,17165.406
1995-06-14,ATO,6.291724,6.370371,6.291724,6.370371,30834.154
1995-06-15,ATO,6.291724,6.3310475,6.291724,6.3310475,35602.32
1995-06-16,ATO,6.370371,6.370371,6.291724,6.370371,17483.283
1995-06-19,ATO,6.291724,6.370371,6.291724,6.291724,84555.516
1995-06-20,ATO,6.213078,6.291724,6.213078,6.2524014,35920.2
1995-06-21,ATO,6.291724,6.291724,6.213078,6.291724,8900.58
1995-06-22,ATO,6.1737547,6.291724,6.1737547,6.2524014,27655.375
1995-06-23,ATO,6.2524014,6.291724,6.213078,6.291724,25430.23
1995-06-26,ATO,6.291724,6.3310475,6.291724,6.291724,13032.993
1995-06-27,ATO,6.291724,6.3310475,6.291724,6.291724,59761.04
1995-06-28,ATO,6.291724,6.3310475,6.291724,6.3310475,12715.115
1995-06-29,ATO,6.3310475,6.370371,6.291724,6.291724,41959.88
1995-06-30,ATO,6.3310475,6.370371,6.291724,6.370371,38781.1
1995-07-03,ATO,6.3310475,6.370371,6.3310475,6.370371,7946.947
1995-07-05,ATO,6.291724,6.370371,6.291724,6.3310475,81694.62
1995-07-06,ATO,6.3310475,6.370371,6.291724,6.370371,71204.64
1995-07-07,ATO,6.370371,6.370371,6.3310475,6.370371,43231.39
1995-07-10,ATO,6.3310475,6.370371,6.3310475,6.370371,34966.566
1995-07-11,ATO,6.370371,6.370371,6.3310475,6.370371,17483.283
1995-07-12,ATO,6.370371,6.370371,6.3310475,6.3310475,19390.55
1995-07-13,ATO,6.291724,6.291724,6.213078,6.213078,33695.055
1995-07-14,ATO,6.1737547,6.1737547,6.0557847,6.0557847,14622.382
1995-07-17,ATO,6.0557847,6.095108,6.0164614,6.0164614,25112.352
1995-07-18,ATO,6.0164614,6.095108,6.0164614,6.095108,10489.97
1995-07-19,ATO,6.0557847,6.1737547,6.0557847,6.1344314,15576.016
1995-07-20,ATO,6.0557847,6.1344314,6.0164614,6.1344314,27019.62
1995-07-21,ATO,6.095108,6.1344314,6.095108,6.1344314,6357.5576
1995-07-24,ATO,6.095108,6.2524014,6.095108,6.2524014,40688.367
1995-07-25,ATO,6.213078,6.2524014,6.213078,6.2524014,22887.207
1995-07-26,ATO,6.2524014,6.291724,6.1737547,6.2524014,18754.795
1995-07-27,ATO,6.213078,6.370371,6.1737547,6.1737547,114436.04
1995-07-28,ATO,6.1344314,6.3310475,6.1344314,6.3310475,15576.016
1995-07-31,ATO,6.291724,6.3310475,6.213078,6.291724,29244.764
1995-08-01,ATO,6.3310475,6.3310475,6.213078,6.2524014,19708.428
1995-08-02,ATO,6.1737547,6.213078,6.1344314,6.1737547,17801.16
1995-08-03,ATO,6.1737547,6.1737547,6.095108,6.1344314,22569.33
1995-08-04,ATO,6.1344314,6.1344314,6.095108,6.095108,35920.2
1995-08-07,ATO,6.1344314,6.1344314,6.0557847,6.095108,14622.382
1995-08-08,ATO,6.095108,6.095108,6.095108,6.095108,10172.092
1995-08-09,ATO,6.1344314,6.1344314,5.977138,6.0164614,23840.84
1995-08-10,ATO,6.0164614,6.1344314,6.0164614,6.1344314,24158.719
1995-08-11,ATO,6.0557847,6.095108,6.0164614,6.095108,12715.115
1995-08-14,ATO,6.1344314,6.1737547,6.095108,6.1737547,138912.62
1995-08-15,ATO,6.213078,6.213078,6.1737547,6.213078,7946.947
1995-08-16,ATO,6.1737547,6.2524014,6.1737547,6.2524014,14304.505
1995-08-17,ATO,6.2524014,6.2524014,6.213078,6.213078,17801.16
1995-08-18,ATO,6.1737547,6.2524014,6.1737547,6.213078,24476.596
1995-08-21,ATO,6.213078,6.291724,6.213078,6.291724,15576.016
1995-08-22,ATO,6.2524014,6.2524014,6.2524014,6.2524014,8582.703
1995-08-23,ATO,6.285819,6.365386,6.285819,6.365386,11625.375
1995-08-24,ATO,6.40517,6.40517,6.3256025,6.365386,13510.57
1995-08-25,ATO,6.40517,6.40517,6.3256025,6.365386,5655.588
1995-08-28,ATO,6.365386,6.40517,6.3256025,6.3256025,11939.574
1995-08-29,ATO,6.246035,6.3256025,6.246035,6.285819,28906.338
1995-08-30,ATO,6.285819,6.365386,6.285819,6.365386,15709.966
1995-08-31,ATO,6.3256025,6.3256025,6.285819,6.3256025,32676.729
1995-09-01,ATO,6.365386,6.365386,6.246035,6.3256025,27963.738
1995-09-05,ATO,6.3256025,6.3256025,6.2062516,6.3256025,13196.371
1995-09-06,ATO,6.365386,6.365386,6.3256025,6.365386,7854.983
1995-09-07,ATO,6.365386,6.365386,6.3256025,6.365386,22622.352
1995-09-08,ATO,6.3256025,6.40517,6.3256025,6.40517,17280.963
1995-09-11,ATO,6.3256025,6.40517,6.3256025,6.40517,16966.764
1995-09-12,ATO,6.40517,6.40517,6.365386,6.40517,21051.354
1995-09-13,ATO,6.365386,6.5643044,6.365386,6.5643044,130078.516
1995-09-14,ATO,6.5643044,6.5643044,6.524521,6.524521,26078.543
1995-09-15,ATO,6.524521,6.5643044,6.4449534,6.5643044,74779.44
1995-09-18,ATO,6.524521,6.524521,6.4449534,6.4449534,202658.56
1995-09-19,ATO,6.40517,6.40517,6.3256025,6.3256025,18851.959
1995-09-20,ATO,6.285819,6.285819,6.2062516,6.2062516,15395.767
1995-09-21,ATO,6.2062516,6.2062516,6.166468,6.166468,27963.738
1995-09-22,ATO,6.166468,6.246035,6.166468,6.2062516,9740.179
1995-09-25,ATO,6.166468,6.2062516,6.166468,6.166468,39589.113
1995-09-26,ATO,6.2062516,6.2062516,6.0869007,6.2062516,35190.324
1995-09-27,ATO,6.126684,6.166468,6.126684,6.126684,13196.371
1995-09-28,ATO,6.126684,6.126684,6.126684,6.126684,5341.388
1995-09-29,ATO,6.126684,6.166468,6.0471168,6.166468,25450.145
1995-10-02,ATO,6.126684,6.126684,6.0869007,6.0869007,117196.34
1995-10-03,ATO,6.0471168,6.126684,6.0471168,6.126684,84205.414
1995-10-04,ATO,6.166468,6.166468,6.0869007,6.0869007,52157.086
1995-10-05,ATO,6.0869007,6.126684,6.0869007,6.126684,46501.5
1995-10-06,ATO,6.166468,6.166468,6.126684,6.126684,7854.983
1995-10-09,ATO,6.166468,6.166468,6.0869007,6.0869007,14767.368
1995-10-10,ATO,6.126684,6.126684,6.0073333,6.0471168,60640.47
1995-10-11,ATO,6.0471168,6.0869007,6.0073333,6.0869007,92688.8
1995-10-12,ATO,6.0869007,6.126684,6.0471168,6.126684,123794.53
1995-10-13,ATO,6.166468,6.166468,6.0869007,6.0869007,29220.537
1995-10-16,ATO,6.0471168,6.0869007,6.0471168,6.0869007,48072.496
1995-10-17,ATO,6.0869007,6.0869007,6.0073333,6.0869007,21051.354
1995-10-18,ATO,6.0869007,6.0869007,6.0471168,6.0869007,14138.969
1995-10-19,ATO,6.0471168,6.0471168,5.96755,6.0471168,24507.547
1995-10-20,ATO,6.0073333,6.0471168,5.96755,6.0073333,17595.162
1995-10-23,ATO,5.96755,6.0073333,5.8879824,5.8879824,37703.918
1995-10-24,ATO,5.8879824,5.927766,5.8879824,5.8879824,62839.863
1995-10-25,ATO,5.8879824,5.8879824,5.7686315,5.8481984,57184.273
1995-10-26,ATO,5.7686315,5.8481984,5.7686315,5.808415,80435.02
1995-10-27,ATO,5.8481984,5.8481984,5.808415,5.808415,23564.95
1995-10-30,ATO,5.808415,5.8879824,5.808415,5.8481984,32362.53
1995-10-31,ATO,5.8481984,5.8481984,5.808415,5.8481984,42731.105
1995-11-01,ATO,5.808415,5.8879824,5.7288475,5.808415,37389.72
1995-11-02,ATO,5.808415,5.8879824,5.808415,5.8481984,24821.746
1995-11-03,ATO,5.808415,6.0471168,5.808415,5.927766,32676.729
1995-11-06,ATO,6.0073333,6.246035,6.0073333,6.246035,41788.508
1995-11-07,ATO,6.285819,6.3256025,6.246035,6.3256025,38018.117
1995-11-08,ATO,6.285819,6.365386,6.285819,6.3256025,24821.746
1995-11-09,ATO,6.365386,6.40517,6.3256025,6.365386,60640.47
1995-11-10,ATO,6.3256025,6.3256025,6.285819,6.285819,15395.767
1995-11-13,ATO,6.246035,6.246035,6.166468,6.2062516,39903.312
1995-11-14,ATO,6.246035,6.246035,6.2062516,6.246035,13824.77
1995-11-15,ATO,6.2062516,6.285819,6.2062516,6.285819,21993.951
1995-11-16,ATO,6.246035,6.365386,6.246035,6.365386,41788.508
1995-11-17,ATO,6.3256025,6.4449534,6.3256025,6.4449534,23879.148
1995-11-20,ATO,6.4449534,6.6040883,6.40517,6.5643044,21365.553
1995-11-21,ATO,6.5643044,6.723439,6.5643044,6.6836557,49015.094
1995-11-22,ATO,6.7206798,6.7609234,6.680436,6.680436,19878.941
1995-11-24,ATO,6.6401925,6.7206798,6.6401925,6.7206798,7143.9946
1995-11-27,ATO,6.680436,6.680436,6.5597057,6.5597057,11492.513
1995-11-28,ATO,6.599949,6.6401925,6.519462,6.5597057,27644.152
1995-11-29,ATO,6.5597057,6.6401925,6.5597057,6.6401925,24848.676
1995-11-30,ATO,6.6401925,6.7206798,6.599949,6.7206798,91318.88
1995-12-01,ATO,6.6401925,6.7206798,6.6401925,6.7206798,26401.719
1995-12-04,ATO,6.7609234,6.921898,6.7609234,6.7609234,23295.635
1995-12-05,ATO,6.680436,6.8816543,6.680436,6.8414106,51561.004
1995-12-06,ATO,6.8414106,6.9621415,6.8414106,6.8414106,26712.328
1995-12-07,ATO,6.8414106,6.8816543,6.7609234,6.8816543,12734.946
1995-12-08,ATO,6.8414106,7.002385,6.8414106,6.9621415,18947.115
1995-12-11,ATO,6.9621415,7.0828724,6.9621415,7.002385,5901.5605
1995-12-12,ATO,7.0828724,7.3645773,7.0828724,7.123116,59015.605
1995-12-13,ATO,7.042629,7.2438464,7.002385,7.203603,45038.227
1995-12-14,ATO,7.203603,7.28409,7.123116,7.2438464,44417.008
1995-12-15,ATO,7.28409,7.3645773,7.203603,7.28409,59326.215
1995-12-18,ATO,7.28409,7.3645773,7.28409,7.3645773,57462.562
1995-12-19,ATO,7.3645773,7.3645773,7.2438464,7.3243337,36962.406
1995-12-20,ATO,7.3645773,7.404821,7.3243337,7.404821,22363.809
1995-12-21,ATO,7.404821,7.404821,7.3645773,7.404821,15530.423
1995-12-22,ATO,7.3243337,7.404821,7.3243337,7.404821,9318.254
1995-12-26,ATO,7.3243337,7.404821,7.3243337,7.404821,55598.914
1995-12-27,ATO,7.3645773,7.3645773,7.28409,7.3645773,18636.508
1995-12-28,ATO,7.3645773,7.404821,7.3243337,7.404821,57462.562
1995-12-29,ATO,7.3243337,7.404821,7.28409,7.404821,15530.423
1996-01-02,ATO,7.3645773,7.3645773,7.28409,7.3645773,35098.754
1996-01-03,ATO,7.3645773,7.3645773,7.28409,7.28409,45970.05
1996-01-04,ATO,7.3243337,7.3645773,7.28409,7.3243337,20810.766
1996-01-05,ATO,7.2438464,7.3645773,7.2438464,7.3645773,13356.164
1996-01-08,ATO,7.3645773,7.3645773,7.3645773,7.3645773,12113.7295
1996-01-09,ATO,7.3645773,7.3645773,7.3243337,7.3645773,24227.459
1996-01-10,ATO,7.3243337,7.404821,7.28409,7.3645773,20500.158
1996-01-11,ATO,7.3243337,7.3645773,7.3243337,7.3243337,13666.772
1996-01-12,ATO,7.28409,7.3243337,7.28409,7.28409,9318.254
1996-01-15,ATO,7.3243337,7.3243337,7.28409,7.28409,8075.82
1996-01-16,ATO,7.3243337,7.3645773,7.3243337,7.3645773,15530.423
1996-01-17,ATO,7.3645773,7.3645773,7.28409,7.3645773,20810.766
1996-01-18,ATO,7.3645773,7.3645773,7.28409,7.3645773,26091.11
1996-01-19,ATO,7.3645773,7.3645773,7.3243337,7.3645773,13356.164
1996-01-22,ATO,7.3243337,7.3645773,7.3243337,7.3243337,22053.201
1996-01-23,ATO,7.3243337,7.3645773,7.3243337,7.3645773,19257.725
1996-01-24,ATO,7.3645773,7.3645773,7.3243337,7.3243337,26712.328
1996-01-25,ATO,7.3243337,7.3645773,7.3243337,7.3243337,30129.02
1996-01-26,ATO,7.2438464,7.3243337,6.9621415,7.0828724,93493.15
1996-01-29,ATO,7.002385,7.002385,6.8414106,6.8816543,41310.926
1996-01-30,ATO,6.8414106,6.8816543,6.801167,6.801167,21431.984
1996-01-31,ATO,6.801167,6.8414106,6.7609234,6.8414106,54356.48
1996-02-01,ATO,6.921898,6.9621415,6.8414106,6.8414106,101568.97
1996-02-02,ATO,6.8414106,7.042629,6.8414106,6.9621415,78273.33
1996-02-05,ATO,6.8816543,7.002385,6.8816543,7.002385,45038.227
1996-02-06,ATO,7.042629,7.042629,6.9621415,6.9621415,52492.83
1996-02-07,ATO,7.002385,7.002385,6.921898,6.921898,34477.54
1996-02-08,ATO,6.9621415,6.9621415,6.921898,6.9621415,12113.7295
1996-02-09,ATO,6.9621415,7.0828724,6.9621415,7.0828724,30129.02
1996-02-12,ATO,7.0828724,7.163359,7.0828724,7.163359,18636.508
1996-02-13,ATO,7.163359,7.28409,7.123116,7.28409,49076.137
1996-02-14,ATO,7.2438464,7.28409,7.203603,7.203603,26091.11
1996-02-15,ATO,7.203603,7.2438464,7.203603,7.203603,18947.115
1996-02-16,ATO,7.163359,7.3243337,7.163359,7.3243337,24538.068
1996-02-20,ATO,7.3243337,7.3645773,7.3243337,7.3645773,73614.2
1996-02-21,ATO,7.28409,7.3645773,7.28409,7.3243337,17704.682
1996-02-22,ATO,7.361753,7.443098,7.32108,7.443098,31655.166
1996-02-23,ATO,7.361753,7.443098,7.361753,7.4024253,46099.754
1996-02-26,ATO,7.361753,7.443098,7.32108,7.443098,3720250.2
1996-02-27,ATO,7.361753,7.4024253,7.32108,7.361753,28889.18
1996-02-28,ATO,7.361753,7.443098,7.361753,7.4024253,45792.42
1996-02-29,ATO,7.361753,7.361753,7.2804074,7.361753,34421.152
1996-03-01,ATO,7.4024253,7.443098,7.361753,7.361753,22127.883
1996-03-04,ATO,7.361753,7.361753,7.361753,7.361753,7990.624
1996-03-05,ATO,7.361753,7.443098,7.361753,7.443098,26430.525
1996-03-06,ATO,7.443098,7.443098,7.4024253,7.4024253,28274.516
1996-03-07,ATO,7.443098,7.443098,7.4024253,7.443098,21820.55
1996-03-08,ATO,7.32108,7.32108,7.1583896,7.1990623,103878.12
1996-03-11,ATO,7.2804074,7.32108,7.1990623,7.2804074,39031.125
1996-03-12,ATO,7.2397346,7.32108,7.1583896,7.32108,61159.008
1996-03-13,ATO,7.32108,7.32108,7.1990623,7.2804074,27659.854
1996-03-14,ATO,7.2397346,7.2804074,7.1990623,7.1990623,24893.867
1996-03-15,ATO,7.1990623,7.2397346,7.1990623,7.2397346,49480.402
1996-03-18,ATO,7.2397346,7.2397346,7.1990623,7.2397346,14444.59
1996-03-19,ATO,7.1990623,7.2804074,7.1990623,7.2804074,18132.57
1996-03-20,ATO,7.2397346,7.32108,7.2397346,7.2804074,20591.225
1996-03-21,ATO,7.2804074,7.4024253,7.2804074,7.4024253,19054.564
1996-03-22,ATO,7.32108,7.443098,7.32108,7.361753,24893.867
1996-03-25,ATO,7.4024253,7.483771,7.4024253,7.483771,144445.9
1996-03-26,ATO,7.4024253,7.483771,7.4024253,7.483771,51324.395
1996-03-27,ATO,7.483771,7.483771,7.4024253,7.443098,21513.219
1996-03-28,ATO,7.361753,7.443098,7.361753,7.4024253,19976.56
1996-03-29,ATO,7.443098,7.483771,7.4024253,7.483771,109102.75
1996-04-01,ATO,7.483771,7.483771,7.4024253,7.483771,28889.18
1996-04-02,ATO,7.483771,7.5244436,7.443098,7.5244436,152436.52
1996-04-03,ATO,7.483771,7.6057887,7.483771,7.6057887,55627.04
1996-04-04,ATO,7.6464615,7.6464615,7.565116,7.565116,30733.17
1996-04-08,ATO,7.483771,7.6057887,7.483771,7.565116,60851.676
1996-04-09,ATO,7.565116,7.6464615,7.565116,7.565116,48251.08
1996-04-10,ATO,7.6464615,7.6871343,7.6057887,7.6464615,18132.57
1996-04-11,ATO,7.6464615,7.6871343,7.565116,7.565116,35957.81
1996-04-12,ATO,7.6464615,7.849825,7.6057887,7.809152,91277.516
1996-04-15,ATO,7.849825,7.93117,7.849825,7.93117,26123.195
1996-04-16,ATO,7.8904977,8.093861,7.8904977,8.093861,31040.502
1996-04-17,ATO,8.053188,8.175206,7.971843,8.093861,30425.838
1996-04-18,ATO,8.134534,8.622605,8.134534,8.459915,82672.23
1996-04-19,ATO,8.37857,8.419242,8.256552,8.297224,52553.723
1996-04-22,ATO,8.2158785,8.256552,8.053188,8.2158785,61159.008
1996-04-23,ATO,8.175206,8.2158785,8.134534,8.175206,43948.434
1996-04-24,ATO,8.297224,8.297224,8.053188,8.053188,32577.16
1996-04-25,ATO,8.053188,8.175206,8.053188,8.093861,9834.614
1996-04-26,ATO,8.093861,8.093861,7.971843,7.971843,19054.564
1996-04-29,ATO,7.971843,8.053188,7.971843,7.971843,18439.902
1996-04-30,ATO,7.971843,8.053188,7.971843,8.053188,31962.496
1996-05-01,ATO,8.093861,8.134534,8.012515,8.053188,30425.838
1996-05-02,ATO,8.012515,8.134534,8.012515,8.093861,15981.248
1996-05-03,ATO,8.175206,8.175206,8.012515,8.012515,14444.59
1996-05-06,ATO,8.012515,8.093861,8.012515,8.093861,9527.282
1996-05-07,ATO,8.053188,8.134534,8.053188,8.134534,18747.234
1996-05-08,ATO,8.012515,8.134534,7.971843,8.134534,39031.125
1996-05-09,ATO,8.134534,8.134534,8.012515,8.053188,13829.927
1996-05-10,ATO,8.012515,8.053188,8.012515,8.053188,80213.57
1996-05-13,ATO,7.971843,8.093861,7.971843,8.053188,19361.896
1996-05-14,ATO,8.012515,8.053188,8.012515,8.012515,22435.215
1996-05-15,ATO,7.971843,8.012515,7.8904977,7.93117,30425.838
1996-05-16,ATO,7.93117,7.93117,7.8904977,7.8904977,15673.917
1996-05-17,ATO,7.971843,7.971843,7.809152,7.8904977,13522.595
1996-05-20,ATO,7.849825,7.971843,7.849825,7.971843,7375.961
1996-05-21,ATO,7.971843,7.971843,7.8904977,7.93117,24893.867
1996-05-22,ATO,7.971843,7.971843,7.849825,7.93117,61466.34
1996-05-23,ATO,7.968961,8.010038,7.9278836,7.968961,37429.598
1996-05-24,ATO,7.968961,8.092193,7.968961,8.051115,24648.76
1996-05-28,ATO,7.968961,8.092193,7.968961,8.051115,23735.842
1996-05-29,ATO,8.010038,8.051115,7.968961,7.968961,20084.174
1996-05-30,ATO,7.968961,8.010038,7.9278836,7.9278836,15823.895
1996-05-31,ATO,7.968961,8.010038,7.9278836,7.9278836,16128.2
1996-06-03,ATO,7.968961,7.968961,7.8868065,7.968961,32865.01
1996-06-04,ATO,7.9278836,7.968961,7.8046527,7.84573,37125.293
1996-06-05,ATO,7.9278836,7.9278836,7.84573,7.9278836,16736.812
1996-06-06,ATO,7.84573,7.9278836,7.84573,7.84573,38038.207
1996-06-07,ATO,7.84573,7.84573,7.8046527,7.8046527,10650.698
1996-06-10,ATO,7.8046527,7.8868065,7.8046527,7.84573,18866.951
1996-06-11,ATO,7.84573,7.968961,7.84573,7.968961,24344.453
1996-06-12,ATO,8.010038,8.051115,7.9278836,7.968961,14606.672
1996-06-13,ATO,7.8868065,8.051115,7.8868065,8.010038,23127.23
1996-06-14,ATO,7.968961,8.092193,7.968961,8.092193,20692.785
1996-06-17,ATO,8.010038,8.092193,7.968961,8.051115,24040.148
1996-06-18,ATO,8.051115,8.174347,8.051115,8.174347,26778.898
1996-06-19,ATO,8.215424,8.215424,8.174347,8.174347,23431.537
1996-06-20,ATO,8.174347,8.215424,8.174347,8.174347,14910.978
1996-06-21,ATO,8.256501,8.297578,8.256501,8.256501,20084.174
1996-06-24,ATO,8.215424,8.585117,8.215424,8.544041,62686.97
1996-06-25,ATO,8.585117,8.708349,8.544041,8.708349,40168.348
1996-06-26,ATO,8.708349,8.83158,8.667272,8.83158,31952.096
1996-06-27,ATO,8.872658,9.201275,8.872658,9.201275,80641
1996-06-28,ATO,9.242352,10.187125,9.201275,10.063894,204493.4
1996-07-01,ATO,10.063894,10.063894,9.653123,9.6942,112593.1
1996-07-02,ATO,9.6942,9.6942,8.872658,8.954812,80641
1996-07-03,ATO,8.954812,8.954812,8.544041,8.585117,35299.457
1996-07-05,ATO,8.544041,8.544041,8.544041,8.544041,5781.8076
1996-07-08,ATO,8.461886,8.502963,8.379732,8.461886,56296.55
1996-07-09,ATO,8.544041,8.708349,8.544041,8.708349,52644.88
1996-07-10,ATO,8.667272,8.708349,8.585117,8.626195,11259.31
1996-07-11,ATO,8.626195,8.626195,8.461886,8.502963,11867.921
1996-07-12,ATO,8.585117,8.585117,8.502963,8.544041,20388.48
1996-07-15,ATO,8.544041,8.585117,8.502963,8.544041,19779.87
1996-07-16,ATO,8.585117,8.585117,8.461886,8.544041,183192.02
1996-07-17,ATO,8.502963,8.585117,8.461886,8.461886,15215.283
1996-07-18,ATO,8.544041,8.544041,8.502963,8.502963,9737.781
1996-07-19,ATO,8.544041,8.544041,8.502963,8.502963,8216.253
1996-07-22,ATO,8.502963,8.502963,7.3938813,7.4349585,620479.25
1996-07-23,ATO,7.4349585,7.4349585,7.1474185,7.1474185,269614.8
1996-07-24,ATO,7.065264,7.229573,7.065264,7.1884956,272962.2
1996-07-25,ATO,7.1884956,7.1884956,7.1474185,7.1474185,103159.625
1996-07-26,ATO,7.1884956,7.1884956,7.065264,7.065264,37429.598
1996-07-29,ATO,7.065264,7.065264,6.8598785,6.9009557,90987.4
1996-07-30,ATO,6.8598785,7.024187,6.8598785,6.98311,62382.664
1996-07-31,ATO,6.98311,7.024187,6.942033,7.024187,118070.6
1996-08-01,ATO,6.98311,7.599267,6.98311,7.4760356,215752.72
1996-08-02,ATO,7.55819,7.55819,7.5171127,7.5171127,176497.28
1996-08-05,ATO,7.55819,7.7635756,7.55819,7.7635756,126591.16
1996-08-06,ATO,7.7635756,7.7635756,7.7224984,7.7635756,52644.88
1996-08-07,ATO,7.7635756,7.8046527,7.7224984,7.7224984,25865.982
1996-08-08,ATO,7.7224984,7.7224984,7.599267,7.640344,50210.434
1996-08-09,ATO,7.599267,7.640344,7.27065,7.311727,98899.34
1996-08-12,ATO,7.311727,7.311727,7.27065,7.27065,50819.047
1996-08-13,ATO,7.311727,7.311727,7.27065,7.311727,34386.54
1996-08-14,ATO,7.311727,7.311727,7.27065,7.311727,50210.434
1996-08-15,ATO,7.311727,7.311727,7.27065,7.311727,27691.816
1996-08-16,ATO,7.311727,7.311727,7.27065,7.311727,22822.926
1996-08-19,ATO,7.27065,7.311727,7.27065,7.311727,14302.366
1996-08-20,ATO,7.311727,7.4760356,7.27065,7.4760356,156108.81
1996-08-21,ATO,7.4760356,7.4760356,7.352804,7.3938813,39255.43
1996-08-22,ATO,7.39056,7.43208,7.39056,7.39056,15354.047
1996-08-23,ATO,7.39056,7.43208,7.30752,7.39056,41245.184
1996-08-26,ATO,7.39056,7.51512,7.39056,7.4736,40944.125
1996-08-27,ATO,7.43208,7.43208,7.39056,7.39056,30708.094
1996-08-28,ATO,7.43208,7.4736,7.30752,7.43208,77071.29
1996-08-29,ATO,7.4736,7.59816,7.4736,7.5566397,127649.33
1996-08-30,ATO,7.59816,7.59816,7.5566397,7.59816,113198.46
1996-09-03,ATO,7.59816,7.76424,7.5566397,7.72272,194183.53
1996-09-04,ATO,7.72272,7.76424,7.72272,7.72272,61115.125
1996-09-05,ATO,7.72272,7.72272,7.6812,7.6812,98747.59
1996-09-06,ATO,7.72272,7.80576,7.6812,7.72272,55394.992
1996-09-09,ATO,7.76424,7.76424,7.76424,7.76424,49072.74
1996-09-10,ATO,7.76424,7.97184,7.76424,7.93032,61416.188
1996-09-11,ATO,7.8887997,7.93032,7.8887997,7.93032,62620.426
1996-09-12,ATO,7.8887997,8.01336,7.8887997,8.01336,61115.125
1996-09-13,ATO,8.01336,8.01336,7.97184,8.01336,6623.314
1996-09-16,ATO,7.93032,7.97184,7.93032,7.97184,132466.28
1996-09-17,ATO,7.8887997,7.93032,7.84728,7.8887997,70447.98
1996-09-18,ATO,7.8887997,7.8887997,7.84728,7.8887997,33417.63
1996-09-19,ATO,7.84728,7.8887997,7.76424,7.80576,70447.98
1996-09-20,ATO,7.76424,7.80576,7.76424,7.80576,77673.414
1996-09-23,ATO,7.76424,7.76424,7.72272,7.76424,23783.719
1996-09-24,ATO,7.76424,7.76424,7.72272,7.76424,43954.723
1996-09-25,ATO,7.76424,7.76424,7.72272,7.72272,74060.695
1996-09-26,ATO,7.76424,7.76424,7.72272,7.72272,138186.42
1996-09-27,ATO,7.76424,7.76424,7.72272,7.72272,3612.7168
1996-09-30,ATO,7.72272,7.76424,7.72272,7.76424,27396.436
1996-10-01,ATO,7.76424,7.8887997,7.6812,7.84728,67437.38
1996-10-02,ATO,7.8887997,7.8887997,7.72272,7.76424,63523.605
1996-10-03,ATO,7.76424,7.76424,7.72272,7.76424,17762.523
1996-10-04,ATO,7.72272,7.76424,7.72272,7.76424,27998.555
1996-10-07,ATO,7.72272,7.76424,7.72272,7.76424,15655.106
1996-10-08,ATO,7.72272,7.76424,7.6812,7.6812,41546.242
1996-10-09,ATO,7.6812,7.72272,7.6812,7.72272,14751.927
1996-10-10,ATO,7.6812,7.72272,7.63968,7.63968,24385.838
1996-10-11,ATO,7.63968,7.6812,7.63968,7.6812,12644.509
1996-10-14,ATO,7.63968,7.6812,7.63968,7.63968,11741.33
1996-10-15,ATO,7.6812,7.72272,7.63968,7.63968,40040.945
1996-10-16,ATO,7.63968,7.6812,7.51512,7.51512,31912.332
1996-10-17,ATO,7.5566397,7.6812,7.5566397,7.6812,75264.93
1996-10-18,ATO,7.6812,7.84728,7.63968,7.80576,44556.84
1996-10-21,ATO,7.72272,7.84728,7.6812,7.72272,36127.168
1996-10-22,ATO,7.76424,7.76424,7.5566397,7.5566397,29804.914
1996-10-23,ATO,7.5566397,7.59816,7.5566397,7.59816,18063.584
1996-10-24,ATO,7.59816,7.6812,7.5566397,7.6812,74963.875
1996-10-25,ATO,7.63968,7.6812,7.63968,7.6812,28901.734
1996-10-28,ATO,7.63968,7.72272,7.59816,7.59816,11741.33
1996-10-29,ATO,7.59816,7.72272,7.59816,7.72272,13547.688
1996-10-30,ATO,7.72272,7.72272,7.6812,7.6812,40040.945
1996-10-31,ATO,7.72272,7.8887997,7.6812,7.8887997,55394.992
1996-11-01,ATO,7.8887997,7.93032,7.84728,7.8887997,169797.69
1996-11-04,ATO,7.80576,7.80576,7.76424,7.80576,16257.226
1996-11-05,ATO,7.72272,7.72272,7.63968,7.6812,21977.361
1996-11-06,ATO,7.6812,7.6812,7.63968,7.6812,90016.86
1996-11-07,ATO,7.6812,7.6812,7.63968,7.6812,26493.256
1996-11-08,ATO,7.63968,7.63968,7.59816,7.59816,20472.062
1996-11-11,ATO,7.63968,7.63968,7.59816,7.63968,10236.031
1996-11-12,ATO,7.63968,7.63968,7.59816,7.59816,36729.29
1996-11-13,ATO,7.59816,7.63968,7.5566397,7.5566397,35223.99
1996-11-14,ATO,7.5566397,7.59816,7.5566397,7.5566397,29503.854
1996-11-15,ATO,7.59816,7.59816,7.51512,7.51512,17461.465
1996-11-18,ATO,7.5566397,7.5566397,7.51512,7.5566397,27998.555
1996-11-19,ATO,7.51512,7.5566397,7.39056,7.43208,43352.6
1996-11-20,ATO,7.43208,7.4736,7.39056,7.43208,99951.83
1996-11-21,ATO,7.516058,7.516058,7.3900905,7.43208,41677.434
1996-11-22,ATO,7.43208,7.43208,7.3900905,7.3900905,65195.41
1996-11-25,ATO,7.43208,7.8099823,7.43208,7.8099823,157481.16
1996-11-26,ATO,7.8099823,7.93595,7.8099823,7.8939605,34830.426
1996-11-27,ATO,7.851971,8.313852,7.851971,8.271863,137833.22
1996-11-29,ATO,8.271863,8.271863,8.229874,8.271863,5358.527
1996-12-02,ATO,8.271863,8.271863,8.229874,8.271863,27090.33
1996-12-03,ATO,8.229874,8.229874,8.061917,8.061917,46440.566
1996-12-04,ATO,8.103907,8.145895,7.851971,7.8939605,139619.39
1996-12-05,ATO,7.93595,7.93595,7.851971,7.851971,121162.25
1996-12-06,ATO,7.767993,7.767993,7.6000366,7.6000366,58646.1
1996-12-09,ATO,7.6420255,7.7260036,7.6000366,7.684015,30960.379
1996-12-10,ATO,7.684015,7.767993,7.6420255,7.767993,100323.53
1996-12-11,ATO,7.684015,7.7260036,7.6420255,7.7260036,30364.986
1996-12-12,ATO,7.8099823,7.93595,7.7260036,7.8939605,229821.27
1996-12-13,ATO,7.93595,8.019928,7.8939605,7.9779387,239049.84
1996-12-16,ATO,7.93595,7.9779387,7.93595,7.93595,59241.492
1996-12-17,ATO,7.93595,7.9779387,7.8939605,7.8939605,60729.973
1996-12-18,ATO,7.8939605,7.93595,7.8099823,7.8099823,18457.148
1996-12-19,ATO,7.851971,7.8939605,7.767993,7.851971,29471.898
1996-12-20,ATO,7.767993,7.851971,7.7260036,7.8099823,54478.36
1996-12-23,ATO,7.767993,7.8939605,7.684015,7.8939605,42272.824
1996-12-24,ATO,7.8939605,7.93595,7.8939605,7.93595,4167.743
1996-12-26,ATO,7.93595,8.019928,7.93595,7.9779387,27685.723
1996-12-27,ATO,7.9779387,8.019928,7.93595,8.019928,19647.932
1996-12-30,ATO,8.019928,8.019928,7.9779387,8.019928,23220.283
1996-12-31,ATO,8.019928,8.019928,7.8939605,8.019928,54180.66
1997-01-02,ATO,8.061917,8.061917,7.93595,7.93595,33937.336
1997-01-03,ATO,7.9779387,7.9779387,7.851971,7.8939605,30364.986
1997-01-06,ATO,7.8939605,7.93595,7.8939605,7.93595,50012.918
1997-01-07,ATO,7.93595,7.93595,7.851971,7.851971,14587.102
1997-01-08,ATO,7.8939605,7.8939605,7.851971,7.8939605,15480.189
1997-01-09,ATO,7.93595,8.061917,7.851971,8.019928,29769.594
1997-01-10,ATO,7.93595,7.93595,7.8939605,7.8939605,27983.418
1997-01-13,ATO,7.93595,7.93595,7.851971,7.851971,44356.695
1997-01-14,ATO,7.851971,7.851971,7.7260036,7.767993,69065.46
1997-01-15,ATO,7.8099823,7.851971,7.6000366,7.684015,95858.09
1997-01-16,ATO,7.684015,7.8099823,7.6420255,7.767993,83950.26
1997-01-17,ATO,7.684015,7.851971,7.684015,7.851971,49715.223
1997-01-20,ATO,7.8939605,7.93595,7.8099823,7.8099823,58348.406
1997-01-21,ATO,7.767993,7.8099823,7.6000366,7.6420255,65195.41
1997-01-22,ATO,7.684015,7.684015,7.43208,7.6000366,86629.516
1997-01-23,ATO,7.6000366,7.6420255,7.6000366,7.6000366,41379.734
1997-01-24,ATO,7.5580473,7.6000366,7.5580473,7.6000366,46142.87
1997-01-27,ATO,7.6420255,7.7260036,7.6000366,7.7260036,86034.125
1997-01-28,ATO,7.7260036,7.8099823,7.7260036,7.8099823,138428.61
1997-01-29,ATO,7.8099823,7.8099823,7.684015,7.684015,16670.973
1997-01-30,ATO,7.6420255,7.684015,7.6420255,7.6420255,62813.844
1997-01-31,ATO,7.6000366,7.684015,7.6000366,7.6420255,57455.316
1997-02-03,ATO,7.6420255,7.8099823,7.5580473,7.684015,83950.26
1997-02-04,ATO,7.767993,7.9779387,7.7260036,7.93595,138428.61
1997-02-05,ATO,7.9779387,7.9779387,7.8939605,7.93595,197670.11
1997-02-06,ATO,7.93595,7.93595,7.8939605,7.8939605,31258.074
1997-02-07,ATO,7.93595,8.061917,7.93595,8.061917,121757.64
1997-02-10,ATO,8.061917,8.061917,7.9779387,7.9779387,100323.53
1997-02-11,ATO,8.019928,8.019928,7.9779387,7.9779387,66981.586
1997-02-12,ATO,7.9779387,8.019928,7.8939605,7.8939605,77400.945
1997-02-13,ATO,7.93595,7.93595,7.8939605,7.8939605,59539.188
1997-02-14,ATO,7.93595,7.93595,7.8939605,7.93595,209280.25
1997-02-18,ATO,7.8939605,8.061917,7.8099823,7.9779387,314962.3
1997-02-19,ATO,8.019928,8.061917,7.9779387,8.061917,80080.21
1997-02-20,ATO,8.061917,8.061917,7.9779387,7.9779387,85141.04
1997-02-21,ATO,8.020374,8.105247,8.020374,8.105247,56850.527
1997-02-24,ATO,8.105247,8.147682,8.06281,8.147682,125778.11
1997-02-25,ATO,8.147682,8.190118,8.105247,8.147682,278655.94
1997-02-26,ATO,8.06281,8.402297,8.06281,8.359861,113995.61
1997-02-27,ATO,8.402297,8.402297,8.190118,8.2325535,205309.92
1997-02-28,ATO,8.274989,8.317426,8.190118,8.317426,130785.664
1997-03-03,ATO,8.274989,8.274989,8.2325535,8.274989,141979.03
1997-03-04,ATO,8.274989,8.317426,8.2325535,8.317426,55377.715
1997-03-05,ATO,8.317426,8.402297,8.274989,8.359861,116646.67
1997-03-06,ATO,8.402297,8.402297,8.317426,8.317426,57145.086
1997-03-07,ATO,8.359861,8.444733,8.317426,8.359861,113111.93
1997-03-10,ATO,8.359861,8.359861,8.317426,8.359861,29750.793
1997-03-11,ATO,8.359861,8.359861,8.2325535,8.274989,59501.586
1997-03-12,ATO,8.190118,8.274989,8.190118,8.2325535,203248
1997-03-13,ATO,8.2325535,8.359861,8.2325535,8.359861,58323.336
1997-03-14,ATO,8.359861,8.487168,8.359861,8.487168,32990.977
1997-03-17,ATO,8.402297,8.572041,8.402297,8.572041,66571.08
1997-03-18,ATO,8.487168,8.6993475,8.487168,8.614476,73051.45
1997-03-19,ATO,8.572041,8.78422,8.572041,8.78422,70400.39
1997-03-20,ATO,8.741784,8.78422,8.741784,8.78422,35052.914
1997-03-21,ATO,8.78422,8.911527,8.656912,8.869091,99856.625
1997-03-24,ATO,8.869091,8.869091,8.78422,8.826655,73051.45
1997-03-25,ATO,8.78422,8.826655,8.78422,8.78422,36820.29
1997-03-26,ATO,8.826655,8.826655,8.656912,8.6993475,25037.797
1997-03-27,ATO,8.614476,8.6993475,8.572041,8.614476,46246.28
1997-03-31,ATO,8.572041,8.614476,8.572041,8.614476,40355.035
1997-04-01,ATO,8.572041,8.572041,8.359861,8.402297,54199.465
1997-04-02,ATO,8.317426,8.317426,8.2325535,8.2325535,20913.924
1997-04-03,ATO,8.2325535,8.274989,8.190118,8.2325535,40060.473
1997-04-04,ATO,8.2325535,8.2325535,8.020374,8.020374,56850.527
1997-04-07,ATO,8.020374,8.06281,7.9779387,8.020374,32696.416
1997-04-08,ATO,8.020374,8.06281,7.9779387,8.020374,70694.95
1997-04-09,ATO,7.9779387,8.2325535,7.9779387,8.190118,66276.516
1997-04-10,ATO,8.147682,8.190118,8.147682,8.147682,59796.15
1997-04-11,ATO,8.190118,8.190118,8.105247,8.105247,75997.08
1997-04-14,ATO,8.190118,8.2325535,8.105247,8.2325535,85128.51
1997-04-15,ATO,8.190118,8.2325535,8.105247,8.105247,129018.29
1997-04-16,ATO,8.06281,8.2325535,8.06281,8.147682,47424.53
1997-04-17,ATO,8.105247,8.105247,8.020374,8.06281,48602.78
1997-04-18,ATO,8.147682,8.190118,8.105247,8.147682,53904.902
1997-04-21,ATO,8.105247,8.2325535,8.105247,8.190118,90725.19
1997-04-22,ATO,8.190118,8.190118,8.147682,8.147682,42416.973
1997-04-23,ATO,8.2325535,8.2325535,8.06281,8.06281,24154.11
1997-04-24,ATO,7.9779387,8.105247,7.9779387,8.06281,25037.797
1997-04-25,ATO,8.06281,8.06281,7.9779387,7.9779387,16200.927
1997-04-28,ATO,7.9779387,8.020374,7.893067,7.893067,44184.348
1997-04-29,ATO,7.9355025,7.9779387,7.850631,7.850631,43595.223
1997-04-30,ATO,7.850631,7.9355025,7.6808877,7.6808877,34758.35
1997-05-01,ATO,7.7657595,7.7657595,7.6808877,7.6808877,52432.09
1997-05-02,ATO,7.7233233,7.7233233,7.638452,7.6808877,52432.09
1997-05-05,ATO,7.7657595,7.893067,7.638452,7.850631,84833.945
1997-05-06,ATO,7.893067,8.020374,7.850631,7.9779387,194116.56
1997-05-07,ATO,7.9355025,7.9779387,7.893067,7.9355025,14138.991
1997-05-08,ATO,7.850631,7.9355025,7.808195,7.808195,15022.678
1997-05-09,ATO,7.808195,7.850631,7.7233233,7.7657595,22092.174
1997-05-12,ATO,7.7657595,7.808195,7.7233233,7.7657595,19441.113
1997-05-13,ATO,7.7657595,7.808195,7.7657595,7.7657595,38293.1
1997-05-14,ATO,7.7657595,7.808195,7.7233233,7.7657595,105747.87
1997-05-15,ATO,7.6808877,7.7233233,7.638452,7.6808877,65392.832
1997-05-16,ATO,7.7233233,7.808195,7.6808877,7.808195,59207.023
1997-05-19,ATO,7.7657595,7.9779387,7.7657595,7.893067,56555.965
1997-05-20,ATO,7.9355025,7.9355025,7.808195,7.893067,38587.664
1997-05-21,ATO,7.9355025,7.9355025,7.7657595,7.808195,59207.023
1997-05-22,ATO,7.8510976,7.9369016,7.808195,7.8939996,80124.15
1997-05-23,ATO,7.8939996,7.9369016,7.8939996,7.9369016,34089.184
1997-05-27,ATO,7.8939996,7.979804,7.8939996,7.979804,38459.59
1997-05-28,ATO,7.979804,7.979804,7.9369016,7.979804,30884.217
1997-05-29,ATO,7.9369016,7.979804,7.9369016,7.9369016,30301.496
1997-05-30,ATO,7.979804,7.979804,7.8939996,7.9369016,41081.836
1997-06-02,ATO,7.9369016,8.022706,7.9369016,8.022706,45452.246
1997-06-03,ATO,8.022706,8.10851,8.022706,8.022706,84494.555
1997-06-04,ATO,8.065608,8.10851,8.022706,8.065608,30592.857
1997-06-05,ATO,8.10851,8.194315,8.10851,8.194315,27679.252
1997-06-06,ATO,8.194315,8.237217,8.151413,8.194315,40207.754
1997-06-09,ATO,8.323021,8.408826,8.280119,8.365924,60311.633
1997-06-10,ATO,8.408826,8.537532,8.365924,8.537532,100810.75
1997-06-11,ATO,8.666239,8.752043,8.580435,8.623337,66430.2
1997-06-12,ATO,8.623337,8.623337,8.537532,8.623337,39333.67
1997-06-13,ATO,8.537532,8.580435,8.49463,8.537532,42830
1997-06-16,ATO,8.49463,8.537532,8.451728,8.537532,86825.445
1997-06-17,ATO,8.537532,8.537532,8.408826,8.49463,36711.43
1997-06-18,ATO,8.49463,8.49463,8.365924,8.408826,38459.59
1997-06-19,ATO,8.408826,8.49463,8.408826,8.49463,34089.184
1997-06-20,ATO,8.49463,8.49463,8.365924,8.365924,76919.18
1997-06-23,ATO,8.451728,8.537532,8.451728,8.49463,14568.027
1997-06-24,ATO,8.516081,8.516081,8.280119,8.280119,101393.47
1997-06-25,ATO,8.323021,8.323021,8.237217,8.280119,60311.633
1997-06-26,ATO,8.280119,8.323021,8.151413,8.172864,49822.652
1997-06-27,ATO,8.172864,8.194315,8.087059,8.151413,71674.695
1997-06-30,ATO,8.10851,8.323021,8.10851,8.237217,80998.234
1997-07-01,ATO,8.237217,8.365924,8.151413,8.215766,67595.65
1997-07-02,ATO,8.280119,8.323021,8.194315,8.215766,33215.1
1997-07-03,ATO,8.215766,8.280119,8.065608,8.194315,37876.87
1997-07-07,ATO,8.10851,8.280119,8.065608,8.280119,34089.184
1997-07-08,ATO,8.280119,8.280119,8.237217,8.237217,35837.348
1997-07-09,ATO,8.323021,8.323021,8.151413,8.151413,37002.79
1997-07-10,ATO,8.194315,8.215766,8.10851,8.194315,19229.795
1997-07-11,ATO,8.215766,8.408826,8.172864,8.323021,26513.809
1997-07-14,ATO,8.258668,8.323021,8.172864,8.323021,49822.652
1997-07-15,ATO,8.323021,8.323021,8.258668,8.258668,31175.578
1997-07-16,ATO,8.280119,8.451728,8.280119,8.387375,61768.434
1997-07-17,ATO,8.365924,8.387375,8.280119,8.30157,20977.959
1997-07-18,ATO,8.30157,8.408826,8.237217,8.387375,120623.266
1997-07-21,ATO,8.30157,8.344472,8.237217,8.280119,56232.586
1997-07-22,ATO,8.344472,8.387375,8.323021,8.323021,80124.15
1997-07-23,ATO,8.323021,8.430277,8.323021,8.408826,154129.73
1997-07-24,ATO,8.408826,8.451728,8.408826,8.408826,29718.775
1997-07-25,ATO,8.430277,8.430277,8.280119,8.280119,62351.156
1997-07-28,ATO,8.323021,8.365924,8.172864,8.280119,30592.857
1997-07-29,ATO,8.280119,8.365924,8.280119,8.323021,30301.496
1997-07-30,ATO,8.280119,8.323021,8.172864,8.237217,25057.006
1997-07-31,ATO,8.237217,8.30157,8.194315,8.258668,39625.035
1997-08-01,ATO,8.323021,8.365924,8.280119,8.365924,107803.4
1997-08-04,ATO,8.365924,8.365924,8.258668,8.280119,99353.945
1997-08-05,ATO,8.30157,8.365924,8.280119,8.365924,73131.5
1997-08-06,ATO,8.30157,8.387375,8.280119,8.387375,62642.516
1997-08-07,ATO,8.387375,8.387375,8.258668,8.258668,252026.88
1997-08-08,ATO,8.258668,8.323021,8.258668,8.258668,38168.23
1997-08-11,ATO,8.258668,8.280119,8.258668,8.280119,145097.55
1997-08-12,ATO,8.30157,8.344472,8.280119,8.280119,47491.77
1997-08-13,ATO,8.323021,8.408826,8.280119,8.408826,71383.336
1997-08-14,ATO,8.408826,8.623337,8.408826,8.623337,125285.03
1997-08-15,ATO,8.709141,9.009456,8.473179,8.516081,166949.6
1997-08-18,ATO,8.580435,8.709141,8.580435,8.644788,140144.42
1997-08-19,ATO,8.709141,8.988005,8.623337,8.945103,168697.75
1997-08-20,ATO,8.923652,9.009456,8.837848,8.966554,82746.39
1997-08-21,ATO,9.011612,9.098263,8.924962,8.98995,92036.805
1997-08-22,ATO,9.011612,9.098263,8.924962,9.0766,87132.02
1997-08-25,ATO,9.054937,9.488188,9.054937,9.358212,179168.83
1997-08-26,ATO,9.314888,9.5098505,9.293225,9.488188,276975.97
1997-08-27,ATO,9.488188,9.531513,9.423201,9.423201,88286.086
1997-08-28,ATO,9.466525,9.68315,9.401538,9.401538,72129.16
1997-08-29,ATO,9.401538,9.444863,9.401538,9.444863,30294.246
1997-09-02,ATO,9.423201,9.661489,9.401538,9.574838,75591.36
1997-09-03,ATO,9.488188,9.488188,9.314888,9.358212,59434.426
1997-09-04,ATO,9.358212,9.358212,8.751662,8.924962,114252.586
1997-09-05,ATO,9.098263,9.119925,8.968287,9.011612,164743
1997-09-08,ATO,8.968287,9.358212,8.924962,9.2499,67224.375
1997-09-09,ATO,9.336551,9.423201,9.206575,9.379875,116849.234
1997-09-10,ATO,9.314888,9.379875,9.314888,9.336551,82515.76
1997-09-11,ATO,9.358212,9.358212,9.2499,9.358212,76168.39
1997-09-12,ATO,9.358212,9.379875,9.293225,9.379875,52798.543
1997-09-15,ATO,9.336551,9.379875,9.098263,9.119925,50490.41
1997-09-16,ATO,9.206575,9.444863,9.206575,9.444863,87709.055
1997-09-17,ATO,9.444863,9.531513,9.358212,9.531513,76745.42
1997-09-18,ATO,9.444863,9.5098505,9.141587,9.16325,33756.445
1997-09-19,ATO,8.98995,9.119925,8.903299,8.903299,83381.305
1997-09-22,ATO,8.816649,9.054937,8.491712,8.491712,139065.02
1997-09-23,ATO,8.491712,8.838312,8.491712,8.838312,131275.06
1997-09-24,ATO,8.838312,8.881638,8.751662,8.816649,59145.91
1997-09-25,ATO,8.859975,8.98995,8.838312,8.859975,63473.66
1997-09-26,ATO,8.859975,9.011612,8.859975,8.881638,59722.94
1997-09-29,ATO,8.968287,9.271563,8.816649,8.838312,80784.66
1997-09-30,ATO,8.773324,8.794987,8.600024,8.621687,97807.14
1997-10-01,ATO,8.665011,8.98995,8.665011,8.903299,81938.72
1997-10-02,ATO,8.816649,9.011612,8.816649,8.924962,45297.11
1997-10-03,ATO,8.98995,8.98995,8.816649,8.924962,66647.34
1997-10-06,ATO,8.924962,8.924962,8.621687,8.838312,89440.16
1997-10-07,ATO,8.794987,8.924962,8.794987,8.859975,40680.844
1997-10-08,ATO,8.859975,8.924962,8.773324,8.859975,49047.83
1997-10-09,ATO,8.903299,8.924962,8.816649,8.924962,77033.94
1997-10-10,ATO,8.881638,8.98995,8.838312,8.903299,99538.234
1997-10-13,ATO,8.924962,8.924962,8.73,8.794987,58857.39
1997-10-14,ATO,8.838312,8.924962,8.708337,8.859975,64050.69
1997-10-15,ATO,8.838312,8.903299,8.686674,8.708337,34333.48
1997-10-16,ATO,8.64335,8.665011,8.491712,8.556699,113964.07
1997-10-17,ATO,8.426724,9.0766,8.405062,8.64335,208597.52
1997-10-20,ATO,8.64335,8.859975,8.621687,8.838312,50201.895
1997-10-21,ATO,8.903299,8.903299,8.838312,8.859975,23369.848
1997-10-22,ATO,8.859975,8.903299,8.686674,8.773324,47893.76
1997-10-23,ATO,8.686674,8.773324,8.513374,8.535037,77610.98
1997-10-24,ATO,8.600024,8.73,8.535037,8.708337,40103.812
1997-10-27,ATO,8.64335,8.751662,8.535037,8.535037,72417.67
1997-10-28,ATO,8.491712,9.054937,8.426724,9.011612,139065.02
1997-10-29,ATO,8.924962,9.011612,8.773324,8.903299,89151.64
1997-10-30,ATO,8.816649,8.838312,8.708337,8.708337,66070.305
1997-10-31,ATO,8.665011,8.751662,8.5783615,8.751662,39815.293
1997-11-03,ATO,8.838312,8.946625,8.816649,8.903299,55683.71
1997-11-04,ATO,8.903299,8.903299,8.73,8.794987,48182.277
1997-11-05,ATO,8.751662,8.773324,8.708337,8.773324,23081.33
1997-11-06,ATO,8.773324,8.773324,8.5783615,8.708337,45585.63
1997-11-07,ATO,8.708337,8.708337,8.621687,8.708337,65781.79
1997-11-10,ATO,8.794987,8.838312,8.600024,8.621687,49336.344
1997-11-11,ATO,8.64335,8.773324,8.64335,8.773324,43566.01
1997-11-12,ATO,8.708337,8.773324,8.708337,8.751662,52510.027
1997-11-13,ATO,8.816649,8.816649,8.5783615,8.621687,123773.63
1997-11-14,ATO,8.621687,8.73,8.491712,8.708337,117714.78
1997-11-17,ATO,8.665011,8.968287,8.665011,8.946625,138199.47
1997-11-18,ATO,8.98995,9.033275,8.946625,8.946625,130986.55
1997-11-19,ATO,8.946625,9.16325,8.859975,9.011612,58568.875
1997-11-20,ATO,9.011612,9.401538,9.011612,9.401538,141661.67
1997-11-21,ATO,9.450541,9.450541,9.363035,9.384912,95423.11
1997-11-24,ATO,9.384912,9.450541,9.3192835,9.384912,73710.07
1997-11-25,ATO,9.428664,9.428664,9.3192835,9.3192835,62567.848
1997-11-26,ATO,9.363035,9.363035,9.2536545,9.275531,28855.492
1997-11-28,ATO,9.297407,9.3192835,9.275531,9.297407,63996.34
1997-12-01,ATO,9.2536545,9.428664,9.2536545,9.384912,113707.78
1997-12-02,ATO,9.384912,9.384912,9.231778,9.297407,45425.973
1997-12-03,ATO,9.3192835,9.428664,9.231778,9.428664,66281.92
1997-12-04,ATO,9.406788,9.406788,9.3192835,9.363035,46854.46
1997-12-05,ATO,9.384912,9.428664,9.363035,9.428664,44568.88
1997-12-08,ATO,9.428664,9.472417,9.406788,9.472417,69995.99
1997-12-09,ATO,9.472417,9.51617,9.406788,9.51617,59710.87
1997-12-10,ATO,9.494293,9.51617,9.406788,9.428664,41426.203
1997-12-11,ATO,9.428664,9.428664,9.231778,9.363035,51997.027
1997-12-12,ATO,9.363035,9.51617,9.341159,9.51617,63424.94
1997-12-15,ATO,9.450541,9.494293,9.406788,9.494293,46854.46
1997-12-16,ATO,9.494293,9.756808,9.494293,9.62555,326838.44
1997-12-17,ATO,9.713056,9.756808,9.669303,9.691179,31141.076
1997-12-18,ATO,9.691179,9.713056,9.647427,9.691179,64567.734
1997-12-19,ATO,9.778685,9.997447,9.669303,9.975571,301411.34
1997-12-22,ATO,9.975571,10.281838,9.975571,10.281838,110850.805
1997-12-23,ATO,10.194333,10.238086,10.194333,10.216209,37140.734
1997-12-24,ATO,10.238086,10.238086,10.063076,10.063076,14284.897
1997-12-26,ATO,10.128704,10.128704,9.975571,10.084951,22855.836
1997-12-29,ATO,10.128704,10.391219,10.128704,10.391219,101422.77
1997-12-30,ATO,10.413095,10.675611,10.413095,10.653734,219701.72
1997-12-31,ATO,10.56623,10.588105,10.4787245,10.588105,55996.797
1998-01-02,ATO,10.369343,10.369343,9.844313,10.084951,249985.7
1998-01-05,ATO,10.019323,10.019323,9.581799,10.019323,263699.2
1998-01-06,ATO,9.975571,10.019323,9.800561,9.975571,293697.5
1998-01-07,ATO,9.953694,10.084951,9.800561,9.844313,538540.6
1998-01-08,ATO,9.800561,9.931818,9.713056,9.888065,245414.53
1998-01-09,ATO,9.844313,9.844313,9.450541,9.472417,92566.13
1998-01-12,ATO,9.450541,10.019323,9.3192835,9.931818,161705.03
1998-01-13,ATO,9.953694,9.997447,9.756808,9.975571,134849.42
1998-01-14,ATO,9.931818,9.975571,9.888065,9.909942,176561.33
1998-01-15,ATO,9.888065,9.975571,9.844313,9.931818,406262.47
1998-01-16,ATO,9.931818,10.019323,9.931818,9.975571,83138.1
1998-01-20,ATO,9.975571,9.975571,9.888065,9.888065,44568.88
1998-01-21,ATO,9.888065,9.909942,9.603674,9.669303,113993.48
1998-01-22,ATO,9.713056,9.734932,9.559922,9.581799,35426.543
1998-01-23,ATO,9.494293,9.559922,9.472417,9.494293,23998.627
1998-01-26,ATO,9.494293,9.51617,9.231778,9.3192835,92566.13
1998-01-27,ATO,9.2536545,9.450541,9.2536545,9.341159,52282.723
1998-01-28,ATO,9.3192835,9.406788,9.3192835,9.406788,38854.92
1998-01-29,ATO,9.472417,9.538046,9.450541,9.538046,53139.816
1998-01-30,ATO,9.494293,9.975571,9.494293,9.975571,234272.31
1998-02-02,ATO,9.997447,9.997447,9.581799,9.647427,124278.6
1998-02-03,ATO,9.62555,9.691179,9.581799,9.581799,30283.982
1998-02-04,ATO,9.581799,9.669303,9.450541,9.494293,99994.28
1998-02-05,ATO,9.472417,9.538046,9.341159,9.384912,29141.19
1998-02-06,ATO,9.384912,9.428664,9.363035,9.406788,71424.484
1998-02-09,ATO,9.3192835,9.363035,9.122396,9.188025,53425.516
1998-02-10,ATO,9.144273,9.2536545,9.144273,9.209902,56568.19
1998-02-11,ATO,9.450541,9.51617,9.428664,9.51617,120564.53
1998-02-12,ATO,9.51617,9.844313,9.51617,9.691179,150848.52
1998-02-13,ATO,9.713056,9.888065,9.669303,9.866189,136277.92
1998-02-17,ATO,9.931818,10.063076,9.888065,10.063076,115136.27
1998-02-18,ATO,10.019323,10.063076,9.953694,10.019323,132849.55
1998-02-19,ATO,9.975571,9.997447,9.931818,9.997447,53996.91
1998-02-20,ATO,9.931818,10.106828,9.931818,10.106828,81138.22
1998-02-23,ATO,10.067969,10.112126,9.935495,10.067969,95396.6
1998-02-24,ATO,10.023811,10.112126,9.935495,10.067969,83790.484
1998-02-25,ATO,10.023811,10.067969,9.935495,10.04589,70202.836
1998-02-26,ATO,10.067969,10.288757,10.067969,10.266679,110116.55
1998-02-27,ATO,10.2446,10.2446,10.023811,10.134206,59162.875
1998-03-02,ATO,10.178363,10.377073,10.178363,10.332915,136725.69
1998-03-03,ATO,10.288757,10.421231,10.2446,10.421231,74732.055
1998-03-04,ATO,10.421231,10.708257,10.421231,10.708257,266091.4
1998-03-05,ATO,10.686177,10.686177,10.509546,10.509546,64541.32
1998-03-06,ATO,10.465388,10.509546,10.288757,10.288757,42461.395
1998-03-09,ATO,10.288757,10.509546,10.2446,10.487468,57747.496
1998-03-10,ATO,10.399152,10.421231,10.288757,10.377073,155125.62
1998-03-11,ATO,10.332915,10.575783,10.288757,10.487468,92282.766
1998-03-12,ATO,10.509546,10.531626,10.332915,10.421231,20098.393
1998-03-13,ATO,10.377073,10.377073,10.112126,10.156284,75864.36
1998-03-16,ATO,10.067969,10.222521,10.067969,10.156284,113796.54
1998-03-17,ATO,10.067969,10.134206,10.001732,10.090048,21513.773
1998-03-18,ATO,10.04589,10.2446,10.023811,10.222521,36516.8
1998-03-19,ATO,10.2446,10.2446,10.134206,10.134206,37932.18
1998-03-20,ATO,10.156284,10.178363,10.112126,10.112126,55199.812
1998-03-23,ATO,10.112126,10.575783,10.112126,10.553704,383284.84
1998-03-24,ATO,10.553704,10.553704,10.288757,10.310837,61144.406
1998-03-25,ATO,10.2446,10.354995,10.067969,10.222521,43876.773
1998-03-26,ATO,10.200442,10.222521,10.067969,10.178363,40762.938
1998-03-27,ATO,10.178363,10.266679,10.156284,10.222521,30006.053
1998-03-30,ATO,10.200442,10.266679,10.067969,10.266679,99076.586
1998-03-31,ATO,10.222521,10.509546,10.222521,10.465388,106153.484
1998-04-01,ATO,10.487468,10.686177,10.465388,10.664099,103039.65
1998-04-02,ATO,10.619941,10.686177,10.465388,10.686177,67938.234
1998-04-03,ATO,10.664099,10.686177,10.465388,10.509546,32270.66
1998-04-06,ATO,10.465388,10.531626,10.421231,10.44331,61427.484
1998-04-07,ATO,10.44331,10.487468,10.288757,10.310837,95962.75
1998-04-08,ATO,10.266679,10.421231,10.2446,10.2446,63409.016
1998-04-09,ATO,10.465388,10.465388,10.288757,10.377073,89452.01
1998-04-13,ATO,10.310837,10.575783,10.310837,10.465388,63692.094
1998-04-14,ATO,10.377073,10.509546,10.288757,10.332915,52935.207
1998-04-15,ATO,10.597862,10.597862,10.44331,10.465388,86621.24
1998-04-16,ATO,10.44331,10.465388,10.377073,10.465388,102473.5
1998-04-17,ATO,10.421231,10.509546,10.421231,10.44331,26892.217
1998-04-20,ATO,10.44331,10.487468,10.377073,10.44331,60012.105
1998-04-21,ATO,10.421231,10.575783,10.421231,10.575783,61144.406
1998-04-22,ATO,10.531626,10.597862,10.509546,10.553704,38215.254
1998-04-23,ATO,10.575783,10.575783,10.487468,10.531626,75298.2
1998-04-24,ATO,10.465388,10.465388,10.200442,10.266679,142670.28
1998-04-27,ATO,10.222521,10.266679,9.913417,10.178363,65956.7
1998-04-28,ATO,10.134206,10.509546,10.134206,10.465388,72750.52
1998-04-29,ATO,10.421231,10.509546,10.200442,10.288757,57181.344
1998-04-30,ATO,10.288757,10.465388,10.178363,10.399152,35667.57
1998-05-01,ATO,10.354995,10.354995,10.023811,10.222521,104171.95
1998-05-04,ATO,10.288757,10.597862,10.288757,10.509546,70768.99
1998-05-05,ATO,10.421231,10.686177,10.421231,10.531626,121439.586
1998-05-06,ATO,10.531626,10.597862,10.509546,10.597862,67372.08
1998-05-07,ATO,10.575783,10.708257,10.575783,10.64202,154559.47
1998-05-08,ATO,10.597862,10.774493,10.575783,10.619941,136725.69
1998-05-11,ATO,10.664099,10.708257,10.597862,10.708257,79544.34
1998-05-12,ATO,10.708257,10.774493,10.664099,10.730335,115211.914
1998-05-13,ATO,10.708257,10.906966,10.708257,10.862808,190510.12
1998-05-14,ATO,10.796572,10.929045,10.774493,10.884888,105870.414
1998-05-15,ATO,10.884888,10.906966,10.862808,10.884888,66239.77
1998-05-18,ATO,10.884888,10.929045,10.884888,10.929045,135310.31
1998-05-19,ATO,10.906966,11.017361,10.906966,10.973203,254202.22
1998-05-20,ATO,10.951124,10.973203,10.619941,10.84073,176356.33
1998-05-21,ATO,10.868346,10.890617,10.779262,10.890617,149295.94
1998-05-22,ATO,10.823804,10.823804,10.445193,10.467464,74086.71
1998-05-26,ATO,10.489736,10.667905,10.489736,10.556549,52197.453
1998-05-27,ATO,10.623363,10.667905,10.3338375,10.445193,102149.86
1998-05-28,ATO,10.422922,10.690176,10.422922,10.690176,76051.13
1998-05-29,ATO,10.690176,10.957431,10.690176,10.957431,77173.66
1998-06-01,ATO,10.912889,11.024244,10.801533,10.912889,62019.555
1998-06-02,ATO,10.957431,10.979702,10.846075,10.912889,48268.613
1998-06-03,ATO,10.979702,10.979702,10.667905,10.779262,46023.562
1998-06-04,ATO,10.690176,10.734719,10.623363,10.667905,38165.88
1998-06-05,ATO,10.75699,10.868346,10.690176,10.779262,39007.773
1998-06-08,ATO,10.779262,10.93516,10.779262,10.912889,86995.76
1998-06-09,ATO,10.912889,10.93516,10.467464,10.645634,48549.246
1998-06-10,ATO,10.601091,10.601091,10.311566,10.512007,136106.27
1998-06-11,ATO,10.489736,10.601091,10.445193,10.601091,47426.72
1998-06-12,ATO,10.57882,10.868346,10.512007,10.868346,41533.457
1998-06-15,ATO,10.779262,10.779262,10.400651,10.57882,177639.72
1998-06-16,ATO,10.623363,10.623363,10.467464,10.489736,129932.375
1998-06-17,ATO,10.556549,10.779262,10.556549,10.667905,72683.555
1998-06-18,ATO,10.623363,10.667905,10.422922,10.645634,84470.07
1998-06-19,ATO,10.712448,10.734719,10.556549,10.57882,136667.53
1998-06-22,ATO,10.57882,10.623363,10.57882,10.623363,40410.934
1998-06-23,ATO,10.601091,10.690176,10.601091,10.645634,253971.48
1998-06-24,ATO,10.556549,10.734719,10.556549,10.645634,34798.305
1998-06-25,ATO,10.690176,10.734719,10.422922,10.512007,43778.51
1998-06-26,ATO,10.422922,10.779262,10.422922,10.779262,56126.297
1998-06-29,ATO,10.846075,10.846075,10.690176,10.734719,46584.824
1998-06-30,ATO,10.823804,10.868346,10.75699,10.868346,84750.7
1998-07-01,ATO,10.868346,11.024244,10.868346,11.001973,52197.453
1998-07-02,ATO,10.957431,11.001973,10.734719,10.75699,54161.875
1998-07-06,ATO,10.712448,10.846075,10.556549,10.801533,86153.86
1998-07-07,ATO,10.712448,10.734719,10.556549,10.690176,151821.62
1998-07-08,ATO,10.601091,10.623363,10.512007,10.512007,75209.234
1998-07-09,ATO,10.512007,10.57882,10.422922,10.467464,106639.96
1998-07-10,ATO,10.422922,10.445193,10.400651,10.445193,19924.834
1998-07-13,ATO,10.467464,10.489736,10.400651,10.445193,28343.78
1998-07-14,ATO,10.445193,10.467464,10.3338375,10.356109,58932.61
1998-07-15,ATO,10.400651,10.467464,10.37838,10.467464,28624.41
1998-07-16,ATO,10.422922,10.534278,10.422922,10.534278,68193.445
1998-07-17,ATO,10.534278,10.645634,10.512007,10.556549,44059.14
1998-07-20,ATO,10.489736,10.556549,10.489736,10.556549,44901.035
1998-07-21,ATO,10.512007,10.556549,10.489736,10.534278,54161.875
1998-07-22,ATO,10.534278,10.534278,10.467464,10.534278,68474.08
1998-07-23,ATO,10.489736,10.534278,10.489736,10.489736,53881.242
1998-07-24,ATO,10.445193,10.512007,10.289295,10.37838,44059.14
1998-07-27,ATO,10.3338375,10.356109,10.066583,10.311566,80260.6
1998-07-28,ATO,10.222482,10.422922,10.155667,10.37838,97659.75
1998-07-29,ATO,10.37838,10.601091,10.356109,10.445193,85873.234
1998-07-30,ATO,10.37838,10.690176,10.356109,10.690176,97659.75
1998-07-31,ATO,10.645634,10.75699,10.3338375,10.422922,175394.67
1998-08-03,ATO,10.37838,10.512007,10.37838,10.512007,57248.82
1998-08-04,ATO,10.556549,10.645634,10.356109,10.57882,121232.8
1998-08-05,ATO,10.667905,10.667905,10.3338375,10.467464,133580.58
1998-08-06,ATO,10.37838,10.75699,10.356109,10.734719,228714.66
1998-08-07,ATO,10.690176,10.868346,10.690176,10.868346,161082.47
1998-08-10,ATO,10.846075,10.846075,10.467464,10.690176,58651.977
1998-08-11,ATO,10.601091,10.601091,10.289295,10.512007,103272.38
1998-08-12,ATO,10.467464,10.712448,10.467464,10.645634,81383.125
1998-08-13,ATO,10.556549,10.623363,10.177938,10.222482,87276.39
1998-08-14,ATO,10.267024,10.489736,10.20021,10.311566,59774.504
1998-08-17,ATO,10.244753,10.311566,10.133396,10.155667,102991.75
1998-08-18,ATO,10.133396,10.289295,10.133396,10.177938,167817.62
1998-08-19,ATO,10.133396,10.177938,9.843871,9.977498,179884.78
1998-08-20,ATO,10.066583,10.133396,10.02204,10.133396,160801.83
1998-08-21,ATO,10.116311,10.116311,9.936465,10.048869,122049.19
1998-08-24,ATO,10.071349,10.183753,10.071349,10.161272,124273.31
1998-08-25,ATO,10.161272,10.588406,10.161272,10.363599,2635039.2
1998-08-26,ATO,10.453521,10.565925,10.431041,10.543444,92301.44
1998-08-27,ATO,10.476002,10.476002,10.296157,10.296157,66167.9
1998-08-28,ATO,10.296157,10.431041,10.273676,10.318637,121493.16
1998-08-31,ATO,10.296157,10.341118,10.206234,10.206234,60607.566
1998-09-01,ATO,10.228714,10.318637,9.958946,9.958946,399787.53
1998-09-02,ATO,10.048869,10.048869,9.756619,9.7791,250214.73
1998-09-03,ATO,9.734139,9.846542,9.554294,9.846542,158469.33
1998-09-04,ATO,9.936465,9.936465,9.554294,9.6666975,125385.38
1998-09-08,ATO,9.756619,9.981427,9.7116585,9.936465,189051.12
1998-09-09,ATO,9.936465,9.936465,9.531813,9.554294,83126.89
1998-09-10,ATO,9.262045,9.262045,8.902353,9.262045,233811.77
1998-09-11,ATO,9.239564,9.7791,9.239564,9.7116585,159581.39
1998-09-14,ATO,9.6666975,9.958946,9.6666975,9.958946,141510.33
1998-09-15,ATO,9.958946,10.071349,9.801581,10.071349,145680.58
1998-09-16,ATO,10.071349,10.071349,9.801581,9.891504,53935.176
1998-09-17,ATO,9.824062,9.936465,9.6891775,9.936465,66445.914
1998-09-18,ATO,10.071349,10.071349,9.846542,10.048869,165419.73
1998-09-21,ATO,9.958946,10.003907,9.891504,9.958946,68948.06
1998-09-22,ATO,9.981427,10.071349,9.958946,10.071349,196001.53
1998-09-23,ATO,10.071349,10.071349,10.048869,10.071349,134281.9
1998-09-24,ATO,9.936465,10.026388,9.7116585,9.936465,117878.94
1998-09-25,ATO,9.936465,9.936465,9.801581,9.913984,86185.07
1998-09-28,ATO,9.846542,10.386079,9.824062,10.026388,149572.81
1998-09-29,ATO,10.026388,10.161272,9.981427,10.09383,148738.75
1998-09-30,ATO,10.09383,10.273676,10.071349,10.273676,524338.9
1998-10-01,ATO,10.273676,10.273676,10.183753,10.251195,67557.98
1998-10-02,ATO,10.206234,10.498483,10.116311,10.476002,119825.055
1998-10-05,ATO,10.386079,10.386079,10.116311,10.273676,70338.14
1998-10-06,ATO,10.183753,10.520964,10.138792,10.453521,93135.484
1998-10-07,ATO,10.453521,10.633367,10.431041,10.588406,141232.31
1998-10-08,ATO,10.543444,10.610886,10.341118,10.565925,72284.26
1998-10-09,ATO,10.520964,10.543444,10.453521,10.543444,26689.57
1998-10-12,ATO,10.453521,10.520964,10.453521,10.498483,54769.223
1998-10-13,ATO,10.476002,10.520964,10.161272,10.363599,146792.64
1998-10-14,ATO,10.363599,10.520964,10.363599,10.498483,62275.668
1998-10-15,ATO,10.453521,10.588406,10.453521,10.453521,27245.604
1998-10-16,ATO,10.498483,10.7232895,10.498483,10.588406,42536.504
1998-10-19,ATO,10.6783285,10.700809,10.386079,10.431041,79790.695
1998-10-20,ATO,10.476002,10.7232895,10.453521,10.565925,150128.84
1998-10-21,ATO,10.520964,10.610886,10.520964,10.610886,66723.93
1998-10-22,ATO,10.700809,10.76825,10.610886,10.74577,92301.44
1998-10-23,ATO,10.76825,10.925615,10.76825,10.903135,163751.64
1998-10-26,ATO,10.835693,10.858173,10.700809,10.858173,73674.336
1998-10-27,ATO,10.858173,10.948096,10.858173,10.925615,119825.055
1998-10-28,ATO,10.925615,11.105461,10.925615,11.105461,104256.14
1998-10-29,ATO,11.105461,11.105461,10.970577,11.015538,19739.162
1998-10-30,ATO,10.925615,11.127942,10.6783285,10.6783285,73396.32
1998-11-02,ATO,10.588406,10.993058,10.498483,10.993058,41702.453
1998-11-03,ATO,10.993058,10.993058,10.7232895,10.858173,46984.766
1998-11-04,ATO,10.948096,11.150423,10.903135,11.150423,43370.555
1998-11-05,ATO,11.0605,11.600037,11.0605,11.37523,195445.5
1998-11-06,ATO,11.285307,11.487633,11.285307,11.352749,41980.473
1998-11-09,ATO,11.285307,11.285307,10.790731,10.790731,58383.438
1998-11-10,ATO,10.700809,11.150423,10.700809,11.150423,86185.07
1998-11-11,ATO,11.127942,11.127942,10.948096,10.970577,17515.031
1998-11-12,ATO,11.015538,11.150423,11.015538,11.150423,51711.043
1998-11-13,ATO,11.105461,11.105461,10.903135,10.993058,82292.84
1998-11-16,ATO,10.993058,11.105461,10.948096,11.038019,70338.14
1998-11-17,ATO,10.993058,11.08298,10.993058,11.0605,64221.78
1998-11-18,ATO,11.0605,11.217865,11.0605,11.195384,91745.4
1998-11-19,ATO,11.195384,11.330268,11.172903,11.262826,102310.02
1998-11-20,ATO,11.172903,11.262826,11.127942,11.217865,76454.5
1998-11-23,ATO,11.294979,11.408382,11.272299,11.340341,125933.164
1998-11-24,ATO,11.340341,11.385702,11.204256,11.249618,35272.31
1998-11-25,ATO,11.249618,11.294979,11.022811,11.249618,72473.57
1998-11-27,ATO,11.204256,11.272299,11.181576,11.272299,51530.64
1998-11-30,ATO,11.249618,11.249618,11.022811,11.113534,46019.34
1998-12-01,ATO,11.113534,11.113534,11.000131,11.113534,117115.086
1998-12-02,ATO,11.113534,11.113534,10.909408,10.954769,20942.934
1998-12-03,ATO,10.909408,10.954769,10.841366,10.886727,118492.914
1998-12-04,ATO,10.796004,10.796004,10.024861,10.365071,665489.25
1998-12-07,ATO,10.365071,10.705281,10.274348,10.637239,226789.92
1998-12-08,ATO,10.682601,10.7279625,10.569198,10.637239,77433.74
1998-12-09,ATO,10.705281,10.796004,10.523836,10.546516,63104.367
1998-12-10,ATO,10.455794,10.455794,10.251668,10.2970295,132822.3
1998-12-11,ATO,10.2970295,10.387752,10.2970295,10.387752,103612.41
1998-12-14,ATO,10.342391,10.682601,10.251668,10.614559,159000.95
1998-12-15,ATO,10.682601,10.886727,10.65992,10.864046,119044.05
1998-12-16,ATO,10.864046,10.886727,10.65992,10.841366,151285.14
1998-12-17,ATO,11.022811,11.022811,10.864046,10.977449,274462.66
1998-12-18,ATO,11.068172,11.090853,10.977449,11.045492,103061.28
1998-12-21,ATO,11.090853,11.340341,11.090853,11.249618,77709.305
1998-12-22,ATO,11.204256,11.408382,11.204256,11.408382,76607.05
1998-12-23,ATO,11.363021,11.453744,11.294979,11.431064,142191.5
1998-12-24,ATO,11.431064,11.476424,11.363021,11.431064,45743.777
1998-12-28,ATO,11.431064,11.5898285,11.385702,11.453744,41059.17
1998-12-29,ATO,11.453744,11.476424,11.431064,11.476424,92314.25
1998-12-30,ATO,11.385702,11.703232,11.385702,11.703232,93692.07
1998-12-31,ATO,11.703232,11.703232,11.635189,11.703232,67237.836
1999-01-04,ATO,11.793954,11.9754,11.703232,11.861997,98652.24
1999-01-05,ATO,11.612509,11.884677,11.453744,11.476424,103336.84
1999-01-06,ATO,11.476424,11.567147,11.31766,11.363021,37201.26
1999-01-07,ATO,11.272299,11.340341,10.977449,11.045492,82393.91
1999-01-08,ATO,10.977449,11.113534,10.796004,11.113534,76607.05
1999-01-11,ATO,11.022811,11.022811,10.478475,10.796004,95896.59
1999-01-12,ATO,10.7279625,10.909408,10.705281,10.841366,77709.305
1999-01-13,ATO,10.796004,11.1588955,10.705281,11.1588955,93692.07
1999-01-14,ATO,11.1588955,11.294979,10.977449,11.000131,46846.035
1999-01-15,ATO,10.977449,11.113534,10.977449,11.113534,34996.746
1999-01-19,ATO,11.068172,11.068172,10.773324,10.773324,25076.408
1999-01-20,ATO,10.682601,10.977449,10.637239,10.977449,81842.78
1999-01-21,ATO,10.886727,10.886727,10.614559,10.65992,120973
1999-01-22,ATO,10.637239,10.750643,10.614559,10.682601,106919.19
1999-01-25,ATO,10.7279625,10.7279625,10.591878,10.637239,59246.457
1999-01-26,ATO,10.569198,10.682601,10.546516,10.637239,42988.125
1999-01-27,ATO,10.637239,10.65992,10.591878,10.637239,166992.34
1999-01-28,ATO,10.637239,10.705281,10.614559,10.65992,96723.29
1999-01-29,ATO,10.65992,10.818685,10.637239,10.818685,161205.47
1999-02-01,ATO,10.773324,10.773324,10.2970295,10.387752,99203.37
1999-02-02,ATO,10.478475,10.501156,10.070223,10.501156,112430.484
1999-02-03,ATO,10.410433,10.410433,10.070223,10.206306,64206.625
1999-02-04,ATO,10.160945,10.160945,10.024861,10.070223,69717.92
1999-02-05,ATO,10.024861,10.070223,9.820735,9.820735,47672.73
1999-02-08,ATO,9.820735,9.8660965,9.616609,9.616609,90385.29
1999-02-09,ATO,9.616609,9.616609,9.412482,9.525887,186557.45
1999-02-10,ATO,9.480525,9.571247,9.299079,9.34444,258204.33
1999-02-11,ATO,9.389802,9.412482,9.0042305,9.34444,82945.04
1999-02-12,ATO,9.253718,9.276399,9.117634,9.185676,50428.38
1999-02-16,ATO,9.208357,9.253718,9.072272,9.072272,68340.1
1999-02-17,ATO,9.094954,9.117634,8.98155,9.072272,124830.91
1999-02-18,ATO,9.0042305,9.072272,8.98155,9.049592,66411.15
1999-02-19,ATO,9.049592,9.049592,8.845466,8.890827,72749.14
1999-02-22,ATO,8.868146,8.913507,8.777424,8.845466,252968.6
1999-02-23,ATO,8.854642,9.084037,8.854642,8.90052,104078.18
1999-02-24,ATO,8.992279,9.175795,8.533489,8.533489,122605.19
1999-02-25,ATO,8.533489,8.9464,8.533489,8.808763,3317424
1999-02-26,ATO,8.831702,9.35931,8.808763,8.808763,190446.72
1999-03-01,ATO,8.808763,9.634584,8.625247,8.854642,242758.27
1999-03-02,ATO,8.808763,9.175795,8.739944,8.9464,46317.516
1999-03-03,ATO,8.90052,8.92346,8.671125,8.671125,61302.594
1999-03-04,ATO,8.671125,8.762884,8.533489,8.671125,216057.58
1999-03-05,ATO,8.762884,8.992279,8.579368,8.602307,188539.53
1999-03-08,ATO,8.671125,8.671125,8.441731,8.579368,215512.67
1999-03-09,ATO,8.533489,8.671125,8.51055,8.671125,156117.27
1999-03-10,ATO,8.625247,8.625247,8.441731,8.46467,189901.81
1999-03-11,ATO,8.48761,8.739944,8.48761,8.671125,74925.39
1999-03-12,ATO,8.648187,8.762884,8.625247,8.625247,66751.71
1999-03-15,ATO,8.648187,8.785823,8.625247,8.671125,146581.31
1999-03-16,ATO,8.648187,8.671125,8.48761,8.51055,146581.31
1999-03-17,ATO,8.48761,8.579368,8.441731,8.579368,73563.11
1999-03-18,ATO,8.579368,8.854642,8.48761,8.533489,229952.84
1999-03-19,ATO,8.441731,8.992279,8.441731,8.92346,176551.47
1999-03-22,ATO,8.831702,8.992279,8.739944,8.762884,64572.066
1999-03-23,ATO,8.717005,8.717005,8.46467,8.48761,83099.07
1999-03-24,ATO,8.556429,8.808763,8.46467,8.556429,318228.56
1999-03-25,ATO,8.441731,8.694065,8.349973,8.694065,283626.66
1999-03-26,ATO,8.648187,8.831702,8.625247,8.785823,201617.42
1999-03-29,ATO,8.762884,8.90052,8.762884,8.808763,137045.36
1999-03-30,ATO,8.854642,8.877582,8.762884,8.854642,426393.6
1999-03-31,ATO,8.831702,8.854642,8.808763,8.831702,139769.9
1999-04-01,ATO,8.854642,8.90052,8.831702,8.90052,49042.074
1999-04-05,ATO,8.9464,9.175795,8.9464,9.015218,264009.84
1999-04-06,ATO,8.92346,8.92346,8.762884,8.831702,111434.49
1999-04-07,ATO,8.808763,8.992279,8.785823,8.808763,127509.39
1999-04-08,ATO,8.785823,8.877582,8.762884,8.877582,73563.11
1999-04-09,ATO,8.854642,9.221674,8.854642,9.221674,164835.86
1999-04-12,ATO,9.221674,9.519887,9.175795,9.519887,172192.17
1999-04-13,ATO,9.474008,9.772222,9.428129,9.657524,353102.94
1999-04-14,ATO,9.726342,10.047495,9.611645,9.634584,113614.14
1999-04-15,ATO,9.657524,9.909858,9.565765,9.565765,56398.387
1999-04-16,ATO,9.519887,9.634584,9.4051895,9.565765,46862.426
1999-04-19,ATO,9.542827,9.657524,9.542827,9.611645,23158.758
1999-04-20,ATO,9.611645,9.7034025,9.451069,9.588705,88820.65
1999-04-21,ATO,9.496947,9.886919,9.496947,9.611645,101353.62
1999-04-22,ATO,9.611645,9.634584,9.35931,9.38225,74108.02
1999-04-23,ATO,9.336371,9.4051895,9.336371,9.35931,26428.229
1999-04-26,ATO,9.313432,9.519887,9.221674,9.38225,115248.875
1999-04-27,ATO,9.428129,9.726342,9.428129,9.634584,44955.234
1999-04-28,ATO,9.634584,9.634584,9.35931,9.35931,59667.855
1999-04-29,ATO,9.451069,9.542827,9.221674,9.267552,82826.62
1999-04-30,ATO,9.267552,9.313432,9.175795,9.267552,103260.81
1999-05-03,ATO,9.290492,9.336371,9.267552,9.267552,72200.83
1999-05-04,ATO,9.267552,9.313432,9.1069765,9.129915,111162.04
1999-05-05,ATO,9.038157,9.084037,8.854642,8.92346,86096.086
1999-05-06,ATO,8.877582,8.9464,8.762884,8.90052,59940.312
1999-05-07,ATO,8.90052,8.9464,8.739944,8.854642,52311.547
1999-05-10,ATO,8.762884,9.35931,8.717005,8.90052,168922.7
1999-05-11,ATO,8.9464,9.313432,8.9464,9.267552,53946.28
1999-05-12,ATO,9.267552,9.290492,9.015218,9.015218,38961.203
1999-05-13,ATO,8.92346,9.198734,8.90052,9.198734,154210.08
1999-05-14,ATO,9.129915,9.4051895,9.038157,9.198734,80374.51
1999-05-17,ATO,9.1069765,9.244613,8.992279,9.129915,71655.92
1999-05-18,ATO,9.1069765,9.221674,9.015218,9.084037,79284.69
1999-05-19,ATO,9.038157,9.267552,9.038157,9.1069765,62664.87
1999-05-20,ATO,9.1069765,9.244613,9.084037,9.1069765,82009.25
1999-05-21,ATO,9.185844,9.464203,9.185844,9.394613,70861.75
1999-05-24,ATO,9.394613,9.441007,9.325024,9.441007,64395.277
1999-05-25,ATO,9.232237,9.510596,9.232237,9.464203,3527999
1999-05-26,ATO,9.510596,9.510596,9.4178095,9.441007,58467.68
1999-05-27,ATO,9.441007,9.603382,9.371417,9.464203,43379.246
1999-05-28,ATO,9.464203,9.626579,9.4178095,9.4178095,59275.99
1999-06-01,ATO,9.603382,9.603382,9.441007,9.510596,63586.97
1999-06-02,ATO,9.603382,9.626579,9.55699,9.603382,39337.703
1999-06-03,ATO,9.626579,9.696169,9.580186,9.6497755,137143.08
1999-06-04,ATO,9.696169,9.719365,9.6497755,9.672973,58467.68
1999-06-07,ATO,9.7657585,9.7657585,9.55699,9.603382,59814.863
1999-06-08,ATO,9.603382,9.6497755,9.5337925,9.6497755,74903.3
1999-06-09,ATO,9.6497755,9.6497755,9.55699,9.603382,21554.904
1999-06-10,ATO,9.55699,9.55699,9.209041,9.34822,158159.11
1999-06-11,ATO,9.301827,9.464203,9.209041,9.27863,82716.945
1999-06-14,ATO,9.371417,9.371417,9.209041,9.209041,39876.574
1999-06-15,ATO,9.232237,9.4178095,9.046664,9.4178095,36912.773
1999-06-16,ATO,9.34822,9.603382,9.34822,9.603382,30985.176
1999-06-17,ATO,9.510596,9.6497755,9.464203,9.55699,116935.36
1999-06-18,ATO,9.696169,9.696169,9.580186,9.580186,85141.875
1999-06-21,ATO,9.5337925,9.5337925,9.371417,9.4178095,36104.465
1999-06-22,ATO,9.371417,9.441007,9.27863,9.325024,51731.773
1999-06-23,ATO,9.371417,9.6497755,9.371417,9.6497755,62239.79
1999-06-24,ATO,9.6497755,9.6497755,9.4874,9.4874,49845.72
1999-06-25,ATO,9.441007,9.6497755,9.441007,9.510596,52270.645
1999-06-28,ATO,9.603382,9.626579,9.580186,9.626579,59545.426
1999-06-29,ATO,9.6497755,9.6497755,9.55699,9.626579,76250.48
1999-06-30,ATO,9.626579,9.626579,9.232237,9.27863,122593.52
1999-07-01,ATO,9.325024,9.4178095,9.232237,9.27863,64395.277
1999-07-02,ATO,9.185844,9.371417,9.093058,9.255434,97535.945
1999-07-06,ATO,9.232237,9.34822,9.023468,9.093058,76519.914
1999-07-07,ATO,9.023468,9.255434,9.023468,9.069861,61970.35
1999-07-08,ATO,9.023468,9.371417,8.953878,9.301827,96188.766
1999-07-09,ATO,9.301827,9.464203,9.301827,9.464203,60353.734
1999-07-12,ATO,9.371417,9.742562,9.371417,9.4874,154387.02
1999-07-13,ATO,9.510596,9.580186,9.325024,9.4178095,114779.87
1999-07-14,ATO,9.34822,9.4178095,9.325024,9.4178095,85411.31
1999-07-15,ATO,9.4178095,9.580186,9.34822,9.580186,75981.04
1999-07-16,ATO,9.55699,9.580186,9.510596,9.580186,90800.04
1999-07-19,ATO,9.510596,9.510596,9.4178095,9.441007,92147.22
1999-07-20,ATO,9.371417,9.441007,9.325024,9.4178095,54156.7
1999-07-21,ATO,9.4178095,9.580186,9.34822,9.394613,67089.64
1999-07-22,ATO,9.34822,9.4178095,9.255434,9.34822,91877.78
1999-07-23,ATO,9.325024,9.4178095,9.27863,9.34822,156542.5
1999-07-26,ATO,9.325024,9.394613,9.301827,9.34822,28829.686
1999-07-27,ATO,9.325024,9.34822,9.301827,9.325024,35565.594
1999-07-28,ATO,9.325024,9.34822,9.255434,9.27863,428673.2
1999-07-29,ATO,9.27863,9.27863,9.209041,9.232237,92416.66
1999-07-30,ATO,9.209041,9.27863,9.209041,9.27863,39607.137
1999-08-02,ATO,9.27863,9.27863,9.255434,9.27863,46073.61
1999-08-03,ATO,9.232237,9.232237,9.116255,9.162647,29368.559
1999-08-04,ATO,9.116255,9.209041,9.093058,9.116255,53078.953
1999-08-05,ATO,9.209041,9.27863,9.000272,9.27863,70322.875
1999-08-06,ATO,9.27863,9.27863,9.185844,9.255434,85680.75
1999-08-09,ATO,9.255434,9.255434,9.093058,9.116255,161392.36
1999-08-10,ATO,9.069861,9.232237,9.069861,9.232237,74094.984
1999-08-11,ATO,9.232237,9.232237,9.046664,9.116255,59275.99
1999-08-12,ATO,9.023468,9.116255,9.023468,9.116255,55503.883
1999-08-13,ATO,9.162647,9.209041,9.069861,9.185844,580635.25
1999-08-16,ATO,9.185844,9.27863,9.139451,9.27863,42840.375
1999-08-17,ATO,9.27863,9.34822,9.232237,9.325024,368050
1999-08-18,ATO,9.34822,9.441007,9.27863,9.441007,67359.08
1999-08-19,ATO,9.371417,9.394613,9.34822,9.394613,30715.74
1999-08-20,ATO,9.464203,9.788955,9.464203,9.788955,123940.7
1999-08-23,ATO,9.821773,9.821773,9.470158,9.470158,46393.1
1999-08-24,ATO,9.376394,9.376394,9.28263,9.352953,253295.67
1999-08-25,ATO,9.306071,9.657686,9.306071,9.657686,3658122.8
1999-08-26,ATO,9.610804,9.610804,9.329512,9.399835,44793.34
1999-08-27,ATO,9.399835,9.681127,9.376394,9.51704,85054.02
1999-08-30,ATO,9.493599,9.493599,9.376394,9.399835,62124.098
1999-08-31,ATO,9.376394,9.470158,9.376394,9.399835,31995.242
1999-09-01,ATO,9.399835,9.446717,9.376394,9.376394,39194.17
1999-09-02,ATO,9.376394,9.399835,9.376394,9.376394,677499.25
1999-09-03,ATO,9.423276,9.540481,9.376394,9.51704,52258.895
1999-09-07,ATO,9.493599,9.540481,9.376394,9.376394,49592.625
1999-09-08,ATO,9.423276,9.51704,9.423276,9.51704,11998.216
1999-09-09,ATO,9.51704,9.540481,9.470158,9.51704,38394.29
1999-09-10,ATO,9.493599,9.493599,9.235748,9.235748,151977.4
1999-09-13,ATO,9.376394,9.563922,9.376394,9.423276,75988.7
1999-09-14,ATO,9.376394,9.423276,9.376394,9.376394,96785.61
1999-09-15,ATO,9.423276,9.446717,9.376394,9.423276,19730.4
1999-09-16,ATO,9.376394,9.470158,9.28263,9.28263,79454.85
1999-09-17,ATO,9.235748,9.28263,9.048221,9.095102,103717.914
1999-09-20,ATO,9.141984,9.188866,9.048221,9.118544,53592.03
1999-09-21,ATO,9.118544,9.141984,8.954456,9.001338,85853.9
1999-09-22,ATO,9.001338,9.118544,9.001338,9.095102,39994.055
1999-09-23,ATO,9.141984,9.28263,9.141984,9.235748,43460.203
1999-09-24,ATO,9.329512,9.329512,9.001338,9.048221,87453.664
1999-09-27,ATO,9.024779,9.188866,9.001338,9.165425,48259.492
1999-09-28,ATO,9.165425,9.306071,9.095102,9.306071,107717.32
1999-09-29,ATO,9.235748,9.28263,9.212307,9.235748,121581.92
1999-09-30,ATO,9.188866,9.306071,8.907575,9.048221,291423.34
1999-10-01,ATO,9.024779,9.048221,8.907575,8.954456,54925.168
1999-10-04,ATO,8.977898,9.28263,8.977898,9.259189,65323.62
1999-10-05,ATO,9.306071,9.376394,9.212307,9.235748,40260.68
1999-10-06,ATO,9.28263,9.376394,9.188866,9.376394,75722.07
1999-10-07,ATO,9.376394,9.376394,9.329512,9.376394,21863.416
1999-10-08,ATO,9.329512,9.376394,9.095102,9.141984,58924.57
1999-10-11,ATO,9.141984,9.212307,9.095102,9.165425,11998.216
1999-10-12,ATO,9.188866,9.352953,9.141984,9.28263,60524.332
1999-10-13,ATO,9.306071,9.306071,9.001338,9.024779,76788.58
1999-10-14,ATO,9.048221,9.048221,8.907575,9.001338,81854.49
1999-10-15,ATO,9.001338,9.001338,8.907575,8.931015,129047.48
1999-10-18,ATO,8.954456,8.977898,8.884133,8.977898,48526.117
1999-10-19,ATO,9.001338,9.071661,8.860692,8.954456,51192.387
1999-10-20,ATO,8.884133,8.884133,8.673164,8.673164,114916.24
1999-10-21,ATO,8.673164,8.81381,8.673164,8.743487,39994.055
1999-10-22,ATO,8.766929,8.81381,8.626283,8.81381,80254.734
1999-10-25,ATO,8.81381,8.884133,8.743487,8.766929,44526.71
1999-10-26,ATO,8.673164,8.720046,8.509078,8.649723,231432.25
1999-10-27,ATO,8.626283,8.720046,8.626283,8.696606,92519.58
1999-10-28,ATO,8.720046,8.81381,8.673164,8.720046,42393.695
1999-10-29,ATO,8.720046,8.720046,8.438755,8.509078,193571.22
1999-11-01,ATO,8.532518,8.626283,8.509078,8.626283,90919.81
1999-11-02,ATO,8.602841,8.673164,8.602841,8.649723,47726.24
1999-11-03,ATO,8.626283,8.743487,8.626283,8.673164,68256.516
1999-11-04,ATO,8.720046,8.860692,8.673164,8.696606,45859.848
1999-11-05,ATO,8.626283,8.696606,8.462195,8.485637,142645.45
1999-11-08,ATO,8.485637,8.626283,8.485637,8.485637,71989.3
1999-11-09,ATO,8.462195,8.602841,8.462195,8.485637,139445.94
1999-11-10,ATO,8.532518,8.649723,8.462195,8.602841,83987.51
1999-11-11,ATO,8.532518,8.673164,8.532518,8.55596,31995.242
1999-11-12,ATO,8.462195,8.55596,8.391872,8.509078,806013.5
1999-11-15,ATO,8.55596,8.649723,8.462195,8.532518,146378.23
1999-11-16,ATO,8.485637,8.5794,8.462195,8.532518,70122.91
1999-11-17,ATO,8.485637,8.55596,8.438755,8.462195,208768.95
1999-11-18,ATO,8.509078,8.509078,8.344991,8.438755,174374.08
1999-11-19,ATO,8.485637,8.532518,8.438755,8.485637,386875.8
1999-11-22,ATO,8.570151,8.570151,8.451451,8.498931,272219.53
1999-11-23,ATO,8.498931,8.5464115,8.475191,8.5464115,65553.836
1999-11-24,ATO,8.522671,8.5464115,8.498931,8.5464115,4515579.5
1999-11-26,ATO,8.498931,8.5464115,8.427711,8.498931,62921.15
1999-11-29,ATO,8.451451,8.475191,8.356491,8.451451,95566.43
1999-11-30,ATO,8.403971,8.475191,8.356491,8.475191,109519.66
1999-12-01,ATO,8.475191,8.475191,8.3090105,8.451451,128474.984
1999-12-02,ATO,8.403971,8.5464115,8.403971,8.522671,37384.113
1999-12-03,ATO,8.498931,8.5464115,8.451451,8.522671,77927.445
1999-12-06,ATO,8.498931,8.617631,8.403971,8.475191,481517.9
1999-12-07,ATO,8.403971,8.498931,8.356491,8.380231,92407.21
1999-12-08,ATO,8.380231,8.380231,8.237791,8.3090105,75294.766
1999-12-09,ATO,8.261531,8.261531,7.97665,7.97665,186130.77
1999-12-10,ATO,8.047871,8.047871,7.92917,8.047871,76347.836
1999-12-13,ATO,7.9529104,7.97665,7.88169,7.92917,231149.66
1999-12-14,ATO,7.92917,8.024131,7.9054303,8.024131,121630
1999-12-15,ATO,8.00039,8.166571,7.97665,8.166571,167701.97
1999-12-16,ATO,8.166571,8.166571,7.97665,8.024131,51863.875
1999-12-17,ATO,7.97665,7.97665,7.7867303,7.7867303,171387.73
1999-12-20,ATO,7.7867303,8.024131,7.76299,7.97665,161120.27
1999-12-21,ATO,8.00039,8.11909,7.97665,8.047871,83982.62
1999-12-22,ATO,8.00039,8.07161,7.97665,8.047871,52916.95
1999-12-23,ATO,8.00039,8.00039,7.7867303,7.88169,179812.31
1999-12-27,ATO,7.81047,7.97665,7.7867303,7.8342104,119523.85
1999-12-28,ATO,7.81047,7.88169,7.69177,7.69177,78190.72
1999-12-29,ATO,7.69177,7.76299,7.69177,7.76299,72398.81
1999-12-30,ATO,7.71551,7.76299,7.59681,7.59681,160330.45
1999-12-31,ATO,7.59681,7.76299,7.4543695,7.76299,125315.76
2000-01-03,ATO,7.59681,7.71551,7.59681,7.6205497,96356.234
2000-01-04,ATO,7.59681,7.59681,7.4306297,7.4306297,378579.97
2000-01-05,ATO,7.4306297,7.7867303,7.4306297,7.66803,662646.56
2000-01-06,ATO,7.59681,7.59681,7.5018497,7.5493298,63974.223
2000-01-07,ATO,7.5018497,7.6205497,7.5018497,7.6205497,602621.4
2000-01-10,ATO,7.59681,7.6205497,7.5018497,7.52559,150852.8
2000-01-11,ATO,7.52559,7.57307,7.5018497,7.52559,409645.62
2000-01-12,ATO,7.52559,7.52559,7.4068894,7.4068894,85562.234
2000-01-13,ATO,7.4543695,7.4543695,7.1694894,7.2644496,146113.97
2000-01-14,ATO,7.3119297,7.3594093,7.145749,7.145749,199820.72
2000-01-18,ATO,7.1694894,7.1694894,7.074529,7.1220093,185340.95
2000-01-19,ATO,7.1694894,7.1694894,7.027049,7.074529,111889.07
2000-01-20,ATO,7.074529,7.098269,7.027049,7.0507894,106097.164
2000-01-21,ATO,7.027049,7.074529,6.8846087,6.932089,449925.7
2000-01-24,ATO,7.1220093,7.1694894,6.8371286,6.932089,287225.8
2000-01-25,ATO,6.932089,6.979569,6.5522485,6.742169,166912.17
2000-01-26,ATO,6.813389,6.813389,6.362328,6.4335485,191396.12
2000-01-27,ATO,6.4572883,6.5997286,6.409808,6.4572883,91880.67
2000-01-28,ATO,6.5047684,6.5522485,6.362328,6.362328,133213.81
2000-01-31,ATO,6.409808,6.742169,6.409808,6.6472087,190606.33
2000-02-01,ATO,6.694689,6.8371286,6.6472087,6.742169,94776.625
2000-02-02,ATO,6.694689,6.789649,6.5997286,6.6234684,116101.37
2000-02-03,ATO,6.6234684,6.789649,6.5997286,6.7659087,147956.84
2000-02-04,ATO,6.6709485,6.7659087,6.6472087,6.7184286,164016.22
2000-02-07,ATO,6.7184286,6.742169,6.5997286,6.5997286,120840.195
2000-02-08,ATO,6.6234684,6.6472087,6.5522485,6.575989,134266.89
2000-02-09,ATO,6.6709485,6.6709485,6.5522485,6.5997286,520481.62
2000-02-10,ATO,6.6472087,6.6472087,6.5047684,6.5285087,106360.44
2000-02-11,ATO,6.4572883,6.5047684,6.029968,6.029968,247735.56
2000-02-14,ATO,6.124928,6.409808,6.124928,6.3860683,156118.16
2000-02-15,ATO,6.3860683,6.932089,6.3860683,6.6234684,254054.02
2000-02-16,ATO,6.5997286,6.860869,6.5522485,6.742169,85825.5
2000-02-17,ATO,6.742169,6.8846087,6.694689,6.789649,109782.92
2000-02-18,ATO,6.7184286,6.789649,6.5047684,6.5285087,161910.06
2000-02-22,ATO,6.5285087,6.5285087,6.172408,6.291108,206928.97
2000-02-23,ATO,6.3046355,6.5220366,6.28048,6.401258,91593.32
2000-02-24,ATO,6.3771024,6.3771024,6.11139,6.183857,120313.26
2000-02-25,ATO,6.232168,6.232168,6.0630784,6.11139,10411108
2000-02-28,ATO,6.1355457,6.3046355,6.1355457,6.28048,181375.47
2000-02-29,ATO,6.183857,6.6186595,6.183857,6.6186595,223291.06
2000-03-01,ATO,6.6669707,6.6669707,6.3529468,6.3771024,115655.98
2000-03-02,ATO,6.4737253,6.4737253,6.328791,6.328791,163781.28
2000-03-03,ATO,6.28048,6.328791,6.038923,6.11139,144375.9
2000-03-06,ATO,6.014767,6.28048,5.9906116,6.183857,136355.03
2000-03-07,ATO,6.1597013,6.1597013,5.9423,6.014767,276332.4
2000-03-08,ATO,6.038923,6.0630784,5.8939886,6.014767,236486.72
2000-03-09,ATO,6.11139,6.256324,6.087234,6.232168,211906.58
2000-03-10,ATO,6.087234,6.1597013,6.038923,6.038923,261066.84
2000-03-13,ATO,6.014767,6.6186595,5.9906116,6.6186595,323164
2000-03-14,ATO,6.715282,6.7635937,6.642815,6.6669707,593286.7
2000-03-15,ATO,6.6669707,6.860216,6.6669707,6.8360605,135837.55
2000-03-16,ATO,6.884372,7.198396,6.860216,7.198396,203626.95
2000-03-17,ATO,7.198396,7.2950187,6.9326835,7.1017733,226137.19
2000-03-20,ATO,7.0776176,7.17424,7.029306,7.1017733,104012.76
2000-03-21,ATO,7.0051503,7.0051503,6.6669707,6.7877493,120830.734
2000-03-22,ATO,6.7635937,6.908528,6.570348,6.739438,118243.36
2000-03-23,ATO,6.6911263,7.1017733,6.6669707,7.0051503,93921.97
2000-03-24,ATO,7.0051503,7.0051503,6.6186595,6.739438,207508.03
2000-03-27,ATO,6.715282,6.7635937,6.6186595,6.6669707,188878.89
2000-03-28,ATO,6.425414,6.6186595,6.425414,6.5220366,307380.97
2000-03-29,ATO,6.5220366,6.5220366,6.3771024,6.425414,417085.97
2000-03-30,ATO,6.3771024,6.4737253,6.256324,6.28048,505056.97
2000-03-31,ATO,6.328791,6.4495697,6.183857,6.328791,264430.44
2000-04-03,ATO,6.3771024,6.5220366,6.232168,6.256324,130145.31
2000-04-04,ATO,6.256324,6.28048,6.087234,6.11139,261066.84
2000-04-05,ATO,6.1597013,6.232168,5.9423,5.9906116,439078.72
2000-04-06,ATO,5.9906116,5.9906116,5.9423,5.9906116,123418.12
2000-04-07,ATO,5.9906116,5.9906116,5.918144,5.9906116,169473.52
2000-04-10,ATO,5.9906116,5.9906116,5.918144,5.9423,311520.78
2000-04-11,ATO,5.966456,5.9906116,5.9423,5.9423,112551.12
2000-04-12,ATO,5.9423,5.9906116,5.9423,5.966456,323681.47
2000-04-13,ATO,5.966456,5.9906116,5.9423,5.966456,180599.27
2000-04-14,ATO,5.9423,5.9906116,5.8939886,5.9423,201557.06
2000-04-17,ATO,5.9423,5.9423,5.77321,5.797366,319800.4
2000-04-18,ATO,5.797366,5.797366,5.700743,5.77321,302206.22
2000-04-19,ATO,5.797366,5.797366,5.724899,5.7490544,260808.11
2000-04-20,ATO,5.77321,5.77321,5.700743,5.724899,163263.8
2000-04-24,ATO,5.7490544,5.77321,5.700743,5.700743,511525.4
2000-04-25,ATO,5.724899,5.724899,5.6041203,5.700743,179823.05
2000-04-26,ATO,5.7490544,5.77321,5.652432,5.700743,206731.81
2000-04-27,ATO,5.652432,6.038923,5.507498,5.9906116,214493.97
2000-04-28,ATO,5.9423,6.1355457,5.8939886,6.1355457,100131.68
2000-05-01,ATO,6.1355457,6.4737253,6.1355457,6.183857,231570.69
2000-05-02,ATO,6.1597013,6.3046355,6.11139,6.1597013,112292.375
2000-05-03,ATO,6.183857,6.183857,6.087234,6.1355457,140753.58
2000-05-04,ATO,6.038923,6.183857,6.038923,6.183857,94439.445
2000-05-05,ATO,6.232168,6.28048,6.087234,6.1597013,180340.52
2000-05-08,ATO,6.183857,6.256324,6.087234,6.1597013,201039.58
2000-05-09,ATO,6.1597013,6.232168,6.014767,6.014767,224843.5
2000-05-10,ATO,6.014767,6.038923,5.869833,5.966456,173613.33
2000-05-11,ATO,5.966456,6.0630784,5.9423,6.0630784,188102.67
2000-05-12,ATO,6.014767,6.1597013,5.966456,6.1597013,85642.34
2000-05-15,ATO,6.1597013,6.3529468,6.038923,6.1355457,157312.83
2000-05-16,ATO,6.183857,6.497881,6.183857,6.3771024,261843.06
2000-05-17,ATO,6.4495697,6.4495697,6.256324,6.256324,116690.93
2000-05-18,ATO,6.28048,6.425414,6.1355457,6.2080126,238556.62
2000-05-19,ATO,6.28048,6.28048,6.1597013,6.232168,113327.33
2000-05-22,ATO,6.256324,6.328791,6.1355457,6.328791,127816.67
2000-05-23,ATO,6.342558,6.342558,6.1458893,6.170473,119744.67
2000-05-24,ATO,6.170473,6.2196403,6.096722,6.170473,116439.62
2000-05-25,ATO,6.1458893,6.2196403,5.87547,5.9738045,205676.1
2000-05-26,ATO,6.170473,6.5392265,6.1458893,6.5146427,549656
2000-05-30,ATO,6.588393,6.8096457,6.5146427,6.7358947,483809.16
2000-05-31,ATO,6.7604785,7.227566,6.7113113,7.2029824,274573.78
2000-06-01,ATO,7.2521496,7.4734015,7.104648,7.4734015,425335.1
2000-06-02,ATO,7.4734015,7.571736,7.227566,7.3259,183303.4
2000-06-05,ATO,7.3259,7.4488177,7.3259,7.350484,143134.28
2000-06-06,ATO,7.375067,7.4488177,7.375067,7.375067,82626.37
2000-06-07,ATO,7.4242344,7.571736,7.4242344,7.5225687,218642.08
2000-06-08,ATO,7.571736,7.571736,7.4734015,7.5225687,47796.176
2000-06-09,ATO,7.5225687,7.5225687,7.4734015,7.497985,73219.67
2000-06-12,ATO,7.5225687,7.5225687,7.497985,7.5225687,134744.53
2000-06-13,ATO,7.547152,7.620903,7.497985,7.620903,160676.5
2000-06-14,ATO,7.67007,7.67007,7.571736,7.571736,63050.273
2000-06-15,ATO,7.620903,7.768404,7.571736,7.768404,93304.234
2000-06-16,ATO,7.8667383,7.9159055,7.768404,7.9159055,155337.56
2000-06-19,ATO,7.891322,8.087991,7.8667383,8.087991,72456.97
2000-06-20,ATO,8.038823,8.038823,7.8667383,7.8667383,117965.02
2000-06-21,ATO,7.8667383,7.9159055,7.8667383,7.8667383,76778.96
2000-06-22,ATO,7.8667383,7.891322,7.67007,7.8667383,170083.19
2000-06-23,ATO,7.817571,7.817571,7.67007,7.768404,22118.441
2000-06-26,ATO,7.7192373,7.7438207,7.620903,7.67007,150252.86
2000-06-27,ATO,7.67007,7.67007,7.375067,7.4488177,233387.7
2000-06-28,ATO,7.497985,7.8667383,7.4488177,7.8667383,230082.64
2000-06-29,ATO,7.817571,7.842155,7.596319,7.6454864,101693.984
2000-06-30,ATO,7.596319,7.67007,6.883396,6.883396,313980.2
2000-07-03,ATO,6.9817305,7.571736,6.9817305,7.571736,160422.27
2000-07-05,ATO,7.4734015,7.4734015,7.276733,7.276733,72965.44
2000-07-06,ATO,7.227566,7.571736,7.227566,7.547152,77287.43
2000-07-07,ATO,7.547152,7.817571,7.547152,7.792988,120761.61
2000-07-10,ATO,7.792988,8.038823,7.67007,8.038823,134744.53
2000-07-11,ATO,8.014239,8.038823,7.9404893,8.014239,50846.992
2000-07-12,ATO,7.8667383,8.014239,7.8667383,8.014239,73982.375
2000-07-13,ATO,7.9650726,8.014239,7.768404,7.8667383,63304.508
2000-07-14,ATO,7.891322,7.891322,7.7192373,7.768404,70423.086
2000-07-17,ATO,7.792988,7.9650726,7.67007,7.9159055,96355.055
2000-07-18,ATO,7.891322,7.891322,7.768404,7.792988,63304.508
2000-07-19,ATO,7.842155,7.842155,7.7438207,7.768404,33050.547
2000-07-20,ATO,7.792988,7.9896564,7.7438207,7.9896564,90761.88
2000-07-21,ATO,7.9650726,8.014239,7.8667383,7.9650726,48558.88
2000-07-24,ATO,7.8667383,7.891322,7.7438207,7.817571,116693.85
2000-07-25,ATO,7.817571,7.8667383,7.7192373,7.792988,161947.67
2000-07-26,ATO,7.817571,7.817571,7.67007,7.792988,53643.58
2000-07-27,ATO,7.817571,7.8667383,7.7192373,7.7438207,102965.164
2000-07-28,ATO,7.8667383,7.8667383,7.7192373,7.7438207,64829.918
2000-07-31,ATO,7.7438207,8.112574,7.6946535,8.112574,159913.8
2000-08-01,ATO,8.063407,8.161741,7.9159055,7.9159055,106270.22
2000-08-02,ATO,8.014239,8.186325,7.8667383,8.112574,86948.36
2000-08-03,ATO,8.063407,8.260076,8.014239,8.161741,86948.36
2000-08-04,ATO,8.210908,8.35841,8.161741,8.260076,39660.656
2000-08-07,ATO,8.161741,8.35841,8.063407,8.260076,68389.2
2000-08-08,ATO,8.260076,8.604245,8.260076,8.382993,82880.6
2000-08-09,ATO,8.35841,8.604245,8.35841,8.456744,80592.484
2000-08-10,ATO,8.407577,8.481327,8.309242,8.309242,57457.1
2000-08-11,ATO,8.309242,8.653412,8.309242,8.5550785,82880.6
2000-08-14,ATO,8.604245,8.825498,8.505911,8.825498,66609.56
2000-08-15,ATO,8.825498,8.997582,8.77633,8.899248,66355.33
2000-08-16,ATO,8.899248,8.948415,8.800914,8.948415,43474.18
2000-08-17,ATO,8.8500805,9.145083,8.751746,9.145083,77033.195
2000-08-18,ATO,9.1205,9.1205,8.874664,8.874664,129151.37
2000-08-21,ATO,8.825498,8.899248,8.751746,8.800914,121015.84
2000-08-22,ATO,8.8500805,8.8500805,8.7025795,8.7025795,68389.2
2000-08-23,ATO,8.716526,8.74143,8.517291,8.517291,111426.27
2000-08-24,ATO,8.467483,8.542195,8.318056,8.34296,73782.266
2000-08-25,ATO,8.392769,8.467483,8.367865,8.417673,52701.617
2000-08-28,ATO,8.318056,8.417673,8.218438,8.367865,79554.34
2000-08-29,ATO,8.367865,8.367865,8.218438,8.318056,85075.47
2000-08-30,ATO,8.268248,8.417673,8.16863,8.293152,109920.516
2000-08-31,ATO,8.293152,8.34296,8.143725,8.268248,136271.33
2000-09-01,ATO,8.16863,8.218438,7.894682,7.894682,192737.34
2000-09-05,ATO,7.894682,7.894682,7.77016,7.844873,104148.44
2000-09-06,ATO,7.844873,7.919586,7.7950644,7.894682,135016.53
2000-09-07,ATO,7.9444904,8.019203,7.919586,7.9693947,67508.266
2000-09-08,ATO,7.9693947,8.044108,7.894682,7.894682,107410.914
2000-09-11,ATO,7.9693947,7.9942994,7.9444904,7.9693947,96117.71
2000-09-12,ATO,7.9693947,8.467483,7.9693947,8.16863,91851.39
2000-09-13,ATO,8.268248,8.467483,8.16863,8.417673,69515.945
2000-09-14,ATO,8.367865,8.816143,8.318056,8.791239,151579.89
2000-09-15,ATO,8.616908,8.915761,8.616908,8.865952,126734.84
2000-09-18,ATO,8.766335,8.766335,8.467483,8.467483,67508.266
2000-09-19,ATO,8.492387,8.492387,8.367865,8.417673,121966.6
2000-09-20,ATO,8.417673,8.666717,8.392769,8.5671,100133.07
2000-09-21,ATO,8.666717,8.666717,8.392769,8.392769,74535.14
2000-09-22,ATO,8.243342,8.492387,8.193534,8.467483,71021.7
2000-09-25,ATO,8.467483,8.467483,8.019203,8.143725,85828.35
2000-09-26,ATO,8.16863,8.268248,8.118821,8.193534,114186.836
2000-09-27,ATO,8.143725,8.218438,8.044108,8.069013,78801.47
2000-09-28,ATO,7.9693947,8.367865,7.9693947,8.318056,66002.5
2000-09-29,ATO,8.318056,8.442577,8.218438,8.218438,152834.69
2000-10-02,ATO,8.243342,8.293152,8.069013,8.16863,91349.47
2000-10-03,ATO,8.118821,8.218438,7.9444904,7.9693947,75288.02
2000-10-04,ATO,7.9444904,8.044108,7.8697777,7.919586,62990.98
2000-10-05,ATO,7.9693947,8.044108,7.9444904,7.9693947,119958.92
2000-10-06,ATO,8.019203,8.019203,7.695447,7.695447,103897.48
2000-10-09,ATO,7.6456385,7.9444904,7.6456385,7.919586,104901.31
2000-10-10,ATO,7.919586,7.9444904,7.77016,7.844873,77295.7
2000-10-11,ATO,7.8697777,8.16863,7.8199687,8.093917,173162.45
2000-10-12,ATO,8.069013,8.367865,8.044108,8.268248,142043.4
2000-10-13,ATO,8.218438,8.268248,8.118821,8.243342,144553
2000-10-16,ATO,8.218438,8.367865,8.16863,8.34296,106658.03
2000-10-17,ATO,8.367865,8.492387,8.34296,8.467483,86079.305
2000-10-18,ATO,8.417673,8.467483,8.34296,8.417673,75538.984
2000-10-19,ATO,8.442577,8.467483,8.268248,8.467483,59226.58
2000-10-20,ATO,8.367865,8.542195,8.367865,8.492387,69264.984
2000-10-23,ATO,8.492387,8.517291,8.467483,8.517291,31871.93
2000-10-24,ATO,8.492387,8.592004,8.467483,8.542195,45423.773
2000-10-25,ATO,8.492387,8.542195,8.417673,8.442577,92102.35
2000-10-26,ATO,8.34296,8.517291,8.34296,8.442577,101136.914
2000-10-27,ATO,8.442577,8.592004,8.392769,8.592004,36389.21
2000-10-30,ATO,8.592004,8.890856,8.592004,8.890856,75789.945
2000-10-31,ATO,8.890856,9.214613,8.890856,9.214613,209300.7
2000-11-01,ATO,9.164804,9.339134,9.164804,9.239517,46929.535
2000-11-02,ATO,9.31423,9.513465,9.164804,9.513465,87334.11
2000-11-03,ATO,9.513465,9.513465,9.214613,9.413848,87836.03
2000-11-06,ATO,9.388944,9.488561,9.31423,9.413848,58975.62
2000-11-07,ATO,9.413848,9.513465,9.31423,9.438752,95866.75
2000-11-08,ATO,9.438752,9.463656,9.31423,9.31423,38396.89
2000-11-09,ATO,9.413848,9.563274,9.264421,9.538369,84322.586
2000-11-10,ATO,9.538369,9.7127,9.364039,9.463656,121966.6
2000-11-13,ATO,9.463656,9.488561,9.364039,9.488561,23590.248
2000-11-14,ATO,9.488561,9.662891,9.364039,9.662891,51697.777
2000-11-15,ATO,9.7127,9.7127,9.563274,9.588179,53203.54
2000-11-16,ATO,9.637987,9.862126,9.637987,9.762508,90345.63
2000-11-17,ATO,9.911935,9.961743,9.737604,9.812318,71774.586
2000-11-20,ATO,9.853647,10.080458,9.778044,10.030055,158970.95
2000-11-21,ATO,10.055256,10.156061,10.055256,10.130859,47616.887
2000-11-22,ATO,10.080458,10.105659,10.030055,10.105659,141610.64
2000-11-24,ATO,10.105659,10.130859,10.080458,10.130859,42408.79
2000-11-27,ATO,10.130859,10.130859,10.030055,10.030055,97465.81
2000-11-28,ATO,10.055256,10.130859,10.004854,10.030055,638115.9
2000-11-29,ATO,10.055256,10.231665,10.030055,10.206463,129954.42
2000-11-30,ATO,10.156061,10.2568655,10.080458,10.130859,111602.08
2000-12-01,ATO,9.979653,9.979653,9.47563,9.47563,187491.48
2000-12-04,ATO,9.526032,9.677239,9.526032,9.576434,132186.47
2000-12-05,ATO,9.601636,9.626837,9.526032,9.526032,44640.832
2000-12-06,ATO,9.576434,9.778044,9.576434,9.576434,85809.59
2000-12-07,ATO,9.626837,9.677239,9.324423,9.450429,114330.125
2000-12-08,ATO,9.450429,9.576434,9.148015,9.500832,186995.48
2000-12-11,ATO,9.551233,9.551233,9.274021,9.3748255,119290.22
2000-12-12,ATO,9.324423,9.349625,8.769998,8.769998,273549.1
2000-12-13,ATO,8.769998,9.02201,8.694394,8.996808,617531.5
2000-12-14,ATO,8.971607,9.2236185,8.971607,9.122814,372254.94
2000-12-15,ATO,9.122814,9.677239,8.971607,9.677239,6949089.5
2000-12-18,ATO,9.47563,9.576434,9.148015,9.450429,1164629.6
2000-12-19,ATO,9.324423,9.526032,9.299222,9.526032,496257.25
2000-12-20,ATO,9.576434,9.576434,9.173216,9.425228,518081.66
2000-12-21,ATO,9.425228,9.551233,9.349625,9.425228,600915.2
2000-12-22,ATO,9.425228,9.677239,9.425228,9.576434,390855.28
2000-12-26,ATO,9.551233,9.954452,9.551233,9.954452,319429.94
2000-12-27,ATO,9.979653,10.58448,9.979653,10.58448,1022027
2000-12-28,ATO,10.534078,10.559279,10.080458,10.206463,394575.34
2000-12-29,ATO,10.2568655,10.2568655,9.677239,9.828446,388127.22
2001-01-02,ATO,9.878848,10.156061,9.601636,10.156061,314469.84
2001-01-03,ATO,10.156061,10.282066,9.979653,10.080458,325630.06
2001-01-04,ATO,10.080458,10.080458,9.3748255,9.778044,495265.22
2001-01-05,ATO,9.677239,9.828446,9.576434,9.70244,148058.75
2001-01-08,ATO,9.677239,9.878848,9.601636,9.853647,138882.58
2001-01-09,ATO,9.878848,10.030055,9.828446,9.878848,166163.1
2001-01-10,ATO,9.878848,10.181262,9.853647,10.181262,484601.03
2001-01-11,ATO,10.080458,10.382872,10.080458,10.080458,418631.78
2001-01-12,ATO,10.105659,10.181262,10.055256,10.080458,244780.56
2001-01-16,ATO,10.080458,10.156061,9.526032,10.080458,416895.75
2001-01-17,ATO,10.181262,10.282066,9.677239,9.677239,260404.84
2001-01-18,ATO,9.778044,9.828446,9.652038,9.752843,256932.78
2001-01-19,ATO,9.70244,9.828446,9.677239,9.727641,120034.234
2001-01-22,ATO,9.652038,9.727641,9.47563,9.652038,255196.75
2001-01-23,ATO,9.677239,9.929251,9.601636,9.929251,257676.8
2001-01-24,ATO,10.030055,10.130859,9.954452,10.030055,255692.77
2001-01-25,ATO,10.055256,10.080458,9.954452,10.055256,96225.79
2001-01-26,ATO,10.055256,10.055256,9.828446,9.954452,84569.58
2001-01-29,ATO,9.677239,10.076426,9.677239,10.076426,190963.56
2001-01-30,ATO,10.019975,10.128844,9.794173,10.019975,327614.1
2001-01-31,ATO,9.959493,10.019975,9.82643,9.866752,175587.27
2001-02-01,ATO,9.878848,9.899009,9.427243,9.657079,237092.42
2001-02-02,ATO,9.677239,9.693368,9.479662,9.524016,204851.81
2001-02-05,ATO,9.536113,9.838527,9.394986,9.624821,142106.64
2001-02-06,ATO,9.584499,9.717561,9.515952,9.717561,159218.97
2001-02-07,ATO,9.717561,9.939331,9.6974,9.939331,397799.4
2001-02-08,ATO,9.959493,9.959493,9.628853,9.693368,104409.945
2001-02-09,ATO,9.717561,9.757883,9.580467,9.616756,84817.58
2001-02-12,ATO,9.677239,9.870784,9.532081,9.838527,167155.11
2001-02-13,ATO,9.878848,9.878848,9.737721,9.818366,140122.61
2001-02-14,ATO,9.818366,9.818366,9.556274,9.636917,137642.56
2001-02-15,ATO,9.677239,9.878848,9.5885315,9.878848,165915.1
2001-02-16,ATO,9.778044,9.878848,9.66111,9.818366,103665.93
2001-02-20,ATO,9.727641,9.838527,9.596595,9.717561,81345.516
2001-02-21,ATO,9.616756,9.899009,9.515952,9.761914,170875.19
2001-02-22,ATO,9.616017,9.712942,9.508889,9.578267,123497.08
2001-02-23,ATO,9.386457,9.582348,9.186485,9.366052,180835
2001-02-26,ATO,9.4027815,9.631322,9.386457,9.59051,111490.414
2001-02-27,ATO,9.59051,9.59051,9.386457,9.4027815,280073.72
2001-02-28,ATO,9.4027815,9.508889,9.39462,9.508889,266106.78
2001-03-01,ATO,9.508889,9.692537,9.378295,9.692537,388868.75
2001-03-02,ATO,9.651727,9.765997,9.578267,9.733348,118351.36
2001-03-05,ATO,9.708862,9.7904825,9.692537,9.712942,127907.69
2001-03-06,ATO,9.6721325,9.704781,9.529295,9.5497,212444.38
2001-03-07,ATO,9.5497,9.696618,9.492565,9.541537,220530.48
2001-03-08,ATO,9.557862,9.6721325,9.427268,9.6721325,122271.91
2001-03-09,ATO,9.668051,9.712942,9.447673,9.712942,79390.98
2001-03-12,ATO,9.651727,9.6721325,9.488483,9.541537,162212.42
2001-03-13,ATO,9.541537,9.566025,9.304835,9.386457,222980.83
2001-03-14,ATO,9.325241,9.5497,9.24362,9.5497,156821.69
2001-03-15,ATO,9.59051,9.692537,9.517052,9.635403,183530.38
2001-03-16,ATO,9.774159,9.774159,9.223214,9.508889,256795.5
2001-03-19,ATO,9.447673,9.6721325,9.223214,9.6721325,103649.33
2001-03-20,ATO,9.570106,9.692537,9.304835,9.345646,436650.38
2001-03-21,ATO,9.353808,9.353808,9.059972,9.080377,111245.38
2001-03-22,ATO,8.876324,8.937539,8.5090275,8.888567,206318.53
2001-03-23,ATO,8.927337,8.998755,8.855919,8.962026,103159.266
2001-03-26,ATO,8.970188,9.080377,8.966106,9.072215,91397.63
2001-03-27,ATO,9.072215,9.100782,8.962026,8.978351,208768.86
2001-03-28,ATO,8.876324,9.010999,8.725324,8.774297,284484.34
2001-03-29,ATO,8.794702,9.223214,8.757973,9.182404,197007.23
2001-03-30,ATO,9.202808,9.712942,9.202808,9.712942,287424.75
2001-04-02,ATO,9.6721325,9.814969,9.508889,9.570106,216119.88
2001-04-03,ATO,9.488483,9.508889,9.002836,9.059972,194801.94
2001-04-04,ATO,8.901831,9.039566,8.753892,8.8967285,375146.88
2001-04-05,ATO,8.957945,9.100782,8.835513,9.100782,224451.03
2001-04-06,ATO,8.978351,9.100782,8.855919,8.876324,156331.61
2001-04-09,ATO,8.957945,9.1497555,8.90081,9.141593,82331.38
2001-04-10,ATO,9.121188,9.5497,9.121188,9.329323,147755.42
2001-04-11,ATO,9.288511,9.308917,9.039566,9.039566,98993.69
2001-04-12,ATO,9.039566,9.235457,8.855919,9.223214,116881.16
2001-04-16,ATO,9.202808,9.202808,8.937539,8.978351,96788.38
2001-04-17,ATO,8.978351,9.174241,8.937539,9.174241,135503.73
2001-04-18,ATO,9.264026,9.264026,8.733486,8.855919,186225.75
2001-04-19,ATO,8.855919,8.957945,8.819189,8.957945,85516.82
2001-04-20,ATO,8.978351,8.978351,8.647784,8.753892,140159.38
2001-04-23,ATO,8.774297,8.876324,8.631459,8.774297,238663
2001-04-24,ATO,8.753892,8.872243,8.721243,8.835513,140404.4
2001-04-25,ATO,8.815107,8.970188,8.815107,8.892649,124477.21
2001-04-26,ATO,8.876324,9.141593,8.802864,9.080377,331285.8
2001-04-27,ATO,9.100782,9.141593,8.929378,9.141593,337166.62
2001-04-30,ATO,9.161999,9.2844305,9.100782,9.251782,258510.73
2001-05-01,ATO,9.2844305,9.488483,9.186485,9.406862,189656.22
2001-05-02,ATO,9.508889,9.59051,9.317079,9.488483,271987.6
2001-05-03,ATO,9.508889,9.598673,9.39462,9.5497,209013.89
2001-05-04,ATO,9.610915,9.786402,9.59051,9.745591,117371.23
2001-05-07,ATO,9.786402,9.786402,9.488483,9.5497,151675.97
2001-05-08,ATO,9.553781,9.610915,9.406862,9.410943,58808.13
2001-05-09,ATO,9.447673,9.480322,9.345646,9.406862,109040.08
2001-05-10,ATO,9.447673,9.447673,9.182404,9.223214,127172.586
2001-05-11,ATO,9.264026,9.304835,9.202808,9.24362,174219.1
2001-05-14,ATO,9.2844305,9.2844305,9.161999,9.24362,112715.586
2001-05-15,ATO,9.24362,9.345646,9.24362,9.264026,125702.38
2001-05-16,ATO,9.202808,9.59051,9.202808,9.59051,175199.22
2001-05-17,ATO,9.59051,9.59051,9.223214,9.272187,286934.66
2001-05-18,ATO,9.276268,9.468079,9.264026,9.406862,108059.94
2001-05-21,ATO,9.468079,9.594592,9.415025,9.594592,133788.5
2001-05-22,ATO,9.492565,9.774159,9.492565,9.623159,174954.19
2001-05-23,ATO,9.606631,9.635554,9.523993,9.606631,120768.15
2001-05-24,ATO,9.606631,9.64795,9.544653,9.64795,83254.99
2001-05-25,ATO,9.62729,9.689269,9.610763,9.64795,36303.05
2001-05-29,ATO,9.668609,9.701664,9.462015,9.569444,96566.11
2001-05-30,ATO,9.573576,9.656214,9.523993,9.585972,266222.38
2001-05-31,ATO,9.62729,9.804961,9.585972,9.585972,162395.64
2001-06-01,ATO,9.544653,9.565312,9.490938,9.544653,105762.88
2001-06-04,ATO,9.544653,9.565312,9.519862,9.544653,208379.5
2001-06-05,ATO,9.544653,9.544653,9.519862,9.523993,130448.96
2001-06-06,ATO,9.523993,9.62729,9.523993,9.536389,151988.77
2001-06-07,ATO,9.565312,9.585972,9.528125,9.58184,55422.656
2001-06-08,ATO,9.540521,9.548785,9.470279,9.503334,81076.81
2001-06-11,ATO,9.565312,9.606631,9.466146,9.503334,64619.43
2001-06-12,ATO,9.507465,9.825621,9.482675,9.809093,137467.55
2001-06-13,ATO,9.825621,9.879335,9.809093,9.829753,76478.42
2001-06-14,ATO,9.842148,9.842148,9.523993,9.548785,147390.38
2001-06-15,ATO,9.540521,9.813225,9.511598,9.7099285,161185.55
2001-06-18,ATO,9.606631,9.718192,9.594235,9.594235,99228.336
2001-06-19,ATO,9.62729,9.62729,9.482675,9.482675,82528.93
2001-06-20,ATO,9.462015,9.62729,9.342191,9.62729,141339.88
2001-06-21,ATO,9.62729,9.916522,9.400037,9.916522,217334.25
2001-06-22,ATO,9.833884,9.833884,9.507465,9.532257,142792
2001-06-25,ATO,9.532257,9.532257,9.292607,9.379377,169898.27
2001-06-26,ATO,9.338058,9.585972,9.338058,9.552917,171108.38
2001-06-27,ATO,9.585972,9.895864,9.585972,9.895864,113265.516
2001-06-28,ATO,9.916522,9.974368,9.875203,9.916522,100196.414
2001-06-29,ATO,9.957841,10.267733,9.937181,10.106588,381182.03
2001-07-02,ATO,10.1231165,10.143776,9.751247,9.751247,143760.08
2001-07-03,ATO,9.751247,9.871071,9.689269,9.730587,71396
2001-07-05,ATO,9.62729,9.825621,9.602499,9.767775,128512.8
2001-07-06,ATO,9.767775,9.796698,9.606631,9.668609,113265.516
2001-07-09,ATO,9.62729,9.64795,9.503334,9.552917,76236.41
2001-07-10,ATO,9.565312,9.565312,9.29674,9.29674,135773.4
2001-07-11,ATO,9.338058,9.338058,9.139729,9.172784,117863.9
2001-07-12,ATO,9.214102,9.234761,9.14386,9.18931,125608.555
2001-07-13,ATO,9.193442,9.255421,9.131464,9.1810465,86401.26
2001-07-16,ATO,9.193442,9.29674,9.114937,9.131464,75752.37
2001-07-17,ATO,9.090145,9.102541,8.986848,9.048826,121010.164
2001-07-18,ATO,8.986848,9.114937,8.90421,8.986848,161911.6
2001-07-19,ATO,9.007507,9.110805,9.007507,9.090145,106730.97
2001-07-20,ATO,8.842232,9.044695,8.701748,8.796782,324549.25
2001-07-23,ATO,8.817441,8.842232,8.429044,8.503418,266948.44
2001-07-24,ATO,8.470363,8.511682,8.098494,8.176999,294296.72
2001-07-25,ATO,8.139812,8.325747,8.119152,8.263768,638933.7
2001-07-26,ATO,8.263768,8.338142,8.259637,8.305087,346089.06
2001-07-27,ATO,8.284428,8.358802,8.24311,8.263768,263802.16
2001-07-30,ATO,8.305087,8.367065,8.263768,8.325747,198940.72
2001-07-31,ATO,8.367065,8.391857,8.313352,8.346407,152714.83
2001-08-01,ATO,8.305087,8.379461,8.263768,8.263768,135773.4
2001-08-02,ATO,8.346407,8.346407,8.24311,8.263768,318740.78
2001-08-03,ATO,8.367065,8.614979,8.276164,8.532341,301315.3
2001-08-06,ATO,8.532341,8.532341,8.238977,8.255505,349235.34
2001-08-07,ATO,8.284428,8.346407,8.230714,8.346407,278565.4
2001-08-08,ATO,8.511682,8.511682,8.201791,8.24311,432248.3
2001-08-09,ATO,8.346407,8.635638,8.263768,8.635638,384328.28
2001-08-10,ATO,8.676957,8.821573,8.614979,8.784386,137467.55
2001-08-13,ATO,8.800913,8.883552,8.701748,8.780254,204507.17
2001-08-14,ATO,8.821573,8.966189,8.780254,8.908342,131901.08
2001-08-15,ATO,8.908342,9.172784,8.842232,9.172784,155377.05
2001-08-16,ATO,9.172784,9.29674,8.974452,9.29674,181031.2
2001-08-17,ATO,9.317399,9.346323,9.14386,9.292607,174980.7
2001-08-20,ATO,9.292607,9.338058,9.214102,9.305003,125366.53
2001-08-21,ATO,9.305003,9.437223,9.29674,9.309135,155861.1
2001-08-22,ATO,9.350993,9.459824,9.187749,9.459824,180373.36
2001-08-23,ATO,9.501681,9.501681,9.271463,9.271463,140476.2
2001-08-24,ATO,9.292393,9.405408,9.229606,9.355179,142865.25
2001-08-27,ATO,9.359365,9.44308,9.279836,9.279836,223854.08
2001-08-28,ATO,9.284021,9.417965,9.208677,9.317507,124708.46
2001-08-29,ATO,9.317507,9.3844795,9.191934,9.317507,170100.44
2001-08-30,ATO,9.3342495,9.350993,9.112405,9.204492,118496.93
2001-08-31,ATO,9.229606,9.263092,9.041247,9.041247,105118.24
2001-09-04,ATO,9.083105,9.3342495,9.083105,9.225421,194468.75
2001-09-05,ATO,9.309135,9.355179,9.062176,9.129148,370302.9
2001-09-06,ATO,9.08729,9.16682,8.936603,8.94916,312248.97
2001-09-07,ATO,8.957531,9.011947,8.831959,8.974275,153377.08
2001-09-10,ATO,8.995203,9.208677,8.790101,9.208677,218359.27
2001-09-17,ATO,9.313321,9.313321,9.020318,9.045433,180134.45
2001-09-18,ATO,9.095661,9.104033,9.062176,9.099848,195424.38
2001-09-19,ATO,9.08729,9.099848,8.932417,9.099848,145493.2
2001-09-20,ATO,9.062176,9.083105,8.957531,8.99939,126858.61
2001-09-21,ATO,9.062176,9.062176,8.647785,8.689643,140237.3
2001-09-24,ATO,8.748243,8.852887,8.702201,8.852887,190646.27
2001-09-25,ATO,8.936603,9.083105,8.790101,9.074733,172728.39
2001-09-26,ATO,9.074733,9.099848,8.811029,8.878001,182045.69
2001-09-27,ATO,8.957531,8.99939,8.831959,8.995203,323716.4
2001-09-28,ATO,8.99939,9.062176,8.965903,9.041247,224570.8
2001-10-01,ATO,9.041247,9.041247,8.815215,8.940789,156960.66
2001-10-02,ATO,8.944975,8.97846,8.8487015,8.915673,177984.3
2001-10-03,ATO,8.97846,9.041247,8.957531,9.041247,565727.3
2001-10-04,ATO,8.99939,9.296577,8.957531,9.250535,411155.7
2001-10-05,ATO,9.271463,9.271463,9.16682,9.229606,199485.77
2001-10-08,ATO,9.292393,9.292393,9.083105,9.208677,147882.27
2001-10-09,ATO,9.208677,9.208677,9.020318,9.020318,94128.61
2001-10-10,ATO,9.024504,9.242164,9.024504,9.208677,149315.69
2001-10-11,ATO,9.208677,9.208677,9.070547,9.187749,285969.4
2001-10-12,ATO,9.200306,9.250535,9.104033,9.212863,165322.33
2001-10-15,ATO,9.212863,9.212863,9.003575,9.104033,89350.51
2001-10-16,ATO,9.104033,9.208677,9.083105,9.16682,167950.28
2001-10-17,ATO,9.187749,9.208677,9.08729,9.196119,146209.92
2001-10-18,ATO,9.196119,9.196119,8.99939,9.020318,133547.95
2001-10-19,ATO,8.99939,9.196119,8.882188,9.104033,111329.78
2001-10-22,ATO,9.108219,9.108219,8.97846,8.991017,104640.44
2001-10-23,ATO,8.991017,8.991017,8.580812,8.706386,275696.5
2001-10-24,ATO,8.706386,8.727315,8.589185,8.656157,123513.94
2001-10-25,ATO,8.656157,8.936603,8.497097,8.8738165,317982.7
2001-10-26,ATO,8.8738165,8.97846,8.844516,8.915673,179417.73
2001-10-29,ATO,8.894745,8.97846,8.811029,8.8738165,114196.64
2001-10-30,ATO,8.8738165,9.062176,8.6435995,8.8863735,195185.47
2001-10-31,ATO,8.8738165,9.024504,8.790101,9.020318,109179.63
2001-11-01,ATO,9.020318,9.179378,9.020318,9.104033,155288.31
2001-11-02,ATO,8.99939,9.083105,8.790101,8.915673,134742.48
2001-11-05,ATO,8.831959,9.183563,8.831959,8.99939,65460
2001-11-06,ATO,8.99939,9.003575,8.831959,8.957531,254195.03
2001-11-07,ATO,8.957531,8.97846,8.790101,8.8487015,149554.6
2001-11-08,ATO,8.890559,8.915673,8.790101,8.831959,212147.73
2001-11-09,ATO,8.790101,8.907303,8.6435995,8.764987,187540.5
2001-11-12,ATO,8.748243,8.8738165,8.727315,8.865445,103445.91
2001-11-13,ATO,8.8738165,8.907303,8.710571,8.798472,178701.02
2001-11-14,ATO,8.798472,8.99939,8.798472,8.882188,139998.39
2001-11-15,ATO,8.894745,8.894745,8.802659,8.811029,199007.95
2001-11-16,ATO,8.769173,8.790101,8.518026,8.748243,194229.84
2001-11-19,ATO,8.790101,8.790101,8.677085,8.702201,129725.47
2001-11-20,ATO,8.664529,9.104033,8.664529,8.97846,234365.9
2001-11-21,ATO,8.933896,9.031512,8.785353,8.785353,143963.5
2001-11-23,ATO,8.819305,9.073953,8.819305,9.073953,55606.195
2001-11-26,ATO,9.073953,9.099418,8.929653,8.976337,105557.52
2001-11-27,ATO,8.955117,8.976337,8.798084,8.802328,212528.77
2001-11-28,ATO,8.802328,8.802328,8.276056,8.509483,2786907
2001-11-29,ATO,8.513727,8.513727,8.259079,8.377915,722644.94
2001-11-30,ATO,8.382159,8.40338,8.293034,8.318498,360969.03
2001-12-03,ATO,8.382159,8.382159,8.254836,8.259079,297823
2001-12-04,ATO,8.259079,8.445822,8.259079,8.433089,237268.81
2001-12-05,ATO,8.433089,8.522216,8.428845,8.488263,230435.84
2001-12-06,ATO,8.488263,8.488263,8.394893,8.462798,283450.22
2001-12-07,ATO,8.467043,8.573146,8.399137,8.5307045,363796.47
2001-12-10,ATO,8.551925,8.551925,8.360939,8.369427,143727.88
2001-12-11,ATO,8.369427,8.441577,8.369427,8.411868,316201.34
2001-12-12,ATO,8.424602,8.5307045,8.377915,8.424602,305362.84
2001-12-13,ATO,8.40338,8.585877,8.40338,8.467043,171766.6
2001-12-14,ATO,8.573146,8.615586,8.492507,8.594366,303006.62
2001-12-17,ATO,8.598611,8.849014,8.573146,8.849014,248107.3
2001-12-18,ATO,8.891456,8.955117,8.832037,8.955117,157629.42
2001-12-19,ATO,8.976337,8.989071,8.878723,8.96785,252584.08
2001-12-20,ATO,9.010291,9.1036625,8.925408,9.052732,194150.44
2001-12-21,ATO,9.056976,9.11215,8.955117,9.082441,443200.22
2001-12-24,ATO,9.082441,9.154592,8.976337,9.014535,120401.55
2001-12-26,ATO,9.014535,9.078197,8.972094,9.065465,139486.72
2001-12-27,ATO,9.065465,9.124883,9.04,9.04,120401.55
2001-12-28,ATO,9.082441,9.099418,8.916921,8.929653,247400.44
2001-12-31,ATO,8.933896,9.209765,8.912676,9.01878,296173.7
2002-01-02,ATO,9.01878,9.146103,8.861746,9.1036625,224074.11
2002-01-03,ATO,9.133371,9.167324,8.997559,9.150347,302535.4
2002-01-04,ATO,9.230986,9.264939,9.124883,9.252206,146319.69
2002-01-07,ATO,9.294648,9.332845,9.146103,9.175813,262951.3
2002-01-08,ATO,9.133371,9.180056,9.048488,9.082441,158571.9
2002-01-09,ATO,9.1036625,9.209765,8.94663,8.94663,135716.81
2002-01-10,ATO,8.955117,9.061221,8.94663,9.04,155273.23
2002-01-11,ATO,9.065465,9.124883,9.061221,9.095174,122050.88
2002-01-14,ATO,9.124883,9.167324,8.933896,8.933896,220304.2
2002-01-15,ATO,8.9211645,8.976337,8.840526,8.908432,246929.2
2002-01-16,ATO,8.912676,8.993315,8.874478,8.955117,379582.97
2002-01-17,ATO,8.955117,9.056976,8.912676,8.912676,411155.97
2002-01-18,ATO,8.933896,8.963606,8.857503,8.891456,190144.9
2002-01-22,ATO,8.938141,8.997559,8.8702345,8.891456,237033.19
2002-01-23,ATO,8.8702345,8.972094,8.802328,8.904187,237268.81
2002-01-24,ATO,8.912676,8.925408,8.853258,8.853258,179306.42
2002-01-25,ATO,8.899943,8.955117,8.840526,8.8956995,432361.72
2002-01-28,ATO,8.861746,8.997559,8.84477,8.955117,142078.55
2002-01-29,ATO,8.976337,8.997559,8.717446,8.806573,189909.3
2002-01-30,ATO,8.849014,8.989071,8.751399,8.955117,188495.58
2002-01-31,ATO,8.959362,8.959362,8.8702345,8.955117,106500
2002-02-01,ATO,8.955117,9.01878,8.827793,8.827793,169646.02
2002-02-04,ATO,8.8702345,8.912676,8.849014,8.874478,120401.55
2002-02-05,ATO,8.865991,8.963606,8.849014,8.950873,87886.06
2002-02-06,ATO,8.912676,8.912676,8.785353,8.802328,134303.1
2002-02-07,ATO,8.806573,8.853258,8.598611,8.598611,280151.56
2002-02-08,ATO,8.700469,8.912676,8.666516,8.8956995,118516.59
2002-02-11,ATO,8.916921,9.1036625,8.916921,9.052732,165876.11
2002-02-12,ATO,9.082441,9.146103,9.035756,9.116394,130533.19
2002-02-13,ATO,9.124883,9.222497,9.124883,9.218253,187553.1
2002-02-14,ATO,9.226742,9.33709,9.201277,9.205522,483491.16
2002-02-15,ATO,9.167324,9.536563,9.069709,9.515343,245279.88
2002-02-19,ATO,9.4941225,9.519587,9.320112,9.366798,139722.34
2002-02-20,ATO,9.400751,9.540808,9.371042,9.540808,1346094
2002-02-21,ATO,9.547259,9.607467,9.379537,9.379537,170907.7
2002-02-22,ATO,9.461247,9.474149,9.246219,9.332231,380414.97
2002-02-25,ATO,9.4182415,9.547259,9.353733,9.504253,189044.84
2002-02-26,ATO,9.504253,9.697778,9.439745,9.680576,259965.72
2002-02-27,ATO,9.676275,9.740784,9.611767,9.680576,108125.28
2002-02-28,ATO,9.684876,9.714981,9.590264,9.590264,250897.16
2002-03-01,ATO,9.611767,9.676275,9.564461,9.585964,197183.31
2002-03-04,ATO,9.5988655,9.654773,9.573062,9.607467,196485.72
2002-03-05,ATO,9.650473,9.650473,9.547259,9.573062,208809.69
2002-03-06,ATO,9.659073,9.676275,9.517154,9.671975,240665.94
2002-03-07,ATO,9.633269,9.8698015,9.633269,9.8698015,228574.52
2002-03-08,ATO,9.8698015,9.977316,9.659073,9.977316,259268.14
2002-03-11,ATO,10.00742,10.084829,9.8612,10.084829,110218.02
2002-03-12,ATO,10.063327,10.063327,9.805292,9.998818,208112.1
2002-03-13,ATO,9.955812,10.127834,9.891304,10.067627,192532.75
2002-03-14,ATO,10.084829,10.17084,10.063327,10.16654,113008.36
2002-03-15,ATO,10.020321,10.493383,9.994517,10.218147,353209.25
2002-03-18,ATO,10.218147,10.299858,10.153639,10.274055,96731.43
2002-03-19,ATO,10.235349,10.342863,10.235349,10.321361,104404.84
2002-03-20,ATO,10.3170595,10.493383,10.157939,10.179441,179976.27
2002-03-21,ATO,10.23105,10.403071,10.23105,10.390169,345535.84
2002-03-22,ATO,10.403071,10.450377,10.23105,10.23105,421572.3
2002-03-25,ATO,10.188044,10.428875,10.17084,10.291257,153003.08
2002-03-26,ATO,10.312759,10.347164,10.235349,10.299858,112078.25
2002-03-27,ATO,10.342863,10.532088,10.321361,10.407372,147887.48
2002-03-28,ATO,10.450377,10.536389,10.149338,10.149338,176255.83
2002-04-01,ATO,10.140737,10.407372,10.119234,10.213846,229504.62
2002-04-02,ATO,10.256852,10.364367,10.213846,10.299858,263221.12
2002-04-03,ATO,10.312759,10.312759,10.183743,10.205245,131378.03
2002-04-04,ATO,10.188044,10.274055,10.080529,10.145038,143004.4
2002-04-05,ATO,10.080529,10.256852,10.080529,10.17084,159978.9
2002-04-08,ATO,10.17084,10.364367,10.16654,10.347164,102777.15
2002-04-09,ATO,10.321361,10.415973,10.278355,10.364367,206251.88
2002-04-10,ATO,10.372968,10.557892,10.364367,10.519186,318330.12
2002-04-11,ATO,10.493383,10.493383,10.321361,10.360065,137888.8
2002-04-12,ATO,10.390169,10.514887,10.269753,10.489082,306006.16
2002-04-15,ATO,10.493383,10.493383,10.312759,10.325662,176720.89
2002-04-16,ATO,10.3170595,10.506285,10.3170595,10.471881,289496.72
2002-04-17,ATO,10.428875,10.476181,10.385869,10.407372,183231.66
2002-04-18,ATO,10.450377,10.471881,10.364367,10.441777,117193.85
2002-04-19,ATO,10.428875,10.450377,10.385869,10.450377,106730.12
2002-04-22,ATO,10.493383,10.510586,10.368667,10.458979,199276.05
2002-04-23,ATO,10.493383,10.557892,10.390169,10.403071,135331
2002-04-24,ATO,10.428875,10.493383,10.368667,10.39447,122309.45
2002-04-25,ATO,10.415973,10.493383,10.364367,10.368667,139051.44
2002-04-26,ATO,10.368667,10.407372,10.196644,10.256852,132075.61
2002-04-29,ATO,10.278355,10.342863,10.213846,10.278355,145562.2
2002-04-30,ATO,10.299858,10.321361,10.261153,10.291257,227411.88
2002-05-01,ATO,10.3170595,10.385869,10.23965,10.321361,163699.34
2002-05-02,ATO,10.321361,10.364367,10.286956,10.321361,264616.28
2002-05-03,ATO,10.321361,10.446077,10.256852,10.321361,171140.23
2002-05-06,ATO,10.278355,10.381568,10.16654,10.209546,118821.55
2002-05-07,ATO,10.252552,10.265453,10.106332,10.127834,96266.375
2002-05-08,ATO,10.076228,10.321361,10.071928,10.308458,121611.875
2002-05-09,ATO,10.308458,10.338563,9.998818,10.063327,124402.2
2002-05-10,ATO,10.084829,10.084829,9.917107,9.955812,132075.61
2002-05-13,ATO,9.998818,10.059026,9.981615,9.981615,234852.77
2002-05-14,ATO,9.968714,10.261153,9.968714,10.213846,172767.92
2002-05-15,ATO,10.235349,10.24395,10.192344,10.24395,131145.5
2002-05-16,ATO,10.256852,10.334263,10.059026,10.106332,206019.34
2002-05-17,ATO,10.127834,10.162239,10.020321,10.041824,189974.95
2002-05-20,ATO,10.063327,10.123535,9.93431,9.93431,121611.875
2002-05-21,ATO,9.977316,10.020321,9.848298,9.998818,130215.39
2002-05-22,ATO,9.998818,10.076228,9.9128065,10.033222,93243.52
2002-05-23,ATO,10.031045,10.218337,9.900375,10.218337,135915.66
2002-05-24,ATO,10.257538,10.257538,10.052823,10.092024,109972.3
2002-05-28,ATO,10.105091,10.118157,9.943932,10.118157,144410.38
2002-05-29,ATO,10.083312,10.118157,9.922153,10.052823,140277.81
2002-05-30,ATO,10.039756,10.126869,9.952643,10.052823,70253.7
2002-05-31,ATO,10.044111,10.126869,9.9962,10.078957,127650.516
2002-06-03,ATO,10.052823,10.052823,9.647748,9.652103,162318.19
2002-06-04,ATO,9.647748,9.79584,9.55628,9.739217,152445.94
2002-06-05,ATO,9.782773,9.843752,9.586769,9.621614,180914.75
2002-06-06,ATO,9.643393,9.643393,9.14685,9.25574,254153.1
2002-06-07,ATO,9.277518,9.434321,9.151205,9.281874,257137.72
2002-06-10,ATO,9.347208,9.408188,9.303653,9.308008,220633.34
2002-06-11,ATO,9.329786,9.464811,9.329786,9.35592,146706.25
2002-06-12,ATO,9.364632,9.512723,9.3210745,9.469167,215582.44
2002-06-13,ATO,9.464811,9.469167,9.2383175,9.264452,157496.86
2002-06-14,ATO,9.233962,9.4953,9.151205,9.382054,183669.8
2002-06-17,ATO,9.364632,9.730505,9.364632,9.730505,156808.1
2002-06-18,ATO,9.730505,9.882953,9.730505,9.800196,136604.42
2002-06-19,ATO,9.804551,9.869885,9.460455,9.560636,273668
2002-06-20,ATO,9.647748,9.79584,9.429966,9.573702,298463.44
2002-06-21,ATO,9.682593,10.061534,9.682593,10.061534,295708.38
2002-06-24,ATO,10.013622,10.022333,9.843752,9.848108,207087.7
2002-06-25,ATO,9.852464,10.170425,9.852464,10.017978,236934.05
2002-06-26,ATO,9.9962,10.039756,9.800196,9.909086,324865.97
2002-06-27,ATO,9.930864,10.083312,9.852464,10.061534,193082.88
2002-06-28,ATO,10.017978,10.301094,10.017978,10.209626,292494.16
2002-07-01,ATO,10.213982,10.2226925,9.86553,9.86553,265862.03
2002-07-02,ATO,9.909086,9.913443,9.713082,9.713082,204562.25
2002-07-03,ATO,9.734861,9.739217,9.490946,9.652103,169435.39
2002-07-05,ATO,9.691304,9.878597,9.691304,9.86553,60151.86
2002-07-08,ATO,9.821974,10.092024,9.8089075,9.909086,170583.33
2002-07-09,ATO,9.913443,10.017978,9.800196,9.861175,128798.45
2002-07-10,ATO,9.887309,9.909086,9.512723,9.517079,163466.12
2002-07-11,ATO,9.473522,9.713082,9.3733425,9.390765,163695.72
2002-07-12,ATO,9.464811,9.508368,9.125072,9.125072,175175.08
2002-07-15,ATO,9.14685,9.14685,8.715641,9.112004,328768.94
2002-07-16,ATO,9.098937,9.14685,8.889866,9.059736,182751.45
2002-07-17,ATO,9.01618,9.164272,8.929067,9.103292,163695.72
2002-07-18,ATO,9.103292,9.11636,8.863732,8.863732,174486.31
2002-07-19,ATO,8.929067,8.929067,8.449946,8.711285,382951.53
2002-07-22,ATO,8.624172,8.706929,8.2539425,8.428168,294790.03
2002-07-23,ATO,8.449946,8.449946,7.909847,8.001316,193771.64
2002-07-24,ATO,7.957759,8.310566,7.648508,8.310566,345299.22
2002-07-25,ATO,8.288788,8.754842,8.288788,8.6895075,170124.16
2002-07-26,ATO,8.754842,9.103292,8.724352,9.059736,180685.17
2002-07-29,ATO,8.994402,9.351564,8.994402,9.351564,231423.95
2002-07-30,ATO,9.364632,9.469167,9.020535,9.425611,132931.02
2002-07-31,ATO,9.451744,9.517079,9.25574,9.25574,168976.22
2002-08-01,ATO,9.277518,9.408188,8.994402,9.138138,160251.9
2002-08-02,ATO,9.212184,9.28623,8.889866,8.929067,136604.42
2002-08-05,ATO,8.972624,9.242673,8.972624,9.151205,141196.16
2002-08-06,ATO,9.172983,9.4953,9.0728035,9.277518,161859.02
2002-08-07,ATO,9.25574,9.4560995,9.177339,9.451744,100329.63
2002-08-08,ATO,9.473522,9.643393,9.451744,9.604192,147854.19
2002-08-09,ATO,9.669527,9.669527,9.543213,9.643393,108824.36
2002-08-12,ATO,9.582414,9.79584,9.477879,9.717438,120303.72
2002-08-13,ATO,9.7566395,9.800196,9.3210745,9.3210745,96656.234
2002-08-14,ATO,9.364632,9.79584,9.364632,9.79584,175634.25
2002-08-15,ATO,9.778418,9.9962,9.517079,9.573702,412797.88
2002-08-16,ATO,9.582414,9.62597,9.547568,9.582414,236704.45
2002-08-19,ATO,9.604192,9.604192,9.425611,9.534501,355401.06
2002-08-20,ATO,9.4953,9.612903,9.451744,9.599836,213516.14
2002-08-21,ATO,9.534501,9.608547,9.3210745,9.534501,481214.88
2002-08-22,ATO,9.532294,9.625011,9.492558,9.5676155,197728.58
2002-08-23,ATO,9.5676155,9.669164,9.443991,9.457236,215848.05
2002-08-26,ATO,9.501389,9.651504,9.448406,9.629427,170549.39
2002-08-27,ATO,9.647088,9.726561,9.53671,9.53671,154468.38
2002-08-28,ATO,9.514633,9.55437,9.448406,9.448406,183686
2002-08-29,ATO,9.426331,9.625011,9.426331,9.54554,132951.52
2002-08-30,ATO,9.53671,9.625011,9.421915,9.466067,160583.7
2002-09-03,ATO,9.492558,9.492558,9.183497,9.338028,253445.92
2002-09-04,ATO,9.382179,9.607351,9.232064,9.607351,155600.84
2002-09-05,ATO,9.541124,9.647088,9.470483,9.470483,185724.44
2002-09-06,ATO,9.514633,9.779542,9.514633,9.757466,219018.95
2002-09-09,ATO,9.867846,9.867846,9.58969,9.735391,219698.42
2002-09-10,ATO,9.735391,9.797203,9.585276,9.647088,237591.39
2002-09-11,ATO,9.691239,9.788372,9.669164,9.770711,238270.88
2002-09-12,ATO,9.761882,9.761882,9.53671,9.54554,88785.34
2002-09-13,ATO,9.5676155,9.757466,9.53671,9.713315,230570.1
2002-09-16,ATO,9.691239,9.775126,9.57203,9.695654,206108.83
2002-09-17,ATO,9.713315,9.7177305,9.492558,9.492558,169869.92
2002-09-18,ATO,9.470483,9.7088995,9.448406,9.611767,154241.89
2002-09-19,ATO,9.598521,9.677994,9.382179,9.382179,150618
2002-09-20,ATO,9.53671,9.53671,9.276216,9.338028,214036.1
2002-09-23,ATO,9.3424425,9.439575,9.161422,9.214404,119135.44
2002-09-24,ATO,9.214404,9.276216,9.139347,9.161422,123665.3
2002-09-25,ATO,9.161422,9.647088,9.161422,9.53671,213809.61
2002-09-26,ATO,9.713315,9.757466,9.585276,9.757466,198408.06
2002-09-27,ATO,9.713315,9.713315,9.426331,9.426331,183006.53
2002-09-30,ATO,9.470483,9.647088,9.26297,9.492558,183686
2002-10-01,ATO,9.448406,9.602937,9.448406,9.598521,254125.39
2002-10-02,ATO,9.625011,9.7088995,9.439575,9.443991,134310.48
2002-10-03,ATO,9.496973,9.691239,9.496973,9.576446,124797.766
2002-10-04,ATO,9.598521,9.625011,9.439575,9.625011,434414
2002-10-07,ATO,9.669164,9.691239,9.492558,9.514633,179609.12
2002-10-08,ATO,9.470483,9.660333,9.276216,9.5587845,157412.8
2002-10-09,ATO,9.5587845,9.625011,9.139347,9.139347,425127.78
2002-10-10,ATO,9.205574,9.470483,9.104026,9.391009,276774.72
2002-10-11,ATO,9.346858,9.488142,9.276216,9.280631,228305.17
2002-10-14,ATO,9.23648,9.430746,9.232064,9.382179,122532.836
2002-10-15,ATO,9.3424425,9.620597,9.3424425,9.602937,143370.2
2002-10-16,ATO,9.5587845,9.620597,9.205574,9.249725,148126.56
2002-10-17,ATO,9.302707,9.439575,9.240894,9.377764,178250.17
2002-10-18,ATO,9.443991,9.5587845,9.289461,9.426331,108263.76
2002-10-21,ATO,9.413085,9.633842,9.289461,9.602937,191160.28
2002-10-22,ATO,9.607351,9.607351,9.360104,9.404255,143370.2
2002-10-23,ATO,9.404255,9.510219,9.360104,9.488142,158771.75
2002-10-24,ATO,9.532294,9.5587845,9.360104,9.466067,153562.4
2002-10-25,ATO,9.452822,9.580861,9.338028,9.576446,137028.4
2002-10-28,ATO,9.602937,9.647088,9.514633,9.598521,110755.19
2002-10-29,ATO,9.580861,9.602937,9.391009,9.602937,107131.3
2002-10-30,ATO,9.602937,9.713315,9.594106,9.700069,139972.81
2002-10-31,ATO,9.700069,9.845769,9.642673,9.713315,155600.84
2002-11-01,ATO,9.735391,9.894336,9.704484,9.894336,160357.2
2002-11-04,ATO,9.907581,9.978224,9.761882,9.8590145,115964.53
2002-11-05,ATO,9.911997,9.911997,9.730976,9.792788,122532.836
2002-11-06,ATO,9.801618,9.951733,9.726561,9.88992,172814.33
2002-11-07,ATO,9.845769,9.845769,9.5587845,9.580861,247330.6
2002-11-08,ATO,9.602937,9.713315,9.514633,9.669164,97618.58
2002-11-11,ATO,9.669164,9.7088995,9.580861,9.580861,107357.79
2002-11-12,ATO,9.602937,9.664748,9.391009,9.404255,125250.75
2002-11-13,ATO,9.404255,9.625011,9.404255,9.523463,98524.555
2002-11-14,ATO,9.549954,9.660333,9.496973,9.629427,128195.164
2002-11-15,ATO,9.5676155,9.920826,9.5587845,9.779542,206561.81
2002-11-18,ATO,9.823693,10.048866,9.510219,9.510219,213809.61
2002-11-19,ATO,9.53671,9.704484,9.496973,9.664748,166246.03
2002-11-20,ATO,9.625011,9.823693,9.625011,9.810448,2409435
2002-11-21,ATO,9.792545,10.177444,9.792545,9.980519,215838.45
2002-11-22,ATO,9.980519,10.2222,9.980519,10.190872,130039.32
2002-11-25,ATO,10.271432,10.360943,10.114787,10.29381,188802.8
2002-11-26,ATO,10.213249,10.316187,9.944715,9.944715,166459.27
2002-11-27,ATO,9.9894705,10.199823,9.944715,10.199823,146126.66
2002-11-29,ATO,10.258005,10.258005,9.980519,9.980519,126911.23
2002-12-02,ATO,10.025275,10.199823,10.016324,10.199823,124900.305
2002-12-03,ATO,10.2222,10.387796,10.114787,10.204298,395256.97
2002-12-04,ATO,10.316187,10.428077,10.213249,10.271432,811963.75
2002-12-05,ATO,10.383322,10.383322,10.164018,10.226676,229021.14
2002-12-06,ATO,10.18192,10.25353,10.074507,10.18192,225893.05
2002-12-09,ATO,10.204298,10.217725,10.092409,10.150592,195505.84
2002-12-10,ATO,10.18192,10.208774,10.137164,10.190872,213604.11
2002-12-11,ATO,10.204298,10.249054,10.204298,10.226676,302084.47
2002-12-12,ATO,10.271432,10.275907,10.18192,10.266956,291136.12
2002-12-13,ATO,10.302761,10.383322,10.199823,10.199823,282198.72
2002-12-16,ATO,10.226676,10.584722,10.226676,10.56682,487982.6
2002-12-17,ATO,10.56682,10.6518545,10.481784,10.531015,147243.83
2002-12-18,ATO,10.56682,10.687659,10.463881,10.57577,145232.92
2002-12-19,ATO,10.642904,10.65633,10.477308,10.517589,158192.16
2002-12-20,ATO,10.6071,10.6294775,10.365418,10.365418,300296.97
2002-12-23,ATO,10.338566,10.57577,10.302761,10.522064,190143.4
2002-12-24,ATO,10.56682,10.571296,10.450455,10.517589,70382.11
2002-12-26,ATO,10.539966,10.589197,10.517589,10.57577,91385.02
2002-12-27,ATO,10.517589,10.548917,10.338566,10.343041,246002.22
2002-12-30,ATO,10.405699,10.437028,10.311712,10.405699,261642.69
2002-12-31,ATO,10.481784,10.56682,10.387796,10.437028,217625.94
2003-01-02,ATO,10.539966,10.580246,10.441504,10.535491,181876.3
2003-01-03,ATO,10.52654,10.57577,10.441504,10.517589,352804.28
2003-01-06,ATO,10.539966,10.848781,10.539966,10.830878,284433.1
2003-01-07,ATO,10.880109,10.880109,10.450455,10.625002,355038.62
2003-01-08,ATO,10.6294775,10.638429,10.472833,10.562344,227010.22
2003-01-09,ATO,10.674233,10.69661,10.522064,10.539966,229468
2003-01-10,ATO,10.472833,10.553392,10.437028,10.513112,278176.9
2003-01-13,ATO,10.517589,10.6071,10.338566,10.544441,314149.97
2003-01-14,ATO,10.517589,10.539966,10.383322,10.419126,229691.44
2003-01-15,ATO,10.441504,10.441504,9.891008,10.007374,759679.9
2003-01-16,ATO,10.025275,10.280383,10.025275,10.146116,361518.25
2003-01-17,ATO,10.204298,10.204298,9.980519,10.029751,304542.25
2003-01-21,ATO,10.070031,10.070031,9.886533,9.949191,210699.45
2003-01-22,ATO,9.935764,9.935764,9.805972,9.814924,301637.6
2003-01-23,ATO,9.841777,9.976045,9.8194,9.89996,297392.3
2003-01-24,ATO,9.89996,9.89996,9.752266,9.814924,182993.47
2003-01-27,ATO,9.846252,9.846252,9.577719,9.577719,213157.23
2003-01-28,ATO,9.689608,9.85968,9.577719,9.711986,376488.4
2003-01-29,ATO,9.823875,9.841777,9.635901,9.788071,202208.9
2003-01-30,ATO,9.82835,9.962618,9.82835,9.850728,288901.78
2003-01-31,ATO,9.86863,10.025275,9.855204,10.025275,491334.12
2003-02-03,ATO,10.025275,10.056604,9.913386,9.917862,264100.47
2003-02-04,ATO,9.873106,10.038702,9.85968,9.962618,171598.28
2003-02-05,ATO,10.052129,10.052129,9.756741,9.82835,160426.52
2003-02-06,ATO,9.917862,9.931289,9.729888,9.774644,144339.17
2003-02-07,ATO,9.7791195,9.814924,9.524012,9.524012,177854.47
2003-02-10,ATO,9.532963,9.685132,9.532963,9.622475,180982.56
2003-02-11,ATO,9.671706,9.689608,9.403172,9.483732,290465.84
2003-02-12,ATO,9.483732,9.8014965,9.483732,9.532963,433017.53
2003-02-13,ATO,9.577719,9.716461,9.488208,9.622475,243097.56
2003-02-14,ATO,9.613523,9.86863,9.613523,9.823875,362635.4
2003-02-18,ATO,9.85968,9.922338,9.756741,9.85968,190143.4
2003-02-19,ATO,9.913386,9.971569,9.846252,9.855204,165118.66
2003-02-20,ATO,9.864156,9.935764,9.814924,9.895484,2859747.8
2003-02-21,ATO,9.913632,10.086043,9.900021,10.0043745,187122.64
2003-02-24,ATO,10.0270605,10.045209,9.890946,9.904558,213130.25
2003-02-25,ATO,9.949929,10.076968,9.868261,10.036136,259635.4
2003-02-26,ATO,10.040671,10.040671,9.822889,9.831964,161115.02
2003-02-27,ATO,9.868261,9.954467,9.75937,9.7865925,224150.44
2003-02-28,ATO,9.831964,9.868261,9.641404,9.655016,277267.7
2003-03-03,ATO,9.677701,9.822889,9.636868,9.66409,258753.8
2003-03-04,ATO,9.709461,9.772982,9.573348,9.750296,331266.56
2003-03-05,ATO,9.732147,9.836501,9.636868,9.804742,188885.86
2003-03-06,ATO,9.777518,9.831964,9.713999,9.768444,183375.78
2003-03-07,ATO,9.772982,9.8092785,9.709461,9.732147,184257.39
2003-03-10,ATO,9.763907,9.7865925,9.582422,9.596033,127613.67
2003-03-11,ATO,9.527976,9.754832,9.505291,9.505291,184918.6
2003-03-12,ATO,9.546125,9.63233,9.459919,9.505291,299308.06
2003-03-13,ATO,9.618719,9.745758,9.577885,9.723073,285422.62
2003-03-14,ATO,9.813815,9.813815,9.641404,9.723073,323993.25
2003-03-17,ATO,9.709461,9.822889,9.650479,9.79113,232746.17
2003-03-18,ATO,9.845575,9.863724,9.700387,9.709461,544396.8
2003-03-19,ATO,9.709461,9.745758,9.682239,9.709461,199024.42
2003-03-20,ATO,9.723073,9.754832,9.645942,9.754832,352645.72
2003-03-21,ATO,9.754832,9.936317,9.700387,9.936317,734825.5
2003-03-24,ATO,9.868261,9.868261,9.641404,9.682239,366090.34
2003-03-25,ATO,9.700387,9.800204,9.673164,9.732147,303054.9
2003-03-26,ATO,9.777518,9.777518,9.641404,9.641404,301512.1
2003-03-27,ATO,9.700387,9.732147,9.609645,9.732147,325095.28
2003-03-28,ATO,9.641404,9.754832,9.618719,9.704924,268671.97
2003-03-31,ATO,9.709461,9.750296,9.63233,9.645942,384824.66
2003-04-01,ATO,9.709461,9.813815,9.550661,9.813815,357053.78
2003-04-02,ATO,9.822889,9.822889,9.709461,9.782055,265806.72
2003-04-03,ATO,9.822889,9.827427,9.709461,9.723073,198583.62
2003-04-04,ATO,9.700387,9.8092785,9.700387,9.800204,197702
2003-04-07,ATO,9.845575,10.0270605,9.75937,9.800204,251039.67
2003-04-08,ATO,9.754832,9.959004,9.754832,9.904558,208501.78
2003-04-09,ATO,9.909095,10.045209,9.713999,9.768444,405762.97
2003-04-10,ATO,9.768444,9.868261,9.709461,9.7865925,176322.86
2003-04-11,ATO,9.909095,9.913632,9.686776,9.772982,192632.72
2003-04-14,ATO,9.772982,9.822889,9.69585,9.732147,408848.62
2003-04-15,ATO,9.732147,9.877336,9.673164,9.813815,311209.84
2003-04-16,ATO,9.927243,9.927243,9.772982,9.822889,216656.72
2003-04-17,ATO,9.936317,10.0724325,9.822889,9.936317,242664.34
2003-04-21,ATO,9.936317,9.981689,9.904558,9.981689,205636.53
2003-04-22,ATO,9.981689,10.131414,9.936317,10.063357,394742.8
2003-04-23,ATO,10.176786,10.185861,10.013449,10.126878,306360.97
2003-04-24,ATO,10.095118,10.190397,10.0497465,10.158637,527205.4
2003-04-25,ATO,10.176786,10.185861,10.12234,10.12234,329723.75
2003-04-28,ATO,10.367346,10.367346,10.194934,10.340123,374465.7
2003-04-29,ATO,10.34466,10.40818,10.253918,10.262992,413036.3
2003-04-30,ATO,10.299289,10.362808,10.28114,10.335586,336776.66
2003-05-01,ATO,10.335586,10.335586,10.149564,10.253918,265365.9
2003-05-02,ATO,10.321974,10.4717,10.299289,10.435403,208060.97
2003-05-05,ATO,10.4399395,10.544293,10.403643,10.412717,261398.64
2003-05-06,ATO,10.480774,10.480774,10.399105,10.462625,350221.28
2003-05-07,ATO,10.4172535,10.480774,10.4172535,10.430865,203873.31
2003-05-08,ATO,10.444477,10.539756,10.403643,10.494385,304818.16
2003-05-09,ATO,10.544293,10.6577215,10.507997,10.635036,240019.5
2003-05-12,ATO,10.635036,10.662259,10.557905,10.625962,322009.62
2003-05-13,ATO,10.616887,10.6577215,10.535219,10.566979,293797.97
2003-05-14,ATO,10.571516,10.639574,10.489848,10.512534,421411.62
2003-05-15,ATO,10.603276,10.748465,10.566979,10.680408,389673.53
2003-05-16,ATO,10.653185,10.8528185,10.299289,10.299289,588918.4
2003-05-19,ATO,10.435403,10.639574,10.430865,10.535219,447639.66
2003-05-20,ATO,10.548831,10.716705,10.526145,10.684944,376669.72
2003-05-21,ATO,10.684944,10.753002,10.648647,10.753002,383943.03
2003-05-22,ATO,10.8081455,10.840313,10.739217,10.798955,424129
2003-05-23,ATO,10.771383,11.203341,10.734621,11.148198,550562.56
2003-05-27,ATO,11.148198,11.479059,11.148198,11.41932,850216.56
2003-05-28,ATO,11.433105,11.456083,11.309033,11.377963,205862.52
2003-05-29,ATO,11.332009,11.377963,11.18496,11.295247,333601.72
2003-05-30,ATO,11.3274145,11.387154,11.281461,11.373367,347311.38
2003-06-02,ATO,11.3274145,11.414725,11.263081,11.382558,423476.16
2003-06-03,ATO,11.368772,11.41932,11.258485,11.396343,330119.9
2003-06-04,ATO,11.396343,11.580156,11.359581,11.48825,290514.22
2003-06-05,ATO,11.534204,11.580156,11.442297,11.502036,339477.28
2003-06-06,ATO,11.557179,11.6398945,11.442297,11.465274,294648.88
2003-06-09,ATO,11.48825,11.580156,11.465274,11.547988,290949.44
2003-06-10,ATO,11.557179,11.598537,11.534204,11.598537,290949.44
2003-06-11,ATO,11.616919,11.71342,11.584751,11.695039,349269.9
2003-06-12,ATO,11.695039,11.718015,11.6353,11.695039,314234.12
2003-06-13,ATO,11.699634,11.699634,11.446892,11.446892,532283
2003-06-16,ATO,11.460678,11.64449,11.451488,11.593942,324026.72
2003-06-17,ATO,11.708824,11.71342,11.538798,11.630704,257436.95
2003-06-18,ATO,11.557179,11.570966,11.48825,11.557179,2911888.2
2003-06-19,ATO,11.557179,11.612323,11.492846,11.603132,901573.4
2003-06-20,ATO,11.616919,11.616919,11.534204,11.589346,734010.8
2003-06-23,ATO,11.56637,11.580156,11.48825,11.538798,993841.56
2003-06-24,ATO,11.543394,11.612323,11.48825,11.48825,948142.7
2003-06-25,ATO,11.557179,11.557179,11.189555,11.212532,651100.06
2003-06-26,ATO,11.02872,11.221723,10.844908,11.166578,690923.3
2003-06-27,ATO,11.258485,11.313629,11.157389,11.299843,477661.97
2003-06-30,ATO,11.350391,11.423916,11.235509,11.396343,768176.2
2003-07-01,ATO,11.442297,11.442297,11.267675,11.373367,440232.4
2003-07-02,ATO,11.465274,11.525012,11.391749,11.520417,465040.38
2003-07-03,ATO,11.515821,11.515821,11.423916,11.433105,170609.11
2003-07-07,ATO,11.534204,11.552584,11.396343,11.48825,349052.28
2003-07-08,ATO,11.529608,11.529608,11.235509,11.3274145,544469.4
2003-07-09,ATO,11.373367,11.718015,11.258485,11.433105,540552.3
2003-07-10,ATO,11.479059,11.479059,11.253889,11.304438,487889.8
2003-07-11,ATO,11.350391,11.405535,11.304438,11.391749,338606.84
2003-07-14,ATO,11.456083,11.483654,11.391749,11.433105,404108.56
2003-07-15,ATO,11.387154,11.451488,11.207936,11.258485,288120.47
2003-07-16,ATO,11.258485,11.318223,11.152793,11.18496,316410.25
2003-07-17,ATO,11.235509,11.253889,11.060887,11.074673,336213.1
2003-07-18,ATO,11.166578,11.281461,11.111436,11.263081,370596.06
2003-07-21,ATO,11.295247,11.299843,11.051696,11.074673,357756.84
2003-07-22,ATO,11.143602,11.217127,11.093054,11.152793,398668.22
2003-07-23,ATO,11.189555,11.221723,11.083864,11.189555,251343.77
2003-07-24,ATO,11.235509,11.304438,11.134412,11.203341,287250.03
2003-07-25,ATO,11.258485,11.281461,11.125221,11.217127,207603.42
2003-07-28,ATO,11.258485,11.272271,11.088458,11.09765,326855.72
2003-07-29,ATO,11.120626,11.212532,11.074673,11.203341,329031.84
2003-07-30,ATO,11.249294,11.295247,11.056292,11.272271,269840.94
2003-07-31,ATO,11.263081,11.341201,11.171174,11.198747,236328.42
2003-08-01,ATO,11.253889,11.253889,11.033316,11.03791,239157.4
2003-08-04,ATO,11.083864,11.083864,10.821931,10.936813,362109.12
2003-08-05,ATO,10.900051,10.946004,10.56919,10.697859,574064.8
2003-08-06,ATO,10.697859,10.794359,10.63812,10.661097,275716.5
2003-08-07,ATO,10.711644,10.877075,10.679477,10.840313,320980.12
2003-08-08,ATO,10.831121,10.923028,10.730025,10.826527,370813.66
2003-08-11,ATO,10.844908,11.02872,10.831121,11.024124,311405.12
2003-08-12,ATO,11.024124,11.143602,10.978171,11.134412,256784.11
2003-08-13,ATO,11.074673,11.152793,11.033316,11.09765,238069.33
2003-08-14,ATO,11.060887,11.129816,10.95979,11.024124,316410.25
2003-08-15,ATO,11.047102,11.139007,11.033316,11.079268,253519.9
2003-08-18,ATO,11.120626,11.18496,11.093054,11.148198,444802.3
2003-08-19,ATO,11.148198,11.18496,11.111436,11.171174,389528.44
2003-08-20,ATO,11.166578,11.437701,11.148198,11.391749,935738.7
2003-08-21,ATO,11.363839,11.489432,11.359187,11.475477,681272.2
2003-08-22,ATO,11.475477,11.5033865,11.252201,11.326626,552284.06
2003-08-25,ATO,11.326626,11.415007,11.270806,11.3963995,392983.75
2003-08-26,ATO,11.349884,11.405704,11.21964,11.373142,523261.75
2003-08-27,ATO,11.373142,11.470825,11.326626,11.424309,307421.66
2003-08-28,ATO,11.466173,11.48478,11.303368,11.466173,448018.7
2003-08-29,ATO,11.466173,11.470825,11.242897,11.326626,208100.81
2003-09-02,ATO,11.326626,11.615025,11.270806,11.615025,358801.9
2003-09-03,ATO,11.619676,11.619676,11.373142,11.442916,436839.72
2003-09-04,ATO,11.466173,11.466173,11.317323,11.410355,417706.47
2003-09-05,ATO,11.363839,11.494082,11.326626,11.373142,322255.28
2003-09-08,ATO,11.3963995,11.5033865,11.36849,11.498734,282913.9
2003-09-09,ATO,11.51269,11.535947,11.3963995,11.45687,346763.03
2003-09-10,ATO,11.410355,11.442916,11.30802,11.331278,233038.5
2003-09-11,ATO,11.331278,11.3963995,11.298717,11.373142,233683.45
2003-09-12,ATO,11.349884,11.415007,11.312671,11.349884,227449.02
2003-09-15,ATO,11.349884,11.387096,11.28011,11.284761,252171.73
2003-09-16,ATO,11.28011,11.349884,11.28011,11.326626,215410.12
2003-09-17,ATO,11.326626,11.3963995,11.214988,11.21964,250666.88
2003-09-18,ATO,11.233594,11.317323,11.19173,11.19173,365466.28
2003-09-19,ATO,11.196382,11.298717,11.1870775,11.28011,424585.84
2003-09-22,ATO,11.275458,11.298717,11.173123,11.201033,419426.3
2003-09-23,ATO,11.247549,11.34058,11.19173,11.34058,469301.72
2003-09-24,ATO,11.3963995,11.433613,11.210337,11.210337,382234.75
2003-09-25,ATO,11.210337,11.34058,11.149865,11.149865,492089.62
2003-09-26,ATO,11.205685,11.228942,11.075439,11.080091,360306.78
2003-09-29,ATO,11.080091,11.28011,11.080091,11.205685,444793.97
2003-09-30,ATO,11.1870775,11.284761,11.131259,11.135911,392983.75
2003-10-01,ATO,11.201033,11.345232,11.1870775,11.331278,377290.2
2003-10-02,ATO,11.349884,11.405704,11.289413,11.405704,217559.94
2003-10-03,ATO,11.442916,11.535947,11.354535,11.489432,371915.7
2003-10-06,ATO,11.549902,11.549902,11.438264,11.549902,298177.5
2003-10-07,ATO,11.5033865,11.535947,11.3963995,11.535947,226374.12
2003-10-08,ATO,11.535947,11.535947,11.261503,11.317323,248302.1
2003-10-09,ATO,11.377793,11.45687,11.331278,11.410355,401367.97
2003-10-10,ATO,11.480128,11.494082,11.30802,11.387096,411472.06
2003-10-13,ATO,11.34058,11.489432,11.34058,11.438264,267220.34
2003-10-14,ATO,11.438264,11.526645,11.438264,11.521993,234543.38
2003-10-15,ATO,11.521993,11.535947,11.4010515,11.424309,313441.1
2003-10-16,ATO,11.466173,11.5033865,11.373142,11.48478,329994.56
2003-10-17,ATO,11.531297,11.535947,11.419658,11.466173,396423.44
2003-10-20,ATO,11.442916,11.521993,11.442916,11.494082,294307.84
2003-10-21,ATO,11.531297,11.577811,11.466173,11.48478,343753.28
2003-10-22,ATO,11.470825,11.535947,11.3963995,11.3963995,406742.5
2003-10-23,ATO,11.3963995,11.442916,11.331278,11.359187,287428.5
2003-10-24,ATO,11.387096,11.405704,11.28011,11.28011,294952.78
2003-10-27,ATO,11.303368,11.3963995,11.303368,11.3963995,279689.22
2003-10-28,ATO,11.3963995,11.521993,11.3963995,11.521993,356867.1
2003-10-29,ATO,11.559206,11.605721,11.494082,11.517342,282913.9
2003-10-30,ATO,11.582463,11.596418,11.3963995,11.3963995,372990.6
2003-10-31,ATO,11.442916,11.5033865,11.354535,11.3963995,483060.44
2003-11-03,ATO,11.419658,11.489432,11.349884,11.480128,628161.3
2003-11-04,ATO,11.480128,11.480128,11.359187,11.424309,352883.5
2003-11-05,ATO,11.466173,11.489432,11.345232,11.387096,403947.75
2003-11-06,ATO,11.419658,11.419658,11.363839,11.36849,313871.06
2003-11-07,ATO,11.3963995,11.466173,11.349884,11.363839,330424.53
2003-11-10,ATO,11.354535,11.438264,11.289413,11.303368,386104.38
2003-11-11,ATO,11.419658,11.428961,11.303368,11.30802,245507.36
2003-11-12,ATO,11.349884,11.494082,11.331278,11.438264,463927.22
2003-11-13,ATO,11.438264,11.521993,11.405704,11.494082,377505.2
2003-11-14,ATO,11.568509,11.577811,11.45687,11.480128,353212.44
2003-11-17,ATO,11.466173,11.508038,11.33593,11.489432,369120.97
2003-11-18,ATO,11.48478,11.526645,11.345232,11.345232,307636.62
2003-11-19,ATO,11.349884,11.438264,11.349884,11.382444,323115.2
2003-11-20,ATO,11.3963995,11.452219,11.30802,11.363839,2906747
2003-11-21,ATO,11.469823,11.502795,11.441561,11.469823,336701.8
2003-11-24,ATO,11.507506,11.66766,11.507506,11.66766,380647.12
2003-11-25,ATO,11.597004,11.677081,11.587583,11.658238,320991.88
2003-11-26,ATO,11.68179,11.705343,11.597004,11.634687,240531.61
2003-11-28,ATO,11.564031,11.67237,11.540479,11.611135,168775.5
2003-12-01,ATO,11.658238,11.691212,11.615845,11.66295,446458.94
2003-12-02,ATO,11.68179,11.738316,11.639397,11.710053,307192.62
2003-12-03,ATO,11.710053,11.710053,11.512217,11.516927,304645.06
2003-12-04,ATO,11.526347,11.611135,11.498085,11.582872,351350.25
2003-12-05,ATO,11.540479,11.648818,11.540479,11.582872,377674.97
2003-12-08,ATO,11.611135,11.705343,11.597004,11.686501,323964.03
2003-12-09,ATO,11.724184,11.724184,11.55461,11.578162,636251.75
2003-12-10,ATO,11.578162,11.597004,11.479244,11.483953,349014.97
2003-12-11,ATO,11.531057,11.634687,11.455691,11.531057,485309.16
2003-12-12,ATO,11.531057,11.578162,11.502795,11.578162,480850.94
2003-12-15,ATO,11.691212,11.705343,11.483953,11.483953,517365.88
2003-12-16,ATO,11.44627,11.597004,11.441561,11.587583,485309.16
2003-12-17,ATO,11.545189,11.582872,11.469823,11.516927,498046.94
2003-12-18,ATO,11.469823,11.540479,11.455691,11.465113,594641.7
2003-12-19,ATO,11.465113,11.531057,11.352063,11.375614,978685.56
2003-12-22,ATO,11.413298,11.507506,11.267276,11.436851,953210
2003-12-23,ATO,11.436851,11.653528,11.436851,11.648818,570439.94
2003-12-24,ATO,11.653528,11.700632,11.587583,11.615845,212508.52
2003-12-26,ATO,11.658238,11.719474,11.653528,11.686501,115276.84
2003-12-29,ATO,11.66766,11.775999,11.66766,11.733605,286387.6
2003-12-30,ATO,11.705343,11.775999,11.68179,11.771288,201893.7
2003-12-31,ATO,11.733605,11.771288,11.44627,11.44627,341796.9
2004-01-02,ATO,11.564031,11.700632,11.564031,11.648818,357719.12
2004-01-05,ATO,11.648818,11.724184,11.502795,11.545189,341584.62
2004-01-06,ATO,11.540479,11.615845,11.44627,11.455691,492314.94
2004-01-07,ATO,11.460402,11.540479,11.455691,11.526347,323327.12
2004-01-08,ATO,11.540479,11.629976,11.502795,11.620556,354746.97
2004-01-09,ATO,11.573451,11.66295,11.5499,11.564031,454526.2
2004-01-12,ATO,11.611135,11.67237,11.578162,11.658238,471085.3
2004-01-13,ATO,11.677081,11.677081,11.587583,11.597004,566406.3
2004-01-14,ATO,11.625266,11.705343,11.597004,11.705343,510572.4
2004-01-15,ATO,11.658238,11.705343,11.620556,11.66295,383406.97
2004-01-16,ATO,11.710053,11.714764,11.582872,11.582872,393809.47
2004-01-20,ATO,11.629976,11.837234,11.606424,11.766578,707158.7
2004-01-21,ATO,11.813682,11.917311,11.775999,11.917311,862559.56
2004-01-22,ATO,11.922021,11.964415,11.870207,11.884337,564920.25
2004-01-23,ATO,11.893759,11.992677,11.870207,11.992677,555579.2
2004-01-26,ATO,11.992677,12.053912,11.893759,12.053912,442849.9
2004-01-27,ATO,12.058623,12.068044,11.950284,12.01623,474906.62
2004-01-28,ATO,12.01623,12.228197,11.997387,12.068044,882727.7
2004-01-29,ATO,12.058623,12.162251,12.044492,12.086885,687627.44
2004-01-30,ATO,12.086885,12.124568,11.969125,12.058623,304220.47
2004-02-02,ATO,12.03507,12.049202,11.90789,11.992677,275348.2
2004-02-03,ATO,11.9879675,12.02094,11.964415,11.978546,376401.2
2004-02-04,ATO,11.964415,11.964415,11.691212,11.738316,614597.56
2004-02-05,ATO,11.752447,11.846655,11.68179,11.714764,464928.72
2004-02-06,ATO,11.79955,11.917311,11.705343,11.889049,385954.53
2004-02-09,ATO,11.889049,12.049202,11.823103,12.049202,526282.3
2004-02-10,ATO,12.049202,12.312984,12.044492,12.312984,731148.2
2004-02-11,ATO,12.251749,12.407192,12.251749,12.322405,559400.56
2004-02-12,ATO,12.247039,12.38364,12.2376175,12.364799,642408.4
2004-02-13,ATO,12.336536,12.454296,12.327116,12.331826,450280.28
2004-02-17,ATO,12.303564,12.454296,12.265881,12.454296,605893.4
2004-02-18,ATO,12.402482,12.49198,12.360088,12.49198,760445.06
2004-02-19,ATO,12.49198,12.576767,12.440165,12.4637165,549634.94
2004-02-20,ATO,12.49669,12.50611,12.341247,12.435454,475118.94
2004-02-23,ATO,12.461665,12.509319,12.390183,12.433072,569095.7
2004-02-24,ATO,12.433072,12.514085,12.347294,12.442604,470679.06
2004-02-25,ATO,12.399714,12.547443,12.385418,12.547443,342254.8
2004-02-26,ATO,12.542678,12.542678,12.44737,12.475962,313506.25
2004-02-27,ATO,12.466431,12.628456,12.461665,12.556974,373101.8
2004-03-01,ATO,12.623691,12.714234,12.5760355,12.714234,420526.47
2004-03-02,ATO,12.714234,12.747593,12.671346,12.699938,378557.75
2004-03-03,ATO,12.723765,12.866729,12.609394,12.680877,396394.47
2004-03-04,ATO,12.671346,12.747593,12.642753,12.747593,317283.44
2004-03-05,ATO,12.723765,12.861963,12.719,12.800013,410034.28
2004-03-08,ATO,12.857198,12.857198,12.714234,12.719,340366.22
2004-03-09,ATO,12.776185,12.776185,12.628456,12.657048,371423.06
2004-03-10,ATO,12.719,12.780951,12.504554,12.533147,371423.06
2004-03-11,ATO,12.533147,12.637987,12.342528,12.36159,349179.66
2004-03-12,ATO,12.390183,12.599864,12.390183,12.599864,355894.66
2004-03-15,ATO,12.599864,12.599864,12.366357,12.40448,576859.94
2004-03-16,ATO,12.475962,12.485493,12.342528,12.371121,474246.4
2004-03-17,ATO,12.428307,12.514085,12.41401,12.495023,365127.78
2004-03-18,ATO,12.485493,12.490257,12.347294,12.485493,398073.22
2004-03-19,ATO,12.6046295,12.6046295,12.294874,12.380652,665623.75
2004-03-22,ATO,12.318702,12.328233,12.085195,12.147145,667302.5
2004-03-23,ATO,12.128083,12.218627,12.094725,12.104256,467111.72
2004-03-24,ATO,12.104256,12.137614,11.999416,11.999416,406676.78
2004-03-25,ATO,11.98512,12.094725,11.946996,12.032774,346451.7
2004-03-26,ATO,11.970823,12.028008,11.937465,11.980354,309938.9
2004-03-29,ATO,12.004182,12.118552,11.9327,12.118552,511808.4
2004-03-30,ATO,12.023243,12.218627,12.023243,12.175737,536989.6
2004-03-31,ATO,12.151911,12.209097,12.080429,12.185268,426402.1
2004-04-01,ATO,12.199565,12.371121,12.175737,12.371121,578958.3
2004-04-02,ATO,12.390183,12.433072,12.328233,12.41401,615680.94
2004-04-05,ATO,12.461665,12.466431,12.371121,12.41401,639603.1
2004-04-06,ATO,12.366357,12.437838,12.356825,12.366357,473407.03
2004-04-07,ATO,12.366357,12.418776,12.29011,12.29011,413181.94
2004-04-08,ATO,12.347294,12.347294,12.166207,12.170973,292521.9
2004-04-12,ATO,12.175737,12.275812,12.080429,12.137614,279721.44
2004-04-13,ATO,12.137614,12.14238,11.8707485,11.937465,397863.38
2004-04-14,ATO,11.918404,11.918404,11.727785,11.799267,434795.8
2004-04-15,ATO,11.799267,11.8707485,11.780205,11.851687,401430.7
2004-04-16,ATO,11.908873,11.946996,11.818328,11.937465,246566.17
2004-04-19,ATO,11.913638,11.927935,11.842156,11.851687,294410.5
2004-04-20,ATO,11.865983,11.937465,11.703958,11.703958,277832.84
2004-04-21,ATO,11.684896,11.804032,11.484747,11.794501,308679.84
2004-04-22,ATO,11.799267,11.994651,11.794501,11.970823,384223.53
2004-04-23,ATO,11.946996,12.008947,11.913638,11.970823,248244.92
2004-04-26,ATO,11.970823,12.042305,11.913638,11.946996,332392.2
2004-04-27,ATO,11.946996,12.008947,11.865983,12.008947,410873.66
2004-04-28,ATO,11.951761,11.951761,11.82786,11.8707485,331133.12
2004-04-29,ATO,11.889811,12.008947,11.72302,11.770675,397443.7
2004-04-30,ATO,11.770675,11.865983,11.699192,11.742081,425982.4
2004-05-03,ATO,11.78497,11.88028,11.718254,11.8612175,505513.1
2004-05-04,ATO,11.842156,11.961292,11.780205,11.894575,262933.97
2004-05-05,ATO,11.865983,11.961292,11.851687,11.937465,293990.8
2004-05-06,ATO,11.842156,11.923169,11.742081,11.846922,316234.22
2004-05-07,ATO,11.8612175,11.889811,11.494278,11.494278,388210.56
2004-05-10,ATO,11.475216,11.479981,11.151165,11.284598,636875.2
2004-05-11,ATO,11.389438,11.413265,11.3322525,11.384672,296508.94
2004-05-12,ATO,11.379907,11.456155,11.246474,11.432326,388210.56
2004-05-13,ATO,11.460919,11.508574,11.375142,11.413265,341415.44
2004-05-14,ATO,11.317956,11.541932,11.317956,11.413265,380656.2
2004-05-17,ATO,11.317956,11.398969,11.25124,11.298894,381075.88
2004-05-18,ATO,11.317956,11.365611,11.294129,11.365611,246146.48
2004-05-19,ATO,11.484747,11.546698,11.341783,11.356079,465432.97
2004-05-20,ATO,11.437092,11.489512,11.341783,11.456155,1177432.1
2004-05-21,ATO,11.463393,11.550274,11.429606,11.487527,1132659.8
2004-05-24,ATO,11.559928,11.670941,11.535794,11.670941,364638.97
2004-05-25,ATO,11.632328,11.912276,11.608194,11.892969,418713.28
2004-05-26,ATO,11.888142,11.921929,11.786782,11.883316,267263.78
2004-05-27,ATO,11.859182,11.946063,11.825396,11.90745,299376.88
2004-05-28,ATO,11.873663,11.975022,11.830222,11.96537,339777.22
2004-06-01,ATO,11.96537,12.047423,11.897796,11.921929,374169.3
2004-06-02,ATO,11.921929,12.008809,11.90745,11.917103,214846.94
2004-06-03,ATO,11.941236,11.970196,11.801263,11.801263,210081.77
2004-06-04,ATO,11.849528,11.96537,11.738515,11.767475,296061.97
2004-06-07,ATO,11.888142,11.97985,11.806088,11.97985,294818.9
2004-06-08,ATO,11.946063,12.114997,11.873663,11.926756,206145.33
2004-06-09,ATO,11.946063,12.042597,11.825396,11.825396,330246.88
2004-06-10,ATO,11.873663,11.999157,11.849528,11.994329,434044.7
2004-06-14,ATO,11.970196,12.008809,11.90745,11.917103,462635.7
2004-06-15,ATO,12.090863,12.09569,11.994329,12.090863,358216.34
2004-06-16,ATO,12.0667305,12.148784,12.028116,12.0667305,349100.38
2004-06-17,ATO,12.0667305,12.0667305,11.632328,11.844703,2661450
2004-06-18,ATO,11.849528,11.849528,11.680595,11.786782,1710073.9
2004-06-21,ATO,11.859182,11.931582,11.777128,11.8784895,964221.44
2004-06-22,ATO,11.8784895,12.0039835,11.830222,11.946063,918020.06
2004-06-23,ATO,11.946063,11.97985,11.873663,11.975022,676032.4
2004-06-24,ATO,12.018463,12.11017,11.984676,12.042597,388879.16
2004-06-25,ATO,12.090863,12.163264,12.018463,12.163264,732800
2004-06-28,ATO,12.18257,12.18257,12.03777,12.119824,586530.06
2004-06-29,ATO,12.139131,12.288757,12.076384,12.187397,663187.1
2004-06-30,ATO,12.187397,12.356332,12.187397,12.356332,504071.94
2004-07-01,ATO,12.346678,12.404599,12.158438,12.18257,435287.78
2004-07-02,ATO,12.254971,12.356332,12.221184,12.221184,482317.9
2004-07-06,ATO,12.259798,12.481826,12.235664,12.452865,820023.3
2004-07-07,ATO,12.539745,12.63628,12.264625,12.308064,1594881.1
2004-07-08,ATO,12.332198,12.404599,12.11017,12.153611,1066569
2004-07-09,ATO,12.211531,12.211531,12.0667305,12.172917,912426.1
2004-07-12,ATO,12.172917,12.230838,12.105344,12.134303,737150.8
2004-07-13,ATO,12.134303,12.139131,11.921929,12.02329,1406760.5
2004-07-14,ATO,11.941236,12.086038,11.90745,12.057076,7512806
2004-07-15,ATO,12.057076,12.235664,12.018463,12.201878,2340940.8
2004-07-16,ATO,12.201878,12.250144,12.119824,12.250144,1164358.5
2004-07-19,ATO,12.177744,12.259798,12.0667305,12.250144,1056209.9
2004-07-20,ATO,12.250144,12.274278,12.187397,12.230838,940395.6
2004-07-21,ATO,12.230838,12.279105,12.143957,12.158438,1381484.5
2004-07-22,ATO,12.153611,12.187397,11.994329,12.018463,723684.06
2004-07-23,ATO,12.042597,12.0667305,11.970196,11.994329,730521
2004-07-26,ATO,11.994329,12.018463,11.830222,11.902622,898130.6
2004-07-27,ATO,11.917103,12.013637,11.917103,11.946063,719747.6
2004-07-28,ATO,11.970196,12.018463,11.777128,11.984676,734664.6
2004-07-29,ATO,12.105344,12.139131,12.013637,12.08121,1019953.2
2004-07-30,ATO,12.08121,12.254971,12.08121,12.148784,1012494.7
2004-08-02,ATO,12.139131,12.211531,12.0039835,12.187397,668366.6
2004-08-03,ATO,12.16809,12.216357,12.114997,12.163264,638325.4
2004-08-04,ATO,12.114997,12.298411,12.0667305,12.259798,630038.1
2004-08-05,ATO,12.226011,12.226011,11.970196,11.970196,538049.7
2004-08-06,ATO,11.970196,12.134303,11.917103,11.917103,742537.56
2004-08-09,ATO,11.994329,12.086038,11.921929,11.921929,503657.56
2004-08-10,ATO,11.994329,12.201878,11.96537,12.201878,467608.03
2004-08-11,ATO,12.177744,12.298411,12.02329,12.221184,614913.9
2004-08-12,ATO,12.187397,12.187397,12.02329,12.032944,425964.62
2004-08-13,ATO,12.100517,12.172917,12.032944,12.042597,245095.39
2004-08-16,ATO,12.090863,12.293584,12.090863,12.293584,499099.6
2004-08-17,ATO,12.308064,12.332198,12.129477,12.143957,403796.22
2004-08-18,ATO,12.09569,12.274278,12.071557,12.259798,565190.4
2004-08-19,ATO,12.259798,12.259798,12.153611,12.187397,480038.9
2004-08-20,ATO,12.187397,12.211531,12.08121,12.139131,1073406
2004-08-23,ATO,12.092714,12.151345,12.004766,12.024311,1272220.6
2004-08-24,ATO,12.07317,12.107372,11.9461355,12.053626,941066.7
2004-08-25,ATO,12.019425,12.161117,12.004766,12.126915,549740.1
2004-08-26,ATO,12.166003,12.166003,12.058513,12.117144,441265.72
2004-08-27,ATO,12.141574,12.156231,12.102486,12.107372,350188.12
2004-08-30,ATO,12.068285,12.102486,12.043855,12.078055,489976.88
2004-08-31,ATO,12.141574,12.356555,12.082942,12.356555,645525.06
2004-09-01,ATO,12.337011,12.45916,12.297924,12.45916,566318.3
2004-09-02,ATO,12.361441,12.454274,12.278379,12.4103,338317.34
2004-09-03,ATO,12.4103,12.454274,12.263722,12.337011,272004.7
2004-09-07,ATO,12.45916,12.532449,12.351669,12.527563,405858.03
2004-09-08,ATO,12.508019,12.527563,12.424958,12.503134,616666.8
2004-09-09,ATO,12.527563,12.576423,12.493361,12.551993,453136.5
2004-09-10,ATO,12.571536,12.63994,12.473818,12.635055,440242.38
2004-09-13,ATO,12.586194,12.620396,12.503134,12.522676,498982.28
2004-09-14,ATO,12.522676,12.537334,12.385871,12.405415,569797.6
2004-09-15,ATO,12.4103,12.45916,12.337011,12.434731,452727.16
2004-09-16,ATO,12.400528,12.522676,12.385871,12.522676,477082.72
2004-09-17,ATO,12.605738,12.605738,12.454274,12.586194,752976.1
2004-09-20,ATO,12.610624,12.610624,12.464046,12.464046,466235.28
2004-09-21,ATO,12.498247,12.522676,12.439615,12.449388,483222.78
2004-09-22,ATO,12.556879,12.556879,12.170889,12.214863,1033167.56
2004-09-23,ATO,12.239292,12.312582,12.102486,12.131802,748882.75
2004-09-24,ATO,12.136687,12.214863,12.068285,12.156231,470533.34
2004-09-27,ATO,12.200205,12.239292,12.122029,12.156231,422640.84
2004-09-28,ATO,12.214863,12.322353,12.180661,12.214863,695873.56
2004-09-29,ATO,12.263722,12.312582,12.2197485,12.273495,376385.72
2004-09-30,ATO,12.273495,12.312582,12.234406,12.307695,426529.56
2004-10-01,ATO,12.337011,12.503134,12.337011,12.498247,541553.4
2004-10-04,ATO,12.576423,12.576423,12.449388,12.468932,622806.9
2004-10-05,ATO,12.503134,12.508019,12.4103,12.478704,517607.12
2004-10-06,ATO,12.488475,12.605738,12.439615,12.605738,500619.62
2004-10-07,ATO,12.605738,12.605738,12.429845,12.429845,535413.3
2004-10-08,ATO,12.444502,12.517792,12.429845,12.449388,372292.34
2004-10-11,ATO,12.439615,12.508019,12.4103,12.503134,354486.2
2004-10-12,ATO,12.517792,12.630168,12.464046,12.605738,446791.75
2004-10-13,ATO,12.654597,12.654597,12.332125,12.341897,524156.53
2004-10-14,ATO,12.341897,12.434731,12.293037,12.30281,368813
2004-10-15,ATO,12.30281,12.390757,12.019425,12.283265,1300055.5
2004-10-18,ATO,12.283265,12.341897,12.122029,12.141574,1031120.9
2004-10-19,ATO,12.214863,12.317467,12.200205,12.214863,1030097.56
2004-10-20,ATO,12.1904335,12.317467,12.166003,12.249064,1065300.6
2004-10-21,ATO,12.2197485,12.390757,12.180661,12.312582,1176026.4
2004-10-22,ATO,12.2197485,12.4103,12.214863,12.4103,10384071
2004-10-25,ATO,12.361441,12.380984,12.239292,12.312582,1555277.4
2004-10-26,ATO,12.312582,12.351669,12.239292,12.351669,1266489.9
2004-10-27,ATO,12.30281,12.380984,12.273495,12.380984,1138981.2
2004-10-28,ATO,12.380984,12.581308,12.337011,12.581308,1653313.8
2004-10-29,ATO,12.532449,12.610624,12.420073,12.610624,1923681.1
2004-11-01,ATO,12.610624,12.610624,12.366326,12.522676,1288594.1
2004-11-02,ATO,12.508019,12.605738,12.288152,12.395643,918962.44
2004-11-03,ATO,12.493361,12.669255,12.439615,12.620396,843439.7
2004-11-04,ATO,12.625282,12.810947,12.581308,12.810947,888466.8
2004-11-05,ATO,12.859807,12.894009,12.659484,12.7083435,792886.5
2004-11-08,ATO,12.703457,12.752316,12.610624,12.610624,781425.06
2004-11-09,ATO,12.610624,12.752316,12.605738,12.718115,517607.12
2004-11-10,ATO,12.850035,12.9966135,12.776746,12.894009,1067961.2
2004-11-11,ATO,12.894009,12.913553,12.727886,12.884237,847942.44
2004-11-12,ATO,12.874465,13.065017,12.801176,13.065017,612778.06
2004-11-15,ATO,13.065017,13.065017,12.942868,13.045474,835252.94
2004-11-16,ATO,13.069903,13.069903,12.79629,12.810947,918757.75
2004-11-17,ATO,12.859807,13.045474,12.815834,12.918439,996941.25
2004-11-18,ATO,12.9672985,12.991728,12.879352,12.942868,649209.1
2004-11-19,ATO,12.991728,12.991728,12.806062,12.815834,799435.94
2004-11-22,ATO,12.899889,12.988888,12.850445,12.880111,1244847.5
2004-11-23,ATO,12.96911,13.250939,12.919666,13.250939,1425456.6
2004-11-24,ATO,13.290494,13.339938,13.201496,13.295439,469826.3
2004-11-26,ATO,13.310272,13.374549,13.255884,13.265773,212564.55
2004-11-29,ATO,13.325106,13.334994,13.171829,13.270718,836505.2
2004-11-30,ATO,13.275661,13.379494,13.236107,13.344883,597243.7
2004-12-01,ATO,13.300384,13.300384,13.117442,13.300384,728099.3
2004-12-02,ATO,13.176774,13.250939,13.058109,13.176774,815066.7
2004-12-03,ATO,13.107553,13.117442,12.983943,13.097664,645783.6
2004-12-06,ATO,13.097664,13.250939,12.983943,13.20644,722031.8
2004-12-07,ATO,13.305328,13.339938,13.176774,13.255884,1447097.4
2004-12-08,ATO,13.201496,13.305328,13.166885,13.290494,863606.7
2004-12-09,ATO,13.295439,13.339938,13.176774,13.265773,1385006.6
2004-12-10,ATO,13.250939,13.344883,13.181719,13.285551,522411.25
2004-12-13,ATO,13.349828,13.394327,13.152052,13.344883,920641.1
2004-12-14,ATO,13.325106,13.423993,13.260828,13.334994,595423.44
2004-12-15,ATO,13.448715,13.448715,13.285551,13.369605,649221.9
2004-12-16,ATO,13.379494,13.379494,13.250939,13.290494,561243.2
2004-12-17,ATO,13.250939,13.384438,13.226218,13.349828,877359.7
2004-12-20,ATO,13.374549,13.419048,13.285551,13.325106,499354.78
2004-12-21,ATO,13.344883,13.542658,13.344883,13.498158,564276.94
2004-12-22,ATO,13.473437,13.597047,13.423993,13.423993,446972.06
2004-12-23,ATO,13.423993,13.641546,13.394327,13.522881,555984.7
2004-12-27,ATO,13.557491,13.597047,13.359716,13.359716,473264.53
2004-12-28,ATO,13.364661,13.547603,13.359716,13.537713,498545.78
2004-12-29,ATO,13.547603,13.597047,13.488271,13.562436,493287.28
2004-12-30,ATO,13.562436,13.641546,13.503103,13.503103,369105.9
2004-12-31,ATO,13.53277,13.61188,13.473437,13.522881,364049.66
2005-01-03,ATO,13.547603,13.557491,13.142163,13.156997,1132598.9
2005-01-04,ATO,13.152052,13.305328,13.107553,13.191607,995473.56
2005-01-05,ATO,13.250939,13.250939,13.058109,13.102609,1037541.5
2005-01-06,ATO,13.176774,13.176774,13.033387,13.072943,833875.94
2005-01-07,ATO,13.171829,13.181719,12.894944,12.983943,874730.44
2005-01-10,ATO,13.00372,13.117442,12.899889,12.949333,719402.56
2005-01-11,ATO,12.949333,13.067998,12.805945,13.033387,1008013.06
2005-01-12,ATO,13.102609,13.102609,12.939444,13.023499,613019.2
2005-01-13,ATO,13.092719,13.092719,12.949333,13.018554,900618.4
2005-01-14,ATO,13.013609,13.275661,13.008665,13.275661,769156
2005-01-18,ATO,13.349828,13.448715,13.260828,13.443771,566906.2
2005-01-19,ATO,13.463548,13.512992,13.310272,13.344883,608974.2
2005-01-20,ATO,13.300384,13.369605,13.166885,13.285551,606344.94
2005-01-21,ATO,13.305328,13.374549,13.216329,13.295439,618479.9
2005-01-24,ATO,13.369605,13.4141035,13.275661,13.349828,610592.2
2005-01-25,ATO,13.399271,13.448715,13.255884,13.295439,731739.8
2005-01-26,ATO,13.394327,13.498158,13.315217,13.488271,471848.78
2005-01-27,ATO,13.562436,13.592102,13.433882,13.512992,564681.44
2005-01-28,ATO,13.517937,13.547603,13.428937,13.498158,685829.06
2005-01-31,ATO,13.547603,13.695934,13.522881,13.695934,529894.5
2005-02-01,ATO,13.448715,13.784932,13.448715,13.784932,1058373.2
2005-02-02,ATO,13.73549,13.938209,13.710767,13.938209,849651.44
2005-02-03,ATO,13.957986,13.992597,13.799766,13.992597,508051.5
2005-02-04,ATO,14.051929,14.16565,14.00743,14.121151,814864.44
2005-02-07,ATO,14.121151,14.190372,13.844265,13.888765,809606
2005-02-08,ATO,13.9134865,14.116206,13.873932,14.096429,748728.75
2005-02-09,ATO,14.264538,14.264538,13.948097,13.997541,923472.6
2005-02-10,ATO,14.002485,14.150818,14.002485,14.101374,765717.75
2005-02-11,ATO,14.140928,14.309037,14.046985,14.304093,923068.1
2005-02-14,ATO,14.239816,14.294204,14.205205,14.249704,900820.6
2005-02-15,ATO,14.254649,14.294204,14.135984,14.155761,1029249.25
2005-02-16,ATO,14.190372,14.398037,14.1063175,14.383203,1449322.1
2005-02-17,ATO,14.412869,14.412869,14.081595,14.101374,881202.4
2005-02-18,ATO,14.150818,14.150818,13.809655,14.017319,970799.06
2005-02-22,ATO,14.066763,14.066763,13.651435,13.65638,1214712.4
2005-02-23,ATO,13.716385,13.816395,13.621375,13.681381,1350863.6
2005-02-24,ATO,13.726386,13.741387,13.601374,13.661379,902908.8
2005-02-25,ATO,13.66638,13.946407,13.656379,13.911405,653534
2005-02-28,ATO,13.941407,13.946407,13.706384,13.786391,711728.1
2005-03-01,ATO,13.836397,13.966411,13.771391,13.861399,563543.1
2005-03-02,ATO,13.851398,13.96141,13.76639,13.831396,499549.56
2005-03-03,ATO,13.861399,13.971411,13.806395,13.901403,598939.5
2005-03-04,ATO,14.001413,14.101424,13.96141,14.051419,661133.25
2005-03-07,ATO,14.126426,14.191432,14.046418,14.136428,784120.8
2005-03-08,ATO,14.086422,14.151428,14.016416,14.056419,461153.44
2005-03-09,ATO,14.056419,14.096423,13.921406,13.931407,802119
2005-03-10,ATO,13.981411,14.006414,13.851398,13.981411,702929
2005-03-11,ATO,14.051419,14.051419,13.821395,13.901403,565542.9
2005-03-14,ATO,13.901403,14.101424,13.901403,14.06142,440755.5
2005-03-15,ATO,14.186433,14.226437,13.826396,13.836397,618337.56
2005-03-16,ATO,13.8013935,13.926406,13.726386,13.77639,623337.06
2005-03-17,ATO,13.826396,13.856399,13.721386,13.791392,563943.06
2005-03-18,ATO,13.821395,13.851398,13.626376,13.786391,1292269.5
2005-03-21,ATO,13.8013935,13.8013935,13.626376,13.686382,448954.66
2005-03-22,ATO,13.631376,13.791392,13.436357,13.446357,606538.75
2005-03-23,ATO,13.526365,13.5913725,13.351348,13.496363,866912.44
2005-03-24,ATO,13.546368,13.6463785,13.546368,13.546368,453354.22
2005-03-28,ATO,13.57637,13.726386,13.56137,13.701383,698129.5
2005-03-29,ATO,13.651378,13.771391,13.401353,13.401353,867712.4
2005-03-30,ATO,13.401353,13.57137,13.401353,13.546368,463153.25
2005-03-31,ATO,13.531365,13.631376,13.416354,13.501363,724526.9
2005-04-01,ATO,13.57637,13.6463785,13.366349,13.46636,741325.1
2005-04-04,ATO,13.461359,13.621375,13.37635,13.621375,531946.3
2005-04-05,ATO,13.676381,13.786391,13.606373,13.721386,796119.6
2005-04-06,ATO,13.721386,13.876401,13.676381,13.676381,531746.3
2005-04-07,ATO,13.681381,13.806395,13.656379,13.751389,425157.06
2005-04-08,ATO,13.751389,13.771391,13.586371,13.606373,454554.1
2005-04-11,ATO,13.706384,13.711385,13.531365,13.541368,488550.66
2005-04-12,ATO,13.541368,13.841397,13.476361,13.831396,755923.7
2005-04-13,ATO,13.751389,13.791392,13.57137,13.596373,473552.2
2005-04-14,ATO,13.6463785,13.6963825,13.476361,13.476361,706128.7
2005-04-15,ATO,13.501363,13.626376,13.396353,13.426355,999099.1
2005-04-18,ATO,13.37635,13.521365,13.201333,13.47136,788320.4
2005-04-19,ATO,13.451358,13.611374,13.411354,13.606373,694729.9
2005-04-20,ATO,13.626376,13.636377,13.37635,13.381351,705928.75
2005-04-21,ATO,13.506364,13.626376,13.401353,13.551369,639535.44
2005-04-22,ATO,13.476361,13.546368,13.261339,13.4863615,1066092.4
2005-04-25,ATO,13.4863615,13.516365,13.316344,13.426355,624936.9
2005-04-26,ATO,13.401353,13.401353,13.101323,13.146328,788320.4
2005-04-27,ATO,13.181331,13.27634,12.751287,13.136327,785920.6
2005-04-28,ATO,13.141327,13.141327,12.9113035,12.97131,852713.9
2005-04-29,ATO,13.021315,13.161328,12.926305,13.151327,653734
2005-05-02,ATO,13.101323,13.251338,13.07632,13.226336,659333.44
2005-05-03,ATO,13.226336,13.27634,13.051318,13.146328,639735.4
2005-05-04,ATO,13.231336,13.406353,13.161328,13.406353,655733.8
2005-05-05,ATO,13.436357,13.501363,13.306344,13.401353,617337.7
2005-05-06,ATO,13.476361,13.496363,13.361348,13.37635,363163.34
2005-05-09,ATO,13.426355,13.661379,13.351348,13.661379,420157.56
2005-05-10,ATO,13.536366,13.57637,13.381351,13.531365,742725
2005-05-11,ATO,13.601374,13.771391,13.566369,13.736386,773521.9
2005-05-12,ATO,13.736386,13.8013935,13.421355,13.46636,716727.6
2005-05-13,ATO,13.48136,13.521365,13.27634,13.37135,708328.5
2005-05-16,ATO,13.411354,13.861399,13.37635,13.821395,943504.75
2005-05-17,ATO,13.831396,13.971411,13.701383,13.936407,560743.4
2005-05-18,ATO,13.986412,14.056419,13.876401,13.971411,609938.44
2005-05-19,ATO,14.041417,14.091423,13.876401,13.921406,536745.8
2005-05-20,ATO,13.936407,13.991412,13.831396,13.901403,937105.4
2005-05-23,ATO,13.926687,13.931744,13.790152,13.871061,709724.1
2005-05-24,ATO,13.805322,13.936801,13.800265,13.881176,736222.6
2005-05-25,ATO,13.886231,13.98737,13.774981,13.881176,610255.94
2005-05-26,ATO,13.881176,14.083451,13.881176,14.042996,338745.47
2005-05-27,ATO,14.037939,14.1997595,14.027825,14.144134,686389.6
2005-05-31,ATO,14.144134,14.305955,14.144134,14.305955,727521.6
2005-06-01,ATO,14.305955,14.503174,14.260443,14.4273205,537484.06
2005-06-02,ATO,14.437433,14.472833,14.376751,14.442491,488639.8
2005-06-03,ATO,14.391921,14.563855,14.225043,14.331239,704582.6
2005-06-06,ATO,14.321125,14.396978,14.194702,14.295841,774586.06
2005-06-07,ATO,14.336296,14.664994,14.336296,14.336296,789615.06
2005-06-08,ATO,14.36158,14.437433,14.240214,14.240214,426546.38
2005-06-09,ATO,14.28067,14.437433,14.174476,14.402035,437620.38
2005-06-10,ATO,14.417206,14.462718,14.305955,14.366637,308885.22
2005-06-13,ATO,14.376751,14.553742,14.371694,14.538571,560423
2005-06-14,ATO,14.538571,14.599255,14.477888,14.528458,415076.88
2005-06-15,ATO,14.528458,14.543629,14.386865,14.437433,722182.4
2005-06-16,ATO,14.437433,14.599255,14.381808,14.599255,520873.03
2005-06-17,ATO,14.609367,14.614425,14.447547,14.452604,1066069.4
2005-06-20,ATO,14.457662,14.5234,14.417206,14.457662,766676.06
2005-06-21,ATO,14.472833,14.5234,14.386865,14.412149,642291.44
2005-06-22,ATO,14.442491,14.477888,14.386865,14.467775,735629.4
2005-06-23,ATO,14.467775,14.488003,14.386865,14.472833,799502.56
2005-06-24,ATO,14.472833,14.472833,14.174476,14.412149,4916258.5
2005-06-27,ATO,14.412149,14.472833,14.386865,14.412149,806028.3
2005-06-28,ATO,14.488003,14.548685,14.447547,14.513288,581186.75
2005-06-29,ATO,14.538571,14.584084,14.417206,14.437433,667801.2
2005-06-30,ATO,14.472833,14.624538,14.442491,14.563855,696277.1
2005-07-01,ATO,14.614425,14.72062,14.589141,14.715563,829362.75
2005-07-05,ATO,14.715563,14.756018,14.664994,14.725677,308291.97
2005-07-06,ATO,14.756018,14.756018,14.614425,14.629596,518895.56
2005-07-07,ATO,14.563855,14.847042,14.493059,14.841986,655342.94
2005-07-08,ATO,14.872327,14.907724,14.756018,14.877383,460757.1
2005-07-11,ATO,14.877383,14.897611,14.670051,14.690278,650399.2
2005-07-12,ATO,14.690278,14.847042,14.543629,14.791416,741166.4
2005-07-13,ATO,14.7964735,14.826815,14.7105055,14.771188,301370.75
2005-07-14,ATO,14.862212,14.877383,14.584084,14.599255,346259.94
2005-07-15,ATO,14.599255,14.670051,14.538571,14.614425,316597.47
2005-07-18,ATO,14.634653,14.680165,14.5588,14.639709,338547.72
2005-07-19,ATO,14.705449,14.705449,14.563855,14.639709,485278.06
2005-07-20,ATO,14.589141,14.664994,14.513288,14.634653,197552.08
2005-07-21,ATO,14.649823,14.649823,14.422263,14.462718,247780.53
2005-07-22,ATO,14.462718,14.584084,14.462718,14.579026,367814.7
2005-07-25,ATO,14.594197,14.700392,14.579026,14.65488,383239.16
2005-07-26,ATO,14.695335,14.72062,14.619482,14.680165,317388.47
2005-07-27,ATO,14.7105055,14.745904,14.629596,14.664994,381854.9
2005-07-28,ATO,14.664994,14.96335,14.664994,14.917838,320552.47
2005-07-29,ATO,14.821757,14.897611,14.745904,14.745904,410726.4
2005-08-01,ATO,14.80153,14.902667,14.705449,14.7105055,420613.88
2005-08-02,ATO,14.745904,15.054375,14.745904,15.049318,390555.9
2005-08-03,ATO,15.049318,15.155512,14.892554,14.998749,369001.2
2005-08-04,ATO,14.933009,14.943123,14.750961,14.80153,425557.62
2005-08-05,ATO,14.826815,14.826815,14.493059,14.589141,361091.2
2005-08-08,ATO,14.584084,14.745904,14.285727,14.290784,980245.9
2005-08-09,ATO,14.740847,14.740847,14.412149,14.543629,1112738.2
2005-08-10,ATO,14.634653,14.912782,14.589141,14.740847,667603.44
2005-08-11,ATO,14.761075,14.912782,14.690278,14.781302,481125.34
2005-08-12,ATO,14.791416,14.943123,14.771188,14.892554,408946.66
2005-08-15,ATO,14.892554,14.998749,14.836928,14.841986,415670.12
2005-08-16,ATO,14.791416,14.877383,14.72062,14.750961,445332.62
2005-08-17,ATO,14.756018,14.756018,14.518343,14.5234,666219.2
2005-08-18,ATO,14.513288,14.619482,14.412149,14.503174,690146.9
2005-08-19,ATO,14.503174,14.579026,14.402035,14.4981165,519488.8
2005-08-22,ATO,14.548685,14.730733,14.528458,14.695335,717040.9
2005-08-23,ATO,14.618666,14.654445,14.536882,14.593107,438625.56
2005-08-24,ATO,14.567551,14.792454,14.541994,14.547105,550727.44
2005-08-25,ATO,14.577774,14.74645,14.577774,14.720893,375825
2005-08-26,ATO,14.766896,14.858902,14.74134,14.78223,744802.6
2005-08-29,ATO,14.777119,14.792454,14.654445,14.74645,513164.5
2005-08-30,ATO,14.772008,14.85379,14.680002,14.761785,564226.6
2005-08-31,ATO,14.812899,15.129807,14.772008,15.124696,799777.56
2005-09-01,ATO,15.124696,15.165587,14.956019,15.109362,709000.44
2005-09-02,ATO,15.109362,15.109362,14.940684,15.017356,492426.62
2005-09-06,ATO,15.0940275,15.196256,15.042913,15.114472,409670.78
2005-09-07,ATO,15.155364,15.201367,15.048025,15.124696,547792.8
2005-09-08,ATO,15.140031,15.140031,15.0071335,15.048025,668698.56
2005-09-09,ATO,15.053136,15.155364,15.03269,15.088916,694523.06
2005-09-12,ATO,15.088916,15.0940275,14.915128,15.012245,569117.6
2005-09-13,ATO,15.042913,15.053136,14.85379,14.869124,451146.53
2005-09-14,ATO,14.864014,14.920239,14.777119,14.848679,719565
2005-09-15,ATO,14.85379,14.945796,14.807787,14.848679,1009895.25
2005-09-16,ATO,14.925351,14.976464,14.833345,14.945796,676524.1
2005-09-19,ATO,14.899793,14.986688,14.81801,14.823122,261179.8
2005-09-20,ATO,14.823122,14.864014,14.736228,14.797565,423365.6
2005-09-21,ATO,14.802676,14.88957,14.572662,14.623776,484014.1
2005-09-22,ATO,14.6748905,14.690225,14.393763,14.429543,609810.8
2005-09-23,ATO,14.434654,14.587997,14.403986,14.552217,448994.5
2005-09-26,ATO,14.552217,14.628888,14.419319,14.608442,449190.12
2005-09-27,ATO,14.608442,14.720893,14.562439,14.608442,302068.62
2005-09-28,ATO,14.623776,14.66978,14.475545,14.511325,347652.8
2005-09-29,ATO,14.511325,14.598219,14.357983,14.582886,519620.62
2005-09-30,ATO,14.562439,14.628888,14.429543,14.439765,668894.2
2005-10-03,ATO,14.444877,14.536882,14.444877,14.495992,721912.7
2005-10-04,ATO,14.506213,14.628888,14.393763,14.429543,593963.94
2005-10-05,ATO,14.439765,14.516437,14.189305,14.194417,839492.5
2005-10-06,ATO,14.199529,14.49088,13.933735,14.0461855,1973423.8
2005-10-07,ATO,14.122857,14.368206,14.122857,14.327314,842622.75
2005-10-10,ATO,14.332426,14.347759,13.979737,13.995071,582421.2
2005-10-11,ATO,13.995071,14.035962,13.749723,13.8008375,985244.56
2005-10-12,ATO,13.805949,13.897955,13.51971,13.657718,813081.06
2005-10-13,ATO,13.611714,13.647495,12.778553,13.397035,1144300.1
2005-10-14,ATO,13.478819,13.478819,13.248804,13.397035,646199.94
2005-10-17,ATO,13.402146,13.529932,13.294807,13.473707,633092
2005-10-18,ATO,13.463484,13.504375,13.23347,13.23347,500252.25
2005-10-19,ATO,13.228358,13.437927,13.059681,13.417481,865512.7
2005-10-20,ATO,13.381701,13.514598,13.16191,13.30503,462102.38
2005-10-21,ATO,13.30503,13.366366,13.167022,13.182356,716043.5
2005-10-24,ATO,13.177244,13.443038,13.167022,13.391924,642678.4
2005-10-25,ATO,13.391924,13.550378,13.3459215,13.458372,821884.9
2005-10-26,ATO,13.432816,13.432816,13.243692,13.325476,972527.94
2005-10-27,ATO,13.391924,13.391924,13.223248,13.23347,768279.44
2005-10-28,ATO,13.253916,13.417481,13.248804,13.381701,571269.7
2005-10-31,ATO,13.407258,13.51971,13.366366,13.443038,584573.2
2005-11-01,ATO,13.432816,13.432816,13.248804,13.30503,516099.1
2005-11-02,ATO,13.315252,13.473707,13.264139,13.473707,488122.53
2005-11-03,ATO,13.494152,13.70372,13.483929,13.529932,761823.3
2005-11-04,ATO,13.529932,13.647495,13.473707,13.504375,810733.4
2005-11-07,ATO,13.499264,13.637272,13.37659,13.432816,629766.1
2005-11-08,ATO,13.443038,13.504375,13.269249,13.294807,452711.66
2005-11-09,ATO,13.325476,13.509487,13.213024,13.45326,961767.7
2005-11-10,ATO,13.458372,13.494152,13.289696,13.391924,767692.56
2005-11-11,ATO,13.417481,13.443038,13.289696,13.402146,1027307.2
2005-11-14,ATO,13.4685955,13.55549,13.3459215,13.55549,1052936.1
2005-11-15,ATO,13.529932,13.540155,13.422592,13.478819,1040219.5
2005-11-16,ATO,13.478819,13.499264,13.366366,13.443038,799190.6
2005-11-17,ATO,13.4685955,13.550378,13.315252,13.37659,899554.1
2005-11-18,ATO,13.44815,13.55549,13.381701,13.499264,766127.44
2005-11-21,ATO,13.51971,13.698608,13.51971,13.683275,756149.75
2005-11-22,ATO,13.732411,13.872063,13.72724,13.851375,951804.06
2005-11-23,ATO,13.835857,13.949647,13.7531,13.892753,437717.72
2005-11-25,ATO,13.903096,14.037576,13.897925,14.027232,203391.81
2005-11-28,ATO,14.016888,14.06861,13.804824,13.804824,415290.5
2005-11-29,ATO,13.789307,13.991025,13.784134,13.784134,252499.72
2005-11-30,ATO,13.815167,13.88758,13.691033,13.742756,424764.06
2005-12-01,ATO,13.758273,13.913442,13.758273,13.856546,335055.12
2005-12-02,ATO,13.851375,13.877235,13.732411,13.856546,251533.03
2005-12-05,ATO,13.861718,13.882408,13.628966,13.747929,463238.38
2005-12-06,ATO,13.747929,13.877235,13.737583,13.758273,313401.25
2005-12-07,ATO,13.794479,13.861718,13.654827,13.675517,358449.06
2005-12-08,ATO,13.680689,13.732411,13.546209,13.654827,380489.62
2005-12-09,ATO,13.696205,13.711722,13.582416,13.680689,332735.06
2005-12-12,ATO,13.701378,13.799651,13.639311,13.680689,712064.7
2005-12-13,ATO,13.691033,13.742756,13.603104,13.66,443324.53
2005-12-14,ATO,13.654827,13.794479,13.654827,13.742756,481798.84
2005-12-15,ATO,13.773789,13.784134,13.654827,13.758273,459758.28
2005-12-16,ATO,13.784134,13.866891,13.680689,13.861718,853781.56
2005-12-19,ATO,13.825512,13.825512,13.628966,13.644483,338728.56
2005-12-20,ATO,13.644483,13.763446,13.587587,13.670344,533420.1
2005-12-21,ATO,13.722067,13.768618,13.499659,13.59276,397310.03
2005-12-22,ATO,13.634138,13.634138,13.468625,13.556554,435591
2005-12-23,ATO,13.587587,13.670344,13.556554,13.644483,440037.78
2005-12-27,ATO,13.634138,13.654827,13.401385,13.406558,578854.6
2005-12-28,ATO,13.447936,13.510004,13.396213,13.47897,379329.6
2005-12-29,ATO,13.47897,13.561726,13.47897,13.520348,347622.12
2005-12-30,ATO,13.468625,13.587587,13.360007,13.530692,433850.97
2006-01-03,ATO,13.603104,13.861718,13.510004,13.830685,715931.44
2006-01-04,ATO,13.866891,13.908269,13.747929,13.835857,407170.28
2006-01-05,ATO,13.82034,13.861718,13.716895,13.789307,419157.25
2006-01-06,ATO,13.877235,13.897925,13.794479,13.861718,369662.7
2006-01-09,ATO,13.882408,14.006542,13.877235,13.913442,424377.4
2006-01-10,ATO,13.866891,13.928959,13.799651,13.846202,533613.5
2006-01-11,ATO,13.825512,13.892753,13.758273,13.82034,584654.75
2006-01-12,ATO,13.789307,13.861718,13.711722,13.732411,458018.25
2006-01-13,ATO,13.747929,13.789307,13.72724,13.763446,619069
2006-01-17,ATO,13.778962,13.835857,13.72724,13.773789,621389.06
2006-01-18,ATO,13.722067,13.799651,13.691033,13.732411,1061620.1
2006-01-19,ATO,13.72724,13.773789,13.675517,13.716895,982738.2
2006-01-20,ATO,13.711722,13.809997,13.649654,13.680689,651743.1
2006-01-23,ATO,13.685861,13.722067,13.515175,13.551382,796360.1
2006-01-24,ATO,13.577243,13.654827,13.52552,13.572071,389576.5
2006-01-25,ATO,13.597933,13.644483,13.499659,13.59276,423797.38
2006-01-26,ATO,13.654827,13.654827,13.499659,13.572071,462465.03
2006-01-27,ATO,13.618621,13.747929,13.535865,13.623794,558940.8
2006-01-30,ATO,13.603104,13.696205,13.499659,13.546209,492045.78
2006-01-31,ATO,13.504831,13.628966,13.458281,13.59276,710904.6
2006-02-01,ATO,13.561726,13.628966,13.499659,13.530692,299094.22
2006-02-02,ATO,13.535865,13.561726,13.432419,13.530692,606695.3
2006-02-03,ATO,13.473797,13.541038,13.447936,13.504831,482765.53
2006-02-06,ATO,13.504831,13.535865,13.473797,13.499659,342208.66
2006-02-07,ATO,13.458281,13.551382,13.458281,13.504831,565320.94
2006-02-08,ATO,13.685861,13.685861,13.468625,13.603104,793073.4
2006-02-09,ATO,13.649654,13.70655,13.618621,13.639311,934210.25
2006-02-10,ATO,13.634138,13.670344,13.515175,13.597933,664696.8
2006-02-13,ATO,13.59276,13.675517,13.556554,13.59276,618295.6
2006-02-14,ATO,13.566898,13.603104,13.442763,13.603104,527620
2006-02-15,ATO,13.623794,13.680689,13.556554,13.572071,360382.44
2006-02-16,ATO,13.597933,13.670344,13.551382,13.582416,621775.7
2006-02-17,ATO,13.577243,13.685861,13.577243,13.649654,501326
2006-02-21,ATO,13.70655,13.809997,13.685861,13.784134,1009805.5
2006-02-22,ATO,13.763446,13.970337,13.758273,13.965164,992018.44
2006-02-23,ATO,13.941613,13.946847,13.789847,13.805547,655222.3
2006-02-24,ATO,13.805547,13.816013,13.737514,13.816013,663056.7
2006-02-27,ATO,13.816013,13.894513,13.784614,13.836947,643757.3
2006-02-28,ATO,13.800314,13.821247,13.706114,13.816013,616814.7
2006-03-01,ATO,13.863113,13.863113,13.711348,13.758448,418662
2006-03-02,ATO,13.721813,13.81078,13.690413,13.81078,401846.75
2006-03-03,ATO,13.774147,13.831714,13.73228,13.74798,421337.16
2006-03-06,ATO,13.737514,13.774147,13.659014,13.711348,716750.9
2006-03-07,ATO,13.711348,13.73228,13.632846,13.659014,682929.25
2006-03-08,ATO,13.659014,13.768913,13.60668,13.68518,490891.25
2006-03-09,ATO,13.727047,13.73228,13.659014,13.706114,357133.4
2006-03-10,ATO,13.70088,13.816013,13.68518,13.79508,335541.06
2006-03-13,ATO,13.868347,13.8840475,13.789847,13.878814,350063.34
2006-03-14,ATO,13.868347,13.8840475,13.800314,13.852647,454776.62
2006-03-15,ATO,13.894513,13.915447,13.82648,13.910213,354076.1
2006-03-16,ATO,13.931148,14.025347,13.894513,13.978247,467005.9
2006-03-17,ATO,14.0305805,14.056747,13.920681,14.056747,402802.16
2006-03-20,ATO,14.051514,14.1038475,13.894513,13.941613,355222.6
2006-03-21,ATO,13.931148,13.967781,13.84218,13.84218,425732.06
2006-03-22,ATO,13.847413,13.863113,13.79508,13.816013,370318.1
2006-03-23,ATO,13.816013,13.852647,13.7636795,13.789847,334203.5
2006-03-24,ATO,13.789847,13.88928,13.7636795,13.868347,437197.03
2006-03-27,ATO,13.84218,13.894513,13.727047,13.753214,629426.1
2006-03-28,ATO,13.77938,13.77938,13.596213,13.711348,547642.75
2006-03-29,ATO,13.711348,13.84218,13.68518,13.821247,396687.5
2006-03-30,ATO,13.821247,13.8840475,13.742747,13.852647,534075.94
2006-03-31,ATO,13.831714,13.863113,13.690413,13.77938,557579.06
2006-04-03,ATO,13.7636795,13.852647,13.716579,13.721813,332674.84
2006-04-04,ATO,13.727047,13.915447,13.679947,13.910213,600763.75
2006-04-05,ATO,13.931148,14.004414,13.836947,14.004414,359426.4
2006-04-06,ATO,14.025347,14.025347,13.878814,13.93638,445222.5
2006-04-07,ATO,13.920681,13.999181,13.695647,13.7636795,558343.4
2006-04-10,ATO,13.7636795,13.8840475,13.753214,13.8840475,439490
2006-04-11,ATO,13.925914,13.931148,13.805547,13.82648,484394.44
2006-04-12,ATO,13.79508,13.915447,13.711348,13.774147,398216.16
2006-04-13,ATO,13.74798,13.7636795,13.65378,13.66948,680445.2
2006-04-17,ATO,13.68518,13.768913,13.66948,13.758448,485158.75
2006-04-18,ATO,13.721813,13.847413,13.674713,13.716579,758215.8
2006-04-19,ATO,13.679947,13.8840475,13.679947,13.8840475,704330.5
2006-04-20,ATO,13.868347,13.952081,13.868347,13.920681,584521.7
2006-04-21,ATO,13.925914,13.999181,13.920681,13.973014,502547.28
2006-04-24,ATO,13.941613,13.946847,13.79508,13.920681,585668.2
2006-04-25,ATO,13.88928,13.894513,13.816013,13.84218,581273.3
2006-04-26,ATO,13.868347,13.946847,13.805547,13.847413,377770.34
2006-04-27,ATO,13.847413,13.973014,13.7636795,13.946847,356942.3
2006-04-28,ATO,13.910213,13.993947,13.821247,13.88928,344904.12
2006-05-01,ATO,13.878814,14.051514,13.878814,13.946847,538470.8
2006-05-02,ATO,13.962547,14.046281,13.868347,13.973014,637069.44
2006-05-03,ATO,13.941613,14.130013,13.920681,14.10908,802738.06
2006-05-04,ATO,14.082913,14.32888,14.082913,14.260847,538853
2006-05-05,ATO,14.260847,14.381214,14.255614,14.344581,794521.5
2006-05-08,ATO,14.334114,14.512048,14.287014,14.512048,568852.94
2006-05-09,ATO,14.496348,14.50158,14.271315,14.302714,508470.84
2006-05-10,ATO,14.302714,14.417847,14.292247,14.381214,273821.38
2006-05-11,ATO,14.37598,14.381214,14.061981,14.15618,574967.56
2006-05-12,ATO,14.161413,14.192815,14.10908,14.161413,536177.8
2006-05-15,ATO,14.166647,14.177114,13.962547,14.051514,608980.3
2006-05-16,ATO,14.077681,14.082913,13.816013,13.831714,582228.75
2006-05-17,ATO,13.821247,13.894513,13.6642475,13.711348,1026686.9
2006-05-18,ATO,13.695647,13.82648,13.68518,13.695647,364203.47
2006-05-19,ATO,13.706114,13.847413,13.68518,13.7636795,319107.97
2006-05-22,ATO,13.7636795,13.98348,13.716579,13.90498,518024.97
2006-05-23,ATO,13.923517,13.923517,13.812298,13.817595,809837.1
2006-05-24,ATO,13.828187,13.8387785,13.531603,13.769929,829285.3
2006-05-25,ATO,13.981774,14.135363,13.849371,14.071808,826453.06
2006-05-26,ATO,14.130066,14.209508,14.103584,14.145954,370837.06
2006-05-30,ATO,14.130066,14.209508,14.045328,14.050624,400292.53
2006-05-31,ATO,14.130066,14.24658,14.0824,14.214804,948806.6
2006-06-01,ATO,14.241284,14.304838,14.140658,14.299541,764143.4
2006-06-02,ATO,14.347207,14.463721,14.294246,14.421352,348745.44
2006-06-05,ATO,14.400168,14.421352,14.188324,14.235988,644433.25
2006-06-06,ATO,14.2201,14.267765,14.045328,14.183027,476574.72
2006-06-07,ATO,14.24658,14.257173,14.087697,14.092993,456371.25
2006-06-08,ATO,14.0982895,14.235988,14.002959,14.230693,467322.66
2006-06-09,ATO,14.299541,14.352503,14.15125,14.257173,322311.03
2006-06-12,ATO,14.267765,14.288949,14.108881,14.130066,257546.72
2006-06-13,ATO,14.167139,14.1989155,13.854667,13.907629,463546.3
2006-06-14,ATO,13.907629,13.976478,13.775226,13.928813,471854.28
2006-06-15,ATO,14.008255,14.188324,13.934109,14.114177,443342.88
2006-06-16,ATO,14.119473,14.161842,14.061215,14.114177,340626.3
2006-06-19,ATO,14.140658,14.167139,13.902332,13.955294,352144.16
2006-06-20,ATO,13.955294,14.024143,13.918221,13.981774,518114.5
2006-06-21,ATO,14.008255,14.145954,13.928813,14.103584,466000.94
2006-06-22,ATO,14.103584,14.167139,14.061215,14.15125,634237.1
2006-06-23,ATO,14.12477,14.352503,14.092993,14.331318,651985.94
2006-06-26,ATO,14.347207,14.511387,14.320726,14.490203,624229.8
2006-06-27,ATO,14.516683,14.61731,14.490203,14.574941,817767.44
2006-06-28,ATO,14.601421,14.654383,14.590828,14.633198,1152729.2
2006-06-29,ATO,14.633198,14.755009,14.527275,14.733824,779059.94
2006-06-30,ATO,14.829155,14.845043,14.691455,14.781489,988080.6
2006-07-03,ATO,14.829155,14.956262,14.696752,14.950965,280393.6
2006-07-05,ATO,14.935078,14.961557,14.839747,14.956262,586844
2006-07-06,ATO,14.956262,15.078073,14.9191885,15.056888,800207.44
2006-07-07,ATO,15.062184,15.120441,14.961557,15.014519,723736.5
2006-07-10,ATO,15.078073,15.152219,15.014519,15.093961,509051.28
2006-07-11,ATO,15.10985,15.199883,14.97215,15.199883,402558.34
2006-07-12,ATO,15.199883,15.2793255,15.104553,15.120441,322688.66
2006-07-13,ATO,15.088665,15.173403,14.908596,14.97215,297387.16
2006-07-14,ATO,14.998631,15.009223,14.829155,14.871524,384054.25
2006-07-17,ATO,14.855635,14.961557,14.802674,14.871524,405201.78
2006-07-18,ATO,14.882116,14.998631,14.802674,14.929781,695413.9
2006-07-19,ATO,14.945669,15.183995,14.945669,15.141626,546248.25
2006-07-20,ATO,15.16281,15.252844,15.13633,15.157515,460147.62
2006-07-21,ATO,15.157515,15.247549,15.078073,15.141626,370081.78
2006-07-24,ATO,15.173403,15.289918,15.141626,15.284621,361962.66
2006-07-25,ATO,15.284621,15.3587675,15.252844,15.342878,354976.4
2006-07-26,ATO,15.326991,15.417025,15.321694,15.406432,551157.5
2006-07-27,ATO,15.480577,15.49117,15.289918,15.3587675,265854.66
2006-07-28,ATO,15.3587675,15.475282,15.3587675,15.406432,278883.06
2006-07-31,ATO,15.364063,15.36936,15.215772,15.236957,324954.47
2006-08-01,ATO,15.258141,15.422321,15.221067,15.36936,384809.53
2006-08-02,ATO,15.3587675,15.438209,15.268733,15.316399,393495.12
2006-08-03,ATO,15.311102,15.348175,15.13633,15.194588,353088.25
2006-08-04,ATO,15.226364,15.321694,15.168106,15.268733,675021.6
2006-08-07,ATO,15.215772,15.2793255,15.051592,15.115146,329863.72
2006-08-08,ATO,15.115146,15.226364,14.998631,14.998631,556066.75
2006-08-09,ATO,14.998631,15.2793255,14.998631,15.2793255,503575.56
2006-08-10,ATO,14.961557,15.210475,14.633198,15.199883,1513936.6
2006-08-11,ATO,15.199883,15.199883,15.035703,15.125737,529821.2
2006-08-14,ATO,15.183995,15.258141,15.131034,15.221067,506596.66
2006-08-15,ATO,15.311102,15.422321,15.268733,15.417025,507918.38
2006-08-16,ATO,15.422321,15.422321,15.226364,15.247549,474686.53
2006-08-17,ATO,15.252844,15.311102,15.120441,15.199883,411432.75
2006-08-18,ATO,15.274029,15.353471,15.221067,15.326991,415964.38
2006-08-21,ATO,15.348175,15.411729,15.210475,15.252844,591564.44
2006-08-22,ATO,15.226364,15.390544,15.226364,15.385247,488470.2
2006-08-23,ATO,15.339737,15.3665085,15.130924,15.15234,655188.56
2006-08-24,ATO,15.114861,15.130924,14.954236,15.093445,807405.94
2006-08-25,ATO,15.072027,15.146987,15.045257,15.125569,493072.34
2006-08-28,ATO,15.114861,15.248715,15.104153,15.248715,549663.6
2006-08-29,ATO,15.286195,15.307611,15.163049,15.286195,484480.94
2006-08-30,ATO,15.307611,15.339737,15.168403,15.195173,377461.8
2006-08-31,ATO,15.232654,15.473591,15.232654,15.42005,688433.56
2006-09-01,ATO,15.457529,15.51107,15.345091,15.350446,519967.2
2006-09-05,ATO,15.339737,15.414696,15.339737,15.393279,694410.2
2006-09-06,ATO,15.393279,15.393279,15.136278,15.184466,474395.34
2006-09-07,ATO,15.109507,15.211236,14.9917145,14.9917145,415562.88
2006-09-08,ATO,15.055965,15.104153,15.002423,15.045257,372605.8
2006-09-11,ATO,15.045257,15.066673,14.922111,15.039903,545181.1
2006-09-12,ATO,14.9917145,15.066673,14.948881,15.039903,539764.8
2006-09-13,ATO,15.034549,15.130924,14.981007,15.130924,437975.25
2006-09-14,ATO,15.098799,15.184466,15.072027,15.120215,457959.62
2006-09-15,ATO,15.130924,15.173758,15.007778,15.141632,551531.3
2006-09-18,ATO,15.136278,15.136278,14.95959,15.039903,410333.3
2006-09-19,ATO,15.013132,15.039903,14.884631,15.02384,289493.22
2006-09-20,ATO,15.029194,15.141632,14.997069,15.109507,434613.38
2006-09-21,ATO,15.114861,15.114861,14.95959,14.986361,473648.28
2006-09-22,ATO,14.986361,15.066673,14.911403,14.970298,312279.16
2006-09-25,ATO,15.02384,15.120215,14.938173,15.061319,723359.56
2006-09-26,ATO,15.066673,15.232654,14.997069,15.216591,580667.4
2006-09-27,ATO,15.168403,15.4307575,15.163049,15.425404,516231.8
2006-09-28,ATO,15.425404,15.446821,15.334382,15.393279,332076.75
2006-09-29,ATO,15.38257,15.403987,15.243361,15.286195,342909.4
2006-10-02,ATO,15.270133,15.3665085,15.2273,15.232654,229353.34
2006-10-03,ATO,15.275487,15.31832,15.205882,15.312966,635764.5
2006-10-04,ATO,15.248715,15.393279,15.211236,15.3665085,363454.1
2006-10-05,ATO,15.339737,15.623508,15.339737,15.591384,705616.4
2006-10-06,ATO,15.537842,15.559258,15.414696,15.516425,334691.53
2006-10-09,ATO,15.462883,15.516425,15.42005,15.516425,240559.53
2006-10-10,ATO,15.478946,15.591384,15.478946,15.58603,288932.9
2006-10-11,ATO,15.644925,15.644925,15.446821,15.500362,321430.88
2006-10-12,ATO,15.527133,15.660988,15.51107,15.655634,1109039.2
2006-10-13,ATO,15.660988,15.912634,15.660988,15.875155,527811.5
2006-10-16,ATO,15.880509,15.955467,15.84303,15.912634,501663.75
2006-10-17,ATO,15.885863,15.955467,15.84303,15.955467,276792.88
2006-10-18,ATO,15.966176,16.062551,15.955467,16.019718,365321.78
2006-10-19,ATO,16.057198,16.121449,15.992948,16.10003,304434.8
2006-10-20,ATO,16.073261,16.180344,16.035782,16.164282,323111.8
2006-10-23,ATO,16.110739,16.233885,16.04649,16.158928,569648
2006-10-24,ATO,16.105385,16.191051,16.04649,16.164282,552651.94
2006-10-25,ATO,16.062551,16.474825,16.062551,16.40522,643608.8
2006-10-26,ATO,16.442698,16.576553,16.373095,16.539074,387920.94
2006-10-27,ATO,16.49624,16.5712,16.410574,16.415928,267827.94
2006-10-30,ATO,16.378448,16.506948,16.378448,16.490887,298831.72
2006-10-31,ATO,16.485533,16.523012,16.373095,16.453407,336372.47
2006-11-01,ATO,16.555138,16.651512,16.506948,16.549782,593367.75
2006-11-02,ATO,16.523012,16.560492,16.453407,16.555138,392963.72
2006-11-03,ATO,16.549782,16.62474,16.53372,16.597971,376901.5
2006-11-06,ATO,16.576553,16.774658,16.544428,16.721117,312279.16
2006-11-07,ATO,16.721117,16.89245,16.694345,16.742533,391656.3
2006-11-08,ATO,16.694345,17.02095,16.672928,16.897804,470099.66
2006-11-09,ATO,16.924576,17.11197,16.865679,17.047722,469165.8
2006-11-10,ATO,17.053076,17.05843,16.940638,16.994179,553025.44
2006-11-13,ATO,16.972763,17.181576,16.972763,17.176224,337679.84
2006-11-14,ATO,17.170868,17.235117,16.945992,17.154806,485414.78
2006-11-15,ATO,17.208347,17.443932,17.202993,17.443932,882300.7
2006-11-16,ATO,17.45464,17.513535,17.245827,17.256535,541819.25
2006-11-17,ATO,17.283304,17.465347,17.267242,17.465347,526504.1
2006-11-20,ATO,17.422516,17.716995,17.385036,17.67416,692729.3
2006-11-21,ATO,17.668806,17.700933,17.51889,17.588493,514364.1
2006-11-22,ATO,17.658783,17.691225,17.383036,17.415474,902188.3
2006-11-24,ATO,17.415474,17.62634,17.388441,17.62634,172558.77
2006-11-27,ATO,17.572273,17.57768,17.280304,17.318151,853731.25
2006-11-28,ATO,17.274897,17.350594,17.247862,17.334373,672664.8
2006-11-29,ATO,17.383036,17.642563,17.383036,17.637156,516196.72
2006-11-30,ATO,17.63175,17.723665,17.56146,17.71826,536726.2
2006-12-01,ATO,17.680412,17.707445,17.47495,17.707445,546528.56
2006-12-04,ATO,17.62634,17.766922,17.539833,17.750702,798801
2006-12-05,ATO,17.71285,17.761513,17.696632,17.745293,531547.6
2006-12-06,ATO,17.772327,17.772327,17.610123,17.691225,518601.06
2006-12-07,ATO,17.637156,17.680412,17.25327,17.339779,820810.1
2006-12-08,ATO,17.193794,17.247862,17.03159,17.215422,5688891
2006-12-11,ATO,17.220829,17.447916,17.161352,17.431696,1105818.8
2006-12-12,ATO,17.399256,17.469545,17.280304,17.366814,753488.1
2006-12-13,ATO,17.350594,17.404661,17.285711,17.328966,642147.94
2006-12-14,ATO,17.301931,17.383036,17.25327,17.274897,526553.94
2006-12-15,ATO,17.328966,17.54524,17.220829,17.437103,1159269.4
2006-12-18,ATO,17.383036,17.415474,17.101877,17.172167,546713.5
2006-12-19,ATO,17.112692,17.345188,17.096472,17.339779,810637.8
2006-12-20,ATO,17.383036,17.393847,17.269491,17.274897,684871.5
2006-12-21,ATO,17.247862,17.377626,17.188389,17.258677,410035.16
2006-12-22,ATO,17.264084,17.274897,17.107285,17.215422,206774.61
2006-12-26,ATO,17.172167,17.361406,17.172167,17.312746,306462.9
2006-12-27,ATO,17.350594,17.534426,17.345188,17.485764,364167.44
2006-12-28,ATO,17.431696,17.529018,17.420883,17.45873,253012.22
2006-12-29,ATO,17.464136,17.464136,17.247862,17.25327,438147.62
2007-01-03,ATO,17.199202,17.464136,16.793686,17.431696,895345.1
2007-01-04,ATO,17.442509,17.442509,17.285711,17.334373,438147.62
2007-01-05,ATO,17.274897,17.285711,16.9613,17.085657,665266.75
2007-01-08,ATO,17.096472,17.1181,16.934265,17.004555,573161.44
2007-01-09,ATO,17.004555,17.058622,16.869383,17.015368,542274.75
2007-01-10,ATO,16.955893,16.99374,16.77206,16.815315,572791.56
2007-01-11,ATO,16.782873,17.020775,16.782873,16.955893,798431.1
2007-01-12,ATO,16.955893,17.03159,16.415207,16.92345,810083
2007-01-16,ATO,16.869383,17.00996,16.820723,16.928858,514532.16
2007-01-17,ATO,16.928858,16.999147,16.85857,16.999147,405596.34
2007-01-18,ATO,17.03159,17.04781,16.869383,16.885603,462746.03
2007-01-19,ATO,17.03159,17.03159,16.83694,16.988335,466814.94
2007-01-22,ATO,16.982927,16.988335,16.90723,16.928858,407260.9
2007-01-23,ATO,16.896418,17.13432,16.896418,17.026182,520265.62
2007-01-24,ATO,16.999147,17.15054,16.97752,17.08025,411144.84
2007-01-25,ATO,17.101877,17.112692,16.77206,16.78828,482905.62
2007-01-26,ATO,16.847755,16.896418,16.647703,16.885603,604418.06
2007-01-29,ATO,16.92345,16.92345,16.761246,16.8045,607192.3
2007-01-30,ATO,16.831535,16.928858,16.820723,16.89101,452573.75
2007-01-31,ATO,16.918045,16.939672,16.766653,16.89101,556515.9
2007-02-01,ATO,16.92345,17.069437,16.885603,17.058622,438517.53
2007-02-02,ATO,17.112692,17.112692,16.97752,17.03159,406151.2
2007-02-05,ATO,17.03159,17.069437,16.912638,17.015368,620323.8
2007-02-06,ATO,17.015368,17.123505,16.89101,17.123505,570387.2
2007-02-07,ATO,17.123505,17.301931,17.03159,17.274897,610336.5
2007-02-08,ATO,17.220829,17.518206,17.220829,17.496578,712059.25
2007-02-09,ATO,17.518206,17.539833,17.334373,17.426289,471068.8
2007-02-12,ATO,17.372221,17.469545,17.291117,17.366814,343499.22
2007-02-13,ATO,17.426289,17.71285,17.404661,17.707445,770688.5
2007-02-14,ATO,17.707445,17.842617,17.691225,17.810175,644922.25
2007-02-15,ATO,17.826397,17.85343,17.756107,17.810175,764955.06
2007-02-16,ATO,17.810175,17.815582,17.66419,17.772327,473103.25
2007-02-20,ATO,17.777735,17.880465,17.71285,17.842617,734993.06
2007-02-21,ATO,17.815582,17.842617,17.680412,17.723665,512497.7
2007-02-22,ATO,17.723667,17.79465,17.658146,17.761887,570862.8
2007-02-23,ATO,17.723667,17.772808,17.587162,17.669065,520681.06
2007-02-26,ATO,17.669065,17.772808,17.598083,17.647224,641007.3
2007-02-27,ATO,17.576242,17.576242,17.265015,17.314156,735876.4
2007-02-28,ATO,17.363297,17.423359,17.17765,17.17765,1112971.9
2007-03-01,ATO,17.090288,17.248634,16.926485,17.14489,743204
2007-03-02,ATO,17.14489,17.172192,16.986546,17.079369,463356.72
2007-03-05,ATO,16.970165,17.019306,16.724459,16.724459,602546.9
2007-03-06,ATO,16.7736,17.062988,16.7736,17.052067,529472.06
2007-03-07,ATO,17.062988,17.183111,16.975626,17.08483,518300.2
2007-03-08,ATO,17.106668,17.199492,17.090288,17.12305,421416.5
2007-03-09,ATO,17.183111,17.215874,17.013847,17.024767,487715
2007-03-12,ATO,17.046608,17.221333,17.013847,17.183111,354934.9
2007-03-13,ATO,17.183111,17.232252,16.899183,16.926485,577456
2007-03-14,ATO,16.970165,17.172192,16.855503,17.12305,580203.2
2007-03-15,ATO,17.090288,17.406977,17.057528,17.335997,728733.75
2007-03-16,ATO,17.396057,17.587162,17.281395,17.330536,661885.8
2007-03-19,ATO,17.396057,17.538021,17.396057,17.4725,1024329.7
2007-03-20,ATO,17.434278,17.505262,17.363297,17.417898,1154545.8
2007-03-21,ATO,17.423359,17.679987,17.368757,17.630844,855286.9
2007-03-22,ATO,17.576242,17.674524,17.570784,17.609003,827632
2007-03-23,ATO,17.16673,17.308695,16.833662,17.008387,3034711.8
2007-03-26,ATO,16.926485,17.041147,16.631636,17.008387,1042094.75
2007-03-27,ATO,17.002926,17.046608,16.828201,17.008387,1088064.1
2007-03-28,ATO,17.008387,17.15035,16.931944,17.090288,789354.7
2007-03-29,ATO,17.15035,17.15035,16.981087,17.13943,612253.56
2007-03-30,ATO,17.183111,17.314156,17.008387,17.079369,1123044.8
2007-04-02,ATO,16.981087,17.11759,16.740839,17.090288,1019018.44
2007-04-03,ATO,17.11213,17.275934,17.041147,17.199492,817742.2
2007-04-04,ATO,17.259554,17.363297,17.194033,17.357838,885322.7
2007-04-05,ATO,17.335997,17.363297,17.221333,17.265015,1099052.8
2007-04-09,ATO,17.346916,17.527102,17.243174,17.527102,941181.9
2007-04-10,ATO,17.587162,17.80557,17.4725,17.78919,1174691.6
2007-04-11,ATO,17.772808,17.81103,17.658146,17.701826,624157.94
2007-04-12,ATO,17.734587,17.74005,17.619925,17.718206,569763.94
2007-04-13,ATO,17.712746,17.772808,17.669065,17.718206,712800.1
2007-04-16,ATO,17.712746,17.81103,17.707287,17.778269,913527
2007-04-17,ATO,17.76735,17.86017,17.652685,17.772808,686060.94
2007-04-18,ATO,17.712746,17.734587,17.581703,17.647224,646684.8
2007-04-19,ATO,17.581703,17.641766,17.516182,17.576242,431855.78
2007-04-20,ATO,17.609003,17.663605,17.434278,17.581703,626355.7
2007-04-23,ATO,17.554403,17.647224,17.516182,17.548943,432222.06
2007-04-24,ATO,17.510721,17.598083,17.428818,17.548943,668845.3
2007-04-25,ATO,17.548943,17.707287,17.505262,17.619925,731847.2
2007-04-26,ATO,17.630844,17.636305,17.52164,17.565321,551449.44
2007-04-27,ATO,17.477959,17.598083,17.428818,17.477959,652728.56
2007-04-30,ATO,17.527102,17.712746,17.319614,17.319614,655475.75
2007-05-01,ATO,17.297775,17.609003,17.248634,17.52164,789721
2007-05-02,ATO,17.559862,17.603544,17.308695,17.46704,869572.2
2007-05-03,ATO,17.4725,17.559862,17.286854,17.510721,839170.1
2007-05-04,ATO,17.554403,17.685446,17.385138,17.505262,856568.9
2007-05-07,ATO,17.527102,17.625383,17.4725,17.527102,739722.44
2007-05-08,ATO,17.43974,17.614464,17.43974,17.592625,809683.8
2007-05-09,ATO,17.581703,17.674524,17.543482,17.652685,482037.5
2007-05-10,ATO,17.587162,17.587162,17.379677,17.379677,542658.44
2007-05-11,ATO,17.390598,17.576242,17.390598,17.510721,558775.25
2007-05-14,ATO,17.527102,17.614464,17.4998,17.543482,432771.5
2007-05-15,ATO,17.581703,17.756428,17.543482,17.543482,1185680.4
2007-05-16,ATO,17.543482,17.81103,17.543482,17.74005,1322489.6
2007-05-17,ATO,17.783728,17.969374,17.783728,17.936613,1557281.5
2007-05-18,ATO,17.936613,18.029436,17.854712,17.920233,619579.4
2007-05-21,ATO,17.920233,18.084036,17.86017,18.051277,684962.06
2007-05-22,ATO,18.051277,18.275143,17.985754,18.078577,764080.7
2007-05-23,ATO,18.106144,18.188847,17.885605,17.9242,697386.5
2007-05-24,ATO,17.852526,18.012415,17.576853,17.648527,964914.44
2007-05-25,ATO,17.648527,17.74777,17.499666,17.57134,479192.47
2007-05-29,ATO,17.615448,17.995874,17.615448,17.73123,516011.6
2007-05-30,ATO,17.582367,18.08409,17.582367,17.885605,624292.4
2007-05-31,ATO,17.869066,17.946255,17.830473,17.858038,821991
2007-06-01,ATO,17.8415,17.97382,17.819445,17.90766,688136.4
2007-06-04,ATO,17.863554,17.913174,17.791878,17.880093,706455.25
2007-06-05,ATO,17.852526,17.863554,17.687124,17.709175,558816.06
2007-06-06,ATO,17.720203,17.720203,17.41145,17.466585,921928.6
2007-06-07,ATO,17.367342,17.389397,16.926268,16.959349,1049797.9
2007-06-08,ATO,16.887672,16.981401,16.744324,16.904213,734568.3
2007-06-11,ATO,16.937294,17.23502,16.88216,16.937294,910683.4
2007-06-12,ATO,16.959349,16.959349,16.490705,16.59546,1145563.9
2007-06-13,ATO,16.60649,16.700216,16.501732,16.56238,1092421
2007-06-14,ATO,16.54584,16.705729,16.54584,16.68919,466314.84
2007-06-15,ATO,16.832539,16.86562,16.68919,16.84908,599444.06
2007-06-18,ATO,16.821512,16.860106,16.67265,16.749836,697930.6
2007-06-19,ATO,16.656109,16.821512,16.567894,16.782919,793877.94
2007-06-20,ATO,16.88216,16.997942,16.573406,16.612001,851192.4
2007-06-21,ATO,16.56238,16.634054,16.435572,16.57892,393039.4
2007-06-22,ATO,16.501732,16.733297,16.352869,16.446598,702283.6
2007-06-25,ATO,16.446598,16.51276,16.336329,16.435572,679974.5
2007-06-26,ATO,16.441084,16.56238,16.198492,16.198492,692670.75
2007-06-27,ATO,16.115791,16.49622,16.049631,16.490705,971262.56
2007-06-28,ATO,16.54584,16.705729,16.435572,16.51276,512565.47
2007-06-29,ATO,16.589947,16.694704,16.490705,16.573406,487172.97
2007-07-02,ATO,16.59546,16.915241,16.59546,16.722271,911046.1
2007-07-03,ATO,16.793943,16.904213,16.777405,16.827026,298724.47
2007-07-05,ATO,16.86562,16.959349,16.661621,16.727783,846113.9
2007-07-06,ATO,16.782919,17.003456,16.661621,16.700216,681425.5
2007-07-09,ATO,16.760864,16.760864,16.60649,16.75535,849378.6
2007-07-10,ATO,16.727783,16.876646,16.67265,16.67265,931360.06
2007-07-11,ATO,16.678162,16.815998,16.573406,16.634054,664557.6
2007-07-12,ATO,16.705729,16.904213,16.705729,16.904213,497874.1
2007-07-13,ATO,16.920753,16.970375,16.821512,16.893187,566071.06
2007-07-16,ATO,16.843565,16.876646,16.617514,16.650597,400294.4
2007-07-17,ATO,16.612001,16.75535,16.567894,16.567894,547389.44
2007-07-18,ATO,16.54584,16.639568,16.419031,16.600975,697749.25
2007-07-19,ATO,16.711243,16.711243,16.408005,16.67265,708631.75
2007-07-20,ATO,16.60649,16.678162,16.446598,16.457624,491888.72
2007-07-23,ATO,16.59546,16.832539,16.540327,16.634054,1196530.2
2007-07-24,ATO,16.623028,16.623028,16.17644,16.215033,614679.5
2007-07-25,ATO,16.363897,16.457624,16.143358,16.308762,958747.7
2007-07-26,ATO,15.972442,16.237087,15.88974,16.104765,1329659.4
2007-07-27,ATO,16.154385,16.20952,15.652662,15.685743,1548397.5
2007-07-30,ATO,15.773958,16.071684,15.674716,15.68023,1180025.1
2007-07-31,ATO,15.784985,15.867687,15.443151,15.476232,1265634
2007-08-01,ATO,15.476232,15.740877,15.415584,15.685743,1058503.9
2007-08-02,ATO,15.757418,15.867687,15.492773,15.641636,896173.4
2007-08-03,ATO,15.592015,15.630609,15.02413,15.05721,1626026
2007-08-06,ATO,15.123372,15.266722,14.836673,15.266722,1731404.8
2007-08-07,ATO,15.272235,15.525853,15.013103,15.371476,1399670.1
2007-08-08,ATO,14.902835,15.2171,14.456245,14.737431,3684087
2007-08-09,ATO,14.412137,14.654729,13.160587,14.594081,4292599.5
2007-08-10,ATO,14.566514,15.531366,14.252248,15.327369,2366942.5
2007-08-13,ATO,15.437638,15.542394,15.095804,15.117859,1793797.8
2007-08-14,ATO,15.068237,15.283261,14.875267,14.891808,729308.44
2007-08-15,ATO,14.770512,15.211587,14.654729,14.715378,960198.7
2007-08-16,ATO,14.715378,14.886293,14.3349495,14.803593,1811028.4
2007-08-17,ATO,15.062724,15.161966,14.698836,15.013103,1421072.4
2007-08-20,ATO,15.007589,15.178507,14.825645,15.079265,757784.3
2007-08-21,ATO,15.101317,15.305316,15.007589,15.150939,623929.6
2007-08-22,ATO,15.2171,15.272235,15.013103,15.20056,550291.44
2007-08-23,ATO,15.256342,15.401375,15.116887,15.256342,689292.06
2007-08-24,ATO,15.256342,15.529673,15.228451,15.529673,567388.6
2007-08-27,ATO,15.99824,16.12096,15.457156,15.535252,1099102.6
2007-08-28,ATO,15.563142,15.697019,15.3511715,15.35675,770859.75
2007-08-29,ATO,15.529673,15.6802845,15.317701,15.607767,835396.9
2007-08-30,ATO,15.613345,15.931302,15.529673,15.56872,1609304.2
2007-08-31,ATO,15.797425,15.803004,15.546408,15.6802845,1195011.9
2007-09-04,ATO,15.780692,15.87552,15.697019,15.708175,763509.7
2007-09-05,ATO,15.69144,15.708175,15.446,15.574299,867844.7
2007-09-06,ATO,15.579877,15.63008,15.373484,15.524095,970745.5
2007-09-07,ATO,15.524095,15.524095,15.278654,15.362328,680149.3
2007-09-10,ATO,15.3511715,15.490625,15.217295,15.440422,1276758.9
2007-09-11,ATO,15.473891,15.741644,15.3511715,15.730488,1274607.6
2007-09-12,ATO,15.786269,15.942459,15.652392,15.685863,1272277.1
2007-09-13,ATO,15.730488,15.7528,15.440422,15.485047,972358.94
2007-09-14,ATO,15.395797,15.429265,15.278654,15.390219,732854.56
2007-09-17,ATO,15.317701,15.395797,15.239607,15.295389,338640.5
2007-09-18,ATO,15.300967,15.551985,15.239607,15.546408,725863.06
2007-09-19,ATO,15.557564,15.803004,15.557564,15.719332,703812.9
2007-09-20,ATO,15.702597,15.786269,15.657971,15.747222,648060
2007-09-21,ATO,15.897833,15.925724,15.713753,15.786269,655589.3
2007-09-24,ATO,15.786269,15.864365,15.730488,15.797425,499624.7
2007-09-25,ATO,15.803004,15.830894,15.702597,15.758379,511994.3
2007-09-26,ATO,15.853208,15.981505,15.81416,15.897833,373956.62
2007-09-27,ATO,16.014975,16.02613,15.8420515,15.864365,508408.9
2007-09-28,ATO,15.90899,15.970349,15.719332,15.797425,620273.2
2007-10-01,ATO,15.886677,16.165586,15.87552,16.132116,657919.9
2007-10-02,ATO,16.104227,16.160007,15.99824,16.081913,639096.5
2007-10-03,ATO,16.132116,16.21579,15.981505,16.132116,645012.44
2007-10-04,ATO,16.176743,16.21579,16.070757,16.176743,576889.94
2007-10-05,ATO,16.182322,16.332932,16.148851,16.332932,803307.56
2007-10-08,ATO,16.366402,16.438917,16.249258,16.271572,364276.06
2007-10-09,ATO,16.33851,16.422184,16.265993,16.422184,507333.28
2007-10-10,ATO,16.433338,16.433338,16.221369,16.355244,491378.28
2007-10-11,ATO,16.444496,16.511435,16.332932,16.433338,672799.25
2007-10-12,ATO,16.450073,16.528168,16.327354,16.388714,594458.4
2007-10-15,ATO,16.388714,16.388714,15.987084,16.09307,540318.94
2007-10-16,ATO,16.098648,16.171164,15.892255,15.970349,558425.1
2007-10-17,ATO,15.953615,16.02613,15.618924,15.769535,549103.1
2007-10-18,ATO,15.803004,15.858787,15.708175,15.780692,555736.1
2007-10-19,ATO,15.780692,15.797425,15.468312,15.496204,372163.94
2007-10-22,ATO,15.446,15.591033,15.362328,15.574299,770680.5
2007-10-23,ATO,15.769535,15.803004,15.395797,15.652392,650211.25
2007-10-24,ATO,15.652392,15.708175,15.401375,15.685863,641964.8
2007-10-25,ATO,15.685863,15.819739,15.596611,15.663549,614357.3
2007-10-26,ATO,15.697019,15.7528,15.524095,15.685863,840416.44
2007-10-29,ATO,15.663549,15.775113,15.468312,15.596611,667958.94
2007-10-30,ATO,15.585455,15.69144,15.451579,15.490625,704171.44
2007-10-31,ATO,15.440422,15.730488,15.395797,15.646814,864617.8
2007-11-01,ATO,15.591033,15.663549,15.406953,15.485047,599657.2
2007-11-02,ATO,15.618924,15.69144,15.401375,15.663549,1340041.1
2007-11-05,ATO,15.719332,15.719332,15.462734,15.524095,1058587.6
2007-11-06,ATO,15.63008,15.635659,15.340014,15.529673,641247.75
2007-11-07,ATO,15.546408,15.546408,15.033215,15.033215,446560.84
2007-11-08,ATO,15.061105,15.613345,14.782196,15.038792,1666134.5
2007-11-09,ATO,14.860291,15.0220585,14.748727,14.949541,1281061.4
2007-11-12,ATO,15.072262,15.128044,14.904916,14.932807,920550
2007-11-13,ATO,14.966276,15.128044,14.955119,15.128044,892763.2
2007-11-14,ATO,15.295389,15.295389,15.005323,15.072262,1034565.5
2007-11-15,ATO,15.100152,15.1782465,14.949541,15.1782465,1080637.9
2007-11-16,ATO,15.122465,15.234029,14.860291,15.005323,1292534.6
2007-11-19,ATO,14.899337,15.044371,14.865869,15.005323,979171.2
2007-11-20,ATO,14.943964,15.049949,14.748727,15.0164795,1244669.6
2007-11-21,ATO,15.13223,15.13223,14.883791,14.9459,881985
2007-11-23,ATO,14.991071,15.070121,14.855558,15.00801,179939.11
2007-11-26,ATO,15.013657,15.019303,14.765217,14.799095,1593594.6
2007-11-27,ATO,14.889438,14.889438,14.686169,14.753924,1486977.1
2007-11-28,ATO,14.753924,14.872498,14.725693,14.793449,1171021
2007-11-29,ATO,14.804741,14.872498,14.703108,14.742632,693013.5
2007-11-30,ATO,14.742632,14.962839,14.720046,14.787803,1290035.9
2007-12-03,ATO,14.849912,14.900729,14.736985,14.782156,859492.6
2007-12-04,ATO,14.827327,14.968486,14.736985,14.957193,875786.3
2007-12-05,ATO,15.149169,15.188694,15.002364,15.143523,800693.6
2007-12-06,ATO,15.188694,15.465364,15.0983515,15.465364,736581.44
2007-12-07,ATO,15.48795,15.521829,15.233865,15.284681,694784.56
2007-12-10,ATO,15.408902,15.408902,15.183047,15.352438,546901.56
2007-12-11,ATO,15.408902,15.499244,15.228218,15.262096,1013751.44
2007-12-12,ATO,15.358085,15.44278,15.081412,15.21128,893319.75
2007-12-13,ATO,15.053181,15.403255,15.047535,15.403255,804591.7
2007-12-14,ATO,15.233865,15.414548,15.154816,15.177401,786170.94
2007-12-17,ATO,15.19434,15.233865,15.036242,15.0983515,636162.7
2007-12-18,ATO,15.290328,15.329852,15.058827,15.329852,798037
2007-12-19,ATO,15.267743,15.86061,15.19434,15.48795,2007844.1
2007-12-20,ATO,15.510535,15.8097925,15.510535,15.8097925,1206796.4
2007-12-21,ATO,15.8097925,16.176805,15.702512,16.176805,1567383
2007-12-24,ATO,16.103403,16.27844,15.98483,16.238916,658123.75
2007-12-26,ATO,16.210684,16.210684,15.956598,16.03,617920.8
2007-12-27,ATO,16.058233,16.080818,15.849317,15.928366,498551.75
2007-12-28,ATO,15.950952,16.01871,15.866257,15.866257,565674.7
2007-12-31,ATO,15.894488,15.917074,15.713804,15.832378,474819.62
2008-01-02,ATO,15.832378,15.9114275,15.662988,15.781562,725246.7
2008-01-03,ATO,15.770268,15.905781,15.646048,15.69122,959202.94
2008-01-04,ATO,15.583939,15.747683,15.583939,15.623463,736581.44
2008-01-07,ATO,15.730744,15.894488,15.646048,15.775915,669635.6
2008-01-08,ATO,15.86061,15.973537,15.781562,15.8097925,834874.94
2008-01-09,ATO,15.725098,15.905781,15.69122,15.905781,1093803.1
2008-01-10,ATO,15.781562,16.001768,15.668633,15.821086,1021142.06
2008-01-11,ATO,15.725098,15.7985,15.510535,15.725098,1146934.8
2008-01-14,ATO,15.764622,15.990476,15.600877,15.736391,1576769.5
2008-01-15,ATO,15.719451,15.753329,15.414548,15.561353,1220079.2
2008-01-16,ATO,15.61217,15.7081585,15.44278,15.583939,985768.75
2008-01-17,ATO,15.617817,15.725098,15.403255,15.448426,1477413.4
2008-01-18,ATO,15.5048895,15.5048895,15.0757675,15.199986,1594834.4
2008-01-22,ATO,14.75957,15.3411455,14.680522,15.19434,2371264.5
2008-01-23,ATO,15.053181,15.775915,14.923315,15.725098,1833041.1
2008-01-24,ATO,15.826733,15.883195,15.561353,15.561353,1997394.9
2008-01-25,ATO,15.623463,15.69122,15.459719,15.510535,1359461.2
2008-01-28,ATO,15.471011,15.758975,15.437134,15.696865,1540640
2008-01-29,ATO,15.696865,16.069525,15.696865,15.990476,1309871.8
2008-01-30,ATO,16.007416,16.289734,15.821086,15.950952,1541348.5
2008-01-31,ATO,15.871903,16.284086,15.787207,16.227623,1281889
2008-02-01,ATO,16.210684,16.538174,16.159866,16.351843,1293223.8
2008-02-04,ATO,16.272793,16.436539,16.193745,16.32361,1229465.9
2008-02-05,ATO,16.27844,16.27844,15.928366,15.996122,1168364.5
2008-02-06,ATO,16.205038,16.205038,15.538768,15.600877,1366899.6
2008-02-07,ATO,15.578292,15.685574,15.369377,15.5048895,1057673.6
2008-02-08,ATO,15.527475,15.662988,15.448426,15.533121,893142.6
2008-02-11,ATO,15.550061,15.8097925,15.3411455,15.787207,1267012.1
2008-02-12,ATO,15.792853,15.792853,15.48795,15.600877,1048818.2
2008-02-13,ATO,15.589585,15.725098,15.516182,15.533121,674948.75
2008-02-14,ATO,15.482305,15.61217,15.324206,15.38067,971777.44
2008-02-15,ATO,15.38067,15.38067,15.1378765,15.267743,1098939.1
2008-02-19,ATO,15.3411455,15.499244,15.284681,15.375023,1091323.6
2008-02-20,ATO,15.329852,15.629109,15.295975,15.61217,877203.1
2008-02-21,ATO,15.677875,15.677875,15.306497,15.340777,1437294.9
2008-02-22,ATO,15.346491,15.397913,15.157946,15.266501,908373.1
2008-02-25,ATO,15.352205,15.546463,15.237934,15.466475,636911.3
2008-02-26,ATO,15.4036255,15.500755,15.352205,15.500755,701145.06
2008-02-27,ATO,15.346491,15.495043,15.255075,15.277928,499167.66
2008-02-28,ATO,15.186513,15.255075,15.043674,15.203653,721972.9
2008-02-29,ATO,15.146518,15.192226,14.763713,14.855129,851665.44
2008-03-03,ATO,14.900837,15.00368,14.746572,14.8951235,964905.8
2008-03-04,ATO,14.797994,15.083669,14.786567,15.049388,904347.56
2008-03-05,ATO,15.152232,15.152232,14.8951235,14.992253,844139.44
2008-03-06,ATO,14.923692,14.98654,14.723719,14.780853,662464.8
2008-03-07,ATO,14.69515,14.855129,14.58088,14.729432,1113676
2008-03-10,ATO,14.683724,14.803707,14.598021,14.626589,1075695.9
2008-03-11,ATO,14.912264,14.980825,14.655156,14.87227,1352583.4
2008-03-12,ATO,14.843701,14.980825,14.666583,14.666583,655288.8
2008-03-13,ATO,14.569453,14.87227,14.569453,14.769426,1307777.2
2008-03-14,ATO,14.780853,14.8951235,14.575167,14.797994,1282048.8
2008-03-17,ATO,14.797994,14.797994,14.455183,14.632302,1414541.8
2008-03-18,ATO,14.752286,14.797994,14.535172,14.672297,1190511.4
2008-03-19,ATO,14.809421,14.855129,14.443756,14.443756,795307.8
2008-03-20,ATO,14.455183,14.586595,14.363767,14.409474,1004111.1
2008-03-24,ATO,14.518032,14.615161,14.346626,14.346626,1184385.5
2008-03-25,ATO,14.36948,14.4494705,14.283778,14.340913,1089347.6
2008-03-26,ATO,14.318059,14.489465,14.289492,14.420902,1164782.9
2008-03-27,ATO,14.546598,14.620875,14.398048,14.455183,947578.44
2008-03-28,ATO,14.540886,14.6094475,14.295205,14.335199,587729.7
2008-03-31,ATO,14.335199,14.6094475,14.318059,14.569453,931826.3
2008-04-01,ATO,14.712291,15.009394,14.598021,15.009394,799333.4
2008-04-02,ATO,15.077955,15.335064,14.929404,15.300783,873718.44
2008-04-03,ATO,15.363631,15.415052,15.203653,15.266501,970681.56
2008-04-04,ATO,15.32935,15.42648,15.10081,15.1065235,711646.44
2008-04-07,ATO,15.192226,15.421337,15.163659,15.323637,445085.34
2008-04-08,ATO,15.180799,15.237934,15.049388,15.089383,940402.5
2008-04-09,ATO,15.055102,15.237934,14.957973,14.997967,778505.5
2008-04-10,ATO,14.940831,14.969399,14.855129,14.883696,453836.53
2008-04-11,ATO,14.855129,14.929404,14.723719,14.746572,762753.4
2008-04-14,ATO,14.746572,14.855129,14.706577,14.757999,652313.44
2008-04-15,ATO,14.746572,15.026534,14.746572,15.026534,581078.75
2008-04-16,ATO,15.066529,15.495043,15.060816,15.466475,790582.2
2008-04-17,ATO,15.437907,15.569318,15.369345,15.489329,396078.7
2008-04-18,ATO,15.5407505,15.632167,15.477901,15.632167,570230.8
2008-04-21,ATO,15.592173,15.626453,15.363631,15.432194,351972.72
2008-04-22,ATO,15.369345,15.42648,15.232221,15.317923,514919.8
2008-04-23,ATO,15.306497,15.643593,15.255075,15.603599,1175284.4
2008-04-24,ATO,15.689301,16.009258,15.535037,15.792145,1739035.8
2008-04-25,ATO,15.797858,15.986403,15.797858,15.929269,459013.72
2008-04-28,ATO,16.009258,16.054966,15.877848,16.037825,504768.44
2008-04-29,ATO,15.957837,16.152096,15.843566,15.963551,577578.3
2008-04-30,ATO,15.997831,16.094961,15.75215,15.814999,674191.4
2008-05-01,ATO,15.88356,16.094961,15.820713,16.054966,786381.6
2008-05-02,ATO,16.112103,16.237799,15.849279,15.98069,931301.25
2008-05-05,ATO,15.923556,16.329214,15.9007015,16.249226,984508.44
2008-05-06,ATO,16.169235,16.334929,16.146383,16.243513,645137.44
2008-05-07,ATO,16.277794,16.357782,15.940696,15.940696,920624.8
2008-05-08,ATO,15.940696,15.940696,15.672161,15.797858,1174234.1
2008-05-09,ATO,15.780718,15.952123,15.780718,15.917842,802833.8
2008-05-12,ATO,15.997831,16.026398,15.917842,15.986403,614858.4
2008-05-13,ATO,15.923556,16.112103,15.849279,16.072105,637261.4
2008-05-14,ATO,16.04354,16.340643,16.014973,16.306362,450686.1
2008-05-15,ATO,16.35207,16.363495,16.152096,16.192091,328869.6
2008-05-16,ATO,16.260653,16.329214,16.089247,16.15781,456286.84
2008-05-19,ATO,16.083534,16.226372,15.986403,16.117815,765903.8
2008-05-20,ATO,16.089247,16.220657,15.98069,16.026398,701495.06
2008-05-21,ATO,16.020685,16.27208,15.969264,16.009258,805284.2
2008-05-22,ATO,16.046833,16.081516,15.71156,15.913879,1112003.1
2008-05-23,ATO,15.896538,16.000587,15.705779,15.786707,561537.4
2008-05-27,ATO,15.752024,15.954344,15.705779,15.919661,524689.75
2008-05-28,ATO,16.000587,16.041052,15.890757,15.931221,521402.84
2008-05-29,ATO,15.844513,16.01793,15.792487,15.838732,612224.5
2008-05-30,ATO,15.844513,15.942782,15.688437,15.832952,905275.75
2008-06-02,ATO,15.856074,15.856074,15.630632,15.699999,903026.8
2008-06-03,ATO,15.740462,15.752024,15.60751,15.642193,473483.6
2008-06-04,ATO,15.665316,15.844513,15.572826,15.734682,615165.4
2008-06-05,ATO,15.879195,15.884976,15.647973,15.844513,475040.56
2008-06-06,ATO,15.757805,15.81561,15.642193,15.642193,485074.2
2008-06-09,ATO,15.642193,15.7751465,15.613291,15.694218,432484.12
2008-06-10,ATO,15.763585,15.763585,15.50346,15.636413,644055.3
2008-06-11,ATO,15.647973,15.752024,15.515021,15.520802,534377.4
2008-06-12,ATO,15.526583,15.613291,15.260676,15.347384,1276520.1
2008-06-13,ATO,15.370507,15.457215,15.208651,15.278018,443036.72
2008-06-16,ATO,15.208651,15.439873,15.208651,15.416751,425910.34
2008-06-17,ATO,15.451434,15.595948,15.416751,15.538142,458606.16
2008-06-18,ATO,15.515021,15.804049,15.50346,15.792487,880018.7
2008-06-19,ATO,15.734682,15.965905,15.71156,15.861855,795078.8
2008-06-20,ATO,15.896538,15.983246,15.642193,15.723122,818086.94
2008-06-23,ATO,15.734682,16.093077,15.734682,15.994807,407400.03
2008-06-24,ATO,15.954344,15.954344,15.734682,15.769366,502892.53
2008-06-25,ATO,15.856074,15.931221,15.734682,15.861855,520364.88
2008-06-26,ATO,15.769366,15.890757,15.647973,15.653754,562056.4
2008-06-27,ATO,15.71734,15.780926,15.491899,15.491899,1004747.06
2008-06-30,ATO,15.462996,16.01215,15.434093,15.937001,866699.9
2008-07-01,ATO,15.757805,16.069954,15.757805,16.041052,1180508.6
2008-07-02,ATO,16.02949,16.185566,15.983246,16.02949,659451.75
2008-07-03,ATO,16.02371,16.087296,15.671096,15.728901,308589.53
2008-07-07,ATO,15.705779,15.752024,15.30114,15.40519,556001.56
2008-07-08,ATO,15.387849,15.491899,15.20287,15.364726,793002.9
2008-07-09,ATO,15.312701,15.543923,15.312701,15.445654,821892.8
2008-07-10,ATO,15.462996,15.578608,15.353165,15.480338,549946.8
2008-07-11,ATO,15.30114,15.538142,15.035234,15.422532,647515.2
2008-07-14,ATO,15.462996,15.50924,15.110381,15.179749,1057164.1
2008-07-15,ATO,15.052577,15.243335,14.977428,15.035234,529706.56
2008-07-16,ATO,15.041016,15.162407,14.844476,14.925404,619490.25
2008-07-17,ATO,14.913842,14.954308,14.595912,14.734645,702527.2
2008-07-18,ATO,14.46874,14.98899,14.451398,14.746206,682113.94
2008-07-21,ATO,14.763549,14.844476,14.665279,14.746206,571917
2008-07-22,ATO,14.728865,14.919623,14.703141,14.88494,860126.1
2008-07-23,ATO,14.88494,15.0641365,14.757768,15.035234,880018.7
2008-07-24,ATO,15.035234,15.139285,14.856037,15.000551,693185.56
2008-07-25,ATO,14.954308,15.110381,14.856037,14.896502,357231.88
2008-07-28,ATO,14.844476,15.012112,14.809793,14.965867,713079.8
2008-07-29,ATO,14.902282,15.017893,14.786671,14.821353,999384.3
2008-07-30,ATO,14.873379,15.260676,14.815573,15.231773,567246.2
2008-07-31,ATO,15.278018,15.341604,15.116162,15.30114,815492.06
2008-08-01,ATO,15.370507,15.40519,15.237555,15.289579,752522.4
2008-08-04,ATO,15.225993,15.30692,15.1219425,15.156626,411378.88
2008-08-05,ATO,15.168187,15.619071,15.087259,15.619071,685054.8
2008-08-06,ATO,15.665316,15.71156,14.804012,15.595948,695434.44
2008-08-07,ATO,15.515021,15.590168,15.289579,15.358946,1342949.6
2008-08-08,ATO,15.382069,15.434093,15.249115,15.434093,854934.56
2008-08-11,ATO,15.312701,15.665316,15.110381,15.653754,1007861
2008-08-12,ATO,15.642193,15.665316,15.370507,15.445654,1216145.4
2008-08-13,ATO,15.422532,15.532363,15.347384,15.491899,560153.44
2008-08-14,ATO,15.416751,15.462996,15.295359,15.439873,416049.72
2008-08-15,ATO,15.40519,15.480338,15.324263,15.428312,344603.34
2008-08-18,ATO,15.50346,15.728901,15.50346,15.71734,613781.44
2008-08-19,ATO,15.624852,15.879195,15.60751,15.850293,695780.44
2008-08-20,ATO,15.850293,15.948563,15.780926,15.919661,768783.75
2008-08-21,ATO,15.869938,16.00448,15.811443,15.823141,514054.8
2008-08-22,ATO,15.823141,15.899187,15.671053,15.70615,538670.2
2008-08-25,ATO,15.618406,15.747097,15.495564,15.612556,394215.66
2008-08-26,ATO,15.542361,15.887487,15.542361,15.817293,433192.72
2008-08-27,ATO,15.864089,16.092222,15.817293,16.033728,374385.2
2008-08-28,ATO,16.027878,16.162418,15.828991,16.150719,490803.6
2008-08-29,ATO,16.144869,16.26186,15.98693,16.109772,473537.44
2008-09-02,ATO,16.26771,16.26771,15.98108,16.086372,725862.8
2008-09-03,ATO,16.051275,16.250162,15.823141,15.951833,608931.56
2008-09-04,ATO,15.834841,15.864089,15.583308,15.641805,809116.5
2008-09-05,ATO,15.542361,15.630105,15.244032,15.478015,1344198.4
2008-09-08,ATO,14.98665,15.671053,14.98665,15.507264,1098025.6
2008-09-09,ATO,15.413671,15.554061,15.273281,15.27913,765694.6
2008-09-10,ATO,15.361024,15.472167,15.1796875,15.42537,895276.4
2008-09-11,ATO,15.284979,15.7295475,15.284979,15.712,1394114.8
2008-09-12,ATO,15.635955,16.115622,15.624255,16.057125,857666.9
2008-09-15,ATO,15.659353,15.98108,15.472167,15.483865,1015700.2
2008-09-16,ATO,15.244032,15.5716095,14.928155,15.542361,1284534.4
2008-09-17,ATO,15.390272,15.448768,15.091943,15.127041,1069305.6
2008-09-18,ATO,15.3376255,16.677181,15.074394,16.525093,2315546.8
2008-09-19,ATO,16.671333,16.764925,15.109491,16.43735,1211537.9
2008-09-22,ATO,16.320356,16.489996,15.70615,15.84654,1336162
2008-09-23,ATO,15.85824,15.98108,15.472167,15.7003,549953.06
2008-09-24,ATO,15.840691,15.934284,15.390272,15.85824,1084178.5
2008-09-25,ATO,15.875788,16.074675,15.741247,15.916735,587049.7
2008-09-26,ATO,15.916735,16.098072,15.676902,16.062975,506018.34
2008-09-29,ATO,15.828991,15.828991,15.156288,15.390272,672271
2008-09-30,ATO,15.583308,15.635955,15.1796875,15.5716095,623462.44
2008-10-01,ATO,15.390272,16.057125,15.361024,16.010328,526532.6
2008-10-02,ATO,15.934284,16.4315,15.823141,16.308657,981265.3
2008-10-03,ATO,16.367153,16.525093,16.156569,16.156569,1190168.9
2008-10-06,ATO,15.893337,16.501694,15.501414,16.074675,1691400.5
2008-10-07,ATO,16.13317,16.501694,15.688601,15.70615,1571734
2008-10-08,ATO,15.448768,15.595008,14.723419,14.98665,1092384.2
2008-10-09,ATO,14.939855,15.039296,13.056285,13.056285,1729180.9
2008-10-10,ATO,12.41283,13.050436,11.511994,12.383583,1857566
2008-10-13,ATO,12.746258,13.524253,12.722858,13.524253,1493267
2008-10-14,ATO,14.015617,14.261301,13.454058,14.0858135,1768499.9
2008-10-15,ATO,13.8927765,14.033167,12.623416,12.640965,1743028
2008-10-16,ATO,12.664363,12.904196,12.026757,12.839851,2429742.8
2008-10-17,ATO,12.635116,13.044586,12.471326,12.611716,1846112.2
2008-10-20,ATO,12.775505,13.360464,12.576619,13.360464,1437365.6
2008-10-21,ATO,13.284419,13.518404,12.956842,13.167428,1217863.1
2008-10-22,ATO,13.255172,13.255172,12.635116,13.044586,1230000.6
2008-10-23,ATO,13.167428,13.454058,12.41283,13.138179,1256498.2
2008-10-24,ATO,12.307539,13.208375,12.208096,12.933445,897840.7
2008-10-27,ATO,12.664363,13.097232,12.41283,12.564919,840571.7
2008-10-28,ATO,12.845699,13.524253,12.5239725,13.465757,757659.9
2008-10-29,ATO,13.413111,13.834281,13.255172,13.57105,1331717.2
2008-10-30,ATO,13.518404,13.99222,13.454058,13.99222,1052381.4
2008-10-31,ATO,13.98637,14.296399,13.740687,14.196956,1183674.4
2008-11-03,ATO,13.957123,14.290549,13.816732,13.939573,1773115.6
2008-11-04,ATO,14.220354,14.466037,13.746537,13.863529,1557032.1
2008-11-05,ATO,13.764087,14.109212,13.746537,13.793334,3159195.5
2008-11-06,ATO,13.71729,13.939573,13.337066,13.553501,984000.56
2008-11-07,ATO,13.547651,14.033167,13.547651,13.799184,770481.3
2008-11-10,ATO,13.945423,14.068264,13.799184,13.97467,835443.1
2008-11-11,ATO,13.769937,14.044867,13.454058,13.6178465,1184869.2
2008-11-12,ATO,13.904476,13.97467,13.471607,13.576899,1615155.9
2008-11-13,ATO,13.506704,13.904476,13.284419,13.746537,3746758.2
2008-11-14,ATO,13.629545,13.664643,13.021188,13.056285,3364851
2008-11-17,ATO,13.062135,14.091663,13.032887,13.939573,2826864.8
2008-11-18,ATO,13.740687,14.173557,13.331217,13.927875,1258207.8
2008-11-19,ATO,13.99222,14.389993,13.682191,13.734838,1419757.5
2008-11-20,ATO,13.781634,14.688322,13.688041,13.740687,3211336
2008-11-21,ATO,13.841548,14.286519,13.271987,14.256854,2088003.8
2008-11-24,ATO,14.529769,14.968806,14.185658,14.737422,1305760.8
2008-11-25,ATO,14.838283,14.873879,14.066999,14.244988,2180032.2
2008-11-26,ATO,14.120396,14.654362,13.86528,14.529769,1174965.6
2008-11-28,ATO,14.624696,14.814549,14.2746525,14.790819,642177.44
2008-12-01,ATO,14.595032,14.814549,13.746621,13.7644205,907813.06
2008-12-02,ATO,13.883079,14.102598,13.42031,13.788152,1280141.1
2008-12-03,ATO,13.823749,14.250921,13.711024,14.185658,708249.25
2008-12-04,ATO,14.049201,14.233122,13.473705,13.7347555,1072824
2008-12-05,ATO,13.639828,14.357715,13.355047,14.2746525,1166538.1
2008-12-08,ATO,14.369579,14.476373,13.533035,13.598298,1520325.6
2008-12-09,ATO,13.6160965,13.835615,13.277919,13.349114,1319413.4
2008-12-10,ATO,13.42031,13.627962,13.21859,13.283852,1292951
2008-12-11,ATO,13.289784,13.592364,13.040601,13.414377,1620063.6
2008-12-12,ATO,13.159261,14.055135,13.082131,13.924609,1287557.4
2008-12-15,ATO,13.930542,13.960207,13.455907,13.675426,976918.75
2008-12-16,ATO,13.687291,13.960207,13.5271015,13.942409,1198394.1
2008-12-17,ATO,13.823749,14.072932,13.711024,13.811884,951317.6
2008-12-18,ATO,13.811884,14.001738,13.6457615,13.800017,1383968.2
2008-12-19,ATO,13.770352,14.126329,13.711024,13.746621,1145132.1
2008-12-22,ATO,13.817817,14.025469,13.5627,14.025469,1040462.3
2008-12-23,ATO,14.221256,14.239056,13.7644205,13.811884,802433.56
2008-12-24,ATO,13.930542,13.972073,13.746621,13.900878,176978.03
2008-12-26,ATO,14.037335,14.049201,13.853415,13.983938,275917.2
2008-12-29,ATO,14.061068,14.066999,13.693225,13.835615,483743.34
2008-12-30,ATO,13.835615,14.078865,13.746621,14.078865,779883.2
2008-12-31,ATO,14.185658,14.191591,13.782219,14.061068,1136873.1
2009-01-02,ATO,14.066999,14.3933115,14.066999,14.333982,467727.66
2009-01-05,ATO,14.339915,14.339915,14.00767,14.209391,913375.2
2009-01-06,ATO,14.351781,14.517903,14.150062,14.262788,902082.3
2009-01-07,ATO,14.239056,14.434842,14.061068,14.132262,791176.06
2009-01-08,ATO,13.859347,14.173793,13.859347,14.031402,940848.94
2009-01-09,ATO,14.025469,14.322116,13.7644205,14.209391,1074509.5
2009-01-12,ATO,14.203458,14.339915,14.096664,14.310251,653807.44
2009-01-13,ATO,14.239056,14.369579,14.090732,14.227189,946074
2009-01-14,ATO,14.191591,14.250921,13.954274,14.102598,562958.7
2009-01-15,ATO,14.126329,14.185658,13.817817,14.185658,1069453
2009-01-16,ATO,14.191591,14.577232,14.191591,14.494172,1260252.1
2009-01-20,ATO,14.417043,14.535702,13.948341,13.983938,743139.2
2009-01-21,ATO,13.972073,14.339915,13.853415,14.316183,1056811.8
2009-01-22,ATO,14.203458,14.351781,13.871212,14.138195,988043.06
2009-01-23,ATO,13.930542,14.26872,13.894945,14.191591,903599.25
2009-01-26,ATO,14.203458,14.553501,14.203458,14.428909,826066.06
2009-01-27,ATO,14.5416355,14.778953,14.316183,14.648428,633749.94
2009-01-28,ATO,14.707758,14.826416,14.559435,14.737422,938657.8
2009-01-29,ATO,14.565367,14.879812,14.553501,14.707758,873260.2
2009-01-30,ATO,14.838283,14.962873,14.535702,14.565367,1191315
2009-02-02,ATO,14.494172,15.010337,14.381446,14.862014,1079397.5
2009-02-03,ATO,14.951009,14.986606,14.654362,14.767086,928981.3
2009-02-04,ATO,14.77302,14.897612,14.316183,14.61283,1158953.2
2009-02-05,ATO,14.494172,15.176459,14.4526415,15.069667,1366776.1
2009-02-06,ATO,15.034069,15.425643,14.945075,15.395979,914386.5
2009-02-09,ATO,15.413777,15.413777,15.11713,15.366314,630547.44
2009-02-10,ATO,15.312917,15.526504,15.164594,15.2298565,1192326.2
2009-02-11,ATO,15.241722,15.27732,14.879812,14.974739,833313.7
2009-02-12,ATO,15.01627,15.128996,14.636562,15.069667,859944.7
2009-02-13,ATO,14.974739,15.128996,14.885746,14.945075,680269.9
2009-02-17,ATO,14.891679,14.909477,14.399245,14.446709,1171426
2009-02-18,ATO,14.399245,14.506038,14.120396,14.191591,851685.75
2009-02-19,ATO,14.150062,14.375512,14.150062,14.2153225,695540.56
2009-02-20,ATO,13.960207,14.239056,13.538968,13.829682,1004392.5
2009-02-23,ATO,14.070407,14.100499,13.564885,13.6130295,797424.3
2009-02-24,ATO,13.637102,13.745428,13.378322,13.54683,1256867
2009-02-25,ATO,13.492666,13.799592,13.263978,13.552848,1531370.5
2009-02-26,ATO,13.727374,13.799592,13.342214,13.35425,911577.56
2009-02-27,ATO,13.233887,13.420448,12.963071,13.137596,1708272.4
2009-03-02,ATO,12.93298,13.149632,12.644109,12.698273,861894.44
2009-03-03,ATO,12.860763,12.860763,12.132567,12.180713,1592530.6
2009-03-04,ATO,12.234876,12.872798,12.168675,12.632072,1199041.9
2009-03-05,ATO,12.5418005,12.589946,12.102477,12.15664,997359.9
2009-03-06,ATO,12.252931,12.608001,12.114512,12.475601,1652836.6
2009-03-09,ATO,12.337184,12.427456,12.078403,12.180713,1433499.8
2009-03-10,ATO,12.427456,12.902889,12.367274,12.734381,1603652
2009-03-11,ATO,12.794562,12.908908,12.535783,12.565873,934840.56
2009-03-12,ATO,12.469583,12.734381,12.367274,12.70429,865882.4
2009-03-13,ATO,12.728363,13.029269,12.710309,12.969088,619793
2009-03-16,ATO,12.981125,13.342214,12.969088,13.059361,745247.06
2009-03-17,ATO,13.119541,13.5588665,12.99918,13.5588665,834643.44
2009-03-18,ATO,13.498685,13.895882,13.408413,13.799592,753222.94
2009-03-19,ATO,13.931991,14.100499,13.763483,14.016245,580910.5
2009-03-20,ATO,14.022263,14.275024,13.907919,13.907919,593705.2
2009-03-23,ATO,14.124571,14.196789,13.853755,14.196789,665209
2009-03-24,ATO,14.196789,14.196789,13.745428,13.889864,1086714.8
2009-03-25,ATO,13.9019,14.250952,13.787556,14.076426,877181.56
2009-03-26,ATO,14.088462,14.407424,13.956063,14.401405,882000.3
2009-03-27,ATO,14.202807,14.401405,14.172716,14.214844,494671.22
2009-03-30,ATO,14.136607,14.166698,13.944027,14.088462,940490.1
2009-03-31,ATO,14.238915,14.238915,13.817645,13.913937,1265507.6
2009-04-01,ATO,13.73941,14.118552,13.67321,13.811628,1438262
2009-04-02,ATO,13.99819,14.130589,13.775518,13.895882,1116458.1
2009-04-03,ATO,13.968099,13.968099,13.769501,13.944027,605835.2
2009-04-06,ATO,13.799592,14.040318,13.703301,13.829682,527073.25
2009-04-07,ATO,13.637102,13.841719,13.588957,13.727374,590880.4
2009-04-08,ATO,13.823664,13.871809,13.6130295,13.73941,680941.44
2009-04-09,ATO,13.787556,13.931991,13.5769205,13.889864,774990.5
2009-04-13,ATO,13.895882,13.895882,13.6130295,13.823664,530396.56
2009-04-14,ATO,13.793573,13.817645,13.637102,13.73941,745579.4
2009-04-15,ATO,13.697284,13.799592,13.552848,13.73941,651696.5
2009-04-16,ATO,13.817645,14.112535,13.697284,14.058372,890142.4
2009-04-17,ATO,14.06439,14.178734,13.99819,14.136607,1091865.9
2009-04-20,ATO,14.124571,14.154662,13.986154,14.034299,1121609.2
2009-04-21,ATO,13.99819,14.208825,13.992172,14.124571,994327.4
2009-04-22,ATO,14.082444,14.311133,13.931991,14.124571,1317849.4
2009-04-23,ATO,14.178734,14.196789,13.931991,14.100499,1572413.1
2009-04-24,ATO,14.106517,14.2208605,13.913937,14.02828,1271821.9
2009-04-27,ATO,13.962082,14.419459,13.962082,14.335206,984357.56
2009-04-28,ATO,14.281042,14.6842575,14.281042,14.575932,905761.8
2009-04-29,ATO,14.67824,15.00322,14.509732,14.949057,1200371.1
2009-04-30,ATO,14.967111,15.22589,14.822675,14.87082,1408408.9
2009-05-01,ATO,14.949057,15.647161,14.876838,15.430507,2211148.8
2009-05-04,ATO,15.057383,15.90594,14.997201,15.869832,2077220.4
2009-05-05,ATO,15.7374325,15.893904,15.478652,15.544851,754718.44
2009-05-06,ATO,15.574942,15.659197,15.412453,15.478652,944976.56
2009-05-07,ATO,15.58096,15.641142,15.376344,15.568925,687255.7
2009-05-08,ATO,15.605033,15.761505,15.35829,15.436525,1169796.9
2009-05-11,ATO,15.382361,15.7554865,15.382361,15.55087,896290.44
2009-05-12,ATO,15.635123,15.7013235,15.424488,15.526797,1012818.2
2009-05-13,ATO,15.502725,15.544851,14.985165,15.039328,1384647.4
2009-05-14,ATO,14.997201,15.117564,14.666204,14.762494,1117621.4
2009-05-15,ATO,14.738421,14.828693,14.455569,14.521768,763857.44
2009-05-18,ATO,14.569913,14.834711,14.503714,14.750458,886990.2
2009-05-19,ATO,14.774529,14.973128,14.732403,14.834711,671137.75
2009-05-20,ATO,14.973128,15.009238,14.786566,14.816658,1116953.4
2009-05-21,ATO,14.743459,14.859357,14.62756,14.676359,621649.56
2009-05-22,ATO,14.68856,14.792257,14.548262,14.584861,477057
2009-05-26,ATO,14.63976,14.926455,14.529962,14.920355,670879.9
2009-05-27,ATO,14.908156,14.993554,14.389665,14.426263,1409695.2
2009-05-28,ATO,14.4323635,14.64586,14.346965,14.523862,970671.6
2009-05-29,ATO,14.62756,14.64586,14.298166,14.63976,1118544.6
2009-06-01,ATO,14.816658,15.048453,14.761759,14.877656,1050838.5
2009-06-02,ATO,14.871555,15.127751,14.792257,15.103353,1083788.2
2009-06-03,ATO,15.066753,15.207051,14.920355,15.030153,591486.75
2009-06-04,ATO,15.011854,15.011854,14.810557,14.938655,652633.6
2009-06-05,ATO,14.963056,15.103353,14.889855,15.011854,791980.2
2009-06-08,ATO,15.042354,15.188751,14.926455,15.139952,917392.06
2009-06-09,ATO,15.115553,15.164351,14.883756,15.054553,619128.2
2009-06-10,ATO,15.097253,15.26805,14.944755,15.017954,610993.6
2009-06-11,ATO,14.993554,15.322949,14.993554,15.219251,558697.7
2009-06-12,ATO,15.194851,15.457147,14.993554,15.457147,692470.4
2009-06-15,ATO,15.286349,15.438847,15.078953,15.152152,460663.28
2009-06-16,ATO,15.158252,15.23145,15.005754,15.078953,438039.97
2009-06-17,ATO,15.060654,15.298549,15.011854,15.121653,368530.62
2009-06-18,ATO,15.176551,15.463246,15.127751,15.438847,426072.56
2009-06-19,ATO,15.493746,15.560845,15.24975,15.3412485,622141.4
2009-06-22,ATO,15.2619505,15.4998455,15.2619505,15.347348,334267.78
2009-06-23,ATO,15.402247,15.475447,15.103353,15.170452,424925
2009-06-24,ATO,15.176551,15.335148,15.078953,15.121653,530336.56
2009-06-25,ATO,15.127751,15.4205475,14.993554,15.31685,515619.94
2009-06-26,ATO,15.347348,15.475447,15.139952,15.310749,972638.9
2009-06-29,ATO,15.329048,15.469347,15.194851,15.438847,664273.2
2009-06-30,ATO,15.481545,15.493746,15.127751,15.27415,712634.6
2009-07-01,ATO,15.408347,15.743841,15.372602,15.701142,619262.6
2009-07-02,ATO,15.566945,15.579145,15.24975,15.24975,494668.75
2009-07-06,ATO,15.25585,15.542545,15.219251,15.463246,439515.4
2009-07-07,ATO,15.432747,15.554745,15.176551,15.176551,453450.06
2009-07-08,ATO,15.188751,15.304649,14.944755,15.115553,506401.75
2009-07-09,ATO,15.146051,15.194851,14.926455,15.133852,449187.7
2009-07-10,ATO,15.152152,15.194851,14.944755,15.036253,294431.06
2009-07-13,ATO,15.036253,15.23145,14.889855,15.213151,487712.9
2009-07-14,ATO,15.24975,15.3412485,15.078953,15.23145,416695.34
2009-07-15,ATO,15.2619505,15.518146,15.176551,15.463246,498532.75
2009-07-16,ATO,15.365648,15.85974,15.298549,15.774342,1832816.9
2009-07-17,ATO,15.810941,15.81704,15.573045,15.731643,516074.03
2009-07-20,ATO,15.707243,15.902439,15.536445,15.87194,610010
2009-07-21,ATO,15.908539,16.061037,15.762142,16.036638,713290.4
2009-07-22,ATO,16.030539,16.061037,15.908539,15.969539,388530.97
2009-07-23,ATO,15.93294,16.44228,15.85364,16.207434,513172.34
2009-07-24,ATO,16.201334,16.46973,16.018337,16.46363,588370.3
2009-07-27,ATO,16.46973,16.46973,16.201334,16.42703,491811.34
2009-07-28,ATO,16.40263,16.579529,16.353832,16.567327,763291.2
2009-07-29,ATO,16.45143,16.579529,16.323332,16.43313,607878.8
2009-07-30,ATO,16.494131,16.640528,16.280634,16.579529,708700.1
2009-07-31,ATO,16.46363,16.707626,16.46363,16.567327,687957.2
2009-08-03,ATO,16.707626,16.872324,16.51853,16.841824,882419.4
2009-08-04,ATO,16.732025,16.963821,16.732025,16.890623,762963.3
2009-08-05,ATO,17.421314,17.433514,16.725925,16.835724,658699.3
2009-08-06,ATO,16.988222,16.988222,16.640528,16.689327,1106247.6
2009-08-07,ATO,16.719826,17.01262,16.701527,16.902822,786406.3
2009-08-10,ATO,16.738127,16.982122,16.579529,16.982122,646895.9
2009-08-11,ATO,16.866222,17.05532,16.744226,16.969921,645748.3
2009-08-12,ATO,16.927223,17.134619,16.841824,17.01872,556894.4
2009-08-13,ATO,17.06752,17.07972,16.896723,17.07972,470499.53
2009-08-14,ATO,17.03092,17.11022,16.835724,16.927223,706405
2009-08-17,ATO,16.811323,16.994322,16.799126,16.829624,991491.7
2009-08-18,ATO,16.805223,16.933323,16.57343,16.854023,732634.94
2009-08-19,ATO,16.780825,17.049221,16.768625,16.969921,738536.7
2009-08-20,ATO,16.915022,17.05532,16.811323,17.000422,889086.7
2009-08-21,ATO,16.864614,17.284378,16.864614,17.222647,1363682.4
2009-08-24,ATO,17.222647,17.401665,17.173264,17.383146,1064153.4
2009-08-25,ATO,17.358454,17.43253,17.148573,17.216475,953670.44
2009-08-26,ATO,17.222647,17.364626,17.08067,17.197956,905071.6
2009-08-27,ATO,17.173264,17.296724,17.068323,17.216475,422647.56
2009-08-28,ATO,16.975727,17.00042,16.778193,16.994247,1554027.6
2009-08-31,ATO,16.883133,16.96338,16.704117,16.81523,1093797
2009-09-01,ATO,16.704117,16.87696,16.562138,16.704117,1240403.4
2009-09-02,ATO,16.593002,16.784365,16.432505,16.716463,893971.7
2009-09-03,ATO,16.741156,16.784365,16.555964,16.772018,801413.6
2009-09-04,ATO,16.790539,16.932518,16.673252,16.809057,1157947.4
2009-09-08,ATO,16.932518,17.160917,16.901651,17.074495,938928.8
2009-09-09,ATO,17.037458,17.136227,16.96338,17.08067,565204.06
2009-09-10,ATO,17.111534,17.160917,16.926344,17.068323,651061.94
2009-09-11,ATO,17.10536,17.259686,17.037458,17.234993,694476.9
2009-09-14,ATO,17.130053,17.333761,17.117706,17.302896,571199.5
2009-09-15,ATO,17.272032,17.525124,17.272032,17.525124,667423.5
2009-09-16,ATO,17.531298,17.821428,17.469566,17.778217,646841.94
2009-09-17,ATO,17.809082,17.870811,17.611547,17.636238,632108.4
2009-09-18,ATO,17.599201,17.716488,17.586855,17.599201,744209.6
2009-09-21,ATO,17.636238,17.66093,17.346107,17.549816,673061
2009-09-22,ATO,17.66093,17.704142,17.395493,17.401665,912361.44
2009-09-23,ATO,17.47574,17.759699,17.420183,17.43253,797992.3
2009-09-24,ATO,17.43253,17.549816,17.376972,17.401665,543172.56
2009-09-25,ATO,17.469566,17.506605,17.339935,17.346107,409687.88
2009-09-28,ATO,17.327589,17.500433,17.321415,17.47574,639884.2
2009-09-29,ATO,17.525124,17.525124,17.296724,17.451048,530212.9
2009-09-30,ATO,17.469566,17.494259,17.358454,17.395493,751499.44
2009-10-01,ATO,17.395493,17.593027,17.10536,17.148573,655597.8
2009-10-02,ATO,17.099188,17.241167,16.944864,17.086842,902479.7
2009-10-05,ATO,17.10536,17.605373,17.074495,17.562162,1057671.9
2009-10-06,ATO,17.605373,17.704142,17.53747,17.605373,938604.8
2009-10-07,ATO,17.8276,17.852293,17.605373,17.741179,819213.75
2009-10-08,ATO,17.790564,17.858465,17.716488,17.846119,872996.44
2009-10-09,ATO,17.870811,17.895504,17.815256,17.839947,577191.75
2009-10-12,ATO,17.895504,18.080694,17.790564,18.03131,783736.6
2009-10-13,ATO,18.068348,18.068348,17.543644,17.901676,27076592
2009-10-14,ATO,17.938715,18.01279,17.586855,17.790564,1445814.2
2009-10-15,ATO,17.839947,17.981926,17.593027,17.90785,854690.9
2009-10-16,ATO,17.839947,17.988098,17.704142,17.839947,633080.4
2009-10-19,ATO,17.88933,18.210327,17.685621,18.086866,724446.1
2009-10-20,ATO,18.117731,18.148596,17.833773,18.111559,1192776.5
2009-10-21,ATO,18.037481,18.228846,17.926369,17.93254,721044.2
2009-10-22,ATO,17.951061,18.043655,17.741179,17.96958,847401.06
2009-10-23,ATO,18.03131,18.086866,17.599201,17.704142,678115.25
2009-10-26,ATO,17.759699,17.988098,17.586855,17.710314,929273.9
2009-10-27,ATO,17.790564,18.07452,17.735006,17.80291,907663.56
2009-10-28,ATO,17.870811,18.056002,17.623892,17.648584,738377.75
2009-10-29,ATO,17.67945,17.86464,17.506605,17.8276,806092.06
2009-10-30,ATO,17.735006,17.839947,17.099188,17.191782,1816299.1
2009-11-02,ATO,17.191782,17.284378,16.85844,17.10536,1540420
2009-11-03,ATO,17.12388,17.383146,17.055977,17.3708,1286572.2
2009-11-04,ATO,17.401665,17.586855,17.327589,17.364626,1104002.8
2009-11-05,ATO,17.457222,17.88933,17.444876,17.88933,692532.9
2009-11-06,ATO,17.846119,18.025137,17.648584,17.778217,459906.62
2009-11-09,ATO,17.846119,18.006618,17.80291,18.006618,382148.56
2009-11-10,ATO,17.895504,18.093039,17.809082,18.049828,901530.44
2009-11-11,ATO,18.037481,18.07452,17.51278,17.697968,1075653.4
2009-11-12,ATO,17.72266,17.833773,17.352282,17.358454,732707.9
2009-11-13,ATO,17.43253,17.469566,17.213388,17.438702,611466.9
2009-11-16,ATO,17.47574,17.809082,17.47574,17.790564,1047952.1
2009-11-17,ATO,17.78439,17.963408,17.716488,17.963408,826665.56
2009-11-18,ATO,17.938715,17.975754,17.753525,17.796736,598251.25
2009-11-19,ATO,17.759699,17.78439,17.10536,17.241167,1184676.8
2009-11-20,ATO,17.130053,17.339935,17.111534,17.333761,897389.8
2009-11-23,ATO,17.636766,17.786707,17.005766,17.486826,1199514.8
2009-11-24,ATO,17.443094,17.674253,17.286905,17.636766,706839.75
2009-11-25,ATO,17.6805,17.767965,17.636766,17.661757,1141253.2
2009-11-27,ATO,17.411856,17.568045,17.261915,17.39936,255406.69
2009-11-30,ATO,17.436846,17.468082,17.037004,17.111975,1248013.9
2009-12-01,ATO,17.211935,17.286905,17.086985,17.19944,1049055.2
2009-12-02,ATO,17.218182,17.32439,17.111975,17.268162,1280506.8
2009-12-03,ATO,17.27441,17.649261,17.236925,17.50557,1379105.9
2009-12-04,ATO,17.674253,17.70549,17.38062,17.643015,975105.94
2009-12-07,ATO,17.699242,18.042856,17.536806,17.974134,926766.8
2009-12-08,ATO,17.824194,17.961637,17.63052,17.78046,647776.4
2009-12-09,ATO,17.817945,17.817945,17.48058,17.65551,1031448.25
2009-12-10,ATO,17.70549,17.90541,17.65551,17.892916,732770
2009-12-11,ATO,17.892916,18.124075,17.836687,18.111578,750477.8
2009-12-14,ATO,18.142817,18.348986,18.13657,18.311499,758060
2009-12-15,ATO,18.230282,18.348986,17.9304,18.348986,1241931.5
2009-12-16,ATO,18.367727,18.430202,18.242777,18.348986,607760.56
2009-12-17,ATO,18.242777,18.392717,18.117826,18.299006,835850.8
2009-12-18,ATO,18.33649,18.442698,18.117826,18.33649,1205757.2
2009-12-21,ATO,18.342737,18.586391,18.342737,18.442698,426728.88
2009-12-22,ATO,18.430202,18.548906,18.398966,18.548906,635451.5
2009-12-23,ATO,18.555155,18.680103,18.46144,18.630123,368785.97
2009-12-24,ATO,18.598886,18.81755,18.598886,18.761322,188234.5
2009-12-28,ATO,18.773817,18.861282,18.730083,18.780064,425928.56
2009-12-29,ATO,18.748827,18.911263,18.717588,18.780064,542934.9
2009-12-30,ATO,18.780064,18.939377,18.580143,18.667608,478251.7
2009-12-31,ATO,18.736332,18.742579,18.367727,18.367727,652898.4
2010-01-04,ATO,18.430202,18.630123,18.348986,18.442698,708480.4
2010-01-05,ATO,18.480183,18.51142,18.161558,18.249023,844654.3
2010-01-06,ATO,18.261518,18.330242,18.167807,18.255272,436335.9
2010-01-07,ATO,18.192797,18.299006,18.005371,18.080341,458581.5
2010-01-08,ATO,17.892916,18.024115,17.50557,17.78046,840012.44
2010-01-11,ATO,17.742975,17.892916,17.717985,17.886667,398557.75
2010-01-12,ATO,17.842936,17.95539,17.78046,17.88042,504161.12
2010-01-13,ATO,17.949142,18.049103,17.767965,18.03661,429930.16
2010-01-14,ATO,17.936647,18.130322,17.936647,18.049103,483717.84
2010-01-15,ATO,17.98663,18.055351,17.65551,17.90541,554248.2
2010-01-19,ATO,17.961637,18.205292,17.936647,18.180302,387673.44
2010-01-20,ATO,18.055351,18.117826,17.85543,18.024115,381591.03
2010-01-21,ATO,18.08659,18.205292,17.63052,17.836687,719804.9
2010-01-22,ATO,17.78046,17.924154,17.55555,17.574291,554299.4
2010-01-25,ATO,17.717985,17.88042,17.543055,17.761717,530129.8
2010-01-26,ATO,17.774214,17.836687,17.55555,17.661757,362863.62
2010-01-27,ATO,17.618025,17.65551,17.343134,17.518064,387833.5
2010-01-28,ATO,17.586786,17.63052,17.418102,17.50557,419489.22
2010-01-29,ATO,17.493074,17.643015,17.243174,17.255669,726527.56
2010-02-01,ATO,17.368122,17.386866,17.136965,17.243174,1065325.6
2010-02-02,ATO,17.243174,17.368122,17.111975,17.286905,1157418.1
2010-02-03,ATO,17.012014,17.311895,16.980778,17.24942,840332.56
2010-02-04,ATO,17.193193,17.293154,17.061995,17.093233,787031.5
2010-02-05,ATO,17.136965,17.205688,16.730877,17.030758,613842.94
2010-02-08,ATO,17.030758,17.030758,16.680897,16.680897,716443.56
2010-02-09,ATO,16.812094,16.812094,16.530954,16.71838,1231527.4
2010-02-10,ATO,16.687143,16.74337,16.49347,16.56844,522766.9
2010-02-11,ATO,16.587183,16.84333,16.449738,16.837084,383351.72
2010-02-12,ATO,16.749619,16.86832,16.574688,16.862074,601358
2010-02-16,ATO,16.930798,17.030758,16.880817,17.005766,705559.25
2010-02-17,ATO,17.037004,17.118221,16.980778,17.118221,611838.94
2010-02-18,ATO,17.07449,17.24942,16.987024,17.105726,734530.7
2010-02-19,ATO,17.111975,17.38062,17.0495,17.355629,650177.3
2010-02-22,ATO,17.4306,17.611776,17.38062,17.493074,597676.56
2010-02-23,ATO,17.534176,17.534176,17.281248,17.376095,698699.2
2010-02-24,ATO,17.44565,17.55947,17.199047,17.338158,632435.06
2010-02-25,ATO,17.16743,17.36345,17.097878,17.281248,516512.34
2010-02-26,ATO,17.36345,17.420357,17.110521,17.36345,771447.4
2010-03-01,ATO,17.433004,17.749163,17.376095,17.660639,702020.3
2010-03-02,ATO,17.717548,17.74284,17.58476,17.736517,445503.75
2010-03-03,ATO,17.723871,17.900919,17.717548,17.894596,595586.5
2010-03-04,ATO,17.932535,18.00209,17.806072,17.86298,508288.62
2010-03-05,ATO,17.970474,18.134878,17.888273,18.084291,517303.1
2010-03-08,ATO,18.052675,18.153847,17.951506,18.090616,354252.2
2010-03-09,ATO,18.027384,18.10326,17.875628,17.989445,603810.2
2010-03-10,ATO,18.02106,18.109585,17.856657,18.109585,614406.1
2010-03-11,ATO,18.09694,18.191786,18.00209,18.16017,354094.03
2010-03-12,ATO,18.248695,18.318249,18.071646,18.210754,590209.44
2010-03-15,ATO,18.147524,18.273987,18.052675,18.210754,297318.8
2010-03-16,ATO,18.21708,18.318249,18.153847,18.28031,267745.06
2010-03-17,ATO,18.28031,18.444714,18.28031,18.381481,333060.3
2010-03-18,ATO,18.330896,18.488976,18.311926,18.349865,214449.1
2010-03-19,ATO,18.324572,18.45736,18.141201,18.305603,672446.56
2010-03-22,ATO,18.242373,18.362513,18.16017,18.305603,356624.4
2010-03-23,ATO,18.29928,18.368835,18.191786,18.330896,380504.8
2010-03-24,ATO,18.292957,18.394127,18.21708,18.229725,470176.47
2010-03-25,ATO,18.375158,18.375158,17.93886,17.94518,386040
2010-03-26,ATO,17.926212,18.014736,17.812395,17.900919,354094.03
2010-03-29,ATO,17.913567,18.09694,17.869305,18.09694,634016.5
2010-03-30,ATO,18.058998,18.375158,18.058998,18.255018,729854.4
2010-03-31,ATO,18.273987,18.318249,18.065323,18.065323,580562.4
2010-04-01,ATO,18.204433,18.324572,18.153847,18.305603,330529.94
2010-04-05,ATO,18.305603,18.583822,18.29928,18.583822,317403.62
2010-04-06,ATO,18.571177,18.767195,18.53956,18.741901,565538.3
2010-04-07,ATO,18.653378,18.754549,18.520592,18.67867,655524.7
2010-04-08,ATO,18.583822,18.583822,18.394127,18.41942,333376.62
2010-04-09,ATO,18.368835,18.552208,18.255018,18.545883,479980.1
2010-04-12,ATO,18.507946,18.590145,18.400452,18.476328,369434.44
2010-04-13,ATO,18.41942,18.451036,18.267664,18.362513,582302.06
2010-04-14,ATO,18.35619,18.362513,18.210754,18.343542,368801.84
2010-04-15,ATO,18.286634,18.564854,18.255018,18.444714,541974.2
2010-04-16,ATO,18.413097,18.526915,18.31357,18.476328,459847.8
2010-04-19,ATO,18.45736,18.463684,18.255018,18.451036,495636.78
2010-04-20,ATO,18.495298,18.583822,18.400452,18.583822,606182.44
2010-04-21,ATO,18.615438,18.691317,18.520592,18.590145,504967.53
2010-04-22,ATO,18.514269,18.684994,18.476328,18.672348,192940.92
2010-04-23,ATO,18.672348,18.963213,18.634409,18.95689,400905.94
2010-04-26,ATO,18.95689,19.064384,18.87469,18.912628,408610.9
2010-04-27,ATO,18.918951,18.988506,18.615438,18.628084,460686
2010-04-28,ATO,18.703964,18.85572,18.609116,18.817781,431903
2010-04-29,ATO,18.931599,18.969538,18.779842,18.83675,648093.3
2010-04-30,ATO,18.830427,19.020123,18.684994,18.703964,423837.44
2010-05-03,ATO,18.722933,18.918951,18.653378,18.868366,460369.7
2010-05-04,ATO,18.710287,18.77352,18.33722,18.520592,590209.44
2010-05-05,ATO,18.432066,18.602793,18.10326,18.204433,802918.94
2010-05-06,ATO,18.052675,18.33722,16.598345,17.55947,1369248
2010-05-07,ATO,17.515205,17.616377,17.034645,17.281248,1035713.2
2010-05-10,ATO,17.793425,17.793425,17.521528,17.787102,813514.9
2010-05-11,ATO,17.641668,18.236048,17.521528,18.052675,492633.53
2010-05-12,ATO,18.052675,18.318249,17.907242,18.248695,365322.56
2010-05-13,ATO,18.185463,18.330896,18.09694,18.185463,332002.3
2010-05-14,ATO,18.046354,18.128553,17.723871,17.774456,401854.8
2010-05-17,ATO,17.711224,18.141201,17.635345,18.008413,791690.4
2010-05-18,ATO,18.191786,18.324572,17.976799,18.008413,999971.7
2010-05-19,ATO,17.926212,18.191786,17.74284,17.93886,770972.94
2010-05-20,ATO,17.711224,17.74284,17.173754,17.180077,1062914.8
2010-05-21,ATO,17.176874,17.234495,16.965605,17.15767,761310.9
2010-05-24,ATO,17.068039,17.432959,17.023224,17.125658,879709.25
2010-05-25,ATO,16.824759,16.972008,16.55587,16.907986,839722.44
2010-05-26,ATO,16.991215,17.2473,16.965605,16.997616,850031.56
2010-05-27,ATO,17.2473,17.388145,17.16407,17.368938,616827.4
2010-05-28,ATO,17.356134,17.593012,17.31132,17.362537,392370.3
2010-06-01,ATO,17.2537,17.484177,16.907986,16.939997,492493.47
2010-06-02,ATO,17.03603,17.368938,16.965605,17.349733,568718.3
2010-06-03,ATO,17.49698,17.618622,17.336927,17.548197,406584.38
2010-06-04,ATO,17.336927,17.426558,16.920792,16.965605,480466.22
2010-06-07,ATO,17.388145,17.471373,17.093649,17.106451,713045.56
2010-06-08,ATO,17.183277,17.420155,17.055235,17.413754,876741.5
2010-06-09,ATO,17.5546,17.5546,17.202484,17.240896,769120.8
2010-06-10,ATO,17.541796,17.88751,17.452166,17.8619,970772.9
2010-06-11,ATO,17.823488,17.925922,17.67624,17.849096,316301.72
2010-06-14,ATO,17.94513,18.021954,17.79148,17.836294,498429.03
2010-06-15,ATO,17.970737,18.053965,17.893913,18.015553,671184.44
2010-06-16,ATO,17.906715,18.246029,17.772272,18.169203,273347.16
2010-06-17,ATO,18.124388,18.278038,18.085976,18.239626,257571.12
2010-06-18,ATO,18.265236,18.367668,18.169203,18.354864,375188.5
2010-06-21,ATO,18.58534,18.58534,18.214018,18.303648,384091.8
2010-06-22,ATO,18.284441,18.43169,17.951532,17.989944,424547.2
2010-06-23,ATO,17.957933,18.00915,17.701849,17.740261,337897.7
2010-06-24,ATO,17.65063,17.8555,17.625023,17.682642,308023.2
2010-06-25,ATO,17.682642,17.932325,17.535393,17.8619,546694.3
2010-06-28,ATO,17.932325,18.028357,17.778675,17.925922,361286.84
2010-06-29,ATO,17.70825,17.714653,17.31772,17.420155,877211.6
2010-06-30,ATO,17.439362,17.657034,17.298515,17.31132,978270.44
2010-07-01,ATO,17.40095,17.535393,17.074442,17.196081,1031690.25
2010-07-02,ATO,17.260101,17.292114,17.10005,17.170473,666029.9
2010-07-06,ATO,17.356134,17.49698,17.138462,17.266504,666186.06
2010-07-07,ATO,17.336927,17.8555,17.279308,17.817087,656345.56
2010-07-08,ATO,17.970737,18.214018,17.925922,18.18841,1058712.6
2010-07-09,ATO,18.149998,18.214018,18.117985,18.175604,365504.2
2010-07-12,ATO,18.143595,18.271637,18.073172,18.214018,437980.25
2010-07-13,ATO,18.412483,18.540525,18.348463,18.476505,402367.03
2010-07-14,ATO,18.406082,18.52132,18.239626,18.386875,577153
2010-07-15,ATO,18.425287,18.470102,18.13079,18.406082,554660.44
2010-07-16,ATO,18.361267,18.361267,17.906715,17.938726,404553.78
2010-07-19,ATO,18.028357,18.303648,17.996346,18.220419,598708.4
2010-07-20,ATO,18.079573,18.450895,18.047564,18.380472,522795.97
2010-07-21,ATO,18.43169,18.438091,18.137192,18.201214,580120.75
2010-07-22,ATO,18.329256,18.630156,18.329256,18.489307,628073.7
2010-07-23,ATO,18.463701,18.662165,18.335657,18.55333,463596.78
2010-07-26,ATO,18.49571,18.892643,18.49571,18.879837,408302.56
2010-07-27,ATO,18.963066,19.148727,18.911848,19.084705,585275.3
2010-07-28,ATO,19.135921,19.135921,18.745394,18.835024,476092.66
2010-07-29,ATO,18.88624,19.001478,18.476505,18.700579,552942.25
2010-07-30,ATO,18.58534,18.726187,18.450895,18.566133,630885.25
2010-08-02,ATO,18.873436,18.911848,18.694178,18.758198,440948
2010-08-03,ATO,18.73899,18.963066,18.668568,18.790209,327235.6
2010-08-04,ATO,18.873436,18.969467,18.694178,18.905447,686804.25
2010-08-05,ATO,18.822218,18.956663,18.73259,18.950262,436262.06
2010-08-06,ATO,18.79661,18.988674,18.604546,18.91825,417362.06
2010-08-09,ATO,18.950262,18.963066,18.783806,18.79661,896734.9
2010-08-10,ATO,18.70698,18.758198,18.514917,18.668568,867838.2
2010-08-11,ATO,18.470102,18.58534,18.412483,18.502113,696957.1
2010-08-12,ATO,18.297245,18.406082,18.19481,18.329256,698206.75
2010-08-13,ATO,18.322855,18.49571,18.239626,18.361267,492649.7
2010-08-16,ATO,18.258833,18.476505,18.162802,18.406082,363005.03
2010-08-17,ATO,18.527721,18.713383,18.49571,18.566133,483902.56
2010-08-18,ATO,18.49571,18.751797,18.444494,18.57894,583713.3
2010-08-19,ATO,18.534124,18.546926,18.169203,18.290842,549193.5
2010-08-20,ATO,18.278038,18.39968,18.117985,18.374071,527169.5
2010-08-23,ATO,18.558687,18.63642,18.442087,18.448565,592800.56
2010-08-24,ATO,18.2931,18.513342,18.228323,18.344921,671995
2010-08-25,ATO,18.267189,18.519821,18.228323,18.500387,523453.7
2010-08-26,ATO,18.591076,18.610508,18.416178,18.487432,380380.34
2010-08-27,ATO,18.571642,18.733585,18.357878,18.707674,487516.72
2010-08-30,ATO,18.688242,18.688242,18.280144,18.299578,841344.56
2010-08-31,ATO,18.273666,18.416178,18.144114,18.331966,1033387.25
2010-09-01,ATO,18.539255,18.759497,18.506865,18.759497,550193
2010-09-02,ATO,18.81132,18.81132,18.565165,18.740063,400850.5
2010-09-03,ATO,18.830751,18.966784,18.785408,18.876095,438271.03
2010-09-07,ATO,18.785408,18.843706,18.519821,18.552208,748719.44
2010-09-08,ATO,18.526299,18.649376,18.416178,18.43561,476556.06
2010-09-09,ATO,18.623465,18.688242,18.526299,18.623465,320482.8
2010-09-10,ATO,18.69472,18.714151,18.591076,18.649376,573040.56
2010-09-13,ATO,18.804842,18.882572,18.701197,18.804842,481650.47
2010-09-14,ATO,18.785408,18.804842,18.688242,18.714151,399522.88
2010-09-15,ATO,18.655853,18.759497,18.539255,18.629942,522096.75
2010-09-16,ATO,18.60403,18.642899,18.364355,18.500387,644825
2010-09-17,ATO,18.422655,18.591076,18.370832,18.455044,1024742.2
2010-09-20,ATO,18.539255,18.714151,18.43561,18.623465,507739.84
2010-09-21,ATO,18.616987,18.72063,18.474478,18.526299,688513.1
2010-09-22,ATO,18.480955,18.675285,18.455044,18.591076,470689.8
2010-09-23,ATO,18.448565,18.668808,18.403221,18.513342,565431.4
2010-09-24,ATO,18.740063,18.817795,18.591076,18.746542,440123.53
2010-09-27,ATO,18.740063,18.908485,18.688242,18.81132,435337.9
2010-09-28,ATO,18.895529,18.895529,18.649376,18.824274,569798.7
2010-09-29,ATO,18.914963,18.960306,18.629942,18.791885,513110.56
2010-09-30,ATO,18.902006,19.102816,18.902006,18.947351,1102084.1
2010-10-01,ATO,19.057472,19.083382,18.908485,19.044516,821893.25
2010-10-04,ATO,19.012129,19.076906,18.921438,19.044516,879320.8
2010-10-05,ATO,19.161116,19.245325,18.979738,19.06395,747638.8
2010-10-06,ATO,19.038038,19.083382,18.908485,19.025084,352747.22
2010-10-07,ATO,19.06395,19.212936,18.953829,19.044516,450312.3
2010-10-08,ATO,19.08986,19.08986,18.940872,19.00565,649919.4
2010-10-11,ATO,18.992695,19.012129,18.927917,18.973263,787313.25
2010-10-12,ATO,19.044516,19.044516,18.850185,18.86314,798891.4
2010-10-13,ATO,18.966784,19.012129,18.850185,18.934395,531204.9
2010-10-14,ATO,18.940872,18.999172,18.850185,18.902006,616111.2
2010-10-15,ATO,19.00565,19.018606,18.791885,18.902006,517002.38
2010-10-18,ATO,18.940872,19.096338,18.882572,18.960306,484429.22
2010-10-19,ATO,18.824274,19.076906,18.804842,18.902006,676626.25
2010-10-20,ATO,18.992695,19.050995,18.934395,18.979738,521324.88
2010-10-21,ATO,19.057472,19.128727,18.681765,18.876095,523381.16
2010-10-22,ATO,18.921438,18.921438,18.740063,18.856663,225233.34
2010-10-25,ATO,18.921438,19.03156,18.81132,18.850185,357687.22
2010-10-26,ATO,18.837229,19.012129,18.727108,18.914963,734053.8
2010-10-27,ATO,18.791885,19.012129,18.701197,18.986217,653778.75
2010-10-28,ATO,19.044516,19.17407,19.012129,19.102816,637723.75
2010-10-29,ATO,19.083382,19.154638,19.012129,19.076906,678941.9
2010-11-01,ATO,19.167593,19.26476,18.986217,19.128727,606694.3
2010-11-02,ATO,19.225893,19.394314,19.17407,19.297148,525956.1
2010-11-03,ATO,19.336014,19.34897,19.154638,19.310102,632166.25
2010-11-04,ATO,19.400791,19.7182,19.303625,19.68581,950487.75
2010-11-05,ATO,19.679333,19.75059,19.582167,19.698767,635562.5
2010-11-08,ATO,19.679333,19.731155,19.57569,19.63399,644361.9
2010-11-09,ATO,19.68581,19.763544,19.497957,19.523869,995874.06
2010-11-10,ATO,19.530346,19.672857,19.452614,19.653423,926250.9
2010-11-11,ATO,19.523869,19.595123,19.43318,19.569212,604996.2
2010-11-12,ATO,19.530346,19.627512,19.459091,19.5433,881482.06
2010-11-15,ATO,19.614557,19.795933,19.5433,19.666378,619044.3
2010-11-16,ATO,19.57569,19.614557,19.342493,19.459091,1128838.9
2010-11-17,ATO,19.497957,19.621035,19.400791,19.536823,755666.3
2010-11-18,ATO,19.640467,19.886621,19.60808,19.782978,715374.44
2010-11-19,ATO,19.74411,19.7765,19.60808,19.75059,475475.44
2010-11-22,ATO,19.69229,19.893099,19.672857,19.841276,735597.56
2010-11-23,ATO,19.76267,19.76267,19.487553,19.631662,544849.06
2010-11-24,ATO,19.76267,19.90678,19.670965,19.87403,603318.44
2010-11-26,ATO,19.775772,19.90023,19.723368,19.76267,318148.2
2010-11-29,ATO,19.697166,19.841276,19.500654,19.801973,812464.75
2010-11-30,ATO,19.677515,19.795424,19.638212,19.697166,962531.06
2010-12-01,ATO,19.87403,20.116394,19.860928,20.031239,629118.25
2010-12-02,ATO,20.018137,20.666632,19.998487,20.555273,1466924.9
2010-12-03,ATO,20.417715,20.856594,20.280155,20.777988,1462803
2010-12-06,ATO,20.725584,20.843493,20.627329,20.692833,1197324.5
2010-12-07,ATO,20.850044,20.954851,20.437366,20.443916,4010571.5
2010-12-08,ATO,20.384962,20.450466,20.181898,20.247404,1007108.25
2010-12-09,ATO,20.149147,20.33256,20.083643,20.181898,891238.1
2010-12-10,ATO,20.312908,20.430817,20.20155,20.371862,528819.6
2010-12-13,ATO,20.489769,20.51597,20.352211,20.430817,312956.2
2010-12-14,ATO,20.489769,20.705935,20.47667,20.627329,476151.38
2010-12-15,ATO,20.588026,20.692833,20.33256,20.33911,748635.44
2010-12-16,ATO,20.33911,20.601128,20.33911,20.50942,425009.75
2010-12-17,ATO,20.568375,20.568375,20.36531,20.529072,902884.7
2010-12-20,ATO,20.522522,20.574924,20.391512,20.417715,603165.8
2010-12-21,ATO,20.457018,20.555273,20.450466,20.450466,502409.16
2010-12-22,ATO,20.529072,20.660082,20.47667,20.535624,559046.6
2010-12-23,ATO,20.50287,20.555273,20.424265,20.48322,416613.38
2010-12-27,ATO,20.437366,20.65353,20.352211,20.529072,275859.44
2010-12-28,ATO,20.588026,20.633879,20.352211,20.542173,399057.28
2010-12-29,ATO,20.542173,20.64043,20.542173,20.614227,192811.55
2010-12-30,ATO,20.614227,20.686283,20.588026,20.594576,199375.98
2010-12-31,ATO,20.548723,20.633879,20.411163,20.437366,368982.97
2011-01-03,ATO,20.594576,20.719034,20.548723,20.64698,336160.75
2011-01-04,ATO,20.666632,20.692833,20.50942,20.64043,495081.4
2011-01-05,ATO,20.581476,20.771439,20.548723,20.712484,517522.66
2011-01-06,ATO,20.725584,20.83039,20.699383,20.771439,528972.25
2011-01-07,ATO,20.80419,20.961401,20.679731,20.79109,582251.2
2011-01-10,ATO,20.732136,20.758337,20.561825,20.699383,821471.8
2011-01-11,ATO,20.764889,20.94175,20.764889,20.922098,406232.38
2011-01-12,ATO,21.040005,21.26272,20.994152,21.08586,387913
2011-01-13,ATO,21.098959,21.367527,21.098959,21.347878,632018.8
2011-01-14,ATO,21.354425,21.773657,21.334776,21.70815,456305.38
2011-01-18,ATO,21.754004,21.996372,21.649197,21.996372,813228.06
2011-01-19,ATO,21.943966,22.127378,21.891562,21.917765,830173.5
2011-01-20,ATO,21.793306,21.976719,21.557491,21.583693,680870.5
2011-01-21,ATO,21.734352,21.747454,21.53784,21.609896,334634.12
2011-01-24,ATO,21.583693,21.70815,21.570591,21.616446,446382.38
2011-01-25,ATO,21.570591,21.642647,21.452684,21.636095,458137.3
2011-01-26,ATO,21.662298,21.681948,21.54439,21.629545,493554.78
2011-01-27,ATO,21.550941,21.714703,21.550941,21.596794,566527
2011-01-28,ATO,21.609896,21.701601,21.354425,21.367527,517370
2011-01-31,ATO,21.505089,21.53784,21.347878,21.354425,618126.6
2011-02-01,ATO,21.57714,21.780205,21.406832,21.734352,779489.9
2011-02-02,ATO,21.747454,21.81951,21.629545,21.681948,492944.16
2011-02-03,ATO,21.662298,21.747454,21.622993,21.69505,580724.56
2011-02-04,ATO,21.681948,21.714703,21.570591,21.662298,483021.16
2011-02-07,ATO,21.747454,21.786755,21.70815,21.780205,383333.16
2011-02-08,ATO,21.812958,21.976719,21.786755,21.937418,543476.6
2011-02-09,ATO,21.812958,21.989819,21.622993,21.865362,577824
2011-02-10,ATO,21.81951,22.15358,21.734352,22.088078,466228.38
2011-02-11,ATO,22.022572,22.048773,21.930866,21.943966,530193.56
2011-02-14,ATO,21.943966,22.022572,21.85881,21.943966,568816.94
2011-02-15,ATO,21.924316,22.186333,21.911215,22.00947,462869.8
2011-02-16,ATO,22.081526,22.173231,21.98327,22.120829,437528
2011-02-17,ATO,22.081526,22.271488,22.081526,22.225636,379363.97
2011-02-18,ATO,22.225636,22.363194,22.14048,22.356646,398751.97
2011-02-22,ATO,22.081526,22.4287,22.081526,22.31734,666978.3
2011-02-23,ATO,22.24456,22.310726,22.072533,22.07915,1102098.8
2011-02-24,ATO,22.012985,22.138697,21.960052,22.006367,607011.3
2011-02-25,ATO,22.085766,22.31734,21.860806,22.31734,583392.94
2011-02-28,ATO,22.41659,22.608465,22.370275,22.37689,791812.4
2011-03-01,ATO,22.46952,22.674631,22.304108,22.403357,631757.1
2011-03-02,ATO,22.423204,22.833426,22.423204,22.687864,878414.44
2011-03-03,ATO,22.78711,23.111319,22.78711,23.058386,689038.44
2011-03-04,ATO,22.945906,23.170866,22.793728,22.992222,710444.1
2011-03-07,ATO,23.131166,23.230415,22.952522,23.045155,1071934.6
2011-03-08,ATO,23.005455,23.303196,22.978989,23.1444,652055
2011-03-09,ATO,23.151018,23.323046,22.972372,23.018688,718812.7
2011-03-10,ATO,22.853277,22.886358,22.423204,22.443054,703565.9
2011-03-11,ATO,22.396738,22.575384,22.28889,22.502602,477877.4
2011-03-14,ATO,22.31734,22.370275,22.158548,22.32396,675511.6
2011-03-15,ATO,21.64908,22.012985,21.33149,21.880655,645208.44
2011-03-16,ATO,21.860806,21.973286,21.563065,21.801258,793438.6
2011-03-17,ATO,22.026218,22.082922,21.79464,21.840956,480724.88
2011-03-18,ATO,21.960052,22.310726,21.940203,21.986519,484473.1
2011-03-21,ATO,22.171778,22.562151,22.132082,22.429823,521275.22
2011-03-22,ATO,22.482754,22.529003,22.125463,22.277641,618821.25
2011-03-23,ATO,22.304108,22.304108,21.953436,22.19163,326307.1
2011-03-24,ATO,22.304108,22.32396,22.079214,22.21148,282826.2
2011-03-25,ATO,22.32396,22.588617,22.24456,22.277641,365158.66
2011-03-28,ATO,22.304108,22.495987,22.15193,22.18501,350632.78
2011-03-29,ATO,22.198246,22.198246,22.065916,22.165163,574596.7
2011-03-30,ATO,22.178396,22.535686,22.178396,22.396738,394703.12
2011-03-31,ATO,22.423204,22.621698,22.370275,22.562151,387663.1
2011-04-01,ATO,22.681248,22.93929,22.648165,22.879744,387366.88
2011-04-04,ATO,22.906206,22.952522,22.73418,22.793728,404596.62
2011-04-05,ATO,22.727562,22.906206,22.641615,22.800343,318452.44
2011-04-06,ATO,22.906206,22.998837,22.740795,22.740795,441474.3
2011-04-07,ATO,22.707714,22.780495,22.343807,22.403357,403577.94
2011-04-08,ATO,22.515835,22.568768,22.178396,22.363657,254413.73
2011-04-11,ATO,22.403357,22.409971,22.082457,22.171778,259297
2011-04-12,ATO,22.098999,22.158548,21.774792,21.79464,349733.5
2011-04-13,ATO,21.840956,22.0196,21.827724,21.840956,307868.25
2011-04-14,ATO,21.695395,22.052685,21.695395,21.960052,314971.75
2011-04-15,ATO,22.006367,22.32396,21.953436,22.19163,180044.73
2011-04-18,ATO,21.999752,22.046066,21.708628,21.801258,403753.25
2011-04-19,ATO,21.801258,21.893888,21.676207,21.814491,220448.48
2011-04-20,ATO,22.0196,22.231327,22.0196,22.15193,350794.47
2011-04-21,ATO,22.224712,22.224712,22.032833,22.11223,342835.56
2011-04-25,ATO,22.11223,22.178396,21.973286,22.132082,247866.44
2011-04-26,ATO,22.138697,22.60185,22.138697,22.495987,638860.6
2011-04-27,ATO,22.482754,22.773876,22.44967,22.773876,458459.2
2011-04-28,ATO,22.747414,23.005455,22.73418,22.959139,454169.9
2011-04-29,ATO,22.959139,23.117933,22.853277,23.084852,364954.62
2011-05-02,ATO,23.16425,23.16425,22.86651,22.899591,335526.53
2011-05-03,ATO,22.899591,23.084852,22.846659,22.906206,337240.4
2011-05-04,ATO,22.853277,22.873125,22.568768,22.64155,414970.72
2011-05-05,ATO,22.476137,22.654783,22.15193,22.462904,404327.6
2011-05-06,ATO,22.575384,22.853277,22.522453,22.628317,402674.12
2011-05-09,ATO,22.674631,22.932673,22.595234,22.899591,391648.62
2011-05-10,ATO,22.86651,23.210566,22.86651,23.117933,372101.94
2011-05-11,ATO,23.084852,23.137785,22.674631,22.767262,489082.78
2011-05-12,ATO,22.701097,22.813576,22.50922,22.727562,1124963
2011-05-13,ATO,22.681248,22.73418,22.231327,22.529068,992070.3
2011-05-16,ATO,22.423204,22.443054,22.237946,22.264412,541225.44
2011-05-17,ATO,22.178396,22.304108,21.960052,22.07915,882690.2
2011-05-18,ATO,22.125463,22.21148,21.999752,22.204863,625107.06
2011-05-19,ATO,22.290874,22.403357,22.065916,22.390123,639599.7
2011-05-20,ATO,22.357042,22.476137,22.198246,22.383509,523088.88
2011-05-23,ATO,22.229782,22.39019,22.043175,22.109478,453695.97
2011-05-24,ATO,22.216415,22.223099,21.982487,21.989172,322279.53
2011-05-25,ATO,22.009222,22.089426,21.815395,22.009222,525462.25
2011-05-26,ATO,22.02259,22.116161,21.82208,22.049326,450281.66
2011-05-27,ATO,22.149578,22.203049,22.002537,22.116161,478631.5
2011-05-31,ATO,22.383507,22.383507,22.162947,22.289934,1077856
2011-06-01,ATO,22.3033,22.343405,21.955751,21.989172,705753.3
2011-06-02,ATO,21.8956,22.029272,21.548052,21.721827,1068280.4
2011-06-03,ATO,21.40101,21.467846,21.187136,21.327492,1132018.1
2011-06-06,ATO,21.253971,21.367592,21.106932,21.240604,870184.7
2011-06-07,ATO,21.28739,21.394327,21.133667,21.21387,1777838.5
2011-06-08,ATO,21.240604,21.387644,21.227236,21.294073,817967.6
2011-06-09,ATO,21.294073,21.294073,21.040094,21.200502,747197.75
2011-06-10,ATO,21.200502,21.220552,21.08688,21.106932,947687.4
2011-06-13,ATO,21.020044,21.187136,20.979942,21.020044,532045.5
2011-06-14,ATO,21.147032,21.274021,21.020044,21.1604,469355.12
2011-06-15,ATO,21.060146,21.1604,20.873003,20.946524,628102.5
2011-06-16,ATO,20.999992,21.193817,20.953207,21.053461,622864.3
2011-06-17,ATO,21.193817,21.447796,21.106932,21.327492,1286574.6
2011-06-20,ATO,21.314123,21.588152,21.294073,21.501265,649346.9
2011-06-21,ATO,21.60152,21.628256,21.514631,21.594837,433147.28
2011-06-22,ATO,21.574785,21.681723,21.474531,21.58147,444130.84
2011-06-23,ATO,21.394327,21.594837,21.207186,21.561417,901305.44
2011-06-24,ATO,21.614887,21.748562,21.528,21.588152,990328.8
2011-06-27,ATO,21.634937,21.815395,21.60152,21.62157,360731.66
2011-06-28,ATO,21.715143,21.8956,21.641623,21.795345,406814.34
2011-06-29,ATO,21.868866,22.18968,21.82208,22.122843,752733.7
2011-06-30,ATO,22.203049,22.27657,22.122843,22.223099,795674.4
2011-07-01,ATO,22.3033,22.624117,22.243149,22.624117,431651.1
2011-07-05,ATO,22.6308,22.677586,22.457026,22.490446,471599.4
2011-07-06,ATO,22.510496,22.764475,22.44366,22.71769,538179.9
2011-07-07,ATO,22.88478,22.88478,22.624117,22.724371,872279.4
2011-07-08,ATO,22.557281,22.711004,22.517178,22.690954,492097.22
2011-07-11,ATO,22.557281,22.644169,22.430292,22.497128,570647.25
2011-07-12,ATO,22.416925,22.6709,22.37014,22.53723,632140.7
2011-07-13,ATO,22.577332,22.784525,22.517178,22.557281,552244.1
2011-07-14,ATO,22.644169,22.777842,22.39019,22.450342,592641.25
2011-07-15,ATO,22.48376,22.677586,22.396872,22.637484,516934
2011-07-18,ATO,22.637484,22.657536,22.162947,22.229782,485663.6
2011-07-19,ATO,22.356771,22.403557,22.18968,22.33672,463819.22
2011-07-20,ATO,22.330036,22.677586,22.31667,22.644169,536534.06
2011-07-21,ATO,22.684269,22.958298,22.657536,22.90483,312404.7
2011-07-22,ATO,22.891462,22.971666,22.731054,22.837992,343675.06
2011-07-25,ATO,22.878096,23.005083,22.6709,22.871412,494042.25
2011-07-26,ATO,22.938248,22.938248,22.657536,22.690954,393199
2011-07-27,ATO,22.6308,22.75779,22.497128,22.584015,680916.5
2011-07-28,ATO,22.617434,22.664219,22.363455,22.44366,593239.75
2011-07-29,ATO,22.269884,22.523863,22.102793,22.343405,520824.1
2011-08-01,ATO,22.530546,22.70432,22.416925,22.664219,761262
2011-08-02,ATO,22.570648,22.824627,22.48376,22.497128,923449.06
2011-08-03,ATO,22.490446,22.557281,22.223099,22.523863,975815.75
2011-08-04,ATO,22.142897,22.309986,21.367592,21.38096,1748748
2011-08-05,ATO,21.568102,21.568102,20.665812,20.93984,1261289
2011-08-08,ATO,20.231375,20.331629,19.275614,19.295666,1595541.1
2011-08-09,ATO,19.48949,20.705912,19.055054,20.699228,1251563.8
2011-08-10,ATO,20.35168,20.712597,20.030865,20.030865,1270415.8
2011-08-11,ATO,20.070967,21.040094,19.937294,20.859636,1006786.94
2011-08-12,ATO,20.93984,21.120298,20.725964,20.84627,650693.44
2011-08-15,ATO,20.993309,21.534685,20.993309,21.521317,675530.25
2011-08-16,ATO,21.347542,21.688408,21.327492,21.574785,642614
2011-08-17,ATO,21.721827,21.942387,21.628256,21.708458,478930.75
2011-08-18,ATO,21.240604,21.534685,21.187136,21.347542,829039.44
2011-08-19,ATO,21.120298,21.521317,21.120298,21.220552,488955.22
2011-08-22,ATO,21.548052,21.628256,20.966576,21.053461,786098.75
2011-08-23,ATO,21.114271,21.756145,20.95887,21.756145,778257.7
2011-08-24,ATO,21.702091,22.485853,21.702091,22.411531,586096.5
2011-08-25,ATO,22.526394,22.600716,21.776415,21.911547,766069.56
2011-08-26,ATO,21.742632,21.86425,21.350752,21.789928,1000804.1
2011-08-29,ATO,22.093973,22.364235,21.992624,22.323698,1092714.8
2011-08-30,ATO,22.289915,22.634499,22.229105,22.573689,671642.9
2011-08-31,ATO,22.634499,22.722334,22.391262,22.661526,1089162.6
2011-09-01,ATO,22.715576,23.181782,22.688553,23.073677,1268839.6
2011-09-02,ATO,22.688553,23.012867,22.566935,22.607471,784126.06
2011-09-06,ATO,22.046679,22.323698,21.958841,22.276402,732324.56
2011-09-07,ATO,22.593958,22.925032,22.45883,22.911518,658470.5
2011-09-08,ATO,22.783144,23.533123,22.783144,23.188538,2569056.2
2011-09-09,ATO,22.952059,23.141241,22.175053,22.343966,979047.5
2011-09-12,ATO,22.100729,22.364235,21.92506,22.350723,635233.9
2011-09-13,ATO,22.465584,22.485853,22.03992,22.242617,724480.4
2011-09-14,ATO,22.384506,22.783144,22.08046,22.580444,1011164.44
2011-09-15,ATO,22.702063,22.877735,22.553421,22.735847,674454.94
2011-09-16,ATO,22.837194,22.945301,22.580444,22.634499,1100411
2011-09-19,ATO,22.370993,22.762873,22.249374,22.61423,524082.75
2011-09-20,ATO,22.742603,23.181782,22.695309,22.735847,770065.6
2011-09-21,ATO,22.708822,22.722334,21.837223,21.837223,599268.9
2011-09-22,ATO,21.357508,21.560204,20.810225,20.999409,840663.6
2011-09-23,ATO,21.006166,21.168324,20.84401,21.168324,584912.44
2011-09-26,ATO,21.2967,21.418318,20.972383,21.242647,684371.25
2011-09-27,ATO,21.641283,21.816956,21.499395,21.62777,630349.75
2011-09-28,ATO,21.735874,21.735874,20.931843,20.97914,415743.7
2011-09-29,ATO,21.377777,22.262888,21.289942,22.262888,1381766.9
2011-09-30,ATO,22.08046,22.51288,21.904789,21.92506,1144812.2
2011-10-03,ATO,21.82371,22.033165,20.816982,20.925087,811358.8
2011-10-04,ATO,20.7832,21.121027,20.269701,21.087244,1310602
2011-10-05,ATO,21.19535,21.702091,20.904818,21.62777,770361.7
2011-10-06,ATO,21.641283,21.965597,21.465612,21.952087,519938.62
2011-10-07,ATO,22.046679,22.148026,21.526423,21.580475,612589.25
2011-10-10,ATO,21.911547,22.154783,21.783173,22.046679,540659.2
2011-10-11,ATO,21.92506,21.992624,21.735874,21.945328,470209.22
2011-10-12,ATO,22.006138,22.283157,21.918303,22.006138,576032.2
2011-10-13,ATO,21.871006,22.39802,21.783173,22.350723,515054.47
2011-10-14,ATO,22.51288,22.573689,22.23586,22.404776,476425.4
2011-10-17,ATO,22.39802,22.431803,22.107487,22.18181,859460.2
2011-10-18,ATO,22.229105,22.648012,21.999382,22.519638,386882.88
2011-10-19,ATO,22.53315,22.857466,22.323698,22.445316,382590.75
2011-10-20,ATO,22.438557,22.587202,22.175053,22.404776,422699.88
2011-10-21,ATO,22.648012,22.7899,22.499367,22.715576,376226.6
2011-10-24,ATO,22.762873,22.98584,22.648012,22.972326,421813.34
2011-10-25,ATO,22.958813,23.033136,22.53315,22.566935,422699.88
2011-10-26,ATO,22.82368,22.877735,22.546663,22.742603,399907.25
2011-10-27,ATO,23.479069,23.823654,23.249346,23.627714,641894.06
2011-10-28,ATO,23.560148,23.729061,23.51961,23.573662,409231.5
2011-10-31,ATO,23.35745,23.59393,23.154755,23.188538,778353.9
2011-11-01,ATO,22.596392,23.00611,22.229105,22.316938,644768.3
2011-11-02,ATO,22.587202,23.175024,22.573689,22.837194,655954.44
2011-11-03,ATO,23.080433,23.600687,23.080433,23.566906,537995.1
2011-11-04,ATO,23.384478,23.776358,23.289886,23.715548,428768.06
2011-11-07,ATO,23.783115,23.864193,23.127728,23.735819,410415.53
2011-11-08,ATO,23.742575,24.019594,23.391233,23.918247,650774.3
2011-11-09,ATO,23.566906,23.91149,22.979082,23.188538,441496.4
2011-11-10,ATO,23.620956,23.999325,22.911518,23.337183,623541.56
2011-11-11,ATO,23.465555,23.918247,23.465555,23.884462,470505.22
2011-11-14,ATO,23.810143,23.837166,23.533123,23.59393,741204.8
2011-11-15,ATO,23.479069,23.769602,23.310156,23.661497,388954.94
2011-11-16,ATO,23.499338,23.931759,23.41826,23.65474,581212.3
2011-11-17,ATO,23.647984,23.681767,23.350697,23.573662,877368.7
2011-11-18,ATO,23.647984,23.708794,23.43853,23.6142,638933.94
2011-11-21,ATO,23.337183,23.465555,22.762873,23.039892,1242050.9
2011-11-22,ATO,23.03648,23.138865,22.585989,22.59964,870836.2
2011-11-23,ATO,22.435823,22.504082,22.11502,22.210579,614595.9
2011-11-25,ATO,22.10137,22.408524,22.10137,22.169624,400256.47
2011-11-28,ATO,22.674723,22.702023,22.265182,22.374393,697225.7
2011-11-29,ATO,22.469952,22.763453,22.408524,22.729326,676275.2
2011-11-30,ATO,23.289026,23.473318,23.118385,23.350458,949949.9
2011-12-01,ATO,23.295855,23.637135,23.282202,23.30268,548374.8
2011-12-02,ATO,22.265182,22.783932,21.88295,22.196928,3944987.5
2011-12-05,ATO,22.497255,22.763453,22.237883,22.715673,1987510.8
2011-12-06,ATO,22.722502,22.797583,22.497255,22.681547,1120967.2
2011-12-07,ATO,22.654243,22.667894,22.31979,22.428999,7318599
2011-12-08,ATO,22.374393,22.442652,21.985332,22.08089,1133522.9
2011-12-09,ATO,22.1628,22.49043,22.03994,22.435823,921820.56
2011-12-12,ATO,22.353916,22.353916,21.814692,22.060415,1400458.1
2011-12-13,ATO,22.251532,22.422173,21.821518,21.91025,1306840.4
2011-12-14,ATO,21.814692,21.923903,21.67818,21.835169,1111839.9
2011-12-15,ATO,22.046764,22.258358,21.978508,22.121845,660012.94
2011-12-16,ATO,22.224232,22.53821,22.224232,22.353916,1303324.1
2011-12-19,ATO,22.422173,22.524557,21.8966,21.937553,866734
2011-12-20,ATO,22.251532,22.558685,22.251532,22.340265,688288.75
2011-12-21,ATO,22.33344,22.606464,22.258358,22.545034,656203.8
2011-12-22,ATO,22.592813,22.681547,22.442652,22.626944,392053.56
2011-12-23,ATO,22.729326,22.783932,22.640593,22.695198,239392.05
2011-12-27,ATO,22.66107,22.975048,22.59964,22.893143,345902.47
2011-12-28,ATO,22.906794,23.056955,22.824884,22.83171,480249.16
2011-12-29,ATO,22.927269,23.029655,22.81806,22.975048,481567.72
2011-12-30,ATO,23.022827,23.15934,22.749804,22.763453,520831.53
2012-01-03,ATO,23.091085,23.091085,22.565512,22.626944,535042.7
2012-01-04,ATO,22.558685,22.852188,22.510906,22.510906,764911.8
2012-01-05,ATO,22.497255,22.531382,22.1628,22.422173,678179.8
2012-01-06,ATO,22.442652,22.49043,22.27201,22.285662,604779.94
2012-01-09,ATO,22.367569,22.408524,22.026287,22.10137,1026133.4
2012-01-10,ATO,22.224232,22.251532,22.012636,22.026287,779416
2012-01-11,ATO,22.005812,22.224232,21.951204,22.176453,477319.03
2012-01-12,ATO,22.190102,22.258358,22.026287,22.142323,393224.16
2012-01-13,ATO,21.998983,22.224232,21.876123,22.03994,474535.4
2012-01-17,ATO,22.142323,22.31979,21.937553,22.074066,446699.12
2012-01-18,ATO,22.087719,22.176453,21.958029,22.176453,320996.3
2012-01-19,ATO,22.231056,22.237883,21.889774,21.94438,359088.06
2012-01-20,ATO,21.951204,22.292486,21.94438,22.224232,375203.8
2012-01-23,ATO,22.27201,22.476778,22.142323,22.231056,340335.22
2012-01-24,ATO,22.121845,22.210579,21.94438,21.992159,422672
2012-01-25,ATO,22.005812,22.278835,21.801043,22.251532,523761.7
2012-01-26,ATO,22.29931,22.55186,22.237883,22.531382,419595.38
2012-01-27,ATO,22.504082,22.504082,22.03994,22.074066,570204.3
2012-01-30,ATO,21.971682,22.060415,21.889774,21.923903,490065.12
2012-01-31,ATO,22.067242,22.1628,21.889774,22.121845,726087.5
2012-02-01,ATO,22.190102,22.306137,22.121845,22.265182,498269.5
2012-02-02,ATO,22.258358,22.442652,22.149149,22.265182,389268.47
2012-02-03,ATO,22.456303,22.53821,22.29931,22.388044,469847.2
2012-02-06,ATO,22.312962,22.39487,22.11502,22.251532,357476.5
2012-02-07,ATO,22.183277,22.558685,22.149149,22.435823,364508.8
2012-02-08,ATO,22.367569,22.367569,21.841995,22.10137,824247.06
2012-02-09,ATO,22.210579,22.292486,21.841995,21.94438,627781.5
2012-02-10,ATO,21.841995,21.876123,21.50754,21.541668,469272.88
2012-02-13,ATO,21.746437,21.94438,21.50754,21.671354,483472.3
2012-02-14,ATO,21.685007,21.760088,21.452934,21.528017,348246.56
2012-02-15,ATO,21.52119,21.657703,21.350552,21.466587,409779.4
2012-02-16,ATO,21.439283,21.828344,21.439283,21.596272,654885.25
2012-02-17,ATO,21.630402,21.8966,21.500713,21.705482,423258.03
2012-02-21,ATO,21.766912,21.951204,21.64405,21.903425,602289.3
2012-02-22,ATO,21.930729,21.998983,21.691832,21.835169,997857.56
2012-02-23,ATO,21.955921,22.156023,21.859322,22.114622,578657.7
2012-02-24,ATO,22.08702,22.08702,21.859322,21.859322,683184.6
2012-02-27,ATO,21.78342,21.838621,21.541918,21.652319,912313.8
2012-02-28,ATO,21.61092,21.70752,21.196917,21.314217,847676.5
2012-02-29,ATO,21.224518,21.548819,21.169317,21.203817,1421016.8
2012-03-01,ATO,21.252117,21.452219,21.190016,21.417719,1160573.2
2012-03-02,ATO,21.348719,21.431519,21.224518,21.35562,690286.06
2012-03-05,ATO,21.314217,21.548819,21.190016,21.548819,543765.1
2012-03-06,ATO,21.390118,21.438417,21.148617,21.217617,441446.84
2012-03-07,ATO,21.265917,21.321117,21.058916,21.210716,453333.72
2012-03-08,ATO,21.259018,21.431519,21.093416,21.334917,525069.56
2012-03-09,ATO,21.383219,21.58332,21.314217,21.452219,393476.1
2012-03-12,ATO,21.50742,21.63162,21.466019,21.52812,659416.6
2012-03-13,ATO,21.63852,21.70752,21.493618,21.70752,428113.56
2012-03-14,ATO,21.72822,21.755821,21.424618,21.466019,472171.3
2012-03-15,ATO,21.48672,21.500519,21.203817,21.265917,516373.97
2012-03-16,ATO,21.265917,21.321117,21.155518,21.190016,884548.75
2012-03-19,ATO,21.190016,21.417719,21.100317,21.238317,442606.25
2012-03-20,ATO,21.210716,21.321117,21.086515,21.134817,551446.25
2012-03-21,ATO,21.176218,21.203817,20.989916,21.114117,441156.97
2012-03-22,ATO,21.038216,21.127918,20.969215,21.121017,563620.06
2012-03-23,ATO,21.093416,21.252117,21.003716,21.252117,521011.62
2012-03-26,ATO,21.383219,21.52122,21.307318,21.383219,705068.56
2012-03-27,ATO,21.321117,21.535019,21.300419,21.466019,599996.7
2012-03-28,ATO,21.438417,21.52812,21.210716,21.307318,508982.7
2012-03-29,ATO,21.203817,21.541918,21.065817,21.52122,915647.1
2012-03-30,ATO,21.59022,21.804121,21.48672,21.70752,885502.4
2012-04-02,ATO,21.69372,22.045622,21.58332,21.74202,954342.56
2012-04-03,ATO,21.70062,21.955921,21.70062,21.942122,966516.4
2012-04-04,ATO,21.78342,21.907621,21.67302,21.88692,758836.4
2012-04-05,ATO,21.86622,21.914522,21.57642,21.69372,452026.5
2012-04-09,ATO,21.52812,21.569519,21.35562,21.50742,839560.56
2012-04-10,ATO,21.50742,21.50742,21.252117,21.397018,769850.8
2012-04-11,ATO,21.55572,21.55572,21.293518,21.328018,412316.56
2012-04-12,ATO,21.286617,21.50742,21.265917,21.47292,501881.28
2012-04-13,ATO,21.397018,21.64542,21.321117,21.35562,416954.22
2012-04-16,ATO,21.35562,21.77652,21.321117,21.70062,791589.8
2012-04-17,ATO,21.73512,21.990421,21.60402,21.859322,793039.1
2012-04-18,ATO,21.85242,21.88002,21.60402,21.67302,494345.1
2012-04-19,ATO,21.67992,21.76272,21.452219,21.74892,969414.94
2012-04-20,ATO,21.838621,22.162922,21.838621,22.080122,880574.9
2012-04-23,ATO,21.96972,21.976622,21.77652,21.88692,807821.6
2012-04-24,ATO,21.859322,22.080122,21.82482,22.073221,905067.44
2012-04-25,ATO,22.183624,22.294024,22.114622,22.231924,654634.06
2012-04-26,ATO,22.218122,22.328524,22.149122,22.280224,442806.25
2012-04-27,ATO,22.266424,22.404425,22.149122,22.363024,504634.9
2012-04-30,ATO,22.328524,22.528625,22.300922,22.480326,671010.8
2012-05-01,ATO,22.528625,22.873627,22.487225,22.659725,968400.44
2012-05-02,ATO,22.639027,22.694225,22.300922,22.452724,772894.25
2012-05-03,ATO,22.314724,22.742525,22.314724,22.590727,1243906.1
2012-05-04,ATO,22.487225,22.563126,22.231924,22.376823,538692.7
2012-05-07,ATO,22.307825,22.418224,22.149122,22.356125,476664.03
2012-05-08,ATO,22.225021,22.570024,22.197422,22.556223,635338.5
2012-05-09,ATO,22.404425,22.908127,22.328524,22.487225,618692.25
2012-05-10,ATO,22.597626,22.783926,22.563126,22.659725,727262.6
2012-05-11,ATO,22.570024,22.873627,22.507923,22.694225,837241.75
2012-05-14,ATO,22.556223,22.611425,22.245724,22.528625,587243.1
2012-05-15,ATO,22.570024,22.818426,22.473423,22.556223,571736
2012-05-16,ATO,22.576925,22.735626,22.521725,22.666624,548257.8
2012-05-17,ATO,23.128927,23.411829,22.839125,22.852926,992893.06
2012-05-18,ATO,22.894327,22.970228,22.501024,22.549324,634054.44
2012-05-21,ATO,22.576925,22.632124,22.300922,22.590727,545939
2012-05-22,ATO,22.666624,22.873627,22.590727,22.783926,572605.56
2012-05-23,ATO,22.787413,22.80833,22.452713,22.578226,513416.78
2012-05-24,ATO,22.66887,22.947788,22.522442,22.947788,692969.25
2012-05-25,ATO,22.961735,22.968706,22.71071,22.780437,325116.16
2012-05-29,ATO,22.933842,23.003572,22.787413,22.940817,535789.1
2012-05-30,ATO,22.836222,22.947788,22.620062,22.675846,378895.84
2012-05-31,ATO,22.717684,23.21973,22.689793,23.108164,932095.3
2012-06-01,ATO,22.787413,23.170921,22.675846,23.038437,762667.75
2012-06-04,ATO,23.038437,23.170921,22.95476,23.038437,664573.56
2012-06-05,ATO,23.02449,23.275515,23.017517,23.16395,424357.62
2012-06-06,ATO,23.296432,23.60324,23.205784,23.60324,490470.78
2012-06-07,ATO,23.707834,23.742697,23.498648,23.547457,698849.2
2012-06-08,ATO,23.561403,23.700863,23.345243,23.67297,383915.28
2012-06-11,ATO,23.749672,23.86821,23.547457,23.589296,488893.25
2012-06-12,ATO,23.659023,23.707834,23.435892,23.65205,279224.16
2012-06-13,ATO,23.596268,23.784536,23.498648,23.742697,423640.56
2012-06-14,ATO,23.791508,23.96583,23.714806,23.889128,404853.53
2012-06-15,ATO,23.96583,24.154099,23.889128,23.951883,617104.06
2012-06-18,ATO,23.875185,24.154099,23.798483,24.08437,525033.2
2012-06-19,ATO,24.049507,24.237772,23.972805,24.021614,522882.03
2012-06-20,ATO,24.056479,24.056479,23.679941,23.749672,427225.88
2012-06-21,ATO,23.77059,23.91702,23.526539,23.540483,360969.28
2012-06-22,ATO,23.638105,23.784536,23.582321,23.679941,449483.5
2012-06-25,ATO,23.50562,23.57535,23.352217,23.498648,272627.2
2012-06-26,ATO,23.589296,23.610214,23.407999,23.470755,300305.8
2012-06-27,ATO,23.596268,23.951883,23.519566,23.889128,543390
2012-06-28,ATO,23.805454,24.307503,23.756643,24.251719,1097249.1
2012-06-29,ATO,24.307503,24.942036,24.188963,24.453934,1470950.6
2012-07-02,ATO,24.433016,25.088467,24.433016,25.018738,1226894
2012-07-03,ATO,24.949007,25.186087,24.893227,25.011765,449741.62
2012-07-05,ATO,25.102413,25.227924,24.816525,24.872305,531199.94
2012-07-06,ATO,24.718904,24.949007,24.649174,24.893227,448210
2012-07-09,ATO,24.921118,24.990847,24.718904,24.92809,546688.5
2012-07-10,ATO,25.004791,25.276735,25.004791,25.179115,700856.94
2012-07-11,ATO,25.137276,25.325544,25.039656,25.179115,507823.72
2012-07-12,ATO,25.046627,25.562622,24.955982,25.444084,815443.56
2012-07-13,ATO,25.52776,25.799702,25.506842,25.716028,703151.56
2012-07-16,ATO,25.799702,26.008888,25.63235,25.681164,921138.56
2012-07-17,ATO,25.771809,26.029808,25.367382,25.688135,1405155.8
2012-07-18,ATO,25.646297,25.778784,25.48592,25.736946,766683.3
2012-07-19,ATO,25.729973,25.729973,25.24187,25.513813,754780.06
2012-07-20,ATO,25.395273,25.611433,25.262789,25.513813,5179509
2012-07-23,ATO,25.311598,25.444084,25.137276,25.311598,562177.06
2012-07-24,ATO,25.318573,25.318573,24.809551,24.942036,679058.25
2012-07-25,ATO,24.955982,25.053602,24.54458,24.774685,841831.44
2012-07-26,ATO,24.955982,25.234896,24.788631,24.872305,689814.2
2012-07-27,ATO,25.053602,25.179115,24.802578,25.116358,1255720
2012-07-30,ATO,25.060574,25.33949,24.907171,25.032684,799524.75
2012-07-31,ATO,25.032684,25.14425,24.969929,24.997818,672604.7
2012-08-01,ATO,24.990847,25.465002,24.955982,25.200033,739291.5
2012-08-02,ATO,25.09544,25.12333,24.663118,24.955982,462648.75
2012-08-03,ATO,25.088467,25.402246,25.081495,25.262789,254270.39
2012-08-06,ATO,25.346462,25.416193,25.186087,25.262789,286825.03
2012-08-07,ATO,25.33949,25.48592,25.234896,25.24187,282379.25
2012-08-08,ATO,25.248842,25.43711,24.9769,25.374355,651953.25
2012-08-09,ATO,25.297653,25.799702,25.053602,25.52776,617821.1
2012-08-10,ATO,25.562622,25.869429,25.471975,25.757864,562320.44
2012-08-13,ATO,25.709053,25.799702,25.513813,25.541706,593154.1
2012-08-14,ATO,25.53473,25.785755,25.52776,25.667217,781598.2
2012-08-15,ATO,25.674189,25.764837,25.562622,25.681164,725810.75
2012-08-16,ATO,25.639326,25.813648,25.548677,25.688135,487602.53
2012-08-17,ATO,25.674189,25.778784,25.548677,25.597486,319809.9
2012-08-20,ATO,25.458029,25.548677,25.053602,25.109385,810710.94
2012-08-21,ATO,25.130304,25.276735,24.949007,25.053602,669019.4
2012-08-22,ATO,25.060574,25.060574,24.802578,24.844416,686659.1
2012-08-23,ATO,24.960592,24.960592,24.643745,24.749361,437433.53
2012-08-24,ATO,24.756401,24.8761,24.650784,24.805689,372528.62
2012-08-27,ATO,24.805689,25.002838,24.721197,24.94651,383038.38
2012-08-28,ATO,24.89018,25.066208,24.664867,24.791607,701882
2012-08-29,ATO,24.854977,24.932428,24.67895,24.784567,421668.88
2012-08-30,ATO,24.791607,24.791607,24.587414,24.657827,254080.7
2012-08-31,ATO,24.784567,24.862019,24.538128,24.601498,334750.25
2012-09-04,ATO,24.629662,25.122538,24.580376,25.052128,627177.44
2012-09-05,ATO,25.059168,25.129578,24.798649,24.81977,472229.38
2012-09-06,ATO,24.960592,25.185907,24.960592,25.13662,399513.16
2012-09-07,ATO,25.129578,25.171825,24.847937,24.862019,302652.88
2012-09-10,ATO,24.967632,25.368975,24.847937,25.214071,481460.94
2012-09-11,ATO,25.192947,25.235195,24.94651,24.960592,361734.8
2012-09-12,ATO,24.869059,25.023962,24.643745,24.82681,455044.47
2012-09-13,ATO,24.854977,25.2704,24.805689,25.26336,496373.44
2012-09-14,ATO,25.26336,25.40418,24.8761,24.897224,453198.2
2012-09-17,ATO,24.82681,24.974676,24.664867,24.81977,431610.53
2012-09-18,ATO,24.798649,25.002838,24.791607,24.904263,529749.06
2012-09-19,ATO,24.897224,25.066208,24.854977,25.023962,398661
2012-09-20,ATO,25.031002,25.122538,24.988758,25.108456,185767.22
2012-09-21,ATO,25.115496,25.277441,25.088036,25.13662,691325.3
2012-09-24,ATO,25.045086,25.699905,25.045086,25.559084,536566.2
2012-09-25,ATO,25.699905,25.713987,25.368975,25.40418,411159.1
2012-09-26,ATO,25.40418,25.559084,25.150702,25.214071,304925.25
2012-09-27,ATO,25.19999,25.256317,24.770485,25.038046,456038.66
2012-09-28,ATO,24.939468,25.242235,24.81977,25.19999,459021.16
2012-10-01,ATO,25.19999,25.284481,24.67191,24.862019,870890.4
2012-10-02,ATO,24.869059,25.038046,24.791607,24.8761,494527.12
2012-10-03,ATO,24.94651,25.052128,24.82681,24.94651,439279.84
2012-10-04,ATO,25.045086,25.291521,24.967632,25.291521,334324.2
2012-10-05,ATO,25.34785,25.523878,25.221111,25.40418,433740.9
2012-10-08,ATO,25.333769,25.502756,25.312647,25.488674,275952.38
2012-10-09,ATO,25.439386,25.53796,25.150702,25.2704,410164.94
2012-10-10,ATO,25.333769,25.530918,25.214071,25.298565,336596.56
2012-10-11,ATO,25.397139,25.467548,25.235195,25.312647,318701.56
2012-10-12,ATO,25.298565,25.390099,25.101416,25.122538,310038.12
2012-10-15,ATO,25.192947,25.319687,24.974676,25.108456,435227.9
2012-10-16,ATO,25.14366,25.587248,24.854977,25.587248,486573.78
2012-10-17,ATO,25.594288,25.970985,25.516838,25.953384,476066.84
2012-10-18,ATO,25.840727,25.897055,25.67174,25.721027,405478.16
2012-10-19,ATO,25.615414,25.763275,25.305605,25.312647,1568795.6
2012-10-22,ATO,24.763441,25.319687,24.763441,25.305605,338442.88
2012-10-23,ATO,25.129578,25.150702,24.721197,24.89018,495805.34
2012-10-24,ATO,24.95355,25.01692,24.707115,24.81273,414283.62
2012-10-25,ATO,24.904263,25.129578,24.721197,25.101416,665665.9
2012-10-26,ATO,25.228155,25.277441,25.094372,25.20703,271975.72
2012-10-31,ATO,25.178865,25.34081,25.038046,25.326729,399371.12
2012-11-01,ATO,25.383057,25.749193,25.185907,25.368975,888785.4
2012-11-02,ATO,25.516838,25.622454,24.82681,24.833855,437575.56
2012-11-05,ATO,24.862019,25.002838,24.643745,24.840893,383038.38
2012-11-06,ATO,24.869059,25.221111,24.833855,25.045086,370682.3
2012-11-07,ATO,24.791607,24.897224,24.200157,24.376183,535714.06
2012-11-08,ATO,24.432512,25.023962,24.277609,24.277609,563124.6
2012-11-09,ATO,24.164951,24.840893,23.981884,24.587414,883814.56
2012-11-12,ATO,24.559252,24.82681,24.003008,24.066378,491686.66
2012-11-13,ATO,23.841063,24.3621,23.798815,24.101582,438143.66
2012-11-14,ATO,24.186073,24.186073,23.636871,23.693201,633284.44
2012-11-15,ATO,23.672075,23.791777,23.256653,23.376352,473791.62
2012-11-16,ATO,23.453804,23.693201,23.193283,23.665037,1064468.9
2012-11-19,ATO,23.904432,23.946678,23.587584,23.946678,1012204.1
2012-11-20,ATO,23.946678,24.277609,23.911472,24.277609,679016.1
2012-11-21,ATO,24.476782,24.512346,24.178024,24.377195,604644.06
2012-11-23,ATO,24.398535,24.505236,24.199364,24.327402,157452.08
2012-11-26,ATO,24.291838,24.782652,24.291838,24.654613,564297
2012-11-27,ATO,24.704405,24.868011,24.62616,24.739971,598880.2
2012-11-28,ATO,24.747086,24.803991,24.505236,24.647501,768000.6
2012-11-29,ATO,24.768425,24.853785,24.497837,24.768425,300297.66
2012-11-30,ATO,24.747086,24.903576,24.66884,24.903576,722452
2012-12-03,ATO,24.981823,25.252129,24.77554,25.202335,784870.5
2012-12-04,ATO,25.166769,25.266356,24.981823,25.245016,612376.1
2012-12-05,ATO,25.216562,25.607792,25.081408,25.394394,466873.53
2012-12-06,ATO,25.32326,25.572226,25.32326,25.522434,395036
2012-12-07,ATO,25.479753,25.536661,25.273468,25.36594,254391.95
2012-12-10,ATO,25.380167,25.593565,25.29481,25.358828,645131.75
2012-12-11,ATO,25.4513,25.622019,25.36594,25.529545,352017.84
2012-12-12,ATO,25.60068,25.607792,25.273468,25.337486,451268.9
2012-12-13,ATO,25.32326,25.422848,25.045843,25.159655,532947.2
2012-12-14,ATO,25.586452,25.636246,25.088524,25.159655,658908.8
2012-12-17,ATO,25.159655,25.764284,25.159655,25.75717,806272.75
2012-12-18,ATO,25.73583,25.913664,25.40862,25.671812,673669.94
2012-12-19,ATO,25.636246,25.771397,25.486868,25.657585,333742.16
2012-12-20,ATO,25.714493,25.906548,25.643358,25.778511,447754.34
2012-12-21,ATO,25.636246,25.742943,25.394394,25.622019,861206.6
2012-12-24,ATO,25.472641,25.550884,25.266356,25.4513,124134.09
2012-12-26,ATO,25.437073,25.437073,24.967596,24.99605,402065.12
2012-12-27,ATO,24.93203,25.052958,24.434101,24.860899,584962.56
2012-12-28,ATO,24.725744,25.03873,24.619047,24.633274,423855.38
2012-12-31,ATO,24.569254,25.081408,24.391422,24.981823,465252.6
2013-01-02,ATO,25.330374,25.508207,25.273468,25.444187,516639.62
2013-01-03,ATO,25.40862,25.60068,25.223675,25.316147,461531.4
2013-01-04,ATO,25.351713,25.629131,25.23079,25.565111,574700.06
2013-01-07,ATO,25.458414,25.501091,24.93203,24.97471,596349.75
2013-01-08,ATO,24.924917,25.109861,24.803991,25.024504,507080.03
2013-01-09,ATO,25.081408,25.259241,24.946257,25.202335,524090.47
2013-01-10,ATO,25.330374,25.579338,25.237902,25.394394,702067.56
2013-01-11,ATO,25.501091,25.515318,25.188108,25.273468,544053.1
2013-01-14,ATO,25.166769,25.728716,25.166769,25.42996,654831.94
2013-01-15,ATO,25.36594,25.69315,25.266356,25.657585,450284.8
2013-01-16,ATO,25.607792,25.792736,25.437073,25.69315,577792.9
2013-01-17,ATO,25.75717,25.935001,25.69315,25.88521,660736.4
2013-01-18,ATO,25.920774,26.319118,25.906548,26.304893,1480880.4
2013-01-22,ATO,26.240873,26.724575,26.240873,26.632103,600426.6
2013-01-23,ATO,26.55386,26.603651,26.347572,26.468498,811721.7
2013-01-24,ATO,26.51829,26.610764,26.262213,26.319118,767016.56
2013-01-25,ATO,26.354685,26.589424,26.198195,26.390251,771388.6
2013-01-28,ATO,26.404478,26.639217,26.383139,26.539633,960738.8
2013-01-29,ATO,26.51829,26.724575,26.390251,26.724575,579901.6
2013-01-30,ATO,26.653444,26.809935,26.397366,26.496952,947102.4
2013-01-31,ATO,26.56097,26.710348,26.468498,26.575197,569920.3
2013-02-01,ATO,26.674784,26.852615,26.62499,26.788595,531681.94
2013-02-04,ATO,26.681896,26.987766,26.681896,26.710348,710924.25
2013-02-05,ATO,26.817049,26.909523,26.575197,26.68901,868095.1
2013-02-06,ATO,26.58231,26.831276,26.56104,26.731691,896501.2
2013-02-07,ATO,26.809935,26.980654,26.475613,26.838388,680699.06
2013-02-08,ATO,26.937973,27.101578,26.866842,26.888182,609705.06
2013-02-11,ATO,26.88107,27.044674,26.824162,26.930862,453658.78
2013-02-12,ATO,26.966427,27.0589,26.895296,27.03756,614063.1
2013-02-13,ATO,27.066013,27.137148,26.980654,27.101578,368747.12
2013-02-14,ATO,27.051786,27.165598,26.902409,26.923746,323901.4
2013-02-15,ATO,26.916636,26.987766,26.838388,26.959316,477557.78
2013-02-19,ATO,26.987766,27.115805,26.959316,27.08024,905020.5
2013-02-20,ATO,27.0589,27.208279,26.88107,26.895296,702618.6
2013-02-21,ATO,26.838388,26.909523,26.696123,26.817049,391802.62
2013-02-22,ATO,26.930862,27.073128,26.838388,27.01622,486695.62
2013-02-25,ATO,27.087355,27.329203,26.838388,26.838388,680417.9
2013-02-26,ATO,26.94509,27.01622,26.795708,26.923746,453377.62
2013-02-27,ATO,26.852615,27.421677,26.681896,27.293638,517904.88
2013-02-28,ATO,27.372604,27.587967,27.257744,27.401318,759462.9
2013-03-01,ATO,27.351067,27.896654,27.135704,27.896654,1110637.9
2013-03-04,ATO,27.832045,28.47813,27.814096,28.341736,1277314.2
2013-03-05,ATO,28.420702,28.887323,28.370451,28.793999,1081245.5
2013-03-06,ATO,28.786818,29.073969,28.592993,28.944752,925229.7
2013-03-07,ATO,28.908857,29.181652,28.84425,29.05961,614869.6
2013-03-08,ATO,29.138578,29.375475,29.023718,29.325224,876414.9
2013-03-11,ATO,29.289331,29.741594,29.203186,29.741594,810168
2013-03-12,ATO,29.741594,29.791845,29.382656,29.447266,1276822.6
2013-03-13,ATO,29.47598,29.612375,29.382656,29.54059,634371.56
2013-03-14,ATO,29.483158,29.619553,29.332405,29.511873,640918.7
2013-03-15,ATO,29.526232,29.684162,29.36112,29.626734,886947.3
2013-03-18,ATO,29.411371,29.569302,29.305986,29.375475,782838.8
2013-03-19,ATO,29.440084,29.605198,29.397015,29.598019,885337
2013-03-20,ATO,29.64827,29.956957,29.64827,29.892347,494793.12
2013-03-21,ATO,29.7057,29.982082,29.7057,29.806202,637425.06
2013-03-22,ATO,29.849276,30.078997,29.791845,29.964136,437958.78
2013-03-25,ATO,30.035923,30.172318,29.856453,29.92824,459828.84
2013-03-26,ATO,30.007208,30.22975,29.964136,30.222569,1010063.3
2013-03-27,ATO,30.000029,30.28,29.935421,30.215391,538977.6
2013-03-28,ATO,30.179499,30.660475,30.093351,30.646116,861479.1
2013-04-01,ATO,30.638939,30.646116,30.035923,30.351788,714846.5
2013-04-02,ATO,30.351788,30.610222,30.244108,30.351788,697613.75
2013-04-03,ATO,30.45229,30.567152,29.827738,29.88517,641893.8
2013-04-04,ATO,29.964136,30.150784,29.899527,30.150784,467469.47
2013-04-05,ATO,29.892347,30.236927,29.82056,30.236927,406894.9
2013-04-08,ATO,30.186676,30.753798,30.122066,30.753798,403972.4
2013-04-09,ATO,30.775333,30.890194,30.631758,30.825584,808658
2013-04-10,ATO,30.847122,31.249132,30.832766,31.177345,450635.06
2013-04-11,ATO,31.119913,31.198881,30.897375,31.191704,408005.12
2013-04-12,ATO,31.055305,31.21683,30.897375,31.069662,416463.4
2013-04-15,ATO,30.875835,31.005054,30.301537,30.330252,843367.4
2013-04-16,ATO,30.581507,30.976341,30.208214,30.976341,681594.25
2013-04-17,ATO,30.68919,30.947626,30.55997,30.832766,998224.25
2013-04-18,ATO,30.775333,31.09838,30.717905,30.839943,698310.25
2013-04-19,ATO,30.832766,31.643965,30.308716,31.622427,2071082.5
2013-04-22,ATO,31.643965,31.643965,31.306562,31.579357,633953.7
2013-04-23,ATO,31.593712,31.830612,31.507568,31.751646,668500.06
2013-04-24,ATO,31.787539,31.83779,31.643965,31.708572,585895.25
2013-04-25,ATO,31.708572,31.981365,31.600893,31.6655,492285.72
2013-04-26,ATO,31.564999,31.866505,30.796871,31.371172,901150.3
2013-04-29,ATO,31.371172,31.737288,31.356813,31.672678,614730.3
2013-04-30,ATO,31.593712,31.852148,31.392708,31.852148,736191.44
2013-05-01,ATO,31.830612,31.83779,31.277847,31.31374,573079.6
2013-05-02,ATO,31.371172,32.103405,30.753798,31.79472,747168.25
2013-05-03,ATO,32.02444,32.196728,31.84497,31.938295,360229.47
2013-05-06,ATO,31.873686,31.916756,31.651144,31.873686,616808.7
2013-05-07,ATO,31.859327,32.13212,31.84497,32.13212,396726.03
2013-05-08,ATO,32.117764,32.218266,31.880863,32.031616,498414.9
2013-05-09,ATO,31.981365,32.053154,31.572176,31.643965,441441.28
2013-05-10,ATO,31.60807,31.694216,31.414244,31.636786,589553.25
2013-05-13,ATO,31.54346,31.809076,31.49321,31.61525,415250.12
2013-05-14,ATO,31.55064,32.002903,31.471674,31.88804,317464.4
2013-05-15,ATO,31.79472,32.347485,31.787539,31.95983,723523.5
2013-05-16,ATO,31.95983,32.32885,31.836824,31.93089,411020.88
2013-05-17,ATO,31.938124,32.29267,31.938124,32.285435,408009.4
2013-05-20,ATO,32.22755,32.538685,32.2091,32.466324,506302
2013-05-21,ATO,32.44462,32.596565,32.256493,32.36503,606986.94
2013-05-22,ATO,32.314377,32.647217,31.626991,31.757233,384761.97
2013-05-23,ATO,31.576342,31.576342,30.93237,31.200089,852446.8
2013-05-24,ATO,31.077084,31.134968,30.635708,30.903427,748931.44
2013-05-28,ATO,31.149439,31.569107,30.975784,31.127733,731932.25
2013-05-29,ATO,30.954077,31.04814,30.440346,30.512701,756947.3
2013-05-30,ATO,30.512701,31.011963,30.505466,30.737007,499471.9
2013-05-31,ATO,30.599531,31.221796,30.505466,30.548882,521912.22
2013-06-03,ATO,30.39693,30.874483,30.035149,30.642942,706917.25
2013-06-04,ATO,30.635708,30.744244,30.042387,30.16539,815822.56
2013-06-05,ATO,30.114742,30.21604,29.564835,29.767431,1210397.1
2013-06-06,ATO,29.760197,30.02068,29.52142,29.998972,749777.25
2013-06-07,ATO,30.07133,30.266691,29.760197,29.970028,467961.25
2013-06-10,ATO,30.013443,30.143684,29.644426,29.90491,385877.28
2013-06-11,ATO,29.629955,29.883202,29.434591,29.644426,318700.12
2013-06-12,ATO,29.724018,29.933851,29.340528,29.478006,578110.44
2013-06-13,ATO,29.48524,29.695076,29.326056,29.57207,708161.06
2013-06-14,ATO,29.528656,29.629955,29.268173,29.362236,565119.2
2013-06-17,ATO,29.499714,29.608246,29.246464,29.478006,394021.7
2013-06-18,ATO,29.557596,29.90491,29.340528,29.738487,347641.56
2013-06-19,ATO,29.658897,29.70231,28.993217,28.993217,298384.03
2013-06-20,ATO,28.754442,28.884682,27.951286,28.132177,636684.3
2013-06-21,ATO,28.298597,28.334774,27.49544,27.994698,860048.06
2013-06-24,ATO,27.734217,28.12494,27.538855,27.922342,647212.75
2013-06-25,ATO,28.110468,28.530136,27.82828,28.45778,764044.1
2013-06-26,ATO,28.645906,29.123459,28.530136,29.058338,734419.94
2013-06-27,ATO,29.152403,29.593777,29.051104,29.412886,504321.53
2013-06-28,ATO,29.326056,29.86873,29.159637,29.709547,863753.3
2013-07-01,ATO,29.86873,29.875967,29.36947,29.499714,1163585.8
2013-07-02,ATO,29.412886,29.81808,29.166874,29.376705,903029.75
2013-07-03,ATO,29.116224,29.340528,28.920862,29.297115,442393.34
2013-07-05,ATO,29.441826,29.441826,28.935333,29.355,298245.8
2013-07-08,ATO,29.441826,29.919378,29.326056,29.695076,345134.53
2013-07-09,ATO,29.847023,30.064093,29.687838,29.977264,387526.1
2013-07-10,ATO,29.90491,30.129213,29.716782,30.121979,387526.1
2013-07-11,ATO,30.389696,30.46929,30.150919,30.360754,345373.62
2013-07-12,ATO,30.30287,30.715302,30.244984,30.679123,357984.8
2013-07-15,ATO,30.621237,31.525692,30.621237,31.424395,631595.6
2013-07-16,ATO,31.402687,31.482277,31.192854,31.424395,896257.7
2013-07-17,ATO,31.4461,31.605286,31.26521,31.3448,440874.5
2013-07-18,ATO,31.3448,31.836824,31.286917,31.807882,296714.5
2013-07-19,ATO,31.836824,32.010483,31.742762,31.844059,945609.25
2013-07-22,ATO,31.82959,32.10454,31.800648,31.800648,240061.62
2013-07-23,ATO,31.815119,31.992392,31.771704,31.938124,494842.06
2013-07-24,ATO,31.94536,31.967068,31.634228,31.706583,577004.75
2013-07-25,ATO,31.67764,32.147957,31.663168,32.09731,389460.94
2013-07-26,ATO,31.93089,32.111782,31.800648,32.03942,353665.9
2013-07-29,ATO,31.95983,32.379498,31.952595,32.242023,382688.9
2013-07-30,ATO,32.321613,32.473564,32.03219,32.155193,326583.3
2013-07-31,ATO,32.176903,32.401203,32.010483,32.010483,738759.56
2013-08-01,ATO,32.307144,32.958347,32.10454,32.697865,912295
2013-08-02,ATO,32.63998,32.958347,32.336082,32.39397,341528.78
2013-08-05,ATO,32.2782,32.538685,32.003246,32.155193,514812.62
2013-08-06,ATO,32.082836,32.234783,31.786177,31.90918,547453.8
2013-08-07,ATO,31.634228,32.437386,31.490238,32.010483,848454.06
2013-08-08,ATO,32.14072,32.184135,31.735527,31.916418,874421.4
2013-08-09,ATO,31.901945,32.09731,31.836824,32.003246,507811.2
2013-08-12,ATO,31.836824,32.053894,31.771704,31.82959,339845.44
2013-08-13,ATO,31.728289,31.822353,31.308624,31.4461,439214.66
2013-08-14,ATO,31.33033,31.503986,30.961313,31.156675,489106.56
2013-08-15,ATO,30.939604,30.975784,30.46936,30.614002,484001.28
2013-08-16,ATO,30.614002,30.614002,29.789137,30.114742,697838.56
2013-08-19,ATO,30.13645,30.266691,29.86873,29.912144,437572.78
2013-08-20,ATO,29.912144,30.425875,29.841236,30.143684,427330.44
2013-08-21,ATO,30.0858,30.316616,29.891161,29.998972,574706.44
2013-08-22,ATO,30.079243,30.371132,29.860323,29.977083,311076.3
2013-08-23,ATO,30.079243,30.553562,29.911407,30.524376,492103.56
2013-08-26,ATO,30.648428,30.703157,30.473293,30.553562,477470.62
2013-08-27,ATO,30.210594,30.517076,30.203295,30.29816,749432.2
2013-08-28,ATO,30.261675,30.436808,30.11208,30.181404,273685.5
2013-08-29,ATO,30.08654,30.312756,29.831137,30.013569,377265.7
2013-08-30,ATO,30.00627,30.071945,29.393301,29.444382,431943.84
2013-09-03,ATO,29.758163,29.889513,28.780333,28.926277,1283361.1
2013-09-04,ATO,28.911682,29.050331,28.678171,28.926277,650245.44
2013-09-05,ATO,28.889791,28.962763,28.619795,28.751144,628319.4
2013-09-06,ATO,28.889791,29.086817,28.700064,28.81682,650519.5
2013-09-09,ATO,28.860601,28.948168,28.68182,28.940872,943798.7
2013-09-10,ATO,29.064926,29.29114,28.882496,29.283844,508587.84
2013-09-11,ATO,29.29114,29.37068,29.021143,29.188978,382891.1
2013-09-12,ATO,29.283844,29.641407,29.283844,29.546545,578359.4
2013-09-13,ATO,29.648706,29.838432,29.53195,29.634111,534585.3
2013-09-16,ATO,29.867622,30.101133,29.461897,29.52465,784381
2013-09-17,ATO,29.61222,29.889513,29.466274,29.860323,582978.94
2013-09-18,ATO,29.860323,30.611942,29.657827,30.48059,802650.9
2013-09-19,ATO,30.48059,30.732347,30.356537,30.568157,489779.38
2013-09-20,ATO,30.648428,30.648428,30.379889,30.4514,1038804.44
2013-09-23,ATO,30.349241,31.275991,30.261675,31.09356,589126.5
2013-09-24,ATO,31.020586,31.22491,30.947615,31.027885,388448
2013-09-25,ATO,31.020586,31.188425,30.867344,30.881939,329028.3
2013-09-26,ATO,30.874643,31.151936,30.874643,31.071669,275209.34
2013-09-27,ATO,30.911129,31.17383,30.867344,30.867344,633396.6
2013-09-30,ATO,30.706806,31.100857,30.655724,31.078964,459955.8
2013-10-01,ATO,30.969505,31.327072,30.93302,31.11545,893604.44
2013-10-02,ATO,30.794373,30.889238,30.385727,30.735994,571474.6
2013-10-03,ATO,30.670319,30.670319,30.05735,30.254375,557931.1
2013-10-04,ATO,30.261675,30.531672,30.221539,30.371132,350572.06
2013-10-07,ATO,30.130323,30.305456,29.838432,29.977083,485402.38
2013-10-08,ATO,29.969784,30.23978,29.823837,30.093838,783857.5
2013-10-09,ATO,30.123026,30.597347,29.831137,30.042755,1397239.8
2013-10-10,ATO,30.29816,30.728697,30.115728,30.582752,676419.7
2013-10-11,ATO,30.604643,30.911129,30.487886,30.881939,408099.25
2013-10-14,ATO,30.77248,30.852749,30.24708,30.808968,571311.5
2013-10-15,ATO,30.77248,30.94032,30.028162,30.071945,660660.3
2013-10-16,ATO,30.283566,30.50978,30.127768,30.473293,333012
2013-10-17,ATO,30.385727,31.09356,30.181404,31.027885,441994.22
2013-10-18,ATO,31.14464,31.421936,31.005993,31.334368,1164275.1
2013-10-21,ATO,31.363558,31.662745,31.232206,31.414639,552435.94
2013-10-22,ATO,31.516798,31.845175,31.414639,31.772203,261194.47
2013-10-23,ATO,31.75031,32.144363,31.713825,31.932741,313954.12
2013-10-24,ATO,31.932741,31.991121,31.743013,31.896255,282024.25
2013-10-25,ATO,31.932741,32.385174,31.83788,32.348686,382621.12
2013-10-28,ATO,32.355984,32.538414,32.26112,32.538414,514036.5
2013-10-29,ATO,32.538414,32.65517,32.355984,32.44355,469492.28
2013-10-30,ATO,32.5749,32.77922,32.37058,32.465443,297098.44
2013-10-31,ATO,32.377872,32.647873,32.085987,32.3049,403616.72
2013-11-01,ATO,32.297604,32.611385,32.224632,32.52382,348898.8
2013-11-04,ATO,32.611385,32.771927,32.25528,32.44355,419354.2
2013-11-05,ATO,32.421658,32.531116,32.107876,32.12247,508042.44
2013-11-06,ATO,32.27571,32.823006,32.23193,32.604088,663077.7
2013-11-07,ATO,32.8376,33.180573,32.50193,32.691654,764765.4
2013-11-08,ATO,32.618683,33.282734,32.363277,33.18787,751105.44
2013-11-11,ATO,33.202465,33.516247,32.976246,33.47976,468822.16
2013-11-12,ATO,33.457867,33.494354,33.05652,33.39949,480908.9
2013-11-13,ATO,33.363003,34.172997,33.173275,34.100025,503888.8
2013-11-14,ATO,34.209484,34.618126,33.95408,34.340836,440303.2
2013-11-15,ATO,34.333534,34.413807,33.91759,34.151104,364440.28
2013-11-18,ATO,34.13651,34.13651,33.822727,33.888405,486911.2
2013-11-19,ATO,33.83003,33.935837,33.275436,33.39949,720865.25
2013-11-20,ATO,33.406784,33.684082,33.063816,33.08571,500350.5
2013-11-21,ATO,33.122494,33.284355,32.982704,33.07099,802062.3
2013-11-22,ATO,33.15192,33.37264,32.93856,33.137207,758630.5
2013-11-25,ATO,33.166637,33.490356,32.820843,32.960632,429098.56
2013-11-26,ATO,32.960632,32.960632,32.467693,32.864986,481293.1
2013-11-27,ATO,32.901775,32.953274,32.49712,32.710484,263412.44
2013-11-29,ATO,32.80613,33.203423,32.70313,32.70313,265337.06
2013-12-02,ATO,32.695766,32.923843,32.34262,32.52655,417817.25
2013-12-03,ATO,32.438263,32.945915,32.357334,32.651627,640478.2
2013-12-04,ATO,32.53391,32.80613,32.23226,32.327904,1147434.4
2013-12-05,ATO,32.357334,32.43091,32.107185,32.379406,562571.75
2013-12-06,ATO,32.52655,33.225494,32.32055,33.203423,474537.9
2013-12-09,ATO,33.306423,33.35057,32.93856,33.034206,447503.47
2013-12-10,ATO,33.048916,33.12985,32.53391,32.53391,416186.2
2013-12-11,ATO,32.49712,32.52655,32.1734,32.246975,578882.1
2013-12-12,ATO,32.21755,32.49565,32.107185,32.386765,280176.78
2013-12-13,ATO,32.386765,32.600124,32.121902,32.408836,363857.1
2013-12-16,ATO,32.327904,32.622196,32.004185,32.239616,721597.8
2013-12-17,ATO,32.2764,32.65898,32.158688,32.622196,472327.84
2013-12-18,ATO,32.65898,33.137207,32.467693,33.048916,487469.3
2013-12-19,ATO,32.90913,32.975346,32.460335,32.58541,422302.6
2013-12-20,ATO,32.651627,33.387356,32.305832,33.26228,995747.94
2013-12-23,ATO,33.475643,33.5345,33.085705,33.122494,268321.84
2013-12-24,ATO,33.04156,33.42414,33.004776,33.26228,105337.79
2013-12-26,ATO,33.431496,33.431496,33.01949,33.115135,199156.38
2013-12-27,ATO,33.15192,33.40207,33.134045,33.23285,312128.78
2013-12-30,ATO,33.173992,33.37264,33.093063,33.254925,243432.23
2013-12-31,ATO,33.335854,33.630142,33.218136,33.416782,319275.44
2014-01-02,ATO,33.357925,33.490356,32.705776,32.864986,573624.75
2014-01-03,ATO,32.8282,33.107777,32.66634,32.91649,879808.4
2014-01-06,ATO,32.894417,32.91649,32.489765,32.511837,405992.22
2014-01-07,ATO,32.66634,33.482998,32.592766,33.240208,625910.3
2014-01-08,ATO,33.306423,33.482998,33.048916,33.416782,772839.56
2014-01-09,ATO,33.52714,33.696358,33.34321,33.586002,408574.7
2014-01-10,ATO,33.681644,33.99801,33.59358,33.70372,508640.16
2014-01-13,ATO,33.689003,33.72579,33.137207,33.284355,316421.12
2014-01-14,ATO,33.357925,33.571285,33.166637,33.563927,256405.77
2014-01-15,ATO,33.6375,33.6375,33.446213,33.622787,299190.56
2014-01-16,ATO,33.54186,33.799362,33.42414,33.72579,378400.53
2014-01-17,ATO,33.762573,34.13044,33.67429,34.012722,623783.2
2014-01-21,ATO,34.218727,34.667522,34.056942,34.638092,386071.8
2014-01-22,ATO,34.74845,34.910313,34.58659,34.770523,324606.22
2014-01-23,ATO,34.64545,35.013313,34.557163,34.97653,476569.9
2014-01-24,ATO,34.880882,34.954453,34.498302,34.498302,438951.4
2014-01-27,ATO,34.58659,34.682236,34.255516,34.26287,718199.8
2014-01-28,ATO,34.329086,34.446804,34.196655,34.410015,349721.47
2014-01-29,ATO,34.15987,34.67488,33.96858,34.284943,317671.6
2014-01-30,ATO,34.461517,35.02803,34.2923,34.97653,283528.56
2014-01-31,ATO,34.711666,35.59454,34.62338,35.32232,455884.28
2014-02-03,ATO,35.307606,35.359108,34.218727,34.36587,1489408.4
2014-02-04,ATO,34.432087,34.498302,33.93915,34.432087,966692.4
2014-02-05,ATO,33.88029,34.277584,33.571285,34.049507,692511
2014-02-06,ATO,34.15987,34.660164,34.078938,34.638092,452476.78
2014-02-07,ATO,34.75581,35.139126,34.520374,34.71902,565341.8
2014-02-10,ATO,34.71902,35.035385,34.48359,34.880882,814702.8
2014-02-11,ATO,34.2923,34.2923,33.299065,33.45357,3171220.5
2014-02-12,ATO,32.739914,33.379997,32.563335,33.166637,10506595
2014-02-13,ATO,33.173992,33.843506,33.166637,33.740505,1385022
2014-02-14,ATO,33.74786,33.75522,33.328495,33.49771,777749
2014-02-18,ATO,33.490356,33.696358,33.387356,33.593357,753810.8
2014-02-19,ATO,33.49771,33.6375,33.04156,33.063633,704788.6
2014-02-20,ATO,33.056217,33.605175,33.019123,33.605175,767285.44
2014-02-21,ATO,33.56808,33.84998,33.48648,33.798054,886044.8
2014-02-24,ATO,33.916744,34.243153,33.820305,33.872234,1267530.8
2014-02-25,ATO,33.976093,34.072533,33.67936,33.99835,1646762.8
2014-02-26,ATO,34.087368,34.168972,33.649685,33.723866,817835.7
2014-02-27,ATO,33.66452,33.99093,33.560665,33.909325,901336.6
2014-02-28,ATO,33.95384,34.436028,33.790634,34.198643,1010291.94
2014-03-03,ATO,34.02802,34.295082,33.931583,34.057693,878091.56
2014-03-04,ATO,34.39152,34.57698,34.317337,34.47312,1153087.6
2014-03-05,ATO,34.56956,34.56956,34.072533,34.117043,758034.06
2014-03-06,ATO,34.198643,34.25799,33.90191,33.961254,558479.2
2014-03-07,ATO,33.983513,34.03544,33.47906,33.73129,806512.44
2014-03-10,ATO,33.81289,33.84256,33.5755,33.746124,785525.3
2014-03-11,ATO,33.686775,33.73129,33.26393,33.427135,788449.1
2014-03-12,ATO,33.315857,33.62001,33.315857,33.62001,769745.5
2014-03-13,ATO,33.75354,34.139297,33.634846,34.07995,1305567.4
2014-03-14,ATO,34.109623,34.413776,34.050278,34.347008,829428.5
2014-03-17,ATO,34.510216,34.70309,34.309917,34.70309,626966
2014-03-18,ATO,34.740185,34.918224,34.680836,34.79953,619678.7
2014-03-19,ATO,34.962734,35.02208,34.324757,34.48054,578025.25
2014-03-20,ATO,34.47312,34.47312,33.99835,34.117043,563644.75
2014-03-21,ATO,34.25799,34.721638,34.139297,34.213478,1456967.5
2014-03-24,ATO,34.361847,34.70309,33.931583,34.206062,405884.8
2014-03-25,ATO,34.16155,34.357395,33.775795,34.057693,623213.2
2014-03-26,ATO,34.287663,34.287663,33.95384,33.976093,493653.53
2014-03-27,ATO,33.961254,34.191223,33.913036,34.07995,394343.2
2014-03-28,ATO,34.094784,34.213478,33.968674,34.176388,424756.9
2014-03-31,ATO,34.39152,35.014664,34.287663,34.962734,774886.8
2014-04-01,ATO,35.03692,35.03692,34.436028,34.821785,989463.9
2014-04-02,ATO,34.806946,35.363323,34.532467,35.163033,679048.94
2014-04-03,ATO,35.274303,35.597744,35.140774,35.452347,877638.6
2014-04-04,ATO,35.556202,35.875195,35.333652,35.34849,736211.2
2014-04-07,ATO,35.311398,35.60442,35.133358,35.34849,1248359.4
2014-04-08,ATO,35.355907,35.622967,35.048046,35.600716,775515
2014-04-09,ATO,35.600716,36.07549,35.407837,35.993885,1901146.4
2014-04-10,ATO,36.01614,36.43528,36.001305,36.275784,2343918
2014-04-11,ATO,36.11258,36.372223,35.593296,35.993885,1840505
2014-04-14,ATO,36.171925,36.461243,35.92712,36.342552,1502182.2
2014-04-15,ATO,36.327713,37.225334,36.26095,37.14373,1218774.6
2014-04-16,ATO,37.2921,37.410793,37.002785,37.403374,933893.6
2014-04-17,ATO,37.24017,37.47756,36.869255,37.01762,3921660.2
2014-04-21,ATO,36.86183,37.24017,36.513172,36.82474,856164.9
2014-04-22,ATO,36.817326,37.12148,36.802486,37.12148,737920.44
2014-04-23,ATO,37.15857,37.685272,37.09922,37.38112,1275488
2014-04-24,ATO,37.492397,37.69269,37.277264,37.677856,832032.9
2014-04-25,ATO,37.640762,38.10812,37.611088,38.033936,950156
2014-04-28,ATO,38.160046,38.37518,37.8188,38.256485,1353238.4
2014-04-29,ATO,38.219395,38.441944,37.82993,37.885567,2041995.6
2014-04-30,ATO,37.87815,37.93008,37.648182,37.863316,826990
2014-05-01,ATO,38.026516,38.137867,37.577705,38.04135,909008.1
2014-05-02,ATO,37.95975,38.085865,37.2921,37.507233,1063059.6
2014-05-05,ATO,37.447884,37.92266,37.410793,37.87073,464101.2
2014-05-06,ATO,37.69269,38.0191,37.677856,37.95233,903110.56
2014-05-07,ATO,37.92266,38.37518,37.92266,38.271324,984896.8
2014-05-08,ATO,38.92414,39.33215,37.366283,37.447884,1983120.1
2014-05-09,ATO,37.366283,37.803967,37.24759,37.395958,1451876
2014-05-12,ATO,37.462723,37.499813,37.06213,37.10664,906622.1
2014-05-13,ATO,37.14373,37.258717,37.01762,37.173405,1306839.9
2014-05-14,ATO,37.23275,37.729782,37.15857,37.447884,493839.56
2014-05-15,ATO,37.277264,37.491653,36.89225,37.19566,693324.3
2014-05-16,ATO,37.336613,37.544323,37.10664,37.522068,418548
2014-05-19,ATO,37.559162,37.611088,37.173405,37.180824,629052.75
2014-05-20,ATO,37.19566,37.440468,37.0102,37.410793,647202.3
2014-05-21,ATO,37.551743,37.60367,37.180824,37.28468,410598.8
2014-05-22,ATO,37.44162,37.897495,37.14269,37.680767,444275.7
2014-05-23,ATO,37.733086,37.766712,37.531303,37.61351,501327.53
2014-05-27,ATO,37.748028,37.81529,37.396782,37.426678,728089.8
2014-05-28,ATO,37.449097,37.580627,37.29963,37.456566,1141665.9
2014-05-29,ATO,37.464043,37.493935,36.940907,37.187527,1057410.8
2014-05-30,ATO,37.202473,37.538776,37.165108,37.44162,610567.3
2014-06-02,ATO,37.63593,37.822765,37.471516,37.79287,685319.3
2014-06-03,ATO,37.79287,38.286114,37.755505,38.188957,1137373.2
2014-06-04,ATO,38.188957,38.472946,38.174015,38.36832,626676.5
2014-06-05,ATO,38.3459,38.510315,38.256218,38.487896,634334.3
2014-06-06,ATO,38.667255,38.74199,38.203907,38.241272,471037.34
2014-06-09,ATO,38.248745,38.413162,38.069386,38.241272,690664.94
2014-06-10,ATO,38.256218,38.271168,37.934864,37.979706,467840.7
2014-06-11,ATO,37.88255,38.046967,37.658348,37.665825,224652.11
2014-06-12,ATO,37.61351,37.912445,37.269733,37.81529,389315.28
2014-06-13,ATO,37.79287,38.271168,37.70319,38.16654,404470.4
2014-06-16,ATO,38.159065,38.779354,38.129173,38.487896,622832.2
2014-06-17,ATO,38.36832,38.906406,38.136646,38.629887,594835.44
2014-06-18,ATO,38.637363,39.153027,38.637363,39.078293,429449.72
2014-06-19,ATO,39.085766,39.608902,39.078293,39.444485,429170.06
2014-06-20,ATO,39.511745,39.608902,39.18292,39.362278,650489
2014-06-23,ATO,39.459435,39.54164,38.98465,39.19039,396289.34
2014-06-24,ATO,39.138077,39.608902,39.070816,39.31744,373475.03
2014-06-25,ATO,39.197865,39.646267,39.197865,39.623848,465497.7
2014-06-26,ATO,39.653744,39.728474,39.31744,39.347336,493576.03
2014-06-27,ATO,39.212814,39.646267,39.052883,39.392174,876299.9
2014-06-30,ATO,39.392174,39.91531,39.357048,39.907837,902599.94
2014-07-01,ATO,39.96015,39.96015,39.287544,39.369755,1323898
2014-07-02,ATO,39.309963,39.33986,38.577576,38.71957,849581.06
2014-07-03,ATO,38.644836,38.87651,38.121696,38.450527,521463
2014-07-07,ATO,38.360847,38.629887,37.92739,38.241272,711919.06
2014-07-08,ATO,38.188957,38.599995,38.188957,38.510315,836437.06
2014-07-09,ATO,38.413162,38.622417,37.990913,38.308533,700791.56
2014-07-10,ATO,38.151592,38.712097,38.058174,38.599995,575753.06
2014-07-11,ATO,38.577576,38.756935,38.241272,38.263695,343212.97
2014-07-14,ATO,38.398216,38.41914,38.099277,38.136646,391275.56
2014-07-15,ATO,38.129173,38.420635,38.009598,38.293587,324580.16
2014-07-16,ATO,38.428104,38.428104,37.620983,38.121696,1094498.4
2014-07-17,ATO,38.129173,38.338425,37.762978,37.777924,394495
2014-07-18,ATO,37.94981,38.465477,37.718212,38.375793,1116008.1
2014-07-21,ATO,38.308533,38.360847,38.099277,38.16654,541839.3
2014-07-22,ATO,38.30106,38.375793,38.141804,38.263695,385599.4
2014-07-23,ATO,38.375793,38.375793,38.039494,38.069386,309085.16
2014-07-24,ATO,38.106754,38.398216,38.054436,38.061913,380243.06
2014-07-25,ATO,38.039494,38.046967,37.4192,37.516357,439359.56
2014-07-28,ATO,37.35194,38.002125,37.28468,37.904972,869893.1
2014-07-29,ATO,38.061913,38.091434,37.658348,37.762978,690596.7
2014-07-30,ATO,37.800346,37.934864,36.70176,36.828804,758978.1
2014-07-31,ATO,36.522396,36.813858,36.08894,36.11136,793757.56
2014-08-01,ATO,36.06652,36.357983,35.73769,35.991787,716658.56
2014-08-04,ATO,36.06652,36.06652,34.952988,35.71527,929531.5
2014-08-05,ATO,35.52096,35.89463,35.341602,35.431282,725736.1
2014-08-06,ATO,35.349075,35.58075,35.214554,35.349075,831563.75
2014-08-07,ATO,35.393917,35.838585,35.214554,35.565804,815145.5
2014-08-08,ATO,35.483597,36.230934,35.476124,36.22346,645918.1
2014-08-11,ATO,36.305668,36.499977,36.096413,36.320614,565337.44
2014-08-12,ATO,36.23841,36.46261,36.133778,36.2683,337667.94
2014-08-13,ATO,36.343037,36.73905,36.343037,36.716705,325190.3
2014-08-14,ATO,36.873646,37.06795,36.77649,37.045532,428964
2014-08-15,ATO,37.157635,37.411728,36.903538,37.195,290939.4
2014-08-18,ATO,37.411728,37.426678,37.045532,37.187527,281742.75
2014-08-19,ATO,37.32205,37.822765,37.195,37.785397,335242
2014-08-20,ATO,37.777924,37.88255,37.538776,37.852657,401557.38
2014-08-21,ATO,37.860188,38.048397,37.720913,37.79996,532107
2014-08-22,ATO,37.852657,37.980644,37.543995,37.671978,438381.56
2014-08-25,ATO,37.8376,37.929447,37.62681,37.694565,343755.56
2014-08-26,ATO,37.739735,37.927944,37.363316,37.40096,275780.7
2014-08-27,ATO,37.52894,37.68854,37.34073,37.62681,465979.84
2014-08-28,ATO,37.56658,37.888042,37.506355,37.867714,388689.56
2014-08-29,ATO,37.875244,38.108624,37.333202,38.063454,241745.45
2014-09-02,ATO,38.070984,38.379646,37.75479,37.890305,760677
2014-09-03,ATO,38.055923,38.26672,37.973114,38.21402,365638.1
2014-09-04,ATO,38.153793,38.31731,37.875244,38.048397,251181.77
2014-09-05,ATO,38.101097,38.650665,38.101097,38.628082,419507.66
2014-09-08,ATO,38.620552,38.746277,38.405994,38.628082,620153.94
2014-09-09,ATO,38.485043,38.703365,38.040867,38.08604,463505.2
2014-09-10,ATO,38.02581,38.13121,37.61175,37.769848,344215.16
2014-09-11,ATO,37.63434,37.9957,37.55905,37.98817,404975.94
2014-09-12,ATO,37.867714,37.905357,37.137466,37.34826,514435.2
2014-09-15,ATO,37.44613,37.65692,37.34073,37.513885,479208.47
2014-09-16,ATO,37.408485,37.93547,37.408485,37.739735,570015.56
2014-09-17,ATO,37.769848,37.890305,37.30309,37.53647,350462.2
2014-09-18,ATO,37.596695,37.63434,37.039597,37.182632,455826.25
2014-09-19,ATO,37.25792,37.416016,37.047123,37.06971,698955.8
2014-09-22,ATO,36.956783,37.077236,36.520138,36.813744,488043.03
2014-09-23,ATO,36.663177,36.904083,36.346985,36.354515,645220.44
2014-09-24,ATO,36.377098,36.40721,35.850113,35.940453,743343.9
2014-09-25,ATO,35.86517,36.05338,35.511333,35.571564,767653.25
2014-09-26,ATO,35.548977,35.548977,35.127388,35.39088,1017104.25
2014-09-29,ATO,35.11233,36.04585,35.11233,36.015736,935883.5
2014-09-30,ATO,36.015736,36.256645,35.804943,35.91034,956103
2014-10-01,ATO,35.857643,36.219,35.547092,35.72213,1096060.2
2014-10-02,ATO,35.63179,35.993153,35.594147,35.744713,567053.44
2014-10-03,ATO,35.917866,36.102314,35.594147,35.90281,662720.9
2014-10-06,ATO,35.95551,36.113605,35.737186,35.970566,745199.5
2014-10-07,ATO,35.77483,36.038322,35.639317,35.646847,788510.4
2014-10-08,ATO,35.67696,36.55778,35.609203,36.527668,701020
2014-10-09,ATO,36.55778,36.866444,35.827526,35.90281,752331.2
2014-10-10,ATO,36.038322,36.572838,35.857643,36.12113,828459.2
2014-10-13,ATO,35.985622,36.45238,35.944218,36.075962,1003099.9
2014-10-14,ATO,36.21147,36.73846,35.989388,36.69329,1180249.8
2014-10-15,ATO,36.377098,36.670704,35.564034,36.50508,1102260.8
2014-10-16,ATO,36.015736,37.009483,35.661903,37.001953,1387596
2014-10-17,ATO,37.67951,38.03334,37.11488,37.79996,3073911.2
2014-10-20,ATO,37.830074,38.432343,37.79996,38.281776,963569.44
2014-10-21,ATO,38.432343,38.80876,38.206566,38.575386,920277.2
2014-10-22,ATO,38.605495,39.13248,38.5001,38.71089,835454.06
2014-10-23,ATO,39.09484,39.501373,38.90663,39.08731,619131.1
2014-10-24,ATO,39.215294,39.222824,38.812527,38.86146,942614
2014-10-27,ATO,38.78618,38.981915,38.582912,38.86146,927932.25
2014-10-28,ATO,39.0045,39.456203,38.68831,39.43362,588801.9
2014-10-29,ATO,39.531487,39.764866,39.019558,39.486317,529356.06
2014-10-30,ATO,39.33575,40.148815,39.33575,40.141285,403946.5
2014-10-31,ATO,40.321968,40.321968,39.772396,39.900375,1071809.2
2014-11-03,ATO,39.98319,40.38972,39.810036,40.25421,699184.25
2014-11-04,ATO,40.38972,40.562874,40.05847,40.24668,724341.1
2014-11-05,ATO,40.592987,40.871536,40.321968,40.803783,694378.44
2014-11-06,ATO,41.25548,41.34582,40.555344,40.81884,1047527.8
2014-11-07,ATO,40.901653,41.029633,40.645687,40.976936,646360.1
2014-11-10,ATO,40.901653,41.089863,40.698387,40.879066,475211.56
2014-11-11,ATO,40.961876,41.074802,40.690857,40.833897,402909.1
2014-11-12,ATO,40.751083,40.751083,40.25421,40.57793,808227.75
2014-11-13,ATO,40.495117,41.067276,40.246758,41.03716,1449529.6
2014-11-14,ATO,40.939293,41.044617,40.043415,40.118702,706440.8
2014-11-17,ATO,40.0133,40.393486,39.94555,40.25421,1080213.5
2014-11-18,ATO,40.321968,40.525234,40.118702,40.216568,859954.75
2014-11-19,ATO,40.24668,40.261738,39.862736,40.005775,960651.1
2014-11-20,ATO,40.013355,40.267426,39.922348,40.25605,1311806
2014-11-21,ATO,40.650417,40.764103,40.415314,40.68834,838104.2
2014-11-24,ATO,40.665585,40.893105,40.400143,40.658,830352.4
2014-11-25,ATO,40.756596,40.840015,40.55941,40.718674,479935.94
2014-11-26,ATO,40.71109,40.96136,40.658,40.756596,426173
2014-11-28,ATO,40.695923,41.29506,40.695923,40.726257,383739.1
2014-12-01,ATO,40.73384,40.9917,40.335682,40.88552,701148.06
2014-12-02,ATO,40.877937,41.22119,40.612495,41.075123,772902.75
2014-12-03,ATO,41.022034,41.33298,41.022034,41.302643,784850.25
2014-12-04,ATO,41.21922,41.59842,41.173717,41.469494,647460.25
2014-12-05,ATO,41.25714,41.515,41.10546,41.226803,567360.4
2014-12-08,ATO,41.25714,41.590836,40.802097,41.075123,451771.5
2014-12-09,ATO,40.91586,41.78802,40.840015,41.757687,633192.1
2014-12-10,ATO,41.628757,41.76527,40.840015,40.86277,425269.78
2014-12-11,ATO,40.96136,41.662506,40.658,41.3709,430785.3
2014-12-12,ATO,40.953777,41.215652,40.25605,40.29397,699381.2
2014-12-15,ATO,40.4684,40.4684,39.71758,39.869263,678362
2014-12-16,ATO,39.84651,40.407726,39.45214,40.127117,809742
2014-12-17,ATO,40.172623,40.832436,40.05128,40.817265,397874.06
2014-12-18,ATO,41.19647,41.52258,40.9917,41.454323,537715.25
2014-12-19,ATO,41.393654,41.590836,40.855186,41.241974,978803.75
2014-12-22,ATO,41.204052,41.42399,40.90827,41.378487,355664.3
2014-12-23,ATO,41.408817,41.659092,41.249554,41.469494,455696.84
2014-12-24,ATO,41.42399,42.227898,41.42399,42.152058,251367.58
2014-12-26,ATO,42.205143,42.77395,42.007957,42.47817,406000.34
2014-12-29,ATO,42.61468,44.123905,42.607098,44.048065,757637.8
2014-12-30,ATO,43.888798,43.896385,43.115227,43.115227,449634.12
2014-12-31,ATO,43.319996,43.448925,42.258232,42.273403,749996.75
2015-01-02,ATO,42.409912,42.59951,41.977623,42.394745,556287.1
2015-01-05,ATO,42.061047,42.098965,41.363316,41.628757,491777.94
2015-01-06,ATO,41.659092,42.15964,41.249554,41.3709,739809.56
2015-01-07,ATO,41.674263,42.091385,41.226803,41.962456,726453.9
2015-01-08,ATO,42.227898,42.47817,42.152058,42.243065,985430.8
2015-01-09,ATO,42.296154,42.356823,41.643925,41.901783,570903.4
2015-01-12,ATO,42.106552,42.12172,41.5605,41.97004,546262.1
2015-01-13,ATO,42.273403,42.864956,41.74252,42.17481,450702.16
2015-01-14,ATO,41.924534,43.357914,41.924534,43.335163,758577.94
2015-01-15,ATO,43.479263,43.585438,43.204338,43.464096,981815.4
2015-01-16,ATO,43.259323,44.351425,43.25174,44.34384,660338.6
2015-01-20,ATO,44.34384,44.707874,43.585438,44.15424,604944.6
2015-01-21,ATO,44.0784,44.49552,43.64611,44.45002,783171.7
2015-01-22,ATO,44.753376,44.783714,44.199745,44.47277,785676.94
2015-01-23,ATO,44.632034,44.82922,44.442432,44.487938,532521.44
2015-01-26,ATO,44.404514,44.616867,43.729534,44.6017,554342.25
2015-01-27,ATO,44.586533,45.007446,44.260418,44.34384,711856.06
2015-01-28,ATO,44.45002,44.77613,43.479263,43.638527,733653.2
2015-01-29,ATO,43.866047,44.563778,43.524765,44.51069,445753.6
2015-01-30,ATO,44.222496,44.480354,43.062138,43.160732,1232623.9
2015-02-02,ATO,43.51718,43.79779,42.811867,43.60819,776600
2015-02-03,ATO,43.373085,43.96464,43.357914,43.92672,999465.56
2015-02-04,ATO,43.812958,44.123905,42.925625,43.04697,948755.1
2015-02-05,ATO,43.297245,43.676445,43.02422,43.562683,550415.56
2015-02-06,ATO,43.42617,43.604397,41.33298,41.780437,984888.94
2015-02-09,ATO,41.63634,42.04588,41.082706,41.325397,433881.28
2015-02-10,ATO,41.31023,41.81138,41.181297,41.674263,1051530.2
2015-02-11,ATO,41.674263,41.674263,40.478107,40.55941,1121673.6
2015-02-12,ATO,40.642834,40.80968,40.172623,40.324303,1926949.6
2015-02-13,ATO,40.347057,40.438065,39.596237,39.83134,1262211
2015-02-17,ATO,39.73275,40.06645,39.47489,39.84651,2054054.9
2015-02-18,ATO,39.7555,40.64473,39.596237,40.59733,2246328.5
2015-02-19,ATO,40.59733,40.742485,40.2841,40.38342,910810.2
2015-02-20,ATO,40.421616,40.55149,39.932674,40.436897,1076646.6
2015-02-23,ATO,40.436897,40.67365,40.261185,40.58969,514821.72
2015-02-24,ATO,40.681366,40.956394,40.505653,40.742485,515770.72
2015-02-25,ATO,40.795963,40.910557,40.467453,40.60497,962877.7
2015-02-26,ATO,40.666084,40.722622,40.085472,40.10075,640477.3
2015-02-27,ATO,40.238262,40.650806,40.06255,40.52093,1044524.94
2015-03-02,ATO,40.444534,40.58969,39.161064,39.81808,1110172.9
2015-03-03,ATO,40.230625,40.788322,39.963234,40.711926,1403687.2
2015-03-04,ATO,40.711926,40.711926,40.200066,40.58205,1034779.8
2015-03-05,ATO,40.627888,40.985424,40.467453,40.81888,755209.7
2015-03-06,ATO,40.3223,40.406338,39.703487,39.886837,1224472
2015-03-09,ATO,39.917397,40.169506,39.77988,39.86392,678667.3
2015-03-10,ATO,39.726402,40.29174,39.695843,39.741684,886012.06
2015-03-11,ATO,39.86392,39.955593,39.52013,39.764603,1255499.4
2015-03-12,ATO,39.993793,40.956394,39.993793,40.795963,781003.9
2015-03-13,ATO,40.734844,40.742485,39.967052,40.55913,745386
2015-03-16,ATO,40.689003,41.300182,40.689003,41.162666,1149147
2015-03-17,ATO,41.08627,41.51409,41.03279,41.445335,771885.75
2015-03-18,ATO,41.445335,42.755543,41.29254,42.52253,1080925.6
2015-03-19,ATO,42.255142,42.82048,42.04123,42.163464,958644.56
2015-03-20,ATO,42.33154,42.675327,42.094707,42.667683,2203215.5
2015-03-23,ATO,42.576008,42.644768,42.232224,42.346817,546057.25
2015-03-24,ATO,42.224583,42.49197,41.972473,42.163464,744705.3
2015-03-25,ATO,42.293343,42.61421,41.712723,41.743282,818608.8
2015-03-26,ATO,41.643967,41.896076,41.14739,41.170303,750515.75
2015-03-27,ATO,41.216145,41.720364,41.109188,41.720364,629495.2
2015-03-30,ATO,41.834957,42.39266,41.621048,42.30862,476900.06
2015-03-31,ATO,42.194023,42.55309,42.04887,42.2475,1210578.8
2015-04-01,ATO,42.155827,42.644768,41.712723,42.644768,588570.75
2015-04-02,ATO,42.72116,43.049667,42.461414,42.744083,691030.4
2015-04-06,ATO,42.7288,43.29414,42.629486,43.09551,805422.44
2015-04-07,ATO,43.08787,43.118427,42.39266,42.430855,419806.12
2015-04-08,ATO,42.52253,42.56837,42.06415,42.316257,392562.9
2015-04-09,ATO,42.224583,42.530094,41.79676,42.04123,496495.1
2015-04-10,ATO,42.232224,42.53017,41.972473,42.30098,318650.25
2015-04-13,ATO,42.194023,42.30098,41.666885,41.674526,399038.28
2015-04-14,ATO,41.85024,42.163464,41.705086,41.926636,551239.44
2015-04-15,ATO,42.125267,42.33154,41.8044,41.842598,587684.6
2015-04-16,ATO,41.79676,41.81204,41.06335,41.460613,499014.8
2015-04-17,ATO,41.269623,41.621048,41.114918,41.27726,305063.3
2015-04-20,ATO,41.52173,42.11763,41.407135,41.896076,478847.78
2015-04-21,ATO,41.88844,42.346817,41.682167,41.743282,803123.9
2015-04-22,ATO,41.834957,42.033516,41.35366,41.666885,642493.06
2015-04-23,ATO,41.735645,42.30862,41.701263,42.239864,540164.4
2015-04-24,ATO,42.255142,42.79756,42.010674,42.53781,392260.53
2015-04-27,ATO,42.667683,42.667683,41.88087,42.293343,630609.1
2015-04-28,ATO,42.27806,42.72116,41.81968,42.606567,446686.78
2015-04-29,ATO,42.339176,42.52253,42.10235,42.430855,289967.16
2015-04-30,ATO,42.155827,42.461414,41.00223,41.25434,810694.9
2015-05-01,ATO,41.414776,41.64015,41.14739,41.491173,354933.12
2015-05-04,ATO,41.498814,42.094707,41.437695,41.460613,402326.38
2015-05-05,ATO,41.269623,41.468254,40.05873,40.108387,1085031.9
2015-05-06,ATO,40.26882,40.556377,39.86392,40.207706,610964.3
2015-05-07,ATO,40.77304,40.86472,40.207706,40.849438,612154.2
2015-05-08,ATO,41.200863,41.391857,40.807423,41.185585,564585.5
2015-05-11,ATO,40.948753,41.506454,40.788322,40.956394,585939.75
2015-05-12,ATO,40.81888,41.02515,40.32994,40.444534,640681.5
2015-05-13,ATO,40.60497,40.788322,40.016712,40.108387,622019.75
2015-05-14,ATO,40.368137,40.902916,40.192425,40.795963,503411.6
2015-05-15,ATO,40.85708,41.177948,40.811237,41.132107,606805.8
2015-05-18,ATO,41.040432,41.552288,41.00223,41.53701,583430.5
2015-05-19,ATO,41.399494,41.605766,41.300182,41.475895,451361.06
2015-05-20,ATO,41.475895,41.682167,41.384216,41.468254,371692.94
2015-05-21,ATO,41.537506,41.64139,41.083504,41.237404,464150.6
2015-05-22,ATO,41.18354,41.268185,40.856503,41.168148,280815.5
2015-05-26,ATO,40.975773,41.037334,40.70645,40.9373,419435.72
2015-05-27,ATO,40.929604,41.145065,40.860348,41.098892,411366.84
2015-05-28,ATO,41.06042,41.57598,40.89113,41.545204,517610.1
2015-05-29,ATO,41.483643,41.6991,41.160454,41.568287,634407
2015-06-01,ATO,41.606762,41.922256,41.406693,41.622154,561959.8
2015-06-02,ATO,41.483643,41.560593,40.729534,40.9373,712534.56
2015-06-03,ATO,40.9373,41.168148,40.437126,40.529465,646381.06
2015-06-04,ATO,40.437126,40.729534,40.206276,40.283226,401245.94
2015-06-05,ATO,39.944645,40.190887,39.398304,39.58298,637535
2015-06-08,ATO,39.644543,39.767662,39.45986,39.552204,595334.8
2015-06-09,ATO,39.5599,39.921562,39.490643,39.529118,569915.6
2015-06-10,ATO,39.729187,39.92464,39.629154,39.667625,2830166.8
2015-06-11,ATO,39.944645,40.29092,39.73688,39.975426,915418.75
2015-06-12,ATO,39.8677,40.09085,39.54374,39.61376,517802.44
2015-06-15,ATO,39.659935,39.69456,39.11359,39.58298,789020.8
2015-06-16,ATO,39.421387,39.98312,39.290573,39.96773,801914.9
2015-06-17,ATO,40.129326,40.50638,39.73688,40.10624,441755.47
2015-06-18,ATO,40.160107,40.868046,40.160107,40.698753,436514.4
2015-06-19,ATO,40.968082,40.968082,40.467907,40.55255,931321.3
2015-06-22,ATO,40.67567,40.775707,40.275608,40.591026,484127.25
2015-06-23,ATO,40.52177,40.61411,40.02937,40.41404,1041481.44
2015-06-24,ATO,40.390957,40.617958,39.975426,39.975426,904324.5
2015-06-25,ATO,40.12163,40.144714,39.74458,39.759968,487060.3
2015-06-26,ATO,39.759968,39.946877,39.513725,39.821526,590165.2
2015-06-29,ATO,39.675323,40.183193,39.305965,39.575287,461075.84
2015-06-30,ATO,39.729187,39.975426,39.398304,39.45986,712620.3
2015-07-01,ATO,39.513725,39.66378,39.267487,39.61376,502159.78
2015-07-02,ATO,39.852306,40.206276,39.721493,40.144714,423756.72
2015-07-06,ATO,40.183193,40.406345,40.01621,40.344788,450145.34
2015-07-07,ATO,40.50638,41.606762,40.325546,41.422085,801773.25
2015-07-08,ATO,41.168148,41.522118,41.106586,41.422085,878859.9
2015-07-09,ATO,41.599068,41.776054,40.73723,40.73723,654578.6
2015-07-10,ATO,40.760315,41.264336,40.69106,41.037334,402091.97
2015-07-13,ATO,41.0912,41.491337,41.04503,41.191235,420856.12
2015-07-14,ATO,41.21432,41.51704,41.12198,41.2451,543111.1
2015-07-15,ATO,41.21432,41.399,40.99578,41.314354,425774.94
2015-07-16,ATO,41.468254,42.66867,41.291267,42.460907,1187146.5
2015-07-17,ATO,42.383957,42.383957,41.637543,41.676018,562336.7
2015-07-20,ATO,41.599068,41.799137,41.345135,41.537506,510087.03
2015-07-21,ATO,41.45286,41.845306,41.168148,41.2451,550873.4
2015-07-22,ATO,41.175842,41.82222,41.175842,41.676018,505280
2015-07-23,ATO,41.668324,41.668324,41.12198,41.21432,740417.7
2015-07-24,ATO,41.260487,41.529816,41.083504,41.399,544055.94
2015-07-27,ATO,41.414387,41.953037,40.91421,41.776054,517564.62
2015-07-28,ATO,41.78375,41.906868,41.414387,41.829918,424835.34
2015-07-29,ATO,41.629845,42.106937,41.414387,42.076157,517898.6
2015-07-30,ATO,41.93765,42.387802,41.722187,42.076157,419420.12
2015-07-31,ATO,42.399345,42.876434,42.110783,42.553246,471007
2015-08-03,ATO,42.59172,42.937992,42.34548,42.568634,294155.38
2015-08-04,ATO,42.491688,42.684063,41.999207,42.06077,432435.12
2015-08-05,ATO,42.09155,42.584026,42.09155,42.299313,402388.25
2015-08-06,ATO,42.014595,42.276226,41.437473,42.230057,592131.44
2015-08-07,ATO,42.12233,42.83796,41.899174,42.807182,416440.28
2015-08-10,ATO,42.82257,43.091896,42.40704,42.522465,472096.03
2015-08-11,ATO,42.37626,42.88413,42.230057,42.74562,534519.8
2015-08-12,ATO,42.59172,44.16157,42.59172,44.09224,832803.9
2015-08-13,ATO,43.838306,44.315395,43.615154,43.95373,472969.3
2015-08-14,ATO,43.884476,44.23845,43.661324,44.18458,399885.3
2015-08-17,ATO,44.069157,44.60011,43.861393,44.530853,471356.6
2015-08-18,ATO,44.47699,44.47699,43.951267,44.09224,481736.06
2015-08-19,ATO,43.830612,44.33848,43.761356,44.223057,634126.3
2015-08-20,ATO,43.851173,44.201363,43.54902,43.587757,658692.8
2015-08-21,ATO,43.246864,43.719467,43.006687,43.022182,811716.5
2015-08-24,ATO,41.821312,44.021618,40.349277,42.851738,2361075.8
2015-08-25,ATO,42.805252,43.72721,42.115723,42.20869,2138490.8
2015-08-26,ATO,43.060925,43.277855,41.488167,42.55733,2201606.2
2015-08-27,ATO,42.611565,43.347584,41.829063,42.88273,1495545
2015-08-28,ATO,42.87498,43.084167,42.231934,43.060925,876555
2015-08-31,ATO,42.936962,42.936962,42.123466,42.448868,883660.5
2015-09-01,ATO,41.99176,42.293915,41.371956,41.519157,1002119.75
2015-09-02,ATO,41.96077,41.99176,41.41844,41.64312,823508.6
2015-09-03,ATO,41.751587,41.751587,41.201508,41.41844,975787.56
2015-09-04,ATO,41.03881,41.03881,40.612694,40.72116,605002.3
2015-09-08,ATO,40.992325,41.736088,40.713413,41.61213,648853.56
2015-09-09,ATO,41.728344,42.154457,41.433937,41.519157,650589.56
2015-09-10,ATO,41.488167,41.829063,41.162773,41.278984,495979.56
2015-09-11,ATO,41.19376,41.914284,40.83737,41.898792,515970.38
2015-09-14,ATO,41.976265,42.363644,41.57339,42.053738,427807.1
2015-09-15,ATO,42.076984,42.394634,41.96077,42.301662,497685.9
2015-09-16,ATO,42.262924,42.96408,42.121918,42.820747,693317.9
2015-09-17,ATO,42.890476,43.688473,42.813,43.19263,779102.4
2015-09-18,ATO,42.813,43.456047,42.805252,43.01444,1199986
2015-09-21,ATO,43.308846,43.603252,43.020634,43.502533,769659.4
2015-09-22,ATO,43.525776,43.990627,43.23447,43.83568,1009962.2
2015-09-23,ATO,43.851173,43.96739,43.595505,43.85892,671029.56
2015-09-24,ATO,43.851173,44.17657,43.146145,44.068108,658536.6
2015-09-25,ATO,44.2463,45.1915,44.137833,44.672413,899595.8
2015-09-28,ATO,44.5562,44.858356,44.18432,44.625927,518908.1
2015-09-29,ATO,44.66467,44.796375,44.021618,44.238552,960136.2
2015-09-30,ATO,44.285038,45.16826,44.2463,45.075287,1017587.9
2015-10-01,ATO,45.075287,45.292217,44.447735,44.796375,853426.44
2015-10-02,ATO,44.959072,45.656353,44.66467,45.656353,789907.06
2015-10-05,ATO,45.710587,46.05148,45.439423,45.9895,639441.56
2015-10-06,ATO,45.96626,45.98175,45.323208,45.385193,935949.2
2015-10-07,ATO,45.431675,45.718334,45.036552,45.493656,889792.75
2015-10-08,ATO,45.47816,46.268414,45.361946,46.128956,618211.6
2015-10-09,ATO,46.167694,46.268414,45.59437,45.710587,1344879.4
2015-10-12,ATO,45.780315,46.485344,45.613743,46.14445,572373.94
2015-10-13,ATO,46.090218,46.175438,45.729958,45.79581,1257241.5
2015-10-14,ATO,45.842293,46.035984,45.54014,45.586628,669765.94
2015-10-15,ATO,45.679596,46.307148,45.5169,46.307148,373401.56
2015-10-16,ATO,46.36138,48.956814,46.307148,47.06641,1049418.5
2015-10-19,ATO,47.03542,47.44604,46.911457,47.205868,858630.6
2015-10-20,ATO,47.06641,47.376312,46.826233,46.872723,685435.44
2015-10-21,ATO,47.050915,47.229107,46.65579,46.725517,493926
2015-10-22,ATO,46.810738,47.043167,46.663536,46.988934,759789.2
2015-10-23,ATO,47.06641,47.070286,46.059227,46.43111,708037.4
2015-10-26,ATO,46.710022,48.042603,46.562817,47.887653,933496.8
2015-10-27,ATO,47.786934,48.058098,47.55451,47.934135,1020319
2015-10-28,ATO,48.073593,48.33701,47.539013,48.205303,753243.9
2015-10-29,ATO,47.82567,48.19755,47.59634,48.135574,753924.06
2015-10-30,ATO,48.127823,49.165997,48.08909,48.80961,2129382.2
2015-11-02,ATO,48.871593,49.049786,48.530697,48.83285,778320.2
2015-11-03,ATO,48.801865,49.10402,48.53845,48.956814,712858.25
2015-11-04,ATO,48.925823,49.402298,48.693394,48.840603,822859.4
2015-11-05,ATO,48.639164,49.196987,48.205303,48.453224,1112521
2015-11-06,ATO,47.83342,48.112328,46.175438,46.33814,1708404.2
2015-11-09,ATO,46.33039,46.33039,45.881035,46.090218,1388222.1
2015-11-10,ATO,46.206432,47.21361,46.206432,47.21361,972324.56
2015-11-11,ATO,47.12839,47.66297,47.058662,47.492523,633451.25
2015-11-12,ATO,47.38406,47.755943,46.857224,46.934704,440372.34
2015-11-13,ATO,46.934704,47.329052,46.53183,46.67903,771879.44
2015-11-16,ATO,46.68678,47.391808,46.454353,47.34532,410828.84
2015-11-17,ATO,47.38406,47.593243,46.857224,46.911457,481800.9
2015-11-18,ATO,47.043167,48.011612,46.632935,47.95738,807488.06
2015-11-19,ATO,48.363003,48.80763,48.035385,48.675022,1150849
2015-11-20,ATO,48.768627,49.09625,48.526814,48.760826,582730.5
2015-11-23,ATO,48.682823,49.002644,48.507313,48.65942,422922.47
2015-11-24,ATO,48.58922,48.994843,48.082184,48.877834,611617.1
2015-11-25,ATO,48.80763,48.916836,48.50341,48.51121,409527.12
2015-11-27,ATO,48.565815,49.12745,48.565815,49.01824,149539.44
2015-11-30,ATO,48.994843,49.185955,48.47221,48.60482,538235.8
2015-12-01,ATO,48.815434,49.09625,48.425407,48.82323,489194
2015-12-02,ATO,48.870037,48.870037,48.245995,48.3084,519997.2
2015-12-03,ATO,48.245995,48.245995,47.51275,47.69216,876155.9
2015-12-04,ATO,47.71556,48.62822,47.660957,48.558014,776282.56
2015-12-07,ATO,48.402004,48.530712,48.06658,48.3474,680247.5
2015-12-08,ATO,48.183594,48.58922,48.019783,48.519012,558742.25
2015-12-09,ATO,48.43321,49.13525,48.3552,48.79983,841111.9
2015-12-10,ATO,48.753025,48.82323,47.621956,47.69216,572019.6
2015-12-11,ATO,47.450348,48.06658,47.19293,47.434746,745897.25
2015-12-14,ATO,47.34894,47.762363,47.130524,47.473747,521102.25
2015-12-15,ATO,47.380142,48.15239,47.19293,48.043182,421358.47
2015-12-16,ATO,48.253796,49.533073,48.097786,49.345863,750835.44
2015-12-17,ATO,49.369267,49.689087,49.09625,49.25226,606599.5
2015-12-18,ATO,49.25226,49.26786,48.15239,48.994843,2178463.5
2015-12-21,ATO,48.80763,48.97144,48.136787,48.425407,756608.1
2015-12-22,ATO,48.409805,48.854435,47.910572,48.698425,838328.7
2015-12-23,ATO,48.83103,49.478474,48.698425,49.353664,440145.75
2015-12-24,ATO,49.197655,49.478474,49.080647,49.275658,158837.58
2015-12-28,ATO,49.25226,50.114212,49.189854,50.09471,711008.44
2015-12-29,ATO,50.266323,50.539337,49.977703,50.11811,428133.7
2015-12-30,ATO,50.0245,50.188313,49.884098,50.040108,410696.28
2015-12-31,ATO,50.008904,50.008904,49.080647,49.174255,579703.75
2016-01-04,ATO,49.158653,49.174255,48.374702,48.65162,689393.06
2016-01-05,ATO,48.66722,49.002644,48.227276,48.83103,757345.3
2016-01-06,ATO,48.698425,49.28346,48.519012,48.98704,525271.25
2016-01-07,ATO,48.49561,48.912937,48.3318,48.51121,553809.2
2016-01-08,ATO,48.50341,51.08537,48.12899,48.565815,618338.5
2016-01-11,ATO,48.136787,48.901234,48.136787,48.729626,643254.94
2016-01-12,ATO,48.90904,48.90904,47.980778,48.43321,681496.1
2016-01-13,ATO,48.573616,48.66722,47.980778,48.16019,659318.06
2016-01-14,ATO,48.269398,49.345863,48.253796,49.12745,583524
2016-01-15,ATO,47.629757,49.202335,46.802906,49.11965,889758.9
2016-01-19,ATO,49.494072,50.09471,49.189854,49.891895,799893.94
2016-01-20,ATO,49.80609,50.067406,48.011982,48.66722,746266.5
2016-01-21,ATO,48.706223,48.901234,48.06658,48.65942,840159.4
2016-01-22,ATO,48.90904,49.985504,48.222595,49.938698,723148.7
2016-01-25,ATO,50.01671,50.671165,49.408268,49.79829,929684.56
2016-01-26,ATO,50.032307,51.06977,50.032307,51.022972,1070666.9
2016-01-27,ATO,51.007366,51.40753,50.554935,50.804554,767130.56
2016-01-28,ATO,51.163372,52.739075,51.100975,52.411457,1289811
2016-01-29,ATO,52.817078,53.994953,52.70007,53.994953,2247940
2016-02-01,ATO,54.026157,54.455177,53.33971,53.503517,1448943.4
2016-02-02,ATO,53.565926,54.57999,52.997272,54.525387,1037865.06
2016-02-03,ATO,53.82334,55.024616,53.74534,54.38498,1349849.5
2016-02-04,ATO,54.338177,54.564384,53.706333,54.31477,1277683.5
2016-02-05,ATO,54.275772,54.48638,53.565926,54.236767,857116
2016-02-08,ATO,54.189964,54.540985,53.82724,54.48638,661319.2
2016-02-09,ATO,54.39278,55.36784,53.979347,55.227432,866121.9
2016-02-10,ATO,55.313236,55.313236,54.361576,54.821804,1121862.4
2016-02-11,ATO,54.431778,55.016815,54.28365,54.829605,808171.6
2016-02-12,ATO,55.313236,55.445843,53.62833,54.470783,1584333.6
2016-02-16,ATO,55.063618,55.321033,54.455177,54.938812,1426624.2
2016-02-17,ATO,54.95441,54.977818,53.84674,54.32257,1371353.4
2016-02-18,ATO,54.4089,55.868595,54.212704,55.578224,1556336.5
2016-02-19,ATO,55.16229,55.633156,54.832684,55.01318,1134932.5
2016-02-22,ATO,55.083813,55.2957,54.926853,55.217224,1014130.75
2016-02-23,ATO,55.217224,55.758724,55.075962,55.28785,770563.56
2016-02-24,ATO,55.28785,55.797962,54.36181,55.766567,1667194.1
2016-02-25,ATO,56.04909,56.42579,55.750874,56.20605,816729.3
2016-02-26,ATO,55.97061,56.135418,54.78167,55.05242,1121183.5
2016-02-29,ATO,54.97394,55.19368,53.482857,54.471684,8734061
2016-03-01,ATO,54.730656,54.91901,54.11068,54.36181,1154289.5
2016-03-02,ATO,54.385357,55.217224,53.836006,55.19368,951857.4
2016-03-03,ATO,55.16229,55.17014,54.244095,54.636486,1238829
2016-03-04,ATO,54.26764,55.78227,54.25979,55.484047,1310744.5
2016-03-07,ATO,55.177982,55.617462,54.997486,55.468353,1040977.7
2016-03-08,ATO,55.84505,55.994156,55.40557,55.54683,905073.6
2016-03-09,ATO,55.382027,56.088333,55.14659,55.648857,781418.8
2016-03-10,ATO,55.711636,55.93922,55.240765,55.66455,971123.9
2016-03-11,ATO,55.829353,55.95492,55.436962,55.68024,849904.1
2016-03-14,ATO,55.79011,56.033398,55.33494,55.94707,626142.5
2016-03-15,ATO,55.78227,56.58274,55.78227,56.284527,738884.7
2016-03-16,ATO,56.19035,56.81818,55.743027,56.77894,867735.9
2016-03-17,ATO,56.77894,57.414616,56.574894,57.241962,845253.1
2016-03-18,ATO,56.84957,57.08893,55.892136,56.567047,2100330
2016-03-21,ATO,56.355156,56.5023,55.719482,55.97061,755560.7
2016-03-22,ATO,56.119724,56.41794,55.829353,56.1982,575269.7
2016-03-23,ATO,56.26883,56.535656,55.79011,56.378696,484529.8
2016-03-24,ATO,56.410088,56.91235,56.221745,56.80248,625920.75
2016-03-28,ATO,57.085003,57.273354,56.59059,56.95159,490295.72
2016-03-29,ATO,57.139935,58.372044,56.731853,58.332806,847413
2016-03-30,ATO,58.544697,58.544697,57.95611,58.113068,636206.44
2016-03-31,ATO,58.02674,58.419132,57.657894,58.277874,1020978.5
2016-04-01,ATO,58.058136,58.74874,57.77561,58.5133,1008641.3
2016-04-04,ATO,58.73304,58.73304,57.924717,58.372044,887187.1
2016-04-05,ATO,58.35635,58.35635,57.34398,57.45385,603122.06
2016-04-06,ATO,57.32044,57.673588,57.12864,57.665745,632819.5
2016-04-07,ATO,57.642197,57.94826,57.391068,57.791306,1756965.6
2016-04-08,ATO,57.83839,58.521152,57.55587,58.22294,739028.7
2016-04-11,ATO,58.340652,58.560394,57.77561,57.86978,506841.75
2016-04-12,ATO,57.830547,58.38774,57.673588,58.06598,810342.8
2016-04-13,ATO,58.199394,58.199394,57.464836,57.987503,454984
2016-04-14,ATO,57.987503,58.332806,57.367523,57.367523,617619.06
2016-04-15,ATO,57.47739,58.02674,57.38322,57.783455,864342.56
2016-04-18,ATO,57.987503,57.987503,57.618652,57.822697,487540.8
2016-04-19,ATO,57.822697,58.285717,57.59511,58.10522,484267.3
2016-04-20,ATO,58.160152,58.45837,56.935898,56.990833,442911.84
2016-04-21,ATO,56.83387,56.83387,55.256466,55.40557,603469.94
2016-04-22,ATO,55.39772,56.080482,55.3114,55.962765,529969.2
2016-04-25,ATO,55.860744,56.135418,55.719482,55.97061,496362.4
2016-04-26,ATO,56.104023,56.535656,56.025547,56.276676,456418.78
2016-04-27,ATO,56.355156,56.88661,55.758724,56.34731,483552.47
2016-04-28,ATO,56.04125,56.880962,55.95492,56.5592,391874.7
2016-04-29,ATO,56.260986,57.045765,55.87644,56.935898,802181.3
2016-05-02,ATO,57.085003,57.540176,56.94374,57.249805,794316.7
2016-05-03,ATO,57.508785,57.673588,57.037918,57.147785,668000
2016-05-04,ATO,57.257656,58.725197,57.014374,58.144455,819897.06
2016-05-05,ATO,56.653374,58.74089,56.598442,57.73637,1179905.5
2016-05-06,ATO,57.74422,57.96396,57.13209,57.752064,736812.75
2016-05-09,ATO,57.99535,58.568237,57.79759,58.309265,690105.5
2016-05-10,ATO,58.38774,58.89785,58.24648,58.434826,513540.44
2016-05-11,ATO,58.466217,58.827217,58.175846,58.48976,724822.2
2016-05-12,ATO,58.340652,58.631023,58.17452,58.45837,1549577.9
2016-05-13,ATO,58.48976,58.874302,57.940414,58.277874,1035011.7
2016-05-16,ATO,58.403435,58.937088,58.07383,58.85076,1271986
2016-05-17,ATO,58.725197,58.725197,56.83387,57.1007,761524.1
2016-05-18,ATO,56.7397,57.548027,56.15896,56.32376,752962.5
2016-05-19,ATO,56.11063,56.805298,55.92117,56.750042,512033.78
2016-05-20,ATO,56.836876,57.00265,56.42639,56.915813,651040.44
2016-05-23,ATO,56.963184,57.072746,56.386917,56.4106,411515.78
2016-05-24,ATO,56.42639,57.21579,55.98432,57.168423,944381.8
2016-05-25,ATO,57.04212,57.255257,56.663208,56.72636,613874.25
2016-05-26,ATO,56.805298,57.192104,56.734257,57.128956,607705.06
2016-05-27,ATO,57.24736,57.389454,56.750042,57.381565,641993.06
2016-05-31,ATO,57.413143,57.736794,57.12106,57.547337,1283340.1
2016-06-01,ATO,57.547337,58.020977,57.326305,57.555233,679309.94
2016-06-02,ATO,57.642063,57.642063,57.168423,57.389454,699992.75
2016-06-03,ATO,58.01308,59.165607,57.807842,58.991943,716916.94
2016-06-06,ATO,59.19718,59.25244,58.5183,58.699863,680066.25
2016-06-07,ATO,58.67618,59.05509,57.68943,58.7788,450136.22
2016-06-08,ATO,58.889317,59.25244,58.691967,59.12614,419415.44
2016-06-09,ATO,59.20508,60.381287,59.12614,60.302345,351173.84
2016-06-10,ATO,60.31024,60.48391,59.883965,59.95501,417881.38
2016-06-13,ATO,60.010265,60.254986,59.662933,59.789234,493865.56
2016-06-14,ATO,59.8366,60.231304,59.560307,60.207615,618479.06
2016-06-15,ATO,60.28656,60.29445,59.441902,59.99448,697854.4
2016-06-16,ATO,59.915543,60.452335,59.812916,60.254986,340716.53
2016-06-17,ATO,59.947117,60.160255,59.42611,59.978695,770038.25
2016-06-20,ATO,59.978695,60.27077,59.615566,60.136574,502777.38
2016-06-21,ATO,60.136574,60.720726,59.8366,60.491802,420933.06
2016-06-22,ATO,60.66547,60.70494,60.278664,60.420757,626544.6
2016-06-23,ATO,60.53917,60.728622,60.207615,60.728622,416943.97
2016-06-24,ATO,60.21551,61.53381,59.87607,60.823353,688372.5
2016-06-27,ATO,60.649685,61.675823,60.626003,61.47066,632564.4
2016-06-28,ATO,61.596962,61.770634,60.878613,61.75485,565473
2016-06-29,ATO,62.039024,62.56793,61.845627,61.9443,536679.06
2016-06-30,ATO,62.24427,64.21777,62.11797,64.19409,1452691.2
2016-07-01,ATO,64.70721,64.70721,62.931053,63.523106,753235.6
2016-07-05,ATO,63.696774,64.13883,63.207344,64.044106,905388.94
2016-07-06,ATO,64.020424,64.383545,63.523106,64.067795,1114404.4
2016-07-07,ATO,63.704662,63.704662,62.7416,62.836323,590027.06
2016-07-08,ATO,62.77317,63.175766,62.11797,63.152084,673946.4
2016-07-11,ATO,62.923157,63.246815,62.441624,63.22313,654083.25
2016-07-12,ATO,62.781063,63.475742,62.49688,63.08104,720075.06
2016-07-13,ATO,63.53889,63.941486,63.251072,63.73624,465495.97
2016-07-14,ATO,63.215237,63.60994,63.017887,63.22313,549362.06
2016-07-15,ATO,63.278393,63.625725,62.978416,63.199448,438290.53
2016-07-18,ATO,63.2626,63.452053,62.931053,63.073147,327485
2016-07-19,ATO,63.183662,63.183662,62.91526,63.096825,312099.9
2016-07-20,ATO,63.10472,63.179718,62.84422,62.88369,269316.84
2016-07-21,ATO,62.71791,63.096825,62.31137,62.94684,350822.94
2016-07-22,ATO,62.852116,63.63362,62.781063,63.55468,291680.62
2016-07-25,ATO,63.254704,63.269707,62.860004,63.112614,368972.16
2016-07-26,ATO,63.191555,63.349434,62.670547,62.828426,314709.5
2016-07-27,ATO,62.828426,62.90737,61.88115,62.236378,653278.8
2016-07-28,ATO,62.204807,62.781063,61.97588,62.599506,425142.6
2016-07-29,ATO,62.662655,63.215237,62.623188,62.98631,710722.4
2016-08-01,ATO,62.88369,62.955368,62.42584,62.69423,359744.9
2016-08-02,ATO,62.481094,62.678444,62.086395,62.536354,475485.8
2016-08-03,ATO,62.631077,62.725807,61.754925,62.29164,476736.12
2016-08-04,ATO,61.52592,63.294178,61.494343,62.37058,587749.4
2016-08-05,ATO,62.339,62.339,61.344357,61.66801,476321.88
2016-08-08,ATO,61.549603,61.9443,61.044384,61.27331,447531.72
2016-08-09,ATO,61.225945,61.518024,61.01281,61.10754,381405.62
2016-08-10,ATO,61.225945,61.40751,60.949654,61.091747,409853.78
2016-08-11,ATO,61.06017,61.391716,60.93387,61.06017,277658.62
2016-08-12,ATO,61.32857,61.57328,60.902294,60.98913,223750.66
2016-08-15,ATO,60.997017,61.075962,59.733974,59.812916,596340.75
2016-08-16,ATO,59.59978,59.67872,58.620922,58.63671,627931.75
2016-08-17,ATO,58.597244,59.465584,58.313057,59.402428,584163.1
2016-08-18,ATO,59.545322,60.339153,59.4064,60.339153,711965.7
2016-08-19,ATO,59.648518,60.053375,59.140465,59.608826,495714.6
2016-08-22,ATO,59.712025,59.926357,59.521507,59.719967,381876.88
2016-08-23,ATO,59.78347,60.17245,59.41831,59.458,446292.28
2016-08-24,ATO,59.410366,59.509594,58.83087,59.31511,447292.5
2016-08-25,ATO,59.275417,59.704086,58.75951,59.473873,394232.16
2016-08-26,ATO,59.561195,59.95811,58.433956,58.576847,347742.44
2016-08-29,ATO,58.73561,59.481815,58.73561,59.132526,381810.12
2016-08-30,ATO,59.267483,59.751713,58.51334,58.656227,429038
2016-08-31,ATO,58.584785,58.925335,58.14818,58.505398,532406.25
2016-09-01,ATO,58.489525,58.624474,57.989414,58.14818,346912.28
2016-09-02,ATO,58.22756,59.06894,58.052914,58.719738,672553.06
2016-09-06,ATO,58.838814,59.489754,58.80706,59.291298,622722.6
2016-09-07,ATO,59.32305,60.44235,58.997578,59.942238,541044.1
2016-09-08,ATO,59.799347,60.148632,59.52944,59.846977,416793.6
2016-09-09,ATO,59.21191,59.577076,57.04475,57.060627,687934.2
2016-09-12,ATO,56.973305,58.2101,56.846294,58.1323,877344.56
2016-09-13,ATO,57.925903,57.989414,57.29878,57.624245,936085
2016-09-14,ATO,57.727448,58.195805,57.37816,57.66394,957706.7
2016-09-15,ATO,57.703632,58.418076,57.632183,58.354576,661114.9
2016-09-16,ATO,58.140236,58.92216,57.87034,58.81499,1092094.1
2016-09-19,ATO,58.81499,59.926357,58.81499,59.894604,626285.06
2016-09-20,ATO,60.267708,60.331215,59.65646,59.696148,782057.4
2016-09-21,ATO,59.87079,61.07742,59.767593,61.01391,487585.7
2016-09-22,ATO,61.458454,61.696606,60.847206,61.641037,781054.7
2016-09-23,ATO,61.315563,61.537834,60.839268,60.839268,599215.1
2016-09-26,ATO,60.799572,61.172672,60.65669,60.86308,347795.34
2016-09-27,ATO,60.926586,61.22824,60.152603,60.259773,416678.97
2016-09-28,ATO,60.323273,60.466164,59.68027,60.204197,348319.4
2016-09-29,ATO,60.22802,60.22802,59.100773,59.44212,477062.03
2016-09-30,ATO,59.775536,59.799347,58.70783,59.116653,800575.2
2016-10-03,ATO,59.01345,59.053146,58.14818,58.52922,617885.3
2016-10-04,ATO,58.45777,58.576847,56.163597,56.576385,729386.3
2016-10-05,ATO,56.703403,56.94949,55.933384,56.05246,732330.25
2016-10-06,ATO,55.996895,56.41366,55.593468,56.15566,635787.1
2016-10-07,ATO,56.48907,56.8066,55.488842,55.62379,724289.5
2016-10-10,ATO,55.504715,56.330303,55.314198,56.123905,485658.3
2016-10-11,ATO,55.925446,55.981014,54.718822,54.742638,746578.8
2016-10-12,ATO,54.82202,55.711113,54.82202,55.592037,416231.78
2016-10-13,ATO,55.67936,56.798664,55.67936,56.369995,664115.5
2016-10-14,ATO,56.23504,56.862167,55.89965,56.425564,604061.25
2016-10-17,ATO,56.512886,56.94949,56.37793,56.901863,332258.06
2016-10-18,ATO,57.124134,57.505177,56.425564,57.290836,577662.7
2016-10-19,ATO,57.330532,57.659973,56.89392,57.409912,459015.4
2016-10-20,ATO,57.3861,57.854458,57.042763,57.290836,552365.1
2016-10-21,ATO,56.973305,57.17176,56.60021,56.933617,372609.2
2016-10-24,ATO,57.346405,57.457542,56.810574,57.03681,288515.78
2016-10-25,ATO,56.933617,57.2829,56.790726,57.267025,323510.62
2016-10-26,ATO,57.147945,57.513107,56.838352,57.457542,283155.72
2016-10-27,ATO,57.17176,57.449608,56.60021,57.04475,394530.7
2016-10-28,ATO,57.09238,57.624245,56.973305,57.140015,303413.16
2016-10-31,ATO,57.66394,59.259544,57.306717,59.053146,1377397.6
2016-11-01,ATO,58.965824,58.965824,57.10032,57.11619,429662.8
2016-11-02,ATO,57.076504,57.132072,56.147724,56.266792,461989.56
2016-11-03,ATO,55.981014,56.973305,55.663486,56.647835,398723.03
2016-11-04,ATO,56.957428,57.42579,56.33824,56.33824,444283.06
2016-11-07,ATO,56.790726,57.806828,56.40175,57.751263,413769.03
2016-11-08,ATO,57.656,58.695923,57.656,58.084667,516758.1
2016-11-09,ATO,56.957428,57.727448,56.566868,57.211456,433245.44
2016-11-10,ATO,57.46548,57.989414,54.385494,55.941326,1038044.9
2016-11-11,ATO,55.798435,56.743095,55.76668,56.020706,733224.6
2016-11-14,ATO,55.631733,56.369995,55.16734,56.290615,710032.06
2016-11-15,ATO,56.465252,57.163826,56.369995,56.719276,733374.56
2016-11-16,ATO,56.631954,57.132072,56.147724,56.584328,612585.7
2016-11-17,ATO,56.282673,56.941555,56.23504,56.576385,484707.25
2016-11-18,ATO,56.854233,57.33847,56.61608,56.862167,785424.6
2016-11-21,ATO,57.068565,58.100548,56.878048,57.822704,730058.94
2016-11-22,ATO,57.727448,58.14818,57.29878,57.457542,728234.9
2016-11-23,ATO,56.78655,57.505466,56.78655,57.154,535264.2
2016-11-25,ATO,57.289795,58.248352,57.289795,58.22439,323773.97
2016-11-28,ATO,58.416096,58.44805,57.896885,58.072613,804953.2
2016-11-29,ATO,57.920845,59.350697,57.809013,59.230873,924514.06
2016-11-30,ATO,58.1525,58.76757,56.810516,56.810516,1209092.9
2016-12-01,ATO,56.674717,57.102077,55.57238,56.04367,981213
2016-12-02,ATO,56.43508,57.289795,56.43508,57.090096,724902.9
2016-12-05,ATO,56.986248,56.986248,56.131535,56.83448,538666.8
2016-12-06,ATO,56.978264,57.138023,56.530933,56.762585,543675.6
2016-12-07,ATO,57.13003,57.76108,56.762585,57.76108,791723.3
2016-12-08,ATO,57.209915,58.432076,56.698685,58.392136,564441.8
2016-12-09,ATO,58.511955,58.731625,58.048653,58.495983,377902.78
2016-12-12,ATO,58.272312,59.150997,58.184444,59.08709,631936.94
2016-12-13,ATO,59.2788,59.734116,58.951298,59.07111,576702.75
2016-12-14,ATO,59.390633,59.55838,57.832977,57.84097,608136.2
2016-12-15,ATO,57.6173,58.480003,57.52943,58.312256,567748
2016-12-16,ATO,58.48799,59.46253,58.426403,59.238865,2000539.5
2016-12-19,ATO,59.56637,59.686188,58.815495,59.19892,596056.8
2016-12-20,ATO,59.230873,59.79403,59.035168,59.44655,523448.97
2016-12-21,ATO,59.254837,59.90985,59.18294,59.326725,292276.62
2016-12-22,ATO,59.36667,59.766068,58.99922,59.638264,393834.22
2016-12-23,ATO,59.766068,59.901863,59.44495,59.59832,256002.14
2016-12-27,ATO,59.27081,60.10955,58.903366,59.69418,319811.75
2016-12-28,ATO,59.750095,59.750095,58.711655,58.86343,324602.72
2016-12-29,ATO,58.991234,59.79802,58.991234,59.630272,451719.94
2016-12-30,ATO,59.702164,59.811836,59.103065,59.230873,415223.88
2017-01-03,ATO,59.38264,59.550396,58.827477,59.550396,565258.06
2017-01-04,ATO,59.638264,60.5409,59.638264,59.885887,831693.3
2017-01-05,ATO,59.821983,60.30925,59.119045,59.590332,499108.66
2017-01-06,ATO,59.39862,59.590332,59.119045,59.24685,639077.7
2017-01-09,ATO,59.37466,59.37466,58.432076,58.480003,398979.47
2017-01-10,ATO,58.503967,58.743607,57.94481,58.543907,574742.3
2017-01-11,ATO,58.37616,59.18294,58.37616,59.18294,423818.03
2017-01-12,ATO,59.119045,59.702164,58.480003,59.518444,614301.75
2017-01-13,ATO,59.318745,59.98174,59.310753,59.79802,489712.03
2017-01-17,ATO,60.0776,60.30925,59.56637,59.702164,429580.44
2017-01-18,ATO,59.662228,60.532913,59.662228,60.101562,514374.1
2017-01-19,ATO,59.71015,60.229374,59.190933,59.318745,440365.38
2017-01-20,ATO,59.36667,59.79003,59.214897,59.6782,437307.03
2017-01-23,ATO,59.726124,59.901863,59.185345,59.422585,371524.47
2017-01-24,ATO,59.44655,60.141502,59.127026,60.021683,518739.38
2017-01-25,ATO,59.734116,60.38114,59.67021,59.89388,555567.25
2017-01-26,ATO,59.949795,60.612793,59.90985,60.46901,461074
2017-01-27,ATO,60.461025,60.82048,59.99772,60.18144,263920.28
2017-01-30,ATO,59.95778,60.221382,59.470512,59.766068,329508.8
2017-01-31,ATO,59.829975,60.91634,59.6782,60.852432,622708.1
2017-02-01,ATO,60.461025,60.892376,59.350697,59.55838,433545.12
2017-02-02,ATO,59.58234,60.085587,59.430573,59.97376,547342.4
2017-02-03,ATO,60.365166,60.660725,60.045647,60.612793,316528.06
2017-02-06,ATO,60.82048,60.82048,59.965767,60.101562,455366.7
2017-02-07,ATO,60.045647,60.764565,60.045647,60.68469,663678.44
2017-02-08,ATO,60.60401,60.60401,57.97676,60.293278,1020200.3
2017-02-09,ATO,60.40511,60.70066,60.00571,60.029675,478241.03
2017-02-10,ATO,59.90985,60.333214,59.75808,60.26931,438153.3
2017-02-13,ATO,60.3412,60.476997,60.00571,60.413094,285626.66
2017-02-14,ATO,59.925827,60.429073,59.925827,60.101562,450818.6
2017-02-15,ATO,59.502464,60.48499,59.490482,60.461025,384050.78
2017-02-16,ATO,60.612793,60.876396,60.229374,60.628773,417174.28
2017-02-17,ATO,60.492977,60.78054,59.965767,60.740604,507737.88
2017-02-21,ATO,60.43706,61.539402,60.40511,61.539402,532004.3
2017-02-22,ATO,61.467506,61.874893,61.307747,61.707146,501190.53
2017-02-23,ATO,61.924088,62.58294,61.739285,62.494556,450140.25
2017-02-24,ATO,62.47045,63.12127,62.406174,62.81595,391716.78
2017-02-27,ATO,62.7115,63.00075,62.631145,62.888256,349200.4
2017-02-28,ATO,62.864155,63.281967,62.58294,62.90433,662844.1
2017-03-01,ATO,62.1812,63.330173,61.136673,63.16948,510077.12
2017-03-02,ATO,63.032883,63.627464,62.952538,63.34624,463056.6
2017-03-03,ATO,63.34624,63.37838,62.590973,62.992714,428438.34
2017-03-06,ATO,62.93647,62.93647,62.550797,62.775772,307496.72
2017-03-07,ATO,62.631145,62.896294,62.50259,62.67936,347093.3
2017-03-08,ATO,62.028538,62.45189,61.51431,61.570553,399868.84
2017-03-09,ATO,61.642868,61.891945,61.200954,61.265236,414527.6
2017-03-10,ATO,61.771423,62.558834,61.490208,62.534733,580503.44
2017-03-13,ATO,62.39814,62.79988,62.253517,62.78381,390844.3
2017-03-14,ATO,62.767742,62.976643,62.518658,62.93647,517191.2
2017-03-15,ATO,63.17751,64.5644,63.17751,64.238106,597632.7
2017-03-16,ATO,64.27024,64.27024,63.523006,63.8444,478291.6
2017-03-17,ATO,63.788155,64.471115,63.587288,64.22204,1478068.2
2017-03-20,ATO,64.30238,64.655914,63.117252,63.209652,371254.5
2017-03-21,ATO,63.217686,64.286316,63.129303,64.19793,577144.25
2017-03-22,ATO,64.18186,64.41487,63.619427,64.17383,557636.56
2017-03-23,ATO,64.093475,64.72019,63.94082,64.3988,410381.88
2017-03-24,ATO,64.49522,64.607704,64.238106,64.39076,351506.62
2017-03-27,ATO,64.39076,64.64788,63.643528,64.52735,326709.44
2017-03-28,ATO,64.25417,64.728226,64.06134,64.59967,419957.72
2017-03-29,ATO,64.471115,64.471115,64.069374,64.15775,432290.34
2017-03-30,ATO,64.25417,64.25417,63.37035,63.4748,585247.8
2017-03-31,ATO,63.458733,63.82833,63.281967,63.466763,609226
2017-04-03,ATO,63.394455,63.490868,63.00878,63.394455,507925.25
2017-04-04,ATO,63.289997,64.209984,63.16948,63.997063,501907.66
2017-04-05,ATO,64.045265,64.374695,63.683704,64.30238,409503.2
2017-04-06,ATO,64.41487,64.63181,63.820297,64.559494,279222.16
2017-04-07,ATO,64.55146,64.824646,64.33452,64.374695,229646.47
2017-04-10,ATO,64.41487,64.49522,64.029205,64.471115,249856.1
2017-04-11,ATO,64.50325,64.728226,64.184105,64.67198,379277.12
2017-04-12,ATO,64.49522,64.80054,64.262215,64.67198,358452.66
2017-04-13,ATO,64.680016,64.680016,63.892605,64.3988,389790.16
2017-04-17,ATO,64.519325,65.1139,64.238106,65.08176,230441.77
2017-04-18,ATO,65.194244,65.20228,64.50325,64.93713,410115.53
2017-04-19,ATO,64.913025,64.913025,64.20597,64.326485,346391.34
2017-04-20,ATO,64.34256,64.39076,63.796192,64.214,316127.94
2017-04-21,ATO,64.141685,64.50325,63.972958,64.141685,480348.9
2017-04-24,ATO,64.374695,64.46308,63.989025,64.286316,467407.66
2017-04-25,ATO,64.20597,64.84071,63.683704,64.64788,334688.5
2017-04-26,ATO,64.680016,65.62812,64.471115,65.29869,503080.06
2017-04-27,ATO,65.4594,65.941475,65.314766,65.40315,376770.5
2017-04-28,ATO,65.37904,65.37904,64.559494,65.097824,1110623.4
2017-05-01,ATO,65.30673,65.30673,64.67198,64.84875,445471.78
2017-05-02,ATO,64.80054,65.46341,64.67198,64.85678,331631.78
2017-05-03,ATO,64.63984,64.82866,64.262215,64.36666,294585.38
2017-05-04,ATO,64.76036,65.451355,63.113235,65.38708,538929.2
2017-05-05,ATO,65.78882,66.182526,65.42725,66.02183,443553.88
2017-05-08,ATO,66.16645,66.479805,65.56384,65.81293,352099.03
2017-05-09,ATO,65.71651,65.72454,64.64788,64.72019,411996.1
2017-05-10,ATO,64.7684,65.21032,64.607704,64.99337,295785.16
2017-05-11,ATO,64.69608,64.93713,64.41487,64.913025,436682.5
2017-05-12,ATO,65.08176,65.51563,64.78447,65.354935,471387.84
2017-05-15,ATO,65.28262,65.65223,65.15407,65.37101,397380.9
2017-05-16,ATO,65.44332,65.587944,64.471115,64.54343,315941.25
2017-05-17,ATO,64.54343,65.0456,64.189896,64.72019,523862.2
2017-05-18,ATO,64.833305,65.26154,64.21116,64.93027,405385
2017-05-19,ATO,65.05955,65.617065,64.50204,65.512024,302757.8
2017-05-22,ATO,65.54434,66.053375,65.160545,65.87562,489911.78
2017-05-23,ATO,65.98066,66.53009,65.68978,66.328094,410904.84
2017-05-24,ATO,66.42506,66.65937,66.174576,66.38466,357510.78
2017-05-25,ATO,66.49778,67.25325,66.25538,67.144165,441366.78
2017-05-26,ATO,67.17649,67.30577,66.76441,66.94217,457521.62
2017-05-30,ATO,67.01489,67.358284,66.65129,67.21689,345805.22
2017-05-31,ATO,67.257286,67.56432,67.04721,67.31384,1253904.1
2017-06-01,ATO,67.29769,68.243034,67.18457,68.21072,586071.1
2017-06-02,ATO,68.638954,68.84095,68.089516,68.58239,347331.25
2017-06-05,ATO,68.44504,68.54555,67.75016,67.7744,323901.56
2017-06-06,ATO,67.87944,68.08144,67.6936,67.952156,521970.25
2017-06-07,ATO,68.03296,68.10568,67.66136,67.70168,454141.66
2017-06-08,ATO,67.49161,67.72592,66.732086,67.49969,543807.1
2017-06-09,ATO,67.45928,67.72592,67.08761,67.58048,382118.7
2017-06-12,ATO,67.60472,67.88752,67.250496,67.790565,390424.47
2017-06-13,ATO,67.936005,68.55815,67.63704,68.138,439570.97
2017-06-14,ATO,68.59048,69.010635,68.32384,68.75207,431906.28
2017-06-15,ATO,68.485435,68.85712,68.14204,68.760155,449827.25
2017-06-16,ATO,68.77631,69.172226,68.51776,69.11567,820132.7
2017-06-19,ATO,69.010635,69.09143,68.44504,68.72783,347820.1
2017-06-20,ATO,68.67127,68.72783,68.18648,68.32384,835447.2
2017-06-21,ATO,68.34,68.34,67.63704,67.7744,266271.06
2017-06-22,ATO,67.76633,67.98448,67.37849,67.42696,294033.72
2017-06-23,ATO,67.43504,67.976395,67.3906,67.47545,676948.2
2017-06-26,ATO,67.72592,68.243034,67.265366,68.12183,589573.6
2017-06-27,ATO,67.80672,68.15416,67.07953,67.45928,522176.94
2017-06-28,ATO,67.790565,68.1784,67.31384,67.34617,498049.25
2017-06-29,ATO,67.04721,67.06337,66.36849,66.861374,676797.2
2017-06-30,ATO,67.05529,67.402725,66.998726,67.022964,471761.88
2017-07-03,ATO,67.37041,67.56432,66.8129,67.022964,283356.62
2017-07-05,ATO,66.92601,67.15225,66.36849,66.80481,522081.66
2017-07-06,ATO,66.53817,66.998726,66.37658,66.82905,618707.56
2017-07-07,ATO,66.82905,67.92792,66.78882,67.6128,480382
2017-07-10,ATO,67.83904,67.91984,67.30577,67.36233,823385.25
2017-07-11,ATO,67.49969,67.58048,66.53817,66.594734,450465.88
2017-07-12,ATO,67.33808,67.83904,67.257286,67.669365,392876.22
2017-07-13,ATO,67.75824,67.75824,66.837135,67.24921,345968.6
2017-07-14,ATO,67.70976,68.202644,67.439,67.70168,443105.66
2017-07-17,ATO,67.734,67.952156,67.51585,67.87136,327099.62
2017-07-18,ATO,68.057205,68.11376,67.62089,67.936005,293280
2017-07-19,ATO,68.04104,68.44504,67.80672,68.348076,344369.56
2017-07-20,ATO,68.71976,69.22879,68.32384,69.10759,836355.6
2017-07-21,ATO,69.25303,69.68126,69.02275,69.66511,218386.95
2017-07-24,ATO,69.66511,69.66511,69.14799,69.446945,252395.94
2017-07-25,ATO,69.48734,70.27918,69.38231,70.21454,624689.06
2017-07-26,ATO,70.1095,70.36806,69.88326,70.1095,347296.6
2017-07-27,ATO,70.02062,70.4731,69.75398,70.31149,315408.9
2017-07-28,ATO,70.31149,70.469055,69.729744,69.9479,272816.94
2017-07-31,ATO,70.01254,70.23878,69.584305,70.101425,701381.6
2017-08-01,ATO,70.246864,70.64278,69.996376,70.60237,429931.03
2017-08-02,ATO,70.60237,71.66085,70.263016,71.66085,381204.1
2017-08-03,ATO,70.53774,71.28109,69.7257,70.62662,658353.94
2017-08-04,ATO,70.545815,70.941734,70.12566,70.44886,455995.62
2017-08-07,ATO,70.5135,70.618454,70.07719,70.19838,359180.34
2017-08-08,ATO,70.287254,70.77205,70.00446,70.77205,527419.56
2017-08-09,ATO,70.82053,71.18413,70.41654,70.64278,605448.75
2017-08-10,ATO,70.50542,71.002335,70.30342,70.83669,276325.62
2017-08-11,ATO,70.83669,70.88518,70.17414,70.42462,325619.4
2017-08-14,ATO,70.57813,70.97405,70.545815,70.89325,266040.88
2017-08-15,ATO,70.5135,71.27301,70.5135,70.925575,439436.06
2017-08-16,ATO,71.03869,71.59621,70.941734,71.42653,303437.25
2017-08-17,ATO,71.40216,71.49962,71.012344,71.02859,357103.22
2017-08-18,ATO,70.90676,71.02453,70.516945,70.752464,361369.8
2017-08-21,ATO,70.80931,71.272224,70.68749,71.134155,395656.34
2017-08-22,ATO,71.10168,71.62144,70.890526,71.61332,244554.27
2017-08-23,ATO,71.56459,71.75137,71.19102,71.69453,195645.62
2017-08-24,ATO,71.69453,71.93817,71.32095,71.80011,271236.06
2017-08-25,ATO,71.889435,72.124954,71.75137,71.84883,244081.42
2017-08-28,ATO,71.94628,72.051865,71.62144,72.027504,242521.33
2017-08-29,ATO,72.09247,72.27926,71.58083,71.62144,244070.34
2017-08-30,ATO,71.89756,72.04374,71.36156,71.4509,333227.62
2017-08-31,ATO,71.62144,71.80823,71.369675,71.49962,534685.2
2017-09-01,ATO,71.83259,71.83259,71.32095,71.59708,296179.22
2017-09-05,ATO,71.72701,71.97066,71.23161,71.483376,319247.06
2017-09-06,ATO,71.62144,71.72701,70.354515,70.43574,621474.6
2017-09-07,ATO,70.703735,71.04889,70.37888,70.97986,554621.7
2017-09-08,ATO,70.90676,71.00422,70.45603,70.83368,592252.56
2017-09-11,ATO,70.8824,71.605194,70.87022,71.47526,366197.88
2017-09-12,ATO,71.43465,71.49149,70.19209,70.443855,261265.94
2017-09-13,ATO,70.443855,70.561615,69.70482,69.761665,431965.94
2017-09-14,ATO,69.78603,70.776825,69.5099,70.614395,644498.1
2017-09-15,ATO,70.752464,70.94737,70.387,70.76058,669788.5
2017-09-18,ATO,70.752464,70.81743,69.87537,70.24895,273766.47
2017-09-19,ATO,70.28143,70.52913,69.68046,69.78603,426665.06
2017-09-20,ATO,69.94034,69.95658,68.77493,69.095726,547737.3
2017-09-21,ATO,69.12009,69.39621,68.58408,68.6653,339986.44
2017-09-22,ATO,68.80336,68.9333,68.02372,68.129295,371894.03
2017-09-25,ATO,68.03184,69.19318,68.03184,69.030754,348088.62
2017-09-26,ATO,68.91705,69.810394,68.74651,69.355606,367798.6
2017-09-27,ATO,68.92518,69.17693,67.70699,68.299835,547704.06
2017-09-28,ATO,68.202385,68.49475,67.73948,68.462265,359873.72
2017-09-29,ATO,68.35669,68.52724,68.05214,68.088684,473432.4
2017-10-02,ATO,68.275475,68.811485,67.893776,68.76275,345385.84
2017-10-03,ATO,68.85209,68.85209,68.275475,68.551605,395836.1
2017-10-04,ATO,68.649055,68.84396,68.316086,68.76275,331426.2
2017-10-05,ATO,68.811485,69.1607,68.66123,68.86833,335521.62
2017-10-06,ATO,68.6653,69.22566,68.551605,69.217545,384680.22
2017-10-09,ATO,69.25002,69.591125,69.06324,69.32312,282803.22
2017-10-10,ATO,69.43682,69.86724,69.27602,69.75355,307167.66
2017-10-11,ATO,69.71294,70.50883,69.71294,70.0053,277341.03
2017-10-12,ATO,69.997185,70.71998,69.997185,70.48446,369949.75
2017-10-13,ATO,70.728096,70.98798,70.03779,70.0784,261265.94
2017-10-16,ATO,70.070274,70.565674,69.78603,70.04591,371783.22
2017-10-17,ATO,69.997185,70.516945,69.90785,70.02155,390410.84
2017-10-18,ATO,69.88349,70.33828,69.501785,70.19209,331044.47
2017-10-19,ATO,70.24082,70.73622,69.98501,70.71998,374622.66
2017-10-20,ATO,70.66313,70.866165,70.12712,70.54943,408676.47
2017-10-23,ATO,70.59816,70.59816,70.22458,70.31392,293579.88
2017-10-24,ATO,70.330154,70.370766,69.6967,70.094635,282329.16
2017-10-25,ATO,70.03779,70.03779,68.90081,69.87537,393410.38
2017-10-26,ATO,70.21646,70.54131,69.89161,70.13525,299240.3
2017-10-27,ATO,70.094635,70.890526,69.89161,70.890526,334791.44
2017-10-30,ATO,70.825554,70.94737,70.354515,70.606285,347769.72
2017-10-31,ATO,70.65501,71.17477,70.29767,70.849915,674699.06
2017-11-01,ATO,71.07731,71.316895,70.354515,70.630646,417794.5
2017-11-02,ATO,70.59816,71.06919,70.20022,70.26518,397963.84
2017-11-03,ATO,70.21646,71.296585,70.10682,71.134155,480587.7
2017-11-06,ATO,71.085434,71.58083,70.776825,71.33719,374195.4
2017-11-07,ATO,71.51586,72.08435,71.23974,71.930046,788878.3
2017-11-08,ATO,71.98689,72.48229,71.62144,72.47417,435196.97
2017-11-09,ATO,72.62035,73.40519,72.41326,72.92084,611642.4
2017-11-10,ATO,72.65284,72.91272,72.21031,72.4092,565967.25
2017-11-13,ATO,72.48229,73.19696,72.336105,72.71781,600413.8
2017-11-14,ATO,72.60411,73.724846,72.55132,73.52994,393696.06
2017-11-15,ATO,73.65176,73.90351,72.6772,72.74217,536576.5
2017-11-16,ATO,72.92084,73.205086,72.24677,73.05078,713179.5
2017-11-17,ATO,72.99393,73.0589,72.21429,72.547264,568894.1
2017-11-20,ATO,72.70156,72.7503,72.1412,72.36859,457843.7
2017-11-21,ATO,72.685326,72.96957,72.41732,72.62035,565809.6
2017-11-22,ATO,72.685326,72.758415,71.97066,72.36047,422572.1
2017-11-24,ATO,72.62586,72.65852,71.9726,72.44622,168091.84
2017-11-27,ATO,72.44622,73.09131,71.9971,73.083145,424893.62
2017-11-28,ATO,73.24645,74.16918,73.18929,73.7119,590482.3
2017-11-29,ATO,73.083145,74.12835,72.79734,73.90788,2078235.9
2017-11-30,ATO,74.27534,75.459366,74.03853,75.361374,1465832.6
2017-12-01,ATO,75.49203,75.72067,74.503975,75.32055,554775.75
2017-12-04,ATO,75.62268,76.39434,74.81428,74.87959,1038089.25
2017-12-05,ATO,74.985756,75.27155,74.34474,74.67545,987988.3
2017-12-06,ATO,74.78977,75.10824,74.6428,74.65913,467630.88
2017-12-07,ATO,74.65913,74.8551,74.177345,74.765274,909283.6
2017-12-08,ATO,74.58563,75.06741,74.58563,74.96126,638475.7
2017-12-11,ATO,74.96126,75.304214,74.52847,75.05108,806047.06
2017-12-12,ATO,74.96126,75.1409,72.88717,72.903496,657466.06
2017-12-13,ATO,73.02598,73.83439,73.02598,73.45876,767462.56
2017-12-14,ATO,73.221954,73.92421,72.72385,73.017815,843767
2017-12-15,ATO,73.197464,74.0467,72.06242,72.97699,2029611.9
2017-12-18,ATO,73.017815,73.60574,72.22574,72.43805,662018
2017-12-19,ATO,72.20124,72.35639,71.00905,71.19686,962457.1
2017-12-20,ATO,71.090706,71.4255,70.41058,70.674255,733748.44
2017-12-21,ATO,70.50277,70.66609,69.29425,69.29425,690897.3
2017-12-22,ATO,69.4739,69.865845,69.22076,69.482056,407649.6
2017-12-26,ATO,69.26975,69.7107,69.01662,69.08194,698430.06
2017-12-27,ATO,69.15543,69.996506,69.15543,69.400406,642763.1
2017-12-28,ATO,69.52289,69.931175,69.36774,69.89034,814070.9
2017-12-29,ATO,69.92301,70.33946,69.7352,70.135315,949058.44
2018-01-02,ATO,70.167984,70.323135,69.40857,69.44123,819050.25
2018-01-03,ATO,69.25342,69.80583,68.76348,68.86963,564185.8
2018-01-04,ATO,68.86963,69.58822,68.57567,68.57567,473845.88
2018-01-05,ATO,68.61649,68.73898,67.83259,67.93058,462694.38
2018-01-08,ATO,67.92241,68.240875,67.67744,68.14288,930537.1
2018-01-09,ATO,68.28986,68.34702,67.36714,67.44063,709143.1
2018-01-10,ATO,67.20383,67.20383,65.89731,65.97897,582167.06
2018-01-11,ATO,65.81566,66.26068,65.3004,65.325714,756497.2
2018-01-12,ATO,65.01542,65.6401,64.59489,65.19506,903870.75
2018-01-16,ATO,65.268555,65.95447,65.07258,65.40737,778169.56
2018-01-17,ATO,65.64417,66.25661,65.52169,65.9953,1025137.5
2018-01-18,ATO,65.742165,66.32193,65.09708,65.88915,1230833
2018-01-19,ATO,66.02796,66.52608,65.64417,66.00347,1025191.44
2018-01-22,ATO,66.11779,66.640396,66.06063,66.46892,760953.6
2018-01-23,ATO,66.5914,67.38347,66.26477,67.171165,1172132.6
2018-01-24,ATO,67.07317,67.38347,66.91802,67.163,764329.94
2018-01-25,ATO,66.98335,67.857086,66.844536,67.70194,676733.2
2018-01-26,ATO,67.77543,68.03665,67.3304,67.791756,787431.44
2018-01-29,ATO,67.53046,67.95507,66.958855,67.26099,1073764
2018-01-30,ATO,67.34264,67.92241,67.27732,67.350815,848606.75
2018-01-31,ATO,67.60395,67.70194,66.8999,67.69377,1702200.1
2018-02-01,ATO,67.82442,68.0204,66.88537,67.19566,720099.94
2018-02-02,ATO,66.77921,67.12625,66.24027,66.55057,1064235.1
2018-02-05,ATO,66.33826,66.873116,64.72145,64.762276,1226986.4
2018-02-06,ATO,64.141685,64.60304,62.43505,63.717068,1290706.5
2018-02-07,ATO,64.762276,66.00347,63.84772,64.084526,1312152.2
2018-02-08,ATO,64.24784,65.58701,63.69257,64.46831,1379514.4
2018-02-09,ATO,64.762276,66.640396,64.615295,66.23211,901820.7
2018-02-12,ATO,66.38726,66.51791,64.884766,65.64417,1220668.5
2018-02-13,ATO,65.472694,65.84832,64.61644,65.66867,675988.6
2018-02-14,ATO,65.25223,65.88915,64.819435,65.52169,611140.7
2018-02-15,ATO,65.81566,66.92619,65.56252,66.89353,587387.7
2018-02-16,ATO,66.967026,67.971405,66.84127,67.74277,675153.44
2018-02-20,ATO,67.39164,68.166565,66.419914,67.016014,733537.8
2018-02-21,ATO,67.00785,67.612114,66.158615,66.17495,713376.7
2018-02-22,ATO,66.215775,66.811874,65.89731,66.02796,576290.06
2018-02-23,ATO,66.385315,67.87223,66.14856,67.84758,614659.5
2018-02-26,ATO,67.94616,68.06117,67.05894,67.51898,290320.6
2018-02-27,ATO,67.73257,67.9133,66.58247,66.58247,425811.97
2018-02-28,ATO,66.738556,67.18217,66.097786,66.12244,612929.75
2018-03-01,ATO,66.16351,67.258156,65.621315,65.843124,978811
2018-03-02,ATO,65.80205,66.69749,64.69302,65.05449,775257.44
2018-03-05,ATO,64.98055,66.39353,64.90662,66.221016,717824.56
2018-03-06,ATO,66.08136,66.43461,65.36665,65.75276,1004439.75
2018-03-07,ATO,65.68704,66.23744,65.1202,65.27629,970722.1
2018-03-08,ATO,65.59667,65.966354,65.202354,65.57203,614486.6
2018-03-09,ATO,65.52274,65.9417,65.16128,65.908844,578532.8
2018-03-12,ATO,65.83491,66.705696,65.83491,66.64819,495743.9
2018-03-13,ATO,66.82892,67.24789,66.221016,66.55782,778372.44
2018-03-14,ATO,66.68927,67.34647,66.36888,66.82071,705010.2
2018-03-15,ATO,66.861786,67.6956,66.55782,66.927505,600369.75
2018-03-16,ATO,66.837135,68.29119,66.74677,68.06939,1529914.6
2018-03-19,ATO,67.9708,68.052956,66.87,67.11645,431213.06
2018-03-20,ATO,67.18217,67.46148,66.42639,66.7632,472839.44
2018-03-21,ATO,66.79606,67.987236,66.64154,66.85357,383815.56
2018-03-22,ATO,66.79606,67.987236,66.64819,66.68105,702362.6
2018-03-23,ATO,66.87,67.35468,65.588455,65.744545,666995.56
2018-03-26,ATO,66.02386,67.202705,65.300934,67.10824,903323.4
2018-03-27,ATO,67.42862,68.86624,67.00965,68.29119,978791.5
2018-03-28,ATO,68.49657,68.923744,67.80651,68.759445,986098.9
2018-03-29,ATO,68.88267,69.38378,68.63622,69.20306,974190.2
2018-04-02,ATO,69.26056,69.63056,67.57649,68.06117,538303.94
2018-04-03,ATO,68.20904,69.34271,67.60935,68.99768,557512.7
2018-04-04,ATO,68.61979,69.05518,68.12279,68.759445,468789.5
2018-04-05,ATO,68.61157,69.57273,68.085815,69.44129,453193.62
2018-04-06,ATO,69.70417,69.81097,68.84981,69.12912,665142.8
2018-04-09,ATO,69.21949,69.55219,68.86624,69.15376,388577.6
2018-04-10,ATO,69.21949,69.367355,68.86624,69.05518,726517.25
2018-04-11,ATO,69.05518,69.24413,68.52122,68.87445,448438.9
2018-04-12,ATO,68.83338,68.98938,67.798294,67.92152,362721.2
2018-04-13,ATO,68.151535,68.63622,67.88044,68.49657,507857.12
2018-04-16,ATO,68.61157,69.741135,68.55407,69.564514,550017.9
2018-04-17,ATO,69.57273,70.22993,69.26056,69.96705,348991.4
2018-04-18,ATO,70.06563,70.44352,69.334496,69.392,537154.8
2018-04-19,ATO,69.26056,69.49058,68.63622,69.19484,398651.84
2018-04-20,ATO,69.35092,69.49058,68.726585,68.923744,290241.47
2018-04-23,ATO,69.08804,69.57273,68.97304,69.34271,372315.84
2018-04-24,ATO,69.47415,70.2135,69.15376,70.06563,706721.7
2018-04-25,ATO,69.91776,70.3778,69.36324,70.082054,416376.78
2018-04-26,ATO,70.172424,71.297874,69.78714,71.297874,422868.56
2018-04-27,ATO,71.158226,72.39047,71.158226,71.807205,369126.56
2018-04-30,ATO,71.971504,72.1851,71.31431,71.38003,842305.6
2018-05-01,ATO,71.31431,71.47861,70.9282,71.33074,593307.06
2018-05-02,ATO,71.39646,71.44575,70.66532,71.44575,489368.97
2018-05-03,ATO,71.14179,72.48905,70.747475,72.34118,739039.44
2018-05-04,ATO,72.63692,73.881485,72.11116,73.71309,588391.6
2018-05-07,ATO,73.7788,73.7788,72.899796,72.99838,849916.06
2018-05-08,ATO,72.538345,72.538345,71.70041,72.08652,740611
2018-05-09,ATO,72.0783,72.29189,71.34717,72.029015,629635.75
2018-05-10,ATO,72.5712,72.85873,72.38636,72.78479,458835.75
2018-05-11,ATO,72.90801,72.92362,72.148125,72.49726,490375.66
2018-05-14,ATO,72.60406,72.60406,71.54433,71.84828,649201.25
2018-05-15,ATO,71.64291,71.81542,70.8214,71.10893,504280.75
2018-05-16,ATO,71.34717,71.5854,70.30386,70.55031,538605.8
2018-05-17,ATO,70.58317,70.96928,70.09849,70.14778,455784.03
2018-05-18,ATO,70.366714,70.713715,69.83795,70.15191,476770.9
2018-05-21,ATO,70.366714,70.67241,69.9371,70.44108,331471.62
2018-05-22,ATO,70.47413,71.523384,70.47413,71.22596,661007.9
2018-05-23,ATO,71.36641,72.24217,71.22596,71.85387,369449.53
2018-05-24,ATO,71.81255,72.39915,71.65144,72.28348,497916.12
2018-05-25,ATO,72.46524,72.87008,72.2587,72.49829,446775.44
2018-05-29,ATO,72.29175,73.39058,71.95714,73.027054,839230.5
2018-05-30,ATO,72.977486,74.90251,72.85355,74.3407,930956.25
2018-05-31,ATO,74.365486,75.00165,73.627365,73.70453,1685671.2
2018-06-01,ATO,73.76237,73.76237,72.15542,72.68832,565295.2
2018-06-04,ATO,72.78746,73.002266,72.24217,72.54786,516517.12
2018-06-05,ATO,72.630486,72.88247,71.84973,72.20087,489074.34
2018-06-06,ATO,72.15129,72.21739,70.72198,70.88722,539597.75
2018-06-07,ATO,70.91201,71.33336,70.55675,70.82939,744000.75
2018-06-08,ATO,70.9781,71.11029,70.30888,70.48238,555442.75
2018-06-11,ATO,70.58979,71.05246,69.6975,69.90405,456561.28
2018-06-12,ATO,69.879265,70.5237,69.68924,70.48238,487051.8
2018-06-13,ATO,70.42455,71.11029,69.854485,69.879265,554338.9
2018-06-14,ATO,70.09407,70.81286,69.994934,70.78808,735565.7
2018-06-15,ATO,70.92853,71.762985,70.09407,71.70515,1082192.4
2018-06-18,ATO,71.556435,72.09346,71.4325,71.96953,345839.97
2018-06-19,ATO,72.05215,73.374054,71.98605,72.96922,522134.47
2018-06-20,ATO,73.10967,73.324486,72.68832,72.977486,402749.3
2018-06-21,ATO,73.44015,73.86564,72.86182,73.407104,569311.2
2018-06-22,ATO,73.53103,73.869774,73.21708,73.62191,751827
2018-06-25,ATO,73.671486,74.95208,73.671486,74.795105,473343.12
2018-06-26,ATO,74.505936,74.96034,74.1672,74.22503,883817
2018-06-27,ATO,74.18372,74.555504,73.62191,74.46462,882541.3
2018-06-28,ATO,74.563774,75.29082,74.42332,74.679436,748295.2
2018-06-29,ATO,74.555504,74.88599,73.94413,74.47289,871266.7
2018-07-02,ATO,74.415054,74.81163,74.10936,74.63812,427555.9
2018-07-03,ATO,74.78684,75.918724,74.481155,75.40649,452183.38
2018-07-05,ATO,75.57999,76.06744,75.199936,76.05092,396943.16
2018-07-06,ATO,76.19137,76.82753,76.0757,76.48054,328141.9
2018-07-09,ATO,76.54663,76.72013,73.84498,74.20024,683232.75
2018-07-10,ATO,74.12589,75.0347,73.85159,74.91077,424539.66
2018-07-11,ATO,74.80337,75.45606,74.80337,75.23299,450918.53
2018-07-12,ATO,75.38996,75.38996,74.86946,75.29082,416212.28
2018-07-13,ATO,75.522156,75.70391,75.026436,75.29082,303570.1
2018-07-16,ATO,75.29908,75.431274,74.78684,75.2743,387609.97
2018-07-17,ATO,75.40649,75.40649,74.852936,75.01818,236782.92
2018-07-18,ATO,75.2082,75.2082,74.274605,74.80337,252600.08
2018-07-19,ATO,75.00992,76.150055,74.795105,75.78654,292284.6
2018-07-20,ATO,75.62129,75.836105,74.81163,75.54694,321305.72
2018-07-23,ATO,75.5552,75.5552,74.61748,75.0347,167332.9
2018-07-24,ATO,74.96034,74.98513,73.70577,74.86946,610253.3
2018-07-25,ATO,74.67117,75.28256,74.39854,74.6877,291954.16
2018-07-26,ATO,75.13384,75.65434,74.77858,75.43953,420459.5
2018-07-27,ATO,75.53041,75.65434,74.66292,75.08427,327349.1
2018-07-30,ATO,75.04296,75.34865,74.563774,74.77858,247459.62
2018-07-31,ATO,75.08427,76.00134,74.865166,75.90221,560020.4
2018-08-01,ATO,75.522156,75.522156,74.45637,75.17515,600566.7
2018-08-02,ATO,75.1008,75.803055,74.654655,75.67087,215561.44
2018-08-03,ATO,75.64608,76.19963,75.18341,75.869156,187479.56
2018-08-06,ATO,75.88567,76.54663,75.78447,75.976555,308187.7
2018-08-07,ATO,75.88567,76.298775,75.08427,75.976555,332412.1
2018-08-08,ATO,75.811325,76.05917,75.142105,75.90221,449957.5
2018-08-09,ATO,75.90221,75.90221,74.191986,75.3817,697044.3
2018-08-10,ATO,75.21646,76.497055,75.21646,75.40649,366732.22
2018-08-13,ATO,75.51389,76.009605,75.29908,75.86089,436028.53
2018-08-14,ATO,75.86089,77.12496,75.67913,76.50532,711424.75
2018-08-15,ATO,76.52184,77.546326,76.47227,76.86884,417761.56
2018-08-16,ATO,76.74492,77.83549,76.74492,77.8107,340467.12
2018-08-17,ATO,77.69504,78.36425,77.67025,77.942894,366614.8
2018-08-20,ATO,78.1577,78.25684,77.25716,77.32325,232277.9
2018-08-21,ATO,77.34804,77.34804,76.497055,76.75318,322611.7
2018-08-22,ATO,76.819275,76.819275,76.150055,76.43096,399765.75
2018-08-23,ATO,76.530106,77.166275,76.009605,76.10875,383751.28
2018-08-24,ATO,76.13782,76.74413,76.13782,76.594635,363026.72
2018-08-27,ATO,76.74413,76.97669,75.97586,76.22918,372413.12
2018-08-28,ATO,76.19596,76.4119,75.86373,76.2458,432698.62
2018-08-29,ATO,76.31223,76.86041,76.146126,76.686,386526.4
2018-08-30,ATO,76.70261,77.10127,76.636154,76.86872,423521.75
2018-08-31,ATO,76.90194,77.15526,76.34546,76.602936,427614.16
2018-09-04,ATO,76.76074,77.45011,76.57287,76.735825,434539.56
2018-09-05,ATO,76.74413,77.848785,76.58633,77.74081,329359.25
2018-09-06,ATO,77.91522,78.35542,77.55808,78.12286,444228.16
2018-09-07,ATO,77.848785,78.1644,77.22586,77.75742,253419.3
2018-09-10,ATO,77.848785,78.23914,77.19264,77.24247,374693.5
2018-09-11,ATO,77.45842,78.4634,76.42021,77.857086,422339.4
2018-09-12,ATO,77.84048,78.089645,77.45011,77.749115,203306.38
2018-09-13,ATO,77.8737,78.57137,77.1345,78.48832,374359.97
2018-09-14,ATO,78.38035,78.48832,77.45011,78.17271,430088.38
2018-09-17,ATO,78.081345,78.80393,77.95261,78.71257,385185.16
2018-09-18,ATO,78.80393,79.08217,78.081345,78.48001,355955.62
2018-09-19,ATO,78.62951,78.62951,76.37038,77.00161,510561.38
2018-09-20,ATO,76.985,77.78649,76.5448,77.49995,492828.84
2018-09-21,ATO,77.765724,78.52154,77.10127,78.081345,839128.4
2018-09-24,ATO,78.17271,78.26407,77.749115,77.98998,494174.94
2018-09-25,ATO,77.94014,78.26407,77.48334,77.65775,481005.56
2018-09-26,ATO,77.78234,78.17271,76.91024,76.93516,871845.94
2018-09-27,ATO,77.059746,77.90194,76.88948,77.48334,814961.7
2018-09-28,ATO,77.50825,78.0232,77.4335,77.99828,598746
2018-10-01,ATO,77.94845,78.214226,76.93101,77.03483,504779.75
2018-10-02,ATO,77.05144,78.12286,77.05144,77.81556,372730.97
2018-10-03,ATO,77.71589,78.05643,76.53649,77.02652,368146.12
2018-10-04,ATO,76.82719,77.20094,76.24164,77.10958,433477.62
2018-10-05,ATO,77.059746,78.74995,77.05144,78.6046,720769.06
2018-10-08,ATO,78.9036,80.813896,78.9036,80.52319,980960.9
2018-10-09,ATO,80.8222,81.727516,80.265724,80.42353,702440.56
2018-10-10,ATO,80.17436,80.93848,79.72585,79.75077,569091.44
2018-10-11,ATO,79.72585,80.141556,77.491646,77.533165,479112.88
2018-10-12,ATO,77.56639,77.60792,76.046455,76.91855,455992.44
2018-10-15,ATO,77.20924,77.973366,76.96008,77.632835,292243.5
2018-10-16,ATO,77.61622,78.95343,77.26739,78.84546,352937.2
2018-10-17,ATO,78.762405,78.92851,78.081345,78.59629,297283.47
2018-10-18,ATO,78.72087,79.933495,78.72087,79.227516,437511.03
2018-10-19,ATO,79.26905,80.9634,79.26905,80.62286,418253.03
2018-10-22,ATO,80.73914,81.054756,80.016556,80.15775,416170.12
2018-10-23,ATO,80.06639,80.34048,78.62536,79.46838,405454.5
2018-10-24,ATO,79.66772,81.43682,79.31058,80.68101,511092.34
2018-10-25,ATO,80.39031,80.39031,79.07802,79.42685,457497.44
2018-10-26,ATO,79.47669,79.65526,77.275696,77.75742,589362
2018-10-29,ATO,77.79065,78.92013,77.79065,78.48001,534279
2018-10-30,ATO,78.67935,79.44347,77.94014,78.73749,591920.5
2018-10-31,ATO,78.35542,78.36373,76.94347,77.308914,1019794.75
2018-11-01,ATO,77.47503,77.79895,76.735825,77.19264,591518.4
2018-11-02,ATO,77.35044,77.35044,75.813896,76.52818,526196.5
2018-11-05,ATO,76.64446,78.04812,76.378685,77.48334,516458.56
2018-11-06,ATO,77.42519,79.29397,77.1428,79.28566,572425.4
2018-11-07,ATO,79.68433,80.365395,79.1943,80.31556,430313.5
2018-11-08,ATO,79.73416,80.95509,78.430176,79.60127,1003072.4
2018-11-09,ATO,79.62619,80.92187,79.18599,80.30725,414319.56
2018-11-12,ATO,80.09962,81.602936,79.95841,80.29064,579223.1
2018-11-13,ATO,80.31556,80.75576,79.48915,80.06639,712979.2
2018-11-14,ATO,79.82552,80.946785,79.60127,80.805595,829044.9
2018-11-15,ATO,81.03815,82.184326,79.775696,82.15111,735807.06
2018-11-16,ATO,82.36705,82.86539,82.04313,82.25077,692960.25
2018-11-19,ATO,82.20924,82.873695,81.53648,82.50825,871620.75
2018-11-20,ATO,82.882,83.68765,80.99247,81.5614,690371.7
2018-11-21,ATO,81.386986,81.494965,80.63947,81.162735,416751.66
2018-11-23,ATO,81.242065,81.95186,80.75774,81.12516,282163.75
2018-11-26,ATO,81.25042,81.7932,80.741035,81.67629,485334.72
2018-11-27,ATO,81.64288,82.25248,81.37567,82.18567,1119749
2018-11-28,ATO,82.11052,82.54475,81.40073,81.52598,832571.2
2018-11-29,ATO,79.08763,79.73063,77.49269,78.03547,6197189
2018-11-30,ATO,78.49475,79.91433,78.16908,79.88928,2602777.8
2018-12-03,ATO,79.88928,81.55938,79.13773,81.509285,1312250
2018-12-04,ATO,82.00196,82.494644,81.10011,81.46753,1520881.6
2018-12-06,ATO,81.885056,82.31928,80.34021,82.294235,1704008.2
2018-12-07,ATO,82.21907,82.887115,81.75145,82.494644,1177683.2
2018-12-10,ATO,82.32763,82.53639,80.47382,82.210724,870204.8
2018-12-11,ATO,82.260826,82.77021,81.7765,82.25248,1193994.9
2018-12-12,ATO,82.64495,83.18774,82.15227,82.32763,885091.4
2018-12-13,ATO,82.36103,83.33804,82.26917,83.087524,1459087.8
2018-12-14,ATO,82.73681,83.31299,81.69308,82.227425,1127407.2
2018-12-17,ATO,82.386086,82.61155,79.66382,79.797424,1623305.4
2018-12-18,ATO,80.03959,80.36526,78.66594,78.92897,1198519.1
2018-12-19,ATO,79.27135,80.25671,78.298515,79.27135,1207548.5
2018-12-20,ATO,79.27135,80.68259,78.5198,79.41331,1067376.1
2018-12-21,ATO,79.2797,81.16691,78.80372,78.87887,3524904
2018-12-24,ATO,79.03754,79.3298,74.586716,74.59506,558235.7
2018-12-26,ATO,74.586716,75.35496,73.38424,75.25475,965829
2018-12-27,ATO,75.12115,76.231766,73.70156,76.15661,1541967.8
2018-12-28,ATO,76.357025,77.14197,75.75578,76.54073,654905.3
2018-12-31,ATO,76.62424,77.55115,75.99795,77.42589,857428.4
2019-01-02,ATO,77.06681,77.53444,74.47816,75.02929,976635.5
2019-01-03,ATO,75.04599,76.432175,74.96249,75.59712,753125.7
2019-01-04,ATO,75.2965,76.92903,75.2965,76.56579,558788.94
2019-01-07,ATO,76.38207,76.92486,75.72238,76.006294,682126.4
2019-01-08,ATO,75.96455,77.091866,75.947845,77.00001,1499087.8
2019-01-09,ATO,76.99165,77.36743,75.48022,75.73908,684544.2
2019-01-10,ATO,75.74743,77.342384,75.505264,77.17537,958150.44
2019-01-11,ATO,77.48434,77.48434,76.34867,76.74114,649112.8
2019-01-14,ATO,76.48228,76.833,75.73908,76.27351,962837.56
2019-01-15,ATO,75.82259,77.7432,75.82259,77.33403,527177.7
2019-01-16,ATO,77.42589,78.88722,77.292274,78.795364,934733.9
2019-01-17,ATO,78.67011,79.455055,78.5532,79.32145,798324.1
2019-01-18,ATO,79.39661,79.80578,79.13773,79.68887,460050
2019-01-22,ATO,79.49681,79.93939,78.75362,79.49681,651365.4
2019-01-23,ATO,79.722275,80.457115,79.64712,80.29846,514380.84
2019-01-24,ATO,80.523926,81.0667,79.94774,80.724335,818276.25
2019-01-25,ATO,80.599075,80.599075,79.02918,79.18784,642331.2
2019-01-28,ATO,79.2797,79.349846,78.469696,78.77032,463097.72
2019-01-29,ATO,79.079285,79.63459,78.41125,79.14609,476850.2
2019-01-30,ATO,78.937325,80.07299,78.69516,79.738976,821406.56
2019-01-31,ATO,79.722275,81.75145,79.58866,81.52598,825823.06
2019-02-01,ATO,81.17526,81.601135,80.43207,81.18362,949396.44
2019-02-04,ATO,80.816185,80.816185,79.78908,80.53227,657317.1
2019-02-05,ATO,80.54062,80.9832,80.148155,80.64918,1013360.25
2019-02-06,ATO,80.00619,80.9665,78.37367,80.0563,1303681.6
2019-02-07,ATO,79.87258,81.04166,78.92897,81.02495,711885.06
2019-02-08,ATO,81.26712,82.20238,81.083405,81.8099,936578.06
2019-02-11,ATO,80.42371,80.9665,79.880936,80.87464,2953471.5
2019-02-12,ATO,81.05836,81.10428,79.69723,80.03959,2125215
2019-02-13,ATO,79.830826,80.82454,79.40495,80.657524,2152644.5
2019-02-14,ATO,80.85794,81.4216,79.76402,80.13145,37822710
2019-02-15,ATO,80.36526,81.21702,80.36526,81.04166,2922422
2019-02-19,ATO,81.14186,81.69299,80.86629,81.25042,1016137.3
2019-02-20,ATO,81.317215,82.00196,80.79949,81.83495,1056378
2019-02-21,ATO,81.46753,82.84536,81.28381,82.77856,984866.2
2019-02-22,ATO,82.93387,83.60546,82.5351,83.51312,828353.6
2019-02-25,ATO,83.58028,83.58028,82.2119,82.522514,775608.9
2019-02-26,ATO,82.83312,83.017815,82.06918,82.50572,1206894.8
2019-02-27,ATO,82.16992,83.244484,82.085976,82.99263,2097232
2019-02-28,ATO,82.75757,83.462746,82.31264,82.98423,1357111
2019-03-01,ATO,83.11855,83.45435,82.40498,83.02621,764823.9
2019-03-04,ATO,83.82373,83.85731,82.53091,83.84052,1161996.4
2019-03-05,ATO,83.90768,84.176315,83.236084,83.42078,996521.06
2019-03-06,ATO,83.49632,83.74818,83.15214,83.52151,874606.3
2019-03-07,ATO,83.739784,84.21829,83.227684,83.49632,700106.5
2019-03-08,ATO,83.52991,84.11755,83.32843,84.08398,670746.06
2019-03-11,ATO,83.966446,84.41977,83.74818,84.41977,844744.4
2019-03-12,ATO,84.42817,85.15853,84.18052,85.124954,806689.44
2019-03-13,ATO,85.2089,85.838524,85.00742,85.46914,1052186.6
2019-03-14,ATO,85.519516,85.99803,85.09137,85.2089,753012
2019-03-15,ATO,85.04939,85.838524,85.03261,85.2173,3081036
2019-03-18,ATO,85.175316,85.77136,85.116554,85.62865,993618.1
2019-03-19,ATO,85.52791,85.62865,84.90668,85.192116,1058689.2
2019-03-20,ATO,85.183716,85.97285,84.59606,85.13335,826612.06
2019-03-21,ATO,84.97384,86.283455,84.96545,86.174324,510701.3
2019-03-22,ATO,86.49333,86.98024,86.19111,86.30864,638599.4
2019-03-25,ATO,86.241486,86.67382,85.838524,86.40938,1009300.1
2019-03-26,ATO,86.57728,87.14503,86.283455,87.072586,680736.56
2019-03-27,ATO,87.18172,87.36641,86.233086,86.41778,704137.5
2019-03-28,ATO,86.53531,86.82073,85.50944,86.03161,596316.94
2019-03-29,ATO,86.07358,86.59407,85.74618,86.40938,1015279.94
2019-04-01,ATO,86.40938,86.44296,85.225685,85.687416,815295.8
2019-04-02,ATO,85.8805,85.8805,83.65583,84.09237,2980211.2
2019-04-03,ATO,84.25188,85.32643,83.52151,85.2173,986152.94
2019-04-04,ATO,85.3768,85.3768,84.10916,84.48693,644936.56
2019-04-05,ATO,84.49533,85.25927,84.15953,85.234085,712964.2
2019-04-08,ATO,85.13335,85.16692,84.58768,84.72199,540643.06
2019-04-09,ATO,84.7136,84.95705,84.29385,84.43656,512737.06
2019-04-10,ATO,84.61286,85.175316,84.184715,84.31064,516243.94
2019-04-11,ATO,84.33582,84.61286,83.97484,84.52891,511357.66
2019-04-12,ATO,84.29385,85.10816,83.94126,84.94866,481658.9
2019-04-15,ATO,85.192116,85.38519,84.66322,84.8815,396137.4
2019-04-16,ATO,84.95705,85.27606,83.81533,84.09237,907096.06
2019-04-17,ATO,84.042,84.042,83.18571,83.47954,551255.4
2019-04-18,ATO,83.58867,83.88249,83.21929,83.26127,898629.06
2019-04-22,ATO,83.17732,83.3704,82.82683,83.16892,475084.75
2019-04-23,ATO,83.42078,84.016815,83.227684,83.58867,1195685.6
2019-04-24,ATO,83.790146,84.3778,83.43756,84.02521,1046551.06
2019-04-25,ATO,83.78176,85.03261,83.63904,84.77236,470512.94
2019-04-26,ATO,85.2005,85.5447,84.7136,84.77236,423303.72
2019-04-29,ATO,84.453354,84.67162,84.15113,84.352615,970331.56
2019-04-30,ATO,84.63804,85.947655,84.3694,85.91408,928973.44
2019-05-01,ATO,85.679016,86.15753,85.09977,85.620255,793997.3
2019-05-02,ATO,85.57828,86.06099,85.09137,85.69581,601477.2
2019-05-03,ATO,85.49432,86.57728,85.46914,86.41778,546884.94
2019-05-06,ATO,86.627655,86.82073,86.12395,86.51851,720547.3
2019-05-07,ATO,86.46815,86.82073,85.15014,85.82174,944856.75
2019-05-08,ATO,85.39359,85.67062,84.142746,84.570885,1108300
2019-05-09,ATO,84.7052,85.42717,84.142746,84.5373,747289.56
2019-05-10,ATO,84.64644,85.66223,84.20151,85.561485,844152.4
2019-05-13,ATO,85.175316,86.165924,85.066185,86.04839,1389478
2019-05-14,ATO,85.98963,86.09919,85.015816,85.15853,937614.3
2019-05-15,ATO,85.225685,85.351616,84.5457,84.570885,863698.6
2019-05-16,ATO,84.411385,85.687416,84.26866,85.33482,798172.44
2019-05-17,ATO,85.36841,86.77876,85.24248,86.18272,3053544.5
2019-05-20,ATO,86.333824,86.75357,85.96024,86.34222,1173523.6
2019-05-21,ATO,86.32543,86.7032,85.62865,85.679016,854159.56
2019-05-22,ATO,85.838524,86.40938,85.5447,86.3758,689772.94
2019-05-23,ATO,86.40938,86.87111,85.85111,86.77036,921148.5
2019-05-24,ATO,86.934906,87.20491,86.59739,86.74927,787193.44
2019-05-28,ATO,86.90115,86.95178,85.54266,85.65236,1572939.9
2019-05-29,ATO,85.89706,85.89706,84.6145,85.00264,1143749.9
2019-05-30,ATO,84.63138,85.449844,84.63138,84.91827,864656.56
2019-05-31,ATO,84.98576,85.93924,84.648254,85.89706,902778.94
2019-06-03,ATO,86.108,86.91803,85.54266,86.799904,698892.25
2019-06-04,ATO,86.943344,86.943344,84.35293,85.68611,1104108.1
2019-06-05,ATO,86.108,87.934784,85.70298,87.61836,869117.44
2019-06-06,ATO,87.652115,88.41996,87.415855,87.939,722495.5
2019-06-07,ATO,88.33559,88.75748,87.837746,87.930565,656691.8
2019-06-10,ATO,87.57618,87.57618,86.63663,87.01085,563365.6
2019-06-11,ATO,87.02772,87.60993,86.14175,86.58895,565450.25
2019-06-12,ATO,86.74927,88.09933,86.74927,88.03182,511706.56
2019-06-13,ATO,88.2512,88.59715,87.86306,88.209015,499474.72
2019-06-14,ATO,88.27652,88.75748,88.19636,88.588715,469725.34
2019-06-17,ATO,88.5634,88.83341,87.88838,88.38621,370475.84
2019-06-18,ATO,89.002174,89.02749,87.643684,88.32714,652720.4
2019-06-19,ATO,87.98963,89.33968,87.833534,89.17093,751595.44
2019-06-20,ATO,89.55063,89.64344,88.352455,89.35656,463893.28
2019-06-21,ATO,89.35656,90.75723,88.64778,90.67286,2158282.8
2019-06-24,ATO,90.53786,91.13694,90.00627,90.30159,1084949.1
2019-06-25,ATO,90.55473,91.51664,90.37753,91.069435,964998.75
2019-06-26,ATO,90.8163,90.99349,87.81244,87.82088,986405.94
2019-06-27,ATO,88.023384,88.51716,87.75337,88.45371,680014.2
2019-06-28,ATO,88.32714,89.17093,88.32714,89.06967,911296.56
2019-07-01,ATO,89.196236,89.30593,87.90525,88.824974,882103
2019-07-02,ATO,89.196236,90.02315,89.11186,89.89658,752992.7
2019-07-03,ATO,90.25097,91.010376,90.090645,90.55473,450191.88
2019-07-05,ATO,89.90502,90.42816,89.03592,90.37753,362122.97
2019-07-08,ATO,90.512535,90.77833,89.60126,90.1244,527666.8
2019-07-09,ATO,90.00627,90.30159,89.39031,90.267845,793389.4
2019-07-10,ATO,90.30159,91.03568,90.07799,90.1244,523478.56
2019-07-11,ATO,90.082214,90.647545,89.72782,90.28472,600163
2019-07-12,ATO,90.20878,90.29316,89.424065,89.82908,428854.62
2019-07-15,ATO,90.504105,90.8163,89.77001,90.504105,746860.75
2019-07-16,ATO,90.47879,90.63068,89.753136,90.369095,672265.75
2019-07-17,ATO,90.71505,91.25507,90.63911,91.061,834439.06
2019-07-18,ATO,91.20444,91.62633,90.49567,91.47446,641530.3
2019-07-19,ATO,91.3732,91.82884,90.504105,90.512535,842540.7
2019-07-22,ATO,90.790985,91.08631,90.00627,90.65598,651702.4
2019-07-23,ATO,90.82474,91.15382,90.20034,90.8163,686479.1
2019-07-24,ATO,91.24663,91.24663,89.91345,90.82474,997955.1
2019-07-25,ATO,90.79943,91.36476,90.17503,90.37753,597747.7
2019-07-26,ATO,90.32691,91.57571,90.32691,91.23819,598698.2
2019-07-29,ATO,91.55039,92.12417,91.20444,91.862595,623003
2019-07-30,ATO,91.74447,92.78232,91.29726,91.862595,686623.7
2019-07-31,ATO,91.94697,92.86669,91.32258,92.006035,1258410.9
2019-08-01,ATO,92.03979,93.19576,91.74447,92.849815,992190.6
2019-08-02,ATO,93.06077,93.600784,92.36042,92.50387,748838.75
2019-08-05,ATO,92.58825,92.900444,89.72791,90.23409,1044624.75
2019-08-06,ATO,90.4366,91.76134,89.2553,91.42383,904364.6
2019-08-07,ATO,91.584145,91.80353,90.0569,91.069435,900631.44
2019-08-08,ATO,90.310036,92.46168,89.1878,92.33511,1014506.8
2019-08-09,ATO,92.21698,92.56293,91.53352,91.60102,689583
2019-08-12,ATO,91.87947,92.16636,91.23819,91.90478,482760.72
2019-08-13,ATO,91.78665,92.35198,91.29726,92.048225,669475.9
2019-08-14,ATO,92.17479,92.63887,91.10319,91.38164,899336.1
2019-08-15,ATO,91.41538,92.61356,90.89224,92.284485,774567
2019-08-16,ATO,92.58825,93.34765,92.31824,93.18733,817621.94
2019-08-19,ATO,93.14514,94.022675,92.621994,93.55859,746024.06
2019-08-20,ATO,93.82017,93.83704,92.87513,92.99326,670594.7
2019-08-21,ATO,92.942635,93.77798,92.72325,93.727356,404068.62
2019-08-22,ATO,93.75266,94.14925,93.043884,93.828606,575089
2019-08-23,ATO,94.03631,94.24825,91.72186,92.09488,673241.44
2019-08-26,ATO,92.11184,92.83246,91.68795,92.620514,652075.7
2019-08-27,ATO,93.0444,93.222435,91.382744,91.59469,1206138.4
2019-08-28,ATO,91.64555,91.899895,90.92494,91.79816,1510827.6
2019-08-29,ATO,92.30683,93.30721,91.97619,93.239395,837810.3
2019-08-30,ATO,93.49373,93.82436,92.80702,93.45134,737638.7
2019-09-03,ATO,93.358086,94.75693,92.98506,94.75693,1332554.9
2019-09-04,ATO,94.86714,94.86714,93.58698,94.07022,1180419.6
2019-09-05,ATO,93.43439,93.59547,92.74768,92.98506,904329.5
2019-09-06,ATO,93.3157,93.459816,91.99315,92.48486,812181.2
2019-09-09,ATO,91.899895,92.15423,91.119934,91.340355,1091716.6
2019-09-10,ATO,91.51839,92.23901,90.827446,92.23901,775991.56
2019-09-11,ATO,92.26444,93.392,91.84902,92.8918,1161413.6
2019-09-12,ATO,93.70567,94.03631,92.69681,92.78159,768391.75
2019-09-13,ATO,92.21357,93.23092,92.162704,93.02745,576215.7
2019-09-16,ATO,93.298744,93.43439,92.7392,93.34961,408031.53
2019-09-17,ATO,93.37504,94.400856,92.5866,94.07022,904817.9
2019-09-18,ATO,94.477165,95.31647,94.40934,94.782364,1062627.9
2019-09-19,ATO,95.29104,95.51146,94.73149,95.1893,487531.62
2019-09-20,ATO,95.545364,96.05828,95.02821,95.78275,1437839.8
2019-09-23,ATO,95.71493,96.1473,95.418205,95.45211,640335.7
2019-09-24,ATO,95.76579,97.24094,95.67254,96.89335,1149868.2
2019-09-25,ATO,96.7577,97.65636,96.32957,97.003555,1534029.2
2019-09-26,ATO,97.21551,97.57157,96.82552,97.19855,854023.1
2019-09-27,ATO,96.901825,97.39354,96.020134,96.68988,883588.44
2019-09-30,ATO,96.73227,97.1409,96.355,96.55423,778443.8
2019-10-01,ATO,96.41011,96.80857,95.74884,95.78275,897233.4
2019-10-02,ATO,95.62167,95.799706,94.24825,94.52803,657928.6
2019-10-03,ATO,94.561935,94.85018,93.95153,94.77389,716580.25
2019-10-04,ATO,95.0367,95.95231,94.53651,95.918396,488452.84
2019-10-07,ATO,95.60471,95.85057,95.03975,95.536896,522487.44
2019-10-08,ATO,95.45211,95.45211,94.27369,94.3076,535537.9
2019-10-09,ATO,94.57042,94.650955,94.019356,94.37543,728739
2019-10-10,ATO,94.13805,94.59585,93.60394,93.97697,731700.9
2019-10-11,ATO,94.155,94.96887,93.68872,94.40934,523753.06
2019-10-14,ATO,95.2656,95.30799,94.16348,94.40934,848363.7
2019-10-15,ATO,94.13805,94.68911,93.103745,93.24787,836475.06
2019-10-16,ATO,93.17157,94.19739,92.54421,94.19739,1500977.2
2019-10-17,ATO,94.07022,94.99431,93.76502,94.81627,647061.44
2019-10-18,ATO,94.27369,94.875626,93.83284,94.6128,874750.06
2019-10-21,ATO,94.6128,94.90953,94.155,94.85018,733293.25
2019-10-22,ATO,95.05366,95.74036,95.04517,95.23169,611658.6
2019-10-23,ATO,95.30799,95.987915,95.15539,95.80818,689368.2
2019-10-24,ATO,95.73188,96.32533,95.55385,96.15577,572431.7
2019-10-25,ATO,96.32533,96.35077,94.66367,95.20626,581927
2019-10-28,ATO,94.96887,95.2656,93.98544,94.05327,711730
2019-10-29,ATO,94.18891,94.578896,93.64633,94.578896,1427004.5
2019-10-30,ATO,94.36694,95.30799,94.04945,95.23169,633184.1
2019-10-31,ATO,95.33342,95.65559,94.739975,95.35886,1083358.4
2019-11-01,ATO,95.240166,95.6471,94.36694,94.69758,599228.56
2019-11-04,ATO,94.57042,94.782364,92.46791,92.823975,1035799.2
2019-11-05,ATO,92.434,92.60356,91.19623,91.49296,1229239.8
2019-11-06,ATO,91.60317,92.518776,91.37427,92.21357,930994.3
2019-11-07,ATO,92.03554,93.02745,90.80625,91.71338,1458411
2019-11-08,ATO,91.36578,92.0101,90.5392,90.98428,1125247.5
2019-11-11,ATO,91.11146,91.33612,90.50953,91.14537,620307.06
2019-11-12,ATO,91.0945,91.16232,90.47562,90.713,992146.6
2019-11-13,ATO,90.89103,92.8918,90.6155,92.5103,1055744.1
2019-11-14,ATO,92.823975,93.13766,92.281395,92.8918,931137
2019-11-15,ATO,92.90028,93.0444,92.5866,92.823975,865020
2019-11-18,ATO,92.8918,93.798935,92.45096,92.65443,1136052.2
2019-11-19,ATO,92.68833,92.88332,92.08217,92.10336,811269.4
2019-11-20,ATO,91.882935,92.34922,91.738815,92.23053,657140.7
2019-11-21,ATO,92.281395,92.28988,91.06906,91.59469,810857.7
2019-11-22,ATO,91.54782,91.812035,90.68253,91.47111,772975.06
2019-11-25,ATO,91.49667,91.75237,90.891525,90.993805,905270.25
2019-11-26,ATO,91.11313,91.90153,90.9171,91.44553,1417919.8
2019-11-27,ATO,91.15575,91.21541,90.422745,91.13017,1775285
2019-11-29,ATO,91.45406,91.812035,91.096085,91.16427,591265.4
2019-12-02,ATO,90.8063,91.1387,90.073296,90.14149,1154456.9
2019-12-03,ATO,90.49946,90.8063,89.60452,89.89431,924291.25
2019-12-04,ATO,90.65288,91.343254,90.37161,91.189835,1307376.9
2019-12-05,ATO,90.746635,91.07051,90.35457,90.993805,819827.1
2019-12-06,ATO,90.86596,91.41997,90.68697,90.789246,761111
2019-12-09,ATO,90.97676,91.22393,90.21819,90.61026,810950.2
2019-12-10,ATO,90.7722,91.096085,90.462296,90.98528,748362.3
2019-12-11,ATO,91.17279,91.59043,90.84039,91.36883,904447.8
2019-12-12,ATO,91.24098,91.29212,90.30342,90.78072,794230
2019-12-13,ATO,90.7722,91.37735,90.31195,91.24098,845031.25
2019-12-16,ATO,91.17279,92.476845,91.108864,92.41718,900682.8
2019-12-17,ATO,92.61322,93.42292,92.45128,92.60469,845497
2019-12-18,ATO,92.476845,94.08773,92.110344,93.88318,1598247.4
2019-12-19,ATO,93.62748,94.49685,93.62748,94.4457,1388223.2
2019-12-20,ATO,94.60765,96.158875,94.30933,95.68157,2114230
2019-12-23,ATO,95.76681,95.76681,94.50536,94.7014,819723.9
2019-12-24,ATO,94.75254,94.80368,93.96841,94.24967,210900.55
2019-12-26,ATO,94.54799,94.59061,93.85769,94.18149,528534.4
2019-12-27,ATO,94.21558,94.258194,93.73828,93.86613,761028.9
2019-12-30,ATO,93.71271,94.164444,93.53858,94.15592,587473.4
2019-12-31,ATO,94.13035,95.35769,94.07921,95.340645,748385.75
2020-01-02,ATO,95.494064,95.494064,93.26098,94.07921,1042512
2020-01-03,ATO,93.806465,94.88039,93.806465,94.7014,849727.8
2020-01-06,ATO,94.573555,95.187225,94.51389,94.573555,965908.2
2020-01-07,ATO,95.45997,95.47701,94.11757,95.20427,1028629.9
2020-01-08,ATO,95.21279,95.21279,94.31726,94.38604,1061951.9
2020-01-09,ATO,94.24967,95.042336,94.224106,94.69288,979264.7
2020-01-10,ATO,94.931526,95.27876,94.76959,94.940056,637494.44
2020-01-13,ATO,94.94858,96.158875,94.94858,95.92022,473289.9
2020-01-14,ATO,95.97988,96.21001,95.536674,96.150345,705649.5
2020-01-15,ATO,96.32933,97.139046,96.29525,96.95153,659201.06
2020-01-16,ATO,97.19018,97.97858,96.94301,97.76976,920985
2020-01-17,ATO,97.84647,98.093636,97.19871,97.999886,706378.1
2020-01-21,ATO,98.13625,98.96301,97.63339,98.80106,1085819.6
2020-01-22,ATO,99.431786,99.49145,98.63061,98.94596,810609.94
2020-01-23,ATO,98.90334,99.66191,98.768166,99.61929,788800.06
2020-01-24,ATO,99.77271,100.28411,99.372116,100.045456,820610.9
2020-01-27,ATO,99.86647,100.556854,98.80959,99.20166,1204757.1
2020-01-28,ATO,99.329506,100.43752,98.91187,99.13347,702748
2020-01-29,ATO,99.13347,99.41048,98.562416,99.13347,713034.06
2020-01-30,ATO,99.07381,100.16478,98.79263,100.045456,677191.94
2020-01-31,ATO,99.69601,100.34377,98.715836,99.74715,4444007
2020-02-03,ATO,100.06251,101.20461,99.72157,101.14495,1513684.1
2020-02-04,ATO,101.00005,101.59668,99.90909,99.90909,1142746.5
2020-02-05,ATO,99.312454,101.39212,98.01693,100.812546,1369933.1
2020-02-06,ATO,101.10234,101.10234,99.832375,100.28411,1599076.9
2020-02-07,ATO,100.41195,100.69322,99.84943,100.22444,958888.56
2020-02-10,ATO,100.50571,100.87221,100.30968,100.83811,770085.3
2020-02-11,ATO,101.10234,102.0058,100.98301,101.733055,589045.56
2020-02-12,ATO,101.32394,101.61373,100.292625,100.52276,1123104.9
2020-02-13,ATO,100.51424,101.90351,100.42048,101.85238,726138.25
2020-02-14,ATO,101.28133,102.73027,99.89204,102.66208,1514433.9
2020-02-18,ATO,102.84107,103.19904,102.500145,102.76436,1102047
2020-02-19,ATO,102.67913,102.68765,101.93761,101.93761,813959.6
2020-02-20,ATO,102.05693,102.09103,101.28984,101.62225,1049521.1
2020-02-21,ATO,101.76356,102.46585,101.51519,101.66078,1129102
2020-02-24,ATO,101.00132,101.30108,99.425446,99.53679,1129208.2
2020-02-25,ATO,99.87937,100.29047,97.369965,97.41279,969301.9
2020-02-26,ATO,97.61834,98.693184,95.965385,95.99964,1194714.5
2020-02-27,ATO,95.72558,96.88179,91.81159,91.81159,1357936.9
2020-02-28,ATO,89.78181,90.49266,87.12681,88.42861,2743323
2020-03-02,ATO,88.82258,92.76225,88.479996,92.40255,2192172.2
2020-03-03,ATO,92.17131,93.6701,90.51836,91.24634,1338851.1
2020-03-04,ATO,92.44537,96.907486,92.44537,96.69337,1291733.5
2020-03-05,ATO,95.08324,95.83692,94.37239,95.177444,1406467.4
2020-03-06,ATO,92.154175,95.63993,91.21208,95.28023,1818887.6
2020-03-09,ATO,91.73451,92.042755,88.49713,90.03874,1774545.4
2020-03-10,ATO,91.5204,91.9058,86.63863,90.29568,1656307.5
2020-03-11,ATO,88.38579,89.011,86.09906,88.08603,1532440.6
2020-03-12,ATO,82.33067,87.98326,77.517426,81.08882,1945781
2020-03-13,ATO,84.62597,86.21896,80.12103,86.21896,1708152.9
2020-03-16,ATO,79.53865,83.915115,78.08268,80.23237,1805327.1
2020-03-17,ATO,82.390625,92.77939,82.03948,92.57384,2204141.2
2020-03-18,ATO,87.90617,94.15827,81.58556,90.64682,1838334.2
2020-03-19,ATO,91.10931,91.10931,78.94769,84.36903,1719737.9
2020-03-20,ATO,84.660225,84.79726,73.277985,73.82611,2199818.8
2020-03-23,ATO,73.24373,73.28655,66.734695,68.94434,1741783.5
2020-03-24,ATO,71.25676,76.48112,69.54977,75.87303,1578511
2020-03-25,ATO,75.30778,80.326584,68.07076,77.33757,1381921.9
2020-03-26,ATO,77.243355,83.14431,77.243355,82.45058,945921.7
2020-03-27,ATO,79.46156,86.00485,78.116936,83.42694,1027010.94
2020-03-30,ATO,84.377594,88.53995,83.81234,88.06034,1235363.6
2020-03-31,ATO,87.04973,87.58073,84.41185,84.98568,1102900.8
2020-04-01,ATO,81.876755,85.66656,79.076164,81.054565,1167060.9
2020-04-02,ATO,80.09534,84.428986,80.09534,83.39268,660161.2
2020-04-03,ATO,82.150826,83.21283,79.658554,80.64347,798892.94
2020-04-06,ATO,83.77808,89.884575,83.59395,88.75406,928108.6
2020-04-07,ATO,90.749596,90.749596,84.00076,84.291954,1266849.4
2020-04-08,ATO,85.04563,88.57421,83.73525,87.91474,959825.56
2020-04-09,ATO,89.03669,92.84791,88.56565,90.098694,1475670.4
2020-04-13,ATO,89.09664,89.75611,87.18676,88.44574,746874.8
2020-04-14,ATO,90.50979,93.05345,89.38784,92.590965,923721.94
2020-04-15,ATO,90.96371,92.17131,90.26998,91.08361,956804.94
2020-04-16,ATO,91.331985,91.89998,88.771194,90.00448,726278.2
2020-04-17,ATO,91.340546,95.3573,90.55261,94.80917,1238978.6
2020-04-20,ATO,93.258995,93.70426,87.46082,87.811966,892932.1
2020-04-21,ATO,86.13332,88.45431,85.89352,86.32174,671328.2
2020-04-22,ATO,88.00895,88.42861,86.84418,87.63211,600455.5
2020-04-23,ATO,88.36866,88.44574,86.00485,86.784225,1021890.94
2020-04-24,ATO,87.90617,89.6876,86.63863,89.4221,1029557.5
2020-04-27,ATO,89.97879,90.8695,88.848274,90.39845,852935.7
2020-04-28,ATO,91.43476,92.42824,89.94453,91.768776,1071175.8
2020-04-29,ATO,93.57589,93.57589,89.285065,89.8075,858571.75
2020-04-30,ATO,89.47349,89.91884,86.7414,87.33236,1543786.2
2020-05-01,ATO,86.59581,86.59581,84.63453,85.73079,732017
2020-05-04,ATO,85.36252,86.484474,84.506065,86.28748,1033625.44
2020-05-05,ATO,87.04973,88.17168,86.59581,87.161064,1112533.6
2020-05-06,ATO,87.48652,87.48652,82.29642,82.69039,1310418.8
2020-05-07,ATO,84.04358,86.74997,82.304985,82.54479,1306556.2
2020-05-08,ATO,83.409805,83.82091,82.35638,83.35842,1013752.75
2020-05-11,ATO,82.741776,83.64961,81.054565,82.88737,1543207.1
2020-05-12,ATO,83.11005,83.50719,82.142265,82.53623,1110456.4
2020-05-13,ATO,82.12513,82.7589,81.28581,82.59618,1010123.8
2020-05-14,ATO,81.636955,82.022354,79.23032,81.26868,1157539
2020-05-15,ATO,80.617775,82.005226,78.17261,81.4571,3697067.8
2020-05-18,ATO,84.3519,85.011375,83.3627,84.377594,926113.2
2020-05-19,ATO,83.769516,85.25974,82.42489,82.47628,932913.4
2020-05-20,ATO,83.769516,85.92777,83.48689,85.13984,1317819
2020-05-21,ATO,84.80582,85.675125,83.66675,83.74382,749914.06
2020-05-22,ATO,83.91182,84.7561,83.817055,84.713036,699473.75
2020-05-26,ATO,85.78131,86.487755,83.903206,84.08412,710194.4
2020-05-27,ATO,85.660706,85.81577,83.618904,85.44532,896086.06
2020-05-28,ATO,86.92713,88.37448,86.7936,87.59911,940854.75
2020-05-29,ATO,87.00467,89.58922,86.64283,88.54678,4181053
2020-06-01,ATO,88.90001,89.48584,87.935104,88.693245,999776.4
2020-06-02,ATO,89.32215,89.4083,88.15049,88.9517,834463.44
2020-06-03,ATO,89.32215,91.12272,89.01201,90.252594,911761.94
2020-06-04,ATO,89.56338,90.12337,87.73695,89.78737,2178092.2
2020-06-05,ATO,90.287056,91.04234,89.5763,90.05444,1615241.4
2020-06-08,ATO,89.942444,91.74301,88.97755,91.34672,972946.94
2020-06-09,ATO,90.65751,90.65751,88.6674,89.87352,729814.4
2020-06-10,ATO,89.57199,90.60581,89.04646,89.37384,661760.06
2020-06-11,ATO,87.8748,88.39171,84.713036,85.52286,1246101
2020-06-12,ATO,87.62496,87.62496,85.264404,86.52222,1098328
2020-06-15,ATO,84.63549,87.659424,84.18751,87.08221,1787882.1
2020-06-16,ATO,89.31354,90.30428,87.51297,88.0988,1400692.1
2020-06-17,ATO,88.29694,88.555405,86.604065,87.16836,661537.2
2020-06-18,ATO,86.436066,88.047104,86.436066,87.40096,655170.56
2020-06-19,ATO,88.71047,89.00339,85.70378,85.910545,2391241.8
2020-06-22,ATO,85.41086,86.64283,84.77334,86.25515,778143.06
2020-06-23,ATO,87.23728,87.46127,84.850876,85.152405,1207230
2020-06-24,ATO,84.44596,85.32471,83.61029,85.25579,1798081.5
2020-06-25,ATO,84.82503,85.014565,82.10264,83.62752,1299899
2020-06-26,ATO,83.69644,84.67857,82.79185,83.96351,2375605.2
2020-06-29,ATO,84.5235,84.91118,83.38199,84.7561,842650.2
2020-06-30,ATO,84.82503,86.41884,84.63549,85.78993,1075540.4
2020-07-01,ATO,85.936386,87.3062,85.936386,86.746216,703646.6
2020-07-02,ATO,87.17697,88.021255,86.89267,87.16836,471079.12
2020-07-06,ATO,87.96095,88.632935,86.78068,87.22005,847350
2020-07-07,ATO,86.47053,87.07359,85.86746,86.212074,760279.25
2020-07-08,ATO,86.16899,86.461914,85.02318,85.61762,718739.75
2020-07-09,ATO,85.04903,85.11795,83.63614,84.16167,950600.4
2020-07-10,ATO,84.16167,85.91916,84.04536,85.36778,578451.3
2020-07-13,ATO,85.79854,86.7376,85.30748,85.8847,862693.9
2020-07-14,ATO,85.936386,87.04344,85.46255,86.52222,887214.56
2020-07-15,ATO,87.34066,88.193565,86.55668,86.70314,775084.5
2020-07-16,ATO,86.69452,87.297585,86.2293,86.6256,645033.8
2020-07-17,ATO,87.03913,87.58189,86.548065,87.06497,749263.8
2020-07-20,ATO,86.849594,87.28467,85.70378,85.988075,1067853.9
2020-07-21,ATO,86.5136,88.15049,86.048386,88.00403,790760.3
2020-07-22,ATO,87.72835,89.89937,87.23728,89.62368,809475
2020-07-23,ATO,89.640915,90.028595,88.693245,89.33938,929307.7
2020-07-24,ATO,89.73568,90.287056,88.28833,88.73632,753115.1
2020-07-27,ATO,88.71909,89.37384,88.05572,88.36587,744524.5
2020-07-28,ATO,88.047104,90.57996,88.047104,90.114746,950733.8
2020-07-29,ATO,90.4852,91.30364,90.4852,91.02796,1056745.6
2020-07-30,ATO,90.29566,91.12272,90.2009,90.82119,657126.4
2020-07-31,ATO,90.73504,91.89809,90.14921,91.312256,1547679.2
2020-08-03,ATO,90.98488,91.01934,89.640915,90.726425,631085.1
2020-08-04,ATO,89.70983,90.98488,89.701225,90.29566,875908.94
2020-08-05,ATO,90.287056,91.30364,88.9517,89.33077,1216679.6
2020-08-06,ATO,91.40702,91.40702,89.03785,90.2009,833027.6
2020-08-07,ATO,89.50307,91.8464,89.50307,91.07103,658741
2020-08-10,ATO,91.69132,92.199615,90.96162,91.35533,651145.06
2020-08-11,ATO,91.89809,91.89809,88.99478,89.192924,807699.06
2020-08-12,ATO,89.68399,91.32087,89.640915,90.4249,1016766.1
2020-08-13,ATO,89.99413,90.528275,89.45999,90.13198,763953
2020-08-14,ATO,90.226746,90.64889,89.1843,90.028595,1144583.6
2020-08-17,ATO,90.03722,90.51966,89.58061,89.701225,1248032.5
2020-08-18,ATO,89.468605,89.84768,88.68463,88.73632,982865.5
2020-08-19,ATO,88.97755,89.348,88.13326,88.42617,1263016.5
2020-08-20,ATO,88.05572,88.744934,87.53881,87.61634,942175.7
2020-08-21,ATO,87.664,87.68133,85.84453,87.369415,2207201.2
2020-08-24,ATO,87.38675,88.305145,86.28639,88.296486,627025.4
2020-08-25,ATO,88.5824,88.5824,86.39903,87.02285,535118.06
2020-08-26,ATO,86.7456,86.7456,85.342,86.03514,658589.9
2020-08-27,ATO,86.48567,86.797585,85.368,85.75789,670449.06
2020-08-28,ATO,86.11311,86.33839,84.96078,86.27773,672160.75
2020-08-31,ATO,86.21709,86.82358,85.87918,86.48567,734989.6
2020-09-01,ATO,86.13911,86.13911,84.15935,84.41494,968308.2
2020-09-02,ATO,84.48425,85.8012,84.184204,85.28136,1338921
2020-09-03,ATO,85.73189,86.58098,84.37161,84.98677,1050072.6
2020-09-04,ATO,85.342,85.454636,83.583176,84.232994,910547.3
2020-09-08,ATO,84.58822,84.58822,82.41352,83.27994,1084114
2020-09-09,ATO,83.77379,84.65753,83.45322,83.739136,786859.6
2020-09-10,ATO,83.56585,83.56585,81.6684,81.67706,745074.9
2020-09-11,ATO,81.92832,81.92832,80.36011,80.75866,786723.44
2020-09-14,ATO,81.40847,81.61641,80.611374,80.853966,892140.44
2020-09-15,ATO,81.13122,81.954315,79.62366,80.01354,1247730.5
2020-09-16,ATO,80.14351,81.87201,79.8056,81.347824,1523776.8
2020-09-17,ATO,81.29584,81.60775,80.54205,80.940605,796443.94
2020-09-18,ATO,80.74133,81.15721,79.53268,79.7103,1812853.8
2020-09-21,ATO,79.05182,80.12618,78.397675,79.94423,1406636.8
2020-09-22,ATO,79.996216,81.69439,79.90958,81.20053,1073247.4
2020-09-23,ATO,81.07924,81.58176,80.33412,80.46408,988957.6
2020-09-24,ATO,80.412094,81.63374,80.15217,81.0879,826584.2
2020-09-25,ATO,80.77599,82.75142,80.48149,82.52615,1104379.1
2020-09-28,ATO,82.56947,82.968025,82.0063,82.3442,635025
2020-09-29,ATO,82.45683,83.11531,82.21424,82.39619,1070230.4
2020-09-30,ATO,83.020004,83.13264,82.04096,82.82073,797569.25
2020-10-01,ATO,82.83806,83.47054,82.15359,82.71677,1298033.1
2020-10-02,ATO,82.26622,84.04238,81.954315,83.19329,1258874.1
2020-10-05,ATO,83.68714,83.68714,82.261894,82.50016,1201270.1
2020-10-06,ATO,82.62146,84.79963,82.62146,84.025055,996014.3
2020-10-07,ATO,84.10303,84.40627,82.846725,83.505196,1102534.8
2020-10-08,ATO,83.78245,84.28497,83.34924,83.860435,1142479.8
2020-10-09,ATO,84.38895,84.73551,83.1673,83.617836,1452866.2
2020-10-12,ATO,83.44455,84.276306,83.26945,83.704475,1034932.06
2020-10-13,ATO,83.45322,83.54636,81.711716,82.66478,772654
2020-10-14,ATO,82.5868,83.219284,81.867676,82.3442,787694.1
2020-10-15,ATO,81.79836,82.69077,80.95231,81.876335,1116785.4
2020-10-16,ATO,81.76371,82.37019,80.940605,81.867676,1065495.9
2020-10-19,ATO,82.10161,82.318214,81.35649,81.65107,643018.9
2020-10-20,ATO,81.79836,82.04529,80.66769,81.68572,759633.7
2020-10-21,ATO,81.68572,83.95574,81.469124,82.77741,1245902.2
2020-10-22,ATO,82.79474,84.12902,82.61279,83.73047,933044.56
2020-10-23,ATO,84.26765,85.07342,84.00772,84.640205,684892.5
2020-10-26,ATO,84.207,84.74417,83.7478,84.45826,886464.2
2020-10-27,ATO,84.61422,85.05608,84.06837,84.10303,812592.06
2020-10-28,ATO,83.23661,83.73697,80.247475,80.30813,966712
2020-10-29,ATO,80.05686,80.89729,78.5493,79.77961,812713.25
2020-10-30,ATO,79.33774,79.90091,78.88721,79.42438,1711609.1
2020-11-02,ATO,80.15217,82.82939,80.030876,82.75142,999327.94
2020-11-03,ATO,83.78245,85.25103,83.54861,84.58822,876568.25
2020-11-04,ATO,84.04238,85.419975,82.73149,82.82073,775870.7
2020-11-05,ATO,83.71314,84.51891,81.89366,82.32687,777211.9
2020-11-06,ATO,82.7081,82.91093,80.853966,81.13122,585438
2020-11-09,ATO,84.9088,86.30373,83.726135,84.726845,933123.06
2020-11-10,ATO,85.11673,89.197556,84.83948,88.76434,1580397.4
2020-11-11,ATO,88.96362,88.96362,86.48567,87.282776,1243394.2
2020-11-12,ATO,86.54632,87.27412,84.43227,85.532616,1434913
2020-11-13,ATO,86.14777,89.01561,85.98315,88.51309,1106015.8
2020-11-16,ATO,89.73473,89.81271,87.4214,87.75064,1894917.1
2020-11-17,ATO,87.126816,87.86328,86.54632,86.68495,1338185.9
2020-11-18,ATO,87.17014,87.360756,83.02867,83.32325,1330036.2
2020-11-19,ATO,83.6525,83.860435,80.611374,82.39619,1587242.8
2020-11-20,ATO,82.49149,83.57452,81.75504,82.890045,1682950.9
2020-11-23,ATO,83.31459,84.18101,83.15864,83.92108,1079601.1
2020-11-24,ATO,84.73551,87.767975,84.49291,86.884224,1720330.1
2020-11-25,ATO,87.00552,87.00552,85.2207,86.13045,917779.4
2020-11-27,ATO,86.07377,86.32662,84.26022,84.41716,353115.84
2020-11-30,ATO,84.44332,84.79644,83.06572,83.6063,2406458
2020-12-01,ATO,83.86787,84.905334,83.86787,84.26022,1181444.4
2020-12-02,ATO,84.13815,84.67001,82.23742,83.86787,1170287.1
2020-12-03,ATO,83.86787,84.47384,83.283875,84.155594,943785.9
2020-12-04,ATO,84.53923,85.45473,83.449356,84.80952,1289062.5
2020-12-07,ATO,84.469475,85.66398,84.469475,84.79208,882721.4
2020-12-08,ATO,84.59154,85.66398,84.382286,85.088524,808686.3
2020-12-09,ATO,85.15828,85.515755,84.486916,85.22803,810857.44
2020-12-10,ATO,85.35882,85.72937,84.486916,85.59422,983721.75
2020-12-11,ATO,85.629105,86.553314,85.35882,86.37894,1262682.1
2020-12-14,ATO,87.03286,88.12273,86.65794,86.76257,1232649.9
2020-12-15,ATO,87.268265,89.16029,87.04158,88.65459,1549908.4
2020-12-16,ATO,88.45405,88.65459,86.53587,86.62306,972239.9
2020-12-17,ATO,86.80616,87.86988,86.361496,86.39637,912419.8
2020-12-18,ATO,86.52715,86.923874,82.63849,82.926216,2801895.5
2020-12-21,ATO,82.06304,82.95238,79.64788,80.23205,1683842.6
2020-12-22,ATO,80.36284,80.97317,79.8397,80.50234,960956.44
2020-12-23,ATO,80.69416,81.52246,80.14486,80.24077,727937.2
2020-12-24,ATO,80.4849,80.91214,79.8397,80.88597,380458.5
2020-12-28,ATO,81.02548,82.13279,80.77263,81.44399,607232.75
2020-12-29,ATO,81.60965,82.176384,80.72032,81.22602,810397.56
2020-12-30,ATO,81.49631,82.86519,81.135864,81.53118,1086234.9
2020-12-31,ATO,81.32192,83.25754,81.1022,83.20522,724302.6
2021-01-04,ATO,83.17907,83.632454,81.69684,81.984566,1269351.5
2021-01-05,ATO,82.193825,82.27229,80.214615,80.746475,988631.7
2021-01-06,ATO,81.147545,82.0456,80.63313,81.70556,929217.6
2021-01-07,ATO,81.71428,81.766594,77.938965,78.27028,1140143.8
2021-01-08,ATO,78.47082,78.67136,77.014755,77.825615,1209259.6
2021-01-11,ATO,77.56404,78.453384,76.14285,76.43929,1060551.9
2021-01-12,ATO,76.29108,77.29376,75.719986,76.395706,1122147.4
2021-01-13,ATO,76.40442,77.262024,76.352104,77.1281,964881.2
2021-01-14,ATO,77.712265,77.712265,76.0295,76.41314,666622.7
2021-01-15,ATO,76.43929,78.57545,76.09063,78.49698,1132264.4
2021-01-19,ATO,78.83701,79.29912,78.14822,78.54057,1605185.5
2021-01-20,ATO,78.741104,79.804825,78.16566,78.549286,1403224.9
2021-01-21,ATO,78.10462,78.61904,77.70355,77.99127,814048.2
2021-01-22,ATO,77.816895,78.379265,76.70959,77.67739,681028.06
2021-01-25,ATO,77.424545,79.75251,77.10194,78.854454,1529716.8
2021-01-26,ATO,79.1509,79.8397,78.317276,79.29912,974477.5
2021-01-27,ATO,78.767265,80.214615,78.73239,79.194496,1305408.5
2021-01-28,ATO,79.36015,79.9792,76.69215,77.22401,2062132.2
2021-01-29,ATO,76.77062,78.54057,76.45673,77.59892,3542649.5
2021-02-01,ATO,77.65123,78.18309,76.77062,77.29376,1226724.9
2021-02-02,ATO,77.511734,78.79343,76.69215,77.30248,869053.5
2021-02-03,ATO,77.38094,77.753334,75.60227,75.89872,1177189.2
2021-02-04,ATO,76.256195,77.4507,75.88128,77.407104,1571766.4
2021-02-05,ATO,77.76459,77.99999,77.16297,77.64252,798614.06
2021-02-08,ATO,77.76459,78.30516,77.24144,77.66868,1017020.4
2021-02-09,ATO,77.720985,78.14822,76.97115,78.12206,764685.8
2021-02-10,ATO,78.61904,80.32796,78.340034,80.08383,1303288.9
2021-02-11,ATO,79.44735,80.223335,78.73239,79.377594,992704.44
2021-02-12,ATO,79.34272,80.0228,78.61033,79.386314,879860.94
2021-02-16,ATO,79.20321,79.76994,78.71495,79.45606,828260.9
2021-02-17,ATO,79.56941,81.00805,79.25117,80.58953,1123155.5
2021-02-18,ATO,80.71159,82.219986,80.71159,81.688126,979759.1
2021-02-19,ATO,81.534515,82.622925,80.937645,82.12261,2426613
2021-02-22,ATO,78.99781,79.85801,77.76017,78.479935,2489874.5
2021-02-23,ATO,79.35769,80.68301,78.383385,78.673035,1136095.8
2021-02-24,ATO,78.95392,79.101204,77.73384,77.8304,1141681.6
2021-02-25,ATO,78.014725,79.21725,77.31252,77.44419,1057111.2
2021-02-26,ATO,77.57584,77.79511,74.24916,74.266716,1611032.1
2021-03-01,ATO,75.14447,76.30311,75.126915,75.26736,860305.4
2021-03-02,ATO,75.41657,76.75076,75.31125,76.57521,1205280.4
2021-03-03,ATO,77.03165,78.52382,76.320656,77.63729,1273608.2
2021-03-04,ATO,78.92759,80.02478,77.70751,78.03228,1568684.2
2021-03-05,ATO,78.05862,81.31508,78.05862,80.498764,1927209.8
2021-03-08,ATO,80.75332,80.94643,78.71693,80.437325,1229065
2021-03-09,ATO,79.12947,80.18278,78.348274,78.41849,1048848.1
2021-03-10,ATO,78.87492,79.96333,78.17272,79.708786,1004416.44
2021-03-11,ATO,79.10314,79.612236,78.56771,78.89248,779553.75
2021-03-12,ATO,79.62979,80.72698,79.25236,80.24422,868499
2021-03-15,ATO,80.74454,81.88562,80.410995,81.797844,853642.94
2021-03-16,ATO,81.49062,82.55271,81.35897,82.333275,1132230.2
2021-03-17,ATO,82.38594,82.9872,81.04298,81.13075,895635.3
2021-03-18,ATO,80.963974,82.333275,80.43425,82.096275,887748.2
2021-03-19,ATO,82.096275,83.298805,81.50819,82.587814,2216837.8
2021-03-22,ATO,82.263054,82.65804,80.75332,82.10506,1169763.6
2021-03-23,ATO,81.63107,82.930145,81.51697,82.66682,855465.75
2021-03-24,ATO,82.81603,84.61543,82.44738,84.13267,965537.7
2021-03-25,ATO,84.56276,85.519516,83.57968,85.2123,850800.44
2021-03-26,ATO,85.25619,85.414185,83.76401,85.352745,745915.6
2021-03-29,ATO,85.379074,86.774704,85.20353,86.76592,1108947
2021-03-30,ATO,86.449936,87.09948,85.57218,86.80103,1061546.4
2021-03-31,ATO,86.2305,87.11264,85.09819,86.76592,1301967
2021-04-01,ATO,86.52016,86.774704,85.2123,86.2305,785209.1
2021-04-05,ATO,86.16028,87.073135,85.66873,86.56405,585196.25
2021-04-06,ATO,86.32705,86.51577,85.57218,86.248055,833493.75
2021-04-07,ATO,85.949615,86.783485,85.3703,86.221725,642006
2021-04-08,ATO,86.60793,86.774704,85.782845,86.30072,966541.4
2021-04-09,ATO,86.722046,87.261856,86.31827,87.011696,618886.8
2021-04-12,ATO,87.4418,88.02111,87.073135,87.213585,546033.75
2021-04-13,ATO,87.345245,88.13522,86.79226,86.976585,843266.44
2021-04-14,ATO,86.748375,88.157166,86.66937,87.88945,655423.25
2021-04-15,ATO,87.775345,88.95153,87.60857,88.933975,742290.44
2021-04-16,ATO,89.2763,89.66251,88.240555,89.372856,989389.44
2021-04-19,ATO,89.802956,89.802956,88.863754,89.3904,1103933
2021-04-20,ATO,89.65373,91.927124,89.53085,91.80423,909348.75
2021-04-21,ATO,91.81301,92.155334,90.733376,90.75093,1300017.8
2021-04-22,ATO,90.75093,91.233696,90.53149,90.759705,541112.1
2021-04-23,ATO,91.08447,91.51457,90.52271,90.71581,427070.97
2021-04-26,ATO,90.89137,90.89137,89.46063,89.89073,673580.94
2021-04-27,ATO,89.96973,89.96973,88.91643,89.074425,604623.1
2021-04-28,ATO,89.17097,89.552795,87.986,88.03867,970421.75
2021-04-29,ATO,88.82864,89.75907,88.34589,89.68884,1263314.9
2021-04-30,ATO,89.89073,91.03181,89.56596,90.926476,983973.4
2021-05-03,ATO,90.926476,91.97978,90.786125,91.10203,886229.5
2021-05-04,ATO,91.25124,91.51457,90.15405,90.89137,741360.8
2021-05-05,ATO,90.26816,90.40861,88.72332,89.996056,680128.4
2021-05-06,ATO,90.12772,91.48824,89.85562,90.71581,849228.25
2021-05-07,ATO,90.40861,91.06692,90.171616,90.40861,793750.25
2021-05-10,ATO,90.90015,91.95345,90.43494,90.85626,1165798.9
2021-05-11,ATO,91.21613,91.44435,88.36783,88.9252,818826.75
2021-05-12,ATO,89.2763,89.29386,87.02925,87.11703,951537.1
2021-05-13,ATO,86.66937,88.80671,86.30072,88.310776,626145.06
2021-05-14,ATO,88.52143,89.21047,87.92456,88.17911,761792.5
2021-05-17,ATO,88.05622,88.266884,86.449936,86.46749,967689.75
2021-05-18,ATO,85.9584,87.39791,85.510735,87.02048,1068944.9
2021-05-19,ATO,87.06437,87.15214,85.66873,86.11639,746235.75
2021-05-20,ATO,85.914505,86.89759,85.86184,86.30072,604220.94
2021-05-21,ATO,86.64964,87.215004,85.54543,86.72915,2076274.4
2021-05-24,ATO,86.89699,87.471176,86.81307,86.94999,716022.56
2021-05-25,ATO,86.85282,86.85282,85.836945,86.82632,619913.25
2021-05-26,ATO,86.85282,87.471176,86.3758,87.117836,835309.1
2021-05-27,ATO,87.250336,88.09837,87.15317,87.59486,3664117.5
2021-05-28,ATO,87.84219,88.1337,87.35634,87.60368,719974.5
2021-06-01,ATO,87.824524,87.88636,87.268005,87.84219,707608.2
2021-06-02,ATO,88.116035,89.55592,87.8687,88.75206,897403.25
2021-06-03,ATO,88.557724,89.68843,88.50472,89.38809,691680.56
2021-06-04,ATO,89.67077,89.81202,88.813896,88.96407,639763.4
2021-06-07,ATO,89.149574,89.326256,88.70789,89.19375,701097.9
2021-06-08,ATO,89.35275,89.41459,88.25738,88.593056,692778.6
2021-06-09,ATO,88.75206,89.41459,88.16021,89.35275,729443.94
2021-06-10,ATO,89.458755,89.8386,89.19375,89.41459,592754.7
2021-06-11,ATO,89.52943,89.91811,88.98174,89.91811,651119.9
2021-06-14,ATO,89.89161,89.96227,88.95523,89.308586,855204.56
2021-06-15,ATO,89.15841,89.714935,88.928734,89.18491,788533.6
2021-06-16,ATO,89.38809,89.67077,88.42522,88.8404,1004505.7
2021-06-17,ATO,88.91107,89.52943,88.34572,88.60189,779424.2
2021-06-18,ATO,87.99236,88.045364,86.278625,86.464134,2355735.2
2021-06-21,ATO,86.90582,87.90403,86.684975,87.488846,1013264.25
2021-06-22,ATO,87.15317,87.69202,86.69381,86.93233,988652.75
2021-06-23,ATO,86.93233,86.93233,85.89878,85.99595,950756.94
2021-06-24,ATO,85.74861,86.207954,85.45709,86.093124,705764.1
2021-06-25,ATO,85.89878,87.39168,85.79278,87.39168,651438
2021-06-28,ATO,87.48001,87.50651,86.83515,87.232666,478209.1
2021-06-29,ATO,86.94999,87.14433,84.953575,85.16559,626325.06
2021-06-30,ATO,84.971245,85.50127,84.511894,84.90057,699144
2021-07-01,ATO,85.11258,86.10196,84.45006,85.669106,698377.6
2021-07-02,ATO,85.669106,85.93411,85.149506,85.78394,551312.2
2021-07-06,ATO,85.686775,85.907616,84.105545,85.75745,739386.56
2021-07-07,ATO,85.5101,86.57898,85.25392,86.52597,669980.6
2021-07-08,ATO,86.128456,86.89699,85.836945,86.2698,483533.03
2021-07-09,ATO,86.76448,87.12666,85.81928,87.03832,865701.9
2021-07-12,ATO,86.72915,87.91286,86.47297,87.84219,669789.3
2021-07-13,ATO,87.77152,88.19553,87.14433,87.27684,661061.4
2021-07-14,ATO,87.17083,88.0807,86.81748,87.85102,461166.4
2021-07-15,ATO,87.639015,89.19375,87.57718,89.06124,648857
2021-07-16,ATO,89.36159,89.89161,88.93757,89.43225,710829.94
2021-07-19,ATO,89.308586,89.511765,86.128456,87.40934,1192014
2021-07-20,ATO,87.73619,88.57097,87.16421,87.88636,1051499.6
2021-07-21,ATO,88.01887,88.48705,86.720314,86.790985,825716.3
2021-07-22,ATO,86.45531,87.144684,86.12405,86.2698,537865.94
2021-07-23,ATO,86.570145,87.93937,86.34046,87.85102,507039.66
2021-07-26,ATO,87.68319,88.09837,87.51534,87.91286,555301.5
2021-07-27,ATO,87.84219,89.57359,87.53301,89.308586,453098.4
2021-07-28,ATO,89.43225,89.44993,87.85102,88.64606,559941.7
2021-07-29,ATO,88.79623,88.91107,87.55068,88.50472,444750.8
2021-07-30,ATO,88.61072,89.08774,86.76448,87.091324,1368101.2
2021-08-02,ATO,87.232666,88.34572,87.091324,87.93053,569105.44
2021-08-03,ATO,87.87753,88.47822,87.58601,88.0542,602913.56
2021-08-04,ATO,87.55068,87.934944,86.63197,87.79803,661003.6
2021-08-05,ATO,88.23971,89.511765,87.69202,89.49409,719655.25
2021-08-06,ATO,89.661934,90.01528,89.0259,89.12308,673799
2021-08-09,ATO,89.220245,89.59126,88.46938,89.326256,727594.2
2021-08-10,ATO,89.42342,89.61335,88.672554,89.12308,533676.3
2021-08-11,ATO,89.255585,89.57359,88.82273,89.34392,432786.4
2021-08-12,ATO,89.44109,89.5471,88.46938,88.8404,522932.22
2021-08-13,ATO,88.849236,89.90927,88.48705,89.63543,609359.3
2021-08-16,ATO,89.6531,90.35096,88.96407,89.28208,819621.44
2021-08-17,ATO,88.9464,89.53826,88.50472,89.17608,928973.25
2021-08-18,ATO,89.29092,89.511765,87.056,87.44467,794080.56
2021-08-19,ATO,87.55952,88.08954,86.86166,87.1355,817131
2021-08-20,ATO,86.802124,88.073395,86.366516,87.806694,1119841.5
2021-08-23,ATO,87.957825,88.108955,86.81991,86.96214,707925.56
2021-08-24,ATO,87.148834,87.58444,86.27316,87.22884,945016.25
2021-08-25,ATO,87.219955,87.219955,86.31317,86.66877,724468.8
2021-08-26,ATO,86.562096,86.61987,85.806435,85.96646,448975.53
2021-08-27,ATO,86.13537,86.71323,85.92201,86.57098,388498.72
2021-08-30,ATO,86.57987,86.94437,86.295395,86.65099,412265.8
2021-08-31,ATO,86.490974,86.842125,86.11759,86.686554,863065.9
2021-09-01,ATO,87.0955,87.64667,86.71323,87.34441,751817.5
2021-09-02,ATO,87.36219,87.63779,86.77545,87.38887,769563.25
2021-09-03,ATO,87.0955,87.34441,86.65099,86.677666,673274.3
2021-09-07,ATO,86.42874,86.59766,85.19303,85.459724,691543.1
2021-09-08,ATO,85.37083,87.335526,85.0419,86.81101,711230.4
2021-09-09,ATO,86.70433,86.70433,85.486404,85.51307,964036.44
2021-09-10,ATO,85.47751,85.6522,82.712715,82.78384,1019632.5
2021-09-13,ATO,83.23722,83.521706,81.7437,81.94817,1018715.75
2021-09-14,ATO,82.09041,82.4638,80.75727,81.14807,1159348.8
2021-09-15,ATO,80.97916,81.441444,79.34082,79.61899,858630.56
2021-09-16,ATO,79.53009,80.33019,79.15671,79.79679,706348.5
2021-09-17,ATO,79.48564,80.00126,79.18338,79.20116,1322077.4
2021-09-20,ATO,78.88112,79.83235,78.38328,79.23672,980459.4
2021-09-21,ATO,79.512314,80.285736,78.90779,78.92557,984716.94
2021-09-22,ATO,79.22783,79.62788,78.7211,78.898895,754270.8
2021-09-23,ATO,78.863335,79.46786,78.25881,78.34772,504215.03
2021-09-24,ATO,78.57886,79.38785,78.40994,78.42773,596888.6
2021-09-27,ATO,78.5433,79.71678,77.76098,77.858765,836596.9
2021-09-28,ATO,78.22325,78.37439,76.276344,77.06756,805142.5
2021-09-29,ATO,77.06756,79.10337,76.94754,79.041145,1131036.1
2021-09-30,ATO,79.21894,79.4499,78.169914,78.40994,1742365.6
2021-10-01,ATO,78.827774,79.3434,78.05435,78.92557,898091.7
2021-10-04,ATO,78.99669,81.02361,78.88557,80.49911,1140515.2
2021-10-05,ATO,80.63245,80.70357,79.77901,80.01904,912300.9
2021-10-06,ATO,79.6101,80.21462,78.62331,80.1524,1324093.1
2021-10-07,ATO,79.30784,80.53466,79.26339,79.79679,1104323
2021-10-08,ATO,79.95681,80.241295,79.68121,79.97459,693224.8
2021-10-11,ATO,79.903465,80.44576,79.20116,79.21894,495461.38
2021-10-12,ATO,79.10337,79.65455,78.81889,79.10337,526544.56
2021-10-13,ATO,78.72999,82.34822,78.321045,81.96595,1832300.2
2021-10-14,ATO,82.22376,83.566154,82.10819,83.51282,1175991
2021-10-15,ATO,83.65505,84.1529,82.641594,82.677155,877078.25
2021-10-18,ATO,82.11709,82.4638,80.65023,80.98805,974165.75
2021-10-19,ATO,81.35255,82.58826,80.748024,82.57047,710017.8
2021-10-20,ATO,82.84607,84.30403,82.54389,84.028435,806924.25
2021-10-21,ATO,84.099556,84.295135,82.80161,83.0772,591986.5
2021-10-22,ATO,83.370575,83.80618,83.15277,83.601715,474729.16
2021-10-25,ATO,83.65505,84.20624,82.80161,83.74396,522297.1
2021-10-26,ATO,83.752846,84.27736,83.05054,83.59283,487688.62
2021-10-27,ATO,83.7084,83.7084,81.53034,81.592575,861067
2021-10-28,ATO,81.49478,82.677155,81.40588,82.57936,534170
2021-10-29,ATO,82.49046,83.13055,81.521454,81.89484,1527450.5
2021-11-01,ATO,81.6637,82.85495,81.281425,82.712715,531328.56
2021-11-02,ATO,83.18388,83.42391,82.019295,83.37947,749168.44
2021-11-03,ATO,83.37947,84.23291,82.41934,82.9972,850109.75
2021-11-04,ATO,82.9972,83.637276,82.437126,83.23722,749107.7
2021-11-05,ATO,83.76174,84.51295,83.335014,83.55727,527777.44
2021-11-08,ATO,83.521706,83.62839,81.84149,82.65049,541940.5
2021-11-09,ATO,82.61492,83.24612,82.526024,82.80161,762247.2
2021-11-10,ATO,83.04165,84.18845,82.908295,83.62839,769418.1
2021-11-11,ATO,84.7352,85.47751,83.67284,84.25069,885547.25
2021-11-12,ATO,84.71297,85.13969,84.028435,84.83743,911114.1
2021-11-15,ATO,85.22859,85.59308,84.561844,85.53085,1094048.6
2021-11-16,ATO,85.47751,85.47751,83.95732,84.07289,1004383.94
2021-11-17,ATO,83.90398,83.90398,82.72161,83.43281,910312.1
2021-11-18,ATO,83.139435,83.51282,81.84149,82.330444,893037.7
2021-11-19,ATO,82.677155,84.80187,82.401566,84.36626,3531810
2021-11-22,ATO,84.45516,85.148575,83.61949,85.00634,987016.1
2021-11-23,ATO,85.19303,85.424164,84.28625,84.73074,841083.94
2021-11-24,ATO,84.89966,85.21081,84.099556,84.45516,1174790.9
2021-11-26,ATO,83.89105,84.13281,83.01355,83.61347,540088.3
2021-11-29,ATO,84.007454,84.401436,83.10309,83.98955,1041357.6
2021-11-30,ATO,83.26426,83.26426,80.80188,80.87352,2592791.5
2021-12-01,ATO,81.58985,82.723434,80.0766,80.0766,1416174.4
2021-12-02,ATO,80.13928,82.00496,79.655754,81.19587,1489018
2021-12-03,ATO,81.70625,83.5508,81.19587,83.05832,1514920
2021-12-06,ATO,83.92687,85.20731,83.631386,84.67006,1540995.2
2021-12-07,ATO,84.39248,85.46697,83.85524,84.95659,1788114.1
2021-12-08,ATO,84.929726,85.23417,83.61347,84.53575,3415754.5
2021-12-09,ATO,84.53575,85.538605,83.917915,85.26999,1922582
2021-12-10,ATO,85.56547,86.093765,85.05061,85.72665,1263681.2
2021-12-13,ATO,86.31762,87.983086,86.31762,87.16826,1750121.5
2021-12-14,ATO,87.195114,88.06367,86.72951,86.98022,1611725.9
2021-12-15,ATO,87.53538,88.44869,86.98022,88.21588,1462092.9
2021-12-16,ATO,88.11739,90.06043,87.84877,89.854485,2076037.8
2021-12-17,ATO,89.8724,89.8724,88.38602,88.49347,1844184.5
2021-12-20,ATO,87.66969,88.98594,87.221985,88.94117,745011
2021-12-21,ATO,89.39783,89.800766,88.37706,89.05757,1111768.9
2021-12-22,ATO,88.80686,91.502045,88.70837,91.43937,1699643
2021-12-23,ATO,91.40355,92.73324,91.12597,91.98557,1242813.8
2021-12-27,ATO,92.17361,93.31973,92.030334,93.17646,1177606.8
2021-12-28,ATO,93.12274,93.73162,92.37955,92.61236,820873.4
2021-12-29,ATO,92.72876,94.00919,92.32582,93.86593,1063278.2
2021-12-30,ATO,93.94652,94.282295,93.400314,93.561485,642234.7
2021-12-31,ATO,93.436134,94.10769,92.746666,93.8122,727692.7
2022-01-03,ATO,94.01815,94.04501,92.7019,94.02711,1051596.5
2022-01-04,ATO,94.14351,96.19355,93.89279,95.14637,1311461.5
2022-01-05,ATO,95.17323,96.39995,95.14637,95.450806,955033
2022-01-06,ATO,95.88956,96.20296,94.43004,94.70761,1023800.3
2022-01-07,ATO,94.50167,94.78821,93.87488,94.27782,1391449.4
2022-01-10,ATO,94.39422,94.760445,93.70476,94.152466,954838.7
2022-01-11,ATO,94.44795,94.70314,92.49596,93.6958,956289.4
2022-01-12,ATO,93.18542,93.86593,92.73771,93.30182,1015989.4
2022-01-13,ATO,93.274956,95.27173,93.23914,94.9046,1922512.8
2022-01-14,ATO,94.63599,95.15532,93.633125,94.958336,1249401.8
2022-01-18,ATO,94.33154,94.71657,92.71085,94.38527,1252892.9
2022-01-19,ATO,94.61807,96.24772,94.29572,94.322586,1078581.9
2022-01-20,ATO,94.322586,94.725525,93.46299,94.03606,1495682
2022-01-21,ATO,94.00919,94.94042,93.57492,93.65103,1508518.5
2022-01-24,ATO,93.65998,94.26887,89.37545,91.61845,1418308.5
2022-01-25,ATO,91.09016,93.57044,90.59768,93.0511,1749179
2022-01-26,ATO,92.88993,94.322586,92.01243,92.80935,1747312.8
2022-01-27,ATO,93.48986,95.32545,93.23914,93.86593,1406860.1
2022-01-28,ATO,93.633125,95.06578,92.746666,95.012054,1420166.9
2022-01-31,ATO,94.10769,96.30145,93.74058,96.00597,2514501.2
2022-02-01,ATO,96.059685,96.07312,94.322586,95.164276,1250091.9
2022-02-02,ATO,94.761345,96.194,94.51063,95.62093,1233361
2022-02-03,ATO,95.60303,95.92538,94.53749,95.611984,1077334.4
2022-02-04,ATO,94.9046,95.63884,93.74953,94.69866,1062312.2
2022-02-07,ATO,94.73448,95.30754,93.83907,94.85984,973637.9
2022-02-08,ATO,95.13741,95.808975,94.78821,95.42394,1187372.1
2022-02-09,ATO,95.14637,97.79678,95.14637,97.465485,1344135.9
2022-02-10,ATO,96.74915,97.0133,94.39422,94.86879,1050574.6
2022-02-11,ATO,94.9852,96.543205,94.52585,95.52244,959972.6
2022-02-14,ATO,95.70152,95.96119,93.6008,94.89565,1161461.1
2022-02-15,ATO,95.200096,95.6657,94.080826,94.492714,960736.5
2022-02-16,ATO,94.680756,95.40156,93.82116,94.99415,788901.44
2022-02-17,ATO,95.36363,96.61872,94.41738,96.120636,1067418.6
2022-02-18,ATO,94.84996,96.50814,94.84996,95.5619,2587003
2022-02-22,ATO,95.51683,96.74245,95.183395,95.760155,1320533.6
2022-02-23,ATO,95.67905,96.17921,94.77786,94.97612,1708348.6
2022-02-24,ATO,94.44443,94.84996,92.19146,94.39936,2586058.5
2022-02-25,ATO,95.30956,98.53581,95.237465,98.31052,1454879.6
2022-02-28,ATO,97.36427,99.473045,97.36427,98.959366,2548337.2
2022-03-01,ATO,98.79716,99.7434,98.32854,99.06751,2433831.5
2022-03-02,ATO,99.1306,100.74372,98.64395,100.15795,1485447.1
2022-03-03,ATO,100.81582,102.52807,100.80681,102.50104,1289767.5
2022-03-04,ATO,102.13155,104.77203,101.37455,104.6729,1283186.1
2022-03-07,ATO,104.744995,105.26768,103.3121,104.54673,1708082.4
2022-03-08,ATO,104.87116,104.87116,102.19463,102.19463,1329304.2
2022-03-09,ATO,102.87052,103.37519,101.06815,101.095184,1216391
2022-03-10,ATO,100.33818,102.46499,100.28412,102.095505,885677.2
2022-03-11,ATO,102.113525,103.118355,101.27092,102.50104,1451732.8
2022-03-14,ATO,102.95163,103.154396,100.24807,101.70799,997142.4
2022-03-15,ATO,103.113846,103.3842,101.87922,102.83448,1324532.8
2022-03-16,ATO,102.60017,103.167915,100.68965,103.05076,1338886
2022-03-17,ATO,103.267044,104.07811,102.753365,103.158905,817805.6
2022-03-18,ATO,103.14088,103.99701,101.37455,101.59084,2522924
2022-03-21,ATO,101.83416,103.88886,101.76206,103.85281,806184.3
2022-03-22,ATO,104.240326,104.53772,102.51005,102.87954,839689
2022-03-23,ATO,103.08681,103.66357,101.50072,103.01471,746810.4
2022-03-24,ATO,103.28507,104.43859,102.96064,104.240326,878862.9
2022-03-25,ATO,104.8261,106.87179,104.48815,106.80871,1004241.94
2022-03-28,ATO,106.76366,106.76366,105.55606,106.15085,1259231.1
2022-03-29,ATO,105.808395,107.412506,105.56507,107.403496,808598.9
2022-03-30,ATO,107.36745,108.511955,106.439224,108.475914,1034149.1
2022-03-31,ATO,108.17852,108.989586,107.67385,107.68286,1283935.1
2022-04-01,ATO,107.74594,109.4582,107.07907,109.41315,1104048
2022-04-04,ATO,108.81836,108.88595,106.48429,107.403496,1156711.9
2022-04-05,ATO,107.64681,109.00761,107.493614,108.34975,827649.3
2022-04-06,ATO,108.74626,110.043976,107.89014,109.98991,1125160.1
2022-04-07,ATO,109.93583,109.93583,107.4846,108.91749,1234785.6
2022-04-08,ATO,109.106735,109.78263,107.935196,109.683495,1051805.9
2022-04-11,ATO,110.080025,110.39544,108.23214,108.60207,1001127.1
2022-04-12,ATO,108.21457,109.305,107.376465,108.3227,845828.7
2022-04-13,ATO,108.620094,108.9986,106.862785,108.05235,956623.6
2022-04-14,ATO,108.93551,109.043655,107.88113,107.90816,1042149.7
2022-04-18,ATO,108.097404,109.78263,107.2593,107.78199,699113.3
2022-04-19,ATO,108.25061,108.926506,107.917175,108.69219,590810.6
2022-04-20,ATO,109.49425,110.80548,108.86342,110.566666,697157
2022-04-21,ATO,110.23322,110.50358,109.025635,109.18785,761414.44
2022-04-22,ATO,109.043655,109.043655,106.85377,106.970924,936686.56
2022-04-25,ATO,106.943886,107.30437,104.69543,106.06973,1167371.1
2022-04-26,ATO,106.23195,107.1061,105.375824,105.48397,970872.6
2022-04-27,ATO,105.64619,106.56539,104.01503,104.59179,884741.75
2022-04-28,ATO,105.19559,105.9616,104.35748,105.26768,909339.3
2022-04-29,ATO,104.97029,104.97029,101.84317,102.19463,3203458.5
2022-05-02,ATO,102.89756,103.33013,99.73439,100.71669,1205465.4
2022-05-03,ATO,101.149254,103.240005,100.89692,101.4827,1015836.6
2022-05-04,ATO,102.06847,103.9159,101.91977,103.9159,1103231.4
2022-05-05,ATO,103.89788,105.8895,102.672264,103.672585,1116996.5
2022-05-06,ATO,103.01471,103.90689,102.149574,103.54642,1505256.5
2022-05-09,ATO,103.221985,103.41124,101.84768,102.4019,1258803.9
2022-05-10,ATO,102.51005,103.84381,100.54546,101.93329,1057097.8
2022-05-11,ATO,102.3929,104.12318,101.1042,101.49171,1181325
2022-05-12,ATO,101.527756,102.176605,100.094864,101.01408,1314838.9
2022-05-13,ATO,100.83384,102.30277,100.17598,101.79811,1205266.8
2022-05-16,ATO,102.35685,103.00571,101.617874,101.97835,1369331.4
2022-05-17,ATO,102.519066,102.622696,100.6536,102.51005,1155016.4
2022-05-18,ATO,103.06879,103.06879,100.572495,100.79779,1198856.2
2022-05-19,ATO,100.18498,100.86989,99.05706,100.36523,1040597.3
2022-05-20,ATO,100.22922,101.66184,99.68518,101.28101,1082304.6
2022-05-23,ATO,102.423485,103.48435,101.290085,103.06726,1428103.5
2022-05-24,ATO,103.52062,105.57889,102.95846,105.20712,1034453.2
2022-05-25,ATO,105.08926,105.89624,104.65402,105.10738,1117908.6
2022-05-26,ATO,105.54262,106.50374,105.24339,105.8509,1195451.5
2022-05-27,ATO,105.64236,106.67602,105.03484,106.666954,1002806.25
2022-05-31,ATO,105.62422,105.62422,104.36388,105.461006,3069493.5
2022-06-01,ATO,105.805565,106.17732,104.010254,105.56982,1095129.9
2022-06-02,ATO,105.76023,106.64882,103.02193,105.72396,799593.25
2022-06-03,ATO,105.39754,105.86904,104.78097,105.27966,719521.44
2022-06-06,ATO,105.58795,106.44027,105.2706,105.86904,789174.44
2022-06-07,ATO,105.60609,106.530945,105.12553,106.47654,788309.75
2022-06-08,ATO,106.17732,106.38133,104.32761,104.47268,695367.44
2022-06-09,ATO,104.51801,104.859856,102.36909,102.41441,611393.7
2022-06-10,ATO,101.72531,102.37815,101.09967,101.52583,712492.8
2022-06-13,ATO,100.43776,100.85486,96.58418,97.02848,944612.1
2022-06-14,ATO,97.20982,98.252556,94.671005,95.6956,999977.4
2022-06-15,ATO,96.26683,97.95334,95.40545,96.19429,1083566.2
2022-06-16,ATO,95.069954,95.34198,93.99096,94.82514,1092679.2
2022-06-17,ATO,95.26037,95.6412,92.522064,93.85495,2434044
2022-06-21,ATO,94.00002,96.09456,93.841354,95.632126,926068.44
2022-06-22,ATO,94.51685,96.44818,94.51685,95.804405,692444.8
2022-06-23,ATO,96.32124,97.291435,96.3031,97.05569,738721.3
2022-06-24,ATO,97.60879,99.44036,97.391174,99.050476,797793.4
2022-06-27,ATO,98.769394,100.61911,98.73312,100.419624,563624.94
2022-06-28,ATO,100.69165,101.70718,100.16121,100.32896,574830.1
2022-06-29,ATO,100.4831,100.945526,99.82119,100.55564,801516.7
2022-06-30,ATO,99.8484,102.1696,99.83025,101.6437,914887.5
2022-07-01,ATO,102.02453,104.635895,101.52583,104.40921,882281.06
2022-07-05,ATO,103.946785,104.149345,98.79659,100.29269,924361.2
2022-07-06,ATO,100.66444,103.02193,100.13854,102.459755,709305.56
2022-07-07,ATO,103.012856,103.1398,101.82505,101.86131,742356.44
2022-07-08,ATO,102.18774,102.314674,101.24475,101.59837,646126.44
2022-07-11,ATO,101.290085,102.432556,100.89112,101.66184,742702.7
2022-07-12,ATO,100.89112,102.115204,100.74605,101.41702,572658.56
2022-07-13,ATO,100.61911,101.55303,100.011604,100.71885,623507.6
2022-07-14,ATO,99.20462,100.945526,99.20462,100.57377,825130.25
2022-07-15,ATO,101.71624,101.81598,100.183876,101.462364,1263363.1
2022-07-18,ATO,101.670906,102.00639,101.01807,101.462364,1023110.1
2022-07-19,ATO,102.03359,102.96752,101.78878,102.88592,1135549
2022-07-20,ATO,102.96752,103.39368,101.09967,101.28101,1316288.9
2022-07-21,ATO,101.009,102.54136,100.88206,102.115204,779110.75
2022-07-22,ATO,102.57763,103.22086,101.96105,102.77711,649246.44
2022-07-25,ATO,102.91312,104.2052,102.68644,104.06465,915978.25
2022-07-26,ATO,104.2732,105.56982,104.10092,105.40661,750678.7
2022-07-27,ATO,105.13459,105.941574,104.54975,105.62422,1080012.9
2022-07-28,ATO,106.3224,108.94283,105.56982,108.74335,941579.2
2022-07-29,ATO,108.9791,110.54773,108.70708,110.06716,1307737.1
2022-08-01,ATO,109.69541,110.12157,108.76602,109.86768,1197638.5
2022-08-02,ATO,109.83141,110.420784,108.78869,108.89749,1015096.7
2022-08-03,ATO,108.37159,108.41693,106.00958,108.15398,1045033
2022-08-04,ATO,107.21098,108.09958,104.7447,105.02579,1218958.1
2022-08-05,ATO,104.68123,104.83083,102.523224,103.26674,1219765.5
2022-08-08,ATO,103.7201,104.44548,103.012856,103.910515,1626093.2
2022-08-09,ATO,104.66309,104.99858,103.99212,104.527084,1090455.9
2022-08-10,ATO,104.80817,105.216194,103.60223,103.79264,2396863
2022-08-11,ATO,103.57503,105.048454,103.45715,104.51801,2468985.2
2022-08-12,ATO,105.09833,106.07305,104.635895,106.04131,1740455.6
2022-08-15,ATO,106.03225,106.79389,105.37034,106.44027,1973581.8
2022-08-16,ATO,106.51281,106.8755,105.71489,106.61255,837364.44
2022-08-17,ATO,106.48561,107.20645,105.669556,106.68509,1065627
2022-08-18,ATO,106.91177,107.26992,106.51281,107.06591,667110.75
2022-08-19,ATO,107.075035,107.98701,106.72848,107.622215,890363.94
2022-08-22,ATO,107.348625,107.348625,105.802826,105.92594,662762.44
2022-08-23,ATO,106.05362,106.25426,105.17356,105.98978,916766
2022-08-24,ATO,106.38193,106.609924,105.66147,106.44577,692580.1
2022-08-25,ATO,106.6464,107.33038,106.24513,107.230064,569506.6
2022-08-26,ATO,107.26655,107.43982,105.67059,105.78002,879016.06
2022-08-29,ATO,105.56115,106.8288,105.050446,106.117455,719702.56
2022-08-30,ATO,106.39105,106.39105,104.02903,104.357346,686636.94
2022-08-31,ATO,104.64918,104.7495,103.36329,103.399765,1028778.9
2022-09-01,ATO,103.46361,104.99572,102.9529,104.67654,785044.2
2022-09-02,ATO,105.0322,106.23601,104.16583,104.46678,968642.4
2022-09-06,ATO,104.57622,105.9533,103.874,104.15671,618914.75
2022-09-07,ATO,104.62182,107.348625,104.62182,107.28478,736341.1
2022-09-08,ATO,107.05679,107.64046,106.33633,107.5675,1002607.1
2022-09-09,ATO,108.02348,108.28796,107.06591,107.69517,717814.3
2022-09-12,ATO,108.15116,109.30481,107.60397,108.926346,670873.4
2022-09-13,ATO,107.94141,108.388275,105.6797,106.20865,863748.1
2022-09-14,ATO,106.1357,107.35774,106.1357,106.72848,1055128.2
2022-09-15,ATO,106.47313,106.47313,103.937836,104.07463,1040011.6
2022-09-16,ATO,104.14758,104.34822,103.25385,103.97431,1428072.5
2022-09-19,ATO,103.472725,105.09604,103.299446,105.077805,786770.1
2022-09-20,ATO,104.311745,104.311745,102.55163,103.518326,660892.8
2022-09-21,ATO,104.23879,105.22372,102.70667,102.71578,885493.2
2022-09-22,ATO,102.60635,104.08375,101.59406,103.35417,862549.6
2022-09-23,ATO,102.36924,102.36924,100.62736,101.712616,1082425
2022-09-26,ATO,101.33871,102.32364,98.94021,99.56035,883548
2022-09-27,ATO,100.14401,100.14401,97.65433,98.10119,901889.5
2022-09-28,ATO,99.305,100.007225,97.937035,99.46003,574336.75
2022-09-29,ATO,98.867256,99.27764,95.392624,95.44735,702296.4
2022-09-30,ATO,95.684456,96.2134,92.62934,92.88469,1117507.1
2022-10-03,ATO,94.425934,96.60555,93.979065,95.76654,896344.4
2022-10-04,ATO,95.930695,97.11626,95.60238,97.043304,1031402.8
2022-10-05,ATO,96.14044,96.14044,94.13866,94.945755,571500.06
2022-10-06,ATO,94.52625,94.66305,91.81768,91.93623,942187.7
2022-10-07,ATO,91.79032,91.922554,90.13964,90.641235,939238.06
2022-10-10,ATO,90.95131,92.09128,90.741554,91.0881,1135076.8
2022-10-11,ATO,90.741554,94.30281,90.741554,93.20388,1271869.9
2022-10-12,ATO,92.766136,92.99869,90.49532,90.52268,855118.5
2022-10-13,ATO,89.53774,92.85733,89.109116,92.52902,828172.56
2022-10-14,ATO,92.93029,93.5094,89.23223,89.47391,1043767.2
2022-10-17,ATO,90.55916,91.927124,90.27644,90.86011,1196441.2
2022-10-18,ATO,91.826805,93.213005,91.826805,92.793495,851470.4
2022-10-19,ATO,93.02149,93.833145,92.20983,93.05797,911746.1
2022-10-20,ATO,93.02149,93.02149,91.215775,91.29786,751372.25
2022-10-21,ATO,91.42553,93.3954,90.70507,92.78437,811472.56
2022-10-24,ATO,93.368034,93.84227,91.89064,92.4287,784970.75
2022-10-25,ATO,92.401344,94.36209,92.06391,94.225296,780745.9
2022-10-26,ATO,94.48065,95.25583,93.860504,94.31649,856285.2
2022-10-27,ATO,94.95488,96.217964,94.95488,95.47471,698957.44
2022-10-28,ATO,95.84861,97.777435,95.84861,97.68169,540964.2
2022-10-31,ATO,97.68169,98.03735,96.487,97.17098,1214499.9
2022-11-01,ATO,97.49017,97.69992,95.69358,96.91562,810562.44
2022-11-02,ATO,96.36844,98.80341,96.04925,96.259,820563.8
2022-11-03,ATO,94.818085,96.05837,93.678116,95.5203,948785.5
2022-11-04,ATO,95.784775,96.83355,95.03696,96.69675,614559.4
2022-11-07,ATO,96.797066,97.03418,93.56867,94.818085,732063.6
2022-11-08,ATO,95.337906,96.131325,94.51713,95.4291,715191.44
2022-11-09,ATO,95.00047,95.939804,93.805786,94.07026,961316.5
2022-11-10,ATO,99.213806,102.31908,97.26218,101.95885,1856369.1
2022-11-11,ATO,102.28716,102.28716,99.43268,100.946556,1179993.5
2022-11-14,ATO,101.45726,102.39659,100.53616,100.80064,755430.5
2022-11-15,ATO,101.57581,101.77645,100.36289,101.75822,997377.8
2022-11-16,ATO,101.621414,103.01674,101.621414,102.41484,785385.25
2022-11-17,ATO,101.44814,101.99532,100.15314,101.37519,746508.06
2022-11-18,ATO,102.45131,105.1234,102.45131,104.92277,1134229.1
2022-11-21,ATO,104.40295,106.12658,104.40295,105.59763,1164251.9
2022-11-22,ATO,106.05362,107.25742,105.542915,107.16623,886517.4
2022-11-23,ATO,107.14799,108.1694,106.692,108.142044,1156772.5
2022-11-25,ATO,108.59172,109.42682,108.53665,109.35341,398707.72
2022-11-28,ATO,108.77525,108.77525,106.49477,108.35311,1361055.8
2022-11-29,ATO,107.80249,108.98633,107.4033,108.876205,978551.5
2022-11-30,ATO,108.90373,110.57395,108.66972,110.307816,3022193.5
2022-12-01,ATO,111.00527,111.06033,107.19681,107.82085,1340999.1
2022-12-02,ATO,106.774666,107.18763,105.58166,106.94903,1055215.9
2022-12-05,ATO,106.06804,106.33417,105.22375,106.32499,737874.4
2022-12-06,ATO,106.343346,107.90344,106.343346,107.77496,1044313.56
2022-12-07,ATO,107.518005,108.53665,107.224335,107.74743,1166004.5
2022-12-08,ATO,107.74743,108.151215,107.28858,107.830025,999051.6
2022-12-09,ATO,107.37117,108.74773,106.13227,107.98603,2204839.2
2022-12-12,ATO,108.36229,109.261635,107.205986,109.20657,1613717.1
2022-12-13,ATO,110.61066,111.11448,108.215454,108.77525,1904714.6
2022-12-14,ATO,109.20657,110.72079,108.05945,108.60089,808703.44
2022-12-15,ATO,108.022736,108.389824,106.38923,107.24269,786100.25
2022-12-16,ATO,105.912025,106.40749,103.71321,105.32469,1867329.9
2022-12-19,ATO,105.20539,105.71013,103.6453,104.14086,799519.6
2022-12-20,ATO,103.66365,104.563,103.29657,103.7646,668295.1
2022-12-21,ATO,104.40699,105.45318,104.25558,105.15033,597115.2
2022-12-22,ATO,104.93926,104.93926,102.406395,104.64559,574960.94
2022-12-23,ATO,104.64559,105.6459,103.314926,105.62753,558388.06
2022-12-27,ATO,105.83861,106.409874,105.03103,106.06804,1046247.75
2022-12-28,ATO,105.856964,106.85267,105.544945,105.600006,909640.3
2022-12-29,ATO,106.18733,106.39841,104.489586,105.06773,888339.25
2022-12-30,ATO,105.14115,105.14115,102.17697,102.8469,641686.3
2023-01-03,ATO,103.09467,103.617775,101.13997,102.04849,1133234.6
2023-01-04,ATO,102.29628,103.324104,102.140274,102.7276,822876.9
2023-01-05,ATO,101.8466,102.13568,99.78178,99.910255,836951.1
2023-01-06,ATO,100.94726,103.59941,100.67194,103.26904,894292.2
2023-01-09,ATO,103.35164,105.03351,103.00291,104.42535,909706.75
2023-01-10,ATO,104.3244,104.96679,103.73707,104.89338,761474.6
2023-01-11,ATO,105.27881,107.47212,104.89338,107.1234,701767.9
2023-01-12,ATO,107.43541,108.01356,106.591125,106.80219,638350.8
2023-01-13,ATO,106.47182,106.47182,104.97597,105.297165,690425.44
2023-01-17,ATO,105.59083,106.63701,104.2051,104.572174,751434.3
2023-01-18,ATO,104.67313,104.746544,102.03932,102.43394,648340.94
2023-01-19,ATO,101.74566,103.13598,101.74566,102.81937,884963.44
2023-01-20,ATO,103.24151,103.7646,101.7273,103.70036,645985.06
2023-01-23,ATO,103.6453,105.02186,102.931694,104.17757,633523.5
2023-01-24,ATO,104.93926,105.62753,102.87443,105.39811,557436.75
2023-01-25,ATO,104.78325,105.75601,104.19592,105.664246,617123.9
2023-01-26,ATO,105.73766,106.783844,105.19621,105.976265,566168.3
2023-01-27,ATO,105.976265,106.98574,105.416466,106.40758,637462.7
2023-01-30,ATO,106.15063,107.4813,105.83861,106.02215,742583.94
2023-01-31,ATO,106.61865,108.10534,105.51742,107.86673,1248001.6
2023-02-01,ATO,107.37117,110.06922,107.35282,109.17905,1197079.9
2023-02-02,ATO,109.52777,111.44577,108.93126,109.71131,1416326.4
2023-02-03,ATO,109.133156,109.70213,105.89367,107.54554,1231745.9
2023-02-06,ATO,107.591415,108.18793,106.34794,107.9585,707165.06
2023-02-07,ATO,107.4813,107.701546,105.921196,107.2794,869261.2
2023-02-08,ATO,107.93097,108.70643,105.38893,106.86643,1058261.5
2023-02-09,ATO,106.86643,107.830025,105.0861,105.168686,780414.3
2023-02-10,ATO,105.1228,106.70125,105.003494,106.68289,743784.75
2023-02-13,ATO,106.69207,107.38952,106.38923,107.19681,630551.94
2023-02-14,ATO,107.215164,107.63731,105.60771,106.24239,601306.1
2023-02-15,ATO,105.444,107.32529,105.003494,107.28858,822008.4
2023-02-16,ATO,105.89402,107.26087,104.711876,106.845276,876737.25
2023-02-17,ATO,107.09463,108.877075,106.81757,108.156715,1324246.2
2023-02-21,ATO,107.6857,108.11977,107.085396,107.17775,892829.56
2023-02-22,ATO,106.96533,108.06436,106.531265,106.799095,824738.9
2023-02-23,ATO,107.23316,107.85194,106.577446,107.2701,585872.06
2023-02-24,ATO,106.03255,107.27934,105.496895,106.90069,558052.2
2023-02-27,ATO,107.22392,108.02732,105.67236,106.11567,533814.1
2023-02-28,ATO,105.56155,106.42044,104.13928,104.185455,1157813.1
2023-03-01,ATO,103.28961,103.72368,101.571815,102.089005,768124.6
2023-03-02,ATO,101.83041,102.96637,101.2301,102.96637,589903.25
2023-03-03,ATO,103.30808,104.148506,101.94123,104.11157,612080.75
2023-03-06,ATO,104.13004,105.247536,104.01921,104.73035,620489.6
2023-03-07,ATO,104.99818,105.40453,102.347595,102.69854,637477.4
2023-03-08,ATO,102.76319,104.26858,102.56001,103.79756,656717.3
2023-03-09,ATO,104.06539,104.31475,101.97817,102.079765,1041028.7
2023-03-10,ATO,102.347595,102.76319,99.90019,100.81451,1027430.06
2023-03-13,ATO,100.69444,104.36093,100.60209,102.079765,1204794.9
2023-03-14,ATO,102.98485,104.453285,102.50459,103.48356,782057.9
2023-03-15,ATO,103.2619,105.977135,102.74472,105.0813,1187562.5
2023-03-16,ATO,104.77652,107.06231,104.60105,105.59848,1163573.5
2023-03-17,ATO,107.43635,107.43635,104.86888,105.92173,3007025
2023-03-20,ATO,106.023315,106.99304,105.755486,106.0972,1106943
2023-03-21,ATO,106.13414,106.59592,100.78218,101.784225,1595319.2
2023-03-22,ATO,101.821175,102.36606,99.06899,99.08747,950209.4
2023-03-23,ATO,98.81964,99.752426,97.69291,98.376335,970533.2
2023-03-24,ATO,98.616455,101.05463,98.10851,101.017685,1023530.94
2023-03-27,ATO,101.599525,102.47689,101.17469,101.821175,577655.94
2023-03-28,ATO,101.59029,102.606186,101.18392,101.6457,632526.94
2023-03-29,ATO,102.18136,103.35426,102.15365,103.00331,624712.5
2023-03-30,ATO,103.095665,103.83912,102.76319,103.38197,747530.1
2023-03-31,ATO,103.76062,103.820656,102.29218,103.76986,1348556.8
2023-04-03,ATO,103.409676,104.13466,102.42148,102.615425,698918.7
2023-04-04,ATO,102.73548,103.5205,102.01973,102.65237,909397.2
2023-04-05,ATO,102.9479,106.50818,102.9479,106.06026,982116.75
2023-04-06,ATO,106.66056,106.92839,105.17827,106.59592,978436.4
2023-04-10,ATO,105.94943,107.29781,105.28448,107.19622,1042207.8
2023-04-11,ATO,107.19622,108.28601,107.17775,107.47329,848059.8
2023-04-12,ATO,107.72264,108.830894,106.540504,107.03922,934466.8
2023-04-13,ATO,106.586685,106.586685,103.52973,105.59848,999970.7
2023-04-14,ATO,104.92429,105.55231,103.829895,104.39787,980405.94
2023-04-17,ATO,104.702644,105.57539,104.28704,105.37683,956908.5
2023-04-18,ATO,104.970474,105.362976,103.73292,104.915054,910214.7
2023-04-19,ATO,105.33989,106.18032,105.0813,105.9679,804561.3
2023-04-20,ATO,106.42044,107.066925,105.52921,106.91915,880600.6
2023-04-21,ATO,107.64876,107.814995,106.272675,106.55897,511188.34
2023-04-24,ATO,106.67904,107.3717,106.21264,107.334755,509687.62
2023-04-25,ATO,107.23316,107.870415,107.085396,107.38093,684854.44
2023-04-26,ATO,106.845276,107.288574,105.11824,105.14594,873278.9
2023-04-27,ATO,105.34913,106.21726,104.06539,106.15261,856034.5
2023-04-28,ATO,105.80166,106.34222,104.74882,105.41377,731874.2
2023-05-01,ATO,105.28448,106.92839,105.1367,105.792435,766166.94
2023-05-02,ATO,105.84784,106.15723,103.16955,103.71445,765440.44
2023-05-03,ATO,104.33322,106.00947,104.24087,104.27781,791538.7
2023-05-04,ATO,102.606186,109.154144,102.606186,108.94173,2019042.8
2023-05-05,ATO,108.44301,109.5605,108.23983,108.5723,1265981.8
2023-05-08,ATO,107.814995,108.99252,107.48252,108.84937,906265.8
2023-05-09,ATO,108.31371,110.002884,107.85194,109.440445,1569626
2023-05-10,ATO,110.21622,110.56717,108.84013,110.188515,1132721.8
2023-05-11,ATO,110.2624,110.2624,108.58154,109.07102,873285.4
2023-05-12,ATO,109.902214,110.27164,108.89306,110.04075,1010911.1
2023-05-15,ATO,110.08692,110.5487,108.117455,108.60001,851196.6
2023-05-16,ATO,108.78472,109.154144,106.95609,107.12234,733857.9
2023-05-17,ATO,107.325516,107.888885,106.71598,107.85194,890789.6
2023-05-18,ATO,106.94687,107.99047,106.014084,107.23316,911741.44
2023-05-19,ATO,107.8745,108.99915,107.59566,108.33923,1021475.9
2023-05-22,ATO,108.395004,109.259315,107.95815,108.162636,770181.5
2023-05-23,ATO,107.80943,109.02705,107.35399,108.19052,638185.06
2023-05-24,ATO,107.911674,108.7389,107.52129,108.199814,835258.25
2023-05-25,ATO,108.199814,108.62737,105.950485,106.74054,767310
2023-05-26,ATO,106.65689,106.83349,104.67712,105.68094,952861.6
2023-05-30,ATO,105.68094,107.14486,105.68094,106.35946,852118.4
2023-05-31,ATO,106.814896,108.15798,106.80561,107.149506,7358737.5
2023-06-01,ATO,106.9915,107.07515,102.97618,104.1659,1498974
2023-06-02,ATO,103.39444,106.61041,103.39444,106.44311,1296601
2023-06-05,ATO,106.64759,108.106865,106.23863,106.51746,902063.94
2023-06-06,ATO,107.344696,107.92097,106.08991,107.047264,759686.3
2023-06-07,ATO,107.493416,109.296585,106.294395,108.87833,703400.56
2023-06-08,ATO,108.55301,109.30588,108.29276,109.21294,823075
2023-06-09,ATO,109.39883,109.7195,108.7482,109.054924,585924.2
2023-06-12,ATO,109.21294,109.4546,108.20446,109.21294,851355.56
2023-06-13,ATO,108.571594,109.491684,108.37641,109.278,722068.2
2023-06-14,ATO,109.15717,109.770615,108.487946,108.81326,1021025.06
2023-06-15,ATO,109.21294,109.57543,108.487946,109.203636,954883.2
2023-06-16,ATO,109.352356,110.40266,108.69244,108.7482,1625347.9
2023-06-20,ATO,108.33923,108.98057,107.6886,107.73508,754439.25
2023-06-21,ATO,107.772255,109.747375,106.68477,109.28729,656704.2
2023-06-22,ATO,109.61261,109.747375,107.45624,107.772255,544380.2
2023-06-23,ATO,108.348526,108.93409,106.23863,106.35016,930762
2023-06-26,ATO,106.91714,108.70172,106.675476,108.14404,635372.7
2023-06-27,ATO,108.2184,109.07352,107.967445,108.924805,570908.1
2023-06-28,ATO,108.97127,108.97127,107.02868,107.13092,813663.2
2023-06-29,ATO,106.74983,107.80943,106.54535,107.53989,889904.4
2023-06-30,ATO,107.818726,108.53442,106.9915,108.13474,560452.75
2023-07-03,ATO,107.66072,109.22223,107.66072,109.02705,279927.8
2023-07-05,ATO,108.88762,111.188065,108.84115,110.22606,854235.7
2023-07-06,ATO,109.41742,109.85427,108.44612,109.250114,576618.9
2023-07-07,ATO,108.71102,109.570786,107.95815,109.03633,746947.9
2023-07-10,ATO,109.03633,109.41742,108.74829,109.28729,881078.94
2023-07-11,ATO,109.51037,110.1517,108.96198,110.12382,668475.4
2023-07-12,ATO,110.59785,112.22442,110.53744,111.88052,616608.25
2023-07-13,ATO,111.834045,112.03853,111.35072,111.89911,593297.2
2023-07-14,ATO,111.68533,111.68533,110.356186,111.01611,619875.75
2023-07-17,ATO,110.969635,111.87122,109.90074,111.24848,749567.7
2023-07-18,ATO,111.37861,112.4382,109.919334,110.93246,789310.7
2023-07-19,ATO,111.44367,112.65198,111.27171,112.62409,642300.3
2023-07-20,ATO,110.47702,113.59539,110.47702,113.56287,851503
2023-07-21,ATO,113.925354,115.235916,113.43274,114.58528,669965.44
2023-07-24,ATO,114.603874,114.88271,113.30261,114.48304,687422.7
2023-07-25,ATO,114.5481,115.55193,114.18561,115.11508,586576.2
2023-07-26,ATO,115.0965,116.44422,115.05931,115.63559,550001.6
2023-07-27,ATO,115.43111,115.93302,113.47921,113.63722,750213.2
2023-07-28,ATO,114.566696,114.75723,113.023766,113.4885,566859.56
2023-07-31,ATO,114.0183,114.19955,112.52185,113.12601,1693634
2023-08-01,ATO,112.98659,113.94395,112.32202,112.52185,871512.2
2023-08-02,ATO,111.61098,113.99972,111.39255,112.91224,1488294.8
2023-08-03,ATO,114.036896,114.17631,109.389534,109.99369,1208814.5
2023-08-04,ATO,110.1517,111.55056,108.70172,108.99915,1300063.1
2023-08-07,ATO,108.99915,110.06805,108.71102,109.66837,1103732.2
2023-08-08,ATO,109.70555,110.0634,107.8745,108.87833,1007246.25
2023-08-09,ATO,108.46007,109.94722,107.93027,109.19435,664109.44
2023-08-10,ATO,109.17576,110.105225,108.395004,108.71102,479876.84
2023-08-11,ATO,108.61807,109.30588,108.236984,109.17576,598566.9
2023-08-14,ATO,109.2687,109.2687,107.27034,108.051094,567905.4
2023-08-15,ATO,107.632835,107.632835,106.44311,106.61041,629568.3
2023-08-16,ATO,106.79631,107.80479,106.51282,107.50271,450200.88
2023-08-17,ATO,107.3354,109.46389,107.3354,108.45077,913213.3
2023-08-18,ATO,108.03919,109.75565,108.03919,109.40488,711897.56
2023-08-21,ATO,109.62937,109.74162,108.048546,109.19909,524882.2
2023-08-22,ATO,109.20844,109.99418,108.731384,109.45165,552331.25
2023-08-23,ATO,109.87258,110.13449,108.46012,108.98395,740081.1
2023-08-24,ATO,108.56301,110.26077,108.37594,108.88106,627626
2023-08-25,ATO,109.45165,110.43382,109.11491,110.09708,843056.9
2023-08-28,ATO,109.807106,110.12046,108.759445,109.264565,534803
2023-08-29,ATO,109.10555,109.71356,108.23563,109.67615,591297.3
2023-08-30,ATO,109.57325,110.30755,109.18038,109.779045,470130.44
2023-08-31,ATO,109.95677,110.29352,108.441414,108.46012,933330.2
2023-09-01,ATO,108.843636,109.57325,107.35167,108.01113,528637.75
2023-09-05,ATO,107.61826,108.54431,104.78398,104.97106,972086.7
2023-09-06,ATO,104.92429,105.2891,104.36305,105.01783,775800.44
2023-09-07,ATO,105.89711,107.155235,104.99912,106.66415,730458.5
2023-09-08,ATO,107.0196,107.54343,106.48641,106.80446,595397.1
2023-09-11,ATO,106.48641,107.216034,106.15903,106.5706,659119.3
2023-09-12,ATO,106.57996,106.82316,105.74745,106.523834,857317.06
2023-09-13,ATO,106.74834,108.73607,106.74834,107.8147,763516.94
2023-09-14,ATO,108.35722,109.04007,108.282394,108.843636,725215.9
2023-09-15,ATO,108.56301,108.95589,107.253456,107.58084,2654897
2023-09-18,ATO,107.515366,108.048546,107.03831,107.10378,737868.1
2023-09-19,ATO,107.08508,107.53407,106.523834,106.72027,627888.94
2023-09-20,ATO,107.19733,107.76792,106.53319,106.78575,479035.7
2023-09-21,ATO,106.82316,106.82316,104.38176,104.42853,657740.25
2023-09-22,ATO,104.21339,104.494,103.38555,103.68956,781982.75
2023-09-25,ATO,103.37152,103.74569,102.76351,103.34346,825428.2
2023-09-26,ATO,103.0722,103.2125,99.8544,100.06955,1271706.9
2023-09-27,ATO,99.96665,100.72433,99.512985,99.58314,1484060
2023-09-28,ATO,100.209854,100.209854,98.750626,99.068665,1489736.6
2023-09-29,ATO,100.01342,100.34081,98.5729,99.08737,1099852.9
2023-10-02,ATO,98.64773,98.7553,95.29468,96.12214,1520496.6
2023-10-03,ATO,95.42994,98.12858,94.47583,97.600075,1488619.5
2023-10-04,ATO,98.29228,99.498955,97.00142,99.442825,1668396.4
2023-10-05,ATO,99.517654,101.00495,98.47,100.49983,1401780
2023-10-06,ATO,99.46153,101.7486,98.76933,101.53813,1300770.2
2023-10-09,ATO,101.622314,102.78222,101.622314,102.60449,701513.8
2023-10-10,ATO,102.60449,104.17597,102.41741,103.64279,815922.1
2023-10-11,ATO,103.7831,104.65302,103.42765,104.56884,979600
2023-10-12,ATO,104.765274,105.45747,103.24057,103.94212,744548.7
2023-10-13,ATO,104.77463,105.597786,104.2508,104.74657,817310.8
2023-10-16,ATO,105.37329,105.71004,104.24145,104.99912,1014367.9
2023-10-17,ATO,103.85793,106.13097,103.85793,105.44812,663481.06
2023-10-18,ATO,105.12073,105.35926,104.13856,104.65302,986211.06
2023-10-19,ATO,104.24145,104.86817,102.688675,102.98801,854642.25
2023-10-20,ATO,103.69891,104.20403,101.69715,101.75327,898002.1
2023-10-23,ATO,100.70563,102.06196,100.51854,100.827225,625838.5
2023-10-24,ATO,101.603615,102.02921,101.05172,101.650375,544450.2
2023-10-25,ATO,101.117195,102.12743,100.90206,101.35105,1042559.94
2023-10-26,ATO,101.4633,102.89447,101.32289,101.734566,844981.2
2023-10-27,ATO,101.49136,102.04324,98.6337,99.2651,905265.3
2023-10-30,ATO,99.68603,100.31275,98.69918,99.56443,761723.06
2023-10-31,ATO,100.02277,101.12656,99.802956,100.70563,1475980
2023-11-01,ATO,100.939476,102.557724,100.12848,101.650375,1247598.6
2023-11-02,ATO,101.547485,104.96171,101.547485,104.18532,1017102.5
2023-11-03,ATO,105.43877,106.336754,104.260155,104.288216,814584.7
2023-11-06,ATO,103.86729,104.54078,103.306046,103.54925,868808.3
2023-11-07,ATO,103.465065,103.73633,102.59514,102.76351,688732.2
2023-11-08,ATO,102.108734,102.314514,100.855286,102.21162,1301286.6
2023-11-09,ATO,104.84011,107.56213,103.80181,104.101135,1664106.2
2023-11-10,ATO,104.78398,105.055244,103.3762,104.21339,972994.3
2023-11-13,ATO,104.27887,104.39111,103.26863,103.94212,799461.9
2023-11-14,ATO,105.79422,106.91671,105.471504,106.76704,999047.2
2023-11-15,ATO,106.15903,107.59955,105.44812,106.19644,1371518.2
2023-11-16,ATO,107.62761,108.25433,106.35546,106.68285,1175208.5
2023-11-17,ATO,107.244095,107.32828,106.018715,106.54254,1188810.1
2023-11-20,ATO,105.92517,106.16838,104.74657,105.62585,1298524.1
2023-11-21,ATO,105.24233,105.644554,103.36217,104.39111,1404091.4
2023-11-22,ATO,104.84011,105.9813,104.12453,105.74745,1552413.4
2023-11-24,ATO,105.808685,105.86513,104.88542,105.51663,777397.4
2023-11-27,ATO,105.526054,106.56238,104.857155,106.11958,1400301.5
2023-11-28,ATO,106.129005,107.21244,105.6815,105.98769,1221748.6
2023-11-29,ATO,105.95943,106.22322,105.13508,105.56374,1411430.8
2023-11-30,ATO,106.04421,107.2878,104.73468,107.221855,10673698
2023-12-01,ATO,107.334915,107.98497,106.40693,107.259544,1790958.6
2023-12-04,ATO,106.7508,108.61619,106.538826,108.2676,1447040.1
2023-12-05,ATO,108.39008,108.65387,106.722534,107.2878,1110319.2
2023-12-06,ATO,107.49507,108.09802,107.04286,108.08861,989332.7
2023-12-07,ATO,108.2205,108.46074,107.579865,107.90018,917970.75
2023-12-08,ATO,107.82481,107.85307,106.41635,106.89212,939930.94
2023-12-11,ATO,106.769646,107.0193,105.80398,106.76022,932175
2023-12-12,ATO,106.94864,107.45738,106.00653,107.118225,949637.9
2023-12-13,ATO,107.193596,110.340256,106.48701,110.08588,2017221.2
2023-12-14,ATO,110.60404,111.423676,108.55966,108.710396,1398928
2023-12-15,ATO,108.34297,108.37123,107.38202,108.17339,2622305
2023-12-18,ATO,108.31471,108.78577,107.13707,107.66465,975387.44
2023-12-19,ATO,107.93787,108.51255,107.57044,108.48429,836163.1
2023-12-20,ATO,108.23934,108.8046,106.58122,106.60949,624706.5
2023-12-21,ATO,106.92038,108.02266,106.48465,107.16533,463132.44
2023-12-22,ATO,107.66465,108.97419,107.44325,108.25819,398132.78
2023-12-26,ATO,108.09802,109.548874,107.82481,109.10608,639773.7
2023-12-27,ATO,109.237976,109.39814,108.7999,109.20972,464468.78
2023-12-28,ATO,109.22856,109.98225,109.01187,109.36046,463057.06
2023-12-29,ATO,108.89882,109.50178,108.50313,109.19087,456258.53
2024-01-02,ATO,108.97419,110.53809,108.97419,110.16125,936519.5
2024-01-03,ATO,110.33083,111.81503,110.264885,111.18815,1160668.9
2024-01-04,ATO,111.4331,111.87589,110.68883,110.792465,584443.8
2024-01-05,ATO,110.56636,111.58384,110.24604,111.150475,666753.5
2024-01-08,ATO,111.386,112.03606,110.5852,111.97011,522890.7
2024-01-09,ATO,111.62153,111.93242,110.90552,111.50847,630788.56
2024-01-10,ATO,111.6592,111.90416,110.849,111.20699,666133.6
2024-01-11,ATO,110.94321,110.94321,108.56908,108.710396,661669.2
2024-01-12,ATO,109.445244,109.87862,108.78577,109.08724,540731.44
2024-01-16,ATO,108.48429,109.171936,107.17475,107.47623,735024.5
2024-01-17,ATO,106.939224,107.84365,105.32822,106.2138,906963.56
2024-01-18,ATO,105.95943,105.997116,104.725266,105.921745,1196235.8
2024-01-19,ATO,106.74139,106.9298,105.65324,106.53412,1241823.8
2024-01-22,ATO,106.71311,107.27839,105.93117,106.590645,728019
2024-01-23,ATO,105.1869,106.72489,105.1869,106.17611,798523.25
2024-01-24,ATO,106.81675,106.89683,104.31073,104.47089,883033.3
2024-01-25,ATO,104.94195,107.42912,104.89041,107.325485,1169716.6
2024-01-26,ATO,107.67407,107.862495,106.85443,107.118225,848794.3
2024-01-29,ATO,107.17475,107.87192,106.74139,107.64581,608086.44
2024-01-30,ATO,107.31607,108.30529,106.98633,107.88134,557676.3
2024-01-31,ATO,108.851715,109.19087,106.63775,107.34434,1192097.1
2024-02-01,ATO,107.438545,109.1155,106.7508,109.08724,677859.4
2024-02-02,ATO,108.02266,108.375946,106.129005,107.18417,822318.75
2024-02-05,ATO,106.18553,106.515274,104.791214,105.309364,828202.3
2024-02-06,ATO,105.04558,105.47895,104.42378,105.33763,1243843.6
2024-02-07,ATO,106.7037,106.7037,104.233,105.45068,1302923.6
2024-02-08,ATO,105.00789,106.49643,104.89955,106.3928,869526.44
2024-02-09,ATO,106.07248,106.93451,106.07248,106.56238,790869.2
2024-02-12,ATO,106.7037,107.683495,106.43991,107.400856,974950.1
2024-02-13,ATO,107.07112,107.16533,104.06578,105.281105,672517.1
2024-02-14,ATO,105.32822,106.73526,105.08326,106.43991,743702.9
2024-02-15,ATO,106.731964,107.9567,106.731964,107.65523,763253.6
2024-02-16,ATO,107.07112,107.88134,106.74139,107.35375,1074255.6
2024-02-20,ATO,107.466805,108.96477,106.97691,107.10881,895133.8
2024-02-21,ATO,107.42912,108.33355,107.10645,108.05092,882994.06
2024-02-22,ATO,107.08996,107.97555,106.48701,107.579865,978787.25
2024-02-23,ATO,107.5846,108.19183,106.96788,106.98686,772634.75
2024-02-26,ATO,106.76863,106.76863,105.33594,105.90523,719371.75
2024-02-27,ATO,106.31321,106.85403,105.80655,106.76863,525089.8
2024-02-28,ATO,106.70222,107.47074,106.12345,106.70222,652888.94
2024-02-29,ATO,107.31894,107.74116,106.85403,107.12918,1253289.5
2024-03-01,ATO,106.85403,107.4328,105.55891,106.9584,609479.44
2024-03-04,ATO,106.56939,109.13115,106.56939,108.808556,1033909.6
2024-03-05,ATO,109.159615,109.52016,107.89771,108.59982,1470825
2024-03-06,ATO,109.15013,109.72415,108.54289,109.30193,1180565.1
2024-03-07,ATO,110.165344,110.64924,109.28296,109.67197,839997.6
2024-03-08,ATO,110.117905,110.662895,109.39207,109.89019,1053611.2
2024-03-11,ATO,110.09893,111.14261,109.58658,111.00978,890758.5
2024-03-12,ATO,110.61128,111.16159,109.85224,110.55435,1332956.4
2024-03-13,ATO,111.123634,111.23749,109.8807,110.279205,1107834.5
2024-03-14,ATO,110.82002,110.82002,108.656746,109.017296,1358872.2
2024-03-15,ATO,108.163376,109.98033,107.99259,108.68522,2985119.5
2024-03-18,ATO,108.88446,110.4737,108.44327,109.50119,907929.6
2024-03-19,ATO,109.956604,110.70616,109.42053,109.85224,849276.7
2024-03-20,ATO,109.44425,110.56384,109.358864,110.53538,1032015.6
2024-03-21,ATO,110.69667,111.180565,110.15585,110.84848,499379.47
2024-03-22,ATO,111.60752,111.8637,110.38357,110.60179,567396.9
2024-03-25,ATO,110.9149,110.98605,109.71467,110.15585,491661.3
2024-03-26,ATO,110.10842,110.25073,108.87498,109.34937,542026.94
2024-03-27,ATO,109.99456,112.243225,109.62453,112.20527,878578.94
2024-03-28,ATO,112.0155,112.95483,111.85421,112.78404,1333727.9
2024-04-01,ATO,112.95483,113.24895,111.4652,111.81625,685868.44
2024-04-02,ATO,111.50315,113.00226,111.50315,111.74035,711396.44
2024-04-03,ATO,111.579056,111.831635,110.374084,110.981316,662483.1
2024-04-04,ATO,111.92062,111.92062,109.263985,110.18432,810131.5
2024-04-05,ATO,109.66248,110.44999,109.121666,110.279205,554085.3
2024-04-08,ATO,110.4405,110.971825,110.01448,110.374084,712523.1
2024-04-09,ATO,110.772575,111.255424,110.26022,110.668205,588843.94
2024-04-10,ATO,108.998314,109.33988,107.88822,109.18808,661341.7
2024-04-11,ATO,109.975586,109.975586,108.096954,108.52392,835873.44
2024-04-12,ATO,108.36262,109.57709,107.42805,108.153885,704439.25
2024-04-15,ATO,108.82753,109.311424,106.811325,107.2715,953036
2024-04-16,ATO,106.9584,107.06276,105.288506,106.57887,1025629.7
2024-04-17,ATO,107.23354,109.05999,107.01058,108.6947,724852.3
2024-04-18,ATO,109.06473,109.18808,108.19183,108.70419,594119
2024-04-19,ATO,109.14064,111.25647,109.135895,111.19953,1168167.4
2024-04-22,ATO,110.981316,112.39503,110.43101,112.034485,636406
2024-04-23,ATO,111.81625,112.76506,111.569565,111.64547,692947.9
2024-04-24,ATO,110.71565,112.622734,110.205666,112.58479,767294.3
2024-04-25,ATO,112.41401,112.67018,111.03824,112.11987,551504.2
2024-04-26,ATO,112.26219,112.41401,110.93387,110.94336,772625.25
2024-04-29,ATO,111.275444,112.56581,111.275444,112.56581,652149.06
2024-04-30,ATO,112.05346,112.58479,111.019264,111.8637,826333
2024-05-01,ATO,112.14834,113.76131,111.64547,112.58479,525426
2024-05-02,ATO,112.983284,113.45769,112.33335,112.95483,558330.7
2024-05-03,ATO,113.58103,113.742325,112.23847,113.211,641055.06
2024-05-06,ATO,113.45769,113.65694,112.67018,113.334335,504589.2
2024-05-07,ATO,113.856186,114.349556,113.09714,114.17877,788202.8
2024-05-08,ATO,114.15031,114.605736,113.47666,114.41597,1045122.7
2024-05-09,ATO,113.15407,115.260414,111.58855,113.56206,1979361.2
2024-05-10,ATO,113.58103,113.647446,110.876945,111.180565,3309720.8
2024-05-13,ATO,111.63599,112.21475,110.19381,110.374084,1351958.2
2024-05-14,ATO,111.72138,111.72138,110.58756,111.24698,1283378
2024-05-15,ATO,112.43298,112.51837,111.51264,111.778305,1342822.5
2024-05-16,ATO,111.95858,113.334335,111.71189,112.48991,1411333.1
2024-05-17,ATO,112.67018,112.689156,111.939606,112.56581,1795537.8
2024-05-20,ATO,112.43298,112.85994,112.04397,112.22424,680905.3
2024-05-21,ATO,112.26219,112.85984,111.71189,112.43298,1008820.06
2024-05-22,ATO,111.892166,112.32861,110.90541,111.190056,1265118.1
2024-05-23,ATO,110.5923,110.5923,108.02105,108.153885,1423955.4
2024-05-24,ATO,108.46445,109.0951,107.20312,107.60445,834247.56
2024-05-28,ATO,107.786,108.617325,107.00246,107.059784,1284339.4
2024-05-29,ATO,106.35268,107.09322,106.037346,106.39089,1220174.1
2024-05-30,ATO,106.85912,107.614006,106.52468,107.585335,1367397.2
2024-05-31,ATO,108.06311,110.94887,107.83378,110.76731,2077768.5
2024-06-03,ATO,110.76731,111.39798,110.203545,110.37554,934057.2
2024-06-04,ATO,109.81177,111.22598,109.16199,110.73865,921284.44
2024-06-05,ATO,110.35643,110.47587,109.30055,109.897766,1137639.5
2024-06-06,ATO,109.65888,110.37554,109.257545,110.31821,1177611.2
2024-06-07,ATO,109.267105,110.42332,109.267105,109.677986,1123092.9
2024-06-10,ATO,109.591995,110.45198,109.362656,110.34688,1109980
2024-06-11,ATO,109.888214,110.64787,109.38177,110.60487,1149589.6
2024-06-12,ATO,112.057304,112.515976,110.36598,111.01576,1240813.6
2024-06-13,ATO,110.90109,111.39798,110.1271,111.0062,1609085.4
2024-06-14,ATO,110.35643,111.130424,110.088875,110.98709,857010.4
2024-06-17,ATO,110.54754,111.84709,110.184425,111.12087,838136.44
2024-06-18,ATO,111.053986,112.13375,110.75777,111.79931,731574.75
2024-06-20,ATO,111.61775,113.117966,111.51264,111.971306,769860.56
2024-06-21,ATO,111.81842,112.66886,111.06354,111.12087,1524741.2
2024-06-24,ATO,110.815094,113.10841,110.815094,112.773964,860139.5
2024-06-25,ATO,112.71664,113.0893,110.815094,111.3502,1271290.2
2024-06-26,ATO,110.22265,111.149536,109.591995,110.94887,975217.75
2024-06-27,ATO,111.08265,111.655975,109.42954,111.369316,674612.75
2024-06-28,ATO,111.80887,111.84709,110.437645,111.46487,1520145
2024-07-01,ATO,111.72286,112.085976,110.6001,110.82465,893119.44
2024-07-02,ATO,110.87243,111.369316,110.4711,111.340645,843861.94
2024-07-03,ATO,111.3502,111.804085,110.0411,110.0411,421804.34
2024-07-05,ATO,110.15576,110.709984,109.15244,109.5251,1495655.4
2024-07-08,ATO,109.6111,109.950325,108.54088,109.00911,907959.06
2024-07-09,ATO,108.59822,109.878654,108.416664,109.668434,985913.2
2024-07-10,ATO,110.1462,111.866196,109.54899,111.80887,840586.4
2024-07-11,ATO,112.773964,114.928734,112.54464,114.54174,984645.9
2024-07-12,ATO,115.22018,116.424164,114.79018,115.56418,853991.2
2024-07-15,ATO,114.97173,115.86996,114.570404,115.45907,615831.94
2024-07-16,ATO,115.96551,117.03573,115.39218,116.90194,729926.5
2024-07-17,ATO,117.379715,119.806816,117.07872,119.10927,831636.5
2024-07-18,ATO,118.50726,119.52015,117.6855,117.74283,1223570.1
2024-07-19,ATO,118.46905,118.46905,116.3955,117.484825,1079875.9
2024-07-22,ATO,117.609055,118.52161,117.24594,118.01994,968307.6
2024-07-23,ATO,118.01994,119.58704,117.40839,119.00416,658781.06
2024-07-24,ATO,119.472374,120.384926,119.20482,120.3037,876722.6
2024-07-25,ATO,120.87703,122.214806,119.166595,119.376816,942306.9
2024-07-26,ATO,119.9597,120.73848,119.682594,120.55215,527903.5
2024-07-29,ATO,120.857925,121.74658,119.98837,121.39303,649224.25
2024-07-30,ATO,121.18281,122.77858,120.40881,122.52058,1156469.5
2024-07-31,ATO,122.63524,123.007904,121.68925,122.19569,1893536.4
2024-08-01,ATO,122.76901,124.489006,122.02608,124.297905,851390.6
2024-08-02,ATO,126.19945,126.36189,122.26736,124.21191,710360.75
2024-08-05,ATO,125.04323,125.75034,121.354904,121.60325,1259920.9
2024-08-06,ATO,121.469475,123.40923,121.28792,121.85169,1103574.2
2024-08-07,ATO,122.41547,123.6099,121.47903,122.405914,1148913.6
2024-08-08,ATO,122.02369,122.73558,120.4757,121.30703,1294732.2
2024-08-09,ATO,121.63192,122.54924,120.57126,122.35814,705837.75
2024-08-12,ATO,122.587456,123.323235,122.32947,122.921906,618574.9
2024-08-13,ATO,123.47613,123.533455,122.61614,123.0748,482559.97
2024-08-14,ATO,122.76901,123.60036,122.31514,122.941025,759202.8
2024-08-15,ATO,122.3868,123.963455,121.76569,123.29457,886057.56
2024-08-16,ATO,123.59079,123.858345,122.69257,123.466576,916769.75
2024-08-19,ATO,123.39968,124.22146,123.14646,123.657684,684151.75
2024-08-20,ATO,123.562126,124.19279,123.25157,123.51434,500559.03
2024-08-21,ATO,123.52391,124.297905,123.19901,123.82967,678786.3
2024-08-22,ATO,123.90612,124.53679,123.4379,123.9539,453232.34
2024-08-23,ATO,124.32657,124.68968,123.81058,124.30745,531514
2024-08-26,ATO,124.76416,125.95643,124.552635,125.17761,683212.06
2024-08-27,ATO,124.956474,125.32184,124.28822,124.33149,448077.22
2024-08-28,ATO,124.5911,125.61029,124.0142,124.119965,678272.9
2024-08-29,ATO,124.2738,124.48052,123.1873,124.40842,523497.97
2024-08-30,ATO,124.37957,126.02374,123.99497,125.70644,906988.56
2024-09-03,ATO,125.77374,127.88904,125.63913,126.77371,1070755.6
2024-09-04,ATO,127.177536,128.13904,126.14873,127.11022,855539.75
2024-09-05,ATO,128.17749,128.32172,126.12949,126.36026,656835.5
2024-09-06,ATO,126.667946,127.2208,125.629524,125.76413,914402
2024-09-09,ATO,126.0718,128.86015,125.84106,128.64864,1723100.2
2024-09-10,ATO,129.0813,131.08122,129.0813,130.95622,1723235.5
2024-09-11,ATO,130.47548,130.86008,127.4756,129.5909,964938.7
2024-09-12,ATO,129.26399,129.86974,128.70631,129.58128,827504.4
2024-09-13,ATO,129.9755,131.69658,128.7413,131.69658,922741.06
2024-09-16,ATO,132.1004,133.22536,131.74466,132.94653,792997.9
2024-09-17,ATO,132.68692,133.43689,132.485,132.83115,769974.44
2024-09-18,ATO,132.75424,133.25421,130.85046,131.27351,654534.94
2024-09-19,ATO,130.99469,131.60042,129.75435,131.0043,1062558.1
2024-09-20,ATO,132.12926,132.12926,130.15817,131.30237,2232505.8
2024-09-23,ATO,131.68697,132.19656,131.23267,132.06195,761912
2024-09-24,ATO,131.09084,133.14844,130.79277,131.22545,726068
2024-09-25,ATO,132.17734,132.17734,130.89853,131.3216,792034.75
2024-09-26,ATO,131.20622,132.65808,130.82643,131.50429,548677.4
2024-09-27,ATO,131.90811,133.09076,131.72542,132.47539,758192.8
2024-09-30,ATO,132.85999,133.58112,132.00906,133.3696,674572.44
2024-10-01,ATO,133.4465,134.24936,132.52347,133.6292,801898.56
2024-10-02,ATO,132.63884,133.95612,132.23502,133.7638,645270.25
2024-10-03,ATO,133.85995,133.96571,132.74461,133.85995,774037.9
2024-10-04,ATO,132.99461,134.64838,132.77345,134.45609,701238.06
2024-10-07,ATO,133.92725,134.23494,131.39851,132.36002,991470.1
2024-10-08,ATO,133.00423,133.82149,132.39847,132.90807,933739.5
2024-10-09,ATO,132.69653,133.7638,132.20135,132.72537,703712.3
2024-10-10,ATO,132.61961,133.71573,132.43213,132.87923,604789.75
2024-10-11,ATO,133.38881,134.27339,133.36478,133.99457,509793.3
2024-10-14,ATO,134.03302,135.15799,133.78784,134.87914,503860.9
2024-10-15,ATO,135.6291,137.3502,135.4849,136.53293,551119.4
2024-10-16,ATO,137.06175,138.62419,136.94637,138.39824,464024.2
2024-10-17,ATO,138.47516,138.76361,136.96559,138.22516,703000.94
2024-10-18,ATO,138.34055,138.34055,136.8983,137.7444,810214.7
2024-10-21,ATO,138.22516,138.22516,136.25409,136.73485,675541.75
2024-10-22,ATO,136.20601,136.72043,135.34547,136.456,875613.6
2024-10-23,ATO,136.42715,137.80211,136.21562,137.60019,711709.2
2024-10-24,ATO,137.90785,138.254,136.78291,137.17712,610986.3
2024-10-25,ATO,137.68672,137.68672,135.12912,135.3022,709387.8
2024-10-28,ATO,135.83102,136.5281,135.46565,136.04256,614815.75
2024-10-29,ATO,135.27336,135.69643,134.658,135.0426,818747.2
2024-10-30,ATO,135.57143,136.10025,133.85995,134.24455,561966
2024-10-31,ATO,134.07149,135.33105,133.23499,133.43689,1143941.4
2024-11-01,ATO,133.60997,133.90321,132.60039,133.07152,886078.5
2024-11-04,ATO,132.45616,133.59064,131.88889,132.36963,899150.8
2024-11-05,ATO,132.18694,132.6677,131.40332,132.6677,929056.2
2024-11-06,ATO,133.60034,134.55223,131.3889,133.53305,1177804.1
2024-11-07,ATO,134.533,138.94627,133.6292,135.99449,1398686.1
2024-11-08,ATO,137.05212,139.67703,136.34062,138.63861,833847.56
2024-11-11,ATO,139.31166,141.2635,138.91264,140.48468,1123506.6
2024-11-12,ATO,140.80199,142.67691,140.45584,141.16736,743373.25
2024-11-13,ATO,142.00386,142.04712,140.72987,140.86928,864642.2
2024-11-14,ATO,141.17697,141.17697,138.62898,138.78282,641655.06
2024-11-15,ATO,138.79245,140.46545,138.22516,139.31166,1615757.5
2024-11-18,ATO,139.73471,142.0904,139.48473,141.31157,1258366.8
2024-11-19,ATO,140.85966,141.20581,139.49916,141.12889,915976.6
2024-11-20,ATO,140.53276,141.69002,140.45584,141.55196,749562.56
2024-11-21,ATO,142.29231,144.59029,141.54713,144.4749,725138.2
2024-11-22,ATO,144.93643,145.41718,144.17683,144.273,559865.1
2024-11-25,ATO,145.31746,146.19753,144.55276,145.24008,1890574.1
2024-11-26,ATO,145.72363,145.772,144.65984,145.38516,624307.5
2024-11-27,ATO,146.45865,147.62401,146.06213,146.44897,967172.44
2024-11-29,ATO,146.75845,146.76811,145.83002,146.3426,379723.34
2024-12-02,ATO,146.24588,146.24588,143.53798,143.67337,891527.25
2024-12-03,ATO,144.61147,144.75653,141.11055,141.2266,1034122.6
2024-12-04,ATO,140.48192,140.98482,138.77016,139.26337,933027.3
2024-12-05,ATO,138.86685,140.31268,138.29626,138.33495,637574.9
2024-12-06,ATO,138.33495,139.33098,136.89879,137.29048,695954.2
2024-12-09,ATO,137.13574,137.59995,136.11061,136.41042,603289.1
2024-12-10,ATO,135.98488,137.25662,134.59224,136.46843,934621.75
2024-12-11,ATO,136.71988,136.99309,135.0758,135.42397,818909.56
2024-12-12,ATO,136.15895,136.56516,135.23055,135.60771,669910.5
2024-12-13,ATO,136.2073,136.59416,135.19185,135.95587,632921.9
2024-12-16,ATO,136.12994,137.01968,135.65607,135.83014,703269.8
2024-12-17,ATO,135.0758,136.77791,133.76053,136.72955,993211.94
2024-12-18,ATO,136.72955,138.46068,131.8273,131.92303,1422957.8
2024-12-19,ATO,131.64256,135.0758,131.57487,133.43172,1178079.9
2024-12-20,ATO,133.08356,135.83014,133.08356,135.09514,2181411.8
2024-12-23,ATO,134.42784,135.08546,133.14159,134.62126,899741.44
2024-12-24,ATO,134.69862,135.511,134.36981,135.45297,223009.5
2024-12-26,ATO,135.2402,135.66574,134.3408,135.39494,348276.97
2024-12-27,ATO,134.45685,135.91718,134.13771,134.776,400340.5
2024-12-30,ATO,134.10869,134.89204,133.13193,134.36014,586959
2024-12-31,ATO,134.87271,135.28856,133.96364,134.68896,490301.6
2025-01-02,ATO,135.85915,135.85915,132.84178,133.74118,586530.9
2025-01-03,ATO,133.72186,134.7759,133.24808,134.22475,818240.56
2025-01-06,ATO,133.85725,134.28267,131.68126,132.01974,978713.06
2025-01-07,ATO,132.01974,133.45107,131.89403,132.1358,632759.5
2025-01-08,ATO,132.07777,135.11449,132.07777,134.93074,987391.5
2025-01-10,ATO,133.77022,134.36981,132.2712,132.5323,806349.44
2025-01-13,ATO,132.83212,133.96364,132.14546,133.71217,811934.1
2025-01-14,ATO,134.10869,136.60384,134.0643,136.09126,1085717.8
2025-01-15,ATO,137.65797,138.02548,135.80045,136.43942,1265476.6
2025-01-16,ATO,136.34271,140.22081,136.34271,140.17245,696790.7
2025-01-17,ATO,139.93068,141.17824,139.73726,140.5883,1081524.9
2025-01-21,ATO,141.49739,142.84166,140.56897,140.67535,1294492
2025-01-22,ATO,139.88232,140.7237,136.85246,137.02936,846024.5
2025-01-23,ATO,137.75468,138.2866,134.45685,134.96942,1289762.5
2025-01-24,ATO,134.2731,135.46265,134.20541,134.92107,928872.6
2025-01-27,ATO,136.06226,138.20923,134.33112,138.14153,1154218
2025-01-28,ATO,137.82237,137.92867,135.93652,136.80693,706341.9
2025-01-29,ATO,136.81659,137.74985,136.03323,136.39107,829471
2025-01-30,ATO,138.1222,138.49936,137.01001,138.01581,676507.5
2025-01-31,ATO,137.716,138.32527,136.69087,137.82237,1283042.4
2025-02-03,ATO,137.36784,139.05061,136.06226,138.6831,859412.9
2025-02-04,ATO,137.49356,138.44133,136.91504,137.716,1096863.4
2025-02-05,ATO,139.16666,141.61343,138.23824,140.2885,1343162
2025-02-06,ATO,140.11443,140.3562,137.67877,138.41231,886267.2
2025-02-07,ATO,138.41231,139.09897,137.33882,137.81271,682533.75
2025-02-10,ATO,138.03514,138.46068,136.21709,137.59995,864383.4
2025-02-11,ATO,137.03903,140.36588,136.8663,140.29819,597822.3
2025-02-12,ATO,138.75081,141.57475,138.36879,141.5264,927937.9
2025-02-13,ATO,141.5651,143.3349,141.12022,143.11246,1187216.4
2025-02-14,ATO,143.3639,143.94417,141.64246,141.69081,770957.3
2025-02-18,ATO,141.67148,143.7604,140.82042,143.18982,1021301.94
2025-02-19,ATO,143.24785,144.34068,142.50319,143.71207,835772.25
2025-02-20,ATO,141.91325,143.62502,141.43936,142.7643,622811.25
2025-02-21,ATO,142.803,145.31746,142.67233,144.9693,1093660
2025-02-24,ATO,145.9751,146.39095,144.0312,145.29813,1072074
2025-02-25,ATO,144.9382,146.91287,144.9382,146.29031,962378.8
2025-02-26,ATO,146.04713,146.52377,144.9382,145.90123,839632.7
2025-02-27,ATO,145.38567,146.73778,144.63666,145.56076,989355.2
2025-02-28,ATO,147.08797,148.19688,146.23204,147.98288,1101764.5
2025-03-03,ATO,147.7397,149.8408,147.55975,149.442,812940.06
2025-03-04,ATO,149.56844,150.33429,145.23488,145.66776,1099711.5
2025-03-05,ATO,144.45184,145.5952,143.66393,144.11137,744397.56
2025-03-06,ATO,143.86818,144.00436,141.20677,142.36046,1120492
2025-03-07,ATO,142.27289,145.3273,142.10753,144.54912,1352423.5
2025-03-10,ATO,144.6172,148.81458,143.87793,145.83313,952668.06
2025-03-11,ATO,145.76505,146.2086,144.07033,144.60748,1046099.06
2025-03-12,ATO,143.77092,144.20865,142.26317,143.14836,662470.2
2025-03-13,ATO,143.24564,144.48102,142.22427,143.02191,833830.5
2025-03-14,ATO,142.983,146.23195,142.65714,145.80394,817973.25
2025-03-17,ATO,145.85258,148.28444,145.71153,147.3506,962618.3
2025-03-18,ATO,146.54321,147.02473,145.3954,146.45567,663528
2025-03-19,ATO,146.36813,146.98097,145.29811,146.6405,722073
2025-03-20,ATO,146.72804,147.26305,145.78448,146.7086,1092044.5
2025-03-21,ATO,146.27086,147.89523,143.86818,144.5783,1992751.1
2025-03-24,ATO,143.96547,146.41191,143.96547,145.56076,713742.9
2025-03-25,ATO,145.3273,145.55104,143.30402,144.29619,900377.6
2025-03-26,ATO,144.33511,146.71832,144.16,146.06659,651762.25
2025-03-27,ATO,146.90314,147.80779,146.1833,146.82532,680118.25
2025-03-28,ATO,148.11906,149.21826,147.46733,148.3039,882388.25
2025-03-31,ATO,149.05289,151.02756,149.05289,150.36609,1147562
2025-04-01,ATO,150.22017,151.0373,148.81944,150.71628,792465.94
2025-04-02,ATO,150.53146,151.37773,149.41281,150.97893,738760.9
2025-04-03,ATO,151.34856,153.32321,150.84274,151.05673,1191623.1
2025-04-04,ATO,150.26881,151.74251,143.0614,143.78064,1471944.8
2025-04-07,ATO,140.6387,145.09384,137.7302,141.1056,2118555.5
2025-04-08,ATO,144.32538,146.266,141.47,142.84682,1927477.8
2025-04-09,ATO,141.18343,146.81558,138.64944,144.8312,1512885.9
2025-04-10,ATO,144.9382,147.63756,142.29723,145.22029,1203291.1
2025-04-11,ATO,144.87984,148.30028,143.31374,147.3506,949266.4
2025-04-14,ATO,148.07043,151.5431,147.18523,150.75519,1030406.25
2025-04-15,ATO,151.51392,153.23567,150.619,152.01003,1479708.4
2025-04-16,ATO,152.76877,153.44968,151.15334,152.04893,1523411.8
2025-04-17,ATO,152.03922,154.86015,152.03922,153.24539,929769.9
2025-04-21,ATO,152.50612,152.64717,150.21532,152.27266,1815168.1
2025-04-22,ATO,153.58586,157.08772,153.21622,155.74535,1647208.5
2025-04-23,ATO,156.24144,157.06827,153.57614,155.23952,1840469.9
2025-04-24,ATO,155.04497,155.6967,153.85628,155.31734,1540223
2025-04-25,ATO,154.75314,155.30762,152.72984,153.82904,1280798
2025-04-28,ATO,153.15785,154.49538,151.90303,154.40295,1179823.4
2025-04-29,ATO,154.06252,155.71616,153.58586,155.33679,669133.8
2025-04-30,ATO,155.64807,156.65973,152.36021,156.25117,1686168.6
2025-05-01,ATO,156.37762,157.26282,154.8261,155.81343,1253705.5
2025-05-02,ATO,156.45544,157.24239,155.30762,157.09746,681575
2025-05-05,ATO,156.971,157.13635,155.00607,157.00017,1138550.2
2025-05-06,ATO,157.09746,158.45442,156.7959,157.54492,1071905.5
2025-05-07,ATO,156.84454,159.01375,156.82509,158.22583,1369712.9
2025-05-08,ATO,161.47478,162.88525,156.44572,156.85426,1893505.6
2025-05-09,ATO,157.07799,157.23851,153.50804,155.50215,1137983.9
2025-05-12,ATO,153.83876,155.57512,149.63167,150.99837,1310769
2025-05-13,ATO,151.17348,151.6501,149.26689,149.47118,1029029.75
2025-05-14,ATO,149.33499,149.45172,145.91095,148.09961,1546872.2
2025-05-15,ATO,149.45172,151.77657,148.27469,151.7182,1119166.9
2025-05-16,ATO,151.02756,153.38158,150.73575,153.38158,1240023.5
2025-05-19,ATO,153.59558,155.63834,152.79794,155.61888,1261277.9
2025-05-20,ATO,155.51189,155.93016,154.46143,154.76288,1105402.6
2025-05-21,ATO,154.26677,154.60724,152.39424,152.68121,1159027.5
2025-05-22,ATO,152.32129,152.617,149.93808,151.05673,1166844.6
2025-05-23,ATO,152.19485,153.22595,150.5801,152.9925,1012280.1
2025-05-27,ATO,153.83371,153.83371,152.27843,153.07074,931928.4
2025-05-28,ATO,152.54254,153.0903,150.14607,150.36127,1074413.6
2025-05-29,ATO,149.61787,151.12422,148.78156,150.96771,760125.5
2025-05-30,ATO,150.8699,152.00945,150.26344,151.30028,3159046.2
2025-06-02,ATO,150.30258,151.5057,149.88197,151.26117,956235.44
2025-06-03,ATO,151.8774,151.90674,149.72058,151.23183,1287365.5
2025-06-04,ATO,151.0362,151.20247,148.71797,148.82556,921606.8
2025-06-05,ATO,148.94295,149.51028,148.15065,149.02121,886590.75
2025-06-06,ATO,149.63744,150.22432,147.99414,148.8549,638452
2025-06-09,ATO,148.18,149.46136,147.42682,148.6495,809495.25
2025-06-10,ATO,148.73753,149.93578,148.10663,149.63744,890972.5
2025-06-11,ATO,149.59831,150.12651,149.09944,149.13858,939928.1
2025-06-12,ATO,149.47115,151.21225,149.25595,151.11444,801365.56
2025-06-13,ATO,150.8699,151.1698,149.19727,149.64722,660663.3
2025-06-16,ATO,150.26344,150.80144,148.0724,148.71797,754793
2025-06-17,ATO,148.53214,149.1777,147.3828,148.97229,522409.5
2025-06-18,ATO,149.16792,149.85565,148.81578,149.06032,512216.78
2025-06-20,ATO,148.99187,150.79166,148.99187,150.20476,1593131.4
2025-06-23,ATO,151.134,153.39842,151.134,152.95335,838402.9
2025-06-24,ATO,152.49362,153.67142,152.28822,153.02184,763125.06
2025-06-25,ATO,152.26866,152.38603,149.38312,149.3929,687735.8
2025-06-26,ATO,149.48094,150.54712,148.8109,149.57875,586096
2025-06-27,ATO,149.20705,150.61559,149.04076,149.15814,1586247
2025-06-30,ATO,148.90382,150.821,148.74733,150.74275,828335.9
2025-07-01,ATO,150.5569,152.37625,149.52983,150.29279,1002222.25
2025-07-02,ATO,149.59831,150.31236,146.6981,148.19955,826850.44
2025-07-03,ATO,147.65178,149.47115,147.3339,148.95273,422097.72
2025-07-07,ATO,148.99187,150.00912,148.80602,149.45158,652218.75
2025-07-08,ATO,148.42453,149.25107,147.2214,148.66907,738025.6
2025-07-09,ATO,148.69841,150.08739,147.97458,149.75482,695512.75
2025-07-10,ATO,148.82556,151.3492,148.82556,150.99706,542988.1
2025-07-11,ATO,150.38083,151.65732,149.5494,150.821,446691.06
2025-07-14,ATO,150.821,153.18813,150.74275,152.00455,749794.8
2025-07-15,ATO,151.53505,151.77959,149.4585,150.73297,542603.75
2025-07-16,ATO,150.91881,151.78935,150.47864,151.44702,645175.9
2025-07-17,ATO,151.66708,152.53276,150.57646,151.8774,499183
2025-07-18,ATO,152.2002,154.02933,152.2002,153.23703,768209.1
2025-07-21,ATO,153.23703,155.6286,153.23703,154.76294,770241.56
2025-07-22,ATO,155.22267,157.07138,155.02705,155.3107,506587.78
2025-07-23,ATO,155.50633,155.91716,153.0414,153.65762,520422.06
2025-07-24,ATO,154.19562,155.08574,153.64786,154.2641,461204.16
2025-07-25,ATO,153.95108,154.56242,152.70882,153.41309,545609.4
2025-07-28,ATO,152.9827,153.16367,150.86012,151.30028,750936.75
2025-07-29,ATO,152.00455,153.10986,151.15356,152.69905,628059.94
2025-07-30,ATO,153.26637,154.0978,152.34691,152.78708,671021.6
2025-07-31,ATO,152.46428,153.44234,151.17313,152.5132,1192531.5
2025-08-01,ATO,154.0489,154.0489,151.2416,152.4056,848503.56
2025-08-04,ATO,152.60123,156.26929,152.47896,155.96606,1117323.1
2025-08-05,ATO,156.01497,156.50404,153.02184,153.20769,882487.06
2025-08-06,ATO,153.19789,155.1053,152.16106,153.58917,1441426.8
2025-08-07,ATO,157.47243,162.79355,157.38927,159.16461,2085066
2025-08-08,ATO,159.282,162.73486,159.1744,160.7003,1447723.2
2025-08-11,ATO,160.94484,161.54642,159.76129,161.43391,1335642.4
2025-08-12,ATO,161.60022,162.32355,160.1232,162.09908,1029465.5
2025-08-13,ATO,161.85454,163.34132,160.9155,163.33153,880600.9
2025-08-14,ATO,163.33153,163.78198,162.06973,162.50012,673107.2
2025-08-15,ATO,162.36317,163.01854,161.25296,161.75671,990292.56
2025-08-18,ATO,161.73715,161.73715,160.2357,160.43622,889426.7
2025-08-19,ATO,160.29927,162.25558,160.19168,162.1871,684616.7
2025-08-20,ATO,162.7642,164.18254,161.95235,162.46098,783345.9
2025-08-21,ATO,162.12842,163.49782,161.99637,163.14569,526010.2
2025-08-22,ATO,163.73257,165.17046,163.50761,164.53467,736067.9
2025-08-25,ATO,163.63991,164.05289,162.41087,162.67635,648925.75
2025-08-26,ATO,162.57803,163.66942,161.77177,163.22696,2045255.2
2025-08-27,ATO,163.22696,163.8464,162.5731,163.46294,943703.5
2025-08-28,ATO,163.2368,163.2368,162.33223,162.65668,661813.8
2025-08-29,ATO,162.54854,163.92014,162.1454,163.34496,736590.44
2025-09-02,ATO,162.96149,163.95456,162.58786,162.68619,980414.94
2025-09-03,ATO,162.46988,162.98114,161.55547,162.45021,666488.2
2025-09-04,ATO,163.19746,163.67433,160.2576,162.0274,997594.94
2025-09-05,ATO,162.44038,163.77759,162.0684,163.68907,862117.8
2025-09-08,ATO,163.68907,163.7579,160.60172,161.12283,1048118.94
2025-09-09,ATO,160.1691,162.15523,159.78563,161.31949,670594
2025-09-10,ATO,161.83076,162.1803,160.87212,161.16217,715722.56
2025-09-11,ATO,160.90652,163.7579,159.98228,163.60059,703927.9
2025-09-12,ATO,163.77759,164.33801,163.18764,163.74806,421898.84
2025-09-15,ATO,163.80708,163.80708,162.91232,163.03032,691953.1
2025-09-16,ATO,161.85043,162.97131,160.1691,160.4739,1202437
2025-09-17,ATO,160.82788,162.10606,159.8053,160.70987,1070315.1
2025-09-18,ATO,158.42877,160.3805,157.41605,159.71681,1021458
2025-09-19,ATO,160.0511,161.19167,158.74448,160.1986,1633036.8
2025-09-22,ATO,159.99211,160.85738,159.48083,160.2281,791355.5
2025-09-23,ATO,159.98228,163.69891,159.97244,163.55142,836280.6
2025-09-24,ATO,163.55142,164.43634,163.29579,163.97423,632101.75
2025-09-25,ATO,164.1217,166.02919,163.21713,163.66942,771613.56
2025-09-26,ATO,164.86896,167.11075,164.23969,165.62605,699006.3
2025-09-29,ATO,166.06851,166.85019,164.574,166.70763,766027.94
2025-09-30,ATO,166.87477,168.32996,166.52573,167.8875,881607.5
2025-10-01,ATO,168.29063,168.29063,166.25533,166.54047,865917.5
2025-10-02,ATO,165.89153,166.28473,164.80997,166.01936,588571
2025-10-03,ATO,166.06851,168.12347,166.06851,167.33688,617510.1
2025-10-06,ATO,167.77934,170.64056,167.33688,170.41443,858515.4
2025-10-07,ATO,171.46648,172.54803,170.63083,171.97777,654495.1
2025-10-08,ATO,172.62671,173.15273,170.31236,172.80368,753021.9
2025-10-09,ATO,173.64926,174.0453,171.79094,171.99742,509580.75
2025-10-10,ATO,172.961,174.84882,172.34648,173.52144,650743.25
2025-10-13,ATO,172.80368,173.95406,171.21085,172.5972,483532.06
2025-10-14,ATO,173.25597,174.9668,172.46446,174.67181,620936.56
2025-10-15,ATO,174.83899,176.68745,174.67181,176.186,588118.4
2025-10-16,ATO,175.6354,176.58923,173.19696,173.41328,1080382.9
2025-10-17,ATO,173.90489,174.25887,172.08592,173.45262,1093374.6
2025-10-20,ATO,174.59317,175.07986,172.37105,174.76031,665700
2025-10-21,ATO,175.22244,175.49774,173.48212,174.07205,704077.4
2025-10-22,ATO,174.72098,174.9373,173.18713,174.13106,742382.5
2025-10-23,ATO,175.01596,175.01596,172.04659,172.80368,778528.5
2025-10-24,ATO,173.27562,173.70825,172.25307,172.98065,637940.6
2025-10-27,ATO,172.89217,173.39363,171.51564,173.39363,646433
2025-10-28,ATO,172.95116,173.50179,171.35478,171.5648,725962.25
2025-10-29,ATO,170.90604,171.4763,168.56102,168.78224,830177.3
2025-10-30,ATO,169.51967,171.20592,169.37218,170.44392,671577.5
2025-10-31,ATO,170.05061,170.70938,168.50694,168.84123,1939134.2
2025-11-03,ATO,168.11363,170.32591,166.47163,169.80481,779638.06
2025-11-04,ATO,170.60123,171.19118,168.93465,171.03384,848780.2
2025-11-05,ATO,170.64056,171.4124,168.81667,169.69666,1045877.4
2025-11-06,ATO,174.1753,177.62152,172.28256,172.5382,1771392.1
2025-11-07,ATO,173.47227,174.88814,172.35138,173.94423,1366503.5
2025-11-10,ATO,172.97083,175.03563,172.85284,174.77997,900914.2
2025-11-11,ATO,175.27159,175.84187,174.41618,175.6649,680503.1
2025-11-12,ATO,175.39941,176.19583,174.52434,174.84882,955208.4
2025-11-13,ATO,175.23227,177.30197,174.76031,174.98647,1230974.4
2025-11-14,ATO,174.98647,176.25482,171.9581,172.18423,1344344
2025-11-17,ATO,173.00032,174.05238,171.86961,172.73485,1454471.1
2025-11-18,ATO,173.00032,174.0819,172.02693,172.28256,941957.25
2025-11-19,ATO,172.08592,172.71027,170.65039,171.00435,1010275.56
2025-11-20,ATO,171.58446,173.04948,171.10268,171.8401,992356.1
2025-11-21,ATO,172.36122,173.15764,171.37799,172.22357,1927011
2025-11-24,ATO,172.06534,173.4201,171.41267,172.61911,4732531.5
2025-11-25,ATO,172.94545,173.67723,170.72046,171.41267,1002142.56
2025-11-26,ATO,171.38301,174.06288,171.27919,173.78601,723227.4
2025-11-28,ATO,174.26067,175.02408,173.65744,174.40898,340294.62
2025-12-01,ATO,173.65744,174.26067,169.65247,169.8107,969443.94
2025-12-02,ATO,170.6117,170.6117,167.75381,168.18893,875272.9
2025-12-03,ATO,169.0097,170.37427,168.28781,169.24702,979225.75
2025-12-04,ATO,168.50537,170.19637,168.50537,169.04926,1236290
2025-12-05,ATO,168.3867,170.21614,168.3867,169.38547,949700.44
2025-12-08,ATO,168.93059,169.25197,164.89595,165.2124,1078591.5
2025-12-09,ATO,166.3694,167.20004,164.04552,164.43118,983470.94
2025-12-10,ATO,164.31252,165.86505,164.14143,164.9454,1063077
2025-12-11,ATO,165.50906,168.20871,164.54984,165.23218,927112.3
2025-12-12,ATO,165.47939,167.75381,165.2124,166.49794,995008.2
2025-12-15,ATO,166.87372,169.51402,166.03812,168.85149,1839599
2025-12-16,ATO,166.7946,168.53503,166.02328,166.13205,1587656.8
2025-12-17,ATO,166.08261,168.88115,165.56839,167.28905,1205788.9
2025-12-18,ATO,166.83417,168.54492,166.83417,167.53627,1036502.56
2025-12-19,ATO,167.30882,167.53131,164.74268,164.84651,1646541.4
2025-12-22,ATO,164.84651,165.58817,163.5313,165.47939,921011.44
2025-12-23,ATO,165.5585,166.79956,165.13329,166.12218,994995.06
2025-12-24,ATO,166.56717,167.32861,165.85516,166.5276,443495.1
2025-12-26,ATO,166.46828,166.90338,165.43985,166.26062,349798.3
2025-12-29,ATO,167.05171,167.71428,166.59683,166.90338,532546.25
2025-12-30,ATO,167.03194,167.383,166.37927,166.70561,478246.47
2025-12-31,ATO,166.70561,167.12589,165.60796,165.76617,474418.94
2026-01-02,ATO,165.2915,168.2186,164.49051,167.47693,663857.25
2026-01-05,ATO,166.6265,167.28905,162.67108,165.02452,982197.75
2026-01-06,ATO,165.35085,166.29521,164.6339,165.67717,909415.5
2026-01-07,ATO,166.28038,166.73528,163.67468,164.30263,727192.44
2026-01-08,ATO,164.16418,166.42873,163.8873,165.24207,961392.44
2026-01-09,ATO,165.34094,166.74516,164.53996,164.92561,721071.4
2026-01-12,ATO,165.07394,166.78473,164.88112,165.7464,945738.4
2026-01-13,ATO,165.76617,167.06161,164.84651,166.5375,1167735.8
2026-01-14,ATO,166.70561,168.23837,166.31004,166.84406,1466415.6
2026-01-15,ATO,167.45715,168.59438,166.64629,168.3867,804878.2
2026-01-16,ATO,167.48682,168.77237,167.2495,168.5746,1388368.9
2026-01-20,ATO,168.8317,170.17657,166.12218,166.13205,1666997.9
2026-01-21,ATO,167.81316,167.94666,164.82672,166.49794,2331007.8
2026-01-22,ATO,167.42749,167.42749,161.9491,163.56096,2023127.6
2026-01-23,ATO,163.42252,163.68951,161.75131,163.50163,2571299.5
2026-01-26,ATO,164.7575,167.14566,164.40152,166.6265,2502743.2
2026-01-27,ATO,166.3694,167.1506,165.52884,167.1506,2067737.6
2026-01-28,ATO,167.12094,167.51155,164.1345,164.1543,1988574.4
2026-01-29,ATO,165.07394,166.94295,164.09497,164.1543,2114940.5
2026-01-30,ATO,163.74886,165.35085,162.57535,164.49051,3328727.2
2026-02-02,ATO,164.48062,165.425,162.67097,164.66852,1692587.4
2026-02-03,ATO,164.28285,168.09993,164.28285,166.93304,2360315.8
2026-02-04,ATO,169.21736,172.62901,166.7946,169.91948,1842110.9
2026-02-05,ATO,171.67969,171.67969,168.31975,169.59314,1643001
2026-02-06,ATO,170.74025,172.62901,168.88115,169.47449,973027.8
2026-02-09,ATO,169.37558,169.8107,167.92688,169.55359,1285946
2026-02-10,ATO,169.93925,172.55782,169.23714,172.23346,1138244.9
2026-02-11,ATO,172.21367,174.40405,171.8379,174.01344,1311239.2
2026-02-12,ATO,174.71555,177.88986,174.56732,175.79343,2060862.1
2026-02-13,ATO,175.5462,177.9393,174.64772,177.25697,1197343.9
2026-02-17,ATO,178.08763,178.99739,177.26686,178.23596,922693.2
2026-02-18,ATO,177.94919,178.3843,175.65498,176.13953,1601935.5
2026-02-19,ATO,177.15808,178.1173,176.2681,176.98009,939690.1
2026-02-20,ATO,178.25574,179.06662,176.31754,178.95786,1049122.9
2026-02-23,ATO,179.17662,181.65758,179.17662,180.69801,828532.8
2026-02-24,ATO,180.75768,181.36325,179.39539,180.99632,724621.1
2026-02-25,ATO,180.86705,181.45374,179.07716,181.03609,819178.7
2026-02-26,ATO,181.31451,182.8756,180.94661,182.59727,936679.25
2026-02-27,ATO,183.32317,186.7637,181.85158,185.73949,2852700.5
2026-03-02,ATO,185.73949,186.92279,184.20816,186.01793,1059851
2026-03-03,ATO,183.81041,185.41136,181.61781,184.95393,1668462.5
2026-03-04,ATO,184.84456,185.83893,182.81604,185.7196,1464948.1
2026-03-05,ATO,184.06894,185.46106,182.96518,184.33743,1270452.2
2026-03-06,ATO,183.40271,185.17767,182.19455,183.99933,1063887.9
2026-03-09,ATO,182.09013,184.84953,181.87802,184.19821,1610325.4
2026-03-10,ATO,183.16406,185.25226,182.04042,182.40834,1230090.9
2026-03-11,ATO,183.48227,183.80046,181.16536,183.2635,847224.4
2026-03-12,ATO,183.79051,187.73819,182.75636,185.73949,935876.9
2026-03-13,ATO,187.5592,188.25517,185.79419,187.51942,769370.25
2026-03-16,ATO,189.06071,189.06071,186.01793,186.7637,904172.2
2026-03-17,ATO,188.00668,188.00668,185.47102,185.92842,695398.1
2026-03-18,ATO,184.81473,185.39644,184.059,184.20816,2145830.5
2026-03-19,ATO,184.08884,185.15779,182.38844,183.86012,1088077.1
2026-03-20,ATO,183.90984,184.3772,179.41525,179.47493,3347606.5
2026-03-23,ATO,180.29031,181.2648,179.50476,180.01189,1040561.2
2026-03-24,ATO,179.1965,182.59727,178.31151,180.54886,770918.1
2026-03-25,ATO,181.45374,182.38844,180.38976,180.52896,774792.56
2026-03-26,ATO,180.19089,182.22934,179.8329,182.1498,698620.1
2026-03-27,ATO,182.40834,183.41264,181.72221,182.15974,639918.5
2026-03-30,ATO,183.81041,185.1727,183.01491,183.97945,843657.4
2026-03-31,ATO,184.82466,185.01857,181.47372,183.68114,891752.1
2026-04-01,ATO,182.56744,185.53963,182.56744,184.44681,815894.9
2026-04-02,ATO,185.16277,188.04645,184.26782,187.90724,668481.06
2026-04-06,ATO,187.74814,188.93144,186.50516,186.75375,617627.9
2026-04-07,ATO,186.75375,188.98116,186.51512,187.63875,821262.25
2026-04-08,ATO,185.65,188.96127,184.97383,188.59335,1049416
2026-04-09,ATO,188.39449,191.42723,188.15085,191.20856,937901.2
2026-04-10,ATO,191.20856,191.22844,189.2397,189.28941,915293.1
2026-04-13,ATO,189.18997,189.18997,185.43123,186.69409,879625.25
2026-04-14,ATO,185.98808,187.27083,184.23799,187.10179,500234.5
2026-04-15,ATO,186.4455,186.4455,184.31754,185.21246,581550.1
2026-04-16,ATO,184.89427,187.24597,184.70036,186.92279,1102002
2026-04-17,ATO,186.28639,186.28639,182.73657,185.49089,845985.4
2026-04-20,ATO,185.04343,186.65433,184.95393,185.18263,517341.5
2026-04-21,ATO,186.29636,186.29636,181.6526,181.9012,611564.5
2026-04-22,ATO,182.92542,183.61153,180.30026,181.46368,850806.1
2026-04-23,ATO,182.61714,187.47964,181.44379,186.75375,739661.8
2026-04-24,ATO,186.35602,186.35602,184.06894,184.40703,620800.44
2026-04-27,ATO,185.4412,186.4455,184.51143,184.57607,849988.7
2026-04-28,ATO,186.7637,186.7637,184.6606,186.07759,460170.38
2026-04-29,ATO,185.47102,186.16708,184.52637,184.66557,700654.1
2026-04-30,ATO,185.04343,189.03088,184.87439,188.91154,1178891.4
2026-05-01,ATO,187.50949,190.4081,186.93275,187.47964,680072.1
2026-05-04,ATO,186.17702,188.62318,185.62016,186.71399,752359.7
2026-05-05,ATO,185.45113,187.83266,184.52637,186.1969,865779.56
2026-05-06,ATO,187.91718,187.91718,182.66687,183.7209,912039.5
2026-05-07,ATO,185.8091,189.1164,179.66385,180.83722,1879337.4
2026-05-08,ATO,182.45805,183.78554,179.8329,179.85278,1143076.1
2026-05-11,ATO,181.4239,182.11002,179.59425,181.10571,800868.3
2026-05-12,ATO,181.71228,182.39838,179.88759,180.91678,909047.25
2026-05-13,ATO,180.06161,180.06161,177.02876,178.93796,1387132.2
2026-05-14,ATO,179.2661,180.34502,178.63965,179.85278,1632082.6
2026-05-15,ATO,179.86273,180.20082,175.29854,175.48747,1625779.5
2026-05-18,ATO,176.73044,178.79875,175.9947,177.516,1774538.4
2026-05-19,ATO,177.63533,179.54453,176.57135,176.73044,2339185.8
2026-05-20,ATO,177.1978,178.01012,174.87097,175.01018,2021397.8
2026-05-21,ATO,175.22894,176.47191,174.2445,176.46198,1624349.8
2026-05-22,ATO,177.1779,177.47623,175.31844,176.81,1480640.5
2026-05-26,ATO,176.98,178.85,176.12,177.72,1477399
2026-05-27,ATO,176.78,177.86,175.15,176.24,996689.25
2026-05-28,ATO,174.83,176.465,172.04,173.03,1565468.2
2026-05-29,ATO,172.44,172.94,168.12,169.13,6473390
2026-06-01,ATO,168.1,169.06,167.11,167.15,1992632.8
2026-06-02,ATO,168.13,168.91,166.47,168.75,1783034.4
2026-06-03,ATO,169.32,171.27,168.24,168.3,2125026.5
2026-06-04,ATO,169.78,170.13,166.3301,167.96,1700986.4
2026-06-05,ATO,168.94,171.95,168.445,170.24,1467560.5
2026-06-08,ATO,169.965,170.0399,167.11,167.89,2243775.5
2026-06-09,ATO,168.29,168.92,166.69,167.62,1793902.4
2026-06-10,ATO,168.95,169.94,167.775,169.27,1776623.5
2026-06-11,ATO,170.26,170.585,167.74,168.23,1632343.4
2026-06-12,ATO,168.22,169.992,167.77,169.96,1540747.9
2026-06-15,ATO,168.82,170.85,168.4,169.6,1576934.9
2026-06-16,ATO,170.19,171.28,168.93,169.63,1027958.9
2026-06-17,ATO,168.62,170.045,168.22,169.64,1480024.2
2026-06-18,ATO,169.64,171.205,169.04,170.11,2227846.2
2026-06-22,ATO,169.23,170.79,168.9,169.59,1271717.5
2026-06-23,ATO,170.89,172.77,169.95,171.09,1101446.1
2026-06-24,ATO,173.53,173.7,171.63,172.59,1343399.8
2026-06-25,ATO,173,175.265,173,173.67,1256994
2026-06-26,ATO,171.7,175.19,171.7,175.17,2030623.2
2026-06-29,ATO,174.28,175.42,173.82,174.84,1465827.6
2026-06-30,ATO,173.39,174.22,172.18,172.27,1388094.6
2026-07-01,ATO,172.11,173.845,172,173.03,1142884.6
2026-07-02,ATO,174.29,176.88,173.06,176.87,898738.75
2026-07-06,ATO,176.79,176.79,173.49,173.83,1139863.6
2026-07-07,ATO,175.7,179.79,174.9781,177.58,1481236.1
2026-07-08,ATO,178.14,179.13,176.18,177.09,1092898.1
2026-07-09,ATO,177.03,177.44,174.46,174.72,1379099
2026-07-10,ATO,174.56,176.6,174.56,176.2,527259.4
2026-07-13,ATO,177.35,179.96,176.935,179.5,918665.7
2026-07-14,ATO,179.47,180.85,178.07,178.45,1021506.06
2026-07-15,ATO,177.65,178.22,174.65,174.98,1301818.9
2026-07-16,ATO,175.2,178.205,175.19,178.04,1254165.6
2026-07-17,ATO,176.04,181.47,176.04,177.68,1483153.5
2026-07-20,ATO,177.43,178.65,176.19,177.33,1089199.1
2026-07-21,ATO,176.75,176.89,174.68,175.05,800830.75
2026-07-22,ATO,176.9,178.56,176.19,178.47,791201.25
2026-07-23,ATO,177.4,179.71,177.4,178.04,697947.6
2026-07-24,ATO,179.09,180,178.1,179.22,817406.6
2026-07-27,ATO,180.79,180.79,177.57,178.22,638512.2
2026-07-28,ATO,179.61,182.635,178.965,179.38,984408.5
2026-07-29,ATO,180.49,181.37,177.09,177.67,961387
2026-07-30,ATO,176.94,177.42,173.55,174.26,1156702.5
2026-07-31,ATO,173.3,174.9199,172.22,172.78,1045693.56
2026-08-03,ATO,171.96,174.22,171.53,172.89,812414.5
2026-08-04,ATO,172.6,173.71,170,172.65,1348062.4
