date,symbol,open,high,low,close,volume
2015-04-16,ETSY,31,35.74,28.22,30,19763334
2015-04-17,ETSY,29.77,30.3,26.51,27.58,3965469
2015-04-20,ETSY,28.77,28.9,24.87,24.9,3076216
2015-04-21,ETSY,24.97,26.04,24.56,25.75,2185407
2015-04-22,ETSY,26,26.24,24.95,25.12,1442915
2015-04-23,ETSY,24.93,25.74,24.08,25.62,1299238
2015-04-24,ETSY,25.55,25.7,25,25.58,532833
2015-04-27,ETSY,25.7,26.47,25.21,25.9,731504
2015-04-28,ETSY,25.75,25.9,24.18,24.49,954977
2015-04-29,ETSY,24.49,24.9686,22.32,22.42,1674691
2015-04-30,ETSY,22.66,23.1799,21.82,22.24,1221650
2015-05-01,ETSY,22.25,23,21.27,21.75,687379
2015-05-04,ETSY,21.75,23.285,21.75,23.24,648635
2015-05-05,ETSY,23.22,24.32,21.9,24.15,1065845
2015-05-06,ETSY,24.15,25.4196,23.032,23.4,1290653
2015-05-07,ETSY,23.4,24.42,22.715,23.69,616890
2015-05-08,ETSY,23.93,24.1,22.5,22.71,784007
2015-05-11,ETSY,20.71,21.49,20.02,20.85,2115351
2015-05-12,ETSY,21.23,21.45,20.3601,20.57,1140278
2015-05-13,ETSY,20.5,20.78,19.5,19.83,1536009
2015-05-14,ETSY,19.83,20.75,19.6153,20.6,1044166
2015-05-15,ETSY,20.56,20.8199,19.51,20.05,1177791
2015-05-18,ETSY,19.51,20.75,19.15,20.56,1211067
2015-05-19,ETSY,20.56,21.31,19.66,21,2015138
2015-05-20,ETSY,16.9,17.32,15.7,17.2,11105196
2015-05-21,ETSY,17.37,17.69,16.91,17.51,2319080
2015-05-22,ETSY,17.82,18.15,17,17.17,2012076
2015-05-26,ETSY,16.59,17.3,16.1801,17.09,1798475
2015-05-27,ETSY,17.02,17.63,16.85,17.06,878589
2015-05-28,ETSY,16.95,17.1,16.72,17.04,489191
2015-05-29,ETSY,17,17.1,16.5,16.76,940363
2015-06-01,ETSY,16.76,16.77,16,16.05,858370
2015-06-02,ETSY,15.98,16.1,15.73,15.86,763034
2015-06-03,ETSY,15.7,15.8747,14.96,15.32,1432977
2015-06-04,ETSY,15.25,15.63,15,15.07,807976
2015-06-05,ETSY,15.15,15.2799,14.64,15.03,712415
2015-06-08,ETSY,14.95,15.13,14.68,14.86,503307
2015-06-09,ETSY,15.11,16.25,15.01,15.99,2273800
2015-06-10,ETSY,16.05,18.42,16.01,16.78,3384287
2015-06-11,ETSY,17.08,17.6831,16.75,16.86,1418064
2015-06-12,ETSY,16.75,17.14,16.32,16.64,747291
2015-06-15,ETSY,16.2,17.1,16.14,16.32,1088417
2015-06-16,ETSY,16.51,16.89,16.2,16.29,767566
2015-06-17,ETSY,16.3,16.49,15.65,15.77,1427871
2015-06-18,ETSY,15.77,15.87,14.9,15.33,1386563
2015-06-19,ETSY,15.26,15.39,14.3,14.31,2590318
2015-06-22,ETSY,14.38,14.72,13.78,14.42,1537430
2015-06-23,ETSY,14.45,14.8,14.1301,14.34,916859
2015-06-24,ETSY,14.33,14.59,14.17,14.39,842452
2015-06-25,ETSY,14.43,14.96,14.2,14.9,874884
2015-06-26,ETSY,14.28,14.57,13.95,14.25,4215946
2015-06-29,ETSY,14,14.31,13.91,14.23,1251403
2015-06-30,ETSY,14.3,14.4238,13.95,14.05,1509222
2015-07-01,ETSY,14.13,14.48,13.96,14.01,1764880
2015-07-02,ETSY,14,14.24,12.81,13.27,1977538
2015-07-06,ETSY,13.46,13.46,12.8,13.4,1435040
2015-07-07,ETSY,13.51,13.53,13.0001,13.32,1030716
2015-07-08,ETSY,13.17,14.56,13.1005,14.55,961003
2015-07-09,ETSY,14.61,16.25,14.6,16.2,1937262
2015-07-10,ETSY,16.25,17.29,15.82,16.53,1260259
2015-07-13,ETSY,16.65,16.9,15.62,16.03,715285
2015-07-14,ETSY,16.1,17.02,16,16.51,520176
2015-07-15,ETSY,16.58,17.15,16.41,16.82,1070849
2015-07-16,ETSY,16.9,17.3,16.32,16.83,987952
2015-07-17,ETSY,16.94,23.44,16.57,21.98,11961130
2015-07-20,ETSY,20.44,20.97,18.92,19.56,3561256
2015-07-21,ETSY,19.55,20.38,18.61,18.98,1734628
2015-07-22,ETSY,18.82,19.46,18.02,18.45,869429
2015-07-23,ETSY,18.37,19.1397,17.77,18.44,1156252
2015-07-24,ETSY,18.31,19.89,18.16,19.31,1292397
2015-07-27,ETSY,19.28,19.47,18.1609,18.3,645512
2015-07-28,ETSY,18.47,19.15,18.31,18.65,955764
2015-07-29,ETSY,18.7,19.45,18.25,18.98,874734
2015-07-30,ETSY,18.96,21.6581,18.9024,21.2,2323709
2015-07-31,ETSY,21.3,21.9,20.41,20.84,1922560
2015-08-03,ETSY,21,21.48,19.85,20.5,1829680
2015-08-04,ETSY,20.36,20.59,18.81,19.23,3028649
2015-08-05,ETSY,15.62,16.28,13.63,13.78,4141866
2015-08-06,ETSY,13.82,13.91,13.0601,13.59,2054276
2015-08-07,ETSY,13.54,13.77,13.21,13.44,1104970
2015-08-10,ETSY,13.52,14.34,13.3,14.29,680611
2015-08-11,ETSY,14.19,16.1,13.86,16.01,1201183
2015-08-12,ETSY,16,18.57,15.56,16.88,2097513
2015-08-13,ETSY,16.99,17.73,16.45,16.99,1288571
2015-08-14,ETSY,17.07,17.65,16.65,17.08,1143199
2015-08-17,ETSY,17.54,17.64,16.5,17.35,1132284
2015-08-18,ETSY,17.16,17.47,15.78,15.86,793448
2015-08-19,ETSY,15.68,16.0344,14.93,14.98,845062
2015-08-20,ETSY,14.61,14.9647,13.8,14.25,853919
2015-08-21,ETSY,13.91,14.11,13.25,13.46,1224424
2015-08-24,ETSY,12.58,13.6799,11.85,12.93,1002612
2015-08-25,ETSY,13.9,14,12.84,12.87,638717
2015-08-26,ETSY,13.2,13.3,12.63,13.04,580913
2015-08-27,ETSY,13.25,14.31,13.19,14.29,838406
2015-08-28,ETSY,14.22,15.19,14.12,14.82,661493
2015-08-31,ETSY,14.61,14.88,13.88,14.33,782887
2015-09-01,ETSY,13.84,14.45,13.805,14.06,440741
2015-09-02,ETSY,14.23,14.565,13.88,14.35,431796
2015-09-03,ETSY,14.26,14.7899,13.94,14.02,398438
2015-09-04,ETSY,13.9,14.3,13.71,14.21,297827
2015-09-08,ETSY,14.57,14.65,14.08,14.36,252365
2015-09-09,ETSY,14.54,14.6,13.9,13.99,516774
2015-09-10,ETSY,13.89,14.3,13.87,14.23,337045
2015-09-11,ETSY,14.08,14.38,13.96,14.31,270272
2015-09-14,ETSY,14.17,14.5,13.98,14.38,209887
2015-09-15,ETSY,14.48,14.76,14.38,14.6,189978
2015-09-16,ETSY,14.53,14.66,14.14,14.39,207256
2015-09-17,ETSY,14.32,15.66,14.32,15.61,643488
2015-09-18,ETSY,15.28,15.7,14.9,15.4,617239
2015-09-21,ETSY,15.44,16.73,15.17,15.9,897399
2015-09-22,ETSY,15.5,15.99,15.1,15.18,393386
2015-09-23,ETSY,15.16,15.34,14.34,14.61,341399
2015-09-24,ETSY,14.39,14.99,14.16,14.98,244146
2015-09-25,ETSY,15.13,15.29,14,14.11,425515
2015-09-28,ETSY,14.12,14.37,13.86,13.88,592046
2015-09-29,ETSY,13.94,14.2,13.52,13.82,540583
2015-09-30,ETSY,14,14.1899,13.31,13.69,500820
2015-10-01,ETSY,13.91,14.35,13.43,14.15,315892
2015-10-02,ETSY,14.08,14.57,13.89,14.32,394217
2015-10-05,ETSY,14.38,15.11,14.0501,14.66,261402
2015-10-06,ETSY,14.74,14.88,13.64,14.07,385901
2015-10-07,ETSY,14.1,14.7,13.96,14.18,299129
2015-10-08,ETSY,13.27,13.95,13.2,13.57,902394
2015-10-09,ETSY,13.63,14.07,13.15,13.86,290006
2015-10-12,ETSY,13.67,13.67,12.205,12.31,612748
2015-10-13,ETSY,12.25,13.19,11.515,11.6,1466542
2015-10-14,ETSY,11.84,11.88,10.825,10.99,1091111
2015-10-15,ETSY,10.57,11.2495,10.29,11.03,2087125
2015-10-16,ETSY,11,11.14,10.65,10.99,1187684
2015-10-19,ETSY,10.89,11.04,10.53,10.94,1050677
2015-10-20,ETSY,11.19,12.26,11.19,11.34,2070970
2015-10-21,ETSY,11.31,11.63,10.62,10.68,1023279
2015-10-22,ETSY,10.69,11.58,10.54,11.39,660060
2015-10-23,ETSY,11.54,11.67,10.86,11.18,588642
2015-10-26,ETSY,11.07,11.48,10.76,11.27,704659
2015-10-27,ETSY,11.42,11.49,10.8,10.98,1157191
2015-10-28,ETSY,10.95,11.14,10.65,11.09,786349
2015-10-29,ETSY,11.09,11.24,10.8,10.91,748142
2015-10-30,ETSY,10.99,11.07,10.75,10.9,370898
2015-11-02,ETSY,10.77,10.9,10.31,10.69,1359172
2015-11-03,ETSY,10.74,11.25,10.6,11.03,2049777
2015-11-04,ETSY,10.53,10.73,9.79,9.97,2373799
2015-11-05,ETSY,10.05,10.29,9.89,9.96,695688
2015-11-06,ETSY,9.5,9.65,8.95,9.21,2185468
2015-11-09,ETSY,8.91,9.34,8.79,8.8,982637
2015-11-10,ETSY,8.71,8.7254,7.91,8.49,4039690
2015-11-11,ETSY,8.9,9,8.31,8.96,1558374
2015-11-12,ETSY,8.72,9.17,8.625,8.94,1016817
2015-11-13,ETSY,8.85,8.94,8.61,8.69,846123
2015-11-16,ETSY,8.67,8.92,8.5,8.78,642034
2015-11-17,ETSY,8.85,8.99,8.6601,8.81,439917
2015-11-18,ETSY,8.72,8.975,8.52,8.72,565636
2015-11-19,ETSY,8.66,8.8,8.52,8.72,563786
2015-11-20,ETSY,8.7,8.77,8.45,8.47,826262
2015-11-23,ETSY,8.51,8.9,8.44,8.9,645351
2015-11-24,ETSY,8.86,9,8.5,8.91,573995
2015-11-25,ETSY,8.95,9.27,8.85,9.24,667258
2015-11-27,ETSY,9.3,9.3399,9.21,9.29,259454
2015-11-30,ETSY,9.31,9.39,8.87,9.31,1203215
2015-12-01,ETSY,9.31,9.31,9.21,9.28,491492
2015-12-02,ETSY,9.24,9.46,9.19,9.23,453028
2015-12-03,ETSY,9.33,9.36,9.01,9.2,604031
2015-12-04,ETSY,9.29,9.35,8.755,9.27,914169
2015-12-07,ETSY,9.31,9.6,9.02,9.47,1443512
2015-12-08,ETSY,9.3,9.59,8.7,9.51,1567463
2015-12-09,ETSY,9.5,9.68,8.8766,9.43,1356504
2015-12-10,ETSY,9.39,9.52,9.07,9.24,687316
2015-12-11,ETSY,9.15,9.23,8.68,8.86,949968
2015-12-14,ETSY,8.63,9.05,8.63,9.03,749430
2015-12-15,ETSY,9.54,9.7,9.25,9.51,2131844
2015-12-16,ETSY,9.62,9.88,9.52,9.79,1272960
2015-12-17,ETSY,9.76,9.95,9.56,9.59,706440
2015-12-18,ETSY,9.55,9.63,8.605,8.62,2215943
2015-12-21,ETSY,8.71,8.7568,8.415,8.71,658430
2015-12-22,ETSY,8.1,8.79,8,8.78,1003665
2015-12-23,ETSY,8.83,9.1,8.755,8.84,706096
2015-12-24,ETSY,8.81,9.02,8.76,8.92,335361
2015-12-28,ETSY,8.84,8.92,8.4,8.52,1065568
2015-12-29,ETSY,8.52,8.6,8.23,8.51,793061
2015-12-30,ETSY,8.45,8.51,8.37,8.48,813620
2015-12-31,ETSY,8.39,8.53,8.235,8.26,1212964
2016-01-04,ETSY,8.18,8.3,8,8.24,1063721
2016-01-05,ETSY,8.24,8.55,8.08,8.51,698721
2016-01-06,ETSY,8.3,8.82,8.15,8.8,939459
2016-01-07,ETSY,8.61,9.05,8.36,8.67,1167729
2016-01-08,ETSY,8.74,8.87,8.35,8.38,786274
2016-01-11,ETSY,8.12,8.2,7.43,7.44,1965360
2016-01-12,ETSY,7.44,7.5,6.89,7.35,1698403
2016-01-13,ETSY,7.39,7.58,6.76,6.99,1185287
2016-01-14,ETSY,7.04,7.28,6.68,7.07,1944055
2016-01-15,ETSY,6.93,7.03,6.66,7,798770
2016-01-19,ETSY,7.06,7.1,6.545,6.65,1426254
2016-01-20,ETSY,6.54,7,6.04,6.88,1631891
2016-01-21,ETSY,6.92,7.26,6.71,6.99,1167351
2016-01-22,ETSY,7.11,7.455,7.06,7.42,888328
2016-01-25,ETSY,7.36,7.44,7.21,7.25,807922
2016-01-26,ETSY,7.24,7.42,7.03,7.38,434615
2016-01-27,ETSY,7.32,7.44,7.21,7.3,485387
2016-01-28,ETSY,7.37,7.59,7.08,7.49,1355297
2016-01-29,ETSY,7.48,7.78,7.36,7.76,1189981
2016-02-01,ETSY,7.75,7.75,7.36,7.55,841103
2016-02-02,ETSY,7.4,7.43,7.03,7.12,1739685
2016-02-03,ETSY,7.1,7.54,6.91,7.32,954741
2016-02-04,ETSY,7.25,7.52,7.1,7.48,748400
2016-02-05,ETSY,7.41,7.46,6.98,7.03,1125127
2016-02-08,ETSY,6.93,6.99,6.4,6.72,1052519
2016-02-09,ETSY,6.65,6.83,6.1762,6.36,900933
2016-02-10,ETSY,6.37,6.99,6.36,6.72,863438
2016-02-11,ETSY,6.58,6.89,6.44,6.73,528506
2016-02-12,ETSY,6.78,6.99,6.48,6.9,601274
2016-02-16,ETSY,7,7.61,6.75,7.49,2044152
2016-02-17,ETSY,7.53,8.43,7.44,8.04,4621843
2016-02-18,ETSY,8.03,8.1,7.5,7.8,1177659
2016-02-19,ETSY,7.71,8.02,7.61,7.93,1064069
2016-02-22,ETSY,8.05,8.08,7.71,7.95,1018898
2016-02-23,ETSY,8.04,8.06,7.3,7.39,3893224
2016-02-24,ETSY,8.5,8.5305,7.66,7.9,8775637
2016-02-25,ETSY,7.89,8.08,7.21,7.9,3543446
2016-02-26,ETSY,7.97,8,7.52,7.65,2887998
2016-02-29,ETSY,7.65,7.96,7.31,7.94,3462745
2016-03-01,ETSY,8,8.52,7.91,8.36,3106913
2016-03-02,ETSY,8.35,9.15,8.3,8.92,2596093
2016-03-03,ETSY,8.96,9.04,8.71,8.89,1863392
2016-03-04,ETSY,8.9,9.16,8.64,8.82,1653359
2016-03-07,ETSY,8.62,9.03,8.61,8.94,1506733
2016-03-08,ETSY,8.8,9.01,8.64,8.68,1198698
2016-03-09,ETSY,8.75,8.895,8.42,8.74,1087129
2016-03-10,ETSY,8.81,9.18,8.78,9.06,1720692
2016-03-11,ETSY,9.23,9.39,9.05,9.27,1426468
2016-03-14,ETSY,9.19,9.32,8.815,9.05,1185661
2016-03-15,ETSY,8.83,9.18,8.8,9.17,1523144
2016-03-16,ETSY,9.12,9.245,8.94,9.16,713864
2016-03-17,ETSY,9.12,9.34,9.09,9.27,708513
2016-03-18,ETSY,9.25,9.4,9.1,9.23,1564919
2016-03-21,ETSY,9.14,9.26,8.96,9.06,1170242
2016-03-22,ETSY,9.06,9.295,9.01,9.15,687423
2016-03-23,ETSY,9.06,9.18,8.78,8.87,1409140
2016-03-24,ETSY,8.76,9.01,8.48,8.85,1128343
2016-03-28,ETSY,8.85,8.9699,8.21,8.7,1004234
2016-03-29,ETSY,8.61,8.8658,8.365,8.75,847111
2016-03-30,ETSY,8.85,8.9933,8.625,8.91,829012
2016-03-31,ETSY,8.91,8.91,8.46,8.7,683892
2016-04-01,ETSY,8.51,8.795,8.36,8.67,1078578
2016-04-04,ETSY,8.69,8.81,8.48,8.71,821896
2016-04-05,ETSY,8.59,8.67,8.295,8.32,1060205
2016-04-06,ETSY,8.38,8.545,8.25,8.48,736877
2016-04-07,ETSY,8.35,8.53,8.19,8.38,807170
2016-04-08,ETSY,8.46,8.54,8.16,8.26,958582
2016-04-11,ETSY,8.26,8.26,7.6,8.05,3454551
2016-04-12,ETSY,8.07,8.32,7.93,8.25,1968941
2016-04-13,ETSY,8.31,8.61,8.14,8.49,1924458
2016-04-14,ETSY,8.49,8.6,8.39,8.46,943081
2016-04-15,ETSY,8.39,8.98,8.39,8.77,1371814
2016-04-18,ETSY,8.74,8.93,8.5511,8.83,992758
2016-04-19,ETSY,8.81,8.98,8.76,8.83,1315501
2016-04-20,ETSY,8.76,8.9,8.75,8.79,712627
2016-04-21,ETSY,8.77,9.115,8.72,8.98,1404433
2016-04-22,ETSY,8.94,9.14,8.94,9.025,599797
2016-04-25,ETSY,9.02,9.12,8.95,9,575469
2016-04-26,ETSY,8.91,9.09,8.61,9.06,1276772
2016-04-27,ETSY,9.1,9.38,9.0515,9.33,961910
2016-04-28,ETSY,9.31,9.4399,8.6,8.7,1670810
2016-04-29,ETSY,8.73,8.92,8.59,8.78,1053114
2016-05-02,ETSY,8.76,8.9297,8.48,8.51,1701883
2016-05-03,ETSY,8.67,8.692,8.31,8.4,2775701
2016-05-04,ETSY,9.5,9.5,8.505,8.82,8603929
2016-05-05,ETSY,9.11,9.24,8.86,8.97,2507803
2016-05-06,ETSY,8.95,9,8.06,8.27,4610702
2016-05-09,ETSY,8.21,8.32,7.77,8.19,1626187
2016-05-10,ETSY,8.2,8.51,7.93,8.41,1917441
2016-05-11,ETSY,8.35,8.39,8.18,8.29,1209778
2016-05-12,ETSY,8.31,8.44,8.07,8.28,1237786
2016-05-13,ETSY,8.26,8.71,8.204,8.59,1496970
2016-05-16,ETSY,8.58,8.74,8.39,8.61,981629
2016-05-17,ETSY,8.62,8.72,8.4,8.48,1020428
2016-05-18,ETSY,8.45,8.58,8.25,8.34,1154880
2016-05-19,ETSY,8.31,8.47,8.1125,8.22,878071
2016-05-20,ETSY,8.26,8.43,8.22,8.38,880661
2016-05-23,ETSY,8.33,8.67,8.26,8.55,763115
2016-05-24,ETSY,8.55,8.68,8.42,8.49,847938
2016-05-25,ETSY,8.5,8.61,8.4,8.56,1046829
2016-05-26,ETSY,8.73,8.98,8.685,8.86,1655540
2016-05-27,ETSY,8.85,9.04,8.8,8.94,1153602
2016-05-31,ETSY,9.13,9.29,8.86,9.25,1712415
2016-06-01,ETSY,9.21,9.69,9.1,9.4,1587302
2016-06-02,ETSY,9.36,9.41,8.98,9.32,1030678
2016-06-03,ETSY,9.24,9.31,9.09,9.21,737281
2016-06-06,ETSY,9.23,9.66,9.19,9.64,1204541
2016-06-07,ETSY,9.63,9.79,9.5,9.63,1457565
2016-06-08,ETSY,9.69,9.79,9.5,9.56,865318
2016-06-09,ETSY,9.56,9.73,9.4,9.67,1097117
2016-06-10,ETSY,9.55,9.73,9.38,9.44,933055
2016-06-13,ETSY,9.39,9.7,9.32,9.57,1264528
2016-06-14,ETSY,9.58,9.86,9.39,9.58,1365410
2016-06-15,ETSY,9.62,9.88,9.58,9.79,1092969
2016-06-16,ETSY,9.69,9.985,9.48,9.9,999353
2016-06-17,ETSY,9.91,9.972,9.64,9.72,1527834
2016-06-20,ETSY,9.86,10,9.765,10,1584026
2016-06-21,ETSY,9.95,10.1,9.4341,9.75,1892958
2016-06-22,ETSY,9.73,9.89,9.49,9.58,1166852
2016-06-23,ETSY,9.66,10.03,9.64,9.93,1756466
2016-06-24,ETSY,9.49,9.68,9.21,9.26,11475199
2016-06-27,ETSY,9.07,9.12,8.56,8.74,2746234
2016-06-28,ETSY,8.85,9.07,8.76,8.84,759615
2016-06-29,ETSY,8.98,9.47,8.87,9.41,885301
2016-06-30,ETSY,9.41,9.6,9.4,9.59,746888
2016-07-01,ETSY,9.63,9.73,9.58,9.66,487464
2016-07-05,ETSY,9.55,9.55,9.27,9.46,628839
2016-07-06,ETSY,9.38,9.47,9.105,9.2,1150235
2016-07-07,ETSY,9.15,9.41,9.075,9.21,919206
2016-07-08,ETSY,9.31,9.85,9.31,9.6,1347590
2016-07-11,ETSY,9.69,9.84,9.54,9.71,1574200
2016-07-12,ETSY,9.8,10.78,9.78,10.2,4263676
2016-07-13,ETSY,10.2,10.32,10.05,10.16,1137392
2016-07-14,ETSY,10.2,10.29,10.1,10.14,675898
2016-07-15,ETSY,10.19,10.2,9.89,9.99,1044511
2016-07-18,ETSY,10,10,9.6968,9.88,613869
2016-07-19,ETSY,9.99,10.06,9.82,9.83,1300963
2016-07-20,ETSY,9.88,10.085,9.82,9.99,844318
2016-07-21,ETSY,10.02,10.21,9.815,9.83,798431
2016-07-22,ETSY,9.8,9.91,9.76,9.82,575640
2016-07-25,ETSY,9.81,10.04,9.77,9.88,759173
2016-07-26,ETSY,9.85,10,9.8,9.86,758028
2016-07-27,ETSY,9.92,10.07,9.81,9.82,713706
2016-07-28,ETSY,9.88,10.31,9.81,10.11,1691697
2016-07-29,ETSY,10.12,10.1977,9.91,10.06,964491
2016-08-01,ETSY,10.55,12,10.2105,11.86,9391237
2016-08-02,ETSY,12.16,12.95,11.72,12.71,7831224
2016-08-03,ETSY,13.6,14.57,13.22,13.84,9890966
2016-08-04,ETSY,13.66,14.21,13.54,14.07,2414606
2016-08-05,ETSY,13.84,13.89,13.33,13.77,3089639
2016-08-08,ETSY,13.74,13.9,13.45,13.69,1685348
2016-08-09,ETSY,13.6,14,13.5,13.76,1365526
2016-08-10,ETSY,13.76,13.85,13.47,13.78,1148398
2016-08-11,ETSY,13.76,14.56,13.76,14.5,2051649
2016-08-12,ETSY,14.42,14.69,14.31,14.45,1130060
2016-08-15,ETSY,14.54,14.66,14.41,14.49,1100889
2016-08-16,ETSY,14.46,14.46,14.151,14.26,942703
2016-08-17,ETSY,14.26,14.3188,13.86,13.98,944146
2016-08-18,ETSY,13.95,14.29,13.93,14.19,703645
2016-08-19,ETSY,14.19,14.25,14.05,14.07,633462
2016-08-22,ETSY,14.04,14.17,13.835,13.99,649247
2016-08-23,ETSY,14.11,14.16,13.92,13.98,827059
2016-08-24,ETSY,13.9,14.0499,13.64,13.67,549624
2016-08-25,ETSY,13.69,13.87,13.49,13.55,737228
2016-08-26,ETSY,13.53,13.73,13.24,13.42,2005520
2016-08-29,ETSY,13.41,13.76,13.385,13.53,570686
2016-08-30,ETSY,13.49,13.66,13.33,13.47,566088
2016-08-31,ETSY,13.43,13.5,13.215,13.46,495799
2016-09-01,ETSY,13.38,13.85,13.35,13.78,644207
2016-09-02,ETSY,13.9,14.05,13.75,13.87,963572
2016-09-06,ETSY,13.95,14.28,13.8706,14.19,1126798
2016-09-07,ETSY,14.14,14.37,14.135,14.36,871253
2016-09-08,ETSY,14.35,14.41,14.1436,14.27,777956
2016-09-09,ETSY,14.15,14.25,13.59,13.64,1009111
2016-09-12,ETSY,13.68,13.99,13.52,13.87,1334667
2016-09-13,ETSY,13.72,13.85,13.45,13.68,592356
2016-09-14,ETSY,13.57,14.05,13.53,13.69,979918
2016-09-15,ETSY,13.67,13.74,13.53,13.63,840601
2016-09-16,ETSY,13.67,13.9,13.45,13.57,3930521
2016-09-19,ETSY,13.66,13.79,13.31,13.36,867154
2016-09-20,ETSY,13.48,13.76,13.43,13.51,1072735
2016-09-21,ETSY,13.97,15,13.77,14.54,5240677
2016-09-22,ETSY,14.69,14.82,14.13,14.82,2477777
2016-09-23,ETSY,14.75,15.7,14.55,15.215,3096761
2016-09-26,ETSY,15.27,15.29,14.58,14.82,1863577
2016-09-27,ETSY,14.82,15.0466,14.65,14.7,1040402
2016-09-28,ETSY,14.65,14.873,14.3,14.76,1483674
2016-09-29,ETSY,14.67,14.81,14.38,14.43,978235
2016-09-30,ETSY,14.48,14.5,14.07,14.28,1482499
2016-10-03,ETSY,14.2,15.06,14.01,14.72,2401498
2016-10-04,ETSY,14.81,15.83,14.81,15.37,2713018
2016-10-05,ETSY,15.43,15.66,15.22,15.35,1998205
2016-10-06,ETSY,15.26,15.41,15.02,15.13,734655
2016-10-07,ETSY,15.47,16.05,15.25,15.48,3513071
2016-10-10,ETSY,15.85,16,15.58,15.81,1428537
2016-10-11,ETSY,15.72,15.81,14.95,15.27,1525331
2016-10-12,ETSY,15.19,15.31,14.95,15.11,870682
2016-10-13,ETSY,14.91,15.02,14.6033,14.82,1211799
2016-10-14,ETSY,14.92,15.05,14.48,14.48,1061558
2016-10-17,ETSY,14.41,14.48,14.051,14.37,897563
2016-10-18,ETSY,14.58,14.66,14.32,14.39,838301
2016-10-19,ETSY,14.4,14.61,14.38,14.48,555975
2016-10-20,ETSY,14.43,14.55,14.2144,14.31,911335
2016-10-21,ETSY,14.12,14.3,14.06,14.23,944264
2016-10-24,ETSY,14.27,14.51,13.97,14.1,1210736
2016-10-25,ETSY,14.1,14.215,13.375,13.55,1778501
2016-10-26,ETSY,13.52,13.54,13.12,13.13,1342169
2016-10-27,ETSY,13.24,13.53,12.75,12.83,1360731
2016-10-28,ETSY,12.83,13.04,12.4,12.43,1658019
2016-10-31,ETSY,12.5,13.22,12.43,12.98,2225387
2016-11-01,ETSY,13.11,13.45,12.83,12.95,3081823
2016-11-02,ETSY,13.25,13.25,11.23,11.27,5770724
2016-11-03,ETSY,11.21,11.47,10.84,11.09,2033640
2016-11-04,ETSY,11.05,11.51,11.02,11.45,1490958
2016-11-07,ETSY,11.82,11.94,11.62,11.77,1369197
2016-11-08,ETSY,11.69,11.92,11.39,11.52,1597205
2016-11-09,ETSY,11.5,11.5,11.02,11.37,1507342
2016-11-10,ETSY,11.55,11.89,11.16,11.48,2163942
2016-11-11,ETSY,11.38,11.84,11.3,11.72,1340299
2016-11-14,ETSY,11.86,11.9,11.57,11.67,1190654
2016-11-15,ETSY,11.65,12.09,11.62,12.05,1529388
2016-11-16,ETSY,12.01,12.28,11.84,12,1301359
2016-11-17,ETSY,12.85,12.85,12.08,12.46,1003968
2016-11-18,ETSY,12.47,12.67,12.34,12.59,1328442
2016-11-21,ETSY,12.66,13.01,12.58,12.94,1541972
2016-11-22,ETSY,12.91,13.16,12.77,13.1,1300994
2016-11-23,ETSY,13.15,13.23,12.82,13.12,1065794
2016-11-25,ETSY,13.34,13.4,13.05,13.09,525421
2016-11-28,ETSY,13.04,13.08,12.76,12.84,1069034
2016-11-29,ETSY,12.85,12.91,12.6,12.73,982317
2016-11-30,ETSY,12.86,12.9708,12.21,12.4,1723732
2016-12-01,ETSY,12.38,12.41,11.64,11.93,2788539
2016-12-02,ETSY,11.92,11.96,11.3,11.83,2693361
2016-12-05,ETSY,11.9,12.3,11.89,12.09,1045215
2016-12-06,ETSY,12.19,12.38,12,12.36,1171894
2016-12-07,ETSY,12.4,12.64,12.26,12.6,963742
2016-12-08,ETSY,12.67,12.7,12.455,12.57,1135384
2016-12-09,ETSY,12.6,12.85,12.28,12.37,864939
2016-12-12,ETSY,12.42,12.42,12.06,12.18,1043829
2016-12-13,ETSY,12.22,12.48,12.13,12.24,1308614
2016-12-14,ETSY,11.93,12.4567,11.7,11.84,1386884
2016-12-15,ETSY,11.95,12.61,11.75,12.55,2633302
2016-12-16,ETSY,12.61,12.87,12.53,12.78,2575426
2016-12-19,ETSY,12.82,12.995,12.49,12.92,945995
2016-12-20,ETSY,12.82,12.86,12.67,12.78,956174
2016-12-21,ETSY,12.75,12.995,12.62,12.67,1046957
2016-12-22,ETSY,12.61,12.76,11.63,11.94,3959359
2016-12-23,ETSY,12,12.25,11.765,11.98,1472657
2016-12-27,ETSY,12,12.579,11.99,12.18,1097595
2016-12-28,ETSY,12.2,12.39,11.82,11.87,1378342
2016-12-29,ETSY,11.89,12.12,11.59,11.76,937699
2016-12-30,ETSY,11.79,11.8613,11.53,11.78,960266
2017-01-03,ETSY,11.97,12.13,11.74,11.88,1274405
2017-01-04,ETSY,11.91,12.02,11.76,11.97,1043697
2017-01-05,ETSY,12.35,12.51,11.88,12.4,2153683
2017-01-06,ETSY,12.22,13.24,12.11,13.08,3652974
2017-01-09,ETSY,13.08,13.17,12.22,12.35,1961196
2017-01-10,ETSY,12.32,12.9,12.25,12.77,1556483
2017-01-11,ETSY,12.86,12.9,12.47,12.73,760287
2017-01-12,ETSY,12.65,12.73,12.3,12.47,685557
2017-01-13,ETSY,12.52,12.745,12.5,12.52,929085
2017-01-17,ETSY,12.53,13.2,12.53,12.77,1380536
2017-01-18,ETSY,12.79,13.045,12.57,12.9,1063955
2017-01-19,ETSY,12.91,13.03,12.4,12.6,1528207
2017-01-20,ETSY,12.57,12.663,12.21,12.41,1765192
2017-01-23,ETSY,12.4,12.66,12.22,12.65,1076310
2017-01-24,ETSY,12.8,13,12.61,12.97,922959
2017-01-25,ETSY,13.04,13.21,12.765,12.82,1008229
2017-01-26,ETSY,13.1,13.61,12.9001,13,2226924
2017-01-27,ETSY,13,13.11,12.71,12.93,912818
2017-01-30,ETSY,12.86,12.87,12.501,12.75,846416
2017-01-31,ETSY,12.62,12.71,12.25,12.61,1055807
2017-02-01,ETSY,12.65,12.81,12.43,12.46,1363168
2017-02-02,ETSY,12.52,12.92,12.35,12.7,855222
2017-02-03,ETSY,12.75,12.88,12.555,12.64,826210
2017-02-06,ETSY,12.6,12.6,12.17,12.34,1035861
2017-02-07,ETSY,12.37,12.52,12.25,12.43,968683
2017-02-08,ETSY,12.39,12.53,12.13,12.5,1099406
2017-02-09,ETSY,12.57,12.75,12.48,12.5,1108172
2017-02-10,ETSY,12.55,12.895,12.493,12.84,934609
2017-02-13,ETSY,12.85,12.99,12.75,12.76,589335
2017-02-14,ETSY,12.7,12.97,12.51,12.86,711999
2017-02-15,ETSY,12.92,13.39,12.81,13.33,1523523
2017-02-16,ETSY,13.38,13.42,12.8,12.92,1182627
2017-02-17,ETSY,12.97,13.18,12.855,12.9,872565
2017-02-21,ETSY,12.93,13.02,12.75,13.01,885606
2017-02-22,ETSY,13,13.17,12.85,12.9,1008515
2017-02-23,ETSY,12.9,12.93,12.48,12.51,1477372
2017-02-24,ETSY,12.42,13.03,12,12.72,1403577
2017-02-27,ETSY,12.72,12.96,12.64,12.79,1244675
2017-02-28,ETSY,12.85,12.8843,12.05,12.12,3156294
2017-03-01,ETSY,11.46,11.79,10.06,10.69,10163515
2017-03-02,ETSY,10.63,10.92,10.6001,10.66,2565545
2017-03-03,ETSY,10.6,10.7684,10.18,10.19,2982213
2017-03-06,ETSY,10.12,10.45,10,10.14,2215171
2017-03-07,ETSY,10.1,10.14,9.79,9.81,2344258
2017-03-08,ETSY,9.63,9.8,9.41,9.56,3554100
2017-03-09,ETSY,9.56,9.88,9.54,9.64,2182678
2017-03-10,ETSY,9.69,9.81,9.5,9.72,2654428
2017-03-13,ETSY,9.74,10.08,9.72,10.05,1940186
2017-03-14,ETSY,9.99,10.06,9.87,10.04,1664141
2017-03-15,ETSY,10.08,10.3,9.97,10.23,1732522
2017-03-16,ETSY,10.25,10.43,10.2,10.38,1705040
2017-03-17,ETSY,10.37,10.495,10.2774,10.37,1971457
2017-03-20,ETSY,10.34,10.41,10.21,10.27,1191108
2017-03-21,ETSY,10.32,10.44,9.94,9.99,2185469
2017-03-22,ETSY,10,10.13,9.85,10.04,1592653
2017-03-23,ETSY,10.02,10.04,9.84,9.89,1363558
2017-03-24,ETSY,9.9,10,9.82,9.88,822971
2017-03-27,ETSY,9.75,10.19,9.6,10.15,1264757
2017-03-28,ETSY,10.14,10.2,9.945,10.11,1152131
2017-03-29,ETSY,10.08,10.49,10.055,10.35,1879930
2017-03-30,ETSY,10.3,10.5,10.3,10.4,999868
2017-03-31,ETSY,10.42,10.73,10.355,10.63,2320928
2017-04-03,ETSY,10.62,10.73,10.37,10.63,2089140
2017-04-04,ETSY,10.62,10.75,10.49,10.7,1773682
2017-04-05,ETSY,10.78,10.945,10.56,10.59,1460264
2017-04-06,ETSY,10.61,10.71,10.5,10.61,958956
2017-04-07,ETSY,10.59,10.66,10.42,10.47,2035334
2017-04-10,ETSY,10.49,10.71,10.49,10.57,1184611
2017-04-11,ETSY,10.59,10.74,10.48,10.57,1545885
2017-04-12,ETSY,10.54,10.65,10.44,10.53,1666102
2017-04-13,ETSY,10.5,10.62,10.19,10.29,2872204
2017-04-17,ETSY,10.3,10.63,10.22,10.53,3263887
2017-04-18,ETSY,10.5,10.66,10.43,10.65,1617915
2017-04-19,ETSY,10.69,10.98,10.69,10.87,2713666
2017-04-20,ETSY,10.91,11.07,10.81,11.01,1208495
2017-04-21,ETSY,10.99,11.02,10.54,10.63,2545220
2017-04-24,ETSY,10.81,10.92,10.68,10.71,1197223
2017-04-25,ETSY,10.8,10.86,10.43,10.48,2439626
2017-04-26,ETSY,10.37,10.64,10.28,10.46,2472344
2017-04-27,ETSY,10.49,10.735,10.3201,10.68,2191888
2017-04-28,ETSY,10.63,10.99,10.58,10.76,1701056
2017-05-01,ETSY,10.81,11.11,10.79,11.06,1263397
2017-05-02,ETSY,11.06,11.78,10.9633,11.39,4580645
2017-05-03,ETSY,10.11,11.19,9.9,10.505,13326000
2017-05-04,ETSY,10.64,10.72,10.32,10.62,7222620
2017-05-05,ETSY,10.64,11.68,10.5,11.66,5518607
2017-05-08,ETSY,11.66,11.66,11.05,11.32,5802791
2017-05-09,ETSY,11.35,11.59,11.3,11.54,3157036
2017-05-10,ETSY,11.53,11.63,11.18,11.42,2636374
2017-05-11,ETSY,11.34,11.39,11.015,11.16,4611928
2017-05-12,ETSY,11.09,11.33,10.91,11.26,3622834
2017-05-15,ETSY,11.28,11.54,11.26,11.32,2116620
2017-05-16,ETSY,12.9,14.11,12.8663,13.73,18322952
2017-05-17,ETSY,13.4,13.67,12.77,12.94,5089747
2017-05-18,ETSY,12.88,13.26,12.71,13.13,2713179
2017-05-19,ETSY,13.15,13.38,13.03,13.31,1816347
2017-05-22,ETSY,13.34,13.41,12.955,13.15,2012116
2017-05-23,ETSY,13.25,13.3599,12.98,13.31,1778077
2017-05-24,ETSY,13.32,13.48,13.15,13.4,1225970
2017-05-25,ETSY,13.14,13.33,12.96,13.18,1228421
2017-05-26,ETSY,13.11,13.49,13.02,13.45,1176817
2017-05-30,ETSY,13.45,13.6,13.24,13.36,802615
2017-05-31,ETSY,13.46,13.46,13.15,13.41,928613
2017-06-01,ETSY,13.36,13.67,13.25,13.55,1791148
2017-06-02,ETSY,13.64,13.7,13.36,13.47,1425973
2017-06-05,ETSY,13.44,13.62,13.34,13.54,1985511
2017-06-06,ETSY,13.58,13.71,13.34,13.49,1310458
2017-06-07,ETSY,13.47,13.55,13.31,13.43,2474298
2017-06-08,ETSY,13.41,13.95,13.31,13.92,1717450
2017-06-09,ETSY,13.97,14.04,13.17,13.45,2083483
2017-06-12,ETSY,13.35,13.4548,13.12,13.26,2356256
2017-06-13,ETSY,13.31,13.89,13.31,13.64,5086620
2017-06-14,ETSY,13.67,13.78,13.42,13.57,1337774
2017-06-15,ETSY,13.42,13.87,13.42,13.85,1297533
2017-06-16,ETSY,13.6,14.125,13.595,13.67,2810966
2017-06-19,ETSY,13.72,14.23,13.72,14.2,1564504
2017-06-20,ETSY,14.15,14.37,13.9299,13.98,1191462
2017-06-21,ETSY,13.86,14.35,13.79,14.2,1434645
2017-06-22,ETSY,14.42,15.02,14.32,14.68,3477773
2017-06-23,ETSY,15,15.29,14.57,15.24,3422627
2017-06-26,ETSY,15.33,15.46,14.97,15.27,1915270
2017-06-27,ETSY,15.2,15.27,14.56,14.8,1815737
2017-06-28,ETSY,15.02,15.2,14.68,15.19,1564930
2017-06-29,ETSY,15.16,15.16,14.51,14.97,1370333
2017-06-30,ETSY,14.98,15.14,14.9,15,856855
2017-07-03,ETSY,15,15,14.49,14.72,582409
2017-07-05,ETSY,14.77,15.07,14.68,14.89,1204389
2017-07-06,ETSY,14.77,14.89,14.53,14.63,843940
2017-07-07,ETSY,14.73,15.15,14.69,15.02,1243973
2017-07-10,ETSY,15.01,15.14,14.835,15.01,841368
2017-07-11,ETSY,14.9,15.04,14.62,14.82,1607961
2017-07-12,ETSY,14.97,15.145,14.87,14.93,1088353
2017-07-13,ETSY,14.93,15.2,14.83,15.18,960094
2017-07-14,ETSY,15.23,15.29,15.05,15.06,547057
2017-07-17,ETSY,15.07,15.21,14.72,14.77,799730
2017-07-18,ETSY,14.76,14.97,14.54,14.91,991206
2017-07-19,ETSY,15.02,15.02,14.52,14.6,963239
2017-07-20,ETSY,14.71,14.75,14.485,14.5,805060
2017-07-21,ETSY,14.62,14.63,14.3,14.62,1870879
2017-07-24,ETSY,14.6,14.7787,14.44,14.49,852243
2017-07-25,ETSY,14.53,14.685,14.29,14.65,648221
2017-07-26,ETSY,14.65,15.07,14.65,14.92,1122386
2017-07-27,ETSY,14.99,15.05,14.3856,14.84,1000292
2017-07-28,ETSY,14.72,15.01,14.61,14.64,867801
2017-07-31,ETSY,14.65,14.76,14.27,14.37,957570
2017-08-01,ETSY,14.39,14.47,14.15,14.31,1317924
2017-08-02,ETSY,14.4,14.4216,13.94,14.02,1202518
2017-08-03,ETSY,14.05,14.29,13.58,13.59,2612882
2017-08-04,ETSY,15.49,16,14.82,15.15,5164128
2017-08-07,ETSY,15.21,15.69,15.2003,15.46,2726931
2017-08-08,ETSY,15.4,15.91,15.32,15.62,3270145
2017-08-09,ETSY,15.36,15.94,15.13,15.85,2734028
2017-08-10,ETSY,15.77,15.96,15.41,15.9,3342981
2017-08-11,ETSY,16,16.69,15.9008,16.22,3050080
2017-08-14,ETSY,16.31,16.39,16.013,16.19,1676851
2017-08-15,ETSY,16.18,16.245,15.53,15.64,3736325
2017-08-16,ETSY,15.66,15.87,15.47,15.6,2019746
2017-08-17,ETSY,15.53,15.68,15.31,15.58,2019356
2017-08-18,ETSY,15.44,15.72,15.4,15.59,1513967
2017-08-21,ETSY,15.53,15.63,15.39,15.43,1069865
2017-08-22,ETSY,15.51,15.69,15.46,15.63,731540
2017-08-23,ETSY,15.54,15.65,15.54,15.61,724661
2017-08-24,ETSY,15.63,15.86,15.46,15.84,1413902
2017-08-25,ETSY,16,16.03,15.44,15.64,990183
2017-08-28,ETSY,15.75,15.9,15.64,15.83,2430057
2017-08-29,ETSY,15.74,16.06,15.64,16.03,1475009
2017-08-30,ETSY,16,16.39,15.92,16.17,980896
2017-08-31,ETSY,16.26,16.6,16.26,16.37,1202104
2017-09-01,ETSY,16.43,16.53,16.18,16.31,633116
2017-09-05,ETSY,16.16,16.425,16.021,16.32,1382151
2017-09-06,ETSY,16.27,16.63,16.08,16.62,2308607
2017-09-07,ETSY,16.96,17.49,16.905,17,3339252
2017-09-08,ETSY,16.94,17.15,16.78,16.88,1282321
2017-09-11,ETSY,17,17.355,16.89,17.34,1379235
2017-09-12,ETSY,17.29,17.82,17.27,17.62,1538799
2017-09-13,ETSY,17.64,17.8082,17.53,17.79,1270041
2017-09-14,ETSY,17.79,17.9,17.56,17.76,965304
2017-09-15,ETSY,17.8,17.82,17.04,17.17,4674658
2017-09-18,ETSY,17.27,17.329,17.01,17.13,1758792
2017-09-19,ETSY,17.21,17.3075,17.03,17.17,2181961
2017-09-20,ETSY,17.19,17.29,16.85,17.18,1981395
2017-09-21,ETSY,17.17,17.19,17.01,17.11,837868
2017-09-22,ETSY,16.99,17.21,16.99,17.11,777995
2017-09-25,ETSY,16.95,17.14,16.81,16.9,1405870
2017-09-26,ETSY,16.9,17.11,16.9,17.04,771004
2017-09-27,ETSY,17.17,17.19,16.645,16.96,1752718
2017-09-28,ETSY,16.89,17.07,16.78,16.82,1145379
2017-09-29,ETSY,16.79,16.975,16.765,16.88,1432038
2017-10-02,ETSY,16.96,17.32,16.9,17.2,1349139
2017-10-03,ETSY,17.26,17.36,16.84,17.03,1401739
2017-10-04,ETSY,16.87,16.99,16.41,16.55,1329844
2017-10-05,ETSY,16.56,16.57,16.22,16.5,1944803
2017-10-06,ETSY,16.52,16.9,16.48,16.72,1817183
2017-10-09,ETSY,16.7,16.76,16.375,16.47,954507
2017-10-10,ETSY,16.52,16.62,16.325,16.4,952624
2017-10-11,ETSY,16.45,16.52,16.24,16.34,768921
2017-10-12,ETSY,16.3,16.395,16.19,16.2,952171
2017-10-13,ETSY,16.2,16.63,16.19,16.51,749941
2017-10-16,ETSY,16.56,16.6,16.33,16.36,623909
2017-10-17,ETSY,16.33,16.39,16.12,16.2,745886
2017-10-18,ETSY,16.21,16.41,16.21,16.36,514844
2017-10-19,ETSY,16.35,16.39,15.93,16.19,1066421
2017-10-20,ETSY,16.3,16.55,16.15,16.38,722378
2017-10-23,ETSY,15.65,16.3048,15.27,15.76,2963682
2017-10-24,ETSY,15.75,15.86,15.49,15.74,1373750
2017-10-25,ETSY,15.78,16.1399,15.735,15.81,1256570
2017-10-26,ETSY,15.85,16.47,15.85,16.27,1736580
2017-10-27,ETSY,16.35,16.86,16.33,16.75,1443593
2017-10-30,ETSY,16.79,16.79,16.5,16.71,828545
2017-10-31,ETSY,16.72,16.89,16.55,16.7,1177323
2017-11-01,ETSY,16.75,16.83,16.48,16.73,1209770
2017-11-02,ETSY,16.67,16.7,16.2199,16.5,1113645
2017-11-03,ETSY,16.47,16.91,16.43,16.59,2458017
2017-11-06,ETSY,16.63,17.3,16.39,17.15,3439142
2017-11-07,ETSY,17.59,17.6,16.55,16.86,3839599
2017-11-08,ETSY,16.71,16.92,16.29,16.51,2043043
2017-11-09,ETSY,16.24,16.61,16.08,16.51,1947323
2017-11-10,ETSY,16.45,16.75,16.35,16.72,1042994
2017-11-13,ETSY,16.69,16.8399,16.58,16.65,995288
2017-11-14,ETSY,16.71,17.11,16.53,16.59,1785134
2017-11-15,ETSY,16.51,16.86,16.301,16.47,2062953
2017-11-16,ETSY,16.58,16.88,16.395,16.42,6425344
2017-11-17,ETSY,16.42,16.75,16.41,16.47,2198915
2017-11-20,ETSY,16.93,16.93,16.465,16.65,2807001
2017-11-21,ETSY,16.71,17.06,16.57,16.93,1622279
2017-11-22,ETSY,16.7,17.08,16.7,16.87,1530628
2017-11-24,ETSY,16.88,17.43,16.84,17.12,1085478
2017-11-27,ETSY,17.13,17.36,16.97,16.98,2234407
2017-11-28,ETSY,16.81,17.13,16.7053,16.98,2369088
2017-11-29,ETSY,17.04,17.37,16.17,16.32,1992032
2017-11-30,ETSY,16.36,16.6,16.13,16.46,2145533
2017-12-01,ETSY,16.45,17.13,16.35,16.83,2922671
2017-12-04,ETSY,17.09,18.135,17.04,17.91,5026886
2017-12-05,ETSY,17.8,18.5,17.655,18.19,4200271
2017-12-06,ETSY,18.22,18.76,18.115,18.74,2709975
2017-12-07,ETSY,18.83,19.09,18.67,18.96,2499187
2017-12-08,ETSY,19.09,19.52,18.92,19.32,3252273
2017-12-11,ETSY,19.41,19.96,19.2,19.93,3619677
2017-12-12,ETSY,20,20.25,19.82,20.21,2437076
2017-12-13,ETSY,20.21,20.45,19.92,20.16,2353478
2017-12-14,ETSY,20.15,20.3296,19.98,20.14,2457329
2017-12-15,ETSY,20.14,20.54,20.07,20.5,3105513
2017-12-18,ETSY,20.6,20.9201,20.5999,20.77,1617995
2017-12-19,ETSY,20.81,20.86,20.26,20.31,1870529
2017-12-20,ETSY,20.36,20.84,20.34,20.72,1291113
2017-12-21,ETSY,21,21.86,21,21.76,2975243
2017-12-22,ETSY,21.75,21.81,21.46,21.69,2043904
2017-12-26,ETSY,21.65,21.83,21.5464,21.75,2649094
2017-12-27,ETSY,21.69,21.7399,20.8,20.82,1766940
2017-12-28,ETSY,20.89,20.96,20.57,20.65,1514041
2017-12-29,ETSY,20.67,20.68,20.34,20.45,1285912
2018-01-02,ETSY,20.5,21.03,20.5,20.83,1899524
2018-01-03,ETSY,20.84,20.89,20.17,20.41,2231397
2018-01-04,ETSY,20.46,20.56,20.09,20.23,2004124
2018-01-05,ETSY,20.33,20.33,19.31,20.25,2380299
2018-01-08,ETSY,20.24,20.38,19.91,20.32,1918787
2018-01-09,ETSY,20.35,21.12,20.12,20.9,2517537
2018-01-10,ETSY,20.66,20.96,19.6701,20.26,2651241
2018-01-11,ETSY,20.32,20.6,20.27,20.56,782130
2018-01-12,ETSY,19.66,19.7,18.9,19.54,3056341
2018-01-16,ETSY,19.73,20.1,19.33,19.35,1444950
2018-01-17,ETSY,19.44,19.83,19.44,19.74,788336
2018-01-18,ETSY,19.78,19.92,19.53,19.6,1048441
2018-01-19,ETSY,19.58,19.75,19.48,19.7,1541477
2018-01-22,ETSY,19.7,20.17,19.69,20.03,1028039
2018-01-23,ETSY,20.02,20.25,19.91,19.94,774451
2018-01-24,ETSY,20,20.05,18.81,19.05,2686697
2018-01-25,ETSY,19.09,19.31,19.06,19.14,1262592
2018-01-26,ETSY,19.31,19.56,18.92,19.2,1680585
2018-01-29,ETSY,19.12,19.26,18.81,18.96,1345885
2018-01-30,ETSY,18.71,19.12,18.62,18.89,1432896
2018-01-31,ETSY,18.98,19.05,18.62,18.76,1291013
2018-02-01,ETSY,18.71,19.53,18.71,19.16,1730999
2018-02-02,ETSY,19.09,19.3,18.73,18.79,1295334
2018-02-05,ETSY,18.62,19.03,18.44,18.44,1555288
2018-02-06,ETSY,18,18.77,16.72,18.71,2195316
2018-02-07,ETSY,18.7,18.9067,18.01,18.61,912958
2018-02-08,ETSY,18.7,18.77,17.72,17.73,1673139
2018-02-09,ETSY,18.24,18.7,17.49,18.63,2896298
2018-02-12,ETSY,18.8,18.99,18.39,18.62,2185713
2018-02-13,ETSY,18.59,19.51,18.5,19.42,5732355
2018-02-14,ETSY,19.23,20.34,19.23,19.95,2602174
2018-02-15,ETSY,20,20.2,19.68,19.81,1822116
2018-02-16,ETSY,19.87,21.2,19.8,20.96,3680546
2018-02-20,ETSY,21.03,21.6625,20.69,21.31,2922575
2018-02-21,ETSY,21.52,22.34,21.42,21.43,2940037
2018-02-22,ETSY,21.55,21.695,20.85,21.03,1392045
2018-02-23,ETSY,21.06,21.42,20.7211,21.07,1603574
2018-02-26,ETSY,21.3,21.72,20.94,21.12,2315242
2018-02-27,ETSY,21.35,21.57,20.63,21.03,3139753
2018-02-28,ETSY,24.02,26.23,24.02,25.31,15452924
2018-03-01,ETSY,25.57,26,24.94,25.32,4792516
2018-03-02,ETSY,24.95,25.76,24.411,25.71,3699017
2018-03-05,ETSY,25.71,26.3,25.26,25.4,2702563
2018-03-06,ETSY,25.31,26.28,25.31,25.67,3889935
2018-03-07,ETSY,25.5,26.1,25.11,26.09,3083093
2018-03-08,ETSY,26.29,27.4,26.17,26.38,3457103
2018-03-09,ETSY,27.01,28.01,26.6432,27.93,9309431
2018-03-12,ETSY,27.9,28.19,27.17,27.93,3475218
2018-03-13,ETSY,27.87,28.1699,27.71,27.92,2450108
2018-03-14,ETSY,28.12,28.54,27.85,28.37,2744105
2018-03-15,ETSY,28.5,28.5,27.88,28.38,1820249
2018-03-16,ETSY,28.45,28.49,27.65,28.3,3345470
2018-03-19,ETSY,27.85,28.22,27.24,27.83,1837879
2018-03-20,ETSY,28.1,28.74,27.87,28.31,2369952
2018-03-21,ETSY,28.37,29.149,28.23,28.95,2072504
2018-03-22,ETSY,28.72,29.04,27.92,27.94,2487190
2018-03-23,ETSY,27.8,28.26,26.63,26.64,3584246
2018-03-26,ETSY,27.5,27.59,26.54,27.36,2796849
2018-03-27,ETSY,27.64,28.58,27.42,27.66,2738336
2018-03-28,ETSY,27.89,28.32,27.16,27.91,3053908
2018-03-29,ETSY,28.2,28.52,27.45,28.06,3555957
2018-04-02,ETSY,28.07,28.84,27.73,27.97,2475047
2018-04-03,ETSY,28.05,28.25,27.6046,27.83,2005247
2018-04-04,ETSY,27.19,27.92,26.8088,27.84,1949313
2018-04-05,ETSY,28.39,28.63,27.74,28.54,2094535
2018-04-06,ETSY,28.24,28.48,27.4,27.63,2878333
2018-04-09,ETSY,27.63,28.2,27.58,27.6,1203956
2018-04-10,ETSY,28.12,30.24,28.05,29.9,5629500
2018-04-11,ETSY,29.88,30.59,29.57,30.2,3385950
2018-04-12,ETSY,30.43,30.78,30.04,30.58,3303777
2018-04-13,ETSY,30.93,30.95,28.51,28.97,4938342
2018-04-16,ETSY,29.12,29.9,29.05,29.39,3051943
2018-04-17,ETSY,29.57,30.48,29.22,30.28,2535125
2018-04-18,ETSY,30.5,30.71,29.91,30.4,2148798
2018-04-19,ETSY,30.09,30.39,29.62,30.23,1815058
2018-04-20,ETSY,30,30.66,29.77,30.01,1564150
2018-04-23,ETSY,30.22,30.864,29.52,29.73,2013884
2018-04-24,ETSY,29.79,30.09,28.42,28.97,2257739
2018-04-25,ETSY,29.09,29.1953,28.24,28.73,1256701
2018-04-26,ETSY,28.75,29.61,28.75,29.53,1303099
2018-04-27,ETSY,29.65,29.8,29.02,29.5,901971
2018-04-30,ETSY,29.66,30.06,29.4,29.94,1518607
2018-05-01,ETSY,30.08,30.43,29.87,30.32,1347880
2018-05-02,ETSY,30.25,31.27,29.83,30.77,1952177
2018-05-03,ETSY,30.83,31.12,30.25,30.85,1413078
2018-05-04,ETSY,30.65,31,29.79,30.59,2023571
2018-05-07,ETSY,30.67,31.83,30.6,31.42,2662568
2018-05-08,ETSY,31.4,31.83,30.79,31.42,3731524
2018-05-09,ETSY,30.69,30.7,28.0801,29.99,5493975
2018-05-10,ETSY,30.35,30.5,29.27,29.28,2654537
2018-05-11,ETSY,29.34,30.2,29.32,30.01,2322412
2018-05-14,ETSY,30.02,30.45,29.37,29.42,1439102
2018-05-15,ETSY,29.15,29.3,28.87,29.09,2357237
2018-05-16,ETSY,29.01,29.75,29,29.4,1165581
2018-05-17,ETSY,29.46,29.72,29.25,29.47,1436333
2018-05-18,ETSY,29.44,29.98,29.31,29.64,1703308
2018-05-21,ETSY,29.7,29.83,29.18,29.4,1372481
2018-05-22,ETSY,29.48,29.615,28.97,28.99,928444
2018-05-23,ETSY,28.84,29.515,28.6,29.38,1854605
2018-05-24,ETSY,29.47,29.53,28.99,29.5,1312704
2018-05-25,ETSY,29.53,30.58,29.53,30.44,2482584
2018-05-29,ETSY,30.29,30.901,29.9212,30.41,1634869
2018-05-30,ETSY,30.5,31.79,30.49,31.71,2219483
2018-05-31,ETSY,31.79,32.63,31.5494,32.34,3489104
2018-06-01,ETSY,32.5,32.715,31.51,31.62,2460793
2018-06-04,ETSY,31.87,31.979,31.04,31.67,1746255
2018-06-05,ETSY,31.89,33,31.6,32.92,2483628
2018-06-06,ETSY,32.86,33.52,32.57,33.48,2330093
2018-06-07,ETSY,33.84,34.2199,33.11,33.43,2469416
2018-06-08,ETSY,33.16,33.35,31.8,33.25,2529559
2018-06-11,ETSY,33.31,33.38,32.03,32.05,1658899
2018-06-12,ETSY,32.32,33.25,32.32,33.22,1269060
2018-06-13,ETSY,33.3,33.49,32.82,32.99,1243473
2018-06-14,ETSY,40.86,44.78,39.84,41.65,26706500
2018-06-15,ETSY,41.69,43.4648,41.66,42.54,7830847
2018-06-18,ETSY,42.75,44.69,42.1,43.82,6741095
2018-06-19,ETSY,43.13,44.11,42.44,43.33,3125085
2018-06-20,ETSY,43.7,44.54,43.22,44.21,2483559
2018-06-21,ETSY,44.46,45.88,41.7,43.6,6904028
2018-06-22,ETSY,43.35,43.9,42.59,43.18,2623840
2018-06-25,ETSY,42.63,42.63,41.06,41.75,2501264
2018-06-26,ETSY,41.56,42.71,41.11,41.98,1687896
2018-06-27,ETSY,42.15,42.59,40.175,40.42,2220686
2018-06-28,ETSY,41.0203,42.3369,39.56,42.24,2777422
2018-06-29,ETSY,42.47,43.14,41.59,42.19,2440116
2018-07-02,ETSY,41.74,42.94,41.62,42.78,1394736
2018-07-03,ETSY,43.09,43.46,42.31,42.58,814742
2018-07-05,ETSY,42.69,43.98,42.69,43.86,1471149
2018-07-06,ETSY,43.79,44.84,43.55,44.71,1610980
2018-07-09,ETSY,45.01,45.5938,43.6,44.51,1621191
2018-07-10,ETSY,44.73,45.33,43.58,43.79,1273037
2018-07-11,ETSY,43.38,44.29,42.66,43.39,1315773
2018-07-12,ETSY,43.36,43.489,42.74,43.24,1766973
2018-07-13,ETSY,43.44,43.84,42.56,43,1167244
2018-07-16,ETSY,42.9,43.13,42.15,42.91,1355679
2018-07-17,ETSY,42.66,44.395,42.34,44.25,1215876
2018-07-18,ETSY,44.26,44.61,43.44,44.44,2934243
2018-07-19,ETSY,44.36,45.249,43.19,43.23,1639571
2018-07-20,ETSY,43.24,44.04,43.2084,43.8,1065020
2018-07-23,ETSY,43.83,43.85,42.36,43.23,2388675
2018-07-24,ETSY,43.54,43.77,41.02,41.77,1995394
2018-07-25,ETSY,42,43.28,42,42.98,1594460
2018-07-26,ETSY,42.46,43.11,41.92,42.61,2061944
2018-07-27,ETSY,42.71,42.75,41.34,41.97,2698083
2018-07-30,ETSY,42.14,42.252,39.151,40.23,2678841
2018-07-31,ETSY,40.13,41.54,39.641,40.86,1640792
2018-08-01,ETSY,41.06,42,40.81,41.2,2099079
2018-08-02,ETSY,40.78,42.48,40.17,42.4,1414022
2018-08-03,ETSY,42.39,42.82,40.9,41.54,1367655
2018-08-06,ETSY,41.74,42.98,41.05,42.43,4263456
2018-08-07,ETSY,49.78,50.6,43.53,43.84,16691632
2018-08-08,ETSY,43.53,44,42.05,43.12,5149853
2018-08-09,ETSY,42.99,44,41.84,43.73,2179027
2018-08-10,ETSY,43.35,46.61,43.07,46.06,4015008
2018-08-13,ETSY,46.31,47.39,45.091,45.19,3112514
2018-08-14,ETSY,45.55,46.3587,44.7,46.14,2566507
2018-08-15,ETSY,45.77,46,43.95,44.86,3175281
2018-08-16,ETSY,45.42,46,45.02,45.63,2399872
2018-08-17,ETSY,45.63,46.7798,45.06,46.53,3028064
2018-08-20,ETSY,47.02,47.6399,45.9,46.9,2381462
2018-08-21,ETSY,47.24,48.03,46.431,47.57,2236252
2018-08-22,ETSY,47.28,47.91,47.18,47.84,1581780
2018-08-23,ETSY,48.16,49.245,47.93,48.81,2495134
2018-08-24,ETSY,48.93,49.62,48.31,49.04,1920595
2018-08-27,ETSY,49.34,49.65,47.73,48.14,2465598
2018-08-28,ETSY,48.63,48.72,46.76,47.88,2041833
2018-08-29,ETSY,48.24,48.24,47.36,47.76,1787812
2018-08-30,ETSY,47.61,49,47.04,48.31,1466587
2018-08-31,ETSY,48.12,49,48.0839,48.69,1027240
2018-09-04,ETSY,48.66,50.84,48.66,50.66,2686775
2018-09-05,ETSY,50.44,50.45,46.43,47.39,3427665
2018-09-06,ETSY,47.33,47.39,45.5,46.12,2708397
2018-09-07,ETSY,45.62,48.23,45.1794,47.14,1953864
2018-09-10,ETSY,47.4,47.5999,46.42,47.19,2203267
2018-09-11,ETSY,46.62,49.59,46.58,49.4,2394065
2018-09-12,ETSY,49.44,49.89,48.06,49.17,2203121
2018-09-13,ETSY,49.08,50.91,49.08,50.55,3030962
2018-09-14,ETSY,51.08,53.25,50.59,52.85,4280842
2018-09-17,ETSY,52.4,53.19,48.51,50.1,6666070
2018-09-18,ETSY,50.52,52.1,50.07,51.63,3416438
2018-09-19,ETSY,51.67,52.19,49.03,50.16,2530995
2018-09-20,ETSY,50.29,50.76,48.2903,48.75,2895484
2018-09-21,ETSY,48.84,49.1047,47.38,47.54,3236214
2018-09-24,ETSY,47.11,49.3,46.36,49.2,1765522
2018-09-25,ETSY,49.5,50.54,49.01,50.44,2112387
2018-09-26,ETSY,50.67,51.39,49.6813,50.9,2110100
2018-09-27,ETSY,51.18,52.11,50.93,52.01,1347430
2018-09-28,ETSY,51.65,52.57,51.16,51.38,1523109
2018-10-01,ETSY,51.81,52.26,49.69,49.96,1938810
2018-10-02,ETSY,50.04,50.4873,47.38,47.52,2192065
2018-10-03,ETSY,47.69,48.44,47.43,48.14,1972748
2018-10-04,ETSY,47.99,48.45,45.41,46.02,2500738
2018-10-05,ETSY,46,47.0553,43.41,44.4,3494653
2018-10-08,ETSY,43.74,44.24,42.19,42.99,2446363
2018-10-09,ETSY,42.27,43.58,41.58,42.25,2596283
2018-10-10,ETSY,41.89,42.07,39.84,39.98,3787776
2018-10-11,ETSY,39.48,40.21,38.6351,38.99,3622900
2018-10-12,ETSY,40.41,41.83,40.27,41.55,4381917
2018-10-15,ETSY,41.39,42.2,40.37,41.15,1914802
2018-10-16,ETSY,41.99,43.53,41.89,43.41,2193971
2018-10-17,ETSY,43.58,43.98,42.36,43.17,1345122
2018-10-18,ETSY,43.04,43.81,42.3,43.25,1687762
2018-10-19,ETSY,43.32,44.1,41.04,41.49,2118736
2018-10-22,ETSY,41.87,43.84,41.4856,43.69,2248692
2018-10-23,ETSY,42.34,42.98,41.33,42.67,1837309
2018-10-24,ETSY,44.5,44.6,41.77,41.81,2994020
2018-10-25,ETSY,42.23,44.315,40.98,43.5,1953932
2018-10-26,ETSY,42.03,42.5334,40.165,40.87,2165963
2018-10-29,ETSY,41.54,41.81,38.02,38.97,2122528
2018-10-30,ETSY,38.79,41.45,38.08,41.39,2121960
2018-10-31,ETSY,42.23,43.9,42.04,42.52,2052988
2018-11-01,ETSY,42.45,43.55,40.93,43.46,1960886
2018-11-02,ETSY,43.7,44.0962,42.38,42.84,1647310
2018-11-05,ETSY,42.89,43.46,40.82,42.13,1849314
2018-11-06,ETSY,42.41,42.48,39.8795,40.43,4239089
2018-11-07,ETSY,46.24,51.5,45.58,50.01,14078916
2018-11-08,ETSY,50.62,54.59,48.8,54.1,9780760
2018-11-09,ETSY,53.5,55.7091,51.7,52.01,5687971
2018-11-12,ETSY,51.41,52.57,50.27,50.71,2476527
2018-11-13,ETSY,51,51.42,46.9,47.35,4723128
2018-11-14,ETSY,48.15,49.15,47.05,47.71,2638541
2018-11-15,ETSY,47.39,48.96,46.69,48.72,2100590
2018-11-16,ETSY,47.69,48.05,45.31,47.26,2715608
2018-11-19,ETSY,47.04,47.4,45.1,45.45,2019261
2018-11-20,ETSY,43.23,44.43,42.06,43.21,4715123
2018-11-21,ETSY,44.29,44.8,43.3,44.02,1984174
2018-11-23,ETSY,43.8,45.76,43.78,45.27,929416
2018-11-26,ETSY,46.03,48.36,45.24,48.23,2264201
2018-11-27,ETSY,47.87,49.52,47.62,48.58,1955630
2018-11-28,ETSY,49.24,51.67,48.821,51.38,2273496
2018-11-29,ETSY,50.99,53.47,50.6189,52.8,2333407
2018-11-30,ETSY,52.8,55.14,52.8,54.04,2818918
2018-12-03,ETSY,56.34,56.965,53.39,56.61,3112549
2018-12-04,ETSY,56.27,58.3,54.62,54.87,3179022
2018-12-06,ETSY,54.39,55.68,52.08,55.5,2927725
2018-12-07,ETSY,56.2,57.15,52.68,53.92,2131385
2018-12-10,ETSY,53.9,55.745,53.45,55.34,1895793
2018-12-11,ETSY,56.65,56.9919,54.5269,55.28,1560493
2018-12-12,ETSY,56.14,57.95,55.91,57.43,2229831
2018-12-13,ETSY,56.85,57.7,54.26,55.05,4371188
2018-12-14,ETSY,54.55,56.34,53.895,54.34,1714018
2018-12-17,ETSY,53.86,54,50.59,51.17,2380930
2018-12-18,ETSY,51.41,52.88,50.21,51.85,2447142
2018-12-19,ETSY,51.96,53.25,49.26,50.06,2794823
2018-12-20,ETSY,49.75,50.8102,46.7336,48.26,3429589
2018-12-21,ETSY,47.54,47.8837,43.2643,43.68,5022833
2018-12-24,ETSY,42.29,44.28,42,43.12,1471271
2018-12-26,ETSY,43.31,46.95,43.18,46.9,3772862
2018-12-27,ETSY,46.03,47.35,44.8,47.35,1843638
2018-12-28,ETSY,47.76,48.38,46.04,47.29,1241715
2018-12-31,ETSY,47.9,48.58,47.34,47.57,1527120
2019-01-02,ETSY,46.23,47.73,45.28,47,1968615
2019-01-03,ETSY,46.33,47.56,45.71,46.03,1803086
2019-01-04,ETSY,48.06,50.8835,47.41,49.7,4074982
2019-01-07,ETSY,50.18,52.28,49.29,51.57,3153932
2019-01-08,ETSY,53.14,54,51.5412,53.88,2824806
2019-01-09,ETSY,53.91,54.8,52.55,52.77,2078315
2019-01-10,ETSY,52.15,52.2617,50.07,51.34,2946784
2019-01-11,ETSY,50.92,52.624,50.8001,52.07,1947523
2019-01-14,ETSY,51.5,52.34,50.6,52.04,1313412
2019-01-15,ETSY,52.32,54.3798,52.2512,54.33,1677951
2019-01-16,ETSY,54.62,56.42,54.34,54.53,2464288
2019-01-17,ETSY,53.71,55.08,53.56,54.59,1543825
2019-01-18,ETSY,55.04,56.39,53.73,55.83,1966403
2019-01-22,ETSY,55.3,56.11,52.7,53.54,2091137
2019-01-23,ETSY,54.01,55.37,53.65,53.83,1306990
2019-01-24,ETSY,54,54.46,53.26,54.34,911798
2019-01-25,ETSY,54.9,55.595,54.03,55,1360289
2019-01-28,ETSY,54.3,54.96,53.26,54.92,1255378
2019-01-29,ETSY,55.01,55.88,53.09,53.52,1333992
2019-01-30,ETSY,54.12,54.43,52.62,54.19,1985333
2019-01-31,ETSY,53.94,55.24,53.94,54.65,1509935
2019-02-01,ETSY,54.37,54.97,53.7999,54.38,1849503
2019-02-04,ETSY,54.33,55.1499,54.2883,54.74,2305020
2019-02-05,ETSY,55.19,60.58,54.86,55.44,10011204
2019-02-06,ETSY,55.78,55.8,50.94,52.59,5700010
2019-02-07,ETSY,51.81,52,50.14,51.53,2465560
2019-02-08,ETSY,51.06,53.43,50.5,53.15,2551283
2019-02-11,ETSY,53.79,54.33,52.7,53.15,2122329
2019-02-12,ETSY,53.94,55.83,53.85,55.83,2576623
2019-02-13,ETSY,55.96,57,54.09,55.04,2073451
2019-02-14,ETSY,54.16,54.53,53.39,54.06,1595417
2019-02-15,ETSY,54.48,55.14,54.0001,54.66,2537490
2019-02-19,ETSY,54.4,55.84,54.23,55.28,1440256
2019-02-20,ETSY,55.55,55.69,54.12,54.18,1676937
2019-02-21,ETSY,53.98,54.24,52.22,53.03,1911571
2019-02-22,ETSY,53.59,56.93,53.51,56.67,3844467
2019-02-25,ETSY,59.85,60.5,55.86,59.01,12654098
2019-02-26,ETSY,65.22,69.5,64.25,68.65,23794160
2019-02-27,ETSY,68.23,72,68.05,71.74,6781580
2019-02-28,ETSY,71.65,72.4534,69.64,71.27,4879077
2019-03-01,ETSY,72,73.33,71.48,72.77,3377017
2019-03-04,ETSY,73.29,73.345,66.95,68.99,5145991
2019-03-05,ETSY,68.86,71,67.8941,70.61,2399750
2019-03-06,ETSY,70.19,71.09,69.26,70.04,1758452
2019-03-07,ETSY,70.26,71.91,65.746,67.24,6632390
2019-03-08,ETSY,64,68.25,62.03,67.77,3291876
2019-03-11,ETSY,67.79,71.28,67.74,70.66,3015321
2019-03-12,ETSY,70.51,71.68,69.3,71.15,1777680
2019-03-13,ETSY,71.61,72.39,69.93,70.15,2353793
2019-03-14,ETSY,70.2,70.8,69.385,69.91,1593768
2019-03-15,ETSY,70.5,71.5,69.65,69.89,5162786
2019-03-18,ETSY,69.87,70.19,68.53,69.55,1962930
2019-03-19,ETSY,70.21,70.4,68.28,68.5,1985605
2019-03-20,ETSY,68.26,69.72,67.9,68.9,1812049
2019-03-21,ETSY,68.56,70.15,68.56,69.44,1362152
2019-03-22,ETSY,68.97,69.25,65.5701,66.02,2262168
2019-03-25,ETSY,66.02,68.07,65.0534,67.86,2396812
2019-03-26,ETSY,68.47,69.05,67.44,67.74,1431745
2019-03-27,ETSY,67.66,68.03,64.95,65.51,1596444
2019-03-28,ETSY,66.07,67.2,65.17,67.13,1460661
2019-03-29,ETSY,67.49,68.5,67.0172,67.22,1219091
2019-04-01,ETSY,67.96,68.6,66.32,68.16,1678952
2019-04-02,ETSY,68.5,70.6889,68.34,69.73,3552096
2019-04-03,ETSY,69.82,70.3,69.0133,69.46,1912902
2019-04-04,ETSY,70.14,70.35,66.05,68.3,2704517
2019-04-05,ETSY,68.4,69.14,67.8143,68.22,1291559
2019-04-08,ETSY,67.88,67.904,66.31,67.65,1049716
2019-04-09,ETSY,67.41,68.2,66.6,66.69,1248683
2019-04-10,ETSY,66.8,68.92,66.8,68.21,1064854
2019-04-11,ETSY,68.41,69.28,67.54,67.65,1106615
2019-04-12,ETSY,68.25,68.29,65.06,65.38,2070927
2019-04-15,ETSY,65.38,66.4934,65.01,66.2,1364844
2019-04-16,ETSY,66.69,67.375,66.0488,66.28,1266963
2019-04-17,ETSY,66.69,67.04,63.98,64.25,1576263
2019-04-18,ETSY,64.03,64.22,62.21,63.4,1813053
2019-04-22,ETSY,63.04,63.78,62.68,63.51,969962
2019-04-23,ETSY,63.95,65.56,63.72,65.22,1767635
2019-04-24,ETSY,65.97,66.53,65.09,66.08,1389648
2019-04-25,ETSY,66.27,68.2112,65.91,67.85,1691219
2019-04-26,ETSY,67.87,68.43,67.14,67.71,1203926
2019-04-29,ETSY,68,69.64,67.51,69.41,1409193
2019-04-30,ETSY,69.13,69.785,65.81,67.54,2391658
2019-05-01,ETSY,68.09,68.72,66.74,66.79,1672027
2019-05-02,ETSY,66.63,68.095,65.75,68.07,1365615
2019-05-03,ETSY,68.9,70.09,67.8262,69.65,1579625
2019-05-06,ETSY,67.93,69.43,67.4,69.03,1772230
2019-05-07,ETSY,68.12,68.85,65.67,66.97,1934995
2019-05-08,ETSY,66.75,68.209,65.9,68.08,3978268
2019-05-09,ETSY,63.25,65.2,59.54,60.76,10280261
2019-05-10,ETSY,61.36,63.2,59.845,61.8,4106927
2019-05-13,ETSY,59.68,59.93,56.94,57.23,4066724
2019-05-14,ETSY,58,59.21,57.18,58.82,1871051
2019-05-15,ETSY,58.05,61.96,58.02,61.89,2297683
2019-05-16,ETSY,61.91,64.24,61.91,63.65,2350849
2019-05-17,ETSY,62.64,64.13,62.24,62.78,1841016
2019-05-20,ETSY,61.58,63.41,61.01,63.12,1838057
2019-05-21,ETSY,63.92,65.61,63.79,65.21,2027839
2019-05-22,ETSY,64.82,65.52,64,64.01,1177439
2019-05-23,ETSY,62.56,63.89,61.75,63.32,2149909
2019-05-24,ETSY,63.7,64.72,63.65,64.71,1062966
2019-05-28,ETSY,65.1,66.21,64.35,65.03,1940497
2019-05-29,ETSY,64.21,64.22,61.33,62.13,1715369
2019-05-30,ETSY,62.54,63.41,61.42,62.95,1223291
2019-05-31,ETSY,61.61,63.02,60.69,62.31,1557848
2019-06-03,ETSY,61.95,62.7,60.21,61.07,1826751
2019-06-04,ETSY,61.58,62.06,59.73,61.25,2289550
2019-06-05,ETSY,61.15,62.48,60.32,61.49,1500892
2019-06-06,ETSY,61.11,62.2083,60.39,61.96,1267812
2019-06-07,ETSY,62.29,64.86,62.24,63.89,1926228
2019-06-10,ETSY,64.92,67.21,64.62,65.31,2274923
2019-06-11,ETSY,65.78,67.86,65.7,67.18,2668689
2019-06-12,ETSY,67.25,69.72,66.5241,69.17,3212514
2019-06-13,ETSY,70.07,71.8,69.53,70.05,2721745
2019-06-14,ETSY,70.12,70.19,67.45,67.8,1858497
2019-06-17,ETSY,68.32,69.35,67.59,68.46,1316198
2019-06-18,ETSY,69,69.66,65.94,66.95,2433368
2019-06-19,ETSY,67.29,68.49,66.23,68.14,1443744
2019-06-20,ETSY,69.38,69.96,68.111,68.83,1699571
2019-06-21,ETSY,68.39,68.64,65.66,65.78,2333680
2019-06-24,ETSY,66.36,66.4,63.87,63.93,2252829
2019-06-25,ETSY,63.68,64.5,61.2697,61.79,3151742
2019-06-26,ETSY,62.14,62.89,59.91,60.36,2348309
2019-06-27,ETSY,60.44,62.8,60.2934,62.36,3215127
2019-06-28,ETSY,62.27,62.55,61.09,61.37,16253923
2019-07-01,ETSY,63.58,63.75,61.25,62.06,4601501
2019-07-02,ETSY,61.74,62.675,60.695,62.64,2736982
2019-07-03,ETSY,62.55,64.52,62.55,64.28,1028865
2019-07-05,ETSY,63.87,63.8905,62.71,63.38,1462769
2019-07-08,ETSY,63.08,64.315,62.31,64.01,1624037
2019-07-09,ETSY,64.32,67.12,63.99,66.86,3057130
2019-07-10,ETSY,67.53,68.359,66.11,66.45,2326878
2019-07-11,ETSY,66.46,66.95,64.34,64.99,1455554
2019-07-12,ETSY,65.32,65.77,64.1,64.6,1401313
2019-07-15,ETSY,65.13,65.69,64.47,65.55,1194254
2019-07-16,ETSY,65.28,65.5305,63.56,64.21,1422413
2019-07-17,ETSY,64.36,64.7,63.34,63.42,1628964
2019-07-18,ETSY,63.48,65.335,63.34,65.2,1981876
2019-07-19,ETSY,65.5,66.22,65.3,65.85,1354160
2019-07-22,ETSY,66.38,68.62,65.81,68.53,2115986
2019-07-23,ETSY,68.97,69.16,67.1,67.82,2647571
2019-07-24,ETSY,67.74,68.6742,67.58,68.05,2303287
2019-07-25,ETSY,68.95,69.95,67.715,68.73,2460707
2019-07-26,ETSY,68.64,71.08,68.64,70.86,2370553
2019-07-29,ETSY,70.55,70.6,68.11,69.12,1500522
2019-07-30,ETSY,68.58,69.0906,67.86,68,1285254
2019-07-31,ETSY,68.04,68.59,66,67.02,1957070
2019-08-01,ETSY,67.27,70.1,66.27,68.14,5424271
2019-08-02,ETSY,64.08,68.65,59.68,59.71,8312162
2019-08-05,ETSY,56.48,57.76,52.8208,53.94,6277708
2019-08-06,ETSY,55.68,56.4,54.66,55.39,3653537
2019-08-07,ETSY,55.03,56.52,53.62,56.06,3314250
2019-08-08,ETSY,56.55,58.85,56.09,58.04,3183090
2019-08-09,ETSY,57.35,57.62,56.14,56.43,1959187
2019-08-12,ETSY,55.76,56,54.15,54.97,1512952
2019-08-13,ETSY,54.52,56.77,54.511,55.74,1481475
2019-08-14,ETSY,53.78,54.5,52.4775,52.84,1753248
2019-08-15,ETSY,52.49,53.0058,51.27,51.71,2650008
2019-08-16,ETSY,52.38,52.905,51.78,52.61,1842231
2019-08-19,ETSY,53.48,53.53,51.49,52.41,3121164
2019-08-20,ETSY,52.43,53.37,51.75,52.89,2168428
2019-08-21,ETSY,53.54,55.14,53.13,54.25,2060795
2019-08-22,ETSY,55.83,56.06,53.9475,55.38,2328013
2019-08-23,ETSY,54.36,55.5,53.8314,54.09,2152290
2019-08-26,ETSY,54.38,54.82,53.03,53.58,1558096
2019-08-27,ETSY,53.92,54.48,53.22,53.41,2284887
2019-08-28,ETSY,53.04,54.48,52.52,54.34,896842
2019-08-29,ETSY,55.5,55.5,53.97,54.4,1004142
2019-08-30,ETSY,54.9,54.9,52.14,52.79,1958908
2019-09-03,ETSY,51.85,52.33,49.64,50.3,2679405
2019-09-04,ETSY,51.2,51.645,49.99,50.15,2232817
2019-09-05,ETSY,49.25,50.42,47.81,50.1,3785408
2019-09-06,ETSY,50.26,50.4817,47.6994,47.98,3700661
2019-09-09,ETSY,49.6,50.55,48.92,50.5,5493072
2019-09-10,ETSY,49.86,51.93,49.38,50.53,3808400
2019-09-11,ETSY,50.44,52.75,49.72,52.67,3784654
2019-09-12,ETSY,53.24,55.92,53.16,54.88,3851528
2019-09-13,ETSY,56.23,57.28,55.66,56.86,4835075
2019-09-16,ETSY,56.23,57.97,55.355,57.84,3006458
2019-09-17,ETSY,57.89,59.93,57.35,59.85,3747700
2019-09-18,ETSY,59.73,61.19,58.1,59.45,3887205
2019-09-19,ETSY,60.23,60.43,58.26,59.07,9549454
2019-09-20,ETSY,60.91,61.15,58.28,60.41,22594648
2019-09-23,ETSY,60.44,61.54,60.15,60.54,3655329
2019-09-24,ETSY,60.38,61.2211,56.69,56.9,4268592
2019-09-25,ETSY,56.64,56.9288,54.6,55,6619823
2019-09-26,ETSY,54.74,55.3,53.42,54.4,5044929
2019-09-27,ETSY,54.69,55.16,53.74,54.81,2540347
2019-09-30,ETSY,54.98,56.58,54.85,56.5,2516594
2019-10-01,ETSY,56.72,57.3277,55.1537,55.3,2172734
2019-10-02,ETSY,54.58,54.67,52.85,53.91,3085455
2019-10-03,ETSY,53.83,55.84,53.48,55.82,2762503
2019-10-04,ETSY,57.15,58.09,55.61,56.48,2651367
2019-10-07,ETSY,55.84,56.7033,55.33,55.92,2754949
2019-10-08,ETSY,55.04,55.94,54.6,55.21,2440415
2019-10-09,ETSY,55.55,57.7974,55.29,57.205,2228320
2019-10-10,ETSY,56.9,58.49,56.14,57.77,2624470
2019-10-11,ETSY,58.75,60.39,58.75,59.26,2814058
2019-10-14,ETSY,59.22,59.8,58.53,59.11,1510631
2019-10-15,ETSY,59.27,60.8819,58.9161,60.02,1629695
2019-10-16,ETSY,60.02,60.13,58.29,58.55,2319955
2019-10-17,ETSY,59.19,60.8,58.8,60.42,1766530
2019-10-18,ETSY,59.2,59.5,56.8,57.61,2921383
2019-10-21,ETSY,58.13,58.53,57.65,58.04,1207702
2019-10-22,ETSY,58.18,58.18,56.67,56.83,2444949
2019-10-23,ETSY,56.68,57.3818,56.16,56.64,2435083
2019-10-24,ETSY,56.97,58.325,55.8,57.75,4207262
2019-10-25,ETSY,57.41,59,55.67,58.67,4683890
2019-10-28,ETSY,59.24,59.38,57.145,57.32,2663878
2019-10-29,ETSY,57.32,57.32,53.62,54.41,4615794
2019-10-30,ETSY,54.55,54.81,51.86,52.8,7103613
2019-10-31,ETSY,46.38,46.63,43.55,44.49,16320147
2019-11-01,ETSY,44.45,46.72,43.94,45.655,6325661
2019-11-04,ETSY,45.88,45.95,44.651,44.74,4870059
2019-11-05,ETSY,44.85,44.9126,43.14,43.23,3555955
2019-11-06,ETSY,43.23,43.33,42,42.62,3972412
2019-11-07,ETSY,42.74,43,41.42,41.86,3467639
2019-11-08,ETSY,41.72,42.58,41.47,41.99,3334610
2019-11-11,ETSY,41.77,42.08,40.78,40.83,4379943
2019-11-12,ETSY,41.12,41.95,40.45,40.8,5035501
2019-11-13,ETSY,40.64,40.75,39.81,40.68,3147684
2019-11-14,ETSY,40.6,42.0273,40.5,41.84,4458524
2019-11-15,ETSY,42.3,42.98,41.74,42,5042559
2019-11-18,ETSY,42.06,42.65,41.88,41.99,2949383
2019-11-19,ETSY,42.36,42.73,40.73,40.86,3101452
2019-11-20,ETSY,40.97,41.65,40.06,40.64,5079736
2019-11-21,ETSY,40.8,41.5591,40.51,41.48,3494095
2019-11-22,ETSY,41.64,42.4,41.28,41.84,2201541
2019-11-25,ETSY,42.23,43.2785,42.23,42.77,2697564
2019-11-26,ETSY,43,44.265,43,43.38,3565375
2019-11-27,ETSY,43.73,44.7,43.56,44.425,2440095
2019-11-29,ETSY,44.42,44.69,43.21,43.39,1485950
2019-12-02,ETSY,43.71,43.75,41.73,43.12,2819775
2019-12-03,ETSY,41.92,42.97,41.69,42.63,2270110
2019-12-04,ETSY,42.99,43.29,41.97,42.14,2502104
2019-12-05,ETSY,40.47,41.82,39.76,41.07,6424301
2019-12-06,ETSY,41.28,42.33,40.98,41.23,2388144
2019-12-09,ETSY,41.26,41.9799,40.96,41.16,2178650
2019-12-10,ETSY,41.01,41.1,40.105,40.51,1929764
2019-12-11,ETSY,40.54,41.28,40.4,41.03,1320829
2019-12-12,ETSY,41.01,42.28,40.9,41.98,2201584
2019-12-13,ETSY,43.1,43.37,41.9,42.29,2158132
2019-12-16,ETSY,42.49,43.53,42.33,43.1,3069225
2019-12-17,ETSY,43.09,43.19,41.94,43.05,3012400
2019-12-18,ETSY,43.3,43.3,42.215,42.34,2607123
2019-12-19,ETSY,42.67,44.44,42.595,43.94,3406603
2019-12-20,ETSY,44.21,44.51,43.53,44.06,3000741
2019-12-23,ETSY,44.31,45.115,43.92,44.78,1642901
2019-12-24,ETSY,45.13,45.24,44.55,44.67,616338
2019-12-26,ETSY,44.94,45.82,44.93,45.41,1654482
2019-12-27,ETSY,45.74,45.905,44.81,44.98,1877018
2019-12-30,ETSY,45.11,45.48,44.42,44.47,1352262
2019-12-31,ETSY,44.2,44.68,43.75,44.3,2324977
2020-01-02,ETSY,44.71,45.61,44.71,45.19,2153331
2020-01-03,ETSY,44.5,45.32,44.02,44.9,2109770
2020-01-06,ETSY,44.67,45.19,44.36,44.835,2077085
2020-01-07,ETSY,45,46.12,44.9,45.78,1952421
2020-01-08,ETSY,45.84,46.62,44.875,45.005,3223211
2020-01-09,ETSY,45.3,46.63,44.8,46.43,2429058
2020-01-10,ETSY,46.8,46.96,45.89,46.13,1979142
2020-01-13,ETSY,46.28,48.125,46.09,47.96,3237173
2020-01-14,ETSY,48.09,49.32,48.02,49.15,4489257
2020-01-15,ETSY,49.09,50.28,48.55,48.86,2945886
2020-01-16,ETSY,49.36,51.24,49.28,50.9,3108989
2020-01-17,ETSY,51.12,51.6199,50.71,51.44,2168927
2020-01-21,ETSY,51.37,51.39,49.75,50.7,2980745
2020-01-22,ETSY,51.06,51.78,50.04,50.24,1789101
2020-01-23,ETSY,50,50.46,48.78,50.23,2239206
2020-01-24,ETSY,50.55,51.21,50.06,50.52,2238741
2020-01-27,ETSY,48.75,49.58,47.33,49.32,2196457
2020-01-28,ETSY,49.8,50.43,49.38,49.83,4233085
2020-01-29,ETSY,49.83,50.98,49.83,50.15,1903217
2020-01-30,ETSY,49.66,50.41,49.36,50.29,1654707
2020-01-31,ETSY,50.3,50.35,48.48,48.81,2127911
2020-02-03,ETSY,49.04,49.8,48.785,49.36,1852686
2020-02-04,ETSY,49.95,51.25,49.78,50.72,1667544
2020-02-05,ETSY,51.6,51.6,49.5,49.57,1635367
2020-02-06,ETSY,49.71,49.75,49.01,49.48,1259321
2020-02-07,ETSY,49.35,49.9,48.6,49.64,1563701
2020-02-10,ETSY,49.57,50.47,49.43,50.37,1396896
2020-02-11,ETSY,50.41,51.45,50.18,50.56,1392331
2020-02-12,ETSY,51.29,52.59,51.1,52.25,1569613
2020-02-13,ETSY,51.79,53.14,51.5,52.97,2131891
2020-02-14,ETSY,53.39,53.54,52.2,53.16,2066192
2020-02-18,ETSY,53.02,53.8,52.65,53.32,1819716
2020-02-19,ETSY,53.79,54.25,52.9,53.18,2700663
2020-02-20,ETSY,53.37,55.475,53.18,54.39,3450994
2020-02-21,ETSY,54.18,54.27,52.84,53.7,2006145
2020-02-24,ETSY,50.97,51.94,50.06,51.33,3818601
2020-02-25,ETSY,52.05,52.76,49.2,49.89,3998469
2020-02-26,ETSY,50.29,52.65,50,50.69,6562992
2020-02-27,ETSY,55.425,60.08,53.81,57.92,13157402
2020-02-28,ETSY,56.85,59.82,56.3221,57.81,5816893
2020-03-02,ETSY,58.02,59.79,56.91,58.84,5573110
2020-03-03,ETSY,58.92,59.9299,56.82,58.21,4053262
2020-03-04,ETSY,59.08,63.145,57.85,62.46,4779120
2020-03-05,ETSY,61.01,63.24,60.83,62.13,3514059
2020-03-06,ETSY,60.5,62.88,59.25,60.65,3726335
2020-03-09,ETSY,55.65,59.4599,54.23,58.5,3751327
2020-03-10,ETSY,60.2,60.74,55.39,57.97,4110612
2020-03-11,ETSY,56.55,56.97,49.805,50.23,6864103
2020-03-12,ETSY,45.27,47.85,43.12,44.04,6107642
2020-03-13,ETSY,46.5,49.06,44.29,49.01,3970191
2020-03-16,ETSY,44.15,44.29,40.67,41.65,4022817
2020-03-17,ETSY,42.28,43.14,38.9,42.12,3308658
2020-03-18,ETSY,39.63,40.4,34.1993,39.25,4641977
2020-03-19,ETSY,37.75,38.47,33.5885,34.66,8012459
2020-03-20,ETSY,35.88,36.2,31,31.69,5864801
2020-03-23,ETSY,31.6,33.74,29.95,33.03,4093497
2020-03-24,ETSY,35.26,39.04,34.03,38.13,5535421
2020-03-25,ETSY,38.87,43.98,37.65,41.29,4982762
2020-03-26,ETSY,41.29,44.4,40.86,41.88,4487896
2020-03-27,ETSY,40.25,40.44,38.07,38.67,3805642
2020-03-30,ETSY,38.19,38.96,36.79,38.67,3033707
2020-03-31,ETSY,38.44,40.32,37.38,38.44,2831969
2020-04-01,ETSY,36.5035,37.5,35.16,35.45,2226035
2020-04-02,ETSY,34.88,37.04,33.96,34.8,3406812
2020-04-03,ETSY,34.75,39.5,34.75,38.15,5504213
2020-04-06,ETSY,41.05,46.87,40.32,46.46,9002289
2020-04-07,ETSY,49.35,51.06,46.93,47.69,6562773
2020-04-08,ETSY,48.5,52.08,47.87,51,4949890
2020-04-09,ETSY,52.8199,54.17,51.64,53.68,4105084
2020-04-13,ETSY,53.43,55.79,51.76,55.44,4305515
2020-04-14,ETSY,55.76,57.76,54.7,57.66,3852720
2020-04-15,ETSY,56,57.25,54.95,56.72,2187592
2020-04-16,ETSY,57.4,59.99,56.64,59.72,3787253
2020-04-17,ETSY,60.73,61.63,59.76,61.06,3152743
2020-04-20,ETSY,60.78,66.2542,60.3,65.05,6021699
2020-04-21,ETSY,65.43,66.55,60.7,61.37,7521016
2020-04-22,ETSY,63.7,64.33,62.26,62.75,2876245
2020-04-23,ETSY,63.34,63.4,61.78,62.85,1986908
2020-04-24,ETSY,64.05,67.02,63.61,66.19,3530260
2020-04-27,ETSY,67.37,70.58,67.25,69.28,3829548
2020-04-28,ETSY,70.22,71.2,66.06,66.25,5554616
2020-04-29,ETSY,66.92,69.11,65.77,68.33,2871875
2020-04-30,ETSY,67.48,68.85,63.795,64.87,4339710
2020-05-01,ETSY,63.16,64.6,61.31,64.445,3334441
2020-05-04,ETSY,63.99,68.18,63.21,67.69,2363860
2020-05-05,ETSY,70.1,76.5,70.03,72.79,9153391
2020-05-06,ETSY,74.85,78.63,72.08,78.24,6919489
2020-05-07,ETSY,74.38,78.84,73.31,76.59,6841518
2020-05-08,ETSY,76.86,81.69,75.39,80.71,4848814
2020-05-11,ETSY,80.37,82.62,79.63,80.28,3095414
2020-05-12,ETSY,80.25,82.97,78.9,79.02,3485021
2020-05-13,ETSY,80.31,82.45,76.89,81.55,3403411
2020-05-14,ETSY,80.45,83.18,79.74,81.63,3737321
2020-05-15,ETSY,82.27,85.84,80.61,85.63,3037632
2020-05-18,ETSY,86.975,88.02,78.03,78.18,6061891
2020-05-19,ETSY,79.18,80.24,76.01,77.085,6443862
2020-05-20,ETSY,78.55,79.28,73.33,75.295,5099795
2020-05-21,ETSY,75.56,75.93,73.11,74.31,3168322
2020-05-22,ETSY,74.43,78.15,73.4025,77.48,2799004
2020-05-26,ETSY,78.42,78.88,73.07,74.08,3640800
2020-05-27,ETSY,72.9,76.7,69.35,76.24,4427991
2020-05-28,ETSY,75.96,80.2,75.31,77.81,2892274
2020-05-29,ETSY,78.54,81.619,78.4,80.98,3184116
2020-06-01,ETSY,80.5,81.91,78.34,78.59,2290410
2020-06-02,ETSY,78.86,82.5506,78.07,81.86,3021515
2020-06-03,ETSY,81.8,82.33,79.34,80.66,2889164
2020-06-04,ETSY,81.72,86.01,79.54,80.3,3968680
2020-06-05,ETSY,80.52,80.59,76.03,78.72,2982298
2020-06-08,ETSY,78.07,78.5,74.82,76.47,2984176
2020-06-09,ETSY,76.49,78.98,76.08,76.37,2208930
2020-06-10,ETSY,80.87,82.93,78.51,79.81,4330714
2020-06-11,ETSY,78.56,80.45,76.715,77.52,3711709
2020-06-12,ETSY,79.02,80.67,76.62,79.76,2542558
2020-06-15,ETSY,79.06,84.62,79.06,83.91,4236157
2020-06-16,ETSY,85,85.86,82.25,84.55,2547546
2020-06-17,ETSY,85.72,87.1,84.8,86.32,1893285
2020-06-18,ETSY,86.46,87.2723,85.12,87,1761777
2020-06-19,ETSY,88,95.73,87.07,95.39,7135916
2020-06-22,ETSY,95.58,99.41,95.53,96.3,3761546
2020-06-23,ETSY,99.04,103.94,97.21,101.22,5783150
2020-06-24,ETSY,101.4,103.4099,96.53,98.17,4065614
2020-06-25,ETSY,98.3,102.39,96.57,101.28,3737663
2020-06-26,ETSY,102.27,104.28,100.175,102.54,4596980
2020-06-29,ETSY,102.11,103.14,98.8,102.89,3207306
2020-06-30,ETSY,103.26,107.3183,102.71,106.23,4232858
2020-07-01,ETSY,105.5,111.76,105.5,111.21,3273502
2020-07-02,ETSY,113.36,113.42,109.18,110.68,2555559
2020-07-06,ETSY,113.22,115.5014,111.51,112.97,2557146
2020-07-07,ETSY,112.61,114.72,110.795,112.21,2954947
2020-07-08,ETSY,112.93,114.74,109.4848,111.9,3012842
2020-07-09,ETSY,112.15,115.45,111.77,114.51,2289646
2020-07-10,ETSY,113.68,113.995,109.85,111.29,2613410
2020-07-13,ETSY,113,113.75,103.34,104.57,2994270
2020-07-14,ETSY,103.45,104.89,99.17,103.74,3887271
2020-07-15,ETSY,101.81,103.24,99.13,101.97,2855828
2020-07-16,ETSY,100.62,103.9887,99.41,103.34,2080490
2020-07-17,ETSY,104.42,105.49,101.13,102.71,1851129
2020-07-20,ETSY,102.84,107.13,102.84,106.69,2115081
2020-07-21,ETSY,108,108.71,103.76,104.65,1534741
2020-07-22,ETSY,105.22,106.3232,102.66,104.23,1284173
2020-07-23,ETSY,104.97,106.77,100.7,102.46,1456821
2020-07-24,ETSY,100.83,102.73,97.5001,101.59,1378788
2020-07-27,ETSY,102.6029,106.775,101.59,105.95,1986551
2020-07-28,ETSY,105.63,105.68,101.99,102.45,1736426
2020-07-29,ETSY,104,109.06,104,108.69,2766207
2020-07-30,ETSY,107.8919,112.79,107.53,112.38,2305181
2020-07-31,ETSY,116.67,118.48,114.2917,118.38,3721346
2020-08-03,ETSY,121,127.1696,121,126.62,4663225
2020-08-04,ETSY,128.7665,130.08,124.61,129.8,4459901
2020-08-05,ETSY,131.815,136.29,130.36,135.52,9371803
2020-08-06,ETSY,133.68,138.95,126.57,130.66,9819040
2020-08-07,ETSY,131.44,137.78,131,135.06,5898590
2020-08-10,ETSY,139.24,141.41,131.11,134.72,4282410
2020-08-11,ETSY,132.1,132.51,127.1701,127.5,4339070
2020-08-12,ETSY,128.53,128.9299,121.8,122.05,4755497
2020-08-13,ETSY,122.66,131.72,122.5637,128.73,5456920
2020-08-14,ETSY,130.27,130.9899,127.52,129.26,2052611
2020-08-17,ETSY,131.4,131.85,128.565,129.72,2192837
2020-08-18,ETSY,130.21,135.345,128.28,133.01,3556011
2020-08-19,ETSY,132.18,133.76,128.61,131.13,2859077
2020-08-20,ETSY,130.26,131.51,129.03,130.09,5722548
2020-08-21,ETSY,129.9986,133.08,128.51,130.37,2895667
2020-08-24,ETSY,132.4,133.89,127.83,128.74,3876029
2020-08-25,ETSY,127.9535,129.625,124.1528,125.48,3601535
2020-08-26,ETSY,126.35,128.68,125.46,126.91,2499244
2020-08-27,ETSY,127.06,127.608,121.71,122.37,2399141
2020-08-28,ETSY,123,123.32,117.77,119.66,3705014
2020-08-31,ETSY,119.66,120.5799,116.63,119.7,3322819
2020-09-01,ETSY,121.1949,126.05,119.9771,125.05,3047366
2020-09-02,ETSY,128.3,129.94,120.25,124.37,3754431
2020-09-03,ETSY,119.81,121.16,113.33,116.2,4775178
2020-09-04,ETSY,114.23,116.82,103.06,112.04,7500227
2020-09-08,ETSY,113.38,118.2,108.37,110.56,9726339
2020-09-09,ETSY,112.705,114.89,109.43,112.71,4741931
2020-09-10,ETSY,113.48,117.9999,110.2539,110.57,4157753
2020-09-11,ETSY,113.08,116.59,109.94,110.77,4450508
2020-09-14,ETSY,111.77,115,109.39,112.55,4737451
2020-09-15,ETSY,113.48,114,109.16,111.005,3489828
2020-09-16,ETSY,111.1,112.65,108.5382,108.8,2826212
2020-09-17,ETSY,105.29,109.23,104.3,109.23,4116914
2020-09-18,ETSY,110.685,113.29,109.11,111.75,26303632
2020-09-21,ETSY,110.43,116.33,109.7932,116.01,4219502
2020-09-22,ETSY,118,119.75,112.6,119.35,4759898
2020-09-23,ETSY,119.29,121.37,114.05,115.09,4063584
2020-09-24,ETSY,112.55,116.1,109.52,113.68,4339242
2020-09-25,ETSY,113.7,118.685,113.01,118.28,2572561
2020-09-28,ETSY,120.37,123.95,119.19,123.69,3456531
2020-09-29,ETSY,123.61,125.7,121.26,123.23,2622694
2020-09-30,ETSY,123.19,125.59,120.14,121.63,2525432
2020-10-01,ETSY,124.1,133.09,123.25,131.69,5745070
2020-10-02,ETSY,127.49,133.33,127.27,131.63,3783142
2020-10-05,ETSY,132.69,136.84,130.7,136.69,2738278
2020-10-06,ETSY,137,139.26,134.1,134.56,3046548
2020-10-07,ETSY,136.63,143.1,136.45,142.66,3804244
2020-10-08,ETSY,145,145.15,139.16,139.54,3201980
2020-10-09,ETSY,140.7,147.3,140.07,146.67,3358819
2020-10-12,ETSY,149,151.201,146.55,147.38,3279321
2020-10-13,ETSY,148.19,154.73,147.6101,153.2,3357401
2020-10-14,ETSY,153.8,154.88,147.66,149.97,3181476
2020-10-15,ETSY,145.38,150.9,143.45,150.67,2210468
2020-10-16,ETSY,151.98,152.53,147.15,147.59,1765552
2020-10-19,ETSY,148.75,151.8,146.36,148.37,2326264
2020-10-20,ETSY,147.54,150.24,144.51,144.79,2551074
2020-10-21,ETSY,144.62,145.63,132.69,133.01,5555031
2020-10-22,ETSY,133.9,138,132.845,135.94,3332266
2020-10-23,ETSY,136.16,138.43,134.125,137.845,2099718
2020-10-26,ETSY,137.49,143.11,136.2,139.73,3256182
2020-10-27,ETSY,141.48,147.65,141.295,145.78,4580177
2020-10-28,ETSY,143.3,145.145,138.92,139.64,4827555
2020-10-29,ETSY,138.285,138.94,128.13,132.42,7810944
2020-10-30,ETSY,130.51,131.7031,119.71,121.59,5604657
2020-11-02,ETSY,123.2281,127.73,121.57,126.44,3837815
2020-11-03,ETSY,127.9564,131.99,125.5875,130.45,2937173
2020-11-04,ETSY,135.5,138.79,133.5098,136.2,3635934
2020-11-05,ETSY,140,144.95,138.1247,143.64,2741357
2020-11-06,ETSY,143.68,146.6,140.55,146.28,2591103
2020-11-09,ETSY,130.96,134,116.31,121.2,10639292
2020-11-10,ETSY,126.22,126.4,113.4866,119.43,6264807
2020-11-11,ETSY,121.92,131.07,121.79,130.59,5260721
2020-11-12,ETSY,129.64,133.5,125.8101,127.03,3878032
2020-11-13,ETSY,128.55,129.995,123.33,124.92,3484455
2020-11-16,ETSY,122.54,127.24,120.5,125.62,3497720
2020-11-17,ETSY,126.7102,128.94,123.6,128.82,2503297
2020-11-18,ETSY,127.84,129.24,124.7,127.01,2538649
2020-11-19,ETSY,128,134.7,127.445,134.5,3011077
2020-11-20,ETSY,136.52,143.9599,136.265,140.06,4421206
2020-11-23,ETSY,141,143.23,138.22,140.2,2596504
2020-11-24,ETSY,139.99,140.0396,133.65,137.6,3333545
2020-11-25,ETSY,138.63,146.95,138.51,145.09,3551953
2020-11-27,ETSY,148.72,160.6296,148.53,160.55,5023016
2020-11-30,ETSY,161.94,164.64,153.36,160.7,11341614
2020-12-01,ETSY,161.51,161.51,154.1,154.67,3254227
2020-12-02,ETSY,151.375,155.6,150,154.62,2195947
2020-12-03,ETSY,154.49,157.0205,154.2,154.74,2016084
2020-12-04,ETSY,154.13,157.09,153.2219,155.03,1967585
2020-12-07,ETSY,155.5983,158.8799,153.61,156.93,1942480
2020-12-08,ETSY,158.85,167.9155,156.8,163.97,3272537
2020-12-09,ETSY,165.94,167.52,157.6401,159.23,3891022
2020-12-10,ETSY,157.3,167.62,157,165.3,2593618
2020-12-11,ETSY,166.08,171.66,165.72,170.02,3064479
2020-12-14,ETSY,172.25,176.48,169.66,169.97,3072326
2020-12-15,ETSY,172,179.93,170.51,177.8,3380649
2020-12-16,ETSY,173.69,182.78,171.34,182.34,4292726
2020-12-17,ETSY,184.32,192.09,183.33,188.1,4322550
2020-12-18,ETSY,190.59,191.73,184.69,190.76,5352792
2020-12-21,ETSY,189.16,193,184.55,189.2,3033982
2020-12-22,ETSY,191.11,198.5,190.4428,197.38,3383280
2020-12-23,ETSY,196.9,197.38,190.03,190.17,2099294
2020-12-24,ETSY,191.21,193.74,188.08,190.31,1116600
2020-12-28,ETSY,193.58,194,175.84,178.12,4221689
2020-12-29,ETSY,179.645,180,173.69,177.01,2359690
2020-12-30,ETSY,178.3,183.41,176.12,183.18,2125623
2020-12-31,ETSY,183.13,183.38,175.8,177.91,2076858
2021-01-04,ETSY,179.52,181.6,168.2516,172.08,3262013
2021-01-05,ETSY,170.19,175.77,169.0622,174.98,2168224
2021-01-06,ETSY,172.11,173.16,166.33,167.57,2965997
2021-01-07,ETSY,170.3,173.5,167.25,170.79,2785173
2021-01-08,ETSY,172.91,179.73,171.76,175.65,2470361
2021-01-11,ETSY,174.1,187.76,171.02,183.04,3820960
2021-01-12,ETSY,185.06,211.85,184.75,205.15,9358341
2021-01-13,ETSY,204.61,209.04,200.87,207.03,2925015
2021-01-14,ETSY,207.25,221.1199,207,211.52,5038639
2021-01-15,ETSY,211.21,211.99,197.16,204.42,3601478
2021-01-19,ETSY,208.66,221.34,208,221.31,4514986
2021-01-20,ETSY,223.43,225.74,213.72,215.69,3436321
2021-01-21,ETSY,218.55,221.44,212.3,212.54,2939856
2021-01-22,ETSY,211.17,215.145,209.14,213.59,2162690
2021-01-25,ETSY,217,221.44,205.4,208.81,2341403
2021-01-26,ETSY,225.94,226.725,203,204.41,8013785
2021-01-27,ETSY,199.25,205.6501,192,193.37,3648229
2021-01-28,ETSY,196.435,207.1299,193.13,202.41,2986329
2021-01-29,ETSY,201.65,203.6699,193.68,199.09,2271072
2021-02-01,ETSY,201.68,204.615,195.68,203.77,1800745
2021-02-02,ETSY,207.4,213.4241,206.3471,210.29,1976324
2021-02-03,ETSY,211.76,215.1599,208.0186,210.07,1727016
2021-02-04,ETSY,211.7,221.9577,211.7,220.84,3185603
2021-02-05,ETSY,222,239.47,220.32,231.12,3817588
2021-02-08,ETSY,233.14,238.95,226.35,231.69,2993243
2021-02-09,ETSY,229.26,231.65,226.65,229.87,1664306
2021-02-10,ETSY,232.19,232.2438,220.52,225.65,1689639
2021-02-11,ETSY,227.1015,230.04,223.7302,226.05,1521371
2021-02-12,ETSY,227.71,235.1,224.57,233.86,1808207
2021-02-16,ETSY,238.95,239.25,226.095,228.32,2165876
2021-02-17,ETSY,224.92,225,214.07,222.41,2391743
2021-02-18,ETSY,216.05,225.31,215.1041,220.82,1525662
2021-02-19,ETSY,224.09,230.43,223.61,227.27,1828095
2021-02-22,ETSY,222.86,225.66,211.75,213.12,2652226
2021-02-23,ETSY,203.07,211.9193,191,210.75,3646089
2021-02-24,ETSY,209.99,212.8781,202.2647,209.1,2179011
2021-02-25,ETSY,205.085,214,194.77,197.58,3698658
2021-02-26,ETSY,224,232.29,206.37,220.27,11049030
2021-03-01,ETSY,224.57,248.45,223.65,244.58,6681210
2021-03-02,ETSY,243.5,251.86,236.78,238.43,3690857
2021-03-03,ETSY,235.2,238.29,206.79,208.61,7227301
2021-03-04,ETSY,207.51,212.9699,186.99,198.1,6511383
2021-03-05,ETSY,201.01,203.435,179.23,200.3,5644752
2021-03-08,ETSY,199.535,209.56,189.8,190.26,3910121
2021-03-09,ETSY,202.97,210.13,198.8613,206.79,3710006
2021-03-10,ETSY,212.96,215.485,203.25,205.93,2739184
2021-03-11,ETSY,214.97,224,212.725,220.84,3406033
2021-03-12,ETSY,212.28,222.67,205,221.14,2763706
2021-03-15,ETSY,220.53,223.5,216.01,223.23,2578706
2021-03-16,ETSY,226.89,228,210.75,215.98,2451918
2021-03-17,ETSY,208.5,221.19,204.53,218.44,4325439
2021-03-18,ETSY,211.395,219.7179,208.87,209.51,3425564
2021-03-19,ETSY,210.3119,224.107,209.4,215.41,4843251
2021-03-22,ETSY,219.5531,223.1881,217,219.77,3136220
2021-03-23,ETSY,222.6163,231.34,218.09,219.67,3754823
2021-03-24,ETSY,220.85,221,197.87,199.18,3865994
2021-03-25,ETSY,193.33,201.095,190.5,196.2,3432842
2021-03-26,ETSY,197.4944,202.55,193.65,202.32,2667439
2021-03-29,ETSY,203.42,204,195.155,196.31,2026029
2021-03-30,ETSY,192.8,203.66,191,198.87,2648748
2021-03-31,ETSY,202.9,208.49,201.34,201.67,2512635
2021-04-01,ETSY,206.4381,212.14,205.4,208.2,1775484
2021-04-05,ETSY,211.99,211.99,196.13,197.2,3628757
2021-04-06,ETSY,199.4358,208.57,197.3132,206.01,3038845
2021-04-07,ETSY,204.5,205.75,199.275,204.02,2208132
2021-04-08,ETSY,206,216.29,205.795,215.39,3606045
2021-04-09,ETSY,214.24,221.67,212.86,218.57,2723469
2021-04-12,ETSY,216.8725,220.51,214.1,218.13,1878944
2021-04-13,ETSY,222.445,225.84,220.292,224.03,2023614
2021-04-14,ETSY,225.04,227,216.19,218.07,1723242
2021-04-15,ETSY,221.37,223.5,216.31,219.29,1818946
2021-04-16,ETSY,220.3,221.1365,213.6,219.99,1524961
2021-04-19,ETSY,216.875,219.19,211.87,213.19,2236580
2021-04-20,ETSY,212,212.5,200.88,206.86,2768234
2021-04-21,ETSY,204.34,210.82,202.33,209.76,1687036
2021-04-22,ETSY,209.83,215.46,207.503,210.28,1701399
2021-04-23,ETSY,212.6,216.75,211,214.59,1476358
2021-04-26,ETSY,211,212,203.8,205.18,4198922
2021-04-27,ETSY,206.16,210.8,206,207.49,2288762
2021-04-28,ETSY,206.26,212.97,202.5,211.35,1898706
2021-04-29,ETSY,212.28,212.34,201.801,208.8,2316824
2021-04-30,ETSY,206.34,207.95,198.08,198.79,3159133
2021-05-03,ETSY,200.4,200.91,189.27,190.71,3607067
2021-05-04,ETSY,185.11,191.29,183.2,188.45,3529396
2021-05-05,ETSY,190.99,194.99,181.51,184.57,5624593
2021-05-06,ETSY,167.01,170.648,154,157.68,15673731
2021-05-07,ETSY,163.93,165.6166,158.65,165.51,5859709
2021-05-10,ETSY,163.01,170.98,161.78,167.13,5095394
2021-05-11,ETSY,159.55,170.75,158.71,169.84,4016961
2021-05-12,ETSY,165.33,169.07,158.41,159.34,3313614
2021-05-13,ETSY,163.3368,164.5,153.8,156.59,3093211
2021-05-14,ETSY,159.01,163.84,157.14,163.11,2330513
2021-05-17,ETSY,162.674,165.4,160.0601,165.18,1933193
2021-05-18,ETSY,165.81,170.11,164.6,167.25,3103218
2021-05-19,ETSY,164.2979,166.27,161.3901,165.42,2511934
2021-05-20,ETSY,166.28,175.14,166.02,172.36,3159839
2021-05-21,ETSY,173,173.5,167.13,167.56,2527577
2021-05-24,ETSY,169.73,169.9,164.22,165.18,2404438
2021-05-25,ETSY,166.87,170.62,166.43,167.05,1558824
2021-05-26,ETSY,168.2,169.3999,166.56,168.22,1423751
2021-05-27,ETSY,168.61,168.61,162.5,166.74,2984226
2021-05-28,ETSY,166.1,167.855,164.62,164.73,1974421
2021-06-01,ETSY,165.95,167.32,161.8837,163.46,2448887
2021-06-02,ETSY,164.42,176.85,163.6503,175.14,4900644
2021-06-03,ETSY,172.08,172.58,165.11,165.74,3336612
2021-06-04,ETSY,167.41,168.3,162.395,164.18,2270820
2021-06-07,ETSY,164.56,169.5,163.88,168.32,2763692
2021-06-08,ETSY,166.36,171.9,166.36,170.21,2623282
2021-06-09,ETSY,172.175,174.69,167.01,167.3,5125577
2021-06-10,ETSY,167.05,170.03,166.07,167.15,2348209
2021-06-11,ETSY,167.77,168.2427,164.66,165.82,2432152
2021-06-14,ETSY,166.7704,172.1841,166.05,170.3,2668893
2021-06-15,ETSY,171.87,172,163.82,166.06,2633633
2021-06-16,ETSY,167.35,169.29,164.52,167.37,2560995
2021-06-17,ETSY,166.02,172.31,165.52,169.64,2503193
2021-06-18,ETSY,168.99,171.37,167.69,169.82,3505323
2021-06-21,ETSY,169.75,171.8599,165.15,170.79,2134926
2021-06-22,ETSY,170.63,179,170.59,177.98,4224421
2021-06-23,ETSY,179.11,182.21,178.12,179.45,2934801
2021-06-24,ETSY,181.45,184.96,178.77,181.52,2574623
2021-06-25,ETSY,183.77,187.9881,183.1044,184.8,3087618
2021-06-28,ETSY,187.77,199.18,187.77,198.41,4933009
2021-06-29,ETSY,198.81,203.555,195.02,202.53,3828061
2021-06-30,ETSY,202.46,206.62,201.36,205.84,3117147
2021-07-01,ETSY,206.41,207.8416,198.23,199.51,3268495
2021-07-02,ETSY,200.2,202.3932,195.83,197.57,1806084
2021-07-06,ETSY,197.39,199.13,193.08,197.81,2478964
2021-07-07,ETSY,198.54,199.01,190.34,192.9,1795279
2021-07-08,ETSY,186,196.6431,185.1,196.02,1761355
2021-07-09,ETSY,196.41,196.95,193.52,195.09,1606400
2021-07-12,ETSY,196.05,200.03,190.2328,194.3,2697482
2021-07-13,ETSY,193.99,193.99,188,188.5,2543515
2021-07-14,ETSY,189.79,190.58,182.3114,182.86,2855579
2021-07-15,ETSY,182.86,186.6899,179.71,182.3,2368667
2021-07-16,ETSY,183.55,187.48,183.2,184.42,1877988
2021-07-19,ETSY,181.11,192.46,180.24,190.33,2600896
2021-07-20,ETSY,192.5,195.77,187.79,194.87,2118512
2021-07-21,ETSY,194.07,195.92,191.04,195.8,1467901
2021-07-22,ETSY,196.93,202.98,196.93,201.85,2625858
2021-07-23,ETSY,202.23,211.82,199.69,208.86,2789178
2021-07-26,ETSY,207.47,209.25,205.5001,206.05,1588593
2021-07-27,ETSY,205.68,206.36,191.82,199.48,2793414
2021-07-28,ETSY,200.47,204.77,199.27,202.94,1688725
2021-07-29,ETSY,202.34,204.11,197.89,198.98,1429342
2021-07-30,ETSY,190.62,192.55,182.39,183.51,4757123
2021-08-02,ETSY,186.13,192.52,182.61,188.89,2651477
2021-08-03,ETSY,189.37,193.77,187.27,190.46,2600900
2021-08-04,ETSY,192.54,205.89,191.675,202.1,6194512
2021-08-05,ETSY,175,193.3479,174.905,182.41,10977727
2021-08-06,ETSY,183.007,183.32,177.625,178.36,4167142
2021-08-09,ETSY,178,186.7499,177.7984,183.1,3241868
2021-08-10,ETSY,183.22,190.37,183.22,188.46,2804821
2021-08-11,ETSY,187.65,194.25,186.63,193.96,2828416
2021-08-12,ETSY,193.24,196.455,189.48,193.24,1500890
2021-08-13,ETSY,192.53,193,189.5224,192.08,1384124
2021-08-16,ETSY,191.37,192.34,186.76,190.42,2151363
2021-08-17,ETSY,188.27,194.8099,187.59,194.3,2369248
2021-08-18,ETSY,193.83,197.42,190.27,190.8,2115163
2021-08-19,ETSY,189.7,196.9899,188.02,192.28,2567006
2021-08-20,ETSY,192.22,199.32,192.22,199.27,2437731
2021-08-23,ETSY,199.4,200.25,193.56,196.58,2435732
2021-08-24,ETSY,198.65,201.55,194.72,201.4,2080683
2021-08-25,ETSY,201.3,203.79,197.98,202.28,1166378
2021-08-26,ETSY,203,215.98,202.43,212.59,4068576
2021-08-27,ETSY,210,212.84,208.35,210.4,2029131
2021-08-30,ETSY,210.76,218.9562,210.4,217.71,1821708
2021-08-31,ETSY,217.23,217.93,211.57,216.26,1894857
2021-09-01,ETSY,216.59,220.93,215.81,216.78,2161206
2021-09-02,ETSY,217.32,219.5,213.1,213.49,1602935
2021-09-03,ETSY,213.05,221.36,212.4,220.38,1911936
2021-09-07,ETSY,219.965,220,212.08,216.44,2001820
2021-09-08,ETSY,217,217.98,213.39,214.77,1641824
2021-09-09,ETSY,214.33,218.95,214.05,216.63,1346201
2021-09-10,ETSY,219.1,221.86,216.85,217.02,1401281
2021-09-13,ETSY,215.39,215.56,205.39,212.6,1887716
2021-09-14,ETSY,213.09,217.85,212.55,214.31,1518688
2021-09-15,ETSY,214.94,218.695,211.64,217.42,1586955
2021-09-16,ETSY,216.91,224.23,215.9,224.15,1902527
2021-09-17,ETSY,224.34,228.89,223.48,226.98,3405361
2021-09-20,ETSY,219.495,223.2399,213.93,217.66,2328365
2021-09-21,ETSY,220.87,222.45,215.43,220.59,1478922
2021-09-22,ETSY,220.47,221.37,217.3848,219.37,1669618
2021-09-23,ETSY,219.76,225.47,219.17,223.66,2096988
2021-09-24,ETSY,222.0853,223.9699,218.38,222.85,1310536
2021-09-27,ETSY,220.76,226,219.5,225.78,1554614
2021-09-28,ETSY,222.49,224.19,207.77,212.35,2694781
2021-09-29,ETSY,213.865,215.45,205.07,205.3,1921340
2021-09-30,ETSY,206.59,211.18,206.375,207.96,1997520
2021-10-01,ETSY,206.77,208.33,198.51,204.37,1995595
2021-10-04,ETSY,200.27,201.15,194.37,198.72,1882085
2021-10-05,ETSY,200.06,204.93,198.8,203.64,1286543
2021-10-06,ETSY,201.59,209.66,201,209.53,1539473
2021-10-07,ETSY,212.15,219.12,211.01,216.52,1802581
2021-10-08,ETSY,216.43,219.4874,211.25,212.02,1695419
2021-10-11,ETSY,210.28,210.65,202.17,202.34,2212317
2021-10-12,ETSY,204.76,214.86,203.0501,213.14,2236218
2021-10-13,ETSY,214.87,216.75,212.43,213.75,1032607
2021-10-14,ETSY,216.15,221.14,215.72,215.9,1378509
2021-10-15,ETSY,218,222.08,216.625,221.09,1389544
2021-10-18,ETSY,220.94,230.843,219.29,228,2519494
2021-10-19,ETSY,228.29,230.15,226.185,226.41,1432358
2021-10-20,ETSY,228,233.275,224.84,233.12,1997052
2021-10-21,ETSY,232.61,238.7261,231.12,235.98,1735163
2021-10-22,ETSY,232.66,242.45,232.66,241.27,1855252
2021-10-25,ETSY,243.5,253.05,243.5,252.57,3496301
2021-10-26,ETSY,252.58,255.76,244.85,247.52,2161821
2021-10-27,ETSY,247.52,250.02,242.52,243.89,1592431
2021-10-28,ETSY,238.78,246.15,234.42,242.75,3192854
2021-10-29,ETSY,239.47,252.7635,238.14,250.69,1817859
2021-11-01,ETSY,250.94,251.99,240.82,243.62,2291671
2021-11-02,ETSY,243.66,244.48,236.31,240.63,2359926
2021-11-03,ETSY,243.08,245.4,235.19,239.62,3812568
2021-11-04,ETSY,236.07,283.4,236.07,271.27,7772896
2021-11-05,ETSY,261.98,270.94,256.5843,260.12,2710097
2021-11-08,ETSY,264.38,269.27,260.69,260.86,2259227
2021-11-09,ETSY,263.315,265.47,253.03,258.67,1869068
2021-11-10,ETSY,257,257.5,243.38,248.58,1782865
2021-11-11,ETSY,252,255.746,250.92,253.34,973096
2021-11-12,ETSY,256.06,273,254.25,272.15,2741788
2021-11-15,ETSY,272.39,279.49,270.625,272.72,2182485
2021-11-16,ETSY,272.755,290.78,270.05,286.75,2701810
2021-11-17,ETSY,287.5948,294.36,280.2,282.32,1494861
2021-11-18,ETSY,285.24,291.4499,281.35,290.27,1867099
2021-11-19,ETSY,295.8732,299.8,293.46,294.38,2283471
2021-11-22,ETSY,295.61,301,275.26,279.24,2538975
2021-11-23,ETSY,281.51,290.86,276.01,279.53,2839122
2021-11-24,ETSY,283.01,298.18,276.21,296.91,3254207
2021-11-26,ETSY,305.06,307.75,290.27,291.38,1780331
2021-11-29,ETSY,291.39,292.84,278.69,281.48,2207084
2021-11-30,ETSY,282.42,288.8388,273.97,274.58,4008942
2021-12-01,ETSY,277.8728,279.23,258.8668,259.28,2553138
2021-12-02,ETSY,249.03,255.98,243.03,249.56,3270405
2021-12-03,ETSY,249.18,250.49,224.51,231.33,4266733
2021-12-06,ETSY,228.66,231.04,220.324,224.9,2385478
2021-12-07,ETSY,235,245.77,233.72,237.45,3100685
2021-12-08,ETSY,238.65,247.85,233.6,246,2417062
2021-12-09,ETSY,246,247.48,232.51,234.4,1565022
2021-12-10,ETSY,235,236.15,222.76,225.28,1868760
2021-12-13,ETSY,223.9852,224.78,213.25,219.72,1862916
2021-12-14,ETSY,212.69,218.89,209.765,217.66,2010448
2021-12-15,ETSY,220.31,229.41,213.57,229.13,3382113
2021-12-16,ETSY,228.79,230.78,215,218.29,2422000
2021-12-17,ETSY,216.31,226.1339,211.36,221.6,3183729
2021-12-20,ETSY,217,220.695,212.65,218.48,1417909
2021-12-21,ETSY,223.29,225.895,216.06,224.78,1556789
2021-12-22,ETSY,224.36,228.65,219.73,225.1,1228526
2021-12-23,ETSY,225.48,229.3,220.77,228.09,1225982
2021-12-27,ETSY,230.72,232.98,226.725,229.67,1460160
2021-12-28,ETSY,231.83,231.9635,219.43,221.73,1088807
2021-12-29,ETSY,222.95,224,215.19,221.91,1126612
2021-12-30,ETSY,221.15,226.4101,221.045,222.01,875943
2021-12-31,ETSY,222.01,224.73,217.92,218.94,1298942
2022-01-03,ETSY,222.35,223.22,209.66,209.93,2603925
2022-01-04,ETSY,205.92,207.39,194.01,200.99,3700137
2022-01-05,ETSY,199.645,200,186.2401,188.35,3550589
2022-01-06,ETSY,185.94,198.242,182.0601,196.95,4720649
2022-01-07,ETSY,195.34,198.24,184.67,185.15,2846825
2022-01-10,ETSY,181.48,183.94,172.61,183.71,3623725
2022-01-11,ETSY,182.44,186.1142,179.44,182.81,1935505
2022-01-12,ETSY,185.66,187.8799,174.69,178.06,2141179
2022-01-13,ETSY,179.19,179.55,166.44,166.8,2660511
2022-01-14,ETSY,164.92,169.04,159.8,163.7,3160662
2022-01-18,ETSY,161.24,166.7,158.2,163.49,3291689
2022-01-19,ETSY,162.17,167.99,161.92,163.14,2908045
2022-01-20,ETSY,171.14,172.36,158.75,159.29,3123522
2022-01-21,ETSY,157.95,159.36,148.21,148.85,4310186
2022-01-24,ETSY,140.57,155.15,136,154.06,7392865
2022-01-25,ETSY,150.57,153.41,142.42,145.13,3499429
2022-01-26,ETSY,152.16,153.8,139.5,141.3,3621020
2022-01-27,ETSY,144.73,148.22,138.88,139.54,2505892
2022-01-28,ETSY,141.22,145.99,138.5,145.95,3137198
2022-01-31,ETSY,146.62,157.42,146.33,157.08,3465217
2022-02-01,ETSY,158.9618,159.3882,149.68,152.16,3371642
2022-02-02,ETSY,153.315,155.3,135.2786,138.04,6245568
2022-02-03,ETSY,133.745,135.86,125.37,126.96,7790848
2022-02-04,ETSY,131.245,136.34,126.525,133.67,4903730
2022-02-07,ETSY,133.7,140.79,133.4,135.66,3146023
2022-02-08,ETSY,134.64,141.77,133.81,141.23,3001168
2022-02-09,ETSY,144.31,146.93,142.35,146.61,2372953
2022-02-10,ETSY,142.27,148.84,140.77,143.03,2052752
2022-02-11,ETSY,144.19,145.65,140.2101,141.77,2131351
2022-02-14,ETSY,141.71,145.82,140.2,142.65,1988447
2022-02-15,ETSY,146,148.26,142.66,148.24,2023086
2022-02-16,ETSY,145.32,145.4689,138.157,140.41,3141639
2022-02-17,ETSY,138.275,139.16,131.54,132.17,2542000
2022-02-18,ETSY,131.5027,132.69,125.84,127.3,3116998
2022-02-22,ETSY,128.18,129.77,120.71,121.34,4083174
2022-02-23,ETSY,123.3,125.75,115.89,116.51,5354825
2022-02-24,ETSY,111.5,129.8,109.38,128.16,9304339
2022-02-25,ETSY,146.888,152.23,131.25,148.94,19472356
2022-02-28,ETSY,148.71,157.43,147,154.89,6287314
2022-03-01,ETSY,156.12,162.94,155,157.53,5566608
2022-03-02,ETSY,157.99,162.9971,152.83,162.03,3674719
2022-03-03,ETSY,160.91,163.84,155.97,159.78,3748956
2022-03-04,ETSY,158.6,161,149.72,151.57,3344647
2022-03-07,ETSY,152.99,154.4034,136.97,137.49,4217680
2022-03-08,ETSY,137.47,144.75,132.91,138.43,3539504
2022-03-09,ETSY,141.78,145.37,139.05,144.72,3230462
2022-03-10,ETSY,143.4,144.53,133.28,136.98,2599857
2022-03-11,ETSY,136.62,137.1325,121.15,121.23,5990274
2022-03-14,ETSY,120.85,127.18,117.38,118.32,3914228
2022-03-15,ETSY,119,125.63,117.4,124.98,3233315
2022-03-16,ETSY,127.99,134.05,126.68,133.81,3232230
2022-03-17,ETSY,132.24,141.889,131.02,141.68,2586203
2022-03-18,ETSY,140.53,149.725,140.28,148,5183227
2022-03-21,ETSY,146.42,148.29,139.44,142.27,2894447
2022-03-22,ETSY,142.66,151.4973,142.0401,148.25,2994381
2022-03-23,ETSY,145,149.21,141.44,142.47,2502876
2022-03-24,ETSY,143.24,143.97,136.595,140.96,2045098
2022-03-25,ETSY,141.43,141.46,129.75,132.32,3404377
2022-03-28,ETSY,134.7,139.02,131.1,138.54,2443889
2022-03-29,ETSY,138.99,144.94,137.8601,142.92,3084723
2022-03-30,ETSY,140.05,141.84,134.16,134.56,3160660
2022-03-31,ETSY,134.14,134.905,124.23,124.28,3805932
2022-04-01,ETSY,126.23,128.385,122.53,127.05,2961478
2022-04-04,ETSY,128.58,138.88,126.14,136.17,3783120
2022-04-05,ETSY,135.42,136.87,128.61,130.21,3279960
2022-04-06,ETSY,128.18,128.23,121.39,125.47,3524702
2022-04-07,ETSY,124.675,128.87,118.91,120.95,4815643
2022-04-08,ETSY,120.18,120.78,114.57,116.58,3666782
2022-04-11,ETSY,115.13,119.7,113.03,117.22,2933304
2022-04-12,ETSY,120.18,122.455,111.7601,112.95,3013823
2022-04-13,ETSY,112.25,118.71,111.21,117.47,2446391
2022-04-14,ETSY,115.825,117.235,112.74,115.79,3780224
2022-04-18,ETSY,115.33,115.5,105.8,110.47,4528180
2022-04-19,ETSY,110.22,118.7398,109.229,115.29,4065133
2022-04-20,ETSY,114.29,114.29,104.705,107.41,4829128
2022-04-21,ETSY,109.99,109.99,100.32,101.79,4071818
2022-04-22,ETSY,102.435,103.52,97.46,98.41,3623006
2022-04-25,ETSY,96.845,103.2,96.59,102.06,3976352
2022-04-26,ETSY,101.04,102.65,97.1,100.11,4297469
2022-04-27,ETSY,98.99,102.25,95.7731,97.55,4283818
2022-04-28,ETSY,100.63,103.37,94.395,101.88,5491444
2022-04-29,ETSY,97,102.26,92.86,93.19,7090319
2022-05-02,ETSY,92.32,97.22,90.625,97.07,5640038
2022-05-03,ETSY,96.74,103.47,95.09,100.53,5615439
2022-05-04,ETSY,100,110.95,96.1011,109.33,8693731
2022-05-05,ETSY,94.26,95.3,88.88,90.93,15386155
2022-05-06,ETSY,89.67,90.8799,81.115,86.38,9282126
2022-05-09,ETSY,85.08,88.965,82.41,86.4,8281549
2022-05-10,ETSY,89.31,92.67,81.565,84.06,6098531
2022-05-11,ETSY,83.73,86.49,77.04,77.81,8269441
2022-05-12,ETSY,77.36,89.8797,75.61,87.86,10579175
2022-05-13,ETSY,90,94.58,88.54,92.08,5783197
2022-05-16,ETSY,91,92.4,86.25,86.62,4384454
2022-05-17,ETSY,89.19,91.12,84.18,88.06,4480036
2022-05-18,ETSY,85.05,85.05,77.0976,78.84,6025942
2022-05-19,ETSY,78.39,82.36,76,79.24,7341900
2022-05-20,ETSY,81.17,81.27,74.66,78.34,4880538
2022-05-23,ETSY,77.87,78,72.66,76.07,4663175
2022-05-24,ETSY,73.715,74.24,68.399,70.21,5986800
2022-05-25,ETSY,70.365,74.47,69.67,71.59,5597316
2022-05-26,ETSY,72.26,78.71,71.25,78.25,4772842
2022-05-27,ETSY,79.1,82.24,79,82.15,3295215
2022-05-31,ETSY,82.95,84.8545,80.02,81.12,6307299
2022-06-01,ETSY,83.38,84.7912,79.52,80.94,4080001
2022-06-02,ETSY,81.44,87.94,80.81,87.29,3780123
2022-06-03,ETSY,84.49,84.94,80.3935,80.98,3927123
2022-06-06,ETSY,82.19,84.99,81.02,83.83,2831323
2022-06-07,ETSY,80.98,82.58,78.75,81.48,3789381
2022-06-08,ETSY,82.32,87.02,81.79,84.88,4137092
2022-06-09,ETSY,83.95,85.94,82.2335,83.07,2586614
2022-06-10,ETSY,79.96,81.67,75.29,75.84,4330773
2022-06-13,ETSY,72.16,74.4,69.74,71.37,4630546
2022-06-14,ETSY,71.57,73.84,70.11,71.61,3426757
2022-06-15,ETSY,72.57,77.33,72.071,76.05,3881030
2022-06-16,ETSY,71.615,71.86,67.01,69,6016975
2022-06-17,ETSY,69.5,74.3199,69.43,72.11,7379442
2022-06-21,ETSY,73.335,75.8791,71.4498,71.81,3267856
2022-06-22,ETSY,70.77,75.29,70.565,74.09,2790341
2022-06-23,ETSY,74.5,79.61,74.475,78.73,3363421
2022-06-24,ETSY,80,83.65,79.61,83.62,3222744
2022-06-27,ETSY,82.08,84.13,78.65,80.65,4921037
2022-06-28,ETSY,79.11,80.5,73.946,74.04,3937281
2022-06-29,ETSY,73.08,75.4,71.3,74.8,2682460
2022-06-30,ETSY,74.58,74.78,70.4602,73.21,3714162
2022-07-01,ETSY,74.73,80.75,74.7,79.81,5654946
2022-07-05,ETSY,79.09,88.37,77.59,88.24,6088066
2022-07-06,ETSY,88.1,91.58,85.21,85.94,4285338
2022-07-07,ETSY,85.09,90.21,84.3,89.65,4031651
2022-07-08,ETSY,87.57,90.67,86.38,88.75,3050245
2022-07-11,ETSY,87.1,87.8,84.1528,86.07,2604450
2022-07-12,ETSY,87.76,89.67,84.5625,85.59,3038758
2022-07-13,ETSY,83.22,85.78,81.58,83.21,4756234
2022-07-14,ETSY,83.29,83.59,78.24,79.73,4338368
2022-07-15,ETSY,80.19,83.21,78.33,82.5,4152712
2022-07-18,ETSY,84.25,88.105,83.79,84.72,4293567
2022-07-19,ETSY,86.17,88.135,83.93,87.44,2414805
2022-07-20,ETSY,87.88,93.06,86.92,92.66,4274824
2022-07-21,ETSY,92.59,97.03,91.23,96.87,4720367
2022-07-22,ETSY,96.24,102.12,95.94,97.11,6949970
2022-07-25,ETSY,96.21,97.92,93.6201,96.47,4609015
2022-07-26,ETSY,91.05,94.27,90.165,93.3,4816259
2022-07-27,ETSY,96.67,98.12,93.51,95.5,7675953
2022-07-28,ETSY,100.67,106.6599,100.3,104.92,9963036
2022-07-29,ETSY,104.11,107.39,102.035,103.72,4485511
2022-08-01,ETSY,101.85,106.88,101.12,103.61,3296982
2022-08-02,ETSY,101.78,105.15,101.34,104.44,2837039
2022-08-03,ETSY,106.25,109.73,104.56,108.5,3402612
2022-08-04,ETSY,109.16,110.69,107.3601,109.33,2606883
2022-08-05,ETSY,105.73,111.98,104.82,109.38,2511711
2022-08-08,ETSY,109.33,117.06,109.33,111.98,3228156
2022-08-09,ETSY,109.5,111.1,107.5101,108.87,3221172
2022-08-10,ETSY,114,116.94,112.96,116.9,3927239
2022-08-11,ETSY,119.57,120.69,113.49,114.68,4170905
2022-08-12,ETSY,116.8,120.19,115.81,119.91,2971251
2022-08-15,ETSY,118.005,119.66,116.4961,117.61,2554998
2022-08-16,ETSY,117.96,123.03,116.21,120.86,3352440
2022-08-17,ETSY,118.62,119,115.81,116.91,2659909
2022-08-18,ETSY,116.8,116.84,112.97,114.45,2510100
2022-08-19,ETSY,111.8,112.49,105.28,107.01,3813744
2022-08-22,ETSY,104.46,106.37,102.52,103.74,2753340
2022-08-23,ETSY,103.5,105.84,102.56,103.74,1802208
2022-08-24,ETSY,105.26,107.81,104.2346,105.9,2038513
2022-08-25,ETSY,107.12,108.65,105.3131,108.32,1618580
2022-08-26,ETSY,109.57,111.24,103.52,104.25,2608482
2022-08-29,ETSY,101.58,106.86,101.23,104.52,1854271
2022-08-30,ETSY,106.48,109,102.74,105.78,2353576
2022-08-31,ETSY,106.35,108.59,104.86,105.61,2059793
2022-09-01,ETSY,103.07,107.19,100.855,106.13,2771664
2022-09-02,ETSY,109.19,109.34,104.15,105.72,2638679
2022-09-06,ETSY,105.65,106.09,100.91,103.86,2401339
2022-09-07,ETSY,104.44,107.94,102.75,107.36,2316541
2022-09-08,ETSY,105.06,108.87,104.67,108.3,1829642
2022-09-09,ETSY,108.95,111.73,108.65,110.42,2402085
2022-09-12,ETSY,111.04,114.8,110.84,114.08,2461810
2022-09-13,ETSY,108.015,108.4299,105.83,107.06,2566498
2022-09-14,ETSY,107.98,111.365,105.53,111.23,2772866
2022-09-15,ETSY,110.86,114.0841,110.23,112.35,2383429
2022-09-16,ETSY,109.25,111.15,106.3685,108.03,4212389
2022-09-19,ETSY,106.86,111.92,106.81,111.78,2870892
2022-09-20,ETSY,110.15,110.71,103.83,103.97,2884553
2022-09-21,ETSY,104.65,109.065,102.68,104.07,2065624
2022-09-22,ETSY,102.87,104,96.851,97.49,3104336
2022-09-23,ETSY,95.925,97.83,94.4,96.47,3332659
2022-09-26,ETSY,96.07,98.77,94.16,94.3,2482054
2022-09-27,ETSY,96.9,98.5,94.48,96.73,2658762
2022-09-28,ETSY,96.3975,102.96,96.3975,102.15,2165247
2022-09-29,ETSY,99.071,102.16,99,101.52,2947686
2022-09-30,ETSY,100,104.03,99.1,100.13,2848440
2022-10-03,ETSY,100.81,106.005,100.66,104.99,3057726
2022-10-04,ETSY,108.57,110.77,107.37,110.2,3184941
2022-10-05,ETSY,108.77,113.57,107.64,112.33,2710852
2022-10-06,ETSY,112.89,116.8005,112.745,115.11,2582589
2022-10-07,ETSY,111.48,112.785,109.57,110.44,1980345
2022-10-10,ETSY,111.21,111.79,106.71,108.97,3202334
2022-10-11,ETSY,107.87,109.63,101.51,105.6,3383222
2022-10-12,ETSY,106.77,108.25,102.89,106.16,2414767
2022-10-13,ETSY,99.28,99.81,91.7001,96.32,9547648
2022-10-14,ETSY,98.57,101.52,92.105,92.45,3625146
2022-10-17,ETSY,95.22,98.81,94.36,98.12,3108873
2022-10-18,ETSY,102.745,104.28,100.04,100.48,3701135
2022-10-19,ETSY,99.22,99.29,93.6118,94.33,3191046
2022-10-20,ETSY,93.89,99.75,93.785,97.44,2965743
2022-10-21,ETSY,96.58,101.17,94.4,100.91,2844696
2022-10-24,ETSY,100.33,102.46,96.78,102.07,2026811
2022-10-25,ETSY,102.09,104.475,100.31,103.24,3227916
2022-10-26,ETSY,101.38,106.2,100.02,101.4,2710711
2022-10-27,ETSY,102.75,103.75,100,100.91,3098924
2022-10-28,ETSY,95.97,100,94.35,97.91,4403307
2022-10-31,ETSY,97.995,100,93.17,93.91,3152552
2022-11-01,ETSY,96.1,97.3481,90.95,91.43,3039761
2022-11-02,ETSY,91.98,92.47,87.24,87.54,5296750
2022-11-03,ETSY,91.33,101.82,90.43,100.03,12890859
2022-11-04,ETSY,101.58,103.06,93.8716,98.35,6298635
2022-11-07,ETSY,100.19,100.92,96.01,99.19,3364412
2022-11-08,ETSY,100.27,103.28,97.87,101.78,3126045
2022-11-09,ETSY,100.26,100.98,94.88,94.96,2384642
2022-11-10,ETSY,101,110.36,101,110.21,4270198
2022-11-11,ETSY,109.39,116.6,109.035,115.64,3720322
2022-11-14,ETSY,114.31,123.68,113.99,119.74,5624236
2022-11-15,ETSY,124.76,127.28,121.25,125.31,4536884
2022-11-16,ETSY,120.09,122.22,118.27,119.72,4082532
2022-11-17,ETSY,116.91,117.35,112.065,114.37,3097523
2022-11-18,ETSY,116.62,116.85,112.09,113.92,2226784
2022-11-21,ETSY,112.2,119.3463,111.37,114.94,3737825
2022-11-22,ETSY,115.64,119.48,114,119.29,3158226
2022-11-23,ETSY,120.06,122.1438,117.47,119.99,1877285
2022-11-25,ETSY,118.39,120.61,117.49,120.31,785031
2022-11-28,ETSY,120.2,123.37,118.55,119.48,2586352
2022-11-29,ETSY,120.87,122.42,119.2836,121.88,2608991
2022-11-30,ETSY,123,132.6,121.67,132.09,4845930
2022-12-01,ETSY,132.86,139.97,132.15,139.39,4485267
2022-12-02,ETSY,136.16,141.96,135.42,140.49,2831463
2022-12-05,ETSY,139.28,142.53,135.89,137.21,3236810
2022-12-06,ETSY,137.56,139.05,132.955,135.01,2709288
2022-12-07,ETSY,134.1,136,127.8067,130.13,2898558
2022-12-08,ETSY,131.78,135.6793,129.65,134.5,2180677
2022-12-09,ETSY,130.785,134.5,126.57,126.78,3032365
2022-12-12,ETSY,125.75,129.58,124.17,129.52,2218566
2022-12-13,ETSY,138.44,138.95,130.13,131.6,2786434
2022-12-14,ETSY,132.16,135.48,131.11,132.03,2695566
2022-12-15,ETSY,128.64,128.99,124.28,125.97,2770842
2022-12-16,ETSY,124.73,127.2,124.18,126.32,4300565
2022-12-19,ETSY,126.41,129.12,124.96,125.91,2151460
2022-12-20,ETSY,125.24,127.63,123.19,127.1,1857051
2022-12-21,ETSY,130.195,135.05,129.94,134.33,3374446
2022-12-22,ETSY,132.29,132.5,123.5501,127.35,2371445
2022-12-23,ETSY,126.8,127.733,124.01,126.94,1353907
2022-12-27,ETSY,126.03,126.4899,121.23,121.34,1843264
2022-12-28,ETSY,120.4,121.78,118.92,120.4,1824918
2022-12-29,ETSY,122.01,124.12,120.12,122.68,1661797
2022-12-30,ETSY,119.23,120.91,117.86,119.78,2153825
2023-01-03,ETSY,121.51,122.41,111.83,113.56,3409690
2023-01-04,ETSY,116.78,119,113.56,117.11,3551287
2023-01-05,ETSY,116.29,120.52,114.95,119.56,2744246
2023-01-06,ETSY,119.23,121.97,115.77,120.59,2107744
2023-01-09,ETSY,122.73,124.27,120.62,120.99,2237934
2023-01-10,ETSY,120.79,127.34,120.32,126.93,2924018
2023-01-11,ETSY,128.41,135.28,127.99,134.69,4909521
2023-01-12,ETSY,133.44,134.44,128.15,131.63,3314379
2023-01-13,ETSY,130.4,136.145,130.17,134.67,3924253
2023-01-17,ETSY,134.5,136.91,132.5,132.51,2892276
2023-01-18,ETSY,135.06,136.1671,130.74,131.44,2458280
2023-01-19,ETSY,130.47,132.89,127.8305,128.97,1687518
2023-01-20,ETSY,129.58,132.26,127.53,131.82,2475491
2023-01-23,ETSY,132.75,140,132.11,139.12,2782376
2023-01-24,ETSY,138.02,139.31,135.5,136.68,3052857
2023-01-25,ETSY,133.06,136.49,131.93,135.86,1926766
2023-01-26,ETSY,138.915,140.46,134.29,134.54,2394199
2023-01-27,ETSY,131.432,139.09,129.3,137.8,3044666
2023-01-30,ETSY,136.44,139.83,134.24,134.7,2363051
2023-01-31,ETSY,135.6,139.08,135.6,137.58,2143940
2023-02-01,ETSY,137.58,140.46,134.12,139.58,3181753
2023-02-02,ETSY,143,148.23,142.14,148.2,3777186
2023-02-03,ETSY,143.3,149.91,142.42,147.5,2686522
2023-02-06,ETSY,145.56,147.7888,143.82,144.54,1394760
2023-02-07,ETSY,144,145.68,139.7,145.03,1706784
2023-02-08,ETSY,144.28,145.74,142.21,144.02,1473188
2023-02-09,ETSY,145.2,145.515,137.02,137.56,2489883
2023-02-10,ETSY,136.145,136.34,131.21,132.13,2868030
2023-02-13,ETSY,131.99,136.25,128.57,134.75,2517299
2023-02-14,ETSY,134.11,137.42,130.99,133.75,2331779
2023-02-15,ETSY,133,143.15,132.79,142.26,3058132
2023-02-16,ETSY,138.34,140.16,129.92,130.31,5292783
2023-02-17,ETSY,130.4,131.46,127.1583,129.68,4314098
2023-02-21,ETSY,126.76,131.33,124.36,124.845,3415630
2023-02-22,ETSY,125.425,129.2495,124.435,128.45,5040872
2023-02-23,ETSY,131.827,133.49,120.21,131.58,8601146
2023-02-24,ETSY,127.89,129.05,123.58,124.105,3577230
2023-02-27,ETSY,123.84,124.4,119.74,120.6,3736721
2023-02-28,ETSY,121.4,123.28,120.08,121.41,1886779
2023-03-01,ETSY,120.53,121.07,116.2708,118.28,3440624
2023-03-02,ETSY,117.05,119.72,116.51,118.46,2951664
2023-03-03,ETSY,119.38,122.4,119.005,121.42,2997769
2023-03-06,ETSY,122.05,122.41,118.58,118.78,2843557
2023-03-07,ETSY,119.09,122.5095,114.8201,115.89,3927468
2023-03-08,ETSY,112.67,113.32,107.96,113.18,7098123
2023-03-09,ETSY,107.4,110.41,105.14,107.74,6967534
2023-03-10,ETSY,107.34,107.745,103.46,105.98,4762006
2023-03-13,ETSY,103.015,106.37,99.24,103.71,5646036
2023-03-14,ETSY,106.755,107,101.1499,102.79,3300693
2023-03-15,ETSY,101.73,105.1999,100.16,104.74,3586698
2023-03-16,ETSY,102.82,105.21,101.11,104.43,3549791
2023-03-17,ETSY,104.04,105.84,103.39,105.34,3176030
2023-03-20,ETSY,104.43,108.605,103.34,108.36,3988229
2023-03-21,ETSY,109.95,113.12,109.4399,112.71,3455981
2023-03-22,ETSY,113.34,115.2999,110.82,110.96,2539879
2023-03-23,ETSY,113.28,116.15,109.68,110.09,3518107
2023-03-24,ETSY,109,109.1161,105.11,106.85,2769985
2023-03-27,ETSY,107.45,107.45,103.24,104.88,3083917
2023-03-28,ETSY,105.61,107.18,104.94,105.06,2012083
2023-03-29,ETSY,106.46,107.81,105.18,107.67,1635805
2023-03-30,ETSY,109.99,110.965,107.88,108.78,2384929
2023-03-31,ETSY,109.21,111.61,108.61,111.33,2673429
2023-04-03,ETSY,110.45,110.715,105.88,108.25,2409968
2023-04-04,ETSY,114.71,114.73,109.295,109.64,4973456
2023-04-05,ETSY,108.72,108.7957,104.4,105.27,2723480
2023-04-06,ETSY,103.96,104.725,100.74,104.06,3123794
2023-04-10,ETSY,103.64,104.36,101.66,103.04,2787294
2023-04-11,ETSY,102.74,104.67,101.81,103.64,1903396
2023-04-12,ETSY,105.224,105.29,99.41,100.16,2887288
2023-04-13,ETSY,101.5,101.9889,99.79,100.72,2788188
2023-04-14,ETSY,100.34,103.63,99.67,102.53,2749848
2023-04-17,ETSY,102.49,103.55,102.075,103.12,1824646
2023-04-18,ETSY,104.25,104.73,101.89,102.17,1973568
2023-04-19,ETSY,100.62,103.4999,100.5,102.38,2383822
2023-04-20,ETSY,100.76,104.93,100.6,102.24,2673885
2023-04-21,ETSY,102.45,103.17,101.3368,102.05,2277266
2023-04-24,ETSY,102.63,103.25,101.565,102.84,2708494
2023-04-25,ETSY,101.73,102.32,98.11,98.37,2132965
2023-04-26,ETSY,99.35,100.64,97.35,97.77,2237589
2023-04-27,ETSY,100.215,101.38,99.24,100.49,3125153
2023-04-28,ETSY,100.69,101.2,98.71,101.03,2525708
2023-05-01,ETSY,100.36,100.91,95.44,96.27,3951377
2023-05-02,ETSY,94.56,99.64,94.38,99.19,3590548
2023-05-03,ETSY,99.19,102.31,98.06,98.965,6566558
2023-05-04,ETSY,96.54,96.845,90.74,92.55,8317879
2023-05-05,ETSY,93.7,95.865,89.14,90,6998177
2023-05-08,ETSY,90.13,95.49,90.06,92.78,4802429
2023-05-09,ETSY,91.84,93.42,91.6185,92.71,2520257
2023-05-10,ETSY,94.08,95.68,92.6522,94.84,2616644
2023-05-11,ETSY,95.13,96.56,94.03,96.36,2263491
2023-05-12,ETSY,96.61,97.89,94.105,94.68,3788194
2023-05-15,ETSY,94.17,98.11,93.5001,97.85,4106319
2023-05-16,ETSY,95.01,95.17,91.34,92.65,3884919
2023-05-17,ETSY,92.63,96.49,91.0926,94.99,3457562
2023-05-18,ETSY,94.64,94.694,90.85,92.39,4320849
2023-05-19,ETSY,92.5,92.5,88.23,89.1,4037453
2023-05-22,ETSY,88.95,90.785,88,90.02,3304900
2023-05-23,ETSY,89.49,90.775,87.92,88.03,3170250
2023-05-24,ETSY,88.25,88.6911,86,87.66,2221465
2023-05-25,ETSY,87.76,88.4,84.92,86.23,2389348
2023-05-26,ETSY,86.68,87.34,84.955,85.53,3456948
2023-05-30,ETSY,86.13,86.28,82.375,82.49,3378193
2023-05-31,ETSY,82.23,83.55,80.44,81.05,5132745
2023-06-01,ETSY,81.25,82.5799,80.7,81.99,3398195
2023-06-02,ETSY,83.34,86.24,82.8,85.01,3539625
2023-06-05,ETSY,84.86,87.07,84.57,85.25,2741043
2023-06-06,ETSY,85.26,91.8,85.22,90.05,4287596
2023-06-07,ETSY,91.79,92.7399,87.305,87.57,3304495
2023-06-08,ETSY,86.39,87.9799,84.74,87.56,2715775
2023-06-09,ETSY,91.87,93.59,90.4,91.24,5604726
2023-06-12,ETSY,91.89,91.895,87.64,90.51,3499488
2023-06-13,ETSY,91.26,93.51,89.85,92.84,3586550
2023-06-14,ETSY,93.12,95.5,92.54,95.06,3067653
2023-06-15,ETSY,94.42,96.65,93.37,95.97,2425100
2023-06-16,ETSY,96.46,96.5,93.3224,94.6,4247954
2023-06-20,ETSY,95.11,98,94.78,96.19,3249148
2023-06-21,ETSY,95.66,97.03,93.922,94.63,2982881
2023-06-22,ETSY,93.78,93.845,91.21,92.14,2841793
2023-06-23,ETSY,91.28,91.92,88.81,88.93,4755107
2023-06-26,ETSY,88.64,89.65,84.5,84.57,4037667
2023-06-27,ETSY,85.15,87.85,85.0901,87.49,2525885
2023-06-28,ETSY,87.26,88.8772,86.04,87.45,1998577
2023-06-29,ETSY,87.49,87.9499,84.94,85.73,1954462
2023-06-30,ETSY,86.68,86.785,84.21,84.61,3067311
2023-07-03,ETSY,85.25,85.83,83.85,85.4,2194207
2023-07-05,ETSY,84.89,85.36,82.4,85.15,3321987
2023-07-06,ETSY,83.06,83.955,81.96,82.91,2928959
2023-07-07,ETSY,83,83.9299,82.6,82.76,3143370
2023-07-10,ETSY,82.28,85.86,81.9,85.83,2527151
2023-07-11,ETSY,88.76,94.82,88.695,93.71,6238155
2023-07-12,ETSY,95.27,95.43,91.49,91.5,3060220
2023-07-13,ETSY,92.85,94.54,92.29,93.15,3045062
2023-07-14,ETSY,92.32,93.24,91.12,92.25,2597984
2023-07-17,ETSY,91.5,93.67,90.22,93.4,1714936
2023-07-18,ETSY,93.515,96.29,93.15,93.33,2077192
2023-07-19,ETSY,93.82,97.02,93.6901,96.09,3088499
2023-07-20,ETSY,94.73,95.05,92.46,93.07,2351471
2023-07-21,ETSY,96.92,101.96,96.7161,96.74,5530251
2023-07-24,ETSY,96.61,97.67,94.5,96.54,2446378
2023-07-25,ETSY,97.16,97.6,94.5,94.99,2014491
2023-07-26,ETSY,94.88,97.56,94.87,96.39,1923619
2023-07-27,ETSY,97.5,98.65,95.4,95.73,2506901
2023-07-28,ETSY,98.025,100.69,97.7,99.63,2651982
2023-07-31,ETSY,100.2,102.81,100.17,101.65,2631485
2023-08-01,ETSY,100.56,101.8,98.23,98.6,1812131
2023-08-02,ETSY,96.5,97.44,94.27,96.07,4054884
2023-08-03,ETSY,87.205,89.78,82.48,82.92,11508397
2023-08-04,ETSY,84.31,84.8,81.165,81.59,5118779
2023-08-07,ETSY,82,84.755,80.75,84.43,4072738
2023-08-08,ETSY,82.93,83.42,80.38,82.5,3313298
2023-08-09,ETSY,82.5,82.754,79.625,79.87,3103428
2023-08-10,ETSY,80.5,81.29,77.91,78.21,4038586
2023-08-11,ETSY,77.63,78.4,76.02,76.64,2956644
2023-08-14,ETSY,76.02,79.47,76.02,79.3,3522125
2023-08-15,ETSY,78.12,78.12,75.68,75.86,3615170
2023-08-16,ETSY,75.14,76.26,73.87,73.95,2827760
2023-08-17,ETSY,74,76.96,74,74.97,3836061
2023-08-18,ETSY,73.33,74.62,72.565,73.78,3264125
2023-08-21,ETSY,73.91,75.06,73.05,73.32,2746221
2023-08-22,ETSY,73.48,74.14,72.4,73.48,2482148
2023-08-23,ETSY,74.59,74.59,72.99,73.08,2637479
2023-08-24,ETSY,72.88,72.99,71.59,71.62,2979881
2023-08-25,ETSY,72.38,73.84,71.77,72.31,2584672
2023-08-28,ETSY,72.74,73.28,71.93,72.24,1840034
2023-08-29,ETSY,71.88,74.835,71.28,74.4,2005423
2023-08-30,ETSY,74.05,74.93,73.43,74.32,1681715
2023-08-31,ETSY,74.63,75.4,73.01,73.57,2599811
2023-09-01,ETSY,74.08,75.66,74.02,74.635,2175967
2023-09-05,ETSY,74,74.16,72.69,72.82,2345123
2023-09-06,ETSY,72.45,73.59,71.89,72.74,2882392
2023-09-07,ETSY,71.9,72.01,68.36,69.09,4094822
2023-09-08,ETSY,69.39,69.39,66.68,67.13,4075822
2023-09-11,ETSY,67.3,67.81,64.78,64.82,4005901
2023-09-12,ETSY,64.46,66.13,64.3,64.81,3912972
2023-09-13,ETSY,64.5,65.5,63.51,64.56,3117601
2023-09-14,ETSY,68.59,69.4472,65.42,66.68,7410351
2023-09-15,ETSY,66.63,66.9991,63.86,64.94,6547162
2023-09-18,ETSY,64.26,64.82,63.63,63.85,3454259
2023-09-19,ETSY,63.24,65.93,62.89,65.74,3111590
2023-09-20,ETSY,65.74,66.53,64.59,64.69,2743187
2023-09-21,ETSY,63.79,65.11,63.53,64.25,3968152
2023-09-22,ETSY,65,66.11,63.5,63.8,3626811
2023-09-25,ETSY,63.1,65.25,63.01,64.72,2738297
2023-09-26,ETSY,64.29,64.52,61.47,61.87,3961238
2023-09-27,ETSY,61.77,63.1599,61.71,61.89,3171438
2023-09-28,ETSY,61.3,63.96,61.22,63.75,3666754
2023-09-29,ETSY,64.79,65.87,64.32,64.58,3272947
2023-10-02,ETSY,64.34,65.11,63.87,64.65,4441236
2023-10-03,ETSY,64.39,64.91,62.12,62.29,3015157
2023-10-04,ETSY,63.1,64.32,62.92,63.74,3148151
2023-10-05,ETSY,63.82,64.18,61.37,62.86,3623724
2023-10-06,ETSY,62.1,63.82,62.1,62.72,3072737
2023-10-09,ETSY,61.93,63.55,61.635,63.38,2621162
2023-10-10,ETSY,63.03,64.76,62.755,63.71,3574804
2023-10-11,ETSY,63.88,65.3028,63.88,64.84,2734224
2023-10-12,ETSY,65.57,65.57,63.82,64.76,2992292
2023-10-13,ETSY,64.64,64.64,62.72,63.17,3449334
2023-10-16,ETSY,63.31,66.76,63.2268,66.47,4517089
2023-10-17,ETSY,65.77,70.315,65.53,70.06,4838487
2023-10-18,ETSY,69.13,69.68,67.69,67.9,3070617
2023-10-19,ETSY,67.71,68.12,64.91,65.42,3697620
2023-10-20,ETSY,65.01,66.4989,64.79,64.9,3530324
2023-10-23,ETSY,64.3,65.44,63.535,64.15,2944750
2023-10-24,ETSY,64.33,66.08,63.34,64.59,2696629
2023-10-25,ETSY,62.5,63.07,60.89,62.96,3565121
2023-10-26,ETSY,62.45,63.18,61.45,62.37,3990930
2023-10-27,ETSY,62.45,63.74,61.645,62.46,3059107
2023-10-30,ETSY,63.07,63.19,59.79,61.31,4459091
2023-10-31,ETSY,61.95,63.31,61.53,62.3,2932735
2023-11-01,ETSY,61.61,61.9,59.27,60.66,7543240
2023-11-02,ETSY,60,64.21,58.2,61.63,10421836
2023-11-03,ETSY,63.62,67.68,63.395,65.25,5479802
2023-11-06,ETSY,65.32,65.8,62.295,63.08,3299349
2023-11-07,ETSY,63.24,65.22,63,64.84,3480236
2023-11-08,ETSY,64.12,64.9,62.8157,63.99,3035856
2023-11-09,ETSY,64.57,64.57,61.5594,62.02,2752996
2023-11-10,ETSY,61.93,63.405,60.67,63.24,2564042
2023-11-13,ETSY,62.97,64.05,62.75,63.21,2304919
2023-11-14,ETSY,65.97,68.47,65.775,68.38,4582283
2023-11-15,ETSY,69.14,73.54,69.14,71.74,5662898
2023-11-16,ETSY,70.03,70.73,68.7,70.15,3658876
2023-11-17,ETSY,71.2,73,70.785,72.53,3818988
2023-11-20,ETSY,72.21,73.73,70.76,72.07,3386981
2023-11-21,ETSY,71.19,71.25,69.57,70.59,2580842
2023-11-22,ETSY,70.91,72.05,70.7,71.48,1898955
2023-11-24,ETSY,70.94,72.02,70.65,71.82,889021
2023-11-27,ETSY,72.35,75.4001,72.1001,73.95,5023856
2023-11-28,ETSY,73.7,75.47,72.49,75.27,4427004
2023-11-29,ETSY,76.41,78.58,76.29,77.2,4873891
2023-11-30,ETSY,77.78,78,75.01,75.81,4511426
2023-12-01,ETSY,76.53,82.3228,75.43,82.04,5830222
2023-12-04,ETSY,82,84.75,81.8,82.99,5973029
2023-12-05,ETSY,82.35,83.7299,81.61,81.66,3372316
2023-12-06,ETSY,82.03,82.5,79.38,79.54,3763532
2023-12-07,ETSY,79.28,80.47,78.35,78.97,3120206
2023-12-08,ETSY,78.97,81.24,78.91,80.08,4548232
2023-12-11,ETSY,79.57,86.1,79.57,84.69,6825706
2023-12-12,ETSY,84.3,86.55,84.05,85.82,3636106
2023-12-13,ETSY,86.02,86.93,78.535,83.97,13576326
2023-12-14,ETSY,85,85.3,80.978,83.26,6851620
2023-12-15,ETSY,84.38,85.6,80.09,80.68,10176647
2023-12-18,ETSY,80.84,85.59,80.84,84.46,7656663
2023-12-19,ETSY,85.09,89.58,84.91,87.03,6162457
2023-12-20,ETSY,87,87.2,83.38,83.59,4466844
2023-12-21,ETSY,85.18,86.26,83.87,85.24,2663548
2023-12-22,ETSY,84.98,86.285,84.78,84.95,1908612
2023-12-26,ETSY,85,85.22,82.44,82.59,2356261
2023-12-27,ETSY,82.59,83.31,80.9702,82.39,2324533
2023-12-28,ETSY,81.75,82.48,80.5601,81.92,2121780
2023-12-29,ETSY,81.57,82.6494,80.72,81.05,2397080
2024-01-02,ETSY,80.28,82.84,79.7,81.08,3799438
2024-01-03,ETSY,80,80.0659,76.58,79.13,6421742
2024-01-04,ETSY,77.44,77.745,75.22,76.29,5823236
2024-01-05,ETSY,76,76.972,75.29,75.64,3919926
2024-01-08,ETSY,76,78.13,75.25,77.76,3947187
2024-01-09,ETSY,77,78.19,76.29,76.81,3012852
2024-01-10,ETSY,75.47,76.09,74.22,74.72,3459444
2024-01-11,ETSY,74.62,74.72,71.22,73.04,4081081
2024-01-12,ETSY,73.3,73.36,69.99,70.34,3732822
2024-01-16,ETSY,69.66,70.14,67.47,67.86,8600251
2024-01-17,ETSY,66.722,68.37,65.876,68.32,4742416
2024-01-18,ETSY,69.09,70.615,68.07,69.22,4388975
2024-01-19,ETSY,71,71.84,69.175,70.66,3595240
2024-01-22,ETSY,71,73.35,69.905,70.82,3106468
2024-01-23,ETSY,71.94,72.2299,70.18,70.22,1888763
2024-01-24,ETSY,70.96,71,68.15,68.32,2786072
2024-01-25,ETSY,68.84,69.58,66.945,69.56,2599562
2024-01-26,ETSY,69.91,70.44,68.88,69.53,3459813
2024-01-29,ETSY,69.62,71.79,68.34,70.82,3054722
2024-01-30,ETSY,70.34,71.38,69.33,69.72,1850900
2024-01-31,ETSY,69.3,69.37,66.33,66.56,2815742
2024-02-01,ETSY,73,76,71.38,72.62,13694233
2024-02-02,ETSY,72.22,76.67,70.88,75.7,7350844
2024-02-05,ETSY,74.83,76.135,72.865,74.82,3190261
2024-02-06,ETSY,74.61,75.17,73.27,74.85,2295250
2024-02-07,ETSY,74.6,74.7768,72.6419,73.26,2418912
2024-02-08,ETSY,73.1,74.685,72.93,74.49,2099751
2024-02-09,ETSY,73.72,78.78,73.5601,78.09,4243977
2024-02-12,ETSY,78.21,80.3,77.31,78.85,3548081
2024-02-13,ETSY,74.56,75.9,73.02,74.39,4247375
2024-02-14,ETSY,75.38,76.35,74.22,76.19,2605231
2024-02-15,ETSY,77.48,78.07,76.42,77.76,2210302
2024-02-16,ETSY,76.62,77.58,75.5,76.57,2381456
2024-02-20,ETSY,75.27,76.77,74.75,75.87,5065841
2024-02-21,ETSY,74.5,78.65,74.04,77.13,6424550
2024-02-22,ETSY,73.47,73.49,69.89,70.62,10556453
2024-02-23,ETSY,70.5,74.82,69.46,73.98,7996144
2024-02-26,ETSY,73.98,74.46,71.91,71.96,4260217
2024-02-27,ETSY,72.47,72.87,71.1,72.08,4150814
2024-02-28,ETSY,71.8,72.675,70.69,71,2063292
2024-02-29,ETSY,70.99,72.44,70.3758,71.69,3012744
2024-03-01,ETSY,71.44,71.686,69.69,69.81,2883248
2024-03-04,ETSY,69.65,69.99,67.67,67.71,3566308
2024-03-05,ETSY,67.4,69.72,66.87,68.55,4374684
2024-03-06,ETSY,69.65,69.93,68.28,68.61,2759531
2024-03-07,ETSY,68.95,69.73,68.22,68.4,2632607
2024-03-08,ETSY,68.705,72.965,68.62,72.31,5711406
2024-03-11,ETSY,71.62,73.48,71.35,72.92,3348899
2024-03-12,ETSY,72.89,73.25,70.78,71.42,2663826
2024-03-13,ETSY,71.28,72.0506,69.49,69.76,2790721
2024-03-14,ETSY,69.89,69.89,67.15,67.42,4325498
2024-03-15,ETSY,67,67.9481,65.88,66.26,7880362
2024-03-18,ETSY,66.64,67.45,65.97,66.07,2623115
2024-03-19,ETSY,68.49,71.5,66.6104,66.84,4947048
2024-03-20,ETSY,66.13,69.23,66.03,68.51,4486692
2024-03-21,ETSY,69.13,70.17,67.62,68.11,2762959
2024-03-22,ETSY,67.63,68.81,67.495,67.82,1799718
2024-03-25,ETSY,67.88,68.06,65.69,65.75,2702475
2024-03-26,ETSY,66.25,66.9,65.675,65.8,1868080
2024-03-27,ETSY,66.56,68.13,66.17,67.99,2387982
2024-03-28,ETSY,68.21,69.645,67.79,68.72,2244383
2024-04-01,ETSY,68.11,68.7,65.26,65.9,2957372
2024-04-02,ETSY,64.9,65.45,64.38,65.18,2615711
2024-04-03,ETSY,64.68,65.86,64.39,65.15,2420474
2024-04-04,ETSY,66.24,68.37,65.4045,65.56,3890609
2024-04-05,ETSY,64.89,65.5,64.4321,64.98,2596026
2024-04-08,ETSY,65.66,67.32,65.25,66.1,2680125
2024-04-09,ETSY,66.2,68.72,65.58,68.67,2997865
2024-04-10,ETSY,67.05,68.08,66.25,67.69,2556337
2024-04-11,ETSY,68.22,68.5799,66.98,68.41,1939573
2024-04-12,ETSY,68.34,68.34,66.66,67.05,1768992
2024-04-15,ETSY,66.92,69.06,66.42,66.73,3001430
2024-04-16,ETSY,66.45,69.69,66.15,68.36,3630800
2024-04-17,ETSY,68.5,69.35,66.14,67.49,2530890
2024-04-18,ETSY,65.35,67.46,65.28,67.34,3370603
2024-04-19,ETSY,68.19,68.19,66.65,66.76,2219511
2024-04-22,ETSY,66.59,67.13,65.2,66.45,2716898
2024-04-23,ETSY,66.6,69.0394,66.42,68.35,2488230
2024-04-24,ETSY,67.66,68.49,65.645,66.87,2640983
2024-04-25,ETSY,65.9,67.52,65.5986,67.2,2174787
2024-04-26,ETSY,67.35,68.285,67.11,67.43,2072543
2024-04-29,ETSY,67.65,69.29,67.58,68.88,3167459
2024-04-30,ETSY,68.09,69.5,68.09,68.67,2718631
2024-05-01,ETSY,68.63,71.72,68.63,69.74,6108206
2024-05-02,ETSY,58.57,60.96,56.6,59.24,19858456
2024-05-03,ETSY,60.03,62.25,59.505,59.97,5617654
2024-05-06,ETSY,60.17,62.93,59.26,62.46,5261838
2024-05-07,ETSY,62.38,62.88,61.91,62.77,2025386
2024-05-08,ETSY,61.82,62.74,60.5711,62.57,3591363
2024-05-09,ETSY,63,63.6357,62.39,63.45,2598348
2024-05-10,ETSY,63.79,63.89,61.76,61.92,3124299
2024-05-13,ETSY,62.71,63.92,61.84,62.51,3722047
2024-05-14,ETSY,63.65,64.56,63.09,63.57,4110315
2024-05-15,ETSY,64.49,64.86,63.12,64.57,2672474
2024-05-16,ETSY,64.5,64.5,63.02,64.09,2453827
2024-05-17,ETSY,64.28,65.14,63.65,63.97,2050310
2024-05-20,ETSY,64,64.73,63.7,64.13,2801016
2024-05-21,ETSY,64.08,64.345,63.22,64.18,2221666
2024-05-22,ETSY,64.04,64.25,63.23,64.04,2116236
2024-05-23,ETSY,63.62,63.87,62.05,62.08,2368068
2024-05-24,ETSY,62.33,62.56,60.2,60.62,5389052
2024-05-28,ETSY,60.8,61.23,59.87,61.07,2793335
2024-05-29,ETSY,60.05,61.11,59.74,60.8,2079452
2024-05-30,ETSY,60.99,63.49,60.75,61.43,3500192
2024-05-31,ETSY,61.86,63.52,61.49,63.47,4228636
2024-06-03,ETSY,63.84,65.85,63.44,65.2,5225841
2024-06-04,ETSY,64.59,65.6,63.75,64.91,2305535
2024-06-05,ETSY,65.15,65.2,64.26,64.86,2136372
2024-06-06,ETSY,64.51,66.93,64.42,66.22,2792925
2024-06-07,ETSY,65.75,66.28,65.11,65.28,2061476
2024-06-10,ETSY,64.44,66.225,64.25,66.07,1569469
2024-06-11,ETSY,66.29,66.44,64.05,65.46,2591179
2024-06-12,ETSY,66.75,66.9,63.1,63.27,3505560
2024-06-13,ETSY,63.3,63.55,60.09,60.14,3523952
2024-06-14,ETSY,59.43,59.92,58.56,58.87,3764799
2024-06-17,ETSY,58.7,60.24,58.58,58.7,2908205
2024-06-18,ETSY,58.51,59.125,57.57,57.67,2720546
2024-06-20,ETSY,57.35,58.38,57.07,58.2,2814863
2024-06-21,ETSY,59.03,61.1,58.75,60.17,7623134
2024-06-24,ETSY,60.04,61.1,58.935,59.95,3114205
2024-06-25,ETSY,59.41,60.2313,58.92,59.49,2578654
2024-06-26,ETSY,59.16,60,58.3,59.49,2631319
2024-06-27,ETSY,59.42,59.42,58.61,58.72,4483612
2024-06-28,ETSY,58.72,59.34,58.06,58.98,4395809
2024-07-01,ETSY,59.18,59.7293,56.68,57.01,2909100
2024-07-02,ETSY,57.35,58.32,56.86,58.26,2056936
2024-07-03,ETSY,58.06,59.05,57.78,58.23,1135190
2024-07-05,ETSY,58.3,58.61,57.61,58.45,1639873
2024-07-08,ETSY,58.47,58.5,55.08,55.37,5003193
2024-07-09,ETSY,55.37,57.19,55.12,57.01,2967192
2024-07-10,ETSY,57.24,57.66,56.66,57.32,3359539
2024-07-11,ETSY,57.94,59.45,57.94,58.31,2604417
2024-07-12,ETSY,58.47,60.98,58.44,60.5,4076776
2024-07-15,ETSY,61,62.25,60.45,61.57,2593229
2024-07-16,ETSY,61.71,65.95,61.71,65.47,4153189
2024-07-17,ETSY,64.68,65.93,63.81,64.95,3415272
2024-07-18,ETSY,64.76,66.805,63.59,63.66,2339086
2024-07-19,ETSY,62.97,63.08,61.2424,62.76,3042739
2024-07-22,ETSY,62.1,62.68,60.235,62.39,3642151
2024-07-23,ETSY,61.81,62.28,60.45,60.79,3092448
2024-07-24,ETSY,60.85,61.8,59.69,60.26,2840571
2024-07-25,ETSY,60.06,62.24,59.29,60.43,2372292
2024-07-26,ETSY,61.49,62.45,61.15,62.27,3003317
2024-07-29,ETSY,63.15,64.4119,62.605,63.87,2891746
2024-07-30,ETSY,63.36,64.76,63.3,64.52,2713846
2024-07-31,ETSY,64.99,66.18,64.52,65.14,4748789
2024-08-01,ETSY,63.5,63.5,58.46,60.16,7829431
2024-08-02,ETSY,59.18,59.68,58.01,59.35,3774248
2024-08-05,ETSY,56.37,57.33,54.61,55.45,7237385
2024-08-06,ETSY,55.455,55.9199,53.47,53.98,6391151
2024-08-07,ETSY,54.76,56.18,53.285,53.36,3630223
2024-08-08,ETSY,53.64,54.66,53.4,54.23,2428029
2024-08-09,ETSY,54.09,55.94,53.74,54.97,2815932
2024-08-12,ETSY,55.07,55.28,52.97,53.19,3282537
2024-08-13,ETSY,53.5,54.47,52.54,54.065,2820485
2024-08-14,ETSY,53.74,53.94,51.45,51.5,3469637
2024-08-15,ETSY,52.99,54.825,52.69,53.73,4182034
2024-08-16,ETSY,53.81,54.67,53.32,53.91,2014211
2024-08-19,ETSY,54.1,55.095,53.67,54.88,2444695
2024-08-20,ETSY,54.79,55.45,53.71,54.26,2115200
2024-08-21,ETSY,54.72,55.35,54.11,54.64,2259005
2024-08-22,ETSY,54.15,55.29,53.46,53.79,2449460
2024-08-23,ETSY,53.82,55.59,53.79,55.4,2455673
2024-08-26,ETSY,55.3,56.08,54.605,55.16,2431587
2024-08-27,ETSY,55.34,55.52,54.08,55.39,2336368
2024-08-28,ETSY,55.39,55.93,54.81,55.23,2582857
2024-08-29,ETSY,55.76,56.34,55.27,55.5,1858159
2024-08-30,ETSY,55.95,56.01,54.2,55.09,9732842
2024-09-03,ETSY,55.07,56.34,54.55,54.76,3955872
2024-09-04,ETSY,54.24,56.69,54.21,55.57,3374666
2024-09-05,ETSY,55.63,55.775,53.68,55.57,3068627
2024-09-06,ETSY,55.99,56.1424,53.12,53.19,3489801
2024-09-09,ETSY,53.24,54.79,52.3,52.35,4832682
2024-09-10,ETSY,52.35,52.81,51.67,52.58,3544206
2024-09-11,ETSY,52.26,52.3,50.63,51.92,3635525
2024-09-12,ETSY,52,52.4,50.7,51.74,3034613
2024-09-13,ETSY,54.28,56.7,53.78,55.65,6203700
2024-09-16,ETSY,55.52,55.97,52.83,53.88,4499159
2024-09-17,ETSY,54.3,54.74,53.78,54.09,3227652
2024-09-18,ETSY,53.85,55.15,53.38,54,3209574
2024-09-19,ETSY,55,55.41,53.77,54.07,3485535
2024-09-20,ETSY,53.69,53.978,52.61,53.91,37801204
2024-09-23,ETSY,53.99,54.89,53.075,54.83,4473718
2024-09-24,ETSY,55.69,56.1355,54.75,55.02,2760028
2024-09-25,ETSY,54.41,55.4,54.135,54.62,3300672
2024-09-26,ETSY,55.3,55.78,54.59,55.75,3976923
2024-09-27,ETSY,56.42,57.968,56.2,57.14,5159206
2024-09-30,ETSY,56.76,57.205,55.11,55.53,3079064
2024-10-01,ETSY,55.1,55.2399,52.19,52.3,4196654
2024-10-02,ETSY,52.43,52.64,51.66,51.84,2474995
2024-10-03,ETSY,51,51.77,50.545,51.1,2622118
2024-10-04,ETSY,51.85,52.99,51.8,52.8,2668582
2024-10-07,ETSY,52.8,52.855,51.07,51.19,3114080
2024-10-08,ETSY,51.06,51.25,50.34,50.83,3042446
2024-10-09,ETSY,50.83,51.62,50.34,50.76,2278580
2024-10-10,ETSY,50.29,50.63,49.565,49.65,2669195
2024-10-11,ETSY,49.49,50.485,49.49,49.69,2606051
2024-10-14,ETSY,49.6,49.66,48.0687,49.61,3026580
2024-10-15,ETSY,48.62,51.83,48.5291,51.31,5286160
2024-10-16,ETSY,51.53,53.24,51.53,52.53,3270926
2024-10-17,ETSY,52.37,52.4378,50.31,50.75,3718134
2024-10-18,ETSY,50.92,51.58,50.59,51.56,2063420
2024-10-21,ETSY,51.59,53.1999,51.38,51.77,2220694
2024-10-22,ETSY,51.28,51.55,49.27,49.33,3139270
2024-10-23,ETSY,49.63,50.46,49.17,49.64,2450918
2024-10-24,ETSY,49.58,50.46,48.6,48.63,3114074
2024-10-25,ETSY,49.17,49.38,48.545,48.64,2491826
2024-10-28,ETSY,49.31,50.06,48.72,48.77,2913483
2024-10-29,ETSY,48.72,48.75,47.43,47.48,4859072
2024-10-30,ETSY,47.25,48.7,47.1,47.99,5818472
2024-10-31,ETSY,52.46,55.48,50.85,51.44,10314640
2024-11-01,ETSY,50.98,53.34,50.34,52.77,5217180
2024-11-04,ETSY,52.57,53.13,51.17,52.27,3473571
2024-11-05,ETSY,51.6,53.08,50.74,52.73,3322579
2024-11-06,ETSY,54,54.53,52.45,53.08,4346947
2024-11-07,ETSY,52.87,53.81,52.745,53.41,2913283
2024-11-08,ETSY,53.41,54.24,52.71,53.31,3613021
2024-11-11,ETSY,54,55.29,53.43,54,4760539
2024-11-12,ETSY,53.91,55.63,53.43,54,3693579
2024-11-13,ETSY,54.14,55.6775,52.91,53.43,3993936
2024-11-14,ETSY,53.229,53.505,50.63,51.04,3260000
2024-11-15,ETSY,50.92,51.33,49.195,49.63,3217620
2024-11-18,ETSY,49.81,51.09,49.67,50.56,3087279
2024-11-19,ETSY,49.54,50.58,48.75,50.41,3345077
2024-11-20,ETSY,50.6,51.8,50.0619,50.86,2234015
2024-11-21,ETSY,51.19,52.19,50.62,51.99,2337731
2024-11-22,ETSY,52.4,52.89,51.61,52.3,2379676
2024-11-25,ETSY,53,56.73,52.87,55.68,7691589
2024-11-26,ETSY,54.8,55.3162,54.06,54.78,4570752
2024-11-27,ETSY,54.85,55.97,54.24,54.31,2488583
2024-11-29,ETSY,54.24,55.57,54.24,54.86,1406590
2024-12-02,ETSY,54.52,55.49,53.8001,55.46,2894911
2024-12-03,ETSY,55.07,57.83,55.07,57.23,4191784
2024-12-04,ETSY,57.74,59.99,57.52,59.06,4357508
2024-12-05,ETSY,59.5,60.64,57.1101,57.21,3304810
2024-12-06,ETSY,57.76,58.665,57.14,57.3,2618766
2024-12-09,ETSY,57.66,60.44,57.44,58.75,3374204
2024-12-10,ETSY,58.52,58.99,57.53,58.76,2565251
2024-12-11,ETSY,58.76,60.01,58.51,58.99,3222679
2024-12-12,ETSY,58.89,59.525,58.15,58.58,2154422
2024-12-13,ETSY,58.6,59.3,57.96,58.98,2822994
2024-12-16,ETSY,58.16,63.06,58.16,61.61,7660606
2024-12-17,ETSY,61.61,62.54,60.505,60.97,4419247
2024-12-18,ETSY,60.91,61.26,56.11,56.64,6214808
2024-12-19,ETSY,57.21,58.16,55.685,57.14,5125646
2024-12-20,ETSY,56.53,57.56,55.31,56.81,12521540
2024-12-23,ETSY,56.97,57.66,55.1,55.44,2976912
2024-12-24,ETSY,55.28,55.42,54.65,55.13,1318281
2024-12-26,ETSY,54.64,55.16,53.7814,53.84,2706574
2024-12-27,ETSY,53.43,53.91,52.355,52.71,2575995
2024-12-30,ETSY,52.3,53.99,51.6,53.83,3109730
2024-12-31,ETSY,54.19,55.38,52.82,52.89,3910283
2025-01-02,ETSY,53.66,54.65,52.96,53.11,3081748
2025-01-03,ETSY,53.25,54.02,52.2586,53.9,2280804
2025-01-06,ETSY,54.78,57.31,54.51,56.61,3975883
2025-01-07,ETSY,56.645,56.645,53.18,53.98,3510917
2025-01-08,ETSY,53.81,54.14,52,53.42,3254756
2025-01-10,ETSY,52.32,53.4,51.79,52.57,2946475
2025-01-13,ETSY,52.62,53.76,51.88,53.45,2442027
2025-01-14,ETSY,53.6,53.6,52.12,53.41,2251243
2025-01-15,ETSY,54.91,54.9969,53.16,53.27,2369678
2025-01-16,ETSY,53.06,53.4,51.64,52.72,2240695
2025-01-17,ETSY,53.31,53.44,52.205,53.12,2851901
2025-01-21,ETSY,53.76,53.9334,51.06,52.05,3815863
2025-01-22,ETSY,51.72,52.79,51.72,52.25,1980877
2025-01-23,ETSY,52.14,54.64,52.095,53.09,3222678
2025-01-24,ETSY,53.1,53.5,51.76,52.23,2454437
2025-01-27,ETSY,52.23,55.15,52.03,53.45,4158536
2025-01-28,ETSY,53.63,56.75,53.63,55.79,3474121
2025-01-29,ETSY,55.34,55.77,54.05,55.05,1756060
2025-01-30,ETSY,55.51,56.36,55.385,56.06,1968881
2025-01-31,ETSY,56.19,56.47,54.6625,54.91,2033970
2025-02-03,ETSY,57,57.56,53.97,54.81,4917765
2025-02-04,ETSY,54.34,55.1,53.87,53.96,2107592
2025-02-05,ETSY,54.4,56.34,54,55.26,2775129
2025-02-06,ETSY,55.51,56.5,55.3,55.46,1776885
2025-02-07,ETSY,55.59,55.75,54.27,54.4,2184830
2025-02-10,ETSY,54.75,55.83,54.08,54.18,2368214
2025-02-11,ETSY,53.77,54.18,53.25,53.29,1946544
2025-02-12,ETSY,52.035,53.56,51.7991,52.79,2322212
2025-02-13,ETSY,52.73,55.41,52.35,55.32,3058162
2025-02-14,ETSY,55.82,58.24,55.82,57.2,3997842
2025-02-18,ETSY,57.71,58.17,56.14,57.29,7482139
2025-02-19,ETSY,54,54.25,50.75,51.53,13317339
2025-02-20,ETSY,51.45,53.41,50.51,51.4,5381424
2025-02-21,ETSY,51.29,52.34,49.88,51.26,5002790
2025-02-24,ETSY,51.02,53.59,50.41,53.24,5218852
2025-02-25,ETSY,53,53.72,51.5914,53.13,3402474
2025-02-26,ETSY,53.55,53.9,51.67,51.7,3450609
2025-02-27,ETSY,52,52,49.22,51.19,5477331
2025-02-28,ETSY,50.94,51.825,50.76,51.19,3015298
2025-03-03,ETSY,51.39,52.23,48.86,49.05,4593567
2025-03-04,ETSY,48.43,50.21,47.55,49.46,4364584
2025-03-05,ETSY,49.26,50.26,48.97,50,2596506
2025-03-06,ETSY,49.47,49.48,46.52,46.95,5656337
2025-03-07,ETSY,46.96,47.4,45.85,46.8,3500889
2025-03-10,ETSY,46.46,49.57,46.46,48.65,6980758
2025-03-11,ETSY,48.855,49.96,46.65,46.87,4978063
2025-03-12,ETSY,47.22,47.78,44.145,44.93,6804281
2025-03-13,ETSY,44.86,45.21,43.75,44.4,3671606
2025-03-14,ETSY,45.14,45.825,44.53,45.65,2757081
2025-03-17,ETSY,45.88,47.19,45.805,46.29,3122978
2025-03-18,ETSY,45.86,45.925,44.5,44.66,3209456
2025-03-19,ETSY,44.52,45.31,43.43,44.72,4431864
2025-03-20,ETSY,44.82,45.77,44.64,44.93,3674549
2025-03-21,ETSY,44.645,45.35,44.22,45.11,11113784
2025-03-24,ETSY,45.97,46.31,44.8,45.86,4417855
2025-03-25,ETSY,46.025,47.98,46.01,47.82,4492483
2025-03-26,ETSY,47.82,47.97,45.91,46.69,2325302
2025-03-27,ETSY,46.55,48.06,46.475,46.92,2695308
2025-03-28,ETSY,47.1,48.13,45.805,46.69,2967624
2025-03-31,ETSY,46.07,47.8,45.79,47.18,3098876
2025-04-01,ETSY,47.11,48.845,46.73,48.53,3834094
2025-04-02,ETSY,48.42,51,48.245,50.42,5026758
2025-04-03,ETSY,48.57,50.1,47.39,48.41,6552706
2025-04-04,ETSY,46.45,46.55,43.53,44.42,7964997
2025-04-07,ETSY,42.046,46.85,41.48,43.64,5126707
2025-04-08,ETSY,44.05,44.57,40.6,40.8,6256344
2025-04-09,ETSY,40.19,44.94,40.05,44.04,5750466
2025-04-10,ETSY,43.42,44.5899,42.18,43.58,4877237
2025-04-11,ETSY,43.86,44.75,41.91,43.6,3347487
2025-04-14,ETSY,44.37,45,42.53,43.65,2412732
2025-04-15,ETSY,43.36,44.44,42.95,43.5,2714483
2025-04-16,ETSY,43.32,43.41,41.91,42.52,3141290
2025-04-17,ETSY,42.37,44.33,42.37,44.15,2900789
2025-04-21,ETSY,44.15,44.75,43.715,44.54,4377270
2025-04-22,ETSY,45.58,46.65,45.28,45.93,5813181
2025-04-23,ETSY,46.63,47.235,45.75,45.79,3023807
2025-04-24,ETSY,45.455,45.76,44.28,45.55,6497844
2025-04-25,ETSY,45.59,46.2,45.15,45.86,3742292
2025-04-28,ETSY,46.075,46.71,45.43,45.88,4453031
2025-04-29,ETSY,45.78,46.595,45.58,46.13,5777417
2025-04-30,ETSY,46.6,46.87,41.505,43.48,11846901
2025-05-01,ETSY,43.71,44.25,42.105,42.51,6409156
2025-05-02,ETSY,43,45.2499,42.97,44.3,5342529
2025-05-05,ETSY,43.83,45.89,43.69,45.08,4105711
2025-05-06,ETSY,44.26,45.25,44.11,45.11,3587893
2025-05-07,ETSY,45.3,46.43,45.11,45.92,3886436
2025-05-08,ETSY,46.34,48.27,46.2,47.86,3364106
2025-05-09,ETSY,48.08,48.3,46.5701,46.94,4189678
2025-05-12,ETSY,49.67,50.1,47.485,47.59,6455581
2025-05-13,ETSY,47.91,48.09,46.38,46.77,5065576
2025-05-14,ETSY,46.65,47.47,46.2067,46.96,4161348
2025-05-15,ETSY,46.9,47.34,46.405,47,5029060
2025-05-16,ETSY,47.01,47.47,46.02,47.02,4063960
2025-05-19,ETSY,46.1,47.07,45.75,47.03,2959195
2025-05-20,ETSY,46.87,48.27,46.71,47.16,3924022
2025-05-21,ETSY,46.67,47.42,46.2,46.49,3184090
2025-05-22,ETSY,46.5,48.44,46.33,47.96,4989254
2025-05-23,ETSY,46.95,47.88,46.88,47.6,3052202
2025-05-27,ETSY,48.2,50.56,47.934,50.48,8619273
2025-05-28,ETSY,50.5,51.69,50.4,51.45,5251416
2025-05-29,ETSY,51.99,54.48,51.77,52.99,8409846
2025-05-30,ETSY,52.99,55.5,52.8,55.35,7236312
2025-06-02,ETSY,54.9,60.07,54.9,58.74,11583889
2025-06-03,ETSY,58.43,60.3,57.835,60.2,6016102
2025-06-04,ETSY,60.38,62.05,60.325,61.55,7092295
2025-06-05,ETSY,61.81,63.5863,61.6201,62.72,6408377
2025-06-06,ETSY,63.33,64.68,62.6001,63.81,6148879
2025-06-09,ETSY,63.9,64.97,62.81,63.88,5156467
2025-06-10,ETSY,63.84,63.84,61.4,61.83,5311381
2025-06-11,ETSY,59.89,61.74,59.72,60.2,6211837
2025-06-12,ETSY,59.5,59.53,57.95,59.29,12060111
2025-06-13,ETSY,58.74,59,54.4727,55.99,10589509
2025-06-16,ETSY,55.99,56.04,53.795,53.89,9041901
2025-06-17,ETSY,54.41,56.485,53.94,54.53,8842250
2025-06-18,ETSY,54.37,56.09,54.37,55.3,4984513
2025-06-20,ETSY,56.12,56.53,55.57,56.16,6410743
2025-06-23,ETSY,55.97,55.97,53.87,53.92,5431893
2025-06-24,ETSY,54.4,54.6299,53.06,53.37,4601258
2025-06-25,ETSY,53.39,53.915,52.23,53.05,3948835
2025-06-26,ETSY,52.88,53.15,49.15,50.63,8448361
2025-06-27,ETSY,50.88,51.5,50.0786,50.64,5905624
2025-06-30,ETSY,51,51.4,49.6,50.16,4031997
2025-07-01,ETSY,50.05,52.75,49.76,51.36,6107288
2025-07-02,ETSY,51.4,53.89,51.4,52.96,6435493
2025-07-03,ETSY,53.805,54.84,53.18,54.37,4307775
2025-07-07,ETSY,53.76,55,52.92,53.67,5650722
2025-07-08,ETSY,53.7,54,51.8448,53.46,3405053
2025-07-09,ETSY,53.36,54.35,52.31,54.13,3794971
2025-07-10,ETSY,54.755,58.25,54.72,58.16,7014326
2025-07-11,ETSY,58.01,58.295,57.11,57.87,3410904
2025-07-14,ETSY,57.99,58.77,57.3706,57.71,3153094
2025-07-15,ETSY,57.66,57.79,54.93,55.69,4685983
2025-07-16,ETSY,56.05,56.545,55.01,56.04,2631686
2025-07-17,ETSY,57.74,59.0138,56.95,57.97,4876372
2025-07-18,ETSY,58.84,59.8,58.79,59.64,3904808
2025-07-21,ETSY,61.35,61.365,59.07,60.41,5386480
2025-07-22,ETSY,60.6,64.085,60.43,63.69,7328077
2025-07-23,ETSY,63.68,64.005,62.04,62.86,4297280
2025-07-24,ETSY,63.58,66.31,63.58,63.98,6350844
2025-07-25,ETSY,64.2,64.5485,61.905,62.46,3819921
2025-07-28,ETSY,62.52,63.7799,62.1601,62.75,4412694
2025-07-29,ETSY,62.915,62.915,60.01,60.3,8577226
2025-07-30,ETSY,65.74,68.45,61.14,61.98,12893982
2025-07-31,ETSY,61.35,61.49,55.89,58.27,9795622
2025-08-01,ETSY,58.2,60.08,57.53,58.77,4640005
2025-08-04,ETSY,58.69,59.75,57.03,57.31,4074905
2025-08-05,ETSY,57.63,57.63,55.83,55.98,4204894
2025-08-06,ETSY,56.15,56.95,55.33,56.2,4851880
2025-08-07,ETSY,58.1,60.53,57.82,60.49,5734494
2025-08-08,ETSY,60.235,60.96,59.46,60.91,4443641
2025-08-11,ETSY,60.9,61.88,60.11,61.77,5597528
2025-08-12,ETSY,62.87,66.7,62.03,66.49,8135433
2025-08-13,ETSY,66.82,70.57,65.71,70.09,6450089
2025-08-14,ETSY,69.1,69.555,67.2708,68.21,3925994
2025-08-15,ETSY,68.36,68.5499,66.03,66.43,5029711
2025-08-18,ETSY,66,66.6,63.94,64.96,5369476
2025-08-19,ETSY,65.31,65.62,63.47,63.49,3362449
2025-08-20,ETSY,63.39,65.37,62.88,64.96,3405406
2025-08-21,ETSY,64.37,64.73,61.42,62.92,4479867
2025-08-22,ETSY,62.88,63.88,62,62.66,4420740
2025-08-25,ETSY,61.89,61.9,57.365,57.39,7934507
2025-08-26,ETSY,57.02,57.14,54.5,56.22,9320466
2025-08-27,ETSY,55.74,55.79,54.28,54.43,4694840
2025-08-28,ETSY,54.695,54.785,52.89,53.87,6938146
2025-08-29,ETSY,53.84,54.23,52.835,53.01,4382856
2025-09-02,ETSY,52.235,52.235,51.145,51.7,4919626
2025-09-03,ETSY,51.37,52.55,51.14,51.97,4410998
2025-09-04,ETSY,51.775,52.4,50.26,52.21,5271078
2025-09-05,ETSY,52.36,54.105,52.35,54.06,5066990
2025-09-08,ETSY,54.25,58.335,54.15,58.2,9530059
2025-09-09,ETSY,57.21,57.68,53.97,56.02,8251708
2025-09-10,ETSY,55.52,58.41,55,57.82,5865952
2025-09-11,ETSY,59.01,61.5,58.65,59.59,7904952
2025-09-12,ETSY,58.86,59.59,57.85,58.94,4196921
2025-09-15,ETSY,58.84,59.25,56.63,57.8,4723232
2025-09-16,ETSY,57.81,59.65,55.95,59.41,5745876
2025-09-17,ETSY,59.45,62,59.19,60.62,5646391
2025-09-18,ETSY,62.57,65.06,62.26,64.85,7249260
2025-09-19,ETSY,64.51,65.07,63.52,64.99,6481398
2025-09-22,ETSY,65,65,61.03,61.67,5882087
2025-09-23,ETSY,61.97,62.93,61.34,62.635,3302874
2025-09-24,ETSY,63.22,64.455,62.725,64.05,3272862
2025-09-25,ETSY,64.35,64.565,61.705,63.6,4191334
2025-09-26,ETSY,63.22,64.31,62.56,64.18,3759805
2025-09-29,ETSY,64.86,75.77,63.64,74.34,25784290
2025-09-30,ETSY,71.89,71.96,64.8,66.39,16708615
2025-10-01,ETSY,66.48,71.7397,66.365,70.49,9057809
2025-10-02,ETSY,70.92,73.52,70.5601,72.54,4716742
2025-10-03,ETSY,72.89,76.515,72.31,72.38,7496614
2025-10-06,ETSY,72.95,74.18,69.56,70,5580745
2025-10-07,ETSY,70.58,71.515,69.05,71.44,4373088
2025-10-08,ETSY,71.75,72,69.11,70.14,4255165
2025-10-09,ETSY,70.94,73.01,70.72,72.86,4198268
2025-10-10,ETSY,73.07,73.07,68.72,68.73,4162988
2025-10-13,ETSY,70.37,71.09,69.43,70.41,2430007
2025-10-14,ETSY,68.16,73.07,67.62,71.91,2923238
2025-10-15,ETSY,72.04,74.445,70.66,70.7,3315233
2025-10-16,ETSY,72.99,74.24,70.18,71.45,4978850
2025-10-17,ETSY,71.1,71.7,69.63,70.46,3414014
2025-10-20,ETSY,71.22,72.55,70.7,71.34,2170819
2025-10-21,ETSY,72.03,72.555,70.53,71.94,2153856
2025-10-22,ETSY,71.58,73.69,71.36,73.25,2912583
2025-10-23,ETSY,72.96,73.95,70.56,73.88,2643094
2025-10-24,ETSY,75,75.89,73.445,73.9,2436998
2025-10-27,ETSY,74.7,76.1,74.4,75.56,3155689
2025-10-28,ETSY,74.93,76.23,73.33,74.78,5852998
2025-10-29,ETSY,70.26,72.73,65.2,65.21,13191698
2025-10-30,ETSY,64.08,64.205,61.71,61.93,7506523
2025-10-31,ETSY,62.55,63.6,61.0285,62,4790646
2025-11-03,ETSY,61.495,62.24,59.96,61.08,5018458
2025-11-04,ETSY,59.88,60.105,57.75,58.27,3950302
2025-11-05,ETSY,57.89,60.78,57.68,60.28,3933012
2025-11-06,ETSY,60.24,60.3,56.66,56.8,4067235
2025-11-07,ETSY,56.33,59.31,55.9,59.09,3807776
2025-11-10,ETSY,59.3,61.34,59.09,60.24,4266399
2025-11-11,ETSY,60.6,63.88,60.43,63.74,4505946
2025-11-12,ETSY,64.25,65.66,63.765,63.9,3713550
2025-11-13,ETSY,62.62,62.72,57.29,58.48,7139314
2025-11-14,ETSY,57.26,58.1,56.65,57.1,3345766
2025-11-17,ETSY,57.3,58.405,54.02,54.62,5082159
2025-11-18,ETSY,54,55.46,53.75,54.5,2503847
2025-11-19,ETSY,54.38,54.79,52.46,53.11,3924563
2025-11-20,ETSY,53.43,54.5,51.51,51.57,4132374
2025-11-21,ETSY,51.56,54.1,51.56,53.09,4125228
2025-11-24,ETSY,52.72,53.26,51.54,52.06,4422946
2025-11-25,ETSY,52.87,55.04,52.23,53.98,3928865
2025-11-26,ETSY,53.9,55.31,53.76,54.16,3316141
2025-11-28,ETSY,54.17,55.15,54.0201,54.22,1304431
2025-12-01,ETSY,53.53,55.47,52.67,54.81,3667905
2025-12-02,ETSY,54.78,54.99,54.08,54.67,2382468
2025-12-03,ETSY,54.65,54.77,53.3,53.83,2829238
2025-12-04,ETSY,53.27,53.525,51.0162,52.19,4413117
2025-12-05,ETSY,52.7,53.95,52.24,53.26,4004751
2025-12-08,ETSY,54.92,55.5,53.45,54.34,2926150
2025-12-09,ETSY,53.74,56.53,53.375,55.15,3823796
2025-12-10,ETSY,54.97,55.645,54.29,54.73,3829729
2025-12-11,ETSY,54.61,55.52,53.38,53.49,2699207
2025-12-12,ETSY,53.04,54.38,53.04,53.86,2304478
2025-12-15,ETSY,53.44,54,52.7825,53.13,2749945
2025-12-16,ETSY,53.715,54.92,53.42,53.75,2339857
2025-12-17,ETSY,53.79,55.32,52.79,52.86,3597999
2025-12-18,ETSY,54.5,56.17,53.5,53.68,4563988
2025-12-19,ETSY,54.37,55.12,54.07,54.33,4687094
2025-12-22,ETSY,54.28,56.87,54.28,55.73,2796225
2025-12-23,ETSY,55.5,56.79,54.575,55.04,2535381
2025-12-24,ETSY,54.53,55.97,54.46,55.97,1475367
2025-12-26,ETSY,55.94,56.07,55.37,55.75,1737420
2025-12-29,ETSY,55.75,56.78,55.56,56.59,3400803
2025-12-30,ETSY,56.5,56.5,55.14,55.36,2432463
2025-12-31,ETSY,55.11,55.815,55.01,55.44,2157527
2026-01-02,ETSY,55.94,57.87,55.67,57.28,3527094
2026-01-05,ETSY,56.94,59.58,56.46,58.56,4106826
2026-01-06,ETSY,58.8,61.7,58.635,61.42,4645929
2026-01-07,ETSY,61.73,63.7,61.67,61.76,3168070
2026-01-08,ETSY,60.51,62.32,60.3973,61.23,2778137
2026-01-09,ETSY,61.75,62.3,60.71,61.88,2303337
2026-01-12,ETSY,61.57,61.92,59.725,60.39,3017546
2026-01-13,ETSY,60.35,62.795,60,61.57,2606020
2026-01-14,ETSY,61.61,63.09,60.71,61.58,2022760
2026-01-15,ETSY,62.22,64.195,62.22,63.63,3492498
2026-01-16,ETSY,63.43,63.43,61.22,61.77,2555601
2026-01-20,ETSY,60,61.18,58.825,58.93,3515793
2026-01-21,ETSY,59.43,61.4,59.06,60.99,3371155
2026-01-22,ETSY,62.75,64.51,61.99,62.49,4592278
2026-01-23,ETSY,61.99,62.72,59.6,60.17,2577770
2026-01-26,ETSY,59.65,60.92,59.64,60.09,2771368
2026-01-27,ETSY,60.14,60.14,57.51,58.63,2571738
2026-01-28,ETSY,58.92,59.93,57.05,57.19,2357300
2026-01-29,ETSY,57.23,58.31,54.35,54.95,3877815
2026-01-30,ETSY,54.12,54.79,52.765,52.96,3530775
2026-02-02,ETSY,53,53.86,52.54,53.61,2656110
2026-02-03,ETSY,53,54.81,52.1651,53.29,3767696
2026-02-04,ETSY,53.61,54.85,49.66,53.09,5556695
2026-02-05,ETSY,52.965,55.405,52.965,54.46,5998175
2026-02-06,ETSY,54.96,58.09,54.79,57.82,4399713
2026-02-09,ETSY,56.52,56.74,54.425,55.1,2789876
2026-02-10,ETSY,55.11,55.73,54.01,54.08,3733792
2026-02-11,ETSY,53.53,53.65,47.39,47.46,6705838
2026-02-12,ETSY,47.41,48,45.76,46.24,5332611
2026-02-13,ETSY,46.36,47.4108,45.56,45.73,3223651
2026-02-17,ETSY,45.56,45.67,44.2,44.36,4452249
2026-02-18,ETSY,44.04,46.34,44,44.05,7448212
2026-02-19,ETSY,48.56,49.67,44.965,48.14,13378647
2026-02-20,ETSY,49.79,53.29,49.41,52.18,9931675
2026-02-23,ETSY,51.5,53.2,50.59,52.37,5178931
2026-02-24,ETSY,52.38,54.5044,52.11,54.4,4632188
2026-02-25,ETSY,54.5,54.86,52.53,53.44,3257469
2026-02-26,ETSY,53.97,55.96,53.82,55.18,2671196.5
2026-02-27,ETSY,54.38,55.74,53.9601,54.88,2281131
2026-03-02,ETSY,53.71,54.39,52.685,53.97,2575294.5
2026-03-03,ETSY,51.82,54.55,50.81,54.46,3420151.8
2026-03-04,ETSY,54.14,56.6,54.03,55.65,3795947.8
2026-03-05,ETSY,56.48,58.65,54.975,56.63,3602836
2026-03-06,ETSY,55.43,56.57,54.34,56.4,3669904.5
2026-03-09,ETSY,55.6,56.02,53.06,55.78,2502671.5
2026-03-10,ETSY,55.67,55.91,53.15,53.35,3199423.5
2026-03-11,ETSY,53.14,54.09,51.98,52.69,2410713.2
2026-03-12,ETSY,52.27,54.21,51.66,51.99,2731174
2026-03-13,ETSY,52.94,54.21,51.78,52.02,2015859.4
2026-03-16,ETSY,53.01,53.63,52.61,53.14,2047487.6
2026-03-17,ETSY,53.73,55.97,52.879,54.92,2288938.8
2026-03-18,ETSY,53.97,55.37,53.5,54.12,1621899.2
2026-03-19,ETSY,53.93,55,53.55,54.76,1830239.5
2026-03-20,ETSY,54.18,54.67,52.32,52.84,3372155
2026-03-23,ETSY,53.43,54.255,52.06,52.49,2769880.5
2026-03-24,ETSY,51.48,51.48,47.54,49.46,5683823
2026-03-25,ETSY,50.36,51.095,47.59,48.23,3045585
2026-03-26,ETSY,47.57,49.415,47.56,48.52,2359058.8
2026-03-27,ETSY,47.93,48.14,46.905,47.31,3039806.8
2026-03-30,ETSY,48.25,49.02,47.16,47.5,2273656
2026-03-31,ETSY,48.66,50.515,47.91,49.98,2510543.2
2026-04-01,ETSY,50.18,50.66,48.61,49.97,1822201.9
2026-04-02,ETSY,49,51.88,48.65,51.64,2597609.2
2026-04-06,ETSY,51.94,54.61,51.56,54.4,3567484.5
2026-04-07,ETSY,54,55.07,53.52,53.94,1989189.2
2026-04-08,ETSY,56,56,53.7,53.99,2859822
2026-04-09,ETSY,53.37,54.26,52.355,53.42,2615974
2026-04-10,ETSY,53.56,54.05,52.655,52.69,1881831.9
2026-04-13,ETSY,52.5,55.38,52.17,55.34,2706731.5
2026-04-14,ETSY,55.83,57.61,55.5,55.99,1745858.5
2026-04-15,ETSY,56.48,58.38,56.27,57.92,2036326
2026-04-16,ETSY,58.38,60.43,58.24,59.61,3082053.8
2026-04-17,ETSY,60.96,62.435,60.75,61.9,3263315
2026-04-20,ETSY,61.49,64.44,61.37,64.18,2876696.5
2026-04-21,ETSY,63.98,65.485,63.58,65.19,2949358.5
2026-04-22,ETSY,65.62,66.66,64.13,66.06,2663742.8
2026-04-23,ETSY,66.66,66.68,62.86,63.48,2839895.2
2026-04-24,ETSY,63.6,64.26,62.3,62.79,2704328
2026-04-27,ETSY,62.88,65.37,62.55,65.11,2756595
2026-04-28,ETSY,65.5,65.99,62.44,63.21,5154346.5
2026-04-29,ETSY,67,70.88,66.3701,69.6,8898272
2026-04-30,ETSY,67.37,67.37,63.63,64.34,5905985
2026-05-01,ETSY,64.8,65.05,63.135,63.17,3159118.5
2026-05-04,ETSY,63.69,66.505,63.235,64.04,3692255.5
2026-05-05,ETSY,64.25,64.745,62.73,62.95,2781025
2026-05-06,ETSY,63.14,65.07,63.0001,64.97,2689119
2026-05-07,ETSY,64.59,65.04,62.929,64.02,2462083.5
2026-05-08,ETSY,64.13,64.615,62.78,64.38,2342848.5
2026-05-11,ETSY,62.04,62.5,59.48,59.86,3571958
2026-05-12,ETSY,59.63,59.865,57.06,57.51,3969646.2
2026-05-13,ETSY,57,58.44,56.29,57.4,2896715.5
2026-05-14,ETSY,57.64,59.13,56.78,58.41,2482841.5
2026-05-15,ETSY,58.76,58.8089,57.38,58.07,2057401.2
2026-05-18,ETSY,59,60,58.243,58.83,3086755.8
2026-05-19,ETSY,58.88,59.175,56.71,57.61,3241915.2
2026-05-20,ETSY,59.21,60.93,57.48,60.89,2544233
2026-05-21,ETSY,61.04,61.44,59.71,60.74,2786668.5
2026-05-22,ETSY,60.5,63.2,60.02,62.38,2513106.2
2026-05-26,ETSY,62.73,65.155,62.73,64.33,2968788.5
2026-05-27,ETSY,64.33,65.89,63.67,63.81,2671071.2
2026-05-28,ETSY,64.09,67.35,64.09,66.78,3333403
2026-05-29,ETSY,66,68.09,65.655,67.92,5316030.5
2026-06-01,ETSY,68.76,69.99,67.78,69,3738012.2
2026-06-02,ETSY,68.9,70.66,68.36,69.73,2941524.8
2026-06-03,ETSY,68.92,70.47,66.64,67.05,2987520.5
2026-06-04,ETSY,68.05,68.29,66.79,67.05,2316402.8
2026-06-05,ETSY,66.87,68.44,66.27,66.86,2666165
2026-06-08,ETSY,67,69.25,65.9,68.83,2882672.2
2026-06-09,ETSY,68.95,70.09,66.845,68.76,1963118.1
2026-06-10,ETSY,67.78,69.89,67.25,68.73,2416661
2026-06-11,ETSY,69.07,70.25,67.83,69.44,3007487
2026-06-12,ETSY,70.06,71.86,68.58,69.48,2081101.2
2026-06-15,ETSY,70.99,72.66,70.26,72.19,4122563.8
2026-06-16,ETSY,72.45,74.6699,72.225,73.34,3957643.2
2026-06-17,ETSY,73.33,75.43,72.59,72.83,3498148.5
2026-06-18,ETSY,73.97,74.98,73.19,73.95,3876780.2
2026-06-22,ETSY,73.28,74.38,72.48,72.54,2143959.2
2026-06-23,ETSY,72.73,74.92,72.6,74.89,2325545
2026-06-24,ETSY,74.89,79.9,74.7292,78.02,4345337
2026-06-25,ETSY,78.78,78.78,76.15,77.7,2214814.2
2026-06-26,ETSY,77.3,78.875,76.7109,78.04,3773740
2026-06-29,ETSY,79.22,80.41,78.2,79.66,3412645.8
2026-06-30,ETSY,78.3,78.66,74.39,75.33,3560954.5
2026-07-01,ETSY,75.41,76.57,72.78,72.83,3461088
2026-07-02,ETSY,73.46,77.02,73.355,76.97,2950501.5
2026-07-06,ETSY,76.03,77.3,74.01,75.06,2442261
2026-07-07,ETSY,75.53,78.23,75.53,77.59,2053862.2
2026-07-08,ETSY,76.35,77.49,75.01,77.2,2036859.2
2026-07-09,ETSY,77.22,78.34,76.315,77.72,2257366
2026-07-10,ETSY,78.03,81.165,77.435,81.05,2419347.2
2026-07-13,ETSY,81.24,81.92,79.4,80.53,2532317.2
2026-07-14,ETSY,80.2,83.36,80.2,83.06,2859199.5
2026-07-15,ETSY,82.03,87.14,82.03,85.74,3980780.5
2026-07-16,ETSY,84.24,85.99,82.7437,83.48,2962020
2026-07-17,ETSY,83,84.846,82.71,84.1,1925241.8
2026-07-20,ETSY,83.33,86.5,82.75,84.03,1916112.2
2026-07-21,ETSY,84.3,84.99,81,81.69,2559075.2
2026-07-22,ETSY,82.33,82.82,79.97,80.48,2361451.8
2026-07-23,ETSY,80,81.16,77.87,80.91,2414281.8
2026-07-24,ETSY,80.53,81.7578,80.09,80.62,1729553.8
2026-07-27,ETSY,81.44,84.0098,81.11,83.84,3162537.2
2026-07-28,ETSY,84.38,86.96,84.01,86.47,2590946.8
2026-07-29,ETSY,86.24,87.26,84.7,85.58,1884049.5
2026-07-30,ETSY,84.95,84.95,82.75,83.15,2485979
2026-07-31,ETSY,83.04,83.7,81.61,81.68,1953000.8
2026-08-03,ETSY,81.98,83.87,81.92,83.17,2321382.5
2026-08-04,ETSY,84,87.1,83.89,86.43,3016320.8
