date,symbol,open,high,low,close,volume
1990-01-02,FDO-201507,1.173125,1.2145295,1.173125,1.2145295,650293
1990-01-03,FDO-201507,1.200728,1.2145295,1.200728,1.2145295,86947.25
1990-01-04,FDO-201507,1.2145295,1.2145295,1.1869265,1.200728,240916.34
1990-01-05,FDO-201507,1.173125,1.200728,1.173125,1.173125,477304.2
1990-01-08,FDO-201507,1.1869265,1.200728,1.173125,1.200728,110495.47
1990-01-09,FDO-201507,1.1869265,1.200728,1.173125,1.1869265,190197.11
1990-01-10,FDO-201507,1.1869265,1.1869265,1.1593236,1.1593236,194725.61
1990-01-11,FDO-201507,1.173125,1.2145295,1.173125,1.200728,442887.56
1990-01-12,FDO-201507,1.200728,1.200728,1.173125,1.1869265,655727.2
1990-01-15,FDO-201507,1.173125,1.1869265,1.173125,1.173125,133137.98
1990-01-16,FDO-201507,1.173125,1.173125,1.1593236,1.173125,345071.9
1990-01-17,FDO-201507,1.1593236,1.173125,1.1455221,1.1593236,239104.94
1990-01-18,FDO-201507,1.1593236,1.173125,1.1455221,1.1593236,1204581.8
1990-01-19,FDO-201507,1.1593236,1.1593236,1.1317207,1.1593236,288012.78
1990-01-22,FDO-201507,1.1455221,1.1455221,1.1041178,1.1041178,1071443.8
1990-01-23,FDO-201507,1.1041178,1.1179192,1.0903162,1.1179192,532551.94
1990-01-24,FDO-201507,1.1041178,1.1179192,1.0765147,1.1179192,137666.48
1990-01-25,FDO-201507,1.1317207,1.1455221,1.1179192,1.1317207,304315.38
1990-01-26,FDO-201507,1.1179192,1.1179192,1.0903162,1.1041178,225519.44
1990-01-29,FDO-201507,1.1041178,1.1179192,1.0903162,1.0903162,161214.7
1990-01-30,FDO-201507,1.0765147,1.1041178,1.0765147,1.0765147,243633.44
1990-01-31,FDO-201507,1.0903162,1.0903162,1.0627133,1.0765147,280767.16
1990-02-01,FDO-201507,1.0903162,1.0903162,1.0765147,1.0903162,80607.35
1990-02-02,FDO-201507,1.0765147,1.1041178,1.0627133,1.0903162,458284.47
1990-02-05,FDO-201507,1.1041178,1.1041178,1.0903162,1.1041178,133137.98
1990-02-06,FDO-201507,1.1179192,1.1317207,1.1041178,1.1317207,221896.62
1990-02-07,FDO-201507,1.1179192,1.1455221,1.1179192,1.1317207,422056.44
1990-02-08,FDO-201507,1.1317207,1.1455221,1.1179192,1.1317207,1748907.8
1990-02-09,FDO-201507,1.1179192,1.1317207,1.1179192,1.1317207,355940.3
1990-02-12,FDO-201507,1.1179192,1.1455221,1.1179192,1.1317207,387639.84
1990-02-13,FDO-201507,1.1179192,1.1317207,1.1179192,1.1317207,243633.44
1990-02-14,FDO-201507,1.1317207,1.1593236,1.1317207,1.1593236,703729.3
1990-02-15,FDO-201507,1.1455221,1.2145295,1.1455221,1.2145295,154874.8
1990-02-16,FDO-201507,1.2145295,1.2145295,1.173125,1.173125,522589.22
1990-02-20,FDO-201507,1.1593236,1.173125,1.1593236,1.1593236,298881.2
1990-02-21,FDO-201507,1.1317207,1.1317207,1.0903162,1.1179192,593233.9
1990-02-22,FDO-201507,1.1179192,1.1869265,1.1179192,1.1869265,465530.06
1990-02-23,FDO-201507,1.173125,1.200728,1.173125,1.1869265,280767.16
1990-02-26,FDO-201507,1.1869265,1.200728,1.1593236,1.200728,281672.88
1990-02-27,FDO-201507,1.1869265,1.200728,1.1869265,1.1869265,290729.88
1990-02-28,FDO-201507,1.1869265,1.2145295,1.1869265,1.2145295,240010.64
1990-03-01,FDO-201507,1.2145295,1.2145295,1.200728,1.200728,258124.66
1990-03-02,FDO-201507,1.200728,1.2559339,1.200728,1.228331,749920.06
1990-03-05,FDO-201507,1.228331,1.228331,1.2145295,1.2145295,571497.06
1990-03-06,FDO-201507,1.2145295,1.2559339,1.2145295,1.2421324,669312.7
1990-03-07,FDO-201507,1.2559339,1.2835368,1.2145295,1.2145295,530740.5
1990-03-08,FDO-201507,1.228331,1.2421324,1.2145295,1.228331,465530.06
1990-03-09,FDO-201507,1.2255455,1.2533989,1.2255455,1.2533989,115785.17
1990-03-12,FDO-201507,1.2394723,1.2951789,1.2394723,1.2812521,149892.42
1990-03-13,FDO-201507,1.2812521,1.3230321,1.2533989,1.2533989,318633.6
1990-03-14,FDO-201507,1.2394723,1.3091055,1.2255455,1.3091055,720740.25
1990-03-15,FDO-201507,1.2951789,1.3091055,1.2951789,1.3091055,269267.84
1990-03-16,FDO-201507,1.2951789,1.3230321,1.2951789,1.3091055,450574.84
1990-03-19,FDO-201507,1.3091055,1.3230321,1.2812521,1.3091055,140019.28
1990-03-20,FDO-201507,1.2951789,1.2951789,1.2394723,1.2533989,135531.48
1990-03-21,FDO-201507,1.2394723,1.3787388,1.2394723,1.3648121,966671.5
1990-03-22,FDO-201507,1.3787388,1.3787388,1.2812521,1.2951789,489169.9
1990-03-23,FDO-201507,1.3091055,1.3369588,1.2951789,1.3230321,287219.03
1990-03-26,FDO-201507,1.3091055,1.3230321,1.3091055,1.3230321,142711.95
1990-03-27,FDO-201507,1.3369588,1.3926654,1.3230321,1.3787388,911920.4
1990-03-28,FDO-201507,1.4205188,1.4205188,1.3926654,1.4205188,1031295.8
1990-03-29,FDO-201507,1.406592,1.406592,1.3787388,1.3787388,530457.6
1990-03-30,FDO-201507,1.3926654,1.406592,1.3926654,1.406592,392233.47
1990-04-02,FDO-201507,1.3787388,1.3926654,1.3369588,1.3648121,362614.03
1990-04-03,FDO-201507,1.3648121,1.3926654,1.3648121,1.3648121,774593.8
1990-04-04,FDO-201507,1.3648121,1.406592,1.3648121,1.3787388,367101.8
1990-04-05,FDO-201507,1.3648121,1.3926654,1.3648121,1.3787388,190282.61
1990-04-06,FDO-201507,1.3787388,1.3926654,1.3648121,1.3648121,103219.336
1990-04-09,FDO-201507,1.3648121,1.3926654,1.3648121,1.3648121,707276.9
1990-04-10,FDO-201507,1.3648121,1.3787388,1.3508854,1.3648121,1688309.4
1990-04-11,FDO-201507,1.3508854,1.3787388,1.3508854,1.3787388,72702.31
1990-04-12,FDO-201507,1.3787388,1.406592,1.3648121,1.3926654,86165.71
1990-04-16,FDO-201507,1.406592,1.406592,1.3787388,1.3787388,531355.2
1990-04-17,FDO-201507,1.3926654,1.3926654,1.3648121,1.3648121,367101.8
1990-04-18,FDO-201507,1.3787388,1.3787388,1.3508854,1.3648121,325814.1
1990-04-19,FDO-201507,1.3648121,1.3787388,1.3508854,1.3508854,233365.45
1990-04-20,FDO-201507,1.3508854,1.3648121,1.3508854,1.3508854,298887.28
1990-04-23,FDO-201507,1.3508854,1.3648121,1.3369588,1.3369588,231570.34
1990-04-24,FDO-201507,1.3369588,1.3787388,1.3369588,1.3508854,317736.03
1990-04-25,FDO-201507,1.3508854,1.3648121,1.3508854,1.3508854,234263.02
1990-04-26,FDO-201507,1.3648121,1.3926654,1.3648121,1.3926654,434418.78
1990-04-27,FDO-201507,1.3787388,1.3787388,1.3648121,1.3787388,96038.86
1990-04-30,FDO-201507,1.3787388,1.3787388,1.3648121,1.3648121,70907.195
1990-05-01,FDO-201507,1.3508854,1.3648121,1.3508854,1.3508854,398516.4
1990-05-02,FDO-201507,1.3508854,1.3926654,1.3508854,1.3787388,467628.47
1990-05-03,FDO-201507,1.3787388,1.4205188,1.3648121,1.4205188,360818.9
1990-05-04,FDO-201507,1.4344454,1.4344454,1.406592,1.4205188,458652.88
1990-05-07,FDO-201507,1.4205188,1.4344454,1.406592,1.406592,90653.51
1990-05-08,FDO-201507,1.406592,1.406592,1.3787388,1.3926654,572642.94
1990-05-09,FDO-201507,1.3787388,1.3787388,1.3508854,1.3648121,227980.1
1990-05-10,FDO-201507,1.3508854,1.3648121,1.3369588,1.3648121,360818.9
1990-05-11,FDO-201507,1.3648121,1.3648121,1.3508854,1.3508854,466730.9
1990-05-14,FDO-201507,1.3787388,1.406592,1.3648121,1.3648121,419160.25
1990-05-15,FDO-201507,1.3787388,1.3926654,1.3369588,1.3369588,393131.03
1990-05-16,FDO-201507,1.3369588,1.3508854,1.3369588,1.3508854,104116.9
1990-05-17,FDO-201507,1.3369588,1.3787388,1.3369588,1.3648121,270165.4
1990-05-18,FDO-201507,1.3648121,1.3787388,1.3648121,1.3787388,78087.67
1990-05-21,FDO-201507,1.3648121,1.3787388,1.3648121,1.3648121,117580.29
1990-05-22,FDO-201507,1.3787388,1.3926654,1.3787388,1.3926654,152585.11
1990-05-23,FDO-201507,1.3926654,1.3926654,1.3648121,1.3787388,510711.3
1990-05-24,FDO-201507,1.3787388,1.3926654,1.3648121,1.3926654,86165.71
1990-05-25,FDO-201507,1.3926654,1.3926654,1.3787388,1.3787388,80780.35
1990-05-29,FDO-201507,1.3926654,1.3926654,1.3508854,1.3787388,484682.1
1990-05-30,FDO-201507,1.3648121,1.3926654,1.3648121,1.3926654,693813.44
1990-05-31,FDO-201507,1.3787388,1.4762254,1.3787388,1.4622986,1375061.1
1990-06-01,FDO-201507,1.4622986,1.4762254,1.448372,1.4622986,476604.06
1990-06-04,FDO-201507,1.4622986,1.4762254,1.4344454,1.4622986,556486.9
1990-06-05,FDO-201507,1.4622986,1.4762254,1.448372,1.4622986,584311.2
1990-06-06,FDO-201507,1.448372,1.4762254,1.4344454,1.4762254,389540.8
1990-06-07,FDO-201507,1.4762254,1.4762254,1.448372,1.4622986,291706.8
1990-06-08,FDO-201507,1.448372,1.448372,1.4205188,1.4205188,226184.98
1990-06-11,FDO-201507,1.4317482,1.4457849,1.4177114,1.4177114,287637.88
1990-06-12,FDO-201507,1.4177114,1.4598217,1.4177114,1.4598217,244002.4
1990-06-13,FDO-201507,1.4878951,1.5019319,1.4738584,1.4738584,476428.06
1990-06-14,FDO-201507,1.4598217,1.4738584,1.4598217,1.4738584,760503.9
1990-06-15,FDO-201507,1.4598217,1.4738584,1.4598217,1.4738584,360660.5
1990-06-18,FDO-201507,1.4738584,1.4738584,1.4177114,1.4177114,306338.78
1990-06-19,FDO-201507,1.4036747,1.4317482,1.4036747,1.4177114,672342.4
1990-06-20,FDO-201507,1.4177114,1.4317482,1.3615644,1.3615644,443478.84
1990-06-21,FDO-201507,1.3615644,1.3756012,1.3615644,1.3615644,427449.47
1990-06-22,FDO-201507,1.3756012,1.4177114,1.3756012,1.4036747,429230.5
1990-06-25,FDO-201507,1.389638,1.4177114,1.389638,1.4036747,886067.1
1990-06-26,FDO-201507,1.4177114,1.4177114,1.4036747,1.4036747,313462.94
1990-06-27,FDO-201507,1.4457849,1.5159687,1.4457849,1.4598217,2495236.2
1990-06-28,FDO-201507,1.5019319,1.6001891,1.5019319,1.5721157,1694659.1
1990-06-29,FDO-201507,1.5721157,1.5861524,1.5300053,1.5300053,1683082.2
1990-07-02,FDO-201507,1.5300053,1.5721157,1.5300053,1.5580789,555684.3
1990-07-03,FDO-201507,1.5721157,1.5861524,1.5580789,1.5580789,765847
1990-07-05,FDO-201507,1.5861524,1.5861524,1.5721157,1.5721157,618020.7
1990-07-06,FDO-201507,1.5861524,1.6422994,1.5861524,1.6142259,911001.7
1990-07-09,FDO-201507,1.6282626,1.6563361,1.5861524,1.6563361,860242.06
1990-07-10,FDO-201507,1.6703728,1.6984464,1.6563361,1.6563361,1239603.5
1990-07-11,FDO-201507,1.6703728,1.6984464,1.6563361,1.6984464,1416816.9
1990-07-12,FDO-201507,1.6984464,1.712483,1.6844096,1.6844096,398062.3
1990-07-13,FDO-201507,1.6984464,1.6984464,1.6422994,1.6703728,666108.75
1990-07-16,FDO-201507,1.6703728,1.6703728,1.6422994,1.6422994,439916.75
1990-07-17,FDO-201507,1.6422994,1.6563361,1.6282626,1.6282626,317915.53
1990-07-18,FDO-201507,1.6282626,1.6282626,1.5861524,1.6282626,515610.94
1990-07-19,FDO-201507,1.6422994,1.6422994,1.6282626,1.6282626,170979.8
1990-07-20,FDO-201507,1.6422994,1.6563361,1.6282626,1.6282626,250236.05
1990-07-23,FDO-201507,1.6282626,1.6282626,1.5440421,1.5721157,526297.2
1990-07-24,FDO-201507,1.5580789,1.6422994,1.5580789,1.6422994,1097120.4
1990-07-25,FDO-201507,1.6422994,1.6563361,1.6422994,1.6422994,225301.5
1990-07-26,FDO-201507,1.6422994,1.6703728,1.6422994,1.6563361,752489.2
1990-07-27,FDO-201507,1.6563361,1.6563361,1.6282626,1.6422994,219958.38
1990-07-30,FDO-201507,1.6422994,1.6844096,1.6422994,1.6844096,499581.56
1990-07-31,FDO-201507,1.6703728,1.6703728,1.6563361,1.6563361,153169.39
1990-08-01,FDO-201507,1.6422994,1.6563361,1.5861524,1.6142259,530749.75
1990-08-02,FDO-201507,1.6001891,1.6142259,1.5721157,1.5861524,229754.1
1990-08-03,FDO-201507,1.5440421,1.5440421,1.3615644,1.4036747,2570040
1990-08-06,FDO-201507,1.389638,1.389638,1.3194542,1.3756012,1244946.6
1990-08-07,FDO-201507,1.3756012,1.4177114,1.3756012,1.3756012,668780.3
1990-08-08,FDO-201507,1.3615644,1.4457849,1.3615644,1.4317482,465741.8
1990-08-09,FDO-201507,1.4457849,1.4457849,1.4036747,1.4457849,811263.5
1990-08-10,FDO-201507,1.4457849,1.4457849,1.4177114,1.4177114,181666.03
1990-08-13,FDO-201507,1.4036747,1.4317482,1.4036747,1.4317482,300995.66
1990-08-14,FDO-201507,1.4177114,1.4457849,1.4177114,1.4317482,43635.47
1990-08-15,FDO-201507,1.4457849,1.4598217,1.4317482,1.4457849,383814
1990-08-16,FDO-201507,1.4317482,1.4457849,1.4177114,1.4177114,293871.5
1990-08-17,FDO-201507,1.4036747,1.4036747,1.3475277,1.3615644,382032.97
1990-08-20,FDO-201507,1.3615644,1.3615644,1.333491,1.3475277,540545.5
1990-08-21,FDO-201507,1.333491,1.333491,1.277344,1.3054174,443478.84
1990-08-22,FDO-201507,1.3054174,1.3756012,1.2913806,1.2913806,753379.7
1990-08-23,FDO-201507,1.277344,1.277344,1.221197,1.221197,389157.12
1990-08-24,FDO-201507,1.2492704,1.2913806,1.221197,1.277344,616239.7
1990-08-27,FDO-201507,1.2492704,1.3054174,1.2492704,1.2913806,512939.38
1990-08-28,FDO-201507,1.3194542,1.3194542,1.3054174,1.3194542,292090.47
1990-08-29,FDO-201507,1.3054174,1.333491,1.3054174,1.333491,195914.34
1990-08-30,FDO-201507,1.3194542,1.333491,1.3194542,1.3194542,54321.703
1990-08-31,FDO-201507,1.3054174,1.3194542,1.2633072,1.277344,466632.34
1990-09-04,FDO-201507,1.2633072,1.2913806,1.2633072,1.277344,439026.22
1990-09-05,FDO-201507,1.277344,1.2913806,1.2633072,1.2913806,230644.61
1990-09-06,FDO-201507,1.277344,1.277344,1.2633072,1.2633072,628706.94
1990-09-07,FDO-201507,1.2492704,1.2633072,1.2352337,1.2633072,322368.16
1990-09-10,FDO-201507,1.2633072,1.2633072,1.2352337,1.2492704,259141.25
1990-09-11,FDO-201507,1.2606018,1.2889298,1.2606018,1.2889298,488913.34
1990-09-12,FDO-201507,1.2889298,1.2889298,1.2747657,1.2889298,180033.08
1990-09-13,FDO-201507,1.2747657,1.2889298,1.2747657,1.2889298,140319.89
1990-09-14,FDO-201507,1.2747657,1.2747657,1.2606018,1.2606018,485383.28
1990-09-17,FDO-201507,1.2464377,1.2606018,1.2464377,1.2464377,309762.78
1990-09-18,FDO-201507,1.2322736,1.2606018,1.2322736,1.2464377,83838.93
1990-09-19,FDO-201507,1.2606018,1.2606018,1.2464377,1.2464377,117374.51
1990-09-20,FDO-201507,1.2464377,1.2464377,1.2322736,1.2322736,354771.06
1990-09-21,FDO-201507,1.2322736,1.2464377,1.2322736,1.2464377,473028.06
1990-09-24,FDO-201507,1.2322736,1.2322736,1.2039454,1.2181095,335355.72
1990-09-25,FDO-201507,1.2181095,1.2322736,1.2181095,1.2181095,187975.7
1990-09-26,FDO-201507,1.2322736,1.2606018,1.2322736,1.2464377,711307.1
1990-09-27,FDO-201507,1.2464377,1.2606018,1.2039454,1.2039454,234749.02
1990-09-28,FDO-201507,1.1756173,1.2039454,1.1614532,1.1897814,238279.06
1990-10-01,FDO-201507,1.1897814,1.2747657,1.1756173,1.2747657,216216.19
1990-10-02,FDO-201507,1.2889298,1.3455861,1.2889298,1.3455861,664533.9
1990-10-03,FDO-201507,1.3455861,1.3597502,1.331422,1.331422,429784.84
1990-10-04,FDO-201507,1.331422,1.3597502,1.2889298,1.3030939,382129.03
1990-10-05,FDO-201507,1.3030939,1.3030939,1.2322736,1.2606018,172090.44
1990-10-08,FDO-201507,1.2606018,1.331422,1.2606018,1.317258,117374.51
1990-10-09,FDO-201507,1.2889298,1.2889298,1.2464377,1.2464377,272697.16
1990-10-10,FDO-201507,1.2322736,1.2322736,1.1189611,1.1331251,149145.05
1990-10-11,FDO-201507,1.1331251,1.1331251,1.0198126,1.0623049,354771.06
1990-10-12,FDO-201507,1.0623049,1.1189611,1.0623049,1.104797,210921.11
1990-10-15,FDO-201507,1.0906329,1.1189611,1.0906329,1.104797,536569.2
1990-10-16,FDO-201507,1.104797,1.1189611,1.0906329,1.0906329,277109.72
1990-10-17,FDO-201507,1.104797,1.1331251,1.0906329,1.0906329,390954.2
1990-10-18,FDO-201507,1.0906329,1.1189611,1.0906329,1.104797,660121.25
1990-10-19,FDO-201507,1.1189611,1.1189611,1.1189611,1.1189611,158852.72
1990-10-22,FDO-201507,1.104797,1.1472892,1.104797,1.1189611,893105.25
1990-10-23,FDO-201507,1.1331251,1.1331251,1.104797,1.104797,338885.78
1990-10-24,FDO-201507,1.1189611,1.1189611,1.0906329,1.104797,268284.6
1990-10-25,FDO-201507,1.1189611,1.1331251,1.104797,1.1189611,210921.11
1990-10-26,FDO-201507,1.1189611,1.1189611,1.0906329,1.0906329,212686.12
1990-10-29,FDO-201507,1.0906329,1.0906329,1.0481408,1.0481408,791616
1990-10-30,FDO-201507,1.0481408,1.0623049,1.0481408,1.0481408,112079.414
1990-10-31,FDO-201507,1.0623049,1.0906329,1.0623049,1.0764688,32653.057
1990-11-01,FDO-201507,1.0906329,1.0906329,1.0623049,1.0906329,166795.34
1990-11-02,FDO-201507,1.0906329,1.0906329,1.0623049,1.0764688,170325.4
1990-11-05,FDO-201507,1.0764688,1.0764688,1.0198126,1.0198126,1240816.2
1990-11-06,FDO-201507,1.0339767,1.0481408,1.0056485,1.0198126,577164.9
1990-11-07,FDO-201507,1.0198126,1.0481408,1.0198126,1.0481408,698069.44
1990-11-08,FDO-201507,1.0623049,1.0764688,1.0481408,1.0764688,987534.4
1990-11-09,FDO-201507,1.0764688,1.0764688,1.0623049,1.0764688,628350.75
1990-11-12,FDO-201507,1.0764688,1.0764688,1.0339767,1.0623049,563044.6
1990-11-13,FDO-201507,1.0481408,1.0623049,1.0339767,1.0623049,646883.56
1990-11-14,FDO-201507,1.0623049,1.0906329,1.0623049,1.0764688,345945.9
1990-11-15,FDO-201507,1.0764688,1.0906329,1.0764688,1.0906329,286817.4
1990-11-16,FDO-201507,1.0906329,1.1331251,1.0764688,1.1331251,177385.53
1990-11-19,FDO-201507,1.1472892,1.1897814,1.1472892,1.1897814,1184335.2
1990-11-20,FDO-201507,1.1756173,1.2039454,1.1472892,1.1614532,364478.72
1990-11-21,FDO-201507,1.1897814,1.2181095,1.1614532,1.2039454,836624.3
1990-11-23,FDO-201507,1.2181095,1.2181095,1.1756173,1.2039454,68836.17
1990-11-26,FDO-201507,1.1897814,1.1897814,1.1472892,1.1897814,164147.8
1990-11-27,FDO-201507,1.1614532,1.1756173,1.1614532,1.1614532,61776.055
1990-11-28,FDO-201507,1.1897814,1.2039454,1.1614532,1.2039454,999889.56
1990-11-29,FDO-201507,1.1897814,1.2039454,1.1756173,1.1897814,212686.12
1990-11-30,FDO-201507,1.1756173,1.1756173,1.1614532,1.1756173,215333.67
1990-12-03,FDO-201507,1.2039454,1.2606018,1.1756173,1.1897814,2676668.2
1990-12-04,FDO-201507,1.2039454,1.2464377,1.1897814,1.2322736,599227.75
1990-12-05,FDO-201507,1.2322736,1.331422,1.2181095,1.2747657,1671483.5
1990-12-06,FDO-201507,1.2889298,1.317258,1.2606018,1.2747657,1268174.1
1990-12-07,FDO-201507,1.2747657,1.2747657,1.2181095,1.2181095,506563.66
1990-12-10,FDO-201507,1.2152501,1.2152501,1.1580619,1.186656,1115614
1990-12-11,FDO-201507,1.200953,1.2152501,1.186656,1.200953,400431.97
1990-12-12,FDO-201507,1.200953,1.2581413,1.186656,1.2581413,503600.06
1990-12-13,FDO-201507,1.2581413,1.2867354,1.2295471,1.2867354,395186.16
1990-12-14,FDO-201507,1.2724383,1.2724383,1.2152501,1.2295471,358465.3
1990-12-17,FDO-201507,1.2295471,1.2581413,1.2295471,1.2438442,219450.72
1990-12-18,FDO-201507,1.2581413,1.3296266,1.2581413,1.3296266,419666.72
1990-12-19,FDO-201507,1.3296266,1.3582207,1.3296266,1.3582207,1180312.6
1990-12-20,FDO-201507,1.3439236,1.3582207,1.3439236,1.3439236,610265.3
1990-12-21,FDO-201507,1.3439236,1.3582207,1.3439236,1.3439236,367208.38
1990-12-24,FDO-201507,1.3725177,1.3725177,1.3582207,1.3582207,129397.234
1990-12-26,FDO-201507,1.3725177,1.3725177,1.3296266,1.3439236,1534406.4
1990-12-27,FDO-201507,1.3439236,1.3439236,1.3296266,1.3296266,238685.44
1990-12-28,FDO-201507,1.3439236,1.3439236,1.3296266,1.3296266,638243.1
1990-12-31,FDO-201507,1.3439236,1.3582207,1.3296266,1.3296266,771137.56
1991-01-02,FDO-201507,1.3439236,1.3439236,1.3296266,1.3296266,740536.9
1991-01-03,FDO-201507,1.3439236,1.3582207,1.3296266,1.3582207,994085.5
1991-01-04,FDO-201507,1.3439236,1.3582207,1.3439236,1.3439236,155626.4
1991-01-07,FDO-201507,1.3296266,1.3439236,1.3296266,1.3439236,62075.7
1991-01-08,FDO-201507,1.3296266,1.3439236,1.3153296,1.3296266,205461.83
1991-01-09,FDO-201507,1.3725177,1.4725971,1.3725177,1.444003,1512548.8
1991-01-10,FDO-201507,1.444003,1.444003,1.3868148,1.415409,719553.56
1991-01-11,FDO-201507,1.415409,1.4583001,1.415409,1.4583001,239559.75
1991-01-14,FDO-201507,1.429706,1.429706,1.4011118,1.4011118,296389.62
1991-01-15,FDO-201507,1.4011118,1.4011118,1.3868148,1.3868148,162620.84
1991-01-16,FDO-201507,1.4011118,1.429706,1.3868148,1.4011118,124151.4
1991-01-17,FDO-201507,1.4583001,1.5440824,1.444003,1.4725971,862065.4
1991-01-18,FDO-201507,1.4725971,1.4868942,1.4725971,1.4725971,228193.77
1991-01-21,FDO-201507,1.4725971,1.4868942,1.4725971,1.4868942,136391.69
1991-01-22,FDO-201507,1.4868942,1.4868942,1.4583001,1.4583001,382945.88
1991-01-23,FDO-201507,1.4725971,1.5440824,1.4583001,1.5440824,403054.9
1991-01-24,FDO-201507,1.5297854,1.5726765,1.5297854,1.5583795,326990.3
1991-01-25,FDO-201507,1.5440824,1.5869737,1.5297854,1.5726765,494857
1991-01-28,FDO-201507,1.5869737,1.6441618,1.5869737,1.6298648,817475.75
1991-01-29,FDO-201507,1.6155678,1.6298648,1.5869737,1.6012707,966982.06
1991-01-30,FDO-201507,1.6012707,1.6155678,1.5869737,1.6012707,532452.1
1991-01-31,FDO-201507,1.6012707,1.6012707,1.5869737,1.6012707,355842.4
1991-02-01,FDO-201507,1.6012707,1.6155678,1.5869737,1.6012707,196718.77
1991-02-04,FDO-201507,1.6012707,1.6298648,1.6012707,1.6155678,1396266.1
1991-02-05,FDO-201507,1.6298648,1.658459,1.6155678,1.6298648,1846533.5
1991-02-06,FDO-201507,1.658459,1.7013501,1.6298648,1.6870531,378574.34
1991-02-07,FDO-201507,1.672756,1.7156472,1.658459,1.7013501,454638.94
1991-02-08,FDO-201507,1.6870531,1.6870531,1.672756,1.672756,331361.84
1991-02-11,FDO-201507,1.6870531,1.7299442,1.672756,1.7156472,531577.8
1991-02-12,FDO-201507,1.7156472,1.7156472,1.7013501,1.7013501,464256.28
1991-02-13,FDO-201507,1.7156472,1.7585384,1.7156472,1.7299442,869934.1
1991-02-14,FDO-201507,1.7299442,1.7585384,1.7299442,1.7299442,484365.3
1991-02-15,FDO-201507,1.7585384,1.7728354,1.7156472,1.7442412,347973.66
1991-02-19,FDO-201507,1.7299442,1.7585384,1.7013501,1.7013501,366334.06
1991-02-20,FDO-201507,1.672756,1.7299442,1.6298648,1.7156472,454638.94
1991-02-21,FDO-201507,1.7156472,1.7299442,1.672756,1.7013501,447644.5
1991-02-22,FDO-201507,1.6870531,1.7013501,1.658459,1.6870531,292892.38
1991-02-25,FDO-201507,1.658459,1.7442412,1.658459,1.7442412,439775.75
1991-02-26,FDO-201507,1.7156472,1.7728354,1.7156472,1.7585384,291143.78
1991-02-27,FDO-201507,1.7585384,1.7585384,1.6870531,1.7156472,204587.52
1991-02-28,FDO-201507,1.7156472,1.7299442,1.6441618,1.6441618,307755.6
1991-03-01,FDO-201507,1.658459,1.8157266,1.6012707,1.8157266,890043.1
1991-03-04,FDO-201507,1.8157266,1.8729148,1.8157266,1.8443207,932884.1
1991-03-05,FDO-201507,1.8586178,1.8729148,1.8443207,1.8586178,676712.56
1991-03-06,FDO-201507,1.8872119,1.8872119,1.7728354,1.8014295,1346430.8
1991-03-07,FDO-201507,1.8300236,1.8729148,1.8157266,1.8443207,267537.53
1991-03-08,FDO-201507,1.8729148,1.9444001,1.8586178,1.9301031,698570.2
1991-03-11,FDO-201507,1.9139854,1.9859396,1.8995944,1.957158,730498
1991-03-12,FDO-201507,1.9283762,2.0003304,1.9283762,1.9715488,1040590.5
1991-03-13,FDO-201507,1.9715488,2.0291123,1.9715488,2.0147214,613236.1
1991-03-14,FDO-201507,2.0291123,2.1010666,2.0147214,2.043503,1123976.8
1991-03-15,FDO-201507,2.043503,2.072285,2.0291123,2.0291123,720074.75
1991-03-18,FDO-201507,2.0291123,2.0866756,2.0291123,2.057894,1204757.1
1991-03-19,FDO-201507,2.072285,2.072285,1.942767,1.957158,758293.44
1991-03-20,FDO-201507,1.942767,1.957158,1.9139854,1.957158,575017.44
1991-03-21,FDO-201507,1.957158,1.9715488,1.942767,1.957158,802592.4
1991-03-22,FDO-201507,1.9715488,1.9859396,1.957158,1.9859396,575017.44
1991-03-25,FDO-201507,1.9859396,2.057894,1.9859396,2.0291123,594995.44
1991-03-26,FDO-201507,2.1010666,2.1874118,2.1010666,2.1730208,1520061.2
1991-03-27,FDO-201507,2.2305844,2.273757,2.1586301,2.1730208,1819730.5
1991-03-28,FDO-201507,2.1730208,2.2305844,2.1298482,2.2018027,1895299.2
1991-04-01,FDO-201507,2.2018027,2.2161934,2.1586301,2.1874118,586309.4
1991-04-02,FDO-201507,2.1874118,2.2161934,2.1586301,2.2018027,2063808.9
1991-04-03,FDO-201507,2.2305844,2.3313205,2.2161934,2.3313205,1331573.6
1991-04-04,FDO-201507,2.3313205,2.48962,2.3313205,2.4176657,1557411.4
1991-04-05,FDO-201507,2.4320567,2.4320567,2.273757,2.288148,1112684.9
1991-04-08,FDO-201507,2.3025389,2.3025389,2.288148,2.3025389,687936.3
1991-04-09,FDO-201507,2.3025389,2.3457115,2.273757,2.3025389,611498.94
1991-04-10,FDO-201507,2.3025389,2.3025389,2.259366,2.259366,751344.56
1991-04-11,FDO-201507,2.273757,2.3025389,2.273757,2.3025389,522032.47
1991-04-12,FDO-201507,2.3025389,2.4032748,2.3025389,2.3457115,992817.2
1991-04-15,FDO-201507,2.3313205,2.3457115,2.3169296,2.3457115,703571.25
1991-04-16,FDO-201507,2.3744931,2.388884,2.3313205,2.3601022,799986.56
1991-04-17,FDO-201507,2.388884,2.4032748,2.3601022,2.3744931,773059.75
1991-04-18,FDO-201507,2.388884,2.388884,2.3025389,2.3025389,605418.7
1991-04-19,FDO-201507,2.3169296,2.3313205,2.273757,2.3025389,995423
1991-04-22,FDO-201507,2.3025389,2.3025389,2.2449753,2.288148,718337.5
1991-04-23,FDO-201507,2.2449753,2.288148,2.2449753,2.288148,638425.75
1991-04-24,FDO-201507,2.3025389,2.3169296,2.2449753,2.273757,446463.72
1991-04-25,FDO-201507,2.2449753,2.273757,2.2449753,2.259366,192830.62
1991-04-26,FDO-201507,2.259366,2.3169296,2.259366,2.3025389,366551.9
1991-04-29,FDO-201507,2.3025389,2.3169296,2.2449753,2.259366,217151.61
1991-04-30,FDO-201507,2.2449753,2.3025389,2.2305844,2.3025389,480339.38
1991-05-01,FDO-201507,2.3025389,2.3025389,2.2449753,2.288148,1361974.9
1991-05-02,FDO-201507,2.3313205,2.3313205,2.3025389,2.3313205,570674.44
1991-05-03,FDO-201507,2.3025389,2.4608383,2.3025389,2.4176657,626265.25
1991-05-06,FDO-201507,2.388884,2.4176657,2.3313205,2.4176657,537667.4
1991-05-07,FDO-201507,2.4176657,2.4320567,2.4176657,2.4176657,310092.5
1991-05-08,FDO-201507,2.4464474,2.4464474,2.3601022,2.388884,356997.25
1991-05-09,FDO-201507,2.388884,2.4032748,2.3313205,2.3457115,397821.75
1991-05-10,FDO-201507,2.3601022,2.3744931,2.3169296,2.3313205,593258.2
1991-05-13,FDO-201507,2.3025389,2.3457115,2.3025389,2.3169296,192830.62
1991-05-14,FDO-201507,2.3169296,2.3313205,2.2449753,2.2449753,303143.66
1991-05-15,FDO-201507,2.2449753,2.2449753,2.2018027,2.2018027,801723.75
1991-05-16,FDO-201507,2.2018027,2.2161934,2.1730208,2.1730208,761767.9
1991-05-17,FDO-201507,2.1586301,2.1730208,2.1586301,2.1586301,419536.9
1991-05-20,FDO-201507,2.1730208,2.1730208,2.1442392,2.1442392,270136.6
1991-05-21,FDO-201507,2.1586301,2.1874118,2.1442392,2.1874118,701834
1991-05-22,FDO-201507,2.1874118,2.3025389,2.1874118,2.3025389,899876.25
1991-05-23,FDO-201507,2.3313205,2.3313205,2.288148,2.3025389,1172618.8
1991-05-24,FDO-201507,2.3169296,2.3313205,2.273757,2.288148,217151.61
1991-05-28,FDO-201507,2.288148,2.3169296,2.288148,2.3025389,604550.06
1991-05-29,FDO-201507,2.3025389,2.504011,2.3025389,2.4752293,1322887.6
1991-05-30,FDO-201507,2.4752293,2.6767013,2.4464474,2.6623104,1740687.4
1991-05-31,FDO-201507,2.6623104,2.6767013,2.604747,2.6623104,1606053.4
1991-06-03,FDO-201507,2.6479197,2.6623104,2.590356,2.590356,2397353.8
1991-06-04,FDO-201507,2.590356,2.6191378,2.5759652,2.590356,2092472.9
1991-06-05,FDO-201507,2.590356,2.6191378,2.5759652,2.6191378,1563491.6
1991-06-06,FDO-201507,2.6191378,2.6335287,2.590356,2.604747,1205625.8
1991-06-07,FDO-201507,2.604747,2.6335287,2.604747,2.604747,793037.7
1991-06-10,FDO-201507,2.6030116,2.631934,2.6030116,2.631934,373413.62
1991-06-11,FDO-201507,2.631934,2.6463952,2.6030116,2.617473,1191120.4
1991-06-12,FDO-201507,2.6030116,2.6463952,2.545167,2.5885503,733861.5
1991-06-13,FDO-201507,2.559628,2.617473,2.559628,2.617473,1587872.2
1991-06-14,FDO-201507,2.6463952,2.7910068,2.6463952,2.7765458,1679496.9
1991-06-17,FDO-201507,2.8633127,2.8633127,2.7765458,2.8488517,1664802.4
1991-06-18,FDO-201507,2.8343904,2.8488517,2.7476234,2.7476234,2573269.2
1991-06-19,FDO-201507,2.6897786,2.6897786,2.617473,2.6463952,1099495.6
1991-06-20,FDO-201507,2.6608562,2.7042398,2.631934,2.7042398,860061.5
1991-06-21,FDO-201507,2.718701,2.7476234,2.7042398,2.7476234,1282745
1991-06-24,FDO-201507,2.7331622,2.7331622,2.6608562,2.6753175,484054.7
1991-06-25,FDO-201507,2.6897786,2.6897786,2.631934,2.631934,468495.8
1991-06-26,FDO-201507,2.7476234,2.892235,2.6897786,2.7476234,2528321.5
1991-06-27,FDO-201507,2.7765458,2.892235,2.7331622,2.805468,1976844.9
1991-06-28,FDO-201507,2.805468,2.8199291,2.7910068,2.805468,713980.7
1991-07-01,FDO-201507,2.8633127,2.8633127,2.8199291,2.8199291,896365.56
1991-07-02,FDO-201507,2.805468,2.8488517,2.805468,2.8199291,2128976.2
1991-07-03,FDO-201507,2.805468,2.8199291,2.805468,2.8199291,1050225.9
1991-07-05,FDO-201507,2.8199291,2.8343904,2.7910068,2.8343904,344888.97
1991-07-08,FDO-201507,2.8343904,2.8343904,2.7910068,2.8199291,1678632.5
1991-07-09,FDO-201507,2.8199291,2.8488517,2.805468,2.8343904,1166917.6
1991-07-10,FDO-201507,2.8343904,2.8488517,2.7765458,2.805468,1332879.2
1991-07-11,FDO-201507,2.805468,2.8343904,2.7910068,2.8343904,929212.1
1991-07-12,FDO-201507,2.8343904,2.9211574,2.8199291,2.9066963,1399436.8
1991-07-15,FDO-201507,2.9356186,2.9790022,2.9211574,2.964541,946499.8
1991-07-16,FDO-201507,2.95008,2.9934633,2.9356186,2.9356186,968109.4
1991-07-17,FDO-201507,2.964541,3.0368469,2.964541,2.9790022,1054547.8
1991-07-18,FDO-201507,2.95008,3.0368469,2.95008,3.0368469,1136664.1
1991-07-19,FDO-201507,3.0657692,3.0802305,3.0368469,3.0802305,856603.94
1991-07-22,FDO-201507,3.0513082,3.0802305,3.0079246,3.0513082,779673.8
1991-07-23,FDO-201507,3.0802305,3.0946915,3.0657692,3.0946915,695828.6
1991-07-24,FDO-201507,3.0946915,3.0946915,2.9356186,2.9790022,2267277.8
1991-07-25,FDO-201507,2.9790022,3.0223856,2.964541,3.0223856,424412.25
1991-07-26,FDO-201507,3.0079246,3.0079246,2.9211574,2.9790022,700150.56
1991-07-29,FDO-201507,2.9934633,3.0368469,2.95008,2.964541,310313.62
1991-07-30,FDO-201507,2.964541,3.1091528,2.964541,3.0657692,1009599.8
1991-07-31,FDO-201507,3.0657692,3.1091528,3.0513082,3.0946915,455530.06
1991-08-01,FDO-201507,3.0946915,3.1091528,3.0802305,3.1091528,406260.2
1991-08-02,FDO-201507,3.1525362,3.1669974,3.0802305,3.1236138,598153.3
1991-08-05,FDO-201507,3.1236138,3.1525362,3.1236138,3.1236138,478868.4
1991-08-06,FDO-201507,3.1525362,3.1525362,3.0368469,3.0946915,953414.9
1991-08-07,FDO-201507,3.0946915,3.1236138,3.0946915,3.1091528,731268.4
1991-08-08,FDO-201507,3.1236138,3.1236138,3.0802305,3.0802305,852282
1991-08-09,FDO-201507,3.0657692,3.0802305,2.8343904,2.892235,1324235.4
1991-08-12,FDO-201507,2.892235,2.892235,2.8488517,2.892235,981939.56
1991-08-13,FDO-201507,2.877774,2.9790022,2.877774,2.95008,790910.8
1991-08-14,FDO-201507,2.964541,2.964541,2.7765458,2.8343904,1913744.9
1991-08-15,FDO-201507,2.8343904,2.9356186,2.8343904,2.9356186,1663938
1991-08-16,FDO-201507,2.9211574,2.95008,2.892235,2.95008,428734.16
1991-08-19,FDO-201507,2.6608562,2.7910068,2.6608562,2.7910068,1538602.5
1991-08-20,FDO-201507,2.8199291,2.877774,2.805468,2.8343904,1170375.1
1991-08-21,FDO-201507,2.892235,2.9356186,2.8633127,2.9211574,975888.9
1991-08-22,FDO-201507,2.9356186,2.95008,2.892235,2.9066963,991447.75
1991-08-23,FDO-201507,2.892235,2.95008,2.892235,2.9211574,618898.5
1991-08-26,FDO-201507,2.892235,2.892235,2.8343904,2.8343904,463309.5
1991-08-27,FDO-201507,2.8199291,2.8343904,2.7910068,2.7910068,744234.1
1991-08-28,FDO-201507,2.805468,2.9790022,2.7910068,2.9066963,1921524.2
1991-08-29,FDO-201507,2.892235,2.9356186,2.892235,2.9211574,539375.25
1991-08-30,FDO-201507,2.9211574,2.9211574,2.8633127,2.9066963,310313.62
1991-09-03,FDO-201507,2.892235,2.892235,2.8343904,2.8343904,423547.88
1991-09-04,FDO-201507,2.8199291,2.8199291,2.7910068,2.805468,273145.16
1991-09-05,FDO-201507,2.7910068,2.805468,2.7620845,2.7765458,694964.25
1991-09-06,FDO-201507,2.7765458,2.805468,2.7331622,2.7910068,291297.22
1991-09-09,FDO-201507,2.7910068,2.7910068,2.7476234,2.7765458,273145.16
1991-09-10,FDO-201507,2.7893302,2.7893302,2.7602746,2.7748024,208222.03
1991-09-11,FDO-201507,2.7893302,2.803858,2.7457469,2.7457469,653920.44
1991-09-12,FDO-201507,2.7457469,2.7748024,2.731219,2.7602746,722754.2
1991-09-13,FDO-201507,2.7893302,2.7893302,2.673108,2.7166915,713289.5
1991-09-16,FDO-201507,2.731219,2.7748024,2.731219,2.7748024,1151244.1
1991-09-17,FDO-201507,2.7748024,2.803858,2.7457469,2.803858,1065202
1991-09-18,FDO-201507,2.803858,2.8183856,2.803858,2.803858,353633.28
1991-09-19,FDO-201507,2.803858,2.861969,2.803858,2.861969,1091014.6
1991-09-20,FDO-201507,2.861969,2.8764968,2.8474412,2.8764968,612620.2
1991-09-23,FDO-201507,2.8474412,2.9055524,2.8474412,2.9055524,1084131.2
1991-09-24,FDO-201507,2.8910246,2.9055524,2.8764968,2.8910246,2410041
1991-09-25,FDO-201507,2.9055524,2.9781911,2.9055524,2.9491355,725335.44
1991-09-26,FDO-201507,2.9781911,3.05083,2.9781911,3.05083,1116827.2
1991-09-27,FDO-201507,3.0798855,3.1234686,3.0653577,3.1089408,1650288.6
1991-09-30,FDO-201507,3.1379964,3.1815798,3.1234686,3.167052,1421416.5
1991-10-01,FDO-201507,3.1961074,3.3123295,3.1961074,3.3123295,1209752.8
1991-10-02,FDO-201507,3.2978017,3.399496,3.2832742,3.2978017,1041110.2
1991-10-03,FDO-201507,3.2687464,3.2978017,3.2396908,3.2832742,747706.4
1991-10-04,FDO-201507,3.2832742,3.2978017,3.225163,3.2687464,326960.22
1991-10-07,FDO-201507,3.1961074,3.225163,3.1815798,3.1815798,834609
1991-10-08,FDO-201507,3.1525242,3.1961074,3.036302,3.036302,517973.8
1991-10-09,FDO-201507,3.0072465,3.0217743,2.9636633,3.0072465,887955.1
1991-10-10,FDO-201507,3.0072465,3.0944133,3.0072465,3.0944133,727916.7
1991-10-11,FDO-201507,3.0798855,3.1525242,3.0798855,3.1525242,319216.4
1991-10-14,FDO-201507,3.1379964,3.2106352,3.1379964,3.2106352,325239.38
1991-10-15,FDO-201507,3.1961074,3.2542186,3.1961074,3.2106352,261568.17
1991-10-16,FDO-201507,3.2687464,3.3849685,3.2687464,3.3268573,1206311.1
1991-10-17,FDO-201507,3.3413851,3.3849685,3.3268573,3.3849685,1478204.4
1991-10-18,FDO-201507,3.3849685,3.4140239,3.355913,3.3704407,521415.5
1991-10-21,FDO-201507,3.3704407,3.3704407,3.3268573,3.3413851,602295.1
1991-10-22,FDO-201507,3.3413851,3.3704407,3.3268573,3.3704407,776100.3
1991-10-23,FDO-201507,3.3704407,3.3849685,3.3268573,3.3268573,599713.9
1991-10-24,FDO-201507,3.3413851,3.355913,3.2687464,3.2832742,519694.66
1991-10-25,FDO-201507,3.2832742,3.2978017,3.2396908,3.2687464,517113.4
1991-10-28,FDO-201507,3.2542186,3.2978017,3.2542186,3.2832742,209942.88
1991-10-29,FDO-201507,3.2832742,3.3268573,3.2687464,3.3123295,270172.38
1991-10-30,FDO-201507,3.3123295,3.3268573,3.2978017,3.3123295,455163.03
1991-10-31,FDO-201507,3.3123295,3.3123295,3.225163,3.2396908,1181358.9
1991-11-01,FDO-201507,3.2106352,3.2396908,3.1961074,3.2396908,550669.8
1991-11-04,FDO-201507,3.2396908,3.2542186,3.225163,3.2396908,221128.36
1991-11-05,FDO-201507,3.2542186,3.2542186,3.1089408,3.1379964,370841.72
1991-11-06,FDO-201507,3.167052,3.167052,3.05083,3.0798855,886234.25
1991-11-07,FDO-201507,3.1089408,3.2542186,3.1089408,3.2396908,582505.44
1991-11-08,FDO-201507,3.2687464,3.2978017,3.2542186,3.2542186,219407.52
1991-11-11,FDO-201507,3.2978017,3.3123295,3.2687464,3.2978017,181548.97
1991-11-12,FDO-201507,3.2978017,3.355913,3.2832742,3.355913,428489.97
1991-11-13,FDO-201507,3.3123295,3.3413851,3.2687464,3.3268573,314914.3
1991-11-14,FDO-201507,3.355913,3.3849685,3.3268573,3.3849685,826865.2
1991-11-15,FDO-201507,3.399496,3.5011904,3.2978017,3.3704407,1633940.6
1991-11-18,FDO-201507,3.3413851,3.4576073,3.3413851,3.4576073,1444647.9
1991-11-19,FDO-201507,3.4285517,3.4430795,3.3413851,3.399496,2083941.1
1991-11-20,FDO-201507,3.4285517,3.4430795,3.355913,3.3704407,1077247.9
1991-11-21,FDO-201507,3.3704407,3.3704407,3.2978017,3.3268573,771798.2
1991-11-22,FDO-201507,3.3268573,3.3268573,3.2542186,3.2542186,741683.44
1991-11-25,FDO-201507,3.2542186,3.2542186,3.1525242,3.1525242,444837.97
1991-11-26,FDO-201507,3.167052,3.2106352,3.1525242,3.1815798,645316.2
1991-11-27,FDO-201507,3.1961074,3.2687464,3.1961074,3.225163,299426.72
1991-11-29,FDO-201507,3.225163,3.2542186,3.2106352,3.2542186,653920.44
1991-12-02,FDO-201507,3.2542186,3.355913,3.2396908,3.3413851,1588338.4
1991-12-03,FDO-201507,3.355913,3.355913,3.3123295,3.3268573,248661.84
1991-12-04,FDO-201507,3.355913,3.3849685,3.355913,3.3704407,1662334.6
1991-12-05,FDO-201507,3.3849685,3.4866626,3.3704407,3.4866626,650478.75
1991-12-06,FDO-201507,3.4576073,3.4866626,3.399496,3.4285517,695220.7
1991-12-09,FDO-201507,3.4285517,3.4430795,3.3849685,3.399496,309751.78
1991-12-10,FDO-201507,3.4560766,3.6456504,3.441494,3.6310678,1372354.6
1991-12-11,FDO-201507,3.6310678,3.7623112,3.6310678,3.7623112,904331.1
1991-12-12,FDO-201507,3.7623112,3.7914762,3.6019025,3.7914762,1146057.5
1991-12-13,FDO-201507,3.8206415,3.8498068,3.7623112,3.8498068,729465.2
1991-12-16,FDO-201507,3.8498068,3.8498068,3.7623112,3.8206415,363446.8
1991-12-17,FDO-201507,3.806059,3.806059,3.7185633,3.7185633,294014.75
1991-12-18,FDO-201507,3.7039807,3.7039807,3.6019025,3.6310678,440593.53
1991-12-19,FDO-201507,3.6310678,3.6310678,3.5581548,3.5581548,376304.6
1991-12-20,FDO-201507,3.5873199,3.6019025,3.470659,3.470659,639460.7
1991-12-23,FDO-201507,3.4998243,3.7623112,3.4998243,3.7623112,1218061.1
1991-12-24,FDO-201507,3.7768939,3.7914762,3.689398,3.7185633,624031.3
1991-12-26,FDO-201507,3.7039807,3.733146,3.6310678,3.689398,520311.84
1991-12-27,FDO-201507,3.6456504,3.6748157,3.5581548,3.5873199,1946669.1
1991-12-30,FDO-201507,3.6310678,3.8206415,3.6310678,3.806059,1254063
1991-12-31,FDO-201507,3.7623112,4.0102153,3.7623112,4.0102153,1177773.4
1992-01-02,FDO-201507,3.9810503,3.995633,3.8498068,3.8935544,1040623.7
1992-01-03,FDO-201507,3.8935544,3.908137,3.8498068,3.878972,427735.75
1992-01-06,FDO-201507,3.878972,3.9373024,3.7914762,3.9227197,775753.25
1992-01-07,FDO-201507,3.908137,3.9373024,3.8935544,3.908137,333445.3
1992-01-08,FDO-201507,3.9373024,3.9664676,3.908137,3.9664676,444879.47
1992-01-09,FDO-201507,4.199789,4.3456154,4.1122937,4.3456154,1899523.9
1992-01-10,FDO-201507,4.1852064,4.2289543,4.170624,4.2289543,2267256.8
1992-01-13,FDO-201507,4.199789,4.2289543,4.170624,4.199789,894902.06
1992-01-14,FDO-201507,4.1852064,4.3018675,4.1852064,4.3018675,865757.75
1992-01-15,FDO-201507,4.3310328,4.4914412,4.287285,4.462276,763752.6
1992-01-16,FDO-201507,4.4331107,4.608102,4.37478,4.593519,1599508.9
1992-01-17,FDO-201507,4.578937,4.578937,4.462276,4.4914412,689177.44
1992-01-20,FDO-201507,4.462276,4.4768586,4.418528,4.462276,537455.56
1992-01-21,FDO-201507,4.462276,4.462276,4.3456154,4.4039454,931761.06
1992-01-22,FDO-201507,4.4039454,4.4331107,4.360198,4.389363,980620.6
1992-01-23,FDO-201507,4.418528,4.4331107,4.31645,4.3456154,430307.3
1992-01-24,FDO-201507,4.360198,4.389363,4.287285,4.287285,521169
1992-01-27,FDO-201507,4.272702,4.272702,4.199789,4.2581196,498025
1992-01-28,FDO-201507,4.2581196,4.2581196,4.2143717,4.2289543,246012.34
1992-01-29,FDO-201507,4.2581196,4.287285,4.170624,4.2289543,477452.53
1992-01-30,FDO-201507,4.2289543,4.2289543,4.141459,4.141459,408020.47
1992-01-31,FDO-201507,4.141459,4.141459,3.9373024,3.995633,1381783.6
1992-02-03,FDO-201507,3.9810503,4.199789,3.9810503,4.199789,1303779.8
1992-02-04,FDO-201507,4.2289543,4.418528,4.170624,4.4039454,879472.7
1992-02-05,FDO-201507,4.37478,4.4331107,4.3456154,4.360198,608602
1992-02-06,FDO-201507,4.360198,4.37478,4.31645,4.31645,720036.1
1992-02-07,FDO-201507,4.31645,4.31645,4.243537,4.287285,559742.4
1992-02-10,FDO-201507,4.272702,4.287285,4.2289543,4.243537,449165.4
1992-02-11,FDO-201507,4.2289543,4.243537,4.1852064,4.2289543,291443.2
1992-02-12,FDO-201507,4.2289543,4.3018675,4.199789,4.287285,526312.1
1992-02-13,FDO-201507,4.3456154,4.462276,4.3310328,4.389363,690891.8
1992-02-14,FDO-201507,4.389363,4.4914412,4.3456154,4.462276,812612.2
1992-02-18,FDO-201507,4.462276,4.535189,4.4331107,4.4914412,518597.47
1992-02-19,FDO-201507,4.4914412,4.535189,4.4768586,4.4914412,196295.56
1992-02-20,FDO-201507,4.4914412,4.5206065,4.4039454,4.4039454,246869.53
1992-02-21,FDO-201507,4.389363,4.389363,4.2581196,4.2581196,344588.72
1992-02-24,FDO-201507,4.2581196,4.2581196,4.199789,4.2143717,556313.6
1992-02-25,FDO-201507,4.2143717,4.2143717,4.141459,4.1560416,512597.16
1992-02-26,FDO-201507,4.1560416,4.170624,4.0831285,4.0831285,943761.6
1992-02-27,FDO-201507,4.0831285,4.141459,3.9664676,4.1122937,1878522.9
1992-02-28,FDO-201507,4.1122937,4.2581196,4.1122937,4.2289543,1352210.8
1992-03-02,FDO-201507,4.2289543,4.2581196,4.141459,4.170624,1211632.2
1992-03-03,FDO-201507,4.170624,4.170624,3.995633,4.0831285,1955669.6
1992-03-04,FDO-201507,4.0831285,4.1122937,3.995633,3.995633,1068910.8
1992-03-05,FDO-201507,4.0831285,4.31645,4.0831285,4.31645,2484124.8
1992-03-06,FDO-201507,4.31645,4.4331107,4.2581196,4.287285,1161486.9
1992-03-09,FDO-201507,4.2581196,4.287285,4.199789,4.199789,871758.06
1992-03-10,FDO-201507,4.2442813,4.361365,4.21501,4.361365,893378.6
1992-03-11,FDO-201507,4.566261,4.566261,4.4491773,4.4784484,1243982.8
1992-03-12,FDO-201507,4.4491773,4.53699,4.3906355,4.4199066,632454
1992-03-13,FDO-201507,4.4491773,4.4491773,4.4199066,4.4491773,324554.38
1992-03-16,FDO-201507,4.4491773,4.4784484,4.4199066,4.4491773,296369.38
1992-03-17,FDO-201507,4.507719,4.595532,4.4784484,4.595532,453522.03
1992-03-18,FDO-201507,4.595532,4.683345,4.53699,4.624803,614091.06
1992-03-19,FDO-201507,4.6540737,4.8004284,4.6540737,4.7711573,1467327.4
1992-03-20,FDO-201507,4.888241,4.9760537,4.85897,4.888241,1270886.6
1992-03-23,FDO-201507,4.917512,5.0345955,4.888241,4.9760537,997577.7
1992-03-24,FDO-201507,5.005325,5.0931373,4.888241,4.917512,1184623.5
1992-03-25,FDO-201507,4.9760537,5.005325,4.917512,4.9467826,592311.75
1992-03-26,FDO-201507,4.917512,5.005325,4.917512,5.005325,487685.66
1992-03-27,FDO-201507,5.0345955,5.0638666,4.917512,5.005325,420212.5
1992-03-30,FDO-201507,4.9760537,5.0931373,4.9760537,5.005325,477863.62
1992-03-31,FDO-201507,4.9467826,4.9467826,4.8004284,4.829699,737934.2
1992-04-01,FDO-201507,4.829699,4.888241,4.6540737,4.888241,1318288.6
1992-04-02,FDO-201507,4.917512,4.9760537,4.683345,4.7126155,1435726.1
1992-04-03,FDO-201507,4.7418866,4.8004284,4.6540737,4.683345,678574.9
1992-04-06,FDO-201507,4.683345,4.917512,4.683345,4.888241,685407.6
1992-04-07,FDO-201507,4.9467826,4.9467826,4.6540737,4.8004284,609820.56
1992-04-08,FDO-201507,4.7711573,4.7711573,4.595532,4.624803,737080.06
1992-04-09,FDO-201507,4.683345,4.917512,4.6540737,4.917512,554304.7
1992-04-10,FDO-201507,4.9760537,5.005325,4.829699,4.829699,545336.75
1992-04-13,FDO-201507,4.8004284,4.829699,4.6540737,4.8004284,378362.06
1992-04-14,FDO-201507,4.6540737,4.9467826,4.624803,4.7418866,6121266.5
1992-04-15,FDO-201507,4.7711573,4.7711573,4.6540737,4.7418866,1677006.6
1992-04-16,FDO-201507,4.7418866,4.7418866,4.4491773,4.595532,925407
1992-04-20,FDO-201507,4.566261,4.566261,4.21501,4.3320937,1067613.1
1992-04-21,FDO-201507,4.302823,4.4491773,4.273552,4.4199066,906190
1992-04-22,FDO-201507,4.4491773,4.624803,4.4199066,4.566261,574375.8
1992-04-23,FDO-201507,4.566261,4.7418866,4.566261,4.7418866,1622344.9
1992-04-24,FDO-201507,4.7711573,4.829699,4.683345,4.7126155,725976.9
1992-04-27,FDO-201507,4.624803,4.624803,4.507719,4.507719,588895.4
1992-04-28,FDO-201507,4.4784484,4.4784484,4.1857395,4.21501,1146189.4
1992-04-29,FDO-201507,4.2442813,4.3320937,4.0101137,4.0979266,1378929
1992-04-30,FDO-201507,4.21501,4.361365,4.1857395,4.361365,898076.1
1992-05-01,FDO-201507,4.361365,4.507719,4.302823,4.4784484,705478.75
1992-05-04,FDO-201507,4.507719,4.53699,4.4784484,4.53699,530390.2
1992-05-05,FDO-201507,4.566261,4.595532,4.507719,4.566261,343771.4
1992-05-06,FDO-201507,4.53699,4.566261,4.507719,4.566261,395016.84
1992-05-07,FDO-201507,4.566261,4.595532,4.4784484,4.507719,478717.72
1992-05-08,FDO-201507,4.4491773,4.4784484,4.2442813,4.4199066,599144.44
1992-05-11,FDO-201507,4.4199066,4.4491773,4.361365,4.3906355,338219.8
1992-05-12,FDO-201507,4.3906355,4.53699,4.3906355,4.4491773,750745.5
1992-05-13,FDO-201507,4.4199066,4.4491773,4.361365,4.361365,316440.53
1992-05-14,FDO-201507,4.361365,4.361365,4.1857395,4.21501,399287.28
1992-05-15,FDO-201507,4.21501,4.21501,4.039385,4.0979266,640140.8
1992-05-18,FDO-201507,4.0979266,4.0979266,3.8344884,3.922301,1444694
1992-05-19,FDO-201507,4.0101137,4.0686555,3.922301,4.0686555,660639
1992-05-20,FDO-201507,4.0686555,4.0686555,3.980843,4.0101137,358718
1992-05-21,FDO-201507,3.951572,4.039385,3.8344884,4.0101137,612809.9
1992-05-22,FDO-201507,3.951572,3.980843,3.8930302,3.922301,354874.6
1992-05-26,FDO-201507,3.8930302,3.8930302,3.8344884,3.8344884,303202.12
1992-05-27,FDO-201507,3.7759466,3.922301,3.7759466,3.8637593,335230.5
1992-05-28,FDO-201507,3.8637593,4.0101137,3.8637593,3.922301,237010.11
1992-05-29,FDO-201507,3.922301,4.1271973,3.922301,4.0101137,928396.3
1992-06-01,FDO-201507,4.0101137,4.0101137,3.922301,3.951572,600425.6
1992-06-02,FDO-201507,3.951572,4.039385,3.922301,4.0101137,451813.84
1992-06-03,FDO-201507,3.980843,4.0101137,3.8052175,3.8930302,521849.28
1992-06-04,FDO-201507,3.8637593,3.8930302,3.4246957,3.4832375,2189888
1992-06-05,FDO-201507,3.5125084,3.5125084,3.336883,3.4246957,1566829
1992-06-08,FDO-201507,3.366154,3.4832375,3.336883,3.336883,1261064.6
1992-06-09,FDO-201507,3.3815787,3.4109836,3.2639585,3.2933636,2333784.2
1992-06-10,FDO-201507,3.2639585,3.3227684,3.2345533,3.2345533,1278267.6
1992-06-11,FDO-201507,3.2345533,3.2933636,3.0875282,3.2639585,1305899
1992-06-12,FDO-201507,3.3521736,3.4697938,3.3227684,3.3815787,1114180.1
1992-06-15,FDO-201507,3.4109836,3.4109836,3.2639585,3.2933636,630844.44
1992-06-16,FDO-201507,3.3521736,3.4697938,3.2639585,3.2933636,2210931.2
1992-06-17,FDO-201507,3.2933636,3.4109836,3.2639585,3.2639585,1776056.6
1992-06-18,FDO-201507,3.2639585,3.4109836,3.2639585,3.3815787,478234.47
1992-06-19,FDO-201507,3.3521736,3.4403887,3.2933636,3.4403887,559003
1992-06-22,FDO-201507,3.3815787,3.4697938,3.3227684,3.4697938,813211.2
1992-06-23,FDO-201507,3.4697938,3.5874138,3.4697938,3.5286038,1463185
1992-06-24,FDO-201507,3.5874138,3.675629,3.5874138,3.675629,709912.5
1992-06-25,FDO-201507,3.675629,3.705034,3.4991987,3.5286038,570480.6
1992-06-26,FDO-201507,3.5286038,3.734439,3.5286038,3.734439,540723.8
1992-06-29,FDO-201507,3.705034,3.763844,3.5874138,3.675629,519043.8
1992-06-30,FDO-201507,3.6462238,3.675629,3.616819,3.675629,344328.84
1992-07-01,FDO-201507,3.705034,3.734439,3.616819,3.6462238,2265768.8
1992-07-02,FDO-201507,3.675629,3.763844,3.5874138,3.705034,1700814.4
1992-07-06,FDO-201507,3.734439,3.7932491,3.705034,3.734439,911833.75
1992-07-07,FDO-201507,3.763844,3.763844,3.5874138,3.5874138,484610.94
1992-07-08,FDO-201507,3.5874138,3.616819,3.5286038,3.5874138,1381991.4
1992-07-09,FDO-201507,3.5874138,3.5874138,3.4991987,3.5286038,580682.94
1992-07-10,FDO-201507,3.5286038,3.558009,3.4991987,3.558009,578557.44
1992-07-13,FDO-201507,3.5874138,3.734439,3.5874138,3.734439,329450.44
1992-07-14,FDO-201507,3.734439,3.734439,3.5286038,3.558009,927987.44
1992-07-15,FDO-201507,3.558009,3.675629,3.558009,3.5874138,890153.8
1992-07-16,FDO-201507,3.616819,3.705034,3.5874138,3.675629,482060.38
1992-07-17,FDO-201507,3.675629,3.675629,3.616819,3.675629,459530.2
1992-07-20,FDO-201507,3.616819,3.6462238,3.558009,3.6462238,365583.7
1992-07-21,FDO-201507,3.675629,3.675629,3.558009,3.5874138,350705.28
1992-07-22,FDO-201507,3.558009,3.558009,3.4697938,3.4697938,449752.97
1992-07-23,FDO-201507,3.4991987,3.5286038,3.4403887,3.4991987,459955.3
1992-07-24,FDO-201507,3.4991987,3.5286038,3.4403887,3.4697938,194269.47
1992-07-27,FDO-201507,3.4697938,3.4697938,3.3815787,3.3815787,311596.34
1992-07-28,FDO-201507,3.3815787,3.4991987,3.3815787,3.4109836,1818566.4
1992-07-29,FDO-201507,3.4697938,3.616819,3.4403887,3.5286038,816186.9
1992-07-30,FDO-201507,3.5874138,3.675629,3.558009,3.616819,473558.4
1992-07-31,FDO-201507,3.6462238,3.6462238,3.616819,3.616819,512242.28
1992-08-03,FDO-201507,3.6462238,3.6462238,3.5874138,3.616819,357506.84
1992-08-04,FDO-201507,3.616819,3.6462238,3.558009,3.558009,621917.4
1992-08-05,FDO-201507,3.558009,3.5874138,3.4697938,3.4991987,1024059.44
1992-08-06,FDO-201507,3.558009,3.675629,3.558009,3.6462238,1308449.5
1992-08-07,FDO-201507,3.6462238,3.8520591,3.6462238,3.822654,1427051.8
1992-08-10,FDO-201507,3.8520591,3.9402742,3.822654,3.9108691,622342.5
1992-08-11,FDO-201507,3.9402742,3.969679,3.8520591,3.9108691,1324603.2
1992-08-12,FDO-201507,3.8814642,3.9108691,3.822654,3.8814642,388964.06
1992-08-13,FDO-201507,3.8520591,3.9402742,3.8520591,3.8520591,389814.25
1992-08-14,FDO-201507,3.8814642,3.8814642,3.7932491,3.8520591,180241.27
1992-08-17,FDO-201507,3.8520591,4.057894,3.822654,3.969679,489712.12
1992-08-18,FDO-201507,4.028489,4.1167045,3.9990842,4.028489,615540.94
1992-08-19,FDO-201507,4.028489,4.057894,3.969679,4.057894,474833.72
1992-08-20,FDO-201507,4.028489,4.0872993,4.028489,4.057894,543699.5
1992-08-21,FDO-201507,4.1167045,4.1461096,4.028489,4.0872993,470157.62
1992-08-24,FDO-201507,3.9990842,4.028489,3.969679,4.028489,305219.88
1992-08-25,FDO-201507,3.9990842,4.028489,3.9402742,3.9990842,576857.06
1992-08-26,FDO-201507,4.057894,4.1167045,4.028489,4.0872993,616391.1
1992-08-27,FDO-201507,4.1167045,4.2343245,4.1167045,4.2343245,1116730.6
1992-08-28,FDO-201507,4.2343245,4.2343245,4.175514,4.2049193,715013.7
1992-08-31,FDO-201507,4.175514,4.2049193,4.057894,4.057894,491412.5
1992-09-01,FDO-201507,4.0872993,4.1167045,4.028489,4.028489,346029.22
1992-09-02,FDO-201507,4.028489,4.0872993,3.969679,4.0872993,422971.84
1992-09-03,FDO-201507,4.0872993,4.2343245,4.057894,4.2049193,978148.94
1992-09-04,FDO-201507,4.2049193,4.2049193,4.0872993,4.1167045,289066.2
1992-09-08,FDO-201507,4.0872993,4.1167045,4.028489,4.057894,421696.53
1992-09-09,FDO-201507,4.043727,4.2208242,4.043727,4.161792,807182.4
1992-09-10,FDO-201507,4.2208242,4.2208242,4.191308,4.2208242,213441.72
1992-09-11,FDO-201507,4.161792,4.191308,4.161792,4.161792,229534.55
1992-09-14,FDO-201507,4.2208242,4.2503405,4.161792,4.191308,287976.94
1992-09-15,FDO-201507,4.161792,4.2208242,4.161792,4.161792,440011.8
1992-09-16,FDO-201507,4.161792,4.2208242,4.161792,4.161792,993943.9
1992-09-17,FDO-201507,4.191308,4.191308,4.1322756,4.1322756,423495.47
1992-09-18,FDO-201507,4.1322756,4.1322756,4.1027594,4.1322756,1210773.6
1992-09-21,FDO-201507,4.1027594,4.1322756,4.1027594,4.1322756,290094.4
1992-09-22,FDO-201507,4.1322756,4.1322756,4.0142107,4.073243,669969.9
1992-09-23,FDO-201507,4.043727,4.1027594,4.043727,4.043727,291364.88
1992-09-24,FDO-201507,4.0142107,4.043727,3.9846942,4.0142107,298564.3
1992-09-25,FDO-201507,4.0142107,4.043727,3.955178,4.0142107,389192.34
1992-09-28,FDO-201507,4.0142107,4.1322756,3.9846942,4.1027594,718671.8
1992-09-29,FDO-201507,4.1027594,4.191308,4.1027594,4.161792,384110.4
1992-09-30,FDO-201507,4.1322756,4.161792,4.1027594,4.1322756,816075.8
1992-10-01,FDO-201507,4.1027594,4.191308,4.1027594,4.161792,501418.66
1992-10-02,FDO-201507,4.161792,4.161792,4.1027594,4.1027594,530639.8
1992-10-05,FDO-201507,4.1027594,4.1027594,3.837113,4.043727,511159.03
1992-10-06,FDO-201507,3.9846942,4.1027594,3.9846942,4.073243,266802.16
1992-10-07,FDO-201507,4.073243,4.191308,4.073243,4.161792,212171.23
1992-10-08,FDO-201507,4.2208242,4.2798567,4.191308,4.2503405,833862.6
1992-10-09,FDO-201507,4.2503405,4.2798567,4.191308,4.2503405,425612.97
1992-10-12,FDO-201507,4.2208242,4.2798567,4.2208242,4.2503405,225723.1
1992-10-13,FDO-201507,4.2503405,4.338889,4.2503405,4.2798567,274848.56
1992-10-14,FDO-201507,4.309373,4.309373,4.2503405,4.2503405,380722.44
1992-10-15,FDO-201507,4.2503405,4.2503405,4.191308,4.2208242,504383.12
1992-10-16,FDO-201507,4.2503405,4.2798567,4.2208242,4.2503405,415872.56
1992-10-19,FDO-201507,4.2503405,4.3979216,4.2503405,4.3979216,838944.56
1992-10-20,FDO-201507,4.3979216,4.4569545,4.3684053,4.3684053,1776563.5
1992-10-21,FDO-201507,4.4274383,4.4569545,4.3979216,4.4274383,2519374.5
1992-10-22,FDO-201507,4.4274383,4.4274383,4.338889,4.3684053,575530.4
1992-10-23,FDO-201507,4.3684053,4.4274383,4.2798567,4.4274383,2365645.8
1992-10-26,FDO-201507,4.4569545,4.634052,4.4569545,4.5750194,1987040.8
1992-10-27,FDO-201507,4.6045356,4.7521167,4.6045356,4.6930842,1302672.1
1992-10-28,FDO-201507,4.6930842,4.840666,4.6930842,4.840666,1314953.5
1992-10-29,FDO-201507,4.840666,4.988247,4.840666,4.9292145,1436920.1
1992-10-30,FDO-201507,4.9292145,4.988247,4.870182,4.870182,1057468.2
1992-11-02,FDO-201507,4.870182,4.9587307,4.870182,4.9587307,1918434.5
1992-11-03,FDO-201507,4.9587307,4.988247,4.870182,4.9587307,486596.3
1992-11-04,FDO-201507,4.9292145,5.0767956,4.9292145,5.0472794,655571
1992-11-05,FDO-201507,5.106312,5.165344,5.0472794,5.135828,1308177.5
1992-11-06,FDO-201507,5.135828,5.135828,4.988247,5.0767956,1060009.1
1992-11-09,FDO-201507,5.017763,5.017763,4.870182,4.8996983,354042.22
1992-11-10,FDO-201507,4.9292145,4.9587307,4.870182,4.9587307,1110405.1
1992-11-11,FDO-201507,4.9292145,5.0767956,4.9292145,5.0472794,330326.47
1992-11-12,FDO-201507,5.0767956,5.106312,4.988247,5.017763,763562.4
1992-11-13,FDO-201507,5.0472794,5.0767956,4.7521167,4.840666,834286.1
1992-11-16,FDO-201507,4.840666,4.988247,4.840666,4.9292145,877906.1
1992-11-17,FDO-201507,4.8996983,4.9587307,4.8996983,4.8996983,448058.22
1992-11-18,FDO-201507,4.9292145,4.9292145,4.870182,4.870182,595011.1
1992-11-19,FDO-201507,4.870182,5.106312,4.870182,5.106312,624655.8
1992-11-20,FDO-201507,5.0767956,5.2834096,5.0767956,5.2538934,1087959.9
1992-11-23,FDO-201507,5.2538934,5.4014745,5.2243767,5.312926,648795.06
1992-11-24,FDO-201507,5.3719583,5.5195394,5.342442,5.4309907,1029941
1992-11-25,FDO-201507,5.460507,5.5490556,5.342442,5.5195394,1114216.6
1992-11-27,FDO-201507,5.608088,5.667121,5.578572,5.637604,404861.7
1992-11-30,FDO-201507,5.696637,5.814702,5.696637,5.814702,633549.25
1992-12-01,FDO-201507,5.7261534,5.7261534,5.490023,5.5195394,2211493.5
1992-12-02,FDO-201507,5.4309907,5.460507,5.165344,5.342442,1738025.5
1992-12-03,FDO-201507,5.3719583,5.460507,5.342442,5.460507,528522.4
1992-12-04,FDO-201507,5.4309907,5.5195394,5.4309907,5.490023,429847.9
1992-12-07,FDO-201507,5.312926,5.4014745,5.165344,5.4014745,2102655
1992-12-08,FDO-201507,5.4309907,5.4309907,5.312926,5.4309907,769491.3
1992-12-09,FDO-201507,5.4463825,5.5055823,5.3871827,5.4167824,663431.2
1992-12-10,FDO-201507,5.4167824,5.4167824,5.268783,5.327983,366132.94
1992-12-11,FDO-201507,5.268783,5.2983828,5.2391834,5.268783,184544.52
1992-12-14,FDO-201507,5.2983828,5.327983,5.2391834,5.2983828,198480.36
1992-12-15,FDO-201507,5.2983828,5.3871827,5.268783,5.268783,460727.84
1992-12-16,FDO-201507,5.268783,5.2983828,5.2095833,5.2391834,257179.88
1992-12-17,FDO-201507,5.2095833,5.3871827,5.179983,5.3871827,476775.2
1992-12-18,FDO-201507,5.4463825,5.4759827,5.3871827,5.4167824,798989.06
1992-12-21,FDO-201507,5.4167824,5.4463825,5.327983,5.4167824,551944.3
1992-12-22,FDO-201507,5.4463825,5.4759827,5.4167824,5.4463825,461150.12
1992-12-23,FDO-201507,5.4167824,5.4463825,5.357583,5.3871827,332349.03
1992-12-24,FDO-201507,5.3871827,5.3871827,5.327983,5.3871827,190878.98
1992-12-28,FDO-201507,5.357583,5.3871827,5.327983,5.327983,744512.5
1992-12-29,FDO-201507,5.327983,5.535182,5.327983,5.535182,399916.8
1992-12-30,FDO-201507,5.535182,5.623982,5.535182,5.564782,322636.16
1992-12-31,FDO-201507,5.5943823,5.5943823,5.4759827,5.564782,169341.77
1993-01-04,FDO-201507,5.5055823,5.5943823,5.5055823,5.5055823,372045.12
1993-01-05,FDO-201507,5.564782,5.564782,5.4167824,5.4759827,507602.97
1993-01-06,FDO-201507,5.535182,5.535182,5.3871827,5.4167824,782941.7
1993-01-07,FDO-201507,5.3871827,5.3871827,5.2391834,5.327983,977621.4
1993-01-08,FDO-201507,5.2983828,5.327983,5.120784,5.179983,1103044.1
1993-01-11,FDO-201507,5.1503835,5.1503835,4.8839846,4.943184,859377.75
1993-01-12,FDO-201507,4.913584,5.0911837,4.8247843,5.0911837,660052.8
1993-01-13,FDO-201507,5.179983,5.179983,5.120784,5.120784,340372.72
1993-01-14,FDO-201507,5.120784,5.2391834,5.0911837,5.2391834,702282.7
1993-01-15,FDO-201507,5.2095833,5.357583,5.2095833,5.327983,363176.84
1993-01-18,FDO-201507,5.2983828,5.327983,5.0911837,5.179983,288852.28
1993-01-19,FDO-201507,5.179983,5.2095833,5.031984,5.0911837,682012.3
1993-01-20,FDO-201507,5.0911837,5.0911837,4.972784,4.972784,336149.72
1993-01-21,FDO-201507,4.972784,4.972784,4.8839846,4.913584,302788.12
1993-01-22,FDO-201507,4.913584,5.0615835,4.913584,4.972784,345440.3
1993-01-25,FDO-201507,4.972784,5.0615835,4.8839846,4.913584,1570106.4
1993-01-26,FDO-201507,4.8839846,4.943184,4.8543844,4.8543844,1394852.5
1993-01-27,FDO-201507,4.8543844,4.8839846,4.5583854,4.7063847,1576440.9
1993-01-28,FDO-201507,4.8247843,4.943184,4.8247843,4.8839846,618245.25
1993-01-29,FDO-201507,4.8839846,4.943184,4.8839846,4.8839846,214105.42
1993-02-01,FDO-201507,4.8543844,4.913584,4.735985,4.765585,689191.4
1993-02-02,FDO-201507,4.735985,4.7951846,4.617585,4.7951846,1706931.1
1993-02-03,FDO-201507,4.7951846,5.0911837,4.7951846,4.972784,1410899.8
1993-02-04,FDO-201507,4.972784,5.0911837,4.8543844,5.0615835,1268585.1
1993-02-05,FDO-201507,5.031984,5.1503835,5.031984,5.0615835,689191.4
1993-02-08,FDO-201507,5.0615835,5.120784,5.0615835,5.0911837,276605.62
1993-02-09,FDO-201507,5.0615835,5.0911837,4.7951846,4.7951846,4029996
1993-02-10,FDO-201507,4.8543844,4.8543844,4.765585,4.7951846,709461.75
1993-02-11,FDO-201507,4.7951846,4.8543844,4.765585,4.8247843,459883.22
1993-02-12,FDO-201507,4.8543844,4.8543844,4.765585,4.7951846,217906.11
1993-02-16,FDO-201507,4.765585,4.8247843,4.617585,4.6471853,1791813.1
1993-02-17,FDO-201507,4.617585,4.617585,4.321586,4.380786,1046456.06
1993-02-18,FDO-201507,4.410386,4.5583854,4.321586,4.410386,692569.8
1993-02-19,FDO-201507,4.410386,4.4399858,4.2623863,4.2919865,516893.56
1993-02-22,FDO-201507,4.2919865,4.380786,4.2623863,4.380786,739022.6
1993-02-23,FDO-201507,4.380786,4.410386,4.2623863,4.351186,1038010.06
1993-02-24,FDO-201507,4.380786,4.4695854,4.380786,4.4695854,869512.94
1993-02-25,FDO-201507,4.4399858,4.617585,4.4399858,4.617585,1733536
1993-02-26,FDO-201507,4.587985,4.676785,4.5287857,4.676785,611488.44
1993-03-01,FDO-201507,4.676785,4.765585,4.6471853,4.7063847,747046.3
1993-03-02,FDO-201507,4.7063847,4.765585,4.676785,4.735985,464950.8
1993-03-03,FDO-201507,4.765585,4.7951846,4.676785,4.765585,1021540.44
1993-03-04,FDO-201507,4.7063847,4.7063847,4.617585,4.6471853,914276.56
1993-03-05,FDO-201507,4.6471853,4.765585,4.6471853,4.765585,284207
1993-03-08,FDO-201507,4.8247843,5.002384,4.7951846,5.002384,444258.2
1993-03-09,FDO-201507,5.0499125,5.079618,4.9607964,4.9607964,350946.66
1993-03-10,FDO-201507,4.9310913,4.9310913,4.7231536,4.752859,533152.8
1993-03-11,FDO-201507,4.752859,4.752859,4.6637425,4.752859,536098.4
1993-03-12,FDO-201507,4.7231536,4.7231536,4.693448,4.693448,293717.97
1993-03-15,FDO-201507,4.7231536,4.782564,4.7231536,4.7231536,581544.75
1993-03-16,FDO-201507,4.7231536,4.752859,4.693448,4.7231536,1010339.25
1993-03-17,FDO-201507,4.693448,4.8122697,4.6637425,4.752859,842019.5
1993-03-18,FDO-201507,4.782564,4.8122697,4.6637425,4.7231536,618995.9
1993-03-19,FDO-201507,4.7231536,4.7231536,4.515216,4.5746264,296242.75
1993-03-22,FDO-201507,4.6340375,4.693448,4.604332,4.6637425,245746.83
1993-03-23,FDO-201507,4.693448,4.693448,4.5746264,4.5746264,228073.25
1993-03-24,FDO-201507,4.604332,4.6340375,4.515216,4.515216,291193.16
1993-03-25,FDO-201507,4.5449214,4.5746264,4.4558053,4.4558053,491914.47
1993-03-26,FDO-201507,4.4855103,4.4855103,4.3369837,4.366689,630778.25
1993-03-29,FDO-201507,4.4261,4.604332,4.4261,4.5449214,547039.2
1993-03-30,FDO-201507,4.604332,4.6340375,4.5449214,4.5449214,463720.9
1993-03-31,FDO-201507,4.5746264,4.5746264,4.4261,4.5746264,513375.22
1993-04-01,FDO-201507,4.604332,4.6637425,4.3963943,4.3963943,927441.8
1993-04-02,FDO-201507,4.4261,4.4261,4.307278,4.3369837,798677.2
1993-04-05,FDO-201507,4.366689,4.5746264,4.366689,4.4855103,600059.9
1993-04-06,FDO-201507,4.4558053,4.4558053,4.277573,4.307278,497384.84
1993-04-07,FDO-201507,4.307278,4.366689,4.307278,4.3369837,731770.1
1993-04-08,FDO-201507,4.366689,4.3963943,4.307278,4.3369837,271836.38
1993-04-12,FDO-201507,4.307278,4.366689,4.277573,4.3369837,638773.44
1993-04-13,FDO-201507,4.366689,4.3963943,4.3369837,4.3369837,631619.9
1993-04-14,FDO-201507,4.277573,4.307278,4.218162,4.277573,1568319.2
1993-04-15,FDO-201507,4.218162,4.218162,4.099341,4.1587515,767958.8
1993-04-16,FDO-201507,4.1587515,4.1587515,3.9805193,4.010225,858851.5
1993-04-19,FDO-201507,4.010225,4.188457,4.010225,4.0696354,824766.75
1993-04-20,FDO-201507,4.099341,4.129046,4.0696354,4.129046,616891.9
1993-04-21,FDO-201507,4.1587515,4.218162,4.0696354,4.099341,1254823.8
1993-04-22,FDO-201507,4.099341,4.129046,4.099341,4.099341,866425.9
1993-04-23,FDO-201507,4.099341,4.129046,4.0696354,4.0696354,834865.94
1993-04-26,FDO-201507,4.0696354,4.099341,4.010225,4.010225,458250.5
1993-04-27,FDO-201507,3.9805193,4.0696354,3.9805193,3.9805193,474661.7
1993-04-28,FDO-201507,4.03993,4.0696354,3.950814,3.9805193,778478.8
1993-04-29,FDO-201507,4.010225,4.010225,3.950814,3.950814,1054102.4
1993-04-30,FDO-201507,3.9805193,4.010225,3.950814,4.010225,395551.4
1993-05-03,FDO-201507,4.010225,4.03993,3.9805193,3.9805193,265524.4
1993-05-04,FDO-201507,4.010225,4.099341,3.9805193,4.0696354,734294.9
1993-05-05,FDO-201507,4.03993,4.0696354,4.010225,4.0696354,821821.2
1993-05-06,FDO-201507,4.099341,4.3369837,4.099341,4.2478676,1355394.8
1993-05-07,FDO-201507,4.2478676,4.2478676,4.1587515,4.188457,317282.72
1993-05-10,FDO-201507,4.2478676,4.2478676,4.099341,4.099341,387977
1993-05-11,FDO-201507,4.099341,4.2478676,4.099341,4.2478676,274782
1993-05-12,FDO-201507,4.2478676,4.366689,4.2478676,4.3369837,1044424
1993-05-13,FDO-201507,4.3369837,4.3369837,4.277573,4.277573,538202.4
1993-05-14,FDO-201507,4.277573,4.307278,4.2478676,4.307278,411541.78
1993-05-17,FDO-201507,4.277573,4.3369837,4.277573,4.307278,370724.25
1993-05-18,FDO-201507,4.3369837,4.366689,4.2478676,4.3369837,480132.06
1993-05-19,FDO-201507,4.366689,4.4261,4.307278,4.366689,510850.44
1993-05-20,FDO-201507,4.3963943,4.3963943,4.307278,4.366689,426690.56
1993-05-21,FDO-201507,4.366689,4.366689,4.307278,4.366689,310129.12
1993-05-24,FDO-201507,4.366689,4.366689,4.2478676,4.3369837,190201.31
1993-05-25,FDO-201507,4.3369837,4.3369837,4.2478676,4.307278,337060.28
1993-05-26,FDO-201507,4.307278,4.3369837,4.307278,4.307278,142230.19
1993-05-27,FDO-201507,4.307278,4.3369837,4.307278,4.307278,374932.25
1993-05-28,FDO-201507,4.3369837,4.3369837,4.2478676,4.307278,187255.72
1993-06-01,FDO-201507,4.3369837,4.366689,4.277573,4.307278,286985.16
1993-06-02,FDO-201507,4.307278,4.3369837,4.277573,4.277573,248692.42
1993-06-03,FDO-201507,4.307278,4.3369837,4.277573,4.277573,307604.34
1993-06-04,FDO-201507,4.307278,4.3369837,4.277573,4.277573,262578.8
1993-06-07,FDO-201507,4.277573,4.307278,4.1587515,4.188457,428373.75
1993-06-08,FDO-201507,4.188457,4.188457,4.1587515,4.1587515,316020.3
1993-06-09,FDO-201507,4.1766515,4.2064843,4.1766515,4.1766515,366202.47
1993-06-10,FDO-201507,4.1766515,4.2363176,4.1766515,4.2363176,122765.81
1993-06-11,FDO-201507,4.2363176,4.266151,4.2064843,4.2064843,315922.94
1993-06-14,FDO-201507,4.2064843,4.2363176,4.1766515,4.1766515,528772.9
1993-06-15,FDO-201507,4.146818,4.1766515,4.116985,4.116985,457543.6
1993-06-16,FDO-201507,4.0871515,4.146818,4.0871515,4.116985,569834.5
1993-06-17,FDO-201507,4.146818,4.146818,4.057318,4.116985,687991.4
1993-06-18,FDO-201507,4.116985,4.116985,4.057318,4.0871515,139944.66
1993-06-21,FDO-201507,4.116985,4.146818,4.057318,4.146818,827098
1993-06-22,FDO-201507,4.116985,4.146818,4.057318,4.0871515,478912.38
1993-06-23,FDO-201507,4.0871515,4.0871515,4.0274854,4.0274854,410616.03
1993-06-24,FDO-201507,4.0274854,4.0871515,3.9678187,4.057318,431146.84
1993-06-25,FDO-201507,4.057318,4.1766515,4.057318,4.116985,507823.1
1993-06-28,FDO-201507,4.116985,4.146818,4.0871515,4.146818,200280.06
1993-06-29,FDO-201507,4.1766515,4.266151,4.146818,4.2363176,232542.75
1993-06-30,FDO-201507,4.2363176,4.266151,4.146818,4.146818,282822.28
1993-07-01,FDO-201507,4.1766515,4.1766515,4.116985,4.146818,447906.7
1993-07-02,FDO-201507,4.146818,4.1766515,4.0871515,4.146818,1367602.8
1993-07-06,FDO-201507,4.146818,4.266151,4.0871515,4.116985,744555.8
1993-07-07,FDO-201507,4.0871515,4.146818,4.057318,4.116985,990506.44
1993-07-08,FDO-201507,4.116985,4.266151,4.116985,4.2363176,429470.84
1993-07-09,FDO-201507,4.266151,4.266151,4.1766515,4.2064843,200699.06
1993-07-12,FDO-201507,4.1766515,4.3556504,4.1766515,4.2959843,475141.4
1993-07-13,FDO-201507,4.2959843,4.3258176,4.266151,4.3258176,212849.94
1993-07-14,FDO-201507,4.3258176,4.3556504,4.266151,4.3258176,266062.44
1993-07-15,FDO-201507,4.3556504,4.3556504,4.3258176,4.3258176,212430.95
1993-07-16,FDO-201507,4.3556504,4.3854837,4.3258176,4.3556504,225000.83
1993-07-19,FDO-201507,4.3556504,4.3556504,4.266151,4.3556504,343576.7
1993-07-20,FDO-201507,4.2959843,4.3258176,4.2363176,4.266151,332263.78
1993-07-21,FDO-201507,4.2363176,4.2959843,4.2363176,4.266151,395951.2
1993-07-22,FDO-201507,4.266151,4.2959843,4.2064843,4.2064843,209078.98
1993-07-23,FDO-201507,4.2064843,4.2363176,4.2064843,4.2064843,561035.56
1993-07-26,FDO-201507,4.2363176,4.266151,4.2064843,4.2363176,293716.16
1993-07-27,FDO-201507,4.2064843,4.2363176,4.0871515,4.1766515,571091.5
1993-07-28,FDO-201507,4.1766515,4.2363176,4.146818,4.2064843,167598.38
1993-07-29,FDO-201507,4.2064843,4.266151,4.1766515,4.1766515,434079.8
1993-07-30,FDO-201507,4.2064843,4.2064843,4.116985,4.1766515,157961.47
1993-08-02,FDO-201507,4.1766515,4.1766515,4.146818,4.146818,222486.84
1993-08-03,FDO-201507,4.1766515,4.1766515,4.146818,4.146818,428213.88
1993-08-04,FDO-201507,4.1766515,4.1766515,4.146818,4.146818,352375.6
1993-08-05,FDO-201507,4.1766515,4.2064843,4.0871515,4.116985,1212574.2
1993-08-06,FDO-201507,4.116985,4.146818,4.0871515,4.116985,168855.38
1993-08-09,FDO-201507,4.116985,4.1766515,4.0871515,4.1766515,416900.97
1993-08-10,FDO-201507,4.2064843,4.2064843,4.146818,4.1766515,318017.94
1993-08-11,FDO-201507,4.1766515,4.1766515,4.116985,4.1766515,1333664.1
1993-08-12,FDO-201507,4.2064843,4.2064843,4.146818,4.1766515,581985.4
1993-08-13,FDO-201507,4.1766515,4.1766515,4.146818,4.1766515,157542.48
1993-08-16,FDO-201507,4.1766515,4.2363176,4.146818,4.2363176,383800.28
1993-08-17,FDO-201507,4.2064843,4.3556504,4.2064843,4.3258176,625979.94
1993-08-18,FDO-201507,4.3258176,4.3854837,4.3258176,4.3556504,591622.3
1993-08-19,FDO-201507,4.3854837,4.3854837,4.3258176,4.3556504,584499.4
1993-08-20,FDO-201507,4.3258176,4.3854837,4.3258176,4.3556504,150419.55
1993-08-23,FDO-201507,4.3854837,4.53465,4.3556504,4.504817,403074.1
1993-08-24,FDO-201507,4.53465,4.62415,4.53465,4.62415,906288.25
1993-08-25,FDO-201507,4.564483,4.5943165,4.53465,4.53465,259358.5
1993-08-26,FDO-201507,4.564483,4.564483,4.4749837,4.504817,643996.75
1993-08-27,FDO-201507,4.53465,4.53465,4.4749837,4.504817,320531.9
1993-08-30,FDO-201507,4.504817,4.564483,4.504817,4.564483,346090.66
1993-08-31,FDO-201507,4.564483,4.653983,4.4749837,4.62415,452934.62
1993-09-01,FDO-201507,4.62415,4.7136493,4.5943165,4.683816,425699.88
1993-09-02,FDO-201507,4.62415,4.62415,4.3854837,4.4451504,967880.6
1993-09-03,FDO-201507,4.4451504,4.4451504,4.2363176,4.3258176,1011037.25
1993-09-07,FDO-201507,4.3258176,4.3258176,4.2064843,4.2363176,359498.53
1993-09-08,FDO-201507,4.266151,4.266151,4.0274854,4.057318,671231.5
1993-09-09,FDO-201507,3.9854016,4.0453324,3.9854016,4.015367,1057885.9
1993-09-10,FDO-201507,4.075298,4.075298,3.955436,3.955436,765882.7
1993-09-13,FDO-201507,3.955436,4.0453324,3.955436,4.0453324,546880.25
1993-09-14,FDO-201507,4.0453324,4.075298,4.015367,4.0453324,296591.8
1993-09-15,FDO-201507,4.075298,4.075298,3.955436,3.955436,767134.1
1993-09-16,FDO-201507,3.955436,4.075298,3.955436,4.0453324,1649401
1993-09-17,FDO-201507,3.9854016,4.015367,3.9854016,4.015367,515594.22
1993-09-20,FDO-201507,3.9854016,3.9854016,3.8955052,3.8955052,890192.6
1993-09-21,FDO-201507,3.8955052,3.9254706,3.8655398,3.8955052,1428730
1993-09-22,FDO-201507,3.9254706,4.015367,3.8955052,4.015367,473879.47
1993-09-23,FDO-201507,4.015367,4.1352286,4.015367,4.105263,669521.6
1993-09-24,FDO-201507,4.105263,4.105263,4.0453324,4.075298,433416.2
1993-09-27,FDO-201507,4.105263,4.1352286,4.105263,4.1352286,181459.12
1993-09-28,FDO-201507,4.105263,4.1352286,3.9854016,4.015367,172281.89
1993-09-29,FDO-201507,4.0453324,4.0453324,3.9254706,3.955436,1055383
1993-09-30,FDO-201507,3.955436,3.955436,3.8955052,3.955436,919810.06
1993-10-01,FDO-201507,3.955436,3.955436,3.805609,3.805609,929821.6
1993-10-04,FDO-201507,3.7456782,3.805609,3.6857471,3.7157128,697053.4
1993-10-05,FDO-201507,3.7456782,3.9254706,3.7157128,3.8955052,1005325.3
1993-10-06,FDO-201507,3.955436,3.9854016,3.8655398,3.955436,744608.2
1993-10-07,FDO-201507,3.955436,3.955436,3.805609,3.8355744,302014.75
1993-10-08,FDO-201507,3.8355744,3.8355744,3.7157128,3.805609,232351.12
1993-10-11,FDO-201507,3.805609,3.805609,3.7456782,3.7456782,192304.97
1993-10-12,FDO-201507,3.7456782,3.805609,3.7157128,3.805609,1378255.1
1993-10-13,FDO-201507,3.805609,3.805609,3.7456782,3.7756436,732928.06
1993-10-14,FDO-201507,3.805609,3.8655398,3.7756436,3.8355744,638235.56
1993-10-15,FDO-201507,3.8355744,3.8955052,3.8355744,3.8955052,345815.22
1993-10-18,FDO-201507,3.9254706,3.9854016,3.8955052,3.9854016,1470861.9
1993-10-19,FDO-201507,4.015367,4.075298,4.015367,4.075298,1310677.2
1993-10-20,FDO-201507,4.015367,4.0453324,3.8955052,3.9254706,699556.25
1993-10-21,FDO-201507,3.8955052,3.9254706,3.8655398,3.8955052,243196.95
1993-10-22,FDO-201507,3.8655398,3.9254706,3.8655398,3.8955052,232351.12
1993-10-25,FDO-201507,3.8655398,3.8955052,3.7756436,3.7756436,641989.9
1993-10-26,FDO-201507,3.7756436,3.8355744,3.7756436,3.8355744,188550.64
1993-10-27,FDO-201507,3.805609,3.9254706,3.805609,3.8955052,225259.61
1993-10-28,FDO-201507,3.8955052,3.8955052,3.805609,3.8355744,191887.81
1993-10-29,FDO-201507,3.805609,3.8955052,3.805609,3.8955052,114715.55
1993-11-01,FDO-201507,3.8655398,3.8955052,3.805609,3.8655398,379187
1993-11-02,FDO-201507,4.075298,4.075298,3.955436,3.955436,704562
1993-11-03,FDO-201507,4.0453324,4.0453324,3.9854016,4.015367,614458.2
1993-11-04,FDO-201507,3.955436,3.955436,3.7456782,3.7456782,1586411.6
1993-11-05,FDO-201507,3.7456782,3.805609,3.6258163,3.7157128,982799.4
1993-11-08,FDO-201507,3.7157128,3.805609,3.7157128,3.7756436,672024.5
1993-11-09,FDO-201507,3.7756436,3.9254706,3.7756436,3.8955052,970284.94
1993-11-10,FDO-201507,3.9254706,3.955436,3.8955052,3.9254706,510171.3
1993-11-11,FDO-201507,3.8655398,3.955436,3.8655398,3.955436,487228.2
1993-11-12,FDO-201507,3.9254706,4.0453324,3.9254706,4.0453324,644492.75
1993-11-15,FDO-201507,4.075298,4.165194,4.075298,4.165194,753785.44
1993-11-16,FDO-201507,4.1951594,4.25509,4.1352286,4.1352286,779648.56
1993-11-17,FDO-201507,4.165194,4.165194,4.105263,4.1352286,703727.7
1993-11-18,FDO-201507,4.1352286,4.225125,4.105263,4.1951594,772974.2
1993-11-19,FDO-201507,4.225125,4.25509,4.165194,4.25509,460113.62
1993-11-22,FDO-201507,4.225125,4.25509,4.075298,4.165194,4667045.5
1993-11-23,FDO-201507,4.1951594,4.225125,4.105263,4.105263,697053.4
1993-11-24,FDO-201507,4.105263,4.1352286,4.0453324,4.075298,786740.06
1993-11-26,FDO-201507,4.0453324,4.075298,4.0453324,4.0453324,191053.52
1993-11-29,FDO-201507,4.075298,4.1352286,4.0453324,4.0453324,755871.1
1993-11-30,FDO-201507,4.075298,4.075298,3.9854016,4.015367,827203.4
1993-12-01,FDO-201507,4.075298,4.1352286,4.0453324,4.075298,898535.56
1993-12-02,FDO-201507,4.075298,4.075298,4.015367,4.015367,893946.94
1993-12-03,FDO-201507,4.0453324,4.075298,3.9854016,4.075298,1236425
1993-12-06,FDO-201507,4.0453324,4.075298,4.015367,4.0453324,513091.34
1993-12-07,FDO-201507,4.0453324,4.0453324,4.015367,4.015367,1451255.9
1993-12-08,FDO-201507,4.015367,4.0453324,3.9854016,4.015367,305351.9
1993-12-09,FDO-201507,4.003327,4.0334272,4.003327,4.003327,1003730.8
1993-12-10,FDO-201507,4.003327,4.063527,3.9732268,4.063527,385794.75
1993-12-13,FDO-201507,4.063527,4.0936275,4.0334272,4.0936275,1526983.1
1993-12-14,FDO-201507,4.0936275,4.123728,4.063527,4.063527,393269.78
1993-12-15,FDO-201507,4.0936275,4.0936275,4.0334272,4.0334272,388286.44
1993-12-16,FDO-201507,4.0334272,4.0936275,4.0334272,4.063527,647420.9
1993-12-17,FDO-201507,4.063527,4.123728,4.0334272,4.0334272,1749988.2
1993-12-20,FDO-201507,4.0334272,4.123728,4.0334272,4.063527,2372907.8
1993-12-21,FDO-201507,4.063527,4.123728,4.0334272,4.0334272,1091770.1
1993-12-22,FDO-201507,4.0334272,4.0936275,4.003327,4.003327,522421.75
1993-12-23,FDO-201507,4.003327,4.063527,4.003327,4.003327,511209.2
1993-12-27,FDO-201507,4.0334272,4.063527,4.003327,4.0334272,200164.77
1993-12-28,FDO-201507,4.0334272,4.063527,4.003327,4.0334272,201825.89
1993-12-29,FDO-201507,4.063527,4.0936275,4.0334272,4.0936275,505395.28
1993-12-30,FDO-201507,4.0936275,4.0936275,4.0334272,4.063527,225081.55
1993-12-31,FDO-201507,4.063527,4.0936275,4.0334272,4.0936275,436043.6
1994-01-03,FDO-201507,4.063527,4.0936275,4.0334272,4.0334272,775742.3
1994-01-04,FDO-201507,4.063527,4.063527,4.003327,4.003327,451408.94
1994-01-05,FDO-201507,4.063527,4.063527,3.9431264,3.9732268,509548.06
1994-01-06,FDO-201507,4.003327,4.0936275,4.003327,4.0334272,1353396.2
1994-01-07,FDO-201507,4.063527,4.063527,4.003327,4.0334272,311874.97
1994-01-10,FDO-201507,4.003327,4.0936275,4.003327,4.0334272,649912.56
1994-01-11,FDO-201507,4.0334272,4.063527,4.003327,4.063527,1254559.6
1994-01-12,FDO-201507,4.063527,4.063527,4.003327,4.0334272,1326403
1994-01-13,FDO-201507,4.0334272,4.063527,4.003327,4.003327,1079727
1994-01-14,FDO-201507,4.003327,4.063527,4.003327,4.0334272,494182.72
1994-01-17,FDO-201507,4.0334272,4.063527,4.0334272,4.063527,570178.9
1994-01-18,FDO-201507,4.0334272,4.0334272,3.9732268,3.9732268,1335123.9
1994-01-19,FDO-201507,3.9732268,4.063527,3.9732268,4.063527,1217184.5
1994-01-20,FDO-201507,4.0334272,4.063527,3.9732268,3.9732268,471342.34
1994-01-21,FDO-201507,3.9732268,4.0936275,3.9732268,4.0334272,709712.8
1994-01-24,FDO-201507,4.0334272,4.123728,4.0334272,4.063527,1122916
1994-01-25,FDO-201507,4.063527,4.063527,3.882926,3.882926,452654.78
1994-01-26,FDO-201507,3.8528259,3.882926,3.8227258,3.8528259,381226.7
1994-01-27,FDO-201507,3.8528259,3.9130263,3.8227258,3.882926,534049.56
1994-01-28,FDO-201507,3.882926,4.0334272,3.882926,4.003327,548169.06
1994-01-31,FDO-201507,4.0334272,4.063527,4.003327,4.063527,345097.34
1994-02-01,FDO-201507,4.063527,4.063527,3.9732268,4.003327,632055.56
1994-02-02,FDO-201507,3.9732268,4.003327,3.9130263,3.9130263,520760.62
1994-02-03,FDO-201507,3.9130263,3.9431264,3.882926,3.9431264,479232.66
1994-02-04,FDO-201507,3.9130263,3.9431264,3.8227258,3.8528259,506641.12
1994-02-07,FDO-201507,3.8528259,3.882926,3.8227258,3.8227258,419017.12
1994-02-08,FDO-201507,3.8227258,3.8227258,3.732425,3.732425,872502.44
1994-02-09,FDO-201507,3.732425,3.882926,3.732425,3.882926,779895.06
1994-02-10,FDO-201507,3.882926,3.9130263,3.8528259,3.882926,530312.06
1994-02-11,FDO-201507,3.8528259,3.882926,3.8227258,3.882926,289034.6
1994-02-14,FDO-201507,3.882926,3.882926,3.7926254,3.8227258,143686.75
1994-02-15,FDO-201507,3.7625253,3.8528259,3.7625253,3.7926254,1117102.1
1994-02-16,FDO-201507,3.7926254,3.8227258,3.732425,3.7926254,332223.7
1994-02-17,FDO-201507,3.7625253,3.8227258,3.732425,3.7625253,881638.6
1994-02-18,FDO-201507,3.7625253,3.7625253,3.732425,3.7625253,139949.22
1994-02-22,FDO-201507,3.7023249,3.7926254,3.7023249,3.732425,457638.12
1994-02-23,FDO-201507,3.7625253,3.7926254,3.7023249,3.7926254,1293596
1994-02-24,FDO-201507,3.8528259,3.9431264,3.7926254,3.8528259,725908.75
1994-02-25,FDO-201507,3.8528259,4.0334272,3.8528259,4.003327,339283.44
1994-02-28,FDO-201507,4.003327,4.063527,4.003327,4.003327,509132.78
1994-03-01,FDO-201507,3.9732268,4.063527,3.9732268,4.063527,268685.9
1994-03-02,FDO-201507,4.063527,4.063527,4.0334272,4.0334272,784878.44
1994-03-03,FDO-201507,4.0334272,4.183928,4.0334272,4.1538277,662370.94
1994-03-04,FDO-201507,4.1538277,4.183928,4.123728,4.123728,300247.16
1994-03-07,FDO-201507,4.123728,4.2140284,4.0936275,4.2140284,395761.47
1994-03-08,FDO-201507,4.183928,4.2742286,4.183928,4.2441287,511209.2
1994-03-09,FDO-201507,4.2646956,4.38568,4.2646956,4.325188,900943.5
1994-03-10,FDO-201507,4.355434,4.38568,4.325188,4.38568,335994.06
1994-03-11,FDO-201507,4.325188,4.415926,4.294942,4.415926,227715.53
1994-03-14,FDO-201507,4.415926,4.415926,4.23445,4.325188,312850.56
1994-03-15,FDO-201507,4.355434,4.38568,4.2646956,4.294942,409144.06
1994-03-16,FDO-201507,4.294942,4.38568,4.2646956,4.38568,396332.5
1994-03-17,FDO-201507,4.415926,4.446172,4.325188,4.355434,262017.52
1994-03-18,FDO-201507,4.415926,4.415926,4.294942,4.38568,356244.62
1994-03-21,FDO-201507,4.355434,4.355434,4.2646956,4.294942,333927.7
1994-03-22,FDO-201507,4.325188,4.415926,4.294942,4.355434,478161.3
1994-03-23,FDO-201507,4.415926,4.415926,4.325188,4.325188,449231.9
1994-03-24,FDO-201507,4.38568,4.38568,4.2646956,4.294942,170683.33
1994-03-25,FDO-201507,4.294942,4.355434,4.23445,4.23445,1847347.5
1994-03-28,FDO-201507,4.173958,4.173958,4.1134653,4.173958,359137.56
1994-03-29,FDO-201507,4.173958,4.173958,4.0529733,4.0529733,145886.72
1994-03-30,FDO-201507,4.0529733,4.0529733,3.901743,3.9622352,701330.8
1994-03-31,FDO-201507,3.931989,3.931989,3.8110049,3.901743,808782.75
1994-04-04,FDO-201507,3.8110049,3.931989,3.8110049,3.901743,418649.44
1994-04-05,FDO-201507,3.901743,3.9924812,3.901743,3.9924812,1144363.5
1994-04-06,FDO-201507,3.9924812,3.9924812,3.901743,3.901743,871600.9
1994-04-07,FDO-201507,3.9924812,3.9924812,3.931989,3.9622352,522381.94
1994-04-08,FDO-201507,3.9622352,4.0529733,3.901743,3.931989,355831.34
1994-04-11,FDO-201507,3.931989,3.931989,3.7202666,3.7202666,872840.7
1994-04-12,FDO-201507,3.7807586,3.8110049,3.7505126,3.8110049,416169.78
1994-04-13,FDO-201507,3.7807586,3.8110049,3.7202666,3.7202666,524448.3
1994-04-14,FDO-201507,3.8110049,3.8110049,3.7202666,3.7505126,401705.1
1994-04-15,FDO-201507,3.7505126,3.8110049,3.7202666,3.7807586,145886.72
1994-04-18,FDO-201507,3.7807586,3.7807586,3.7202666,3.7505126,188867.52
1994-04-19,FDO-201507,3.6900206,3.7202666,3.6597745,3.6597745,285987.56
1994-04-20,FDO-201507,3.6597745,3.7202666,3.5992823,3.5992823,269043.22
1994-04-21,FDO-201507,3.6597745,3.6900206,3.6295283,3.6597745,173163
1994-04-22,FDO-201507,3.6900206,3.6900206,3.6295283,3.6295283,413276.84
1994-04-25,FDO-201507,3.6295283,3.7202666,3.6295283,3.6597745,143820.34
1994-04-26,FDO-201507,3.6900206,3.6900206,3.5387902,3.5690362,446338.97
1994-04-28,FDO-201507,3.5690362,3.6295283,3.5387902,3.5690362,865815
1994-04-29,FDO-201507,3.5992823,3.7807586,3.5690362,3.6900206,519902.25
1994-05-02,FDO-201507,3.6900206,3.6900206,3.6597745,3.6597745,54139.266
1994-05-03,FDO-201507,3.6295283,3.6900206,3.6295283,3.6597745,345086.16
1994-05-04,FDO-201507,3.6295283,3.6597745,3.5992823,3.5992823,162831.08
1994-05-05,FDO-201507,3.6295283,3.6597745,3.5992823,3.6295283,288467.22
1994-05-06,FDO-201507,3.6295283,3.7202666,3.6295283,3.6900206,115304.234
1994-05-09,FDO-201507,3.6597745,3.6900206,3.6295283,3.6597745,409970.62
1994-05-10,FDO-201507,3.6900206,3.7505126,3.6597745,3.6900206,325662.16
1994-05-11,FDO-201507,3.6295283,3.6597745,3.6295283,3.6295283,121090.11
1994-05-12,FDO-201507,3.6295283,3.6295283,3.5387902,3.5690362,111998.02
1994-05-13,FDO-201507,3.5690362,3.5690362,3.478298,3.5387902,250445.77
1994-05-16,FDO-201507,3.508544,3.508544,3.38756,3.417806,464523.16
1994-05-17,FDO-201507,3.417806,3.5387902,3.38756,3.478298,194240.11
1994-05-18,FDO-201507,3.508544,3.5992823,3.417806,3.5690362,797624.3
1994-05-19,FDO-201507,3.5387902,3.6597745,3.5387902,3.5690362,200852.55
1994-05-20,FDO-201507,3.5992823,3.5992823,3.448052,3.478298,354178.25
1994-05-23,FDO-201507,3.417806,3.5387902,3.38756,3.448052,149606.22
1994-05-24,FDO-201507,3.448052,3.478298,3.417806,3.448052,228128.81
1994-05-25,FDO-201507,3.508544,3.508544,3.38756,3.417806,118610.45
1994-05-26,FDO-201507,3.417806,3.448052,3.38756,3.417806,125222.88
1994-05-27,FDO-201507,3.417806,3.448052,3.38756,3.38756,395092.66
1994-05-31,FDO-201507,3.417806,3.448052,3.38756,3.448052,434353.97
1994-06-01,FDO-201507,3.417806,3.508544,3.38756,3.448052,276482.22
1994-06-02,FDO-201507,3.417806,3.5690362,3.417806,3.478298,371535.88
1994-06-03,FDO-201507,3.448052,3.508544,3.417806,3.478298,660003.1
1994-06-06,FDO-201507,3.508544,3.6295283,3.478298,3.6295283,465763
1994-06-07,FDO-201507,3.5992823,3.5992823,3.5387902,3.5690362,526101.44
1994-06-08,FDO-201507,3.5387902,3.5690362,3.417806,3.448052,431047.75
1994-06-09,FDO-201507,3.4383152,3.4687426,3.4383152,3.4687426,534055.2
1994-06-10,FDO-201507,3.4383152,3.5600255,3.4383152,3.5600255,439568.5
1994-06-13,FDO-201507,3.6208806,3.6208806,3.5600255,3.590453,207049.08
1994-06-14,FDO-201507,3.5600255,3.6208806,3.5600255,3.6208806,643741.9
1994-06-15,FDO-201507,3.590453,3.6208806,3.4687426,3.4687426,713169.06
1994-06-16,FDO-201507,3.4991703,3.6208806,3.4687426,3.6208806,1082078
1994-06-17,FDO-201507,3.6208806,3.6208806,3.5600255,3.5600255,457233.4
1994-06-20,FDO-201507,3.5600255,3.590453,3.4991703,3.5295978,716866.4
1994-06-21,FDO-201507,3.4991703,3.5295978,3.4383152,3.4383152,202940.97
1994-06-22,FDO-201507,3.4383152,3.4991703,3.4383152,3.4687426,1255029.6
1994-06-23,FDO-201507,3.4687426,3.4991703,3.37746,3.37746,724261
1994-06-24,FDO-201507,3.37746,3.4078875,3.3166049,3.37746,886942.4
1994-06-27,FDO-201507,3.3470325,3.4078875,3.3470325,3.4078875,465860.44
1994-06-28,FDO-201507,3.4078875,3.4078875,3.3166049,3.3470325,962531.75
1994-06-29,FDO-201507,3.3470325,3.4687426,3.2557497,3.3166049,614574.25
1994-06-30,FDO-201507,3.2861774,3.3470325,3.2557497,3.3166049,546379.5
1994-07-01,FDO-201507,3.3470325,3.3470325,3.2861774,3.3166049,133102.98
1994-07-05,FDO-201507,3.3470325,3.37746,3.2861774,3.2861774,500368.62
1994-07-06,FDO-201507,3.2861774,3.2861774,3.2253222,3.2253222,343438.56
1994-07-07,FDO-201507,3.2557497,3.2861774,3.1948946,3.2253222,433817.12
1994-07-08,FDO-201507,3.1948946,3.1948946,3.012329,3.0427568,1171224.1
1994-07-11,FDO-201507,3.012329,3.1340394,3.012329,3.103612,423957.66
1994-07-12,FDO-201507,3.1340394,3.1948946,3.0427568,3.1948946,422314.4
1994-07-13,FDO-201507,3.164467,3.1948946,3.0731843,3.0731843,354530.47
1994-07-14,FDO-201507,3.0731843,3.1340394,3.0427568,3.103612,1068521.1
1994-07-15,FDO-201507,3.164467,3.1948946,3.1340394,3.1948946,584174.2
1994-07-18,FDO-201507,3.1948946,3.2557497,3.164467,3.2557497,229232.9
1994-07-19,FDO-201507,3.2253222,3.2557497,3.164467,3.1948946,401363
1994-07-20,FDO-201507,3.0731843,3.2557497,3.012329,3.1340394,957191.2
1994-07-21,FDO-201507,3.0731843,3.1340394,3.0427568,3.103612,651547.3
1994-07-22,FDO-201507,3.103612,3.164467,3.0731843,3.1340394,172951.72
1994-07-25,FDO-201507,3.1340394,3.164467,3.1340394,3.164467,138032.72
1994-07-26,FDO-201507,3.1340394,3.164467,3.0731843,3.103612,633882.44
1994-07-27,FDO-201507,3.0731843,3.103612,3.0427568,3.0427568,2597973
1994-07-28,FDO-201507,3.0427568,3.103612,3.0427568,3.0731843,619914.8
1994-07-29,FDO-201507,3.103612,3.1340394,3.0427568,3.0731843,1443592.2
1994-08-01,FDO-201507,3.0731843,3.1340394,3.0731843,3.1340394,409168.44
1994-08-02,FDO-201507,3.1340394,3.164467,3.103612,3.1340394,800671.94
1994-08-03,FDO-201507,3.1340394,3.1340394,3.103612,3.103612,733298.8
1994-08-04,FDO-201507,3.103612,3.103612,2.677626,2.7993362,3139012
1994-08-05,FDO-201507,2.7993362,2.7993362,2.7080536,2.7993362,611698.56
1994-08-08,FDO-201507,2.7689087,2.7993362,2.7080536,2.7993362,430530.62
1994-08-09,FDO-201507,2.7993362,2.8601913,2.7689087,2.8601913,521730.8
1994-08-10,FDO-201507,2.8601913,2.8601913,2.7689087,2.7689087,546790.3
1994-08-11,FDO-201507,2.7993362,2.7993362,2.7080536,2.738481,659352.75
1994-08-12,FDO-201507,2.738481,2.7993362,2.738481,2.7993362,637168.9
1994-08-15,FDO-201507,2.7993362,2.829764,2.7689087,2.7689087,331525.03
1994-08-16,FDO-201507,2.7689087,2.8601913,2.7689087,2.7993362,488044.28
1994-08-17,FDO-201507,2.829764,2.890619,2.7993362,2.7993362,617039.1
1994-08-18,FDO-201507,2.7993362,2.829764,2.7689087,2.7993362,295373.6
1994-08-19,FDO-201507,2.7993362,2.829764,2.7689087,2.829764,204995.03
1994-08-22,FDO-201507,2.829764,2.951474,2.7993362,2.829764,487633.47
1994-08-23,FDO-201507,2.8601913,2.890619,2.829764,2.8601913,170486.84
1994-08-24,FDO-201507,2.829764,2.951474,2.829764,2.9210465,1455505.8
1994-08-25,FDO-201507,2.951474,2.951474,2.890619,2.9210465,571028.25
1994-08-26,FDO-201507,2.9210465,2.9210465,2.890619,2.890619,533233.56
1994-08-29,FDO-201507,2.890619,2.951474,2.890619,2.9210465,819569.3
1994-08-30,FDO-201507,2.9819016,3.0427568,2.951474,3.012329,430530.62
1994-08-31,FDO-201507,3.0427568,3.0731843,2.9819016,3.0731843,423546.84
1994-09-01,FDO-201507,3.0731843,3.0731843,3.012329,3.0731843,342206.12
1994-09-02,FDO-201507,3.0427568,3.0731843,3.012329,3.012329,383698.1
1994-09-06,FDO-201507,3.012329,3.0427568,2.951474,2.951474,373017
1994-09-07,FDO-201507,2.9210465,2.9210465,2.8601913,2.9210465,705363.6
1994-09-08,FDO-201507,2.9210465,2.951474,2.890619,2.9210465,868455.9
1994-09-09,FDO-201507,2.9418848,2.9418848,2.8805954,2.91124,115844.1
1994-09-12,FDO-201507,2.9418848,2.9418848,2.8499508,2.8805954,429520.56
1994-09-13,FDO-201507,2.8499508,2.91124,2.7273724,2.8193061,789289.94
1994-09-14,FDO-201507,2.8499508,2.8499508,2.7886615,2.8193061,1347299.5
1994-09-15,FDO-201507,2.8499508,2.91124,2.8193061,2.91124,303478.9
1994-09-16,FDO-201507,2.91124,2.9418848,2.8805954,2.9418848,981411.7
1994-09-19,FDO-201507,2.9418848,2.9418848,2.8805954,2.91124,388730.38
1994-09-20,FDO-201507,2.91124,2.9418848,2.8499508,2.91124,1088281.9
1994-09-21,FDO-201507,2.91124,3.003174,2.8499508,2.8499508,1066255.2
1994-09-22,FDO-201507,2.8805954,2.8805954,2.7273724,2.7886615,627760.8
1994-09-23,FDO-201507,2.7886615,2.7886615,2.666083,2.666083,1322825.5
1994-09-26,FDO-201507,2.666083,2.6967278,2.6354384,2.666083,363848.38
1994-09-27,FDO-201507,2.6967278,2.6967278,2.6047938,2.666083,754618.25
1994-09-28,FDO-201507,2.666083,2.666083,2.4822152,2.5435045,1755609.2
1994-09-29,FDO-201507,2.5741491,2.666083,2.5435045,2.666083,1227376.4
1994-09-30,FDO-201507,2.666083,2.7886615,2.6354384,2.7886615,756657.8
1994-10-03,FDO-201507,2.758017,2.8193061,2.758017,2.758017,1020570.25
1994-10-04,FDO-201507,2.6967278,2.7273724,2.6354384,2.6354384,2514306.5
1994-10-05,FDO-201507,2.6354384,2.6354384,2.5741491,2.5741491,956937.56
1994-10-06,FDO-201507,2.5435045,2.6047938,2.5128598,2.5741491,1737661.5
1994-10-07,FDO-201507,2.6047938,2.6047938,2.5435045,2.6047938,787658.3
1994-10-10,FDO-201507,2.6354384,2.6354384,2.5741491,2.6047938,1040557.44
1994-10-11,FDO-201507,2.6047938,2.666083,2.6047938,2.6047938,1449275
1994-10-12,FDO-201507,2.6047938,2.6354384,2.5128598,2.5128598,1591632.8
1994-10-13,FDO-201507,2.5435045,2.6047938,2.5128598,2.5128598,1341588.9
1994-10-14,FDO-201507,2.5435045,2.5435045,2.5128598,2.5435045,702814.75
1994-10-17,FDO-201507,2.5435045,2.5435045,2.4822152,2.5128598,818658.9
1994-10-18,FDO-201507,2.4822152,2.5741491,2.420926,2.5435045,1450090.8
1994-10-19,FDO-201507,2.5741491,2.5741491,2.4515705,2.5128598,463784.3
1994-10-20,FDO-201507,2.5128598,2.5741491,2.5128598,2.5741491,517627.34
1994-10-21,FDO-201507,2.5435045,2.6047938,2.5128598,2.5128598,799895.4
1994-10-24,FDO-201507,2.5128598,2.6354384,2.4822152,2.4822152,1045044.3
1994-10-25,FDO-201507,2.5128598,2.666083,2.4822152,2.666083,1267758.8
1994-10-26,FDO-201507,2.666083,2.8499508,2.6354384,2.758017,1917954.1
1994-10-27,FDO-201507,2.758017,2.7886615,2.7273724,2.7886615,1615698.9
1994-10-28,FDO-201507,2.7886615,2.8499508,2.758017,2.7886615,814987.75
1994-10-31,FDO-201507,2.8193061,2.8805954,2.758017,2.8499508,1157217.4
1994-11-01,FDO-201507,2.8193061,2.8499508,2.7886615,2.7886615,517627.34
1994-11-02,FDO-201507,2.7886615,2.9725294,2.7886615,2.9418848,772565.94
1994-11-03,FDO-201507,2.8499508,2.8805954,2.8193061,2.8805954,1093992.5
1994-11-04,FDO-201507,2.8805954,3.0338187,2.8805954,2.9418848,835790.75
1994-11-07,FDO-201507,2.9418848,2.9418848,2.8193061,2.91124,353242.94
1994-11-08,FDO-201507,2.91124,2.9418848,2.8499508,2.8805954,732591.56
1994-11-09,FDO-201507,2.8805954,2.9418848,2.8193061,2.8499508,530272.3
1994-11-10,FDO-201507,2.8805954,2.8805954,2.758017,2.7886615,318979.2
1994-11-11,FDO-201507,2.7886615,2.7886615,2.6967278,2.758017,330808.34
1994-11-14,FDO-201507,2.758017,2.758017,2.666083,2.6967278,354466.62
1994-11-15,FDO-201507,2.7273724,2.8193061,2.6967278,2.7886615,503758.7
1994-11-16,FDO-201507,2.8805954,2.8805954,2.666083,2.7273724,626537.1
1994-11-17,FDO-201507,2.7886615,2.7886615,2.6967278,2.7273724,318979.2
1994-11-18,FDO-201507,2.7273724,2.758017,2.6354384,2.666083,267583.56
1994-11-21,FDO-201507,2.666083,2.8193061,2.666083,2.666083,316531.78
1994-11-22,FDO-201507,2.666083,2.666083,2.5741491,2.5741491,465008.03
1994-11-23,FDO-201507,2.5741491,2.5741491,2.4515705,2.5435045,895752.3
1994-11-25,FDO-201507,2.7886615,2.7886615,2.6354384,2.7273724,1049123.4
1994-11-28,FDO-201507,2.7886615,2.8499508,2.7273724,2.7886615,2185129.8
1994-11-29,FDO-201507,2.8805954,2.91124,2.758017,2.758017,1640173
1994-11-30,FDO-201507,2.8193061,2.8499508,2.758017,2.758017,954898.06
1994-12-01,FDO-201507,2.758017,2.7886615,2.6967278,2.7886615,880659.94
1994-12-02,FDO-201507,2.8193061,2.8193061,2.6967278,2.7886615,717499.2
1994-12-05,FDO-201507,2.8193061,2.9418848,2.758017,2.9418848,1107453.2
1994-12-06,FDO-201507,2.9418848,2.9725294,2.91124,2.9418848,1266535
1994-12-07,FDO-201507,2.9418848,2.9418848,2.8805954,2.9418848,589010.2
1994-12-08,FDO-201507,2.9418848,2.9418848,2.8193061,2.8805954,1109084.9
1994-12-09,FDO-201507,2.9015856,2.9324536,2.8398497,2.9324536,1849411.2
1994-12-12,FDO-201507,2.9324536,2.9633214,2.9324536,2.9633214,722837.5
1994-12-13,FDO-201507,2.9324536,3.0559254,2.9324536,3.0250573,525221.44
1994-12-14,FDO-201507,3.0250573,3.0559254,2.9633214,2.9941895,932197.2
1994-12-15,FDO-201507,3.0250573,3.0250573,2.9324536,2.9633214,737415.75
1994-12-16,FDO-201507,2.9324536,3.0250573,2.9324536,3.0250573,427628.25
1994-12-19,FDO-201507,3.0559254,3.0559254,2.9324536,2.9941895,698945.44
1994-12-20,FDO-201507,2.9633214,2.9941895,2.9324536,2.9941895,664524.56
1994-12-21,FDO-201507,2.9633214,3.0559254,2.9633214,2.9633214,370935.12
1994-12-22,FDO-201507,2.9633214,2.9633214,2.9015856,2.9015856,900206.06
1994-12-23,FDO-201507,2.9324536,3.0250573,2.9324536,2.9941895,531295.7
1994-12-27,FDO-201507,2.9941895,3.0559254,2.9941895,3.0250573,276581.53
1994-12-28,FDO-201507,2.9941895,3.0559254,2.9015856,2.9324536,464073.84
1994-12-29,FDO-201507,2.9015856,3.0559254,2.8707178,2.9633214,1446485
1994-12-30,FDO-201507,2.9633214,3.0867932,2.9633214,3.0867932,1401130.5
1995-01-03,FDO-201507,3.0867932,3.0867932,2.9941895,3.0250573,280226.1
1995-01-04,FDO-201507,2.9941895,3.0250573,2.9015856,2.9324536,858091.2
1995-01-05,FDO-201507,2.9633214,3.0250573,2.9015856,2.9324536,875504.06
1995-01-06,FDO-201507,2.9015856,2.9633214,2.9015856,2.9015856,624029.5
1995-01-09,FDO-201507,2.9015856,2.9941895,2.9015856,2.9941895,325985.56
1995-01-10,FDO-201507,3.0250573,3.0867932,2.9941895,3.0559254,420339.12
1995-01-11,FDO-201507,3.0559254,3.0867932,3.0250573,3.0250573,1024121.06
1995-01-12,FDO-201507,3.0250573,3.0559254,3.0250573,3.0250573,312217.22
1995-01-13,FDO-201507,3.0250573,3.0867932,3.0250573,3.0559254,820835.7
1995-01-16,FDO-201507,3.0559254,3.210265,3.0559254,3.148529,889677.3
1995-01-17,FDO-201507,3.148529,3.179397,3.0867932,3.179397,1109970.6
1995-01-18,FDO-201507,3.210265,3.3646047,3.210265,3.3028688,1534764.2
1995-01-19,FDO-201507,3.3028688,3.3954725,3.3028688,3.3954725,1182052
1995-01-20,FDO-201507,3.3646047,3.3954725,3.241133,3.2720008,690441.44
1995-01-23,FDO-201507,3.210265,3.241133,3.179397,3.210265,964998.25
1995-01-24,FDO-201507,3.210265,3.210265,3.179397,3.179397,1040724.06
1995-01-25,FDO-201507,3.210265,3.3028688,3.179397,3.241133,363241.03
1995-01-26,FDO-201507,3.2720008,3.2720008,3.210265,3.210265,423983.7
1995-01-27,FDO-201507,3.2720008,3.2720008,3.210265,3.2720008,410215.38
1995-01-30,FDO-201507,3.2720008,3.3337367,3.2720008,3.2720008,257548.83
1995-01-31,FDO-201507,3.3337367,3.3646047,3.3028688,3.3337367,607021.56
1995-02-01,FDO-201507,3.3337367,3.3337367,3.2720008,3.3028688,646301.8
1995-02-02,FDO-201507,3.3028688,3.3954725,3.2720008,3.3954725,311812.28
1995-02-03,FDO-201507,3.3954725,3.3954725,3.3028688,3.3646047,386323.25
1995-02-06,FDO-201507,3.3028688,3.4572084,3.3028688,3.4263406,765762.3
1995-02-07,FDO-201507,3.3954725,3.3954725,3.3028688,3.3028688,576245.25
1995-02-08,FDO-201507,3.3337367,3.3337367,3.3028688,3.3028688,427223.3
1995-02-09,FDO-201507,3.2720008,3.3028688,3.241133,3.3028688,1405584.9
1995-02-10,FDO-201507,3.2720008,3.3028688,3.241133,3.2720008,549113.56
1995-02-13,FDO-201507,3.2720008,3.3028688,3.241133,3.3028688,264433
1995-02-14,FDO-201507,3.3028688,3.3028688,3.2720008,3.3028688,174938.83
1995-02-15,FDO-201507,3.2720008,3.3028688,3.2720008,3.3028688,280226.1
1995-02-16,FDO-201507,3.2720008,3.3337367,3.2720008,3.3028688,311812.28
1995-02-17,FDO-201507,3.3028688,3.3646047,3.3028688,3.3028688,160360.6
1995-02-21,FDO-201507,3.3028688,3.3028688,3.241133,3.241133,342588.53
1995-02-22,FDO-201507,3.2720008,3.3646047,3.241133,3.3028688,443826.28
1995-02-23,FDO-201507,3.2720008,3.3646047,3.2720008,3.3028688,116625.89
1995-02-24,FDO-201507,3.3028688,3.3337367,3.2720008,3.3028688,124319.95
1995-02-27,FDO-201507,3.241133,3.2720008,3.210265,3.210265,242160.7
1995-02-28,FDO-201507,3.210265,3.210265,3.148529,3.210265,547493.75
1995-03-01,FDO-201507,3.210265,3.3028688,3.179397,3.3028688,495660.03
1995-03-02,FDO-201507,3.148529,3.179397,3.0250573,3.1176612,551138.3
1995-03-03,FDO-201507,3.148529,3.179397,3.1176612,3.1176612,402926.25
1995-03-06,FDO-201507,3.0867932,3.1176612,2.8707178,2.9941895,397256.94
1995-03-07,FDO-201507,3.0867932,3.1176612,2.9633214,3.0559254,299663.75
1995-03-08,FDO-201507,3.0867932,3.210265,3.0867932,3.148529,480271.88
1995-03-09,FDO-201507,3.1423068,3.2045307,3.1111948,3.1423068,145844.3
1995-03-10,FDO-201507,3.1423068,3.2045307,3.1111948,3.1423068,199682.12
1995-03-13,FDO-201507,3.1423068,3.2045307,3.1111948,3.1423068,210530.05
1995-03-14,FDO-201507,3.1423068,3.1734188,3.048971,3.1111948,349142.4
1995-03-15,FDO-201507,3.1111948,3.1423068,3.048971,3.1111948,379275.5
1995-03-16,FDO-201507,3.080083,3.1111948,3.017859,3.048971,251109.31
1995-03-17,FDO-201507,3.017859,3.080083,2.955635,2.986747,367222.25
1995-03-20,FDO-201507,2.986747,3.048971,2.986747,3.048971,125353.77
1995-03-21,FDO-201507,3.080083,3.1734188,3.048971,3.1111948,554047.56
1995-03-22,FDO-201507,3.080083,3.080083,3.048971,3.080083,268787.4
1995-03-23,FDO-201507,3.080083,3.1423068,3.048971,3.1111948,167138.36
1995-03-24,FDO-201507,3.1111948,3.2045307,3.1111948,3.1734188,328651.88
1995-03-27,FDO-201507,3.1423068,3.1734188,3.1423068,3.1734188,113702.3
1995-03-28,FDO-201507,3.1111948,3.1423068,3.048971,3.1111948,68301.734
1995-03-29,FDO-201507,3.080083,3.1734188,3.080083,3.1734188,257939.48
1995-03-30,FDO-201507,3.2045307,3.2045307,3.1423068,3.1734188,154683.34
1995-03-31,FDO-201507,3.1423068,3.1734188,3.1111948,3.1734188,254323.52
1995-04-03,FDO-201507,3.1423068,3.2356427,3.1111948,3.2045307,287670.84
1995-04-04,FDO-201507,3.1734188,3.2045307,3.1111948,3.1423068,169147.23
1995-04-05,FDO-201507,3.048971,3.080083,2.986747,3.017859,725605.5
1995-04-06,FDO-201507,3.017859,3.1734188,2.955635,3.1423068,618331.56
1995-04-07,FDO-201507,3.1111948,3.1423068,3.048971,3.080083,130978.62
1995-04-10,FDO-201507,3.080083,3.080083,2.924523,3.017859,313384.44
1995-04-11,FDO-201507,2.955635,3.017859,2.955635,3.017859,127362.65
1995-04-12,FDO-201507,2.986747,3.048971,2.955635,2.955635,179995.16
1995-04-13,FDO-201507,2.955635,2.986747,2.955635,2.955635,236645.42
1995-04-17,FDO-201507,2.924523,2.986747,2.924523,2.986747,470076.62
1995-04-18,FDO-201507,2.986747,2.986747,2.924523,2.924523,350347.72
1995-04-19,FDO-201507,2.924523,2.986747,2.924523,2.986747,192450.17
1995-04-20,FDO-201507,2.986747,2.986747,2.955635,2.955635,109684.55
1995-04-21,FDO-201507,2.924523,3.017859,2.924523,3.017859,529941.1
1995-04-24,FDO-201507,3.017859,3.048971,2.955635,2.986747,157897.53
1995-04-25,FDO-201507,2.986747,2.986747,2.955635,2.986747,226601.05
1995-04-26,FDO-201507,2.955635,2.986747,2.955635,2.955635,161915.28
1995-04-27,FDO-201507,2.955635,3.017859,2.955635,2.986747,434318.66
1995-04-28,FDO-201507,2.986747,2.986747,2.924523,2.955635,249502.22
1995-05-01,FDO-201507,2.924523,2.955635,2.8622992,2.8934112,243073.81
1995-05-02,FDO-201507,2.8934112,2.924523,2.8622992,2.924523,371641.78
1995-05-03,FDO-201507,2.8934112,2.924523,2.8934112,2.924523,104461.48
1995-05-04,FDO-201507,2.8934112,2.955635,2.8622992,2.8622992,807165.8
1995-05-05,FDO-201507,2.8622992,2.8622992,2.7689633,2.8000753,462041.12
1995-05-08,FDO-201507,2.7378514,2.8000753,2.7378514,2.7689633,589403.8
1995-05-09,FDO-201507,2.7689633,2.7689633,2.7067394,2.7689633,577350.56
1995-05-10,FDO-201507,2.8000753,2.8622992,2.7067394,2.7378514,781452.2
1995-05-11,FDO-201507,2.7689633,2.924523,2.7067394,2.8934112,719980.6
1995-05-12,FDO-201507,2.8622992,3.017859,2.8622992,2.955635,477308.6
1995-05-15,FDO-201507,2.986747,3.048971,2.955635,3.048971,513066.56
1995-05-16,FDO-201507,3.017859,3.048971,2.955635,2.955635,205708.75
1995-05-17,FDO-201507,2.986747,3.048971,2.986747,3.017859,239056.06
1995-05-18,FDO-201507,3.017859,3.017859,2.8622992,2.986747,127764.42
1995-05-19,FDO-201507,3.017859,3.017859,2.8934112,2.955635,253118.19
1995-05-22,FDO-201507,2.986747,3.017859,2.8934112,2.924523,347133.53
1995-05-23,FDO-201507,2.924523,2.955635,2.8311872,2.8622992,941760.4
1995-05-24,FDO-201507,2.8311872,2.8934112,2.8311872,2.8934112,358383.22
1995-05-25,FDO-201507,2.8934112,2.8934112,2.8311872,2.8622992,595832.2
1995-05-26,FDO-201507,2.8622992,2.8934112,2.7689633,2.8622992,368025.8
1995-05-30,FDO-201507,2.8311872,2.8622992,2.8311872,2.8311872,243475.6
1995-05-31,FDO-201507,2.8311872,2.955635,2.8311872,2.955635,428292.06
1995-06-01,FDO-201507,2.924523,3.2045307,2.8934112,3.1734188,1299340
1995-06-02,FDO-201507,3.1734188,3.2667546,3.1734188,3.2356427,757345.7
1995-06-05,FDO-201507,3.2356427,3.2356427,3.1423068,3.2045307,312580.88
1995-06-06,FDO-201507,3.2356427,3.2356427,3.1734188,3.1734188,274412.25
1995-06-07,FDO-201507,3.1423068,3.2667546,3.1423068,3.2356427,507441.72
1995-06-08,FDO-201507,3.2045307,3.4223144,3.2045307,3.4223144,337089.16
1995-06-09,FDO-201507,3.4223144,3.4223144,3.3289785,3.3600905,214146.03
1995-06-12,FDO-201507,3.3600905,3.4223144,3.3600905,3.3912024,319812.8
1995-06-13,FDO-201507,3.353592,3.416276,3.259566,3.353592,373700.06
1995-06-14,FDO-201507,3.353592,3.447618,3.353592,3.384934,543998.8
1995-06-15,FDO-201507,3.384934,3.5103018,3.384934,3.5103018,474603.06
1995-06-16,FDO-201507,3.5103018,3.604328,3.5103018,3.572986,273993.53
1995-06-19,FDO-201507,3.572986,3.6356697,3.5103018,3.6356697,503717.38
1995-06-20,FDO-201507,3.572986,3.6983538,3.5416439,3.6356697,898555.2
1995-06-21,FDO-201507,3.6356697,3.8237216,3.604328,3.8237216,1011423
1995-06-22,FDO-201507,3.7923796,3.8237216,3.604328,3.6983538,510098.56
1995-06-23,FDO-201507,3.6670117,3.7923796,3.6670117,3.7610378,957980.3
1995-06-26,FDO-201507,3.7610378,3.7610378,3.6670117,3.6670117,289148.9
1995-06-27,FDO-201507,3.6670117,3.7296958,3.6670117,3.6670117,213770.78
1995-06-28,FDO-201507,3.6983538,3.7296958,3.6356697,3.6983538,1363985.2
1995-06-29,FDO-201507,3.6983538,3.6983538,3.6670117,3.6670117,1943080.8
1995-06-30,FDO-201507,3.6670117,3.6983538,3.6356697,3.6983538,881405.7
1995-07-03,FDO-201507,3.6983538,3.6983538,3.6356697,3.6356697,121243.13
1995-07-05,FDO-201507,3.6670117,3.7296958,3.6670117,3.7296958,1386718.4
1995-07-06,FDO-201507,3.6983538,3.7610378,3.6670117,3.7610378,2111385.2
1995-07-07,FDO-201507,3.7610378,3.8237216,3.6983538,3.8237216,974731
1995-07-10,FDO-201507,3.8237216,3.8237216,3.7610378,3.8237216,884197.44
1995-07-11,FDO-201507,3.7610378,3.8550637,3.7610378,3.8550637,1017006.56
1995-07-12,FDO-201507,3.8550637,3.8550637,3.7923796,3.8550637,1123892
1995-07-13,FDO-201507,3.8550637,3.8864057,3.7923796,3.8550637,580292
1995-07-14,FDO-201507,3.7923796,3.9177477,3.7923796,3.9177477,1423410.4
1995-07-17,FDO-201507,3.9177477,3.9177477,3.8237216,3.8864057,763353.1
1995-07-18,FDO-201507,3.8237216,3.9177477,3.8237216,3.9177477,596643.8
1995-07-19,FDO-201507,3.8550637,3.9177477,3.8237216,3.8864057,1003446.44
1995-07-20,FDO-201507,3.9177477,4.0744576,3.8864057,4.0117736,710309.25
1995-07-21,FDO-201507,4.0431156,4.1998253,4.0431156,4.1998253,741816.56
1995-07-24,FDO-201507,4.1371417,4.2625093,4.1371417,4.2311673,1366777
1995-07-25,FDO-201507,4.1684833,4.3251934,4.1684833,4.2938514,1178531.1
1995-07-26,FDO-201507,4.3251934,4.513245,4.3251934,4.481903,1785943.2
1995-07-27,FDO-201507,4.544587,4.7012973,4.513245,4.6699553,3199781.8
1995-07-28,FDO-201507,4.889349,4.952033,4.638613,4.6699553,2359854
1995-07-31,FDO-201507,4.6699553,4.6699553,4.3251934,4.575929,1624019.9
1995-08-01,FDO-201507,4.544587,4.544587,4.4505615,4.4505615,1833004.8
1995-08-02,FDO-201507,4.481903,4.513245,4.4505615,4.513245,1670283.8
1995-08-03,FDO-201507,4.481903,4.544587,4.4192195,4.513245,1372759.4
1995-08-04,FDO-201507,4.513245,4.6699553,4.513245,4.6699553,675611.44
1995-08-07,FDO-201507,4.638613,4.638613,4.513245,4.513245,7003785
1995-08-08,FDO-201507,4.513245,4.513245,4.2625093,4.3878775,2871946.8
1995-08-09,FDO-201507,4.575929,4.6699553,4.544587,4.638613,2046376.8
1995-08-10,FDO-201507,4.638613,4.7012973,4.638613,4.6699553,610602.75
1995-08-11,FDO-201507,4.6699553,4.6699553,4.638613,4.638613,224937.92
1995-08-14,FDO-201507,4.638613,4.7012973,4.638613,4.638613,578297.8
1995-08-15,FDO-201507,4.6699553,4.6699553,4.607271,4.607271,1483234.2
1995-08-16,FDO-201507,4.607271,4.638613,4.575929,4.638613,1288208.2
1995-08-17,FDO-201507,4.6699553,4.7012973,4.607271,4.638613,407999.1
1995-08-18,FDO-201507,4.638613,4.7012973,4.607271,4.6699553,614192.2
1995-08-21,FDO-201507,4.6699553,4.7012973,4.638613,4.6699553,137993.83
1995-08-22,FDO-201507,4.638613,4.6699553,4.638613,4.638613,754579
1995-08-23,FDO-201507,4.638613,4.6699553,4.638613,4.638613,717488.1
1995-08-24,FDO-201507,4.638613,4.638613,4.544587,4.607271,5307179
1995-08-25,FDO-201507,4.638613,4.7326393,4.607271,4.7326393,352562.28
1995-08-28,FDO-201507,4.6699553,4.7012973,4.638613,4.638613,368515.3
1995-08-29,FDO-201507,4.638613,4.6699553,4.513245,4.607271,1631597.5
1995-08-30,FDO-201507,4.607271,4.638613,4.575929,4.607271,359342.3
1995-08-31,FDO-201507,4.638613,4.638613,4.575929,4.575929,508503.28
1995-09-01,FDO-201507,4.607271,4.7012973,4.607271,4.607271,851493.7
1995-09-05,FDO-201507,4.638613,4.638613,4.575929,4.607271,1071645.8
1995-09-06,FDO-201507,4.638613,4.7012973,4.638613,4.6699553,768139.06
1995-09-07,FDO-201507,4.638613,4.7012973,4.638613,4.6699553,519271.56
1995-09-08,FDO-201507,4.638613,4.826665,4.638613,4.7639813,709112.8
1995-09-11,FDO-201507,4.7326393,4.7639813,4.6699553,4.7326393,390849.56
1995-09-12,FDO-201507,4.7326393,4.826665,4.6699553,4.826665,475001.88
1995-09-13,FDO-201507,4.757353,4.757353,4.6943417,4.7258472,226546.69
1995-09-14,FDO-201507,4.6943417,4.7258472,4.662836,4.6943417,539189.06
1995-09-15,FDO-201507,4.6943417,4.7258472,4.662836,4.7258472,316609.9
1995-09-18,FDO-201507,4.6943417,4.7258472,4.6943417,4.7258472,562994.3
1995-09-19,FDO-201507,4.6943417,4.757353,4.6943417,4.757353,154734.16
1995-09-20,FDO-201507,4.7258472,4.757353,4.7258472,4.757353,145212.06
1995-09-21,FDO-201507,4.7258472,4.7888584,4.662836,4.7258472,2081769.6
1995-09-22,FDO-201507,4.6943417,4.7258472,4.5368133,4.6943417,641948.4
1995-09-25,FDO-201507,4.6943417,4.757353,4.6943417,4.7258472,439206.97
1995-09-26,FDO-201507,4.7258472,4.757353,4.6943417,4.7258472,141244.52
1995-09-27,FDO-201507,4.6943417,4.6943417,4.5368133,4.568319,714951.2
1995-09-28,FDO-201507,4.568319,4.6943417,4.5368133,4.6943417,240433.08
1995-09-29,FDO-201507,4.6313305,4.7888584,4.5368133,4.7888584,574103.44
1995-10-02,FDO-201507,4.7888584,4.7888584,4.662836,4.6943417,150766.62
1995-10-03,FDO-201507,4.6943417,4.6943417,4.473802,4.5368133,380090.6
1995-10-04,FDO-201507,4.5368133,4.5368133,4.3477793,4.379285,364220.4
1995-10-05,FDO-201507,4.5998244,4.5998244,4.5053077,4.5368133,538792.3
1995-10-06,FDO-201507,4.5368133,4.568319,4.4422965,4.4422965,605050.25
1995-10-09,FDO-201507,4.473802,4.5053077,4.379285,4.5053077,454680.38
1995-10-10,FDO-201507,4.4422965,4.662836,4.3162737,4.662836,365410.66
1995-10-11,FDO-201507,4.662836,4.6943417,4.5998244,4.6313305,619333.4
1995-10-12,FDO-201507,4.5998244,4.6313305,4.568319,4.5998244,505464.94
1995-10-13,FDO-201507,4.5998244,4.6313305,4.473802,4.5368133,455870.66
1995-10-16,FDO-201507,4.5053077,4.5053077,4.3162737,4.379285,929992
1995-10-17,FDO-201507,4.379285,4.379285,4.1902514,4.3162737,1262868.8
1995-10-18,FDO-201507,4.3477793,4.379285,4.284768,4.3162737,497926.6
1995-10-19,FDO-201507,4.284768,4.3162737,4.2532625,4.284768,440793.97
1995-10-20,FDO-201507,4.284768,4.3477793,4.221757,4.2532625,519351.3
1995-10-23,FDO-201507,4.2532625,4.3162737,4.221757,4.2532625,857385.94
1995-10-24,FDO-201507,4.221757,4.284768,4.221757,4.2532625,405086.1
1995-10-25,FDO-201507,4.221757,4.221757,4.032723,4.0642285,458251.16
1995-10-26,FDO-201507,4.032723,4.0642285,3.8751948,3.9697115,444364.78
1995-10-27,FDO-201507,3.9067004,4.0642285,3.8751948,3.9697115,384058.12
1995-10-30,FDO-201507,3.9067004,4.0012174,3.9067004,3.9067004,119819.79
1995-10-31,FDO-201507,3.8751948,3.9697115,3.8121834,3.843689,441190.75
1995-11-01,FDO-201507,3.843689,3.843689,3.7491722,3.7491722,1157728.9
1995-11-02,FDO-201507,3.7806778,4.0642285,3.7806778,3.9697115,1583446.2
1995-11-03,FDO-201507,4.032723,4.221757,4.032723,4.1902514,940307.56
1995-11-06,FDO-201507,4.1902514,4.284768,4.1902514,4.2532625,621713.94
1995-11-07,FDO-201507,4.2532625,4.2532625,4.221757,4.221757,213453.8
1995-11-08,FDO-201507,4.2532625,4.3477793,4.2532625,4.2532625,296375.44
1995-11-09,FDO-201507,4.2532625,4.2532625,4.158746,4.158746,108313.914
1995-11-10,FDO-201507,4.095734,4.095734,4.0012174,4.032723,192029.06
1995-11-13,FDO-201507,4.032723,4.158746,4.032723,4.095734,97601.55
1995-11-14,FDO-201507,4.095734,4.158746,4.0642285,4.158746,94427.516
1995-11-15,FDO-201507,4.032723,4.1272397,3.938206,4.095734,374139.25
1995-11-16,FDO-201507,4.095734,4.221757,4.0642285,4.1272397,123390.57
1995-11-17,FDO-201507,4.0642285,4.095734,4.0012174,4.0012174,620920.44
1995-11-20,FDO-201507,4.032723,4.0642285,3.938206,3.9697115,192425.81
1995-11-21,FDO-201507,4.0012174,4.0012174,3.938206,3.938206,110297.69
1995-11-22,FDO-201507,3.9067004,3.9697115,3.9067004,3.9067004,223769.4
1995-11-24,FDO-201507,3.938206,3.9697115,3.938206,3.938206,82128.13
1995-11-27,FDO-201507,3.938206,3.938206,3.8751948,3.9067004,334860.6
1995-11-28,FDO-201507,3.8751948,3.8751948,3.7806778,3.843689,723679.75
1995-11-29,FDO-201507,3.8121834,3.843689,3.7806778,3.8121834,310658.6
1995-11-30,FDO-201507,3.8121834,3.8751948,3.8121834,3.8751948,306294.28
1995-12-01,FDO-201507,3.9067004,4.1272397,3.9067004,4.0012174,526889.6
1995-12-04,FDO-201507,3.9697115,4.0012174,3.7806778,3.8121834,516970.8
1995-12-05,FDO-201507,3.843689,3.843689,3.8121834,3.8121834,614175.56
1995-12-06,FDO-201507,3.843689,3.843689,3.7491722,3.7491722,668530.94
1995-12-07,FDO-201507,3.7491722,3.7491722,3.6861608,3.7176664,618539.9
1995-12-08,FDO-201507,3.7491722,3.8751948,3.7491722,3.8751948,197980.38
1995-12-11,FDO-201507,3.843689,3.8751948,3.7806778,3.8121834,298359.2
1995-12-12,FDO-201507,3.7806778,3.7806778,3.6231496,3.6546552,676862.75
1995-12-13,FDO-201507,3.6800344,3.8069322,3.64831,3.8069322,636339.2
1995-12-14,FDO-201507,3.8703809,3.8703809,3.7434833,3.8069322,499614.9
1995-12-15,FDO-201507,3.8069322,3.8386567,3.6800344,3.7117589,493704.62
1995-12-18,FDO-201507,3.6800344,3.6800344,3.584861,3.584861,1344783.6
1995-12-19,FDO-201507,3.6800344,3.7434833,3.64831,3.7434833,944855.3
1995-12-20,FDO-201507,3.7752078,3.7752078,3.6165855,3.6165855,1500814.8
1995-12-21,FDO-201507,3.6165855,3.6800344,3.6165855,3.6165855,477155.88
1995-12-22,FDO-201507,3.6165855,3.7117589,3.6165855,3.7117589,656040.06
1995-12-26,FDO-201507,3.7117589,3.7434833,3.6165855,3.6800344,741147.94
1995-12-27,FDO-201507,3.6800344,3.6800344,3.6165855,3.6165855,348705.97
1995-12-28,FDO-201507,3.6165855,3.7117589,3.6165855,3.6165855,1125709.6
1995-12-29,FDO-201507,3.5531366,3.5531366,3.426239,3.4896877,3245920.8
1996-01-02,FDO-201507,3.4896877,3.4896877,3.2993412,3.2993412,2990597
1996-01-03,FDO-201507,3.3310657,3.3945146,3.2676167,3.2993412,1545338.9
1996-01-04,FDO-201507,3.2676167,3.3945146,3.1089945,3.2993412,866445.7
1996-01-05,FDO-201507,3.2993412,3.2993412,3.140719,3.1724434,3595020.8
1996-01-08,FDO-201507,3.2041678,3.2041678,3.1724434,3.2041678,920426.2
1996-01-09,FDO-201507,3.2041678,3.2041678,3.1724434,3.2041678,769517.25
1996-01-10,FDO-201507,3.1724434,3.2993412,3.0455456,3.1089945,9335864
1996-01-11,FDO-201507,3.140719,3.1724434,3.0455456,3.140719,1217515.8
1996-01-12,FDO-201507,3.140719,3.140719,3.0455456,3.07727,695835.9
1996-01-15,FDO-201507,3.1089945,3.1089945,3.0138214,3.07727,948795.5
1996-01-16,FDO-201507,3.07727,3.07727,3.0455456,3.07727,1935416.8
1996-01-17,FDO-201507,3.07727,3.07727,3.0138214,3.0455456,193068.84
1996-01-18,FDO-201507,3.0455456,3.0455456,3.0138214,3.0138214,1529184.1
1996-01-19,FDO-201507,3.0455456,3.0455456,3.0138214,3.0138214,373529.12
1996-01-22,FDO-201507,3.0455456,3.0455456,3.0138214,3.0455456,870779.94
1996-01-23,FDO-201507,3.0138214,3.0455456,2.982097,2.982097,317184.53
1996-01-24,FDO-201507,2.982097,3.0138214,2.9503725,2.982097,721053.06
1996-01-25,FDO-201507,2.982097,2.982097,2.8869236,2.918648,628064.8
1996-01-26,FDO-201507,2.918648,2.918648,2.7917502,2.7917502,10006089
1996-01-29,FDO-201507,2.855199,2.9503725,2.8234746,2.918648,699382.06
1996-01-30,FDO-201507,2.9503725,3.0455456,2.9503725,2.9503725,1226972.2
1996-01-31,FDO-201507,2.982097,3.0138214,2.9503725,3.0138214,1251007.4
1996-02-01,FDO-201507,3.0138214,3.0138214,2.9503725,2.982097,765577.06
1996-02-02,FDO-201507,2.9503725,3.0138214,2.9503725,3.0138214,565021.9
1996-02-05,FDO-201507,3.0455456,3.1089945,2.982097,3.07727,1249431.2
1996-02-06,FDO-201507,3.140719,3.1724434,3.1089945,3.140719,669436.7
1996-02-07,FDO-201507,3.140719,3.1724434,3.07727,3.1089945,397564.22
1996-02-08,FDO-201507,3.140719,3.140719,3.1089945,3.140719,282904.97
1996-02-09,FDO-201507,3.140719,3.1724434,3.1089945,3.1724434,369194.9
1996-02-12,FDO-201507,3.1724434,3.2041678,3.140719,3.2041678,331369.2
1996-02-13,FDO-201507,3.1724434,3.2041678,3.140719,3.140719,975588.7
1996-02-14,FDO-201507,3.140719,3.1724434,3.1089945,3.140719,437754.06
1996-02-15,FDO-201507,3.140719,3.2041678,3.140719,3.140719,506707.22
1996-02-16,FDO-201507,3.1089945,3.1724434,3.1089945,3.1724434,868021.75
1996-02-20,FDO-201507,3.140719,3.1724434,3.1089945,3.140719,338067.5
1996-02-21,FDO-201507,3.1724434,3.2676167,3.1724434,3.2358923,421993.34
1996-02-22,FDO-201507,3.2358923,3.426239,3.2358923,3.426239,552807.3
1996-02-23,FDO-201507,3.3945146,3.5214121,3.3945146,3.4579632,1572920.1
1996-02-26,FDO-201507,3.426239,3.4896877,3.426239,3.4579632,688743.56
1996-02-27,FDO-201507,3.426239,3.4579632,3.3945146,3.426239,355798.3
1996-02-28,FDO-201507,3.426239,3.5214121,3.426239,3.5214121,395988.16
1996-02-29,FDO-201507,3.4896877,3.4896877,3.4579632,3.4896877,236804.86
1996-03-01,FDO-201507,3.5214121,3.5531366,3.4896877,3.5214121,664314.44
1996-03-04,FDO-201507,3.5214121,3.8386567,3.5214121,3.7752078,1258493.6
1996-03-05,FDO-201507,3.7752078,3.7752078,3.6800344,3.7434833,404656.53
1996-03-06,FDO-201507,3.7434833,3.8386567,3.6800344,3.8386567,371559.03
1996-03-07,FDO-201507,3.8069322,3.8703809,3.7117589,3.7434833,626882.75
1996-03-08,FDO-201507,3.6800344,3.6800344,3.5531366,3.6165855,363284.66
1996-03-11,FDO-201507,3.6165855,3.6800344,3.5214121,3.6800344,224196.28
1996-03-12,FDO-201507,3.6800344,3.7117589,3.584861,3.7117589,280934.88
1996-03-13,FDO-201507,3.7079234,3.803818,3.6759586,3.7718532,210387.3
1996-03-14,FDO-201507,3.803818,3.8677478,3.7718532,3.8357828,385188.66
1996-03-15,FDO-201507,3.803818,3.8677478,3.7718532,3.7718532,178711.89
1996-03-18,FDO-201507,3.7718532,3.8677478,3.7398882,3.8677478,470829.56
1996-03-19,FDO-201507,3.8677478,3.8677478,3.8357828,3.8677478,128265.87
1996-03-20,FDO-201507,3.8357828,3.8357828,3.7718532,3.803818,153293.34
1996-03-21,FDO-201507,3.803818,3.8357828,3.7718532,3.803818,111450.52
1996-03-22,FDO-201507,3.803818,3.8357828,3.803818,3.8357828,129439.02
1996-03-25,FDO-201507,3.8357828,3.8357828,3.7718532,3.7718532,116143.17
1996-03-26,FDO-201507,3.7398882,3.803818,3.7398882,3.803818,184968.77
1996-03-27,FDO-201507,3.803818,3.9636424,3.803818,3.8997126,1220481
1996-03-28,FDO-201507,3.8357828,3.8357828,3.803818,3.803818,107539.98
1996-03-29,FDO-201507,3.8357828,3.8677478,3.7718532,3.7718532,398484.5
1996-04-01,FDO-201507,3.7718532,3.803818,3.7398882,3.7398882,762165.1
1996-04-02,FDO-201507,3.7718532,3.8997126,3.7718532,3.8357828,613955.5
1996-04-03,FDO-201507,3.8997126,3.8997126,3.8357828,3.8677478,344127.94
1996-04-04,FDO-201507,3.8677478,3.8677478,3.7718532,3.7718532,181058.22
1996-04-08,FDO-201507,3.7398882,3.7398882,3.6759586,3.6759586,461835.3
1996-04-09,FDO-201507,3.803818,3.8997126,3.7718532,3.8997126,616692.9
1996-04-10,FDO-201507,3.8997126,3.9636424,3.8357828,3.9316773,411389.28
1996-04-11,FDO-201507,3.8997126,3.9316773,3.8677478,3.9316773,1107857.2
1996-04-12,FDO-201507,3.8677478,3.8997126,3.8677478,3.8997126,780935.75
1996-04-15,FDO-201507,3.9316773,3.9316773,3.803818,3.8357828,603397.06
1996-04-16,FDO-201507,3.8677478,3.8677478,3.803818,3.8357828,459097.94
1996-04-17,FDO-201507,3.803818,3.8357828,3.803818,3.8357828,87987.25
1996-04-18,FDO-201507,3.8357828,3.8357828,3.7718532,3.8357828,64523.984
1996-04-19,FDO-201507,3.8357828,3.8357828,3.7718532,3.8357828,466919.03
1996-04-22,FDO-201507,3.8677478,3.8677478,3.803818,3.8357828,142734.88
1996-04-23,FDO-201507,3.8357828,3.8357828,3.803818,3.803818,698814.3
1996-04-24,FDO-201507,3.803818,3.8357828,3.7718532,3.803818,503287.1
1996-04-25,FDO-201507,3.803818,3.8357828,3.803818,3.803818,342172.66
1996-04-26,FDO-201507,3.803818,3.8677478,3.803818,3.8677478,466527.97
1996-04-29,FDO-201507,3.8357828,3.9956071,3.8357828,3.9636424,688255.9
1996-04-30,FDO-201507,3.9956071,3.9956071,3.8997126,3.9316773,732053.94
1996-05-01,FDO-201507,3.8997126,3.9316773,3.8677478,3.9316773,423120.94
1996-05-02,FDO-201507,3.9316773,3.9636424,3.8997126,3.9316773,200610.94
1996-05-03,FDO-201507,3.9316773,3.9956071,3.9316773,3.9636424,586190.6
1996-05-06,FDO-201507,3.9956071,4.027572,3.9316773,3.9636424,506024.47
1996-05-07,FDO-201507,3.9316773,3.9636424,3.9316773,3.9636424,270218.62
1996-05-08,FDO-201507,3.9636424,3.9956071,3.9316773,3.9956071,592838.56
1996-05-09,FDO-201507,3.9636424,4.059537,3.9316773,4.059537,870878.3
1996-05-10,FDO-201507,4.0915017,4.0915017,4.027572,4.059537,977245.1
1996-05-13,FDO-201507,4.059537,4.1234665,4.059537,4.0915017,574459
1996-05-14,FDO-201507,4.0915017,4.379185,4.0915017,4.3152556,1404276.6
1996-05-15,FDO-201507,4.283291,4.3472204,4.251326,4.251326,696468
1996-05-16,FDO-201507,4.283291,4.3472204,4.2193613,4.3472204,958083.44
1996-05-17,FDO-201507,4.3152556,4.4111505,4.283291,4.4111505,444628.94
1996-05-20,FDO-201507,4.379185,4.379185,4.283291,4.3152556,127092.7
1996-05-21,FDO-201507,4.283291,4.3472204,4.251326,4.3152556,677697.4
1996-05-22,FDO-201507,4.3472204,4.3472204,4.2193613,4.251326,921324.3
1996-05-23,FDO-201507,4.283291,4.3152556,4.2193613,4.283291,368764.34
1996-05-24,FDO-201507,4.283291,4.3472204,4.283291,4.3152556,100501
1996-05-28,FDO-201507,4.3472204,4.3472204,4.283291,4.3472204,163851.81
1996-05-29,FDO-201507,4.4111505,4.5390096,4.4111505,4.4111505,658926.75
1996-05-30,FDO-201507,4.379185,4.4111505,4.3152556,4.379185,300720.88
1996-05-31,FDO-201507,4.3472204,4.379185,4.3152556,4.379185,389099.2
1996-06-03,FDO-201507,4.3472204,4.379185,4.283291,4.379185,350384.8
1996-06-04,FDO-201507,4.3472204,4.507045,4.3472204,4.507045,423511.97
1996-06-05,FDO-201507,4.47508,4.5709743,4.443115,4.5709743,332396.28
1996-06-06,FDO-201507,4.6029396,4.7307987,4.5709743,4.6029396,604570.2
1996-06-07,FDO-201507,4.379185,4.507045,4.3472204,4.507045,592056.44
1996-06-10,FDO-201507,4.5390096,4.5709743,4.507045,4.5709743,592838.56
1996-06-11,FDO-201507,4.6349044,4.6349044,4.5709743,4.5709743,1105902
1996-06-12,FDO-201507,4.6314406,4.6314406,4.534952,4.567115,242127.69
1996-06-13,FDO-201507,4.599278,4.599278,4.567115,4.567115,154681.89
1996-06-14,FDO-201507,4.567115,4.567115,4.406301,4.470627,437617.62
1996-06-17,FDO-201507,4.534952,4.599278,4.5027895,4.599278,197821.81
1996-06-18,FDO-201507,4.534952,4.567115,4.470627,4.567115,401084.72
1996-06-19,FDO-201507,4.5027895,4.567115,4.4384637,4.470627,961515.06
1996-06-20,FDO-201507,4.4384637,4.4384637,4.27765,4.3741384,270499
1996-06-21,FDO-201507,4.3741384,4.3741384,4.3419757,4.3741384,278660.6
1996-06-24,FDO-201507,4.3419757,4.406301,4.27765,4.3419757,464045.7
1996-06-25,FDO-201507,4.3741384,4.3741384,4.3098125,4.3741384,189660.22
1996-06-26,FDO-201507,4.3419757,4.3419757,4.27765,4.3098125,175280.23
1996-06-27,FDO-201507,4.245487,4.3419757,4.2133245,4.3419757,307031.9
1996-06-28,FDO-201507,4.3098125,4.567115,4.3098125,4.534952,657203.75
1996-07-01,FDO-201507,4.567115,4.567115,4.5027895,4.5027895,166341.33
1996-07-02,FDO-201507,4.534952,4.567115,4.406301,4.406301,176834.83
1996-07-03,FDO-201507,4.4384637,4.4384637,4.3098125,4.3098125,109598.73
1996-07-05,FDO-201507,4.245487,4.27765,4.2133245,4.245487,167507.28
1996-07-08,FDO-201507,4.2133245,4.3098125,4.2133245,4.245487,80450.13
1996-07-09,FDO-201507,4.27765,4.3098125,4.245487,4.245487,286044.9
1996-07-10,FDO-201507,4.27765,4.27765,4.245487,4.245487,739208.44
1996-07-11,FDO-201507,4.27765,4.27765,4.1489987,4.1489987,365717.75
1996-07-12,FDO-201507,4.116836,4.1489987,4.116836,4.1489987,264280.62
1996-07-15,FDO-201507,4.0846734,4.0846734,3.988185,3.988185,359110.72
1996-07-16,FDO-201507,4.0846734,4.0846734,3.8916967,3.988185,1104537.5
1996-07-17,FDO-201507,3.988185,4.2133245,3.9560223,4.2133245,434897.1
1996-07-18,FDO-201507,4.2133245,4.406301,4.1489987,4.3419757,1102983
1996-07-19,FDO-201507,4.3741384,4.3741384,4.27765,4.3098125,137192.73
1996-07-22,FDO-201507,4.27765,4.27765,4.1489987,4.1811614,67624.75
1996-07-23,FDO-201507,4.2133245,4.27765,4.1489987,4.2133245,384761.5
1996-07-24,FDO-201507,4.0525107,4.1489987,3.8595338,4.116836,507185.6
1996-07-25,FDO-201507,4.0846734,4.0846734,3.9560223,3.9560223,525840.7
1996-07-26,FDO-201507,3.988185,3.988185,3.8916967,3.8916967,418185.22
1996-07-29,FDO-201507,3.8916967,3.8916967,3.7952082,3.8273711,470652.7
1996-07-30,FDO-201507,3.8595338,3.9560223,3.8273711,3.9560223,296149.75
1996-07-31,FDO-201507,3.9560223,4.0525107,3.9560223,4.0525107,377377.2
1996-08-01,FDO-201507,4.0525107,4.0846734,3.988185,3.988185,324909.72
1996-08-02,FDO-201507,4.0203476,4.1489987,3.988185,4.116836,247957.4
1996-08-05,FDO-201507,4.116836,4.2133245,4.116836,4.1811614,219197.45
1996-08-06,FDO-201507,4.2133245,4.2133245,4.1811614,4.2133245,117760.336
1996-08-07,FDO-201507,4.1811614,4.3098125,4.116836,4.245487,253787.12
1996-08-08,FDO-201507,4.2133245,4.406301,4.2133245,4.3419757,380486.38
1996-08-09,FDO-201507,4.3098125,4.3098125,4.245487,4.245487,35366.965
1996-08-12,FDO-201507,4.245487,4.245487,4.1489987,4.1811614,429067.38
1996-08-13,FDO-201507,4.245487,4.245487,4.1811614,4.1811614,90554.98
1996-08-14,FDO-201507,4.1811614,4.406301,4.1811614,4.3419757,172171.05
1996-08-15,FDO-201507,4.3098125,4.3741384,4.27765,4.27765,548382.3
1996-08-16,FDO-201507,4.2133245,4.3741384,4.2133245,4.27765,118926.28
1996-08-19,FDO-201507,4.27765,4.406301,4.27765,4.3741384,179944.02
1996-08-20,FDO-201507,4.27765,4.3419757,4.1811614,4.3098125,1969667.9
1996-08-21,FDO-201507,4.27765,4.3098125,4.1811614,4.3098125,260005.5
1996-08-22,FDO-201507,4.1811614,4.470627,4.1811614,4.470627,318691.34
1996-08-23,FDO-201507,4.470627,4.470627,4.27765,4.3098125,100271.18
1996-08-26,FDO-201507,4.3419757,4.3419757,4.27765,4.3419757,100659.83
1996-08-27,FDO-201507,4.3098125,4.3419757,4.27765,4.3419757,124367.35
1996-08-28,FDO-201507,4.3419757,4.3419757,4.3098125,4.3098125,382818.25
1996-08-29,FDO-201507,4.27765,4.3741384,4.2133245,4.3741384,282935.72
1996-08-30,FDO-201507,4.3741384,4.4384637,4.3098125,4.4384637,222695.3
1996-09-03,FDO-201507,4.3419757,4.5027895,4.3419757,4.406301,170616.45
1996-09-04,FDO-201507,4.27765,4.4384637,4.27765,4.3741384,573644.44
1996-09-05,FDO-201507,4.3741384,4.5027895,4.3098125,4.3419757,1146122.9
1996-09-06,FDO-201507,4.3419757,4.3741384,4.3098125,4.3741384,195489.94
1996-09-09,FDO-201507,4.3098125,4.3741384,4.27765,4.3098125,734933.3
1996-09-10,FDO-201507,4.3741384,4.3741384,4.3098125,4.3741384,399141.47
1996-09-11,FDO-201507,4.3419757,4.3419757,4.27765,4.3098125,177223.47
1996-09-12,FDO-201507,4.3059278,4.3706784,4.3059278,4.3706784,66794.555
1996-09-13,FDO-201507,4.338303,4.4030538,4.338303,4.338303,270653.06
1996-09-16,FDO-201507,4.338303,4.3706784,4.273552,4.3706784,134747.39
1996-09-17,FDO-201507,4.338303,4.3706784,4.3059278,4.3706784,131272.53
1996-09-18,FDO-201507,4.3059278,4.3706784,4.3059278,4.3706784,94979.54
1996-09-19,FDO-201507,4.338303,4.3706784,4.338303,4.338303,143627.6
1996-09-20,FDO-201507,4.338303,4.3706784,4.338303,4.338303,243626.38
1996-09-23,FDO-201507,4.338303,4.3706784,4.3059278,4.338303,124708.9
1996-09-24,FDO-201507,4.338303,4.4030538,4.3059278,4.4030538,420072.1
1996-09-25,FDO-201507,4.4030538,4.4030538,4.338303,4.4030538,378759.84
1996-09-26,FDO-201507,4.3706784,4.4030538,4.338303,4.3706784,189186.88
1996-09-27,FDO-201507,4.3706784,4.4030538,4.338303,4.4030538,881842.5
1996-09-30,FDO-201507,4.3706784,4.50018,4.3706784,4.50018,307332.16
1996-10-01,FDO-201507,4.50018,4.5973063,4.4678044,4.564931,224321.58
1996-10-02,FDO-201507,4.5325556,4.564931,4.50018,4.5325556,224707.69
1996-10-03,FDO-201507,4.5325556,4.564931,4.4678044,4.5325556,237834.94
1996-10-04,FDO-201507,4.5973063,4.662057,4.5325556,4.662057,299996.34
1996-10-07,FDO-201507,4.6296816,4.7268076,4.5973063,4.6944323,800762.44
1996-10-08,FDO-201507,4.6944323,4.6944323,4.564931,4.5973063,303471.2
1996-10-09,FDO-201507,4.5973063,4.6296816,4.5325556,4.564931,108878.98
1996-10-10,FDO-201507,4.5325556,4.6296816,4.5325556,4.6296816,125095
1996-10-11,FDO-201507,4.662057,4.7268076,4.6296816,4.6944323,326636.94
1996-10-14,FDO-201507,4.6944323,4.7915583,4.662057,4.759183,821611.56
1996-10-15,FDO-201507,4.759183,4.759183,4.6944323,4.7268076,235132.27
1996-10-16,FDO-201507,4.759183,4.7915583,4.7268076,4.7915583,215055.3
1996-10-17,FDO-201507,4.759183,4.759183,4.662057,4.6944323,210036.05
1996-10-18,FDO-201507,4.6944323,4.6944323,4.6296816,4.6944323,185712.02
1996-10-21,FDO-201507,4.6944323,4.759183,4.662057,4.6944323,351733.16
1996-10-22,FDO-201507,4.662057,4.6944323,4.5973063,4.662057,351733.16
1996-10-23,FDO-201507,4.662057,4.6944323,4.6296816,4.662057,303471.2
1996-10-24,FDO-201507,4.6296816,4.662057,4.5973063,4.662057,79921.805
1996-10-25,FDO-201507,4.662057,4.662057,4.564931,4.6296816,109265.08
1996-10-28,FDO-201507,4.5973063,4.6296816,4.564931,4.5973063,94207.34
1996-10-29,FDO-201507,4.5325556,4.5325556,4.4030538,4.4678044,246329.03
1996-10-30,FDO-201507,4.5325556,4.5325556,4.435429,4.4678044,85327.14
1996-10-31,FDO-201507,4.4678044,4.50018,4.1440506,4.435429,601537.06
1996-11-01,FDO-201507,4.4030538,4.435429,4.273552,4.4030538,322775.97
1996-11-04,FDO-201507,4.4030538,4.4030538,4.273552,4.3059278,555977.75
1996-11-05,FDO-201507,4.338303,4.338303,4.2411766,4.273552,450959.75
1996-11-06,FDO-201507,4.3059278,4.4030538,4.273552,4.4030538,1321991.6
1996-11-07,FDO-201507,4.4030538,4.5973063,4.4030538,4.4678044,850954.9
1996-11-08,FDO-201507,4.4678044,4.662057,4.435429,4.5973063,394589.78
1996-11-11,FDO-201507,4.6296816,4.6296816,4.5325556,4.5973063,216985.77
1996-11-12,FDO-201507,4.5973063,4.6296816,4.5973063,4.6296816,281849.84
1996-11-13,FDO-201507,4.662057,4.759183,4.662057,4.7268076,901919.5
1996-11-14,FDO-201507,4.662057,4.759183,4.662057,4.7268076,328953.5
1996-11-15,FDO-201507,4.6944323,4.7268076,4.662057,4.662057,303857.28
1996-11-18,FDO-201507,4.662057,4.759183,4.662057,4.759183,392273.2
1996-11-19,FDO-201507,4.7268076,4.7268076,4.662057,4.7268076,138222.25
1996-11-20,FDO-201507,4.662057,4.7268076,4.662057,4.662057,113898.23
1996-11-21,FDO-201507,4.662057,4.6944323,4.5973063,4.662057,90732.484
1996-11-22,FDO-201507,4.6296816,4.662057,4.5325556,4.6296816,308490.44
1996-11-25,FDO-201507,4.5325556,4.5973063,4.5325556,4.5973063,220074.53
1996-11-26,FDO-201507,4.564931,4.8563094,4.564931,4.7915583,343625.16
1996-11-27,FDO-201507,4.823934,4.92106,4.7915583,4.8886847,903849.94
1996-11-29,FDO-201507,4.8886847,4.8886847,4.8563094,4.8886847,26640.602
1996-12-02,FDO-201507,4.823934,4.92106,4.7915583,4.8886847,271425.25
1996-12-03,FDO-201507,4.8886847,5.050562,4.8886847,4.92106,416597.22
1996-12-04,FDO-201507,4.9534354,5.1153126,4.92106,5.1153126,950567.56
1996-12-05,FDO-201507,5.050562,5.244814,5.050562,5.1800632,2043990.5
1996-12-06,FDO-201507,5.0829372,5.0829372,4.8886847,4.9858108,555977.75
1996-12-09,FDO-201507,4.9858108,5.244814,4.9858108,5.244814,440149.06
1996-12-10,FDO-201507,5.2124386,5.4390664,5.2124386,5.3095646,574896.44
1996-12-11,FDO-201507,5.273109,5.273109,5.0127087,5.1429086,466973.1
1996-12-12,FDO-201507,5.0452585,5.175459,4.9150586,4.9801583,414361.8
1996-12-13,FDO-201507,4.9150586,4.9150586,4.8499584,4.8499584,379415.62
1996-12-16,FDO-201507,4.9150586,4.9801583,4.8499584,4.9150586,324500.22
1996-12-17,FDO-201507,4.9150586,4.9150586,4.752308,4.817408,345237.5
1996-12-18,FDO-201507,4.8499584,5.1429086,4.817408,5.1429086,1766894.1
1996-12-19,FDO-201507,5.1429086,5.208009,5.1103587,5.208009,959675.8
1996-12-20,FDO-201507,5.208009,5.305659,5.175459,5.273109,1384022.2
1996-12-23,FDO-201507,5.273109,5.305659,5.175459,5.208009,134792.39
1996-12-24,FDO-201507,5.175459,5.175459,5.1103587,5.175459,57987.613
1996-12-26,FDO-201507,5.1103587,5.1103587,5.0127087,5.1103587,233486.55
1996-12-27,FDO-201507,5.1429086,5.208009,5.1103587,5.208009,85253.31
1996-12-30,FDO-201507,5.175459,5.338209,5.175459,5.305659,263440.4
1996-12-31,FDO-201507,5.305659,5.338209,5.240559,5.305659,439707.4
1997-01-02,FDO-201507,5.305659,5.305659,5.240559,5.240559,531105.06
1997-01-03,FDO-201507,5.175459,5.208009,5.1429086,5.175459,791857.3
1997-01-06,FDO-201507,5.1429086,5.1429086,4.9801583,5.0127087,225422.05
1997-01-07,FDO-201507,4.9801583,5.175459,4.8825083,5.1429086,663209.3
1997-01-08,FDO-201507,5.175459,5.338209,5.175459,5.305659,2004220.9
1997-01-09,FDO-201507,5.240559,5.338209,5.240559,5.305659,385560.03
1997-01-10,FDO-201507,5.240559,5.338209,5.240559,5.305659,569507.5
1997-01-13,FDO-201507,5.273109,5.338209,5.240559,5.273109,219661.69
1997-01-14,FDO-201507,5.240559,5.338209,5.240559,5.338209,1104068.8
1997-01-15,FDO-201507,5.240559,5.240559,5.1103587,5.240559,1258062.4
1997-01-16,FDO-201507,5.273109,5.273109,5.1429086,5.175459,186635.62
1997-01-17,FDO-201507,5.1103587,5.240559,5.1103587,5.240559,1068738.6
1997-01-20,FDO-201507,5.208009,5.435859,5.175459,5.435859,1175497.2
1997-01-21,FDO-201507,5.273109,5.4684095,5.273109,5.435859,1673192.2
1997-01-22,FDO-201507,5.435859,5.4684095,5.370759,5.4684095,1631717.6
1997-01-23,FDO-201507,5.4684095,5.5335093,5.4033093,5.4684095,3028796.8
1997-01-24,FDO-201507,5.435859,5.435859,5.370759,5.435859,1915127.2
1997-01-27,FDO-201507,5.4033093,5.435859,5.370759,5.4033093,863285.75
1997-01-28,FDO-201507,5.435859,5.435859,5.4033093,5.435859,285329.78
1997-01-29,FDO-201507,5.435859,5.435859,5.4033093,5.435859,685482.7
1997-01-30,FDO-201507,5.435859,5.435859,5.4033093,5.435859,757679.2
1997-01-31,FDO-201507,5.435859,5.4684095,5.4033093,5.4684095,1135942.8
1997-02-03,FDO-201507,5.5335093,5.72881,5.5009594,5.72881,1322578.4
1997-02-04,FDO-201507,5.7613597,5.82646,5.5986094,5.6962595,292626.22
1997-02-05,FDO-201507,5.6962595,5.6962595,5.4684095,5.5660596,410905.6
1997-02-06,FDO-201507,5.5335093,5.7613597,5.5335093,5.72881,1733100
1997-02-07,FDO-201507,5.82646,5.85901,5.79391,5.82646,1461979.1
1997-02-10,FDO-201507,5.82646,5.85901,5.79391,5.82646,451996.16
1997-02-11,FDO-201507,5.79391,5.89156,5.79391,5.82646,326036.3
1997-02-12,FDO-201507,5.82646,5.92411,5.79391,5.89156,882102.94
1997-02-13,FDO-201507,5.89156,6.0543103,5.85901,5.98921,947003
1997-02-14,FDO-201507,5.98921,5.98921,5.92411,5.9566603,237710.81
1997-02-18,FDO-201507,5.98921,6.0543103,5.9566603,5.98921,675498.06
1997-02-19,FDO-201507,5.9566603,6.0543103,5.9566603,5.98921,216205.47
1997-02-20,FDO-201507,5.98921,5.98921,5.9566603,5.9566603,166282.36
1997-02-21,FDO-201507,5.9566603,5.98921,5.9566603,5.98921,47618.965
1997-02-24,FDO-201507,5.9566603,5.9566603,5.85901,5.89156,846772.75
1997-02-25,FDO-201507,5.92411,6.0217605,5.89156,6.0217605,865589.94
1997-02-26,FDO-201507,6.0217605,6.08686,5.98921,6.08686,662441.25
1997-02-27,FDO-201507,6.0543103,6.2170606,6.0543103,6.08686,337941.06
1997-02-28,FDO-201507,6.0217605,6.1845107,6.0217605,6.1519604,728109.4
1997-03-03,FDO-201507,6.1194105,6.249611,6.1194105,6.2170606,553378.5
1997-03-04,FDO-201507,6.249611,6.3147106,6.2170606,6.3147106,422810.34
1997-03-05,FDO-201507,6.444911,6.444911,6.347261,6.412361,1439705.6
1997-03-06,FDO-201507,6.412361,6.5751114,6.379811,6.412361,847924.8
1997-03-07,FDO-201507,6.379811,6.444911,6.2821608,6.412361,227726.19
1997-03-10,FDO-201507,6.379811,6.510011,6.1845107,6.510011,1012287.06
1997-03-11,FDO-201507,6.510011,6.5751114,6.444911,6.5751114,872886.4
1997-03-12,FDO-201507,6.541097,6.73733,6.475686,6.73733,1664476.1
1997-03-13,FDO-201507,6.671919,6.7046247,6.6065083,6.6392136,401308.8
1997-03-14,FDO-201507,6.6392136,6.6392136,6.475686,6.541097,490743.38
1997-03-17,FDO-201507,6.5738025,6.6392136,6.508392,6.5738025,2305041.5
1997-03-18,FDO-201507,6.5738025,6.5738025,6.508392,6.5738025,706303.5
1997-03-19,FDO-201507,6.508392,6.6065083,6.508392,6.6065083,444115.1
1997-03-20,FDO-201507,6.671919,6.7046247,6.442981,6.541097,821727.56
1997-03-21,FDO-201507,6.541097,6.6392136,6.442981,6.6065083,527816.6
1997-03-24,FDO-201507,6.6065083,6.6065083,6.4102755,6.5738025,602345.44
1997-03-25,FDO-201507,6.541097,6.6065083,6.508392,6.5738025,259895.23
1997-03-26,FDO-201507,6.5738025,6.5738025,6.475686,6.508392,334806.22
1997-03-27,FDO-201507,6.475686,6.508392,6.3448644,6.3775697,365764.3
1997-03-31,FDO-201507,6.442981,6.442981,6.115926,6.115926,613811.4
1997-04-01,FDO-201507,6.0832205,6.214042,5.9523983,5.985104,819052.2
1997-04-02,FDO-201507,6.0178094,6.148631,5.985104,6.148631,626806.2
1997-04-03,FDO-201507,6.3121586,6.3448644,6.246748,6.2794533,1700785
1997-04-04,FDO-201507,6.2794533,6.6065083,6.2794533,6.6065083,1584214.4
1997-04-07,FDO-201507,6.6065083,6.671919,6.5738025,6.671919,1226094
1997-04-08,FDO-201507,6.671919,6.73733,6.6392136,6.671919,791533.9
1997-04-09,FDO-201507,6.73733,6.73733,6.6392136,6.671919,726560.06
1997-04-10,FDO-201507,6.6065083,6.671919,6.541097,6.671919,295821.94
1997-04-11,FDO-201507,6.671919,6.671919,6.508392,6.541097,723884.7
1997-04-14,FDO-201507,6.508392,6.6065083,6.442981,6.541097,560685.75
1997-04-15,FDO-201507,6.5738025,6.7700357,6.5738025,6.671919,1945774.5
1997-04-16,FDO-201507,6.6065083,6.671919,6.541097,6.6392136,524376.9
1997-04-17,FDO-201507,6.6065083,6.6392136,6.541097,6.6065083,956643.8
1997-04-18,FDO-201507,6.6065083,6.73733,6.6065083,6.73733,757136
1997-04-21,FDO-201507,6.7046247,6.7046247,6.508392,6.5738025,1074743.2
1997-04-22,FDO-201507,6.508392,6.6065083,6.3775697,6.6065083,2154073
1997-04-23,FDO-201507,6.6392136,6.9008574,6.6392136,6.802741,1812004.9
1997-04-24,FDO-201507,6.8354464,6.8354464,6.6392136,6.7700357,633685.75
1997-04-25,FDO-201507,6.7046247,6.7046247,6.5738025,6.6392136,752167.4
1997-04-28,FDO-201507,6.7046247,6.8354464,6.5738025,6.7700357,795738.06
1997-04-29,FDO-201507,6.73733,6.8354464,6.7046247,6.802741,521319.28
1997-04-30,FDO-201507,6.802741,6.933563,6.802741,6.8354464,1351837.4
1997-05-01,FDO-201507,6.8354464,6.9008574,6.7700357,6.868152,798795.6
1997-05-02,FDO-201507,6.802741,6.933563,6.802741,6.9008574,838926.56
1997-05-05,FDO-201507,6.9662685,7.0970902,6.9662685,7.064385,1475287.6
1997-05-06,FDO-201507,7.064385,7.129796,6.9662685,6.998974,347800.97
1997-05-07,FDO-201507,6.998974,7.0316796,6.8354464,6.868152,491507.75
1997-05-08,FDO-201507,6.8354464,6.9662685,6.8354464,6.9008574,445643.9
1997-05-09,FDO-201507,6.9008574,7.0970902,6.9008574,7.0316796,923774.7
1997-05-12,FDO-201507,6.998974,6.998974,6.9008574,6.9662685,656999.9
1997-05-13,FDO-201507,6.998974,6.998974,6.7700357,6.868152,1012444.8
1997-05-14,FDO-201507,6.868152,6.9008574,6.73733,6.7700357,1149272
1997-05-15,FDO-201507,6.802741,6.8354464,6.7700357,6.7700357,941355.8
1997-05-16,FDO-201507,6.802741,6.868152,6.7700357,6.802741,1062130.6
1997-05-19,FDO-201507,6.73733,6.802741,6.7046247,6.7700357,702099.3
1997-05-20,FDO-201507,6.73733,6.868152,6.7046247,6.8354464,637125.5
1997-05-21,FDO-201507,6.8354464,6.9008574,6.7046247,6.7700357,346272.2
1997-05-22,FDO-201507,6.7700357,6.8354464,6.73733,6.8354464,624895.2
1997-05-23,FDO-201507,6.802741,6.8354464,6.7700357,6.8354464,314167.47
1997-05-27,FDO-201507,6.802741,6.8354464,6.671919,6.73733,539282.6
1997-05-28,FDO-201507,6.671919,6.671919,6.541097,6.6392136,930654.25
1997-05-29,FDO-201507,6.6392136,6.73733,6.6392136,6.671919,275947.6
1997-05-30,FDO-201507,6.6065083,6.73733,6.6065083,6.73733,245753.88
1997-06-02,FDO-201507,6.73733,6.73733,6.6392136,6.671919,366146.53
1997-06-03,FDO-201507,6.671919,6.671919,6.6065083,6.6392136,134151.81
1997-06-04,FDO-201507,6.6065083,6.7046247,6.541097,6.541097,577884.7
1997-06-05,FDO-201507,6.5738025,6.7046247,6.541097,6.6392136,167020.9
1997-06-06,FDO-201507,6.671919,6.671919,6.5738025,6.6392136,389460.66
1997-06-09,FDO-201507,6.6065083,6.671919,6.541097,6.671919,1810858.2
1997-06-10,FDO-201507,6.671919,6.7046247,6.475686,6.6065083,521319.28
1997-06-11,FDO-201507,6.6065083,6.671919,6.5738025,6.671919,683753.8
1997-06-12,FDO-201507,6.637745,6.7363253,6.6048846,6.703465,1254179.8
1997-06-13,FDO-201507,6.703465,6.703465,6.6048846,6.637745,678634.1
1997-06-16,FDO-201507,6.6706047,6.703465,6.637745,6.6706047,984095.56
1997-06-17,FDO-201507,6.637745,6.6706047,6.5720243,6.6048846,652006.06
1997-06-18,FDO-201507,6.6048846,6.703465,6.6048846,6.6706047,664559.3
1997-06-19,FDO-201507,6.6706047,6.8020453,6.6706047,6.769185,1531111.1
1997-06-20,FDO-201507,6.703465,6.8020453,6.703465,6.8020453,828131.44
1997-06-23,FDO-201507,6.8020453,6.933486,6.769185,6.9006257,1117235.6
1997-06-24,FDO-201507,6.9006257,6.933486,6.8020453,6.8349056,928937.5
1997-06-25,FDO-201507,6.933486,7.196367,6.933486,7.0977864,1592355.6
1997-06-26,FDO-201507,7.1306467,7.311377,7.0320663,7.0813565,1368299.9
1997-06-27,FDO-201507,7.262087,7.360667,7.1635065,7.196367,758518.2
1997-06-30,FDO-201507,7.196367,7.3278074,7.1635065,7.196367,1218041.8
1997-07-01,FDO-201507,7.196367,7.262087,7.1470766,7.229227,584294.8
1997-07-02,FDO-201507,7.196367,7.3935275,7.1635065,7.3935275,551200
1997-07-03,FDO-201507,7.360667,7.360667,7.229227,7.294947,725423.3
1997-07-07,FDO-201507,7.294947,7.360667,7.294947,7.311377,755855.4
1997-07-08,FDO-201507,7.2785172,7.3935275,7.2785172,7.360667,407789.1
1997-07-09,FDO-201507,7.360667,7.459248,7.3442373,7.426388,670265.3
1997-07-10,FDO-201507,7.459248,7.541398,7.426388,7.541398,321057.84
1997-07-11,FDO-201507,7.541398,7.6235485,7.541398,7.5578284,881767.9
1997-07-14,FDO-201507,7.5578284,7.705699,7.5578284,7.6071186,478923.97
1997-07-15,FDO-201507,7.6071186,7.8535695,7.6071186,7.8042793,360999.88
1997-07-16,FDO-201507,7.8535695,7.9192896,7.820709,7.820709,732270.56
1997-07-17,FDO-201507,7.837139,7.8864293,7.722129,7.738559,181450.94
1997-07-18,FDO-201507,7.6235485,7.6728387,7.590688,7.6235485,580110.44
1997-07-21,FDO-201507,7.6235485,7.6235485,7.492108,7.524968,339317.06
1997-07-22,FDO-201507,7.524968,7.6235485,7.3935275,7.6071186,913341.06
1997-07-23,FDO-201507,7.6235485,7.754989,7.6235485,7.656409,814817.44
1997-07-24,FDO-201507,7.6892686,7.95215,7.6728387,7.9192896,778299
1997-07-25,FDO-201507,8.11645,8.346471,8.0835905,8.215031,1653980.5
1997-07-28,FDO-201507,8.215031,8.280751,8.215031,8.26432,1108106
1997-07-29,FDO-201507,8.26432,8.280751,8.182171,8.280751,648962.9
1997-07-30,FDO-201507,8.280751,8.412191,8.280751,8.362901,588859.6
1997-07-31,FDO-201507,8.740792,8.740792,8.510772,8.560062,2623240.2
1997-08-01,FDO-201507,8.576492,8.749007,8.280751,8.576492,1317706.6
1997-08-04,FDO-201507,8.625782,8.970814,8.428621,8.921523,1001213.56
1997-08-05,FDO-201507,9.020103,9.266555,8.970814,9.217264,1276116.1
1997-08-06,FDO-201507,9.217264,9.217264,8.625782,8.650427,1433348.2
1997-08-07,FDO-201507,8.872233,9.069394,8.749007,8.872233,1291585.8
1997-08-08,FDO-201507,8.822943,8.822943,8.0835905,8.182171,1595398.8
1997-08-11,FDO-201507,8.182171,8.379332,8.009655,8.280751,1066135.2
1997-08-12,FDO-201507,8.354686,8.477912,8.305396,8.379332,512272.38
1997-08-13,FDO-201507,8.379332,8.403976,8.0343,8.206816,943392.7
1997-08-14,FDO-201507,8.256105,8.428621,8.256105,8.305396,565782
1997-08-15,FDO-201507,8.330041,8.330041,8.0343,8.058945,300262.62
1997-08-18,FDO-201507,8.0343,8.157525,7.787849,7.8124943,521909.2
1997-08-19,FDO-201507,7.8124943,8.157525,7.787849,8.157525,1432841.1
1997-08-20,FDO-201507,8.0343,8.231461,7.9850097,8.206816,242188.19
1997-08-21,FDO-201507,8.206816,8.256105,7.960365,8.058945,535350
1997-08-22,FDO-201507,7.787849,7.8864293,7.713914,7.837139,1015161.56
1997-08-25,FDO-201507,7.9850097,8.330041,7.9357195,8.13288,375581.88
1997-08-26,FDO-201507,8.0835905,8.280751,8.0835905,8.256105,1147540.9
1997-08-27,FDO-201507,8.231461,8.330041,8.231461,8.305396,420976.3
1997-08-28,FDO-201507,8.305396,8.379332,8.231461,8.379332,753699.75
1997-08-29,FDO-201507,8.477912,8.477912,8.305396,8.379332,187664.14
1997-09-02,FDO-201507,8.379332,8.798298,8.379332,8.798298,1139425.6
1997-09-03,FDO-201507,8.946168,9.118684,8.946168,9.069394,966470.3
1997-09-04,FDO-201507,9.069394,9.143329,8.970814,9.069394,1001467.1
1997-09-05,FDO-201507,9.020103,9.069394,8.847588,9.069394,261969
1997-09-08,FDO-201507,9.069394,9.094039,8.921523,9.069394,430613.12
1997-09-09,FDO-201507,9.069394,9.094039,9.020103,9.069394,985236.75
1997-09-10,FDO-201507,9.069394,9.217264,9.020103,9.094039,901295.06
1997-09-11,FDO-201507,9.100963,9.199886,8.878386,9.00204,945932.9
1997-09-12,FDO-201507,9.00204,9.125694,8.952578,9.125694,378828.03
1997-09-15,FDO-201507,9.125694,9.150425,9.00204,9.076232,4881802
1997-09-16,FDO-201507,9.076232,9.224617,9.076232,9.199886,648228.1
1997-09-17,FDO-201507,9.224617,9.496657,9.175156,9.422464,516055.28
1997-09-18,FDO-201507,9.373003,9.422464,9.224617,9.397734,345468.94
1997-09-19,FDO-201507,9.397734,9.397734,9.150425,9.274079,596673.1
1997-09-22,FDO-201507,9.249349,9.546119,9.224617,9.397734,475114.56
1997-09-23,FDO-201507,9.397734,9.595581,9.274079,9.546119,602738.44
1997-09-24,FDO-201507,9.595581,9.892351,9.447195,9.521388,1162261.6
1997-09-25,FDO-201507,9.521388,9.546119,9.397734,9.397734,580499
1997-09-26,FDO-201507,9.447195,9.447195,9.125694,9.150425,896652.4
1997-09-29,FDO-201507,9.150425,9.150425,9.00204,9.026771,655809.7
1997-09-30,FDO-201507,9.026771,9.051501,8.903116,9.026771,1643188.8
1997-10-01,FDO-201507,9.026771,9.29881,8.952578,9.29881,545370.9
1997-10-02,FDO-201507,9.29881,9.29881,9.175156,9.199886,169322.73
1997-10-03,FDO-201507,9.249349,9.348272,9.100963,9.150425,617901.6
1997-10-06,FDO-201507,9.150425,9.422464,9.150425,9.29881,583278.94
1997-10-07,FDO-201507,9.323541,9.323541,9.125694,9.175156,127118.414
1997-10-08,FDO-201507,9.199886,9.224617,8.903116,8.927847,417241.56
1997-10-09,FDO-201507,8.903116,8.903116,8.507422,8.705269,979291.94
1997-10-10,FDO-201507,8.705269,8.73,8.5816145,8.631077,910552
1997-10-13,FDO-201507,8.705269,8.754731,8.6558075,8.705269,452875.16
1997-10-14,FDO-201507,8.606345,8.705269,8.507422,8.705269,467027.5
1997-10-15,FDO-201507,9.100963,9.249349,9.00204,9.224617,1630552.8
1997-10-16,FDO-201507,9.274079,9.323541,9.199886,9.274079,1436210.6
1997-10-17,FDO-201507,9.249349,9.249349,9.051501,9.175156,607792.8
1997-10-20,FDO-201507,9.100963,9.274079,9.076232,9.249349,560281.4
1997-10-21,FDO-201507,9.199886,9.86762,9.199886,9.645042,1429892.6
1997-10-22,FDO-201507,9.595581,9.645042,9.373003,9.521388,616890.75
1997-10-23,FDO-201507,9.496657,9.496657,9.100963,9.150425,545876.3
1997-10-24,FDO-201507,9.249349,9.570849,9.249349,9.546119,771808.44
1997-10-27,FDO-201507,9.546119,9.546119,9.00204,9.026771,345468.94
1997-10-28,FDO-201507,8.309575,8.903116,8.16119,8.828923,1188291.9
1997-10-29,FDO-201507,8.952578,9.397734,8.952578,9.175156,562555.9
1997-10-30,FDO-201507,9.125694,9.397734,8.952578,9.29881,424570.44
1997-10-31,FDO-201507,9.323541,9.471927,9.29881,9.29881,352797.8
1997-11-03,FDO-201507,9.274079,9.447195,9.274079,9.447195,748558.1
1997-11-04,FDO-201507,9.447195,9.447195,9.348272,9.447195,386409.66
1997-11-05,FDO-201507,9.29881,9.892351,9.29881,9.818158,940373
1997-11-06,FDO-201507,9.917082,9.991275,9.645042,9.9418125,1175908.5
1997-11-07,FDO-201507,9.892351,10.13966,9.743966,10.065467,720253.44
1997-11-10,FDO-201507,10.065467,10.535354,10.065467,10.238584,1148362
1997-11-11,FDO-201507,10.189121,10.411699,10.040736,10.411699,618407.06
1997-11-12,FDO-201507,10.189121,10.584816,10.065467,10.189121,574686.44
1997-11-13,FDO-201507,10.189121,10.436431,10.13966,10.337507,348501.6
1997-11-14,FDO-201507,10.386969,10.733201,10.337507,10.70847,1268657
1997-11-17,FDO-201507,11.870821,11.870821,11.277281,11.277281,2112238
1997-11-18,FDO-201507,11.425666,11.499858,11.128895,11.178357,1621960.2
1997-11-19,FDO-201507,11.054703,11.079433,10.782662,10.856855,375542.7
1997-11-20,FDO-201507,10.881586,11.1536255,10.881586,11.079433,722022.5
1997-11-21,FDO-201507,11.128895,11.54932,11.128895,11.400935,2480704.5
1997-11-24,FDO-201507,11.351473,11.425666,11.178357,11.351473,937087.6
1997-11-25,FDO-201507,11.203088,11.277281,11.178357,11.277281,520351.53
1997-11-26,FDO-201507,11.376204,11.376204,10.931048,11.079433,617648.94
1997-11-28,FDO-201507,11.079433,11.1536255,10.955779,10.955779,207483.53
1997-12-01,FDO-201507,11.128895,11.425666,11.104164,11.277281,467532.94
1997-12-02,FDO-201507,11.2278185,11.376204,11.203088,11.351473,556996
1997-12-03,FDO-201507,11.376204,11.598782,11.252549,11.574051,1457944.6
1997-12-04,FDO-201507,11.574051,11.920283,11.574051,11.84609,1333858.9
1997-12-05,FDO-201507,11.84609,11.84609,11.376204,11.475127,962106.94
1997-12-08,FDO-201507,11.475127,11.747167,11.450397,11.722436,471576.47
1997-12-09,FDO-201507,11.672975,11.672975,11.079433,11.079433,742745.56
1997-12-10,FDO-201507,11.178357,11.376204,11.104164,11.128895,472587.34
1997-12-11,FDO-201507,11.061436,11.160642,10.813421,10.937428,766841
1997-12-12,FDO-201507,11.160642,11.185443,11.061436,11.160642,1146103.5
1997-12-15,FDO-201507,11.185443,11.259848,11.061436,11.111038,290557.9
1997-12-16,FDO-201507,11.111038,11.458259,11.111038,11.284649,592707.9
1997-12-17,FDO-201507,11.284649,11.284649,11.011833,11.061436,644368.2
1997-12-18,FDO-201507,11.111038,11.13584,11.011833,11.086237,518619.38
1997-12-19,FDO-201507,10.912627,11.036634,10.863025,10.987032,488883.2
1997-12-22,FDO-201507,10.937428,11.011833,10.366996,10.515804,759784.94
1997-12-23,FDO-201507,10.515804,10.763819,10.515804,10.515804,352298.28
1997-12-24,FDO-201507,10.515804,10.7390175,10.515804,10.664613,96516.63
1997-12-26,FDO-201507,10.61501,10.664613,10.515804,10.540606,73584.48
1997-12-29,FDO-201507,10.540606,10.78862,10.515804,10.540606,491907.22
1997-12-30,FDO-201507,10.515804,11.359053,10.515804,11.30945,567759.7
1997-12-31,FDO-201507,11.359053,11.706273,11.284649,11.631868,537267.5
1998-01-02,FDO-201507,11.532663,11.65667,11.13584,11.259848,411266.7
1998-01-05,FDO-201507,11.160642,11.433457,11.160642,11.433457,355574.3
1998-01-06,FDO-201507,11.458259,11.65667,11.30945,11.30945,729544.75
1998-01-07,FDO-201507,11.359053,11.458259,11.210244,11.408656,543567.56
1998-01-08,FDO-201507,11.507861,11.607067,11.383854,11.582266,731308.75
1998-01-09,FDO-201507,11.582266,11.582266,10.912627,11.011833,516603.38
1998-01-12,FDO-201507,11.111038,11.210244,11.061436,11.111038,447554.9
1998-01-13,FDO-201507,11.111038,11.235045,11.061436,11.235045,440498.88
1998-01-14,FDO-201507,11.259848,11.507861,11.13584,11.458259,353054.3
1998-01-15,FDO-201507,11.458259,11.65667,11.30945,11.557465,765329
1998-01-16,FDO-201507,11.706273,12.202301,11.65667,12.078295,1035222.75
1998-01-20,FDO-201507,12.1775,13.04555,12.1775,12.747932,881753.75
1998-01-21,FDO-201507,12.896741,12.971146,12.549521,12.723131,1591138.4
1998-01-22,FDO-201507,12.69833,13.070352,12.69833,13.070352,697288.56
1998-01-23,FDO-201507,13.070352,13.070352,12.425514,12.475117,3072152
1998-01-26,FDO-201507,12.227103,12.69833,12.1526985,12.673529,1725959.2
1998-01-27,FDO-201507,12.574323,12.599124,12.400713,12.499919,732064.75
1998-01-28,FDO-201507,12.400713,12.797536,12.400713,12.772735,2126893.8
1998-01-29,FDO-201507,12.797536,12.946344,12.747932,12.797536,1306376.5
1998-01-30,FDO-201507,12.896741,12.896741,12.599124,12.648727,728536.75
1998-02-02,FDO-201507,12.648727,12.946344,12.475117,12.896741,1627426.6
1998-02-03,FDO-201507,12.747932,13.243961,12.747932,13.194359,546843.56
1998-02-04,FDO-201507,13.194359,13.293564,12.921543,13.21916,500979.25
1998-02-05,FDO-201507,13.963202,13.963202,13.243961,13.343167,1177603.6
1998-02-06,FDO-201507,13.442372,13.491976,13.343167,13.442372,720472.7
1998-02-09,FDO-201507,13.591181,13.591181,13.119954,13.268763,850253.56
1998-02-10,FDO-201507,13.318365,13.39277,13.268763,13.343167,384302.5
1998-02-11,FDO-201507,13.343167,13.73999,13.268763,13.640784,891833.8
1998-02-12,FDO-201507,13.591181,13.591181,13.169557,13.491976,766337
1998-02-13,FDO-201507,13.293564,13.491976,13.293564,13.467175,338942.22
1998-02-17,FDO-201507,13.491976,13.591181,13.39277,13.39277,598755.9
1998-02-18,FDO-201507,13.491976,13.814394,13.491976,13.640784,429158.8
1998-02-19,FDO-201507,13.591181,13.640784,13.268763,13.343167,350786.28
1998-02-20,FDO-201507,13.367969,13.442372,13.194359,13.39277,145908.95
1998-02-23,FDO-201507,13.491976,14.062408,13.467175,13.938401,346754.25
1998-02-24,FDO-201507,13.9136,14.012806,13.7647915,13.888799,615388
1998-02-25,FDO-201507,13.988004,14.360025,13.963202,14.360025,768353
1998-02-26,FDO-201507,14.459231,14.533635,14.08721,14.136812,359858.34
1998-02-27,FDO-201507,14.08721,14.335224,13.988004,14.136812,421850.75
1998-03-02,FDO-201507,14.037607,14.384827,13.988004,14.136812,398918.6
1998-03-03,FDO-201507,14.186416,14.335224,14.062408,14.335224,851765.56
1998-03-04,FDO-201507,14.260819,14.657642,14.260819,14.533635,801617.25
1998-03-05,FDO-201507,14.533635,14.78165,14.112011,14.508834,978018.4
1998-03-06,FDO-201507,14.78165,14.78165,14.558436,14.657642,388586.53
1998-03-09,FDO-201507,14.583239,14.732047,14.43443,14.632841,695020.5
1998-03-10,FDO-201507,14.682444,14.707246,14.632841,14.657642,793553.2
1998-03-11,FDO-201507,14.657642,14.657642,14.409628,14.409628,515343.34
1998-03-12,FDO-201507,14.470294,14.917829,14.4205675,14.868102,747846.75
1998-03-13,FDO-201507,14.818377,14.818377,14.4205675,14.52002,483649.47
1998-03-16,FDO-201507,14.52002,14.818377,14.52002,14.669198,330812.22
1998-03-17,FDO-201507,14.669198,14.743787,14.52002,14.569746,418542.8
1998-03-18,FDO-201507,14.495156,14.619472,14.4205675,14.52002,884595.9
1998-03-19,FDO-201507,14.495156,14.495156,14.147074,14.221663,902695.06
1998-03-20,FDO-201507,14.221663,14.3211155,14.122211,14.271389,589730.6
1998-03-23,FDO-201507,14.246526,14.445431,14.246526,14.395704,471332
1998-03-24,FDO-201507,14.52002,14.917829,14.52002,14.694061,1869491.2
1998-03-25,FDO-201507,14.917829,14.967555,14.619472,14.76865,1396399.6
1998-03-26,FDO-201507,14.76865,14.892965,14.76865,14.868102,905208.8
1998-03-27,FDO-201507,14.917829,14.917829,14.619472,14.694061,597020.56
1998-03-30,FDO-201507,14.7189245,15.141596,14.7189245,14.942692,763432.2
1998-03-31,FDO-201507,15.042144,15.166459,14.892965,15.116733,382093.16
1998-04-01,FDO-201507,15.166459,15.290774,15.09187,15.241048,331817.72
1998-04-02,FDO-201507,15.290774,15.41509,15.166459,15.41509,432368.56
1998-04-03,FDO-201507,15.390226,15.564268,15.365363,15.41509,385361.03
1998-04-06,FDO-201507,15.514542,15.514542,14.992417,15.042144,466807.22
1998-04-07,FDO-201507,15.017281,15.116733,14.221663,14.569746,782788.2
1998-04-08,FDO-201507,14.296252,14.470294,14.147074,14.445431,691286.94
1998-04-09,FDO-201507,14.495156,15.216185,14.495156,14.967555,434379.56
1998-04-13,FDO-201507,14.868102,14.892965,14.221663,14.221663,997212.8
1998-04-14,FDO-201507,14.3211155,14.470294,14.246526,14.3211155,636235.4
1998-04-15,FDO-201507,14.4205675,14.52002,14.271389,14.370841,768962.44
1998-04-16,FDO-201507,14.370841,14.4205675,14.047622,14.147074,551521.3
1998-04-17,FDO-201507,13.997896,14.296252,13.973033,14.147074,524372.56
1998-04-20,FDO-201507,14.296252,14.4205675,13.973033,14.122211,422816.22
1998-04-21,FDO-201507,14.122211,14.3211155,14.072485,14.3211155,490939.4
1998-04-22,FDO-201507,14.3211155,14.4205675,14.271389,14.345979,544231.4
1998-04-23,FDO-201507,14.370841,14.370841,13.848718,14.072485,929843.75
1998-04-24,FDO-201507,14.072485,14.147074,13.674676,13.923306,673690.56
1998-04-27,FDO-201507,13.525497,13.699539,13.426045,13.550361,601293.94
1998-04-28,FDO-201507,13.575224,13.724402,13.475772,13.62495,640508.75
1998-04-29,FDO-201507,13.724402,13.823854,13.450909,13.649813,547750.6
1998-04-30,FDO-201507,13.724402,13.923306,13.525497,13.525497,802144.25
1998-05-01,FDO-201507,13.823854,14.271389,13.724402,14.171937,494207.3
1998-05-04,FDO-201507,15.116733,15.116733,14.271389,14.470294,1179838.2
1998-05-05,FDO-201507,14.470294,14.569746,14.3211155,14.370841,801641.5
1998-05-06,FDO-201507,14.470294,15.265911,14.470294,15.067007,1570603.9
1998-05-07,FDO-201507,15.116733,15.265911,14.669198,15.116733,856190.3
1998-05-08,FDO-201507,15.067007,15.166459,14.0227585,14.52002,2097113.2
1998-05-11,FDO-201507,14.470294,14.619472,14.0227585,14.072485,865994
1998-05-12,FDO-201507,14.122211,14.221663,13.973033,14.221663,741688.06
1998-05-13,FDO-201507,14.271389,14.7189245,14.221663,14.52002,509918.38
1998-05-14,FDO-201507,14.4205675,14.4205675,14.122211,14.122211,287072.62
1998-05-15,FDO-201507,14.3211155,14.3211155,14.122211,14.122211,280536.8
1998-05-18,FDO-201507,14.3211155,14.470294,14.072485,14.072485,227747.62
1998-05-19,FDO-201507,14.271389,14.3211155,14.122211,14.221663,193937.4
1998-05-20,FDO-201507,14.221663,14.3211155,13.923306,13.973033,418417.12
1998-05-21,FDO-201507,13.873581,13.923306,12.928784,13.177415,1437122.8
1998-05-22,FDO-201507,13.426045,13.674676,13.276867,13.37632,388754.62
1998-05-26,FDO-201507,13.326593,13.426045,12.332071,12.530976,706243.9
1998-05-27,FDO-201507,12.332071,12.530976,12.133167,12.381798,759912.9
1998-05-28,FDO-201507,12.530976,13.276867,12.530976,13.276867,1365354.5
1998-05-29,FDO-201507,13.674676,13.674676,13.127689,13.177415,367513.28
1998-06-01,FDO-201507,12.928784,13.326593,12.680154,12.680154,433248.38
1998-06-02,FDO-201507,12.48125,12.928784,12.431523,12.431523,238179.77
1998-06-03,FDO-201507,12.48125,13.127689,12.332071,12.630428,800510.25
1998-06-04,FDO-201507,12.829332,12.978511,12.630428,12.879059,346020.53
1998-06-05,FDO-201507,13.525497,13.525497,13.028237,13.177415,403837.25
1998-06-08,FDO-201507,13.127689,13.177415,12.928784,13.077963,358589.38
1998-06-09,FDO-201507,13.127689,13.774128,12.829332,13.674676,742065.1
1998-06-10,FDO-201507,13.62495,13.923306,13.525497,13.62495,498857.78
1998-06-11,FDO-201507,13.810418,14.009847,13.561132,13.810418,489524
1998-06-12,FDO-201507,13.95999,13.95999,13.561132,13.860275,551451
1998-06-15,FDO-201507,13.660847,13.710704,13.112419,13.311848,243445.73
1998-06-16,FDO-201507,13.361705,13.660847,13.062562,13.361705,478367.12
1998-06-17,FDO-201507,13.311848,14.259132,13.311848,14.209275,881268.56
1998-06-18,FDO-201507,14.30899,14.508418,14.159418,14.458561,718302.8
1998-06-19,FDO-201507,14.358847,14.508418,14.358847,14.458561,830122.4
1998-06-22,FDO-201507,14.30899,14.707847,13.95999,14.558275,418069.78
1998-06-23,FDO-201507,14.6579895,14.957131,14.259132,14.957131,671669.56
1998-06-24,FDO-201507,15.106703,15.15656,14.757704,15.106703,597206.75
1998-06-25,FDO-201507,15.206417,15.256274,14.707847,14.857418,1149033.8
1998-06-26,FDO-201507,15.006989,15.15656,14.608132,14.6579895,436246.75
1998-06-29,FDO-201507,14.807561,15.106703,14.807561,15.056846,717926.75
1998-06-30,FDO-201507,15.056846,15.056846,14.408704,14.757704,1136748.8
1998-07-01,FDO-201507,14.907274,14.907274,14.508418,14.558275,473603.5
1998-07-02,FDO-201507,14.458561,15.056846,14.408704,14.907274,1299839.8
1998-07-06,FDO-201507,14.957131,16.20356,14.857418,16.153702,944449.1
1998-07-07,FDO-201507,16.20356,16.402988,15.904417,15.954274,798030.7
1998-07-08,FDO-201507,16.103846,16.153702,15.904417,16.053988,856698.3
1998-07-09,FDO-201507,16.153702,16.951416,16.053988,16.951416,864972
1998-07-10,FDO-201507,17.150845,17.449987,16.502703,16.951416,319287.5
1998-07-13,FDO-201507,17.150845,17.250559,16.751987,16.751987,437500.3
1998-07-14,FDO-201507,16.751987,17.05113,16.402988,16.602417,495791.9
1998-07-15,FDO-201507,16.851702,17.250559,16.751987,16.90156,421579.8
1998-07-16,FDO-201507,17.05113,17.150845,16.702131,17.001274,130748.664
1998-07-17,FDO-201507,17.150845,17.150845,16.751987,16.90156,145540.94
1998-07-20,FDO-201507,16.801846,17.05113,16.751987,16.90156,241314.64
1998-07-21,FDO-201507,17.001274,17.150845,16.053988,16.502703,509455.97
1998-07-22,FDO-201507,16.751987,16.851702,16.253416,16.402988,467084.88
1998-07-23,FDO-201507,16.702131,16.702131,16.35313,16.552559,689219.7
1998-07-24,FDO-201507,16.552559,16.552559,15.056846,15.954274,878636.06
1998-07-27,FDO-201507,15.85456,15.954274,15.206417,15.3559885,459939.44
1998-07-28,FDO-201507,15.256274,15.50556,15.056846,15.15656,876379.56
1998-07-29,FDO-201507,15.306131,15.3559885,14.757704,14.757704,487142.2
1998-07-30,FDO-201507,14.957131,15.056846,14.807561,14.957131,243445.73
1998-07-31,FDO-201507,14.957131,14.957131,14.408704,14.458561,791261.3
1998-08-03,FDO-201507,14.558275,14.6579895,14.109561,14.259132,571382.94
1998-08-04,FDO-201507,14.259132,14.408704,13.261991,13.261991,735226.2
1998-08-05,FDO-201507,13.311848,13.511275,12.713562,13.012705,606608.6
1998-08-06,FDO-201507,13.561132,14.558275,13.461419,14.558275,731716.1
1998-08-07,FDO-201507,14.358847,14.757704,14.009847,14.209275,427220.94
1998-08-10,FDO-201507,14.059704,14.159418,13.95999,14.109561,337088.34
1998-08-11,FDO-201507,13.461419,13.660847,13.261991,13.461419,926146.8
1998-08-12,FDO-201507,13.860275,14.358847,13.860275,14.259132,680820.7
1998-08-13,FDO-201507,14.259132,14.558275,14.159418,14.458561,546812.75
1998-08-14,FDO-201507,14.6579895,14.707847,13.910132,13.95999,652865.8
1998-08-17,FDO-201507,13.760561,13.760561,13.461419,13.710704,581035.5
1998-08-18,FDO-201507,13.61099,13.910132,13.361705,13.910132,780355.2
1998-08-19,FDO-201507,13.810418,14.159418,13.760561,13.910132,504567
1998-08-20,FDO-201507,13.860275,13.860275,13.112419,13.112419,898568
1998-08-21,FDO-201507,12.863133,12.863133,11.915849,12.115276,1679173.9
1998-08-24,FDO-201507,12.165133,12.364562,12.015563,12.015563,1783973.4
1998-08-25,FDO-201507,12.015563,12.065419,11.566849,11.616706,3979748.8
1998-08-26,FDO-201507,11.616706,11.915849,11.267706,11.616706,1937913.4
1998-08-27,FDO-201507,11.36742,11.467134,10.66942,10.868849,3001327.5
1998-08-28,FDO-201507,11.36742,11.467134,10.66942,10.868849,983560.9
1998-08-31,FDO-201507,10.66942,11.167992,10.0711355,10.120993,1122081.8
1998-09-01,FDO-201507,10.120993,11.1181345,9.173708,10.968563,3599662.5
1998-09-02,FDO-201507,11.167992,12.264848,11.167992,11.516992,1723174.6
1998-09-03,FDO-201507,11.36742,12.165133,11.167992,12.065419,1258973
1998-09-04,FDO-201507,12.015563,12.563991,11.267706,11.71642,1129728.6
1998-09-08,FDO-201507,11.915849,12.514133,11.566849,11.965706,927525.75
1998-09-09,FDO-201507,12.065419,12.065419,11.566849,12.015563,1826720.5
1998-09-10,FDO-201507,11.865992,11.865992,11.217849,11.36742,843786.44
1998-09-11,FDO-201507,11.303401,11.653506,11.00331,11.603491,487478.28
1998-09-14,FDO-201507,11.803551,12.203671,11.753536,12.003612,714784.9
1998-09-15,FDO-201507,12.203671,12.353717,11.903582,12.053626,519468.66
1998-09-16,FDO-201507,12.203671,12.503762,12.1036415,12.453747,550209.44
1998-09-17,FDO-201507,12.1036415,13.454048,11.953596,13.203973,1605391.9
1998-09-18,FDO-201507,13.153957,13.304003,12.503762,13.203973,614815
1998-09-21,FDO-201507,12.903882,13.053927,12.653807,13.003912,470858.3
1998-09-22,FDO-201507,13.203973,13.304003,12.953897,13.253987,1135658.2
1998-09-23,FDO-201507,13.454048,14.204273,13.354017,14.204273,1010570.9
1998-09-24,FDO-201507,14.154259,14.154259,13.253987,13.454048,1240001.9
1998-09-25,FDO-201507,13.304003,13.304003,12.703822,13.053927,1364839.2
1998-09-28,FDO-201507,13.253987,13.554078,12.153656,13.003912,589947.44
1998-09-29,FDO-201507,13.153957,13.153957,12.003612,12.1036415,850244.1
1998-09-30,FDO-201507,11.953596,12.703822,11.903582,12.603792,458986.88
1998-10-01,FDO-201507,12.253687,12.603792,12.053626,12.353717,864989.7
1998-10-02,FDO-201507,12.353717,12.803852,12.003612,12.053626,989577.2
1998-10-05,FDO-201507,12.003612,12.003612,11.503461,11.853566,941591.6
1998-10-06,FDO-201507,12.003612,12.853868,12.003612,12.453747,1079800
1998-10-07,FDO-201507,12.253687,12.903882,12.253687,12.903882,338148.25
1998-10-08,FDO-201507,12.753837,12.803852,12.003612,12.203671,584574.06
1998-10-09,FDO-201507,12.303701,12.803852,11.803551,12.703822,777266.06
1998-10-12,FDO-201507,12.753837,13.654108,12.753837,13.554078,722532.56
1998-10-13,FDO-201507,13.454048,13.454048,12.803852,13.253987,508596.94
1998-10-14,FDO-201507,13.253987,14.004213,13.253987,13.754138,641556.94
1998-10-15,FDO-201507,13.754138,15.004514,13.504063,15.004514,959836.1
1998-10-16,FDO-201507,14.804454,14.804454,14.154259,14.5543785,1228755.2
1998-10-19,FDO-201507,14.354319,14.404333,13.804153,14.304303,1320477.6
1998-10-20,FDO-201507,14.604394,15.204575,14.054228,14.204273,996575.06
1998-10-21,FDO-201507,13.904183,14.154259,12.803852,13.554078,626561.44
1998-10-22,FDO-201507,13.854168,14.5543785,13.354017,14.454349,657927
1998-10-23,FDO-201507,14.254289,14.604394,14.054228,14.154259,229555.92
1998-10-26,FDO-201507,14.154259,14.154259,13.203973,13.253987,550834.25
1998-10-27,FDO-201507,13.354017,14.104243,13.153957,13.304003,1385583
1998-10-28,FDO-201507,13.253987,13.554078,13.103942,13.554078,565329.9
1998-10-29,FDO-201507,13.754138,14.104243,13.504063,14.004213,388882.97
1998-10-30,FDO-201507,14.304303,14.654408,14.104243,14.504364,505722.8
1998-11-02,FDO-201507,14.654408,15.004514,14.304303,15.004514,431745.06
1998-11-03,FDO-201507,14.504364,14.804454,14.204273,14.604394,375262.06
1998-11-04,FDO-201507,15.004514,15.104545,14.704424,14.904484,387008.53
1998-11-05,FDO-201507,14.904484,15.254589,14.754439,15.154559,244676.36
1998-11-06,FDO-201507,15.204575,15.204575,14.754439,14.804454,472482.8
1998-11-09,FDO-201507,15.004514,15.054529,14.204273,14.5543785,461236.2
1998-11-10,FDO-201507,14.804454,14.904484,14.254289,14.504364,344521.3
1998-11-11,FDO-201507,14.604394,14.854469,14.604394,14.604394,428121.16
1998-11-12,FDO-201507,14.654408,14.754439,13.804153,14.404333,410251.53
1998-11-13,FDO-201507,14.404333,14.804454,14.304303,14.704424,184194.56
1998-11-16,FDO-201507,14.704424,15.45465,14.604394,15.404634,758271.8
1998-11-17,FDO-201507,15.304605,15.904785,14.804454,15.304605,638557.8
1998-11-18,FDO-201507,15.204575,15.504664,15.104545,15.304605,549084.75
1998-11-19,FDO-201507,15.404634,15.504664,15.254589,15.45465,479105.8
1998-11-20,FDO-201507,15.504664,15.504664,15.004514,15.304605,275542.06
1998-11-23,FDO-201507,15.154559,15.45465,15.154559,15.404634,2067127.9
1998-11-24,FDO-201507,15.404634,15.704725,15.154559,15.45465,508971.8
1998-11-25,FDO-201507,15.354619,15.55468,15.104545,15.45465,452613.78
1998-11-27,FDO-201507,15.354619,15.85477,15.354619,15.65471,82100.29
1998-11-30,FDO-201507,15.504664,16.404936,15.304605,16.05483,522467.78
1998-12-01,FDO-201507,15.85477,16.554981,15.504664,16.504965,625186.9
1998-12-02,FDO-201507,16.404936,16.404936,15.804755,15.85477,786013.44
1998-12-03,FDO-201507,15.75474,16.604996,15.75474,16.05483,564080.25
1998-12-04,FDO-201507,16.004814,16.204876,15.604694,15.85477,455612.88
1998-12-07,FDO-201507,15.9548,16.204876,15.85477,16.204876,296160.88
1998-12-08,FDO-201507,16.204876,16.204876,15.65471,15.9548,529340.7
1998-12-09,FDO-201507,16.004814,16.004814,15.804755,15.9548,227806.44
1998-12-10,FDO-201507,15.9548,15.9548,15.704725,15.704725,288788.1
1998-12-11,FDO-201507,15.590428,15.590428,14.888608,14.988869,732346
1998-12-14,FDO-201507,14.437439,14.938739,14.387308,14.487569,391856.22
1998-12-15,FDO-201507,14.688088,15.289648,14.688088,15.189388,510547.62
1998-12-16,FDO-201507,14.587829,15.239518,14.587829,15.189388,702423.75
1998-12-17,FDO-201507,15.0891285,15.490169,14.838478,15.490169,589467.44
1998-12-18,FDO-201507,15.239518,15.841079,15.239518,15.640558,499950.2
1998-12-21,FDO-201507,15.540298,15.790948,14.938739,15.239518,367419.75
1998-12-22,FDO-201507,15.239518,15.540298,14.838478,15.440039,578496
1998-12-23,FDO-201507,15.289648,16.442638,15.289648,16.0416,405570.56
1998-12-24,FDO-201507,15.740818,16.0416,15.540298,15.790948,53859.97
1998-12-28,FDO-201507,15.891209,16.091728,15.440039,15.540298,233891.9
1998-12-29,FDO-201507,15.740818,17.294847,15.640558,16.743418,569644
1998-12-30,FDO-201507,16.843678,17.044199,16.442638,16.893808,709031.56
1998-12-31,FDO-201507,17.294847,17.996668,17.194588,17.645758,844304.9
1999-01-04,FDO-201507,17.344978,17.344978,16.843678,17.044199,747805.8
1999-01-05,FDO-201507,17.144459,17.294847,16.943937,17.094328,413674.5
1999-01-06,FDO-201507,17.194588,17.395107,16.643158,16.893808,846798.44
1999-01-07,FDO-201507,16.994068,17.294847,16.893808,17.194588,605301.25
1999-01-08,FDO-201507,17.344978,17.445238,16.14186,16.492767,382630.2
1999-01-11,FDO-201507,16.593029,16.793549,15.389909,15.740818,981323.7
1999-01-12,FDO-201507,15.740818,15.941339,15.640558,15.841079,766631.8
1999-01-13,FDO-201507,15.640558,16.14186,15.0891285,15.991468,552937.44
1999-01-14,FDO-201507,15.891209,16.0416,15.0891285,15.289648,627244.25
1999-01-15,FDO-201507,15.440039,15.490169,15.189388,15.189388,723868
1999-01-19,FDO-201507,15.239518,15.339778,14.437439,14.938739,1141282.8
1999-01-20,FDO-201507,15.289648,15.440039,15.139258,15.389909,1124077.5
1999-01-21,FDO-201507,15.490169,15.690688,15.389909,15.490169,516906.1
1999-01-22,FDO-201507,15.490169,15.540298,15.289648,15.339778,614153.25
1999-01-25,FDO-201507,15.740818,15.841079,15.189388,15.289648,808647.6
1999-01-26,FDO-201507,15.139258,15.540298,14.838478,15.540298,755535.7
1999-01-27,FDO-201507,15.640558,15.740818,15.239518,15.440039,607670.1
1999-01-28,FDO-201507,15.540298,15.540298,15.239518,15.239518,570890.75
1999-01-29,FDO-201507,15.239518,15.440039,14.738218,15.038999,2520322.5
1999-02-01,FDO-201507,15.038999,15.289648,14.838478,15.289648,456064.28
1999-02-02,FDO-201507,15.339778,15.339778,15.038999,15.038999,384375.66
1999-02-03,FDO-201507,15.038999,15.640558,14.938739,15.590428,406193.94
1999-02-04,FDO-201507,16.0416,16.0416,15.590428,15.690688,423274.53
1999-02-05,FDO-201507,15.690688,15.740818,15.239518,15.540298,568771.25
1999-02-08,FDO-201507,15.690688,15.690688,15.289648,15.640558,653924.9
1999-02-09,FDO-201507,15.640558,15.640558,14.437439,14.437439,769374.7
1999-02-10,FDO-201507,14.637959,15.239518,14.637959,15.239518,1085677.4
1999-02-11,FDO-201507,15.339778,15.440039,15.038999,15.440039,366048.3
1999-02-12,FDO-201507,15.389909,15.389909,14.838478,15.0891285,460926.62
1999-02-16,FDO-201507,15.0891285,15.540298,15.0891285,15.440039,504438.5
1999-02-17,FDO-201507,15.440039,15.841079,15.389909,15.640558,360437.9
1999-02-18,FDO-201507,15.590428,15.690688,15.0891285,15.289648,435118.75
1999-02-19,FDO-201507,15.440039,15.440039,14.888608,15.139258,609166.25
1999-02-22,FDO-201507,15.239518,15.891209,14.938739,15.841079,906518.1
1999-02-23,FDO-201507,15.540298,16.542898,15.540298,16.392508,700304.3
1999-02-24,FDO-201507,16.191988,16.643158,16.0416,16.0416,459929.22
1999-02-25,FDO-201507,16.0416,16.342379,15.590428,16.14186,341487.16
1999-02-26,FDO-201507,15.941339,16.091728,15.790948,16.0416,169185.14
1999-03-01,FDO-201507,16.14186,16.14186,15.640558,16.091728,441227.84
1999-03-02,FDO-201507,16.0416,16.392508,15.841079,16.292248,367045.72
1999-03-03,FDO-201507,16.191988,16.492767,16.0416,16.191988,275907.66
1999-03-04,FDO-201507,16.542898,17.144459,16.292248,16.994068,927463.7
1999-03-05,FDO-201507,17.645758,17.846277,17.344978,17.746017,936440.4
1999-03-08,FDO-201507,17.946539,17.996668,17.495369,17.545498,745062.94
1999-03-09,FDO-201507,17.695889,17.746017,17.294847,17.445238,353705.4
1999-03-10,FDO-201507,17.344978,17.395107,16.843678,16.943937,187637.16
1999-03-11,FDO-201507,16.88364,17.185133,16.632395,16.88364,456353.03
1999-03-12,FDO-201507,17.034388,17.436378,16.93389,16.93389,411327.2
1999-03-15,FDO-201507,16.88364,17.83837,16.88364,17.38613,452994.75
1999-03-16,FDO-201507,17.33588,17.33588,16.984138,17.33588,326997.03
1999-03-17,FDO-201507,17.285631,17.285631,16.4314,16.732893,359336.03
1999-03-18,FDO-201507,16.833391,16.833391,15.677666,16.48165,1094177.6
1999-03-19,FDO-201507,15.878661,16.230404,15.677666,15.677666,705238.94
1999-03-22,FDO-201507,15.878661,16.079657,15.275674,15.878661,712453
1999-03-23,FDO-201507,16.280653,16.833391,15.727915,16.4314,2015341.5
1999-03-24,FDO-201507,16.582146,17.084635,16.381151,16.783142,885839.8
1999-03-25,FDO-201507,17.185133,17.78812,16.88364,17.33588,1002011.44
1999-03-26,FDO-201507,17.134884,17.737871,16.93389,17.637373,620660
1999-03-29,FDO-201507,17.83837,18.491606,17.737871,18.29061,912208.5
1999-03-30,FDO-201507,18.29061,18.74285,17.989117,18.441357,784593.9
1999-03-31,FDO-201507,18.491606,18.692602,18.391108,18.491606,673646.2
1999-04-01,FDO-201507,18.491606,19.044344,18.391108,18.893597,804619.1
1999-04-05,FDO-201507,19.69758,20.099571,18.994095,20.049322,1232240.2
1999-04-06,FDO-201507,19.999073,21.004051,19.74783,20.250319,1200647.5
1999-04-07,FDO-201507,20.250319,20.401066,19.094593,19.345837,992558.5
1999-04-08,FDO-201507,19.69758,19.848328,19.29559,19.446335,477870.88
1999-04-09,FDO-201507,19.647331,19.948824,19.345837,19.798079,338813.2
1999-04-12,FDO-201507,19.69758,20.451313,19.69758,19.898575,457596.8
1999-04-13,FDO-201507,19.798079,20.049322,19.546833,19.69758,713323.7
1999-04-14,FDO-201507,20.300568,20.350817,19.094593,19.29559,1293933.1
1999-04-15,FDO-201507,19.345837,19.798079,18.541855,19.496584,694044.6
1999-04-16,FDO-201507,19.647331,19.798079,19.044344,19.044344,615187.25
1999-04-19,FDO-201507,19.24534,19.948824,18.893597,19.144842,638944
1999-04-20,FDO-201507,19.144842,19.396086,18.340858,18.692602,411327.2
1999-04-21,FDO-201507,18.893597,19.446335,18.642353,19.044344,190426.95
1999-04-22,FDO-201507,19.24534,19.24534,18.74285,18.893597,294906.78
1999-04-23,FDO-201507,18.692602,18.943846,18.592104,18.893597,552623.75
1999-04-26,FDO-201507,18.893597,19.044344,18.391108,18.391108,1177263.9
1999-04-27,FDO-201507,18.692602,19.647331,18.541855,19.29559,1439334.1
1999-04-28,FDO-201507,19.195091,20.451313,18.592104,18.893597,938826
1999-04-29,FDO-201507,19.094593,20.250319,18.893597,19.74783,685711.1
1999-04-30,FDO-201507,19.74783,20.401066,19.195091,19.396086,351873.2
1999-05-03,FDO-201507,19.948824,20.551811,19.546833,20.551811,421775.16
1999-05-04,FDO-201507,20.451313,21.506542,19.69758,19.798079,924770.94
1999-05-05,FDO-201507,19.798079,20.300568,19.345837,19.948824,633098.06
1999-05-06,FDO-201507,19.898575,19.948824,18.893597,19.69758,185327.33
1999-05-07,FDO-201507,19.74783,20.551811,19.74783,19.999073,658844.9
1999-05-10,FDO-201507,19.848328,20.501562,19.69758,19.74783,268911.22
1999-05-11,FDO-201507,19.898575,20.049322,19.496584,19.74783,459835.7
1999-05-12,FDO-201507,19.848328,19.999073,19.195091,19.496584,585709
1999-05-13,FDO-201507,19.798079,19.848328,19.24534,19.446335,406103.2
1999-05-14,FDO-201507,19.29559,19.345837,18.893597,18.893597,409959
1999-05-17,FDO-201507,19.396086,19.496584,18.994095,19.195091,535459.2
1999-05-18,FDO-201507,19.195091,19.798079,19.144842,19.546833,340554.53
1999-05-19,FDO-201507,19.898575,19.898575,19.24534,19.345837,425630.97
1999-05-20,FDO-201507,19.29559,19.898575,19.24534,19.798079,447397.6
1999-05-21,FDO-201507,19.74783,19.898575,19.195091,19.345837,698024.8
1999-05-24,FDO-201507,19.496584,19.597082,17.938868,18.24036,1127262.9
1999-05-25,FDO-201507,18.441357,18.491606,17.737871,17.83837,691059.5
1999-05-26,FDO-201507,18.039366,18.039366,16.682644,17.587126,1617820.6
1999-05-27,FDO-201507,17.78812,18.391108,17.38613,17.687622,1154004.8
1999-05-28,FDO-201507,17.486628,18.139864,17.436378,17.938868,808474.94
1999-06-01,FDO-201507,18.089615,18.139864,17.436378,17.78812,458840.62
1999-06-02,FDO-201507,18.190111,18.190111,17.33588,17.78812,822654.4
1999-06-03,FDO-201507,18.190111,19.24534,18.139864,19.24534,996538.7
1999-06-04,FDO-201507,19.29559,19.446335,18.994095,19.29559,469537.38
1999-06-07,FDO-201507,19.195091,19.29559,18.692602,19.24534,504488.38
1999-06-08,FDO-201507,19.24534,19.798079,19.144842,19.29559,483965.53
1999-06-09,FDO-201507,19.345837,19.345837,18.74285,19.144842,423018.97
1999-06-10,FDO-201507,19.144842,19.29559,18.893597,19.144842,515807.03
1999-06-11,FDO-201507,19.23548,19.487253,18.882998,19.185125,298135.28
1999-06-14,FDO-201507,19.185125,19.4369,18.731934,19.084415,391721.44
1999-06-15,FDO-201507,19.034061,19.185125,18.731934,18.983707,413194.12
1999-06-16,FDO-201507,18.983707,19.33619,18.933352,19.285835,282496.2
1999-06-17,FDO-201507,19.285835,19.638317,18.983707,19.638317,656592.7
1999-06-18,FDO-201507,19.23548,19.4369,18.933352,19.084415,382660.72
1999-06-21,FDO-201507,19.23548,19.285835,18.631224,18.882998,617370.9
1999-06-22,FDO-201507,18.933352,19.084415,18.68158,18.983707,343811.28
1999-06-23,FDO-201507,18.329096,19.034061,18.228386,19.034061,466317.3
1999-06-24,FDO-201507,19.185125,19.185125,18.329096,18.58087,305458.3
1999-06-25,FDO-201507,18.278742,18.882998,18.278742,18.631224,334626.44
1999-06-28,FDO-201507,18.731934,19.034061,18.68158,18.983707,749930.6
1999-06-29,FDO-201507,19.034061,19.839735,18.983707,19.839735,688739.6
1999-06-30,FDO-201507,19.940445,20.141865,19.285835,19.33619,1161759.4
1999-07-01,FDO-201507,19.739027,20.292929,19.638317,19.688671,804667.3
1999-07-02,FDO-201507,19.739027,19.89009,19.386543,19.487253,522667.62
1999-07-06,FDO-201507,19.638317,20.242573,19.638317,19.789381,634499.4
1999-07-07,FDO-201507,19.688671,20.141865,19.688671,20.141865,413194.12
1999-07-08,FDO-201507,20.141865,20.897184,19.789381,20.041155,764576.7
1999-07-09,FDO-201507,20.192219,20.443993,20.041155,20.041155,179352.81
1999-07-12,FDO-201507,20.141865,20.393637,19.839735,19.89009,344680.12
1999-07-13,FDO-201507,19.990799,19.990799,19.084415,19.23548,808515.06
1999-07-14,FDO-201507,18.731934,19.4369,18.731934,18.933352,393955.6
1999-07-15,FDO-201507,19.285835,19.739027,18.983707,19.537607,571694.9
1999-07-16,FDO-201507,19.789381,19.940445,19.185125,19.487253,637850.6
1999-07-19,FDO-201507,19.587963,19.638317,19.33619,19.587963,313650.22
1999-07-20,FDO-201507,19.4369,19.4369,18.731934,19.134771,338474.12
1999-07-21,FDO-201507,18.68158,19.285835,18.026968,18.530514,727216.7
1999-07-22,FDO-201507,18.530514,18.68158,17.926258,18.530514,371241.72
1999-07-23,FDO-201507,18.329096,18.530514,17.926258,17.976614,227387.1
1999-07-26,FDO-201507,17.523422,17.926258,16.919167,17.170938,748813.5
1999-07-27,FDO-201507,18.127678,18.228386,17.674486,17.674486,1251249.6
1999-07-28,FDO-201507,17.775194,17.775194,17.271648,17.322002,861017.6
1999-07-29,FDO-201507,17.322002,17.322002,16.415619,16.617037,1913179.5
1999-07-30,FDO-201507,16.818457,17.221294,16.667393,16.86881,1835604.8
1999-08-02,FDO-201507,16.465973,17.120584,16.314909,16.96952,917988.56
1999-08-03,FDO-201507,16.96952,17.573776,16.919167,17.07023,2500885.8
1999-08-04,FDO-201507,16.96952,17.271648,16.919167,17.019875,993949.75
1999-08-05,FDO-201507,17.019875,17.372358,16.465973,16.919167,932634.6
1999-08-06,FDO-201507,16.717747,17.422712,16.717747,17.322002,798461.4
1999-08-09,FDO-201507,16.617037,16.818457,16.415619,16.415619,728085.56
1999-08-10,FDO-201507,16.516329,16.516329,15.962427,16.163845,1200236.5
1999-08-11,FDO-201507,16.264555,16.415619,15.710653,16.415619,2375276.8
1999-08-12,FDO-201507,16.415619,16.818457,16.264555,16.7681,833959.56
1999-08-13,FDO-201507,16.7681,17.473066,16.7681,17.322002,1104912.6
1999-08-16,FDO-201507,17.422712,17.72484,17.221294,17.573776,797964.9
1999-08-17,FDO-201507,17.573776,17.926258,17.120584,17.473066,527632.4
1999-08-18,FDO-201507,17.62413,17.72484,17.221294,17.573776,250473.34
1999-08-19,FDO-201507,17.422712,17.422712,16.465973,17.271648,156638.94
1999-08-20,FDO-201507,17.170938,17.170938,16.667393,17.019875,494740.72
1999-08-23,FDO-201507,17.019875,17.72484,17.019875,17.221294,415055.94
1999-08-24,FDO-201507,17.322002,17.422712,16.96952,17.120584,785304.7
1999-08-25,FDO-201507,17.120584,17.221294,16.314909,17.019875,382784.84
1999-08-26,FDO-201507,17.019875,17.120584,16.415619,16.516329,332268.16
1999-08-27,FDO-201507,16.516329,16.516329,15.861718,15.861718,685016.06
1999-08-30,FDO-201507,16.012781,16.163845,15.861718,15.912072,360567.44
1999-08-31,FDO-201507,15.710653,16.113491,15.609944,15.861718,716170.06
1999-09-01,FDO-201507,15.761008,16.415619,15.761008,16.314909,708722.9
1999-09-02,FDO-201507,15.962427,16.113491,15.3078165,15.811363,741986.94
1999-09-03,FDO-201507,16.012781,16.063137,15.710653,16.012781,1005120.5
1999-09-07,FDO-201507,16.113491,16.516329,16.012781,16.113491,690353.2
1999-09-08,FDO-201507,16.113491,16.113491,15.358171,15.660299,494864.84
1999-09-09,FDO-201507,15.710653,15.811363,15.106398,15.3078165,782822.3
1999-09-10,FDO-201507,15.3078165,15.509235,14.753915,14.90498,987495.5
1999-09-13,FDO-201507,14.995864,15.349302,14.389971,15.096847,907709.06
1999-09-14,FDO-201507,15.096847,15.24832,14.844391,15.24832,795684.4
1999-09-15,FDO-201507,15.349302,15.652248,15.096847,15.096847,701732.25
1999-09-16,FDO-201507,15.24832,15.601757,15.147337,15.450284,588841.1
1999-09-17,FDO-201507,15.450284,16.61158,15.450284,16.258142,1121236.6
1999-09-20,FDO-201507,16.15716,16.561089,16.005686,16.106668,427797.97
1999-09-21,FDO-201507,16.106668,16.308634,15.803722,16.15716,486347.84
1999-09-22,FDO-201507,16.15716,16.510597,16.15716,16.409615,544526.4
1999-09-23,FDO-201507,16.561089,16.662071,16.460106,16.61158,810414.7
1999-09-24,FDO-201507,16.561089,16.813545,16.561089,16.813545,582528.1
1999-09-27,FDO-201507,16.965017,17.166983,16.813545,17.066,443023.4
1999-09-28,FDO-201507,17.267965,17.823366,16.965017,17.368946,1534056.8
1999-09-29,FDO-201507,17.166983,17.570911,16.813545,16.965017,1201696.4
1999-09-30,FDO-201507,16.965017,17.419437,16.864035,17.066,1346276.2
1999-10-01,FDO-201507,17.116491,17.722385,17.116491,17.318455,414181.72
1999-10-04,FDO-201507,17.419437,17.722385,17.116491,17.671894,665834.9
1999-10-05,FDO-201507,17.570911,18.479752,17.52042,18.025331,504049
1999-10-06,FDO-201507,18.075823,18.328278,17.924349,18.328278,370485.9
1999-10-07,FDO-201507,18.681717,18.681717,18.126314,18.176805,202882.19
1999-10-08,FDO-201507,18.075823,18.833189,18.075823,18.580734,593049.75
1999-10-11,FDO-201507,18.681717,18.934172,18.176805,18.782698,723642.06
1999-10-12,FDO-201507,18.732206,18.732206,17.873857,18.126314,310203.03
1999-10-13,FDO-201507,18.025331,18.479752,17.873857,18.277786,469760.78
1999-10-14,FDO-201507,18.277786,18.277786,17.671894,17.924349,505286.8
1999-10-15,FDO-201507,17.621403,17.722385,17.166983,17.368946,390538.94
1999-10-18,FDO-201507,17.217474,17.368946,17.066,17.267965,318620.34
1999-10-19,FDO-201507,17.015509,18.025331,17.015509,17.722385,439557.44
1999-10-20,FDO-201507,17.52042,17.722385,16.965017,17.52042,402669.78
1999-10-21,FDO-201507,17.318455,17.368946,16.308634,17.166983,404774.12
1999-10-22,FDO-201507,17.267965,17.722385,17.217474,17.722385,369867
1999-10-25,FDO-201507,17.722385,17.722385,16.359125,16.359125,681803
1999-10-26,FDO-201507,16.864035,16.965017,14.945373,15.551267,1796850.5
1999-10-27,FDO-201507,15.854213,15.854213,14.945373,15.349302,1163694.6
1999-10-28,FDO-201507,16.056177,16.359125,15.854213,16.056177,775878.94
1999-10-29,FDO-201507,16.359125,17.015509,16.258142,16.662071,779097.3
1999-11-01,FDO-201507,16.864035,17.166983,16.359125,16.561089,374447
1999-11-02,FDO-201507,16.359125,17.066,16.207651,16.207651,682050.56
1999-11-03,FDO-201507,16.763054,17.116491,16.207651,16.258142,1546187.6
1999-11-04,FDO-201507,15.854213,16.258142,14.743408,14.743408,2771403
1999-11-05,FDO-201507,14.945373,15.298811,13.329657,14.692917,3892144.5
1999-11-08,FDO-201507,14.692917,15.652248,14.591935,15.399793,1457434.4
1999-11-09,FDO-201507,15.349302,15.803722,14.945373,15.399793,1192660.1
1999-11-10,FDO-201507,15.349302,15.854213,15.349302,15.399793,848168.9
1999-11-11,FDO-201507,15.450284,15.500775,14.743408,14.945373,785781.7
1999-11-12,FDO-201507,15.147337,15.147337,14.7939,14.7939,362192.38
1999-11-15,FDO-201507,14.7939,15.096847,14.743408,14.945373,518284.16
1999-11-16,FDO-201507,14.945373,15.046355,14.541444,14.7939,982846
1999-11-17,FDO-201507,14.6424265,15.197828,14.4909525,14.4909525,962916.75
1999-11-18,FDO-201507,14.541444,14.7939,14.389971,14.541444,467037.53
1999-11-19,FDO-201507,14.541444,14.541444,14.036532,14.137515,1103659.4
1999-11-22,FDO-201507,14.440461,14.743408,14.137515,14.4909525,1269158.8
1999-11-23,FDO-201507,14.591935,14.6424265,14.087024,14.087024,1119132.4
1999-11-24,FDO-201507,14.036532,14.591935,13.834568,14.238497,1411634.2
1999-11-26,FDO-201507,14.188006,14.238497,14.036532,14.137515,347338.28
1999-11-29,FDO-201507,14.036532,14.591935,14.036532,14.4909525,660388.3
1999-11-30,FDO-201507,14.541444,14.7939,14.188006,14.4909525,728098.25
1999-12-01,FDO-201507,14.288988,14.440461,14.087024,14.288988,707054.94
1999-12-02,FDO-201507,14.339479,14.591935,14.087024,14.188006,659398.06
1999-12-03,FDO-201507,14.188006,14.440461,14.188006,14.339479,1122598.2
1999-12-06,FDO-201507,14.238497,14.288988,14.036532,14.137515,862527.8
1999-12-07,FDO-201507,14.137515,14.339479,14.036532,14.087024,312554.94
1999-12-08,FDO-201507,14.238497,14.238497,13.0267105,13.0267105,1931651.4
1999-12-09,FDO-201507,13.329657,13.683095,13.228675,13.430639,928257.2
1999-12-10,FDO-201507,13.329657,13.329657,12.774255,12.8752365,1090538.2
1999-12-13,FDO-201507,12.763806,13.118357,12.257306,12.713157,1162388.4
1999-12-14,FDO-201507,12.611856,13.320957,12.561207,12.814457,1506909.4
1999-12-15,FDO-201507,12.814457,13.320957,12.561207,12.561207,842793.25
1999-12-16,FDO-201507,12.561207,12.966407,12.459907,12.814457,2914361.8
1999-12-17,FDO-201507,12.865107,12.865107,12.459907,12.459907,868829.75
1999-12-20,FDO-201507,12.561207,12.561207,11.345606,11.750806,3733956.5
1999-12-21,FDO-201507,11.852106,11.953406,11.598856,11.649507,2023691
1999-12-22,FDO-201507,11.700156,12.156007,11.396256,11.801456,3455205.5
1999-12-23,FDO-201507,12.156007,12.915757,12.054707,12.257306,1522333.9
1999-12-27,FDO-201507,12.865107,12.966407,12.156007,12.358606,1701627.9
1999-12-28,FDO-201507,12.713157,12.713157,11.953406,12.409257,3145852.2
1999-12-29,FDO-201507,12.611856,12.611856,12.206656,12.459907,636352.06
1999-12-30,FDO-201507,12.459907,12.915757,12.409257,12.865107,906095.25
1999-12-31,FDO-201507,12.662507,13.320957,12.561207,13.219657,872778.44
2000-01-03,FDO-201507,13.472907,13.523557,12.307957,12.561207,815646.2
2000-01-04,FDO-201507,12.865107,13.320957,12.611856,13.219657,1654860.9
2000-01-05,FDO-201507,14.182008,15.2963085,13.878107,14.435258,3093902.5
2000-01-06,FDO-201507,14.485908,15.498908,14.485908,14.688508,1454096
2000-01-07,FDO-201507,14.688508,14.739158,13.878107,14.536557,1002097.2
2000-01-10,FDO-201507,14.688508,14.688508,14.131357,14.232657,618089.5
2000-01-11,FDO-201507,14.333958,14.688508,14.232657,14.232657,439042.22
2000-01-12,FDO-201507,14.131357,14.485908,13.776807,14.131357,790967
2000-01-13,FDO-201507,14.131357,14.131357,13.979407,14.030057,552936.5
2000-01-14,FDO-201507,14.131357,14.131357,13.726157,13.776807,392522
2000-01-18,FDO-201507,13.776807,13.979407,13.624857,13.726157,367472.66
2000-01-19,FDO-201507,13.726157,14.435258,13.675508,14.232657,619200.06
2000-01-20,FDO-201507,14.536557,14.587208,13.979407,14.485908,997161.4
2000-01-21,FDO-201507,14.536557,14.637857,13.878107,13.928758,1083415
2000-01-24,FDO-201507,14.030057,14.182008,13.219657,13.320957,515547.6
2000-01-25,FDO-201507,13.320957,13.726157,13.270307,13.523557,771717.25
2000-01-26,FDO-201507,13.624857,13.726157,13.371607,13.523557,649308.6
2000-01-27,FDO-201507,13.675508,13.726157,13.371607,13.523557,617966.1
2000-01-28,FDO-201507,13.574207,13.574207,13.017056,13.270307,691756.8
2000-01-31,FDO-201507,13.270307,13.320957,12.865107,13.017056,811697.5
2000-02-01,FDO-201507,13.017056,13.371607,13.017056,13.219657,301085.72
2000-02-02,FDO-201507,13.169007,13.320957,12.966407,13.169007,711129.94
2000-02-03,FDO-201507,13.219657,15.549559,13.219657,15.498908,3285166
2000-02-04,FDO-201507,15.346958,15.397608,14.992408,15.195008,693114.1
2000-02-07,FDO-201507,15.195008,15.346958,14.739158,14.941758,563178.4
2000-02-08,FDO-201507,14.891108,15.7015085,14.840458,15.448258,733958.1
2000-02-09,FDO-201507,15.448258,15.498908,14.941758,15.043057,615745
2000-02-10,FDO-201507,14.992408,15.043057,13.776807,14.333958,958908.7
2000-02-11,FDO-201507,14.536557,14.536557,13.472907,13.776807,1199653.9
2000-02-14,FDO-201507,13.776807,13.979407,13.371607,13.523557,1001727
2000-02-15,FDO-201507,13.574207,14.587208,13.472907,14.232657,750123
2000-02-16,FDO-201507,14.080708,14.739158,14.030057,14.283307,1676702
2000-02-17,FDO-201507,14.283307,14.485908,13.320957,13.523557,829589.9
2000-02-18,FDO-201507,13.472907,13.472907,12.763806,13.067707,704589.94
2000-02-22,FDO-201507,13.118357,13.169007,12.611856,13.169007,1605749.4
2000-02-23,FDO-201507,13.067707,13.472907,12.814457,13.270307,1152269.9
2000-02-24,FDO-201507,12.915757,12.966407,12.358606,12.763806,741361.9
2000-02-25,FDO-201507,12.966407,13.726157,12.966407,13.270307,1106736.9
2000-02-28,FDO-201507,13.371607,14.080708,13.219657,14.030057,1224950
2000-02-29,FDO-201507,13.979407,14.182008,13.624857,14.080708,651899.94
2000-03-01,FDO-201507,14.587208,15.093708,14.333958,14.891108,1011968.9
2000-03-02,FDO-201507,14.485908,14.688508,13.371607,13.776807,914362.8
2000-03-03,FDO-201507,14.080708,14.080708,13.422257,13.523557,662265.2
2000-03-06,FDO-201507,13.726157,13.878107,13.118357,13.422257,1346494.9
2000-03-07,FDO-201507,13.371607,13.371607,12.814457,13.219657,953232.5
2000-03-08,FDO-201507,13.371607,13.371607,12.358606,12.611856,1291460.4
2000-03-09,FDO-201507,12.814457,13.017056,12.561207,12.814457,865744.9
2000-03-10,FDO-201507,12.966407,13.118357,12.814457,13.067707,1106243.2
2000-03-13,FDO-201507,12.909138,13.112431,12.756667,12.959961,1001753.6
2000-03-14,FDO-201507,13.112431,13.112431,12.909138,12.959961,848035
2000-03-15,FDO-201507,12.959961,14.027251,12.909138,14.027251,1123744.8
2000-03-16,FDO-201507,14.637133,17.889828,14.535485,16.263481,3803122
2000-03-17,FDO-201507,16.263481,17.076654,16.161833,16.56842,1991947.6
2000-03-20,FDO-201507,16.670067,16.975008,16.517597,16.873362,623605.75
2000-03-21,FDO-201507,17.076654,17.737358,16.975008,17.279947,1624498.5
2000-03-22,FDO-201507,17.279947,17.432417,16.314304,17.076654,1037908.25
2000-03-23,FDO-201507,16.263481,16.466774,15.856894,16.060186,2339966.5
2000-03-24,FDO-201507,16.212656,16.41595,16.009363,16.11101,1237250.5
2000-03-27,FDO-201507,16.11101,16.161833,15.3486595,15.704423,889354.56
2000-03-28,FDO-201507,16.11101,16.11101,15.399483,15.501129,557814.2
2000-03-29,FDO-201507,15.450306,16.161833,15.450306,16.161833,1190028.2
2000-03-30,FDO-201507,16.161833,16.822536,16.161833,16.670067,872875.9
2000-03-31,FDO-201507,16.975008,17.025831,16.56842,16.924185,1526733.5
2000-04-03,FDO-201507,16.466774,17.025831,16.263481,16.517597,726166.8
2000-04-04,FDO-201507,16.619244,17.483242,15.6536,16.060186,1866882.1
2000-04-05,FDO-201507,16.009363,16.822536,15.95854,16.466774,1344976.6
2000-04-06,FDO-201507,16.56842,16.771713,16.060186,16.41595,889600.5
2000-04-07,FDO-201507,16.263481,17.381594,16.060186,17.127478,387616.9
2000-04-10,FDO-201507,16.670067,17.381594,16.670067,17.381594,630000.44
2000-04-11,FDO-201507,17.025831,18.093122,16.975008,17.889828,815446.6
2000-04-12,FDO-201507,17.94065,18.093122,17.279947,17.584888,1155595.2
2000-04-13,FDO-201507,17.788181,17.788181,16.975008,16.975008,519937.9
2000-04-14,FDO-201507,16.975008,17.025831,15.551953,16.41595,483660.3
2000-04-17,FDO-201507,16.060186,16.11101,14.637133,15.043719,964000.3
2000-04-18,FDO-201507,15.043719,15.247013,14.891249,15.043719,1339688.6
2000-04-19,FDO-201507,14.738779,15.043719,14.332191,14.535485,1225076
2000-04-20,FDO-201507,14.433839,15.602777,14.433839,15.501129,950104.1
2000-04-24,FDO-201507,15.450306,15.806069,15.145366,15.501129,547238.4
2000-04-25,FDO-201507,15.501129,16.212656,15.501129,15.755246,740431.94
2000-04-26,FDO-201507,15.6536,16.060186,15.6536,16.009363,766871.56
2000-04-27,FDO-201507,15.95854,16.212656,15.6536,16.161833,1051066.5
2000-04-28,FDO-201507,16.161833,16.161833,15.501129,15.501129,333139.03
2000-05-01,FDO-201507,15.551953,16.517597,15.551953,16.11101,486980.66
2000-05-02,FDO-201507,15.6536,16.56842,15.501129,16.56842,461893.75
2000-05-03,FDO-201507,16.365128,16.365128,15.6536,15.856894,1070742.5
2000-05-04,FDO-201507,16.56842,16.924185,16.263481,16.924185,1020199.9
2000-05-05,FDO-201507,16.263481,17.889828,16.060186,17.686535,1158054.8
2000-05-08,FDO-201507,17.483242,17.534065,16.72089,16.924185,655948.2
2000-05-09,FDO-201507,17.229124,18.143946,17.1783,17.686535,742153.56
2000-05-10,FDO-201507,17.432417,17.788181,17.076654,17.1783,400529.28
2000-05-11,FDO-201507,17.483242,17.584888,17.127478,17.584888,463984.34
2000-05-12,FDO-201507,17.483242,17.889828,17.381594,17.584888,149291.55
2000-05-15,FDO-201507,17.635712,17.94065,17.381594,17.889828,333876.88
2000-05-16,FDO-201507,18.0423,18.296415,17.381594,17.432417,672180.9
2000-05-17,FDO-201507,17.534065,17.534065,16.517597,16.56842,554493.9
2000-05-18,FDO-201507,16.56842,16.72089,16.161833,16.365128,909891.4
2000-05-19,FDO-201507,16.263481,16.365128,15.95854,16.11101,400652.25
2000-05-22,FDO-201507,16.212656,16.56842,16.060186,16.11101,386141.22
2000-05-23,FDO-201507,16.11101,16.466774,16.060186,16.11101,249147.17
2000-05-24,FDO-201507,16.11101,16.873362,16.11101,16.263481,1024135.06
2000-05-25,FDO-201507,15.145366,15.907717,15.145366,15.602777,813356.06
2000-05-26,FDO-201507,15.806069,16.11101,15.450306,15.907717,409998.34
2000-05-30,FDO-201507,15.704423,16.009363,15.501129,15.704423,347281.16
2000-05-31,FDO-201507,15.704423,16.263481,15.6536,16.060186,435577.12
2000-06-01,FDO-201507,16.466774,16.924185,16.466774,16.72089,1131492.1
2000-06-02,FDO-201507,16.670067,17.33077,16.619244,17.025831,805731.6
2000-06-05,FDO-201507,16.924185,17.025831,16.466774,16.72089,287761.28
2000-06-06,FDO-201507,16.56842,16.56842,15.95854,15.95854,478003.47
2000-06-07,FDO-201507,16.11101,16.771713,15.755246,16.365128,355274.5
2000-06-08,FDO-201507,16.060186,16.161833,15.551953,15.6536,323055.1
2000-06-09,FDO-201507,15.806069,16.009363,15.551953,15.551953,365235.47
2000-06-12,FDO-201507,15.043719,15.602777,14.8404255,15.043719,520675.78
2000-06-13,FDO-201507,15.088577,15.292478,14.629804,14.6807785,837544.2
2000-06-14,FDO-201507,14.6807785,15.547352,14.6807785,15.241503,680726.9
2000-06-15,FDO-201507,15.241503,15.802226,14.578828,15.802226,705616.56
2000-06-16,FDO-201507,15.190527,15.598327,15.088577,15.241503,818539.7
2000-06-19,FDO-201507,15.445402,15.904177,15.139552,15.751251,441025.66
2000-06-20,FDO-201507,15.751251,16.159052,15.649302,16.108076,784576.94
2000-06-21,FDO-201507,15.955152,16.108076,15.802226,16.006126,497180.72
2000-06-22,FDO-201507,16.006126,16.006126,13.712255,14.069079,5149836
2000-06-23,FDO-201507,14.069079,14.6807785,14.069079,14.6807785,2059223.2
2000-06-26,FDO-201507,15.088577,15.088577,14.476878,14.6807785,519618.22
2000-06-27,FDO-201507,14.731753,15.343452,14.6807785,15.241503,1262998.5
2000-06-28,FDO-201507,15.394427,15.547352,15.139552,15.394427,1020232
2000-06-29,FDO-201507,15.292478,15.649302,15.241503,15.649302,942497.75
2000-06-30,FDO-201507,15.547352,16.108076,15.547352,15.955152,960889.1
2000-07-03,FDO-201507,15.955152,15.955152,15.598327,15.649302,413561.2
2000-07-05,FDO-201507,15.853202,16.0571,14.884678,15.190527,750982
2000-07-06,FDO-201507,15.190527,15.292478,13.916154,14.272979,1951449.8
2000-07-07,FDO-201507,14.6807785,15.088577,14.120054,14.629804,2723030
2000-07-10,FDO-201507,14.6807785,15.598327,14.6807785,15.445402,1401792.1
2000-07-11,FDO-201507,15.343452,16.108076,15.292478,15.598327,1543651.1
2000-07-12,FDO-201507,15.802226,16.362951,15.649302,16.362951,676926
2000-07-13,FDO-201507,16.311975,16.413925,15.700276,15.853202,673738.1
2000-07-14,FDO-201507,16.006126,16.210026,15.598327,15.649302,258705.62
2000-07-17,FDO-201507,15.598327,15.700276,15.343452,15.445402,337543.4
2000-07-18,FDO-201507,15.343452,15.547352,15.139552,15.292478,371751.4
2000-07-19,FDO-201507,15.496377,15.496377,15.088577,15.190527,285066.62
2000-07-20,FDO-201507,15.088577,15.292478,14.884678,14.986628,403752.44
2000-07-21,FDO-201507,14.884678,15.088577,14.578828,14.629804,599682.1
2000-07-24,FDO-201507,14.6807785,14.935653,14.171029,14.171029,683056.44
2000-07-25,FDO-201507,14.272979,14.527853,14.222004,14.222004,756622
2000-07-26,FDO-201507,14.323954,14.6807785,14.272979,14.6807785,326753.78
2000-07-27,FDO-201507,14.6807785,14.833703,14.272979,14.374928,566332.4
2000-07-28,FDO-201507,14.578828,14.578828,13.916154,14.069079,497058.12
2000-07-31,FDO-201507,14.120054,14.120054,13.406405,13.763229,1042179.06
2000-08-01,FDO-201507,13.712255,13.712255,13.202505,13.25348,1531267.6
2000-08-02,FDO-201507,13.406405,14.272979,13.406405,13.865179,1391247.8
2000-08-03,FDO-201507,14.272979,14.425903,13.865179,13.967129,1758585.2
2000-08-04,FDO-201507,14.120054,14.171029,13.406405,13.508355,979770.94
2000-08-07,FDO-201507,13.712255,13.712255,13.049581,13.45738,2104098.2
2000-08-08,FDO-201507,13.35543,13.55933,12.896656,13.45738,2769866.8
2000-08-09,FDO-201507,13.610305,13.610305,12.845681,12.845681,1424965.4
2000-08-10,FDO-201507,12.641781,12.845681,11.622283,12.641781,4917491.5
2000-08-11,FDO-201507,12.7437315,13.100555,12.692756,12.845681,2213833.5
2000-08-14,FDO-201507,12.794706,13.610305,12.794706,13.55933,1312655.2
2000-08-15,FDO-201507,13.610305,13.66128,12.998606,12.998606,1514347.5
2000-08-16,FDO-201507,13.15153,13.45738,12.947631,13.25348,1463709.9
2000-08-17,FDO-201507,13.25348,13.25348,12.641781,12.641781,1115867.2
2000-08-18,FDO-201507,12.794706,13.45738,12.641781,13.45738,1069030.5
2000-08-21,FDO-201507,13.406405,13.66128,12.998606,13.304455,1350173.6
2000-08-22,FDO-201507,13.35543,14.069079,13.304455,14.069079,1425946.2
2000-08-23,FDO-201507,14.018105,14.374928,14.018105,14.323954,997917.1
2000-08-24,FDO-201507,14.323954,14.476878,14.272979,14.323954,766921.2
2000-08-25,FDO-201507,14.425903,14.425903,14.272979,14.323954,764101.2
2000-08-28,FDO-201507,14.323954,14.476878,14.323954,14.323954,522560.84
2000-08-29,FDO-201507,14.374928,14.527853,14.323954,14.323954,646273.6
2000-08-30,FDO-201507,14.323954,14.476878,14.272979,14.323954,213217.58
2000-08-31,FDO-201507,14.425903,15.292478,14.425903,14.6807785,1576510.5
2000-09-01,FDO-201507,14.731753,15.496377,14.6807785,15.343452,731977.56
2000-09-05,FDO-201507,15.496377,15.496377,15.292478,15.394427,434527.38
2000-09-06,FDO-201507,15.394427,15.598327,15.394427,15.598327,586072.5
2000-09-07,FDO-201507,15.649302,15.751251,15.496377,15.547352,379475.8
2000-09-08,FDO-201507,15.547352,16.108076,15.496377,15.955152,549044.44
2000-09-11,FDO-201507,15.955152,16.413925,15.955152,16.413925,1043527.8
2000-09-12,FDO-201507,16.413925,16.413925,16.159052,16.311975,474130.2
2000-09-13,FDO-201507,16.203611,16.612534,15.948033,15.999148,378432.25
2000-09-14,FDO-201507,16.203611,16.254726,15.794686,15.948033,295531.75
2000-09-15,FDO-201507,15.999148,16.254726,15.896917,16.203611,486276.28
2000-09-18,FDO-201507,16.10138,16.10138,15.590224,15.896917,291007.7
2000-09-19,FDO-201507,15.948033,16.152494,15.07907,15.385762,207006.72
2000-09-20,FDO-201507,15.181301,15.334647,14.976839,15.283531,347864.22
2000-09-21,FDO-201507,15.334647,15.948033,15.334647,15.590224,655500.9
2000-09-22,FDO-201507,15.436878,15.487993,14.874608,15.487993,599255.75
2000-09-25,FDO-201507,15.487993,15.845802,15.334647,15.794686,562207.25
2000-09-26,FDO-201507,15.692455,15.743571,15.027954,15.181301,951521.75
2000-09-27,FDO-201507,15.027954,15.743571,14.925723,15.436878,543499.6
2000-09-28,FDO-201507,15.232416,15.743571,15.232416,15.334647,464389.56
2000-09-29,FDO-201507,15.232416,15.743571,15.130185,15.743571,829371.9
2000-10-02,FDO-201507,15.539109,15.539109,15.07907,15.130185,783519.8
2000-10-03,FDO-201507,15.181301,15.436878,14.465684,14.721261,535918.75
2000-10-04,FDO-201507,14.772377,15.07907,14.516799,14.823492,357156.9
2000-10-05,FDO-201507,14.721261,15.487993,14.567915,15.181301,638016
2000-10-06,FDO-201507,15.181301,15.283531,14.414568,14.721261,812376.06
2000-10-09,FDO-201507,14.721261,14.976839,14.516799,14.721261,554015
2000-10-10,FDO-201507,14.61903,14.976839,14.465684,14.567915,545333.7
2000-10-11,FDO-201507,14.465684,14.823492,14.107876,14.158991,678732.6
2000-10-12,FDO-201507,14.158991,14.312337,13.698952,13.801183,824970.06
2000-10-13,FDO-201507,13.801183,14.158991,13.698952,13.801183,582382.2
2000-10-16,FDO-201507,13.903414,14.567915,13.801183,14.567915,579814.44
2000-10-17,FDO-201507,14.567915,14.567915,13.801183,14.107876,464022.75
2000-10-18,FDO-201507,13.903414,14.823492,13.750067,14.823492,293942.22
2000-10-19,FDO-201507,14.721261,15.283531,14.61903,15.232416,320597.53
2000-10-20,FDO-201507,15.283531,15.283531,14.721261,14.823492,254937.39
2000-10-23,FDO-201507,15.027954,15.027954,14.721261,14.925723,282937.72
2000-10-24,FDO-201507,14.823492,14.823492,14.312337,14.363453,399096.25
2000-10-25,FDO-201507,14.363453,14.721261,14.363453,14.516799,637404.6
2000-10-26,FDO-201507,14.414568,14.721261,14.261222,14.312337,582993.5
2000-10-27,FDO-201507,14.312337,14.925723,14.312337,14.567915,580181.25
2000-10-30,FDO-201507,14.567915,15.334647,14.363453,15.232416,421227.5
2000-10-31,FDO-201507,15.334647,16.152494,15.07907,15.896917,774716.25
2000-11-01,FDO-201507,15.692455,16.10138,15.539109,16.050264,425873.84
2000-11-02,FDO-201507,15.896917,16.305841,15.487993,16.254726,705754.75
2000-11-03,FDO-201507,16.254726,16.305841,15.64134,15.845802,407166.2
2000-11-06,FDO-201507,15.999148,15.999148,15.487993,15.896917,295042.66
2000-11-07,FDO-201507,15.743571,16.050264,15.487993,15.999148,185242.28
2000-11-08,FDO-201507,16.050264,16.254726,15.896917,15.999148,249679.69
2000-11-09,FDO-201507,15.896917,15.896917,14.976839,15.385762,834140.5
2000-11-10,FDO-201507,15.181301,15.334647,14.414568,14.721261,731921
2000-11-13,FDO-201507,14.874608,14.976839,14.465684,14.925723,669439.94
2000-11-14,FDO-201507,14.823492,15.64134,14.823492,15.181301,544355.56
2000-11-15,FDO-201507,15.181301,16.356956,15.07907,16.152494,717737.44
2000-11-16,FDO-201507,15.999148,16.356956,15.948033,16.152494,555971.4
2000-11-17,FDO-201507,16.152494,16.510303,15.948033,16.254726,737300.94
2000-11-20,FDO-201507,16.203611,16.254726,15.64134,15.845802,554259.56
2000-11-21,FDO-201507,15.948033,16.356956,15.948033,16.203611,532861.94
2000-11-22,FDO-201507,16.10138,16.305841,15.539109,16.10138,1025129.56
2000-11-24,FDO-201507,15.999148,15.999148,15.539109,15.794686,276579.56
2000-11-27,FDO-201507,15.845802,16.459188,15.845802,16.152494,478328.6
2000-11-28,FDO-201507,16.152494,16.152494,15.794686,15.896917,735100.06
2000-11-29,FDO-201507,15.794686,16.356956,15.794686,16.050264,669439.94
2000-11-30,FDO-201507,16.152494,16.203611,15.232416,15.896917,1940947.9
2000-12-01,FDO-201507,15.896917,17.22592,15.896917,16.868113,963748.94
2000-12-04,FDO-201507,16.868113,18.554922,16.868113,18.503807,2087307.6
2000-12-05,FDO-201507,18.503807,18.759384,18.197115,18.70827,3127598.8
2000-12-06,FDO-201507,18.60604,18.70827,18.299345,18.60604,820323.75
2000-12-07,FDO-201507,18.350462,19.219425,18.299345,18.810501,1316137.2
2000-12-08,FDO-201507,18.657154,19.526117,18.657154,19.526117,1026841.4
2000-12-11,FDO-201507,19.168308,20.037271,18.554922,19.781694,1388766.9
2000-12-12,FDO-201507,19.781694,19.83281,19.014963,19.27054,2137194.5
2000-12-13,FDO-201507,19.16192,19.469332,18.700806,18.854511,806454.25
2000-12-14,FDO-201507,19.008217,19.213156,18.5471,18.803276,538815.4
2000-12-15,FDO-201507,17.727339,18.64957,17.727339,18.393394,800476.9
2000-12-18,FDO-201507,18.495865,18.75204,18.290924,18.700806,357909.06
2000-12-19,FDO-201507,15.370525,16.241522,15.370525,15.985346,2266025.5
2000-12-20,FDO-201507,16.139051,16.241522,15.575465,15.985346,886965.5
2000-12-21,FDO-201507,15.985346,16.805107,15.831641,16.702637,758025.5
2000-12-22,FDO-201507,16.805107,16.958813,16.497698,16.805107,472820.53
2000-12-26,FDO-201507,16.958813,17.573633,16.446463,17.266224,818408.94
2000-12-27,FDO-201507,17.214989,18.03475,16.907578,17.82981,700203.8
2000-12-28,FDO-201507,17.82981,18.009172,17.522398,17.727339,420854.2
2000-12-29,FDO-201507,17.727339,17.983515,16.805107,17.573633,772663.94
2001-01-02,FDO-201507,17.778574,17.778574,16.856342,17.266224,1107639.5
2001-01-03,FDO-201507,16.036581,17.214989,15.063114,16.805107,2443638
2001-01-04,FDO-201507,16.395227,17.010048,16.292757,16.548931,967842.7
2001-01-05,FDO-201507,16.548931,17.163754,15.21682,16.087816,1506780
2001-01-08,FDO-201507,16.139051,16.139051,15.268055,16.087816,703375.44
2001-01-09,FDO-201507,15.934111,16.139051,15.831641,15.882875,516247.8
2001-01-10,FDO-201507,15.6267,17.010048,15.6267,16.856342,776323.5
2001-01-11,FDO-201507,16.548931,17.112518,16.395227,16.856342,522835.1
2001-01-12,FDO-201507,16.651402,18.03475,16.651402,17.624868,770102.2
2001-01-16,FDO-201507,17.31746,17.93228,17.31746,17.624868,583950.44
2001-01-17,FDO-201507,17.522398,18.803276,17.522398,18.44463,688249.1
2001-01-18,FDO-201507,18.44463,18.44463,17.266224,17.93228,581754.7
2001-01-19,FDO-201507,17.93228,17.93228,16.907578,17.112518,422440.03
2001-01-22,FDO-201507,17.112518,17.676104,17.112518,17.368692,898920.2
2001-01-23,FDO-201507,17.778574,18.5471,17.214989,18.5471,1141063.9
2001-01-24,FDO-201507,18.5471,19.008217,18.239689,19.008217,744850.94
2001-01-25,FDO-201507,18.905746,19.418097,18.905746,19.315626,552721.9
2001-01-26,FDO-201507,19.16192,19.26439,18.905746,19.213156,448057.25
2001-01-29,FDO-201507,19.018463,20.289093,18.977474,19.71526,1024200.56
2001-01-30,FDO-201507,19.723457,19.9202,19.305378,19.64968,481603.6
2001-01-31,FDO-201507,19.551308,20.453047,19.26439,20.289093,1366739.2
2001-02-01,FDO-201507,20.289093,20.477638,19.674273,20.477638,737287.75
2001-02-02,FDO-201507,20.477638,20.739962,19.944794,20.215315,765466.7
2001-02-05,FDO-201507,20.215315,20.33008,19.879213,20.067757,658728.3
2001-02-06,FDO-201507,20.116943,20.649788,20.051361,20.428453,760343.25
2001-02-07,FDO-201507,20.453047,20.903913,20.33008,20.723568,850613.44
2001-02-08,FDO-201507,21.067867,21.067867,19.74805,19.993979,1413704.1
2001-02-09,FDO-201507,19.838224,19.879213,19.26439,19.698866,405971.8
2001-02-12,FDO-201507,19.698866,20.248106,19.567703,20.059559,422562
2001-02-13,FDO-201507,20.133337,20.756357,20.051361,20.420256,586878.1
2001-02-14,FDO-201507,20.453047,20.494034,20.354673,20.420256,664583.7
2001-02-15,FDO-201507,20.903913,21.002287,20.502232,20.739962,1284398.2
2001-02-16,FDO-201507,20.616997,20.895716,20.57601,20.649788,396212.88
2001-02-20,FDO-201507,20.649788,22.436869,20.64159,21.051472,1962888.4
2001-02-21,FDO-201507,20.903913,20.985891,20.289093,20.29729,989190.4
2001-02-22,FDO-201507,20.305489,20.33008,19.674273,20.12514,1175830
2001-02-23,FDO-201507,19.981682,20.12514,19.879213,20.084152,440616.06
2001-02-26,FDO-201507,20.494034,21.067867,20.33008,20.698975,1699275.1
2001-02-27,FDO-201507,20.903913,21.371178,20.543219,21.321993,1296352.9
2001-02-28,FDO-201507,21.494143,21.822048,20.821938,21.526934,900018.06
2001-03-01,FDO-201507,21.526934,21.723675,20.99409,21.15804,811333.7
2001-03-02,FDO-201507,21.15804,21.600712,20.92031,21.485945,561504.9
2001-03-05,FDO-201507,21.649897,22.067976,21.305597,21.305597,809503.9
2001-03-06,FDO-201507,21.313795,21.723675,20.453047,21.477747,1151310.8
2001-03-07,FDO-201507,21.805653,21.9778,21.559723,21.748268,865983.75
2001-03-08,FDO-201507,21.953209,22.822155,21.84664,22.584425,1031641.75
2001-03-09,FDO-201507,22.184792,22.46146,21.887629,22.05158,1032251.7
2001-03-12,FDO-201507,22.010592,22.445065,21.518736,21.805653,529056.44
2001-03-13,FDO-201507,21.805653,21.994623,21.049767,21.477005,574356.9
2001-03-14,FDO-201507,21.271603,21.38663,20.795065,21.066198,418322.66
2001-03-15,FDO-201507,21.156576,21.279818,20.622528,20.942957,736233.25
2001-03-16,FDO-201507,20.844364,20.89366,20.170639,20.606094,829586
2001-03-19,FDO-201507,21.033335,21.074415,20.129559,20.82793,661502.4
2001-03-20,FDO-201507,20.82793,21.115496,19.981667,20.5075,2066784
2001-03-21,FDO-201507,20.5075,20.540365,19.63659,19.932371,1076173.6
2001-03-22,FDO-201507,19.14362,19.587294,18.239845,19.521564,1153703.9
2001-03-23,FDO-201507,19.63659,20.047396,18.921785,19.95702,500112.8
2001-03-26,FDO-201507,19.95702,20.277449,19.7434,19.883074,746091.9
2001-03-27,FDO-201507,19.940588,20.334963,19.653023,20.178854,678298.56
2001-03-28,FDO-201507,20.129559,20.326746,19.611942,20.022749,428789.84
2001-03-29,FDO-201507,19.965235,20.376041,19.595509,20.203505,606975.56
2001-03-30,FDO-201507,20.203505,21.115496,20.047396,21.115496,1079946.8
2001-04-02,FDO-201507,21.115496,21.36198,20.499285,20.74577,586041.2
2001-04-03,FDO-201507,20.581446,20.82793,19.554428,20.096693,716029.1
2001-04-04,FDO-201507,20.113125,20.121342,19.209349,19.38189,1070818.4
2001-04-05,FDO-201507,20.047396,20.523933,19.965235,20.458204,1045015.5
2001-04-06,FDO-201507,20.23226,20.458204,20.030964,20.121342,452767
2001-04-09,FDO-201507,20.129559,20.21172,19.883074,20.21172,572166.06
2001-04-10,FDO-201507,20.21172,21.772787,20.21172,20.74577,602959.06
2001-04-11,FDO-201507,20.78685,21.189442,20.244583,20.74577,823135.3
2001-04-12,FDO-201507,20.622528,20.630743,18.979298,20.03918,765078.9
2001-04-16,FDO-201507,19.965235,20.2528,19.71875,20.03918,499504.25
2001-04-17,FDO-201507,20.03918,20.499285,19.989883,20.458204,430737.22
2001-04-18,FDO-201507,20.663607,21.723492,20.540365,21.559168,1735363.5
2001-04-19,FDO-201507,21.559168,21.608463,20.951174,21.115496,661015.5
2001-04-20,FDO-201507,21.033335,21.312683,20.78685,21.222305,305861.16
2001-04-23,FDO-201507,21.115496,21.460575,20.992252,21.074415,451428.2
2001-04-24,FDO-201507,21.057981,21.057981,20.129559,20.433556,625719.1
2001-04-25,FDO-201507,20.499285,21.238739,20.499285,21.016903,460556.56
2001-04-26,FDO-201507,21.016903,21.3209,20.540365,21.263386,301966.38
2001-04-27,FDO-201507,21.156576,21.887814,21.156576,21.36198,1094308.6
2001-04-30,FDO-201507,21.288034,21.665977,20.82793,20.959389,1270547
2001-05-01,FDO-201507,20.967606,21.36198,20.770418,21.312683,746213.56
2001-05-02,FDO-201507,21.337332,21.353764,20.901876,21.033335,444125.5
2001-05-03,FDO-201507,21.041552,21.279818,20.704689,21.140144,459704.56
2001-05-04,FDO-201507,21.238739,21.345547,20.334963,21.345547,448263.7
2001-05-07,FDO-201507,21.140144,21.296251,20.819715,21.238739,320223.12
2001-05-08,FDO-201507,21.3209,21.378412,20.89366,21.140144,954705.5
2001-05-09,FDO-201507,21.140144,21.140144,20.663607,20.910093,485020.6
2001-05-10,FDO-201507,21.197657,21.444141,21.115496,21.25517,1554621.8
2001-05-11,FDO-201507,21.25517,21.370197,21.205873,21.36198,928659.25
2001-05-14,FDO-201507,21.353764,21.8303,21.246954,21.690626,1315215.1
2001-05-15,FDO-201507,21.690626,21.846733,21.477005,21.756355,849546.7
2001-05-16,FDO-201507,21.756355,22.101433,21.567385,22.085001,1142749.9
2001-05-17,FDO-201507,22.101433,22.717644,22.035704,22.594402,1084571.8
2001-05-18,FDO-201507,22.51224,22.586185,22.035704,22.273973,254012.03
2001-05-21,FDO-201507,22.44651,23.744663,22.323269,23.68715,966268.1
2001-05-22,FDO-201507,23.68715,24.073307,23.136667,23.243479,867803.44
2001-05-23,FDO-201507,23.333855,23.744663,22.60262,22.758726,550379.7
2001-05-24,FDO-201507,22.923048,23.120235,22.635483,22.996994,357466.88
2001-05-25,FDO-201507,23.005209,23.005209,22.610834,22.79159,224801.25
2001-05-29,FDO-201507,22.528673,22.923048,22.430079,22.619051,313285.56
2001-05-30,FDO-201507,22.717644,23.087372,22.430079,22.734077,721262.75
2001-05-31,FDO-201507,22.816238,23.12845,22.60262,22.840885,327404.1
2001-06-01,FDO-201507,22.840885,22.996994,22.594402,22.72586,286752.44
2001-06-04,FDO-201507,22.734077,23.292774,22.347918,23.005209,648357.5
2001-06-05,FDO-201507,22.799807,23.670717,22.643698,23.58034,712986.3
2001-06-06,FDO-201507,23.374937,23.769312,23.251694,23.251694,600403.1
2001-06-07,FDO-201507,23.259909,23.259909,22.51224,22.51224,1018725.8
2001-06-08,FDO-201507,22.520456,22.586185,21.731707,22.273973,889711.5
2001-06-11,FDO-201507,22.553322,22.709427,21.879597,22.06857,741832
2001-06-12,FDO-201507,21.863165,22.290403,21.772787,22.142515,311703.3
2001-06-13,FDO-201507,22.348375,22.38955,22.035465,22.13428,208877.83
2001-06-14,FDO-201507,22.027231,22.249561,21.870775,21.936651,420791.66
2001-06-15,FDO-201507,21.615507,22.109575,21.574335,22.018995,427956.66
2001-06-18,FDO-201507,22.018995,22.513065,21.98606,22.142513,310645.03
2001-06-19,FDO-201507,22.233093,22.628347,22.035465,22.175451,282592.25
2001-06-20,FDO-201507,22.216623,22.480127,22.101341,22.38955,618861.25
2001-06-21,FDO-201507,22.438955,22.438955,21.722555,21.739023,2202203.8
2001-06-22,FDO-201507,21.574335,21.8049,21.409645,21.615507,908739.94
2001-06-25,FDO-201507,21.780197,21.796665,21.055563,21.162611,937521.4
2001-06-26,FDO-201507,21.121437,21.203783,20.347397,21.039093,1827802.4
2001-06-27,FDO-201507,20.997921,21.039093,20.35563,20.676777,1082278.6
2001-06-28,FDO-201507,20.676777,22.126045,20.676777,21.631977,869514.6
2001-06-29,FDO-201507,22.068403,22.562471,20.709715,21.104969,1410046.8
2001-07-02,FDO-201507,21.360239,21.739023,21.088501,21.533161,620561.44
2001-07-03,FDO-201507,21.541397,21.82137,21.006155,21.459051,265347.7
2001-07-05,FDO-201507,21.65668,21.903713,21.459051,21.557865,1101709.1
2001-07-06,FDO-201507,21.557865,21.89548,21.500225,21.689617,1236386.6
2001-07-09,FDO-201507,22.101341,22.266031,21.83784,22.018995,751717.25
2001-07-10,FDO-201507,22.018995,22.142513,21.3273,21.409645,1211612.8
2001-07-11,FDO-201507,21.450817,21.854307,21.310831,21.623741,558019.5
2001-07-12,FDO-201507,22.233093,23.36945,22.076637,23.163588,891252.5
2001-07-13,FDO-201507,23.163588,23.46003,22.801271,23.262403,508714.66
2001-07-16,FDO-201507,23.427094,23.871754,23.056541,23.451796,568584.9
2001-07-17,FDO-201507,23.451796,23.632956,23.064775,23.344748,549640.1
2001-07-18,FDO-201507,23.451796,23.995272,23.114182,23.394154,1140327.1
2001-07-19,FDO-201507,23.822348,23.871754,23.221231,23.53414,764832.9
2001-07-20,FDO-201507,23.53414,24.209368,23.36945,23.748238,622018.75
2001-07-23,FDO-201507,23.484734,23.86352,23.468266,23.707066,294250.56
2001-07-24,FDO-201507,23.715298,23.797644,23.155355,23.451796,1061512.2
2001-07-25,FDO-201507,23.451796,24.703436,23.262403,24.555216,1726035.1
2001-07-26,FDO-201507,24.555216,25.27985,24.299948,24.56345,1071227.5
2001-07-27,FDO-201507,24.56345,24.686968,24.04468,24.267008,813652
2001-07-30,FDO-201507,24.275244,24.374058,23.509436,23.690596,814137.75
2001-07-31,FDO-201507,24.719906,24.95047,24.34112,24.629326,2948213.2
2001-08-01,FDO-201507,24.703436,24.703436,24.209368,24.291712,2034130
2001-08-02,FDO-201507,24.250542,24.431698,23.674128,23.904692,3353703.5
2001-08-03,FDO-201507,23.879988,23.879988,22.68599,23.254168,19875090
2001-08-06,FDO-201507,23.180058,23.55061,22.933023,23.46003,3380420.2
2001-08-07,FDO-201507,23.46003,24.061146,23.38592,23.608252,1343861.6
2001-08-08,FDO-201507,23.608252,24.291712,23.608252,23.764706,1256545.9
2001-08-09,FDO-201507,23.797644,24.11879,22.867147,23.262403,1044146.25
2001-08-10,FDO-201507,23.262403,24.41523,23.138885,24.061146,1347140.5
2001-08-13,FDO-201507,24.061146,24.34112,23.879988,24.250542,1196797
2001-08-14,FDO-201507,24.291712,24.703436,24.291712,24.497574,1197647.1
2001-08-15,FDO-201507,24.662264,24.752844,24.250542,24.374058,1413204.2
2001-08-16,FDO-201507,24.332884,24.695202,24.04468,24.588154,1300507.4
2001-08-17,FDO-201507,24.48934,24.95047,24.332884,24.72814,1066369.9
2001-08-20,FDO-201507,24.72814,24.909298,24.57992,24.769312,643027.94
2001-08-21,FDO-201507,24.703436,24.818718,24.497574,24.777548,1103287.8
2001-08-22,FDO-201507,24.777548,24.777548,24.209368,24.34112,1506834.9
2001-08-23,FDO-201507,24.34112,24.357588,23.797644,24.10232,891131.06
2001-08-24,FDO-201507,24.10232,24.703436,23.772942,24.703436,871579.1
2001-08-27,FDO-201507,24.662264,24.769312,24.250542,24.588154,789849.6
2001-08-28,FDO-201507,24.538746,24.785782,24.168196,24.604622,2316236.5
2001-08-29,FDO-201507,24.703436,24.884594,24.308182,24.621092,1126725.9
2001-08-30,FDO-201507,24.621092,24.670498,23.871754,24.127022,882751.7
2001-08-31,FDO-201507,24.127022,24.703436,24.127022,24.703436,898296.06
2001-09-04,FDO-201507,24.703436,25.321022,24.57992,24.777548,1124539.9
2001-09-05,FDO-201507,24.57992,24.695202,24.04468,24.629326,960716.56
2001-09-06,FDO-201507,24.909298,24.95047,22.562471,22.751863,2626881.5
2001-09-07,FDO-201507,22.027231,22.167217,19.762749,20.512087,4096434
2001-09-10,FDO-201507,20.512087,21.113203,20.174473,20.8497,2138326
2001-09-17,FDO-201507,20.643349,20.643349,19.231909,20.271917,2692985
2001-09-18,FDO-201507,20.271917,21.460499,20.230648,20.965256,2449710
2001-09-19,FDO-201507,20.882715,21.377958,20.428743,20.734144,2314867
2001-09-20,FDO-201507,20.651604,20.923986,20.428743,20.816683,1150346
2001-09-21,FDO-201507,20.676365,21.856693,20.461761,20.635096,1605517.1
2001-09-24,FDO-201507,20.841446,21.633833,20.758905,21.056051,1392045.9
2001-09-25,FDO-201507,21.353197,21.997011,20.923986,21.369703,730793.8
2001-09-26,FDO-201507,21.130339,21.377958,20.923986,21.171608,639202.3
2001-09-27,FDO-201507,21.07256,21.551294,20.998274,21.54304,486549.72
2001-09-28,FDO-201507,21.906218,22.715113,21.617327,22.715113,1046639.25
2001-10-01,FDO-201507,22.715113,23.5075,22.417967,23.276388,1749689
2001-10-02,FDO-201507,23.60655,24.134808,23.532263,23.994488,1092919.6
2001-10-03,FDO-201507,23.68909,24.110044,22.748129,23.796392,2011742.6
2001-10-04,FDO-201507,23.895441,23.920202,23.408453,23.515755,1188751.5
2001-10-05,FDO-201507,23.59004,23.920202,23.358927,23.779882,598858.4
2001-10-08,FDO-201507,23.895441,23.895441,22.814161,23.103052,719042
2001-10-09,FDO-201507,23.070038,23.070038,22.285902,22.517017,560452.94
2001-10-10,FDO-201507,22.574795,23.144323,22.56654,22.979242,1004720.4
2001-10-11,FDO-201507,23.524008,24.035759,23.482738,23.73036,730188.06
2001-10-12,FDO-201507,23.77163,23.895441,23.152576,23.829409,925244.1
2001-10-15,FDO-201507,23.64782,24.027506,23.441467,24.027506,503511.12
2001-10-16,FDO-201507,24.233856,24.547508,23.911947,24.415445,464742.22
2001-10-17,FDO-201507,24.357666,24.75386,23.38369,23.38369,777316.5
2001-10-18,FDO-201507,23.391945,23.85417,23.276388,23.746868,434090.56
2001-10-19,FDO-201507,23.60655,24.357666,23.235117,24.275126,615819.8
2001-10-22,FDO-201507,24.349413,24.605288,23.986235,24.431953,554758.75
2001-10-23,FDO-201507,24.555763,24.935448,24.15957,24.621796,802274
2001-10-24,FDO-201507,24.621796,25.158308,24.621796,24.984974,991999.3
2001-10-25,FDO-201507,24.885925,25.026243,24.390682,24.844654,1490543.1
2001-10-26,FDO-201507,24.61354,24.861164,24.20084,24.299889,870240.7
2001-10-29,FDO-201507,24.291634,24.299889,23.524008,23.93671,520351.38
2001-10-30,FDO-201507,24.14306,24.555763,23.210356,23.449722,751753.25
2001-10-31,FDO-201507,23.111307,23.93671,22.946226,23.821154,1298394.8
2001-11-01,FDO-201507,23.829409,24.431953,23.25988,24.258617,833289.1
2001-11-02,FDO-201507,24.341158,24.679573,24.266872,24.357666,837650.6
2001-11-05,FDO-201507,24.341158,24.745605,24.101791,24.621796,806272
2001-11-06,FDO-201507,24.621796,25.051006,24.456715,24.918941,734791.9
2001-11-07,FDO-201507,24.844654,24.96021,24.597033,24.819893,1602367.2
2001-11-08,FDO-201507,24.902433,25.488468,24.902433,25.174816,1131325
2001-11-09,FDO-201507,25.133547,25.174816,24.654812,25.075768,523985.94
2001-11-12,FDO-201507,25.08402,25.7526,24.621796,25.397676,681363.44
2001-11-13,FDO-201507,25.54625,25.77736,25.257357,25.579264,835348.7
2001-11-14,FDO-201507,25.579264,25.87641,25.438946,25.744345,992241.6
2001-11-15,FDO-201507,25.40593,25.793869,25.257357,25.711329,1842734.4
2001-11-16,FDO-201507,25.711329,25.711329,24.679573,24.885925,823718
2001-11-19,FDO-201507,25.009735,25.414185,24.762114,25.414185,825050.7
2001-11-20,FDO-201507,25.414185,25.504978,25.183071,25.32339,579231.6
2001-11-21,FDO-201507,25.174816,25.339897,24.968466,25.117039,814146.94
2001-11-23,FDO-201507,25.174816,25.34815,25.009735,25.257357,362246.94
2001-11-26,FDO-201507,25.257357,25.372913,24.844654,25.207832,984609
2001-11-27,FDO-201507,24.803385,24.976719,24.242111,24.539255,1549181.1
2001-11-28,FDO-201507,24.547508,24.712591,24.184332,24.431953,1566021.4
2001-11-29,FDO-201507,24.431953,24.555763,24.341158,24.555763,989333.94
2001-11-30,FDO-201507,24.555763,24.762114,24.390682,24.597033,1167307.4
2001-12-03,FDO-201507,24.58878,24.58878,23.93671,23.969727,674942.4
2001-12-04,FDO-201507,24.01925,24.1183,23.77163,23.93671,679303.9
2001-12-05,FDO-201507,24.14306,25.34815,23.93671,25.092276,1129144.2
2001-12-06,FDO-201507,24.101791,24.514494,22.987497,23.235117,2947890.5
2001-12-07,FDO-201507,23.193848,23.193848,22.285902,23.111307,1756231.2
2001-12-10,FDO-201507,23.028767,23.028767,22.327173,22.764637,823475.75
2001-12-11,FDO-201507,22.764637,23.317657,22.764637,23.152576,1547000.4
2001-12-12,FDO-201507,23.243567,23.45036,23.160849,23.243567,1438755.5
2001-12-13,FDO-201507,23.251839,23.318012,23.011957,23.160849,944542.25
2001-12-14,FDO-201507,23.07813,23.45036,22.333675,23.342827,964731.5
2001-12-17,FDO-201507,23.367641,23.830858,22.962328,23.814316,820142.6
2001-12-18,FDO-201507,23.863947,24.294077,23.698511,23.988022,849882.5
2001-12-19,FDO-201507,23.88876,24.318892,23.665424,23.946665,406807.2
2001-12-20,FDO-201507,23.97975,25.187424,23.97975,24.40988,745067.7
2001-12-21,FDO-201507,24.773838,24.972359,24.318892,24.823467,1077888
2001-12-24,FDO-201507,24.98063,25.104706,24.732477,24.79865,210354.98
2001-12-26,FDO-201507,24.815195,25.394217,24.815195,24.947542,337051.56
2001-12-27,FDO-201507,24.922728,25.377674,24.806923,24.997173,221356.31
2001-12-28,FDO-201507,25.146065,25.294956,24.873096,25.055077,533382.9
2001-12-31,FDO-201507,25.26187,25.31977,24.732477,24.79865,389156.72
2002-01-02,FDO-201507,24.815195,24.98063,24.087284,24.492598,932815.56
2002-01-03,FDO-201507,24.492598,24.848284,23.905304,24.103827,1107386
2002-01-04,FDO-201507,23.657152,24.40161,23.657152,24.219631,1453141.9
2002-01-07,FDO-201507,24.40161,25.104706,24.327164,24.840012,841903.5
2002-01-08,FDO-201507,24.732477,25.642368,24.69112,25.038532,940431.9
2002-01-09,FDO-201507,25.245325,25.36113,24.161728,24.194815,1504279.9
2002-01-10,FDO-201507,24.525684,24.856554,23.822586,23.897032,1947717.9
2002-01-11,FDO-201507,23.946665,23.946665,23.326284,23.566164,940069.2
2002-01-14,FDO-201507,23.533077,23.566164,23.235294,23.276653,652221.4
2002-01-15,FDO-201507,23.243567,24.40161,23.202208,24.178272,1972380.2
2002-01-16,FDO-201507,24.385065,24.906185,24.145185,24.64976,2068248.9
2002-01-17,FDO-201507,24.732477,25.807804,24.525684,25.725086,2700402
2002-01-18,FDO-201507,25.725086,25.89052,25.31977,25.65064,1149819.8
2002-01-22,FDO-201507,25.766443,26.304106,25.394217,25.476933,2215497.5
2002-01-23,FDO-201507,25.807804,27.213999,25.807804,27.032019,1550098.6
2002-01-24,FDO-201507,27.04029,27.7103,26.692879,26.800411,1867807.2
2002-01-25,FDO-201507,26.676334,27.007206,26.105585,26.304106,1228521.5
2002-01-28,FDO-201507,26.22139,26.825226,26.22139,26.709423,1016836.6
2002-01-29,FDO-201507,26.502628,27.213999,26.345467,26.395096,530239.6
2002-01-30,FDO-201507,26.345467,27.346346,26.130402,27.18091,1134224.4
2002-01-31,FDO-201507,27.346346,28.041172,26.684605,27.90055,1074140.2
2002-02-01,FDO-201507,27.99154,27.99154,27.37943,27.677214,655485.5
2002-02-04,FDO-201507,27.668943,28.016354,26.800411,27.37943,875995.5
2002-02-05,FDO-201507,27.37116,27.693758,27.048563,27.354616,834408.1
2002-02-06,FDO-201507,27.36289,27.644127,27.015476,27.495237,693204.3
2002-02-07,FDO-201507,27.495237,27.917095,26.328922,26.502628,1207002.4
2002-02-08,FDO-201507,26.593618,26.982388,26.18003,26.982388,790040.1
2002-02-11,FDO-201507,27.131279,27.528322,26.907942,27.47042,1344942.1
2002-02-12,FDO-201507,27.586224,27.685488,27.255356,27.46215,751354.1
2002-02-13,FDO-201507,27.668943,27.908825,27.520052,27.7103,407048.97
2002-02-14,FDO-201507,27.917095,27.999811,27.37943,27.536596,628284.4
2002-02-15,FDO-201507,27.213999,27.387705,26.717693,27.255356,489377.56
2002-02-19,FDO-201507,27.048563,27.131279,26.477812,26.568802,578234.44
2002-02-20,FDO-201507,26.775595,27.32153,26.668064,27.255356,826670.94
2002-02-21,FDO-201507,27.445606,27.536596,26.634977,26.84177,626471
2002-02-22,FDO-201507,27.172638,27.263626,26.610159,27.263626,1463297
2002-02-25,FDO-201507,27.296715,27.7103,27.197454,27.693758,680268.7
2002-02-26,FDO-201507,27.693758,28.08253,27.47042,27.933638,409225.06
2002-02-27,FDO-201507,27.958452,28.08253,27.172638,27.28017,819538.2
2002-02-28,FDO-201507,27.46215,27.7103,26.957573,27.164368,1059874.8
2002-03-01,FDO-201507,27.346346,27.486963,26.75078,26.93276,865719.56
2002-03-04,FDO-201507,27.007206,27.329802,26.676334,26.800411,1179317.8
2002-03-05,FDO-201507,26.452997,26.46127,25.228783,25.427303,1699765
2002-03-06,FDO-201507,25.237053,25.352858,24.864824,25.187424,1362109
2002-03-07,FDO-201507,25.435575,25.89052,25.435575,25.865705,1433436.2
2002-03-08,FDO-201507,26.055956,26.337194,25.898792,26.055956,1125036.5
2002-03-11,FDO-201507,26.055956,26.213118,25.683727,26.18003,2014451.2
2002-03-12,FDO-201507,26.18003,26.328922,25.733358,26.262749,448757.3
2002-03-13,FDO-201507,26.192295,26.200583,25.694971,25.88561,915945.75
2002-03-14,FDO-201507,25.935345,26.02652,25.64524,25.653528,2327506
2002-03-15,FDO-201507,25.90219,26.971432,25.83588,26.772503,1167855
2002-03-18,FDO-201507,26.97972,26.97972,26.523842,26.780792,985799.9
2002-03-19,FDO-201507,26.780792,28.596018,26.739347,28.165005,2546116.8
2002-03-20,FDO-201507,27.957787,28.753502,27.80859,28.264467,1184624.8
2002-03-21,FDO-201507,28.305914,28.554575,27.477043,27.642815,1073147.8
2002-03-22,FDO-201507,27.850033,27.883188,27.352713,27.477043,576206.1
2002-03-25,FDO-201507,27.477043,27.767147,27.22838,27.269827,646663.5
2002-03-26,FDO-201507,27.518486,27.559929,27.186937,27.394156,837887.7
2002-03-27,FDO-201507,27.186937,27.80859,27.070896,27.684261,1014634.3
2002-03-28,FDO-201507,27.725704,28.173294,27.278114,27.775434,566433.75
2002-04-01,FDO-201507,27.601372,27.601372,26.440954,27.319557,1038522.25
2002-04-02,FDO-201507,27.31127,27.31127,26.813946,26.822235,795058.25
2002-04-03,FDO-201507,26.689617,26.73106,26.366356,26.482399,852003.25
2002-04-04,FDO-201507,26.482399,26.929989,26.21716,26.780792,720981.5
2002-04-05,FDO-201507,26.73106,27.186937,26.66475,26.954855,429982.97
2002-04-08,FDO-201507,26.85539,27.42731,26.623306,27.31127,397408.5
2002-04-09,FDO-201507,27.601372,28.140139,27.269827,27.684261,774910.4
2002-04-10,FDO-201507,27.974365,28.140139,27.80859,28.057251,1070614.1
2002-04-11,FDO-201507,28.057251,28.803234,27.684261,27.742281,860810.44
2002-04-12,FDO-201507,27.767147,28.430243,27.642815,28.106983,526137.94
2002-04-15,FDO-201507,28.106983,28.3888,27.609663,27.717413,462074.84
2002-04-16,FDO-201507,27.767147,28.596018,27.767147,28.488262,858035.56
2002-04-17,FDO-201507,28.678904,28.844677,28.397087,28.612595,708313.7
2002-04-18,FDO-201507,29.093338,29.283981,28.844677,29.167936,1044554.56
2002-04-19,FDO-201507,29.167936,29.167936,28.513132,28.720348,687562.56
2002-04-22,FDO-201507,28.554575,28.927567,27.974365,28.247892,450492.8
2002-04-23,FDO-201507,28.264467,28.811522,28.098696,28.098696,679961.8
2002-04-24,FDO-201507,28.181581,28.596018,28.015808,28.272758,412368.62
2002-04-25,FDO-201507,28.223024,28.513132,27.792011,28.355644,894591.4
2002-04-26,FDO-201507,28.56286,29.209383,28.471685,28.935854,2338484.8
2002-04-29,FDO-201507,28.596018,29.201092,28.363934,28.69548,498148.03
2002-04-30,FDO-201507,28.63746,28.927567,28.264467,28.678904,910757.94
2002-05-01,FDO-201507,28.678904,28.678904,28.223024,28.537996,766223.8
2002-05-02,FDO-201507,28.58773,29.424887,28.57944,29.027029,899296.56
2002-05-03,FDO-201507,28.96901,29.010452,28.471685,28.670616,933439.44
2002-05-06,FDO-201507,28.877832,29.79788,28.745214,28.745214,642682.2
2002-05-07,FDO-201507,29.134785,29.21767,28.877832,29.01874,673205.6
2002-05-08,FDO-201507,29.21767,29.482908,28.745214,29.109915,994727.7
2002-05-09,FDO-201507,28.902699,29.002165,28.363934,28.803234,989177.94
2002-05-10,FDO-201507,29.167936,29.21767,28.662329,28.811522,865515.6
2002-05-13,FDO-201507,28.811522,29.756437,28.794947,29.424887,1296343.1
2002-05-14,FDO-201507,30.087982,30.87541,29.930498,30.55215,1166165.9
2002-05-15,FDO-201507,30.005096,30.643328,29.996807,30.336643,1061324.4
2002-05-16,FDO-201507,30.129425,30.709635,30.11285,30.477552,592734.6
2002-05-17,FDO-201507,30.402954,30.67648,29.880764,29.955364,1007395.56
2002-05-20,FDO-201507,29.839321,30.320068,29.673548,29.71499,891092.6
2002-05-21,FDO-201507,29.79788,29.822744,29.051895,29.209383,1033093.2
2002-05-22,FDO-201507,29.209383,29.46633,28.803234,29.209383,1105722.1
2002-05-23,FDO-201507,29.176228,29.681837,29.010452,29.59895,480895.66
2002-05-24,FDO-201507,29.59895,30.170872,29.59895,29.955364,580187.44
2002-05-28,FDO-201507,29.963654,30.04654,29.225956,29.640392,1165080.1
2002-05-29,FDO-201507,29.507772,29.839321,29.342001,29.40831,524328.25
2002-05-30,FDO-201507,29.342001,29.507772,28.977297,29.225956,555455
2002-05-31,FDO-201507,29.093338,30.146004,29.076763,29.839321,896401.06
2002-06-03,FDO-201507,29.632105,29.698416,28.861256,29.068472,981939.2
2002-06-04,FDO-201507,29.068472,29.4166,28.770079,29.4166,995813.5
2002-06-05,FDO-201507,29.4166,30.502417,29.242535,30.369799,953346.06
2002-06-06,FDO-201507,30.170872,30.253757,28.910988,29.093338,1087142.6
2002-06-07,FDO-201507,28.471685,29.176228,28.44682,29.109915,760312.2
2002-06-10,FDO-201507,29.424887,30.237179,29.259113,29.947077,1220939.2
2002-06-11,FDO-201507,29.922207,30.56873,29.259113,29.292269,1896195.9
2002-06-12,FDO-201507,29.304726,29.60367,29.113735,29.354548,1033119.75
2002-06-13,FDO-201507,29.43759,29.512325,29.02239,29.288118,802868.56
2002-06-14,FDO-201507,29.080519,29.263206,28.183687,28.52415,1210866
2002-06-17,FDO-201507,28.89783,29.354548,28.441113,29.205076,1156434.2
2002-06-18,FDO-201507,29.354548,29.753141,29.288118,29.470806,1935097.5
2002-06-19,FDO-201507,29.479109,29.852789,29.39607,29.64519,1138009.2
2002-06-20,FDO-201507,29.64519,30.101906,29.014086,29.014086,662333.44
2002-06-21,FDO-201507,28.233513,29.354548,28.233513,28.441113,1127291.5
2002-06-24,FDO-201507,28.449415,29.105429,27.926266,28.358074,1239647.4
2002-06-25,FDO-201507,28.316551,28.565672,27.477852,27.486153,804795.4
2002-06-26,FDO-201507,27.486153,28.81479,26.738798,28.333158,1335143.9
2002-06-27,FDO-201507,28.067432,29.06391,28.067432,28.964264,1379219.1
2002-06-28,FDO-201507,29.06391,30.267986,28.980871,29.27151,1546849.6
2002-07-01,FDO-201507,29.354548,29.852789,29.2466,29.329638,1554677.2
2002-07-02,FDO-201507,29.329638,29.562147,28.756664,28.848007,1545645.5
2002-07-03,FDO-201507,28.848007,29.18847,28.43281,28.922745,864887.06
2002-07-05,FDO-201507,29.130342,30.309505,28.81479,30.02717,311296.72
2002-07-08,FDO-201507,30.018867,30.42576,29.354548,29.512325,557082.6
2002-07-09,FDO-201507,29.562147,30.326115,28.565672,28.565672,879819.7
2002-07-10,FDO-201507,28.482632,29.404373,27.403114,27.793404,1010480
2002-07-11,FDO-201507,27.652233,28.43281,27.112476,28.399593,1307807.5
2002-07-12,FDO-201507,28.399593,28.740055,27.735275,28.034216,1365972.5
2002-07-15,FDO-201507,27.826616,27.834923,24.579763,27.26195,2001090
2002-07-16,FDO-201507,27.26195,27.344988,25.750624,26.049568,1478689.5
2002-07-17,FDO-201507,26.157518,26.780317,24.596373,25.152739,1712914.8
2002-07-18,FDO-201507,25.161041,25.543026,23.915445,23.915445,1822982.5
2002-07-19,FDO-201507,23.458727,25.011572,23.383991,23.965271,1755785.8
2002-07-22,FDO-201507,24.496723,24.812275,23.060137,23.259432,1974235.4
2002-07-23,FDO-201507,23.375687,24.579763,22.94388,24.289125,1994225.9
2002-07-24,FDO-201507,24.081526,27.070955,23.674631,26.929789,1982544.6
2002-07-25,FDO-201507,26.938091,27.527676,25.57624,26.099392,2731945
2002-07-26,FDO-201507,26.099392,26.863356,25.667583,26.032959,1589600.2
2002-07-29,FDO-201507,26.157518,27.776794,25.999743,27.129082,1910169.8
2002-07-30,FDO-201507,26.365118,26.531199,25.360338,25.642672,2528548.2
2002-07-31,FDO-201507,25.244081,25.310513,24.355556,25.152739,1976764.4
2002-08-01,FDO-201507,24.945139,25.127827,24.255909,24.363861,1625607.1
2002-08-02,FDO-201507,24.081526,24.247606,21.507294,21.756413,4008321.8
2002-08-05,FDO-201507,21.756413,22.412426,21.382734,21.49899,2149814
2002-08-06,FDO-201507,21.756413,24.056612,21.756413,23.300951,2251572.5
2002-08-07,FDO-201507,23.417208,24.031702,22.62833,23.201305,1290707.2
2002-08-08,FDO-201507,21.175135,24.081526,21.175135,23.276041,2150777.5
2002-08-09,FDO-201507,23.068441,23.309256,22.171612,22.90236,1111877.2
2002-08-12,FDO-201507,20.759935,21.822845,20.759935,21.590334,1839239.8
2002-08-13,FDO-201507,21.797932,22.362602,21.656765,21.930796,2256750.8
2002-08-14,FDO-201507,21.964012,23.085049,21.64846,23.04353,1266020.2
2002-08-15,FDO-201507,23.251127,24.372166,23.176392,24.040007,2118744.5
2002-08-16,FDO-201507,23.998486,24.00679,23.159784,23.541767,1424137.4
2002-08-19,FDO-201507,23.417208,24.28082,23.168087,24.247606,1601522.2
2002-08-20,FDO-201507,24.123045,24.496723,23.749367,24.230997,886683.9
2002-08-21,FDO-201507,24.289125,24.745842,23.749367,24.255909,923774.56
2002-08-22,FDO-201507,24.081526,24.496723,23.682936,24.496723,852483.4
2002-08-23,FDO-201507,24.413685,24.471811,23.915445,23.973574,1279628.2
2002-08-26,FDO-201507,24.164566,24.446901,23.832407,24.289125,782396.44
2002-08-27,FDO-201507,24.330645,24.413685,23.624807,23.71615,1172691.5
2002-08-28,FDO-201507,23.71615,24.040007,23.599895,23.815798,1145596
2002-08-29,FDO-201507,23.666327,23.757671,22.935577,23.085049,1184854.4
2002-08-30,FDO-201507,23.085049,23.790886,22.91897,23.707846,730734.44
2002-09-03,FDO-201507,23.334167,23.334167,22.653242,22.73628,1277821.9
2002-09-04,FDO-201507,22.83593,23.4006,22.727978,23.31756,1893189.9
2002-09-05,FDO-201507,23.168087,23.251127,22.578506,22.869146,1507471
2002-09-06,FDO-201507,23.076746,23.749367,22.993706,23.350777,1043957.94
2002-09-09,FDO-201507,23.375687,23.707846,22.869146,23.458727,1330086
2002-09-10,FDO-201507,23.624807,23.624807,23.085049,23.458727,888610.6
2002-09-11,FDO-201507,23.658022,23.79919,23.276041,23.292646,565271.5
2002-09-12,FDO-201507,23.388367,23.887762,23.022142,23.24687,990356.94
2002-09-13,FDO-201507,23.097052,23.76291,22.897293,23.305134,947224.8
2002-09-16,FDO-201507,23.363396,23.571478,22.88897,23.013819,1025078.9
2002-09-17,FDO-201507,23.055435,23.638063,23.013819,23.188608,932206.7
2002-09-18,FDO-201507,23.188608,23.596447,22.847355,23.421658,529479.94
2002-09-19,FDO-201507,23.213577,23.463276,22.797413,22.805737,592916.6
2002-09-20,FDO-201507,23.138666,23.263517,22.930586,23.263517,993600.9
2002-09-23,FDO-201507,22.805737,22.972202,22.306341,22.605978,686269.44
2002-09-24,FDO-201507,22.472807,22.605978,22.064966,22.164845,687711.2
2002-09-25,FDO-201507,22.472807,23.305134,22.264725,23.14699,911061.1
2002-09-26,FDO-201507,23.263517,23.929377,23.088728,23.663033,721832.4
2002-09-27,FDO-201507,23.671356,24.428774,23.513214,24.037579,1929171.6
2002-09-30,FDO-201507,23.388367,23.396688,21.74036,22.372927,1924005.4
2002-10-01,FDO-201507,22.472807,22.68089,20.97462,21.76533,2808754.8
2002-10-02,FDO-201507,21.973412,22.22311,20.808155,21.116116,2282518.8
2002-10-03,FDO-201507,22.056644,22.056644,20.808155,20.982943,1199890.1
2002-10-04,FDO-201507,21.007912,21.390783,20.15894,21.232641,1105335.9
2002-10-07,FDO-201507,21.016235,21.091145,19.767746,20.109001,1209381.6
2002-10-08,FDO-201507,20.600073,21.773653,20.225525,21.324198,1316431
2002-10-09,FDO-201507,20.64169,22.056644,20.483547,20.97462,1513469.1
2002-10-10,FDO-201507,20.982943,22.139877,19.984152,21.7903,1724924.8
2002-10-11,FDO-201507,22.098259,23.563154,22.098259,23.180285,1749073.9
2002-10-14,FDO-201507,23.180285,24.387156,23.105375,23.879438,1089476.8
2002-10-15,FDO-201507,24.636854,25.643969,24.636854,25.33601,1808666
2002-10-16,FDO-201507,25.219482,25.302715,24.19572,24.620209,1161203.4
2002-10-17,FDO-201507,24.969786,25.177866,24.653502,24.794998,1466011.8
2002-10-18,FDO-201507,24.794998,25.277746,24.553621,24.986433,848825.9
2002-10-21,FDO-201507,24.961462,25.427565,24.403803,25.385948,1088755.9
2002-10-22,FDO-201507,25.177866,25.261099,24.154106,24.520329,1107859
2002-10-23,FDO-201507,24.345541,24.969786,24.137459,24.953138,1213947.1
2002-10-24,FDO-201507,24.969786,25.552414,24.969786,25.061342,870331.9
2002-10-25,FDO-201507,24.85326,25.968576,24.786674,25.918636,1320876.4
2002-10-28,FDO-201507,26.334799,26.38474,25.277746,25.344332,816026.25
2002-10-29,FDO-201507,25.302715,25.768818,24.720087,25.344332,1427805.6
2002-10-30,FDO-201507,25.33601,25.33601,24.503683,24.87823,1010301.06
2002-10-31,FDO-201507,25.08631,25.768818,24.986433,25.627323,968490.5
2002-11-01,FDO-201507,25.627323,26.318153,25.219482,26.25989,804131.9
2002-11-04,FDO-201507,26.509588,26.601143,25.743849,25.793787,1041899.25
2002-11-05,FDO-201507,25.785465,26.251568,25.660616,25.918636,801008.06
2002-11-06,FDO-201507,26.00187,26.010193,25.177866,25.59403,1202052.8
2002-11-07,FDO-201507,25.677263,25.885344,25.269423,25.677263,1019912.7
2002-11-08,FDO-201507,25.469181,25.810434,24.986433,25.144573,1051390.8
2002-11-11,FDO-201507,25.053019,25.053019,24.345541,24.886553,1282910.5
2002-11-12,FDO-201507,24.886553,25.80211,24.761703,25.469181,715104.25
2002-11-13,FDO-201507,25.177866,25.718878,24.512007,25.535767,1025319.2
2002-11-14,FDO-201507,25.743849,26.45965,25.552414,26.28486,887032.06
2002-11-15,FDO-201507,26.05181,27.008986,26.05181,26.701025,880904.6
2002-11-18,FDO-201507,26.717669,26.717669,25.677263,25.718878,886551.5
2002-11-19,FDO-201507,25.727201,25.752172,24.886553,25.061342,1077582.4
2002-11-20,FDO-201507,25.061342,25.610676,24.179075,25.49415,2982965.2
2002-11-21,FDO-201507,25.80211,26.451326,24.969786,25.452534,3314085.5
2002-11-22,FDO-201507,25.452534,25.960255,24.720087,24.886553,3078360.5
2002-11-25,FDO-201507,25.077988,25.077988,24.220692,24.553621,2153723
2002-11-26,FDO-201507,24.303925,24.312246,23.305134,23.32178,2758894.5
2002-11-27,FDO-201507,23.67968,24.919846,23.588123,24.844936,1305978.4
2002-11-29,FDO-201507,24.85326,24.903198,24.345541,24.5453,540653.44
2002-12-02,FDO-201507,24.720087,25.33601,24.24566,24.49536,1058959.9
2002-12-03,FDO-201507,24.345541,24.345541,23.796206,23.929377,820832.06
2002-12-04,FDO-201507,23.80453,24.2956,23.55483,23.970993,1090197.6
2002-12-05,FDO-201507,24.054226,24.054226,23.355072,23.821177,1453877.1
2002-12-06,FDO-201507,23.638063,24.020933,23.313456,23.970993,987113
2002-12-09,FDO-201507,23.979317,24.170753,23.4716,23.60477,968730.8
2002-12-10,FDO-201507,23.67968,24.095844,23.65471,23.995964,1042259.7
2002-12-11,FDO-201507,23.995964,24.054226,23.60477,23.929377,716305.75
2002-12-12,FDO-201507,24.02531,24.175468,23.691626,23.883493,539431.1
2002-12-13,FDO-201507,23.858469,24.067022,23.35794,24.033653,1366079.2
2002-12-16,FDO-201507,24.033653,25.184866,23.958574,25.126472,1693334.1
2002-12-17,FDO-201507,25.026365,25.026365,24.450758,24.49247,1946866.8
2002-12-18,FDO-201507,24.49247,24.500813,23.658258,23.733337,990275.6
2002-12-19,FDO-201507,23.775047,25.443472,23.733337,25.218233,2647887.5
2002-12-20,FDO-201507,25.36005,25.860579,25.326683,25.643682,1261549.5
2002-12-23,FDO-201507,25.63534,25.677052,24.851181,24.876207,1067833.9
2002-12-24,FDO-201507,24.91792,24.91792,24.64263,24.701023,286737.6
2002-12-26,FDO-201507,24.701023,25.259945,24.701023,25.018023,796799.7
2002-12-27,FDO-201507,25.018023,25.08476,24.784443,25.001339,378680.62
2002-12-30,FDO-201507,25.001339,25.952341,24.68434,25.860579,911998.2
2002-12-31,FDO-201507,25.777157,26.152552,25.526894,26.03576,1407555.6
2003-01-02,FDO-201507,25.902288,26.819923,25.777157,26.53629,2395433.8
2003-01-03,FDO-201507,26.527946,26.53629,26.11084,26.444527,1175360.5
2003-01-06,FDO-201507,26.319393,26.686447,26.194262,26.369448,993392.4
2003-01-07,FDO-201507,26.369448,26.611368,26.06913,26.327736,1297152
2003-01-08,FDO-201507,26.261,26.636395,26.11084,26.21929,1863434.8
2003-01-09,FDO-201507,26.361105,26.945053,25.652025,25.935658,3398056.2
2003-01-10,FDO-201507,25.777157,26.119183,25.301655,25.693735,1354092
2003-01-13,FDO-201507,26.11084,26.286026,25.568604,26.119183,1639870.5
2003-01-14,FDO-201507,26.127525,26.594685,25.918972,26.22763,1525271.4
2003-01-15,FDO-201507,26.21929,26.527946,25.952341,26.210947,1056925.4
2003-01-16,FDO-201507,26.277683,26.628054,26.06079,26.511263,1205688.5
2003-01-17,FDO-201507,26.511263,26.686447,26.352762,26.552975,828206.56
2003-01-21,FDO-201507,26.7365,26.786554,25.485182,25.543577,841512.5
2003-01-22,FDO-201507,25.535236,25.860579,25.343365,25.43513,864887.9
2003-01-23,FDO-201507,25.493525,26.235973,25.335024,26.210947,828925.8
2003-01-24,FDO-201507,26.210947,26.344421,25.234919,25.326683,1333953.1
2003-01-27,FDO-201507,25.193209,25.601973,24.392365,24.759418,1002023.25
2003-01-28,FDO-201507,24.859522,25.268288,24.776102,25.251604,597689.7
2003-01-29,FDO-201507,25.068075,25.451815,24.450758,25.168182,900130.7
2003-01-30,FDO-201507,25.184866,25.668709,24.73439,24.80947,691670.56
2003-01-31,FDO-201507,24.72605,25.460155,24.667654,25.126472,840074.06
2003-02-03,FDO-201507,25.126472,25.551918,25.034708,25.343365,588699.1
2003-02-04,FDO-201507,25.176523,25.176523,24.559208,25.151497,1221751.5
2003-02-05,FDO-201507,25.151497,25.43513,24.617601,24.650969,1160735.9
2003-02-06,FDO-201507,24.484127,25.168182,24.233864,24.80947,1927567.1
2003-02-07,FDO-201507,25.15984,25.493525,24.409048,24.776102,1641069.2
2003-02-10,FDO-201507,24.776102,24.859522,24.01697,24.041994,1782759.9
2003-02-11,FDO-201507,24.092047,24.4591,23.858469,24.117075,1063997.9
2003-02-12,FDO-201507,24.117075,24.509153,23.883493,23.883493,759519
2003-02-13,FDO-201507,23.891836,24.02531,23.141047,23.558151,1248843
2003-02-14,FDO-201507,23.483072,24.567549,23.274519,24.567549,1012692
2003-02-18,FDO-201507,24.609259,25.176523,24.484127,24.801128,665538.1
2003-02-19,FDO-201507,24.801128,24.876207,24.158785,24.267233,573954.7
2003-02-20,FDO-201507,24.267233,24.267233,23.574837,23.900179,1725460.2
2003-02-21,FDO-201507,23.950232,24.400707,23.841784,24.041994,1097802.2
2003-02-24,FDO-201507,24.041994,24.041994,23.274519,23.341257,1383940.5
2003-02-25,FDO-201507,23.341257,23.741678,22.88244,23.724995,1365479.9
2003-02-26,FDO-201507,23.724995,24.083706,23.491415,23.816757,876275.9
2003-02-27,FDO-201507,23.9836,24.183811,23.791733,23.975258,914875.1
2003-02-28,FDO-201507,23.975258,24.01697,23.382969,23.541468,2235162.8
2003-03-03,FDO-201507,23.541468,23.775047,23.074308,23.207783,1331196.1
2003-03-04,FDO-201507,23.141047,23.149387,22.356886,22.398598,1342464.2
2003-03-05,FDO-201507,22.398598,22.398598,21.239042,22.139992,3624497.5
2003-03-06,FDO-201507,22.148333,23.466389,22.023201,23.35794,2889792.2
2003-03-07,FDO-201507,23.366283,23.608204,22.398598,23.499758,2179301.8
2003-03-10,FDO-201507,23.35794,23.483072,23.040941,23.182756,943165.3
2003-03-11,FDO-201507,23.024256,23.39965,22.465334,22.465334,1092887.4
2003-03-12,FDO-201507,22.469517,22.62846,22.168362,22.33567,1863983
2003-03-13,FDO-201507,22.502977,23.372982,22.502977,23.372982,1631478.2
2003-03-14,FDO-201507,23.406443,24.008755,23.306059,23.665773,1615101.2
2003-03-17,FDO-201507,23.665773,24.987509,23.473366,24.862026,2203117.2
2003-03-18,FDO-201507,24.887123,25.096258,24.468853,24.887123,1364546
2003-03-19,FDO-201507,24.970778,25.263567,23.975292,24.669622,2288349
2003-03-20,FDO-201507,24.677988,24.937315,24.00039,24.895489,1289116.5
2003-03-21,FDO-201507,25.263567,26.125204,24.91222,26.05828,1648452.9
2003-03-24,FDO-201507,25.51453,25.547993,24.72818,25.096258,1953040.1
2003-03-25,FDO-201507,25.096258,25.773857,25.012604,25.673473,1032106.06
2003-03-26,FDO-201507,25.723665,26.192127,25.681839,25.966263,1828718.8
2003-03-27,FDO-201507,25.849146,26.250687,25.614916,26.066647,1917058.6
2003-03-28,FDO-201507,26.016455,26.250687,25.815685,26.141935,1101678.1
2003-03-31,FDO-201507,26.016455,26.150301,25.455973,25.832415,1108252.9
2003-04-01,FDO-201507,25.9328,26.05828,25.564722,26.00809,1349962.1
2003-04-02,FDO-201507,26.267416,27.095592,26.242321,27.003572,1094744.9
2003-04-03,FDO-201507,27.605885,27.856846,27.204344,27.430212,1481814.5
2003-04-04,FDO-201507,27.472038,27.480402,26.635496,26.811169,1540628
2003-04-07,FDO-201507,27.39675,27.605885,26.602034,26.861362,1671524.1
2003-04-08,FDO-201507,26.727516,26.819536,26.183762,26.760977,1172684.8
2003-04-09,FDO-201507,26.685688,26.752611,26.033186,26.217224,704567.2
2003-04-10,FDO-201507,26.217224,27.06213,26.150301,27.020304,1283737.1
2003-04-11,FDO-201507,27.982328,28.233292,27.656078,27.706268,1754365.1
2003-04-14,FDO-201507,27.81502,28.183098,27.572422,28.116175,977356.8
2003-04-15,FDO-201507,28.325312,28.768677,28.10781,28.6181,1039158.9
2003-04-16,FDO-201507,28.52608,28.768677,28.082712,28.408964,1773850.1
2003-04-17,FDO-201507,28.442427,28.935986,28.38387,28.80214,894157.2
2003-04-21,FDO-201507,28.80214,28.877428,28.4006,28.52608,648144.44
2003-04-22,FDO-201507,28.534447,29.136757,28.358774,28.860697,1658135.6
2003-04-23,FDO-201507,28.609735,28.609735,28.191463,28.342043,1503451.2
2003-04-24,FDO-201507,28.342043,28.442427,27.881945,28.099443,870368.8
2003-04-25,FDO-201507,28.024155,28.19983,27.639347,27.748095,587776.9
2003-04-28,FDO-201507,27.689537,28.576273,27.547327,28.517715,763739.3
2003-04-29,FDO-201507,28.52608,28.91089,28.233292,28.609735,783822
2003-04-30,FDO-201507,28.609735,28.885792,28.266754,28.601368,1237953.5
2003-05-01,FDO-201507,28.601368,28.601368,27.59752,27.965597,985963.7
2003-05-02,FDO-201507,27.97396,28.392233,27.773193,28.21656,655197.25
2003-05-05,FDO-201507,28.266754,28.417332,27.940502,28.057617,717836.06
2003-05-06,FDO-201507,28.10781,28.609735,28.06598,28.593004,1362872.5
2003-05-07,FDO-201507,28.593004,28.777044,28.30858,28.375502,1046570.4
2003-05-08,FDO-201507,28.375502,28.768677,27.97396,28.040886,1197310
2003-05-09,FDO-201507,27.99906,28.250023,27.622616,28.208195,710066
2003-05-12,FDO-201507,28.29185,29.948202,28.007423,29.764164,1469262.9
2003-05-13,FDO-201507,29.379353,29.680508,29.120026,29.580124,1423718.2
2003-05-14,FDO-201507,29.755796,29.755796,29.036371,29.278969,1332150.8
2003-05-15,FDO-201507,29.195314,29.320795,28.534447,28.793772,1013816.44
2003-05-16,FDO-201507,28.843966,28.94435,28.500984,28.94435,813348.3
2003-05-19,FDO-201507,28.735214,28.777044,28.149637,28.358774,813946
2003-05-20,FDO-201507,28.4006,28.701756,28.158003,28.275118,575344.75
2003-05-21,FDO-201507,28.10781,28.325312,27.915403,28.141272,649698.44
2003-05-22,FDO-201507,28.21656,28.760313,28.040886,28.63483,735767.06
2003-05-23,FDO-201507,28.56791,28.56791,28.04925,28.191463,929660.5
2003-05-27,FDO-201507,27.940502,28.56791,27.81502,28.52608,1525805.1
2003-05-28,FDO-201507,28.735214,29.780891,28.735214,29.404451,1223369.6
2003-05-29,FDO-201507,29.613586,30.073685,29.613586,29.85618,1324619.8
2003-05-30,FDO-201507,29.85618,30.60907,29.764164,30.491955,3708839.8
2003-06-02,FDO-201507,30.575607,30.82657,30.040222,30.140606,1493888
2003-06-03,FDO-201507,30.11551,30.199163,29.739065,30.11551,1312665.8
2003-06-04,FDO-201507,30.11551,30.709454,30.00676,30.391571,2036359.4
2003-06-05,FDO-201507,30.28282,31.763498,29.998394,31.378687,1752332.9
2003-06-06,FDO-201507,31.571095,31.830421,31.060804,31.161188,1185236.4
2003-06-09,FDO-201507,31.19465,31.61292,30.51705,30.667627,836180.44
2003-06-10,FDO-201507,31.203014,31.5209,31.0859,31.28667,653165.06
2003-06-11,FDO-201507,31.370323,32.390903,31.328497,32.190132,1329879.5
2003-06-12,FDO-201507,32.521214,32.521214,31.683037,32.001545,806513.56
2003-06-13,FDO-201507,32.437397,32.470924,31.59922,31.959637,785515.56
2003-06-16,FDO-201507,32.22785,32.856483,31.9764,32.59665,792912.6
2003-06-17,FDO-201507,32.537975,32.54636,32.068596,32.244617,641870.25
2003-06-18,FDO-201507,32.244617,32.353577,31.842293,32.253,443224.56
2003-06-19,FDO-201507,32.31167,32.521214,31.557312,31.766857,888358
2003-06-20,FDO-201507,31.850672,31.850672,31.331005,31.50702,1123988.9
2003-06-23,FDO-201507,31.481876,31.490257,31.180132,31.347769,876665.94
2003-06-24,FDO-201507,31.35615,31.808765,31.096313,31.683037,1078294.4
2003-06-25,FDO-201507,31.683037,32.320053,30.861626,31.99316,1783755.1
2003-06-26,FDO-201507,31.431585,31.766857,31.138226,31.724945,1354250.9
2003-06-27,FDO-201507,31.683037,32.185944,31.657892,31.808765,920570.8
2003-06-30,FDO-201507,31.850672,32.219467,31.481876,31.9764,1111223
2003-07-01,FDO-201507,31.9764,31.9764,31.22204,31.565693,1272883.6
2003-07-02,FDO-201507,31.565693,31.850672,31.364529,31.808765,1001938
2003-07-03,FDO-201507,31.750092,32.16918,31.389677,31.934488,436782
2003-07-07,FDO-201507,32.345196,32.98221,32.253,32.479305,843379.4
2003-07-08,FDO-201507,32.39549,33.116318,32.11889,33.08279,831806.6
2003-07-09,FDO-201507,33.08279,33.527023,32.638557,32.688847,1395173
2003-07-10,FDO-201507,32.479305,32.797813,31.724945,32.051838,1349120.6
2003-07-11,FDO-201507,32.14403,32.814575,32.14403,32.479305,747337.44
2003-07-14,FDO-201507,32.688847,32.9403,32.320053,32.46254,947056.94
2003-07-15,FDO-201507,32.64694,32.688847,32.14403,32.320053,823932.4
2003-07-16,FDO-201507,32.152416,32.21109,31.808765,31.968018,989649.44
2003-07-17,FDO-201507,31.850672,32.009926,31.590837,31.758472,774181.44
2003-07-18,FDO-201507,31.263948,31.439964,31.146605,31.347769,1175887.2
2003-07-21,FDO-201507,31.641129,31.641129,31.02926,31.12146,900646.6
2003-07-22,FDO-201507,31.138226,31.45673,30.945442,31.364529,1140811.1
2003-07-23,FDO-201507,31.347769,31.347769,30.425774,30.526354,1984548.4
2003-07-24,FDO-201507,30.635317,30.761045,30.006685,30.417393,1717778.5
2003-07-25,FDO-201507,30.509592,30.660465,29.964777,30.509592,1411995.2
2003-07-28,FDO-201507,30.484446,30.861626,30.392246,30.719137,1012556.3
2003-07-29,FDO-201507,30.761045,31.473494,30.635317,31.289097,1842931.2
2003-07-30,FDO-201507,31.54893,31.842293,30.88677,31.012497,1443253.6
2003-07-31,FDO-201507,31.22204,31.842293,31.054405,31.439964,665493
2003-08-01,FDO-201507,31.439964,31.766857,31.280712,31.473494,849941.25
2003-08-04,FDO-201507,31.683037,31.968018,31.35615,31.909344,1273718.8
2003-08-05,FDO-201507,31.59922,31.733328,31.196898,31.263948,1096906.2
2003-08-06,FDO-201507,31.263948,31.615984,31.054405,31.582457,1060637
2003-08-07,FDO-201507,31.473494,31.624365,30.970589,31.163368,1148088.8
2003-08-08,FDO-201507,31.205276,31.339384,31.12146,31.314241,764040.4
2003-08-11,FDO-201507,31.381292,31.381292,31.230421,31.347769,782890.9
2003-08-12,FDO-201507,31.347769,31.934488,31.347769,31.934488,760580.5
2003-08-13,FDO-201507,31.934488,32.127274,31.867437,31.942873,565156.06
2003-08-14,FDO-201507,31.951252,32.152416,31.683037,31.9764,619917.8
2003-08-15,FDO-201507,31.9764,32.185944,31.724945,32.001545,300175.75
2003-08-18,FDO-201507,31.89258,32.328434,31.875816,32.26976,812956.1
2003-08-19,FDO-201507,32.353577,32.630177,32.14403,32.62179,689115.75
2003-08-20,FDO-201507,32.638557,32.755905,32.470924,32.55474,712141.94
2003-08-21,FDO-201507,32.688847,32.730755,32.445778,32.68047,540459.56
2003-08-22,FDO-201507,32.814575,32.814575,32.496067,32.73914,763443.9
2003-08-25,FDO-201507,32.772663,32.856483,32.26976,32.479305,538312
2003-08-26,FDO-201507,32.437397,32.915157,32.185944,32.915157,480209.62
2003-08-27,FDO-201507,32.957066,33.233665,32.906773,33.17499,653443
2003-08-28,FDO-201507,33.443207,33.912582,33.35101,33.73657,1454349.2
2003-08-29,FDO-201507,33.69466,33.76171,33.376152,33.627605,991319.75
2003-09-02,FDO-201507,33.627605,34.105362,33.40968,33.988018,1549675.2
2003-09-03,FDO-201507,34.0886,34.298145,33.820385,34.113747,1124227.4
2003-09-04,FDO-201507,34.155655,34.281384,33.55217,34.281384,1017925.1
2003-09-05,FDO-201507,34.281384,34.281384,33.786858,33.937733,1120409.6
2003-09-08,FDO-201507,33.97964,34.07184,33.56893,33.711422,811166.56
2003-09-09,FDO-201507,33.711422,33.75333,33.384537,33.40968,1380379
2003-09-10,FDO-201507,33.401295,33.677895,33.183372,33.191753,1133175.5
2003-09-11,FDO-201507,33.590645,33.825775,33.489872,33.699814,1063510.5
2003-09-12,FDO-201507,33.674618,34.296047,33.044796,34.237263,778192.9
2003-09-15,FDO-201507,34.136494,34.312843,33.96014,34.14489,795697.75
2003-09-16,FDO-201507,34.24566,34.71593,34.161686,34.64035,1302267.4
2003-09-17,FDO-201507,34.71593,34.8251,34.396816,34.665543,616719.4
2003-09-18,FDO-201507,34.472397,34.951065,34.363228,34.89228,1039456.1
2003-09-19,FDO-201507,34.85869,35.14421,34.68234,35.03504,1173422
2003-09-22,FDO-201507,34.657146,34.741123,34.4556,34.522785,591950.56
2003-09-23,FDO-201507,34.522785,35.219788,34.522785,35.219788,739372.56
2003-09-24,FDO-201507,35.270176,35.270176,34.732727,34.791508,844878.1
2003-09-25,FDO-201507,34.749523,35.093826,34.648746,34.657146,1027786.2
2003-09-26,FDO-201507,34.68234,34.749523,34.304443,34.312843,1102330.8
2003-09-29,FDO-201507,34.405216,34.53958,33.84257,34.02732,822729.1
2003-09-30,FDO-201507,34.00213,34.00213,33.254734,33.49827,1625571.8
2003-10-01,FDO-201507,33.548656,34.57317,33.548656,34.514385,1351805
2003-10-02,FDO-201507,33.88456,34.20367,33.296726,34.20367,1852420.6
2003-10-03,FDO-201507,34.68234,35.06863,34.489193,34.665543,851189.44
2003-10-06,FDO-201507,34.808304,35.379345,34.413612,34.95946,1184496.5
2003-10-07,FDO-201507,34.95946,35.30377,34.514385,35.1862,764974.94
2003-10-08,FDO-201507,34.976257,34.976257,34.472397,34.749523,647799.44
2003-10-09,FDO-201507,34.749523,35.606083,34.749523,35.606083,1697496.5
2003-10-10,FDO-201507,35.698456,35.774033,35.00145,35.02664,841901.1
2003-10-13,FDO-201507,35.236584,35.75724,35.219788,35.446526,562418.5
2003-10-14,FDO-201507,35.606083,35.891605,35.060234,35.891605,737705.44
2003-10-15,FDO-201507,35.891605,35.891605,35.051838,35.29537,993133.7
2003-10-16,FDO-201507,35.30377,35.858013,35.02664,35.72365,849641.4
2003-10-17,FDO-201507,35.765636,35.765636,35.060234,35.169403,518239.56
2003-10-20,FDO-201507,35.522106,35.522106,35.060234,35.29537,616600.25
2003-10-21,FDO-201507,35.29537,35.64807,35.018246,35.219788,717342.6
2003-10-22,FDO-201507,35.060234,35.093826,34.665543,34.90068,628151.1
2003-10-23,FDO-201507,34.90068,35.152607,34.514385,34.875484,1032906.7
2003-10-24,FDO-201507,34.883884,34.96786,34.153286,34.707535,634938.7
2003-10-27,FDO-201507,34.93427,35.354153,34.86709,35.018246,518596.78
2003-10-28,FDO-201507,35.270176,35.56409,34.94267,35.522106,686500.7
2003-10-29,FDO-201507,35.530502,36.126736,35.337357,36.04276,632318.94
2003-10-30,FDO-201507,36.2527,36.31988,35.774033,36.025967,1436709.6
2003-10-31,FDO-201507,36.025967,36.739765,35.983974,36.6222,977653.2
2003-11-03,FDO-201507,36.6222,37.05888,36.496235,36.563416,642265.75
2003-11-04,FDO-201507,36.563416,36.563416,35.774033,35.782433,833014.1
2003-11-05,FDO-201507,35.782433,35.97558,35.39614,35.9,642917.1
2003-11-06,FDO-201507,35.9,35.9,35.169403,35.740444,956814.06
2003-11-07,FDO-201507,35.740444,36.059555,35.354153,35.488514,633033.44
2003-11-10,FDO-201507,35.354153,35.412933,34.86709,34.951065,707935.25
2003-11-11,FDO-201507,34.833496,35.43813,34.8251,34.93427,783313.4
2003-11-12,FDO-201507,34.976257,35.169403,34.850292,35.11902,495376.03
2003-11-13,FDO-201507,34.93427,34.93427,33.741802,33.79219,1982218.6
2003-11-14,FDO-201507,33.84257,34.25406,33.120373,33.13717,1214743
2003-11-17,FDO-201507,33.13717,33.204353,32.431767,32.902035,1293217.2
2003-11-18,FDO-201507,33.221146,33.506668,32.39818,32.48215,901441.5
2003-11-19,FDO-201507,32.574528,32.574528,31.995087,32.381382,1016235.4
2003-11-20,FDO-201507,32.381382,32.893635,32.16304,32.255417,1194618.4
2003-11-21,FDO-201507,32.330994,32.876842,32.255417,32.64171,701504.9
2003-11-24,FDO-201507,32.74248,33.439484,32.74248,33.414295,773906
2003-11-25,FDO-201507,32.41497,32.70049,32.16304,32.280605,1521614.2
2003-11-26,FDO-201507,32.280605,32.540936,32.03708,32.45696,1239630.9
2003-11-28,FDO-201507,32.498947,32.750877,32.21343,32.39818,357123.25
2003-12-01,FDO-201507,32.70889,32.70889,32.12105,32.41497,1216172
2003-12-02,FDO-201507,32.372982,32.372982,31.197311,31.205708,1647006.2
2003-12-03,FDO-201507,31.373661,31.785145,30.567488,31.155321,2288137.2
2003-12-04,FDO-201507,31.121733,31.130129,27.61151,29.181871,8043192
2003-12-05,FDO-201507,28.552048,29.198668,27.989405,28.090176,3915614.2
2003-12-08,FDO-201507,28.803976,30.114012,28.594034,29.517778,4244872.5
2003-12-09,FDO-201507,29.181871,29.349825,28.216139,28.442877,2844482.5
2003-12-10,FDO-201507,28.61923,28.761988,28.14056,28.300117,1607709.6
2003-12-11,FDO-201507,28.447403,29.162798,28.413736,28.775642,1138849.1
2003-12-12,FDO-201507,29.078632,29.246962,28.792475,29.112299,1277031.9
2003-12-15,FDO-201507,29.373207,29.448956,28.32116,28.380074,2301461.2
2003-12-16,FDO-201507,27.184944,27.942421,26.932453,27.47952,4035815
2003-12-17,FDO-201507,28.026583,29.238546,27.647844,28.99447,2219478.5
2003-12-18,FDO-201507,30.913406,30.913406,28.279074,29.188046,3189490.2
2003-12-19,FDO-201507,29.499453,29.541533,28.607317,28.99447,1884655.6
2003-12-22,FDO-201507,28.691479,29.20488,28.624146,29.0618,940545.56
2003-12-23,FDO-201507,29.179628,29.347956,28.826141,29.20488,957298.6
2003-12-24,FDO-201507,29.078632,29.27221,28.826141,29.230127,287652.97
2003-12-26,FDO-201507,29.339542,29.634113,29.171213,29.499453,357397.8
2003-12-29,FDO-201507,29.66778,29.861357,29.53312,29.768776,1360084
2003-12-30,FDO-201507,29.768776,30.004436,29.684614,29.979185,732261.56
2003-12-31,FDO-201507,29.92869,30.214848,29.878191,30.198013,953140.06
2004-01-02,FDO-201507,30.046518,30.130682,28.741978,28.851389,1394540.6
2004-01-05,FDO-201507,28.851389,29.103884,28.169664,28.422155,2456397
2004-01-06,FDO-201507,28.57365,28.826141,28.548399,28.809309,2406256.8
2004-01-07,FDO-201507,28.817726,29.83611,28.78406,29.541533,2180269.2
2004-01-08,FDO-201507,29.66778,30.0886,29.390038,29.474203,2307283.2
2004-01-09,FDO-201507,29.289042,29.289042,28.868223,28.96922,963239.4
2004-01-12,FDO-201507,29.03655,29.356375,28.32116,28.497902,1419254.2
2004-01-13,FDO-201507,28.363241,28.598898,27.84984,28.15283,1935508.8
2004-01-14,FDO-201507,28.135998,28.952389,28.102331,28.775642,2167199.5
2004-01-15,FDO-201507,28.775642,28.775642,27.774092,28.33799,2867262
2004-01-16,FDO-201507,28.346407,28.666231,28.262245,28.539984,1630271.1
2004-01-20,FDO-201507,28.699894,28.78406,27.967669,28.15283,1193029.1
2004-01-21,FDO-201507,28.279074,28.885056,28.102331,28.885056,1944420
2004-01-22,FDO-201507,29.331123,30.652496,29.331123,29.92869,2994513.8
2004-01-23,FDO-201507,30.080185,30.425257,29.743528,29.970772,1367094.1
2004-01-26,FDO-201507,30.130682,30.526253,29.82769,30.198013,1224871.8
2004-01-27,FDO-201507,30.29901,30.467339,30.029686,30.071766,1487929.9
2004-01-28,FDO-201507,30.113848,30.341091,29.230127,29.29746,1596527.4
2004-01-29,FDO-201507,29.66778,30.29901,29.044966,29.516285,1974361.5
2004-01-30,FDO-201507,29.465786,29.76036,28.99447,29.15438,1927667
2004-02-02,FDO-201507,29.289042,29.861357,28.96922,29.112299,1512762.2
2004-02-03,FDO-201507,28.78406,29.246962,28.57365,28.960804,1871823.5
2004-02-04,FDO-201507,28.868223,29.398457,28.708313,29.322708,1626825.5
2004-02-05,FDO-201507,30.164349,30.753496,30.122267,30.71983,2475170
2004-02-06,FDO-201507,30.55992,31.132235,30.5515,30.888159,1679223.2
2004-02-09,FDO-201507,30.888159,31.43522,30.5515,31.199564,1613399.2
2004-02-10,FDO-201507,31.056486,31.898125,31.056486,31.881292,1866714.5
2004-02-11,FDO-201507,31.83921,31.982288,31.426805,31.69613,2136188.5
2004-02-12,FDO-201507,33.034336,33.37941,31.990704,33.152164,3800678.8
2004-02-13,FDO-201507,33.244747,33.244747,32.23478,32.403107,1297111.8
2004-02-17,FDO-201507,32.69768,32.97542,32.15903,32.56302,1636093.1
2004-02-18,FDO-201507,32.613518,32.84076,32.1927,32.44519,1127442.8
2004-02-19,FDO-201507,32.79868,33.12692,32.504105,32.58827,985695.56
2004-02-20,FDO-201507,32.571438,32.72293,31.628801,32.436775,1113184.9
2004-02-23,FDO-201507,32.44519,32.56302,31.81396,31.881292,914287.3
2004-02-24,FDO-201507,31.729797,32.26003,31.712963,32.201115,892662.8
2004-02-25,FDO-201507,32.318947,32.39469,31.670883,31.738213,1259803.5
2004-02-26,FDO-201507,31.763464,31.973873,31.359474,31.90654,756737.6
2004-02-27,FDO-201507,32.02437,32.310528,31.620382,32.015953,875553.4
2004-03-01,FDO-201507,32.007538,32.596684,31.898125,32.44519,804263.94
2004-03-02,FDO-201507,32.529354,32.53777,31.93179,32.032787,875909.8
2004-03-03,FDO-201507,32.032787,32.100117,31.645632,31.69613,893375.75
2004-03-04,FDO-201507,31.69613,31.69613,31.157482,31.266895,1634310.9
2004-03-05,FDO-201507,30.938654,31.308977,30.888159,31.165897,2155080.2
2004-03-08,FDO-201507,31.14065,31.367891,31.056486,31.149063,935317.7
2004-03-09,FDO-201507,31.056486,31.149063,30.795576,30.837658,1271804
2004-03-10,FDO-201507,30.904991,30.97232,30.097015,30.282177,1396204
2004-03-11,FDO-201507,29.948942,30.370758,29.695852,29.974249,1116363.4
2004-03-12,FDO-201507,29.889887,30.328577,29.797089,30.286396,968668.6
2004-03-15,FDO-201507,30.286396,30.286396,28.936583,29.417452,1597378.6
2004-03-16,FDO-201507,29.780214,29.780214,28.776293,29.054691,1022246.5
2004-03-17,FDO-201507,29.527126,29.636799,29.088436,29.139055,803312.2
2004-03-18,FDO-201507,28.953455,29.037817,28.472586,28.835348,1270221.9
2004-03-19,FDO-201507,28.81004,28.91971,27.966408,28.05077,1772455
2004-03-22,FDO-201507,28.211058,28.346039,27.679573,27.763935,1148130.8
2004-03-23,FDO-201507,29.527126,29.603052,28.59913,28.59913,2727255
2004-03-24,FDO-201507,28.683493,29.020948,28.253242,28.987202,1395394.9
2004-03-25,FDO-201507,29.046255,29.948942,28.978764,29.847706,1256945.9
2004-03-26,FDO-201507,29.67898,29.813961,29.451199,29.552433,643526.94
2004-03-29,FDO-201507,29.695852,30.277958,29.670542,30.126104,628235.9
2004-03-30,FDO-201507,30.033304,30.176723,29.830833,30.15985,915564.9
2004-03-31,FDO-201507,30.15985,30.429811,30.067049,30.328577,705757.8
2004-04-01,FDO-201507,29.527126,29.788652,29.037817,29.510252,1729426.8
2004-04-02,FDO-201507,29.948942,29.991123,29.18967,29.459633,2220636
2004-04-05,FDO-201507,29.358398,29.49338,29.004074,29.265598,966060.9
2004-04-06,FDO-201507,29.037817,29.19811,28.87753,28.97033,1515945
2004-04-07,FDO-201507,28.978764,29.527126,28.750986,29.366837,1270933
2004-04-08,FDO-201507,29.274036,29.274036,28.244804,28.303858,3042913.8
2004-04-12,FDO-201507,28.09295,28.514767,27.89048,27.949533,1330556.2
2004-04-13,FDO-201507,27.949533,28.219496,27.080591,27.156519,2079105.1
2004-04-14,FDO-201507,27.156519,27.232445,26.802195,26.827501,1787390.4
2004-04-15,FDO-201507,27.24932,27.51928,27.03841,27.392736,1663758.2
2004-04-16,FDO-201507,27.79768,28.337605,27.586773,28.303858,2031691.1
2004-04-19,FDO-201507,27.856735,28.126696,27.637388,27.789242,1147893.6
2004-04-20,FDO-201507,27.755499,28.152004,27.31681,27.392736,1181913.2
2004-04-21,FDO-201507,27.18183,27.51928,27.080591,27.485537,978151.44
2004-04-22,FDO-201507,27.493973,27.831427,27.215572,27.780807,1538229.6
2004-04-23,FDO-201507,27.780807,28.168877,27.569899,28.067642,1137462.5
2004-04-26,FDO-201507,27.966408,28.09295,26.979357,27.232445,1595008
2004-04-27,FDO-201507,27.232445,27.814554,27.207138,27.79768,1181320.5
2004-04-28,FDO-201507,27.569899,27.628954,27.299938,27.485537,1257538.6
2004-04-29,FDO-201507,27.443354,27.628954,26.658777,26.987793,1370976.6
2004-04-30,FDO-201507,26.987793,27.198702,26.540667,27.114338,1629857.2
2004-05-03,FDO-201507,27.080591,27.367426,26.726267,27.004663,1621559.8
2004-05-04,FDO-201507,27.004663,27.105902,26.616594,27.029976,1750644.5
2004-05-05,FDO-201507,26.962482,27.18183,26.700958,27.013102,1175986.5
2004-05-06,FDO-201507,25.098057,25.578926,24.785912,24.895586,7062912.5
2004-05-07,FDO-201507,24.86184,25.351147,24.490643,24.575005,2340949.2
2004-05-10,FDO-201507,24.456896,24.532824,24.203808,24.397842,2588569
2004-05-11,FDO-201507,24.423151,24.507513,24.051952,24.119444,1755741.5
2004-05-12,FDO-201507,23.908535,23.908535,22.364689,23.199884,6051571
2004-05-13,FDO-201507,24.254425,24.254425,22.997414,23.6217,3087838.8
2004-05-14,FDO-201507,23.706064,24.001335,23.410793,23.731373,1895138.8
2004-05-17,FDO-201507,23.663881,23.680754,23.250502,23.604828,2205937.8
2004-05-18,FDO-201507,23.663881,23.992899,23.495155,23.992899,1519975.2
2004-05-19,FDO-201507,24.170061,24.853403,24.161625,24.212244,2768979.2
2004-05-20,FDO-201507,24.203808,24.47377,24.12788,24.440023,1638747.4
2004-05-21,FDO-201507,24.482206,25.123365,24.482206,24.895586,2003954
2004-05-24,FDO-201507,25.106493,25.393328,24.971512,25.098057,1774114.5
2004-05-25,FDO-201507,24.971512,26.220087,24.785912,26.177906,2667513.2
2004-05-26,FDO-201507,26.152597,26.37194,26.068233,26.363504,2204159.8
2004-05-27,FDO-201507,26.827501,27.240883,26.498486,26.776884,2100441.5
2004-05-28,FDO-201507,26.658777,26.700958,26.42256,26.456305,881545.3
2004-06-01,FDO-201507,26.447868,26.700958,26.287579,26.55754,1192462.9
2004-06-02,FDO-201507,26.616594,27.122776,26.51536,27.122776,1387097.4
2004-06-03,FDO-201507,27.03841,27.232445,26.700958,26.987793,1600460.5
2004-06-04,FDO-201507,27.105902,27.628954,27.055283,27.392736,1201353
2004-06-07,FDO-201507,27.392736,28.388224,27.283064,28.303858,2791026.8
2004-06-08,FDO-201507,28.135132,28.346039,27.924223,28.160442,1597971.4
2004-06-09,FDO-201507,28.160442,28.683493,28.025461,28.497894,1867638.6
2004-06-10,FDO-201507,28.497894,28.556948,28.244804,28.556948,1470072
2004-06-14,FDO-201507,28.121386,28.12984,27.461697,27.639305,1465434.6
2004-06-15,FDO-201507,27.740793,28.12984,27.732338,27.99452,1440013.5
2004-06-16,FDO-201507,28.00298,28.00298,27.436321,27.571642,1000170.3
2004-06-17,FDO-201507,27.613932,27.99452,27.233341,27.799997,869281.5
2004-06-18,FDO-201507,27.715422,27.960691,27.44478,27.673136,777765.75
2004-06-21,FDO-201507,27.673136,27.732338,26.962698,26.979614,1681217.9
2004-06-22,FDO-201507,26.641312,26.649769,25.964708,26.19306,3563439.5
2004-06-23,FDO-201507,26.201519,27.470152,25.98162,27.360203,2770894
2004-06-24,FDO-201507,27.317917,27.64776,26.607481,26.895039,2507224.5
2004-06-25,FDO-201507,26.903496,27.148764,26.751259,26.962698,1750386.8
2004-06-28,FDO-201507,26.996529,27.436321,26.505991,26.573652,1430554.5
2004-06-29,FDO-201507,26.47216,26.480618,25.54183,25.930878,2915498.2
2004-06-30,FDO-201507,25.719439,25.964708,25.440338,25.727896,2562086.8
2004-07-01,FDO-201507,25.812471,25.939335,25.516457,25.54183,1572794.1
2004-07-02,FDO-201507,25.54183,25.54183,25.059748,25.338846,1412937.1
2004-07-06,FDO-201507,25.491083,25.491083,24.907513,25.178154,1065437.4
2004-07-07,FDO-201507,25.288101,25.67715,25.16124,25.178154,1565463.5
2004-07-08,FDO-201507,25.000546,25.186613,24.543839,24.653786,2049763.9
2004-07-09,FDO-201507,24.662243,24.992086,24.586124,24.941341,1050184.8
2004-07-12,FDO-201507,24.941341,25.144323,24.560753,25.102036,1044509.4
2004-07-13,FDO-201507,25.102036,25.812471,25.042833,25.744812,1469218.1
2004-07-14,FDO-201507,25.744812,25.744812,25.118952,25.220442,1443442.4
2004-07-15,FDO-201507,25.228899,25.457254,24.560753,24.560753,1687484.5
2004-07-16,FDO-201507,24.60304,24.611498,23.520472,23.892605,2649818.8
2004-07-19,FDO-201507,23.901062,23.926435,23.055307,23.681166,1828660
2004-07-20,FDO-201507,23.689625,24.104044,23.672709,24.104044,1794607.6
2004-07-21,FDO-201507,24.163246,24.366228,23.757284,23.757284,1122073.1
2004-07-22,FDO-201507,23.757284,23.97718,23.08068,23.850319,1819910.4
2004-07-23,FDO-201507,23.850319,24.180162,23.342865,23.50356,1437057.6
2004-07-26,FDO-201507,23.478186,23.605047,23.309032,23.478186,1486362.6
2004-07-27,FDO-201507,23.50356,24.12096,23.50356,24.070213,1074305.2
2004-07-28,FDO-201507,24.044842,24.061756,23.165255,23.73191,1464134
2004-07-29,FDO-201507,23.748827,23.867231,23.275204,23.444353,1679444.4
2004-07-30,FDO-201507,23.512014,23.613506,23.266747,23.562761,1535667.6
2004-08-02,FDO-201507,23.562761,23.664251,23.258287,23.512014,1041789.94
2004-08-03,FDO-201507,23.42744,23.42744,22.911528,23.046848,1497949.9
2004-08-04,FDO-201507,22.996105,23.11451,22.573227,22.835411,1241256.5
2004-08-05,FDO-201507,22.793123,22.793123,22.07423,22.133432,2079914.5
2004-08-06,FDO-201507,21.947367,22.268753,21.220016,21.947367,2759070.2
2004-08-09,FDO-201507,21.947367,22.336414,21.871248,22.031942,1277910
2004-08-10,FDO-201507,22.031942,22.327957,21.989655,22.294127,1084591.9
2004-08-11,FDO-201507,22.124975,22.20955,21.871248,22.015028,982907.7
2004-08-12,FDO-201507,21.989655,22.268753,21.685183,21.702097,1114742.4
2004-08-13,FDO-201507,21.710554,21.862791,21.625978,21.651352,1256036.1
2004-08-16,FDO-201507,21.735928,22.615513,21.710554,22.607056,1726739.2
2004-08-17,FDO-201507,22.835411,23.156797,22.674717,22.674717,1533657.6
2004-08-18,FDO-201507,22.674717,22.953815,22.38716,22.877697,1157189.6
2004-08-19,FDO-201507,22.835411,22.911528,22.666258,22.869242,782140.56
2004-08-20,FDO-201507,22.869242,22.90307,22.623972,22.742376,1094642
2004-08-23,FDO-201507,22.826952,23.232916,22.63243,23.173712,1369307.6
2004-08-24,FDO-201507,23.258287,23.545845,22.90307,22.919987,970847.44
2004-08-25,FDO-201507,22.835411,22.843868,22.463278,22.649345,1665137.6
2004-08-26,FDO-201507,22.201094,22.539396,22.201094,22.480192,1528573.4
2004-08-27,FDO-201507,22.454819,22.581684,22.404074,22.52248,925207.8
2004-08-30,FDO-201507,22.437906,22.666258,22.378702,22.463278,723613
2004-08-31,FDO-201507,22.463278,22.55631,22.133432,22.370245,1157189.6
2004-09-01,FDO-201507,22.454819,22.488651,21.989655,22.006569,1675187.8
2004-09-02,FDO-201507,21.820503,22.640886,21.600607,22.547853,2075776.1
2004-09-03,FDO-201507,22.55631,22.691631,22.378702,22.412533,1279683.6
2004-09-07,FDO-201507,22.539396,23.08068,22.539396,23.004562,1860465.8
2004-09-08,FDO-201507,23.038391,23.199085,22.936901,23.11451,1559906.2
2004-09-09,FDO-201507,23.11451,23.14834,22.76775,22.852325,1572557.8
2004-09-10,FDO-201507,22.784666,23.300575,22.784666,23.173712,995677.3
2004-09-13,FDO-201507,23.228859,23.865149,23.220375,23.703957,1461477.8
2004-09-14,FDO-201507,23.703957,23.71244,23.44944,23.670021,1027713.94
2004-09-15,FDO-201507,23.60215,23.64457,23.381569,23.483376,1009915.44
2004-09-16,FDO-201507,23.483376,23.58518,23.373085,23.500343,1360109.1
2004-09-17,FDO-201507,23.966957,24.094213,23.653051,23.873632,1769945.2
2004-09-20,FDO-201507,23.856667,23.992409,23.737892,23.856667,781953.7
2004-09-21,FDO-201507,23.882118,24.034828,23.686989,23.899086,985516.25
2004-09-22,FDO-201507,23.822731,23.856667,23.60215,23.686989,1035847
2004-09-23,FDO-201507,23.695473,24.026342,23.695473,23.839699,864227.4
2004-09-24,FDO-201507,23.882118,24.594763,23.865149,24.323278,1045276.6
2004-09-27,FDO-201507,24.772926,24.985022,23.975441,23.992409,2021245.4
2004-09-28,FDO-201507,24.026342,24.051796,23.75486,23.788795,1010858.44
2004-09-29,FDO-201507,23.746376,23.983925,23.415504,23.415504,1543751.5
2004-09-30,FDO-201507,22.906471,23.457924,22.261696,22.99131,5718021.5
2004-10-01,FDO-201507,22.864054,23.237343,22.567118,22.567118,2551899
2004-10-04,FDO-201507,22.736794,22.897987,22.609535,22.609535,2315922
2004-10-05,FDO-201507,22.567118,22.575602,22.304117,22.422892,2545416
2004-10-06,FDO-201507,22.3126,22.321083,21.905375,21.973244,2444047.2
2004-10-07,FDO-201507,22.227762,22.456825,22.083536,22.083536,2339614
2004-10-08,FDO-201507,22.09202,22.43986,22.066568,22.35502,2848697.2
2004-10-11,FDO-201507,22.397438,22.43986,22.3126,22.431376,1599032.9
2004-10-12,FDO-201507,22.33805,22.371988,22.13444,22.371988,2465028.2
2004-10-13,FDO-201507,22.388954,22.634987,22.295633,22.456825,1845028.8
2004-10-14,FDO-201507,22.46531,22.550148,22.346537,22.499247,1850215.1
2004-10-15,FDO-201507,22.584085,22.813148,22.482277,22.550148,1601979.6
2004-10-18,FDO-201507,22.550148,22.889503,22.278666,22.855568,1531139.4
2004-10-19,FDO-201507,22.8386,23.525795,22.830116,23.220375,1579702
2004-10-20,FDO-201507,23.220375,23.220375,22.8386,22.99131,1267698.5
2004-10-21,FDO-201507,23.076149,23.29673,22.77073,23.228859,628839.75
2004-10-22,FDO-201507,23.288246,23.330666,23.042213,23.093117,635558.4
2004-10-25,FDO-201507,23.042213,23.093117,22.787699,22.931923,546683.94
2004-10-26,FDO-201507,22.889503,23.347633,22.813148,23.347633,874010.6
2004-10-27,FDO-201507,23.313698,24.034828,23.194923,24.034828,1442147
2004-10-28,FDO-201507,24.179054,24.569311,24.068764,24.569311,1446272.5
2004-10-29,FDO-201507,24.569311,25.095312,24.518408,25.06986,3587156.5
2004-11-01,FDO-201507,25.06986,25.11228,24.713537,25.11228,2198169.2
2004-11-02,FDO-201507,25.052893,25.689184,25.052893,25.392248,2496028.2
2004-11-03,FDO-201507,25.604345,25.61283,25.095312,25.239538,1562257.2
2004-11-04,FDO-201507,25.129248,25.909765,24.866247,25.824926,2349043.5
2004-11-05,FDO-201507,25.960669,26.537573,25.901281,26.037024,1956298.6
2004-11-08,FDO-201507,26.037024,26.037024,25.30741,25.426184,1502496.8
2004-11-09,FDO-201507,25.638279,25.884314,25.383764,25.782505,2228226.2
2004-11-10,FDO-201507,25.782505,25.994602,25.621313,25.748571,924341.4
2004-11-11,FDO-201507,25.79099,26.325476,25.79099,26.325476,890041.06
2004-11-12,FDO-201507,26.325476,26.537573,26.130344,26.520603,585934.9
2004-11-15,FDO-201507,27.14841,27.402927,27.08054,27.267185,1406432.2
2004-11-16,FDO-201507,27.19083,27.241734,26.69028,26.77512,1092189.1
2004-11-17,FDO-201507,26.792088,27.385958,26.639378,26.978733,1240941.9
2004-11-18,FDO-201507,27.089024,27.250216,26.783604,27.063572,795626.7
2004-11-19,FDO-201507,27.063572,27.063572,26.291538,26.291538,1191436.2
2004-11-22,FDO-201507,26.33396,26.33396,25.926731,26.215183,1071090.4
2004-11-23,FDO-201507,26.342442,26.571507,26.215183,26.503635,646873.94
2004-11-24,FDO-201507,26.503635,26.681799,26.308508,26.503635,757554.5
2004-11-26,FDO-201507,26.588474,26.851475,26.588474,26.707249,402763.9
2004-11-29,FDO-201507,26.554539,26.554539,25.799475,25.935215,1762519.4
2004-11-30,FDO-201507,25.774021,25.774021,24.662634,24.857763,3616860
2004-12-01,FDO-201507,25.1547,25.87583,24.985022,25.417698,2213138.8
2004-12-02,FDO-201507,24.874731,25.9437,24.569311,24.772926,2874982.2
2004-12-03,FDO-201507,24.781408,24.823828,24.365698,24.61173,1857169.5
2004-12-06,FDO-201507,24.61173,24.61173,23.966957,24.28086,2504868.5
2004-12-07,FDO-201507,24.25541,24.40812,24.051796,24.094213,2105640.8
2004-12-08,FDO-201507,24.094213,24.76444,24.017859,24.688086,2030557.1
2004-12-09,FDO-201507,24.603247,24.603247,24.204506,24.509924,1016162.6
2004-12-10,FDO-201507,24.39115,24.688086,24.374182,24.620216,1502850.4
2004-12-13,FDO-201507,24.922277,24.922277,24.301132,24.590433,1284317.4
2004-12-14,FDO-201507,24.505344,25.364733,24.377712,25.262629,1622555.4
2004-12-15,FDO-201507,25.381752,25.500874,24.81166,25.288155,1112730.4
2004-12-16,FDO-201507,25.288155,25.373241,25.041399,25.31368,1259872.1
2004-12-17,FDO-201507,25.356224,25.39877,24.701048,24.786135,1778511.6
2004-12-20,FDO-201507,24.794643,24.794643,24.284117,24.318151,1568376.2
2004-12-21,FDO-201507,24.32666,24.913767,24.241571,24.905258,1578600.9
2004-12-22,FDO-201507,24.845697,25.526402,24.760609,25.296663,827966.3
2004-12-23,FDO-201507,25.220083,25.568945,25.186049,25.339209,813863.25
2004-12-27,FDO-201507,25.526402,26.03693,25.51789,25.53491,849708.5
2004-12-28,FDO-201507,25.611488,26.079472,25.611488,26.045439,784481.94
2004-12-29,FDO-201507,26.045439,26.394299,25.909298,26.377281,560478.56
2004-12-30,FDO-201507,26.377281,26.487894,26.122017,26.130526,716082.1
2004-12-31,FDO-201507,26.16456,26.785704,26.053947,26.572983,746286.2
2005-01-03,FDO-201507,26.683598,26.972897,26.03693,26.173069,1110027.2
2005-01-04,FDO-201507,26.283684,26.283684,25.662542,25.671051,899186.7
2005-01-05,FDO-201507,25.781664,25.849735,25.526402,25.705086,950075.2
2005-01-06,FDO-201507,26.377281,26.938862,26.360262,26.419825,2212415.2
2005-01-07,FDO-201507,26.46237,26.59,25.73912,26.207104,1075239.8
2005-01-10,FDO-201507,25.951841,26.632544,25.832718,26.479387,904945.44
2005-01-11,FDO-201507,26.479387,26.547457,26.173069,26.31772,619828.9
2005-01-12,FDO-201507,26.930353,27.415356,26.564474,27.338776,1613741
2005-01-13,FDO-201507,27.22816,27.645094,27.126055,27.364302,1259989.6
2005-01-14,FDO-201507,27.432373,27.568514,27.236668,27.568514,817859.1
2005-01-18,FDO-201507,27.355795,28.07904,27.143072,28.027987,1216740.2
2005-01-19,FDO-201507,28.062023,28.130095,27.696144,27.764215,793883.94
2005-01-20,FDO-201507,27.6536,27.908865,27.449389,27.59404,805871.56
2005-01-21,FDO-201507,27.6536,27.6536,26.921844,26.989914,717022.4
2005-01-24,FDO-201507,27.185617,27.253687,26.649563,26.709124,1082173.8
2005-01-25,FDO-201507,26.904827,27.22816,26.683598,26.794212,659082.3
2005-01-26,FDO-201507,26.802721,26.921844,26.547457,26.845264,1199699.1
2005-01-27,FDO-201507,26.989914,28.036497,26.989914,27.670618,1553215.5
2005-01-28,FDO-201507,27.696144,28.01097,27.30474,27.849302,1645943
2005-01-31,FDO-201507,28.036497,28.470446,28.002462,28.461937,854644.56
2005-02-01,FDO-201507,28.461937,28.589567,28.172638,28.317286,1105091.1
2005-02-02,FDO-201507,29.35536,29.99352,29.35536,29.763783,3546210.8
2005-02-03,FDO-201507,29.695715,29.865889,29.261765,29.397903,2876316.2
2005-02-04,FDO-201507,29.4915,29.695715,29.270275,29.610624,1177604.4
2005-02-07,FDO-201507,29.525537,29.678696,29.07457,29.176678,1134472.5
2005-02-08,FDO-201507,29.142641,29.542555,29.040537,29.168167,604433.06
2005-02-09,FDO-201507,29.236238,29.244745,28.50448,28.530006,765090.25
2005-02-10,FDO-201507,27.993954,28.470446,27.900356,28.172638,1527124.8
2005-02-11,FDO-201507,28.240707,28.683165,28.070534,28.470446,933386.56
2005-02-14,FDO-201507,28.50448,28.50448,27.968426,28.215181,749929.44
2005-02-15,FDO-201507,28.274742,28.5215,28.164127,28.436409,585276.4
2005-02-16,FDO-201507,28.334305,28.453426,28.104567,28.257725,421798.6
2005-02-17,FDO-201507,28.206675,28.317286,27.59404,27.59404,876504.3
2005-02-18,FDO-201507,27.636583,27.73018,27.440882,27.59404,753690.25
2005-02-22,FDO-201507,27.440882,27.772724,27.057983,27.100529,1511023.9
2005-02-23,FDO-201507,27.185617,27.704655,27.075003,27.6536,954306.1
2005-02-24,FDO-201507,27.6536,27.704655,27.15158,27.6536,727247.06
2005-02-25,FDO-201507,27.6536,27.925882,27.406845,27.857813,428380.03
2005-02-28,FDO-201507,27.866322,28.50448,27.58553,28.01097,787420.06
2005-03-01,FDO-201507,27.968426,28.478956,27.925882,28.359833,854056.94
2005-03-02,FDO-201507,28.334305,28.623604,27.993954,28.291761,849355.94
2005-03-03,FDO-201507,28.50448,28.547024,27.798248,27.798248,1650173.9
2005-03-04,FDO-201507,28.07904,28.09606,27.160091,27.440882,2274938.8
2005-03-07,FDO-201507,27.449389,27.568514,27.236668,27.279215,1182540.4
2005-03-08,FDO-201507,27.313248,27.355795,27.066494,27.219652,1195820.8
2005-03-09,FDO-201507,27.057983,27.075003,26.52193,26.564474,1712344.9
2005-03-10,FDO-201507,26.777193,26.972897,26.52193,26.896318,1114963.2
2005-03-11,FDO-201507,26.985931,27.096878,26.806707,26.806707,637182.25
2005-03-14,FDO-201507,26.934723,27.38705,26.883518,27.233429,1188828.9
2005-03-15,FDO-201507,27.2505,27.267569,27.07981,27.15662,715218.94
2005-03-16,FDO-201507,27.054207,27.054207,26.508001,26.729897,824657.7
2005-03-17,FDO-201507,26.670156,26.670156,25.83378,25.970331,1826831.2
2005-03-18,FDO-201507,25.970331,26.106882,25.569212,25.64602,2184558
2005-03-21,FDO-201507,25.77404,26.158089,25.66309,25.970331,1035801.94
2005-03-22,FDO-201507,25.884987,26.798172,25.731367,26.499466,2689687
2005-03-23,FDO-201507,26.499466,26.499466,25.83378,26.098349,1270380.6
2005-03-24,FDO-201507,26.158089,26.183693,25.560678,25.791107,1415791.2
2005-03-28,FDO-201507,26.013002,26.303175,25.77404,25.884987,1329201.1
2005-03-29,FDO-201507,25.799643,25.799643,25.296108,25.37292,1450122.8
2005-03-30,FDO-201507,25.432661,26.004469,25.432661,25.902056,1052440.4
2005-03-31,FDO-201507,25.944727,26.081278,25.671625,25.910591,1084428.4
2005-04-01,FDO-201507,25.876451,25.970331,25.279041,25.304644,1310336.4
2005-04-04,FDO-201507,25.304644,25.50947,24.98887,25.44973,840593.1
2005-04-05,FDO-201507,25.50947,25.705765,25.398523,25.54361,1172776.2
2005-04-06,FDO-201507,25.64602,25.748436,25.441195,25.560678,842585.06
2005-04-07,FDO-201507,25.560678,25.560678,24.365854,25.108353,1736608.8
2005-04-08,FDO-201507,25.108353,25.125422,24.690165,24.7243,1217653.1
2005-04-11,FDO-201507,24.835249,24.91206,24.66456,24.707233,907967.1
2005-04-12,FDO-201507,24.707233,24.707233,24.161028,24.66456,1347245.6
2005-04-13,FDO-201507,24.707233,24.766973,24.28051,24.340252,850435.6
2005-04-14,FDO-201507,24.51094,24.698698,24.229303,24.289043,1650487.1
2005-04-15,FDO-201507,24.152493,24.229303,23.768444,23.768444,1764964.4
2005-04-18,FDO-201507,23.853788,24.203701,23.768444,24.169561,1797069.5
2005-04-19,FDO-201507,24.169561,24.331717,23.887926,24.237837,1569286.9
2005-04-20,FDO-201507,24.109821,24.118355,23.469738,23.572151,1360837.5
2005-04-21,FDO-201507,23.72577,24.212234,23.674564,24.06715,1386849.8
2005-04-22,FDO-201507,24.06715,24.06715,23.478271,23.546547,1378530.5
2005-04-25,FDO-201507,23.83672,24.015942,23.606289,23.964735,1000884.7
2005-04-26,FDO-201507,23.964735,24.161028,23.80258,23.904995,672802.56
2005-04-27,FDO-201507,23.89646,24.143959,23.759909,23.99034,2124331.5
2005-04-28,FDO-201507,23.981804,24.024477,23.597754,23.64896,1116767.9
2005-04-29,FDO-201507,23.64896,23.64896,22.735775,23.025946,1292760.5
2005-05-02,FDO-201507,23.171032,23.307583,22.855257,23.094221,954367.3
2005-05-03,FDO-201507,23.094221,23.290514,23.034481,23.153961,1781134.1
2005-05-04,FDO-201507,23.153961,23.273445,23.008877,23.20517,1572099
2005-05-05,FDO-201507,21.762848,21.94207,20.798454,21.037418,7513548
2005-05-06,FDO-201507,21.080091,21.156902,20.294922,20.52535,4456292
2005-05-09,FDO-201507,20.52535,20.644835,20.209578,20.48268,2914423.2
2005-05-10,FDO-201507,20.363197,20.670437,20.363197,20.533886,2137220.2
2005-05-11,FDO-201507,20.533886,20.764317,20.457075,20.687506,1695950
2005-05-12,FDO-201507,21.165436,21.165436,20.542421,20.542421,1524292.8
2005-05-13,FDO-201507,20.610697,20.84966,20.48268,20.593628,1420712.5
2005-05-16,FDO-201507,20.593628,21.165436,20.57656,21.080091,1458910.6
2005-05-17,FDO-201507,21.037418,21.779917,21.02035,21.711641,1687279.2
2005-05-18,FDO-201507,21.976208,22.914999,21.737244,22.72724,2628289
2005-05-19,FDO-201507,22.72724,23.043015,22.676033,22.914999,1514333.1
2005-05-20,FDO-201507,23.085686,23.085686,22.641897,22.97474,1355682
2005-05-23,FDO-201507,22.97474,23.000343,22.351725,22.462671,1752427
2005-05-24,FDO-201507,22.249311,22.402931,21.993279,22.300516,1639238.6
2005-05-25,FDO-201507,22.300516,22.539482,22.18957,22.394396,1325685.9
2005-05-26,FDO-201507,22.18957,22.240776,21.754313,21.779917,2601690.8
2005-05-27,FDO-201507,21.839657,22.010347,21.617762,21.80552,1625178
2005-05-31,FDO-201507,21.88233,22.010347,21.668968,21.907932,1233705.8
2005-06-01,FDO-201507,21.839657,22.053019,21.643366,21.762848,1320999
2005-06-02,FDO-201507,21.549486,21.694572,21.225178,21.489746,2561149.2
2005-06-03,FDO-201507,21.49828,21.506815,21.02035,21.054487,1754418.9
2005-06-06,FDO-201507,21.054487,21.293453,20.94354,21.17397,1065798
2005-06-07,FDO-201507,21.17397,21.293453,21.063023,21.080091,1004985.7
2005-06-08,FDO-201507,20.952074,21.156902,20.866732,21.037418,996783.6
2005-06-09,FDO-201507,21.028885,21.11423,20.824057,21.028885,899882.25
2005-06-10,FDO-201507,21.003283,21.028885,20.610697,20.781385,1109854.8
2005-06-13,FDO-201507,20.837076,21.051273,20.78567,20.94846,948076.2
2005-06-14,FDO-201507,20.957026,21.505371,20.802805,21.402555,856454.9
2005-06-15,FDO-201507,21.616753,21.659594,21.376854,21.505371,1141589.8
2005-06-16,FDO-201507,21.54821,21.668161,21.325445,21.633888,695388.1
2005-06-17,FDO-201507,21.976604,21.976604,21.531075,21.736704,1276045.4
2005-06-20,FDO-201507,21.591051,21.805246,21.419693,21.642458,780706.8
2005-06-21,FDO-201507,21.633888,21.668161,21.248333,21.419693,1234961.8
2005-06-22,FDO-201507,21.505371,21.933765,21.402555,21.813814,1966531.5
2005-06-23,FDO-201507,21.848085,22.927639,21.83095,22.533516,2535400.5
2005-06-24,FDO-201507,22.413565,22.51638,22.062283,22.327887,1975051.8
2005-06-27,FDO-201507,22.319319,22.39643,22.1908,22.27648,1214419.9
2005-06-28,FDO-201507,22.39643,22.75628,22.36216,22.696306,1040397.75
2005-06-29,FDO-201507,22.764849,22.764849,22.39643,22.542084,912244.7
2005-06-30,FDO-201507,22.542084,22.876232,22.36216,22.36216,1131202.1
2005-07-01,FDO-201507,22.747713,22.773417,22.542084,22.6449,682666.2
2005-07-05,FDO-201507,22.619194,23.24465,22.584925,23.24465,1286433
2005-07-06,FDO-201507,23.24465,23.261786,22.773417,22.876232,1213369.5
2005-07-07,FDO-201507,21.976604,22.336454,21.633888,21.805246,2375150.8
2005-07-08,FDO-201507,21.848085,21.942333,21.359716,21.942333,1301839.5
2005-07-11,FDO-201507,22.019444,22.062283,21.54821,21.659594,1576820
2005-07-12,FDO-201507,21.659594,21.839518,21.453964,21.488235,1039814.2
2005-07-13,FDO-201507,21.539642,21.719568,21.376854,21.599617,1382839.6
2005-07-14,FDO-201507,21.813814,22.053715,21.505371,21.693863,1117079.5
2005-07-15,FDO-201507,21.839518,21.856653,21.591051,21.702433,925900.3
2005-07-18,FDO-201507,21.762407,22.23364,21.762407,22.1908,1281997.9
2005-07-19,FDO-201507,22.327887,22.345022,22.11369,22.285048,1132952.8
2005-07-20,FDO-201507,22.285048,22.35359,21.856653,22.053715,862640.8
2005-07-21,FDO-201507,22.079418,22.079418,21.633888,21.762407,1075762.4
2005-07-22,FDO-201507,21.762407,22.087988,21.711,21.87379,1118013.2
2005-07-25,FDO-201507,21.848085,22.122257,21.762407,21.90806,741140.44
2005-07-26,FDO-201507,22.122257,22.182232,21.99374,22.147963,916563.1
2005-07-27,FDO-201507,22.27648,22.27648,21.950901,22.03658,507827.1
2005-07-28,FDO-201507,22.096556,22.15653,21.933765,22.147963,897888.75
2005-07-29,FDO-201507,22.122257,22.302183,21.99374,22.105122,667143.1
2005-08-01,FDO-201507,22.062283,22.1908,21.633888,21.968035,1018338.6
2005-08-02,FDO-201507,21.968035,21.968035,21.436829,21.539642,2096552.1
2005-08-03,FDO-201507,21.505371,21.565346,21.205496,21.351149,1479713.1
2005-08-04,FDO-201507,20.991299,20.999866,19.560463,19.89461,7223726.5
2005-08-05,FDO-201507,19.89461,20.083103,19.646141,19.843203,2752607.2
2005-08-08,FDO-201507,19.843203,19.954586,19.620438,19.620438,2376901.5
2005-08-09,FDO-201507,19.620438,19.637573,19.174908,19.200611,1662022
2005-08-10,FDO-201507,19.277723,19.440514,18.635132,18.660837,3833388.5
2005-08-11,FDO-201507,18.763649,19.01212,18.583725,18.703674,2588155.8
2005-08-12,FDO-201507,18.660837,18.96071,18.489477,18.703674,4346934.5
2005-08-15,FDO-201507,18.67797,18.67797,18.112492,18.335257,3581050.5
2005-08-16,FDO-201507,18.249577,18.258144,17.804049,17.872591,2997708.8
2005-08-17,FDO-201507,17.778345,18.840761,17.495605,18.378096,5000655.5
2005-08-18,FDO-201507,18.275282,18.335257,17.975405,18.24101,2572866
2005-08-19,FDO-201507,18.4038,18.4038,18.03538,18.086788,1731117.4
2005-08-22,FDO-201507,18.069653,18.309553,17.941135,18.026814,1037363.2
2005-08-23,FDO-201507,18.03538,18.223875,17.941135,18.052517,1807799.1
2005-08-24,FDO-201507,17.95827,18.138195,17.692665,17.735506,1307091.6
2005-08-25,FDO-201507,17.778345,17.975405,17.281408,17.307112,2917992.5
2005-08-26,FDO-201507,17.34995,17.521309,17.221434,17.341383,2080445.4
2005-08-29,FDO-201507,17.230001,17.39279,17.041506,17.255703,1139372.1
2005-08-30,FDO-201507,17.26427,17.341383,16.767334,16.87015,1770450.2
2005-08-31,FDO-201507,16.878717,17.032938,16.70736,17.032938,1924280.8
2005-09-01,FDO-201507,17.34995,17.4699,16.79304,17.058643,4076739.2
2005-09-02,FDO-201507,17.26427,17.409925,17.024372,17.10148,2986971
2005-09-06,FDO-201507,17.26427,17.34995,17.18716,17.315678,1779087.2
2005-09-07,FDO-201507,17.324245,17.735506,17.281408,17.735506,2071808.5
2005-09-08,FDO-201507,17.606987,18.043947,17.34995,18.009678,3040660
2005-09-09,FDO-201507,18.009678,18.583725,18.00111,18.31812,3456282.2
2005-09-12,FDO-201507,18.1639,18.472342,18.009678,18.378096,2020220.5
2005-09-13,FDO-201507,18.520096,18.623367,18.236097,18.330763,1839880.9
2005-09-14,FDO-201507,18.330763,18.537308,18.227491,18.270521,1612597.4
2005-09-15,FDO-201507,18.236097,18.477064,18.003736,18.098402,2347434.2
2005-09-16,FDO-201507,18.098402,18.313553,18.063978,18.279127,1859750.8
2005-09-19,FDO-201507,18.416822,18.502884,18.072584,18.218885,1677203.5
2005-09-20,FDO-201507,18.287733,18.304945,17.633678,17.633678,3940045.5
2005-09-21,FDO-201507,17.642284,17.642284,17.26362,17.26362,2283757.5
2005-09-22,FDO-201507,17.229197,17.237803,16.721443,16.927986,3958056
2005-09-23,FDO-201507,16.996834,17.108711,16.73005,17.022654,4459102.5
2005-09-26,FDO-201507,17.298044,17.539011,16.936592,17.082895,2678715
2005-09-27,FDO-201507,17.125925,17.151743,16.721443,16.971016,1850106.2
2005-09-28,FDO-201507,16.971016,17.082895,16.721443,16.996834,3131771.2
2005-09-29,FDO-201507,17.039864,17.73695,16.695625,17.039864,3782364.5
2005-09-30,FDO-201507,17.203379,17.358286,17.057076,17.100107,2756103
2005-10-03,FDO-201507,17.211985,17.341074,17.005442,17.186167,2295145
2005-10-04,FDO-201507,17.186167,17.539011,17.186167,17.521801,2985826.5
2005-10-05,FDO-201507,17.556223,18.072584,17.513195,17.900463,4237396.5
2005-10-06,FDO-201507,18.08119,18.48567,17.840221,18.063978,3351618.2
2005-10-07,FDO-201507,18.063978,18.089796,17.73695,17.86604,2268303.2
2005-10-10,FDO-201507,18.08119,18.657791,18.063978,18.51149,2770627.8
2005-10-11,FDO-201507,18.425428,18.588943,17.762768,17.82301,2003836.4
2005-10-12,FDO-201507,17.745556,17.82301,17.56483,17.745556,1874972.6
2005-10-13,FDO-201507,17.676708,18.287733,17.616465,18.158644,2600629.8
2005-10-14,FDO-201507,18.227491,18.82991,18.184462,18.614761,2663957.8
2005-10-17,FDO-201507,18.692215,18.933184,18.477064,18.528702,2378575.2
2005-10-18,FDO-201507,18.606155,18.735245,18.150038,18.218885,1783292.4
2005-10-19,FDO-201507,18.227491,18.675003,17.9521,18.657791,1541716.5
2005-10-20,FDO-201507,18.726639,19.699116,18.563126,19.30324,3876717.5
2005-10-21,FDO-201507,19.60445,20.008932,18.78688,18.898758,2593658
2005-10-24,FDO-201507,18.967607,19.320454,18.898758,19.26021,1475948.4
2005-10-25,FDO-201507,19.26021,19.406511,18.580338,18.64058,1717756.6
2005-10-26,FDO-201507,18.571732,18.872942,18.416822,18.64058,1673020.4
2005-10-27,FDO-201507,18.545912,18.804092,17.874647,17.960707,1833141.4
2005-10-28,FDO-201507,17.960707,18.631973,17.960707,18.51149,1886243.9
2005-10-31,FDO-201507,18.64058,19.148333,18.614761,19.053667,2542647
2005-11-01,FDO-201507,19.053667,19.096697,18.649185,18.82991,1661400.5
2005-11-02,FDO-201507,18.761063,19.492573,18.735245,19.26021,1703580.5
2005-11-03,FDO-201507,20.008932,20.008932,19.449543,19.785175,2876949
2005-11-04,FDO-201507,19.793781,20.181053,19.578632,20.16384,1864747.2
2005-11-07,FDO-201507,20.138021,20.473656,20.129416,20.318748,1278644
2005-11-08,FDO-201507,20.318748,20.318748,19.767963,19.77657,1088311.5
2005-11-09,FDO-201507,19.707722,19.94869,19.699116,19.810995,1142227.4
2005-11-10,FDO-201507,19.836811,20.852318,19.819601,20.69741,2330469.2
2005-11-11,FDO-201507,20.740442,20.89535,20.439232,20.671593,781199.9
2005-11-14,FDO-201507,20.6802,21.08468,20.284323,20.35317,1138509
2005-11-15,FDO-201507,20.2499,20.258507,19.578632,19.630268,1621544.6
2005-11-16,FDO-201507,19.724934,19.871237,19.552814,19.656086,876249.94
2005-11-17,FDO-201507,19.673298,19.836811,19.268816,19.836811,1496283
2005-11-18,FDO-201507,20.241295,20.327354,19.836811,20.000326,1498374.6
2005-11-21,FDO-201507,20.000326,20.439232,19.785175,20.310143,1483152.6
2005-11-22,FDO-201507,20.35317,20.396202,19.836811,20.181053,1556822.2
2005-11-23,FDO-201507,20.094992,20.387596,19.819601,19.897055,1069836
2005-11-25,FDO-201507,19.94869,20.000326,19.578632,19.888449,823263.56
2005-11-28,FDO-201507,19.854023,19.879843,19.415117,19.423723,1612016.4
2005-11-29,FDO-201507,19.466755,19.544207,19.354876,19.397907,1653963.9
2005-11-30,FDO-201507,19.363482,19.492573,19.268816,19.37209,2013480.8
2005-12-01,FDO-201507,19.397907,20.275717,19.397907,20.232687,2512900.2
2005-12-02,FDO-201507,20.310143,20.611353,19.77657,19.871237,1849292.9
2005-12-05,FDO-201507,19.793781,19.836811,19.56142,19.64748,1753894.2
2005-12-06,FDO-201507,19.750753,19.965902,19.699116,19.793781,1424356.4
2005-12-07,FDO-201507,19.836811,19.86263,19.613056,19.69051,973159.1
2005-12-08,FDO-201507,19.707722,19.759357,19.268816,19.406511,2358124.5
2005-12-09,FDO-201507,19.363482,19.56142,19.191362,19.208574,2560425.2
2005-12-12,FDO-201507,19.21718,19.483965,18.984818,19.122515,3813040.8
2005-12-13,FDO-201507,19.10955,19.325624,18.884832,19.239193,2576668.2
2005-12-14,FDO-201507,19.239193,19.913343,19.23055,19.835558,1951302.6
2005-12-15,FDO-201507,19.9652,20.025702,19.654055,19.714556,1523092.1
2005-12-16,FDO-201507,20.01706,20.302275,19.800985,19.835558,1838378.2
2005-12-19,FDO-201507,19.705912,20.172632,19.645412,19.766415,1667371.6
2005-12-20,FDO-201507,19.835558,20.155346,19.61084,19.947914,1466398.5
2005-12-21,FDO-201507,20.310919,21.520931,20.259062,21.062855,3155984.8
2005-12-22,FDO-201507,21.278929,21.391287,20.691208,21.391287,2046524.9
2005-12-23,FDO-201507,21.42586,22.004934,21.382643,21.719717,2128904.2
2005-12-27,FDO-201507,21.711077,21.745647,21.235714,21.304857,995378.44
2005-12-28,FDO-201507,21.304857,21.892578,21.304857,21.58143,1472762
2005-12-29,FDO-201507,21.58143,21.762934,21.28757,21.529573,770107.94
2005-12-30,FDO-201507,21.443144,21.702433,21.382643,21.42586,676621.3
2006-01-03,FDO-201507,22.177794,22.177794,20.846783,21.495003,1601769
2006-01-04,FDO-201507,21.495003,21.81479,21.391287,21.58143,1838031.1
2006-01-05,FDO-201507,21.650574,21.737003,21.028282,21.175213,2584304.5
2006-01-06,FDO-201507,21.348072,21.348072,20.87271,21.080141,2211399.2
2006-01-09,FDO-201507,21.131998,21.529573,21.10607,21.28757,1855617.8
2006-01-10,FDO-201507,21.201143,21.304857,20.959139,21.010996,1729966.1
2006-01-11,FDO-201507,20.959139,21.451786,20.89864,21.42586,2405893.2
2006-01-12,FDO-201507,21.42586,21.58143,21.002354,21.131998,1276069.8
2006-01-13,FDO-201507,21.175213,21.54686,21.175213,21.3135,1273408.6
2006-01-17,FDO-201507,21.3135,21.348072,20.81221,20.889996,1174599.8
2006-01-18,FDO-201507,20.743065,21.14064,20.570206,20.89864,1296433.2
2006-01-19,FDO-201507,20.855423,20.967783,20.622065,20.803566,861164.9
2006-01-20,FDO-201507,21.088783,21.253,20.57885,20.829496,1707404.2
2006-01-23,FDO-201507,20.829496,20.98507,20.691208,20.803566,1851799.5
2006-01-24,FDO-201507,20.87271,21.036926,20.777637,20.803566,1679636
2006-01-25,FDO-201507,20.89864,21.304857,20.78628,21.296213,1571686.6
2006-01-26,FDO-201507,21.417215,21.555504,21.114712,21.201143,2067235.4
2006-01-27,FDO-201507,21.175213,21.28757,20.829496,20.941853,1553868.6
2006-01-30,FDO-201507,20.941853,21.1925,20.72578,20.751709,1516381.5
2006-01-31,FDO-201507,20.760351,20.803566,20.509706,20.699852,1526216
2006-02-01,FDO-201507,20.526993,20.751709,20.475136,20.630709,1360531.8
2006-02-02,FDO-201507,20.78628,20.89864,20.336847,20.864067,1397787.6
2006-02-03,FDO-201507,20.682566,20.81221,20.45785,20.518349,1156203.2
2006-02-06,FDO-201507,20.466492,20.466492,20.060272,20.267704,951064.8
2006-02-07,FDO-201507,20.155346,20.37142,20.05163,20.172632,1333804.8
2006-02-08,FDO-201507,20.181274,20.509706,20.086203,20.414635,1060981
2006-02-09,FDO-201507,20.414635,20.570206,20.328205,20.40599,718620.9
2006-02-10,FDO-201507,20.40599,20.78628,20.207203,20.760351,1149261.1
2006-02-13,FDO-201507,20.630709,20.87271,20.552921,20.846783,712835.8
2006-02-14,FDO-201507,20.924566,21.495003,20.717136,21.39993,1362151.6
2006-02-15,FDO-201507,21.39993,21.892578,21.261642,21.84072,1792444.8
2006-02-16,FDO-201507,21.953077,21.953077,21.477716,21.60736,1240549.5
2006-02-17,FDO-201507,21.60736,21.823433,21.486359,21.788862,1370250.6
2006-02-21,FDO-201507,21.953077,22.419798,21.90122,22.039507,2515462.2
2006-02-22,FDO-201507,22.048151,22.532154,21.875292,22.445724,2527032.5
2006-02-23,FDO-201507,22.42844,22.497583,22.10865,22.169151,1223772.8
2006-02-24,FDO-201507,22.169151,22.186438,21.762934,22.048151,1077526.4
2006-02-27,FDO-201507,22.091364,22.497583,22.091364,22.419798,947709.5
2006-02-28,FDO-201507,22.298796,22.54944,22.177794,22.229652,1392233.9
2006-03-01,FDO-201507,22.238295,22.497583,21.92715,22.445724,1204797.8
2006-03-02,FDO-201507,22.445724,22.860588,22.177794,22.411154,2053814
2006-03-03,FDO-201507,22.480297,22.54944,22.13458,22.307438,1183046
2006-03-06,FDO-201507,22.25558,22.34201,22.013578,22.238295,1149145.5
2006-03-07,FDO-201507,22.229652,22.350655,22.039507,22.151865,741876.8
2006-03-08,FDO-201507,22.143223,22.151865,21.702433,21.858006,1138501
2006-03-09,FDO-201507,21.858006,21.935791,21.616003,21.616003,621200.4
2006-03-10,FDO-201507,21.624647,22.25558,21.443144,22.048151,1541604.4
2006-03-13,FDO-201507,22.035131,22.338886,21.878916,21.878916,852780.9
2006-03-14,FDO-201507,21.826843,22.312849,21.714022,22.24342,1513712
2006-03-15,FDO-201507,22.269457,22.434351,21.957024,22.17399,687893.75
2006-03-16,FDO-201507,22.11324,22.38228,22.009096,22.347565,1340759.1
2006-03-17,FDO-201507,22.564531,23.128643,22.408316,22.929035,1783338.6
2006-03-20,FDO-201507,22.955072,23.310896,22.82489,22.868284,1262751.8
2006-03-21,FDO-201507,22.798855,22.807533,22.390957,22.547173,1144530.8
2006-03-22,FDO-201507,22.529816,22.599247,22.17399,22.416994,1263327.9
2006-03-23,FDO-201507,23.432398,24.248192,23.137323,23.34561,6507106
2006-03-24,FDO-201507,23.432398,23.649364,23.34561,23.441076,2178445.5
2006-03-27,FDO-201507,23.484468,23.675402,23.35429,23.623327,1418766.5
2006-03-28,FDO-201507,23.632006,23.770864,23.241468,23.336931,1518321
2006-03-29,FDO-201507,23.432398,23.649364,23.34561,23.432398,1364034.5
2006-03-30,FDO-201507,23.389006,23.640686,22.677353,22.955072,2301160.2
2006-03-31,FDO-201507,22.955072,23.258823,22.955072,23.08525,2910931.2
2006-04-03,FDO-201507,23.08525,23.09393,22.70339,22.920357,2030611.6
2006-04-04,FDO-201507,22.955072,23.328253,22.902998,23.267502,4350899
2006-04-05,FDO-201507,23.328253,23.75351,23.328253,23.614649,2650061.8
2006-04-06,FDO-201507,23.432398,23.441076,22.963749,22.998465,2474804.5
2006-04-07,FDO-201507,22.989786,23.163359,22.64264,22.651318,1956061
2006-04-10,FDO-201507,22.668676,22.746782,22.460386,22.50378,2676563.5
2006-04-11,FDO-201507,22.460386,22.64264,22.304173,22.356243,2511330.8
2006-04-12,FDO-201507,22.321527,22.564531,22.304173,22.425673,2512483
2006-04-13,FDO-201507,22.425673,22.781498,22.312849,22.45171,1698533
2006-04-17,FDO-201507,22.364922,22.434351,21.904953,22.165314,1676640.2
2006-04-18,FDO-201507,22.312849,22.434351,22.11324,22.295492,1941888.4
2006-04-19,FDO-201507,22.217384,22.399635,21.913631,22.095882,1451720.9
2006-04-20,FDO-201507,22.026453,22.547173,21.98306,22.338886,1872292.4
2006-04-21,FDO-201507,22.555853,22.876963,21.913631,22.04381,1716969
2006-04-24,FDO-201507,21.98306,22.061169,21.679306,21.887594,1540674.6
2006-04-25,FDO-201507,21.878916,21.887594,21.540447,21.653273,1235673.8
2006-04-26,FDO-201507,21.714022,21.904953,21.566484,21.609877,1657512.9
2006-04-27,FDO-201507,21.549128,22.017776,21.540447,21.774773,1026079.4
2006-04-28,FDO-201507,21.740057,21.809486,21.540447,21.696665,938047.44
2006-05-01,FDO-201507,21.818165,21.844202,21.245373,21.280088,1741972.9
2006-05-02,FDO-201507,21.384232,21.618557,21.14991,21.583843,2261983.8
2006-05-03,FDO-201507,21.557806,22.581888,21.444983,22.477743,3846904.8
2006-05-04,FDO-201507,22.38228,22.616602,21.948347,22.12192,1738516.1
2006-05-05,FDO-201507,22.165314,22.82489,22.165314,22.651318,1719964.9
2006-05-08,FDO-201507,22.677353,23.47579,22.677353,23.267502,1905362
2006-05-09,FDO-201507,23.29354,23.42372,23.08525,23.198072,1998463.9
2006-05-10,FDO-201507,23.119965,23.527863,23.041857,23.432398,1482946.9
2006-05-11,FDO-201507,23.389006,23.632006,23.059216,23.467113,3052773.5
2006-05-12,FDO-201507,23.206753,23.432398,23.163359,23.189394,1830811.4
2006-05-15,FDO-201507,23.041857,23.189394,22.714846,22.998465,1733791.9
2006-05-16,FDO-201507,22.911676,22.972427,22.57321,22.859606,1543324.8
2006-05-17,FDO-201507,22.738106,22.781498,22.495102,22.495102,1801429
2006-05-18,FDO-201507,22.512459,22.729425,22.416994,22.44303,1641266.1
2006-05-19,FDO-201507,22.564531,22.790176,22.399635,22.564531,1998694.4
2006-05-22,FDO-201507,22.57321,22.607924,22.234743,22.304173,2386426.8
2006-05-23,FDO-201507,22.364922,22.564531,22.139277,22.139277,1542633.5
2006-05-24,FDO-201507,22.156633,22.399635,21.653273,21.913631,2514787.5
2006-05-25,FDO-201507,22.04381,22.147955,21.79213,22.035131,1095790.5
2006-05-26,FDO-201507,22.147955,22.408316,21.930988,22.017776,673375.4
2006-05-30,FDO-201507,21.826843,21.835524,21.20198,21.488377,1342602.8
2006-05-31,FDO-201507,21.46234,21.679306,21.375553,21.679306,1145913.5
2006-06-01,FDO-201507,21.66195,22.356243,21.609877,22.200027,1810070.9
2006-06-02,FDO-201507,22.156633,22.165314,21.358196,21.427626,2049623.9
2006-06-05,FDO-201507,21.384232,21.453661,20.846155,20.87219,2767821.8
2006-06-06,FDO-201507,20.87219,20.87219,20.256006,20.655224,2351398.2
2006-06-07,FDO-201507,20.768047,20.950298,20.525043,20.577116,1402519.8
2006-06-08,FDO-201507,20.568438,20.915585,20.264685,20.898228,1566254.6
2006-06-09,FDO-201507,20.915585,21.097836,20.646547,20.81144,1221962
2006-06-12,FDO-201507,20.837477,20.985014,20.542402,20.681261,1420034
2006-06-13,FDO-201507,20.633316,20.964565,20.546146,20.572298,1041748.5
2006-06-14,FDO-201507,20.519995,20.764072,20.17131,20.41539,1515531.2
2006-06-15,FDO-201507,20.502562,21.252228,20.441542,21.252228,1717089.8
2006-06-16,FDO-201507,21.295815,21.57476,21.147625,21.27838,1832380.8
2006-06-19,FDO-201507,21.452723,21.627062,21.243513,21.452723,1475839.1
2006-06-20,FDO-201507,21.470156,21.505024,21.191208,21.287098,945041.75
2006-06-21,FDO-201507,21.252228,21.731668,20.6769,21.705517,1753799.2
2006-06-22,FDO-201507,21.923443,22.211107,21.348116,21.417852,2204868
2006-06-23,FDO-201507,21.487589,21.557325,21.208643,21.321964,2585041.5
2006-06-26,FDO-201507,21.330683,21.618345,21.31325,21.51374,1894442.8
2006-06-27,FDO-201507,21.600912,21.600912,20.833809,20.851244,2102540.2
2006-06-28,FDO-201507,20.85996,21.051735,20.790224,20.929697,1519661.1
2006-06-29,FDO-201507,21.051735,21.40042,21.016869,21.330683,2265438.8
2006-06-30,FDO-201507,21.435287,21.435287,21.243513,21.295815,1274165.9
2006-07-03,FDO-201507,21.147625,21.478872,20.947132,20.981998,939764.75
2006-07-05,FDO-201507,20.981998,20.981998,20.572298,20.912262,2460687.8
2006-07-06,FDO-201507,20.92098,21.173777,20.746637,20.816374,2131334.2
2006-07-07,FDO-201507,20.746637,20.764072,20.214897,20.241047,2328418.8
2006-07-10,FDO-201507,20.310783,20.424107,20.153877,20.258482,2116191.5
2006-07-11,FDO-201507,20.267199,20.275917,19.569834,19.840063,3075687.8
2006-07-12,FDO-201507,19.892365,19.953384,19.613419,19.709307,1802439.5
2006-07-13,FDO-201507,19.613419,19.622135,18.994507,19.003223,2448986.5
2006-07-14,FDO-201507,19.003223,19.13398,18.80273,18.959639,2429484.8
2006-07-17,FDO-201507,19.046808,19.34319,19.01194,19.25602,2210604
2006-07-18,FDO-201507,19.308321,19.308321,18.889902,19.195,3179392.2
2006-07-19,FDO-201507,19.186283,19.613419,19.116547,19.561117,2098869.2
2006-07-20,FDO-201507,19.595984,19.683155,19.36934,19.386774,1262235.4
2006-07-21,FDO-201507,19.386774,19.386774,19.003223,19.238585,1933561.4
2006-07-24,FDO-201507,19.395493,19.927235,19.395493,19.683155,1999409.2
2006-07-25,FDO-201507,19.691872,19.70059,19.34319,19.613419,2029924
2006-07-26,FDO-201507,19.630854,19.683155,19.49138,19.508814,1235506.1
2006-07-27,FDO-201507,19.587267,19.648289,19.186283,19.229866,1331983.5
2006-07-28,FDO-201507,19.247301,19.630854,19.247301,19.595984,1355385.9
2006-07-31,FDO-201507,19.622135,20.066708,19.534966,19.805193,1125721.6
2006-08-01,FDO-201507,19.787762,19.831347,19.543682,19.831347,1319135.1
2006-08-02,FDO-201507,19.003223,19.45651,18.907335,19.090393,3707780.5
2006-08-03,FDO-201507,19.16013,21.182491,19.16013,20.485126,3328410
2006-08-04,FDO-201507,20.790224,21.008152,20.38052,20.554863,1502568.2
2006-08-07,FDO-201507,20.424107,20.694336,20.249765,20.581015,1113446.9
2006-08-08,FDO-201507,20.720488,20.746637,20.223614,20.275917,812313.75
2006-08-09,FDO-201507,20.441542,20.528711,19.709307,19.718025,818164.4
2006-08-10,FDO-201507,19.718025,20.223614,19.66572,20.17131,1221051.8
2006-08-11,FDO-201507,20.20618,20.345654,19.996971,20.180029,512671.97
2006-08-14,FDO-201507,20.397955,20.964565,20.397955,20.650751,1105531.4
2006-08-15,FDO-201507,20.868677,20.981998,20.511278,20.912262,929440.2
2006-08-16,FDO-201507,21.112755,21.557325,20.746637,21.452723,1503944.9
2006-08-17,FDO-201507,21.374268,21.679367,21.252228,21.391703,724555
2006-08-18,FDO-201507,22.838737,22.838737,21.40042,21.470156,2419045.5
2006-08-21,FDO-201507,21.243513,21.31325,20.851244,20.999434,1454272.2
2006-08-22,FDO-201507,21.008152,21.13019,20.720488,20.816374,1172870.5
2006-08-23,FDO-201507,20.92098,20.964565,20.493843,20.633316,580814.06
2006-08-24,FDO-201507,20.650751,20.694336,20.424107,20.642035,1044960.6
2006-08-25,FDO-201507,20.511278,20.633316,20.319502,20.554863,675570.6
2006-08-28,FDO-201507,20.633316,20.92098,20.598448,20.755356,705282.44
2006-08-29,FDO-201507,20.833809,21.156342,20.6769,21.051735,887683.06
2006-08-30,FDO-201507,21.051735,21.243513,20.877396,21.112755,575995.94
2006-08-31,FDO-201507,22.577225,22.760283,21.862425,22.28956,3177442
2006-09-01,FDO-201507,22.28956,22.91719,22.14137,22.91719,2354459.5
2006-09-05,FDO-201507,23.161268,23.527386,23.1264,23.21357,2067207.1
2006-09-06,FDO-201507,23.00436,23.204855,22.777716,22.873604,1469070.8
2006-09-07,FDO-201507,22.882322,23.239721,22.821302,22.925907,1123083.1
2006-09-08,FDO-201507,22.908474,23.379194,22.908474,23.318176,1755520
2006-09-11,FDO-201507,23.361761,24.242186,23.309458,24.076561,2519996.8
2006-09-12,FDO-201507,24.076561,25.009289,24.067844,24.965702,2990796.8
2006-09-13,FDO-201507,24.935081,25.363789,24.690104,24.73385,2903710.2
2006-09-14,FDO-201507,24.73385,25.600018,24.690104,25.363789,3537943.2
2006-09-15,FDO-201507,25.47753,25.740004,25.232552,25.285048,2859248.8
2006-09-18,FDO-201507,25.381289,25.46003,25.101315,25.285048,1939273.9
2006-09-19,FDO-201507,25.34629,25.801247,25.311295,25.76625,1812404.4
2006-09-20,FDO-201507,25.809996,26.159962,25.512526,25.538773,2209471.5
2006-09-21,FDO-201507,25.521275,25.617516,24.567617,24.567617,2872278.5
2006-09-22,FDO-201507,24.558867,24.567617,23.893932,24.523872,2895480.8
2006-09-25,FDO-201507,24.716352,25.433783,24.672607,25.337542,2503442.8
2006-09-26,FDO-201507,25.34629,25.56502,25.031322,25.46878,2403090.2
2006-09-27,FDO-201507,25.56502,25.86249,25.206305,25.328793,2820502.2
2006-09-28,FDO-201507,25.285048,25.285048,23.841436,24.94383,5790161.5
2006-09-29,FDO-201507,25.022573,25.591267,25.022573,25.582518,3495310.5
2006-10-02,FDO-201507,25.46003,25.46878,24.917582,25.188807,2604138.2
2006-10-03,FDO-201507,25.15381,25.87999,25.110065,25.731255,2027625.2
2006-10-04,FDO-201507,25.678759,26.343695,25.442532,26.343695,1781087
2006-10-05,FDO-201507,26.343695,26.343695,25.809996,26.116217,2293365.2
2006-10-06,FDO-201507,26.107468,26.116217,25.547522,25.547522,1706908.4
2006-10-09,FDO-201507,25.110065,25.547522,24.83009,25.381289,2572135.2
2006-10-10,FDO-201507,25.486277,25.705006,25.37254,25.530024,2253018.5
2006-10-11,FDO-201507,25.285048,25.503775,25.188807,25.363789,1344016.1
2006-10-12,FDO-201507,25.47753,26.439934,25.390038,26.38744,2334169.2
2006-10-13,FDO-201507,26.264952,26.396189,25.897488,26.028725,1249149.8
2006-10-16,FDO-201507,26.17746,26.69366,26.124966,26.509928,1630901
2006-10-17,FDO-201507,26.334946,26.562424,26.07247,26.247454,1241949
2006-10-18,FDO-201507,26.49243,26.763653,26.133715,26.229956,1452598
2006-10-19,FDO-201507,26.151213,26.422438,25.958733,26.081219,941348.44
2006-10-20,FDO-201507,26.404938,26.544926,26.037474,26.256203,1709194.4
2006-10-23,FDO-201507,26.273703,26.973633,26.19496,26.859896,2143979.5
2006-10-24,FDO-201507,26.824898,27.043627,26.711159,26.859896,1434082
2006-10-25,FDO-201507,26.991133,27.034878,26.422438,26.49243,2431550.2
2006-10-26,FDO-201507,26.658663,26.69366,26.308697,26.527426,2373030.2
2006-10-27,FDO-201507,26.527426,26.527426,26.028725,26.081219,1925101
2006-10-30,FDO-201507,25.993727,26.07247,25.05757,25.949982,2657400.8
2006-10-31,FDO-201507,26.002478,26.054974,25.547522,25.76625,2357371.5
2006-11-01,FDO-201507,25.87999,26.247454,25.311295,25.398787,1746455.1
2006-11-02,FDO-201507,25.092566,25.320044,23.893932,24.2264,5538366
2006-11-03,FDO-201507,24.401382,24.738224,23.858936,24.200151,3622065.8
2006-11-06,FDO-201507,24.200151,24.558867,24.138908,24.375135,1915728.6
2006-11-07,FDO-201507,24.44513,24.602613,24.191402,24.313892,1382191.2
2006-11-08,FDO-201507,24.23515,24.488874,24.060165,24.32264,1808632.6
2006-11-09,FDO-201507,24.401382,24.401382,23.692701,23.7102,2059514.1
2006-11-10,FDO-201507,23.928928,24.2264,23.7102,24.208902,1732625.2
2006-11-13,FDO-201507,24.278894,24.550117,23.998922,24.182653,1416937.5
2006-11-14,FDO-201507,24.033918,24.488874,24.033918,24.392633,1313727.4
2006-11-15,FDO-201507,24.261396,24.725101,24.191402,24.523872,2280907
2006-11-16,FDO-201507,24.698854,25.15381,24.550117,25.048819,2065800.4
2006-11-17,FDO-201507,25.040071,25.05757,24.620111,24.891336,1362760.8
2006-11-20,FDO-201507,24.13016,25.101315,24.13016,24.75135,808535.56
2006-11-21,FDO-201507,24.7426,25.180058,24.681355,25.127562,1613756.5
2006-11-22,FDO-201507,25.127562,25.37254,25.040071,25.35504,1139539.1
2006-11-24,FDO-201507,25.363789,25.363789,24.821342,24.873837,492162.03
2006-11-27,FDO-201507,24.698854,24.786345,24.217651,24.270145,1362189.2
2006-11-28,FDO-201507,24.270145,24.453878,23.963924,24.296392,1321842.5
2006-11-29,FDO-201507,24.366386,25.066319,24.366386,24.63761,2357828.8
2006-11-30,FDO-201507,24.63761,24.725101,24.252647,24.401382,1938816.6
2006-12-01,FDO-201507,24.550117,25.16256,24.296392,24.497623,2731350.8
2006-12-04,FDO-201507,24.646358,25.320044,24.585115,25.180058,1140453.5
2006-12-05,FDO-201507,25.197556,25.608767,25.013823,25.45128,1291096.6
2006-12-06,FDO-201507,25.46003,25.696259,25.13631,25.197556,831509.25
2006-12-07,FDO-201507,25.37254,25.486277,25.066319,25.083817,951978.06
2006-12-08,FDO-201507,25.031322,25.232552,24.970078,25.005074,744300.75
2006-12-11,FDO-201507,25.013823,25.582518,24.970078,25.328793,1934130.5
2006-12-12,FDO-201507,25.328793,25.328793,24.95258,25.127562,902258.94
2006-12-13,FDO-201507,25.342705,25.342705,25.061705,25.18464,698761.1
2006-12-14,FDO-201507,25.167078,25.465641,25.140734,25.290014,1474618.2
2006-12-15,FDO-201507,25.693954,25.904703,25.404173,25.439297,1925806.6
2006-12-18,FDO-201507,25.544672,25.843235,25.298796,25.518328,1132753.8
2006-12-19,FDO-201507,25.518328,25.588577,24.859734,25.369047,1312796.4
2006-12-20,FDO-201507,24.921202,26.334986,24.921202,25.81689,2105507.5
2006-12-21,FDO-201507,25.81689,26.15936,25.553453,25.597359,1513451
2006-12-22,FDO-201507,25.509546,26.212048,25.421736,26.133017,1850191
2006-12-26,FDO-201507,26.071548,26.255953,25.781767,26.15058,861835.75
2006-12-27,FDO-201507,26.334986,26.334986,25.95739,26.133017,840312.6
2006-12-28,FDO-201507,25.983736,26.220829,25.852016,25.983736,563131.3
2006-12-29,FDO-201507,25.983736,26.212048,25.693954,25.755423,627700.7
2007-01-03,FDO-201507,25.764204,27.221891,25.650047,25.939829,1773550.5
2007-01-04,FDO-201507,25.790548,25.80811,25.10561,25.746641,1531443.9
2007-01-05,FDO-201507,25.571016,25.799328,25.272453,25.421736,989835.7
2007-01-08,FDO-201507,25.38661,25.825672,25.32514,25.781767,1743942
2007-01-09,FDO-201507,25.790548,26.273516,25.790548,26.220829,1613209
2007-01-10,FDO-201507,26.22961,26.703798,26.053986,26.607203,1540782
2007-01-11,FDO-201507,26.747704,27.019924,26.615984,26.817955,1517322.9
2007-01-12,FDO-201507,26.64233,26.677454,26.422798,26.607203,2412866.8
2007-01-16,FDO-201507,26.677454,26.93211,26.615984,26.853079,1616283.8
2007-01-17,FDO-201507,26.940891,27.134079,26.738924,26.905766,1789949
2007-01-18,FDO-201507,26.967236,27.660955,26.967236,27.62583,1857137.6
2007-01-19,FDO-201507,28.53908,28.749832,28.04733,28.214174,3170389.5
2007-01-22,FDO-201507,28.222954,28.222954,27.581923,27.827799,1288767.9
2007-01-23,FDO-201507,27.83658,27.985863,27.467768,27.617048,1368938.6
2007-01-24,FDO-201507,27.748768,28.275642,27.722424,28.214174,1243330.1
2007-01-25,FDO-201507,27.792673,28.214174,27.353611,27.485329,1731187.5
2007-01-26,FDO-201507,27.485329,27.573141,27.195547,27.379955,1169081.1
2007-01-29,FDO-201507,27.485329,28.100018,27.485329,27.994642,1834134.1
2007-01-30,FDO-201507,27.9683,28.135143,27.581923,27.748768,1537024
2007-01-31,FDO-201507,27.731205,28.5303,27.669737,28.45127,1371216.2
2007-02-01,FDO-201507,28.39858,28.802517,28.293207,28.749832,1572326.4
2007-02-02,FDO-201507,28.741049,28.741049,28.433706,28.53908,870946.06
2007-02-05,FDO-201507,28.565424,28.670801,28.293207,28.460049,935857.06
2007-02-06,FDO-201507,28.468828,29.171331,28.468828,29.127422,1936511.2
2007-02-07,FDO-201507,29.039612,29.250362,28.872768,29.197674,1724354.8
2007-02-08,FDO-201507,28.477612,28.802517,28.073673,28.196611,3374574.5
2007-02-09,FDO-201507,28.32833,28.381018,27.186766,27.397518,2324838.5
2007-02-12,FDO-201507,27.406298,27.56436,27.116516,27.21311,1837326.1
2007-02-13,FDO-201507,27.336048,27.336048,26.984798,27.046267,2098843.5
2007-02-14,FDO-201507,27.046267,27.292143,26.923328,27.221891,1953707
2007-02-15,FDO-201507,27.221891,27.467768,27.116516,27.388737,879600.9
2007-02-16,FDO-201507,27.388737,27.388737,26.870642,27.230673,1846774.6
2007-02-20,FDO-201507,27.239454,27.739986,27.019924,27.107737,2060867
2007-02-21,FDO-201507,27.055048,27.14286,26.870642,26.949673,1308924.5
2007-02-22,FDO-201507,27.002361,27.002361,26.51061,26.756485,1338988.5
2007-02-23,FDO-201507,26.695017,26.844297,26.220829,26.466703,1274988.5
2007-02-26,FDO-201507,26.484266,26.677454,26.247171,26.536953,1175800
2007-02-27,FDO-201507,26.378893,26.414017,25.571016,25.579796,1515614.8
2007-02-28,FDO-201507,25.544672,25.66761,25.25489,25.430515,2908126.2
2007-03-01,FDO-201507,24.97389,25.746641,24.526047,25.491985,2094488.6
2007-03-02,FDO-201507,25.465641,25.685173,25.10561,25.219765,1527799.8
2007-03-05,FDO-201507,25.061705,25.281235,24.666546,24.68411,1902461.5
2007-03-06,FDO-201507,25.228546,25.465641,24.63142,24.780703,2464226.2
2007-03-07,FDO-201507,24.780703,25.45686,24.710453,25.228546,2426646.2
2007-03-08,FDO-201507,25.290014,25.729078,25.290014,25.623703,2301151.5
2007-03-09,FDO-201507,25.623703,25.869577,25.18464,25.272453,1067387.2
2007-03-12,FDO-201507,27.031342,27.877726,26.6346,26.819746,4265759
2007-03-13,FDO-201507,26.819746,26.819746,25.691236,26.03508,3374927.8
2007-03-14,FDO-201507,26.03508,26.11443,24.959469,25.365026,4679869.5
2007-03-15,FDO-201507,25.365026,25.876383,25.294495,25.726503,1418025.5
2007-03-16,FDO-201507,25.726503,25.726503,25.347393,25.514908,1822041.4
2007-03-19,FDO-201507,25.682419,26.096796,25.541355,25.788218,1715536.4
2007-03-20,FDO-201507,25.691236,25.946915,25.603073,25.682419,1428120.2
2007-03-21,FDO-201507,25.717686,26.043898,25.523724,26.03508,1391597.8
2007-03-22,FDO-201507,26.017447,26.326025,25.85875,26.140877,1266264.2
2007-03-23,FDO-201507,26.070345,26.36129,25.990997,26.184961,877560.6
2007-03-26,FDO-201507,26.11443,26.229042,25.75295,25.98218,993706.7
2007-03-27,FDO-201507,25.8323,25.98218,25.365026,25.620705,1935125
2007-03-28,FDO-201507,25.497274,25.497274,24.747873,24.968285,2980779.8
2007-03-29,FDO-201507,25.788218,26.00863,25.53254,25.797035,3804691
2007-03-30,FDO-201507,25.797035,26.273125,25.638338,26.11443,3095564.8
2007-04-02,FDO-201507,26.06153,26.290758,26.00863,26.123243,2231615
2007-04-03,FDO-201507,26.229042,26.863829,26.220226,26.669867,2345492.5
2007-04-04,FDO-201507,26.581701,26.775665,26.467089,26.60815,1440710.2
2007-04-05,FDO-201507,26.51117,26.98726,26.51117,26.855011,1230762.6
2007-04-09,FDO-201507,26.819746,27.057793,26.652233,26.696316,1499237
2007-04-10,FDO-201507,27.436901,28.151037,26.66105,26.916729,2016449.9
2007-04-11,FDO-201507,27.048975,27.16359,26.669867,26.996077,2031195
2007-04-12,FDO-201507,27.172405,27.666128,27.013708,27.436901,2645498.8
2007-04-13,FDO-201507,27.33992,27.454533,26.855011,27.093058,1763741.5
2007-04-16,FDO-201507,27.101873,27.851276,27.101873,27.727846,2324055.5
2007-04-17,FDO-201507,27.771927,28.11577,27.763111,28.001156,2346740.2
2007-04-18,FDO-201507,27.842459,28.080505,27.81601,27.86891,1685592.4
2007-04-19,FDO-201507,28.151037,28.151037,27.657314,27.99234,1527933.2
2007-04-20,FDO-201507,28.36263,28.503696,27.939442,28.177485,1521354.6
2007-04-23,FDO-201507,28.203936,28.406715,28.151037,28.256834,1196508.6
2007-04-24,FDO-201507,28.177485,28.186302,27.577965,27.948257,1567291.2
2007-04-25,FDO-201507,28.151037,28.441978,28.124586,28.300915,1616857.5
2007-04-26,FDO-201507,28.300915,28.345,27.895357,28.062872,1936712.9
2007-04-27,FDO-201507,28.071688,28.186302,27.666128,28.089321,1420180.5
2007-04-30,FDO-201507,27.983522,28.309732,27.939442,28.071688,2643797.5
2007-05-01,FDO-201507,28.389082,29.182564,28.389082,29.138481,3556973.2
2007-05-02,FDO-201507,29.103214,29.350079,28.97097,29.032684,1607734.9
2007-05-03,FDO-201507,29.032684,29.226648,28.732924,29.0415,1711679.9
2007-05-04,FDO-201507,29.050318,29.050318,28.600676,28.76819,3274661
2007-05-07,FDO-201507,28.76819,28.829906,28.292099,28.433163,3550734.8
2007-05-08,FDO-201507,28.406715,28.406715,28.151037,28.336182,2198155
2007-05-09,FDO-201507,28.336182,28.856354,28.133404,28.83872,1773382.5
2007-05-10,FDO-201507,28.777006,28.89162,28.212751,28.84754,4033693.8
2007-05-11,FDO-201507,28.829906,29.323627,28.583042,29.235464,3991727
2007-05-14,FDO-201507,29.244278,29.420609,28.953337,29.209015,2753591.8
2007-05-15,FDO-201507,29.138481,29.261911,28.750557,28.96215,2657408.2
2007-05-16,FDO-201507,28.97097,29.103214,28.64476,28.935703,1284979.2
2007-05-17,FDO-201507,28.953337,29.253098,28.812273,28.94452,1913120.8
2007-05-18,FDO-201507,29.279545,29.59694,29.129667,29.544039,1859471.2
2007-05-21,FDO-201507,29.411795,30.002497,29.314812,29.852617,1902005.2
2007-05-22,FDO-201507,29.861433,29.9496,29.605757,29.632206,1755007.9
2007-05-23,FDO-201507,29.579306,29.87025,29.34126,29.447062,1764422
2007-05-24,FDO-201507,29.447062,29.940783,29.244278,29.34126,1438328.4
2007-05-25,FDO-201507,29.350079,29.614573,29.226648,29.429428,935293.4
2007-05-29,FDO-201507,29.447062,29.764452,29.402975,29.685102,1284979.2
2007-05-30,FDO-201507,29.685102,29.817352,29.21783,29.799719,1359952.4
2007-05-31,FDO-201507,29.879066,30.117111,29.64984,29.667473,1719392.8
2007-06-01,FDO-201507,29.667473,30.064213,29.438242,29.852617,2152445.2
2007-06-04,FDO-201507,29.72037,30.002497,29.623388,29.667473,1417118.1
2007-06-05,FDO-201507,29.508776,29.535225,28.979784,29.173748,1910058.2
2007-06-06,FDO-201507,29.0944,29.182564,28.821087,29.103214,1832034
2007-06-07,FDO-201507,28.953337,29.420609,28.697657,28.697657,2275737
2007-06-08,FDO-201507,28.750557,30.372791,28.433163,30.275808,3368462.8
2007-06-11,FDO-201507,30.07303,30.07303,29.641022,30.064213,1771000.6
2007-06-12,FDO-201507,29.905516,30.07303,29.464691,29.72037,1372542.5
2007-06-13,FDO-201507,29.990194,30.494453,29.751333,30.485605,1771628.1
2007-06-14,FDO-201507,30.405985,30.71562,30.229052,30.644846,1346609.2
2007-06-15,FDO-201507,30.954481,31.140259,30.848318,31.016407,1731613.1
2007-06-18,FDO-201507,31.016407,31.113718,30.87486,31.0341,976413.2
2007-06-19,FDO-201507,30.82178,31.096027,30.3706,31.060638,1460776.5
2007-06-20,FDO-201507,31.211031,31.334885,30.653694,30.653694,1497400.5
2007-06-21,FDO-201507,30.609457,30.724464,30.069815,30.706772,1323436.6
2007-06-22,FDO-201507,30.503298,30.582918,30.069815,30.175972,2180034
2007-06-25,FDO-201507,30.414833,31.0341,30.273287,30.812933,2334891.2
2007-06-26,FDO-201507,30.830624,31.264112,30.830624,30.892551,2332856.8
2007-06-27,FDO-201507,30.751003,30.883705,30.31752,30.883705,2748154.5
2007-06-28,FDO-201507,30.414833,30.919092,29.424004,30.326365,3670762
2007-06-29,FDO-201507,30.582918,30.97217,30.2379,30.361752,1913941.8
2007-07-02,FDO-201507,30.574074,30.582918,29.751333,29.910574,3182216.2
2007-07-03,FDO-201507,29.919418,30.043272,29.689407,29.9725,930520.2
2007-07-05,FDO-201507,29.937113,30.07866,29.786718,29.945957,1466880.5
2007-07-06,FDO-201507,29.9725,30.697926,29.72479,30.609457,1533007.1
2007-07-09,FDO-201507,30.963326,30.963326,30.21136,30.361752,1683120.2
2007-07-10,FDO-201507,30.087503,30.193666,29.247074,29.264767,1746081.9
2007-07-11,FDO-201507,29.309,29.627481,28.893206,29.600939,2900076
2007-07-12,FDO-201507,30.060965,30.768698,29.600939,30.529837,2903806.2
2007-07-13,FDO-201507,30.299826,30.82178,30.069815,30.786392,1665599.5
2007-07-16,FDO-201507,30.786392,31.060638,30.547531,30.927938,1682555
2007-07-17,FDO-201507,30.812933,31.069485,30.494453,30.529837,1519555.8
2007-07-18,FDO-201507,30.273287,30.936787,30.273287,30.671385,2676715
2007-07-19,FDO-201507,30.87486,31.326038,30.724464,31.166798,1630558
2007-07-20,FDO-201507,31.211031,31.237574,30.432528,30.538687,1408779.5
2007-07-23,FDO-201507,30.848318,30.892551,30.087503,30.122892,1350791.6
2007-07-24,FDO-201507,29.945957,30.140585,29.140911,29.202837,1886699.8
2007-07-25,FDO-201507,29.220531,29.406315,28.132393,28.574726,2423173.2
2007-07-26,FDO-201507,28.1147,28.238552,26.796547,27.150414,5113867.5
2007-07-27,FDO-201507,27.115026,27.707752,26.699234,26.752314,3009622.5
2007-07-30,FDO-201507,26.725773,27.035406,26.557688,26.902706,2127130.5
2007-07-31,FDO-201507,27.230034,27.69006,26.194973,26.203821,2343482.2
2007-08-01,FDO-201507,26.01804,26.2569,25.540321,26.09766,4104824
2007-08-02,FDO-201507,26.079966,27.000021,26.079966,26.81424,2379379.2
2007-08-03,FDO-201507,26.885014,26.94694,25.000673,25.000673,2647890.8
2007-08-06,FDO-201507,24.708735,25.814568,24.514107,25.814568,3092012.8
2007-08-07,FDO-201507,25.540321,26.30998,25.469547,25.93842,3263037.8
2007-08-08,FDO-201507,25.27492,26.94694,25.27492,26.876165,3288584
2007-08-09,FDO-201507,24.77066,25.628786,23.107489,23.567514,6654259.5
2007-08-10,FDO-201507,22.116661,23.70906,21.992807,23.09864,6227518
2007-08-13,FDO-201507,23.487894,24.699886,23.36404,23.647133,4302977.5
2007-08-14,FDO-201507,23.62944,23.726753,22.382061,22.390907,3181538
2007-08-15,FDO-201507,22.390907,22.806702,21.718561,21.727407,2349812.2
2007-08-16,FDO-201507,21.568167,23.169415,21.435467,23.160568,3969518.8
2007-08-17,FDO-201507,24.08062,24.169086,23.275574,23.885994,3257951
2007-08-20,FDO-201507,23.97446,24.301786,23.523281,23.770988,2831708
2007-08-21,FDO-201507,23.57636,24.354868,23.425966,24.098314,1913715.6
2007-08-22,FDO-201507,24.045235,24.55834,23.691368,24.461027,2194499.5
2007-08-23,FDO-201507,24.673347,25.03606,23.84176,24.054081,1562396.8
2007-08-24,FDO-201507,24.001,24.95644,23.824068,24.90336,1481236.2
2007-08-27,FDO-201507,24.752966,25.292614,24.63796,24.71758,1163715.5
2007-08-28,FDO-201507,24.620268,24.797201,23.779833,23.832914,2190995.2
2007-08-29,FDO-201507,23.992155,25.097988,23.89484,25.044907,1990241.6
2007-08-30,FDO-201507,24.894514,25.16876,24.629114,24.95644,1469706.5
2007-08-31,FDO-201507,25.38108,26.133047,25.097988,25.903034,2206707.5
2007-09-04,FDO-201507,25.69956,26.01804,25.38108,25.43416,2209194.2
2007-09-05,FDO-201507,25.018368,25.018368,23.76214,24.08062,3259759.8
2007-09-06,FDO-201507,24.461027,25.319155,24.284094,25.009521,3783912
2007-09-07,FDO-201507,24.47872,24.876822,24.071774,24.77066,3028712.2
2007-09-10,FDO-201507,24.77066,24.947594,24.177935,24.37256,2752223.8
2007-09-11,FDO-201507,24.602573,25.27492,24.540648,25.24838,2096609.4
2007-09-12,FDO-201507,25.181763,25.581472,25.004112,25.057407,2733703.5
2007-09-13,FDO-201507,25.17288,25.56371,24.844229,25.199528,2832662.5
2007-09-14,FDO-201507,25.004112,25.53706,24.613285,25.394941,1595504.8
2007-09-17,FDO-201507,25.199528,25.226173,24.444519,24.675463,2068459.5
2007-09-18,FDO-201507,24.835346,26.22101,24.808699,26.034477,3015720
2007-09-19,FDO-201507,26.176598,26.647367,25.519295,25.821299,3057375.2
2007-09-20,FDO-201507,25.71471,25.803534,25.048527,25.128468,1970401
2007-09-21,FDO-201507,24.426754,25.128468,23.431917,24.098103,4101118
2007-09-24,FDO-201507,24.027042,24.391222,23.867159,23.991514,1992016.6
2007-09-25,FDO-201507,23.804981,23.804981,23.058855,23.485214,3478092.2
2007-09-26,FDO-201507,23.538507,24.19581,23.4408,24.08922,1885064.2
2007-09-27,FDO-201507,24.391222,24.462284,23.449682,23.476332,2368714.2
2007-09-28,FDO-201507,23.458565,23.778336,23.396389,23.591803,1895514.1
2007-10-01,FDO-201507,23.538507,23.929337,22.952267,23.218739,8321797.5
2007-10-02,FDO-201507,23.192093,23.893806,23.165445,23.884924,3610037.8
2007-10-03,FDO-201507,23.760569,24.63105,23.565155,24.373459,2783577
2007-10-04,FDO-201507,25.288351,25.56371,23.209856,23.565155,5343567
2007-10-05,FDO-201507,23.61845,24.408989,23.272036,24.240223,3161513
2007-10-08,FDO-201507,24.16916,24.257986,23.840511,23.964865,2182054.2
2007-10-09,FDO-201507,24.098103,24.329046,23.680628,24.257986,2216729.2
2007-10-10,FDO-201507,24.257986,24.915287,24.12475,24.844229,3156334.2
2007-10-11,FDO-201507,25.181763,25.297234,24.497812,24.55999,2669869.8
2007-10-12,FDO-201507,24.773169,24.773169,24.16028,24.346811,1741636.6
2007-10-15,FDO-201507,24.444519,24.480047,23.565155,23.733921,2123174
2007-10-16,FDO-201507,23.867159,23.911572,23.307564,23.423037,1606875.4
2007-10-17,FDO-201507,23.840511,23.884924,22.756853,23.174328,2327509.5
2007-10-18,FDO-201507,23.07662,23.156563,22.13508,22.428202,2209299
2007-10-19,FDO-201507,22.374907,22.39267,21.788664,21.815311,2705333
2007-10-22,FDO-201507,21.62878,22.67691,21.460012,22.401552,2289231.8
2007-10-23,FDO-201507,22.45485,22.52591,21.468895,22.01961,1901501.1
2007-10-24,FDO-201507,21.921902,22.24167,21.460012,22.179491,1387791.9
2007-10-25,FDO-201507,22.24167,22.38379,21.52219,21.859724,2417799.8
2007-10-26,FDO-201507,22.215023,22.534792,21.708723,22.508142,1455453.4
2007-10-29,FDO-201507,22.668028,22.765734,22.38379,22.45485,1546194
2007-10-30,FDO-201507,22.61473,23.138796,22.339376,22.9345,1391056.8
2007-10-31,FDO-201507,22.987795,22.987795,22.206139,22.517025,1803442.6
2007-11-01,FDO-201507,22.046255,22.170609,21.095833,21.158009,2352502.5
2007-11-02,FDO-201507,21.19354,21.380072,20.54512,20.97148,2923065.5
2007-11-05,FDO-201507,20.42965,20.891537,20.207586,20.349707,2516694.8
2007-11-06,FDO-201507,20.367472,20.927065,20.03882,20.882654,3263962.2
2007-11-07,FDO-201507,20.251999,21.273483,20.251999,20.669476,2851126
2007-11-08,FDO-201507,20.784946,21.007008,19.85229,20.633944,3287829.5
2007-11-09,FDO-201507,20.251999,20.314177,19.408167,20.012173,4018258
2007-11-12,FDO-201507,20.163176,21.548838,20.07435,20.882654,3229495.2
2007-11-13,FDO-201507,21.01589,22.152845,21.01589,21.859724,2700379.2
2007-11-14,FDO-201507,21.797548,21.99296,20.607298,20.642828,3433960.2
2007-11-15,FDO-201507,20.607298,20.749418,19.674639,19.843407,3086308.5
2007-11-16,FDO-201507,19.994408,20.00329,19.656874,19.656874,3964219
2007-11-19,FDO-201507,19.541403,19.736816,19.115046,19.292694,3925941.2
2007-11-20,FDO-201507,19.479225,19.96776,18.679806,19.230516,4127011.8
2007-11-21,FDO-201507,18.750864,20.00329,18.750864,19.719053,2232828.5
2007-11-23,FDO-201507,19.81676,20.394117,19.81676,20.269764,804282.06
2007-11-26,FDO-201507,20.376354,20.42965,19.887817,19.914467,2059340.4
2007-11-27,FDO-201507,19.976643,20.713886,19.807877,20.092115,1789932.9
2007-11-28,FDO-201507,20.287529,20.847124,20.118763,20.589533,3427205.2
2007-11-29,FDO-201507,20.456297,21.202423,20.260881,20.953714,2615267.8
2007-11-30,FDO-201507,21.690958,21.690958,20.820477,20.918182,2570685.5
2007-12-03,FDO-201507,21.140244,21.140244,20.696121,20.7583,1324746.2
2007-12-04,FDO-201507,20.678358,20.86489,19.949995,20.696121,2634969.5
2007-12-05,FDO-201507,20.820477,21.19354,20.314177,20.598415,1541015.2
2007-12-06,FDO-201507,19.248281,19.283812,18.333387,18.892984,5962453.5
2007-12-07,FDO-201507,18.892984,18.892984,17.951443,18.031385,6036845
2007-12-10,FDO-201507,18.031385,18.031385,17.596144,17.75603,3009907.5
2007-12-11,FDO-201507,17.818207,17.93368,16.805607,17.027668,4812408
2007-12-12,FDO-201507,17.559364,17.809574,17.00533,17.166176,4263622.5
2007-12-13,FDO-201507,17.11256,17.22873,16.701502,17.18405,4272463
2007-12-14,FDO-201507,16.898094,16.987455,16.460228,16.558525,2635053
2007-12-17,FDO-201507,16.576397,16.835543,16.34406,16.406612,4580205
2007-12-18,FDO-201507,16.558525,17.148306,16.040234,17.06788,3483900
2007-12-19,FDO-201507,17.103624,17.219793,16.826607,16.915968,4409100.5
2007-12-20,FDO-201507,17.014265,17.291283,16.799797,17.192986,3247515.2
2007-12-21,FDO-201507,17.353834,17.505747,17.0232,17.40745,3349117
2007-12-24,FDO-201507,17.380644,17.916805,17.380644,17.89,819040.75
2007-12-26,FDO-201507,17.720213,17.773829,16.81767,17.192986,2489799
2007-12-27,FDO-201507,16.907032,17.201921,16.81767,16.924904,1465696.9
2007-12-28,FDO-201507,17.085752,17.201921,16.871286,16.969584,1304319.4
2007-12-31,FDO-201507,16.889158,17.264473,16.889158,17.18405,2208578.8
2008-01-02,FDO-201507,17.085752,17.148306,16.52278,16.737246,3616245.8
2008-01-03,FDO-201507,16.737246,16.81767,15.5934305,15.727471,4463375
2008-01-04,FDO-201507,15.620237,15.620237,14.807056,15.191307,4487678.5
2008-01-07,FDO-201507,15.182371,15.548749,14.93216,15.459389,4180700.2
2008-01-08,FDO-201507,15.003651,15.468325,14.387062,14.467486,6822243.5
2008-01-09,FDO-201507,14.065363,14.476423,13.064524,14.422805,6742566.5
2008-01-10,FDO-201507,14.172596,14.646207,14.047491,14.422805,4195868
2008-01-11,FDO-201507,14.431742,14.494293,13.993875,14.20834,3545073.5
2008-01-14,FDO-201507,14.297701,14.628336,13.949194,14.521103,4550550
2008-01-15,FDO-201507,14.378125,14.431742,13.8866415,14.16366,4115682.8
2008-01-16,FDO-201507,14.047491,15.316412,14.047491,15.084074,5205200.5
2008-01-17,FDO-201507,15.101946,15.5934305,15.09301,15.298541,5174969
2008-01-18,FDO-201507,15.432581,16.674694,14.726631,15.807896,6173524
2008-01-22,FDO-201507,15.191307,17.335962,15.084074,17.210857,6471754
2008-01-23,FDO-201507,16.915968,18.175953,16.379803,18.167017,6778488.5
2008-01-24,FDO-201507,18.229568,18.229568,16.406612,17.148306,5245934.5
2008-01-25,FDO-201507,17.344898,17.470003,16.058105,16.290443,5238274.5
2008-01-28,FDO-201507,16.34406,17.085752,15.924064,16.969584,3808388.5
2008-01-29,FDO-201507,17.416388,17.43426,16.844479,17.36277,2824398.2
2008-01-30,FDO-201507,17.318089,18.104464,17.06788,17.398514,4687075.5
2008-01-31,FDO-201507,17.085752,19.489553,16.996393,18.801477,7361760
2008-02-01,FDO-201507,18.837221,19.409128,18.470842,19.346577,3476251.2
2008-02-04,FDO-201507,19.275087,19.310833,17.416388,17.61298,4599567
2008-02-05,FDO-201507,17.13937,17.318089,16.504908,16.576397,4547192.5
2008-02-06,FDO-201507,16.65682,17.032135,16.192146,16.245764,3268939.5
2008-02-07,FDO-201507,16.120659,18.27425,16.120659,18.149143,7115885.5
2008-02-08,FDO-201507,18.095528,18.935518,17.505747,17.5683,3756128.5
2008-02-11,FDO-201507,17.630852,18.783606,17.157242,18.74786,3315330.2
2008-02-12,FDO-201507,18.989134,19.45381,17.99723,18.327866,3695587.2
2008-02-13,FDO-201507,18.74786,18.846157,18.1134,18.238504,2143561.5
2008-02-14,FDO-201507,18.050848,18.354673,17.470003,17.755959,2141323.2
2008-02-15,FDO-201507,17.747023,17.764893,17.344898,17.666597,2350811.5
2008-02-19,FDO-201507,17.827446,18.104464,17.06788,17.130432,2315001.5
2008-02-20,FDO-201507,17.0232,17.95255,17.0232,17.764893,2005245.5
2008-02-21,FDO-201507,17.872126,18.131273,17.353834,17.452131,2339397
2008-02-22,FDO-201507,17.514685,17.907871,17.041073,17.907871,1972904.6
2008-02-25,FDO-201507,17.95255,18.256376,17.452131,18.149143,2049448.4
2008-02-26,FDO-201507,18.15808,19.015944,18.15808,18.980198,3442791.2
2008-02-27,FDO-201507,18.989134,19.284023,18.587011,18.685308,2913587.2
2008-02-28,FDO-201507,18.524458,18.667435,17.791702,17.925741,1768452.1
2008-02-29,FDO-201507,17.782764,18.006166,17.0232,17.11256,2078767.8
2008-03-03,FDO-201507,17.121496,17.81851,16.630014,17.532557,2277066.5
2008-03-04,FDO-201507,17.36277,17.648724,17.076817,17.61298,1870510.5
2008-03-05,FDO-201507,17.881062,18.372545,17.666597,17.943615,2425458.5
2008-03-06,FDO-201507,18.140207,18.238504,17.309155,17.335962,2617036.2
2008-03-07,FDO-201507,17.192986,17.461067,16.531717,16.799797,3157878.2
2008-03-10,FDO-201507,16.844479,17.353834,16.719374,16.844479,2961595
2008-03-11,FDO-201507,17.201921,17.836382,16.701502,17.36277,2240356.8
2008-03-12,FDO-201507,17.709036,17.870928,17.016504,17.232357,2580075.2
2008-03-13,FDO-201507,16.980528,17.088455,16.440893,17.043486,3402408.2
2008-03-14,FDO-201507,17.043486,17.313303,16.279001,16.656748,3090864.5
2008-03-17,FDO-201507,16.225039,16.818638,16.189062,16.50385,2354256.2
2008-03-18,FDO-201507,16.863607,17.430223,16.52184,17.25934,2994355
2008-03-19,FDO-201507,17.556139,17.556139,16.926563,16.989521,2298551.8
2008-03-20,FDO-201507,16.971535,18.47352,16.96254,18.437544,3664585.2
2008-03-24,FDO-201507,18.536478,19.795626,18.446537,19.246996,3447661
2008-03-25,FDO-201507,19.363918,19.453856,18.734343,19.130075,2326682
2008-03-26,FDO-201507,18.968185,19.022148,18.104767,18.29364,2493461.2
2008-03-27,FDO-201507,18.29364,18.68038,17.754005,17.780987,2500354.8
2008-03-28,FDO-201507,18.104767,18.104767,16.998516,17.196383,2115539.5
2008-03-31,FDO-201507,17.223364,17.727022,16.890589,17.53815,2180805.8
2008-04-01,FDO-201507,17.556139,18.914223,17.556139,18.824282,4260955.5
2008-04-02,FDO-201507,18.824282,19.8316,18.824282,19.246996,4345934
2008-04-03,FDO-201507,19.175045,19.264984,18.671385,18.986174,2799467.8
2008-04-04,FDO-201507,17.789982,19.184038,17.762999,18.329617,4841602
2008-04-07,FDO-201507,18.365593,18.707361,17.664066,17.771994,3785111
2008-04-08,FDO-201507,17.789982,17.789982,17.00751,17.241352,4264879.5
2008-04-09,FDO-201507,17.250345,17.28632,16.836624,16.899584,3888514.2
2008-04-10,FDO-201507,16.728699,17.933884,16.63876,17.574127,3568186.8
2008-04-11,FDO-201507,17.520163,17.520163,17.151413,17.250345,3504810.8
2008-04-14,FDO-201507,17.25934,17.736017,17.205376,17.51117,2724206
2008-04-15,FDO-201507,17.655071,17.67306,17.223364,17.53815,1983450.2
2008-04-16,FDO-201507,17.71803,17.807968,17.412237,17.736017,2720169.8
2008-04-17,FDO-201507,17.637085,17.834951,17.322298,17.655071,2227504
2008-04-18,FDO-201507,18.419556,18.941202,18.13175,18.446537,3126333
2008-04-21,FDO-201507,18.320623,18.33861,18.077787,18.311628,1562165.8
2008-04-22,FDO-201507,18.239677,18.239677,17.34928,17.475193,2130327.2
2008-04-23,FDO-201507,17.475193,18.230684,17.430223,17.95187,2031816.2
2008-04-24,FDO-201507,18.01483,18.995167,18.01483,18.626415,2265863.2
2008-04-25,FDO-201507,18.788305,19.516815,18.689375,19.471844,2694131.2
2008-04-28,FDO-201507,19.354923,19.80462,19.031143,19.444864,2004353.2
2008-04-29,FDO-201507,19.50782,19.957518,19.264984,19.912546,2069730.8
2008-04-30,FDO-201507,19.8316,20.083431,19.121082,19.246996,2828465.2
2008-05-01,FDO-201507,19.336935,20.038462,18.905228,19.741663,2351365.2
2008-05-02,FDO-201507,20.146389,20.308279,19.516815,19.858583,2161125.8
2008-05-05,FDO-201507,19.921541,19.921541,19.193033,19.327942,1725387.1
2008-05-06,FDO-201507,19.264984,19.426876,18.941202,19.202028,1839241.8
2008-05-07,FDO-201507,19.246996,20.038462,19.246996,19.660717,2947212
2008-05-08,FDO-201507,18.437544,20.326267,18.437544,19.220016,3891738.5
2008-05-09,FDO-201507,18.88724,19.62474,18.84227,19.3909,3267428.2
2008-05-12,FDO-201507,19.480839,19.89456,19.27398,19.858583,1516134.8
2008-05-13,FDO-201507,19.876572,20.1284,19.55279,19.984497,1917629.1
2008-05-14,FDO-201507,20.164377,20.281298,19.651724,19.768644,2321011.5
2008-05-15,FDO-201507,19.705687,20.137394,19.184038,20.1284,2120876.2
2008-05-16,FDO-201507,19.606752,19.669712,19.06712,19.471844,2516476.8
2008-05-19,FDO-201507,19.516815,19.786633,18.860258,18.950197,1939531.8
2008-05-20,FDO-201507,18.734343,18.734343,18.266659,18.437544,2326459.5
2008-05-21,FDO-201507,18.446537,18.617422,17.556139,17.67306,3251528.5
2008-05-22,FDO-201507,17.825956,18.13175,17.340286,17.727022,2432197.8
2008-05-23,FDO-201507,17.610102,17.754005,17.268333,17.53815,1732503
2008-05-27,FDO-201507,17.53815,18.230684,17.457205,17.987846,3028044.5
2008-05-28,FDO-201507,18.167727,18.923216,18.077787,18.437544,2253966.2
2008-05-29,FDO-201507,18.284647,18.95919,18.248672,18.770319,1836239.8
2008-05-30,FDO-201507,18.88724,19.417881,18.662392,19.246996,3633564.2
2008-06-02,FDO-201507,19.202028,19.34593,18.599434,18.806293,2000239.4
2008-06-03,FDO-201507,18.761326,19.282972,18.563457,19.16605,2952437.8
2008-06-04,FDO-201507,19.238003,19.8316,18.896235,19.696693,3589868.2
2008-06-05,FDO-201507,20.39822,21.405539,19.993492,20.739988,4801686.5
2008-06-06,FDO-201507,20.272305,20.551115,19.813614,19.96651,4834931
2008-06-09,FDO-201507,20.047457,20.110415,19.040136,19.220016,3579861.5
2008-06-10,FDO-201507,19.049131,19.300959,18.617422,19.00416,4297901.5
2008-06-11,FDO-201507,19.153444,19.316298,18.77345,18.999638,3814557
2008-06-12,FDO-201507,19.23487,19.750576,19.017733,19.361534,3366474.8
2008-06-13,FDO-201507,19.59677,19.832003,19.144396,19.533436,3319058.2
2008-06-16,FDO-201507,19.45201,19.45201,18.963446,19.298203,3276504.8
2008-06-17,FDO-201507,19.51534,19.569626,18.655834,18.692024,3140223.2
2008-06-18,FDO-201507,18.60155,18.682976,17.769184,17.977276,5351012.5
2008-06-19,FDO-201507,18.058702,18.35727,17.7149,18.17632,3884190
2008-06-20,FDO-201507,18.067749,18.17632,17.43443,17.552046,2589128.5
2008-06-23,FDO-201507,17.868706,17.868706,17.126816,17.21729,3001731
2008-06-24,FDO-201507,17.018246,17.64252,16.674444,17.32586,4899393.5
2008-06-25,FDO-201507,17.488714,18.583456,17.488714,18.004417,4397042
2008-06-26,FDO-201507,17.316813,17.977276,17.271576,17.280622,4031966.5
2008-06-27,FDO-201507,17.407286,17.85966,17.1811,17.57014,4488117.5
2008-06-30,FDO-201507,17.85061,18.66488,17.687757,18.040607,6798161.5
2008-07-01,FDO-201507,17.92299,18.447742,17.46157,18.35727,5961845
2008-07-02,FDO-201507,20.691511,20.899601,19.262014,19.859146,17070750
2008-07-03,FDO-201507,20.067236,20.492466,19.361534,20.37485,3899418.5
2008-07-07,FDO-201507,20.383898,20.981028,20.26628,20.818174,8409997
2008-07-08,FDO-201507,20.890554,21.985294,20.772936,21.876726,8016737.5
2008-07-09,FDO-201507,21.976248,22.116482,21.514828,21.65054,7317460.5
2008-07-10,FDO-201507,21.840534,21.840534,20.429134,20.628178,7657040
2008-07-11,FDO-201507,20.347706,20.736748,19.696291,20.420086,6053863
2008-07-14,FDO-201507,20.54675,21.062456,19.922478,20.3658,5633744.5
2008-07-15,FDO-201507,19.98581,20.248184,19.108208,19.931524,6184507.5
2008-07-16,FDO-201507,19.922478,21.288641,19.768671,21.161976,5451483
2008-07-17,FDO-201507,21.098644,22.057673,20.573893,21.93101,4660984
2008-07-18,FDO-201507,22.582424,22.582424,21.125788,21.54197,5009922
2008-07-21,FDO-201507,21.623396,22.084816,20.818174,21.026264,2820685.5
2008-07-22,FDO-201507,20.637224,21.61435,20.320564,21.306736,5242584.5
2008-07-23,FDO-201507,20.953886,22.636711,20.54675,21.741014,8656365
2008-07-24,FDO-201507,21.795298,22.021484,20.673414,20.76389,3857331.5
2008-07-25,FDO-201507,20.854362,21.161976,20.44723,20.573893,2950888
2008-07-28,FDO-201507,20.555798,21.18912,20.130568,20.30247,2739668
2008-07-29,FDO-201507,20.492466,21.207214,20.275328,21.161976,2778684.8
2008-07-30,FDO-201507,21.315783,21.940058,20.465324,20.845318,3290210.2
2008-07-31,FDO-201507,20.573893,21.415306,20.211994,21.08055,4411742
2008-08-01,FDO-201507,21.107693,21.976248,20.971981,21.768156,6119517
2008-08-04,FDO-201507,21.57816,22.07577,21.25245,21.894821,3825831
2008-08-05,FDO-201507,21.876726,22.85385,21.85863,22.627663,5664250.5
2008-08-06,FDO-201507,22.46481,22.790518,21.741014,22.6729,2847765
2008-08-07,FDO-201507,22.311003,22.46481,21.351973,21.442448,5081986.5
2008-08-08,FDO-201507,21.551016,22.681948,21.53292,22.546236,4009639.8
2008-08-11,FDO-201507,22.374334,24.084303,22.18434,22.871944,3525193.8
2008-08-12,FDO-201507,22.8448,22.989561,21.804346,21.99434,3129833.5
2008-08-13,FDO-201507,21.894821,21.976248,20.990076,21.623396,4417158
2008-08-14,FDO-201507,21.704823,22.835754,21.125788,22.410524,3185097.8
2008-08-15,FDO-201507,22.528141,23.306221,22.274813,22.953371,2657545.5
2008-08-18,FDO-201507,23.089083,23.297174,22.347193,22.482904,2031954.6
2008-08-19,FDO-201507,22.238623,22.410524,21.388163,21.50578,2351713.2
2008-08-20,FDO-201507,21.39721,22.03958,21.035313,21.551016,1999348.8
2008-08-21,FDO-201507,21.125788,21.668634,20.7277,21.324831,2532206.2
2008-08-22,FDO-201507,21.306736,22.238623,21.306736,22.220528,1932589.5
2008-08-25,FDO-201507,22.102911,22.491951,21.388163,21.487684,1461849
2008-08-26,FDO-201507,21.487684,22.021484,21.243402,21.949104,2487000.2
2008-08-27,FDO-201507,21.2615,21.921963,20.691511,21.768156,2563154.2
2008-08-28,FDO-201507,21.949104,22.39243,21.876726,22.39243,3311321.2
2008-08-29,FDO-201507,22.166243,22.681948,22.121006,22.546236,2125240.5
2008-09-02,FDO-201507,22.8448,24.011923,22.491951,22.627663,4015718.8
2008-09-03,FDO-201507,22.301954,23.007656,22.121006,22.92623,4637208
2008-09-04,FDO-201507,22.727186,23.758595,22.166243,23.631931,6293493
2008-09-05,FDO-201507,23.405745,24.699528,23.378601,24.581911,6505703
2008-09-08,FDO-201507,25.341898,25.957125,24.391914,25.088568,4597954
2008-09-09,FDO-201507,24.998093,25.423325,24.726671,24.844286,4136559.5
2008-09-10,FDO-201507,24.952856,25.242374,24.265251,24.391914,4634310
2008-09-11,FDO-201507,23.814728,25.023643,23.814728,24.978193,4822329.5
2008-09-12,FDO-201507,24.541893,24.85094,24.223759,24.787313,3529092
2008-09-15,FDO-201507,24.296474,24.960014,23.787458,24.523714,3710235.5
2008-09-16,FDO-201507,23.841995,25.405405,23.841995,24.396461,3879932.8
2008-09-17,FDO-201507,23.94198,24.496447,22.778513,23.09665,4335509
2008-09-18,FDO-201507,23.187546,26.1962,22.142242,25.914423,5978377.5
2008-09-19,FDO-201507,26.696127,29.541168,24.514624,25.387226,6811054
2008-09-22,FDO-201507,25.469032,25.896242,23.405695,23.51477,5754605
2008-09-23,FDO-201507,23.542038,24.769135,23.396605,23.96925,4120390.2
2008-09-24,FDO-201507,24.223759,24.541893,23.578398,24.123774,2665796.8
2008-09-25,FDO-201507,24.223759,25.323599,23.76019,23.932892,4441674.5
2008-09-26,FDO-201507,23.396605,24.623701,23.278532,24.496447,3632041.5
2008-09-29,FDO-201507,24.087414,24.269207,22.014988,22.851229,6787324.5
2008-09-30,FDO-201507,23.187546,23.569307,21.369627,21.54233,7372389.5
2008-10-01,FDO-201507,21.351448,22.369482,21.28782,22.20587,4789545
2008-10-02,FDO-201507,21.996809,22.596722,21.587776,21.996809,4284021.5
2008-10-03,FDO-201507,23.042112,23.678383,21.660494,22.314943,8373975
2008-10-06,FDO-201507,21.815018,23.242083,21.196924,23.178455,6845303
2008-10-07,FDO-201507,23.269352,23.451141,21.196924,21.233284,4972941.5
2008-10-08,FDO-201507,20.806072,23.451141,20.551565,22.16042,7573498.5
2008-10-09,FDO-201507,22.733065,22.733065,19.76986,19.96074,4364443
2008-10-10,FDO-201507,19.11541,21.851376,17.906494,20.269785,5290667.5
2008-10-13,FDO-201507,21.060581,22.86941,20.906057,22.86941,4871506.5
2008-10-14,FDO-201507,23.432964,23.905622,22.060436,22.987576,5211016
2008-10-15,FDO-201507,22.587633,23.060291,21.187834,21.28782,3699118.2
2008-10-16,FDO-201507,22.287676,23.251171,21.0424,23.142096,4737034
2008-10-17,FDO-201507,23.033022,23.087559,22.042257,22.41493,3486295.8
2008-10-20,FDO-201507,22.951216,22.951216,21.851376,22.505825,3266704
2008-10-21,FDO-201507,22.18769,23.414694,22.042257,22.987576,3517476.5
2008-10-22,FDO-201507,22.524006,22.84214,21.569597,22.351303,3732249.5
2008-10-23,FDO-201507,22.605812,22.687616,21.015133,22.242228,3916348.2
2008-10-24,FDO-201507,20.706087,23.569307,20.587921,22.769423,4554550.5
2008-10-27,FDO-201507,22.496737,23.914711,22.069527,22.587633,4267079
2008-10-28,FDO-201507,23.205725,24.587341,22.087704,24.587341,4921124
2008-10-29,FDO-201507,24.523714,26.314365,23.869265,24.550983,5510479.5
2008-10-30,FDO-201507,25.74172,26.105303,24.205578,24.569162,4329896
2008-10-31,FDO-201507,24.950926,25.578106,24.087414,24.460087,5939871.5
2008-11-03,FDO-201507,24.541893,25.141808,24.132862,24.487356,3797421
2008-11-04,FDO-201507,25.032732,25.032732,23.76019,24.669147,3414094.5
2008-11-05,FDO-201507,24.541893,24.741863,22.914856,23.014843,2515439
2008-11-06,FDO-201507,22.833052,23.96925,22.833052,23.078468,4937956.5
2008-11-07,FDO-201507,23.460232,23.987429,22.851229,23.960161,2991004
2008-11-10,FDO-201507,24.441908,24.778223,23.732922,24.750954,3051753.5
2008-11-11,FDO-201507,24.105595,25.632645,23.932892,25.187254,5097699.5
2008-11-12,FDO-201507,25.123627,25.350866,24.550983,24.896387,3894785
2008-11-13,FDO-201507,24.987284,25.905333,23.223902,25.878063,6393797.5
2008-11-14,FDO-201507,25.450853,25.778078,24.17831,24.241938,4348916.5
2008-11-17,FDO-201507,23.778368,25.196344,23.76019,24.523714,3980623.8
2008-11-18,FDO-201507,24.523714,25.359957,24.14195,24.85094,3771017
2008-11-19,FDO-201507,24.81458,25.27815,23.632935,24.069235,5293088
2008-11-20,FDO-201507,24.341923,24.741863,22.705795,22.787603,8088923.5
2008-11-21,FDO-201507,23.269352,23.460232,21.815018,23.06938,6507114
2008-11-24,FDO-201507,23.623844,25.26906,22.478556,24.696417,6899321
2008-11-25,FDO-201507,25.132717,25.99623,24.896387,25.859884,5264813.5
2008-11-26,FDO-201507,25.478123,26.423439,25.10545,26.259827,3735261.8
2008-11-28,FDO-201507,25.705362,25.705362,24.960014,25.250883,1486952.6
2008-12-01,FDO-201507,25.178165,25.614466,23.578398,23.632935,4390957
2008-12-02,FDO-201507,24.087414,24.332834,22.460377,22.823961,7485854.5
2008-12-03,FDO-201507,22.760336,23.95107,22.533094,23.469322,7352806.5
2008-12-04,FDO-201507,23.578398,23.851086,20.906057,22.005898,9587451
2008-12-05,FDO-201507,21.269642,22.851229,19.806217,22.805782,7732581.5
2008-12-08,FDO-201507,23.405695,23.596575,22.823961,23.29662,4495305
2008-12-09,FDO-201507,22.887589,23.260262,21.024221,21.342358,5366641
2008-12-10,FDO-201507,21.73321,21.73321,20.687908,21.624136,4572923.5
2008-12-11,FDO-201507,21.519053,21.729218,20.906832,21.445951,5027154
2008-12-12,FDO-201507,21.025621,22.51505,20.870283,22.396263,4599018.5
2008-12-15,FDO-201507,22.240923,22.697803,21.628704,22.505913,3426829
2008-12-16,FDO-201507,22.725216,23.529325,22.423676,23.456224,3959354
2008-12-17,FDO-201507,23.218647,24.415672,23.035892,23.565876,3637604.2
2008-12-18,FDO-201507,23.940517,24.187231,23.51105,23.894829,3795416
2008-12-19,FDO-201507,23.940517,24.132406,22.579014,23.136408,4884660
2008-12-22,FDO-201507,23.145546,23.145546,22.250061,22.551601,2719203.5
2008-12-23,FDO-201507,22.725216,22.844006,22.204372,22.350573,2561482.8
2008-12-24,FDO-201507,22.14041,22.505913,21.75663,21.848005,1589366.8
2008-12-26,FDO-201507,21.930244,22.706942,21.930244,22.615564,1288740.8
2008-12-29,FDO-201507,22.661251,22.74349,21.930244,22.350573,1949198.5
2008-12-30,FDO-201507,22.451088,23.310022,22.250061,23.310022,2189086.5
2008-12-31,FDO-201507,23.410536,23.986204,23.072445,23.821728,3509292.8
2009-01-02,FDO-201507,23.867416,23.940517,23.456224,23.748627,2596086
2009-01-05,FDO-201507,23.5476,23.575012,22.816591,23.108995,5319557.5
2009-01-06,FDO-201507,23.273472,23.346573,21.94852,22.231785,8992183
2009-01-07,FDO-201507,24.99134,26.033028,24.35171,25.41167,17329378
2009-01-08,FDO-201507,25.493908,26.106129,25.365982,25.950788,7523637
2009-01-09,FDO-201507,25.923378,26.042166,25.03703,25.128405,4519457
2009-01-12,FDO-201507,25.128405,25.841139,24.88169,25.685799,4454560.5
2009-01-13,FDO-201507,25.585285,25.94165,25.174093,25.539598,2897587.5
2009-01-14,FDO-201507,25.22892,25.320293,24.753763,25.009617,3832933.5
2009-01-15,FDO-201507,25.027891,26.471632,24.72635,26.252329,4812203.5
2009-01-16,FDO-201507,26.435083,26.44422,25.567009,25.950788,3081552.5
2009-01-20,FDO-201507,25.950788,26.14268,25.164957,25.356846,3410413.5
2009-01-21,FDO-201507,25.658386,25.859413,24.817726,25.804588,2910063.2
2009-01-22,FDO-201507,25.64011,25.98734,25.174093,25.503046,3590986
2009-01-23,FDO-201507,25.247192,25.356846,24.708076,25.082718,3337856
2009-01-26,FDO-201507,25.091854,25.18323,24.552736,24.927378,4172210.8
2009-01-27,FDO-201507,25.119267,25.429945,24.936516,25.311157,2448126
2009-01-28,FDO-201507,25.493908,26.115267,25.320293,25.841139,3428908.5
2009-01-29,FDO-201507,25.731487,26.188366,25.155819,25.22892,2236352.8
2009-01-30,FDO-201507,25.384258,26.042166,25.18323,25.37512,4158312
2009-02-02,FDO-201507,25.30202,26.033028,25.082718,25.283745,3131675
2009-02-03,FDO-201507,25.365982,26.928513,25.356846,26.544733,4770289
2009-02-04,FDO-201507,26.581284,26.736624,25.649248,25.868551,2909954
2009-02-05,FDO-201507,24.973066,25.594423,23.675526,24.333433,10071525
2009-02-06,FDO-201507,24.735487,25.190542,24.35171,24.598425,3915496.8
2009-02-09,FDO-201507,24.598425,25.283745,24.35171,25.100992,3248445.2
2009-02-10,FDO-201507,24.973066,25.576147,24.132406,24.360846,4605913
2009-02-11,FDO-201507,24.443085,24.671524,24.00448,24.561872,2587085.8
2009-02-12,FDO-201507,24.589287,25.100992,23.757765,25.03703,3727455
2009-02-13,FDO-201507,24.909103,25.03703,24.187231,24.315159,3465570.2
2009-02-17,FDO-201507,24.11413,24.644112,23.154684,24.223783,3877507.5
2009-02-18,FDO-201507,24.415672,24.753763,23.876553,24.132406,2997176
2009-02-19,FDO-201507,24.260332,24.607563,24.077581,24.315159,3121269.8
2009-02-20,FDO-201507,23.949654,24.854279,23.849142,24.6898,4095604.2
2009-02-23,FDO-201507,24.854279,25.119267,24.30602,24.397398,3786394
2009-02-24,FDO-201507,24.671524,25.201506,24.479637,24.909103,3213668.2
2009-02-25,FDO-201507,24.817726,25.521322,24.525324,25.082718,3805156
2009-02-26,FDO-201507,25.429945,25.777174,24.744625,24.753763,3794978.2
2009-02-27,FDO-201507,24.516186,25.585285,24.488771,25.07358,4163260.8
2009-03-02,FDO-201507,24.79945,25.704073,24.6898,25.311157,5061284
2009-03-03,FDO-201507,25.585285,25.585285,23.81259,24.187231,6071803
2009-03-04,FDO-201507,24.95479,25.292883,24.369984,24.918242,4571404
2009-03-05,FDO-201507,26.745762,28.326565,26.745762,28.015886,12408172
2009-03-06,FDO-201507,28.27174,28.27174,26.955925,27.74176,6348564
2009-03-09,FDO-201507,27.778309,28.902233,27.604694,27.997612,5798895.5
2009-03-10,FDO-201507,28.527592,29.011887,27.961061,28.600693,6548217
2009-03-11,FDO-201507,28.706232,29.165092,27.972057,28.339144,4306332
2009-03-12,FDO-201507,28.173956,28.834713,28.173956,28.6787,3462916.2
2009-03-13,FDO-201507,28.90813,29.174269,28.173956,28.926485,3399953.5
2009-03-16,FDO-201507,29.091675,29.146736,27.981234,28.073006,2681977.2
2009-03-17,FDO-201507,28.082184,29.311926,27.981234,28.94484,2969211.5
2009-03-18,FDO-201507,28.94484,29.596418,28.44927,29.13756,3297307.8
2009-03-19,FDO-201507,29.293571,29.36699,28.192308,28.770472,2767574.5
2009-03-20,FDO-201507,28.880598,28.954016,28.173956,28.320791,3714320.2
2009-03-23,FDO-201507,28.880598,29.339457,27.678387,29.30275,2360092.2
2009-03-24,FDO-201507,28.504333,29.504648,28.293259,28.706232,3244568.2
2009-03-25,FDO-201507,28.90813,29.62395,28.440094,29.45876,3494318
2009-03-26,FDO-201507,29.578064,30.660973,29.229332,30.449898,3392326
2009-03-27,FDO-201507,31.119831,31.119831,30.082808,30.862871,3048102.8
2009-03-30,FDO-201507,30.541668,31.009706,30.137873,30.963821,2676845
2009-03-31,FDO-201507,31.25749,31.25749,30.202112,30.624262,2377635.8
2009-04-01,FDO-201507,30.413187,30.92711,30.119518,30.257177,2931970.2
2009-04-02,FDO-201507,30.706858,30.706858,29.321104,29.486294,4258605
2009-04-03,FDO-201507,29.412874,29.45876,28.87142,29.275217,4085567
2009-04-06,FDO-201507,29.779963,30.862871,29.45876,30.569202,5463502.5
2009-04-07,FDO-201507,30.312239,30.495783,29.853378,29.972683,4287807.5
2009-04-08,FDO-201507,31.009706,32.120144,30.651796,31.78059,8597294
2009-04-09,FDO-201507,31.358437,31.789764,30.706858,31.505274,4126756
2009-04-13,FDO-201507,31.42268,31.90907,31.009706,31.009706,3116315.5
2009-04-14,FDO-201507,30.76192,31.32173,30.339771,31.055592,3146063
2009-04-15,FDO-201507,30.835337,31.15654,30.192938,30.477428,2307134.8
2009-04-16,FDO-201507,30.587557,30.826162,30.110342,30.560022,3419300.5
2009-04-17,FDO-201507,30.697681,30.697681,30.073633,30.119518,2557974.2
2009-04-20,FDO-201507,30.027748,30.73439,29.688189,30.550846,3680105
2009-04-21,FDO-201507,30.771097,30.771097,30.119518,30.385656,2369899
2009-04-22,FDO-201507,30.247997,31.798944,29.963507,30.853691,3240972.2
2009-04-23,FDO-201507,30.972996,31.18407,29.605595,29.91762,3351463.8
2009-04-24,FDO-201507,30.009392,30.660973,29.55971,30.091988,2330235.5
2009-04-27,FDO-201507,29.926798,30.697681,29.62395,30.046103,2605701.2
2009-04-28,FDO-201507,29.963507,31.266666,29.825848,30.504961,2790834.2
2009-04-29,FDO-201507,30.605907,31.15654,30.266354,30.376478,2071692.1
2009-04-30,FDO-201507,30.486607,30.862871,30.147049,30.459072,2476434
2009-05-01,FDO-201507,30.284708,30.468252,29.30275,29.49547,2126251.2
2009-05-04,FDO-201507,29.761608,30.027748,29.321104,29.98186,2638173
2009-05-05,FDO-201507,30.101164,30.284708,29.550533,30.192938,1889359.5
2009-05-06,FDO-201507,30.202112,30.514137,28.61446,29.256863,3988151.5
2009-05-07,FDO-201507,29.825848,29.908443,28.770472,28.935661,3523372.8
2009-05-08,FDO-201507,29.192621,29.192621,27.715097,27.825222,4707108.5
2009-05-11,FDO-201507,27.806868,29.935974,27.403072,29.431229,5922859.5
2009-05-12,FDO-201507,29.449583,29.449583,28.210663,28.293259,3621645.8
2009-05-13,FDO-201507,28.036297,28.495155,27.825222,28.22902,2761912.5
2009-05-14,FDO-201507,28.045475,28.880598,28.045475,28.082184,2801186
2009-05-15,FDO-201507,28.036297,28.265726,27.604969,27.797691,2245896
2009-05-18,FDO-201507,27.907816,28.210663,26.95339,27.568262,4267067
2009-05-19,FDO-201507,27.302122,28.770472,26.98092,28.440094,2900454
2009-05-20,FDO-201507,28.632814,29.07332,27.136932,27.201174,4629723
2009-05-21,FDO-201507,27.274591,27.86193,27.035984,27.292946,3691472.2
2009-05-22,FDO-201507,27.348007,27.770159,26.714783,27.43978,2065448.4
2009-05-26,FDO-201507,27.274591,28.84389,27.164465,28.74294,3358895.2
2009-05-27,FDO-201507,28.788828,29.697369,28.329967,28.412561,2676638
2009-05-28,FDO-201507,28.421738,29.045788,27.100225,27.265413,4300229.5
2009-05-29,FDO-201507,27.357185,27.779337,26.632189,27.779337,3382301
2009-06-01,FDO-201507,27.953701,28.97237,27.806868,28.64199,2475890.2
2009-06-02,FDO-201507,29.605595,30.257177,28.954016,29.844204,4825118.5
2009-06-03,FDO-201507,30.000214,30.000214,29.431229,29.734077,2180076.2
2009-06-04,FDO-201507,28.632814,28.788828,27.41225,28.164778,6930829.5
2009-06-05,FDO-201507,28.577751,28.586927,27.660032,28.320791,2848150.2
2009-06-08,FDO-201507,28.137247,28.577751,27.880285,28.210663,3014869.2
2009-06-09,FDO-201507,28.430916,28.541042,28.06383,28.311613,1912523.5
2009-06-10,FDO-201507,28.44927,28.71541,27.86193,28.155602,2104894
2009-06-11,FDO-201507,28.270823,28.418306,27.054081,27.100168,3407558
2009-06-12,FDO-201507,27.0633,27.330612,26.620846,27.183128,3607949.8
2009-06-15,FDO-201507,26.961903,26.961903,25.86499,26.565538,4652222.5
2009-06-16,FDO-201507,26.620846,26.676153,26.077,26.206047,2775516.2
2009-06-17,FDO-201507,26.11387,27.137041,26.086216,26.72224,4200897.5
2009-06-18,FDO-201507,26.878942,27.118605,26.270573,26.390402,4305608.5
2009-06-19,FDO-201507,26.464144,26.97112,26.11387,26.749895,4249087
2009-06-22,FDO-201507,26.408838,27.155474,26.215265,26.897379,2826505
2009-06-23,FDO-201507,26.860506,26.897379,26.141523,26.298225,2747852.2
2009-06-24,FDO-201507,26.436491,26.731459,26.242918,26.381186,1846004.8
2009-06-25,FDO-201507,26.344315,26.915815,26.270573,26.63928,3135586
2009-06-26,FDO-201507,26.537888,27.109386,26.537888,26.63928,4785578.5
2009-06-29,FDO-201507,26.731459,26.952684,26.390402,26.547104,2551708.8
2009-06-30,FDO-201507,26.602411,26.740677,26.03091,26.086216,3363048.2
2009-07-01,FDO-201507,26.261354,26.648499,25.920298,25.984821,3616560.5
2009-07-02,FDO-201507,25.874208,26.03091,25.606895,25.763596,2521761.2
2009-07-06,FDO-201507,25.616114,26.224483,25.533154,25.846556,3027760.2
2009-07-07,FDO-201507,25.938732,26.058563,25.348797,25.57924,4579320
2009-07-08,FDO-201507,27.883677,28.814669,27.607145,28.740927,14780054
2009-07-09,FDO-201507,29.081984,29.128073,28.123339,28.353783,4882910.5
2009-07-10,FDO-201507,28.123339,28.519701,27.653233,27.819153,3832213
2009-07-13,FDO-201507,27.892895,28.021942,27.376701,27.763847,3279869.5
2009-07-14,FDO-201507,27.800716,28.372217,27.607145,28.270823,3848793
2009-07-15,FDO-201507,28.48283,28.621096,27.874458,28.547354,3687236
2009-07-16,FDO-201507,28.492048,28.519701,27.985073,28.344564,2594669.5
2009-07-17,FDO-201507,28.289259,28.39987,27.902113,28.326128,2908629
2009-07-20,FDO-201507,28.464394,28.621096,28.021942,28.455177,3048576.5
2009-07-21,FDO-201507,28.363,28.56579,27.690105,28.012726,2588691.8
2009-07-22,FDO-201507,27.975855,28.667185,27.856024,28.326128,2506687
2009-07-23,FDO-201507,28.298477,29.063549,28.003508,28.602661,2555115.2
2009-07-24,FDO-201507,28.455177,28.833105,28.187862,28.676403,1906106.2
2009-07-27,FDO-201507,28.519701,28.630314,27.975855,28.630314,1996185.8
2009-07-28,FDO-201507,28.575008,29.17416,28.418306,29.100418,2225490.2
2009-07-29,FDO-201507,29.109636,29.247902,28.621096,29.155725,1696076.5
2009-07-30,FDO-201507,29.293993,29.644266,29.100418,29.229467,2257242
2009-07-31,FDO-201507,29.321644,29.662703,28.805452,28.962152,1659543.8
2009-08-03,FDO-201507,28.925282,29.091202,28.141775,28.694838,2179709
2009-08-04,FDO-201507,28.667185,28.833105,28.363,28.630314,2123155
2009-08-05,FDO-201507,28.61188,28.694838,28.07725,28.261604,1954925.1
2009-08-06,FDO-201507,28.23395,28.630314,27.938984,28.363,2783544.2
2009-08-07,FDO-201507,28.584227,29.072767,28.363,28.952936,2088703
2009-08-10,FDO-201507,28.777798,29.045113,27.966637,28.206299,2067317
2009-08-11,FDO-201507,28.187862,28.989807,28.03116,28.869976,2121876
2009-08-12,FDO-201507,28.593443,28.833105,28.353783,28.575008,2403516.5
2009-08-13,FDO-201507,28.694838,28.694838,27.57949,27.66245,3183748.5
2009-08-14,FDO-201507,27.717758,27.874458,26.878942,27.054081,3183642.2
2009-08-17,FDO-201507,26.906597,26.97112,26.436491,26.8052,2567281
2009-08-18,FDO-201507,26.814419,26.961903,26.436491,26.777548,1811230.5
2009-08-19,FDO-201507,26.703806,27.275307,26.685371,27.238434,2323453.5
2009-08-20,FDO-201507,27.201565,27.229218,26.666935,27.109386,3528492.2
2009-08-21,FDO-201507,27.155474,27.505749,26.998774,27.395136,2435411.5
2009-08-24,FDO-201507,27.395136,27.395136,26.869724,26.943466,1942775.8
2009-08-25,FDO-201507,27.00799,27.690105,26.952684,27.459661,2058746.6
2009-08-26,FDO-201507,28.160208,29.008242,28.012726,28.409088,4746985.5
2009-08-27,FDO-201507,28.575008,28.575008,28.021942,28.381435,2597924
2009-08-28,FDO-201507,28.44596,28.501266,28.11412,28.28004,1025302.9
2009-08-31,FDO-201507,28.224735,28.289259,27.597927,27.911331,2152912.8
2009-09-01,FDO-201507,27.957418,28.363,27.680887,28.058815,3372300
2009-09-02,FDO-201507,27.966637,28.676403,27.892895,28.56579,3169641
2009-09-03,FDO-201507,26.021692,26.749895,25.247402,26.104652,11724945
2009-09-04,FDO-201507,26.31666,26.786764,25.94795,26.510233,4209394
2009-09-08,FDO-201507,26.61163,26.749895,25.901863,25.975605,3926928
2009-09-09,FDO-201507,26.003256,26.150742,25.6622,25.689854,4333055.5
2009-09-10,FDO-201507,25.717506,25.892645,25.450193,25.643764,4146746.5
2009-09-11,FDO-201507,25.778074,25.842913,25.203787,25.259363,3874035.2
2009-09-14,FDO-201507,25.231575,25.370516,24.925907,24.990746,3648933.5
2009-09-15,FDO-201507,25.055584,25.176,24.638763,24.97222,3537433.5
2009-09-16,FDO-201507,25.018534,25.046322,24.685076,25.009272,4426964
2009-09-17,FDO-201507,25.018534,25.101898,24.546137,24.564663,4243237
2009-09-18,FDO-201507,24.759178,24.759178,24.360882,24.472034,5152713
2009-09-21,FDO-201507,24.407196,25.092636,24.360882,24.916643,4656036
2009-09-22,FDO-201507,25.166737,25.231575,24.712866,24.722128,3438956.8
2009-09-23,FDO-201507,24.76844,24.888857,24.49056,24.583187,4491026.5
2009-09-24,FDO-201507,24.675814,24.675814,24.194155,24.370144,4077439.5
2009-09-25,FDO-201507,24.342358,24.546137,24.129314,24.379408,3834661.2
2009-09-28,FDO-201507,24.555399,24.610975,24.04595,24.296043,3717385.5
2009-09-29,FDO-201507,24.268255,24.360882,23.638393,24.03669,5349087
2009-09-30,FDO-201507,24.342358,24.536873,24.221941,24.453508,4766940
2009-10-01,FDO-201507,24.472034,25.268627,24.31457,24.861069,8073462
2009-10-02,FDO-201507,24.749914,25.27789,24.634039,24.66655,4023022.2
2009-10-05,FDO-201507,24.851805,25.027796,24.66655,24.953695,4020624.5
2009-10-06,FDO-201507,25.639133,26.523722,25.49093,26.38015,9299992
2009-10-07,FDO-201507,27.352734,27.500937,26.009642,26.130056,14264032
2009-10-08,FDO-201507,26.38015,26.611717,26.167107,26.565403,6233932
2009-10-09,FDO-201507,26.528353,26.630241,26.296785,26.528353,4429921
2009-10-12,FDO-201507,26.685818,26.75992,26.139318,26.268997,4214968.5
2009-10-13,FDO-201507,26.31531,26.31531,25.926277,26.03743,5394252
2009-10-14,FDO-201507,26.148582,26.306047,26.065218,26.120794,5045185
2009-10-15,FDO-201507,26.065218,26.639505,25.991116,26.565403,3974978
2009-10-16,FDO-201507,26.4172,26.676556,26.065218,26.268997,2844637
2009-10-19,FDO-201507,26.31531,26.676556,26.157845,26.482038,3534825.2
2009-10-20,FDO-201507,26.926647,27.593563,26.908123,27.028538,4968284
2009-10-21,FDO-201507,27.019276,27.20453,26.287521,26.324574,5434596.5
2009-10-22,FDO-201507,26.296785,27.167479,26.17637,27.10264,4770624.5
2009-10-23,FDO-201507,27.260105,27.260105,26.79697,27.019276,4272623.5
2009-10-26,FDO-201507,27.065588,27.111902,26.778444,26.852547,5291995.5
2009-10-27,FDO-201507,26.908123,27.278631,26.574667,27.047064,6547124
2009-10-28,FDO-201507,27.130428,27.223055,26.630241,26.630241,4975875
2009-10-29,FDO-201507,26.713606,26.815496,26.306047,26.685818,2453822
2009-10-30,FDO-201507,26.667294,26.750656,26.185263,26.21342,4015979
2009-11-02,FDO-201507,26.361624,26.630241,26.07448,26.602453,3542908
2009-11-03,FDO-201507,26.491302,26.58393,25.972591,26.333836,3655113
2009-11-04,FDO-201507,26.333836,26.565403,26.046694,26.398674,3164522.5
2009-11-05,FDO-201507,26.500565,26.593191,25.944803,26.565403,2741643.2
2009-11-06,FDO-201507,26.519089,26.72287,26.046694,26.482038,3573474.8
2009-11-09,FDO-201507,26.491302,27.510199,26.370886,27.426834,4459021
2009-11-10,FDO-201507,27.389782,27.491673,27.130428,27.417572,3685861.2
2009-11-11,FDO-201507,27.676926,27.695452,27.315681,27.491673,4073545.5
2009-11-12,FDO-201507,27.537985,27.815868,27.260105,27.417572,2979587
2009-11-13,FDO-201507,27.48241,27.584301,27.24158,27.445358,3645715.2
2009-11-16,FDO-201507,27.62135,28.047436,27.334208,27.982594,2758053.2
2009-11-17,FDO-201507,27.908493,28.112274,27.510199,27.686188,3475123.2
2009-11-18,FDO-201507,27.954807,28.556883,27.880707,28.288265,4483577.5
2009-11-19,FDO-201507,28.316051,28.353104,28.019646,28.056698,3229730.2
2009-11-20,FDO-201507,28.019646,28.390154,27.945545,28.14006,2091899.2
2009-11-23,FDO-201507,28.288265,28.371628,28.056698,28.279001,2358156.5
2009-11-24,FDO-201507,28.510569,28.76066,28.279001,28.76066,3368566.8
2009-11-25,FDO-201507,28.86255,29.297897,28.677296,29.158957,2573549.8
2009-11-27,FDO-201507,28.779186,29.149694,28.519833,28.732874,961491.44
2009-11-30,FDO-201507,28.566145,28.76066,28.158587,28.260477,3434314.5
2009-12-01,FDO-201507,28.343842,28.64951,28.149323,28.566145,2968035.2
2009-12-02,FDO-201507,28.668036,28.936653,28.417942,28.464254,3158337.5
2009-12-03,FDO-201507,27.111902,27.186005,25.583559,26.324574,12241041
2009-12-04,FDO-201507,26.389412,26.750656,25.778074,26.194897,6545612.5
2009-12-07,FDO-201507,26.120794,26.843285,26.111532,26.204159,5243240
2009-12-08,FDO-201507,26.07448,26.426464,26.055954,26.21342,3385948.2
2009-12-09,FDO-201507,26.194897,26.222683,25.759548,25.96333,3959971.5
2009-12-10,FDO-201507,25.981853,26.268997,25.83365,25.852177,3029788.5
2009-12-11,FDO-201507,26.089523,26.479515,26.0616,26.247755,2842155.5
2009-12-14,FDO-201507,26.452524,26.58283,26.0616,26.201216,2927437.2
2009-12-15,FDO-201507,26.210524,26.210524,25.875444,26.042984,3055745
2009-12-16,FDO-201507,26.0616,26.405985,25.996447,26.13606,2597308
2009-12-17,FDO-201507,26.126753,26.452524,26.0616,26.182598,2523714.2
2009-12-18,FDO-201507,26.284985,26.433908,26.0616,26.331524,2283697.2
2009-12-21,FDO-201507,26.433908,26.731754,26.275677,26.322216,2458283.5
2009-12-22,FDO-201507,26.452524,26.452524,25.847523,25.996447,3664702.2
2009-12-23,FDO-201507,26.052292,26.154676,25.977829,26.015062,1934309.5
2009-12-24,FDO-201507,26.126753,26.191906,26.024368,26.080215,803204.75
2009-12-28,FDO-201507,26.154676,26.247755,25.875444,25.959213,1696657.1
2009-12-29,FDO-201507,26.024368,26.108137,25.763752,25.959213,1795607.4
2009-12-30,FDO-201507,25.968521,26.173292,25.949905,26.117445,1462787.8
2009-12-31,FDO-201507,26.089523,26.201216,25.89406,25.903368,1096434.6
2010-01-04,FDO-201507,25.921984,26.042984,25.437983,25.493828,5155071.5
2010-01-05,FDO-201507,25.503136,25.633446,25.270443,25.586906,5841821
2010-01-06,FDO-201507,28.109297,29.086607,27.978989,28.779451,17055644
2010-01-07,FDO-201507,28.70499,28.779451,28.072065,28.416452,4311818
2010-01-08,FDO-201507,28.267529,28.611914,28.034836,28.05345,4238551
2010-01-11,FDO-201507,28.109297,28.472298,27.96968,28.435066,2950231.2
2010-01-12,FDO-201507,27.40191,28.388529,27.36468,28.18376,6650444
2010-01-13,FDO-201507,28.239605,28.267529,27.96968,28.211681,3994428.8
2010-01-14,FDO-201507,28.072065,28.286142,28.025528,28.239605,2490407.5
2010-01-15,FDO-201507,28.062757,28.602606,28.01622,28.490913,3759126
2010-01-19,FDO-201507,28.42576,28.807375,28.34199,28.686375,3021687.2
2010-01-20,FDO-201507,28.593298,28.593298,28.248913,28.453682,2550572.5
2010-01-21,FDO-201507,28.509527,28.82599,28.239605,28.677067,4296329
2010-01-22,FDO-201507,28.70499,28.863222,28.202374,28.25822,3994643.5
2010-01-25,FDO-201507,28.360603,28.639837,28.165144,28.397837,2846348.8
2010-01-26,FDO-201507,28.211681,28.574682,28.155836,28.304758,2806489.2
2010-01-27,FDO-201507,28.248913,28.58399,28.165144,28.509527,2714415.2
2010-01-28,FDO-201507,28.649145,28.714298,28.397837,28.565374,2386152
2010-01-29,FDO-201507,28.639837,28.82599,28.490913,28.74222,3088191
2010-02-01,FDO-201507,28.723606,28.900452,28.565374,28.863222,2759001.8
2010-02-02,FDO-201507,28.853914,29.226221,28.779451,29.133144,1983409.6
2010-02-03,FDO-201507,28.993528,29.272762,28.881838,29.11453,1576971.5
2010-02-04,FDO-201507,29.030762,29.272762,28.881838,28.974913,3589066
2010-02-05,FDO-201507,28.891146,28.946991,28.481606,28.90976,4492832.5
2010-02-08,FDO-201507,28.881838,29.672993,28.798067,29.272762,3811354.8
2010-02-09,FDO-201507,29.421684,29.654377,29.216913,29.412376,2251143.5
2010-02-10,FDO-201507,29.347223,29.458916,29.105223,29.1983,2270482.2
2010-02-11,FDO-201507,29.15176,29.607838,28.956299,29.551992,2148862.8
2010-02-12,FDO-201507,29.430992,29.477531,29.123838,29.440298,1920127.8
2010-02-16,FDO-201507,29.59853,30.12907,29.551992,30.05461,1955474.8
2010-02-17,FDO-201507,30.05461,30.25007,29.87776,30.175608,1453095.8
2010-02-18,FDO-201507,30.194223,30.240765,29.87776,30.156996,1923995.5
2010-02-19,FDO-201507,29.989456,30.445532,29.96153,30.231455,2308730.2
2010-02-22,FDO-201507,30.240765,30.333841,30.063915,30.119764,1604153.2
2010-02-23,FDO-201507,30.082531,30.268686,29.840532,30.119764,1789053.6
2010-02-24,FDO-201507,30.296608,30.855074,30.296608,30.715456,2309160
2010-02-25,FDO-201507,30.426916,30.622381,29.980146,30.482763,2304755
2010-02-26,FDO-201507,30.557226,31.245996,30.557226,30.70615,2591291.5
2010-03-01,FDO-201507,30.687534,30.724762,30.063915,30.454842,3808454
2010-03-02,FDO-201507,30.5293,30.715456,30.305918,30.668919,2043358.9
2010-03-03,FDO-201507,30.622381,30.845764,30.324533,30.352457,2112441.2
2010-03-04,FDO-201507,31.404228,33.256462,31.273918,32.800385,10294149
2010-03-05,FDO-201507,33.116848,33.405384,32.80504,33.01446,3304042.2
2010-03-08,FDO-201507,33.098232,33.13546,32.874847,33.098232,1886929.5
2010-03-09,FDO-201507,32.97723,33.182003,32.82831,33.14477,2137474.2
2010-03-10,FDO-201507,33.191307,33.321617,32.94,33.163387,1855665.1
2010-03-11,FDO-201507,33.22415,33.30829,32.76608,33.018486,1756967.1
2010-03-12,FDO-201507,32.99044,33.29894,32.859566,33.074577,1423882.8
2010-03-15,FDO-201507,33.11197,33.186756,32.887608,33.130665,1088744.5
2010-03-16,FDO-201507,33.17741,33.28024,33.027836,33.102623,1070131.6
2010-03-17,FDO-201507,33.233498,34.065502,33.22415,33.73831,2787648
2010-03-18,FDO-201507,33.80375,33.87854,33.33633,33.785053,1734952.6
2010-03-19,FDO-201507,33.87854,33.92528,33.28959,33.485905,2058644.9
2010-03-22,FDO-201507,33.233498,34.09355,33.186756,33.99072,1580487.4
2010-03-23,FDO-201507,33.99072,34.233776,33.485905,34.14964,2373244.8
2010-03-24,FDO-201507,34.15899,34.196384,33.64483,33.747658,1254762.5
2010-03-25,FDO-201507,34.056156,34.0842,33.654175,33.663525,1528937.2
2010-03-26,FDO-201507,33.672874,34.570316,33.64483,34.523575,2221133
2010-03-29,FDO-201507,34.589016,34.6825,34.355305,34.476833,1986007.8
2010-03-30,FDO-201507,34.411396,34.617058,34.20573,34.570316,1685425.2
2010-03-31,FDO-201507,34.514225,34.72924,34.17769,34.22443,1831546.9
2010-04-01,FDO-201507,34.36465,34.77598,34.36465,34.589016,1477862.1
2010-04-05,FDO-201507,34.85077,35.2434,34.532925,35.04709,2190967.2
2010-04-06,FDO-201507,35.056435,35.42102,34.77598,35.327538,3324884.2
2010-04-07,FDO-201507,36.655006,37.14112,36.34651,36.4026,10411705
2010-04-08,FDO-201507,35.495808,36.552174,35.495808,36.262375,5561176
2010-04-09,FDO-201507,36.29977,36.29977,35.710823,35.981926,3260136.2
2010-04-12,FDO-201507,35.991272,36.000618,35.30884,35.523853,3002337.5
2010-04-13,FDO-201507,35.570595,36.45869,35.523853,36.383904,3875894
2010-04-14,FDO-201507,36.439995,36.468037,36.06606,36.43065,2842227.5
2010-04-15,FDO-201507,36.477386,36.673702,36.262375,36.355858,2184228.2
2010-04-16,FDO-201507,36.17824,36.318462,35.83235,35.907135,2830912.2
2010-04-19,FDO-201507,35.879093,36.10345,35.318188,35.551895,3243662.8
2010-04-20,FDO-201507,35.66408,35.89779,35.336884,35.89779,2734697.8
2010-04-21,FDO-201507,35.963226,36.449345,35.804302,36.4026,2263065.2
2010-04-22,FDO-201507,36.271725,37.356136,36.10345,37.225258,2979339
2010-04-23,FDO-201507,37.309395,37.739418,37.225258,37.655285,3076361
2010-04-26,FDO-201507,37.804855,37.860947,37.243954,37.32809,2184244.2
2010-04-27,FDO-201507,37.225258,37.571148,36.63631,36.711098,2646982
2010-04-28,FDO-201507,36.701748,37.094383,36.486736,36.664356,1965045.9
2010-04-29,FDO-201507,36.879368,37.393528,36.664356,37.337437,1607871.8
2010-04-30,FDO-201507,37.44027,37.589844,36.496086,36.9822,3084597.8
2010-05-03,FDO-201507,36.99155,37.272,36.841976,37.066338,1839034.8
2010-05-04,FDO-201507,36.76719,37.14112,36.1315,36.860672,2761761.2
2010-05-05,FDO-201507,36.43065,37.748768,36.43065,37.412228,3791351.2
2010-05-06,FDO-201507,37.094383,37.30005,35.04709,36.542828,4115899.2
2010-05-07,FDO-201507,36.337162,36.888718,35.449062,36.421295,4393273.5
2010-05-10,FDO-201507,36.9822,37.21591,36.524128,37.056988,3115726.2
2010-05-11,FDO-201507,36.785885,37.79551,36.486736,37.374832,2190703
2010-05-12,FDO-201507,37.48701,38.001175,37.337437,38.001175,1429552.1
2010-05-13,FDO-201507,37.945084,37.97313,37.44027,37.739418,5017766.5
2010-05-14,FDO-201507,37.543102,38.038567,37.28135,37.580498,2805169.8
2010-05-17,FDO-201507,37.711376,37.91704,37.28135,37.870296,2231617
2010-05-18,FDO-201507,38.047916,38.42185,37.430923,37.44027,3739011.5
2010-05-19,FDO-201507,37.46832,39.104286,37.15982,38.636868,6189591.5
2010-05-20,FDO-201507,38.31902,38.85188,37.617893,37.617893,4373629.5
2010-05-21,FDO-201507,37.645935,39.076237,37.580498,38.571423,5453029
2010-05-24,FDO-201507,38.599472,39.141674,38.505985,38.739697,2112313
2010-05-25,FDO-201507,38.1414,39.06689,37.97313,39.001453,2588186.8
2010-05-26,FDO-201507,39.29125,39.328644,37.84225,38.01987,3170709
2010-05-27,FDO-201507,38.618168,38.739697,37.991825,38.047916,3927203.5
2010-05-28,FDO-201507,38.01987,38.459244,37.477665,38.08531,2580981.2
2010-06-01,FDO-201507,38.160095,38.52468,37.617893,37.62724,3711337.2
2010-06-02,FDO-201507,37.776814,37.804855,37.075684,37.477665,6037644.5
2010-06-03,FDO-201507,35.70147,36.281075,35.523853,36.140846,8383239.5
2010-06-04,FDO-201507,35.70147,36.24368,35.579945,35.682774,4421787.5
2010-06-07,FDO-201507,35.794956,36.281075,34.925556,34.9536,3501354.5
2010-06-08,FDO-201507,35.037735,35.392975,34.72924,35.355583,2811716.5
2010-06-09,FDO-201507,35.467762,36.028667,35.29949,35.570595,2296119.2
2010-06-10,FDO-201507,36.215633,36.468037,35.88844,36.159542,2116516
2010-06-11,FDO-201507,35.535374,36.3238,35.535374,36.20178,2328469.5
2010-06-14,FDO-201507,36.248707,36.999588,36.248707,36.586605,2269871.5
2010-06-15,FDO-201507,36.708622,37.074677,36.464584,37.037132,2445026
2010-06-16,FDO-201507,36.87757,37.17792,36.62415,36.915115,2063819.8
2010-06-17,FDO-201507,36.915115,37.18731,36.680466,37.17792,1701897.5
2010-06-18,FDO-201507,37.384415,37.384415,36.87757,36.98082,2606863
2010-06-21,FDO-201507,37.149765,37.149765,36.305027,36.64292,2485725
2010-06-22,FDO-201507,36.54906,36.933884,36.014057,36.08915,2477259.2
2010-06-23,FDO-201507,36.173622,37.008976,36.117306,36.78371,3040274.8
2010-06-24,FDO-201507,36.74617,37.102833,36.511517,36.699234,3284788
2010-06-25,FDO-201507,36.652306,36.699234,35.713707,35.81695,4362883.5
2010-06-28,FDO-201507,35.75125,36.305027,35.68555,36.183006,2251759.2
2010-06-29,FDO-201507,35.81695,35.938972,35.385197,35.741867,3486897.5
2010-06-30,FDO-201507,35.648006,36.08915,35.366425,35.37581,4258792.5
2010-07-01,FDO-201507,35.19748,36.4552,35.122387,36.370728,4086407.8
2010-07-02,FDO-201507,36.351955,36.755554,36.15485,36.248707,2753464.2
2010-07-06,FDO-201507,37.17792,37.58152,36.38011,37.01836,4199936.5
2010-07-07,FDO-201507,34.72818,35.056686,33.686333,34.03361,15256389
2010-07-08,FDO-201507,34.108704,34.258877,33.141945,34.07116,5194117
2010-07-09,FDO-201507,34.127476,34.249493,33.554928,33.789577,2997551.5
2010-07-12,FDO-201507,33.80835,34.061775,33.611244,33.892826,1840394.2
2010-07-13,FDO-201507,34.024227,34.512302,34.024227,34.296425,2682827.2
2010-07-14,FDO-201507,34.32458,34.95344,34.13686,34.80327,3505862
2010-07-15,FDO-201507,34.72818,35.770023,34.587387,35.760635,4149587
2010-07-16,FDO-201507,35.807568,35.9859,35.535374,35.779408,4232050.5
2010-07-19,FDO-201507,35.873272,35.995285,35.525986,35.788795,4126041.5
2010-07-20,FDO-201507,35.619846,36.0516,35.319496,36.004673,5022164
2010-07-21,FDO-201507,35.995285,36.539677,35.385197,35.957745,6604734.5
2010-07-22,FDO-201507,36.164234,36.605377,36.07976,36.333183,2450459.8
2010-07-23,FDO-201507,36.3895,37.140377,36.29564,37.04652,3448862.2
2010-07-26,FDO-201507,36.896343,37.309326,36.53029,37.262398,2926062
2010-07-27,FDO-201507,37.412575,37.48766,36.952656,37.04652,3550503
2010-07-28,FDO-201507,38.388718,39.66521,38.25731,38.754772,8660670
2010-07-29,FDO-201507,38.78293,39.280384,38.088367,38.463802,4672945.5
2010-07-30,FDO-201507,38.266697,39.073895,38.09775,38.811085,3072450.2
2010-08-02,FDO-201507,39.477493,39.881092,38.764156,39.346085,3671676
2010-08-03,FDO-201507,39.233456,39.421177,38.764156,38.8674,1755398.5
2010-08-04,FDO-201507,38.70784,39.468105,38.642136,39.43056,2181441.8
2010-08-05,FDO-201507,39.2053,39.486877,38.84863,39.3367,1529619.5
2010-08-06,FDO-201507,39.139595,39.43056,38.70784,39.421177,1578415.6
2010-08-09,FDO-201507,39.41179,40.181442,39.4024,40.125126,2553592
2010-08-10,FDO-201507,39.918633,40.247143,39.6746,40.078194,2107182.2
2010-08-11,FDO-201507,40.200214,40.341003,39.881092,40.012493,2993929
2010-08-12,FDO-201507,39.515034,40.32223,39.449333,40.29407,2036012.4
2010-08-13,FDO-201507,40.284683,40.500565,40.125126,40.284683,1392368.2
2010-08-16,FDO-201507,39.956177,40.36916,39.646442,40.265915,1930642.6
2010-08-17,FDO-201507,40.46302,40.829075,40.22837,40.678898,1532922.4
2010-08-18,FDO-201507,40.62258,41.15758,40.406704,40.88539,1891754.9
2010-08-19,FDO-201507,40.80092,41.32653,40.416092,40.519333,1766461.8
2010-08-20,FDO-201507,40.35039,40.481792,39.946793,40.200214,3360432.5
2010-08-23,FDO-201507,40.284683,40.613197,40.125126,40.2753,2250161.2
2010-08-24,FDO-201507,40.068806,40.753986,39.712143,40.519333,1922971.6
2010-08-25,FDO-201507,39.721527,40.284683,39.31793,40.190826,2951054.5
2010-08-26,FDO-201507,40.237755,40.594425,39.99372,40.434864,1776664.2
2010-08-27,FDO-201507,40.500565,40.81969,40.16267,40.678898,1656084.6
2010-08-30,FDO-201507,40.62258,40.763374,40.30346,40.312847,1393565.8
2010-08-31,FDO-201507,40.2096,40.7446,40.050034,40.16267,2665780.5
2010-09-01,FDO-201507,40.378548,41.251446,40.32223,40.62258,2127318.5
2010-09-02,FDO-201507,40.725826,41.044952,40.58504,40.829075,2976882.2
2010-09-03,FDO-201507,40.988636,41.364075,39.6746,39.89986,4047946.2
2010-09-07,FDO-201507,39.82477,40.16267,39.637054,39.66521,2256021
2010-09-08,FDO-201507,39.637054,40.04065,39.561966,39.843544,1501172.9
2010-09-09,FDO-201507,40.05942,40.068806,39.61828,39.787228,1595142.8
2010-09-10,FDO-201507,39.75907,40.44425,39.702755,39.984333,2382166.5
2010-09-13,FDO-201507,40.290493,40.55426,39.941944,40.4789,1176081
2010-09-14,FDO-201507,40.49774,41.138317,40.46948,40.53542,2010770.5
2010-09-15,FDO-201507,40.5731,40.86513,39.989044,40.78977,3161586.8
2010-09-16,FDO-201507,40.13035,40.526,39.941944,40.46948,1352402.9
2010-09-17,FDO-201507,40.73325,41.044113,40.39412,40.94049,2586868.5
2010-09-20,FDO-201507,41.19484,41.90136,41.19484,41.392662,2101319.8
2010-09-21,FDO-201507,41.722374,41.722374,40.91223,41.10064,2386343.5
2010-09-22,FDO-201507,41.10064,41.157158,40.752087,40.92165,1216419.5
2010-09-23,FDO-201507,40.85571,41.0818,40.629623,40.76151,1504627.9
2010-09-24,FDO-201507,40.997013,41.25136,40.82745,40.883972,2111298.2
2010-09-27,FDO-201507,40.931072,41.00643,40.42238,40.4789,3640129.2
2010-09-28,FDO-201507,40.63904,41.11477,40.356434,40.82745,3720097.2
2010-09-29,FDO-201507,42.40063,42.485416,41.458607,41.49629,8751780
2010-09-30,FDO-201507,41.816578,42.004982,40.90281,41.59991,5053358.5
2010-10-01,FDO-201507,41.750633,41.9202,41.37382,41.731792,2821608.2
2010-10-04,FDO-201507,41.797737,41.995564,41.55281,41.797737,2456299
2010-10-05,FDO-201507,42.03324,42.86223,41.844837,42.711502,3592147.8
2010-10-06,FDO-201507,42.86223,43.2673,42.62672,43.15426,4591926
2010-10-07,FDO-201507,43.370922,43.60643,42.96585,43.58759,3229419.2
2010-10-08,FDO-201507,43.24846,43.27672,42.67382,42.871647,3267634.8
2010-10-11,FDO-201507,43.003532,43.61585,42.96585,43.465122,2209066.2
2010-10-12,FDO-201507,43.710052,43.73831,43.1731,43.436863,2503856
2010-10-13,FDO-201507,43.60643,43.66295,43.003532,43.389763,2809506.5
2010-10-14,FDO-201507,43.465122,43.493385,42.62672,43.06005,2789092
2010-10-15,FDO-201507,43.418022,43.474545,42.67382,42.92817,2853846
2010-10-18,FDO-201507,42.81513,43.1731,42.749184,43.07889,2537719.2
2010-10-19,FDO-201507,42.843388,43.144836,42.20281,42.391212,2580817.8
2010-10-20,FDO-201507,42.428894,43.088314,42.089764,42.777443,3512956.8
2010-10-21,FDO-201507,42.86223,43.050632,42.40063,42.60788,2062663.9
2010-10-22,FDO-201507,42.664402,43.02237,42.59846,42.786865,1193808.8
2010-10-25,FDO-201507,42.95643,43.52165,42.95643,43.23904,1814810
2010-10-26,FDO-201507,43.2673,43.823093,43.088314,43.68179,1748039.1
2010-10-27,FDO-201507,43.69121,43.92672,43.02237,43.52165,2608099.5
2010-10-28,FDO-201507,43.69121,43.86078,43.088314,43.35208,1059523.8
2010-10-29,FDO-201507,43.33324,43.56875,43.088314,43.493385,1019822.2
2010-11-01,FDO-201507,43.64411,44.218746,43.493385,43.870197,1718846.8
2010-11-02,FDO-201507,44.077442,44.65208,44.077442,44.29411,2843336.8
2010-11-03,FDO-201507,44.40715,44.670918,43.90788,44.44483,2893820.5
2010-11-04,FDO-201507,44.71802,45.123093,44.463673,45.00063,2384432.8
2010-11-05,FDO-201507,45.08541,45.72599,45.06657,45.622368,1823172.9
2010-11-08,FDO-201507,45.556423,45.631786,45.226715,45.622368,1496029.4
2010-11-09,FDO-201507,45.59411,45.64121,45.151352,45.207874,1387694.9
2010-11-10,FDO-201507,45.11367,45.68831,44.925266,45.575268,2372119
2010-11-11,FDO-201507,45.42454,45.857872,45.170193,45.70715,1672988.2
2010-11-12,FDO-201507,45.528164,45.82019,45.30208,45.556423,1657065.1
2010-11-15,FDO-201507,45.79193,46.036858,45.14193,45.42454,1601652.6
2010-11-16,FDO-201507,45.217293,45.73541,44.79338,45.207874,3843455.8
2010-11-17,FDO-201507,45.217293,45.64121,44.991207,45.59411,2466465.5
2010-11-18,FDO-201507,45.98034,46.950626,45.79193,45.857872,2961380.2
2010-11-19,FDO-201507,46.09338,46.11222,45.669468,46.0086,1581908
2010-11-22,FDO-201507,46.02744,46.677437,45.970917,46.357147,1817465
2010-11-23,FDO-201507,46.1028,46.62092,45.857872,46.52671,2001216.6
2010-11-24,FDO-201507,46.52671,47.96801,46.52671,47.74193,1799948.5
2010-11-26,FDO-201507,47.53468,48.16584,47.51584,47.732506,785115.5
2010-11-29,FDO-201507,47.318016,47.37454,46.649178,47.299175,1874893.2
2010-11-30,FDO-201507,47.21439,47.52526,47.025986,47.289753,1720757.5
2010-12-01,FDO-201507,47.694828,47.817287,47.10135,47.39338,1780840.8
2010-12-02,FDO-201507,47.449898,47.83613,47.14845,47.675987,1651651.2
2010-12-03,FDO-201507,47.50642,48.137577,47.289753,48.109318,1436901.5
2010-12-06,FDO-201507,48.11874,48.11874,47.657146,47.96801,1280324.2
2010-12-07,FDO-201507,48.2883,48.712215,47.930332,47.93975,1914807.1
2010-12-08,FDO-201507,48.024536,48.109318,47.50642,47.60062,1723054.8
2010-12-09,FDO-201507,48.22236,48.80642,46.47961,46.630337,2812870.8
2010-12-10,FDO-201507,46.7528,47.14845,46.47961,46.87526,2048985.9
2010-12-13,FDO-201507,47.02173,47.257973,46.294106,46.3319,1810003.6
2010-12-14,FDO-201507,46.284653,46.643745,45.953915,46.49255,1460468.9
2010-12-15,FDO-201507,46.322453,46.75714,46.322453,46.49255,939464.25
2010-12-16,FDO-201507,46.43585,47.002834,46.3697,46.908333,1017597.94
2010-12-17,FDO-201507,46.520897,47.45642,46.520897,46.85164,2326210.2
2010-12-20,FDO-201507,46.974483,47.163475,46.577595,46.99338,1321522.8
2010-12-21,FDO-201507,47.002834,47.191826,46.350803,46.473648,1330517.8
2010-12-22,FDO-201507,46.587044,46.65319,46.265755,46.388603,1266600.4
2010-12-23,FDO-201507,46.388603,47.06898,46.294106,46.936684,1116966.1
2010-12-27,FDO-201507,46.77604,47.087883,46.539795,46.861088,972305.5
2010-12-28,FDO-201507,46.85164,46.974483,46.539795,46.861088,778119.56
2010-12-29,FDO-201507,46.95558,47.40917,46.870533,47.210724,864577.25
2010-12-30,FDO-201507,47.220177,47.73991,47.04063,47.560368,964997.3
2010-12-31,FDO-201507,47.513115,47.56027,46.965034,46.974483,795020.6
2011-01-03,FDO-201507,47.305225,47.995052,47.27687,47.513115,2318379.2
2011-01-04,FDO-201507,47.72101,47.76646,46.265755,46.596497,3868142
2011-01-05,FDO-201507,42.693768,43.648186,42.381924,42.514225,11803226
2011-01-06,FDO-201507,42.55202,42.58037,41.82439,41.94724,5383821
2011-01-07,FDO-201507,41.95669,42.136234,41.30466,41.484207,3288050.8
2011-01-10,FDO-201507,41.27631,41.70155,41.153465,41.522003,3144992.5
2011-01-11,FDO-201507,41.427505,41.569252,40.832172,40.860527,3375736
2011-01-12,FDO-201507,40.803825,41.247963,40.68098,40.94557,2877901.5
2011-01-13,FDO-201507,41.068417,41.134563,40.869972,40.926674,2126627.2
2011-01-14,FDO-201507,40.973923,41.106216,40.65263,40.841625,2445553.5
2011-01-18,FDO-201507,40.784927,41.23851,40.784927,41.153465,2799628.2
2011-01-19,FDO-201507,41.27631,41.408607,40.91722,41.30466,2655832.2
2011-01-20,FDO-201507,41.34246,41.994488,41.34246,41.82439,3526565.2
2011-01-21,FDO-201507,42.183483,42.32523,41.31411,41.389706,2637754.2
2011-01-24,FDO-201507,41.39916,41.408607,40.96447,41.04952,1649998.6
2011-01-25,FDO-201507,41.115665,41.144016,40.397488,40.510883,3105282.2
2011-01-26,FDO-201507,40.61483,41.04007,40.25574,40.567585,2220810
2011-01-27,FDO-201507,41.31411,41.370808,40.397488,40.558132,2566535.2
2011-01-28,FDO-201507,40.898323,40.898323,39.877754,40.142345,2367904.8
2011-01-31,FDO-201507,40.491985,41.058968,39.97225,40.142345,2244514.5
2011-02-01,FDO-201507,40.37859,40.41639,39.641514,40.085648,2248959
2011-02-02,FDO-201507,39.868305,40.085648,39.03673,39.10288,3655283.5
2011-02-03,FDO-201507,39.42417,39.79271,39.159576,39.40527,2082075.6
2011-02-04,FDO-201507,39.38637,39.76436,39.206825,39.225723,2000803.2
2011-02-07,FDO-201507,39.310772,39.68876,39.216274,39.537567,1900588.5
2011-02-08,FDO-201507,39.556465,41.607048,39.556465,41.58815,4438481.5
2011-02-09,FDO-201507,41.31411,41.711,41.31411,41.5787,2892577
2011-02-10,FDO-201507,41.484207,41.5787,41.26686,41.436954,2512671
2011-02-11,FDO-201507,41.34246,41.82439,41.106216,41.729897,1367132.6
2011-02-14,FDO-201507,41.66375,41.852745,41.380257,41.418056,2057101.2
2011-02-15,FDO-201507,40.803825,41.6165,40.67153,41.5409,4430085.5
2011-02-16,FDO-201507,52.44586,52.559258,50.215733,50.31968,20004104
2011-02-17,FDO-201507,50.168484,50.22518,49.5259,49.771595,5646367
2011-02-18,FDO-201507,49.799946,50.055088,49.421955,49.6582,3997473
2011-02-22,FDO-201507,49.062866,49.592052,48.127346,48.24074,2800548.8
2011-02-23,FDO-201507,48.127346,49.185715,46.634293,47.550915,4123387
2011-02-24,FDO-201507,47.72101,48.146248,46.77604,47.286324,3653103.5
2011-02-25,FDO-201507,45.613728,47.843857,45.547577,47.75881,2892237.5
2011-02-28,FDO-201507,47.012283,47.39027,46.256306,47.324123,2295631.5
2011-03-01,FDO-201507,47.087883,47.513115,46.77604,47.35247,2791098.8
2011-03-02,FDO-201507,46.70044,47.815506,46.624844,47.61706,1668835.1
2011-03-03,FDO-201507,46.624844,48.335243,46.539795,48.193497,3325712.2
2011-03-04,FDO-201507,47.910004,48.07065,47.503666,47.768257,1237344.5
2011-03-07,FDO-201507,47.36192,48.099,47.248524,47.806057,1824514.1
2011-03-08,FDO-201507,47.75881,47.97615,47.191826,47.39027,1545868.4
2011-03-09,FDO-201507,47.295773,48.0045,47.257973,47.74936,973257.94
2011-03-10,FDO-201507,47.47532,47.947803,47.305225,47.862755,983311.1
2011-03-11,FDO-201507,48.13777,49.190434,48.128292,48.62143,2258708.2
2011-03-14,FDO-201507,48.697292,49.96807,47.995525,48.744713,3593455.2
2011-03-15,FDO-201507,48.185192,48.668846,47.63041,48.128292,1526078.1
2011-03-16,FDO-201507,47.881725,48.50763,47.6636,48.242092,3525774
2011-03-17,FDO-201507,48.687813,48.725746,48.080875,48.42228,2608328.5
2011-03-18,FDO-201507,48.725746,48.830067,48.403313,48.611942,2204304.8
2011-03-21,FDO-201507,48.84903,48.90593,48.42228,48.479176,740771.75
2011-03-22,FDO-201507,48.716263,48.93438,48.479176,48.687813,1311187
2011-03-23,FDO-201507,48.51711,49.35165,48.280025,49.0956,1354549
2011-03-24,FDO-201507,49.285267,49.418034,49.076633,49.2663,886950.2
2011-03-25,FDO-201507,49.361134,49.560284,49.161983,49.332684,742597.06
2011-03-28,FDO-201507,49.560284,49.693054,48.64988,48.744713,644381.25
2011-03-29,FDO-201507,48.403313,49.76892,48.156742,49.693054,1699210
2011-03-30,FDO-201507,50.31896,50.43276,49.01973,49.550804,1689371.8
2011-03-31,FDO-201507,49.607704,49.693054,48.50763,48.668846,1259884.8
2011-04-01,FDO-201507,49.06715,49.143017,48.64988,48.867996,913173.94
2011-04-04,FDO-201507,48.953346,49.285267,48.67833,49.256817,597675.5
2011-04-05,FDO-201507,49.228367,50.110325,49.048183,49.256817,1085289.2
2011-04-06,FDO-201507,49.342167,49.503387,49.143017,49.247334,541167.3
2011-04-07,FDO-201507,49.133533,49.759438,49.133533,49.503387,1297591.6
2011-04-08,FDO-201507,49.427517,49.645634,48.943867,49.076633,877480
2011-04-11,FDO-201507,49.076633,49.503387,48.972313,49.313717,630553.94
2011-04-12,FDO-201507,49.114567,49.484417,48.84903,49.171463,699748.5
2011-04-13,FDO-201507,49.171463,49.2369,48.54082,48.73523,1837660.2
2011-04-14,FDO-201507,48.63091,48.830067,48.479176,48.73523,1470779.4
2011-04-15,FDO-201507,48.87748,49.446484,48.754196,49.304234,748676.06
2011-04-18,FDO-201507,49.048183,49.37062,48.925465,49.275784,691329.56
2011-04-19,FDO-201507,49.313717,49.437004,48.9818,49.285267,701876.44
2011-04-20,FDO-201507,49.57925,50.31896,49.285267,49.74047,542616.2
2011-04-21,FDO-201507,49.721504,49.759438,49.161983,49.503387,621520.3
2011-04-25,FDO-201507,49.275784,49.4939,48.90593,49.256817,360029.88
2011-04-26,FDO-201507,49.512867,49.645634,49.304234,49.617188,468397.06
2011-04-27,FDO-201507,49.721504,50.21464,49.560284,50.119804,397641.9
2011-04-28,FDO-201507,49.96807,50.954346,49.901688,50.887962,765944.1
2011-04-29,FDO-201507,50.887962,51.599216,50.593975,51.40955,817319.1
2011-05-02,FDO-201507,51.58025,51.74147,50.99228,51.200916,445133.28
2011-05-03,FDO-201507,51.030216,51.3242,50.887962,51.001762,829448.75
2011-05-04,FDO-201507,51.115566,51.390583,50.53708,51.077633,498765.88
2011-05-05,FDO-201507,50.982796,51.551804,50.61294,50.85003,672754
2011-05-06,FDO-201507,50.698296,50.868996,50.186188,50.309475,522858.5
2011-05-09,FDO-201507,50.195675,50.565525,50.06291,50.34741,509432.94
2011-05-10,FDO-201507,50.52759,50.849934,50.29051,50.470695,515967.5
2011-05-11,FDO-201507,50.37586,50.62243,49.399067,49.45597,564565
2011-05-12,FDO-201507,49.313717,49.844788,48.59298,49.598217,1532004.2
2011-05-13,FDO-201507,49.57925,49.835304,49.143017,49.256817,400017.62
2011-05-16,FDO-201507,49.161983,49.607704,48.858513,49.484417,650820.94
2011-05-17,FDO-201507,49.35165,50.489662,49.1525,50.480175,1530785.2
2011-05-18,FDO-201507,50.423275,51.248333,50.195675,51.238846,1136511.4
2011-05-19,FDO-201507,51.02073,51.386032,50.757565,51.286266,545586.6
2011-05-20,FDO-201507,51.2104,51.2104,50.774162,50.87848,737200.25
2011-05-23,FDO-201507,50.584496,51.4949,50.52759,51.485416,1131660.8
2011-05-24,FDO-201507,51.18195,51.6656,51.058662,51.542316,713667.56
2011-05-25,FDO-201507,51.988037,52.120804,51.144016,51.988037,1230675.9
2011-05-26,FDO-201507,52.91741,53.979553,52.338924,52.490658,2963380
2011-05-27,FDO-201507,52.746708,52.96483,52.585495,52.68981,619608.56
2011-05-31,FDO-201507,53.268295,53.344166,52.70878,52.86051,1071555.8
2011-06-01,FDO-201507,52.319954,52.699295,51.788887,51.96907,1420059.2
2011-06-02,FDO-201507,51.74147,51.845783,50.06291,50.309475,1769089.9
2011-06-03,FDO-201507,49.607704,49.91117,49.361134,49.674088,1255983.2
2011-06-06,FDO-201507,49.62667,49.62667,49.161983,49.218884,1152117.6
2011-06-07,FDO-201507,49.3232,49.702538,49.1525,49.4939,1473972.4
2011-06-08,FDO-201507,49.40855,49.40855,48.811096,48.82058,657464.1
2011-06-09,FDO-201507,48.943867,50.688812,48.611942,49.85427,2889947.8
2011-06-10,FDO-201507,50.04394,50.44224,49.607704,49.65512,1271062.1
2011-06-13,FDO-201507,49.331573,50.007217,49.293507,49.331573,945763.5
2011-06-14,FDO-201507,49.788345,50.368828,49.322056,50.159473,2170947.5
2011-06-15,FDO-201507,49.893024,50.130928,49.50286,49.721733,1217407.8
2011-06-16,FDO-201507,49.693184,49.950123,49.341087,49.63609,1799893
2011-06-17,FDO-201507,50.121407,50.511574,49.83783,50.054794,1984572.2
2011-06-20,FDO-201507,49.988182,51.00165,49.883507,50.930283,746510.06
2011-06-21,FDO-201507,51.215763,51.463184,50.75899,51.02544,929685.5
2011-06-22,FDO-201507,50.720924,51.387054,50.720924,50.75899,498529.8
2011-06-23,FDO-201507,50.435444,50.730442,49.103184,50.521088,2013530.5
2011-06-24,FDO-201507,50.435444,50.49254,49.65512,49.731247,920227.9
2011-06-27,FDO-201507,49.864475,49.883507,49.43625,49.797863,677061.56
2011-06-28,FDO-201507,49.864475,50.749477,49.835926,50.454475,1392584.2
2011-06-29,FDO-201507,49.283993,52.015118,48.779636,50.85415,3221060.2
2011-06-30,FDO-201507,51.139637,51.14915,49.683666,50.016735,1508808
2011-07-01,FDO-201507,50.27367,51.406086,49.959637,51.39657,1437770.6
2011-07-05,FDO-201507,51.234795,51.701088,50.911247,51.015926,706170.06
2011-07-06,FDO-201507,51.02544,51.91044,50.958828,51.843826,1116106
2011-07-07,FDO-201507,51.986572,52.57657,51.967537,52.471893,1105177.1
2011-07-08,FDO-201507,52.0627,52.528988,51.58689,51.853344,753458.25
2011-07-11,FDO-201507,51.27286,51.605923,49.683666,50.368828,1970971.1
2011-07-12,FDO-201507,50.178505,50.60673,49.664635,49.807377,1345926.5
2011-07-13,FDO-201507,49.988182,50.330765,49.807377,50.10238,785088.8
2011-07-14,FDO-201507,50.226086,50.397377,49.740765,49.92157,1099502.6
2011-07-15,FDO-201507,50.188026,50.19754,49.65512,49.864475,887017.94
2011-07-18,FDO-201507,49.854958,50.016735,49.721733,49.893024,804214.25
2011-07-19,FDO-201507,50.064316,50.49254,49.940605,50.340282,529942.8
2011-07-20,FDO-201507,50.340282,51.120605,49.883507,50.987377,844251.56
2011-07-21,FDO-201507,51.291893,51.786728,51.27286,51.615444,671492.06
2011-07-22,FDO-201507,51.7106,51.824795,51.358505,51.52028,498627.53
2011-07-25,FDO-201507,51.04447,51.329956,50.844635,50.911247,706065
2011-07-26,FDO-201507,50.968346,51.701088,50.749477,51.69157,898685.5
2011-07-27,FDO-201507,51.10157,51.58689,50.68286,50.749477,1418014.8
2011-07-28,FDO-201507,50.71141,51.4156,50.46399,50.578186,1883435.5
2011-07-29,FDO-201507,50.311733,50.71141,50.02625,50.54012,1947852.5
2011-08-01,FDO-201507,50.768505,51.092052,49.90254,50.35931,2071770.6
2011-08-02,FDO-201507,49.97867,50.625767,49.103184,49.160282,1585520
2011-08-03,FDO-201507,49.1127,49.693184,48.798668,48.836735,1716560.8
2011-08-04,FDO-201507,48.32286,48.55125,46.41964,46.590927,2793575.2
2011-08-05,FDO-201507,46.83835,46.857384,45.696415,46.181736,2063130.5
2011-08-08,FDO-201507,46.98109,46.98109,42.927223,42.95577,2405988.8
2011-08-09,FDO-201507,43.383995,44.95416,42.270607,44.906574,5302896
2011-08-10,FDO-201507,44.316574,44.982704,43.764645,44.031094,1993039
2011-08-11,FDO-201507,44.12625,46.895443,44.031094,46.362545,1368309.6
2011-08-12,FDO-201507,46.600445,46.95254,45.468025,46.8098,915394
2011-08-15,FDO-201507,47.59012,47.86609,47.133347,47.83754,1203305.4
2011-08-16,FDO-201507,47.94222,49.179314,47.81851,48.8177,1384387.6
2011-08-17,FDO-201507,49.07464,49.53141,47.3998,47.485447,1392269
2011-08-18,FDO-201507,46.09609,46.8098,45.201576,46.752705,1466658.5
2011-08-19,FDO-201507,46.172222,47.285606,46.04851,46.257866,1472869
2011-08-22,FDO-201507,46.91448,47.085766,45.30625,45.45851,1082584
2011-08-23,FDO-201507,45.667866,45.84867,45.106415,45.658348,1464987.6
2011-08-24,FDO-201507,45.477543,46.010445,45.34432,45.9248,1097716.1
2011-08-25,FDO-201507,46.019962,46.305447,44.516415,44.86851,1320075.6
2011-08-26,FDO-201507,44.64964,45.867706,44.135773,45.249157,1692181.1
2011-08-29,FDO-201507,45.743996,46.790768,45.667866,46.628994,1676313.2
2011-08-30,FDO-201507,46.638508,48.931892,46.638508,48.589317,2651920.8
2011-08-31,FDO-201507,48.92238,51.179604,48.88431,50.806572,3396563.5
2011-09-01,FDO-201507,50.797054,51.13012,49.198345,50.14996,1404458.8
2011-09-02,FDO-201507,49.14125,49.683666,48.53222,49.398186,2134378
2011-09-06,FDO-201507,48.237217,48.703506,47.580605,47.923187,3306389.2
2011-09-07,FDO-201507,48.418026,50.597214,48.40851,50.56867,1581211.5
2011-09-08,FDO-201507,50.435444,51.74867,49.42673,49.493343,1655506.5
2011-09-09,FDO-201507,48.960445,49.15077,47.3427,47.847057,1481906.2
2011-09-12,FDO-201507,47.019154,48.560764,47.019154,48.465607,844693.94
2011-09-13,FDO-201507,48.656605,49.334644,48.207756,49.08635,873100.6
2011-09-14,FDO-201507,49.210495,50.022236,48.675705,49.63069,860744.44
2011-09-15,FDO-201507,50.079533,50.155933,49.267796,49.68799,830796.4
2011-09-16,FDO-201507,50.32783,52.199604,50.16548,51.02497,2738296.2
2011-09-19,FDO-201507,51.368767,51.63616,50.90082,51.101368,1355270.4
2011-09-20,FDO-201507,51.12047,51.79851,50.891273,51.19687,1103993.8
2011-09-21,FDO-201507,51.08227,51.970406,50.490177,50.537926,932473.1
2011-09-22,FDO-201507,49.401493,51.02497,49.181847,49.936287,1658451.4
2011-09-23,FDO-201507,49.936287,52.218704,49.43014,52.180504,1258645
2011-09-26,FDO-201507,52.304653,52.390602,51.311466,52.371502,1261604.2
2011-09-27,FDO-201507,52.896744,52.92482,51.19687,51.74121,2410558.8
2011-09-28,FDO-201507,51.77941,53.374237,50.728924,50.910374,2907154
2011-09-29,FDO-201507,50.576126,50.709824,47.31962,48.694805,3011788.8
2011-09-30,FDO-201507,48.226856,49.78349,48.226856,48.570656,1893009.5
2011-10-03,FDO-201507,48.379658,48.93355,47.353043,47.75891,2066002.4
2011-10-04,FDO-201507,47.39602,49.363293,46.956722,49.1723,2094268.8
2011-10-05,FDO-201507,49.525642,50.824425,49.0195,50.43288,2131756.2
2011-10-06,FDO-201507,50.48063,50.910374,50.203682,50.662075,1506198
2011-10-07,FDO-201507,50.814873,51.301918,49.200947,50.44243,1287347
2011-10-10,FDO-201507,50.891273,52.008606,50.728924,51.569313,1352164.6
2011-10-11,FDO-201507,51.445164,51.836708,51.16822,51.263718,1773112.6
2011-10-12,FDO-201507,51.340115,52.276005,51.244617,51.87491,1532376.4
2011-10-13,FDO-201507,51.445164,51.70301,50.767124,51.540665,764617.5
2011-10-14,FDO-201507,51.95131,52.046806,51.23507,51.95131,1089648
2011-10-17,FDO-201507,52.371502,53.469738,52.323753,52.829895,1468071.9
2011-10-18,FDO-201507,52.848995,54.434277,52.38105,53.899483,1533318.9
2011-10-19,FDO-201507,53.851734,55.637558,53.851734,55.045467,2127567.5
2011-10-20,FDO-201507,55.150517,55.56116,54.33878,55.322414,1473946.4
2011-10-21,FDO-201507,55.971806,56.4684,55.70441,56.439747,1140821.5
2011-10-24,FDO-201507,56.439747,56.964993,55.990906,56.28695,1084098.2
2011-10-25,FDO-201507,56.38245,57.232388,56.229652,57.089138,2147882
2011-10-26,FDO-201507,57.318336,57.72898,56.621197,56.745342,2038665.9
2011-10-27,FDO-201507,57.805378,57.805378,55.66621,56.439747,1891334.1
2011-10-28,FDO-201507,56.15325,56.516148,55.160065,55.408363,902420.4
2011-10-31,FDO-201507,55.12187,57.07959,55.102768,55.990906,1509863
2011-11-01,FDO-201507,55.102768,56.4875,54.78762,56.248753,1688481.1
2011-11-02,FDO-201507,56.611645,56.697594,55.48476,55.67576,826503.1
2011-11-03,FDO-201507,55.981354,56.076855,54.98817,55.77126,925038.5
2011-11-04,FDO-201507,55.68531,56.392,55.66621,56.3156,933692
2011-11-07,FDO-201507,56.057755,56.4875,55.761707,56.26785,551420.94
2011-11-08,FDO-201507,56.2965,56.34425,55.70441,56.3156,622835.5
2011-11-09,FDO-201507,55.58026,55.69486,54.434277,54.95952,854775.75
2011-11-10,FDO-201507,55.41791,55.799908,54.97862,55.331963,759381.8
2011-11-11,FDO-201507,55.68531,56.439747,55.360615,56.086403,711946.6
2011-11-14,FDO-201507,55.971806,56.2392,55.188717,55.532513,532677.25
2011-11-15,FDO-201507,55.55161,55.799908,54.82582,54.86402,790272.3
2011-11-16,FDO-201507,54.625275,54.97862,53.68939,53.737137,1023509.94
2011-11-17,FDO-201507,53.775337,54.061832,53.04954,53.498386,547127.7
2011-11-18,FDO-201507,53.775337,54.88312,53.775337,54.16688,910483.3
2011-11-21,FDO-201507,53.679836,55.14097,53.412437,54.97862,1047134.4
2011-11-22,FDO-201507,54.749424,55.790356,54.692123,54.816273,867969.7
2011-11-23,FDO-201507,54.472477,54.606174,53.23099,53.38379,714145.6
2011-11-25,FDO-201507,53.020893,53.536587,52.38105,53.28829,428592.1
2011-11-28,FDO-201507,54.31968,54.88312,53.593887,53.937683,612992.44
2011-11-29,FDO-201507,54.10958,54.96907,54.00453,54.482025,481995.94
2011-11-30,FDO-201507,55.60891,56.793095,54.749424,56.745342,1854706.4
2011-12-01,FDO-201507,56.678493,57.06049,56.181904,56.40155,1043678.8
2011-12-02,FDO-201507,56.821743,56.964993,56.010006,56.057755,1006086.7
2011-12-05,FDO-201507,56.793095,57.28969,56.191452,56.535248,922839.5
2011-12-06,FDO-201507,56.544796,56.764442,55.828556,56.13415,969437
2011-12-07,FDO-201507,55.924057,56.105503,55.303314,55.59936,619170.56
2011-12-08,FDO-201507,55.446564,56.535248,55.093216,55.14097,1042736.4
2011-12-09,FDO-201507,55.207817,55.61846,54.82582,55.255566,956966.7
2011-12-12,FDO-201507,54.95952,55.39881,54.625275,54.97862,900326.1
2011-12-13,FDO-201507,55.40013,55.40013,53.991898,54.26971,701265.4
2011-12-14,FDO-201507,54.020634,54.921143,53.915257,54.624165,632218.2
2011-12-15,FDO-201507,54.959457,55.62047,54.681644,55.131893,935820.8
2011-12-16,FDO-201507,55.46719,56.118618,55.304333,55.486347,1168052.6
2011-12-19,FDO-201507,55.63963,55.85038,54.547523,54.75828,428400.28
2011-12-20,FDO-201507,55.486347,55.668365,54.940296,55.524666,612015.3
2011-12-21,FDO-201507,55.601307,56.137775,55.49593,55.859962,508673.16
2011-12-22,FDO-201507,55.831223,56.070717,55.160637,55.62047,369317.78
2011-12-23,FDO-201507,55.95576,56.48265,55.62047,56.291054,240714.2
2011-12-27,FDO-201507,56.0803,56.338955,55.754585,56.147358,238730.86
2011-12-28,FDO-201507,56.31021,56.348534,54.96904,55.064835,633310.06
2011-12-29,FDO-201507,55.227695,55.62047,54.90198,55.361813,443223.1
2011-12-30,FDO-201507,55.35223,55.859962,55.227695,55.237274,487900.34
2012-01-03,FDO-201507,56.032402,56.032402,54.8924,54.997776,816298.8
2012-01-04,FDO-201507,54.7966,55.754585,54.672062,54.748703,797509.3
2012-01-05,FDO-201507,54.461308,55.582146,53.79072,55.524666,1510433.6
2012-01-06,FDO-201507,54.126015,54.126015,50.80181,51.376606,5564402
2012-01-09,FDO-201507,51.347862,51.836437,51.108368,51.64484,1617566
2012-01-10,FDO-201507,51.663998,51.93223,51.261642,51.53946,1322153.5
2012-01-11,FDO-201507,51.568203,51.903496,50.80181,51.520298,1431132.5
2012-01-12,FDO-201507,51.15627,51.76938,50.993412,51.654415,1679049.4
2012-01-13,FDO-201507,51.252068,51.76938,50.964672,51.52988,1509317.8
2012-01-17,FDO-201507,51.922653,52.01845,51.252068,51.568203,1288898.2
2012-01-18,FDO-201507,51.386185,51.54904,50.820972,51.481983,2314864.8
2012-01-19,FDO-201507,51.63526,53.11055,51.62568,52.74652,1933020.6
2012-01-20,FDO-201507,52.76568,53.23509,52.037613,52.478283,1159624.5
2012-01-23,FDO-201507,52.372902,53.608704,52.372902,53.445847,1012753.3
2012-01-24,FDO-201507,53.120132,54.020634,53.072235,53.92484,1506499.2
2012-01-25,FDO-201507,53.76198,54.73912,53.445847,54.633743,1086345.5
2012-01-26,FDO-201507,54.662483,54.73912,53.081814,53.455425,701369.75
2012-01-27,FDO-201507,53.417107,53.886517,53.12971,53.34047,629656.56
2012-01-30,FDO-201507,53.024334,53.6566,52.899796,53.407528,445375.56
2012-01-31,FDO-201507,53.618282,53.618282,52.526184,53.455425,972175.3
2012-02-01,FDO-201507,53.148872,55.131893,53.072235,54.250553,1899721.5
2012-02-02,FDO-201507,54.26013,54.585846,54.058956,54.22181,1217245.6
2012-02-03,FDO-201507,54.8924,55.63963,54.86366,55.093575,1938866.2
2012-02-06,FDO-201507,55.0361,55.32349,54.614582,55.112736,995947.2
2012-02-07,FDO-201507,54.8445,55.34265,54.547523,54.681644,1872372.4
2012-02-08,FDO-201507,54.97862,55.093575,54.518787,55.064835,807112.8
2012-02-09,FDO-201507,55.122314,56.00366,54.91156,55.25643,2018304
2012-02-10,FDO-201507,54.97862,55.25643,54.777443,55.227695,1029350.7
2012-02-13,FDO-201507,55.53425,55.55341,54.681644,54.73912,619426.75
2012-02-14,FDO-201507,54.681644,54.940296,54.30803,54.691223,809483.44
2012-02-15,FDO-201507,54.691223,54.691223,53.445847,53.579964,1454828.1
2012-02-16,FDO-201507,53.733242,53.77156,52.6124,52.88064,1598776.5
2012-02-17,FDO-201507,53.062653,53.16803,52.468704,52.57408,1663704.6
2012-02-21,FDO-201507,52.66988,52.928535,51.731056,51.922653,1409211.5
2012-02-22,FDO-201507,51.02215,52.487865,51.02215,52.04719,1651073.9
2012-02-23,FDO-201507,51.941814,52.63156,51.884335,52.593243,1073610.4
2012-02-24,FDO-201507,52.478283,52.5166,51.740635,52.04719,1107640.2
2012-02-27,FDO-201507,51.76938,51.960976,51.57778,51.57778,1188643.8
2012-02-28,FDO-201507,51.57778,52.04719,51.175426,51.884335,881540.06
2012-02-29,FDO-201507,51.76938,52.621983,51.204166,51.721478,2969211.8
2012-03-01,FDO-201507,52.11425,52.344166,51.76938,52.257946,743124.2
2012-03-02,FDO-201507,52.06635,52.305843,51.759796,52.20047,729449.6
2012-03-05,FDO-201507,52.133408,52.68904,52.04719,52.60282,757425.06
2012-03-06,FDO-201507,52.133408,53.091393,52.07593,53.091393,1735066.1
2012-03-07,FDO-201507,53.04349,53.647022,52.554924,53.541645,1269960.5
2012-03-08,FDO-201507,53.79072,54.605003,53.541645,54.44215,1478419.4
2012-03-09,FDO-201507,54.681644,55.160637,54.547523,55.064835,899807.6
2012-03-12,FDO-201507,54.96904,55.26601,54.719963,54.81576,609718.8
2012-03-13,FDO-201507,54.82538,55.33498,54.52731,55.25806,868840.5
2012-03-14,FDO-201507,55.142677,55.546513,55.142677,55.383053,848975.94
2012-03-15,FDO-201507,55.508053,55.642662,54.950375,55.181137,1012156.5
2012-03-16,FDO-201507,55.07537,55.190754,54.113857,54.48885,1275283.9
2012-03-19,FDO-201507,54.344624,54.421543,53.844635,54.238857,828071.3
2012-03-20,FDO-201507,54.123478,54.931145,53.91194,54.75807,592816.7
2012-03-21,FDO-201507,54.75807,55.190754,54.402317,54.604233,683195.25
2012-03-22,FDO-201507,54.498466,55.421516,54.440773,55.411903,1189481.5
2012-03-23,FDO-201507,55.479206,55.527283,54.83499,55.459976,1108879.2
2012-03-26,FDO-201507,55.61382,56.325336,55.48882,56.190723,1293275.4
2012-03-27,FDO-201507,56.911858,57.00801,55.9215,55.998425,2060786.9
2012-03-28,FDO-201507,56.267647,57.334923,55.961884,56.113804,5743775
2012-03-29,FDO-201507,55.700356,57.796448,55.383053,57.777218,3708016.5
2012-03-30,FDO-201507,57.979134,61.61365,57.527225,60.844437,4981532.5
2012-04-02,FDO-201507,60.421375,61.382885,60.29638,60.402145,1778658.1
2012-04-03,FDO-201507,61.93095,62.700157,60.52714,61.075203,2532263.2
2012-04-04,FDO-201507,60.825207,61.882874,60.777134,61.536728,2044697.6
2012-04-05,FDO-201507,61.29635,62.76746,61.29635,62.344395,2216406.5
2012-04-09,FDO-201507,61.40212,62.094406,60.613678,61.42135,2846664.2
2012-04-10,FDO-201507,61.594418,61.84441,60.132923,60.43099,1925302.2
2012-04-11,FDO-201507,60.690598,61.373272,60.5656,60.940594,2023897
2012-04-12,FDO-201507,60.90213,62.161713,60.555984,61.959797,1903458.5
2012-04-13,FDO-201507,61.84441,62.58477,61.555954,61.786724,1234722.8
2012-04-16,FDO-201507,62.200172,62.623234,61.777107,62.14248,1383967
2012-04-17,FDO-201507,62.45016,62.69054,62.104015,62.20978,1358632.9
2012-04-18,FDO-201507,62.12325,64.56549,62.055946,64.421265,3720080.8
2012-04-19,FDO-201507,64.27703,65.28662,64.00781,64.8924,2958638
2012-04-20,FDO-201507,65.07509,65.825066,64.98855,65.70969,1863420.5
2012-04-23,FDO-201507,65.03663,65.70969,64.64241,65.46931,1475026.8
2012-04-24,FDO-201507,65.142395,65.190475,63.334755,63.565517,2353794.2
2012-04-25,FDO-201507,64.04627,64.421265,63.632824,64.32511,1415167.9
2012-04-26,FDO-201507,64.33473,64.902016,64.05589,64.72894,1549019.6
2012-04-27,FDO-201507,65.0174,66.82504,65.0174,66.344284,1894621.4
2012-04-30,FDO-201507,66.151985,66.18083,64.83471,64.950096,975027.44
2012-05-01,FDO-201507,64.73856,65.786514,64.017426,65.0174,996981.44
2012-05-02,FDO-201507,65.02701,66.33467,64.70972,65.89237,1672263.1
2012-05-03,FDO-201507,65.748146,66.68081,65.67123,65.95006,1000612.2
2012-05-04,FDO-201507,65.75776,66.73851,65.094315,65.45008,975739.9
2012-05-07,FDO-201507,65.44046,65.911606,65.065475,65.64238,1308356.9
2012-05-08,FDO-201507,65.83469,65.92122,63.748207,64.69048,1456145
2012-05-09,FDO-201507,64.132805,66.41159,64.132805,66.151985,1503136.6
2012-05-10,FDO-201507,66.344284,67.30579,65.70007,65.825066,1087870.6
2012-05-11,FDO-201507,65.58469,67.0558,65.58469,66.60389,1016732.6
2012-05-14,FDO-201507,66.353905,66.43082,64.421265,64.46934,1040445.3
2012-05-15,FDO-201507,64.5751,64.74433,63.767433,63.8732,2252784.5
2012-05-16,FDO-201507,63.92128,64.91164,63.8732,64.60395,1795610.6
2012-05-17,FDO-201507,64.33473,64.48857,61.584805,61.584805,1983282.9
2012-05-18,FDO-201507,61.86364,62.67131,61.373272,61.690575,1390519.1
2012-05-21,FDO-201507,61.738644,63.267452,61.536728,62.57516,1418626
2012-05-22,FDO-201507,62.844383,62.940533,61.854027,62.200172,965979.2
2012-05-23,FDO-201507,61.86364,63.084763,61.536728,62.844383,1604052.8
2012-05-24,FDO-201507,63.09438,65.065475,62.978996,64.95971,1445744.8
2012-05-25,FDO-201507,65.094315,65.382675,64.60395,64.99817,777185.8
2012-05-29,FDO-201507,65.26739,65.36355,64.03666,64.72894,950712.6
2012-05-30,FDO-201507,64.421265,64.950096,63.96935,64.47895,901809.4
2012-05-31,FDO-201507,64.51741,65.81545,64.02704,65.142395,1552471.5
2012-06-01,FDO-201507,64.56549,64.93086,63.6809,64.56549,1646262.4
2012-06-04,FDO-201507,64.96932,65.76738,64.20973,65.219315,1591764.9
2012-06-05,FDO-201507,64.48857,65.48854,63.998196,64.902016,1272059.9
2012-06-06,FDO-201507,65.26739,65.49815,64.73856,65.13278,1000924.2
2012-06-07,FDO-201507,65.44046,65.57507,64.36424,64.55587,901228
2012-06-08,FDO-201507,64.1232,67.45003,64.1232,66.90196,1856660.2
2012-06-11,FDO-201507,67.28657,67.29618,66.17121,66.19044,1158592.6
2012-06-12,FDO-201507,66.2866,66.834656,65.93083,66.748116,939562.5
2012-06-13,FDO-201507,66.227325,68.541954,66.227325,67.58717,3129520.8
2012-06-14,FDO-201507,69.47745,72.07177,69.294205,70.25864,5069633
2012-06-15,FDO-201507,69.60282,70.76014,69.14954,70.65405,2321469.5
2012-06-18,FDO-201507,70.76014,71.145905,69.969315,70.16219,1385794.4
2012-06-19,FDO-201507,70.17184,71.155556,69.6414,69.87286,1710649.9
2012-06-20,FDO-201507,69.988594,69.988594,68.58053,69.18812,2007716.9
2012-06-21,FDO-201507,69.16883,69.16883,66.834915,66.88313,2184298.2
2012-06-22,FDO-201507,67.75112,68.41658,67.57752,67.92472,2841574.2
2012-06-25,FDO-201507,67.92472,68.30084,67.07603,67.68361,1659324.1
2012-06-26,FDO-201507,68.00188,68.6384,67.59681,68.01151,2383379.8
2012-06-27,FDO-201507,67.90543,68.079025,65.590805,66.67096,3225567.2
2012-06-28,FDO-201507,62.95791,65.995865,62.678223,64.80961,6077380
2012-06-29,FDO-201507,65.86084,66.015144,63.199017,64.11523,2549281
2012-07-02,FDO-201507,63.835545,66.198395,63.835545,65.532936,3131057.5
2012-07-03,FDO-201507,65.18574,65.42684,64.23096,64.886765,1096504
2012-07-05,FDO-201507,64.92535,66.04408,64.47206,65.80298,1835283.2
2012-07-06,FDO-201507,65.39791,67.23033,65.36898,67.10496,2342008
2012-07-09,FDO-201507,66.90243,68.08867,66.90243,67.876495,2235209
2012-07-10,FDO-201507,68.28156,68.49373,67.05673,67.33642,1640452.9
2012-07-11,FDO-201507,67.19175,67.55824,66.81563,67.442505,1907243
2012-07-12,FDO-201507,65.504,66.6131,64.221306,66.20804,3279454.2
2012-07-13,FDO-201507,66.56487,66.690254,64.79997,65.07001,2258850
2012-07-16,FDO-201507,65.590805,66.90243,65.07966,65.95728,2046289
2012-07-17,FDO-201507,66.20804,66.20804,65.61009,65.95728,1492489.6
2012-07-18,FDO-201507,65.77404,66.37199,63.94163,64.067,2958020.5
2012-07-19,FDO-201507,64.55887,64.886765,63.02542,63.710163,2012279.2
2012-07-20,FDO-201507,63.642654,64.76139,63.459415,64.394905,2660846.5
2012-07-23,FDO-201507,63.74874,64.09594,63.006134,63.796967,961501.8
2012-07-24,FDO-201507,63.931984,64.2406,63.48835,64.1538,919404.3
2012-07-25,FDO-201507,63.80661,63.81625,61.25087,62.23459,2735505.2
2012-07-26,FDO-201507,62.707157,64.03807,62.707157,63.98985,1255458.1
2012-07-27,FDO-201507,64.4142,64.79033,63.633015,64.25989,952688.3
2012-07-30,FDO-201507,64.18274,64.70352,63.970562,64.3274,901777.3
2012-07-31,FDO-201507,64.2406,64.394905,63.536564,63.729454,1158405.9
2012-08-01,FDO-201507,63.999496,64.01878,63.440125,63.739094,1171781.8
2012-08-02,FDO-201507,63.35333,63.893406,62.90969,63.411194,876581.06
2012-08-03,FDO-201507,64.07665,64.73246,63.652298,63.81625,787720.2
2012-08-06,FDO-201507,63.912693,64.23096,62.948265,63.11222,1173544.4
2012-08-07,FDO-201507,63.35333,63.92234,63.25688,63.681232,688905.2
2012-08-08,FDO-201507,63.623367,64.10558,63.35333,63.893406,813745.94
2012-08-09,FDO-201507,63.98985,63.98985,62.408184,62.59143,959635.4
2012-08-10,FDO-201507,62.350323,62.45641,60.922966,61.443756,1775040.4
2012-08-13,FDO-201507,61.453403,61.96455,60.508263,61.82953,2290060.2
2012-08-14,FDO-201507,62.109215,62.205658,60.88439,61.01941,816752.9
2012-08-15,FDO-201507,61.115852,61.954903,60.942253,61.549843,1196252.1
2012-08-16,FDO-201507,61.434113,62.610714,60.2768,62.42748,1304295.4
2012-08-17,FDO-201507,61.974197,62.68787,61.96455,62.62036,756924.75
2012-08-20,FDO-201507,62.43712,62.543205,61.858463,62.504627,659768.75
2012-08-21,FDO-201507,62.408184,62.48534,61.569134,61.983833,1124188.8
2012-08-22,FDO-201507,61.858463,61.99348,61.395535,61.646286,1000281.25
2012-08-23,FDO-201507,61.289448,61.366604,60.28644,60.450397,1392637.9
2012-08-24,FDO-201507,60.30573,60.450397,59.476322,60.132133,1739060.5
2012-08-27,FDO-201507,60.28644,60.28644,59.26415,59.3413,2101036.5
2012-08-28,FDO-201507,59.31237,59.910316,59.080906,59.35095,1463042.2
2012-08-29,FDO-201507,59.302727,61.771667,59.28344,61.241226,2281765.2
2012-08-30,FDO-201507,61.13514,62.340675,61.10621,62.089924,1653517.6
2012-08-31,FDO-201507,62.118862,62.48534,61.159252,61.376247,1477142.8
2012-09-04,FDO-201507,61.22194,61.22194,60.469685,60.74937,1197081.6
2012-09-05,FDO-201507,61.33767,61.723442,60.334667,61.09656,1341208.4
2012-09-06,FDO-201507,61.144787,61.549843,60.874744,61.16407,1265619.6
2012-09-07,FDO-201507,61.000122,61.07728,60.402176,61.01941,820278.3
2012-09-10,FDO-201507,60.672215,61.443756,60.566128,61.086918,955902.6
2012-09-11,FDO-201507,61.04834,61.15443,60.469685,60.826523,1078824.1
2012-09-12,FDO-201507,60.89426,62.781174,60.84588,61.716763,1683872.1
2012-09-13,FDO-201507,61.823204,62.70377,61.44582,62.084473,1316280.8
2012-09-14,FDO-201507,61.97803,62.326385,61.745792,62.123173,949007.75
2012-09-17,FDO-201507,61.968353,62.239292,61.649025,62.16188,642793.94
2012-09-18,FDO-201507,61.948994,62.045765,61.136173,61.47485,845036.3
2012-09-19,FDO-201507,61.649025,62.13285,61.261967,61.80385,907972.25
2012-09-20,FDO-201507,61.745792,62.345737,61.44582,62.268322,1456648.5
2012-09-21,FDO-201507,62.41347,62.71344,61.561935,62.074795,3617952.2
2012-09-24,FDO-201507,62.190907,63.235973,62.190907,62.481205,1254274.9
2012-09-25,FDO-201507,62.094143,62.29735,60.884583,61.116817,1721385.6
2012-09-26,FDO-201507,61.30067,62.510235,61.242615,62.13285,1543325.5
2012-09-27,FDO-201507,61.99738,64.31007,61.755466,63.371445,2229833.5
2012-09-28,FDO-201507,63.25533,64.426186,62.88762,64.15524,1983360.2
2012-10-01,FDO-201507,64.10686,64.13589,63.071472,63.265,2117603
2012-10-02,FDO-201507,64.14557,64.14557,63.27468,63.86495,1916598.6
2012-10-03,FDO-201507,66.05184,67.39687,65.122894,66.34213,4948170
2012-10-04,FDO-201507,66.57437,67.15496,66.34213,66.42922,1990393.9
2012-10-05,FDO-201507,67.14528,67.90005,66.51631,66.78725,1924764.8
2012-10-08,FDO-201507,66.82596,67.106575,66.28407,66.38084,1321757.9
2012-10-09,FDO-201507,66.18731,66.83563,65.742195,65.75186,1507878.8
2012-10-10,FDO-201507,65.46157,66.74855,65.33577,65.80025,1411602.4
2012-10-11,FDO-201507,66.04216,66.86466,63.97139,63.97139,2935770
2012-10-12,FDO-201507,63.748825,64.34877,63.42951,64.25201,1416372.6
2012-10-15,FDO-201507,64.2133,64.38748,63.43918,64.38748,1764686.4
2012-10-16,FDO-201507,64.40683,66.38084,64.34877,66.30342,1991111
2012-10-17,FDO-201507,66.293755,66.525986,62.17156,64.08751,4987233.5
2012-10-18,FDO-201507,64.2133,64.77454,62.781174,63.66174,2351365
2012-10-19,FDO-201507,63.564976,63.768185,62.636032,62.99406,1408359.4
2012-10-22,FDO-201507,62.723118,62.877945,62.074795,62.607,1031570.56
2012-10-23,FDO-201507,62.287678,63.187595,61.794174,63.177917,1369295.8
2012-10-24,FDO-201507,63.497242,63.65206,62.16188,62.55862,1314627.2
2012-10-25,FDO-201507,63.119858,64.397156,62.906975,63.845596,1600577.5
2012-10-26,FDO-201507,63.83592,64.12621,62.955353,63.477886,901979.4
2012-10-31,FDO-201507,63.69077,64.24233,63.13921,63.82624,1130573.2
2012-11-01,FDO-201507,63.79721,64.72616,63.27468,64.02945,1219241.6
2012-11-02,FDO-201507,64.11654,64.745514,63.66174,63.79721,961297.3
2012-11-05,FDO-201507,63.623035,64.02945,62.83924,63.197266,931121.1
2012-11-06,FDO-201507,63.40047,64.426186,63.177917,64.19395,1276287
2012-11-07,FDO-201507,63.787533,65.07451,63.40047,64.2133,1759209.1
2012-11-08,FDO-201507,63.95203,64.75518,63.54562,63.893974,1127593.9
2012-11-09,FDO-201507,63.57465,64.52295,63.57465,64.34877,892780.8
2012-11-12,FDO-201507,64.23265,64.455215,63.66174,64.25201,874385.75
2012-11-13,FDO-201507,64.09718,65.413185,63.332737,63.69077,1776157.4
2012-11-14,FDO-201507,63.69077,64.65842,63.187595,63.555298,1855008.2
2012-11-15,FDO-201507,63.86495,64.31007,63.516594,63.758503,1214253.2
2012-11-16,FDO-201507,63.82624,64.53263,63.79721,64.38748,1105770.9
2012-11-19,FDO-201507,64.832596,67.35817,64.52295,67.11626,2300095.5
2012-11-20,FDO-201507,67.24204,67.812965,66.22602,66.66145,1250347.9
2012-11-21,FDO-201507,66.671135,67.14528,66.38084,66.6034,552988.8
2012-11-23,FDO-201507,66.88402,67.8807,66.700165,67.83231,371621.7
2012-11-26,FDO-201507,67.56137,67.958115,66.53567,67.17431,894434.3
2012-11-27,FDO-201507,67.31946,67.841995,66.642105,66.70984,529839.94
2012-11-28,FDO-201507,66.71951,66.98078,66.003456,66.77758,655711.8
2012-11-29,FDO-201507,66.7679,68.15164,66.36149,68.15164,1544979
2012-11-30,FDO-201507,68.219376,70.19338,67.87102,68.89673,2977210.8
2012-12-03,FDO-201507,68.945114,68.945114,67.93876,68.364525,1449655.4
2012-12-04,FDO-201507,68.40323,68.64514,67.958115,68.422585,1692656.2
2012-12-05,FDO-201507,68.34517,68.798996,67.12593,67.54202,1797310.8
2012-12-06,FDO-201507,67.43558,67.90005,66.88402,67.79361,1357618
2012-12-07,FDO-201507,67.80328,68.770935,67.687164,68.7032,1659483.1
2012-12-10,FDO-201507,68.58708,68.9064,68.0452,68.29679,1001084.4
2012-12-11,FDO-201507,67.7162,68.190346,61.832882,62.587646,6116012.5
2012-12-12,FDO-201507,62.84006,65.16998,62.636185,64.53896,3142863.2
2012-12-13,FDO-201507,64.42246,64.75253,63.859398,63.985607,1326325.1
2012-12-14,FDO-201507,63.810863,64.296265,63.54874,63.937065,999276.2
2012-12-17,FDO-201507,63.577866,64.22831,63.40312,64.17005,987576.6
2012-12-18,FDO-201507,64.03414,64.45159,63.42254,63.810863,1405229
2012-12-19,FDO-201507,63.31575,63.41283,62.044,62.46144,2400178.8
2012-12-20,FDO-201507,62.61677,62.72356,61.713924,61.878963,1942825.4
2012-12-21,FDO-201507,61.578014,61.898376,60.946896,61.1994,2139366.8
2012-12-24,FDO-201507,60.995533,61.500347,60.94699,60.995533,319941.44
2012-12-26,FDO-201507,61.18969,61.18969,60.345093,60.772243,1289963.5
2012-12-27,FDO-201507,60.801373,61.024654,60.092686,60.66546,855683.7
2012-12-28,FDO-201507,60.286842,61.422684,60.1121,60.869328,1352901.1
2012-12-31,FDO-201507,60.607212,61.58772,60.403343,61.558598,1097442.4
2013-01-02,FDO-201507,61.83042,62.51969,61.11203,62.170204,2539548
2013-01-03,FDO-201507,55.267796,55.724075,53.32619,54.11254,15399232
2013-01-04,FDO-201507,54.190205,55.394,54.15137,54.99597,5756062.5
2013-01-07,FDO-201507,54.928017,56.015316,54.860058,55.529915,2565430.8
2013-01-08,FDO-201507,55.374584,55.67553,55.14159,55.646408,1741239.5
2013-01-09,FDO-201507,54.94743,55.413418,54.617355,54.91831,1830753.1
2013-01-10,FDO-201507,55.228962,55.40371,54.81346,55.394,1627943.6
2013-01-11,FDO-201507,55.40371,55.43283,54.695023,54.792103,1259988.2
2013-01-14,FDO-201507,54.966846,55.238674,54.74356,54.957138,1135658.2
2013-01-15,FDO-201507,54.94743,56.054146,54.83579,55.869694,1407798
2013-01-16,FDO-201507,56.02502,56.976406,55.665825,56.646336,2274249
2013-01-17,FDO-201507,56.442467,56.762833,56.14152,56.345387,1804074.1
2013-01-18,FDO-201507,56.47159,56.719147,55.947357,56.665752,1252964.2
2013-01-22,FDO-201507,56.753124,56.762833,56.063854,56.71429,1484853.8
2013-01-23,FDO-201507,56.4813,56.71429,56.034733,56.413345,2166351.8
2013-01-24,FDO-201507,56.549255,58.053997,56.549255,57.12203,3210745.2
2013-01-25,FDO-201507,57.335606,57.422977,56.830788,56.840496,2426719.8
2013-01-28,FDO-201507,56.743416,56.830788,56.180347,56.461884,2063552.2
2013-01-29,FDO-201507,56.122105,56.238598,55.394,55.976482,2309043
2013-01-30,FDO-201507,56.19006,56.27743,55.073635,55.34546,2283265.2
2013-01-31,FDO-201507,55.364876,55.549328,54.80181,55.044514,2399560.8
2013-02-01,FDO-201507,55.44254,55.44254,54.335827,54.45232,2388048.8
2013-02-04,FDO-201507,54.374657,54.966846,54.05429,54.89889,2346615
2013-02-05,FDO-201507,54.99597,55.374584,54.238743,54.9086,2114951
2013-02-06,FDO-201507,54.85035,55.384293,54.394073,54.52028,1928404.2
2013-02-07,FDO-201507,54.52028,54.9086,54.005753,54.34553,1553147.8
2013-02-08,FDO-201507,54.500862,55.957066,54.432903,55.67553,2138024.5
2013-02-11,FDO-201507,55.481373,55.65612,55.025097,55.209545,1093013.1
2013-02-12,FDO-201507,55.170715,55.355167,54.529984,54.704727,1191488.2
2013-02-13,FDO-201507,54.627068,54.821228,53.190277,53.869843,2575909.8
2013-02-14,FDO-201507,53.889256,55.30663,53.743637,54.957138,1694665.8
2013-02-15,FDO-201507,54.821228,56.170643,53.75334,54.306698,4035217.5
2013-02-19,FDO-201507,54.131954,54.26787,52.860207,53.42327,3316708
2013-02-20,FDO-201507,53.500935,53.75334,52.481594,53.26794,3602586
2013-02-21,FDO-201507,53.08349,55.568745,53.054367,54.65619,2844038.2
2013-02-22,FDO-201507,54.733856,55.131886,54.442616,55.025097,1174389
2013-02-25,FDO-201507,55.151302,55.43283,54.355244,54.355244,1306959.8
2013-02-26,FDO-201507,54.588234,54.91831,53.92809,54.646484,1740724.5
2013-02-27,FDO-201507,55.753197,57.6948,55.753197,55.9959,1760294.9
2013-02-28,FDO-201507,55.84057,56.364803,54.928017,55.869694,1890030.9
2013-03-01,FDO-201507,55.879402,56.995823,55.471664,56.976406,1684705.9
2013-03-04,FDO-201507,56.78225,57.355022,56.670605,57.21911,1086028.1
2013-03-05,FDO-201507,57.384148,57.54918,56.830788,57.18028,1195402.6
2013-03-06,FDO-201507,57.36473,57.529766,56.656044,56.898746,1667795.1
2013-03-07,FDO-201507,57.01524,57.034657,56.38422,56.646336,1420268
2013-03-08,FDO-201507,56.850204,57.384148,56.47159,57.063778,906878.44
2013-03-11,FDO-201507,56.91816,57.189983,56.39393,56.78225,828077.7
2013-03-12,FDO-201507,56.859913,57.31619,56.665752,56.86962,824060.4
2013-03-13,FDO-201507,56.996387,57.659477,56.762356,57.649723,1038937.7
2013-03-14,FDO-201507,57.54246,58.176296,57.27918,58.00077,1182324.6
2013-03-15,FDO-201507,58.108036,58.1958,57.259674,57.942265,1683776.4
2013-03-18,FDO-201507,57.493702,58.078785,56.7136,57.4742,1466572.6
2013-03-19,FDO-201507,57.600967,57.786243,56.460068,56.694096,1057089.1
2013-03-20,FDO-201507,56.889122,59.02466,56.889122,58.858887,1456051
2013-03-21,FDO-201507,58.54685,58.80038,57.844753,58.36157,756616.56
2013-03-22,FDO-201507,58.47859,60.458103,58.47859,59.84377,1558367.5
2013-03-25,FDO-201507,60.58487,60.984673,58.166546,58.73212,2427059.2
2013-03-26,FDO-201507,58.741875,59.161175,58.2153,59.15143,831068.1
2013-03-27,FDO-201507,58.80038,58.907642,57.776493,58.030025,1505746.9
2013-03-28,FDO-201507,57.88376,57.932514,57.15241,57.581467,1284430.9
2013-04-01,FDO-201507,57.67898,57.991024,57.30843,57.4352,740413.56
2013-04-02,FDO-201507,57.67898,57.786243,56.81111,56.94763,1019965.9
2013-04-03,FDO-201507,57.113403,57.24992,56.070015,56.284542,1668078
2013-04-04,FDO-201507,56.47957,58.049526,56.382057,58.020275,1294054.2
2013-04-05,FDO-201507,57.27918,57.952015,56.81121,57.922764,1444872
2013-04-08,FDO-201507,57.874004,58.312813,57.27918,57.91301,767897.06
2013-04-09,FDO-201507,57.874004,58.312813,57.298676,58.312813,1621669.9
2013-04-10,FDO-201507,57.844753,59.38546,56.820866,58.936897,8717937
2013-04-11,FDO-201507,58.108036,58.63461,57.53271,58.293312,2867308
2013-04-12,FDO-201507,58.264057,59.590237,58.166546,59.531727,1878280.6
2013-04-15,FDO-201507,59.278194,59.3367,58.66386,59.122173,1845185.5
2013-04-16,FDO-201507,59.209934,60.194817,58.381073,60.0583,1655162.8
2013-04-17,FDO-201507,59.795013,59.96079,59.044163,59.873024,2143917.8
2013-04-18,FDO-201507,60.107056,60.633625,59.697502,60.126556,1858417.6
2013-04-19,FDO-201507,60.175312,61.13094,59.96079,61.03343,2363669.8
2013-04-22,FDO-201507,61.228455,61.41373,60.643375,60.857906,1115132.6
2013-04-23,FDO-201507,61.052933,62.252342,61.052933,61.97931,1245677.1
2013-04-24,FDO-201507,62.10607,62.301098,61.56975,61.79403,837939
2013-04-25,FDO-201507,61.9208,62.554634,61.56,61.56975,1310183.4
2013-04-26,FDO-201507,61.384476,61.725773,61.004177,61.374725,931600.25
2013-04-29,FDO-201507,61.56,61.725773,60.399593,60.49711,1099852.6
2013-04-30,FDO-201507,60.555614,60.701885,59.102673,59.84377,1558806.5
2013-05-01,FDO-201507,59.746258,60.458103,59.15143,59.26844,1045501.94
2013-05-02,FDO-201507,59.463467,59.92178,59.073418,59.86327,886241.25
2013-05-03,FDO-201507,60.243572,61.25771,60.185066,60.8189,1206450.6
2013-05-06,FDO-201507,60.65313,61.1992,60.350838,60.80915,966024.4
2013-05-07,FDO-201507,60.82865,61.208954,60.516613,60.789646,753027.25
2013-05-08,FDO-201507,60.857906,62.07682,60.857906,61.9208,1159331.8
2013-05-09,FDO-201507,61.9208,62.135326,61.121193,61.34547,648323.4
2013-05-10,FDO-201507,61.267464,61.618507,60.711636,61.511246,690589.5
2013-05-13,FDO-201507,61.462486,61.711143,60.760395,61.082184,475715.72
2013-05-14,FDO-201507,61.150444,62.349854,61.052933,61.959805,1052015.9
2013-05-15,FDO-201507,61.930546,64.1831,61.833035,63.861305,1783043.1
2013-05-16,FDO-201507,63.168964,63.812553,62.788662,62.856922,2019831.9
2013-05-17,FDO-201507,62.71065,63.20797,62.281597,62.700905,1335000.5
2013-05-20,FDO-201507,62.700905,62.866676,61.86229,61.97931,1414374.5
2013-05-21,FDO-201507,62.07682,62.603386,61.47224,62.427864,1058875.5
2013-05-22,FDO-201507,62.49612,63.09095,62.16458,62.427864,840447.4
2013-05-23,FDO-201507,62.301098,63.15921,62.203587,62.73016,1051141.1
2013-05-24,FDO-201507,62.457123,62.80817,61.77453,62.06707,686164.44
2013-05-28,FDO-201507,62.53513,63.32499,61.9403,62.047565,742300.5
2013-05-29,FDO-201507,61.725773,61.755028,60.50686,61.35522,963665.7
2013-05-30,FDO-201507,61.18945,61.49174,60.66288,60.74089,687087.4
2013-05-31,FDO-201507,60.692135,60.77014,59.629242,59.629242,1467877.1
2013-06-03,FDO-201507,59.60974,60.75064,59.599987,60.009544,1312110.2
2013-06-04,FDO-201507,58.897896,58.995407,57.82525,58.67361,2143200
2013-06-05,FDO-201507,58.51759,59.521976,58.010525,58.449333,1031143.9
2013-06-06,FDO-201507,58.42983,60.08755,58.05928,60.038795,1218093.1
2013-06-07,FDO-201507,60.321583,60.848156,60.01929,60.467854,1614244.1
2013-06-10,FDO-201507,60.701885,61.384476,60.458103,60.994423,1240073.8
2013-06-11,FDO-201507,60.477604,62.125576,60.321583,61.657513,1483794
2013-06-12,FDO-201507,62.460423,62.470215,60.551067,60.7469,1325834.4
2013-06-13,FDO-201507,60.92315,61.50085,60.54128,61.40293,801607.94
2013-06-14,FDO-201507,61.18752,62.078552,61.18752,61.912094,1284778.6
2013-06-17,FDO-201507,62.274384,62.87167,61.912094,62.245007,1299995.9
2013-06-18,FDO-201507,62.362507,62.881462,62.078552,62.74438,1468828.9
2013-06-19,FDO-201507,62.842297,63.047916,61.863136,61.88272,790508.56
2013-06-20,FDO-201507,61.43231,62.215633,60.18878,60.355236,2116090.8
2013-06-21,FDO-201507,60.68815,61.02106,60.071278,60.786068,1683195.9
2013-06-24,FDO-201507,60.090862,60.374817,58.862022,59.963573,1225139.6
2013-06-25,FDO-201507,60.29649,60.325863,58.778793,59.160664,1259655
2013-06-26,FDO-201507,59.483788,59.591496,58.14234,58.80817,1708331.8
2013-06-27,FDO-201507,59.19004,60.560856,58.935455,60.355236,1369443.4
2013-06-28,FDO-201507,60.404194,61.045544,60.041904,61.011272,2098200.8
2013-07-01,FDO-201507,61.275646,62.460423,61.19731,62.019802,1794506
2013-07-02,FDO-201507,61.814182,62.666046,61.481266,62.000217,1602807.4
2013-07-03,FDO-201507,61.853344,62.107925,61.559597,62.000217,496855.97
2013-07-05,FDO-201507,62.352715,62.55834,61.706474,62.489796,537361.25
2013-07-08,FDO-201507,62.538754,62.979378,62.245007,62.920628,959338.5
2013-07-09,FDO-201507,63.038124,63.361248,62.31355,62.61709,1333813.8
2013-07-10,FDO-201507,64.45791,68.24724,63.938953,67.07225,9495148
2013-07-11,FDO-201507,67.23871,68.8739,65.70143,68.51161,4859304.5
2013-07-12,FDO-201507,68.05141,68.05141,66.651215,66.974335,2943246.2
2013-07-15,FDO-201507,67.04288,67.209335,66.55085,67.003716,1074264.9
2013-07-16,FDO-201507,67.003716,67.25829,66.30851,66.66101,1604847.9
2013-07-17,FDO-201507,66.79809,67.60081,66.79809,67.11142,1844821.6
2013-07-18,FDO-201507,67.35621,67.74787,67.02329,67.11142,1427554.5
2013-07-19,FDO-201507,67.54225,67.54225,66.16164,66.288925,1752590.2
2013-07-22,FDO-201507,66.38685,66.7883,65.87768,66.27914,888663.44
2013-07-23,FDO-201507,66.4358,66.690384,65.65248,66.62184,1816668.9
2013-07-24,FDO-201507,66.82746,66.974335,66.426,66.690384,858902.1
2013-07-25,FDO-201507,66.39663,67.07225,66.200806,66.63164,755752.2
2013-07-26,FDO-201507,66.367256,67.11142,66.14206,67.091835,688960
2013-07-29,FDO-201507,66.856834,67.19954,66.41622,67.07225,611164.5
2013-07-30,FDO-201507,67.72829,68.04162,67.14079,67.43454,1703011.9
2013-07-31,FDO-201507,67.47371,67.973076,67.248505,67.326836,928043.25
2013-08-01,FDO-201507,67.532455,69.91181,67.414955,69.52014,1712077.9
2013-08-02,FDO-201507,68.423485,69.104004,68.02203,69.08931,1105361.1
2013-08-05,FDO-201507,68.82494,68.981606,68.168915,68.8739,545162.9
2013-08-06,FDO-201507,68.7564,69.06973,68.35494,68.9914,812048.56
2013-08-07,FDO-201507,68.90328,69.383064,68.452866,68.86411,1095432.1
2013-08-08,FDO-201507,69.6866,71.81137,69.48587,69.784515,2896595.8
2013-08-09,FDO-201507,69.76493,70.27409,69.05994,69.98035,1062853.1
2013-08-12,FDO-201507,69.941185,70.36222,69.66702,70.264305,730832.75
2013-08-13,FDO-201507,70.17618,70.587425,69.706184,70.37202,1193927
2013-08-14,FDO-201507,70.264305,72.88845,69.95097,70.910545,1716783
2013-08-15,FDO-201507,70.65597,70.65597,69.52014,69.813896,1335128.1
2013-08-16,FDO-201507,69.74535,70.23493,69.53973,69.76493,1253983.9
2013-08-19,FDO-201507,69.588684,70.391594,69.28515,69.28515,949556.6
2013-08-20,FDO-201507,69.49077,70.391594,69.35369,69.65723,993711.94
2013-08-21,FDO-201507,69.549515,70.41118,69.549515,70.3818,1601210.1
2013-08-22,FDO-201507,70.587425,71.312004,70.43076,71.05742,1370365.6
2013-08-23,FDO-201507,71.37075,71.390335,70.53847,70.77347,1072292.9
2013-08-26,FDO-201507,70.45034,71.47846,70.45034,70.97909,875784
2013-08-27,FDO-201507,70.4993,70.54826,69.95097,70.04889,1262401.2
2013-08-28,FDO-201507,70.225136,70.8518,69.65723,70.019516,998736.7
2013-08-29,FDO-201507,69.99014,70.21535,69.49077,70.00972,814271.9
2013-08-30,FDO-201507,70.019516,70.27409,69.500565,69.706184,617061.44
2013-09-03,FDO-201507,70.19576,70.65597,68.03183,68.08078,2044527.1
2013-09-04,FDO-201507,68.540985,70.029305,66.71976,68.82494,4134904
2013-09-05,FDO-201507,68.86411,70.029305,68.86411,69.696396,803056.1
2013-09-06,FDO-201507,69.77473,70.12723,69.020775,69.304726,910170.7
2013-09-09,FDO-201507,69.588684,70.55805,69.24598,70.509094,786843.2
2013-09-10,FDO-201507,70.93013,71.09659,70.45034,71.00846,665718.56
2013-09-11,FDO-201507,71.313095,71.568596,70.78245,71.3524,527758.75
2013-09-12,FDO-201507,71.16569,71.254135,70.3992,70.50729,729332
2013-09-13,FDO-201507,70.51713,70.98881,70.51713,70.851234,713864.06
2013-09-16,FDO-201507,71.539116,71.88305,71.11656,71.42119,644858.9
2013-09-17,FDO-201507,71.38188,71.65703,71.028114,71.48015,691985.1
2013-09-18,FDO-201507,71.431015,73.317764,71.10673,73.17036,893300.9
2013-09-19,FDO-201507,73.47498,73.985985,73.03278,73.4062,1183905.1
2013-09-20,FDO-201507,73.553604,73.62239,71.87322,72.069756,3297871.8
2013-09-23,FDO-201507,71.99114,73.16053,71.52928,72.7478,1435869.1
2013-09-24,FDO-201507,72.65937,73.19984,72.33508,72.5611,498107.2
2013-09-25,FDO-201507,72.37439,72.65937,70.56625,71.313095,1047229.94
2013-09-26,FDO-201507,71.715996,72.46283,71.58824,71.833916,472381.62
2013-09-27,FDO-201507,71.39171,71.951836,71.072334,71.32292,695987.44
2013-09-30,FDO-201507,70.72349,71.16569,70.59573,70.77261,1326372.6
2013-10-01,FDO-201507,70.75297,71.41136,70.23215,71.15587,1618135
2013-10-02,FDO-201507,70.92002,71.696335,70.600655,71.68651,1208238.6
2013-10-03,FDO-201507,71.63738,71.725815,70.8414,71.087074,1410021.5
2013-10-04,FDO-201507,71.087074,71.65703,70.969154,71.29344,1186754.5
2013-10-07,FDO-201507,70.969154,71.19517,69.39687,69.40669,2938698
2013-10-08,FDO-201507,69.39687,69.514786,67.786255,68.24713,2666867
2013-10-09,FDO-201507,66.71415,68.46332,66.232635,67.51995,3573742
2013-10-10,FDO-201507,68.178345,68.54194,67.61822,68.39453,1975922.9
2013-10-11,FDO-201507,68.070244,69.03328,68.00146,68.502625,1097211.6
2013-10-14,FDO-201507,67.863884,69.013626,67.569084,68.42401,1138824.4
2013-10-15,FDO-201507,68.60089,68.76795,67.71649,67.72631,1136290.5
2013-10-16,FDO-201507,67.893364,68.44367,67.745964,68.207825,1199373
2013-10-17,FDO-201507,67.81476,69.74081,67.81476,69.74081,1741563.8
2013-10-18,FDO-201507,69.67202,69.67202,68.198,68.355225,1943969.4
2013-10-21,FDO-201507,68.39453,68.728645,67.687004,68.59107,1242723.9
2013-10-22,FDO-201507,68.70899,69.67202,68.522285,68.59107,1025874.06
2013-10-23,FDO-201507,68.51246,68.90553,68.21765,68.67951,775532.1
2013-10-24,FDO-201507,68.71882,68.91044,67.98181,68.011284,1163464.1
2013-10-25,FDO-201507,68.13903,68.42401,67.92285,68.374886,1229291.2
2013-10-28,FDO-201507,68.581245,68.73847,67.96216,68.0506,967742.2
2013-10-29,FDO-201507,68.33557,68.60089,67.834404,68.12921,945068.5
2013-10-30,FDO-201507,68.178345,68.522285,67.392204,68.040764,526321.9
2013-10-31,FDO-201507,68.10955,68.27662,67.657524,67.687004,842084.8
2013-11-01,FDO-201507,67.81476,68.581245,67.81476,68.345406,680587.75
2013-11-04,FDO-201507,68.787605,69.59341,68.33557,68.551765,769222.9
2013-11-05,FDO-201507,68.551765,68.68934,67.687004,67.893364,862979.75
2013-11-06,FDO-201507,67.863884,67.88845,66.90086,67.47082,817366.75
2013-11-07,FDO-201507,67.72631,67.90319,66.2408,66.42917,1108746.4
2013-11-08,FDO-201507,66.44883,66.47831,65.78061,66.3309,1236035
2013-11-11,FDO-201507,66.10489,67.75579,65.97714,67.35289,776686.1
2013-11-12,FDO-201507,67.41185,67.61822,67.0974,67.51012,525196.4
2013-11-13,FDO-201507,67.421684,68.44367,67.20549,68.42401,929600.6
2013-11-14,FDO-201507,68.27662,68.846565,67.854065,68.71882,914132.7
2013-11-15,FDO-201507,68.65003,68.86622,67.854065,68.80726,1098933.4
2013-11-18,FDO-201507,68.86622,69.278946,68.355225,68.846565,1009484.2
2013-11-19,FDO-201507,68.80726,70.19284,68.58615,69.17085,1332820.4
2013-11-20,FDO-201507,69.367386,69.61797,68.58105,68.77778,757155.9
2013-11-21,FDO-201507,67.854065,69.249466,67.1367,69.0038,1043065.8
2013-11-22,FDO-201507,68.88587,69.426346,68.7483,69.31825,504436.8
2013-11-25,FDO-201507,69.455826,70.50729,69.249466,69.60323,831204.4
2013-11-26,FDO-201507,69.69167,69.8489,68.77778,69.308426,1742886.6
2013-11-27,FDO-201507,69.32808,69.7015,68.77778,68.92518,584430.3
2013-11-29,FDO-201507,68.92518,69.60323,68.39453,68.561584,538425.5
2013-12-02,FDO-201507,68.522285,68.79743,67.76562,68.119385,1282309.5
2013-12-03,FDO-201507,68.08008,68.27662,67.628044,67.9425,1076448
2013-12-04,FDO-201507,67.804924,68.060425,67.20549,67.9425,1069727.6
2013-12-05,FDO-201507,68.345406,68.73847,65.8887,66.42917,1808421.8
2013-12-06,FDO-201507,65.76095,65.829735,64.07074,64.837234,2007593.4
2013-12-09,FDO-201507,64.9355,65.28927,64.12971,64.55225,1195302.5
2013-12-10,FDO-201507,64.58173,64.75862,64.09039,64.227974,981136.2
2013-12-11,FDO-201507,64.2773,64.47462,63.719868,63.793865,1291634.8
2013-12-12,FDO-201507,63.764263,63.882656,63.063774,63.340023,1443536.5
2013-12-13,FDO-201507,63.27096,63.85306,62.84672,63.103237,2028269.1
2013-12-16,FDO-201507,63.211765,63.497883,62.313957,62.826992,1095597.8
2013-12-17,FDO-201507,62.826992,63.142704,62.649403,62.817123,901104.5
2013-12-18,FDO-201507,62.748062,63.152573,61.99824,63.083508,1151775.4
2013-12-19,FDO-201507,62.826992,62.984848,62.34355,62.728333,818159.44
2013-12-20,FDO-201507,63.044044,63.68534,62.77766,63.626137,1791193.5
2013-12-23,FDO-201507,63.68534,64.59302,63.596542,64.45489,1301153.2
2013-12-24,FDO-201507,64.405556,65.15538,64.336494,64.67194,377557.47
2013-12-26,FDO-201507,64.64234,64.64234,63.84704,64.07998,564490.5
2013-12-27,FDO-201507,64.29703,64.64234,63.961586,64.11944,586602.7
2013-12-30,FDO-201507,64.158905,64.77061,63.813595,64.563416,968296.56
2013-12-31,FDO-201507,64.54368,65.2935,63.991184,64.09971,1288575.8
2014-01-02,FDO-201507,64.16878,65.520424,64.09971,65.17511,1169709.5
2014-01-03,FDO-201507,65.342834,65.9052,64.72127,65.520424,1494060.2
2014-01-06,FDO-201507,65.42176,65.88547,64.8594,64.8594,2653139.5
2014-01-07,FDO-201507,64.8002,65.342834,64.070114,64.52395,3405416.5
2014-01-08,FDO-201507,64.48449,65.61909,63.86293,65.451355,2847024.5
2014-01-09,FDO-201507,60.271683,64.45489,60.074364,64.09971,10312915
2014-01-10,FDO-201507,63.68534,66.970726,62.98978,66.576096,7015698
2014-01-13,FDO-201507,66.299835,66.37877,63.95665,64.12931,3149815.5
2014-01-14,FDO-201507,63.044044,63.566944,62.412617,63.557076,4454579
2014-01-15,FDO-201507,63.52748,64.81007,63.192036,64.39569,1893668.1
2014-01-16,FDO-201507,63.43869,64.336494,63.300564,63.941853,2930584
2014-01-17,FDO-201507,63.566944,67.65149,63.152573,64.68181,7924348.5
2014-01-21,FDO-201507,65.04685,65.48096,63.409084,63.655735,2613103.2
2014-01-22,FDO-201507,63.85306,63.931885,63.340023,63.892525,1514525.5
2014-01-23,FDO-201507,63.468285,63.744534,63.152573,63.409084,1140597.6
2014-01-24,FDO-201507,63.241364,63.241364,62.047573,62.10677,1375727.2
2014-01-27,FDO-201507,60.764988,63.034176,60.764988,62.669136,1235753.2
2014-01-28,FDO-201507,62.62967,62.87632,62.146236,62.294224,1434110.2
2014-01-29,FDO-201507,62.126503,62.491547,61.455612,61.583866,1199792.5
2014-01-30,FDO-201507,61.909447,61.939045,61.031372,61.130028,1132571.1
2014-01-31,FDO-201507,60.65646,61.282955,60.340748,60.991905,1345446.6
2014-02-03,FDO-201507,60.991905,61.0511,59.25548,59.324543,2007706.8
2014-02-04,FDO-201507,59.403473,59.936237,58.870705,59.827713,1490262.5
2014-02-05,FDO-201507,60.23222,61.43588,59.98557,60.91298,1764558.8
2014-02-06,FDO-201507,60.93271,62.402752,60.922844,61.6332,1582432.1
2014-02-07,FDO-201507,62.017975,62.264626,61.574,61.820652,806367.5
2014-02-10,FDO-201507,61.68253,61.78119,60.843914,61.416145,756939.4
2014-02-11,FDO-201507,61.40628,62.688866,61.337215,62.550743,1124740.1
2014-02-12,FDO-201507,62.471813,62.80726,61.643063,61.968647,681022.44
2014-02-13,FDO-201507,61.731857,61.95878,61.287888,61.514805,871815.2
2014-02-14,FDO-201507,61.445744,62.678997,61.199093,62.58034,968120.2
2014-02-18,FDO-201507,62.84672,63.882656,62.84672,63.705067,1212542.2
2014-02-19,FDO-201507,64.79033,65.88547,63.902386,64.79033,2123844.5
2014-02-20,FDO-201507,64.52395,64.81993,63.882656,64.19837,1526447.1
2014-02-21,FDO-201507,64.26743,64.95805,63.93199,64.829796,840796.7
2014-02-24,FDO-201507,65.01726,66.04333,64.86926,65.27377,1096826.2
2014-02-25,FDO-201507,65.30337,65.74734,64.83967,64.97779,1041531.56
2014-02-26,FDO-201507,64.63248,66.49716,64.60288,66.20118,3813300
2014-02-27,FDO-201507,66.260376,66.84247,65.64868,65.65855,2217959
2014-02-28,FDO-201507,65.57962,65.786804,64.52395,64.62261,2089064.5
2014-03-03,FDO-201507,64.32663,64.563416,63.784,64.01091,1670071
2014-03-04,FDO-201507,64.81007,65.24417,63.882656,63.961586,2760173.2
2014-03-05,FDO-201507,63.971447,64.17864,63.073643,63.616276,1619189.5
2014-03-06,FDO-201507,63.626137,63.912254,63.00458,63.05391,2522894.8
2014-03-07,FDO-201507,63.409084,63.458416,62.10677,62.17583,2572695
2014-03-10,FDO-201507,62.126503,62.313957,61.53454,62.05744,1444561.2
2014-03-11,FDO-201507,61.97851,62.27449,61.524673,61.554268,2201621.2
2014-03-12,FDO-201507,61.484863,61.673256,60.8602,61.13783,1413585
2014-03-13,FDO-201507,60.28511,60.483418,59.18451,59.918243,6128197
2014-03-14,FDO-201507,59.898415,60.95935,59.700108,59.77943,1290134.6
2014-03-17,FDO-201507,59.90833,60.63215,59.8885,60.255367,1188868
2014-03-18,FDO-201507,60.255367,60.909775,60.195873,60.56274,1107377.9
2014-03-19,FDO-201507,60.6024,61.008926,59.95791,60.18596,1381499.4
2014-03-20,FDO-201507,60.007484,60.314857,59.343155,59.96782,1114841.1
2014-03-21,FDO-201507,60.43384,61.078335,59.640617,59.690193,3276648.5
2014-03-24,FDO-201507,59.918243,60.275196,58.748238,58.748238,1689306
2014-03-25,FDO-201507,59.115105,59.194427,57.66747,57.736874,1805288.2
2014-03-26,FDO-201507,57.89552,58.32188,57.4295,57.469162,1597427.9
2014-03-27,FDO-201507,57.231194,57.59806,56.794918,57.003143,1463594.5
2014-03-28,FDO-201507,57.003143,57.44933,56.993225,57.270855,1691222.2
2014-03-31,FDO-201507,57.617893,58.02442,57.290684,57.518738,1023971.56
2014-04-01,FDO-201507,57.657555,58.480522,57.07255,57.459248,2252576
2014-04-02,FDO-201507,57.459248,57.74679,57.07255,57.231194,2584285.2
2014-04-03,FDO-201507,57.33035,58.163235,57.33035,57.528656,2301187.8
2014-04-04,FDO-201507,57.756706,59.025864,57.508823,57.548485,2652765
2014-04-07,FDO-201507,57.38984,57.528656,56.81475,57.508823,2867553
2014-04-08,FDO-201507,57.26094,58.45078,57.05272,58.242558,2910004.5
2014-04-09,FDO-201507,58.34171,58.639168,57.905437,58.569763,2622193.2
2014-04-10,FDO-201507,58.708576,59.690193,56.338814,56.68585,7002259
2014-04-11,FDO-201507,56.061188,56.41814,55.218384,55.624912,4312261.5
2014-04-14,FDO-201507,56.110764,56.7156,55.733982,56.68585,2566268.5
2014-04-15,FDO-201507,56.64619,57.26094,56.041355,56.41814,2059765.2
2014-04-16,FDO-201507,57.022972,57.70713,56.41814,56.68585,1602285
2014-04-17,FDO-201507,56.527206,56.745342,55.922375,56.358646,2328270
2014-04-21,FDO-201507,56.318985,56.467716,55.86288,55.922375,1054412.4
2014-04-22,FDO-201507,55.97195,56.675938,55.9422,56.62636,1302628.4
2014-04-23,FDO-201507,56.675938,57.082466,56.50936,56.96348,2005951.5
2014-04-24,FDO-201507,57.181618,57.191532,56.517292,56.566868,1125069.8
2014-04-25,FDO-201507,56.517292,57.83603,56.021526,57.8162,2029443.5
2014-04-28,FDO-201507,57.945095,58.411118,57.508823,57.945095,1375998.8
2014-04-29,FDO-201507,58.143402,58.23264,57.64962,58.04425,638748.3
2014-04-30,FDO-201507,57.855858,58.292133,57.36505,58.252472,2128672.8
2014-05-01,FDO-201507,58.242558,58.460693,57.5584,57.677383,820435.94
2014-05-02,FDO-201507,57.627808,58.530098,57.588146,58.00459,845372.06
2014-05-05,FDO-201507,57.93518,58.014503,57.141956,57.211365,648233.6
2014-05-06,FDO-201507,57.003143,57.141956,56.259495,56.328903,1018250.1
2014-05-07,FDO-201507,56.49746,56.7156,56.03144,56.70568,641883.8
2014-05-08,FDO-201507,56.933735,57.538567,56.447884,56.77509,768071.44
2014-05-09,FDO-201507,56.75526,57.379925,56.507378,57.350178,567096.5
2014-05-12,FDO-201507,57.38984,57.657555,56.78005,57.013058,833061.8
2014-05-13,FDO-201507,57.0428,57.310516,56.437965,56.64619,826914.8
2014-05-14,FDO-201507,56.53712,56.80979,56.061188,56.209915,848102.2
2014-05-15,FDO-201507,56.021526,56.229748,55.52576,55.783558,1108854.4
2014-05-16,FDO-201507,55.813305,57.032887,55.694317,56.973396,1944652.4
2014-05-19,FDO-201507,56.903988,57.07255,56.47763,56.864326,558039.8
2014-05-20,FDO-201507,56.745342,56.933735,55.446434,55.605083,783946.94
2014-05-21,FDO-201507,55.624912,55.99178,55.168808,55.952118,741006.25
2014-05-22,FDO-201507,56.60653,57.231194,55.892624,56.2,929256.5
2014-05-23,FDO-201507,56.239662,56.26941,55.892624,56.170258,778439.25
2014-05-27,FDO-201507,56.239662,57.955013,56.239662,57.885605,1555816.5
2014-05-28,FDO-201507,57.717045,58.08391,57.251026,57.76662,2199057.8
2014-05-29,FDO-201507,57.74679,57.855858,57.211365,57.76662,1456056.8
2014-05-30,FDO-201507,57.826115,58.17315,57.617893,58.10374,2493257.2
2014-06-02,FDO-201507,58.202896,58.22273,57.826115,58.143402,1632138.9
2014-06-03,FDO-201507,58.11366,59.095272,57.717045,59.045696,2334753
2014-06-04,FDO-201507,59.045696,59.600956,59.015953,59.5018,1451572.8
2014-06-05,FDO-201507,59.491886,59.7596,59.452225,59.600956,2608036.2
2014-06-06,FDO-201507,59.591038,60.146297,59.491886,60.017395,2370081.2
2014-06-09,FDO-201507,67.4638,69.704666,67.37456,68.03889,12726011
2014-06-10,FDO-201507,67.820755,68.05574,67.19608,67.47372,2365992.5
2014-06-11,FDO-201507,67.46375,67.802414,65.97961,66.11906,2735961.2
2014-06-12,FDO-201507,66.00948,66.22862,65.043304,66.09914,1514323.9
2014-06-13,FDO-201507,66.04933,66.54736,65.720634,66.39796,769678.6
2014-06-16,FDO-201507,66.457726,67.81735,66.39796,67.74265,1368660.2
2014-06-17,FDO-201507,67.5534,67.901024,67.36414,67.5534,1042212
2014-06-18,FDO-201507,67.3741,68.11119,67.20477,67.95183,793291.44
2014-06-19,FDO-201507,67.85222,68.180916,67.74265,67.87214,644219.44
2014-06-20,FDO-201507,68.698875,69.67502,67.89704,68.4897,3029456
2014-06-23,FDO-201507,68.50962,69.21683,68.07135,68.220764,2005327
2014-06-24,FDO-201507,68.27057,68.64907,67.8821,68.240685,764963.1
2014-06-25,FDO-201507,68.07135,68.07135,66.9956,67.41395,1077731.6
2014-06-26,FDO-201507,67.56336,67.83229,66.726654,67.73269,996399.9
2014-06-27,FDO-201507,67.81238,67.81238,65.07777,66.57725,3499631.2
2014-06-30,FDO-201507,66.13898,66.29835,64.57515,65.88,2222847
2014-07-01,FDO-201507,65.919846,66.985634,64.25641,64.69468,3263840.2
2014-07-02,FDO-201507,64.57515,65.59114,64.57515,65.53138,1478848.4
2014-07-03,FDO-201507,65.521416,65.71067,65.05326,65.44173,564386.6
2014-07-07,FDO-201507,65.063225,65.601105,64.40582,64.485504,1460440
2014-07-08,FDO-201507,64.53531,64.796776,63.529278,64.126915,1498120.1
2014-07-09,FDO-201507,64.126915,64.63491,63.857983,63.98747,1725324.4
2014-07-10,FDO-201507,62.881836,65.19271,62.314075,63.867943,3752949
2014-07-11,FDO-201507,63.68865,63.728493,61.596905,61.905685,2348502
2014-07-14,FDO-201507,62.324036,62.353916,61.756275,61.96545,1148300
2014-07-15,FDO-201507,62.00529,62.17462,60.97436,61.08891,1261781.1
2014-07-16,FDO-201507,61.188515,61.33793,60.889698,61.188515,1984352.6
2014-07-17,FDO-201507,60.770164,60.979343,60.052998,60.07292,1183533.5
2014-07-18,FDO-201507,60.3817,61.38773,60.132683,61.148674,1698909.5
2014-07-21,FDO-201507,60.76021,61.07895,60.052998,60.51119,952820.56
2014-07-22,FDO-201507,60.76021,60.80005,59.574886,59.774097,1139682.1
2014-07-23,FDO-201507,59.784058,60.36178,59.784058,60.142643,891147.1
2014-07-24,FDO-201507,60.142643,60.929535,60.043034,60.899654,1556283.9
2014-07-25,FDO-201507,60.551033,60.799847,60.212368,60.421543,1234726.8
2014-07-28,FDO-201507,73.95812,76.51801,73.31068,75.44226,35578276
2014-07-29,FDO-201507,74.735054,76.049866,74.18722,74.20714,7659585
2014-07-30,FDO-201507,74.20714,75.50203,74.16729,74.85458,6353084.5
2014-07-31,FDO-201507,74.36651,74.874504,74.00793,74.456154,7492413
2014-08-01,FDO-201507,74.58564,75.74108,74.58564,75.55183,3230870.8
2014-08-04,FDO-201507,75.452225,75.72116,74.954185,75.432304,2435304.2
2014-08-05,FDO-201507,75.07372,79.61579,74.90239,76.94633,9906632
2014-08-06,FDO-201507,76.52798,76.69731,75.990105,76.19927,2465040.2
2014-08-07,FDO-201507,76.38853,76.5977,75.16336,76.07974,1931546
2014-08-08,FDO-201507,76.33872,76.90649,75.83073,76.78695,819839.8
2014-08-11,FDO-201507,76.45825,77.18538,75.84069,76.747116,2577532.5
2014-08-12,FDO-201507,76.79691,76.96625,76.19927,76.428375,1055620.8
2014-08-13,FDO-201507,76.428375,76.53793,75.74108,75.910416,1225213.4
2014-08-14,FDO-201507,75.910416,76.249084,75.850655,76.0399,758258.75
2014-08-15,FDO-201507,75.850655,76.21919,75.41238,75.761,1729610.1
2014-08-18,FDO-201507,79.25721,79.69548,78.93846,79.49626,20128626
2014-08-19,FDO-201507,79.625755,79.78512,79.28709,79.386696,5062097.5
2014-08-20,FDO-201507,79.227325,79.63073,79.187485,79.49626,2138442.2
2014-08-21,FDO-201507,79.29705,79.625755,79.00819,79.09784,4444606
2014-08-22,FDO-201507,79.107796,79.45642,78.789055,79.35681,1873359.2
2014-08-25,FDO-201507,79.386696,79.86481,79.24226,79.68552,2417782.5
2014-08-26,FDO-201507,79.87477,79.88473,79.40662,79.68552,1035230.56
2014-08-27,FDO-201507,79.78512,79.79508,79.41658,79.486305,1109663.1
2014-08-28,FDO-201507,79.42654,79.68552,79.1327,79.51619,1099601.6
2014-08-29,FDO-201507,79.61579,79.72536,79.4365,79.51619,598681.44
2014-09-02,FDO-201507,80.06402,80.6517,79.805046,79.904655,2431696
2014-09-03,FDO-201507,79.93453,80.15367,79.74528,79.91461,1834426.2
2014-09-04,FDO-201507,79.93453,79.98434,79.67058,79.74528,1493752
2014-09-05,FDO-201507,79.13767,79.2074,78.44043,78.79902,6161800.5
2014-09-08,FDO-201507,78.79902,78.89365,78.34083,78.510155,1664558.5
2014-09-09,FDO-201507,78.46035,78.769135,78.091805,78.390625,883851.44
2014-09-10,FDO-201507,78.52012,78.689445,78.12169,78.549995,3415468.2
2014-09-11,FDO-201507,78.5,78.75,78.5,78.67,2072678
2014-09-12,FDO-201507,78.63,78.76,78.34,78.49,1996123
2014-09-15,FDO-201507,78.5,78.65,78.37,78.57,414232
2014-09-16,FDO-201507,78.59,78.82,78.46,78.79,1017574
2014-09-17,FDO-201507,78.64,78.99,78.61,78.75,1377963
2014-09-18,FDO-201507,78.67,78.8,78.25,78.65,1474102
2014-09-19,FDO-201507,78.93,78.93,78.5,78.76,1211688
2014-09-22,FDO-201507,78.76,78.76,78.44,78.57,660181
2014-09-23,FDO-201507,78.55,78.67,78.06,78.09,868159
2014-09-24,FDO-201507,78.2,78.99,78.08,78.11,2724987
2014-09-25,FDO-201507,78.17,78.18,77.5,77.66,1344024
2014-09-26,FDO-201507,77.57,77.86,77.51,77.54,925082
2014-09-29,FDO-201507,77.35,77.82,77.25,77.5,552386
2014-09-30,FDO-201507,77.4,77.702,77.1,77.24,1570591
2014-10-01,FDO-201507,77.26,77.74,77.15,77.41,1245059
2014-10-02,FDO-201507,77.5,78.16,77.315,77.96,1127750
2014-10-03,FDO-201507,77.9,78.39,77.74,78.22,989186
2014-10-06,FDO-201507,78,78.2,77.64,77.74,445832
2014-10-07,FDO-201507,77.63,77.75,77.355,77.65,551018
2014-10-08,FDO-201507,77.89,78.1,77.6,77.71,755689
2014-10-09,FDO-201507,77.49,77.815,77.32,77.75,718679
2014-10-10,FDO-201507,77.53,77.89,77.2,77.5,1398620
2014-10-13,FDO-201507,76.93,77.64,76.56,76.76,1051470
2014-10-14,FDO-201507,76.83,77.3825,76.7,76.97,1386594
2014-10-15,FDO-201507,76.29,76.75,75.44,76.53,2165747
2014-10-16,FDO-201507,76.27,76.52,76,76.37,1518301
2014-10-17,FDO-201507,76.42,77.49,76.18,76.77,2497049
2014-10-20,FDO-201507,77.12,77.69,76.58,76.76,1259719
2014-10-21,FDO-201507,77.1,77.96,76.89,77.45,1366973
2014-10-22,FDO-201507,77.49,77.715,76.86,76.96,1082664
2014-10-23,FDO-201507,77.4,77.85,77.23,77.68,927749
2014-10-24,FDO-201507,77.82,78.17,77.5,77.95,569627
2014-10-27,FDO-201507,77.99,78,77.6,77.88,2923723
2014-10-28,FDO-201507,77.85,77.9699,77.43,77.73,566720
2014-10-29,FDO-201507,77.7,77.97,77.23,77.75,737513
2014-10-30,FDO-201507,77.4,78.13,77.4,77.82,428088
2014-10-31,FDO-201507,78.06,78.32,77.9,78.29,686299
2014-11-03,FDO-201507,78.28,78.7,77.98,78.55,562184
2014-11-04,FDO-201507,78.5,78.61,78.13,78.35,439105
2014-11-05,FDO-201507,78.5,78.68,78.25,78.51,590182
2014-11-06,FDO-201507,78.75,78.97,78.434,78.69,535778
2014-11-07,FDO-201507,78.69,79.03,78.44,78.84,421748
2014-11-10,FDO-201507,78.54,78.91,78.3,78.5,300005
2014-11-11,FDO-201507,78.57,78.71,78.27,78.55,245168
2014-11-12,FDO-201507,78.58,78.66,78.38,78.53,269691
2014-11-13,FDO-201507,78.75,78.75,78.4,78.4,335201
2014-11-14,FDO-201507,78.58,78.6,78.2,78.32,523780
2014-11-17,FDO-201507,78.24,78.9,78.07,78.86,517344
2014-11-18,FDO-201507,78.65,78.99,78.54,78.85,1141215
2014-11-19,FDO-201507,78.24,78.5,77.5,78.45,3538683
2014-11-20,FDO-201507,78.7,78.835,78.17,78.58,2749424
2014-11-21,FDO-201507,79,79.1,78.47,78.99,2307252
2014-11-24,FDO-201507,79,79.2,78.68,79.11,1234128
2014-11-25,FDO-201507,79.26,79.35,78.62,78.68,1144069
2014-11-26,FDO-201507,78.76,79.12,78.5,79.04,1016517
2014-11-28,FDO-201507,79.34,79.51,78.7,79.05,341124
2014-12-01,FDO-201507,79.04,79.58,78.7,79.42,1056096
2014-12-02,FDO-201507,79.74,79.74,79.24,79.4,634197
2014-12-03,FDO-201507,79.39,79.75,79.11,79.48,2088003
2014-12-04,FDO-201507,79.5,79.89,79.18,79.68,2387022
2014-12-05,FDO-201507,79.26,79.81,79.26,79.78,1332639
2014-12-08,FDO-201507,79.7,79.88,79.6,79.8,705730
2014-12-09,FDO-201507,79.8,79.89,79.26,79.75,490538
2014-12-10,FDO-201507,79.75,79.85,79.27,79.58,1725098
2014-12-11,FDO-201507,79.69,79.8,79.439,79.48,1047119
2014-12-12,FDO-201507,79.4,79.76,79.23,79.25,1164701
2014-12-15,FDO-201507,79.44,79.69,79.24,79.27,670585
2014-12-16,FDO-201507,79.25,79.7,79,79.12,623825
2014-12-17,FDO-201507,79.34,79.8,79.095,79.25,822996
2014-12-18,FDO-201507,79.5,79.61,79.16,79.46,1153981
2014-12-19,FDO-201507,79.32,79.34,78.47,78.96,2235304
2014-12-22,FDO-201507,78.93,79.3,78.87,79.11,592225
2014-12-23,FDO-201507,79.25,79.46,79.13,79.15,350719
2014-12-24,FDO-201507,79.21,79.49,79.07,79.14,132053
2014-12-26,FDO-201507,79.25,79.25,79.02,79.12,143524
2014-12-29,FDO-201507,79.2,79.43,79.12,79.3,529187
2014-12-30,FDO-201507,79.34,79.36,79.06,79.3,479647
2014-12-31,FDO-201507,79.35,79.52,79.19,79.21,740412
2015-01-02,FDO-201507,79.17,79.34,78.88,78.89,628275
2015-01-05,FDO-201507,78.82,79.02,78.54,78.66,707759
2015-01-06,FDO-201507,78.7,79,78.47,78.67,1280554
2015-01-07,FDO-201507,78.94,79.1,78.71,78.86,1022002
2015-01-08,FDO-201507,78.37,79,77.99,78.51,2530911
2015-01-09,FDO-201507,78.49,78.6,77.95,77.99,2763927
2015-01-12,FDO-201507,77.89,77.89,76.62,76.69,5020670
2015-01-13,FDO-201507,76.93,77.11,76.47,76.86,4174414
2015-01-14,FDO-201507,76.99,76.99,75.92,76.3,3633539
2015-01-15,FDO-201507,75.49,76.3,74.65,75.14,9218558
2015-01-16,FDO-201507,74.99,75.54,74.72,75.28,8185323
2015-01-20,FDO-201507,75.08,75.71,75.02,75.43,3316678
2015-01-21,FDO-201507,75.26,75.88,75.26,75.55,3534792
2015-01-22,FDO-201507,75.77,76.55,75.77,76.44,4885345
2015-01-23,FDO-201507,76.67,77.07,76.51,76.93,1473272
2015-01-26,FDO-201507,76.68,76.93,76.26,76.36,9102367
2015-01-27,FDO-201507,76.2,76.72,76.13,76.62,6389169
2015-01-28,FDO-201507,76.48,76.77,76.275,76.31,1928560
2015-01-29,FDO-201507,76.3,76.47,76.14,76.22,3470464
2015-01-30,FDO-201507,76.12,76.85,76.1,76.1,6019880
2015-02-02,FDO-201507,76.51,76.93,76.27,76.77,2476155
2015-02-03,FDO-201507,77.03,77.5,76.81,77.49,1549905
2015-02-04,FDO-201507,77.54,77.64,77.04,77.35,2486387
2015-02-05,FDO-201507,77.61,77.82,77.35,77.56,1007668
2015-02-06,FDO-201507,77.24,77.77,77.24,77.35,819895
2015-02-09,FDO-201507,77.31,77.56,77.2,77.29,1003363
2015-02-10,FDO-201507,77.47,77.58,77.295,77.56,762621
2015-02-11,FDO-201507,77.75,77.87,77.55,77.75,801676
2015-02-12,FDO-201507,77.81,77.81,77.48,77.55,341638
2015-02-13,FDO-201507,77.57,77.865,77.48,77.86,320653
2015-02-17,FDO-201507,78,78,77.72,77.84,728332
2015-02-18,FDO-201507,77.76,78.02,77.7,77.97,802610
2015-02-19,FDO-201507,78.12,78.12,77.87,77.9,394020
2015-02-20,FDO-201507,77.86,78.35,77.72,78.27,1109127
2015-02-23,FDO-201507,78.36,78.36,78.1,78.28,1061423
2015-02-24,FDO-201507,78.16,78.28,78.1,78.19,494381
2015-02-25,FDO-201507,78.37,79,78.31,78.62,701067
2015-02-26,FDO-201507,78.44,78.73,78.38,78.61,618818
2015-02-27,FDO-201507,78.6,78.81,78.52,78.74,725102
2015-03-02,FDO-201507,78.99,78.99,78.73,78.79,757506
2015-03-03,FDO-201507,78.88,78.94,78.5,78.66,2436700
2015-03-04,FDO-201507,78.74,78.74,78.5,78.59,509571
2015-03-05,FDO-201507,78.79,78.81,78.61,78.7,492482
2015-03-06,FDO-201507,78.43,78.99,78.43,78.8,689696
2015-03-09,FDO-201507,78.69,78.885,78.6801,78.76,316057
2015-03-10,FDO-201507,78.6,78.76,78.55,78.64,726948
2015-03-11,FDO-201507,78.6,78.87,78.55,78.59,723830
2015-03-12,FDO-201507,78.87,79.34,78.79,79.12,761481
2015-03-13,FDO-201507,79.19,79.44,79.15,79.3,982826
2015-03-16,FDO-201507,79.56,79.91,79.45,79.91,575783
2015-03-17,FDO-201507,79.81,79.86,79.67,79.67,601794
2015-03-18,FDO-201507,79.68,79.99,79.56,79.79,836292
2015-03-19,FDO-201507,79.77,79.94,79.69,79.7,609306
2015-03-20,FDO-201507,79.78,80.03,79.73,79.9,1526325
2015-03-23,FDO-201507,80.08,80.08,79.67,79.68,689036
2015-03-24,FDO-201507,79.61,79.91,79.6,79.61,713048
2015-03-25,FDO-201507,79.47,79.66,79.2,79.25,585759
2015-03-26,FDO-201507,79.15,79.38,79.04,79.23,835994
2015-03-27,FDO-201507,79.11,79.55,79.11,79.45,716445
2015-03-30,FDO-201507,79.83,79.89,79.39,79.43,804839
2015-03-31,FDO-201507,79.42,79.6,79.24,79.24,1283196
2015-04-01,FDO-201507,79.13,79.36,79.01,79.27,4633307
2015-04-02,FDO-201507,79.43,79.43,79.13,79.24,956060
2015-04-06,FDO-201507,79.1,79.43,79.04,79.14,1981330
2015-04-07,FDO-201507,79.12,79.46,79.05,79.13,1398774
2015-04-08,FDO-201507,79.23,79.985,79.12,79.97,940700
2015-04-09,FDO-201507,80.6,80.6,79.61,79.69,495920
2015-04-10,FDO-201507,79.72,79.84,79.65,79.74,424857
2015-04-13,FDO-201507,79.76,79.84,79.47,79.51,544837
2015-04-14,FDO-201507,79.49,79.54,79.22,79.24,386347
2015-04-15,FDO-201507,79.26,79.44,79.23,79.36,679172
2015-04-16,FDO-201507,79.39,79.53,79.2,79.38,528662
2015-04-17,FDO-201507,79.17,79.25,78.66,78.75,1005682
2015-04-20,FDO-201507,79.11,79.11,78.655,78.92,1434250
2015-04-21,FDO-201507,78.92,79.34,78.92,79.34,499459
2015-04-22,FDO-201507,79.5,79.5,79.06,79.25,409439
2015-04-23,FDO-201507,79.31,79.47,79.22,79.37,600713
2015-04-24,FDO-201507,79.31,79.46,79.145,79.38,328512
2015-04-27,FDO-201507,79.4,79.53,79.17,79.21,644160
2015-04-28,FDO-201507,79.28,79.28,78.97,79.08,554083
2015-04-29,FDO-201507,79.02,79.21,78.39,78.41,863424
2015-04-30,FDO-201507,78.21,78.58,78.05,78.14,1036714
2015-05-01,FDO-201507,78.27,78.58,78.1,78.53,373257
2015-05-04,FDO-201507,78.52,78.58,78.3,78.44,208356
2015-05-05,FDO-201507,78.37,78.41,78.1,78.16,440312
2015-05-06,FDO-201507,78.27,78.5,78.11,78.34,939168
2015-05-07,FDO-201507,78.44,78.71,78.29,78.63,364786
2015-05-08,FDO-201507,78.9,79.18,78.8,78.94,314589
2015-05-11,FDO-201507,78.87,78.99,78.78,78.86,453017
2015-05-12,FDO-201507,78.79,78.98,78.68,78.89,938755
2015-05-13,FDO-201507,78.84,78.94,78.47,78.55,919019
2015-05-14,FDO-201507,78.56,78.66,78.27,78.33,1010844
2015-05-15,FDO-201507,78.48,78.66,78.29,78.61,1659887
2015-05-18,FDO-201507,78.71,78.71,78.44,78.65,1785195
2015-05-19,FDO-201507,78.73,78.77,78.41,78.43,1275417
2015-05-20,FDO-201507,78.47,78.47,78.08,78.12,1120598
2015-05-21,FDO-201507,77.61,79.02,77.52,78.55,3662277
2015-05-22,FDO-201507,78.43,78.58,78.11,78.17,1252498
2015-05-26,FDO-201507,78.33,78.33,77.7,77.79,817882
2015-05-27,FDO-201507,77.76,78.0203,77.76,77.96,681810
2015-05-28,FDO-201507,78.03,78.1,77.8,77.92,622378
2015-05-29,FDO-201507,78.2,78.2,77.47,77.52,1685231
2015-06-01,FDO-201507,77.81,78.21,77.63,78,1628455
2015-06-02,FDO-201507,77.84,78.53,77.84,78.29,1037880
2015-06-03,FDO-201507,78.27,78.71,78.17,78.63,2203960
2015-06-04,FDO-201507,78.29,78.95,78.29,78.6,860534
2015-06-05,FDO-201507,78.5,78.62,78.25,78.38,1048826
2015-06-08,FDO-201507,78.31,78.49,78.138,78.19,758548
2015-06-09,FDO-201507,78.22,78.35,77.991,78.26,732761
2015-06-10,FDO-201507,78.26,78.53,78.12,78.5,736391
2015-06-11,FDO-201507,78.7,78.78,78.5,78.62,1720655
2015-06-12,FDO-201507,78.52,78.79,78.52,78.57,975599
2015-06-15,FDO-201507,78.39,78.4903,78.29,78.43,977746
2015-06-16,FDO-201507,78.34,78.58,78.29,78.53,752694
2015-06-17,FDO-201507,78.65,79.17,78.65,79.15,2312582
2015-06-18,FDO-201507,79.22,79.49,79.16,79.31,1585404
2015-06-19,FDO-201507,79.37,79.43,78.96,78.97,1292640
2015-06-22,FDO-201507,79.01,79.32,79.01,79.31,1460210
2015-06-23,FDO-201507,79.23,79.46,79.19,79.3,1340066
2015-06-24,FDO-201507,79.26,79.415,79.23,79.33,358857
2015-06-25,FDO-201507,79.49,79.49,79.24,79.28,371658
2015-06-26,FDO-201507,79.43,79.61,79.29,79.59,891805
2015-06-29,FDO-201507,79.51,79.63,78.89,78.92,2167472
2015-06-30,FDO-201507,79.37,79.37,78.68,78.81,1394053
2015-07-01,FDO-201507,79.02,79.22,78.85,79.18,1104384
2015-07-02,FDO-201507,79.27,79.4,79.07,79.35,2216010
2015-07-06,FDO-201507,79.15,79.64,79.15,79.39,9408248
