date,symbol,open,high,low,close,volume
1990-01-02,GAPTQ-201203,37.733566,38.456123,37.653282,38.456123,117239.77
1990-01-03,GAPTQ-201203,38.696976,39.178684,38.536407,38.93783,111323.3
1990-01-04,GAPTQ-201203,39.0984,39.66039,38.93783,39.419537,93729.54
1990-01-05,GAPTQ-201203,39.25897,39.580105,38.696976,38.77726,115060.02
1990-01-08,GAPTQ-201203,38.648434,38.889984,38.648434,38.648434,46107.95
1990-01-09,GAPTQ-201203,38.648434,38.889984,37.44067,37.521187,189710.16
1990-01-10,GAPTQ-201203,37.68222,37.843258,37.279633,37.601704,103393.586
1990-01-11,GAPTQ-201203,37.601704,38.245846,37.601704,38.08481,48281.39
1990-01-12,GAPTQ-201203,38.245846,38.245846,37.44067,37.68222,95631.305
1990-01-15,GAPTQ-201203,37.44067,37.44067,36.39394,36.635494,215791.42
1990-01-16,GAPTQ-201203,36.554977,36.635494,36.313423,36.554977,47815.652
1990-01-17,GAPTQ-201203,36.474457,37.199116,36.39394,36.957565,101530.64
1990-01-18,GAPTQ-201203,36.796528,36.957565,36.313423,36.635494,85540.336
1990-01-19,GAPTQ-201203,36.635494,37.1186,36.635494,36.796528,107274.73
1990-01-22,GAPTQ-201203,36.796528,37.199116,36.39394,36.39394,92526.39
1990-01-23,GAPTQ-201203,36.39394,36.554977,36.07187,36.232906,204768.98
1990-01-24,GAPTQ-201203,36.232906,36.232906,35.508247,36.15239,76536.09
1990-01-25,GAPTQ-201203,36.232906,36.39394,35.910835,36.07187,80727.73
1990-01-26,GAPTQ-201203,36.07187,36.07187,35.10566,35.347214,155245.62
1990-01-29,GAPTQ-201203,35.347214,35.347214,33.978413,34.13945,211910.28
1990-01-30,GAPTQ-201203,34.05893,34.05893,31.965475,32.931686,505945.5
1990-01-31,GAPTQ-201203,32.931686,33.41479,32.931686,33.334274,179929.67
1990-02-01,GAPTQ-201203,33.41479,33.736862,33.334274,33.575825,117210.445
1990-02-02,GAPTQ-201203,33.575825,33.736862,33.495308,33.575825,54335.97
1990-02-05,GAPTQ-201203,33.736862,33.736862,33.334274,33.495308,130872.06
1990-02-06,GAPTQ-201203,33.41479,33.65634,33.334274,33.65634,67531.84
1990-02-07,GAPTQ-201203,33.65634,34.300484,33.173237,34.300484,99512.445
1990-02-08,GAPTQ-201203,34.381,34.78359,34.300484,34.542038,112087.34
1990-02-09,GAPTQ-201203,34.461517,34.542038,33.978413,34.461517,100133.43
1990-02-12,GAPTQ-201203,34.622555,34.622555,33.495308,33.495308,104480.305
1990-02-13,GAPTQ-201203,33.495308,34.05893,33.41479,34.05893,45952.703
1990-02-14,GAPTQ-201203,34.219967,34.381,33.897896,34.381,61632.51
1990-02-15,GAPTQ-201203,34.461517,34.622555,34.13945,34.13945,94234.09
1990-02-16,GAPTQ-201203,34.13945,34.13945,33.81738,33.978413,87869.02
1990-02-20,GAPTQ-201203,33.897896,33.897896,33.575825,33.65634,121246.83
1990-02-21,GAPTQ-201203,33.334274,33.41479,32.931686,33.173237,89731.97
1990-02-22,GAPTQ-201203,33.253754,33.253754,32.690132,32.690132,136305.66
1990-02-23,GAPTQ-201203,32.690132,32.931686,32.045994,32.287544,76536.09
1990-02-26,GAPTQ-201203,32.36806,32.36806,31.965475,32.045994,84608.87
1990-02-27,GAPTQ-201203,32.045994,32.045994,31.07978,31.401852,249324.47
1990-02-28,GAPTQ-201203,31.240816,31.72392,31.240816,31.643404,515104.97
1990-03-01,GAPTQ-201203,31.643404,32.609615,31.562887,32.448578,113174.06
1990-03-02,GAPTQ-201203,32.609615,33.012203,32.609615,32.931686,107740.46
1990-03-05,GAPTQ-201203,32.931686,33.575825,32.931686,33.334274,83211.66
1990-03-06,GAPTQ-201203,33.495308,33.81738,33.334274,33.81738,63029.723
1990-03-07,GAPTQ-201203,33.978413,34.461517,33.575825,33.736862,198403.9
1990-03-08,GAPTQ-201203,33.65634,34.300484,33.65634,34.300484,60545.793
1990-03-09,GAPTQ-201203,34.13945,34.13945,33.253754,33.41479,147793.83
1990-03-12,GAPTQ-201203,33.334274,33.334274,33.09272,33.173237,96407.53
1990-03-13,GAPTQ-201203,33.012203,33.09272,32.5291,32.77065,47815.652
1990-03-14,GAPTQ-201203,32.77065,32.851166,32.448578,32.77065,47660.406
1990-03-15,GAPTQ-201203,33.012203,33.334274,32.851166,33.012203,90818.69
1990-03-16,GAPTQ-201203,33.41479,33.41479,33.09272,33.334274,132269.27
1990-03-19,GAPTQ-201203,33.173237,33.253754,32.77065,33.253754,105411.78
1990-03-20,GAPTQ-201203,33.253754,33.897896,33.09272,33.736862,370105.56
1990-03-21,GAPTQ-201203,33.575825,34.381,33.575825,34.05893,76225.6
1990-03-22,GAPTQ-201203,33.897896,33.897896,33.495308,33.575825,95010.32
1990-03-23,GAPTQ-201203,33.575825,34.05893,33.575825,33.897896,66600.375
1990-03-26,GAPTQ-201203,33.897896,34.300484,33.81738,34.219967,97183.76
1990-03-27,GAPTQ-201203,34.219967,34.219967,33.978413,34.13945,78554.29
1990-03-28,GAPTQ-201203,34.219967,34.219967,33.978413,34.13945,36327.477
1990-03-29,GAPTQ-201203,34.05893,34.05893,33.736862,33.81738,30583.389
1990-03-30,GAPTQ-201203,33.897896,34.13945,33.81738,34.13945,48126.145
1990-04-02,GAPTQ-201203,33.978413,34.300484,33.978413,34.300484,67376.6
1990-04-03,GAPTQ-201203,34.300484,35.347214,34.300484,35.347214,72965.445
1990-04-04,GAPTQ-201203,35.347214,36.07187,35.10566,35.66928,90042.46
1990-04-05,GAPTQ-201203,35.83032,36.554977,35.83032,36.313423,56975.145
1990-04-06,GAPTQ-201203,36.4265,36.830338,36.4265,36.830338,28940.814
1990-04-09,GAPTQ-201203,36.74957,37.072643,36.588036,36.668804,42405.258
1990-04-10,GAPTQ-201203,36.668804,37.072643,36.507267,37.072643,11916.806
1990-04-11,GAPTQ-201203,37.072643,37.638023,37.072643,37.23418,104001.22
1990-04-12,GAPTQ-201203,37.15341,37.557255,37.15341,37.557255,31262.27
1990-04-16,GAPTQ-201203,37.718792,37.880325,37.395718,37.395718,80631.89
1990-04-17,GAPTQ-201203,37.23418,37.23418,36.668804,37.15341,62060.25
1990-04-18,GAPTQ-201203,37.23418,37.23418,36.911106,36.911106,47512.46
1990-04-19,GAPTQ-201203,36.911106,36.991875,36.184193,36.26496,97655.91
1990-04-20,GAPTQ-201203,36.26496,36.26496,35.618816,35.618816,39309.984
1990-04-23,GAPTQ-201203,35.538048,35.538048,35.134205,35.134205,41321.91
1990-04-24,GAPTQ-201203,35.134205,35.295742,35.134205,35.134205,23369.32
1990-04-25,GAPTQ-201203,35.214973,35.37651,35.134205,35.214973,41012.383
1990-04-26,GAPTQ-201203,35.214973,35.214973,34.81113,34.8919,93941.57
1990-04-27,GAPTQ-201203,34.56883,34.56883,34.245754,34.245754,157394.7
1990-04-30,GAPTQ-201203,34.164986,34.245754,34.00345,34.164986,71346.07
1990-05-01,GAPTQ-201203,34.084217,34.084217,33.84191,34.084217,97810.664
1990-05-02,GAPTQ-201203,34.084217,34.81113,34.00345,34.649593,124275.26
1990-05-03,GAPTQ-201203,34.649593,34.649593,34.40729,34.48806,109263.18
1990-05-04,GAPTQ-201203,34.56883,35.053436,34.326523,35.053436,59738.793
1990-05-07,GAPTQ-201203,34.972668,35.69958,34.8919,35.618816,43333.84
1990-05-08,GAPTQ-201203,35.69958,35.941887,35.618816,35.86112,73977.055
1990-05-09,GAPTQ-201203,35.941887,36.26496,35.86112,36.022655,47357.695
1990-05-10,GAPTQ-201203,36.184193,36.4265,36.103424,36.26496,21357.393
1990-05-11,GAPTQ-201203,36.4265,38.28417,36.34573,38.28417,83881.93
1990-05-14,GAPTQ-201203,38.28417,38.445705,38.2034,38.28417,135108.72
1990-05-15,GAPTQ-201203,38.2034,38.526474,38.2034,38.445705,36524.234
1990-05-16,GAPTQ-201203,38.364937,38.445705,38.12263,38.2034,98584.484
1990-05-17,GAPTQ-201203,38.2034,38.2034,37.476486,37.476486,54476.83
1990-05-18,GAPTQ-201203,37.476486,37.476486,36.830338,37.072643,48595.805
1990-05-21,GAPTQ-201203,37.15341,37.476486,37.072643,37.23418,87751.02
1990-05-22,GAPTQ-201203,37.15341,37.557255,36.991875,37.15341,76762.805
1990-05-23,GAPTQ-201203,37.15341,37.15341,36.588036,36.668804,24916.957
1990-05-24,GAPTQ-201203,36.507267,37.15341,36.4265,37.072643,106167.91
1990-05-25,GAPTQ-201203,36.830338,36.911106,36.74957,36.74957,109417.945
1990-05-29,GAPTQ-201203,36.830338,37.395718,36.668804,37.31495,149346.98
1990-05-30,GAPTQ-201203,37.476486,37.557255,36.74957,36.74957,121334.75
1990-05-31,GAPTQ-201203,36.588036,36.74957,36.4265,36.4265,35286.125
1990-06-01,GAPTQ-201203,36.588036,36.668804,36.103424,36.184193,67941.27
1990-06-04,GAPTQ-201203,36.103424,36.26496,35.941887,36.26496,224097.86
1990-06-05,GAPTQ-201203,36.4265,36.911106,36.4265,36.74957,78310.44
1990-06-06,GAPTQ-201203,36.668804,36.991875,36.103424,36.184193,94405.87
1990-06-07,GAPTQ-201203,36.26496,36.26496,35.941887,36.184193,71810.36
1990-06-08,GAPTQ-201203,36.103424,36.26496,35.941887,36.022655,46429.113
1990-06-11,GAPTQ-201203,36.022655,36.507267,35.86112,36.4265,71500.836
1990-06-12,GAPTQ-201203,36.4265,37.476486,36.4265,37.476486,105084.56
1990-06-13,GAPTQ-201203,37.15341,37.23418,36.74957,36.911106,157239.94
1990-06-14,GAPTQ-201203,36.830338,36.911106,36.4265,36.74957,75060.4
1990-06-15,GAPTQ-201203,36.34573,36.588036,36.34573,36.4265,130156.28
1990-06-18,GAPTQ-201203,36.26496,36.34573,35.69958,35.78035,66548.4
1990-06-19,GAPTQ-201203,35.78035,36.507267,35.69958,36.34573,123810.97
1990-06-20,GAPTQ-201203,36.507267,36.991875,36.507267,36.668804,217752.55
1990-06-21,GAPTQ-201203,36.668804,36.74957,36.668804,36.74957,14857.316
1990-06-22,GAPTQ-201203,36.830338,36.830338,36.26496,36.26496,54786.355
1990-06-25,GAPTQ-201203,36.103424,36.26496,35.941887,35.941887,117001.37
1990-06-26,GAPTQ-201203,36.103424,36.34573,35.941887,35.941887,43024.312
1990-06-27,GAPTQ-201203,36.022655,36.26496,36.022655,36.26496,37452.82
1990-06-28,GAPTQ-201203,36.103424,36.830338,36.103424,36.830338,102608.34
1990-06-29,GAPTQ-201203,36.74957,36.911106,36.668804,36.911106,44881.477
1990-07-02,GAPTQ-201203,36.911106,37.15341,36.74957,37.15341,60357.848
1990-07-03,GAPTQ-201203,37.15341,37.476486,37.072643,37.31495,47512.46
1990-07-05,GAPTQ-201203,37.23418,37.23418,36.103424,36.507267,54631.59
1990-07-06,GAPTQ-201203,36.4265,37.395718,36.4265,37.23418,54476.83
1990-07-09,GAPTQ-201203,37.395718,37.395718,37.072643,37.23418,28012.232
1990-07-10,GAPTQ-201203,37.15341,37.880325,36.4265,36.668804,75988.984
1990-07-11,GAPTQ-201203,36.668804,36.830338,36.507267,36.74957,55405.41
1990-07-12,GAPTQ-201203,36.830338,37.31495,36.830338,37.15341,92548.7
1990-07-13,GAPTQ-201203,37.31495,37.31495,37.23418,37.31495,109263.18
1990-07-16,GAPTQ-201203,37.120434,37.525677,37.120434,37.44463,89452.08
1990-07-17,GAPTQ-201203,37.44463,37.44463,37.120434,37.28253,112894.695
1990-07-18,GAPTQ-201203,37.120434,37.36358,37.120434,37.28253,78347.69
1990-07-19,GAPTQ-201203,37.36358,37.36358,37.28253,37.36358,45497.18
1990-07-20,GAPTQ-201203,37.36358,37.44463,37.28253,37.28253,92073.95
1990-07-23,GAPTQ-201203,37.20148,37.28253,36.63414,36.715187,55521.98
1990-07-24,GAPTQ-201203,36.715187,37.20148,36.715187,37.120434,65238.33
1990-07-25,GAPTQ-201203,37.120434,37.120434,36.877285,37.120434,34547.01
1990-07-26,GAPTQ-201203,37.039383,37.120434,36.715187,36.877285,46268.316
1990-07-27,GAPTQ-201203,37.039383,37.20148,36.472042,36.55309,71098.984
1990-07-30,GAPTQ-201203,36.39099,36.63414,35.82365,36.55309,44726.04
1990-07-31,GAPTQ-201203,36.472042,36.472042,35.661552,36.472042,132790.08
1990-08-01,GAPTQ-201203,36.472042,36.958336,36.39099,36.796238,41641.484
1990-08-02,GAPTQ-201203,36.63414,36.63414,35.7426,36.309944,84825.25
1990-08-03,GAPTQ-201203,36.228893,36.228893,35.418404,35.7426,62616.457
1990-08-06,GAPTQ-201203,35.418404,35.418404,34.688965,34.93211,43954.902
1990-08-07,GAPTQ-201203,35.01316,35.17526,34.526867,34.688965,54288.16
1990-08-08,GAPTQ-201203,34.77001,35.01316,34.445816,34.607914,84054.11
1990-08-09,GAPTQ-201203,34.526867,35.661552,34.526867,35.661552,58298.082
1990-08-10,GAPTQ-201203,35.499454,35.499454,34.445816,34.445816,91765.5
1990-08-13,GAPTQ-201203,34.445816,34.688965,34.36477,34.526867,26989.852
1990-08-14,GAPTQ-201203,34.445816,34.93211,34.445816,34.688965,61074.18
1990-08-15,GAPTQ-201203,34.93211,34.93211,34.20267,34.20267,52437.426
1990-08-16,GAPTQ-201203,34.28372,34.28372,33.716377,33.716377,49507.1
1990-08-17,GAPTQ-201203,33.716377,33.959522,32.66274,33.149033,182142.95
1990-08-20,GAPTQ-201203,33.149033,34.36477,33.149033,34.20267,73720.85
1990-08-21,GAPTQ-201203,33.716377,33.716377,33.39218,33.635326,49198.645
1990-08-22,GAPTQ-201203,33.716377,33.878475,32.74379,32.986935,148058.62
1990-08-23,GAPTQ-201203,32.66274,32.66274,32.014347,32.419594,166720.17
1990-08-24,GAPTQ-201203,32.58169,32.824837,32.176445,32.419594,57372.715
1990-08-27,GAPTQ-201203,32.58169,33.47323,32.50064,32.824837,105800.22
1990-08-28,GAPTQ-201203,32.824837,33.067986,32.74379,32.986935,51666.29
1990-08-29,GAPTQ-201203,32.905888,33.878475,32.905888,33.635326,85596.39
1990-08-30,GAPTQ-201203,33.635326,33.635326,32.74379,32.824837,64467.19
1990-08-31,GAPTQ-201203,32.986935,32.986935,32.58169,32.74379,14034.723
1990-09-04,GAPTQ-201203,32.58169,32.74379,32.419594,32.74379,17427.732
1990-09-05,GAPTQ-201203,32.74379,32.824837,32.58169,32.824837,27915.219
1990-09-06,GAPTQ-201203,32.824837,32.824837,32.50064,32.66274,85904.84
1990-09-07,GAPTQ-201203,32.74379,33.31113,32.66274,33.149033,132018.94
1990-09-10,GAPTQ-201203,33.39218,33.39218,32.50064,32.905888,155461.55
1990-09-11,GAPTQ-201203,32.74379,32.905888,32.66274,32.74379,52900.11
1990-09-12,GAPTQ-201203,32.74379,33.149033,32.74379,33.067986,91765.5
1990-09-13,GAPTQ-201203,32.986935,33.067986,32.74379,32.986935,67860.2
1990-09-14,GAPTQ-201203,32.905888,32.986935,32.66274,32.986935,46885.23
1990-09-17,GAPTQ-201203,32.905888,33.31113,32.905888,33.149033,93307.77
1990-09-18,GAPTQ-201203,33.149033,33.31113,32.986935,33.31113,59531.902
1990-09-19,GAPTQ-201203,33.39218,33.635326,33.39218,33.47323,34701.24
1990-09-20,GAPTQ-201203,33.39218,33.39218,32.74379,33.067986,111969.33
1990-09-21,GAPTQ-201203,33.716377,33.716377,33.067986,33.067986,177670.34
1990-09-24,GAPTQ-201203,32.986935,32.986935,32.50064,32.58169,38248.477
1990-09-25,GAPTQ-201203,32.257496,32.338543,31.85225,31.933298,33467.418
1990-09-26,GAPTQ-201203,31.85225,31.933298,30.312319,30.717564,160551.06
1990-09-27,GAPTQ-201203,30.717564,31.122808,29.907074,29.907074,58606.535
1990-09-28,GAPTQ-201203,29.907074,29.907074,29.50183,29.907074,67705.97
1990-10-01,GAPTQ-201203,29.988123,30.069172,28.853437,29.177633,116287.7
1990-10-02,GAPTQ-201203,29.177633,29.177633,28.448193,28.934486,108576.32
1990-10-03,GAPTQ-201203,29.015535,29.339731,28.853437,28.934486,199108
1990-10-04,GAPTQ-201203,29.015535,29.42078,28.934486,29.339731,28686.357
1990-10-05,GAPTQ-201203,29.015535,29.096584,28.934486,29.096584,87292.89
1990-10-08,GAPTQ-201203,29.42078,29.42078,29.177633,29.177633,19895.377
1990-10-09,GAPTQ-201203,29.258682,29.258682,29.015535,29.015535,24522.209
1990-10-10,GAPTQ-201203,28.901558,28.98297,28.901558,28.901558,104713.22
1990-10-11,GAPTQ-201203,28.657318,28.820145,28.657318,28.657318,102870.76
1990-10-12,GAPTQ-201203,28.901558,29.22721,28.901558,29.22721,45600.918
1990-10-15,GAPTQ-201203,29.30862,29.55286,29.064383,29.064383,307383.97
1990-10-16,GAPTQ-201203,28.98297,29.064383,26.947649,27.191887,278672.28
1990-10-17,GAPTQ-201203,27.191887,27.517538,27.191887,27.517538,249653.5
1990-10-18,GAPTQ-201203,27.598951,28.250254,27.354713,27.517538,68017.53
1990-10-19,GAPTQ-201203,27.843191,28.250254,27.761778,27.924603,62950.76
1990-10-22,GAPTQ-201203,27.924603,28.006016,27.598951,27.924603,54352.61
1990-10-23,GAPTQ-201203,27.761778,27.924603,27.761778,27.843191,117303.37
1990-10-24,GAPTQ-201203,27.761778,27.924603,27.761778,27.843191,120834.75
1990-10-25,GAPTQ-201203,27.924603,27.924603,27.761778,27.843191,87056.3
1990-10-26,GAPTQ-201203,27.761778,27.843191,27.680365,27.680365,60647.684
1990-10-29,GAPTQ-201203,27.680365,27.924603,27.680365,27.680365,89512.914
1990-10-30,GAPTQ-201203,27.680365,27.924603,27.680365,27.761778,62490.145
1990-10-31,GAPTQ-201203,27.924603,28.006016,27.843191,27.924603,14586.151
1990-11-01,GAPTQ-201203,28.006016,28.08743,27.843191,27.843191,23030.766
1990-11-02,GAPTQ-201203,27.924603,28.08743,27.843191,28.08743,134653.22
1990-11-05,GAPTQ-201203,28.331667,28.657318,28.08743,28.250254,63718.453
1990-11-06,GAPTQ-201203,28.168842,28.331667,28.006016,28.006016,20113.535
1990-11-07,GAPTQ-201203,28.006016,28.006016,27.843191,27.843191,66942.76
1990-11-08,GAPTQ-201203,27.761778,28.006016,27.110476,27.191887,57269.84
1990-11-09,GAPTQ-201203,27.2733,28.250254,27.2733,28.168842,90741.22
1990-11-12,GAPTQ-201203,28.41308,28.657318,28.41308,28.575905,36849.227
1990-11-13,GAPTQ-201203,28.657318,28.901558,27.761778,28.006016,63411.375
1990-11-14,GAPTQ-201203,28.08743,28.08743,27.029062,27.110476,155380.9
1990-11-15,GAPTQ-201203,26.37776,26.37776,24.586678,25.23798,358972.88
1990-11-16,GAPTQ-201203,25.400805,25.482218,24.830915,24.912329,115307.37
1990-11-19,GAPTQ-201203,24.99374,24.99374,24.830915,24.912329,102256.6
1990-11-20,GAPTQ-201203,25.482218,25.482218,25.075153,25.23798,132350.14
1990-11-21,GAPTQ-201203,25.319393,25.319393,24.749502,24.99374,172270.12
1990-11-23,GAPTQ-201203,25.156567,25.319393,25.156567,25.319393,15967.998
1990-11-26,GAPTQ-201203,25.23798,25.563631,25.23798,25.563631,53124.3
1990-11-27,GAPTQ-201203,25.563631,25.970695,25.482218,25.807869,150774.75
1990-11-28,GAPTQ-201203,25.807869,25.889282,25.726456,25.807869,45907.992
1990-11-29,GAPTQ-201203,25.889282,25.889282,25.319393,25.400805,60340.605
1990-11-30,GAPTQ-201203,25.400805,25.807869,25.319393,25.726456,72470.14
1990-12-03,GAPTQ-201203,25.889282,26.37776,25.563631,25.807869,130968.29
1990-12-04,GAPTQ-201203,25.970695,25.970695,25.726456,25.889282,68631.68
1990-12-05,GAPTQ-201203,25.970695,26.866236,25.807869,26.866236,42990.76
1990-12-06,GAPTQ-201203,27.354713,28.168842,27.354713,27.761778,128972.29
1990-12-07,GAPTQ-201203,27.761778,28.575905,27.761778,28.250254,154613.2
1990-12-10,GAPTQ-201203,28.250254,28.250254,27.517538,28.08743,114232.6
1990-12-11,GAPTQ-201203,28.006016,28.168842,27.680365,28.08743,50207.07
1990-12-12,GAPTQ-201203,28.08743,28.331667,28.006016,28.168842,62029.53
1990-12-13,GAPTQ-201203,28.250254,28.575905,28.250254,28.41308,222016.58
1990-12-14,GAPTQ-201203,28.41308,28.494493,28.41308,28.41308,41608.918
1990-12-17,GAPTQ-201203,28.494493,28.494493,28.331667,28.41308,17810.459
1990-12-18,GAPTQ-201203,28.494493,28.98297,28.331667,28.98297,92276.6
1990-12-19,GAPTQ-201203,28.98297,28.98297,28.08743,28.168842,61722.453
1990-12-20,GAPTQ-201203,28.08743,28.41308,27.924603,28.331667,102870.76
1990-12-21,GAPTQ-201203,28.738731,28.738731,28.331667,28.575905,175033.83
1990-12-24,GAPTQ-201203,28.494493,28.494493,28.331667,28.41308,7216.3066
1990-12-26,GAPTQ-201203,28.41308,28.820145,28.331667,28.820145,23030.766
1990-12-27,GAPTQ-201203,28.657318,28.820145,28.575905,28.820145,44065.53
1990-12-28,GAPTQ-201203,28.901558,28.98297,28.738731,28.901558,18731.69
1990-12-31,GAPTQ-201203,28.738731,28.738731,28.657318,28.738731,52203.07
1991-01-02,GAPTQ-201203,28.820145,28.901558,28.657318,28.657318,52049.53
1991-01-03,GAPTQ-201203,28.657318,28.657318,28.08743,28.08743,54506.145
1991-01-04,GAPTQ-201203,28.05471,28.136503,27.727543,27.809334,119357.41
1991-01-07,GAPTQ-201203,27.727543,27.727543,27.482166,27.482166,14824.159
1991-01-08,GAPTQ-201203,27.400373,27.56396,27.154997,27.23679,130666.555
1991-01-09,GAPTQ-201203,27.23679,27.482166,26.582453,26.82783,127457.2
1991-01-10,GAPTQ-201203,26.90962,26.991413,26.82783,26.991413,64645.56
1991-01-11,GAPTQ-201203,26.991413,27.073206,26.90962,26.991413,55475.977
1991-01-14,GAPTQ-201203,26.90962,26.90962,26.50066,26.582453,145032.23
1991-01-15,GAPTQ-201203,26.337076,26.582453,26.255283,26.582453,28120.055
1991-01-16,GAPTQ-201203,26.418867,26.82783,26.337076,26.50066,39123.555
1991-01-17,GAPTQ-201203,27.482166,27.482166,26.991413,27.400373,191338.62
1991-01-18,GAPTQ-201203,27.56396,28.38188,27.482166,28.38188,249412.66
1991-01-21,GAPTQ-201203,28.218296,30.67206,28.136503,30.59027,218694.55
1991-01-22,GAPTQ-201203,30.426683,31.162813,30.181307,30.426683,106061.51
1991-01-23,GAPTQ-201203,30.2631,30.2631,29.85414,29.85414,26591.791
1991-01-24,GAPTQ-201203,29.85414,30.017723,29.772346,29.85414,34233.11
1991-01-25,GAPTQ-201203,29.85414,29.93593,29.608763,29.772346,24146.568
1991-01-28,GAPTQ-201203,29.690554,30.017723,29.608763,30.017723,28578.533
1991-01-29,GAPTQ-201203,30.099516,31.571774,30.017723,31.571774,150533.98
1991-01-30,GAPTQ-201203,31.40819,31.571774,31.40819,31.489983,61894.684
1991-01-31,GAPTQ-201203,31.489983,31.489983,31.162813,31.326397,62658.816
1991-02-01,GAPTQ-201203,31.162813,31.571774,30.59027,31.40819,61589.03
1991-02-04,GAPTQ-201203,31.653566,31.980736,31.489983,31.81715,67243.61
1991-02-05,GAPTQ-201203,31.898943,31.980736,31.73536,31.81715,71828.4
1991-02-06,GAPTQ-201203,31.73536,31.980736,31.489983,31.980736,98878.67
1991-02-07,GAPTQ-201203,31.980736,32.716866,31.980736,32.144318,247425.9
1991-02-08,GAPTQ-201203,32.144318,32.144318,31.653566,31.653566,55781.63
1991-02-11,GAPTQ-201203,31.489983,32.716866,31.489983,32.716866,217777.6
1991-02-12,GAPTQ-201203,32.389694,33.780163,32.307903,33.28941,90320.39
1991-02-13,GAPTQ-201203,33.20762,34.189125,33.20762,33.94375,103921.94
1991-02-14,GAPTQ-201203,33.780163,34.189125,33.125824,33.452995,92001.484
1991-02-15,GAPTQ-201203,33.780163,34.679874,33.69837,34.679874,83596.03
1991-02-19,GAPTQ-201203,34.679874,34.84346,33.94375,34.434498,30259.623
1991-02-20,GAPTQ-201203,34.270916,34.352707,34.02554,34.189125,23688.09
1991-02-21,GAPTQ-201203,34.10733,34.189125,33.94375,34.189125,13295.8955
1991-02-22,GAPTQ-201203,34.02554,35.007046,33.94375,34.434498,42638.56
1991-02-25,GAPTQ-201203,34.352707,34.434498,33.20762,33.20762,182016.22
1991-02-26,GAPTQ-201203,33.3712,33.3712,32.716866,33.044033,100254.11
1991-02-27,GAPTQ-201203,33.125824,33.861954,33.125824,33.780163,78858.414
1991-02-28,GAPTQ-201203,34.189125,34.84346,34.189125,34.516293,52572.273
1991-03-01,GAPTQ-201203,34.679874,34.76167,34.434498,34.679874,80845.16
1991-03-04,GAPTQ-201203,34.84346,35.007046,34.02554,34.02554,84360.164
1991-03-05,GAPTQ-201203,34.10733,34.92525,34.10733,34.92525,50432.707
1991-03-06,GAPTQ-201203,34.76167,35.743176,34.679874,35.252422,42791.387
1991-03-07,GAPTQ-201203,35.416004,35.824966,35.416004,35.4978,21548.52
1991-03-08,GAPTQ-201203,35.4978,35.743176,35.4978,35.4978,31787.887
1991-03-11,GAPTQ-201203,35.57959,35.988552,35.57959,35.57959,44930.957
1991-03-12,GAPTQ-201203,35.57959,35.988552,35.57959,35.824966,48293.137
1991-03-13,GAPTQ-201203,35.66138,36.806473,35.66138,36.642887,26133.31
1991-03-14,GAPTQ-201203,36.642887,36.642887,35.416004,35.4978,86958.21
1991-03-15,GAPTQ-201203,35.334213,35.416004,34.434498,35.416004,134792.88
1991-03-18,GAPTQ-201203,35.334213,35.334213,34.84346,35.007046,118287.62
1991-03-19,GAPTQ-201203,34.84346,35.743176,34.598083,35.334213,69383.18
1991-03-20,GAPTQ-201203,35.334213,35.4978,35.252422,35.334213,18950.47
1991-03-21,GAPTQ-201203,35.4978,35.57959,34.76167,34.76167,34997.242
1991-03-22,GAPTQ-201203,34.84346,34.92525,34.679874,34.679874,41721.6
1991-03-25,GAPTQ-201203,34.76167,35.4978,34.76167,35.170628,62200.336
1991-03-26,GAPTQ-201203,35.252422,35.906757,35.252422,35.906757,27661.574
1991-03-27,GAPTQ-201203,35.824966,35.906757,35.088837,35.088837,86041.25
1991-03-28,GAPTQ-201203,34.92525,35.252422,34.679874,35.088837,57309.895
1991-04-01,GAPTQ-201203,34.92525,35.4978,34.92525,35.4978,66173.82
1991-04-02,GAPTQ-201203,35.57959,36.31572,35.416004,36.152134,122872.414
1991-04-03,GAPTQ-201203,36.152134,36.642887,35.988552,36.070343,70300.13
1991-04-04,GAPTQ-201203,36.23393,37.215435,35.988552,37.215435,69536
1991-04-05,GAPTQ-201203,37.379017,37.78798,36.479305,36.561096,49515.746
1991-04-08,GAPTQ-201203,36.610348,36.610348,35.1328,35.214886,81164.89
1991-04-09,GAPTQ-201203,35.37906,35.625317,35.050713,35.1328,20557.713
1991-04-10,GAPTQ-201203,34.968628,35.214886,34.558197,35.214886,56800.2
1991-04-11,GAPTQ-201203,35.29697,35.29697,35.1328,35.214886,38526.676
1991-04-12,GAPTQ-201203,35.37906,35.37906,34.476112,34.476112,58018.434
1991-04-15,GAPTQ-201203,34.640285,34.72237,34.14777,34.229855,36547.043
1991-04-16,GAPTQ-201203,34.229855,34.394028,33.983597,34.229855,110707.086
1991-04-17,GAPTQ-201203,34.31194,34.394028,33.573166,33.573166,62282.254
1991-04-18,GAPTQ-201203,33.408993,34.558197,33.32691,34.31194,95022.31
1991-04-19,GAPTQ-201203,34.31194,34.886543,33.983597,33.983597,36851.6
1991-04-22,GAPTQ-201203,34.06568,34.14777,33.901512,33.901512,22689.623
1991-04-23,GAPTQ-201203,34.06568,34.640285,34.06568,34.476112,81926.29
1991-04-24,GAPTQ-201203,34.31194,34.476112,33.655254,33.819424,31826.385
1991-04-25,GAPTQ-201203,33.655254,33.655254,32.916477,33.32691,135528.62
1991-04-26,GAPTQ-201203,33.162735,33.162735,32.588135,32.67022,42333.66
1991-04-29,GAPTQ-201203,32.752308,32.752308,30.043468,30.043468,331359.88
1991-04-30,GAPTQ-201203,30.043468,30.289728,28.730093,29.140524,317807
1991-05-01,GAPTQ-201203,29.058437,30.125555,29.058437,29.879297,200856.47
1991-05-02,GAPTQ-201203,29.879297,29.879297,29.468868,29.63304,41419.984
1991-05-03,GAPTQ-201203,29.79721,29.79721,29.550953,29.63304,65023.28
1991-05-06,GAPTQ-201203,29.63304,29.63304,28.894266,28.894266,17968.963
1991-05-07,GAPTQ-201203,28.81218,28.97635,28.81218,28.894266,132787.6
1991-05-08,GAPTQ-201203,28.894266,29.140524,28.730093,29.140524,65175.562
1991-05-09,GAPTQ-201203,29.140524,29.22261,28.97635,29.058437,109641.13
1991-05-10,GAPTQ-201203,29.22261,29.879297,29.058437,29.058437,188978.67
1991-05-13,GAPTQ-201203,29.22261,29.386782,29.058437,29.22261,49033.95
1991-05-14,GAPTQ-201203,29.22261,29.22261,28.894266,28.894266,67916.59
1991-05-15,GAPTQ-201203,28.97635,29.468868,28.730093,28.97635,121214.36
1991-05-16,GAPTQ-201203,29.140524,29.79721,28.97635,29.79721,70353.06
1991-05-17,GAPTQ-201203,29.715126,30.207642,29.63304,29.961384,54211.45
1991-05-20,GAPTQ-201203,29.879297,29.879297,29.63304,29.715126,29694.473
1991-05-21,GAPTQ-201203,29.79721,30.125555,29.715126,29.79721,165070.81
1991-05-22,GAPTQ-201203,29.79721,29.879297,29.22261,29.879297,193699.33
1991-05-23,GAPTQ-201203,29.961384,30.043468,29.63304,29.63304,81774.01
1991-05-24,GAPTQ-201203,29.79721,30.864328,29.79721,30.864328,76748.79
1991-05-28,GAPTQ-201203,31.028502,31.110588,30.864328,31.028502,30455.87
1991-05-29,GAPTQ-201203,31.110588,31.110588,30.700157,30.946415,35328.81
1991-05-30,GAPTQ-201203,31.028502,31.028502,30.864328,30.946415,176034.92
1991-05-31,GAPTQ-201203,30.946415,30.946415,30.864328,30.946415,97458.78
1991-06-03,GAPTQ-201203,30.946415,31.27476,30.946415,30.946415,72180.414
1991-06-04,GAPTQ-201203,30.864328,31.192673,30.864328,31.110588,116950.54
1991-06-05,GAPTQ-201203,31.27476,31.521017,31.110588,31.110588,48120.273
1991-06-06,GAPTQ-201203,31.27476,31.43893,31.028502,31.028502,35328.81
1991-06-07,GAPTQ-201203,31.028502,31.192673,30.946415,30.946415,61825.418
1991-06-10,GAPTQ-201203,31.028502,31.028502,30.946415,30.946415,36547.043
1991-06-11,GAPTQ-201203,30.946415,31.028502,30.946415,31.028502,28628.518
1991-06-12,GAPTQ-201203,30.946415,30.946415,30.4539,30.4539,105681.87
1991-06-13,GAPTQ-201203,30.4539,30.864328,30.4539,30.535986,37308.44
1991-06-14,GAPTQ-201203,30.4539,30.535986,30.289728,30.371813,49795.348
1991-06-17,GAPTQ-201203,30.371813,30.4539,29.961384,30.043468,29694.473
1991-06-18,GAPTQ-201203,30.125555,30.207642,29.715126,29.715126,90910.77
1991-06-19,GAPTQ-201203,29.550953,29.63304,29.386782,29.386782,67002.914
1991-06-20,GAPTQ-201203,29.22261,29.468868,28.894266,28.894266,126087.305
1991-06-21,GAPTQ-201203,29.304695,29.304695,29.140524,29.304695,74464.6
1991-06-24,GAPTQ-201203,29.304695,29.304695,28.730093,28.730093,61520.86
1991-06-25,GAPTQ-201203,28.565922,29.22261,28.565922,29.22261,42942.777
1991-06-26,GAPTQ-201203,29.140524,29.304695,28.730093,28.894266,86190.11
1991-06-27,GAPTQ-201203,28.97635,28.97635,28.81218,28.894266,65632.4
1991-06-28,GAPTQ-201203,28.81218,28.81218,28.073406,28.483835,48577.113
1991-07-01,GAPTQ-201203,28.565922,28.81218,28.565922,28.81218,70048.5
1991-07-02,GAPTQ-201203,28.81218,28.894266,28.648008,28.730093,61977.695
1991-07-03,GAPTQ-201203,28.730093,28.730093,28.237577,28.237577,74921.44
1991-07-05,GAPTQ-201203,28.073406,28.730093,28.073406,28.565922,24060.137
1991-07-08,GAPTQ-201203,28.40175,29.140524,28.15549,29.140524,29846.752
1991-07-09,GAPTQ-201203,29.304695,29.468868,28.565922,28.565922,86951.51
1991-07-10,GAPTQ-201203,28.730093,29.22261,28.319664,28.319664,52384.098
1991-07-11,GAPTQ-201203,28.40175,28.483835,28.319664,28.40175,42638.22
1991-07-12,GAPTQ-201203,28.565922,28.81218,28.565922,28.648008,31521.826
1991-07-15,GAPTQ-201203,28.61502,28.61502,28.202702,28.202702,44261.72
1991-07-16,GAPTQ-201203,28.037773,28.037773,27.460526,27.625454,67453.65
1991-07-17,GAPTQ-201203,27.625454,27.707916,27.625454,27.625454,27739.363
1991-07-18,GAPTQ-201203,27.79038,28.202702,27.625454,27.955309,66240.99
1991-07-19,GAPTQ-201203,28.120237,28.120237,27.707916,27.707916,55023.984
1991-07-22,GAPTQ-201203,27.79038,27.955309,27.625454,27.707916,20311.885
1991-07-23,GAPTQ-201203,27.707916,27.79038,26.883276,27.130669,57752.445
1991-07-24,GAPTQ-201203,27.213133,27.378061,27.130669,27.213133,55478.727
1991-07-25,GAPTQ-201203,27.378061,27.625454,27.213133,27.378061,20008.72
1991-07-26,GAPTQ-201203,27.378061,27.460526,27.378061,27.378061,7730.6426
1991-07-29,GAPTQ-201203,27.213133,27.625454,27.130669,27.625454,38956.375
1991-07-30,GAPTQ-201203,27.625454,27.625454,27.378061,27.54299,38804.793
1991-07-31,GAPTQ-201203,27.54299,27.54299,26.883276,27.295597,439888.72
1991-08-01,GAPTQ-201203,27.460526,27.54299,27.213133,27.378061,95647.75
1991-08-02,GAPTQ-201203,27.54299,27.872845,27.460526,27.79038,58358.77
1991-08-05,GAPTQ-201203,27.79038,27.872845,27.54299,27.79038,47444.92
1991-08-06,GAPTQ-201203,27.625454,28.120237,27.625454,28.037773,42897.49
1991-08-07,GAPTQ-201203,28.202702,28.77995,27.707916,27.872845,139454.72
1991-08-08,GAPTQ-201203,27.79038,27.955309,27.707916,27.707916,63209.37
1991-08-09,GAPTQ-201203,27.707916,27.79038,27.048204,27.048204,134907.3
1991-08-12,GAPTQ-201203,27.048204,27.130669,26.883276,26.883276,62906.207
1991-08-13,GAPTQ-201203,26.800814,26.883276,26.553421,26.553421,145063.23
1991-08-14,GAPTQ-201203,26.553421,26.800814,26.306028,26.306028,162646.66
1991-08-15,GAPTQ-201203,26.306028,26.388493,26.223564,26.306028,55781.89
1991-08-16,GAPTQ-201203,26.388493,26.470957,26.223564,26.223564,55933.473
1991-08-19,GAPTQ-201203,25.976171,26.306028,25.563852,25.89371,111715.36
1991-08-20,GAPTQ-201203,25.72878,26.470957,25.72878,26.306028,64270.438
1991-08-21,GAPTQ-201203,26.635885,27.54299,26.470957,27.295597,112624.85
1991-08-22,GAPTQ-201203,27.460526,27.79038,27.378061,27.54299,84127.58
1991-08-23,GAPTQ-201203,27.54299,28.285166,27.54299,28.202702,132481.98
1991-08-26,GAPTQ-201203,28.202702,28.202702,25.398924,25.398924,269359.84
1991-08-27,GAPTQ-201203,25.398924,25.72878,25.233995,25.646317,220702.27
1991-08-28,GAPTQ-201203,25.646317,26.1411,25.646317,25.976171,59723.004
1991-08-29,GAPTQ-201203,26.223564,26.223564,25.811245,25.976171,48051.246
1991-08-30,GAPTQ-201203,26.1411,26.1411,25.481388,25.646317,98073.055
1991-09-03,GAPTQ-201203,25.646317,25.72878,24.49182,24.49182,198722.98
1991-09-04,GAPTQ-201203,24.49182,24.49182,23.50225,23.584715,118233.35
1991-09-05,GAPTQ-201203,23.749643,23.749643,23.419786,23.50225,61693.56
1991-09-06,GAPTQ-201203,23.749643,23.749643,23.089931,23.50225,200087.22
1991-09-09,GAPTQ-201203,23.50225,23.584715,23.337322,23.419786,33802.613
1991-09-10,GAPTQ-201203,23.419786,23.419786,23.007467,23.172396,178411.1
1991-09-11,GAPTQ-201203,23.172396,23.337322,23.089931,23.172396,116111.22
1991-09-12,GAPTQ-201203,23.089931,23.172396,22.595146,22.842539,50324.965
1991-09-13,GAPTQ-201203,22.842539,23.007467,22.182827,22.430218,55781.89
1991-09-16,GAPTQ-201203,22.265291,22.347755,21.935434,22.265291,57752.445
1991-09-17,GAPTQ-201203,21.85297,22.182827,21.770506,21.935434,384561.56
1991-09-18,GAPTQ-201203,21.935434,22.842539,21.770506,22.842539,133391.48
1991-09-19,GAPTQ-201203,23.089931,23.25486,22.760075,23.007467,191901.83
1991-09-20,GAPTQ-201203,23.089931,23.419786,22.842539,23.25486,172196.27
1991-09-23,GAPTQ-201203,23.25486,23.337322,23.089931,23.089931,83218.09
1991-09-24,GAPTQ-201203,22.925003,23.007467,22.347755,23.007467,65483.09
1991-09-25,GAPTQ-201203,22.925003,22.925003,22.430218,22.595146,24556.158
1991-09-26,GAPTQ-201203,22.512682,22.512682,22.265291,22.347755,51537.617
1991-09-27,GAPTQ-201203,22.182827,22.430218,21.935434,22.017899,126873.484
1991-09-30,GAPTQ-201203,22.182827,22.265291,21.935434,21.935434,41230.094
1991-10-01,GAPTQ-201203,21.935434,22.512682,21.935434,22.512682,143850.58
1991-10-02,GAPTQ-201203,22.512682,22.595146,22.182827,22.347755,53962.914
1991-10-03,GAPTQ-201203,22.347755,22.347755,22.017899,22.017899,152945.45
1991-10-04,GAPTQ-201203,22.017899,22.017899,21.605577,21.605577,36682.656
1991-10-07,GAPTQ-201203,21.275723,21.275723,20.121225,20.20369,132936.73
1991-10-08,GAPTQ-201203,20.253494,20.668524,20.253494,20.585518,173782.36
1991-10-09,GAPTQ-201203,20.419506,20.502512,19.921469,20.08748,40509.062
1991-10-10,GAPTQ-201203,20.170488,20.917543,20.004475,20.75153,159777.38
1991-10-11,GAPTQ-201203,20.917543,20.917543,20.419506,20.502512,75295.65
1991-10-14,GAPTQ-201203,20.502512,20.834536,20.419506,20.585518,81469.9
1991-10-15,GAPTQ-201203,20.502512,20.585518,20.170488,20.502512,101197.36
1991-10-16,GAPTQ-201203,20.502512,20.75153,20.253494,20.502512,74392.1
1991-10-17,GAPTQ-201203,20.502512,20.585518,20.419506,20.502512,42014.973
1991-10-18,GAPTQ-201203,20.502512,20.585518,20.253494,20.419506,80566.34
1991-10-21,GAPTQ-201203,20.419506,20.668524,20.419506,20.585518,86439.41
1991-10-22,GAPTQ-201203,20.502512,20.75153,20.419506,20.419506,122280.14
1991-10-23,GAPTQ-201203,20.502512,20.502512,20.253494,20.3365,34786.59
1991-10-24,GAPTQ-201203,20.3365,20.3365,20.08748,20.170488,126044.92
1991-10-25,GAPTQ-201203,20.170488,20.253494,20.170488,20.253494,38099.6
1991-10-28,GAPTQ-201203,20.253494,20.3365,20.170488,20.253494,71681.46
1991-10-29,GAPTQ-201203,20.170488,20.502512,19.838463,20.419506,302537.94
1991-10-30,GAPTQ-201203,20.419506,20.917543,20.253494,20.75153,177848.33
1991-10-31,GAPTQ-201203,20.834536,20.834536,20.170488,20.170488,112642.3
1991-11-01,GAPTQ-201203,20.502512,20.585518,20.170488,20.3365,167909.3
1991-11-04,GAPTQ-201203,20.170488,20.253494,19.50644,19.50644,128755.56
1991-11-05,GAPTQ-201203,19.50644,19.50644,19.008402,19.423433,226338.73
1991-11-06,GAPTQ-201203,19.340425,19.340425,19.008402,19.091408,196672.25
1991-11-07,GAPTQ-201203,19.091408,19.174414,19.008402,19.174414,180257.8
1991-11-08,GAPTQ-201203,19.174414,19.921469,19.091408,19.672451,100745.586
1991-11-11,GAPTQ-201203,19.672451,19.672451,19.423433,19.672451,112341.11
1991-11-12,GAPTQ-201203,19.672451,19.672451,19.340425,19.50644,80716.94
1991-11-13,GAPTQ-201203,19.50644,19.589445,19.423433,19.50644,89601.83
1991-11-14,GAPTQ-201203,19.50644,19.50644,19.25742,19.25742,121075.41
1991-11-15,GAPTQ-201203,19.25742,19.25742,18.261347,18.261347,159476.19
1991-11-18,GAPTQ-201203,18.344353,18.759384,18.261347,18.344353,186733.22
1991-11-19,GAPTQ-201203,18.261347,18.261347,17.680304,17.929321,187184.98
1991-11-20,GAPTQ-201203,18.095335,18.344353,18.01233,18.01233,32828.902
1991-11-21,GAPTQ-201203,18.01233,18.17834,17.846315,17.846315,139296.95
1991-11-22,GAPTQ-201203,17.680304,17.680304,17.265274,17.34828,134176.84
1991-11-25,GAPTQ-201203,17.34828,17.597298,17.265274,17.514292,87493.55
1991-11-26,GAPTQ-201203,17.514292,18.510365,17.431286,17.431286,135682.77
1991-11-27,GAPTQ-201203,17.514292,17.680304,17.34828,17.597298,104811.55
1991-11-29,GAPTQ-201203,17.76331,17.76331,17.514292,17.514292,17920.365
1991-12-02,GAPTQ-201203,17.514292,17.76331,17.265274,17.514292,109329.29
1991-12-03,GAPTQ-201203,17.34828,18.427359,17.34828,18.344353,318952.38
1991-12-04,GAPTQ-201203,18.759384,19.008402,18.01233,18.17834,86138.23
1991-12-05,GAPTQ-201203,18.095335,18.261347,18.01233,18.01233,63850.71
1991-12-06,GAPTQ-201203,17.929321,18.095335,17.929321,18.01233,104510.37
1991-12-09,GAPTQ-201203,18.095335,18.261347,17.929321,18.01233,88095.914
1991-12-10,GAPTQ-201203,17.929321,18.095335,17.929321,18.095335,69723.77
1991-12-11,GAPTQ-201203,18.095335,18.17834,17.929321,17.929321,85837.05
1991-12-12,GAPTQ-201203,17.929321,18.510365,17.929321,18.095335,97281.984
1991-12-13,GAPTQ-201203,18.17834,18.427359,18.17834,18.427359,40207.88
1991-12-16,GAPTQ-201203,18.427359,19.091408,18.427359,18.676376,125743.74
1991-12-17,GAPTQ-201203,17.597298,18.095335,17.514292,17.929321,137489.86
1991-12-18,GAPTQ-201203,17.929321,17.929321,17.265274,17.431286,146826.52
1991-12-19,GAPTQ-201203,17.265274,17.34828,16.933249,17.34828,134327.44
1991-12-20,GAPTQ-201203,17.680304,17.680304,17.34828,17.431286,142609.97
1991-12-23,GAPTQ-201203,17.431286,17.431286,17.016254,17.34828,124237.83
1991-12-24,GAPTQ-201203,17.431286,17.431286,17.182266,17.34828,144718.25
1991-12-26,GAPTQ-201203,17.34828,17.34828,17.182266,17.265274,77253.336
1991-12-27,GAPTQ-201203,17.265274,18.84239,17.265274,18.84239,384911.38
1991-12-30,GAPTQ-201203,18.84239,18.925396,18.095335,18.427359,167608.12
1991-12-31,GAPTQ-201203,18.510365,18.84239,17.929321,18.84239,166855.17
1992-01-02,GAPTQ-201203,18.84239,18.84239,18.344353,18.510365,98637.305
1992-01-03,GAPTQ-201203,18.393316,18.393316,18.058891,18.226105,167751.16
1992-01-06,GAPTQ-201203,18.226105,18.226105,17.47365,17.640862,169694.8
1992-01-07,GAPTQ-201203,17.47365,17.47365,17.222832,17.390045,157135.89
1992-01-08,GAPTQ-201203,17.306438,17.306438,16.721197,16.888409,261793.47
1992-01-09,GAPTQ-201203,16.888409,16.888409,16.721197,16.804802,73708.84
1992-01-10,GAPTQ-201203,16.804802,17.640862,16.804802,17.390045,612695.4
1992-01-13,GAPTQ-201203,17.390045,17.808075,17.139227,17.306438,155939.8
1992-01-14,GAPTQ-201203,17.139227,17.47365,17.139227,17.390045,111684.59
1992-01-15,GAPTQ-201203,17.47365,18.142498,17.222832,17.808075,627646.5
1992-01-16,GAPTQ-201203,17.808075,18.142498,17.47365,18.142498,501309.8
1992-01-17,GAPTQ-201203,18.142498,18.226105,18.058891,18.142498,351649.47
1992-01-20,GAPTQ-201203,18.30971,19.312983,18.30971,18.978558,612545.9
1992-01-21,GAPTQ-201203,19.14577,20.149042,18.978558,20.065435,989911.25
1992-01-22,GAPTQ-201203,19.898224,20.483465,19.480194,19.647406,653212.8
1992-01-23,GAPTQ-201203,19.647406,19.731012,19.14577,19.14577,228303.05
1992-01-24,GAPTQ-201203,19.229376,19.647406,19.229376,19.5638,347313.66
1992-01-27,GAPTQ-201203,19.731012,20.483465,19.480194,20.065435,345519.53
1992-01-28,GAPTQ-201203,20.39986,20.39986,19.312983,19.396587,127831.76
1992-01-29,GAPTQ-201203,19.396587,19.396587,18.72774,18.978558,113628.234
1992-01-30,GAPTQ-201203,18.811346,18.811346,18.393316,18.560528,322494.88
1992-01-31,GAPTQ-201203,18.560528,19.229376,18.393316,18.978558,122449.375
1992-02-03,GAPTQ-201203,20.065435,20.316254,19.647406,19.647406,515513.34
1992-02-04,GAPTQ-201203,19.647406,21.23592,19.647406,21.068708,575616.7
1992-02-05,GAPTQ-201203,21.152313,21.570343,20.985102,21.403131,312477.62
1992-02-06,GAPTQ-201203,21.23592,21.319525,20.39986,20.483465,250879.17
1992-02-07,GAPTQ-201203,20.650677,21.152313,20.650677,21.152313,479331.72
1992-02-10,GAPTQ-201203,21.319525,22.322798,21.23592,22.322798,402632.66
1992-02-11,GAPTQ-201203,22.573616,22.90804,22.322798,22.65722,453765.38
1992-02-12,GAPTQ-201203,22.824432,23.158857,22.573616,22.573616,329222.84
1992-02-13,GAPTQ-201203,22.49001,22.573616,21.570343,21.904768,272109.72
1992-02-14,GAPTQ-201203,21.821161,21.904768,21.486738,21.486738,142334.31
1992-02-18,GAPTQ-201203,21.65395,21.821161,21.23592,21.486738,128280.3
1992-02-19,GAPTQ-201203,21.65395,22.322798,21.65395,21.821161,299619.72
1992-02-20,GAPTQ-201203,21.904768,22.155586,21.486738,21.486738,209614.19
1992-02-21,GAPTQ-201203,21.403131,21.65395,21.152313,21.152313,281977.44
1992-02-24,GAPTQ-201203,21.152313,21.319525,21.152313,21.23592,101368.34
1992-02-25,GAPTQ-201203,21.23592,21.23592,21.068708,21.068708,245646.3
1992-02-26,GAPTQ-201203,21.23592,21.65395,21.23592,21.403131,162966.81
1992-02-27,GAPTQ-201203,21.403131,21.486738,21.152313,21.23592,131569.53
1992-02-28,GAPTQ-201203,21.23592,21.319525,20.901495,20.985102,136204.38
1992-03-02,GAPTQ-201203,20.985102,21.65395,20.985102,21.068708,138447.03
1992-03-03,GAPTQ-201203,21.152313,21.570343,21.068708,21.403131,82829
1992-03-04,GAPTQ-201203,21.403131,21.486738,20.734283,20.901495,134410.23
1992-03-05,GAPTQ-201203,20.901495,21.068708,20.734283,20.901495,73110.8
1992-03-06,GAPTQ-201203,20.985102,21.23592,20.483465,20.901495,54720.965
1992-03-09,GAPTQ-201203,21.068708,21.068708,20.567072,20.734283,70868.13
1992-03-10,GAPTQ-201203,20.734283,20.901495,20.734283,20.734283,50534.66
1992-03-11,GAPTQ-201203,20.734283,20.734283,20.065435,20.39986,100770.305
1992-03-12,GAPTQ-201203,20.316254,20.316254,19.5638,19.898224,121253.28
1992-03-13,GAPTQ-201203,20.065435,20.149042,19.731012,19.814617,111535.08
1992-03-16,GAPTQ-201203,19.731012,19.98183,19.731012,19.814617,89108.45
1992-03-17,GAPTQ-201203,19.98183,20.149042,19.814617,19.898224,107348.78
1992-03-18,GAPTQ-201203,21.737555,22.573616,21.65395,22.07198,1240042.9
1992-03-19,GAPTQ-201203,21.988373,22.239191,21.737555,22.07198,459297.28
1992-03-20,GAPTQ-201203,22.155586,23.158857,22.155586,22.573616,704943.56
1992-03-23,GAPTQ-201203,22.573616,22.573616,21.904768,22.07198,193915.55
1992-03-24,GAPTQ-201203,22.07198,22.07198,21.486738,21.486738,92696.72
1992-03-25,GAPTQ-201203,21.486738,21.570343,21.403131,21.403131,126635.67
1992-03-26,GAPTQ-201203,21.403131,21.821161,21.403131,21.65395,146221.6
1992-03-27,GAPTQ-201203,21.737555,21.821161,21.403131,21.403131,135008.28
1992-03-30,GAPTQ-201203,21.23592,21.486738,21.152313,21.319525,129924.914
1992-03-31,GAPTQ-201203,21.486738,22.07198,21.486738,21.65395,155491.27
1992-04-01,GAPTQ-201203,21.65395,22.07198,21.319525,21.988373,318906.6
1992-04-02,GAPTQ-201203,22.07198,22.49001,22.07198,22.155586,98527.64
1992-04-03,GAPTQ-201203,22.322798,22.65722,22.155586,22.65722,131420.02
1992-04-06,GAPTQ-201203,22.824432,23.07525,22.406403,22.406403,365703.5
1992-04-07,GAPTQ-201203,22.288652,22.540977,22.036327,22.204544,90359.88
1992-04-08,GAPTQ-201203,22.120436,22.204544,21.363462,21.952219,157832.56
1992-04-09,GAPTQ-201203,21.699896,22.45687,21.699896,22.37276,83820.68
1992-04-10,GAPTQ-201203,22.540977,22.625084,22.204544,22.37276,40126.92
1992-04-13,GAPTQ-201203,22.204544,22.37276,22.204544,22.37276,132567.45
1992-04-14,GAPTQ-201203,22.204544,22.45687,22.204544,22.37276,140741.47
1992-04-15,GAPTQ-201203,22.540977,22.877409,22.540977,22.877409,135242.6
1992-04-16,GAPTQ-201203,22.877409,22.961517,22.625084,22.961517,99128.36
1992-04-20,GAPTQ-201203,22.961517,23.71849,22.877409,22.961517,208511.38
1992-04-21,GAPTQ-201203,23.129734,23.213842,23.045626,23.129734,71336.75
1992-04-22,GAPTQ-201203,23.045626,23.045626,21.699896,21.868113,97196.32
1992-04-23,GAPTQ-201203,21.868113,22.709192,21.868113,22.709192,79213.516
1992-04-24,GAPTQ-201203,22.7933,22.7933,22.204544,22.45687,35073.902
1992-04-27,GAPTQ-201203,22.45687,22.45687,22.120436,22.120436,27345.754
1992-04-28,GAPTQ-201203,22.120436,22.204544,21.53168,21.952219,45774.414
1992-04-29,GAPTQ-201203,22.120436,22.288652,21.615788,21.699896,29426.408
1992-04-30,GAPTQ-201203,21.868113,21.868113,21.363462,21.53168,51273.29
1992-05-01,GAPTQ-201203,21.44757,21.784004,21.44757,21.53168,58555.582
1992-05-04,GAPTQ-201203,21.699896,22.45687,21.615788,22.204544,68958.86
1992-05-05,GAPTQ-201203,22.204544,22.37276,21.952219,21.952219,71931.22
1992-05-06,GAPTQ-201203,22.036327,22.120436,21.699896,22.036327,73120.17
1992-05-07,GAPTQ-201203,22.37276,22.709192,22.036327,22.709192,148469.61
1992-05-08,GAPTQ-201203,22.709192,22.709192,22.625084,22.625084,14564.586
1992-05-11,GAPTQ-201203,22.540977,22.625084,22.540977,22.540977,39829.684
1992-05-12,GAPTQ-201203,22.540977,22.540977,22.120436,22.45687,75498.06
1992-05-13,GAPTQ-201203,22.37276,22.37276,22.204544,22.37276,19766.225
1992-05-14,GAPTQ-201203,22.37276,22.625084,22.204544,22.37276,139701.14
1992-05-15,GAPTQ-201203,22.37276,22.45687,21.53168,21.53168,40275.54
1992-05-18,GAPTQ-201203,21.615788,22.288652,21.615788,22.288652,60190.383
1992-05-19,GAPTQ-201203,22.204544,22.204544,21.784004,22.036327,77281.48
1992-05-20,GAPTQ-201203,22.036327,22.036327,21.952219,21.952219,28534.7
1992-05-21,GAPTQ-201203,21.868113,21.868113,21.53168,21.615788,51570.523
1992-05-22,GAPTQ-201203,21.699896,21.699896,21.53168,21.53168,46814.742
1992-05-26,GAPTQ-201203,21.44757,21.44757,21.02703,21.11114,59595.91
1992-05-27,GAPTQ-201203,21.195246,21.615788,21.195246,21.53168,194987.11
1992-05-28,GAPTQ-201203,21.53168,21.615788,21.44757,21.615788,85158.24
1992-05-29,GAPTQ-201203,21.615788,21.699896,21.53168,21.699896,24373.389
1992-06-01,GAPTQ-201203,21.868113,21.868113,21.53168,21.615788,57812.492
1992-06-02,GAPTQ-201203,21.699896,21.784004,21.53168,21.53168,38640.74
1992-06-03,GAPTQ-201203,21.53168,21.615788,20.858814,20.942923,98385.266
1992-06-04,GAPTQ-201203,21.02703,21.44757,21.02703,21.363462,87684.76
1992-06-05,GAPTQ-201203,21.44757,21.53168,21.11114,21.44757,82483.12
1992-06-08,GAPTQ-201203,21.279354,21.363462,21.195246,21.195246,33290.484
1992-06-09,GAPTQ-201203,21.279354,21.44757,21.279354,21.44757,60487.617
1992-06-10,GAPTQ-201203,21.363462,21.363462,21.195246,21.195246,63905.84
1992-06-11,GAPTQ-201203,21.11114,21.279354,21.11114,21.11114,43842.38
1992-06-12,GAPTQ-201203,21.11114,21.279354,20.60649,20.690598,164074.53
1992-06-15,GAPTQ-201203,20.438274,20.60649,20.18595,20.52238,57961.11
1992-06-16,GAPTQ-201203,20.438274,20.52238,20.354166,20.354166,77281.48
1992-06-17,GAPTQ-201203,20.18595,20.354166,20.18595,20.18595,47409.215
1992-06-18,GAPTQ-201203,20.270058,20.270058,19.849516,20.101841,29426.408
1992-06-19,GAPTQ-201203,20.017733,20.101841,19.681301,19.76541,58406.965
1992-06-22,GAPTQ-201203,19.681301,19.681301,19.513084,19.597193,78916.28
1992-06-23,GAPTQ-201203,19.428976,19.597193,19.26076,19.26076,101209.016
1992-06-24,GAPTQ-201203,19.26076,19.428976,19.008436,19.008436,159170.12
1992-06-25,GAPTQ-201203,19.092545,19.092545,18.503786,18.587894,169870.64
1992-06-26,GAPTQ-201203,18.335571,18.503786,18.335571,18.335571,120380.766
1992-06-29,GAPTQ-201203,18.335571,18.419678,17.830921,18.251463,563114.44
1992-06-30,GAPTQ-201203,18.335571,18.335571,18.167355,18.167355,90805.734
1992-07-01,GAPTQ-201203,18.167355,19.092545,18.167355,18.924328,154265.72
1992-07-02,GAPTQ-201203,19.008436,19.008436,18.587894,18.587894,61825.184
1992-07-06,GAPTQ-201203,18.756111,19.428976,18.756111,19.344868,345240.16
1992-07-07,GAPTQ-201203,19.176651,19.26076,17.999138,18.083246,251164.81
1992-07-08,GAPTQ-201203,17.999138,17.999138,17.578598,17.662706,189042.39
1992-07-09,GAPTQ-201203,17.662706,18.672003,17.662706,18.672003,128852
1992-07-10,GAPTQ-201203,19.008436,19.008436,18.167355,18.335571,57218.02
1992-07-13,GAPTQ-201203,18.167355,18.167355,17.662706,18.167355,107896.836
1992-07-14,GAPTQ-201203,18.335571,18.84022,18.167355,18.419678,47557.832
1992-07-15,GAPTQ-201203,18.503786,18.503786,17.999138,17.999138,33587.72
1992-07-16,GAPTQ-201203,18.083246,18.251463,17.91503,18.251463,218320.17
1992-07-17,GAPTQ-201203,18.167355,18.251463,17.746813,17.91503,220995.31
1992-07-20,GAPTQ-201203,17.796387,17.796387,17.711641,17.796387,128621.62
1992-07-21,GAPTQ-201203,17.965876,17.965876,17.796387,17.796387,89238.62
1992-07-22,GAPTQ-201203,17.711641,17.711641,17.542152,17.626898,80536.01
1992-07-23,GAPTQ-201203,17.457409,17.542152,17.372663,17.372663,184377.31
1992-07-24,GAPTQ-201203,17.372663,17.542152,17.372663,17.542152,69030.87
1992-07-27,GAPTQ-201203,17.542152,17.542152,17.372663,17.372663,66375.836
1992-07-28,GAPTQ-201203,17.372663,17.626898,17.372663,17.542152,71243.39
1992-07-29,GAPTQ-201203,17.626898,18.135366,17.542152,18.135366,126704.09
1992-07-30,GAPTQ-201203,18.135366,18.474344,18.135366,18.389599,73898.43
1992-07-31,GAPTQ-201203,18.304855,18.304855,18.135366,18.135366,78618.484
1992-08-03,GAPTQ-201203,17.965876,17.965876,17.796387,17.965876,79060.99
1992-08-04,GAPTQ-201203,18.050621,18.643833,18.050621,18.389599,47790.6
1992-08-05,GAPTQ-201203,18.22011,18.728579,18.22011,18.474344,47643.098
1992-08-06,GAPTQ-201203,18.643833,18.643833,18.304855,18.389599,31860.4
1992-08-07,GAPTQ-201203,18.304855,18.389599,18.22011,18.389599,116231.46
1992-08-10,GAPTQ-201203,18.304855,18.728579,18.22011,18.474344,68883.37
1992-08-11,GAPTQ-201203,18.474344,18.643833,18.135366,18.389599,46610.586
1992-08-12,GAPTQ-201203,18.389599,18.474344,18.304855,18.474344,47348.094
1992-08-13,GAPTQ-201203,18.474344,18.813324,18.474344,18.813324,128621.62
1992-08-14,GAPTQ-201203,18.728579,18.813324,18.643833,18.643833,44250.555
1992-08-17,GAPTQ-201203,18.643833,18.643833,17.965876,17.965876,166824.6
1992-08-18,GAPTQ-201203,18.050621,18.135366,17.965876,18.135366,81126.016
1992-08-19,GAPTQ-201203,17.965876,18.050621,17.711641,17.711641,66818.336
1992-08-20,GAPTQ-201203,17.796387,18.135366,17.796387,17.965876,63278.293
1992-08-21,GAPTQ-201203,17.965876,18.22011,17.965876,18.22011,63720.8
1992-08-24,GAPTQ-201203,17.965876,17.965876,17.796387,17.881132,36727.96
1992-08-25,GAPTQ-201203,18.050621,18.050621,17.881132,18.050621,161662.03
1992-08-26,GAPTQ-201203,18.135366,18.135366,17.881132,17.965876,111658.9
1992-08-27,GAPTQ-201203,18.22011,18.22011,17.965876,18.050621,96023.7
1992-08-28,GAPTQ-201203,18.050621,18.55909,18.050621,18.474344,57968.227
1992-08-31,GAPTQ-201203,18.474344,18.55909,18.304855,18.389599,89386.125
1992-09-01,GAPTQ-201203,18.474344,18.643833,18.389599,18.643833,63130.793
1992-09-02,GAPTQ-201203,18.813324,18.813324,18.55909,18.728579,22420.281
1992-09-03,GAPTQ-201203,18.813324,18.813324,18.728579,18.813324,54723.188
1992-09-04,GAPTQ-201203,18.728579,18.728579,18.643833,18.643833,38792.99
1992-09-08,GAPTQ-201203,18.728579,18.728579,18.304855,18.389599,45578.07
1992-09-09,GAPTQ-201203,18.389599,18.389599,18.304855,18.389599,37170.465
1992-09-10,GAPTQ-201203,18.474344,18.643833,18.304855,18.643833,120361.51
1992-09-11,GAPTQ-201203,18.643833,18.898067,18.643833,18.898067,58558.234
1992-09-14,GAPTQ-201203,18.813324,19.32179,18.474344,18.474344,70653.38
1992-09-15,GAPTQ-201203,18.474344,18.55909,17.796387,17.965876,101628.77
1992-09-16,GAPTQ-201203,17.881132,18.135366,17.711641,17.711641,52805.664
1992-09-17,GAPTQ-201203,17.711641,17.965876,17.626898,17.965876,18585.232
1992-09-18,GAPTQ-201203,18.22011,18.389599,18.050621,18.135366,61655.773
1992-09-21,GAPTQ-201203,17.965876,18.135366,17.965876,17.965876,53985.676
1992-09-22,GAPTQ-201203,17.965876,18.050621,17.626898,17.626898,42923.04
1992-09-23,GAPTQ-201203,17.626898,17.626898,17.457409,17.457409,20502.758
1992-09-24,GAPTQ-201203,17.372663,17.881132,17.372663,17.796387,98826.24
1992-09-25,GAPTQ-201203,17.457409,17.457409,17.11843,17.287918,159892
1992-09-28,GAPTQ-201203,17.203175,17.626898,17.203175,17.372663,72570.914
1992-09-29,GAPTQ-201203,17.372663,17.372663,16.694706,16.779451,522746.56
1992-09-30,GAPTQ-201203,16.779451,16.864195,16.355726,16.440472,116968.97
1992-10-01,GAPTQ-201203,16.694706,16.694706,16.355726,16.440472,34515.434
1992-10-02,GAPTQ-201203,16.355726,16.440472,15.67777,15.67777,199127.5
1992-10-05,GAPTQ-201203,15.2540455,16.016748,14.745578,15.932003,185704.83
1992-10-06,GAPTQ-201203,16.101492,16.186237,15.593024,15.593024,185114.83
1992-10-07,GAPTQ-201203,15.67777,15.67777,15.084557,15.084557,87911.1
1992-10-08,GAPTQ-201203,15.169301,15.2540455,14.576088,15.084557,319194
1992-10-09,GAPTQ-201203,15.050351,15.050351,14.622785,14.793812,128927.22
1992-10-12,GAPTQ-201203,14.793812,15.221378,14.793812,15.221378,78642.68
1992-10-13,GAPTQ-201203,15.221378,15.306891,15.050351,15.306891,76596.22
1992-10-14,GAPTQ-201203,15.392405,15.734458,15.392405,15.648945,104954.36
1992-10-15,GAPTQ-201203,15.477919,15.563432,15.392405,15.477919,67240.95
1992-10-16,GAPTQ-201203,15.477919,15.477919,15.392405,15.477919,34497.53
1992-10-19,GAPTQ-201203,15.477919,16.333052,15.392405,15.990998,182866.16
1992-10-20,GAPTQ-201203,16.162025,17.188185,16.162025,17.188185,149391.86
1992-10-21,GAPTQ-201203,17.188185,17.615753,17.188185,17.188185,130827.51
1992-10-22,GAPTQ-201203,17.188185,17.444725,17.188185,17.444725,123957.234
1992-10-23,GAPTQ-201203,17.273699,17.359213,17.102673,17.273699,94722.04
1992-10-26,GAPTQ-201203,17.188185,17.701265,17.188185,17.615753,55254.523
1992-10-27,GAPTQ-201203,17.701265,17.872292,17.701265,17.78678,80689.15
1992-10-28,GAPTQ-201203,17.78678,17.78678,17.615753,17.701265,22072.574
1992-10-29,GAPTQ-201203,17.701265,17.701265,17.102673,17.359213,104954.36
1992-10-30,GAPTQ-201203,17.359213,17.444725,17.273699,17.359213,80689.15
1992-11-02,GAPTQ-201203,17.273699,17.444725,17.273699,17.444725,117379.32
1992-11-03,GAPTQ-201203,17.444725,17.444725,17.188185,17.273699,163424.75
1992-11-04,GAPTQ-201203,17.359213,17.359213,17.273699,17.273699,60809.21
1992-11-05,GAPTQ-201203,17.444725,17.957806,17.359213,17.957806,60809.21
1992-11-06,GAPTQ-201203,18.04332,18.641912,18.04332,18.29986,110509.05
1992-11-09,GAPTQ-201203,18.214346,18.29986,17.872292,18.04332,34351.355
1992-11-10,GAPTQ-201203,17.957806,18.128832,17.957806,18.04332,87997.945
1992-11-11,GAPTQ-201203,17.957806,18.470886,17.78678,18.385372,36543.996
1992-11-12,GAPTQ-201203,18.214346,18.812939,18.128832,18.812939,52331.004
1992-11-13,GAPTQ-201203,18.641912,18.641912,18.04332,18.29986,109778.164
1992-11-16,GAPTQ-201203,18.04332,18.04332,17.615753,17.701265,103784.95
1992-11-17,GAPTQ-201203,17.615753,18.727427,17.615753,18.727427,116063.734
1992-11-18,GAPTQ-201203,18.812939,18.898453,18.470886,18.641912,81420.02
1992-11-19,GAPTQ-201203,18.812939,18.812939,18.470886,18.470886,22072.574
1992-11-20,GAPTQ-201203,18.727427,18.727427,18.470886,18.470886,35959.293
1992-11-23,GAPTQ-201203,18.385372,18.470886,18.214346,18.29986,52331.004
1992-11-24,GAPTQ-201203,18.214346,18.812939,18.214346,18.812939,34205.18
1992-11-25,GAPTQ-201203,18.727427,18.812939,18.641912,18.727427,14325.247
1992-11-27,GAPTQ-201203,18.641912,19.154993,18.641912,18.983967,13594.367
1992-11-30,GAPTQ-201203,18.898453,19.069479,18.812939,18.983967,39028.99
1992-12-01,GAPTQ-201203,18.983967,19.411533,18.898453,19.154993,224233.97
1992-12-02,GAPTQ-201203,19.32602,19.32602,18.898453,18.983967,45899.26
1992-12-03,GAPTQ-201203,18.898453,18.983967,18.812939,18.983967,184912.62
1992-12-04,GAPTQ-201203,18.898453,18.983967,18.812939,18.812939,17541.12
1992-12-07,GAPTQ-201203,18.641912,18.641912,18.214346,18.385372,21634.047
1992-12-08,GAPTQ-201203,18.385372,18.556398,18.128832,18.470886,54962.17
1992-12-09,GAPTQ-201203,18.641912,18.812939,18.470886,18.470886,312962.78
1992-12-10,GAPTQ-201203,18.385372,18.385372,18.214346,18.385372,34936.062
1992-12-11,GAPTQ-201203,18.385372,18.385372,17.701265,17.78678,26457.854
1992-12-14,GAPTQ-201203,17.53024,17.701265,17.53024,17.615753,36836.348
1992-12-15,GAPTQ-201203,17.444725,17.444725,17.102673,17.188185,49992.188
1992-12-16,GAPTQ-201203,17.188185,17.359213,17.188185,17.273699,105246.71
1992-12-17,GAPTQ-201203,17.188185,17.188185,17.017159,17.017159,263262.97
1992-12-18,GAPTQ-201203,17.102673,17.102673,16.760618,17.102673,198506.98
1992-12-21,GAPTQ-201203,17.017159,17.017159,16.846132,17.017159,52477.18
1992-12-22,GAPTQ-201203,16.846132,17.188185,16.247538,17.017159,93698.805
1992-12-23,GAPTQ-201203,16.846132,17.273699,16.846132,17.188185,135651.31
1992-12-24,GAPTQ-201203,16.931646,17.017159,16.846132,16.931646,63586.555
1992-12-28,GAPTQ-201203,16.760618,16.931646,16.760618,16.760618,18125.822
1992-12-29,GAPTQ-201203,16.504078,16.675106,16.247538,16.589592,70895.35
1992-12-30,GAPTQ-201203,16.589592,16.846132,16.162025,16.846132,60809.21
1992-12-31,GAPTQ-201203,16.846132,16.846132,16.247538,16.333052,90775.29
1993-01-04,GAPTQ-201203,16.418566,17.102673,16.333052,16.931646,101884.664
1993-01-05,GAPTQ-201203,16.897161,17.06958,16.810951,16.897161,65247.65
1993-01-06,GAPTQ-201203,16.724741,17.06958,16.724741,17.06958,113240.914
1993-01-07,GAPTQ-201203,16.983372,17.06958,16.379902,16.46611,278389.97
1993-01-08,GAPTQ-201203,16.46611,16.46611,16.121271,16.121271,84676.945
1993-01-11,GAPTQ-201203,16.121271,16.379902,16.121271,16.379902,33928.777
1993-01-12,GAPTQ-201203,16.379902,16.55232,16.379902,16.55232,119620.69
1993-01-13,GAPTQ-201203,16.55232,16.724741,16.55232,16.724741,50023.195
1993-01-14,GAPTQ-201203,16.63853,16.810951,16.63853,16.810951,184288.36
1993-01-15,GAPTQ-201203,16.897161,17.15579,16.810951,17.06958,148764.64
1993-01-18,GAPTQ-201203,17.06958,17.15579,16.983372,17.15579,63217.72
1993-01-19,GAPTQ-201203,17.32821,17.414421,17.15579,17.242,72497.38
1993-01-20,GAPTQ-201203,17.06958,17.414421,17.06958,17.242,84676.945
1993-01-21,GAPTQ-201203,17.242,17.242,16.810951,16.897161,36683.676
1993-01-22,GAPTQ-201203,16.724741,16.810951,16.55232,16.63853,17834.357
1993-01-25,GAPTQ-201203,16.810951,16.810951,16.724741,16.810951,90766.73
1993-01-26,GAPTQ-201203,16.810951,16.983372,16.724741,16.810951,87866.83
1993-01-27,GAPTQ-201203,17.242,17.242,17.06958,17.15579,85836.91
1993-01-28,GAPTQ-201203,17.06958,17.06958,16.724741,16.724741,78587.164
1993-01-29,GAPTQ-201203,16.724741,16.897161,16.724741,16.810951,104541.234
1993-02-01,GAPTQ-201203,16.724741,16.810951,15.517801,15.690221,124840.5
1993-02-02,GAPTQ-201203,15.690221,15.690221,15.517801,15.604011,157174.33
1993-02-03,GAPTQ-201203,15.690221,15.862641,15.690221,15.862641,160219.22
1993-02-04,GAPTQ-201203,16.03506,16.207481,16.03506,16.121271,91926.69
1993-02-05,GAPTQ-201203,16.121271,16.379902,16.121271,16.207481,150214.58
1993-02-08,GAPTQ-201203,16.379902,16.46611,16.293692,16.379902,112805.93
1993-02-09,GAPTQ-201203,16.379902,16.55232,16.121271,16.379902,54373.04
1993-02-10,GAPTQ-201203,16.55232,16.897161,16.55232,16.724741,21749.215
1993-02-11,GAPTQ-201203,16.724741,16.897161,16.724741,16.810951,66552.6
1993-02-12,GAPTQ-201203,16.983372,17.06958,16.810951,16.983372,79892.12
1993-02-16,GAPTQ-201203,16.983372,16.983372,16.379902,16.379902,32913.812
1993-02-17,GAPTQ-201203,16.63853,16.810951,16.379902,16.379902,92071.68
1993-02-18,GAPTQ-201203,16.55232,16.55232,15.862641,16.03506,51328.15
1993-02-19,GAPTQ-201203,16.207481,16.63853,16.207481,16.46611,80327.1
1993-02-22,GAPTQ-201203,16.55232,16.55232,16.379902,16.379902,64812.664
1993-02-23,GAPTQ-201203,16.46611,16.63853,16.293692,16.379902,133830.17
1993-02-24,GAPTQ-201203,16.293692,16.379902,16.121271,16.379902,21749.215
1993-02-25,GAPTQ-201203,16.379902,16.46611,16.207481,16.46611,20734.252
1993-02-26,GAPTQ-201203,16.46611,16.46611,15.862641,16.121271,26389.049
1993-03-01,GAPTQ-201203,16.121271,16.121271,15.862641,15.948851,127450.41
1993-03-02,GAPTQ-201203,15.862641,16.03506,15.862641,16.03506,99031.43
1993-03-03,GAPTQ-201203,16.03506,16.03506,15.862641,16.03506,39583.574
1993-03-04,GAPTQ-201203,15.862641,16.03506,15.862641,15.948851,61622.777
1993-03-05,GAPTQ-201203,15.948851,16.379902,15.948851,16.207481,98596.445
1993-03-08,GAPTQ-201203,16.207481,16.55232,16.207481,16.55232,67132.58
1993-03-09,GAPTQ-201203,16.46611,16.46611,16.379902,16.46611,151084.55
1993-03-10,GAPTQ-201203,16.379902,16.379902,15.948851,16.379902,75107.29
1993-03-11,GAPTQ-201203,16.379902,16.379902,16.121271,16.207481,38133.625
1993-03-12,GAPTQ-201203,16.207481,16.207481,16.03506,16.03506,15659.436
1993-03-15,GAPTQ-201203,16.207481,16.379902,16.03506,16.293692,96856.51
1993-03-16,GAPTQ-201203,16.293692,16.293692,16.03506,16.121271,5364.8066
1993-03-17,GAPTQ-201203,16.121271,16.207481,15.948851,16.121271,35523.72
1993-03-18,GAPTQ-201203,16.121271,16.293692,16.121271,16.293692,63507.71
1993-03-19,GAPTQ-201203,16.293692,16.293692,16.121271,16.207481,148474.64
1993-03-22,GAPTQ-201203,16.293692,16.293692,16.121271,16.293692,45238.367
1993-03-23,GAPTQ-201203,16.207481,16.55232,16.121271,16.121271,222566.97
1993-03-24,GAPTQ-201203,15.862641,16.379902,15.690221,16.207481,305648.97
1993-03-25,GAPTQ-201203,16.207481,16.379902,16.207481,16.293692,68437.53
1993-03-26,GAPTQ-201203,16.293692,17.06958,16.293692,16.55232,134845.14
1993-03-29,GAPTQ-201203,16.55232,16.897161,16.46611,16.810951,171528.81
1993-03-30,GAPTQ-201203,16.810951,17.15579,16.810951,17.06958,71917.41
1993-03-31,GAPTQ-201203,17.15579,17.586842,17.06958,17.32821,56112.977
1993-04-01,GAPTQ-201203,17.500631,17.75926,17.414421,17.75926,99901.4
1993-04-02,GAPTQ-201203,17.637623,17.724508,17.550737,17.637623,54382.33
1993-04-05,GAPTQ-201203,17.637623,17.724508,17.637623,17.724508,52080.43
1993-04-06,GAPTQ-201203,17.724508,17.898277,17.724508,17.811392,65747.945
1993-04-07,GAPTQ-201203,17.724508,17.811392,17.724508,17.811392,66755.03
1993-04-08,GAPTQ-201203,17.724508,17.985163,17.724508,17.985163,53806.855
1993-04-12,GAPTQ-201203,18.419586,18.68024,18.3327,18.506472,93658.45
1993-04-13,GAPTQ-201203,18.3327,18.3327,18.245817,18.3327,48915.32
1993-04-14,GAPTQ-201203,18.506472,18.940895,18.506472,18.767126,318956.7
1993-04-15,GAPTQ-201203,18.767126,19.37532,18.767126,19.20155,116677.43
1993-04-16,GAPTQ-201203,19.288435,21.199902,19.20155,19.983513,267595.6
1993-04-19,GAPTQ-201203,19.809744,20.157284,19.809744,20.157284,92651.375
1993-04-20,GAPTQ-201203,19.983513,20.244167,19.983513,19.983513,195949.03
1993-04-21,GAPTQ-201203,20.070398,20.852362,19.983513,20.852362,231772.31
1993-04-22,GAPTQ-201203,20.852362,21.547441,20.678593,21.02613,152212.97
1993-04-23,GAPTQ-201203,21.02613,21.547441,20.939247,21.199902,151637.5
1993-04-26,GAPTQ-201203,21.286787,21.286787,21.113016,21.199902,73085.24
1993-04-27,GAPTQ-201203,21.02613,21.02613,20.331053,20.591707,156672.9
1993-04-28,GAPTQ-201203,20.678593,20.678593,20.157284,20.157284,45606.344
1993-04-29,GAPTQ-201203,19.983513,20.157284,19.722858,20.157284,122288.305
1993-04-30,GAPTQ-201203,19.983513,20.157284,19.54909,19.635975,50210.14
1993-05-03,GAPTQ-201203,19.809744,20.070398,19.809744,20.070398,132359.11
1993-05-04,GAPTQ-201203,20.070398,20.070398,19.54909,19.635975,41721.89
1993-05-05,GAPTQ-201203,19.635975,20.070398,19.462204,19.983513,132071.38
1993-05-06,GAPTQ-201203,19.809744,20.070398,19.809744,19.89663,32658.172
1993-05-07,GAPTQ-201203,19.89663,20.244167,19.89663,19.983513,25464.742
1993-05-10,GAPTQ-201203,19.983513,20.417938,19.983513,20.331053,74523.93
1993-05-11,GAPTQ-201203,20.157284,20.504822,19.983513,19.983513,36542.62
1993-05-12,GAPTQ-201203,20.070398,20.678593,19.54909,20.504822,82436.7
1993-05-13,GAPTQ-201203,20.331053,20.417938,19.983513,20.157284,95097.14
1993-05-14,GAPTQ-201203,19.983513,20.070398,19.89663,19.983513,11077.882
1993-05-17,GAPTQ-201203,19.983513,20.591707,19.89663,20.591707,54526.2
1993-05-18,GAPTQ-201203,20.678593,20.678593,20.504822,20.591707,45174.74
1993-05-19,GAPTQ-201203,20.504822,20.591707,19.983513,20.591707,41002.55
1993-05-20,GAPTQ-201203,20.591707,21.634325,20.591707,21.547441,263423.4
1993-05-21,GAPTQ-201203,21.72121,22.676943,21.72121,22.24252,371180.97
1993-05-24,GAPTQ-201203,22.24252,22.503174,21.89498,22.503174,158543.19
1993-05-25,GAPTQ-201203,22.329405,22.329405,21.981865,22.24252,90924.95
1993-05-26,GAPTQ-201203,22.06875,22.24252,21.981865,22.24252,94809.41
1993-05-27,GAPTQ-201203,22.155634,22.329405,22.155634,22.24252,108764.66
1993-05-28,GAPTQ-201203,22.06875,22.329405,22.06875,22.24252,93946.195
1993-06-01,GAPTQ-201203,22.329405,22.59006,21.981865,22.59006,176239.03
1993-06-02,GAPTQ-201203,22.59006,23.545792,22.59006,23.285137,351039.38
1993-06-03,GAPTQ-201203,23.285137,24.327755,23.285137,24.327755,582523.94
1993-06-04,GAPTQ-201203,24.153986,24.153986,23.806446,24.153986,164154.06
1993-06-07,GAPTQ-201203,24.153986,24.153986,23.632677,23.893332,143868.6
1993-06-08,GAPTQ-201203,23.806446,23.893332,23.111368,23.632677,270760.7
1993-06-09,GAPTQ-201203,23.632677,23.719563,23.285137,23.719563,89054.66
1993-06-10,GAPTQ-201203,23.719563,23.719563,23.372023,23.372023,93802.32
1993-06-11,GAPTQ-201203,23.458908,23.458908,23.372023,23.458908,41865.76
1993-06-14,GAPTQ-201203,23.458908,23.458908,23.372023,23.458908,41865.76
1993-06-15,GAPTQ-201203,23.458908,23.458908,22.937597,23.024483,35103.938
1993-06-16,GAPTQ-201203,23.198252,23.806446,23.198252,23.719563,173649.39
1993-06-17,GAPTQ-201203,23.893332,23.893332,23.719563,23.806446,25320.873
1993-06-18,GAPTQ-201203,23.372023,23.372023,22.850714,22.937597,309749.1
1993-06-21,GAPTQ-201203,23.024483,23.632677,23.024483,23.632677,165448.89
1993-06-22,GAPTQ-201203,23.545792,23.545792,22.59006,22.676943,56540.36
1993-06-23,GAPTQ-201203,22.59006,22.59006,22.06875,22.24252,133366.19
1993-06-24,GAPTQ-201203,22.24252,22.937597,22.24252,22.763828,125165.68
1993-06-25,GAPTQ-201203,23.111368,23.285137,23.024483,23.285137,96967.43
1993-06-28,GAPTQ-201203,23.111368,23.372023,22.59006,22.763828,59417.73
1993-06-29,GAPTQ-201203,22.763828,23.285137,22.59006,22.59006,34240.727
1993-06-30,GAPTQ-201203,22.416288,22.676943,22.06875,22.06875,36974.23
1993-07-01,GAPTQ-201203,22.24252,22.59006,22.24252,22.59006,25752.479
1993-07-02,GAPTQ-201203,22.503174,22.59006,22.503174,22.503174,71934.3
1993-07-06,GAPTQ-201203,22.329405,22.329405,21.634325,21.634325,33377.516
1993-07-07,GAPTQ-201203,21.286787,21.37367,21.286787,21.286787,97830.64
1993-07-08,GAPTQ-201203,21.37367,21.460556,21.199902,21.286787,72509.77
1993-07-09,GAPTQ-201203,21.37367,21.460556,21.02613,21.02613,40714.812
1993-07-12,GAPTQ-201203,21.113016,21.113016,20.504822,20.504822,49634.664
1993-07-13,GAPTQ-201203,20.504822,21.547441,20.417938,21.460556,163722.45
1993-07-14,GAPTQ-201203,21.460556,21.460556,20.852362,21.113016,68049.84
1993-07-15,GAPTQ-201203,21.113016,21.981865,21.113016,21.634325,64740.867
1993-07-16,GAPTQ-201203,21.72121,22.06875,21.37367,22.06875,80998.016
1993-07-19,GAPTQ-201203,21.858904,21.94634,21.596598,21.94634,114512.83
1993-07-20,GAPTQ-201203,21.77147,21.77147,21.246855,21.509163,119516.51
1993-07-21,GAPTQ-201203,21.421726,21.684032,21.421726,21.684032,127093.516
1993-07-22,GAPTQ-201203,21.858904,21.94634,21.596598,21.684032,71481.164
1993-07-23,GAPTQ-201203,21.684032,21.77147,21.596598,21.77147,13724.384
1993-07-26,GAPTQ-201203,21.596598,21.77147,21.596598,21.77147,122375.76
1993-07-27,GAPTQ-201203,21.684032,21.858904,21.684032,21.858904,40172.414
1993-07-28,GAPTQ-201203,21.77147,21.858904,20.809677,20.809677,43174.625
1993-07-29,GAPTQ-201203,21.15942,21.684032,21.15942,21.684032,95498.836
1993-07-30,GAPTQ-201203,21.858904,21.858904,20.809677,21.246855,63046.39
1993-08-02,GAPTQ-201203,21.334291,21.421726,20.984549,20.984549,74197.45
1993-08-03,GAPTQ-201203,20.984549,20.984549,20.3725,20.54737,35740.582
1993-08-04,GAPTQ-201203,20.634806,21.071983,20.3725,21.071983,51180.516
1993-08-05,GAPTQ-201203,21.246855,21.77147,21.246855,21.421726,69050.805
1993-08-06,GAPTQ-201203,21.334291,21.421726,20.984549,21.071983,15725.856
1993-08-09,GAPTQ-201203,21.246855,21.421726,21.15942,21.246855,16154.744
1993-08-10,GAPTQ-201203,21.334291,21.421726,20.984549,21.421726,54754.574
1993-08-11,GAPTQ-201203,21.334291,22.208647,21.334291,22.208647,64476.01
1993-08-12,GAPTQ-201203,22.55839,22.55839,21.94634,21.94634,77771.51
1993-08-13,GAPTQ-201203,21.858904,21.858904,21.509163,21.596598,18156.217
1993-08-16,GAPTQ-201203,21.684032,21.684032,21.421726,21.509163,22588.049
1993-08-17,GAPTQ-201203,21.509163,21.684032,21.334291,21.421726,63189.35
1993-08-18,GAPTQ-201203,21.421726,21.421726,20.459934,20.54737,80773.72
1993-08-19,GAPTQ-201203,20.722242,20.722242,20.110191,20.285063,97929.195
1993-08-20,GAPTQ-201203,20.3725,20.897112,20.285063,20.897112,56756.047
1993-08-23,GAPTQ-201203,20.897112,20.897112,20.722242,20.809677,66191.56
1993-08-24,GAPTQ-201203,20.722242,20.809677,20.285063,20.285063,30593.94
1993-08-25,GAPTQ-201203,20.3725,20.3725,19.76045,19.76045,33739.11
1993-08-26,GAPTQ-201203,19.76045,19.847885,19.673014,19.673014,23445.822
1993-08-27,GAPTQ-201203,19.673014,19.76045,19.410707,19.498142,45890.91
1993-08-30,GAPTQ-201203,19.673014,19.847885,19.673014,19.847885,67335.26
1993-08-31,GAPTQ-201203,19.847885,20.197628,19.847885,20.197628,65333.785
1993-09-01,GAPTQ-201203,20.022757,20.110191,19.935322,20.022757,19013.99
1993-09-02,GAPTQ-201203,19.935322,19.935322,19.847885,19.935322,29307.28
1993-09-03,GAPTQ-201203,20.022757,20.022757,19.673014,19.76045,59329.367
1993-09-07,GAPTQ-201203,19.847885,20.022757,19.673014,19.847885,118944.664
1993-09-08,GAPTQ-201203,19.847885,20.634806,19.847885,20.285063,228882.7
1993-09-09,GAPTQ-201203,19.847885,19.935322,19.410707,19.935322,116514.305
1993-09-10,GAPTQ-201203,19.935322,20.110191,19.847885,20.022757,33167.26
1993-09-13,GAPTQ-201203,20.022757,20.285063,20.022757,20.285063,90781.08
1993-09-14,GAPTQ-201203,20.285063,20.984549,20.197628,20.984549,117515.04
1993-09-15,GAPTQ-201203,20.809677,20.809677,20.634806,20.722242,34453.92
1993-09-16,GAPTQ-201203,20.54737,20.54737,19.673014,19.76045,54039.76
1993-09-17,GAPTQ-201203,19.673014,19.935322,19.673014,19.935322,120088.36
1993-09-20,GAPTQ-201203,19.847885,19.935322,19.673014,19.673014,27448.768
1993-09-21,GAPTQ-201203,19.585579,19.673014,19.060965,19.148401,49036.082
1993-09-22,GAPTQ-201203,19.148401,19.585579,19.060965,19.585579,99644.75
1993-09-23,GAPTQ-201203,19.410707,19.585579,19.32327,19.32327,59472.332
1993-09-24,GAPTQ-201203,19.410707,19.585579,19.32327,19.410707,16440.668
1993-09-27,GAPTQ-201203,19.060965,19.148401,18.623787,18.711222,74912.266
1993-09-28,GAPTQ-201203,18.798658,18.798658,18.18661,18.18661,98786.97
1993-09-29,GAPTQ-201203,18.18661,18.18661,17.661995,17.661995,144677.88
1993-09-30,GAPTQ-201203,17.57456,17.57456,17.13738,17.399689,153255.62
1993-10-01,GAPTQ-201203,17.312252,18.36148,17.312252,18.36148,48893.117
1993-10-04,GAPTQ-201203,18.18661,18.274044,17.924301,18.011738,61330.84
1993-10-05,GAPTQ-201203,18.099173,18.18661,18.011738,18.18661,37742.055
1993-10-06,GAPTQ-201203,18.18661,18.18661,18.099173,18.099173,55612.348
1993-10-07,GAPTQ-201203,18.18661,18.18661,17.924301,17.924301,71767.09
1993-10-08,GAPTQ-201203,18.0653,18.153423,17.977177,18.0653,27801.92
1993-10-11,GAPTQ-201203,18.241547,18.505917,18.241547,18.32967,24255.756
1993-10-12,GAPTQ-201203,18.32967,18.417793,17.889053,17.889053,37021.945
1993-10-13,GAPTQ-201203,17.889053,17.977177,17.800928,17.800928,92058.4
1993-10-14,GAPTQ-201203,17.889053,17.977177,17.712805,17.977177,67518.945
1993-10-15,GAPTQ-201203,18.0653,18.0653,17.712805,17.889053,81987.3
1993-10-18,GAPTQ-201203,17.977177,18.32967,17.977177,18.0653,82412.836
1993-10-19,GAPTQ-201203,18.0653,18.417793,17.977177,18.417793,42695.805
1993-10-20,GAPTQ-201203,18.241547,18.241547,17.889053,18.153423,58157.08
1993-10-21,GAPTQ-201203,17.977177,18.241547,17.977177,17.977177,24823.143
1993-10-22,GAPTQ-201203,17.889053,18.0653,17.889053,17.889053,75036.81
1993-10-25,GAPTQ-201203,17.889053,17.889053,17.712805,17.889053,45107.195
1993-10-26,GAPTQ-201203,17.889053,18.505917,17.889053,18.32967,40426.26
1993-10-27,GAPTQ-201203,18.241547,18.241547,18.153423,18.241547,15603.118
1993-10-28,GAPTQ-201203,18.32967,18.505917,18.241547,18.32967,24823.143
1993-10-29,GAPTQ-201203,18.505917,18.85841,18.505917,18.682163,21844.365
1993-11-01,GAPTQ-201203,18.682163,19.034657,18.682163,18.770287,36596.406
1993-11-02,GAPTQ-201203,18.85841,19.034657,18.153423,19.034657,31489.93
1993-11-03,GAPTQ-201203,19.034657,19.034657,18.682163,18.682163,26667.148
1993-11-04,GAPTQ-201203,19.034657,19.563396,19.034657,19.38715,62696.164
1993-11-05,GAPTQ-201203,19.38715,20.180262,19.38715,20.092138,92767.63
1993-11-08,GAPTQ-201203,20.004015,20.004015,19.299026,19.739643,75746.05
1993-11-09,GAPTQ-201203,19.827768,20.092138,19.65152,19.915892,44397.965
1993-11-10,GAPTQ-201203,19.915892,20.092138,19.827768,20.092138,33192.086
1993-11-11,GAPTQ-201203,20.092138,20.092138,19.563396,19.563396,47660.434
1993-11-12,GAPTQ-201203,19.65152,19.915892,19.563396,19.827768,47944.125
1993-11-15,GAPTQ-201203,19.915892,19.915892,19.827768,19.827768,13191.728
1993-11-16,GAPTQ-201203,19.827768,20.268385,19.827768,20.092138,53759.836
1993-11-17,GAPTQ-201203,20.268385,20.444632,20.004015,20.004015,44681.656
1993-11-18,GAPTQ-201203,20.092138,20.268385,20.092138,20.180262,52483.215
1993-11-19,GAPTQ-201203,20.268385,20.356508,20.180262,20.356508,24964.988
1993-11-22,GAPTQ-201203,20.180262,20.268385,19.475273,19.563396,31915.469
1993-11-23,GAPTQ-201203,19.475273,19.739643,19.475273,19.563396,46241.97
1993-11-24,GAPTQ-201203,19.739643,20.004015,19.65152,20.004015,36454.56
1993-11-26,GAPTQ-201203,20.004015,20.268385,20.004015,20.268385,3971.703
1993-11-29,GAPTQ-201203,20.268385,20.268385,20.004015,20.004015,19858.514
1993-11-30,GAPTQ-201203,20.004015,20.180262,19.563396,19.563396,34326.86
1993-12-01,GAPTQ-201203,19.65152,19.65152,19.38715,19.38715,38298.562
1993-12-02,GAPTQ-201203,19.38715,19.65152,19.38715,19.475273,42412.113
1993-12-03,GAPTQ-201203,19.65152,19.65152,19.299026,19.475273,39291.49
1993-12-06,GAPTQ-201203,19.475273,19.827768,19.475273,19.827768,24113.91
1993-12-07,GAPTQ-201203,19.739643,19.739643,19.38715,19.563396,57589.69
1993-12-08,GAPTQ-201203,19.563396,19.827768,19.563396,19.827768,17872.662
1993-12-09,GAPTQ-201203,19.739643,20.092138,19.739643,19.827768,9361.871
1993-12-10,GAPTQ-201203,19.827768,20.356508,19.827768,20.092138,29362.232
1993-12-13,GAPTQ-201203,19.915892,19.915892,19.827768,19.915892,19574.82
1993-12-14,GAPTQ-201203,19.827768,20.004015,19.827768,20.004015,32199.162
1993-12-15,GAPTQ-201203,20.004015,20.268385,20.004015,20.180262,61277.7
1993-12-16,GAPTQ-201203,20.356508,20.444632,20.268385,20.268385,20425.9
1993-12-17,GAPTQ-201203,20.356508,20.444632,20.268385,20.444632,56454.918
1993-12-20,GAPTQ-201203,20.268385,20.620878,19.915892,20.004015,57873.383
1993-12-21,GAPTQ-201203,19.915892,20.092138,19.65152,20.004015,51206.598
1993-12-22,GAPTQ-201203,20.180262,20.180262,19.827768,20.004015,22269.904
1993-12-23,GAPTQ-201203,20.180262,20.180262,19.739643,19.915892,13759.113
1993-12-27,GAPTQ-201203,19.827768,20.004015,19.65152,20.004015,14893.886
1993-12-28,GAPTQ-201203,19.915892,20.268385,19.915892,20.268385,33617.63
1993-12-29,GAPTQ-201203,20.180262,20.620878,19.739643,19.739643,68086.336
1993-12-30,GAPTQ-201203,19.563396,19.827768,19.12278,19.475273,52625.062
1993-12-31,GAPTQ-201203,19.65152,19.739643,19.034657,19.034657,26525.3
1994-01-03,GAPTQ-201203,19.034657,19.034657,18.682163,18.682163,41702.88
1994-01-04,GAPTQ-201203,18.770287,18.85841,18.417793,18.59404,17588.969
1994-01-05,GAPTQ-201203,18.647318,18.647318,18.203333,18.469725,67570.04
1994-01-06,GAPTQ-201203,18.558521,18.558521,18.203333,18.203333,86714.88
1994-01-07,GAPTQ-201203,18.203333,18.203333,17.936943,18.02574,113602.13
1994-01-10,GAPTQ-201203,18.02574,18.380928,17.936943,18.114536,77846.32
1994-01-11,GAPTQ-201203,18.203333,18.203333,17.49296,17.670553,88544.91
1994-01-12,GAPTQ-201203,17.49296,17.581757,17.315367,17.49296,173992.86
1994-01-13,GAPTQ-201203,17.49296,17.848146,17.404163,17.75935,135703.17
1994-01-14,GAPTQ-201203,17.848146,17.848146,17.49296,17.670553,49973.676
1994-01-17,GAPTQ-201203,17.49296,17.848146,17.49296,17.581757,87137.195
1994-01-18,GAPTQ-201203,17.670553,17.670553,17.404163,17.581757,51099.844
1994-01-19,GAPTQ-201203,17.670553,17.670553,17.581757,17.581757,13514.008
1994-01-20,GAPTQ-201203,17.581757,17.670553,17.22657,17.315367,74749.36
1994-01-21,GAPTQ-201203,17.315367,17.315367,17.048977,17.048977,48988.28
1994-01-24,GAPTQ-201203,16.960178,16.960178,16.782585,16.871382,53774.492
1994-01-25,GAPTQ-201203,17.048977,17.581757,17.048977,17.581757,57575.305
1994-01-26,GAPTQ-201203,17.581757,17.581757,17.22657,17.315367,136688.56
1994-01-27,GAPTQ-201203,17.137774,17.137774,16.871382,17.048977,43498.215
1994-01-28,GAPTQ-201203,17.22657,17.22657,16.782585,16.871382,101355.06
1994-01-31,GAPTQ-201203,16.782585,17.048977,16.604992,16.871382,67006.96
1994-02-01,GAPTQ-201203,16.782585,17.048977,16.693789,16.960178,39415.855
1994-02-02,GAPTQ-201203,16.960178,16.960178,16.782585,16.871382,23508.744
1994-02-03,GAPTQ-201203,16.782585,16.960178,16.693789,16.871382,41527.42
1994-02-04,GAPTQ-201203,16.871382,16.871382,16.693789,16.871382,26324.162
1994-02-07,GAPTQ-201203,16.871382,17.048977,16.782585,16.871382,30124.977
1994-02-08,GAPTQ-201203,16.871382,16.960178,16.693789,16.871382,121626.07
1994-02-09,GAPTQ-201203,17.048977,17.49296,17.048977,17.404163,74327.05
1994-02-10,GAPTQ-201203,17.404163,17.404163,17.22657,17.22657,31110.373
1994-02-11,GAPTQ-201203,17.22657,17.670553,17.22657,17.670553,44202.066
1994-02-14,GAPTQ-201203,17.581757,17.848146,17.404163,17.581757,124582.266
1994-02-15,GAPTQ-201203,17.670553,18.380928,17.581757,18.02574,96709.62
1994-02-16,GAPTQ-201203,18.114536,18.469725,18.114536,18.203333,52226.01
1994-02-17,GAPTQ-201203,18.203333,18.380928,18.114536,18.203333,29843.436
1994-02-18,GAPTQ-201203,18.203333,19.002504,17.936943,18.558521,74186.27
1994-02-22,GAPTQ-201203,18.558521,18.824911,18.29213,18.647318,83617.92
1994-02-23,GAPTQ-201203,18.736115,18.913708,18.469725,18.469725,24212.598
1994-02-24,GAPTQ-201203,18.380928,18.469725,18.29213,18.469725,45891.32
1994-02-25,GAPTQ-201203,18.469725,18.469725,18.29213,18.29213,31814.227
1994-02-28,GAPTQ-201203,18.29213,18.824911,18.29213,18.736115,59968.41
1994-03-01,GAPTQ-201203,18.647318,19.091301,18.647318,19.091301,45328.234
1994-03-02,GAPTQ-201203,18.913708,19.002504,18.558521,18.824911,79957.88
1994-03-03,GAPTQ-201203,18.913708,18.913708,18.824911,18.824911,53070.637
1994-03-04,GAPTQ-201203,18.824911,19.091301,18.647318,18.824911,106141.27
1994-03-07,GAPTQ-201203,19.002504,19.446487,19.002504,19.35769,38289.69
1994-03-08,GAPTQ-201203,19.446487,19.446487,19.002504,19.002504,37585.836
1994-03-09,GAPTQ-201203,19.091301,19.091301,18.913708,19.002504,12387.841
1994-03-10,GAPTQ-201203,19.002504,19.268894,18.913708,19.268894,86151.805
1994-03-11,GAPTQ-201203,19.180098,19.180098,18.913708,19.091301,41668.19
1994-03-14,GAPTQ-201203,19.091301,19.180098,18.913708,18.913708,20411.783
1994-03-15,GAPTQ-201203,18.913708,18.913708,18.647318,18.736115,27872.643
1994-03-16,GAPTQ-201203,18.558521,18.558521,18.29213,18.380928,32518.082
1994-03-17,GAPTQ-201203,18.29213,18.647318,17.848146,18.647318,65036.164
1994-03-18,GAPTQ-201203,18.558521,18.824911,18.380928,18.824911,121344.53
1994-03-21,GAPTQ-201203,18.647318,19.35769,18.380928,19.35769,54900.656
1994-03-22,GAPTQ-201203,19.446487,19.446487,19.002504,19.002504,64754.62
1994-03-23,GAPTQ-201203,19.091301,19.35769,18.913708,18.913708,26042.62
1994-03-24,GAPTQ-201203,18.824911,18.913708,18.29213,18.913708,85870.26
1994-03-25,GAPTQ-201203,19.091301,19.180098,18.913708,18.913708,28998.809
1994-03-28,GAPTQ-201203,18.913708,18.913708,18.647318,18.736115,27872.643
1994-03-29,GAPTQ-201203,18.824911,18.913708,18.469725,18.469725,26042.62
1994-03-30,GAPTQ-201203,18.469725,18.558521,17.49296,17.49296,87981.82
1994-03-31,GAPTQ-201203,17.670553,17.670553,17.315367,17.404163,53633.72
1994-04-04,GAPTQ-201203,17.137774,17.315367,16.871382,17.22657,54759.887
1994-04-05,GAPTQ-201203,17.404163,17.848146,17.22657,17.670553,42794.36
1994-04-06,GAPTQ-201203,17.49296,17.75935,17.49296,17.49296,50114.445
1994-04-07,GAPTQ-201203,17.670553,17.670553,17.49296,17.581757,69963.15
1994-04-08,GAPTQ-201203,17.366907,17.904028,17.187866,17.814508,55574.086
1994-04-11,GAPTQ-201203,17.814508,18.083069,17.724989,18.083069,26530.342
1994-04-12,GAPTQ-201203,17.904028,18.172588,17.814508,17.904028,32953.477
1994-04-13,GAPTQ-201203,17.904028,17.904028,17.277388,17.545948,69118.52
1994-04-14,GAPTQ-201203,17.635468,17.635468,17.277388,17.456429,16197.472
1994-04-15,GAPTQ-201203,16.919306,17.187866,16.919306,17.008827,78473.96
1994-04-18,GAPTQ-201203,16.919306,17.277388,16.740267,16.740267,58506.387
1994-04-19,GAPTQ-201203,16.740267,16.740267,16.471706,16.561226,47475.348
1994-04-20,GAPTQ-201203,16.650745,16.650745,16.203146,16.561226,34349.812
1994-04-21,GAPTQ-201203,16.561226,16.919306,16.561226,16.829786,18431.605
1994-04-22,GAPTQ-201203,16.740267,16.829786,16.471706,16.650745,17314.54
1994-04-25,GAPTQ-201203,16.650745,17.098347,16.561226,16.829786,9634.703
1994-04-26,GAPTQ-201203,16.829786,17.098347,16.650745,17.098347,49988.75
1994-04-28,GAPTQ-201203,17.008827,17.456429,16.829786,17.277388,74005.695
1994-04-29,GAPTQ-201203,17.187866,17.904028,17.098347,17.904028,63533.188
1994-05-02,GAPTQ-201203,17.904028,17.904028,17.187866,17.635468,66186.22
1994-05-03,GAPTQ-201203,17.545948,17.545948,17.098347,17.366907,98162.266
1994-05-04,GAPTQ-201203,17.277388,17.366907,16.919306,17.187866,102630.53
1994-05-05,GAPTQ-201203,17.008827,17.187866,16.740267,16.919306,35606.51
1994-05-06,GAPTQ-201203,16.829786,17.008827,16.829786,17.008827,25413.275
1994-05-09,GAPTQ-201203,17.187866,17.635468,17.187866,17.635468,43425.98
1994-05-10,GAPTQ-201203,17.456429,18.172588,17.456429,17.99355,82662.96
1994-05-11,GAPTQ-201203,17.904028,17.904028,17.724989,17.814508,24156.574
1994-05-12,GAPTQ-201203,17.814508,17.904028,17.456429,17.456429,12985.904
1994-05-13,GAPTQ-201203,17.545948,17.545948,17.187866,17.366907,19269.406
1994-05-16,GAPTQ-201203,17.456429,17.456429,17.098347,17.098347,19967.574
1994-05-17,GAPTQ-201203,17.277388,17.545948,17.098347,17.545948,22201.707
1994-05-18,GAPTQ-201203,17.456429,17.545948,17.098347,17.366907,69258.16
1994-05-19,GAPTQ-201203,17.366907,17.545948,17.187866,17.366907,20107.207
1994-05-20,GAPTQ-201203,17.277388,17.366907,17.008827,17.187866,48313.15
1994-05-23,GAPTQ-201203,17.187866,17.366907,16.829786,17.098347,47196.082
1994-05-24,GAPTQ-201203,17.187866,17.456429,17.187866,17.277388,18710.873
1994-05-25,GAPTQ-201203,17.277388,17.366907,17.098347,17.187866,55294.82
1994-05-26,GAPTQ-201203,17.098347,17.456429,17.098347,17.366907,40354.047
1994-05-27,GAPTQ-201203,17.277388,17.366907,17.187866,17.277388,14102.972
1994-05-31,GAPTQ-201203,17.187866,17.277388,17.098347,17.098347,14801.139
1994-06-01,GAPTQ-201203,17.098347,17.366907,17.098347,17.187866,41331.48
1994-06-02,GAPTQ-201203,17.187866,17.277388,17.187866,17.187866,26111.441
1994-06-03,GAPTQ-201203,17.187866,17.456429,17.187866,17.187866,32813.844
1994-06-06,GAPTQ-201203,17.277388,17.277388,17.187866,17.277388,26251.076
1994-06-07,GAPTQ-201203,17.187866,17.366907,17.187866,17.366907,18990.14
1994-06-08,GAPTQ-201203,17.456429,17.456429,17.277388,17.456429,23179.14
1994-06-09,GAPTQ-201203,17.277388,17.814508,17.277388,17.814508,29881.543
1994-06-10,GAPTQ-201203,17.814508,17.814508,17.456429,17.456429,49709.484
1994-06-13,GAPTQ-201203,17.366907,17.456429,17.277388,17.277388,35187.613
1994-06-14,GAPTQ-201203,17.366907,17.366907,17.187866,17.277388,29462.643
1994-06-15,GAPTQ-201203,17.277388,17.366907,17.098347,17.187866,29043.744
1994-06-16,GAPTQ-201203,17.187866,17.277388,17.098347,17.277388,7679.836
1994-06-17,GAPTQ-201203,17.366907,17.456429,17.098347,17.187866,85595.266
1994-06-20,GAPTQ-201203,17.098347,17.456429,16.919306,17.456429,44543.047
1994-06-21,GAPTQ-201203,17.366907,17.366907,17.008827,17.008827,13544.4375
1994-06-22,GAPTQ-201203,17.098347,17.187866,17.098347,17.098347,23877.309
1994-06-23,GAPTQ-201203,16.919306,16.919306,16.561226,16.650745,68839.26
1994-06-24,GAPTQ-201203,16.740267,16.740267,16.382185,16.382185,42867.45
1994-06-27,GAPTQ-201203,16.203146,16.561226,16.113625,16.382185,26390.709
1994-06-28,GAPTQ-201203,16.471706,16.471706,15.576505,15.666025,101094.57
1994-06-29,GAPTQ-201203,15.755545,15.934586,15.666025,15.666025,56551.52
1994-06-30,GAPTQ-201203,15.845065,15.845065,15.307944,15.397465,67303.29
1994-07-01,GAPTQ-201203,15.486984,15.576505,15.397465,15.576505,50826.55
1994-07-05,GAPTQ-201203,15.666025,15.755545,15.576505,15.755545,26390.709
1994-07-06,GAPTQ-201203,15.576505,16.113625,15.397465,15.845065,55015.55
1994-07-07,GAPTQ-201203,15.934586,16.113625,15.755545,15.934586,28624.844
1994-07-08,GAPTQ-201203,15.934586,15.934586,15.576505,15.755545,27368.143
1994-07-11,GAPTQ-201203,15.755545,15.755545,15.397465,15.576505,22341.342
1994-07-12,GAPTQ-201203,15.666025,15.666025,15.397465,15.576505,22760.24
1994-07-13,GAPTQ-201203,15.576505,15.755545,15.397465,15.397465,41191.848
1994-07-14,GAPTQ-201203,15.486984,15.666025,15.218424,15.307944,53619.22
1994-07-15,GAPTQ-201203,15.307944,15.307944,15.128904,15.128904,81685.53
1994-07-18,GAPTQ-201203,15.273506,15.815761,15.273506,15.544633,53803.137
1994-07-19,GAPTQ-201203,15.544633,15.635009,15.363881,15.363881,17288.926
1994-07-20,GAPTQ-201203,15.454257,15.454257,15.092754,15.18313,45366.14
1994-07-21,GAPTQ-201203,15.18313,15.18313,14.731251,14.731251,42738.223
1994-07-22,GAPTQ-201203,14.821627,14.821627,14.640875,14.821627,17427.236
1994-07-25,GAPTQ-201203,14.821627,15.002378,14.640875,15.002378,20470.088
1994-07-26,GAPTQ-201203,14.821627,14.821627,14.5505,14.640875,16044.123
1994-07-27,GAPTQ-201203,14.640875,14.731251,14.460124,14.640875,42738.223
1994-07-28,GAPTQ-201203,14.5505,14.731251,14.460124,14.460124,37067.457
1994-07-29,GAPTQ-201203,14.460124,14.640875,14.369748,14.5505,56016.117
1994-08-01,GAPTQ-201203,14.640875,14.912003,14.369748,14.912003,63761.555
1994-08-02,GAPTQ-201203,15.092754,15.18313,14.821627,15.18313,46749.254
1994-08-03,GAPTQ-201203,15.273506,15.363881,15.002378,15.092754,53526.51
1994-08-04,GAPTQ-201203,15.092754,15.18313,15.002378,15.002378,87966.055
1994-08-05,GAPTQ-201203,15.092754,15.18313,15.002378,15.002378,24619.43
1994-08-08,GAPTQ-201203,15.092754,15.18313,15.002378,15.092754,15905.812
1994-08-09,GAPTQ-201203,15.002378,15.273506,15.002378,15.092754,69294.016
1994-08-10,GAPTQ-201203,15.273506,15.273506,15.002378,15.092754,25725.92
1994-08-11,GAPTQ-201203,15.18313,15.18313,15.092754,15.092754,29183.705
1994-08-12,GAPTQ-201203,15.092754,15.363881,15.092754,15.363881,93360.195
1994-08-15,GAPTQ-201203,15.454257,15.725385,15.18313,15.273506,45919.387
1994-08-16,GAPTQ-201203,15.363881,15.363881,15.092754,15.363881,30843.443
1994-08-17,GAPTQ-201203,15.273506,15.273506,14.821627,15.002378,157121.75
1994-08-18,GAPTQ-201203,15.002378,15.092754,14.912003,15.002378,30705.13
1994-08-19,GAPTQ-201203,15.092754,15.092754,14.912003,15.002378,36790.832
1994-08-22,GAPTQ-201203,14.912003,15.092754,14.912003,14.912003,21714.89
1994-08-23,GAPTQ-201203,15.002378,15.273506,14.912003,14.912003,82710.22
1994-08-24,GAPTQ-201203,15.002378,15.002378,14.821627,14.821627,39142.125
1994-08-25,GAPTQ-201203,14.912003,15.544633,14.912003,15.454257,99445.9
1994-08-26,GAPTQ-201203,15.635009,17.713652,15.635009,17.442524,222957.98
1994-08-29,GAPTQ-201203,17.352148,17.713652,16.629143,17.171396,111340.68
1994-08-30,GAPTQ-201203,17.352148,17.352148,16.990646,17.08102,33333.047
1994-08-31,GAPTQ-201203,17.08102,17.713652,17.08102,17.352148,70538.81
1994-09-01,GAPTQ-201203,17.261772,17.261772,16.990646,16.990646,9681.798
1994-09-02,GAPTQ-201203,17.171396,17.261772,16.809895,17.08102,62378.44
1994-09-06,GAPTQ-201203,17.08102,17.171396,16.719519,17.08102,31535
1994-09-07,GAPTQ-201203,16.990646,17.08102,16.809895,16.990646,31120.066
1994-09-08,GAPTQ-201203,16.990646,17.171396,16.809895,17.08102,222681.36
1994-09-09,GAPTQ-201203,16.90027,16.990646,16.809895,16.90027,67910.9
1994-09-12,GAPTQ-201203,16.719519,16.90027,16.448391,16.90027,54909.625
1994-09-13,GAPTQ-201203,16.990646,16.990646,16.719519,16.90027,28215.525
1994-09-14,GAPTQ-201203,16.809895,16.990646,16.809895,16.990646,17842.172
1994-09-15,GAPTQ-201203,17.08102,17.5329,16.90027,17.442524,46610.94
1994-09-16,GAPTQ-201203,17.261772,17.352148,16.90027,17.171396,152280.86
1994-09-19,GAPTQ-201203,17.261772,17.261772,16.719519,16.90027,42323.29
1994-09-20,GAPTQ-201203,16.809895,17.08102,16.719519,16.990646,48408.992
1994-09-21,GAPTQ-201203,16.990646,17.171396,16.809895,17.171396,35546.03
1994-09-22,GAPTQ-201203,17.08102,17.171396,16.719519,16.809895,33194.74
1994-09-23,GAPTQ-201203,16.990646,17.08102,16.719519,16.90027,39557.062
1994-09-26,GAPTQ-201203,16.990646,16.990646,16.629143,16.719519,35546.03
1994-09-27,GAPTQ-201203,16.719519,16.809895,16.358015,16.358015,37897.324
1994-09-28,GAPTQ-201203,16.448391,16.90027,16.358015,16.90027,58644.035
1994-09-29,GAPTQ-201203,16.90027,17.804028,16.90027,17.804028,145365.28
1994-09-30,GAPTQ-201203,17.804028,18.527033,17.804028,18.346283,280357.22
1994-10-03,GAPTQ-201203,18.346283,19.159664,18.346283,19.069288,185198.97
1994-10-04,GAPTQ-201203,19.159664,19.340416,18.436657,18.79816,99584.21
1994-10-05,GAPTQ-201203,18.79816,18.79816,18.075155,18.255907,82986.84
1994-10-06,GAPTQ-201203,18.346283,18.617409,18.346283,18.436657,99860.836
1994-10-07,GAPTQ-201203,18.582403,18.582403,18.035862,18.582403,55576.773
1994-10-10,GAPTQ-201203,18.582403,18.855673,18.582403,18.855673,15918.286
1994-10-11,GAPTQ-201203,18.946764,19.128944,18.764584,19.037853,19897.857
1994-10-12,GAPTQ-201203,19.037853,19.220034,18.855673,19.220034,32934.383
1994-10-13,GAPTQ-201203,19.402214,19.766575,19.311125,19.311125,44324.19
1994-10-14,GAPTQ-201203,19.311125,19.493305,18.946764,19.402214,32934.383
1994-10-17,GAPTQ-201203,19.402214,19.402214,18.946764,19.220034,26621.96
1994-10-18,GAPTQ-201203,19.128944,19.220034,18.946764,19.037853,11115.3545
1994-10-19,GAPTQ-201203,18.855673,19.220034,18.764584,19.128944,17016.1
1994-10-20,GAPTQ-201203,19.037853,19.128944,18.491312,18.946764,31836.572
1994-10-21,GAPTQ-201203,18.946764,18.946764,18.400223,18.491312,22505.162
1994-10-24,GAPTQ-201203,18.491312,18.491312,17.853682,18.126951,68613.305
1994-10-25,GAPTQ-201203,18.035862,18.218042,18.035862,18.035862,40619.074
1994-10-26,GAPTQ-201203,18.126951,18.126951,18.035862,18.035862,3842.345
1994-10-27,GAPTQ-201203,18.126951,18.126951,17.671501,18.126951,28817.586
1994-10-28,GAPTQ-201203,18.126951,18.764584,17.94477,18.764584,26759.188
1994-10-31,GAPTQ-201203,18.764584,19.037853,18.764584,19.037853,54204.508
1994-11-01,GAPTQ-201203,19.037853,19.493305,18.582403,19.220034,82335.96
1994-11-02,GAPTQ-201203,19.220034,19.311125,18.946764,18.946764,23877.43
1994-11-03,GAPTQ-201203,18.946764,19.037853,18.764584,18.764584,8370.822
1994-11-04,GAPTQ-201203,18.673492,18.764584,18.400223,18.400223,19486.178
1994-11-07,GAPTQ-201203,18.309132,18.400223,18.126951,18.218042,62438.105
1994-11-08,GAPTQ-201203,18.400223,18.491312,17.853682,18.218042,43912.51
1994-11-09,GAPTQ-201203,18.309132,18.400223,18.309132,18.400223,60242.477
1994-11-10,GAPTQ-201203,18.400223,18.400223,18.035862,18.035862,10566.448
1994-11-11,GAPTQ-201203,17.853682,18.126951,17.671501,17.94477,11389.808
1994-11-14,GAPTQ-201203,18.035862,18.035862,17.58041,17.94477,15781.06
1994-11-15,GAPTQ-201203,17.76259,17.853682,17.21605,17.30714,25112.469
1994-11-16,GAPTQ-201203,17.39823,17.39823,17.21605,17.30714,31013.213
1994-11-17,GAPTQ-201203,17.48932,17.58041,17.21605,17.21605,61203.066
1994-11-18,GAPTQ-201203,17.30714,17.30714,17.033869,17.033869,31424.893
1994-11-21,GAPTQ-201203,17.12496,17.39823,17.033869,17.033869,26621.96
1994-11-22,GAPTQ-201203,16.94278,17.033869,16.305147,16.305147,59281.89
1994-11-23,GAPTQ-201203,16.396238,16.396238,15.758606,16.122967,68476.08
1994-11-25,GAPTQ-201203,16.031878,16.214058,15.849696,15.849696,17016.1
1994-11-28,GAPTQ-201203,15.940786,16.122967,15.940786,16.031878,20446.764
1994-11-29,GAPTQ-201203,16.031878,16.396238,15.940786,16.305147,87825.02
1994-11-30,GAPTQ-201203,16.487328,16.487328,16.122967,16.214058,15506.606
1994-12-01,GAPTQ-201203,16.122967,16.122967,15.758606,16.031878,39932.94
1994-12-02,GAPTQ-201203,16.031878,16.7606,15.940786,16.7606,47343.18
1994-12-05,GAPTQ-201203,16.7606,16.7606,16.487328,16.7606,47892.086
1994-12-06,GAPTQ-201203,16.578419,16.578419,15.576426,16.031878,140108.36
1994-12-07,GAPTQ-201203,15.667516,15.667516,14.938794,15.120975,180178.53
1994-12-08,GAPTQ-201203,15.029884,15.029884,14.483343,15.029884,85217.72
1994-12-09,GAPTQ-201203,14.847704,14.938794,14.756614,14.756614,31013.213
1994-12-12,GAPTQ-201203,14.392253,14.574433,14.392253,14.574433,77807.484
1994-12-13,GAPTQ-201203,14.574433,14.574433,14.301163,14.392253,61203.066
1994-12-14,GAPTQ-201203,14.301163,14.483343,13.936802,14.2100725,56949.04
1994-12-15,GAPTQ-201203,13.936802,14.027892,12.661539,13.11699,228070.61
1994-12-16,GAPTQ-201203,13.11699,13.481351,13.0259,13.390261,304505.84
1994-12-19,GAPTQ-201203,13.2991705,13.7546215,13.20808,13.7546215,91392.914
1994-12-20,GAPTQ-201203,13.936802,13.936802,13.0259,13.20808,172631.06
1994-12-21,GAPTQ-201203,13.20808,13.2991705,12.93481,12.93481,120759.41
1994-12-22,GAPTQ-201203,13.0259,13.20808,12.8437195,12.93481,108957.92
1994-12-23,GAPTQ-201203,13.0259,13.11699,12.93481,13.0259,69711.12
1994-12-27,GAPTQ-201203,13.0259,13.20808,12.93481,13.20808,76984.125
1994-12-28,GAPTQ-201203,13.20808,13.390261,13.11699,13.390261,82610.414
1994-12-29,GAPTQ-201203,13.2991705,13.481351,13.2991705,13.481351,69436.664
1994-12-30,GAPTQ-201203,13.481351,13.481351,13.11699,13.20808,49264.35
1995-01-03,GAPTQ-201203,13.20808,13.390261,12.8437195,13.390261,52420.562
1995-01-04,GAPTQ-201203,13.390261,13.936802,13.2991705,13.936802,50636.617
1995-01-05,GAPTQ-201203,13.790676,14.064663,13.699347,14.064663,60358.72
1995-01-06,GAPTQ-201203,13.882005,13.973333,13.608018,13.790676,39417.938
1995-01-09,GAPTQ-201203,13.973333,14.155992,13.973333,14.064663,48314.348
1995-01-10,GAPTQ-201203,14.155992,14.612637,13.973333,14.429978,68981.39
1995-01-11,GAPTQ-201203,14.33865,14.429978,13.973333,14.064663,55842.08
1995-01-12,GAPTQ-201203,14.155992,14.24732,14.155992,14.24732,13960.52
1995-01-13,GAPTQ-201203,14.33865,14.429978,14.155992,14.155992,32711.414
1995-01-16,GAPTQ-201203,14.24732,14.33865,14.24732,14.33865,11770.634
1995-01-17,GAPTQ-201203,14.24732,14.24732,13.973333,14.155992,18477.158
1995-01-18,GAPTQ-201203,14.064663,14.155992,13.973333,13.973333,10401.956
1995-01-19,GAPTQ-201203,13.882005,13.882005,13.699347,13.699347,13823.651
1995-01-20,GAPTQ-201203,13.699347,14.24732,13.699347,14.155992,73224.3
1995-01-23,GAPTQ-201203,13.699347,14.064663,13.608018,14.064663,70623.805
1995-01-24,GAPTQ-201203,14.064663,14.064663,13.699347,13.699347,11360.03
1995-01-25,GAPTQ-201203,13.699347,13.973333,13.608018,13.790676,31342.734
1995-01-26,GAPTQ-201203,13.790676,13.882005,13.608018,13.790676,17929.688
1995-01-27,GAPTQ-201203,13.882005,13.882005,13.699347,13.790676,18066.555
1995-01-30,GAPTQ-201203,13.699347,13.699347,13.516689,13.516689,40649.75
1995-01-31,GAPTQ-201203,13.516689,13.790676,13.516689,13.608018,24088.74
1995-02-01,GAPTQ-201203,13.699347,13.699347,13.42536,13.608018,17245.348
1995-02-02,GAPTQ-201203,13.699347,13.699347,13.516689,13.608018,8622.674
1995-02-03,GAPTQ-201203,13.699347,13.882005,13.516689,13.790676,29974.057
1995-02-06,GAPTQ-201203,13.790676,13.882005,13.699347,13.882005,35996.242
1995-02-07,GAPTQ-201203,14.064663,14.064663,13.882005,14.064663,35585.637
1995-02-08,GAPTQ-201203,14.064663,14.429978,14.064663,14.064663,31753.338
1995-02-09,GAPTQ-201203,13.973333,14.155992,13.973333,13.973333,9170.1455
1995-02-10,GAPTQ-201203,14.064663,14.064663,13.790676,13.882005,14371.123
1995-02-13,GAPTQ-201203,13.973333,14.521308,13.973333,14.521308,58579.434
1995-02-14,GAPTQ-201203,14.521308,14.521308,14.155992,14.429978,39417.938
1995-02-15,GAPTQ-201203,14.33865,15.16061,14.33865,14.977953,74045.5
1995-02-16,GAPTQ-201203,15.069282,15.069282,14.703965,14.795295,51051.703
1995-02-17,GAPTQ-201203,14.703965,14.703965,14.33865,14.33865,25457.418
1995-02-21,GAPTQ-201203,14.521308,14.521308,14.33865,14.33865,22172.59
1995-02-22,GAPTQ-201203,14.429978,14.521308,14.155992,14.429978,78835.875
1995-02-23,GAPTQ-201203,14.33865,14.33865,13.882005,13.973333,55705.21
1995-02-24,GAPTQ-201203,14.064663,14.064663,13.882005,13.973333,22172.59
1995-02-27,GAPTQ-201203,13.973333,14.064663,13.973333,13.973333,50777.97
1995-02-28,GAPTQ-201203,14.064663,14.155992,13.882005,14.064663,30795.264
1995-03-01,GAPTQ-201203,14.155992,14.33865,13.973333,14.155992,76782.86
1995-03-02,GAPTQ-201203,14.064663,14.24732,14.064663,14.155992,24773.078
1995-03-03,GAPTQ-201203,14.064663,14.24732,13.973333,14.24732,30932.13
1995-03-06,GAPTQ-201203,14.24732,14.521308,14.064663,14.24732,82531.305
1995-03-07,GAPTQ-201203,14.155992,14.521308,14.155992,14.429978,98818.58
1995-03-08,GAPTQ-201203,14.521308,14.886623,14.429978,14.703965,93207
1995-03-09,GAPTQ-201203,14.703965,15.16061,14.703965,15.16061,135909.77
1995-03-10,GAPTQ-201203,15.16061,15.434597,15.069282,15.25194,105798.84
1995-03-13,GAPTQ-201203,15.16061,15.617255,14.977953,15.434597,78151.54
1995-03-14,GAPTQ-201203,15.525927,15.708584,15.434597,15.434597,80204.555
1995-03-15,GAPTQ-201203,15.343268,15.525927,15.069282,15.069282,56252.684
1995-03-16,GAPTQ-201203,15.25194,15.891242,15.25194,15.617255,86363.61
1995-03-17,GAPTQ-201203,15.891242,15.891242,15.525927,15.525927,155892.47
1995-03-20,GAPTQ-201203,15.617255,15.982572,15.617255,15.799913,69939.47
1995-03-21,GAPTQ-201203,15.799913,16.530544,15.799913,16.0739,74045.5
1995-03-22,GAPTQ-201203,16.0739,16.621874,16.0739,16.621874,47630.008
1995-03-23,GAPTQ-201203,16.621874,16.89586,16.256557,16.621874,98134.24
1995-03-24,GAPTQ-201203,16.713203,16.804531,16.439217,16.439217,73361.164
1995-03-27,GAPTQ-201203,16.530544,16.713203,16.347887,16.713203,41470.957
1995-03-28,GAPTQ-201203,16.713203,16.713203,16.256557,16.439217,57347.625
1995-03-29,GAPTQ-201203,16.439217,16.621874,16.0739,16.256557,85953
1995-03-30,GAPTQ-201203,16.439217,16.530544,16.347887,16.439217,58168.832
1995-03-31,GAPTQ-201203,16.439217,16.530544,16.256557,16.530544,39007.336
1995-04-03,GAPTQ-201203,16.530544,16.621874,16.347887,16.439217,35996.242
1995-04-04,GAPTQ-201203,16.439217,16.713203,16.439217,16.713203,37775.523
1995-04-05,GAPTQ-201203,16.713203,17.07852,16.713203,16.98719,83899.984
1995-04-06,GAPTQ-201203,17.0238,17.115326,16.932274,17.115326,73066.82
1995-04-07,GAPTQ-201203,17.115326,17.66448,16.932274,17.66448,86177.88
1995-04-10,GAPTQ-201203,17.572956,18.12211,17.572956,17.756006,77710.32
1995-04-11,GAPTQ-201203,17.756006,18.12211,17.756006,18.030584,124555.03
1995-04-12,GAPTQ-201203,17.847532,18.213636,17.847532,18.213636,47117.86
1995-04-13,GAPTQ-201203,18.305162,18.854317,18.305162,18.76279,77573.75
1995-04-17,GAPTQ-201203,18.76279,18.854317,18.305162,18.305162,51078.49
1995-04-18,GAPTQ-201203,18.396687,18.671265,18.305162,18.396687,40972.05
1995-04-19,GAPTQ-201203,18.396687,18.396687,18.030584,18.213636,29773.023
1995-04-20,GAPTQ-201203,18.12211,18.213636,18.030584,18.030584,23354.068
1995-04-21,GAPTQ-201203,18.213636,18.305162,18.030584,18.213636,75252
1995-04-24,GAPTQ-201203,18.030584,19.037369,18.030584,18.76279,60638.633
1995-04-25,GAPTQ-201203,18.671265,18.76279,18.396687,18.488213,27997.568
1995-04-26,GAPTQ-201203,18.579739,18.76279,18.488213,18.671265,27724.42
1995-04-27,GAPTQ-201203,18.488213,18.671265,18.396687,18.579739,44522.96
1995-04-28,GAPTQ-201203,18.488213,18.671265,18.305162,18.396687,70062.2
1995-05-01,GAPTQ-201203,18.305162,18.671265,18.12211,18.488213,52990.52
1995-05-02,GAPTQ-201203,18.396687,18.854317,18.396687,18.76279,57360.87
1995-05-03,GAPTQ-201203,18.671265,18.76279,18.671265,18.76279,28680.436
1995-05-04,GAPTQ-201203,18.76279,19.037369,18.671265,19.037369,44932.684
1995-05-05,GAPTQ-201203,19.220419,19.220419,18.671265,18.76279,30865.611
1995-05-08,GAPTQ-201203,18.579739,18.76279,18.396687,18.671265,28953.582
1995-05-09,GAPTQ-201203,18.488213,18.854317,18.030584,18.854317,129471.68
1995-05-10,GAPTQ-201203,18.854317,18.854317,18.213636,18.305162,42064.637
1995-05-11,GAPTQ-201203,18.488213,18.488213,18.213636,18.396687,22671.201
1995-05-12,GAPTQ-201203,18.396687,18.579739,18.396687,18.488213,21305.467
1995-05-15,GAPTQ-201203,18.579739,18.579739,18.213636,18.305162,12428.188
1995-05-16,GAPTQ-201203,18.488213,18.579739,18.305162,18.488213,23080.922
1995-05-17,GAPTQ-201203,18.488213,18.488213,17.756006,17.847532,48483.594
1995-05-18,GAPTQ-201203,17.66448,17.756006,17.66448,17.756006,62004.37
1995-05-19,GAPTQ-201203,17.66448,17.756006,17.572956,17.66448,30729.037
1995-05-22,GAPTQ-201203,17.756006,17.756006,17.389904,17.389904,24446.656
1995-05-23,GAPTQ-201203,17.48143,18.030584,17.48143,18.030584,83309.836
1995-05-24,GAPTQ-201203,18.030584,18.12211,17.756006,17.847532,26768.406
1995-05-25,GAPTQ-201203,18.030584,18.030584,17.756006,17.756006,20486.025
1995-05-26,GAPTQ-201203,17.756006,17.756006,17.48143,17.572956,23763.79
1995-05-30,GAPTQ-201203,17.572956,17.756006,17.572956,17.572956,22944.348
1995-05-31,GAPTQ-201203,17.48143,18.305162,17.48143,18.213636,42610.934
1995-06-01,GAPTQ-201203,18.12211,18.213636,18.030584,18.12211,28407.29
1995-06-02,GAPTQ-201203,17.939058,18.030584,17.756006,18.030584,24446.656
1995-06-05,GAPTQ-201203,18.030584,18.030584,17.939058,17.939058,18983.717
1995-06-06,GAPTQ-201203,17.939058,18.030584,17.756006,18.030584,93962.57
1995-06-07,GAPTQ-201203,18.030584,18.030584,17.847532,18.030584,36738.273
1995-06-08,GAPTQ-201203,17.939058,18.030584,17.847532,17.939058,15569.379
1995-06-09,GAPTQ-201203,17.847532,17.847532,17.756006,17.847532,20349.451
1995-06-12,GAPTQ-201203,17.847532,18.030584,17.847532,17.939058,23080.922
1995-06-13,GAPTQ-201203,18.030584,18.030584,17.847532,18.030584,21032.318
1995-06-14,GAPTQ-201203,18.030584,18.030584,17.939058,18.030584,18437.422
1995-06-15,GAPTQ-201203,17.939058,18.12211,17.939058,18.030584,53673.387
1995-06-16,GAPTQ-201203,18.030584,18.12211,17.939058,18.12211,140260.98
1995-06-19,GAPTQ-201203,18.12211,18.12211,17.572956,17.572956,37284.566
1995-06-20,GAPTQ-201203,17.66448,17.756006,17.48143,17.572956,35509.11
1995-06-21,GAPTQ-201203,17.66448,18.030584,17.572956,18.030584,374621.12
1995-06-22,GAPTQ-201203,18.030584,19.037369,17.847532,18.945843,370387.34
1995-06-23,GAPTQ-201203,18.854317,18.854317,18.213636,18.396687,38923.45
1995-06-26,GAPTQ-201203,18.488213,19.128895,18.488213,18.76279,71837.664
1995-06-27,GAPTQ-201203,18.854317,19.128895,18.76279,19.128895,37421.14
1995-06-28,GAPTQ-201203,19.128895,19.128895,18.671265,18.854317,32914.215
1995-06-29,GAPTQ-201203,19.037369,19.220419,19.037369,19.220419,153508.61
1995-06-30,GAPTQ-201203,19.220419,19.403471,19.128895,19.311945,283936.3
1995-07-03,GAPTQ-201203,19.220419,19.311945,19.128895,19.220419,20349.451
1995-07-05,GAPTQ-201203,19.403471,20.044151,19.311945,19.769575,75252
1995-07-06,GAPTQ-201203,19.769575,20.044151,19.586523,19.769575,46571.562
1995-07-07,GAPTQ-201203,19.861101,20.044151,19.67805,19.769575,64462.69
1995-07-10,GAPTQ-201203,20.410255,20.593307,20.227203,20.501781,77710.32
1995-07-11,GAPTQ-201203,20.593307,20.684834,20.410255,20.410255,63096.957
1995-07-12,GAPTQ-201203,20.31873,20.684834,20.31873,20.31873,61321.5
1995-07-13,GAPTQ-201203,20.410255,20.501781,20.31873,20.501781,22534.627
1995-07-14,GAPTQ-201203,20.410255,20.684834,20.410255,20.501781,112536.56
1995-07-17,GAPTQ-201203,20.31873,20.31873,20.044151,20.31873,22534.627
1995-07-18,GAPTQ-201203,20.227203,20.593307,20.135677,20.410255,18027.701
1995-07-19,GAPTQ-201203,20.53862,20.53862,20.17186,20.44693,60257.21
1995-07-20,GAPTQ-201203,20.53862,20.722002,20.26355,20.630312,56576.34
1995-07-21,GAPTQ-201203,20.630312,20.630312,20.35524,20.44693,31628.219
1995-07-24,GAPTQ-201203,20.630312,20.630312,20.44693,20.53862,80433.836
1995-07-25,GAPTQ-201203,20.44693,20.722002,20.35524,20.44693,109199.16
1995-07-26,GAPTQ-201203,20.53862,20.53862,20.44693,20.53862,25629.764
1995-07-27,GAPTQ-201203,20.53862,20.630312,20.44693,20.630312,46624.355
1995-07-28,GAPTQ-201203,20.630312,20.630312,20.35524,20.53862,27402.035
1995-07-31,GAPTQ-201203,20.53862,20.53862,20.35524,20.44693,42398.17
1995-08-01,GAPTQ-201203,20.44693,20.53862,20.35524,20.53862,16086.767
1995-08-02,GAPTQ-201203,20.44693,20.630312,20.44693,20.53862,81524.46
1995-08-03,GAPTQ-201203,20.35524,20.53862,20.26355,20.53862,121877.7
1995-08-04,GAPTQ-201203,20.53862,20.630312,20.44693,20.53862,60257.21
1995-08-07,GAPTQ-201203,20.53862,20.630312,20.35524,20.53862,75253.35
1995-08-08,GAPTQ-201203,20.44693,20.53862,20.17186,20.44693,28220.006
1995-08-09,GAPTQ-201203,20.44693,20.53862,20.26355,20.35524,68164.266
1995-08-10,GAPTQ-201203,20.44693,20.722002,20.26355,20.44693,45261.07
1995-08-11,GAPTQ-201203,20.630312,20.630312,20.35524,20.44693,13223.867
1995-08-14,GAPTQ-201203,20.53862,20.630312,20.35524,20.35524,25357.107
1995-08-15,GAPTQ-201203,20.44693,20.630312,20.35524,20.630312,61075.18
1995-08-16,GAPTQ-201203,20.53862,20.53862,20.44693,20.44693,21948.893
1995-08-17,GAPTQ-201203,20.53862,20.630312,20.44693,20.53862,58893.926
1995-08-18,GAPTQ-201203,20.630312,20.630312,20.44693,20.44693,20585.607
1995-08-21,GAPTQ-201203,20.35524,20.53862,20.35524,20.35524,30673.92
1995-08-22,GAPTQ-201203,20.35524,20.44693,20.35524,20.44693,10769.954
1995-08-23,GAPTQ-201203,20.35524,20.53862,20.35524,20.44693,13360.196
1995-08-24,GAPTQ-201203,20.44693,20.53862,20.35524,20.53862,39535.273
1995-08-25,GAPTQ-201203,20.53862,20.630312,20.35524,20.44693,15677.781
1995-08-28,GAPTQ-201203,20.53862,20.53862,20.35524,20.44693,36808.703
1995-08-29,GAPTQ-201203,20.44693,20.630312,20.35524,20.53862,22903.193
1995-08-30,GAPTQ-201203,20.53862,20.53862,20.35524,20.35524,26447.734
1995-08-31,GAPTQ-201203,20.53862,20.997072,20.44693,20.813692,72935.766
1995-09-01,GAPTQ-201203,20.905382,20.905382,20.630312,20.813692,56031.027
1995-09-05,GAPTQ-201203,20.813692,20.813692,20.630312,20.630312,28083.678
1995-09-06,GAPTQ-201203,20.630312,20.722002,20.53862,20.722002,20858.266
1995-09-07,GAPTQ-201203,20.813692,20.813692,20.53862,20.813692,35172.76
1995-09-08,GAPTQ-201203,20.813692,20.905382,20.630312,20.905382,83160.41
1995-09-11,GAPTQ-201203,20.905382,20.905382,20.813692,20.813692,27538.363
1995-09-12,GAPTQ-201203,20.905382,20.905382,20.813692,20.905382,11451.597
1995-09-13,GAPTQ-201203,20.813692,20.813692,20.722002,20.813692,52077.5
1995-09-14,GAPTQ-201203,20.722002,20.905382,20.722002,20.905382,27947.348
1995-09-15,GAPTQ-201203,20.905382,20.905382,20.813692,20.905382,69254.89
1995-09-18,GAPTQ-201203,20.813692,20.905382,20.722002,20.813692,18677.008
1995-09-19,GAPTQ-201203,20.813692,20.905382,20.722002,20.905382,19903.965
1995-09-20,GAPTQ-201203,20.905382,21.272142,20.905382,21.180452,170138
1995-09-21,GAPTQ-201203,21.180452,21.180452,20.905382,20.997072,71572.48
1995-09-22,GAPTQ-201203,20.905382,20.997072,20.905382,20.997072,79070.55
1995-09-25,GAPTQ-201203,20.997072,20.997072,20.905382,20.997072,55213.055
1995-09-26,GAPTQ-201203,20.997072,20.997072,20.722002,20.813692,133329.3
1995-09-27,GAPTQ-201203,20.26355,20.905382,19.438337,20.905382,157732.11
1995-09-28,GAPTQ-201203,20.997072,20.997072,20.53862,20.630312,86977.6
1995-09-29,GAPTQ-201203,20.53862,20.53862,20.17186,20.53862,40353.246
1995-10-02,GAPTQ-201203,20.53862,20.53862,19.71341,19.8051,211990.86
1995-10-03,GAPTQ-201203,19.71341,19.71341,18.888197,18.979887,144099.25
1995-10-04,GAPTQ-201203,18.979887,18.979887,17.604532,17.604532,205038.11
1995-10-05,GAPTQ-201203,17.237772,17.421152,16.41256,16.59594,252071.45
1995-10-06,GAPTQ-201203,16.68763,17.14608,16.68763,16.9627,120241.766
1995-10-09,GAPTQ-201203,17.05439,17.05439,16.87101,16.9627,45261.07
1995-10-10,GAPTQ-201203,16.77932,16.87101,16.50425,16.59594,69800.21
1995-10-11,GAPTQ-201203,16.50425,16.59594,16.137487,16.320868,37490.348
1995-10-12,GAPTQ-201203,16.357626,16.449524,15.806246,15.898143,88278.39
1995-10-13,GAPTQ-201203,15.99004,16.26573,15.806246,15.898143,533070.94
1995-10-16,GAPTQ-201203,15.071072,15.898143,15.071072,15.806246,158057.77
1995-10-17,GAPTQ-201203,15.622453,15.71435,15.346763,15.530556,47743.785
1995-10-18,GAPTQ-201203,15.530556,15.71435,15.346763,15.530556,55633.07
1995-10-19,GAPTQ-201203,15.530556,16.173834,15.530556,15.99004,36045.875
1995-10-20,GAPTQ-201203,15.99004,16.173834,15.806246,15.99004,64066.445
1995-10-23,GAPTQ-201203,15.622453,15.806246,15.346763,15.622453,63114.29
1995-10-24,GAPTQ-201203,15.71435,15.71435,15.438659,15.438659,49376.05
1995-10-25,GAPTQ-201203,15.530556,15.622453,14.703485,14.887279,139014.67
1995-10-26,GAPTQ-201203,14.887279,15.162969,14.795382,14.887279,66242.8
1995-10-27,GAPTQ-201203,14.887279,16.725214,14.887279,15.71435,209610.17
1995-10-30,GAPTQ-201203,15.71435,15.99004,15.346763,15.346763,61209.98
1995-10-31,GAPTQ-201203,15.346763,15.346763,14.887279,14.887279,76172.42
1995-11-01,GAPTQ-201203,14.979176,15.346763,14.887279,14.887279,42166.875
1995-11-02,GAPTQ-201203,14.979176,15.438659,14.887279,15.254866,44479.25
1995-11-03,GAPTQ-201203,15.254866,15.438659,14.887279,15.162969,23667.86
1995-11-06,GAPTQ-201203,15.162969,15.162969,15.071072,15.071072,32237.256
1995-11-07,GAPTQ-201203,15.162969,15.530556,14.979176,15.438659,133301.73
1995-11-08,GAPTQ-201203,15.530556,15.898143,15.162969,15.530556,153297
1995-11-09,GAPTQ-201203,15.99004,15.99004,15.254866,15.622453,107321.5
1995-11-10,GAPTQ-201203,15.438659,15.622453,15.438659,15.530556,63250.312
1995-11-13,GAPTQ-201203,15.530556,15.71435,15.346763,15.622453,65562.69
1995-11-14,GAPTQ-201203,15.438659,15.99004,15.438659,15.99004,78892.86
1995-11-15,GAPTQ-201203,15.898143,16.081936,15.898143,16.081936,108817.74
1995-11-16,GAPTQ-201203,15.99004,16.357626,15.99004,16.173834,72907.88
1995-11-17,GAPTQ-201203,16.173834,16.357626,16.081936,16.081936,50056.16
1995-11-20,GAPTQ-201203,16.26573,16.26573,15.99004,15.99004,35637.81
1995-11-21,GAPTQ-201203,15.99004,16.173834,15.806246,15.806246,70051.42
1995-11-22,GAPTQ-201203,15.806246,16.173834,15.806246,15.99004,54816.938
1995-11-24,GAPTQ-201203,16.081936,16.081936,15.99004,16.081936,4760.7764
1995-11-27,GAPTQ-201203,15.898143,15.99004,15.806246,15.806246,32645.322
1995-11-28,GAPTQ-201203,15.806246,15.898143,15.806246,15.806246,22987.748
1995-11-29,GAPTQ-201203,15.898143,16.081936,15.806246,16.081936,18226.97
1995-11-30,GAPTQ-201203,15.99004,16.173834,15.898143,16.081936,47063.67
1995-12-01,GAPTQ-201203,15.898143,15.99004,15.622453,15.99004,43391.074
1995-12-04,GAPTQ-201203,16.081936,16.081936,15.806246,15.806246,56041.137
1995-12-05,GAPTQ-201203,15.622453,16.725214,15.622453,16.081936,60393.848
1995-12-06,GAPTQ-201203,15.99004,16.173834,15.806246,16.173834,49376.05
1995-12-07,GAPTQ-201203,16.081936,16.54142,15.806246,15.806246,57809.426
1995-12-08,GAPTQ-201203,15.898143,16.173834,15.71435,16.173834,36453.94
1995-12-11,GAPTQ-201203,16.357626,16.633318,16.357626,16.54142,24483.992
1995-12-12,GAPTQ-201203,16.725214,16.909008,16.357626,16.449524,39854.496
1995-12-13,GAPTQ-201203,16.357626,16.54142,16.26573,16.357626,15506.528
1995-12-14,GAPTQ-201203,16.26573,16.909008,16.26573,16.54142,58353.516
1995-12-15,GAPTQ-201203,17.0928,17.0928,16.725214,16.909008,132485.6
1995-12-18,GAPTQ-201203,16.725214,17.000904,16.633318,16.725214,19859.238
1995-12-19,GAPTQ-201203,16.725214,17.368492,16.633318,17.184698,40398.586
1995-12-20,GAPTQ-201203,17.276594,17.552284,17.276594,17.368492,43663.117
1995-12-21,GAPTQ-201203,17.460388,18.103666,17.368492,17.552284,122692
1995-12-22,GAPTQ-201203,17.552284,17.736078,17.460388,17.552284,52368.54
1995-12-26,GAPTQ-201203,17.644182,17.644182,17.368492,17.368492,17546.861
1995-12-27,GAPTQ-201203,17.552284,17.552284,17.0928,17.0928,17002.771
1995-12-28,GAPTQ-201203,17.184698,17.276594,16.81711,17.000904,37134.055
1995-12-29,GAPTQ-201203,17.000904,17.000904,16.725214,16.909008,34549.633
1996-01-02,GAPTQ-201203,16.909008,17.0928,16.725214,16.909008,60121.8
1996-01-03,GAPTQ-201203,16.909008,17.000904,16.725214,16.909008,81477.28
1996-01-04,GAPTQ-201203,16.909008,17.184698,16.26573,16.449524,58761.582
1996-01-05,GAPTQ-201203,16.357626,16.633318,16.26573,16.357626,48287.87
1996-01-08,GAPTQ-201203,15.841846,16.21026,15.841846,16.21026,39357.785
1996-01-09,GAPTQ-201203,16.302364,16.302364,15.565535,15.657639,63651.04
1996-01-10,GAPTQ-201203,15.473432,15.565535,14.736601,14.736601,90251.48
1996-01-11,GAPTQ-201203,14.920809,14.920809,14.368186,14.552394,106401.74
1996-01-12,GAPTQ-201203,14.644497,14.736601,14.46029,14.46029,96223
1996-01-15,GAPTQ-201203,14.552394,14.920809,14.552394,14.736601,57679.516
1996-01-16,GAPTQ-201203,14.736601,15.105016,14.736601,15.012913,92558.66
1996-01-17,GAPTQ-201203,15.012913,15.19712,14.828705,14.828705,119837.67
1996-01-18,GAPTQ-201203,14.828705,15.657639,14.736601,15.473432,671389.56
1996-01-19,GAPTQ-201203,15.7497425,16.486572,15.7497425,15.93395,553044.75
1996-01-22,GAPTQ-201203,15.93395,16.118158,15.565535,15.7497425,77358.41
1996-01-23,GAPTQ-201203,15.565535,15.7497425,15.19712,15.289224,46415.043
1996-01-24,GAPTQ-201203,15.565535,15.565535,15.289224,15.381328,48179.36
1996-01-25,GAPTQ-201203,15.381328,15.7497425,15.289224,15.657639,45736.46
1996-01-26,GAPTQ-201203,15.657639,15.657639,15.381328,15.381328,88894.31
1996-01-29,GAPTQ-201203,15.381328,16.026054,15.381328,16.026054,36507.74
1996-01-30,GAPTQ-201203,16.026054,16.394468,15.841846,16.302364,86994.28
1996-01-31,GAPTQ-201203,16.118158,18.052336,16.118158,17.315506,240761.08
1996-02-01,GAPTQ-201203,17.131298,18.328648,17.131298,17.223402,250804.1
1996-02-02,GAPTQ-201203,17.039194,17.499714,16.947092,17.315506,200589
1996-02-05,GAPTQ-201203,17.223402,17.40761,16.762884,17.223402,49265.09
1996-02-06,GAPTQ-201203,17.131298,17.315506,16.947092,17.223402,26193.285
1996-02-07,GAPTQ-201203,17.131298,17.315506,17.131298,17.131298,42614.984
1996-02-08,GAPTQ-201203,17.131298,17.591818,17.131298,17.40761,70708.3
1996-02-09,GAPTQ-201203,17.315506,17.499714,17.039194,17.223402,111423.25
1996-02-12,GAPTQ-201203,17.131298,17.499714,17.131298,17.223402,83601.37
1996-02-13,GAPTQ-201203,17.315506,17.499714,17.131298,17.223402,61343.86
1996-02-14,GAPTQ-201203,17.315506,17.315506,16.947092,17.039194,47365.06
1996-02-15,GAPTQ-201203,17.131298,17.40761,16.67078,16.854988,117530.49
1996-02-16,GAPTQ-201203,16.762884,16.854988,16.67078,16.854988,60122.41
1996-02-20,GAPTQ-201203,16.854988,16.947092,16.486572,16.67078,29450.482
1996-02-21,GAPTQ-201203,16.762884,16.762884,16.578676,16.578676,78036.99
1996-02-22,GAPTQ-201203,16.67078,16.67078,16.486572,16.578676,78579.86
1996-02-23,GAPTQ-201203,16.67078,16.762884,16.394468,16.486572,112237.55
1996-02-26,GAPTQ-201203,16.486572,16.947092,16.486572,16.67078,65551.07
1996-02-27,GAPTQ-201203,16.67078,16.854988,16.578676,16.854988,21036.059
1996-02-28,GAPTQ-201203,16.854988,16.947092,16.578676,16.67078,64465.34
1996-02-29,GAPTQ-201203,16.302364,16.762884,16.302364,16.578676,61072.426
1996-03-01,GAPTQ-201203,16.762884,16.947092,16.394468,16.947092,47229.344
1996-03-04,GAPTQ-201203,16.947092,17.591818,16.947092,17.40761,57272.363
1996-03-05,GAPTQ-201203,17.223402,17.315506,17.223402,17.315506,15607.398
1996-03-06,GAPTQ-201203,17.223402,17.591818,17.223402,17.40761,42750.7
1996-03-07,GAPTQ-201203,17.315506,17.499714,17.223402,17.499714,38814.92
1996-03-08,GAPTQ-201203,17.315506,17.40761,16.486572,16.578676,66636.805
1996-03-11,GAPTQ-201203,16.394468,17.40761,16.302364,17.40761,92830.086
1996-03-12,GAPTQ-201203,18.973373,19.802307,18.88127,19.525997,354627.22
1996-03-13,GAPTQ-201203,19.710203,21.552279,19.710203,20.907553,788105.75
1996-03-14,GAPTQ-201203,20.723345,20.999657,20.723345,20.723345,172495.67
1996-03-15,GAPTQ-201203,20.63124,20.815449,20.35493,20.723345,270483
1996-03-18,GAPTQ-201203,20.815449,20.907553,20.723345,20.815449,188103.08
1996-03-19,GAPTQ-201203,20.815449,20.907553,20.63124,20.723345,166524.16
1996-03-20,GAPTQ-201203,20.63124,21.368073,20.539137,21.09176,90522.91
1996-03-21,GAPTQ-201203,20.907553,21.644382,20.907553,21.460175,66365.37
1996-03-22,GAPTQ-201203,21.552279,21.920694,21.552279,21.82859,282968.9
1996-03-25,GAPTQ-201203,21.82859,21.82859,21.644382,21.736486,195160.33
1996-03-26,GAPTQ-201203,21.644382,22.381212,21.644382,22.197006,284461.78
1996-03-27,GAPTQ-201203,22.381212,22.473316,22.197006,22.381212,110744.67
1996-03-28,GAPTQ-201203,22.473316,22.841732,22.289108,22.56542,257182.78
1996-03-29,GAPTQ-201203,22.657524,23.670666,22.56542,22.841732,580188.06
1996-04-01,GAPTQ-201203,22.841732,22.841732,22.381212,22.56542,287176.12
1996-04-02,GAPTQ-201203,22.473316,22.56542,22.104902,22.197006,70436.87
1996-04-03,GAPTQ-201203,22.104902,22.657524,22.104902,22.473316,151459.62
1996-04-04,GAPTQ-201203,23.394354,24.131184,23.394354,24.03908,398463.66
1996-04-08,GAPTQ-201203,23.670666,24.868015,23.578562,24.868015,284868.94
1996-04-09,GAPTQ-201203,25.052221,25.144325,24.775911,24.868015,206831.95
1996-04-10,GAPTQ-201203,24.81267,25.366112,24.81267,25.181631,284040.38
1996-04-11,GAPTQ-201203,25.181631,25.273872,24.99715,25.089392,254226.97
1996-04-12,GAPTQ-201203,25.089392,26.104036,25.089392,25.273872,184436.52
1996-04-15,GAPTQ-201203,25.089392,25.273872,24.81267,25.273872,251923.22
1996-04-16,GAPTQ-201203,25.181631,25.273872,24.81267,24.99715,208287.23
1996-04-17,GAPTQ-201203,25.089392,25.458353,25.089392,25.181631,81715.81
1996-04-18,GAPTQ-201203,25.181631,25.273872,25.089392,25.181631,62743.652
1996-04-19,GAPTQ-201203,25.273872,25.273872,25.089392,25.181631,82799.94
1996-04-22,GAPTQ-201203,25.181631,25.458353,25.089392,25.181631,64098.805
1996-04-23,GAPTQ-201203,25.273872,25.919554,25.181631,25.735073,165870.9
1996-04-24,GAPTQ-201203,25.735073,25.827314,25.458353,25.827314,114239.52
1996-04-25,GAPTQ-201203,25.735073,25.735073,25.458353,25.735073,141478.12
1996-04-26,GAPTQ-201203,25.735073,26.104036,25.550592,26.011795,219128.47
1996-04-29,GAPTQ-201203,26.104036,26.104036,25.735073,26.011795,66131.54
1996-04-30,GAPTQ-201203,26.104036,26.196276,25.735073,25.735073,78056.9
1996-05-01,GAPTQ-201203,25.550592,26.104036,25.550592,25.919554,221296.72
1996-05-02,GAPTQ-201203,25.735073,26.104036,25.735073,26.011795,106244.11
1996-05-03,GAPTQ-201203,25.919554,25.919554,25.181631,25.458353,203137.66
1996-05-06,GAPTQ-201203,25.089392,25.181631,24.074747,25.089392,105566.53
1996-05-07,GAPTQ-201203,25.089392,25.273872,24.99715,25.181631,22089.018
1996-05-08,GAPTQ-201203,25.366112,25.366112,24.99715,25.181631,191618.84
1996-05-09,GAPTQ-201203,25.089392,25.366112,25.089392,25.089392,108412.36
1996-05-10,GAPTQ-201203,25.089392,25.827314,25.089392,25.735073,137548.17
1996-05-13,GAPTQ-201203,25.919554,26.011795,25.735073,26.011795,54883.754
1996-05-14,GAPTQ-201203,26.196276,26.288517,25.919554,26.196276,105566.53
1996-05-15,GAPTQ-201203,26.011795,26.565237,26.011795,26.565237,123319.055
1996-05-16,GAPTQ-201203,26.472998,26.472998,26.011795,26.288517,72094.22
1996-05-17,GAPTQ-201203,26.472998,27.11868,26.380756,27.11868,107870.3
1996-05-20,GAPTQ-201203,27.11868,27.11868,26.472998,26.657478,87000.914
1996-05-21,GAPTQ-201203,26.749718,26.749718,26.472998,26.565237,89304.68
1996-05-22,GAPTQ-201203,26.565237,27.02644,26.288517,26.841959,96351.484
1996-05-23,GAPTQ-201203,26.380756,26.380756,25.827314,26.196276,117627.41
1996-05-24,GAPTQ-201203,26.104036,26.380756,25.550592,26.288517,96215.97
1996-05-28,GAPTQ-201203,26.104036,26.288517,25.642834,25.827314,159501.67
1996-05-29,GAPTQ-201203,25.919554,26.196276,25.919554,26.011795,132940.66
1996-05-30,GAPTQ-201203,25.735073,25.827314,25.550592,25.642834,156249.31
1996-05-31,GAPTQ-201203,25.550592,25.550592,24.720428,25.273872,93912.2
1996-06-03,GAPTQ-201203,25.181631,25.181631,24.259228,24.81267,107870.3
1996-06-04,GAPTQ-201203,25.089392,25.273872,24.535948,24.535948,73720.41
1996-06-05,GAPTQ-201203,24.720428,24.81267,24.535948,24.720428,263171
1996-06-06,GAPTQ-201203,24.720428,25.273872,24.535948,25.089392,118576.016
1996-06-07,GAPTQ-201203,25.089392,25.089392,23.429064,24.351467,115730.19
1996-06-10,GAPTQ-201203,24.535948,24.904911,24.443708,24.443708,126571.43
1996-06-11,GAPTQ-201203,24.535948,24.720428,24.351467,24.443708,76295.195
1996-06-12,GAPTQ-201203,24.259228,24.351467,24.074747,24.166986,73720.41
1996-06-13,GAPTQ-201203,24.166986,24.166986,23.429064,23.613544,98655.24
1996-06-14,GAPTQ-201203,23.798025,25.089392,23.613544,24.81267,286750.7
1996-06-17,GAPTQ-201203,24.720428,25.550592,24.720428,25.366112,194600.19
1996-06-18,GAPTQ-201203,25.366112,25.550592,25.089392,25.181631,192025.39
1996-06-19,GAPTQ-201203,25.181631,25.273872,24.259228,24.443708,126029.37
1996-06-20,GAPTQ-201203,24.443708,24.62819,24.259228,24.443708,127926.58
1996-06-21,GAPTQ-201203,24.443708,24.62819,24.351467,24.62819,145272.56
1996-06-24,GAPTQ-201203,24.62819,24.904911,24.443708,24.720428,38486.387
1996-06-25,GAPTQ-201203,24.904911,25.458353,24.62819,24.81267,72907.31
1996-06-26,GAPTQ-201203,24.62819,24.81267,24.443708,24.81267,63692.258
1996-06-27,GAPTQ-201203,24.720428,24.81267,24.351467,24.351467,96215.97
1996-06-28,GAPTQ-201203,24.443708,24.62819,24.166986,24.259228,55832.363
1996-07-01,GAPTQ-201203,24.443708,24.535948,23.060102,23.613544,135379.94
1996-07-02,GAPTQ-201203,23.982506,24.351467,23.798025,23.982506,65996.02
1996-07-03,GAPTQ-201203,24.074747,24.074747,23.613544,23.798025,110716.12
1996-07-05,GAPTQ-201203,23.613544,23.613544,23.152342,23.152342,23715.203
1996-07-08,GAPTQ-201203,22.967861,23.336823,22.78338,22.967861,78463.445
1996-07-09,GAPTQ-201203,23.152342,23.152342,22.322178,22.41442,71010.09
1996-07-10,GAPTQ-201203,22.5989,22.78338,22.50666,22.691141,117356.375
1996-07-11,GAPTQ-201203,22.78338,22.967861,22.322178,22.41442,184843.06
1996-07-12,GAPTQ-201203,22.50666,22.50666,21.860977,21.953217,158282.05
1996-07-15,GAPTQ-201203,22.137697,22.137697,21.030813,21.030813,78056.9
1996-07-16,GAPTQ-201203,20.846333,20.846333,19.647207,20.56961,148389.4
1996-07-17,GAPTQ-201203,20.69898,21.345823,20.421762,21.068605,272844.38
1996-07-18,GAPTQ-201203,21.530636,21.623041,21.345823,21.438229,103618.63
1996-07-19,GAPTQ-201203,21.253418,21.438229,21.16101,21.253418,74129.26
1996-07-22,GAPTQ-201203,21.16101,21.16101,20.421762,20.606573,52215.133
1996-07-23,GAPTQ-201203,20.69898,20.883793,20.606573,20.69898,113628.79
1996-07-24,GAPTQ-201203,20.514168,20.69898,20.23695,20.329355,65607.09
1996-07-25,GAPTQ-201203,20.514168,20.606573,20.329355,20.606573,170713.72
1996-07-26,GAPTQ-201203,20.514168,21.16101,20.421762,20.883793,302333.75
1996-07-29,GAPTQ-201203,20.883793,20.976198,20.606573,20.69898,312208.62
1996-07-30,GAPTQ-201203,20.606573,20.69898,20.052137,20.421762,25025.387
1996-07-31,GAPTQ-201203,20.23695,20.421762,20.23695,20.421762,43151.883
1996-08-01,GAPTQ-201203,20.421762,20.514168,20.144543,20.329355,115657.875
1996-08-02,GAPTQ-201203,20.514168,20.606573,20.23695,20.23695,58708.207
1996-08-05,GAPTQ-201203,20.421762,20.514168,20.329355,20.514168,98343.01
1996-08-06,GAPTQ-201203,20.69898,20.791386,20.23695,20.69898,45586.79
1996-08-07,GAPTQ-201203,20.791386,20.883793,20.421762,20.69898,62766.38
1996-08-08,GAPTQ-201203,20.514168,20.69898,20.052137,20.329355,84815.77
1996-08-09,GAPTQ-201203,20.421762,20.514168,19.95973,20.144543,46939.51
1996-08-12,GAPTQ-201203,20.329355,20.421762,20.052137,20.23695,48021.69
1996-08-13,GAPTQ-201203,20.052137,20.69898,20.052137,20.514168,61548.926
1996-08-14,GAPTQ-201203,20.69898,20.69898,20.421762,20.606573,52620.95
1996-08-15,GAPTQ-201203,20.976198,20.976198,20.144543,20.329355,50456.594
1996-08-16,GAPTQ-201203,20.514168,20.514168,20.052137,20.144543,69124.18
1996-08-19,GAPTQ-201203,20.052137,20.144543,19.774918,20.052137,64389.645
1996-08-20,GAPTQ-201203,20.144543,20.144543,19.867325,19.95973,56002.758
1996-08-21,GAPTQ-201203,20.052137,20.144543,19.774918,20.144543,89279.76
1996-08-22,GAPTQ-201203,19.95973,20.23695,19.95973,20.052137,91173.58
1996-08-23,GAPTQ-201203,19.95973,19.95973,19.682512,19.867325,68853.63
1996-08-26,GAPTQ-201203,19.95973,19.95973,19.312887,19.405294,109029.52
1996-08-27,GAPTQ-201203,19.405294,19.405294,19.128075,19.405294,108488.44
1996-08-28,GAPTQ-201203,19.590107,20.606573,19.405294,20.23695,125803.3
1996-08-29,GAPTQ-201203,20.144543,20.421762,19.682512,20.144543,132837.47
1996-08-30,GAPTQ-201203,19.95973,19.95973,19.4977,19.774918,58978.75
1996-09-03,GAPTQ-201203,19.590107,19.682512,19.4977,19.590107,123503.67
1996-09-04,GAPTQ-201203,19.590107,19.590107,19.405294,19.405294,88062.31
1996-09-05,GAPTQ-201203,19.590107,19.867325,19.4977,19.774918,81569.234
1996-09-06,GAPTQ-201203,19.774918,20.421762,19.774918,20.144543,151775.6
1996-09-09,GAPTQ-201203,20.329355,20.329355,19.682512,20.052137,168819.9
1996-09-10,GAPTQ-201203,20.144543,20.144543,19.774918,19.867325,256341.12
1996-09-11,GAPTQ-201203,19.774918,19.774918,19.128075,19.4977,150152.33
1996-09-12,GAPTQ-201203,19.682512,19.867325,19.590107,19.682512,99154.64
1996-09-13,GAPTQ-201203,19.774918,19.774918,19.405294,19.405294,79810.695
1996-09-16,GAPTQ-201203,19.4977,19.590107,19.220482,19.312887,74264.53
1996-09-17,GAPTQ-201203,19.220482,19.220482,18.758451,19.220482,165708.64
1996-09-18,GAPTQ-201203,19.220482,19.220482,18.943262,18.943262,47886.418
1996-09-19,GAPTQ-201203,18.758451,19.405294,18.666044,19.128075,81433.96
1996-09-20,GAPTQ-201203,19.95973,20.144543,19.590107,19.867325,345891.44
1996-09-23,GAPTQ-201203,19.682512,19.682512,18.850857,19.220482,204261.27
1996-09-24,GAPTQ-201203,19.128075,19.312887,18.943262,19.03567,287994.88
1996-09-25,GAPTQ-201203,19.128075,19.220482,18.943262,19.128075,193033.67
1996-09-26,GAPTQ-201203,19.312887,19.312887,18.850857,19.03567,221981.95
1996-09-27,GAPTQ-201203,19.220482,19.220482,18.573639,18.850857,163544.3
1996-09-30,GAPTQ-201203,18.666044,19.128075,18.573639,19.128075,102671.73
1996-10-01,GAPTQ-201203,19.405294,20.144543,19.312887,20.144543,287724.3
1996-10-02,GAPTQ-201203,20.144543,21.530636,20.144543,21.345823,529726.56
1996-10-03,GAPTQ-201203,21.530636,21.530636,20.69898,21.253418,359689.22
1996-10-04,GAPTQ-201203,21.345823,22.085072,21.345823,21.623041,174501.34
1996-10-07,GAPTQ-201203,21.807854,21.992666,21.715448,21.807854,146094.16
1996-10-08,GAPTQ-201203,21.715448,21.715448,21.345823,21.530636,159621.39
1996-10-09,GAPTQ-201203,21.530636,21.530636,21.068605,21.253418,262428.38
1996-10-10,GAPTQ-201203,21.38301,21.568146,21.290443,21.568146,122478.664
1996-10-11,GAPTQ-201203,21.475578,21.568146,21.38301,21.38301,163124.83
1996-10-14,GAPTQ-201203,21.475578,21.845846,21.38301,21.568146,322603.66
1996-10-15,GAPTQ-201203,21.660711,21.660711,21.38301,21.568146,253059.55
1996-10-16,GAPTQ-201203,21.568146,21.660711,21.568146,21.660711,374187.84
1996-10-17,GAPTQ-201203,21.568146,22.678951,21.568146,22.493816,301132.75
1996-10-18,GAPTQ-201203,22.678951,23.141787,22.586384,23.141787,148135.72
1996-10-21,GAPTQ-201203,23.04922,24.530294,23.04922,23.974892,330840.94
1996-10-22,GAPTQ-201203,23.789757,23.882324,23.604622,23.604622,131931.27
1996-10-23,GAPTQ-201203,23.604622,23.604622,23.326921,23.604622,69003.96
1996-10-24,GAPTQ-201203,23.512054,23.604622,22.678951,22.771519,114916.58
1996-10-25,GAPTQ-201203,22.956652,23.234354,22.864084,22.864084,256435.47
1996-10-28,GAPTQ-201203,22.956652,23.04922,22.864084,22.956652,96686.57
1996-10-29,GAPTQ-201203,22.864084,23.326921,22.586384,23.326921,119507.84
1996-10-30,GAPTQ-201203,23.141787,23.141787,21.753279,22.586384,379994.44
1996-10-31,GAPTQ-201203,22.586384,22.586384,22.216114,22.216114,386341.2
1996-11-01,GAPTQ-201203,22.308681,22.493816,22.123549,22.216114,298837.12
1996-11-04,GAPTQ-201203,22.030981,22.401249,22.030981,22.216114,285063.34
1996-11-05,GAPTQ-201203,22.308681,23.04922,22.216114,22.956652,143544.45
1996-11-06,GAPTQ-201203,23.326921,24.252592,23.326921,24.160025,200395.08
1996-11-07,GAPTQ-201203,24.252592,24.252592,23.69719,23.789757,129905.7
1996-11-08,GAPTQ-201203,23.882324,23.974892,23.69719,23.789757,24711.791
1996-11-11,GAPTQ-201203,23.69719,23.882324,23.69719,23.789757,32138.832
1996-11-12,GAPTQ-201203,23.69719,24.067457,23.69719,24.067457,67113.445
1996-11-13,GAPTQ-201203,24.067457,24.160025,23.974892,24.067457,87909.16
1996-11-14,GAPTQ-201203,23.974892,24.160025,23.69719,24.160025,53474.695
1996-11-15,GAPTQ-201203,24.34516,24.34516,23.882324,23.974892,47533.062
1996-11-18,GAPTQ-201203,24.067457,24.437727,24.067457,24.437727,83723.01
1996-11-19,GAPTQ-201203,24.437727,24.62286,24.34516,24.62286,64142.63
1996-11-20,GAPTQ-201203,24.530294,24.715427,24.437727,24.530294,255490.22
1996-11-21,GAPTQ-201203,24.715427,24.715427,24.34516,24.530294,241311.31
1996-11-22,GAPTQ-201203,24.62286,24.99313,24.62286,24.900562,187836.62
1996-11-25,GAPTQ-201203,24.900562,25.085697,24.807995,24.900562,91420.125
1996-11-26,GAPTQ-201203,24.99313,25.178265,24.62286,24.715427,139088.22
1996-11-27,GAPTQ-201203,24.62286,24.715427,24.437727,24.437727,73595.23
1996-11-29,GAPTQ-201203,24.252592,24.34516,24.160025,24.252592,52124.324
1996-12-02,GAPTQ-201203,24.067457,24.067457,23.604622,23.604622,155967.86
1996-12-03,GAPTQ-201203,23.69719,24.437727,23.512054,23.882324,333406.62
1996-12-04,GAPTQ-201203,23.69719,23.974892,23.419487,23.512054,110325.32
1996-12-05,GAPTQ-201203,23.326921,24.34516,23.141787,24.067457,117752.36
1996-12-06,GAPTQ-201203,22.956652,23.789757,22.864084,23.419487,224566.72
1996-12-09,GAPTQ-201203,23.419487,23.882324,23.326921,23.69719,85343.45
1996-12-10,GAPTQ-201203,23.69719,23.789757,23.419487,23.419487,50908.992
1996-12-11,GAPTQ-201203,23.04922,23.141787,22.771519,22.956652,128420.3
1996-12-12,GAPTQ-201203,23.512054,23.512054,22.864084,22.864084,187566.55
1996-12-13,GAPTQ-201203,22.678951,22.864084,22.493816,22.678951,41321.355
1996-12-16,GAPTQ-201203,22.586384,23.141787,22.401249,22.493816,196343.95
1996-12-17,GAPTQ-201203,22.123549,23.512054,22.123549,23.234354,245362.44
1996-12-18,GAPTQ-201203,23.141787,23.69719,23.04922,23.604622,115996.875
1996-12-19,GAPTQ-201203,23.69719,24.34516,23.419487,24.34516,237665.31
1996-12-20,GAPTQ-201203,25.455965,25.455965,24.62286,24.900562,242796.73
1996-12-23,GAPTQ-201203,24.99313,25.363398,23.69719,23.974892,166635.8
1996-12-24,GAPTQ-201203,24.252592,24.437727,24.252592,24.34516,53339.66
1996-12-26,GAPTQ-201203,24.437727,24.437727,24.160025,24.34516,69139
1996-12-27,GAPTQ-201203,24.34516,24.34516,23.974892,24.252592,69003.96
1996-12-30,GAPTQ-201203,24.067457,24.252592,23.882324,24.160025,117077.17
1996-12-31,GAPTQ-201203,24.067457,24.160025,23.512054,23.604622,220515.61
1997-01-02,GAPTQ-201203,23.604622,23.604622,23.04922,23.512054,132741.48
1997-01-03,GAPTQ-201203,23.512054,23.604622,22.956652,23.04922,177438.77
1997-01-06,GAPTQ-201203,23.234354,23.234354,22.771519,22.864084,123423.92
1997-01-07,GAPTQ-201203,22.62302,23.64291,22.159433,23.457476,161377.66
1997-01-08,GAPTQ-201203,23.550194,23.828346,23.272041,23.550194,126998.95
1997-01-09,GAPTQ-201203,23.36476,24.01378,23.36476,23.828346,129695.33
1997-01-10,GAPTQ-201203,23.457476,23.828346,23.36476,23.828346,87362.336
1997-01-13,GAPTQ-201203,23.64291,24.01378,23.272041,23.36476,126594.5
1997-01-14,GAPTQ-201203,23.457476,23.550194,23.36476,23.550194,18874.58
1997-01-15,GAPTQ-201203,23.550194,23.550194,23.36476,23.457476,12942.568
1997-01-16,GAPTQ-201203,23.550194,23.64291,22.993889,23.272041,51635.457
1997-01-17,GAPTQ-201203,23.36476,23.457476,23.086607,23.272041,25885.137
1997-01-20,GAPTQ-201203,22.993889,23.272041,22.808455,22.808455,46107.902
1997-01-21,GAPTQ-201203,22.62302,22.715738,22.437586,22.62302,149648.45
1997-01-22,GAPTQ-201203,22.715738,22.901173,22.530304,22.62302,63769.113
1997-01-23,GAPTQ-201203,22.62302,23.086607,22.530304,22.715738,232157.33
1997-01-24,GAPTQ-201203,22.62302,22.808455,22.62302,22.62302,69566.305
1997-01-27,GAPTQ-201203,22.808455,22.808455,22.62302,22.62302,89789.07
1997-01-28,GAPTQ-201203,22.808455,22.808455,22.715738,22.808455,19683.49
1997-01-29,GAPTQ-201203,22.808455,22.808455,22.62302,22.62302,161647.3
1997-01-30,GAPTQ-201203,22.808455,23.086607,22.715738,23.086607,71858.22
1997-01-31,GAPTQ-201203,23.179325,23.36476,23.179325,23.179325,57163.01
1997-02-03,GAPTQ-201203,22.993889,22.993889,22.715738,22.808455,134413.97
1997-02-04,GAPTQ-201203,22.901173,23.179325,22.808455,23.179325,13751.4795
1997-02-05,GAPTQ-201203,23.36476,23.550194,22.715738,22.993889,97204.086
1997-02-06,GAPTQ-201203,22.993889,23.272041,22.901173,23.179325,40849.984
1997-02-07,GAPTQ-201203,23.179325,23.457476,22.715738,22.808455,207081.1
1997-02-10,GAPTQ-201203,22.808455,22.808455,22.530304,22.530304,106911.01
1997-02-11,GAPTQ-201203,22.715738,22.715738,22.252151,22.437586,109742.195
1997-02-12,GAPTQ-201203,22.252151,22.901173,22.252151,22.901173,58511.195
1997-02-13,GAPTQ-201203,23.086607,23.179325,22.993889,23.179325,32626.059
1997-02-14,GAPTQ-201203,23.179325,23.457476,22.62302,22.715738,91272.07
1997-02-18,GAPTQ-201203,22.62302,22.993889,22.62302,22.901173,32356.422
1997-02-19,GAPTQ-201203,22.993889,23.179325,22.808455,22.901173,45703.445
1997-02-20,GAPTQ-201203,22.715738,22.901173,22.62302,22.715738,153558.19
1997-02-21,GAPTQ-201203,22.715738,22.715738,22.437586,22.530304,54062.188
1997-02-24,GAPTQ-201203,22.437586,22.808455,22.437586,22.715738,68352.945
1997-02-25,GAPTQ-201203,22.901173,22.993889,22.62302,22.62302,48939.09
1997-02-26,GAPTQ-201203,22.62302,22.62302,22.34487,22.437586,384771.78
1997-02-27,GAPTQ-201203,22.530304,22.62302,22.34487,22.437586,462292.38
1997-02-28,GAPTQ-201203,22.34487,22.34487,22.066717,22.066717,173106.86
1997-03-03,GAPTQ-201203,21.973999,22.437586,21.973999,22.252151,50961.363
1997-03-04,GAPTQ-201203,22.34487,22.62302,22.252151,22.437586,617468.4
1997-03-05,GAPTQ-201203,22.62302,22.62302,22.34487,22.530304,28311.87
1997-03-06,GAPTQ-201203,22.530304,22.993889,22.437586,22.808455,53657.734
1997-03-07,GAPTQ-201203,22.993889,23.179325,22.530304,22.715738,82643.695
1997-03-10,GAPTQ-201203,22.901173,23.272041,22.808455,23.179325,113921.57
1997-03-11,GAPTQ-201203,23.179325,23.179325,21.881283,21.973999,143446.8
1997-03-12,GAPTQ-201203,21.881283,22.159433,21.510412,21.60313,159085.73
1997-03-13,GAPTQ-201203,20.95411,21.417696,20.397806,20.490522,199800.9
1997-03-14,GAPTQ-201203,20.675957,20.675957,20.305088,20.397806,208159.64
1997-03-17,GAPTQ-201203,20.119654,20.58324,20.119654,20.397806,165557.03
1997-03-18,GAPTQ-201203,20.397806,20.675957,20.397806,20.58324,75902.77
1997-03-19,GAPTQ-201203,20.675957,21.046827,20.490522,20.768675,115000.12
1997-03-20,GAPTQ-201203,20.58324,20.58324,20.026936,20.119654,158007.19
1997-03-21,GAPTQ-201203,20.305088,20.305088,19.56335,19.748785,139806.7
1997-03-24,GAPTQ-201203,19.841501,19.841501,19.377914,19.56335,98282.63
1997-03-25,GAPTQ-201203,19.56335,19.56335,19.007046,19.099764,181870.06
1997-03-26,GAPTQ-201203,19.007046,19.19248,18.543459,19.007046,296196.1
1997-03-27,GAPTQ-201203,19.007046,19.19248,18.636177,18.91433,224068.22
1997-03-31,GAPTQ-201203,18.91433,19.19248,18.728893,18.821611,108798.47
1997-04-01,GAPTQ-201203,18.636177,18.91433,18.450743,18.543459,219888.84
1997-04-02,GAPTQ-201203,18.358025,18.543459,18.17259,18.450743,206272.19
1997-04-03,GAPTQ-201203,18.358025,18.450743,18.265308,18.358025,72936.766
1997-04-04,GAPTQ-201203,18.358025,18.636177,18.265308,18.543459,84800.79
1997-04-07,GAPTQ-201203,18.358025,18.450743,18.079872,18.17259,92620.26
1997-04-08,GAPTQ-201203,18.17259,18.17259,17.338135,18.079872,198048.27
1997-04-09,GAPTQ-201203,18.154352,18.340551,17.781956,17.875055,189985.44
1997-04-10,GAPTQ-201203,17.688856,17.781956,17.31646,17.31646,285045.28
1997-04-11,GAPTQ-201203,17.22336,17.781956,17.22336,17.502657,84989.945
1997-04-14,GAPTQ-201203,17.22336,17.502657,17.22336,17.31646,177633.02
1997-04-15,GAPTQ-201203,17.502657,17.688856,17.31646,17.595757,99356.336
1997-04-16,GAPTQ-201203,17.595757,17.595757,17.22336,17.40956,70892.09
1997-04-17,GAPTQ-201203,17.595757,17.781956,17.502657,17.595757,42696.37
1997-04-18,GAPTQ-201203,17.595757,17.781956,17.502657,17.595757,94522.79
1997-04-21,GAPTQ-201203,17.688856,17.968155,17.595757,17.875055,201263.72
1997-04-22,GAPTQ-201203,17.875055,18.154352,17.781956,18.061253,66864.13
1997-04-23,GAPTQ-201203,18.154352,18.154352,17.688856,17.875055,80424.93
1997-04-24,GAPTQ-201203,17.875055,18.061253,17.688856,17.781956,112514.34
1997-04-25,GAPTQ-201203,17.781956,17.968155,17.781956,17.875055,72906.07
1997-04-28,GAPTQ-201203,17.968155,18.340551,17.875055,18.340551,136682.1
1997-04-29,GAPTQ-201203,18.526749,18.526749,18.340551,18.433651,144066.69
1997-04-30,GAPTQ-201203,18.433651,18.526749,18.340551,18.526749,244631.42
1997-05-01,GAPTQ-201203,18.340551,18.526749,18.340551,18.433651,36520.168
1997-05-02,GAPTQ-201203,18.619848,18.806047,18.340551,18.340551,198981.2
1997-05-05,GAPTQ-201203,18.526749,19.457743,18.526749,19.178444,127014.99
1997-05-06,GAPTQ-201203,19.085344,19.457743,19.085344,19.457743,127820.586
1997-05-07,GAPTQ-201203,19.457743,19.457743,18.619848,18.712948,144066.69
1997-05-08,GAPTQ-201203,18.712948,19.55084,18.526749,19.178444,95462.64
1997-05-09,GAPTQ-201203,18.992247,19.271544,18.899147,19.085344,183809.22
1997-05-12,GAPTQ-201203,19.085344,19.64394,19.085344,19.55084,81230.52
1997-05-13,GAPTQ-201203,19.55084,19.73704,19.271544,19.457743,168637.25
1997-05-14,GAPTQ-201203,19.64394,19.83014,19.457743,19.73704,162461.05
1997-05-15,GAPTQ-201203,19.73704,19.73704,19.55084,19.64394,58673.945
1997-05-16,GAPTQ-201203,19.64394,19.73704,19.364643,19.64394,128089.12
1997-05-19,GAPTQ-201203,19.55084,19.55084,19.457743,19.55084,75591.375
1997-05-20,GAPTQ-201203,19.923239,20.016338,19.55084,19.83014,129700.305
1997-05-21,GAPTQ-201203,20.016338,20.109436,19.73704,19.923239,88212.32
1997-05-22,GAPTQ-201203,19.923239,19.923239,19.55084,19.64394,160849.86
1997-05-23,GAPTQ-201203,19.73704,20.668032,19.73704,20.668032,139367.4
1997-05-27,GAPTQ-201203,20.668032,21.319727,20.668032,21.319727,331366.8
1997-05-28,GAPTQ-201203,21.319727,21.319727,20.481834,20.668032,139770.2
1997-05-29,GAPTQ-201203,20.85423,20.85423,20.481834,20.668032,52094.945
1997-05-30,GAPTQ-201203,20.481834,20.85423,20.295635,20.574932,101638.85
1997-06-02,GAPTQ-201203,20.761131,20.761131,20.202536,20.388735,97476.625
1997-06-03,GAPTQ-201203,20.388735,20.574932,20.202536,20.388735,210796.56
1997-06-04,GAPTQ-201203,20.202536,20.388735,20.109436,20.202536,172396.67
1997-06-05,GAPTQ-201203,20.202536,20.481834,20.202536,20.481834,109023.445
1997-06-06,GAPTQ-201203,20.388735,20.761131,20.388735,20.668032,31418.086
1997-06-09,GAPTQ-201203,20.761131,21.319727,20.761131,21.133528,93851.46
1997-06-10,GAPTQ-201203,21.226627,21.319727,20.668032,20.761131,84318.625
1997-06-11,GAPTQ-201203,20.761131,20.761131,20.295635,20.388735,134936.66
1997-06-12,GAPTQ-201203,20.481834,20.85423,20.109436,20.85423,265174
1997-06-13,GAPTQ-201203,20.761131,20.761131,20.668032,20.761131,53840.395
1997-06-16,GAPTQ-201203,20.761131,20.761131,20.295635,20.388735,110366.09
1997-06-17,GAPTQ-201203,20.388735,20.761131,20.202536,20.295635,275780.97
1997-06-18,GAPTQ-201203,20.295635,20.295635,20.109436,20.295635,62030.58
1997-06-19,GAPTQ-201203,20.388735,20.574932,20.295635,20.295635,150377.16
1997-06-20,GAPTQ-201203,20.388735,20.574932,20.388735,20.481834,111440.22
1997-06-23,GAPTQ-201203,20.295635,20.295635,19.83014,19.83014,59882.332
1997-06-24,GAPTQ-201203,19.83014,20.109436,19.83014,19.923239,93045.87
1997-06-25,GAPTQ-201203,19.923239,19.969788,19.64394,19.876688,71563.414
1997-06-26,GAPTQ-201203,19.73704,20.016338,19.69049,19.83014,73040.336
1997-06-27,GAPTQ-201203,19.876688,20.062887,19.783588,19.83014,91031.89
1997-06-30,GAPTQ-201203,19.923239,20.481834,19.457743,20.249086,297129.16
1997-07-01,GAPTQ-201203,20.295635,20.295635,20.016338,20.109436,111574.484
1997-07-02,GAPTQ-201203,20.109436,20.109436,19.73704,19.923239,85661.27
1997-07-03,GAPTQ-201203,20.109436,20.481834,20.062887,20.342184,98550.75
1997-07-07,GAPTQ-201203,20.342184,20.481834,19.923239,20.016338,67938.25
1997-07-08,GAPTQ-201203,20.016338,20.062887,19.597391,20.016338,60822.19
1997-07-09,GAPTQ-201203,20.109436,20.388735,19.64394,19.69049,275915.25
1997-07-10,GAPTQ-201203,19.783588,20.202536,19.504292,20.062887,112782.87
1997-07-11,GAPTQ-201203,20.062887,20.295635,20.062887,20.109436,94925.586
1997-07-14,GAPTQ-201203,20.062887,20.062887,19.73704,19.73704,55048.78
1997-07-15,GAPTQ-201203,19.783588,19.876688,19.55084,19.83014,122718.51
1997-07-16,GAPTQ-201203,19.83014,20.574932,19.83014,20.435284,222477.64
1997-07-17,GAPTQ-201203,20.481834,20.621483,20.388735,20.574932,188642.78
1997-07-18,GAPTQ-201203,20.388735,20.388735,19.69049,19.969788,74517.26
1997-07-21,GAPTQ-201203,19.783588,20.062887,19.55084,19.969788,131580.02
1997-07-22,GAPTQ-201203,19.969788,20.295635,19.923239,20.062887,123792.625
1997-07-23,GAPTQ-201203,19.810583,19.950752,19.48352,19.48352,174298.27
1997-07-24,GAPTQ-201203,19.62369,19.997475,19.576967,19.950752,231282.95
1997-07-25,GAPTQ-201203,19.904028,20.324535,19.904028,20.277813,171221.62
1997-07-28,GAPTQ-201203,20.324535,20.324535,20.137644,20.23109,66348.375
1997-07-29,GAPTQ-201203,20.23109,20.324535,20.137644,20.277813,125607.11
1997-07-30,GAPTQ-201203,20.324535,20.558151,20.324535,20.464705,178980.1
1997-07-31,GAPTQ-201203,20.464705,20.558151,20.324535,20.511429,133365.6
1997-08-01,GAPTQ-201203,20.37126,20.417982,20.044197,20.090921,49895.05
1997-08-04,GAPTQ-201203,20.090921,20.137644,19.950752,19.997475,27823.514
1997-08-05,GAPTQ-201203,19.810583,20.137644,19.810583,20.090921,62469.137
1997-08-06,GAPTQ-201203,20.137644,20.69832,20.090921,20.604874,77986.09
1997-08-07,GAPTQ-201203,20.69832,20.69832,20.277813,20.417982,45213.21
1997-08-08,GAPTQ-201203,20.277813,20.37126,19.717136,19.904028,45480.742
1997-08-11,GAPTQ-201203,19.717136,20.090921,19.670414,19.997475,50296.35
1997-08-12,GAPTQ-201203,20.137644,20.417982,19.763859,19.763859,56850.93
1997-08-13,GAPTQ-201203,19.763859,19.904028,19.670414,19.717136,30365.084
1997-08-14,GAPTQ-201203,19.530245,19.670414,18.735952,19.01629,275827.34
1997-08-15,GAPTQ-201203,19.01629,19.109735,18.782675,18.876122,78387.4
1997-08-18,GAPTQ-201203,18.782675,18.782675,18.035105,18.455614,241850.53
1997-08-19,GAPTQ-201203,18.502337,19.203182,18.502337,19.15646,297631.34
1997-08-20,GAPTQ-201203,19.063013,19.436798,19.01629,19.390074,260310.38
1997-08-21,GAPTQ-201203,19.436798,19.436798,18.969566,19.109735,57653.53
1997-08-22,GAPTQ-201203,18.689228,19.063013,18.642506,19.063013,85744.58
1997-08-25,GAPTQ-201203,18.876122,18.876122,18.642506,18.735952,209880.25
1997-08-26,GAPTQ-201203,18.922844,19.01629,18.455614,18.595783,47621.01
1997-08-27,GAPTQ-201203,18.642506,19.01629,18.642506,18.876122,236633.62
1997-08-28,GAPTQ-201203,18.829397,18.969566,18.595783,18.782675,56048.33
1997-08-29,GAPTQ-201203,18.782675,18.782675,18.642506,18.735952,141391.61
1997-09-02,GAPTQ-201203,18.829397,19.203182,18.829397,19.15646,105274.55
1997-09-03,GAPTQ-201203,19.15646,19.343351,19.109735,19.109735,110357.69
1997-09-04,GAPTQ-201203,19.109735,19.249905,18.969566,19.01629,66749.68
1997-09-05,GAPTQ-201203,19.063013,19.249905,18.876122,19.063013,54710.66
1997-09-08,GAPTQ-201203,19.203182,19.48352,18.922844,19.436798,163596.9
1997-09-09,GAPTQ-201203,19.296629,19.530245,19.15646,19.343351,96847.23
1997-09-10,GAPTQ-201203,19.390074,19.48352,19.249905,19.296629,190082.75
1997-09-11,GAPTQ-201203,19.296629,19.390074,19.203182,19.390074,255628.53
1997-09-12,GAPTQ-201203,19.436798,19.576967,19.296629,19.530245,105140.77
1997-09-15,GAPTQ-201203,19.530245,19.810583,19.530245,19.810583,139786.4
1997-09-16,GAPTQ-201203,19.950752,20.184366,19.950752,20.137644,219645.23
1997-09-17,GAPTQ-201203,20.184366,20.324535,20.137644,20.137644,118383.695
1997-09-18,GAPTQ-201203,20.184366,20.184366,20.044197,20.184366,102064.14
1997-09-19,GAPTQ-201203,20.090921,20.23109,19.857306,20.044197,226601.11
1997-09-22,GAPTQ-201203,20.137644,20.417982,20.044197,20.417982,1056089.6
1997-09-23,GAPTQ-201203,20.417982,21.539335,20.417982,21.212275,196637.33
1997-09-24,GAPTQ-201203,20.931936,21.165552,20.651598,21.025383,139786.4
1997-09-25,GAPTQ-201203,20.931936,21.258997,20.885214,21.025383,89222.516
1997-09-26,GAPTQ-201203,21.492613,21.726229,21.492613,21.539335,139920.17
1997-09-29,GAPTQ-201203,21.58606,22.66069,21.58606,22.66069,217237.44
1997-09-30,GAPTQ-201203,22.520521,23.735321,22.427074,23.641874,379362.9
1997-10-01,GAPTQ-201203,23.922213,24.20255,23.688597,23.828766,179648.94
1997-10-02,GAPTQ-201203,23.782043,23.782043,23.454983,23.688597,106478.445
1997-10-03,GAPTQ-201203,23.688597,24.155828,23.221367,23.408258,63940.574
1997-10-06,GAPTQ-201203,23.548428,23.688597,23.314814,23.548428,126677.24
1997-10-07,GAPTQ-201203,23.26809,24.01566,23.26809,24.01566,90025.12
1997-10-08,GAPTQ-201203,23.922213,24.01566,23.408258,23.641874,200516.56
1997-10-09,GAPTQ-201203,23.641874,23.735321,23.408258,23.735321,160787.8
1997-10-10,GAPTQ-201203,23.688597,23.782043,23.221367,23.408258,128416.22
1997-10-13,GAPTQ-201203,23.595152,24.109104,23.501705,24.109104,83604.305
1997-10-14,GAPTQ-201203,24.137226,24.230963,23.621674,24.184093,69343.1
1997-10-15,GAPTQ-201203,24.04349,24.230963,23.71541,23.856014,80811.38
1997-10-16,GAPTQ-201203,23.99662,24.184093,23.527937,23.668541,112549.18
1997-10-17,GAPTQ-201203,23.574804,23.94975,23.059252,23.527937,161889.47
1997-10-20,GAPTQ-201203,23.481068,23.99662,23.481068,23.99662,57874.816
1997-10-21,GAPTQ-201203,23.809147,23.809147,23.387331,23.668541,131618.53
1997-10-22,GAPTQ-201203,23.668541,23.902884,23.621674,23.902884,121883.83
1997-10-23,GAPTQ-201203,23.809147,23.809147,23.199858,23.246725,210162.94
1997-10-24,GAPTQ-201203,23.246725,23.762278,23.106121,23.152988,153754.98
1997-10-27,GAPTQ-201203,22.965515,23.059252,22.309359,22.356226,185492.78
1997-10-28,GAPTQ-201203,22.168753,23.152988,21.512594,22.965515,147887.5
1997-10-29,GAPTQ-201203,22.918648,23.199858,22.496832,22.684305,87612.336
1997-10-30,GAPTQ-201203,22.496832,22.684305,22.403095,22.403095,69343.1
1997-10-31,GAPTQ-201203,22.496832,23.059252,22.403095,23.012384,70676.62
1997-11-03,GAPTQ-201203,23.199858,23.4342,22.918648,23.012384,114549.47
1997-11-04,GAPTQ-201203,23.012384,23.059252,22.637436,22.918648,80811.38
1997-11-05,GAPTQ-201203,23.340462,24.418436,23.340462,24.137226,174424.56
1997-11-06,GAPTQ-201203,25.121462,25.121462,24.55904,24.793383,456197.56
1997-11-07,GAPTQ-201203,24.3247,24.371567,23.574804,24.184093,146820.67
1997-11-10,GAPTQ-201203,24.512173,25.449541,24.418436,25.262068,315377.75
1997-11-11,GAPTQ-201203,25.355804,25.402672,25.121462,25.355804,179625.3
1997-11-12,GAPTQ-201203,25.16833,25.871357,25.121462,25.683882,192827.16
1997-11-13,GAPTQ-201203,25.683882,26.246304,25.308935,25.637014,136419.22
1997-11-14,GAPTQ-201203,25.637014,25.637014,24.55904,24.793383,146420.62
1997-11-17,GAPTQ-201203,24.933989,25.965094,24.933989,25.824488,158288.95
1997-11-18,GAPTQ-201203,25.824488,26.011961,25.355804,25.449541,62275.438
1997-11-19,GAPTQ-201203,25.308935,26.480646,25.121462,26.480646,186159.55
1997-11-20,GAPTQ-201203,26.34004,26.386908,26.105698,26.246304,115616.28
1997-11-21,GAPTQ-201203,26.246304,26.386908,26.105698,26.386908,42272.62
1997-11-24,GAPTQ-201203,26.34004,26.808723,26.152567,26.480646,88412.45
1997-11-25,GAPTQ-201203,26.62125,26.996197,26.527514,26.855593,104014.65
1997-11-26,GAPTQ-201203,23.246725,23.387331,22.121883,22.496832,803713.2
1997-11-28,GAPTQ-201203,22.449963,23.152988,22.356226,23.152988,90812.79
1997-12-01,GAPTQ-201203,23.246725,23.4342,22.5437,22.590569,181225.52
1997-12-02,GAPTQ-201203,22.778042,23.059252,22.26249,22.309359,216163.78
1997-12-03,GAPTQ-201203,22.496832,22.590569,22.309359,22.449963,86012.11
1997-12-04,GAPTQ-201203,22.403095,22.449963,21.512594,21.840673,120550.31
1997-12-05,GAPTQ-201203,21.746937,22.449963,21.746937,22.403095,88412.45
1997-12-08,GAPTQ-201203,22.403095,22.403095,21.98128,21.98128,153488.28
1997-12-09,GAPTQ-201203,22.168753,22.168753,21.93441,21.93441,59875.098
1997-12-10,GAPTQ-201203,21.746937,21.840673,21.37199,21.418858,95213.41
1997-12-11,GAPTQ-201203,21.231384,21.231384,20.856438,20.950174,205495.61
1997-12-12,GAPTQ-201203,20.856438,21.137648,20.856438,20.950174,99880.734
1997-12-15,GAPTQ-201203,20.950174,20.997044,20.481491,20.950174,78677.75
1997-12-16,GAPTQ-201203,21.137648,21.70007,21.09078,21.137648,130818.42
1997-12-17,GAPTQ-201203,21.137648,21.70007,21.137648,21.606333,69343.1
1997-12-18,GAPTQ-201203,21.418858,21.840673,20.387753,21.184517,141219.89
1997-12-19,GAPTQ-201203,20.622095,21.184517,20.059675,21.184517,147087.38
1997-12-22,GAPTQ-201203,21.184517,21.559464,20.997044,21.32512,44806.31
1997-12-23,GAPTQ-201203,21.32512,21.746937,21.231384,21.231384,63608.957
1997-12-24,GAPTQ-201203,21.418858,21.418858,20.856438,20.950174,28270.648
1997-12-26,GAPTQ-201203,20.997044,21.137648,20.997044,21.043911,10134.761
1997-12-29,GAPTQ-201203,21.043911,21.137648,20.856438,21.043911,121617.125
1997-12-30,GAPTQ-201203,21.184517,21.840673,21.043911,21.840673,49740.34
1997-12-31,GAPTQ-201203,22.028147,22.496832,21.840673,22.26249,117883.266
1998-01-02,GAPTQ-201203,22.26249,22.309359,21.606333,21.70007,118016.62
1998-01-05,GAPTQ-201203,21.70007,21.98128,21.418858,21.559464,78144.336
1998-01-06,GAPTQ-201203,21.465727,21.746937,21.137648,21.184517,105348.17
1998-01-07,GAPTQ-201203,20.809568,21.465727,20.809568,21.231384,126817.86
1998-01-08,GAPTQ-201203,21.118502,21.306639,21.024433,21.259605,91422.2
1998-01-09,GAPTQ-201203,21.165537,21.541813,21.071466,21.259605,170087.83
1998-01-12,GAPTQ-201203,21.21257,21.306639,21.071466,21.259605,56208.71
1998-01-13,GAPTQ-201203,21.353674,21.824018,21.118502,21.682917,85575.44
1998-01-14,GAPTQ-201203,21.72995,21.72995,21.259605,21.447742,96737.45
1998-01-15,GAPTQ-201203,21.40071,21.541813,21.306639,21.353674,29100.965
1998-01-16,GAPTQ-201203,21.635881,22.059193,21.494778,21.682917,90093.4
1998-01-20,GAPTQ-201203,21.494778,21.776985,21.306639,21.635881,184040.34
1998-01-21,GAPTQ-201203,21.494778,21.965122,21.306639,21.541813,125971.3
1998-01-22,GAPTQ-201203,21.541813,21.72995,21.353674,21.494778,67902.25
1998-01-23,GAPTQ-201203,21.494778,21.72995,21.024433,21.165537,76539.52
1998-01-26,GAPTQ-201203,21.259605,21.447742,20.69519,20.69519,75210.71
1998-01-27,GAPTQ-201203,20.648157,21.353674,20.601122,21.024433,119194.36
1998-01-28,GAPTQ-201203,21.024433,21.118502,20.789259,21.071466,97136.09
1998-01-29,GAPTQ-201203,21.21257,21.965122,21.21257,21.682917,44116.53
1998-01-30,GAPTQ-201203,21.494778,21.918089,21.259605,21.447742,61258.195
1998-02-02,GAPTQ-201203,21.635881,22.482502,21.259605,22.388433,176333.23
1998-02-03,GAPTQ-201203,22.388433,22.388433,21.824018,21.918089,156401.08
1998-02-04,GAPTQ-201203,22.012157,22.341398,22.012157,22.294365,116138.09
1998-02-05,GAPTQ-201203,22.200296,22.482502,21.965122,22.153261,116138.09
1998-02-06,GAPTQ-201203,22.24733,22.482502,21.871054,21.918089,69895.47
1998-02-09,GAPTQ-201203,22.012157,22.341398,21.824018,22.294365,179389.5
1998-02-10,GAPTQ-201203,22.294365,22.999882,22.294365,22.858778,137399.08
1998-02-11,GAPTQ-201203,22.858778,22.999882,22.623606,22.952848,68300.89
1998-02-12,GAPTQ-201203,22.76471,23.470228,22.388433,23.376158,98996.43
1998-02-13,GAPTQ-201203,23.235056,23.470228,22.858778,23.470228,108962.516
1998-02-17,GAPTQ-201203,23.376158,24.081676,23.376158,23.7054,128496.04
1998-02-18,GAPTQ-201203,23.7054,23.893538,23.517262,23.752436,68566.66
1998-02-19,GAPTQ-201203,23.611332,23.940573,23.18802,23.940573,57803.285
1998-02-20,GAPTQ-201203,24.034641,24.316849,23.893538,24.269815,60062.26
1998-02-23,GAPTQ-201203,24.457952,24.646091,24.034641,24.034641,40661.62
1998-02-24,GAPTQ-201203,23.046917,23.140985,22.482502,23.140985,228821.28
1998-02-25,GAPTQ-201203,23.235056,23.470228,23.18802,23.18802,36542.305
1998-02-26,GAPTQ-201203,22.999882,23.470228,22.623606,23.470228,111620.13
1998-02-27,GAPTQ-201203,23.329124,23.329124,22.576572,22.905813,129957.73
1998-03-02,GAPTQ-201203,22.717676,22.905813,22.623606,22.905813,84911.03
1998-03-03,GAPTQ-201203,22.811745,23.517262,22.717676,23.140985,88764.586
1998-03-04,GAPTQ-201203,23.235056,23.564297,22.905813,23.376158,67237.84
1998-03-05,GAPTQ-201203,23.28209,23.329124,22.811745,22.952848,70294.11
1998-03-06,GAPTQ-201203,22.858778,23.517262,22.858778,23.329124,44780.934
1998-03-09,GAPTQ-201203,23.140985,23.423193,23.046917,23.329124,28436.559
1998-03-10,GAPTQ-201203,23.28209,23.987608,23.140985,23.940573,162114.95
1998-03-11,GAPTQ-201203,23.799469,23.893538,23.376158,23.423193,24184.363
1998-03-12,GAPTQ-201203,23.329124,23.329124,22.952848,22.999882,48368.727
1998-03-13,GAPTQ-201203,22.999882,23.517262,22.999882,23.376158,95940.164
1998-03-16,GAPTQ-201203,23.564297,23.7054,23.329124,23.611332,57404.64
1998-03-17,GAPTQ-201203,23.517262,23.564297,23.329124,23.564297,44648.055
1998-03-18,GAPTQ-201203,23.235056,23.517262,22.952848,23.470228,84911.03
1998-03-19,GAPTQ-201203,23.376158,23.470228,23.093952,23.28209,30429.775
1998-03-20,GAPTQ-201203,23.140985,23.235056,22.76471,23.046917,116005.21
1998-03-23,GAPTQ-201203,22.858778,22.905813,22.435469,22.576572,58733.453
1998-03-24,GAPTQ-201203,22.67064,22.952848,22.67064,22.76471,51424.992
1998-03-25,GAPTQ-201203,22.623606,22.623606,22.200296,22.294365,116270.98
1998-03-26,GAPTQ-201203,22.153261,22.482502,21.871054,22.435469,50760.586
1998-03-27,GAPTQ-201203,22.435469,22.623606,22.24733,22.388433,74280.54
1998-03-30,GAPTQ-201203,22.24733,22.529537,22.200296,22.388433,40528.74
1998-03-31,GAPTQ-201203,22.388433,22.999882,22.388433,22.76471,86239.84
1998-04-01,GAPTQ-201203,22.576572,22.858778,22.200296,22.388433,1107564.1
1998-04-02,GAPTQ-201203,22.435469,23.046917,22.435469,22.952848,132482.47
1998-04-03,GAPTQ-201203,22.905813,23.658365,22.811745,23.470228,138462.12
1998-04-06,GAPTQ-201203,23.329124,23.423193,22.811745,23.235056,160520.39
1998-04-07,GAPTQ-201203,23.027431,23.357742,23.027431,23.074617,93112.86
1998-04-08,GAPTQ-201203,23.074617,23.21618,22.461182,22.649933,80794.945
1998-04-09,GAPTQ-201203,22.744307,22.791494,22.555557,22.649933,85828.07
1998-04-13,GAPTQ-201203,22.602745,22.838682,22.413996,22.838682,115364.586
1998-04-14,GAPTQ-201203,22.744307,22.838682,22.555557,22.602745,116026.836
1998-04-15,GAPTQ-201203,22.649933,22.649933,22.31962,22.366808,57616.066
1998-04-16,GAPTQ-201203,22.461182,22.602745,22.461182,22.50837,59205.477
1998-04-17,GAPTQ-201203,22.602745,22.602745,22.461182,22.555557,66755.164
1998-04-20,GAPTQ-201203,22.555557,22.602745,22.225246,22.555557,97748.64
1998-04-21,GAPTQ-201203,22.461182,22.791494,22.31962,22.649933,126755.35
1998-04-22,GAPTQ-201203,22.744307,23.074617,22.461182,23.074617,145960.7
1998-04-23,GAPTQ-201203,22.933056,23.310555,22.838682,22.885868,204636.38
1998-04-24,GAPTQ-201203,23.074617,23.310555,22.791494,22.933056,79735.336
1998-04-27,GAPTQ-201203,23.121805,23.21618,22.838682,22.885868,85563.17
1998-04-28,GAPTQ-201203,22.838682,23.027431,22.50837,22.50837,51258.434
1998-04-29,GAPTQ-201203,22.50837,22.649933,22.225246,22.461182,42781.586
1998-04-30,GAPTQ-201203,22.555557,23.499304,22.50837,23.499304,90861.2
1998-05-01,GAPTQ-201203,23.499304,23.546492,23.168993,23.546492,56953.812
1998-05-04,GAPTQ-201203,23.640867,23.640867,23.168993,23.263367,53642.547
1998-05-05,GAPTQ-201203,23.310555,23.310555,22.791494,23.121805,35231.895
1998-05-06,GAPTQ-201203,23.121805,23.640867,22.933056,23.546492,109271.85
1998-05-07,GAPTQ-201203,23.546492,23.546492,22.980244,23.121805,21721.92
1998-05-08,GAPTQ-201203,23.121805,23.876802,23.121805,23.452118,38808.062
1998-05-11,GAPTQ-201203,23.546492,24.018366,23.546492,23.782429,46490.207
1998-05-12,GAPTQ-201203,23.782429,23.782429,22.980244,23.21618,44106.094
1998-05-13,GAPTQ-201203,23.121805,23.546492,23.121805,23.310555,31125.922
1998-05-14,GAPTQ-201203,23.499304,23.499304,23.121805,23.21618,47284.91
1998-05-15,GAPTQ-201203,23.310555,23.452118,22.50837,22.791494,54834.6
1998-05-18,GAPTQ-201203,22.791494,23.168993,22.272432,23.168993,62914.098
1998-05-19,GAPTQ-201203,22.980244,22.980244,22.272432,22.555557,222119.88
1998-05-20,GAPTQ-201203,22.649933,22.697119,22.178059,22.50837,107947.34
1998-05-21,GAPTQ-201203,22.649933,22.791494,22.555557,22.697119,29006.709
1998-05-22,GAPTQ-201203,22.744307,22.933056,22.649933,22.933056,70728.69
1998-05-26,GAPTQ-201203,22.744307,23.263367,22.649933,22.697119,143709.05
1998-05-27,GAPTQ-201203,22.555557,23.168993,22.50837,23.074617,112583.12
1998-05-28,GAPTQ-201203,23.21618,23.876802,23.168993,23.782429,87549.93
1998-05-29,GAPTQ-201203,23.782429,24.348677,23.782429,24.159927,126887.8
1998-06-01,GAPTQ-201203,24.159927,24.443052,23.971178,24.254303,63046.547
1998-06-02,GAPTQ-201203,24.395864,24.490238,24.018366,24.018366,45827.953
1998-06-03,GAPTQ-201203,24.018366,24.867737,24.018366,24.584614,77483.68
1998-06-04,GAPTQ-201203,24.254303,25.150862,24.159927,25.103674,187815.14
1998-06-05,GAPTQ-201203,25.245237,25.858673,25.056488,25.858673,134172.6
1998-06-08,GAPTQ-201203,25.71711,25.953047,25.575548,25.71711,88609.54
1998-06-09,GAPTQ-201203,25.71711,25.858673,25.575548,25.71711,71523.39
1998-06-10,GAPTQ-201203,25.669922,25.811485,25.245237,25.292423,116424.19
1998-06-11,GAPTQ-201203,25.292423,25.386799,24.631802,24.631802,128742.11
1998-06-12,GAPTQ-201203,24.490238,24.914925,24.490238,24.867737,104238.73
1998-06-15,GAPTQ-201203,25.103674,25.575548,24.914925,24.914925,71920.74
1998-06-16,GAPTQ-201203,24.914925,25.19805,24.443052,24.443052,151656.08
1998-06-17,GAPTQ-201203,24.537426,25.0093,24.490238,24.726175,80000.24
1998-06-18,GAPTQ-201203,24.773363,24.914925,24.254303,24.867737,44900.797
1998-06-19,GAPTQ-201203,24.962112,25.150862,24.490238,24.631802,72715.45
1998-06-22,GAPTQ-201203,24.490238,25.103674,24.490238,24.82055,31920.625
1998-06-23,GAPTQ-201203,24.726175,25.19805,24.631802,25.19805,29536.512
1998-06-24,GAPTQ-201203,24.962112,24.962112,24.773363,24.867737,44900.797
1998-06-25,GAPTQ-201203,24.773363,25.19805,24.726175,25.056488,44370.996
1998-06-26,GAPTQ-201203,25.150862,25.245237,25.0093,25.103674,56688.914
1998-06-29,GAPTQ-201203,25.103674,25.811485,24.962112,25.386799,110861.26
1998-06-30,GAPTQ-201203,25.433987,25.433987,24.207115,25.103674,216424.48
1998-07-01,GAPTQ-201203,24.914925,24.914925,24.490238,24.537426,106887.74
1998-07-02,GAPTQ-201203,24.537426,24.678988,24.254303,24.678988,53377.645
1998-07-06,GAPTQ-201203,24.773363,24.914925,24.490238,24.82055,38410.71
1998-07-07,GAPTQ-201203,24.82055,24.867737,24.207115,24.254303,87549.93
1998-07-08,GAPTQ-201203,24.254303,24.726175,24.159927,24.726175,103973.82
1998-07-09,GAPTQ-201203,24.631802,24.726175,23.971178,24.254303,73510.16
1998-07-10,GAPTQ-201203,24.348677,24.348677,23.73524,23.73524,60397.53
1998-07-13,GAPTQ-201203,23.829617,24.254303,23.782429,24.254303,99735.4
1998-07-14,GAPTQ-201203,24.348677,24.631802,24.348677,24.584614,45165.7
1998-07-15,GAPTQ-201203,24.631802,24.631802,24.254303,24.395864,62781.645
1998-07-16,GAPTQ-201203,24.395864,24.867737,24.348677,24.867737,77748.58
1998-07-17,GAPTQ-201203,25.0093,25.433987,25.0093,25.292423,46490.207
1998-07-20,GAPTQ-201203,25.858673,25.953047,24.914925,24.914925,73510.16
1998-07-21,GAPTQ-201203,24.82055,24.962112,24.631802,24.773363,38940.516
1998-07-22,GAPTQ-201203,24.943758,24.943758,24.65977,24.849094,36312.94
1998-07-23,GAPTQ-201203,24.517773,24.517773,23.902462,23.949795,68796.52
1998-07-24,GAPTQ-201203,23.949795,24.13912,23.57114,23.807798,37633.414
1998-07-27,GAPTQ-201203,23.997126,23.997126,23.476479,23.949795,48593.32
1998-07-28,GAPTQ-201203,23.618473,23.618473,22.95583,23.57114,46612.613
1998-07-29,GAPTQ-201203,23.713137,23.760468,23.097826,23.23982,67608.09
1998-07-30,GAPTQ-201203,23.429146,23.476479,23.192488,23.381815,62194.168
1998-07-31,GAPTQ-201203,23.381815,23.381815,22.719172,22.766504,62590.31
1998-08-03,GAPTQ-201203,22.577177,22.813835,22.387852,22.482513,136668.72
1998-08-04,GAPTQ-201203,22.67184,22.908499,22.151194,22.435183,241382.03
1998-08-05,GAPTQ-201203,22.577177,22.577177,22.198524,22.577177,62194.168
1998-08-06,GAPTQ-201203,22.62451,22.67184,22.198524,22.293188,67211.95
1998-08-07,GAPTQ-201203,22.151194,22.245855,21.346556,21.630545,199523.11
1998-08-10,GAPTQ-201203,21.535883,22.05653,21.535883,21.819872,82001.23
1998-08-11,GAPTQ-201203,21.961866,22.10386,21.204561,21.393887,84642.17
1998-08-12,GAPTQ-201203,21.204561,21.583214,21.157228,21.204561,97186.64
1998-08-13,GAPTQ-201203,21.015234,21.299225,20.778576,20.92057,75398.875
1998-08-14,GAPTQ-201203,21.015234,21.299225,20.778576,20.967903,77775.72
1998-08-17,GAPTQ-201203,20.92057,21.109898,20.683912,20.967903,59157.086
1998-08-18,GAPTQ-201203,21.157228,21.157228,20.87324,20.967903,44631.906
1998-08-19,GAPTQ-201203,21.015234,21.204561,20.87324,20.967903,81473.04
1998-08-20,GAPTQ-201203,21.157228,21.204561,20.87324,20.92057,46348.52
1998-08-21,GAPTQ-201203,20.87324,21.583214,20.87324,21.299225,142874.92
1998-08-24,GAPTQ-201203,21.346556,22.05653,20.87324,21.015234,163738.36
1998-08-25,GAPTQ-201203,21.157228,21.204561,20.825909,21.015234,88735.625
1998-08-26,GAPTQ-201203,20.87324,20.92057,20.447254,20.494587,92036.805
1998-08-27,GAPTQ-201203,20.494587,20.58925,19.358627,19.40596,136932.81
1998-08-28,GAPTQ-201203,19.595285,19.595285,19.074638,19.263966,179319.9
1998-08-31,GAPTQ-201203,19.074638,19.40596,17.891348,18.033342,135876.42
1998-09-01,GAPTQ-201203,17.93868,18.979975,17.418032,18.979975,193316.9
1998-09-02,GAPTQ-201203,18.885311,18.885311,18.128006,18.601322,104713.32
1998-09-03,GAPTQ-201203,18.411995,18.506659,17.93868,18.175339,88999.72
1998-09-04,GAPTQ-201203,18.175339,19.358627,17.986012,19.358627,242306.36
1998-09-08,GAPTQ-201203,19.547955,19.689949,18.601322,19.169302,124388.336
1998-09-09,GAPTQ-201203,19.216633,19.216633,17.844017,17.93868,108542.69
1998-09-10,GAPTQ-201203,17.796684,18.128006,17.418032,17.844017,193845.1
1998-09-11,GAPTQ-201203,17.986012,18.743317,17.65469,18.459328,129670.22
1998-09-14,GAPTQ-201203,18.648653,19.263966,18.601322,18.695986,116861.65
1998-09-15,GAPTQ-201203,18.79065,19.216633,18.27,19.169302,127953.6
1998-09-16,GAPTQ-201203,19.358627,19.973938,19.074638,19.737282,174566.22
1998-09-17,GAPTQ-201203,18.979975,19.311296,18.743317,19.027308,122011.484
1998-09-18,GAPTQ-201203,19.216633,19.689949,19.216633,19.642618,152910.5
1998-09-21,GAPTQ-201203,19.45329,20.02127,18.979975,19.879276,116729.6
1998-09-22,GAPTQ-201203,20.163265,20.163265,19.689949,20.02127,93357.27
1998-09-23,GAPTQ-201203,20.210596,20.92057,20.115934,20.92057,110391.34
1998-09-24,GAPTQ-201203,21.015234,21.015234,19.973938,20.210596,65495.344
1998-09-25,GAPTQ-201203,19.831944,19.831944,19.500624,19.737282,59025.04
1998-09-28,GAPTQ-201203,19.358627,19.45329,18.553991,18.932644,198730.83
1998-09-29,GAPTQ-201203,19.027308,19.074638,18.648653,19.074638,88867.67
1998-09-30,GAPTQ-201203,19.027308,19.027308,18.22267,18.364664,73154.07
1998-10-01,GAPTQ-201203,17.418032,18.364664,17.418032,18.128006,144855.62
1998-10-02,GAPTQ-201203,18.175339,18.83798,17.465364,18.695986,100487.81
1998-10-05,GAPTQ-201203,18.695986,18.695986,18.22267,18.506659,115145.04
1998-10-06,GAPTQ-201203,18.364664,18.648653,18.22267,18.411995,85566.5
1998-10-07,GAPTQ-201203,18.411995,18.601322,18.175339,18.506659,102336.48
1998-10-08,GAPTQ-201203,18.317333,18.317333,17.323368,18.080675,92829.086
1998-10-09,GAPTQ-201203,17.93868,17.93868,16.708057,17.134043,172189.38
1998-10-12,GAPTQ-201203,17.134043,17.3707,16.944715,17.134043,134027.77
1998-10-13,GAPTQ-201203,17.181374,17.181374,16.708057,16.75539,136272.58
1998-10-14,GAPTQ-201203,16.73637,17.354475,16.73637,17.069195,167599.06
1998-10-15,GAPTQ-201203,16.87901,17.116741,16.688824,16.974102,135656.66
1998-10-16,GAPTQ-201203,16.974102,17.259382,16.641277,17.211836,161683.81
1998-10-19,GAPTQ-201203,17.592207,17.877487,17.449568,17.497114,169702.27
1998-10-20,GAPTQ-201203,17.497114,17.782393,17.16429,17.259382,94644.18
1998-10-21,GAPTQ-201203,17.259382,17.259382,16.783916,16.87901,111732.71
1998-10-22,GAPTQ-201203,16.87901,17.782393,16.783916,17.734846,185607.75
1998-10-23,GAPTQ-201203,17.734846,17.782393,17.259382,17.402021,116333.47
1998-10-26,GAPTQ-201203,17.449568,17.734846,17.211836,17.449568,137628.4
1998-10-27,GAPTQ-201203,17.449568,17.877487,17.354475,17.354475,177720.73
1998-10-28,GAPTQ-201203,17.497114,17.97258,17.449568,17.592207,96484.484
1998-10-29,GAPTQ-201203,17.592207,17.592207,17.306929,17.54466,437334.97
1998-10-30,GAPTQ-201203,17.54466,17.97258,17.497114,17.877487,192968.97
1998-11-02,GAPTQ-201203,18.352951,19.30388,18.067673,18.543137,637796.6
1998-11-03,GAPTQ-201203,18.733324,19.208788,18.733324,18.971056,296288.84
1998-11-04,GAPTQ-201203,19.398975,19.779346,18.971056,19.113695,259088.44
1998-11-05,GAPTQ-201203,19.208788,19.30388,18.733324,19.208788,185607.75
1998-11-06,GAPTQ-201203,19.113695,20.159718,19.113695,19.921986,179429.6
1998-11-09,GAPTQ-201203,19.969532,20.635183,19.87444,20.254812,141966.27
1998-11-10,GAPTQ-201203,20.254812,20.254812,19.494068,19.969532,100822.34
1998-11-11,GAPTQ-201203,20.017078,20.444998,19.87444,19.969532,128295.445
1998-11-12,GAPTQ-201203,20.159718,20.492544,19.779346,19.921986,132370.4
1998-11-13,GAPTQ-201203,20.112171,20.159718,19.826893,20.112171,111206.91
1998-11-16,GAPTQ-201203,20.302359,20.730276,20.159718,20.68273,178640.89
1998-11-17,GAPTQ-201203,20.54009,20.872915,20.492544,20.587637,110286.76
1998-11-18,GAPTQ-201203,20.587637,20.635183,20.207266,20.397451,48636.59
1998-11-19,GAPTQ-201203,20.54009,20.587637,20.207266,20.349905,55997.805
1998-11-20,GAPTQ-201203,20.635183,20.635183,19.969532,20.112171,172331.28
1998-11-23,GAPTQ-201203,20.302359,20.492544,20.017078,20.254812,111338.36
1998-11-24,GAPTQ-201203,20.254812,20.397451,20.064625,20.112171,38383.473
1998-11-25,GAPTQ-201203,20.207266,20.254812,19.969532,20.207266,97010.28
1998-11-27,GAPTQ-201203,20.159718,20.54009,20.112171,20.444998,65330.773
1998-11-30,GAPTQ-201203,20.635183,21.300835,20.064625,20.777822,192574.61
1998-12-01,GAPTQ-201203,20.825369,21.443474,20.587637,20.825369,208611.55
1998-12-02,GAPTQ-201203,20.635183,20.68273,20.254812,20.302359,111469.81
1998-12-03,GAPTQ-201203,20.444998,20.825369,20.349905,20.444998,51791.4
1998-12-04,GAPTQ-201203,20.635183,20.777822,20.397451,20.635183,116333.47
1998-12-07,GAPTQ-201203,20.730276,20.96801,20.444998,20.587637,87020.06
1998-12-08,GAPTQ-201203,20.54009,20.730276,19.256334,19.351427,206113.98
1998-12-09,GAPTQ-201203,20.825369,22.917416,20.397451,22.822323,888735.1
1998-12-10,GAPTQ-201203,22.72723,23.012508,21.91894,22.86987,332437.7
1998-12-11,GAPTQ-201203,22.679684,22.917416,22.061579,22.917416,207297.05
1998-12-14,GAPTQ-201203,22.72723,22.72723,22.251764,22.29931,179823.94
1998-12-15,GAPTQ-201203,22.251764,22.774776,22.251764,22.774776,192837.52
1998-12-16,GAPTQ-201203,22.58459,22.58459,21.300835,21.871393,219259.02
1998-12-17,GAPTQ-201203,22.061579,22.156672,21.158195,21.158195,163918.45
1998-12-18,GAPTQ-201203,21.300835,21.300835,20.68273,20.872915,200067.28
1998-12-21,GAPTQ-201203,20.872915,21.348381,20.68273,21.063103,148801.69
1998-12-22,GAPTQ-201203,21.205742,22.251764,20.68273,22.014032,333620.72
1998-12-23,GAPTQ-201203,21.871393,22.632137,21.823847,22.346857,373055.8
1998-12-24,GAPTQ-201203,22.394403,22.394403,22.109125,22.156672,26552.95
1998-12-28,GAPTQ-201203,22.346857,22.441952,22.156672,22.394403,62307.418
1998-12-29,GAPTQ-201203,22.441952,22.679684,22.346857,22.489498,142886.42
1998-12-30,GAPTQ-201203,22.441952,22.632137,22.061579,22.29931,159580.6
1998-12-31,GAPTQ-201203,22.29931,22.58459,22.29931,22.537045,51922.848
1999-01-04,GAPTQ-201203,22.489498,22.822323,22.394403,22.58459,115807.67
1999-01-05,GAPTQ-201203,22.774776,23.155148,22.537045,23.155148,218601.77
1999-01-06,GAPTQ-201203,23.155148,23.297789,22.537045,22.822323,193889.11
1999-01-07,GAPTQ-201203,22.80324,22.80324,22.517008,22.564713,324909.97
1999-01-08,GAPTQ-201203,22.517008,22.80324,22.326185,22.660124,137562.69
1999-01-11,GAPTQ-201203,22.564713,22.61242,22.135363,22.37389,97997.04
1999-01-12,GAPTQ-201203,22.37389,22.80324,22.37389,22.660124,272898.16
1999-01-13,GAPTQ-201203,22.517008,23.184885,22.135363,23.137178,275125.38
1999-01-14,GAPTQ-201203,22.994062,22.994062,22.135363,22.18307,236738.83
1999-01-15,GAPTQ-201203,22.326185,22.61242,21.992247,22.087658,197042.17
1999-01-19,GAPTQ-201203,21.896835,23.089474,21.801424,23.089474,350326.3
1999-01-20,GAPTQ-201203,23.041767,23.041767,22.61242,22.850946,273684.25
1999-01-21,GAPTQ-201203,22.660124,22.898651,22.18307,22.80324,235821.75
1999-01-22,GAPTQ-201203,23.66194,23.66194,22.517008,23.280296,694102
1999-01-25,GAPTQ-201203,23.280296,24.329817,23.280296,24.329817,367881.94
1999-01-26,GAPTQ-201203,24.329817,25.37934,24.234406,24.997694,290715.8
1999-01-27,GAPTQ-201203,25.0454,26.715094,24.94999,25.951805,868348.06
1999-01-28,GAPTQ-201203,26.094921,26.142628,25.57016,25.856394,528764.75
1999-01-29,GAPTQ-201203,25.904099,25.904099,25.283928,25.47475,200579.5
1999-02-01,GAPTQ-201203,25.57016,25.57016,24.94999,24.997694,118172.9
1999-02-02,GAPTQ-201203,24.997694,24.997694,24.043585,24.425228,115290.63
1999-02-03,GAPTQ-201203,24.425228,24.61605,24.329817,24.472933,101927.4
1999-02-04,GAPTQ-201203,24.568344,24.663755,23.66194,23.66194,251543.2
1999-02-05,GAPTQ-201203,23.805056,24.234406,23.805056,23.900467,144113.3
1999-02-08,GAPTQ-201203,23.948174,24.377523,23.900467,24.1867,390022.97
1999-02-09,GAPTQ-201203,24.1867,24.1867,23.805056,23.900467,145947.45
1999-02-10,GAPTQ-201203,23.852762,23.900467,23.471117,23.614235,77035.1
1999-02-11,GAPTQ-201203,23.566528,23.948174,23.423412,23.948174,238835.03
1999-02-12,GAPTQ-201203,23.75735,23.75735,23.423412,23.423412,153415.16
1999-02-16,GAPTQ-201203,23.423412,24.329817,23.375706,23.75735,129832.98
1999-02-17,GAPTQ-201203,23.566528,23.948174,23.471117,23.471117,122627.31
1999-02-18,GAPTQ-201203,23.566528,23.709644,23.23259,23.423412,110836.22
1999-02-19,GAPTQ-201203,23.423412,23.66194,23.23259,23.518824,191408.66
1999-02-22,GAPTQ-201203,23.423412,24.09129,23.328001,23.805056,130750.055
1999-02-23,GAPTQ-201203,24.234406,24.472933,23.948174,24.1867,236738.83
1999-02-24,GAPTQ-201203,23.75735,23.948174,23.471117,23.518824,296087.3
1999-02-25,GAPTQ-201203,23.566528,23.75735,23.280296,23.375706,147781.62
1999-02-26,GAPTQ-201203,23.375706,24.09129,23.280296,24.09129,477277.03
1999-03-01,GAPTQ-201203,24.09129,24.234406,23.66194,23.852762,137562.69
1999-03-02,GAPTQ-201203,23.948174,24.043585,23.66194,23.852762,72711.7
1999-03-03,GAPTQ-201203,24.043585,24.138994,23.852762,23.995878,171101.78
1999-03-04,GAPTQ-201203,23.995878,24.09129,23.852762,24.09129,118827.96
1999-03-05,GAPTQ-201203,24.09129,24.09129,23.852762,24.043585,77952.19
1999-03-08,GAPTQ-201203,23.948174,24.043585,23.852762,23.900467,84371.78
1999-03-09,GAPTQ-201203,23.852762,23.995878,23.75735,23.948174,80965.47
1999-03-10,GAPTQ-201203,23.995878,23.995878,23.471117,23.471117,117386.83
1999-03-11,GAPTQ-201203,23.471117,24.043585,23.375706,23.805056,123806.414
1999-03-12,GAPTQ-201203,23.900467,23.995878,23.423412,23.614235,61968.715
1999-03-15,GAPTQ-201203,23.566528,23.805056,23.518824,23.614235,142279.12
1999-03-16,GAPTQ-201203,23.805056,24.806871,23.566528,24.61605,219838.28
1999-03-17,GAPTQ-201203,24.52064,26.142628,24.472933,25.760983,259141.9
1999-03-18,GAPTQ-201203,25.57016,26.238037,25.283928,26.047216,137955.72
1999-03-19,GAPTQ-201203,26.142628,26.142628,25.0454,25.427044,168350.53
1999-03-22,GAPTQ-201203,25.57016,25.57016,24.854578,24.902283,131536.12
1999-03-23,GAPTQ-201203,24.806871,24.902283,23.375706,23.614235,235952.77
1999-03-24,GAPTQ-201203,23.805056,23.805056,23.23259,23.280296,270146.9
1999-03-25,GAPTQ-201203,23.328001,23.518824,22.898651,23.280296,271588.06
1999-03-26,GAPTQ-201203,23.375706,23.66194,22.898651,23.089474,277745.62
1999-03-29,GAPTQ-201203,23.280296,23.614235,22.61242,22.707829,489068.1
1999-03-30,GAPTQ-201203,22.61242,22.660124,22.135363,22.230774,368274.97
1999-03-31,GAPTQ-201203,22.230774,22.898651,22.039951,22.898651,436008.22
1999-04-01,GAPTQ-201203,22.898651,24.043585,22.850946,23.041767,250364.1
1999-04-05,GAPTQ-201203,22.898651,23.471117,22.517008,22.898651,176866.31
1999-04-06,GAPTQ-201203,22.755535,22.80324,22.326185,22.37389,214335.77
1999-04-07,GAPTQ-201203,22.259007,22.785563,22.211136,22.402613,197806.17
1999-04-08,GAPTQ-201203,22.211136,22.211136,21.732449,22.01966,237497.97
1999-04-09,GAPTQ-201203,21.923923,23.168514,21.540974,22.977037,217521.52
1999-04-12,GAPTQ-201203,22.785563,22.8813,22.306875,22.785563,112938.836
1999-04-13,GAPTQ-201203,22.594088,23.072775,22.306875,22.785563,139443.56
1999-04-14,GAPTQ-201203,22.689825,23.551464,22.641956,23.024906,73638.734
1999-04-15,GAPTQ-201203,22.977037,23.647202,22.8813,23.599333,207990.25
1999-04-16,GAPTQ-201203,23.742939,23.742939,23.072775,23.407858,346781
1999-04-19,GAPTQ-201203,23.216383,23.599333,22.833431,22.8813,182530.05
1999-04-20,GAPTQ-201203,22.977037,23.31212,22.354744,23.120644,188013.8
1999-04-21,GAPTQ-201203,23.024906,23.31212,22.594088,23.168514,288287.8
1999-04-22,GAPTQ-201203,23.264252,23.264252,22.594088,22.8813,187622.1
1999-04-23,GAPTQ-201203,22.689825,22.977037,22.546219,22.977037,243895.67
1999-04-26,GAPTQ-201203,23.072775,23.072775,22.49835,22.689825,274317.34
1999-04-27,GAPTQ-201203,22.8813,23.264252,22.737694,23.168514,245593.02
1999-04-28,GAPTQ-201203,22.977037,23.168514,22.8813,23.024906,306958.62
1999-04-29,GAPTQ-201203,23.024906,23.69507,22.977037,23.503595,85911.86
1999-04-30,GAPTQ-201203,23.31212,23.742939,23.120644,23.551464,94529.16
1999-05-03,GAPTQ-201203,23.35999,24.460972,23.35999,24.317366,105496.625
1999-05-04,GAPTQ-201203,24.221628,24.748184,24.12589,24.365234,314923.1
1999-05-05,GAPTQ-201203,24.413103,24.98753,24.365234,24.700315,248073.75
1999-05-06,GAPTQ-201203,24.843922,24.843922,24.221628,24.365234,110719.234
1999-05-07,GAPTQ-201203,24.460972,24.652447,24.269497,24.604578,235017.23
1999-05-10,GAPTQ-201203,24.748184,25.083267,24.55671,24.843922,191016.78
1999-05-11,GAPTQ-201203,25.035398,25.992775,25.035398,25.75343,191800.17
1999-05-12,GAPTQ-201203,25.944906,26.040644,25.561954,25.70556,149366.52
1999-05-13,GAPTQ-201203,25.70556,25.75343,24.700315,24.748184,106671.71
1999-05-14,GAPTQ-201203,24.748184,24.748184,23.934414,24.17376,130434.57
1999-05-17,GAPTQ-201203,24.17376,24.413103,23.790808,24.078022,82517.164
1999-05-18,GAPTQ-201203,24.12589,24.413103,23.503595,23.599333,142316
1999-05-19,GAPTQ-201203,23.742939,26.232119,23.742939,25.466217,330852.03
1999-05-20,GAPTQ-201203,25.466217,26.040644,25.32261,25.32261,129128.914
1999-05-21,GAPTQ-201203,25.274742,26.040644,25.179005,25.70556,108369.06
1999-05-24,GAPTQ-201203,25.897038,26.232119,25.75343,26.040644,83953.38
1999-05-25,GAPTQ-201203,26.040644,26.327856,25.083267,25.083267,151977.81
1999-05-26,GAPTQ-201203,25.083267,25.226873,24.89179,24.98753,196239.39
1999-05-27,GAPTQ-201203,25.035398,25.083267,24.89179,24.98753,138790.73
1999-05-28,GAPTQ-201203,25.035398,25.32261,24.98753,25.083267,182660.62
1999-06-01,GAPTQ-201203,25.274742,25.657692,25.179005,25.657692,82256.03
1999-06-02,GAPTQ-201203,25.657692,26.327856,25.514086,26.232119,149366.52
1999-06-03,GAPTQ-201203,26.662937,26.950151,26.088512,26.136381,152500.08
1999-06-04,GAPTQ-201203,26.040644,26.040644,25.466217,25.944906,207729.12
1999-06-07,GAPTQ-201203,26.040644,26.99802,26.040644,26.18425,96226.5
1999-06-08,GAPTQ-201203,26.040644,26.232119,25.561954,25.849167,82778.3
1999-06-09,GAPTQ-201203,25.849167,25.849167,24.93966,25.131136,79905.86
1999-06-10,GAPTQ-201203,25.131136,25.274742,24.89179,25.083267,68546.695
1999-06-11,GAPTQ-201203,25.083267,25.37048,24.748184,24.796053,70244.04
1999-06-14,GAPTQ-201203,24.93966,24.93966,24.700315,24.748184,84083.945
1999-06-15,GAPTQ-201203,24.700315,25.179005,24.700315,24.748184,90873.33
1999-06-16,GAPTQ-201203,24.55671,24.796053,24.413103,24.55671,160333.98
1999-06-17,GAPTQ-201203,24.55671,24.748184,23.742939,23.742939,195456
1999-06-18,GAPTQ-201203,23.742939,24.796053,23.742939,24.55671,174304.45
1999-06-21,GAPTQ-201203,24.748184,24.748184,24.365234,24.55671,75074.95
1999-06-22,GAPTQ-201203,24.413103,24.89179,24.221628,24.843922,76380.6
1999-06-23,GAPTQ-201203,24.843922,25.37048,24.843922,25.32261,112416.58
1999-06-24,GAPTQ-201203,25.226873,25.274742,24.93966,24.93966,136962.83
1999-06-25,GAPTQ-201203,24.843922,24.93966,24.700315,24.843922,52617.75
1999-06-28,GAPTQ-201203,24.89179,25.131136,24.748184,24.93966,109805.27
1999-06-29,GAPTQ-201203,24.748184,25.274742,24.652447,25.226873,56012.44
1999-06-30,GAPTQ-201203,25.32261,26.327856,25.083267,25.897038,135396.05
1999-07-01,GAPTQ-201203,25.992775,25.992775,24.93966,25.418348,68416.13
1999-07-02,GAPTQ-201203,25.274742,25.944906,25.226873,25.37048,26243.592
1999-07-06,GAPTQ-201203,25.561954,25.992775,25.561954,25.849167,116202.97
1999-07-07,GAPTQ-201203,25.992775,26.040644,25.418348,25.849167,89306.55
1999-07-08,GAPTQ-201203,25.849167,26.375725,25.657692,26.375725,131740.22
1999-07-09,GAPTQ-201203,26.232119,26.519331,26.040644,26.423594,117247.49
1999-07-12,GAPTQ-201203,26.423594,26.99802,26.423594,26.99802,110066.41
1999-07-13,GAPTQ-201203,26.99802,27.093758,26.662937,26.854414,126778.74
1999-07-14,GAPTQ-201203,26.758675,27.85966,26.758675,27.716053,150149.9
1999-07-15,GAPTQ-201203,27.668182,28.099003,27.668182,28.099003,139051.86
1999-07-16,GAPTQ-201203,27.907528,28.62556,27.907528,28.62556,121425.57
1999-07-19,GAPTQ-201203,28.529821,28.864904,28.338346,28.338346,101057.414
1999-07-20,GAPTQ-201203,28.481953,28.721298,28.19474,28.242609,108369.06
1999-07-21,GAPTQ-201203,28.127413,28.223412,27.839418,28.127413,69272.28
1999-07-22,GAPTQ-201203,28.127413,28.127413,27.455427,27.455427,98830.19
1999-07-23,GAPTQ-201203,27.455427,27.647423,27.215431,27.31143,63933.625
1999-07-26,GAPTQ-201203,27.31143,27.455427,27.071436,27.455427,43230.07
1999-07-27,GAPTQ-201203,27.31143,27.79142,27.071436,27.551426,41276.902
1999-07-28,GAPTQ-201203,27.359428,27.359428,26.783442,26.927439,55339.695
1999-07-29,GAPTQ-201203,26.783442,26.783442,26.495447,26.543446,24740.1
1999-07-30,GAPTQ-201203,26.639444,26.879438,26.543446,26.543446,57813.707
1999-08-02,GAPTQ-201203,26.543446,26.543446,26.35145,26.543446,46745.766
1999-08-03,GAPTQ-201203,26.543446,26.783442,26.495447,26.687443,54037.586
1999-08-04,GAPTQ-201203,26.687443,27.167433,26.687443,26.927439,83074.65
1999-08-05,GAPTQ-201203,26.879438,27.215431,26.591446,26.687443,87632.04
1999-08-06,GAPTQ-201203,26.495447,27.215431,26.495447,27.167433,119924.375
1999-08-09,GAPTQ-201203,27.167433,27.167433,26.735441,26.783442,59506.45
1999-08-10,GAPTQ-201203,26.83144,26.83144,25.967459,26.159454,77996.42
1999-08-11,GAPTQ-201203,26.255451,27.167433,26.207453,27.167433,52084.42
1999-08-12,GAPTQ-201203,27.167433,27.455427,26.975437,27.023436,56641.81
1999-08-13,GAPTQ-201203,27.071436,27.407429,26.975437,27.407429,42188.38
1999-08-16,GAPTQ-201203,27.31143,27.359428,26.927439,27.359428,55209.484
1999-08-17,GAPTQ-201203,27.455427,27.599424,27.215431,27.599424,119273.32
1999-08-18,GAPTQ-201203,27.743422,27.743422,26.687443,26.927439,125914.086
1999-08-19,GAPTQ-201203,26.83144,27.551426,26.639444,27.455427,67188.9
1999-08-20,GAPTQ-201203,27.455427,27.599424,27.263432,27.503426,51303.152
1999-08-23,GAPTQ-201203,27.647423,28.031416,27.647423,27.935417,68491.016
1999-08-24,GAPTQ-201203,28.223412,28.367409,27.599424,27.743422,47396.824
1999-08-25,GAPTQ-201203,27.887419,28.079414,27.743422,27.935417,53126.11
1999-08-26,GAPTQ-201203,27.79142,27.839418,27.359428,27.455427,101173.984
1999-08-27,GAPTQ-201203,27.455427,27.455427,26.83144,26.975437,72006.71
1999-08-30,GAPTQ-201203,27.023436,27.023436,26.159454,26.495447,113674.25
1999-08-31,GAPTQ-201203,26.447449,27.023436,26.159454,26.975437,91017.52
1999-09-01,GAPTQ-201203,26.879438,26.879438,26.207453,26.207453,64584.68
1999-09-02,GAPTQ-201203,26.255451,26.495447,26.111456,26.35145,79949.586
1999-09-03,GAPTQ-201203,26.639444,27.743422,26.639444,27.023436,89715.414
1999-09-07,GAPTQ-201203,27.023436,27.167433,26.783442,27.023436,62631.516
1999-09-08,GAPTQ-201203,27.071436,27.31143,26.83144,26.879438,54167.797
1999-09-09,GAPTQ-201203,27.023436,27.023436,26.591446,26.783442,50001.043
1999-09-10,GAPTQ-201203,26.783442,26.879438,26.447449,26.687443,42969.65
1999-09-13,GAPTQ-201203,26.975437,27.455427,26.927439,27.455427,60808.562
1999-09-14,GAPTQ-201203,27.407429,28.367409,27.263432,28.127413,88934.15
1999-09-15,GAPTQ-201203,28.223412,28.7514,27.887419,28.367409,149612.5
1999-09-16,GAPTQ-201203,27.647423,27.839418,27.263432,27.359428,82423.59
1999-09-17,GAPTQ-201203,27.455427,27.647423,27.263432,27.647423,96225.97
1999-09-20,GAPTQ-201203,27.743422,27.887419,27.263432,27.359428,90496.68
1999-09-21,GAPTQ-201203,26.879438,26.927439,26.111456,26.591446,86850.77
1999-09-22,GAPTQ-201203,26.687443,27.023436,26.687443,26.783442,81121.484
1999-09-23,GAPTQ-201203,26.591446,26.735441,26.063456,26.063456,133726.75
1999-09-24,GAPTQ-201203,25.967459,26.015457,25.631466,25.679464,111981.5
1999-09-27,GAPTQ-201203,25.679464,25.823462,25.199474,25.247473,157946
1999-09-28,GAPTQ-201203,25.295471,25.295471,23.903502,24.095497,184378.84
1999-09-29,GAPTQ-201203,24.191496,24.575487,23.855503,23.855503,172659.86
1999-09-30,GAPTQ-201203,24.143496,24.239494,23.279514,23.279514,170055.62
1999-10-01,GAPTQ-201203,23.327513,23.327513,22.751526,22.799524,189587.3
1999-10-04,GAPTQ-201203,22.943521,23.039518,22.847523,23.039518,170836.89
1999-10-05,GAPTQ-201203,22.943521,22.99152,22.751526,22.943521,99611.45
1999-10-06,GAPTQ-201203,22.847523,22.943521,22.559528,22.655527,202478.19
1999-10-07,GAPTQ-201203,22.655527,22.751526,22.271536,22.703526,341283.16
1999-10-08,GAPTQ-201203,22.655527,23.135517,22.51153,22.895523,228129.77
1999-10-11,GAPTQ-201203,22.799524,23.375513,22.703526,23.279514,52995.9
1999-10-12,GAPTQ-201203,23.279514,23.279514,23.135517,23.231516,196097.84
1999-10-13,GAPTQ-201203,23.212252,23.838308,23.212252,23.549358,157164.31
1999-10-14,GAPTQ-201203,23.501202,23.886467,23.501202,23.501202,132116.66
1999-10-15,GAPTQ-201203,23.693834,23.693834,23.115936,23.115936,114206.93
1999-10-18,GAPTQ-201203,22.923302,23.067778,22.682512,22.682512,101228.87
1999-10-19,GAPTQ-201203,22.778828,23.501202,22.682512,23.308569,67096.57
1999-10-20,GAPTQ-201203,23.404884,23.453043,22.441721,23.115936,110832.63
1999-10-21,GAPTQ-201203,23.212252,23.404884,22.923302,23.115936,46591.234
1999-10-22,GAPTQ-201203,23.164093,23.982782,23.164093,23.741991,103435.14
1999-10-25,GAPTQ-201203,23.645676,23.645676,23.115936,23.115936,36598.13
1999-10-26,GAPTQ-201203,23.115936,23.453043,22.441721,22.48988,63592.496
1999-10-27,GAPTQ-201203,22.48988,22.634354,22.056456,22.056456,83319.15
1999-10-28,GAPTQ-201203,22.249088,22.249088,21.623032,21.67119,148728.56
1999-10-29,GAPTQ-201203,21.863823,22.104612,21.767506,22.008297,187403.19
1999-11-01,GAPTQ-201203,22.056456,23.115936,22.008297,22.826986,151194.4
1999-11-02,GAPTQ-201203,23.067778,23.693834,23.067778,23.404884,140292.83
1999-11-03,GAPTQ-201203,23.404884,23.645676,23.164093,23.212252,114336.71
1999-11-04,GAPTQ-201203,23.308569,23.404884,22.778828,22.778828,120176.836
1999-11-05,GAPTQ-201203,22.97146,22.97146,22.586195,22.634354,205183.12
1999-11-08,GAPTQ-201203,22.634354,22.730669,22.441721,22.48988,137956.78
1999-11-09,GAPTQ-201203,22.634354,22.682512,21.67119,21.67119,148728.56
1999-11-10,GAPTQ-201203,21.478556,21.478556,19.744862,20.178286,406732.4
1999-11-11,GAPTQ-201203,20.178286,20.61171,19.841177,20.370918,258133.61
1999-11-12,GAPTQ-201203,20.32276,20.996975,20.32276,20.996975,125887.19
1999-11-15,GAPTQ-201203,20.996975,20.996975,20.659866,20.804342,129650.82
1999-11-16,GAPTQ-201203,20.8525,20.8525,20.467234,20.756184,249568.1
1999-11-17,GAPTQ-201203,20.8525,20.900658,20.659866,20.756184,160538.61
1999-11-18,GAPTQ-201203,20.804342,20.8525,20.515392,20.56355,164042.69
1999-11-19,GAPTQ-201203,20.515392,20.56355,19.841177,19.841177,97205.67
1999-11-22,GAPTQ-201203,19.841177,20.03381,19.648544,19.985653,115374.95
1999-11-23,GAPTQ-201203,19.889336,20.61171,19.696703,19.841177,243468.4
1999-11-24,GAPTQ-201203,19.841177,20.419077,19.648544,20.419077,225688.47
1999-11-26,GAPTQ-201203,20.32276,20.32276,19.985653,20.03381,71768.67
1999-11-29,GAPTQ-201203,19.985653,19.985653,19.166964,19.600388,233994.42
1999-11-30,GAPTQ-201203,19.455912,19.600388,18.878014,19.600388,260469.67
1999-12-01,GAPTQ-201203,19.600388,19.696703,19.359596,19.648544,186364.94
1999-12-02,GAPTQ-201203,19.648544,19.79302,19.263279,19.359596,282791.94
1999-12-03,GAPTQ-201203,19.359596,20.32276,19.359596,19.648544,254369.98
1999-12-06,GAPTQ-201203,19.455912,19.744862,19.022488,19.21512,331849
1999-12-07,GAPTQ-201203,19.21512,19.21512,18.878014,19.070646,232956.19
1999-12-08,GAPTQ-201203,19.070646,19.21512,18.97433,18.97433,129261.48
1999-12-09,GAPTQ-201203,19.022488,19.263279,18.97433,18.97433,166378.73
1999-12-10,GAPTQ-201203,19.022488,19.118805,18.926172,19.070646,238666.53
1999-12-13,GAPTQ-201203,19.166964,19.744862,18.97433,19.407755,304854.62
1999-12-14,GAPTQ-201203,19.50407,20.419077,19.50407,20.081968,198564.33
1999-12-15,GAPTQ-201203,19.841177,19.889336,19.022488,19.263279,165080.92
1999-12-16,GAPTQ-201203,19.070646,19.50407,18.97433,19.166964,208297.86
1999-12-17,GAPTQ-201203,19.21512,19.744862,19.022488,19.600388,206870.28
1999-12-20,GAPTQ-201203,19.407755,20.03381,19.359596,19.79302,168974.34
1999-12-21,GAPTQ-201203,20.130127,20.61171,19.937494,20.274601,218031.4
1999-12-22,GAPTQ-201203,20.467234,21.09329,20.467234,20.948816,157164.31
1999-12-23,GAPTQ-201203,20.900658,21.526714,20.8525,21.38224,157294.1
1999-12-27,GAPTQ-201203,21.574873,21.574873,20.900658,21.237766,181692.84
1999-12-28,GAPTQ-201203,21.045134,21.526714,21.045134,21.478556,106549.875
1999-12-29,GAPTQ-201203,21.38224,21.38224,20.900658,20.948816,83578.71
1999-12-30,GAPTQ-201203,20.900658,21.574873,20.804342,21.574873,80204.414
1999-12-31,GAPTQ-201203,21.719347,21.719347,21.285923,21.478556,70730.43
2000-01-03,GAPTQ-201203,21.767506,21.815664,21.334082,21.767506,253850.86
2000-01-04,GAPTQ-201203,21.67119,21.719347,21.478556,21.574873,248270.3
2000-01-05,GAPTQ-201203,21.574873,21.767506,21.478556,21.719347,186235.16
2000-01-06,GAPTQ-201203,21.767506,21.815664,21.285923,21.430399,197785.64
2000-01-07,GAPTQ-201203,21.411066,21.652725,21.169405,21.604393,126727.695
2000-01-10,GAPTQ-201203,21.507729,21.507729,20.879414,21.02441,110434.13
2000-01-11,GAPTQ-201203,20.976078,21.362734,20.78275,21.26607,165521.89
2000-01-12,GAPTQ-201203,21.314402,21.74939,21.169405,21.652725,131253.69
2000-01-13,GAPTQ-201203,21.55606,22.47437,21.507729,22.28104,188927.72
2000-01-14,GAPTQ-201203,22.232708,22.28104,21.894384,22.039381,203410.89
2000-01-18,GAPTQ-201203,22.039381,22.232708,21.894384,22.232708,167332.28
2000-01-19,GAPTQ-201203,22.232708,22.377705,22.232708,22.329372,147805.88
2000-01-20,GAPTQ-201203,22.232708,22.377705,21.942717,21.991049,245308.61
2000-01-21,GAPTQ-201203,22.184378,22.184378,21.652725,21.652725,188022.52
2000-01-24,GAPTQ-201203,21.701057,22.039381,21.26607,21.26607,184660.36
2000-01-25,GAPTQ-201203,21.26607,21.411066,20.879414,21.362734,144702.34
2000-01-26,GAPTQ-201203,21.26607,21.26607,20.879414,21.121073,113796.3
2000-01-27,GAPTQ-201203,21.072742,21.459396,20.927746,21.217737,206643.73
2000-01-28,GAPTQ-201203,21.121073,21.26607,20.686085,21.072742,146254.11
2000-01-31,GAPTQ-201203,20.976078,21.507729,20.492758,21.362734,136296.94
2000-02-01,GAPTQ-201203,21.26607,21.26607,20.202766,20.879414,140693.61
2000-02-02,GAPTQ-201203,20.976078,21.604393,20.589422,21.55606,127762.21
2000-02-03,GAPTQ-201203,21.459396,21.507729,20.29943,20.927746,92718.125
2000-02-04,GAPTQ-201203,20.831081,21.169405,20.347761,20.589422,64269.047
2000-02-07,GAPTQ-201203,20.589422,20.637754,19.236126,20.589422,197333.12
2000-02-08,GAPTQ-201203,20.686085,20.686085,20.009438,20.251099,76553.875
2000-02-09,GAPTQ-201203,20.154434,20.154434,19.33279,19.622782,119486.12
2000-02-10,GAPTQ-201203,19.52612,20.05777,19.236126,19.912773,349923.62
2000-02-11,GAPTQ-201203,19.912773,20.589422,19.912773,20.202766,112115.22
2000-02-14,GAPTQ-201203,20.106102,20.106102,19.57445,19.719446,105520.2
2000-02-15,GAPTQ-201203,19.767778,20.05777,19.767778,19.864443,124141.414
2000-02-16,GAPTQ-201203,20.05777,20.05777,19.719446,19.767778,174315.23
2000-02-17,GAPTQ-201203,19.671114,19.81611,19.33279,19.381123,121943.08
2000-02-18,GAPTQ-201203,19.236126,19.284458,18.801138,19.236126,142891.94
2000-02-22,GAPTQ-201203,19.236126,19.429455,18.752808,19.139462,105132.266
2000-02-23,GAPTQ-201203,18.946135,19.33279,18.946135,19.091131,67243.266
2000-02-24,GAPTQ-201203,19.139462,19.139462,17.8345,18.076159,128667.41
2000-02-25,GAPTQ-201203,18.172823,18.656143,18.12449,18.36615,106166.77
2000-02-28,GAPTQ-201203,18.221155,18.704475,18.221155,18.607811,162030.4
2000-02-29,GAPTQ-201203,18.559479,18.801138,18.076159,18.12449,154400.89
2000-03-01,GAPTQ-201203,17.979496,18.269487,17.8345,18.269487,171470.33
2000-03-02,GAPTQ-201203,18.269487,18.269487,17.544508,17.64117,278025.06
2000-03-03,GAPTQ-201203,17.737835,18.36615,17.592838,17.689503,164616.69
2000-03-06,GAPTQ-201203,17.496176,17.496176,16.771196,17.10952,186600.06
2000-03-07,GAPTQ-201203,17.10952,17.10952,16.094547,16.239544,165651.2
2000-03-08,GAPTQ-201203,16.287876,16.674532,16.191212,16.38454,277119.84
2000-03-09,GAPTQ-201203,16.529535,16.529535,16.287876,16.432873,159961.39
2000-03-10,GAPTQ-201203,16.38454,16.38454,15.707892,15.756224,183108.6
2000-03-13,GAPTQ-201203,15.369568,16.674532,13.919609,16.529535,591611.44
2000-03-14,GAPTQ-201203,15.949553,15.949553,14.161269,14.451261,578162.8
2000-03-15,GAPTQ-201203,14.451261,14.789585,13.387958,13.629618,654458.06
2000-03-16,GAPTQ-201203,13.629618,13.919609,13.339625,13.726281,527601
2000-03-17,GAPTQ-201203,13.726281,14.0162735,13.581285,14.0162735,451047.16
2000-03-20,GAPTQ-201203,14.112937,14.161269,13.581285,13.871277,211428.34
2000-03-21,GAPTQ-201203,13.871277,14.789585,13.774613,14.596256,282421.72
2000-03-22,GAPTQ-201203,14.644588,15.272904,14.547925,14.596256,306862.06
2000-03-23,GAPTQ-201203,14.499593,14.789585,14.306265,14.547925,124400.05
2000-03-24,GAPTQ-201203,14.402929,14.402929,13.677949,14.0162735,293672.03
2000-03-27,GAPTQ-201203,14.112937,14.2096,13.774613,13.822945,197333.12
2000-03-28,GAPTQ-201203,14.402929,14.982912,14.161269,14.741253,312810.5
2000-03-29,GAPTQ-201203,15.061926,15.547794,14.964752,15.061926,225626.86
2000-03-30,GAPTQ-201203,14.8675785,15.742142,14.8675785,15.1591,175201.7
2000-03-31,GAPTQ-201203,14.964752,15.402034,14.8675785,15.1591,276823.84
2000-04-03,GAPTQ-201203,15.1591,15.1591,14.624644,14.770405,143557.34
2000-04-04,GAPTQ-201203,14.916165,14.964752,13.409972,14.090188,398513.12
2000-04-05,GAPTQ-201203,14.235949,14.770405,13.9444275,14.284535,255984.86
2000-04-06,GAPTQ-201203,14.381709,15.061926,14.381709,14.527471,187036.17
2000-04-07,GAPTQ-201203,14.381709,14.624644,13.993014,14.381709,142656.89
2000-04-10,GAPTQ-201203,14.381709,14.381709,13.507146,13.60432,293289.2
2000-04-11,GAPTQ-201203,13.9444275,14.964752,13.895841,14.576057,190509.34
2000-04-12,GAPTQ-201203,14.527471,15.207686,14.527471,14.721818,159122.25
2000-04-13,GAPTQ-201203,14.770405,15.256273,14.770405,15.207686,371756.9
2000-04-14,GAPTQ-201203,15.013339,15.061926,14.187362,14.576057,300364.16
2000-04-17,GAPTQ-201203,14.284535,14.576057,13.993014,14.235949,158093.17
2000-04-18,GAPTQ-201203,14.041601,14.478883,13.507146,14.381709,208261.06
2000-04-19,GAPTQ-201203,14.381709,14.8675785,14.090188,14.721818,182276.66
2000-04-20,GAPTQ-201203,14.624644,14.770405,13.798667,14.187362,153205.02
2000-04-24,GAPTQ-201203,14.187362,14.235949,13.798667,14.138775,227685.03
2000-04-25,GAPTQ-201203,14.333122,14.673231,14.138775,14.576057,160408.61
2000-04-26,GAPTQ-201203,14.576057,14.721818,14.187362,14.430296,168898.56
2000-04-27,GAPTQ-201203,14.333122,14.381709,14.187362,14.235949,173915.34
2000-04-28,GAPTQ-201203,14.235949,14.333122,14.041601,14.235949,160794.52
2000-05-01,GAPTQ-201203,14.576057,15.207686,14.527471,14.818992,329950.34
2000-05-02,GAPTQ-201203,14.818992,15.256273,14.381709,14.381709,180347.12
2000-05-03,GAPTQ-201203,14.381709,14.721818,14.041601,14.187362,197970.2
2000-05-04,GAPTQ-201203,14.333122,14.381709,13.847254,14.187362,128249.7
2000-05-05,GAPTQ-201203,14.284535,14.430296,14.138775,14.430296,162338.14
2000-05-08,GAPTQ-201203,14.576057,14.721818,13.993014,14.187362,131980.14
2000-05-09,GAPTQ-201203,14.138775,14.721818,13.9444275,14.624644,132880.6
2000-05-10,GAPTQ-201203,14.673231,14.721818,14.235949,14.430296,124262
2000-05-11,GAPTQ-201203,14.624644,14.624644,14.333122,14.527471,171214
2000-05-12,GAPTQ-201203,14.624644,14.624644,13.9444275,14.090188,169541.73
2000-05-15,GAPTQ-201203,14.381709,14.964752,14.381709,14.770405,307953.66
2000-05-16,GAPTQ-201203,14.673231,14.916165,14.624644,14.673231,248009.45
2000-05-17,GAPTQ-201203,14.673231,14.673231,14.381709,14.576057,65346.89
2000-05-18,GAPTQ-201203,14.770405,14.770405,14.430296,14.624644,65990.07
2000-05-19,GAPTQ-201203,14.430296,14.576057,14.430296,14.430296,53512.414
2000-05-22,GAPTQ-201203,14.527471,14.624644,14.381709,14.576057,145744.14
2000-05-23,GAPTQ-201203,14.576057,14.721818,14.333122,14.333122,110626.625
2000-05-24,GAPTQ-201203,14.478883,14.576057,14.381709,14.478883,147673.69
2000-05-25,GAPTQ-201203,14.527471,14.527471,14.430296,14.478883,76152.28
2000-05-26,GAPTQ-201203,14.576057,14.673231,14.478883,14.576057,109211.63
2000-05-30,GAPTQ-201203,14.673231,14.770405,14.187362,14.284535,168641.28
2000-05-31,GAPTQ-201203,14.381709,14.527471,14.235949,14.284535,165039.48
2000-06-01,GAPTQ-201203,14.284535,14.624644,14.041601,14.430296,151018.2
2000-06-02,GAPTQ-201203,14.576057,14.576057,13.993014,14.090188,176873.97
2000-06-05,GAPTQ-201203,14.284535,14.284535,13.798667,14.138775,206717.42
2000-06-06,GAPTQ-201203,14.187362,14.187362,13.847254,13.847254,163753.14
2000-06-07,GAPTQ-201203,13.9444275,14.090188,13.895841,14.041601,126320.17
2000-06-08,GAPTQ-201203,14.090188,14.187362,13.60432,13.895841,173143.53
2000-06-09,GAPTQ-201203,13.993014,14.138775,13.9444275,14.090188,184592.11
2000-06-12,GAPTQ-201203,14.090188,14.235949,13.895841,13.9444275,184077.56
2000-06-13,GAPTQ-201203,13.9444275,13.9444275,13.60432,13.60432,223568.69
2000-06-14,GAPTQ-201203,13.3127985,13.847254,13.167038,13.701493,241963.58
2000-06-15,GAPTQ-201203,13.798667,13.895841,13.701493,13.75008,138411.92
2000-06-16,GAPTQ-201203,13.652906,13.701493,13.458559,13.507146,197584.3
2000-06-19,GAPTQ-201203,13.701493,13.798667,13.60432,13.60432,204659.25
2000-06-20,GAPTQ-201203,13.60432,13.9444275,13.60432,13.701493,280940.2
2000-06-21,GAPTQ-201203,13.798667,13.798667,13.555733,13.555733,99306.695
2000-06-22,GAPTQ-201203,13.555733,13.895841,13.555733,13.847254,186264.36
2000-06-23,GAPTQ-201203,13.9444275,13.993014,13.847254,13.895841,107539.375
2000-06-26,GAPTQ-201203,13.409972,13.458559,13.215625,13.3127985,138540.55
2000-06-27,GAPTQ-201203,13.215625,13.507146,13.167038,13.215625,183434.38
2000-06-28,GAPTQ-201203,13.215625,13.3127985,12.82693,12.924104,111141.17
2000-06-29,GAPTQ-201203,12.82693,13.021277,12.778343,12.82693,219066.45
2000-06-30,GAPTQ-201203,12.82693,13.021277,12.6811695,12.924104,136353.75
2000-07-03,GAPTQ-201203,12.632583,13.069864,12.632583,13.069864,64960.984
2000-07-05,GAPTQ-201203,12.778343,12.875517,12.535409,12.82693,163881.77
2000-07-06,GAPTQ-201203,12.729756,12.924104,12.729756,12.875517,81169.07
2000-07-07,GAPTQ-201203,12.778343,12.875517,12.6811695,12.778343,117058.41
2000-07-10,GAPTQ-201203,12.924104,12.924104,12.486822,12.6811695,197455.66
2000-07-11,GAPTQ-201203,12.6811695,12.82693,12.535409,12.632583,116929.77
2000-07-12,GAPTQ-201203,12.535409,12.778343,12.535409,12.6811695,104323.484
2000-07-13,GAPTQ-201203,12.6811695,12.82693,12.535409,12.583996,116672.5
2000-07-14,GAPTQ-201203,12.632583,12.729756,12.389648,12.438235,217908.72
2000-07-17,GAPTQ-201203,12.438235,12.535409,12.243888,12.292475,94675.81
2000-07-18,GAPTQ-201203,12.195301,12.243888,12.146714,12.146714,143171.44
2000-07-19,GAPTQ-201203,12.224955,12.273854,12.029355,12.029355,95348
2000-07-20,GAPTQ-201203,12.029355,12.078255,11.882656,11.931556,93430.82
2000-07-21,GAPTQ-201203,11.931556,12.127155,11.833756,11.882656,201815.67
2000-07-24,GAPTQ-201203,11.931556,11.931556,11.735956,11.735956,196319.75
2000-07-25,GAPTQ-201203,11.833756,11.833756,11.540357,11.638157,227505.95
2000-07-26,GAPTQ-201203,11.735956,11.735956,11.491457,11.491457,189290.06
2000-07-27,GAPTQ-201203,11.344758,11.638157,11.100259,11.1491585,399413.56
2000-07-28,GAPTQ-201203,11.246958,11.491457,11.198058,11.295858,172674.47
2000-07-31,GAPTQ-201203,11.442557,11.540357,11.198058,11.246958,124105.78
2000-08-01,GAPTQ-201203,11.246958,11.833756,11.198058,11.589257,155164.17
2000-08-02,GAPTQ-201203,11.638157,11.735956,11.393658,11.540357,59304.926
2000-08-03,GAPTQ-201203,11.540357,11.833756,11.491457,11.540357,155547.61
2000-08-04,GAPTQ-201203,11.540357,11.687057,11.442557,11.638157,106595.49
2000-08-07,GAPTQ-201203,11.540357,11.735956,11.393658,11.393658,118737.664
2000-08-08,GAPTQ-201203,11.393658,11.735956,11.393658,11.638157,141616.06
2000-08-09,GAPTQ-201203,11.638157,11.638157,11.1491585,11.246958,128707.02
2000-08-10,GAPTQ-201203,11.344758,11.540357,11.295858,11.344758,83589.266
2000-08-11,GAPTQ-201203,11.442557,11.931556,11.442557,11.833756,140465.75
2000-08-14,GAPTQ-201203,11.833756,11.833756,11.393658,11.638157,94836.75
2000-08-15,GAPTQ-201203,11.589257,11.833756,11.589257,11.687057,99182.375
2000-08-16,GAPTQ-201203,11.589257,11.882656,11.589257,11.784856,197981.31
2000-08-17,GAPTQ-201203,11.784856,11.931556,11.735956,11.833756,61094.297
2000-08-18,GAPTQ-201203,11.735956,12.029355,11.735956,11.735956,69785.54
2000-08-21,GAPTQ-201203,11.784856,12.273854,11.735956,11.980455,87040.2
2000-08-22,GAPTQ-201203,12.078255,12.273854,11.931556,12.029355,50230.25
2000-08-23,GAPTQ-201203,11.638157,11.735956,11.344758,11.442557,258308.73
2000-08-24,GAPTQ-201203,10.953559,10.953559,10.562361,10.75796,1173700.6
2000-08-25,GAPTQ-201203,10.75796,10.80686,10.70906,10.75796,282465.25
2000-08-28,GAPTQ-201203,10.75796,10.85576,10.66016,10.70906,507798.4
2000-08-29,GAPTQ-201203,10.61126,10.80686,10.464561,10.66016,3114019.8
2000-08-30,GAPTQ-201203,10.61126,11.051359,10.61126,10.904659,872830.44
2000-08-31,GAPTQ-201203,11.00246,11.1491585,10.904659,10.953559,322598.34
2000-09-01,GAPTQ-201203,10.85576,10.953559,10.80686,10.953559,375896.1
2000-09-05,GAPTQ-201203,10.953559,11.051359,10.904659,11.00246,199387.25
2000-09-06,GAPTQ-201203,11.051359,11.051359,10.80686,10.953559,169606.97
2000-09-07,GAPTQ-201203,10.66016,10.66016,9.975563,10.024463,820043.94
2000-09-08,GAPTQ-201203,9.633265,9.828863,9.388765,9.437665,556367.1
2000-09-11,GAPTQ-201203,9.388765,9.388765,8.899767,8.997566,397879.8
2000-09-12,GAPTQ-201203,9.193166,9.242065,8.801968,8.899767,220092.84
2000-09-13,GAPTQ-201203,8.850867,8.997566,8.753067,8.753067,140465.75
2000-09-14,GAPTQ-201203,8.850867,8.899767,8.704167,8.801968,229039.7
2000-09-15,GAPTQ-201203,8.753067,8.850867,8.704167,8.704167,220220.66
2000-09-18,GAPTQ-201203,8.753067,8.801968,8.606368,8.655268,611070.75
2000-09-19,GAPTQ-201203,8.606368,8.655268,8.606368,8.606368,219709.4
2000-09-20,GAPTQ-201203,8.557468,8.655268,8.508569,8.606368,415006.66
2000-09-21,GAPTQ-201203,8.557468,8.606368,8.4107685,8.4107685,126278.586
2000-09-22,GAPTQ-201203,8.312969,8.508569,8.312969,8.361869,163855.42
2000-09-25,GAPTQ-201203,8.4107685,8.557468,8.361869,8.361869,245399.69
2000-09-26,GAPTQ-201203,8.361869,8.508569,8.361869,8.361869,129985.15
2000-09-27,GAPTQ-201203,8.361869,8.606368,8.361869,8.508569,119248.91
2000-09-28,GAPTQ-201203,8.508569,8.655268,8.508569,8.508569,159637.61
2000-09-29,GAPTQ-201203,8.557468,8.655268,8.361869,8.655268,259331.23
2000-10-02,GAPTQ-201203,8.655268,8.655268,8.26407,8.26407,198748.19
2000-10-03,GAPTQ-201203,8.26407,8.361869,8.21517,8.312969,320681.16
2000-10-04,GAPTQ-201203,8.26407,8.361869,7.7261715,8.166269,247572.5
2000-10-05,GAPTQ-201203,8.166269,8.21517,7.872871,7.97067,121166.09
2000-10-06,GAPTQ-201203,8.01957,8.166269,7.9217706,8.06847,72341.78
2000-10-09,GAPTQ-201203,8.11737,8.11737,7.5794716,7.6772714,270195.28
2000-10-10,GAPTQ-201203,7.7261715,7.7261715,7.530572,7.6283717,62500.23
2000-10-11,GAPTQ-201203,7.6283717,7.6772714,7.237173,7.237173,228400.64
2000-10-12,GAPTQ-201203,7.334973,7.334973,7.041574,7.1393733,212168.48
2000-10-13,GAPTQ-201203,7.0207133,7.3173633,6.92183,7.21848,136903.83
2000-10-16,GAPTQ-201203,7.1690383,7.4162464,7.1690383,7.3173633,321085.6
2000-10-17,GAPTQ-201203,7.2679214,7.2679214,7.1195965,7.21848,97969.03
2000-10-18,GAPTQ-201203,7.21848,7.3668046,7.1195965,7.2679214,63458.652
2000-10-19,GAPTQ-201203,7.3668046,7.6634545,7.3173633,7.5645714,154854.28
2000-10-20,GAPTQ-201203,7.7128963,7.8117795,7.465688,7.5151296,169644.44
2000-10-23,GAPTQ-201203,7.465688,7.614013,7.3173633,7.614013,54483.426
2000-10-24,GAPTQ-201203,7.5645714,7.7128963,7.4162464,7.614013,54862.66
2000-10-25,GAPTQ-201203,7.5645714,7.5645714,7.4162464,7.5151296,63711.477
2000-10-26,GAPTQ-201203,7.465688,7.614013,7.1690383,7.465688,200236.06
2000-10-27,GAPTQ-201203,7.5151296,7.5645714,7.4162464,7.465688,35774.5
2000-10-30,GAPTQ-201203,7.465688,7.614013,7.465688,7.5151296,79512.93
2000-10-31,GAPTQ-201203,7.5151296,7.9106627,7.5151296,7.9106627,618911.5
2000-11-01,GAPTQ-201203,7.8117795,8.058988,7.8117795,7.9601045,132353
2000-11-02,GAPTQ-201203,7.9106627,7.9106627,7.5151296,7.614013,298205.1
2000-11-03,GAPTQ-201203,7.614013,7.614013,7.2679214,7.2679214,117183.61
2000-11-06,GAPTQ-201203,7.3668046,7.5645714,7.342084,7.3668046,102646.266
2000-11-07,GAPTQ-201203,7.3668046,7.465688,7.21848,7.4162464,120975.95
2000-11-08,GAPTQ-201203,7.3668046,7.465688,7.1690383,7.2679214,114528.96
2000-11-09,GAPTQ-201203,7.3173633,7.3173633,7.1195965,7.1690383,239170.86
2000-11-10,GAPTQ-201203,7.1690383,7.3173633,7.1690383,7.2679214,130204.01
2000-11-13,GAPTQ-201203,7.1690383,7.21848,6.8229465,6.8723884,202637.89
2000-11-14,GAPTQ-201203,6.8229465,6.9712715,6.7240634,6.8723884,368742.8
2000-11-15,GAPTQ-201203,6.9712715,7.1195965,6.8723884,7.0207133,105427.32
2000-11-16,GAPTQ-201203,6.9712715,7.3173633,6.9712715,7.21848,106185.79
2000-11-17,GAPTQ-201203,7.21848,7.21848,6.8723884,7.0207133,74582.875
2000-11-20,GAPTQ-201203,7.070155,7.070155,6.6746216,6.92183,126158.836
2000-11-21,GAPTQ-201203,6.92183,7.1195965,6.6746216,6.7240634,99106.74
2000-11-22,GAPTQ-201203,6.7240634,6.8229465,6.6251802,6.7240634,77363.94
2000-11-24,GAPTQ-201203,6.7240634,6.773505,6.5757384,6.6251802,30591.621
2000-11-27,GAPTQ-201203,6.6251802,6.6251802,6.377972,6.4274135,111874.31
2000-11-28,GAPTQ-201203,6.4768553,6.5757384,6.3285303,6.4274135,140949
2000-11-29,GAPTQ-201203,6.4768553,7.0207133,6.4768553,7.0207133,124515.484
2000-11-30,GAPTQ-201203,7.1195965,7.21848,6.4274135,6.4768553,157508.92
2000-12-01,GAPTQ-201203,6.773505,6.8229465,6.4768553,6.5757384,98601.09
2000-12-04,GAPTQ-201203,6.4274135,6.5757384,6.377972,6.4274135,79639.34
2000-12-05,GAPTQ-201203,6.4768553,6.526297,6.1802053,6.229647,121987.25
2000-12-06,GAPTQ-201203,5.537464,5.5869055,4.845281,5.0430474,654180.3
2000-12-07,GAPTQ-201203,5.0430474,5.0924892,4.8947225,5.0430474,186962.84
2000-12-08,GAPTQ-201203,5.0924892,5.685789,5.0430474,5.4880223,136018.94
2000-12-11,GAPTQ-201203,5.4880223,5.5869055,5.1913724,5.5869055,139558.47
2000-12-12,GAPTQ-201203,5.4880223,5.537464,5.141931,5.240814,340805.8
2000-12-13,GAPTQ-201203,5.290256,5.4385805,5.1913724,5.240814,296814.56
2000-12-14,GAPTQ-201203,5.240814,5.240814,5.0430474,5.240814,364697.62
2000-12-15,GAPTQ-201203,5.240814,5.290256,5.0430474,5.0430474,337013.47
2000-12-18,GAPTQ-201203,5.141931,5.141931,4.9441643,4.9441643,105174.5
2000-12-19,GAPTQ-201203,4.9441643,5.4385805,4.9441643,5.0430474,307938.78
2000-12-20,GAPTQ-201203,5.0924892,5.290256,4.993606,5.0430474,205292.53
2000-12-21,GAPTQ-201203,5.141931,5.4880223,4.993606,5.1913724,211233.88
2000-12-22,GAPTQ-201203,5.3396974,5.4385805,5.0924892,5.141931,141075.4
2000-12-26,GAPTQ-201203,5.1913724,5.1913724,4.746398,4.9441643,281392.34
2000-12-27,GAPTQ-201203,4.993606,5.0430474,4.845281,5.0430474,216543.17
2000-12-28,GAPTQ-201203,4.993606,5.389139,4.993606,5.290256,219324.22
2000-12-29,GAPTQ-201203,5.290256,5.6363473,5.1913724,5.537464,270647.34
2001-01-02,GAPTQ-201203,5.6363473,5.6363473,5.3396974,5.4880223,90510.74
2001-01-03,GAPTQ-201203,5.5869055,5.6363473,5.240814,5.290256,179883.78
2001-01-04,GAPTQ-201203,5.141931,5.8835554,5.0430474,5.4385805,236895.44
2001-01-05,GAPTQ-201203,5.4880223,6.0318804,5.3396974,5.7352304,239044.44
2001-01-08,GAPTQ-201203,5.685789,6.0318804,5.5869055,5.8835554,141201.83
2001-01-09,GAPTQ-201203,5.982439,6.526297,5.982439,6.526297,294918.4
2001-01-10,GAPTQ-201203,6.6251802,6.7240634,6.229647,6.5757384,206809.47
2001-01-11,GAPTQ-201203,6.6251802,6.8229465,6.4768553,6.6746216,188100.55
2001-01-12,GAPTQ-201203,6.6746216,7.1195965,6.6746216,6.9712715,189996.72
2001-01-16,GAPTQ-201203,6.8723884,7.0207133,6.8229465,6.9712715,194926.78
2001-01-17,GAPTQ-201203,7.0207133,7.21848,7.0207133,7.070155,136145.36
2001-01-18,GAPTQ-201203,7.1195965,7.2679214,7.070155,7.070155,71928.234
2001-01-19,GAPTQ-201203,7.1195965,7.5151296,7.1195965,7.5151296,171540.62
2001-01-22,GAPTQ-201203,7.5151296,7.5151296,7.3173633,7.3668046,74709.29
2001-01-23,GAPTQ-201203,7.4162464,7.762338,7.4162464,7.7128963,206683.06
2001-01-24,GAPTQ-201203,7.762338,7.8117795,7.5151296,7.5645714,111115.84
2001-01-25,GAPTQ-201203,7.7128963,7.762338,7.5151296,7.614013,81409.11
2001-01-26,GAPTQ-201203,7.7128963,7.8117795,6.9712715,7.21848,159910.75
2001-01-29,GAPTQ-201203,7.2224355,7.815735,7.008847,7.815735,153969.39
2001-01-30,GAPTQ-201203,7.815735,7.8394666,7.4043803,7.507219,134249.17
2001-01-31,GAPTQ-201203,7.578415,8.10843,7.578415,7.902752,225644.81
2001-02-01,GAPTQ-201203,7.807824,8.140072,7.6337895,8.140072,71928.234
2001-02-02,GAPTQ-201203,8.068876,8.456498,8.068876,8.456498,162565.39
2001-02-05,GAPTQ-201203,8.306196,8.367504,7.9106627,8.36157,113391.26
2001-02-06,GAPTQ-201203,8.36157,8.377392,8.203358,8.306196,93671.04
2001-02-07,GAPTQ-201203,8.227089,8.614712,8.068876,8.575159,101002.914
2001-02-08,GAPTQ-201203,8.58307,9.113084,8.567247,9.049798,199983.23
2001-02-09,GAPTQ-201203,9.041888,9.374136,8.741282,9.374136,169644.44
2001-02-12,GAPTQ-201203,9.287118,9.334582,8.867853,9.334582,113770.49
2001-02-13,GAPTQ-201203,9.295029,9.295029,8.978602,9.026066,216290.34
2001-02-14,GAPTQ-201203,8.94696,8.94696,8.543516,8.59889,75973.41
2001-02-15,GAPTQ-201203,8.677998,8.725461,8.567247,8.685907,171793.44
2001-02-16,GAPTQ-201203,8.6226225,8.737328,8.58307,8.614712,77616.76
2001-02-20,GAPTQ-201203,8.662176,8.701729,8.322018,8.488141,125653.19
2001-02-21,GAPTQ-201203,8.488141,8.496052,8.235,8.266643,72560.29
2001-02-22,GAPTQ-201203,8.029323,8.432767,8.029323,8.266643,174827.33
2001-02-23,GAPTQ-201203,8.34575,8.34575,8.068876,8.140072,146131.88
2001-02-26,GAPTQ-201203,8.10843,8.424855,8.068876,8.424855,141454.64
2001-02-27,GAPTQ-201203,8.147983,8.147983,7.9106627,8.029323,131720.95
2001-02-28,GAPTQ-201203,8.068876,8.068876,7.554683,7.554683,89120.22
2001-03-01,GAPTQ-201203,7.6337895,7.649611,7.198704,7.4518447,318178.12
2001-03-02,GAPTQ-201203,7.3569164,7.594237,7.3173633,7.594237,78754.46
2001-03-05,GAPTQ-201203,7.5151296,7.594237,7.4360228,7.5863256,37165.027
2001-03-06,GAPTQ-201203,7.507219,7.523041,7.2778096,7.4360228,71296.17
2001-03-07,GAPTQ-201203,7.420202,7.554683,7.3173633,7.5388618,40198.906
2001-03-08,GAPTQ-201203,7.6733427,7.75245,7.4439335,7.6733427,103025.5
2001-03-09,GAPTQ-201203,7.681254,7.831556,7.594237,7.7999134,64596.355
2001-03-12,GAPTQ-201203,7.9106627,8.029323,7.823646,7.9502163,88235.336
2001-03-13,GAPTQ-201203,7.958127,7.958127,7.7603607,7.831556,87097.63
2001-03-14,GAPTQ-201203,7.4755764,7.5309515,7.3173633,7.3569164,92154.09
2001-03-15,GAPTQ-201203,7.3806486,7.3885593,6.92183,7.0800433,111621.49
2001-03-16,GAPTQ-201203,7.3173633,7.3885593,7.0800433,7.0800433,70790.53
2001-03-19,GAPTQ-201203,7.15915,7.198704,6.929741,7.1907926,56632.42
2001-03-20,GAPTQ-201203,7.1907926,7.3173633,7.15915,7.167061,103531.15
2001-03-21,GAPTQ-201203,7.1195965,7.1907926,7.000937,7.000937,59287.066
2001-03-22,GAPTQ-201203,6.929741,7.0246687,6.731974,6.985115,155991.98
2001-03-23,GAPTQ-201203,7.0642223,7.1116858,6.92183,7.008847,86339.164
2001-03-26,GAPTQ-201203,6.9692945,7.2145243,6.9613833,7.0404897,73697.99
2001-03-27,GAPTQ-201203,7.0404897,7.3569164,6.9534726,7.254078,68515.12
2001-03-28,GAPTQ-201203,7.3173633,7.3490057,7.1195965,7.1195965,45887.43
2001-03-29,GAPTQ-201203,7.127507,7.3885593,7.087954,7.3015413,56758.832
2001-03-30,GAPTQ-201203,7.3173633,7.507219,7.1195965,7.2382565,275071.75
2001-04-02,GAPTQ-201203,7.15915,7.3569164,6.9772043,7.000937,59034.242
2001-04-03,GAPTQ-201203,6.92183,7.3094525,6.850634,7.0642223,94808.74
2001-04-04,GAPTQ-201203,7.0404897,7.4360228,6.842723,6.92183,220335.52
2001-04-05,GAPTQ-201203,7.198704,7.4755764,6.9613833,7.056311,287839.34
2001-04-06,GAPTQ-201203,6.9772043,7.0404897,6.850634,6.850634,101508.56
2001-04-09,GAPTQ-201203,6.858545,6.8822765,6.6449566,6.7240634,111368.67
2001-04-10,GAPTQ-201203,6.6449566,6.80317,6.6133137,6.6449566,154854.28
2001-04-11,GAPTQ-201203,6.842723,6.8980985,6.534208,6.5658503,121860.836
2001-04-12,GAPTQ-201203,6.5658503,6.763617,6.423458,6.494654,47025.137
2001-04-16,GAPTQ-201203,6.44719,6.5579395,6.407637,6.431369,149418.58
2001-04-17,GAPTQ-201203,6.44719,6.6449566,6.3918157,6.605404,59413.48
2001-04-18,GAPTQ-201203,6.526297,6.7873487,6.4867435,6.7873487,108966.85
2001-04-19,GAPTQ-201203,6.708242,7.15915,6.708242,7.0484004,69779.234
2001-04-20,GAPTQ-201203,7.1195965,7.254078,7.0800433,7.1195965,48036.43
2001-04-23,GAPTQ-201203,7.1195965,7.2778096,6.92183,7.056311,64722.77
2001-04-24,GAPTQ-201203,7.1354184,7.3569164,7.1354184,7.2936316,77995.99
2001-04-25,GAPTQ-201203,7.3569164,7.523041,7.2936316,7.5151296,73192.35
2001-04-26,GAPTQ-201203,7.5151296,8.068876,7.5151296,7.847378,219324.22
2001-04-27,GAPTQ-201203,7.8552885,8.0926075,7.847378,8.0926075,120596.72
2001-04-30,GAPTQ-201203,8.306196,9.809221,8.306196,9.809221,458115.84
2001-05-01,GAPTQ-201203,9.492796,9.571902,8.70964,8.986513,196696.53
2001-05-02,GAPTQ-201203,8.907407,9.983256,8.907407,9.508617,192272.12
2001-05-03,GAPTQ-201203,9.516527,9.611455,9.413689,9.611455,75467.76
2001-05-04,GAPTQ-201203,9.611455,9.690562,9.342493,9.342493,126664.48
2001-05-07,GAPTQ-201203,9.421599,10.046542,9.302939,9.31085,113896.91
2001-05-08,GAPTQ-201203,9.057709,9.271297,8.5039625,8.733372,164335.16
2001-05-09,GAPTQ-201203,8.852032,8.899496,8.519784,8.693818,94808.74
2001-05-10,GAPTQ-201203,8.464409,8.58307,7.728718,8.258732,204660.47
2001-05-11,GAPTQ-201203,8.258732,8.464409,7.98977,8.013501,75341.34
2001-05-14,GAPTQ-201203,8.068876,8.47232,8.068876,8.337839,62447.36
2001-05-15,GAPTQ-201203,8.337839,8.780836,8.24291,8.432767,97589.8
2001-05-16,GAPTQ-201203,8.464409,8.859942,8.464409,8.543516,133869.94
2001-05-17,GAPTQ-201203,8.5039625,8.567247,8.34575,8.464409,58781.42
2001-05-18,GAPTQ-201203,8.47232,9.097262,8.47232,8.94696,113517.664
2001-05-21,GAPTQ-201203,9.018155,9.674741,9.018155,9.42951,176849.9
2001-05-22,GAPTQ-201203,9.42951,9.6826515,9.295029,9.31085,133237.89
2001-05-23,GAPTQ-201203,9.453242,9.524438,9.136816,9.144727,145373.4
2001-05-24,GAPTQ-201203,9.295029,9.405779,9.17637,9.255475,118953.37
2001-05-25,GAPTQ-201203,9.295029,9.405779,9.255475,9.326672,75088.52
2001-05-29,GAPTQ-201203,9.255475,9.255475,9.07353,9.200101,172299.1
2001-05-30,GAPTQ-201203,9.17637,9.318761,8.859942,9.318761,133743.53
2001-05-31,GAPTQ-201203,9.215922,9.239655,9.018155,9.168458,114276.14
2001-06-01,GAPTQ-201203,9.113084,9.809221,9.026066,9.809221,98727.5
2001-06-04,GAPTQ-201203,9.809221,10.204755,9.651009,9.825044,146890.34
2001-06-05,GAPTQ-201203,9.730116,10.560736,9.730116,10.544913,191008.02
2001-06-06,GAPTQ-201203,10.544913,10.877161,10.339236,10.50536,209843.34
2001-06-07,GAPTQ-201203,10.442075,10.442075,10.244308,10.283862,148912.94
2001-06-08,GAPTQ-201203,10.204755,10.283862,9.809221,9.888329,165599.27
2001-06-11,GAPTQ-201203,9.967436,10.244308,9.967436,10.046542,103404.734
2001-06-12,GAPTQ-201203,10.1256485,11.430907,9.848775,11.074928,242583.97
2001-06-13,GAPTQ-201203,10.964178,10.964178,10.679395,10.86925,114655.375
2001-06-14,GAPTQ-201203,10.750591,11.074928,10.481628,10.798055,116551.55
2001-06-15,GAPTQ-201203,10.758502,10.877161,10.362968,10.362968,114402.55
2001-06-18,GAPTQ-201203,10.283862,11.288516,10.275951,11.114482,228805.1
2001-06-19,GAPTQ-201203,11.074928,11.668228,10.916715,11.391355,167242.62
2001-06-20,GAPTQ-201203,11.312248,11.826441,10.726859,10.726859,264958.84
2001-06-21,GAPTQ-201203,10.805965,11.248962,10.805965,11.114482,227414.56
2001-06-22,GAPTQ-201203,11.114482,11.707781,10.916715,10.916715,207947.17
2001-06-25,GAPTQ-201203,10.837608,11.011642,10.481628,10.750591,141581.06
2001-06-26,GAPTQ-201203,10.766412,11.035375,10.465807,10.916715,172804.73
2001-06-27,GAPTQ-201203,10.916715,11.114482,10.600288,10.821787,151441.17
2001-06-28,GAPTQ-201203,10.821787,10.916715,10.718948,10.7743225,82167.58
2001-06-29,GAPTQ-201203,10.7743225,11.707781,10.726859,11.707781,216922.4
2001-07-02,GAPTQ-201203,11.707781,11.707781,11.241052,11.241052,163197.45
2001-07-03,GAPTQ-201203,11.241052,11.470461,10.956268,11.035375,141328.23
2001-07-05,GAPTQ-201203,10.956268,10.956268,10.442075,10.679395,145499.81
2001-07-06,GAPTQ-201203,10.734769,11.035375,10.362968,10.726859,108081.97
2001-07-09,GAPTQ-201203,10.726859,10.726859,10.442075,10.442075,144235.7
2001-07-10,GAPTQ-201203,10.283862,10.402521,9.888329,9.896239,298205.1
2001-07-11,GAPTQ-201203,9.967436,10.157291,9.809221,10.046542,95693.625
2001-07-12,GAPTQ-201203,9.967436,10.639841,9.967436,10.521182,237780.33
2001-07-13,GAPTQ-201203,10.529093,10.877161,10.402521,10.639841,170782.14
2001-07-16,GAPTQ-201203,10.560736,10.758502,10.529093,10.758502,98727.5
2001-07-17,GAPTQ-201203,10.85343,10.956268,10.679395,10.956268,102014.2
2001-07-18,GAPTQ-201203,11.233141,11.6286745,11.154035,11.581211,245112.2
2001-07-19,GAPTQ-201203,11.581211,11.69987,11.478372,11.6286745,123757.016
2001-07-20,GAPTQ-201203,11.660316,12.261527,11.589121,12.182421,207694.36
2001-07-23,GAPTQ-201203,12.095404,12.095404,11.312248,11.589121,196317.3
2001-07-24,GAPTQ-201203,11.731513,11.984654,11.668228,11.865994,130709.66
2001-07-25,GAPTQ-201203,11.960922,12.419741,11.945102,12.269439,213003.64
2001-07-26,GAPTQ-201203,12.190331,12.617507,12.119135,12.577953,190375.95
2001-07-27,GAPTQ-201203,12.577953,12.90229,12.506759,12.8073635,158646.62
2001-07-30,GAPTQ-201203,12.696613,13.052594,12.664971,12.981398,119711.836
2001-07-31,GAPTQ-201203,12.941845,13.550965,12.89438,13.139611,188606.19
2001-08-01,GAPTQ-201203,13.218717,13.914856,13.052594,13.891124,260281.6
2001-08-02,GAPTQ-201203,13.8120165,13.83575,13.376931,13.645893,186962.84
2001-08-03,GAPTQ-201203,13.645893,14.104712,13.590519,13.8120165,121228.78
2001-08-06,GAPTQ-201203,13.827838,13.84366,13.764553,13.788285,100750.09
2001-08-07,GAPTQ-201203,13.788285,13.827838,13.645893,13.827838,118068.484
2001-08-08,GAPTQ-201203,13.827838,14.175908,13.8120165,14.160087,122872.13
2001-08-09,GAPTQ-201203,14.160087,14.334122,14.096801,14.334122,201500.19
2001-08-10,GAPTQ-201203,14.239193,14.68219,14.001874,14.595174,149039.34
2001-08-13,GAPTQ-201203,14.516067,14.579352,14.160087,14.56353,103910.38
2001-08-14,GAPTQ-201203,14.618905,15.243848,14.618905,15.109366,229942.8
2001-08-15,GAPTQ-201203,15.109366,15.188474,15.030259,15.188474,117562.84
2001-08-16,GAPTQ-201203,15.03817,15.315043,14.951153,15.307133,99233.15
2001-08-17,GAPTQ-201203,15.188474,15.860879,15.188474,15.813415,243848.08
2001-08-20,GAPTQ-201203,15.813415,15.813415,15.164741,15.512811,195811.66
2001-08-21,GAPTQ-201203,15.346685,16.019093,15.267579,16.019093,323487.44
2001-08-22,GAPTQ-201203,16.019093,16.0982,15.441614,15.710577,213003.64
2001-08-23,GAPTQ-201203,15.781773,16.10611,15.781773,16.058645,114781.78
2001-08-24,GAPTQ-201203,16.058645,16.058645,14.278746,15.148919,516518.03
2001-08-27,GAPTQ-201203,14.951153,15.180563,14.160087,14.935331,281392.34
2001-08-28,GAPTQ-201203,14.935331,14.974885,14.753386,14.856225,176217.84
2001-08-29,GAPTQ-201203,14.80085,14.9116,14.326211,14.848314,78501.64
2001-08-30,GAPTQ-201203,14.8720455,14.8720455,14.603083,14.698011,55621.13
2001-08-31,GAPTQ-201203,14.658459,14.79294,14.603083,14.658459,88740.984
2001-09-04,GAPTQ-201203,14.658459,14.935331,14.658459,14.753386,73065.94
2001-09-05,GAPTQ-201203,14.674279,14.832493,14.555619,14.713833,187215.66
2001-09-06,GAPTQ-201203,14.79294,14.848314,14.595174,14.737564,95314.39
2001-09-07,GAPTQ-201203,14.713833,14.713833,14.3183,14.484424,66492.53
2001-09-10,GAPTQ-201203,14.397408,14.397408,12.657061,12.846916,234493.62
2001-09-17,GAPTQ-201203,12.657061,12.657061,12.403919,12.483026,128181.42
2001-09-18,GAPTQ-201203,12.483026,12.577953,11.873905,11.873905,108334.79
2001-09-19,GAPTQ-201203,11.826441,11.834352,11.193587,11.470461,153842.98
2001-09-20,GAPTQ-201203,11.391355,11.612853,11.193587,11.296427,120217.484
2001-09-21,GAPTQ-201203,10.995821,11.035375,10.244308,10.426254,311731.16
2001-09-24,GAPTQ-201203,10.442075,10.782233,10.402521,10.782233,143603.64
2001-09-25,GAPTQ-201203,10.837608,11.154035,10.837608,11.035375,139937.7
2001-09-26,GAPTQ-201203,11.074928,11.074928,10.299684,10.537003,157888.16
2001-09-27,GAPTQ-201203,10.521182,10.829698,10.347147,10.805965,91016.39
2001-09-28,GAPTQ-201203,10.758502,11.4229965,10.758502,11.320159,289861.94
2001-10-01,GAPTQ-201203,11.241052,11.3043375,11.074928,11.138213,125273.95
2001-10-02,GAPTQ-201203,11.138213,11.21732,11.035375,11.09075,193662.66
2001-10-03,GAPTQ-201203,11.09075,12.245706,11.09075,12.182421,184181.78
2001-10-04,GAPTQ-201203,12.190331,12.190331,11.201499,11.557478,161301.28
2001-10-05,GAPTQ-201203,11.636585,11.865994,11.430907,11.6286745,87350.45
2001-10-08,GAPTQ-201203,11.597032,11.834352,11.470461,11.723602,60930.418
2001-10-09,GAPTQ-201203,11.644496,11.826441,11.557478,11.668228,30591.621
2001-10-10,GAPTQ-201203,11.7473345,12.340634,11.7473345,12.182421,110863.02
2001-10-11,GAPTQ-201203,12.103314,12.799453,12.024207,12.024207,131088.89
2001-10-12,GAPTQ-201203,12.142868,13.1317005,12.142868,12.989308,279622.6
2001-10-15,GAPTQ-201203,13.448127,13.685446,13.345289,13.685446,200615.3
2001-10-16,GAPTQ-201203,13.60634,13.891124,13.503501,13.891124,128181.42
2001-10-17,GAPTQ-201203,13.891124,13.938589,13.4876795,13.49559,78122.41
2001-10-18,GAPTQ-201203,13.448127,14.120534,13.392753,14.009783,116551.55
2001-10-19,GAPTQ-201203,14.357853,14.713833,14.3103895,14.579352,218818.58
2001-10-22,GAPTQ-201203,14.713833,14.713833,14.239193,14.43696,169012.39
2001-10-23,GAPTQ-201203,14.595174,14.8720455,14.397408,14.745475,139558.47
2001-10-24,GAPTQ-201203,14.745475,14.745475,14.3183,14.3183,104921.67
2001-10-25,GAPTQ-201203,14.357853,14.832493,13.993963,14.674279,163829.5
2001-10-26,GAPTQ-201203,14.68219,14.8720455,13.993963,14.357853,296561.75
2001-10-29,GAPTQ-201203,14.405316,14.626816,14.160087,14.239193,101887.8
2001-10-30,GAPTQ-201203,14.247104,14.674279,14.057248,14.349942,183802.55
2001-10-31,GAPTQ-201203,14.349942,14.698011,14.278746,14.698011,112127.14
2001-11-01,GAPTQ-201203,14.698011,14.864137,14.397408,14.397408,143224.4
2001-11-02,GAPTQ-201203,14.555619,14.832493,14.357853,14.405316,93038.98
2001-11-05,GAPTQ-201203,14.405316,14.808761,14.397408,14.523977,145373.4
2001-11-06,GAPTQ-201203,14.523977,14.753386,14.523977,14.729655,139305.64
2001-11-07,GAPTQ-201203,14.729655,15.228026,14.650548,14.666369,114781.78
2001-11-08,GAPTQ-201203,14.745475,14.919511,14.516067,14.603083,92280.51
2001-11-09,GAPTQ-201203,14.634727,14.634727,14.357853,14.571441,37038.617
2001-11-12,GAPTQ-201203,14.516067,14.824582,14.43696,14.808761,87350.45
2001-11-13,GAPTQ-201203,14.8720455,15.030259,14.8720455,15.030259,160795.62
2001-11-14,GAPTQ-201203,15.821325,16.446268,15.671022,16.414625,531687.44
2001-11-15,GAPTQ-201203,16.454178,17.245245,16.454178,17.150318,354837.53
2001-11-16,GAPTQ-201203,17.482565,17.53794,16.889265,17.015837,189238.25
2001-11-19,GAPTQ-201203,17.087032,17.601225,17.05539,17.482565,277852.8
2001-11-20,GAPTQ-201203,17.522118,18.210346,17.44301,18.14706,348390.53
2001-11-21,GAPTQ-201203,18.14706,18.186613,17.814814,18.02049,223369.39
2001-11-23,GAPTQ-201203,18.154972,18.392292,18.131239,18.38438,80650.64
2001-11-26,GAPTQ-201203,18.392292,18.787825,18.194525,18.321095,244732.97
2001-11-27,GAPTQ-201203,18.321095,18.708717,18.202435,18.51095,126411.66
2001-11-28,GAPTQ-201203,18.431845,18.661253,18.249899,18.550505,175838.61
2001-11-29,GAPTQ-201203,18.550505,18.74036,18.091686,18.329006,107197.086
2001-11-30,GAPTQ-201203,18.392292,19.088428,18.234077,18.946037,300606.9
2001-12-03,GAPTQ-201203,18.946037,19.373213,18.748272,19.294106,290746.8
2001-12-04,GAPTQ-201203,19.302017,19.539337,18.906485,19.476053,198339.89
2001-12-05,GAPTQ-201203,19.499784,19.863674,19.499784,19.81621,299089.97
2001-12-06,GAPTQ-201203,19.776657,20.504438,19.737104,20.504438,188985.42
2001-12-07,GAPTQ-201203,20.40951,20.504438,20.156368,20.28294,138167.94
2001-12-10,GAPTQ-201203,20.17219,20.28294,19.460232,20.069353,130962.48
2001-12-11,GAPTQ-201203,19.871586,19.879496,17.403458,17.78317,633954.44
2001-12-12,GAPTQ-201203,17.78317,18.471397,15.354596,16.34343,1084485.6
2001-12-13,GAPTQ-201203,16.454178,18.226168,16.382982,17.704063,527263
2001-12-14,GAPTQ-201203,17.901829,18.550505,17.806902,18.550505,212498
2001-12-17,GAPTQ-201203,18.550505,18.97768,17.719885,18.62961,259902.36
2001-12-18,GAPTQ-201203,18.62961,19.262465,17.996758,18.186613,232344.62
2001-12-19,GAPTQ-201203,18.186613,18.708717,18.099596,18.51095,148912.94
2001-12-20,GAPTQ-201203,18.62961,18.906485,18.321095,18.344828,99738.8
2001-12-21,GAPTQ-201203,18.344828,19.22291,18.194525,19.017235,186836.42
2001-12-24,GAPTQ-201203,19.025145,19.064697,18.787825,19.017235,46013.844
2001-12-26,GAPTQ-201203,19.143805,20.330404,19.143805,20.203835,193409.83
2001-12-27,GAPTQ-201203,20.203835,20.330404,19.302017,19.499784,293022.22
2001-12-28,GAPTQ-201203,19.57098,19.57098,18.716629,18.890663,225771.22
2001-12-31,GAPTQ-201203,19.025145,19.294106,18.748272,18.811558,161933.33
2002-01-02,GAPTQ-201203,18.827377,18.985592,18.590057,18.985592,134754.83
2002-01-03,GAPTQ-201203,19.10425,19.57889,19.10425,19.57889,266855
2002-01-04,GAPTQ-201203,19.57889,20.053532,19.555159,20.013977,176976.31
2002-01-07,GAPTQ-201203,19.974424,19.974424,19.420677,19.92696,268245.53
2002-01-08,GAPTQ-201203,19.92696,20.069353,19.420677,19.990246,213509.28
2002-01-09,GAPTQ-201203,20.013977,20.17219,19.950691,19.990246,141707.47
2002-01-10,GAPTQ-201203,19.934872,20.17219,19.539337,19.895317,138547.17
2002-01-11,GAPTQ-201203,19.966513,19.974424,19.657997,19.903227,125526.77
2002-01-14,GAPTQ-201203,19.966513,19.974424,19.460232,19.539337,163197.45
2002-01-15,GAPTQ-201203,19.626354,19.626354,18.969769,19.302017,97842.625
2002-01-16,GAPTQ-201203,19.302017,19.657997,19.191269,19.381124,117057.195
2002-01-17,GAPTQ-201203,19.33366,19.57889,19.183357,19.57098,59160.656
2002-01-18,GAPTQ-201203,19.57098,19.657997,18.787825,18.795734,116677.96
2002-01-22,GAPTQ-201203,18.558414,18.914394,17.403458,18.882753,256868.48
2002-01-23,GAPTQ-201203,18.787825,19.302017,18.787825,19.294106,102772.68
2002-01-24,GAPTQ-201203,19.420677,19.776657,19.381124,19.729193,143098
2002-01-25,GAPTQ-201203,19.729193,19.776657,19.302017,19.634266,110989.44
2002-01-28,GAPTQ-201203,19.57889,20.16428,19.539337,20.037708,132226.6
2002-01-29,GAPTQ-201203,19.705462,19.934872,19.09634,19.302017,180642.25
2002-01-30,GAPTQ-201203,19.302017,19.737104,19.191269,19.69755,105048.086
2002-01-31,GAPTQ-201203,19.855764,20.369957,19.855764,20.362045,203396.36
2002-02-01,GAPTQ-201203,20.362045,20.362045,19.610535,19.824121,173689.61
2002-02-04,GAPTQ-201203,19.420677,19.911139,19.381124,19.539337,182917.67
2002-02-05,GAPTQ-201203,19.681728,19.91905,19.57098,19.91905,167116.2
2002-02-06,GAPTQ-201203,19.974424,20.029799,19.302017,19.302017,120849.55
2002-02-07,GAPTQ-201203,19.302017,19.302017,18.827377,18.985592,196696.53
2002-02-08,GAPTQ-201203,18.985592,19.246643,18.51095,18.708717,223622.22
2002-02-11,GAPTQ-201203,18.669165,19.531427,18.582148,19.507694,110610.2
2002-02-12,GAPTQ-201203,19.460232,20.17219,19.381124,19.713371,182538.44
2002-02-13,GAPTQ-201203,19.768747,20.243387,19.768747,20.006067,162818.22
2002-02-14,GAPTQ-201203,20.006067,20.559813,19.895317,20.17219,248146.08
2002-02-15,GAPTQ-201203,20.29085,20.694294,20.17219,20.267118,209716.94
2002-02-19,GAPTQ-201203,20.069353,20.251297,19.871586,20.16428,133111.47
2002-02-20,GAPTQ-201203,20.567724,20.844597,20.456974,20.694294,997893.6
2002-02-21,GAPTQ-201203,20.88415,21.1452,20.725937,20.923704,284552.62
2002-02-22,GAPTQ-201203,20.923704,21.770145,20.923704,21.517004,246755.55
2002-02-25,GAPTQ-201203,21.71477,21.991642,21.517004,21.975822,158014.58
2002-02-26,GAPTQ-201203,21.95209,22.149857,21.635664,21.95209,96831.33
2002-02-27,GAPTQ-201203,21.94418,21.94418,21.517004,21.754322,103783.97
2002-02-28,GAPTQ-201203,21.564466,21.904627,21.026543,21.437897,219324.22
2002-03-01,GAPTQ-201203,21.556557,21.912537,21.398342,21.912537,132605.83
2002-03-04,GAPTQ-201203,21.912537,22.07075,21.445808,21.896715,148028.05
2002-03-05,GAPTQ-201203,21.83343,21.83343,21.200577,21.208487,181147.9
2002-03-06,GAPTQ-201203,21.279682,21.675217,20.662653,21.5882,207947.17
2002-03-07,GAPTQ-201203,21.509092,21.517004,21.184755,21.287594,80271.4
2002-03-08,GAPTQ-201203,21.319237,21.675217,21.295504,21.49327,94429.51
2002-03-11,GAPTQ-201203,21.437897,21.437897,21.161024,21.271772,82167.58
2002-03-12,GAPTQ-201203,21.25595,21.279682,21.058186,21.200577,93291.805
2002-03-13,GAPTQ-201203,21.184755,21.437897,20.915792,21.042364,209211.3
2002-03-14,GAPTQ-201203,21.042364,21.161024,20.963257,21.121471,115540.26
2002-03-15,GAPTQ-201203,21.00281,22.054928,21.00281,21.991642,232850.27
2002-03-18,GAPTQ-201203,22.07075,22.07075,21.635664,21.991642,94808.74
2002-03-19,GAPTQ-201203,21.991642,22.07075,21.675217,22.054928,146005.47
2002-03-20,GAPTQ-201203,22.062838,22.126123,21.398342,21.651485,85201.45
2002-03-21,GAPTQ-201203,21.59611,22.07075,21.59611,22.039106,112379.96
2002-03-22,GAPTQ-201203,22.039106,22.497925,21.643574,21.82552,172678.33
2002-03-25,GAPTQ-201203,21.83343,21.872982,21.59611,21.785967,75720.586
2002-03-26,GAPTQ-201203,21.785967,21.785967,21.050274,21.121471,97210.56
2002-03-27,GAPTQ-201203,21.24013,21.754322,21.24013,21.643574,77237.52
2002-03-28,GAPTQ-201203,21.556557,22.054928,21.319237,22.054928,111621.49
2002-04-01,GAPTQ-201203,22.031197,22.031197,21.366701,21.532824,90005.1
2002-04-02,GAPTQ-201203,20.963257,21.23222,20.219654,20.607277,283162.12
2002-04-03,GAPTQ-201203,20.923704,21.469538,20.725937,21.121471,237021.86
2002-04-04,GAPTQ-201203,21.517004,21.912537,21.066095,21.161024,255477.95
2002-04-05,GAPTQ-201203,21.35879,22.149857,20.88415,21.872982,370386.16
2002-04-08,GAPTQ-201203,21.635664,21.754322,21.414164,21.659395,134881.23
2002-04-09,GAPTQ-201203,21.485361,21.817608,21.35879,21.643574,141707.47
2002-04-10,GAPTQ-201203,21.651485,21.71477,21.556557,21.59611,151820.4
2002-04-11,GAPTQ-201203,21.59611,22.21314,21.556557,21.912537,195811.66
2002-04-12,GAPTQ-201203,21.991642,22.110304,21.540735,21.83343,77743.17
2002-04-15,GAPTQ-201203,21.83343,22.292248,21.37461,21.61193,251053.55
2002-04-16,GAPTQ-201203,21.59611,22.228964,21.437897,22.197319,127549.36
2002-04-17,GAPTQ-201203,22.031197,22.031197,20.947435,21.01072,126790.89
2002-04-18,GAPTQ-201203,21.081917,21.619843,21.081917,21.485361,100497.266
2002-04-19,GAPTQ-201203,21.49327,21.517004,20.923704,21.311327,131847.36
2002-04-22,GAPTQ-201203,21.26386,21.59611,21.034452,21.517004,116425.13
2002-04-23,GAPTQ-201203,21.548645,21.675217,21.279682,21.517004,66745.35
2002-04-24,GAPTQ-201203,21.517004,21.517004,21.074005,21.24013,113517.664
2002-04-25,GAPTQ-201203,21.248041,21.319237,21.042364,21.279682,68135.88
2002-04-26,GAPTQ-201203,21.200577,21.319237,21.12938,21.24013,94935.16
2002-04-29,GAPTQ-201203,21.121471,21.184755,19.776657,20.259209,195558.83
2002-04-30,GAPTQ-201203,20.17219,20.472795,20.108906,20.267118,182032.78
2002-05-01,GAPTQ-201203,20.330404,20.963257,20.037708,20.39369,190249.55
2002-05-02,GAPTQ-201203,20.551903,20.725937,19.982334,20.053532,130330.414
2002-05-03,GAPTQ-201203,20.211742,20.29085,18.866932,19.428587,333221.12
2002-05-06,GAPTQ-201203,19.499784,20.16428,19.499784,19.974424,252696.9
2002-05-07,GAPTQ-201203,20.013977,20.64683,19.895317,20.425331,186330.78
2002-05-08,GAPTQ-201203,20.567724,20.567724,20.085173,20.488617,198466.3
2002-05-09,GAPTQ-201203,20.686382,20.75758,19.57889,19.721283,146258.28
2002-05-10,GAPTQ-201203,19.776657,19.855764,19.033054,19.22291,149165.75
2002-05-13,GAPTQ-201203,19.302017,19.752924,18.985592,19.68964,162059.75
2002-05-14,GAPTQ-201203,19.879496,20.108906,19.57889,19.665909,198087.06
2002-05-15,GAPTQ-201203,19.69755,19.998156,19.618443,19.879496,157508.92
2002-05-16,GAPTQ-201203,19.879496,19.879496,18.194525,18.51095,473917.3
2002-05-17,GAPTQ-201203,18.590057,19.373213,18.590057,19.064697,195558.83
2002-05-20,GAPTQ-201203,19.064697,19.10425,17.324352,17.403458,472147.53
2002-05-21,GAPTQ-201203,17.561672,18.075865,17.41137,17.569582,550017.1
2002-05-22,GAPTQ-201203,17.767347,19.729193,17.704063,19.594713,558739.5
2002-05-23,GAPTQ-201203,19.768747,19.768747,19.22291,19.69755,206051
2002-05-24,GAPTQ-201203,19.69755,19.855764,19.404856,19.855764,147143.17
2002-05-28,GAPTQ-201203,17.957205,17.965115,16.620302,16.667767,1427819.6
2002-05-29,GAPTQ-201203,17.561672,18.985592,17.482565,18.408113,1769257.5
2002-05-30,GAPTQ-201203,18.392292,18.392292,17.719885,17.862276,222484.52
2002-05-31,GAPTQ-201203,17.91765,18.590057,17.91765,18.249899,234746.45
2002-06-03,GAPTQ-201203,18.154972,18.24199,17.308529,17.482565,313627.3
2002-06-04,GAPTQ-201203,17.522118,18.052132,17.403458,17.53003,240940.62
2002-06-05,GAPTQ-201203,17.53003,17.75944,17.324352,17.561672,308697.25
2002-06-06,GAPTQ-201203,17.569582,17.609137,16.21686,16.557018,384670.66
2002-06-07,GAPTQ-201203,16.612392,17.395548,16.541197,17.16614,217933.7
2002-06-10,GAPTQ-201203,17.2848,17.403458,17.007925,17.174047,192651.36
2002-06-11,GAPTQ-201203,17.245245,17.300621,16.066555,16.066555,379993.44
2002-06-12,GAPTQ-201203,15.228026,15.663112,14.713833,15.085634,654812.4
2002-06-13,GAPTQ-201203,15.148919,15.465345,14.808761,15.014438,195053.19
2002-06-14,GAPTQ-201203,15.014438,15.267579,14.674279,15.046082,233608.73
2002-06-17,GAPTQ-201203,15.228026,15.663112,15.228026,15.663112,134375.6
2002-06-18,GAPTQ-201203,15.544453,15.821325,15.180563,15.322955,107576.32
2002-06-19,GAPTQ-201203,15.228026,15.299222,14.642637,14.658459,170782.14
2002-06-20,GAPTQ-201203,14.658459,15.0777235,14.3183,14.618905,145120.58
2002-06-21,GAPTQ-201203,14.626816,14.951153,13.993963,14.231282,224633.52
2002-06-24,GAPTQ-201203,14.278746,14.595174,14.19964,14.43696,190628.78
2002-06-25,GAPTQ-201203,14.460692,14.79294,13.978142,13.9860525,119459.016
2002-06-26,GAPTQ-201203,13.9860525,14.3420315,13.748732,14.255014,117310.016
2002-06-27,GAPTQ-201203,14.334122,14.492334,13.645893,14.080979,394530.78
2002-06-28,GAPTQ-201203,14.08889,14.959064,14.001874,14.785029,253202.55
2002-07-01,GAPTQ-201203,14.753386,14.785029,14.160087,14.278746,227920.22
2002-07-02,GAPTQ-201203,14.278746,14.278746,13.3690195,13.424395,228046.62
2002-07-03,GAPTQ-201203,13.361109,13.361109,12.467205,12.973487,446485.97
2002-07-05,GAPTQ-201203,12.973487,14.9116,12.973487,14.278746,1419982.1
2002-07-08,GAPTQ-201203,14.476513,14.840404,14.373674,14.500245,292769.4
2002-07-09,GAPTQ-201203,14.500245,14.808761,13.84366,13.875303,189111.84
2002-07-10,GAPTQ-201203,13.962319,14.120534,13.748732,13.8990345,121481.6
2002-07-11,GAPTQ-201203,13.804108,14.065159,13.645893,13.946498,151567.58
2002-07-12,GAPTQ-201203,13.946498,14.255014,13.764553,13.780375,98221.86
2002-07-15,GAPTQ-201203,13.788285,14.397408,13.630072,14.294568,306927.5
2002-07-16,GAPTQ-201203,14.294568,14.523977,13.645893,13.83575,268624.78
2002-07-17,GAPTQ-201203,13.962319,14.120534,13.653805,13.930677,159657.92
2002-07-18,GAPTQ-201203,13.922767,14.555619,13.875303,13.883213,234620.03
2002-07-19,GAPTQ-201203,13.8120165,13.8120165,13.1317005,13.329467,231459.75
2002-07-22,GAPTQ-201203,13.329467,13.392753,12.585864,12.886471,351550.8
2002-07-23,GAPTQ-201203,12.9260235,13.052594,11.873905,11.9530115,178366.84
2002-07-24,GAPTQ-201203,11.620764,12.538401,11.4229965,12.498848,219829.88
2002-07-25,GAPTQ-201203,12.245706,13.100058,12.032118,12.261527,202385.06
2002-07-26,GAPTQ-201203,12.142868,12.285259,11.889726,12.016296,190249.55
2002-07-29,GAPTQ-201203,12.340634,12.933934,11.865994,12.142868,593502.75
2002-07-30,GAPTQ-201203,11.865994,11.865994,9.136816,9.516527,1702385.8
2002-07-31,GAPTQ-201203,9.595634,10.323415,9.413689,9.722204,372408.75
2002-08-01,GAPTQ-201203,9.967436,10.402521,9.17637,9.255475,282403.66
2002-08-02,GAPTQ-201203,9.057709,9.065619,8.258732,8.464409,520057.56
2002-08-05,GAPTQ-201203,8.701729,8.780836,8.235,8.488141,227414.56
2002-08-06,GAPTQ-201203,8.780836,9.397867,8.780836,9.128905,223875.05
2002-08-07,GAPTQ-201203,9.208012,9.492796,8.725461,9.492796,219450.64
2002-08-08,GAPTQ-201203,9.492796,9.492796,8.6226225,8.717551,294159.94
2002-08-09,GAPTQ-201203,8.717551,8.780836,8.337839,8.780836,248778.14
2002-08-12,GAPTQ-201203,8.701729,8.859942,8.314107,8.852032,92786.16
2002-08-13,GAPTQ-201203,8.424855,8.820389,8.2982855,8.306196,188859.02
2002-08-14,GAPTQ-201203,8.306196,8.58307,8.306196,8.456498,107449.91
2002-08-15,GAPTQ-201203,8.464409,8.915318,8.464409,8.654264,134754.83
2002-08-16,GAPTQ-201203,8.662176,9.120995,8.6226225,8.859942,162944.62
2002-08-19,GAPTQ-201203,8.859942,9.690562,8.859942,9.524438,404011.66
2002-08-20,GAPTQ-201203,9.769669,9.769669,9.492796,9.627276,280381.06
2002-08-21,GAPTQ-201203,9.651009,10.26804,9.651009,10.046542,358756.28
2002-08-22,GAPTQ-201203,10.062364,11.470461,10.054453,10.521182,442187.97
2002-08-23,GAPTQ-201203,10.323415,10.323415,9.532349,9.532349,325383.6
2002-08-26,GAPTQ-201203,9.54817,9.935793,9.247564,9.453242,330819.3
2002-08-27,GAPTQ-201203,9.651009,9.690562,8.701729,8.701729,192272.12
2002-08-28,GAPTQ-201203,8.859942,9.17637,8.59098,8.685907,348264.12
2002-08-29,GAPTQ-201203,8.685907,8.685907,8.10843,8.10843,389853.56
2002-08-30,GAPTQ-201203,8.306196,8.58307,8.250822,8.314107,147143.17
2002-09-03,GAPTQ-201203,7.9106627,8.155893,7.7128963,7.918574,293907.1
2002-09-04,GAPTQ-201203,7.9976797,8.543516,7.894841,8.211268,169391.62
2002-09-05,GAPTQ-201203,8.029323,8.10843,7.75245,7.7840924,233355.92
2002-09-06,GAPTQ-201203,7.807824,8.163804,7.807824,8.021413,126158.836
2002-09-09,GAPTQ-201203,8.029323,8.377392,7.958127,8.322018,117942.08
2002-09-10,GAPTQ-201203,8.24291,8.58307,8.029323,8.124251,237906.73
2002-09-11,GAPTQ-201203,8.147983,8.322018,7.9106627,7.973948,73571.586
2002-09-12,GAPTQ-201203,7.958127,8.266643,7.9264846,8.053055,171287.8
2002-09-13,GAPTQ-201203,8.029323,8.029323,7.8711095,7.9264846,77743.17
2002-09-16,GAPTQ-201203,7.8711095,7.9502163,7.792003,7.894841,84316.58
2002-09-17,GAPTQ-201203,7.894841,7.894841,7.325274,7.3727374,245112.2
2002-09-18,GAPTQ-201203,7.341095,7.4360228,7.1907926,7.3648276,96199.27
2002-09-19,GAPTQ-201203,7.198704,7.198704,6.494654,6.6291356,253708.19
2002-09-20,GAPTQ-201203,6.6291356,6.660778,6.1307635,6.526297,513104.9
2002-09-23,GAPTQ-201203,6.44719,6.7398853,5.972551,6.2810664,277726.4
2002-09-24,GAPTQ-201203,6.2019596,6.4867435,6.0595675,6.44719,296182.5
2002-09-25,GAPTQ-201203,6.455101,6.526297,6.170317,6.407637,151061.92
2002-09-26,GAPTQ-201203,6.526297,6.80317,6.383905,6.6291356,303261.56
2002-09-27,GAPTQ-201203,6.550029,6.6845098,6.2019596,6.217781,112127.14
2002-09-30,GAPTQ-201203,6.249424,6.6291356,6.0121036,6.6291356,294665.56
2002-10-01,GAPTQ-201203,6.708242,6.763617,6.455101,6.708242,205166.12
2002-10-02,GAPTQ-201203,6.6449566,6.6449566,6.423458,6.510475,189111.84
2002-10-03,GAPTQ-201203,6.510475,6.5658503,6.2889767,6.3285303,148028.05
2002-10-04,GAPTQ-201203,6.3285303,6.494654,6.3285303,6.407637,103278.32
2002-10-07,GAPTQ-201203,6.249424,6.2889767,5.9646397,6.0121036,156624.05
2002-10-08,GAPTQ-201203,6.0912104,6.3285303,5.932997,5.932997,109346.086
2002-10-09,GAPTQ-201203,5.8776226,6.0121036,5.584928,5.584928,130709.66
2002-10-10,GAPTQ-201203,5.592839,5.774784,5.545375,5.7589626,118447.72
2002-10-11,GAPTQ-201203,5.8380694,6.2098703,5.3950725,5.3950725,434476.88
2002-10-14,GAPTQ-201203,5.4029827,5.8855333,5.3871613,5.774784,258259.02
2002-10-15,GAPTQ-201203,6.1307635,6.407637,5.553285,5.7352304,526883.8
2002-10-16,GAPTQ-201203,5.8143373,5.909265,5.553285,5.632392,113644.08
2002-10-17,GAPTQ-201203,5.632392,5.632392,4.983718,5.213127,620934.06
2002-10-18,GAPTQ-201203,4.785951,5.4583573,4.746398,5.3634295,1005983.94
2002-10-21,GAPTQ-201203,5.537464,6.0358357,5.466268,5.9488187,423605.47
2002-10-22,GAPTQ-201203,5.9250865,5.932997,5.426715,5.592839,288345
2002-10-23,GAPTQ-201203,5.5691066,5.5691066,5.2210374,5.4029827,199098.36
2002-10-24,GAPTQ-201203,5.482089,5.592839,5.300144,5.355519,201247.36
2002-10-25,GAPTQ-201203,5.276412,5.379251,4.999539,5.070735,301997.44
2002-10-28,GAPTQ-201203,5.213127,5.2843227,4.9678965,5.118199,298078.7
2002-10-29,GAPTQ-201203,5.1261096,5.1261096,4.8413258,4.920432,545339.9
2002-10-30,GAPTQ-201203,4.8413258,5.0153604,4.6277375,4.746398,668464.8
2002-10-31,GAPTQ-201203,4.7068443,4.7068443,4.3113112,4.5011673,743426.94
2002-11-01,GAPTQ-201203,4.4537034,4.5011673,4.3745966,4.4616137,264832.4
2002-11-04,GAPTQ-201203,4.477435,4.7543087,4.477435,4.6752014,315270.66
2002-11-05,GAPTQ-201203,4.667291,4.746398,4.5090775,4.746398,411975.6
2002-11-06,GAPTQ-201203,4.746398,4.762219,4.6277375,4.714755,278358.47
2002-11-07,GAPTQ-201203,4.722666,4.9441643,4.7068443,4.9046106,520563.2
2002-11-08,GAPTQ-201203,4.9046106,4.9046106,4.588185,4.714755,254593.08
2002-11-11,GAPTQ-201203,4.6514697,4.691023,4.5090775,4.691023,187342.08
2002-11-12,GAPTQ-201203,4.643559,4.714755,4.437882,4.524899,227540.98
2002-11-13,GAPTQ-201203,4.548631,4.5723634,4.224294,4.390418,231712.56
2002-11-14,GAPTQ-201203,4.390418,4.738487,4.3508644,4.6277375,169644.44
2002-11-15,GAPTQ-201203,4.6989336,4.8255043,4.548631,4.548631,148028.05
2002-11-18,GAPTQ-201203,4.667291,4.746398,4.429971,4.4457927,404643.72
2002-11-19,GAPTQ-201203,4.524899,4.738487,4.4695244,4.6593804,274060.47
2002-11-20,GAPTQ-201203,4.6593804,4.785951,4.5723634,4.785951,236895.44
2002-11-21,GAPTQ-201203,4.9441643,5.482089,4.9046106,5.482089,438648.44
2002-11-22,GAPTQ-201203,5.505821,6.051657,5.505821,5.932997,508554.1
2002-11-25,GAPTQ-201203,6.122853,6.5658503,6.0358357,6.4155474,512852.1
2002-11-26,GAPTQ-201203,6.407637,6.407637,5.553285,5.553285,498946.8
2002-11-27,GAPTQ-201203,5.8143373,5.9646397,5.584928,5.8143373,318178.12
2002-11-29,GAPTQ-201203,5.798516,6.107032,5.7826943,6.027925,87097.63
2002-12-02,GAPTQ-201203,6.0912104,6.2098703,5.632392,5.7826943,534721.3
2002-12-03,GAPTQ-201203,5.7668734,5.798516,5.3396974,5.545375,438522.03
2002-12-04,GAPTQ-201203,5.466268,6.051657,5.3396974,5.917176,396426.97
2002-12-05,GAPTQ-201203,5.972551,6.1544957,5.6877666,5.7114983,175965.03
2002-12-06,GAPTQ-201203,5.632392,5.7668734,5.5770173,5.7194095,223369.39
2002-12-09,GAPTQ-201203,5.703588,5.869712,5.60866,5.6482134,353194.16
2002-12-10,GAPTQ-201203,5.6007495,5.751052,5.418804,5.7273197,329302.38
2002-12-11,GAPTQ-201203,5.656124,5.7431417,5.5770173,5.7273197,144994.17
2002-12-12,GAPTQ-201203,5.7352304,5.751052,5.624481,5.7194095,159784.33
2002-12-13,GAPTQ-201203,5.7114983,5.774784,5.656124,5.7352304,312995.25
2002-12-16,GAPTQ-201203,5.7431417,6.107032,5.6956773,6.099121,237527.5
2002-12-17,GAPTQ-201203,6.099121,6.1307635,5.917176,6.0121036,218312.94
2002-12-18,GAPTQ-201203,5.9567294,5.9646397,5.8143373,5.861801,132732.23
2002-12-19,GAPTQ-201203,5.8064265,5.9567294,5.7352304,5.7906055,120596.72
2002-12-20,GAPTQ-201203,5.869712,6.0832996,5.798516,5.8538904,210222.58
2002-12-23,GAPTQ-201203,5.8538904,6.0832996,5.8538904,5.972551,175712.2
2002-12-24,GAPTQ-201203,5.917176,6.027925,5.8934436,5.9567294,58402.184
2002-12-26,GAPTQ-201203,5.932997,6.122853,5.8538904,5.9567294,138673.6
2002-12-27,GAPTQ-201203,5.9250865,6.0674787,5.917176,5.9488187,136271.77
2002-12-30,GAPTQ-201203,5.9488187,6.075389,5.7906055,5.917176,305284.16
2002-12-31,GAPTQ-201203,5.9962826,6.526297,5.972551,6.3759947,311225.5
2003-01-02,GAPTQ-201203,6.368084,6.502565,6.249424,6.423458,164208.73
2003-01-03,GAPTQ-201203,6.423458,6.423458,6.2098703,6.2731557,243342.44
2003-01-06,GAPTQ-201203,6.194049,6.352262,5.980461,5.980461,233861.56
2003-01-07,GAPTQ-201203,6.0595675,6.1149426,5.7906055,6.0358357,367099.44
2003-01-08,GAPTQ-201203,6.0121036,6.0121036,5.7352304,5.7906055,214899.81
2003-01-09,GAPTQ-201203,5.7352304,5.869712,5.553285,5.7352304,329049.53
2003-01-10,GAPTQ-201203,5.6956773,5.703588,4.9441643,5.0628242,1246671.8
2003-01-13,GAPTQ-201203,5.2210374,5.2210374,4.8492365,4.865058,607660.8
2003-01-14,GAPTQ-201203,4.865058,5.1735735,4.865058,4.991628,623715.1
2003-01-15,GAPTQ-201203,4.999539,4.999539,4.4695244,4.762219,944042.25
2003-01-16,GAPTQ-201203,4.785951,4.8413258,4.596095,4.8017726,623462.3
2003-01-17,GAPTQ-201203,4.746398,4.746398,4.6752014,4.691023,204028.4
2003-01-21,GAPTQ-201203,4.691023,4.714755,4.4537034,4.548631,257500.55
2003-01-22,GAPTQ-201203,4.4220605,4.667291,4.4141498,4.5169888,240055.73
2003-01-23,GAPTQ-201203,4.5011673,4.5169888,4.3508644,4.429971,229057.92
2003-01-24,GAPTQ-201203,4.3508644,4.3587756,3.9790635,4.153098,525493.25
2003-01-27,GAPTQ-201203,4.153098,4.153098,3.9078674,3.915778,325004.38
2003-01-28,GAPTQ-201203,3.994885,4.4220605,3.9553313,4.1926513,392128.97
2003-01-29,GAPTQ-201203,4.200562,4.2638474,4.0265274,4.1689196,240308.56
2003-01-30,GAPTQ-201203,4.1847405,4.271758,4.0739913,4.1135445,196570.12
2003-01-31,GAPTQ-201203,4.0739913,4.319222,4.0739913,4.2401156,188985.42
2003-02-03,GAPTQ-201203,4.2322044,4.4220605,4.1135445,4.1926513,208073.6
2003-02-04,GAPTQ-201203,4.1135445,4.1926513,4.034438,4.097723,286322.4
2003-02-05,GAPTQ-201203,4.097723,4.105634,3.9632423,4.0265274,182032.78
2003-02-06,GAPTQ-201203,4.0107064,4.034438,3.7654757,3.868314,206177.4
2003-02-07,GAPTQ-201203,3.876225,4.4141498,3.876225,3.9632423,488960.28
2003-02-10,GAPTQ-201203,3.9711528,4.034438,3.9553313,3.9711528,230195.62
2003-02-11,GAPTQ-201203,3.9790635,4.0107064,3.9711528,3.9711528,213762.11
2003-02-12,GAPTQ-201203,3.9711528,4.0660806,3.9711528,3.9711528,159657.92
2003-02-13,GAPTQ-201203,4.050259,4.050259,3.7180114,3.8208501,374431.3
2003-02-14,GAPTQ-201203,3.7971184,4.2796683,3.781297,4.2796683,371018.22
2003-02-18,GAPTQ-201203,4.3508644,4.3745966,4.1135445,4.1451874,447623.7
2003-02-19,GAPTQ-201203,4.1847405,4.1926513,3.8920462,3.9553313,137283.06
2003-02-20,GAPTQ-201203,4.002795,4.0739913,3.923689,3.9553313,66618.945
2003-02-21,GAPTQ-201203,3.9553313,4.1135445,3.9553313,4.042349,161048.45
2003-02-24,GAPTQ-201203,4.042349,4.042349,3.6309943,3.7259223,283288.53
2003-02-25,GAPTQ-201203,3.781297,3.93951,3.6784582,3.8524928,161933.33
2003-02-26,GAPTQ-201203,3.8524928,3.915778,3.7575648,3.8524928,98095.445
2003-02-27,GAPTQ-201203,3.876225,3.9790635,3.6547263,3.7338328,167748.27
2003-02-28,GAPTQ-201203,3.7338328,3.7971184,3.599352,3.6942797,219577.05
2003-03-03,GAPTQ-201203,3.6863687,3.7971184,3.6389048,3.7180114,103531.15
2003-03-04,GAPTQ-201203,3.6784582,3.7180114,3.3936744,3.401585,139937.7
2003-03-05,GAPTQ-201203,3.3224783,3.9553313,3.3224783,3.6942797,198719.12
2003-03-06,GAPTQ-201203,3.6389048,3.6389048,3.4174066,3.4490492,118447.72
2003-03-07,GAPTQ-201203,3.401585,3.5202448,3.3936744,3.401585,59413.48
2003-03-10,GAPTQ-201203,3.3620317,3.3620317,3.0456052,3.3382995,141201.83
2003-03-11,GAPTQ-201203,3.2829251,3.5756197,3.2512825,3.2829251,107702.734
2003-03-12,GAPTQ-201203,3.2433717,3.3224783,3.1642652,3.2512825,60804.008
2003-03-13,GAPTQ-201203,3.3066568,3.3620317,3.2038186,3.2275505,297699.44
2003-03-14,GAPTQ-201203,3.2354612,3.4094956,3.2354612,3.401585,152199.64
2003-03-17,GAPTQ-201203,3.3936744,3.7259223,3.3778532,3.6389048,122366.484
2003-03-18,GAPTQ-201203,3.599352,3.6942797,3.5202448,3.6389048,94555.92
2003-03-19,GAPTQ-201203,3.6389048,3.8920462,3.6389048,3.8366714,92027.69
2003-03-20,GAPTQ-201203,3.8920462,3.8920462,3.6230836,3.6230836,95946.445
2003-03-21,GAPTQ-201203,3.6309943,3.915778,3.6309943,3.7892075,192398.55
2003-03-24,GAPTQ-201203,3.710101,3.8366714,3.599352,3.6547263,68767.94
2003-03-25,GAPTQ-201203,3.6072621,4.153098,3.6072621,3.8604035,185698.72
2003-03-26,GAPTQ-201203,3.8604035,4.042349,3.8129396,3.986974,100244.445
2003-03-27,GAPTQ-201203,3.994885,4.0186167,3.805029,3.986974,92659.74
2003-03-28,GAPTQ-201203,3.9632423,3.986974,3.8287609,3.8524928,61562.477
2003-03-31,GAPTQ-201203,3.7971184,3.8445823,3.4094956,3.4094956,235631.33
2003-04-01,GAPTQ-201203,3.4886022,3.7575648,3.4648705,3.7259223,100497.266
2003-04-02,GAPTQ-201203,3.7971184,3.923689,3.7654757,3.7971184,91395.625
2003-04-03,GAPTQ-201203,3.7892075,3.9553313,3.662637,3.6705475,148407.28
2003-04-04,GAPTQ-201203,3.6784582,3.6942797,3.4569595,3.4648705,126790.89
2003-04-07,GAPTQ-201203,3.543977,3.7180114,3.4965131,3.6705475,131594.53
2003-04-08,GAPTQ-201203,3.7575648,3.9632423,3.6784582,3.8129396,154348.62
2003-04-09,GAPTQ-201203,3.8445823,4.050259,3.8287609,3.8524928,91901.27
2003-04-10,GAPTQ-201203,3.8524928,3.9474206,3.7971184,3.8445823,50817.484
2003-04-11,GAPTQ-201203,3.9711528,3.9711528,3.781297,3.7971184,91395.625
2003-04-14,GAPTQ-201203,3.9553313,4.0107064,3.8920462,3.986974,138547.17
2003-04-15,GAPTQ-201203,3.9632423,3.9632423,3.9315994,3.9474206,49553.37
2003-04-16,GAPTQ-201203,3.915778,3.9474206,3.781297,3.781297,151946.81
2003-04-17,GAPTQ-201203,3.8604035,3.994885,3.8366714,3.9315994,199730.42
2003-04-21,GAPTQ-201203,3.9315994,3.9553313,3.7259223,3.9078674,171287.8
2003-04-22,GAPTQ-201203,3.9553313,3.9553313,3.9078674,3.9474206,70411.29
2003-04-23,GAPTQ-201203,3.9474206,3.9790635,3.8999567,3.9474206,149418.58
2003-04-24,GAPTQ-201203,3.9632423,4.153098,3.9632423,4.034438,93291.805
2003-04-25,GAPTQ-201203,3.994885,4.5169888,3.876225,4.390418,614992.7
2003-04-28,GAPTQ-201203,4.4695244,5.149842,4.4695244,4.8967004,623967.94
2003-04-29,GAPTQ-201203,4.9046106,5.0628242,4.722666,4.880879,289609.1
2003-04-30,GAPTQ-201203,4.8255043,4.9441643,4.667291,4.8255043,265590.88
2003-05-01,GAPTQ-201203,4.762219,4.983718,4.548631,4.880879,313248.1
2003-05-02,GAPTQ-201203,4.880879,4.928343,4.8255043,4.9046106,152958.11
2003-05-05,GAPTQ-201203,4.983718,5.1023774,4.9441643,4.9758067,231586.16
2003-05-06,GAPTQ-201203,4.983718,5.2210374,4.983718,5.205216,294159.94
2003-05-07,GAPTQ-201203,5.205216,5.25268,4.983718,5.189395,255477.95
2003-05-08,GAPTQ-201203,5.189395,5.205216,4.952075,5.149842,201373.77
2003-05-09,GAPTQ-201203,5.149842,5.434625,5.149842,5.2922335,305031.3
2003-05-12,GAPTQ-201203,5.300144,5.300144,5.0549135,5.094467,323361.03
2003-05-13,GAPTQ-201203,5.0786457,5.25268,5.0628242,5.189395,242078.33
2003-05-14,GAPTQ-201203,5.189395,5.537464,5.1656632,5.4583573,456978.12
2003-05-15,GAPTQ-201203,5.537464,5.60866,5.4583573,5.537464,214899.81
2003-05-16,GAPTQ-201203,5.4979105,5.537464,5.0628242,5.181484,359514.75
2003-05-19,GAPTQ-201203,5.1973057,5.4504466,5.118199,5.228948,229437.16
2003-05-20,GAPTQ-201203,5.236859,5.25268,4.9678965,5.157752,206303.83
2003-05-21,GAPTQ-201203,5.236859,5.236859,5.094467,5.181484,164082.33
2003-05-22,GAPTQ-201203,5.181484,5.300144,5.118199,5.2922335,104795.266
2003-05-23,GAPTQ-201203,5.3713403,5.6956773,5.3713403,5.5770173,283667.75
2003-05-27,GAPTQ-201203,5.656124,5.8934436,5.4979105,5.8538904,286069.6
2003-05-28,GAPTQ-201203,5.932997,6.0674787,5.537464,5.6165705,229942.8
2003-05-29,GAPTQ-201203,5.656124,5.932997,5.632392,5.8380694,238791.62
2003-05-30,GAPTQ-201203,5.8538904,5.909265,5.632392,5.8143373,222231.69
2003-06-02,GAPTQ-201203,5.932997,6.170317,5.9250865,6.1624064,422973.4
2003-06-03,GAPTQ-201203,6.0912104,6.249424,5.988372,6.241513,280760.28
2003-06-04,GAPTQ-201203,6.3206196,6.9772043,6.2810664,6.842723,511840.8
2003-06-05,GAPTQ-201203,6.7240634,6.9613833,6.605404,6.7240634,358377.03
2003-06-06,GAPTQ-201203,6.7240634,7.000937,6.6845098,6.763617,411722.75
2003-06-09,GAPTQ-201203,6.842723,6.8822765,6.494654,6.605404,151441.17
2003-06-10,GAPTQ-201203,6.6845098,7.198704,6.6845098,7.198704,266728.6
2003-06-11,GAPTQ-201203,7.2382565,7.6179686,7.2066135,7.5467725,335875.78
2003-06-12,GAPTQ-201203,7.5467725,7.6258793,7.3015413,7.3727374,252570.48
2003-06-13,GAPTQ-201203,7.325274,7.412291,7.2382565,7.325274,123757.016
2003-06-16,GAPTQ-201203,7.3173633,7.499308,7.198704,7.3331847,220967.58
2003-06-17,GAPTQ-201203,7.412291,7.4518447,7.2778096,7.2857203,174574.5
2003-06-18,GAPTQ-201203,7.2145243,7.3806486,6.92183,7.1907926,182664.84
2003-06-19,GAPTQ-201203,7.1907926,7.1907926,6.80317,6.842723,207315.11
2003-06-20,GAPTQ-201203,6.9613833,7.127507,6.874366,6.8822765,193030.6
2003-06-23,GAPTQ-201203,6.8822765,6.8822765,6.407637,6.526297,180010.2
2003-06-24,GAPTQ-201203,6.5658503,7.000937,6.407637,6.834813,187594.89
2003-06-25,GAPTQ-201203,6.842723,6.9930263,6.771528,6.929741,125526.77
2003-06-26,GAPTQ-201203,7.008847,7.1195965,6.834813,7.103775,199730.42
2003-06-27,GAPTQ-201203,7.1195965,7.3569164,7.000937,7.15915,178619.67
2003-06-30,GAPTQ-201203,7.198704,7.3015413,6.92183,6.9613833,472021.12
2003-07-01,GAPTQ-201203,6.9613833,6.9613833,6.660778,6.858545,176217.84
2003-07-02,GAPTQ-201203,6.8980985,7.0800433,6.850634,7.0404897,215026.23
2003-07-03,GAPTQ-201203,7.0404897,7.0404897,6.771528,6.80317,53598.543
2003-07-07,GAPTQ-201203,6.8822765,6.9613833,6.818991,6.945562,211992.34
2003-07-08,GAPTQ-201203,7.0246687,7.3173633,6.92183,7.230346,187468.48
2003-07-09,GAPTQ-201203,7.6733427,8.693818,7.6733427,8.34575,1097885.2
2003-07-10,GAPTQ-201203,8.34575,8.448588,8.203358,8.385303,282782.88
2003-07-11,GAPTQ-201203,8.385303,8.757104,8.385303,8.70964,303767.22
2003-07-14,GAPTQ-201203,8.70964,9.374136,8.701729,8.741282,402747.53
2003-07-15,GAPTQ-201203,8.788746,8.899496,8.47232,8.567247,214014.94
2003-07-16,GAPTQ-201203,8.820389,8.820389,8.369481,8.456498,199477.6
2003-07-17,GAPTQ-201203,8.227089,8.401124,7.9423056,8.140072,283667.75
2003-07-18,GAPTQ-201203,8.140072,8.140072,7.9264846,8.100518,191008.02
2003-07-21,GAPTQ-201203,8.100518,8.227089,7.9106627,7.9423056,120849.55
2003-07-22,GAPTQ-201203,7.9976797,8.147983,7.6970744,8.076787,267360.66
2003-07-23,GAPTQ-201203,8.147983,8.147983,7.847378,8.029323,89373.04
2003-07-24,GAPTQ-201203,8.10843,8.10843,7.75245,7.87902,177734.78
2003-07-25,GAPTQ-201203,8.10843,8.10843,6.9376516,7.0404897,847969.4
2003-07-28,GAPTQ-201203,7.056311,7.095865,6.265245,6.265245,1112043.4
2003-07-29,GAPTQ-201203,6.1861386,6.407637,6.0595675,6.3285303,933297.25
2003-07-30,GAPTQ-201203,6.407637,7.000937,6.407637,6.9613833,601213.8
2003-07-31,GAPTQ-201203,7.0404897,7.198704,6.526297,6.9060082,513610.56
2003-08-01,GAPTQ-201203,6.9060082,7.198704,6.874366,7.000937,347379.22
2003-08-04,GAPTQ-201203,7.000937,7.182882,6.8822765,6.9613833,317546.1
2003-08-05,GAPTQ-201203,7.1195965,7.1354184,6.8822765,7.000937,273049.2
2003-08-06,GAPTQ-201203,7.0642223,7.1512394,6.7240634,6.7398853,375316.22
2003-08-07,GAPTQ-201203,6.818991,7.103775,6.763617,6.8980985,296308.94
2003-08-08,GAPTQ-201203,6.9613833,7.0800433,6.6449566,6.676599,500210.94
2003-08-11,GAPTQ-201203,6.597493,6.842723,6.4867435,6.7873487,126032.42
2003-08-12,GAPTQ-201203,6.818991,7.0404897,6.80317,7.008847,128939.89
2003-08-13,GAPTQ-201203,7.000937,7.0800433,6.834813,7.000937,175838.61
2003-08-14,GAPTQ-201203,7.0800433,7.4597554,7.0404897,7.1512394,301618.22
2003-08-15,GAPTQ-201203,7.15915,7.3569164,7.0484004,7.15915,73950.82
2003-08-18,GAPTQ-201203,7.2382565,7.610058,7.143328,7.5467725,176976.31
2003-08-19,GAPTQ-201203,7.594237,7.744539,7.3569164,7.4281125,302123.84
2003-08-20,GAPTQ-201203,7.4597554,7.744539,7.198704,7.744539,492499.8
2003-08-21,GAPTQ-201203,7.9502163,8.34575,7.8552885,8.132161,460138.44
2003-08-22,GAPTQ-201203,8.314107,8.353661,7.6337895,7.847378,359388.34
2003-08-25,GAPTQ-201203,7.7682705,7.9502163,7.4755764,7.6021466,141960.3
2003-08-26,GAPTQ-201203,7.523041,7.6733427,7.3569164,7.594237,157761.75
2003-08-27,GAPTQ-201203,7.6575217,7.7128963,7.39647,7.578415,203396.36
2003-08-28,GAPTQ-201203,7.578415,7.7603607,7.4518447,7.7603607,151567.58
2003-08-29,GAPTQ-201203,7.681254,7.6970744,7.420202,7.570504,131215.3
2003-09-02,GAPTQ-201203,7.5388618,7.7603607,7.4755764,7.6891646,126032.42
2003-09-03,GAPTQ-201203,7.75245,8.021413,7.6891646,7.7999134,201120.95
2003-09-04,GAPTQ-201203,7.7761817,8.029323,7.7761817,7.9106627,113012.02
2003-09-05,GAPTQ-201203,7.9106627,7.9106627,7.5388618,7.6970744,133111.47
2003-09-08,GAPTQ-201203,7.6970744,7.918574,7.6970744,7.87902,194294.72
2003-09-09,GAPTQ-201203,7.7999134,7.807824,7.4676657,7.5151296,160542.8
2003-09-10,GAPTQ-201203,7.507219,7.507219,7.198704,7.3094525,127928.59
2003-09-11,GAPTQ-201203,7.3569164,7.562594,7.198704,7.4676657,195053.19
2003-09-12,GAPTQ-201203,7.5151296,7.6179686,7.2066135,7.6179686,198845.53
2003-09-15,GAPTQ-201203,7.594237,7.6337895,7.4281125,7.554683,145879.05
2003-09-16,GAPTQ-201203,7.412291,7.5388618,7.1195965,7.341095,224633.52
2003-09-17,GAPTQ-201203,7.2619886,7.554683,7.143328,7.3569164,119585.43
2003-09-18,GAPTQ-201203,7.3094525,7.554683,7.2382565,7.5309515,169770.86
2003-09-19,GAPTQ-201203,7.4518447,7.6258793,7.341095,7.5151296,186204.38
2003-09-22,GAPTQ-201203,7.5151296,7.562594,7.254078,7.4439335,140443.34
2003-09-23,GAPTQ-201203,7.3648276,8.045144,7.3648276,7.6575217,259523.12
2003-09-24,GAPTQ-201203,7.736628,7.744539,7.2936316,7.3015413,166736.97
2003-09-25,GAPTQ-201203,7.3490057,7.3885593,6.4709225,6.4788327,387704.56
2003-09-26,GAPTQ-201203,6.581671,6.8664556,6.3601727,6.518386,449772.7
2003-09-29,GAPTQ-201203,6.597493,6.7240634,6.2731557,6.4788327,124515.484
2003-09-30,GAPTQ-201203,6.43928,6.510475,6.170317,6.4155474,122872.13
2003-10-01,GAPTQ-201203,6.383905,6.4867435,6.312709,6.431369,133364.3
2003-10-02,GAPTQ-201203,6.4630117,6.8901873,6.455101,6.763617,224001.45
2003-10-03,GAPTQ-201203,6.80317,6.9613833,6.7240634,6.747795,149039.34
2003-10-06,GAPTQ-201203,6.80317,6.92183,6.708242,6.8901873,97084.15
2003-10-07,GAPTQ-201203,6.842723,7.087954,6.4709225,6.6528673,258006.19
2003-10-08,GAPTQ-201203,6.605404,6.6449566,5.9488187,6.020015,1028106
2003-10-09,GAPTQ-201203,6.099121,6.431369,6.099121,6.2336025,320200.72
2003-10-10,GAPTQ-201203,6.2810664,6.2810664,6.027925,6.107032,190249.55
2003-10-13,GAPTQ-201203,6.1307635,6.312709,6.1307635,6.1861386,109725.32
2003-10-14,GAPTQ-201203,6.1386747,6.249424,6.099121,6.170317,229437.16
2003-10-15,GAPTQ-201203,6.1861386,6.225692,6.0358357,6.107032,186710.02
2003-10-16,GAPTQ-201203,6.1149426,6.1149426,5.5770173,5.656124,517529.3
2003-10-17,GAPTQ-201203,5.418804,5.537464,5.1023774,5.141931,932159.56
2003-10-20,GAPTQ-201203,5.149842,5.379251,4.9046106,5.1023774,666821.5
2003-10-21,GAPTQ-201203,5.070735,5.141931,5.023271,5.1023774,327153.38
2003-10-22,GAPTQ-201203,5.1023774,5.1023774,4.8413258,5.0074496,282403.66
2003-10-23,GAPTQ-201203,5.0074496,5.0074496,4.4932566,4.5407205,660500.9
2003-10-24,GAPTQ-201203,4.548631,4.548631,4.121455,4.1372766,864529.3
2003-10-27,GAPTQ-201203,4.1451874,4.1451874,3.9632423,3.9711528,834949
2003-10-28,GAPTQ-201203,3.9790635,4.1926513,3.9711528,4.050259,520310.38
2003-10-29,GAPTQ-201203,4.1135445,4.1926513,4.050259,4.1135445,363307.1
2003-10-30,GAPTQ-201203,4.1926513,4.6593804,4.1926513,4.524899,910163.94
2003-10-31,GAPTQ-201203,4.6831126,5.141931,4.588185,4.9441643,1284089.6
2003-11-03,GAPTQ-201203,5.2210374,5.2210374,4.9441643,4.9441643,442090.62
2003-11-04,GAPTQ-201203,4.9362535,5.8538904,4.865058,5.830158,1146868.5
2003-11-05,GAPTQ-201203,5.932997,6.225692,5.774784,6.225692,1395205.5
2003-11-06,GAPTQ-201203,6.2889767,6.304798,5.917176,6.1624064,586423.7
2003-11-07,GAPTQ-201203,5.932997,6.0832996,5.6403027,5.7194095,461781.78
2003-11-10,GAPTQ-201203,5.8934436,5.932997,5.4108934,5.418804,321844.06
2003-11-11,GAPTQ-201203,5.4979105,5.5691066,5.2447696,5.3713403,384923.5
2003-11-12,GAPTQ-201203,5.323876,5.822248,5.276412,5.822248,353447
2003-11-13,GAPTQ-201203,5.7431417,5.774784,5.418804,5.482089,281771.6
2003-11-14,GAPTQ-201203,5.4504466,5.7352304,5.355519,5.3950725,194041.89
2003-11-17,GAPTQ-201203,5.3950725,5.3950725,5.189395,5.2447696,272164.28
2003-11-18,GAPTQ-201203,5.2447696,5.545375,5.141931,5.3950725,377465.22
2003-11-19,GAPTQ-201203,5.3871613,5.482089,5.2447696,5.418804,164335.16
2003-11-20,GAPTQ-201203,5.4108934,5.505821,5.300144,5.4108934,248651.73
2003-11-21,GAPTQ-201203,5.4108934,5.505821,5.260591,5.505821,442314.38
2003-11-24,GAPTQ-201203,5.6956773,6.0912104,5.6956773,6.075389,753792.7
2003-11-25,GAPTQ-201203,6.3285303,6.510475,6.170317,6.241513,1017866.7
2003-11-26,GAPTQ-201203,6.249424,6.3759947,5.940908,6.1386747,304904.9
2003-11-28,GAPTQ-201203,6.0674787,6.1307635,6.0121036,6.0121036,130583.24
2003-12-01,GAPTQ-201203,6.020015,6.075389,5.703588,5.830158,495786.53
2003-12-02,GAPTQ-201203,5.830158,6.027925,5.830158,5.830158,312995.25
2003-12-03,GAPTQ-201203,5.7668734,6.0358357,5.6956773,5.703588,345103.8
2003-12-04,GAPTQ-201203,5.7589626,5.774784,5.592839,5.6956773,491867.75
2003-12-05,GAPTQ-201203,5.7589626,5.7589626,5.60866,5.656124,259017.48
2003-12-08,GAPTQ-201203,5.6956773,5.861801,5.656124,5.8380694,180136.61
2003-12-09,GAPTQ-201203,5.7589626,6.0121036,5.7194095,5.917176,469240.06
2003-12-10,GAPTQ-201203,5.917176,6.0121036,5.774784,5.8776226,327659
2003-12-11,GAPTQ-201203,5.822248,6.296888,5.822248,6.1149426,316029.16
2003-12-12,GAPTQ-201203,6.194049,6.194049,5.8934436,6.0437465,220082.69
2003-12-15,GAPTQ-201203,6.122853,6.1307635,5.8934436,5.932997,213256.47
2003-12-16,GAPTQ-201203,5.8143373,5.8459797,5.553285,5.6719456,429673.22
2003-12-17,GAPTQ-201203,5.751052,5.861801,5.5770173,5.861801,188606.19
2003-12-18,GAPTQ-201203,5.7826943,5.861801,5.632392,5.7194095,185066.67
2003-12-19,GAPTQ-201203,5.7194095,5.8380694,5.6165705,5.7194095,198213.48
2003-12-22,GAPTQ-201203,5.798516,6.249424,5.7273197,6.249424,359135.53
2003-12-23,GAPTQ-201203,6.170317,6.2098703,6.020015,6.122853,230069.22
2003-12-24,GAPTQ-201203,6.122853,6.1307635,5.940908,5.972551,86844.805
2003-12-26,GAPTQ-201203,5.972551,6.265245,5.972551,6.1307635,69400
2003-12-29,GAPTQ-201203,6.2098703,6.431369,6.194049,6.352262,498946.8
2003-12-30,GAPTQ-201203,6.352262,6.731974,6.352262,6.692421,519299.1
2003-12-31,GAPTQ-201203,6.6291356,6.676599,6.5658503,6.6449566,258132.61
2004-01-02,GAPTQ-201203,6.605404,6.8822765,6.605404,6.7003317,367731.5
2004-01-05,GAPTQ-201203,6.7240634,6.763617,6.5421185,6.573761,313248.1
2004-01-06,GAPTQ-201203,6.407637,6.4867435,6.0358357,6.0912104,651020
2004-01-07,GAPTQ-201203,6.051657,6.225692,5.8380694,5.8459797,631299.8
2004-01-08,GAPTQ-201203,6.0912104,6.1386747,5.861801,5.9646397,820917.3
2004-01-09,GAPTQ-201203,6.6449566,7.7128963,6.6133137,7.341095,2569822.5
2004-01-12,GAPTQ-201203,7.15915,7.3885593,6.80317,7.3806486,829386.9
2004-01-13,GAPTQ-201203,7.0800433,7.3331847,7.0404897,7.1354184,423226.22
2004-01-14,GAPTQ-201203,7.127507,7.3727374,7.127507,7.3727374,366973.03
2004-01-15,GAPTQ-201203,7.1116858,7.198704,6.80317,7.1907926,884628.75
2004-01-16,GAPTQ-201203,7.1907926,7.198704,7.0404897,7.182882,317166.84
2004-01-20,GAPTQ-201203,7.1195965,7.1907926,6.6291356,6.6291356,826226.56
2004-01-21,GAPTQ-201203,6.6370463,6.858545,6.4867435,6.80317,689702
2004-01-22,GAPTQ-201203,6.605404,7.095865,6.589582,7.016758,241446.27
2004-01-23,GAPTQ-201203,6.9692945,7.1512394,6.8664556,7.1512394,331577.78
2004-01-26,GAPTQ-201203,6.9772043,7.2857203,6.9534726,7.1512394,208452.83
2004-01-27,GAPTQ-201203,7.15915,7.15915,6.92183,7.0404897,177355.55
2004-01-28,GAPTQ-201203,7.0325794,7.15915,6.842723,6.929741,131468.12
2004-01-29,GAPTQ-201203,6.8901873,7.095865,6.5658503,6.692421,289988.34
2004-01-30,GAPTQ-201203,6.692421,6.7398853,6.257334,6.265245,694252.8
2004-02-02,GAPTQ-201203,6.344352,6.407637,6.3285303,6.352262,665178.1
2004-02-03,GAPTQ-201203,6.352262,6.431369,6.146585,6.170317,708790.2
2004-02-04,GAPTQ-201203,6.249424,6.344352,6.075389,6.075389,358882.7
2004-02-05,GAPTQ-201203,6.217781,6.344352,6.1624064,6.2810664,428282.7
2004-02-06,GAPTQ-201203,6.257334,6.3285303,6.1307635,6.3285303,189364.66
2004-02-09,GAPTQ-201203,6.2810664,6.312709,6.0912104,6.2098703,169138.8
2004-02-10,GAPTQ-201203,6.146585,6.2731557,6.0912104,6.225692,270268.12
2004-02-11,GAPTQ-201203,6.225692,6.4788327,6.2019596,6.3918157,284552.62
2004-02-12,GAPTQ-201203,6.3285303,6.5579395,6.2889767,6.383905,202258.66
2004-02-13,GAPTQ-201203,6.336441,6.4155474,6.099121,6.1386747,189870.31
2004-02-17,GAPTQ-201203,6.1386747,6.407637,6.1307635,6.170317,102519.85
2004-02-18,GAPTQ-201203,6.249424,6.510475,6.178228,6.225692,232218.22
2004-02-19,GAPTQ-201203,6.304798,6.431369,6.0358357,6.107032,214647
2004-02-20,GAPTQ-201203,6.249424,6.312709,6.0595675,6.099121,140822.58
2004-02-23,GAPTQ-201203,6.178228,6.257334,6.099121,6.107032,296688.16
2004-02-24,GAPTQ-201203,6.1861386,6.194049,5.932997,6.0358357,248651.73
2004-02-25,GAPTQ-201203,5.9567294,6.027925,5.822248,5.909265,320832.78
2004-02-26,GAPTQ-201203,5.9646397,6.2098703,5.830158,6.146585,297825.88
2004-02-27,GAPTQ-201203,6.2098703,6.2889767,5.9962826,6.2889767,235884.16
2004-03-01,GAPTQ-201203,6.2889767,6.3206196,6.1386747,6.2810664,225265.58
2004-03-02,GAPTQ-201203,6.312709,6.518386,6.249424,6.3285303,348137.7
2004-03-03,GAPTQ-201203,6.3285303,6.4709225,6.2889767,6.352262,265464.47
2004-03-04,GAPTQ-201203,6.296888,6.44719,6.249424,6.4155474,165093.62
2004-03-05,GAPTQ-201203,6.336441,6.494654,6.3285303,6.352262,108714.02
2004-03-08,GAPTQ-201203,6.3285303,6.4788327,6.249424,6.3206196,110736.61
2004-03-09,GAPTQ-201203,6.304798,6.3918157,6.304798,6.3285303,180642.25
2004-03-10,GAPTQ-201203,6.3285303,6.3997264,6.2098703,6.2098703,242710.38
2004-03-11,GAPTQ-201203,6.2098703,6.304798,6.146585,6.146585,237780.33
2004-03-12,GAPTQ-201203,6.225692,6.312709,6.2098703,6.296888,113644.08
2004-03-15,GAPTQ-201203,6.249424,6.249424,5.9488187,6.020015,204281.23
2004-03-16,GAPTQ-201203,6.1307635,6.170317,5.8776226,5.9250865,140443.34
2004-03-17,GAPTQ-201203,5.932997,6.241513,5.932997,6.2098703,128939.89
2004-03-18,GAPTQ-201203,6.170317,6.170317,5.9488187,6.0358357,149039.34
2004-03-19,GAPTQ-201203,6.0674787,6.0832996,5.8855333,5.8934436,104416.03
2004-03-22,GAPTQ-201203,5.972551,5.972551,5.751052,5.8143373,184181.78
2004-03-23,GAPTQ-201203,5.8143373,5.9250865,5.774784,5.7826943,242078.33
2004-03-24,GAPTQ-201203,5.822248,5.8855333,5.7114983,5.7431417,190502.36
2004-03-25,GAPTQ-201203,5.822248,5.869712,5.624481,5.6719456,310593.44
2004-03-26,GAPTQ-201203,5.7352304,5.7906055,5.5611963,5.6956773,282403.66
2004-03-29,GAPTQ-201203,5.798516,5.8459797,5.679856,5.8143373,271658.66
2004-03-30,GAPTQ-201203,5.8380694,6.0595675,5.830158,6.051657,199224.77
2004-03-31,GAPTQ-201203,6.0358357,6.1307635,5.8538904,6.122853,237527.5
2004-04-01,GAPTQ-201203,6.075389,6.146585,5.9567294,6.1307635,332083.4
2004-04-02,GAPTQ-201203,6.1307635,6.2019596,5.869712,5.972551,308823.7
2004-04-05,GAPTQ-201203,6.051657,6.1624064,5.972551,6.0358357,166610.56
2004-04-06,GAPTQ-201203,6.020015,6.178228,5.972551,6.1307635,232344.62
2004-04-07,GAPTQ-201203,6.0674787,6.178228,6.0121036,6.170317,170150.1
2004-04-08,GAPTQ-201203,6.122853,6.2098703,6.0832996,6.146585,173057.56
2004-04-12,GAPTQ-201203,6.1861386,6.423458,6.178228,6.423458,244732.97
2004-04-13,GAPTQ-201203,6.455101,6.4867435,6.2098703,6.368084,179630.97
2004-04-14,GAPTQ-201203,6.2098703,6.217781,5.861801,5.9962826,199351.19
2004-04-15,GAPTQ-201203,6.0121036,6.217781,6.0121036,6.170317,162565.39
2004-04-16,GAPTQ-201203,6.178228,6.249424,6.0595675,6.2098703,126285.24
2004-04-19,GAPTQ-201203,6.194049,6.3285303,6.1307635,6.2889767,134122.77
2004-04-20,GAPTQ-201203,6.3285303,6.3918157,6.122853,6.122853,160416.39
2004-04-21,GAPTQ-201203,6.1624064,6.5421185,6.099121,6.510475,217428.05
2004-04-22,GAPTQ-201203,6.4709225,7.0325794,6.4709225,6.929741,502359.94
2004-04-23,GAPTQ-201203,7.008847,7.182882,6.874366,7.174971,323108.2
2004-04-26,GAPTQ-201203,7.182882,7.2145243,6.834813,6.8664556,357997.8
2004-04-27,GAPTQ-201203,6.945562,6.985115,6.731974,6.7398853,282277.22
2004-04-28,GAPTQ-201203,6.80317,6.9060082,6.5658503,6.747795,322981.78
2004-04-29,GAPTQ-201203,6.6686893,6.9613833,6.5421185,6.8269024,522206.56
2004-04-30,GAPTQ-201203,6.8269024,6.8269024,6.3285303,6.3285303,496797.8
2004-05-03,GAPTQ-201203,6.2889767,6.312709,6.0121036,6.0832996,306548.28
2004-05-04,GAPTQ-201203,5.932997,6.2810664,5.909265,6.122853,253328.95
2004-05-05,GAPTQ-201203,6.1544957,6.249424,6.1386747,6.1544957,153084.52
2004-05-06,GAPTQ-201203,6.075389,6.170317,5.9646397,6.0595675,226150.45
2004-05-07,GAPTQ-201203,6.0832996,6.217781,6.0121036,6.0121036,158393.81
2004-05-10,GAPTQ-201203,6.0121036,6.0674787,5.909265,5.9567294,251306.38
2004-05-11,GAPTQ-201203,6.0121036,6.0832996,5.9488187,5.9488187,225139.16
2004-05-12,GAPTQ-201203,5.980461,6.0674787,5.7352304,5.940908,180642.25
2004-05-13,GAPTQ-201203,5.9013543,5.909265,5.7431417,5.7826943,188606.19
2004-05-14,GAPTQ-201203,5.751052,5.869712,5.6956773,5.751052,117057.195
2004-05-17,GAPTQ-201203,5.751052,5.774784,5.379251,5.5611963,210981.06
2004-05-18,GAPTQ-201203,5.6165705,5.6956773,5.537464,5.6877666,184813.84
2004-05-19,GAPTQ-201203,5.6877666,5.7589626,5.4108934,5.482089,288345
2004-05-20,GAPTQ-201203,5.4979105,5.5770173,5.1973057,5.418804,448508.56
2004-05-21,GAPTQ-201203,5.4979105,5.537464,5.434625,5.466268,154095.81
2004-05-24,GAPTQ-201203,5.6403027,5.6956773,5.4583573,5.5216427,154727.88
2004-05-25,GAPTQ-201203,5.537464,5.703588,5.4583573,5.703588,238791.62
2004-05-26,GAPTQ-201203,5.7431417,5.8459797,5.584928,5.6640344,281265.94
2004-05-27,GAPTQ-201203,5.6719456,5.703588,5.5216427,5.6165705,234872.86
2004-05-28,GAPTQ-201203,5.6165705,5.6719456,5.482089,5.482089,329555.2
2004-06-01,GAPTQ-201203,5.537464,5.6165705,5.5216427,5.553285,233355.92
2004-06-02,GAPTQ-201203,5.5611963,5.632392,5.4979105,5.5295534,208579.23
2004-06-03,GAPTQ-201203,5.5295534,5.6007495,5.418804,5.426715,176976.31
2004-06-04,GAPTQ-201203,5.426715,5.4979105,5.347608,5.4029827,129192.71
2004-06-07,GAPTQ-201203,5.418804,5.418804,5.228948,5.308055,299216.4
2004-06-08,GAPTQ-201203,5.300144,5.4979105,5.300144,5.4979105,155359.92
2004-06-09,GAPTQ-201203,5.505821,5.6165705,5.466268,5.5611963,142465.94
2004-06-10,GAPTQ-201203,5.5770173,5.6165705,5.4583573,5.5216427,117942.08
2004-06-14,GAPTQ-201203,5.505821,5.6165705,5.418804,5.482089,275324.6
2004-06-15,GAPTQ-201203,5.5216427,5.632392,5.4583573,5.5691066,222610.92
2004-06-16,GAPTQ-201203,5.6007495,5.6877666,5.5611963,5.6165705,229184.33
2004-06-17,GAPTQ-201203,5.6165705,5.8380694,5.545375,5.830158,326774.12
2004-06-18,GAPTQ-201203,5.822248,5.830158,5.60866,5.6165705,358124.22
2004-06-21,GAPTQ-201203,5.679856,5.8380694,5.6403027,5.751052,132100.19
2004-06-22,GAPTQ-201203,5.774784,5.8538904,5.6640344,5.8459797,265338.06
2004-06-23,GAPTQ-201203,5.8459797,6.0912104,5.7352304,6.0437465,304904.9
2004-06-24,GAPTQ-201203,6.0912104,6.0912104,5.8934436,5.9646397,487949
2004-06-25,GAPTQ-201203,5.972551,6.051657,5.8538904,5.8538904,281392.34
2004-06-28,GAPTQ-201203,5.9250865,5.932997,5.6956773,5.7194095,399334.44
2004-06-29,GAPTQ-201203,5.7273197,5.972551,5.7273197,5.9567294,520057.56
2004-06-30,GAPTQ-201203,5.9567294,6.1861386,5.830158,6.0595675,576816.4
2004-07-01,GAPTQ-201203,6.0912104,6.1307635,5.9567294,5.9567294,87729.69
2004-07-02,GAPTQ-201203,5.980461,6.0912104,5.9013543,6.0595675,160037.16
2004-07-06,GAPTQ-201203,6.0041933,6.0121036,5.830158,5.8934436,204281.23
2004-07-07,GAPTQ-201203,5.909265,5.909265,5.656124,5.6956773,328670.3
2004-07-08,GAPTQ-201203,5.6719456,5.7352304,5.6007495,5.632392,252570.48
2004-07-09,GAPTQ-201203,5.6403027,5.798516,5.5691066,5.584928,142213.11
2004-07-12,GAPTQ-201203,5.592839,5.6719456,5.474179,5.4979105,155107.11
2004-07-13,GAPTQ-201203,5.553285,5.60866,5.5216427,5.6007495,134122.77
2004-07-14,GAPTQ-201203,5.545375,5.703588,5.545375,5.5770173,337898.34
2004-07-15,GAPTQ-201203,5.584928,5.584928,5.466268,5.505821,172931.14
2004-07-16,GAPTQ-201203,5.513732,5.5770173,5.434625,5.4425364,236895.44
2004-07-19,GAPTQ-201203,5.474179,5.6165705,5.418804,5.592839,190375.95
2004-07-20,GAPTQ-201203,5.553285,5.6956773,5.5216427,5.656124,156624.05
2004-07-21,GAPTQ-201203,5.6165705,5.656124,5.513732,5.553285,168506.73
2004-07-22,GAPTQ-201203,5.6165705,5.6640344,5.418804,5.4504466,361284.5
2004-07-23,GAPTQ-201203,5.4583573,5.4583573,5.13402,5.141931,395542.06
2004-07-26,GAPTQ-201203,5.141931,5.276412,4.9678965,4.9758067,396932.6
2004-07-27,GAPTQ-201203,4.9758067,5.141931,4.8255043,5.047003,417284.88
2004-07-28,GAPTQ-201203,5.047003,5.047003,4.7701297,5.023271,298963.56
2004-07-29,GAPTQ-201203,5.181484,5.181484,4.872968,5.149842,315017.84
2004-07-30,GAPTQ-201203,5.1023774,5.466268,4.999539,5.4583573,399966.47
2004-08-02,GAPTQ-201203,5.3871613,5.3871613,5.205216,5.25268,178493.27
2004-08-03,GAPTQ-201203,5.25268,5.3396974,5.0786457,5.1735735,426639.34
2004-08-04,GAPTQ-201203,5.181484,5.2843227,5.1023774,5.213127,214773.4
2004-08-05,GAPTQ-201203,5.2843227,5.2843227,5.047003,5.0549135,168633.16
2004-08-06,GAPTQ-201203,5.023271,5.1261096,4.9362535,5.0153604,217680.88
2004-08-09,GAPTQ-201203,5.039092,5.141931,4.983718,5.110288,189996.72
2004-08-10,GAPTQ-201203,5.1735735,5.276412,5.086556,5.25268,159405.1
2004-08-11,GAPTQ-201203,5.1735735,5.25268,5.0074496,5.1973057,135007.66
2004-08-12,GAPTQ-201203,5.094467,5.1261096,4.9758067,4.991628,170150.1
2004-08-13,GAPTQ-201203,4.999539,5.0074496,4.880879,4.912522,166610.56
2004-08-16,GAPTQ-201203,4.912522,5.315965,4.9046106,5.260591,245997.08
2004-08-17,GAPTQ-201203,5.3396974,5.4108934,5.2210374,5.347608,197960.66
2004-08-18,GAPTQ-201203,5.300144,5.426715,5.1656632,5.3713403,139811.3
2004-08-19,GAPTQ-201203,5.3396974,5.379251,5.25268,5.276412,74962.11
2004-08-20,GAPTQ-201203,5.315965,5.426715,5.141931,5.426715,152326.05
2004-08-23,GAPTQ-201203,5.379251,5.426715,5.25268,5.300144,225391.98
2004-08-24,GAPTQ-201203,5.308055,5.3396974,5.228948,5.308055,145879.05
2004-08-25,GAPTQ-201203,5.308055,5.323876,5.1735735,5.25268,133364.3
2004-08-26,GAPTQ-201203,5.25268,5.300144,5.213127,5.300144,115919.49
2004-08-27,GAPTQ-201203,5.315965,5.418804,5.25268,5.3871613,100497.266
2004-08-30,GAPTQ-201203,5.3396974,5.3634295,5.149842,5.157752,111242.26
2004-08-31,GAPTQ-201203,5.141931,5.213127,5.086556,5.110288,101761.38
2004-09-01,GAPTQ-201203,5.141931,5.2685013,5.110288,5.157752,112632.79
2004-09-02,GAPTQ-201203,5.1023774,5.3396974,5.1023774,5.300144,80777.05
2004-09-03,GAPTQ-201203,5.300144,5.3871613,5.2210374,5.308055,139432.06
2004-09-07,GAPTQ-201203,5.2447696,5.3396974,5.213127,5.323876,112379.96
2004-09-08,GAPTQ-201203,5.3634295,5.3871613,5.228948,5.25268,79260.11
2004-09-09,GAPTQ-201203,5.260591,5.379251,5.157752,5.3634295,91901.27
2004-09-10,GAPTQ-201203,5.2843227,5.355519,5.1973057,5.300144,110863.02
2004-09-13,GAPTQ-201203,5.2843227,5.300144,5.181484,5.205216,109472.49
2004-09-14,GAPTQ-201203,5.205216,5.315965,5.149842,5.276412,132985.06
2004-09-15,GAPTQ-201203,5.260591,5.355519,5.2210374,5.228948,176470.67
2004-09-16,GAPTQ-201203,5.260591,5.308055,5.118199,5.1261096,112759.195
2004-09-17,GAPTQ-201203,5.1261096,5.25268,5.0628242,5.0628242,144741.34
2004-09-20,GAPTQ-201203,5.0628242,5.205216,4.880879,5.13402,165599.27
2004-09-21,GAPTQ-201203,5.13402,5.1656632,5.0153604,5.0628242,72686.7
2004-09-22,GAPTQ-201203,5.0153604,5.0153604,4.920432,4.9599857,118321.31
2004-09-23,GAPTQ-201203,4.9599857,5.023271,4.8255043,4.872968,443704.9
2004-09-24,GAPTQ-201203,4.872968,4.9758067,4.817594,4.928343,120470.31
2004-09-27,GAPTQ-201203,4.8571467,4.9046106,4.785951,4.8571467,83937.34
2004-09-28,GAPTQ-201203,4.9046106,4.983718,4.833415,4.9046106,69273.586
2004-09-29,GAPTQ-201203,4.9046106,5.0153604,4.865058,4.8967004,86971.22
2004-09-30,GAPTQ-201203,4.9046106,4.928343,4.8017726,4.8255043,151820.4
2004-10-01,GAPTQ-201203,4.762219,4.8887897,4.762219,4.8492365,193283.42
2004-10-04,GAPTQ-201203,4.8492365,5.039092,4.833415,4.991628,208705.64
2004-10-05,GAPTQ-201203,5.023271,5.047003,4.920432,4.9599857,95820.04
2004-10-06,GAPTQ-201203,4.920432,5.1261096,4.9046106,4.999539,280128.22
2004-10-07,GAPTQ-201203,4.9678965,5.047003,4.9046106,5.0074496,158140.98
2004-10-08,GAPTQ-201203,5.0074496,5.0074496,4.809683,4.817594,159405.1
2004-10-11,GAPTQ-201203,4.8967004,4.8967004,4.6752014,4.809683,216795.98
2004-10-12,GAPTQ-201203,4.746398,4.7543087,4.6989336,4.714755,160289.98
2004-10-13,GAPTQ-201203,4.785951,4.833415,4.596095,4.667291,221093.98
2004-10-14,GAPTQ-201203,4.6277375,4.667291,4.3587756,4.429971,172931.14
2004-10-15,GAPTQ-201203,4.429971,4.8255043,4.4220605,4.722666,632690.3
2004-10-18,GAPTQ-201203,4.7305765,4.9758067,4.691023,4.9046106,418549
2004-10-19,GAPTQ-201203,4.983718,5.3713403,4.983718,5.118199,935825.5
2004-10-20,GAPTQ-201203,5.141931,5.189395,4.762219,4.793862,783499.44
2004-10-21,GAPTQ-201203,4.8255043,4.9362535,4.7701297,4.912522,253076.14
2004-10-22,GAPTQ-201203,4.9441643,4.991628,4.6514697,4.6593804,197455
2004-10-25,GAPTQ-201203,4.5802736,4.8492365,4.5723634,4.7305765,390991.25
2004-10-26,GAPTQ-201203,4.6593804,4.880879,4.6593804,4.8492365,210475.4
2004-10-27,GAPTQ-201203,4.872968,4.9758067,4.7780404,4.809683,224380.69
2004-10-28,GAPTQ-201203,4.785951,4.9046106,4.762219,4.8967004,175838.61
2004-10-29,GAPTQ-201203,4.872968,5.141931,4.872968,5.141931,193915.48
2004-11-01,GAPTQ-201203,5.0786457,5.0786457,4.809683,4.9678965,173563.2
2004-11-02,GAPTQ-201203,4.9678965,5.1261096,4.912522,5.0786457,165725.69
2004-11-03,GAPTQ-201203,5.13402,5.228948,5.094467,5.181484,299469.22
2004-11-04,GAPTQ-201203,5.141931,5.418804,5.141931,5.4108934,264453.2
2004-11-05,GAPTQ-201203,5.4900002,5.6403027,5.434625,5.6165705,450278.3
2004-11-08,GAPTQ-201203,5.6165705,5.624481,5.482089,5.553285,284805.47
2004-11-09,GAPTQ-201203,5.632392,5.656124,5.426715,5.592839,206809.47
2004-11-10,GAPTQ-201203,5.5770173,5.8380694,5.5611963,5.8380694,225391.98
2004-11-11,GAPTQ-201203,5.8380694,6.0041933,5.7668734,5.980461,289861.94
2004-11-12,GAPTQ-201203,5.9962826,6.3601727,5.940908,6.2098703,475560.66
2004-11-15,GAPTQ-201203,6.2098703,6.304798,6.0674787,6.304798,345735.88
2004-11-16,GAPTQ-201203,6.304798,6.304798,6.0437465,6.051657,256742.08
2004-11-17,GAPTQ-201203,6.122853,6.3601727,6.122853,6.2889767,280254.66
2004-11-18,GAPTQ-201203,6.2889767,6.2889767,6.020015,6.0595675,277473.6
2004-11-19,GAPTQ-201203,5.980461,6.0595675,5.932997,6.0121036,230069.22
2004-11-22,GAPTQ-201203,6.0121036,6.0121036,5.8538904,5.932997,182917.67
2004-11-23,GAPTQ-201203,5.932997,6.027925,5.8855333,5.917176,218186.52
2004-11-24,GAPTQ-201203,5.932997,6.0595675,5.8538904,6.051657,158646.62
2004-11-26,GAPTQ-201203,6.0595675,6.170317,6.0121036,6.0121036,55873.953
2004-11-29,GAPTQ-201203,6.051657,6.312709,5.980461,6.225692,231712.56
2004-11-30,GAPTQ-201203,6.249424,6.249424,5.972551,5.980461,228046.62
2004-12-01,GAPTQ-201203,6.0121036,6.178228,5.9488187,6.075389,223748.62
2004-12-02,GAPTQ-201203,6.1307635,6.2336025,6.020015,6.1624064,264073.94
2004-12-03,GAPTQ-201203,6.1624064,6.2889767,6.0832996,6.241513,350665.94
2004-12-06,GAPTQ-201203,6.249424,6.2889767,6.1544957,6.2731557,289229.88
2004-12-07,GAPTQ-201203,6.2810664,6.2810664,6.075389,6.0912104,190881.6
2004-12-08,GAPTQ-201203,6.099121,6.2098703,5.988372,6.122853,211992.34
2004-12-09,GAPTQ-201203,6.1386747,7.0484004,6.1307635,7.0484004,1649292.9
2004-12-10,GAPTQ-201203,7.0484004,7.1907926,6.8980985,6.9930263,448255.72
2004-12-13,GAPTQ-201203,6.9692945,7.103775,6.929741,6.9772043,250421.48
2004-12-14,GAPTQ-201203,6.9613833,7.254078,6.842723,7.1907926,589963.2
2004-12-15,GAPTQ-201203,7.174971,7.4281125,7.095865,7.412291,389853.56
2004-12-16,GAPTQ-201203,7.412291,7.554683,7.2066135,7.554683,626116.94
2004-12-17,GAPTQ-201203,7.578415,7.75245,7.4360228,7.75245,758722.75
2004-12-20,GAPTQ-201203,7.75245,7.847378,7.6417003,7.665432,354331.88
2004-12-21,GAPTQ-201203,7.6733427,8.021413,7.610058,7.973948,498820.4
2004-12-22,GAPTQ-201203,7.973948,8.187536,7.823646,8.00559,452174.5
2004-12-23,GAPTQ-201203,8.053055,8.329927,8.013501,8.013501,273428.4
2004-12-27,GAPTQ-201203,8.068876,8.147983,7.87902,7.918574,259775.95
2004-12-28,GAPTQ-201203,7.9106627,8.163804,7.9106627,8.100518,207188.7
2004-12-29,GAPTQ-201203,8.10843,8.10843,7.9106627,8.013501,212624.4
2004-12-30,GAPTQ-201203,7.98977,8.100518,7.9264846,8.029323,157382.52
2004-12-31,GAPTQ-201203,8.045144,8.155893,7.973948,8.10843,130709.66
2005-01-03,GAPTQ-201203,8.116341,8.116341,7.6337895,7.8631988,605132.6
2005-01-04,GAPTQ-201203,7.831556,7.8711095,7.198704,7.3648276,568220.4
2005-01-05,GAPTQ-201203,7.3648276,7.3648276,6.874366,6.9692945,548120.94
2005-01-06,GAPTQ-201203,6.9613833,7.095865,6.7240634,7.0642223,527263
2005-01-07,GAPTQ-201203,6.80317,7.4597554,6.3997264,7.246167,1721979.6
2005-01-10,GAPTQ-201203,7.174971,7.1907926,6.8664556,6.9613833,385302.72
2005-01-11,GAPTQ-201203,6.8901873,7.1195965,6.8664556,6.985115,300354.1
2005-01-12,GAPTQ-201203,6.929741,6.985115,6.779438,6.929741,216795.98
2005-01-13,GAPTQ-201203,6.850634,6.985115,6.763617,6.8822765,277600
2005-01-14,GAPTQ-201203,6.8901873,7.056311,6.874366,7.0325794,197455
2005-01-18,GAPTQ-201203,7.0325794,7.3331847,6.945562,7.3331847,548879.44
2005-01-19,GAPTQ-201203,7.341095,7.39647,7.1195965,7.254078,359767.56
2005-01-20,GAPTQ-201203,7.2619886,7.2619886,6.945562,6.9692945,453059.38
2005-01-21,GAPTQ-201203,6.9772043,7.008847,6.6449566,6.731974,509944.62
2005-01-24,GAPTQ-201203,6.7240634,6.7398853,6.6370463,6.6370463,224886.34
2005-01-25,GAPTQ-201203,6.676599,6.874366,6.676599,6.8664556,314512.2
2005-01-26,GAPTQ-201203,6.8664556,6.9613833,6.842723,6.9613833,305284.16
2005-01-27,GAPTQ-201203,6.9613833,7.2382565,6.9613833,7.000937,431822.22
2005-01-28,GAPTQ-201203,7.0404897,7.127507,6.9613833,7.016758,240561.38
2005-01-31,GAPTQ-201203,7.0325794,7.198704,6.929741,7.167061,341185.06
2005-02-01,GAPTQ-201203,7.15915,7.2066135,7.0800433,7.1354184,576816.4
2005-02-02,GAPTQ-201203,7.1354184,8.250822,7.1354184,7.9264846,1776842.2
2005-02-03,GAPTQ-201203,7.9264846,7.958127,7.75245,7.902752,741025.1
2005-02-04,GAPTQ-201203,7.902752,8.195446,7.8631988,8.147983,506531.5
2005-02-07,GAPTQ-201203,8.227089,8.424855,8.227089,8.322018,328670.3
2005-02-08,GAPTQ-201203,8.24291,8.250822,8.021413,8.116341,180515.84
2005-02-09,GAPTQ-201203,8.068876,8.147983,7.7840924,7.973948,376959.56
2005-02-10,GAPTQ-201203,7.973948,7.973948,7.6179686,7.7128963,447623.7
2005-02-11,GAPTQ-201203,7.75245,7.981859,7.7128963,7.9423056,608545.7
2005-02-14,GAPTQ-201203,7.9423056,8.060966,7.8552885,8.053055,312236.78
2005-02-15,GAPTQ-201203,8.068876,8.147983,7.87902,8.147983,324119.5
2005-02-16,GAPTQ-201203,8.147983,8.227089,8.060966,8.0926075,390738.44
2005-02-17,GAPTQ-201203,8.820389,9.144727,8.337839,8.456498,1594430.2
2005-02-18,GAPTQ-201203,8.59098,8.70964,8.464409,8.638444,587055.75
2005-02-22,GAPTQ-201203,8.931138,8.95487,8.322018,8.47232,546604
2005-02-23,GAPTQ-201203,8.47232,8.804568,8.47232,8.47232,646595.6
2005-02-24,GAPTQ-201203,8.480231,8.883674,8.480231,8.867853,609304.2
2005-02-25,GAPTQ-201203,8.867853,9.17637,8.867853,9.120995,773133.7
2005-02-28,GAPTQ-201203,9.097262,9.097262,7.9106627,8.796657,952891.06
2005-03-01,GAPTQ-201203,8.8282995,9.492796,8.8282995,9.374136,553683.06
2005-03-02,GAPTQ-201203,9.350403,9.706384,9.302939,9.611455,1241615.2
2005-03-03,GAPTQ-201203,9.690562,9.698473,9.152637,9.413689,1065144.6
2005-03-04,GAPTQ-201203,9.492796,9.78549,9.453242,9.777579,645584.3
2005-03-07,GAPTQ-201203,9.825044,9.864596,9.571902,9.761758,510703.1
2005-03-08,GAPTQ-201203,9.690562,9.745936,9.500707,9.619366,506405.1
2005-03-09,GAPTQ-201203,9.603545,9.611455,9.223833,9.350403,645205.1
2005-03-10,GAPTQ-201203,9.342493,9.342493,8.899496,9.144727,539272.1
2005-03-11,GAPTQ-201203,9.295029,9.461153,9.200101,9.453242,544834.25
2005-03-14,GAPTQ-201203,9.453242,9.6826515,9.136816,9.263387,622324.56
2005-03-15,GAPTQ-201203,9.342493,9.579812,9.342493,9.579812,312616.03
2005-03-16,GAPTQ-201203,9.500707,9.635188,9.42951,9.579812,331198.53
2005-03-17,GAPTQ-201203,9.579812,9.872507,9.516527,9.856686,400345.72
2005-03-18,GAPTQ-201203,9.825044,9.888329,9.500707,9.848775,888041.9
2005-03-21,GAPTQ-201203,9.848775,10.086095,9.738027,9.927882,311604.72
2005-03-22,GAPTQ-201203,9.967436,10.26013,9.912061,9.975346,347758.47
2005-03-23,GAPTQ-201203,9.975346,9.975346,9.445332,9.643098,381383.97
2005-03-24,GAPTQ-201203,10.283862,12.261527,10.283862,11.81062,5118408
2005-03-28,GAPTQ-201203,11.81062,11.945102,11.597032,11.676139,878687.44
2005-03-29,GAPTQ-201203,11.691959,11.834352,11.478372,11.478372,513989.78
2005-03-30,GAPTQ-201203,11.510015,11.889726,11.335979,11.731513,424869.56
2005-03-31,GAPTQ-201203,11.731513,11.858084,11.4229965,11.786887,530802.56
2005-04-01,GAPTQ-201203,11.826441,12.103314,11.525836,12.063761,815102.4
2005-04-04,GAPTQ-201203,12.0716715,12.17451,11.69987,12.008387,472400.38
2005-04-05,GAPTQ-201203,12.166599,12.380187,11.7473345,12.340634,640401.44
2005-04-06,GAPTQ-201203,12.498848,13.179164,12.427651,12.831095,1278148.2
2005-04-07,GAPTQ-201203,12.910202,13.511413,12.736168,13.3373785,974128.25
2005-04-08,GAPTQ-201203,13.289913,13.558876,12.989308,13.115879,698677.25
2005-04-11,GAPTQ-201203,13.1317005,13.155432,12.696613,12.704524,366340.97
2005-04-12,GAPTQ-201203,12.704524,12.957665,12.403919,12.9260235,464436.44
2005-04-13,GAPTQ-201203,12.9260235,13.107968,12.664971,12.973487,384038.62
2005-04-14,GAPTQ-201203,13.092147,13.194986,12.9260235,13.00513,426512.94
2005-04-15,GAPTQ-201203,12.997219,13.036772,12.427651,12.664971,552166.1
2005-04-18,GAPTQ-201203,12.467205,12.585864,11.7156925,12.372277,1162355.1
2005-04-19,GAPTQ-201203,12.380187,12.64915,12.190331,12.490936,380372.7
2005-04-20,GAPTQ-201203,12.490936,12.570044,12.340634,12.364367,261924.95
2005-04-21,GAPTQ-201203,12.443472,12.696613,12.443472,12.617507,338909.66
2005-04-22,GAPTQ-201203,12.617507,12.617507,12.087493,12.190331,477583.25
2005-04-25,GAPTQ-201203,12.237796,12.498848,12.229885,12.467205,207062.3
2005-04-26,GAPTQ-201203,12.467205,12.641239,12.182421,12.316902,249536.61
2005-04-27,GAPTQ-201203,12.237796,12.403919,12.063761,12.316902,322602.56
2005-04-28,GAPTQ-201203,12.301081,12.324813,12.158689,12.253616,419813.12
2005-04-29,GAPTQ-201203,12.261527,12.459294,12.190331,12.403919,791589.8
2005-05-02,GAPTQ-201203,12.419741,12.419741,12.150778,12.324813,431569.4
2005-05-03,GAPTQ-201203,12.324813,12.498848,12.103314,12.142868,404643.72
2005-05-04,GAPTQ-201203,12.150778,13.052594,12.127047,13.02095,897017.1
2005-05-05,GAPTQ-201203,13.02095,13.756642,13.0130415,13.353198,571633.5
2005-05-06,GAPTQ-201203,13.3690195,13.59843,13.155432,13.463948,837350.8
2005-05-09,GAPTQ-201203,14.43696,14.951153,14.270837,14.452782,1275114.4
2005-05-10,GAPTQ-201203,17.007925,18.669165,16.620302,17.838545,7775328
2005-05-11,GAPTQ-201203,17.798992,18.336916,17.221514,17.78317,2078839.8
2005-05-12,GAPTQ-201203,17.822723,17.822723,17.007925,17.0633,1037713.3
2005-05-13,GAPTQ-201203,16.770605,16.928818,15.821325,16.825981,1541084.5
2005-05-16,GAPTQ-201203,16.295965,16.905087,16.21686,16.802248,584401.06
2005-05-17,GAPTQ-201203,16.802248,17.087032,16.72314,17.07121,770479.06
2005-05-18,GAPTQ-201203,17.118673,17.585403,17.118673,17.514208,454449.9
2005-05-19,GAPTQ-201203,17.711973,18.083776,17.66451,18.044222,755688.9
2005-05-20,GAPTQ-201203,18.107508,19.246643,17.75944,19.072609,1335159.9
2005-05-23,GAPTQ-201203,19.270376,19.752924,18.969769,18.97768,673900.56
2005-05-24,GAPTQ-201203,19.001413,19.57889,19.001413,19.444408,625232.06
2005-05-25,GAPTQ-201203,19.45232,20.654741,19.381124,20.559813,1628182.1
2005-05-26,GAPTQ-201203,20.559813,21.501183,20.108906,20.211742,1657004
2005-05-27,GAPTQ-201203,20.211742,20.472795,19.586802,20.140547,1048079.06
2005-05-31,GAPTQ-201203,19.974424,20.17219,19.721283,19.721283,618785.06
2005-06-01,GAPTQ-201203,19.91905,20.512348,19.618443,20.17219,860610.56
2005-06-02,GAPTQ-201203,20.195923,20.67056,20.132637,20.63892,718650.25
2005-06-03,GAPTQ-201203,20.567724,20.575634,19.982334,20.100994,758975.56
2005-06-06,GAPTQ-201203,20.077261,20.915792,20.013977,20.662653,585412.4
2005-06-07,GAPTQ-201203,20.836687,20.955345,20.188011,20.330404,378729.3
2005-06-08,GAPTQ-201203,20.322493,20.559813,19.982334,20.180101,339541.72
2005-06-09,GAPTQ-201203,20.235476,20.235476,19.499784,19.974424,602098.75
2005-06-10,GAPTQ-201203,20.021887,20.069353,19.539337,19.91905,532445.9
2005-06-13,GAPTQ-201203,19.91905,20.203835,19.80039,20.069353,571254.25
2005-06-14,GAPTQ-201203,20.093084,20.852509,20.093084,20.53608,1102309.6
2005-06-15,GAPTQ-201203,20.583546,21.60402,20.583546,21.524914,860231.3
2005-06-16,GAPTQ-201203,21.635664,21.912537,21.501183,21.770145,465447.72
2005-06-17,GAPTQ-201203,21.865072,21.912537,21.35879,21.35879,600834.6
2005-06-20,GAPTQ-201203,21.366701,22.126123,21.35879,22.031197,512599.28
2005-06-21,GAPTQ-201203,22.118214,23.122868,21.991642,22.703604,1041758.44
2005-06-22,GAPTQ-201203,22.735245,23.04376,22.600763,22.743156,673268.5
2005-06-23,GAPTQ-201203,22.66405,22.996296,21.991642,22.157766,466206.2
2005-06-24,GAPTQ-201203,22.165678,22.165678,21.382523,21.540735,603236.44
2005-06-27,GAPTQ-201203,21.556557,22.228964,21.453718,22.023285,432580.7
2005-06-28,GAPTQ-201203,22.039106,22.395086,21.991642,22.363445,253076.14
2005-06-29,GAPTQ-201203,22.521656,23.494669,22.521656,23.059582,990182.5
2005-06-30,GAPTQ-201203,23.02003,23.336456,22.711512,22.988386,623841.5
2005-07-01,GAPTQ-201203,22.996296,23.004208,22.031197,22.141945,349528.22
2005-07-05,GAPTQ-201203,22.141945,22.80644,22.023285,22.790619,576690
2005-07-06,GAPTQ-201203,22.790619,23.201975,22.497925,22.592854,665810.2
2005-07-07,GAPTQ-201203,22.592854,23.383919,22.252693,23.194063,609683.44
2005-07-08,GAPTQ-201203,23.178242,23.890203,22.980474,23.130777,1094092.9
2005-07-11,GAPTQ-201203,23.15451,23.589596,23.091225,23.415562,602857.2
2005-07-12,GAPTQ-201203,23.376009,23.423473,22.877638,23.075403,319695.1
2005-07-13,GAPTQ-201203,23.692436,23.811096,23.28108,23.700346,580861.56
2005-07-14,GAPTQ-201203,24.048414,24.491411,23.257349,23.48676,613096.56
2005-07-15,GAPTQ-201203,23.51049,23.668703,23.209885,23.48676,321591.25
2005-07-18,GAPTQ-201203,23.15451,23.502579,23.02003,23.39183,275830.25
2005-07-19,GAPTQ-201203,26.500721,27.845533,24.246181,25.614727,3932540.2
2005-07-20,GAPTQ-201203,25.701746,26.026083,25.393227,25.772942,872493.25
2005-07-21,GAPTQ-201203,25.772942,25.772942,24.562607,25.084711,559118.75
2005-07-22,GAPTQ-201203,24.799929,24.799929,23.605417,23.929756,1253877.2
2005-07-25,GAPTQ-201203,23.731989,23.731989,21.445808,22.102392,2305495.8
2005-07-26,GAPTQ-201203,22.110304,22.513746,21.912537,22.157766,631173.4
2005-07-27,GAPTQ-201203,21.96791,22.948833,21.96791,22.91719,877044.06
2005-07-28,GAPTQ-201203,22.91719,22.940922,22.43464,22.861814,573529.7
2005-07-29,GAPTQ-201203,22.861814,22.90137,22.347622,22.66405,620934.06
2005-08-01,GAPTQ-201203,22.584942,22.743156,22.252693,22.410908,582884.1
2005-08-02,GAPTQ-201203,22.458372,22.529568,21.540735,21.762234,746334.44
2005-08-03,GAPTQ-201203,21.683126,22.149857,21.37461,21.659395,413492.53
2005-08-04,GAPTQ-201203,21.461628,21.485361,20.567724,20.599367,782614.56
2005-08-05,GAPTQ-201203,20.64683,20.662653,19.792479,19.871586,960222.94
2005-08-08,GAPTQ-201203,19.81621,20.441153,19.776657,20.385778,934434.94
2005-08-09,GAPTQ-201203,20.180101,20.797134,20.180101,20.631008,1059835.4
2005-08-10,GAPTQ-201203,20.567724,20.915792,20.559813,20.718027,561141.3
2005-08-11,GAPTQ-201203,20.64683,20.75758,20.369957,20.591455,552292.5
2005-08-12,GAPTQ-201203,20.567724,20.575634,20.029799,20.417421,715742.8
2005-08-15,GAPTQ-201203,20.433243,20.464886,19.81621,19.81621,751770.1
2005-08-16,GAPTQ-201203,19.81621,19.934872,19.57098,19.618443,896385.06
2005-08-17,GAPTQ-201203,19.491873,19.69755,19.191269,19.420677,394404.38
2005-08-18,GAPTQ-201203,19.412767,19.412767,18.827377,18.953947,568473.25
2005-08-19,GAPTQ-201203,18.906485,19.294106,18.827377,19.294106,675164.7
2005-08-22,GAPTQ-201203,19.294106,20.449064,19.294106,20.251297,908520.56
2005-08-23,GAPTQ-201203,20.29085,20.504438,20.085173,20.195923,725855.75
2005-08-24,GAPTQ-201203,20.180101,21.342968,20.006067,21.23222,992584.3
2005-08-25,GAPTQ-201203,21.35879,21.517004,20.923704,21.042364,842407.25
2005-08-26,GAPTQ-201203,21.018631,21.081917,20.480705,20.631008,764284.9
2005-08-29,GAPTQ-201203,20.575634,20.583546,20.259209,20.314583,599570.5
2005-08-30,GAPTQ-201203,20.314583,20.40951,19.705462,20.148458,702975.25
2005-08-31,GAPTQ-201203,20.17219,20.211742,19.642176,20.077261,1006616
2005-09-01,GAPTQ-201203,20.140547,20.631008,19.950691,20.567724,646090
2005-09-02,GAPTQ-201203,20.963257,21.105648,19.855764,19.911139,674659
2005-09-06,GAPTQ-201203,19.776657,20.211742,19.760836,20.16428,549132.25
2005-09-07,GAPTQ-201203,20.124727,20.441153,19.94278,20.441153,418043.34
2005-09-08,GAPTQ-201203,20.362045,20.480705,19.998156,20.021887,624979.25
2005-09-09,GAPTQ-201203,20.100994,21.817608,20.100994,21.770145,1142382.1
2005-09-12,GAPTQ-201203,21.770145,21.983732,21.70686,21.920446,762894.4
2005-09-13,GAPTQ-201203,22.015375,22.30807,22.015375,22.157766,971852.8
2005-09-14,GAPTQ-201203,22.21314,22.30807,21.461628,21.746412,648491.8
2005-09-15,GAPTQ-201203,21.7385,21.754322,21.279682,21.635664,605132.6
2005-09-16,GAPTQ-201203,21.754322,21.83343,21.366701,21.382523,1444126.8
2005-09-19,GAPTQ-201203,21.200577,21.691038,21.200577,21.691038,674785.44
2005-09-20,GAPTQ-201203,21.675217,21.683126,20.67056,20.828775,671877.94
2005-09-21,GAPTQ-201203,20.836687,20.836687,20.203835,20.64683,660880.1
2005-09-22,GAPTQ-201203,20.591455,20.797134,20.433243,20.725937,456598.9
2005-09-23,GAPTQ-201203,20.725937,21.572378,20.725937,21.279682,720040.8
2005-09-26,GAPTQ-201203,21.342968,22.347622,21.342968,22.236874,1168170.1
2005-09-27,GAPTQ-201203,22.20523,22.30016,21.880894,22.221052,580988
2005-09-28,GAPTQ-201203,22.228964,22.402998,22.126123,22.173588,611832.44
2005-09-29,GAPTQ-201203,22.07075,22.458372,22.015375,22.363445,338530.4
2005-09-30,GAPTQ-201203,22.379267,22.853905,22.379267,22.43464,477709.66
2005-10-03,GAPTQ-201203,22.292248,22.616585,22.18941,22.537477,564933.7
2005-10-04,GAPTQ-201203,22.735245,23.004208,22.43464,22.592854,333347.53
2005-10-05,GAPTQ-201203,22.592854,22.91719,21.556557,21.59611,450151.9
2005-10-06,GAPTQ-201203,21.5882,22.197319,21.342968,21.635664,420192.34
2005-10-07,GAPTQ-201203,21.643574,22.08657,21.517004,22.031197,261924.95
2005-10-10,GAPTQ-201203,21.96791,21.96791,21.176846,21.327147,343839.72
2005-10-11,GAPTQ-201203,21.35879,21.643574,20.915792,20.923704,240940.62
2005-10-12,GAPTQ-201203,20.844597,20.923704,19.934872,20.006067,1114445.1
2005-10-13,GAPTQ-201203,20.108906,20.243387,19.68964,20.069353,393898.72
2005-10-14,GAPTQ-201203,20.069353,21.058186,20.061441,21.058186,569484.5
2005-10-17,GAPTQ-201203,19.958603,21.161024,19.950691,20.061441,706641.2
2005-10-18,GAPTQ-201203,20.180101,23.249437,20.180101,22.379267,2771954.8
2005-10-19,GAPTQ-201203,22.141945,23.257349,21.60402,23.178242,883491.06
2005-10-20,GAPTQ-201203,23.099136,23.099136,22.015375,22.094482,630288.5
2005-10-21,GAPTQ-201203,22.149857,22.54539,21.983732,22.094482,507289.97
2005-10-24,GAPTQ-201203,22.3318,22.861814,22.276426,22.529568,594640.44
2005-10-25,GAPTQ-201203,22.529568,22.529568,21.793875,22.07866,719282.3
2005-10-26,GAPTQ-201203,22.07866,22.149857,21.37461,21.675217,764032.06
2005-10-27,GAPTQ-201203,21.675217,21.675217,20.971167,21.137291,818389.06
2005-10-28,GAPTQ-201203,21.1452,21.469538,20.860418,21.303415,385934.78
2005-10-31,GAPTQ-201203,21.35879,22.466282,21.35879,22.221052,792221.9
2005-11-01,GAPTQ-201203,22.268517,22.315979,21.865072,21.880894,619922.75
2005-11-02,GAPTQ-201203,21.983732,22.32389,21.96791,22.197319,663661.2
2005-11-03,GAPTQ-201203,22.197319,22.869726,22.149857,22.284338,783499.44
2005-11-04,GAPTQ-201203,22.268517,22.54539,22.07075,22.30807,395794.9
2005-11-07,GAPTQ-201203,22.42673,22.616585,22.007463,22.07866,381889.62
2005-11-08,GAPTQ-201203,21.991642,22.054928,21.548645,21.983732,244732.97
2005-11-09,GAPTQ-201203,22.015375,22.30016,21.619843,22.110304,351930.06
2005-11-10,GAPTQ-201203,22.134035,22.18941,21.572378,22.134035,479353
2005-11-11,GAPTQ-201203,22.134035,22.18941,21.95209,22.149857,472400.38
2005-11-14,GAPTQ-201203,21.991642,22.141945,21.865072,21.991642,215026.23
2005-11-15,GAPTQ-201203,21.904627,22.640318,21.754322,22.339712,794750.06
2005-11-16,GAPTQ-201203,22.347622,22.402998,22.07075,22.276426,193915.48
2005-11-17,GAPTQ-201203,22.387175,22.743156,22.339712,22.410908,307180.3
2005-11-18,GAPTQ-201203,22.54539,22.751066,22.244785,22.743156,494143.16
2005-11-21,GAPTQ-201203,22.695692,23.130777,22.41882,23.122868,852141
2005-11-22,GAPTQ-201203,23.059582,24.1117,22.948833,23.74781,897902
2005-11-23,GAPTQ-201203,23.86647,24.08006,23.763632,23.929756,411849.2
2005-11-25,GAPTQ-201203,24.048414,24.420218,23.969309,24.048414,136398.17
2005-11-28,GAPTQ-201203,24.048414,24.285736,23.39974,23.700346,465826.97
2005-11-29,GAPTQ-201203,23.811096,24.404396,23.724077,24.024683,314512.2
2005-11-30,GAPTQ-201203,23.929756,24.23827,23.605417,23.858559,282150.8
2005-12-01,GAPTQ-201203,23.858559,24.720821,23.858559,24.380663,438522.03
2005-12-02,GAPTQ-201203,24.451859,24.918589,24.451859,24.657536,307306.75
2005-12-05,GAPTQ-201203,24.950232,24.981873,24.58634,24.752464,476698.34
2005-12-06,GAPTQ-201203,24.83157,25.005606,24.562607,24.641714,369501.28
2005-12-07,GAPTQ-201203,24.760374,24.760374,24.000952,24.325289,173183.97
2005-12-08,GAPTQ-201203,24.317377,24.807838,24.277824,24.712912,259017.48
2005-12-09,GAPTQ-201203,24.546787,24.855303,24.34902,24.665447,230448.45
2005-12-12,GAPTQ-201203,24.752464,24.997696,24.562607,24.958141,338151.2
2005-12-13,GAPTQ-201203,24.997696,25.282478,24.760374,24.760374,557349
2005-12-14,GAPTQ-201203,24.705,24.807838,24.443949,24.570518,328670.3
2005-12-15,GAPTQ-201203,24.523054,24.610073,23.819006,24.499323,381510.38
2005-12-16,GAPTQ-201203,24.57843,24.799929,24.412306,24.776196,429673.22
2005-12-19,GAPTQ-201203,24.83157,25.108444,24.665447,24.83157,254845.9
2005-12-20,GAPTQ-201203,24.799929,25.503979,24.380663,24.855303,525619.7
2005-12-21,GAPTQ-201203,24.855303,25.314121,24.736643,25.132175,432454.28
2005-12-22,GAPTQ-201203,25.155907,25.250835,24.894855,24.989784,342322.78
2005-12-23,GAPTQ-201203,25.076801,25.258747,24.886944,25.068892,215531.88
2005-12-27,GAPTQ-201203,25.076801,25.076801,24.863214,25.068892,280507.47
2005-12-28,GAPTQ-201203,25.076801,25.551441,24.768286,25.203373,344092.53
2005-12-29,GAPTQ-201203,25.187551,25.266657,24.807838,25.187551,313121.7
2005-12-30,GAPTQ-201203,25.147999,25.147999,24.617983,25.140087,469619.3
2006-01-03,GAPTQ-201203,25.282478,25.377407,24.744555,24.839481,433591.97
2006-01-04,GAPTQ-201203,24.839481,25.132175,24.523054,25.100533,329175.97
2006-01-05,GAPTQ-201203,25.124266,25.65428,25.084711,25.496067,536111.8
2006-01-06,GAPTQ-201203,25.353674,25.361586,23.099136,23.186153,2194380
2006-01-09,GAPTQ-201203,22.940922,23.842737,22.80644,23.336456,1368279.8
2006-01-10,GAPTQ-201203,23.217796,23.700346,23.217796,23.48676,355848.8
2006-01-11,GAPTQ-201203,23.494669,24.182896,23.336456,24.135433,475055
2006-01-12,GAPTQ-201203,24.167074,24.246181,23.929756,24.22245,475055
2006-01-13,GAPTQ-201203,24.167074,24.356932,23.937666,24.127522,412102
2006-01-17,GAPTQ-201203,24.127522,24.428127,23.890203,24.372751,490224.4
2006-01-18,GAPTQ-201203,24.372751,24.443949,24.048414,24.23036,568726.06
2006-01-19,GAPTQ-201203,24.325289,24.325289,23.898111,24.048414,572265.56
2006-01-20,GAPTQ-201203,24.151255,24.151255,23.676615,23.86647,593376.3
2006-01-23,GAPTQ-201203,23.969309,24.127522,23.660793,23.811096,457989.44
2006-01-24,GAPTQ-201203,23.890203,24.103788,23.739899,24.048414,391244.06
2006-01-25,GAPTQ-201203,24.159164,24.404396,23.969309,24.23827,317166.84
2006-01-26,GAPTQ-201203,24.364841,24.483501,24.016773,24.22245,330692.9
2006-01-27,GAPTQ-201203,24.309467,24.871124,24.309467,24.871124,669728.94
2006-01-30,GAPTQ-201203,24.871124,24.871124,24.633804,24.689178,306674.7
2006-01-31,GAPTQ-201203,24.689178,24.776196,24.523054,24.705,527768.7
2006-02-01,GAPTQ-201203,24.705,25.076801,24.657536,24.989784,394530.78
2006-02-02,GAPTQ-201203,24.997696,24.997696,24.182896,24.562607,367984.34
2006-02-03,GAPTQ-201203,24.523054,24.523054,24.103788,24.412306,185193.08
2006-02-06,GAPTQ-201203,24.436037,24.81575,24.277824,24.792017,439154.1
2006-02-07,GAPTQ-201203,24.807838,24.902767,23.819006,24.000952,416526.4
2006-02-08,GAPTQ-201203,23.99304,24.095879,23.652882,24.048414,454449.9
2006-02-09,GAPTQ-201203,24.048414,24.048414,23.28108,23.28108,271785.06
2006-02-10,GAPTQ-201203,23.288992,23.336456,22.1815,22.513746,736600.75
2006-02-13,GAPTQ-201203,22.387175,22.624496,22.30807,22.474194,817377.75
2006-02-14,GAPTQ-201203,22.5533,22.66405,22.268517,22.66405,671877.94
2006-02-15,GAPTQ-201203,22.66405,23.494669,22.592854,23.344366,359261.94
2006-02-16,GAPTQ-201203,23.423473,23.898111,23.423473,23.890203,295171.22
2006-02-17,GAPTQ-201203,23.929756,24.57843,23.739899,24.57843,617141.7
2006-02-21,GAPTQ-201203,24.997696,25.630548,24.989784,25.100533,1094851.4
2006-02-22,GAPTQ-201203,25.195461,25.203373,24.641714,25.068892,584527.5
2006-02-23,GAPTQ-201203,25.147999,25.709654,25.084711,25.42487,684266.3
2006-02-24,GAPTQ-201203,25.345764,25.717564,24.997696,25.622637,582757.75
2006-02-27,GAPTQ-201203,25.606815,25.78876,25.519796,25.559353,185319.48
2006-02-28,GAPTQ-201203,25.567263,25.670101,25.345764,25.519796,211360.3
2006-03-01,GAPTQ-201203,25.4486,25.852047,25.345764,25.836226,421077.22
2006-03-02,GAPTQ-201203,25.670101,26.128918,25.163818,26.057722,658225.5
2006-03-03,GAPTQ-201203,25.954885,26.38206,25.630548,25.741299,612464.5
2006-03-06,GAPTQ-201203,24.641714,25.907421,24.641714,25.464422,264073.94
2006-03-07,GAPTQ-201203,25.488157,25.488157,25.195461,25.345764,233103.1
2006-03-08,GAPTQ-201203,25.266657,25.685923,25.258747,25.53562,388842.25
2006-03-09,GAPTQ-201203,25.543531,26.24758,25.53562,25.65428,379993.44
2006-03-10,GAPTQ-201203,25.614727,26.113096,25.543531,26.065636,302629.5
2006-03-13,GAPTQ-201203,26.105188,26.429525,25.867868,26.208027,437510.75
2006-03-14,GAPTQ-201203,26.38206,26.540274,25.907421,26.445347,508554.1
2006-03-15,GAPTQ-201203,26.643112,26.643112,26.38206,26.532364,329681.6
2006-03-16,GAPTQ-201203,26.690578,27.062378,26.445347,26.761774,456725.3
2006-03-17,GAPTQ-201203,26.690578,26.927896,26.516542,26.658934,494775.22
2006-03-20,GAPTQ-201203,26.62729,26.698486,26.302954,26.405794,391496.9
2006-03-21,GAPTQ-201203,26.326685,26.500721,25.946974,26.215937,347632.06
2006-03-22,GAPTQ-201203,26.160563,26.904163,25.962795,26.904163,387072.5
2006-03-23,GAPTQ-201203,26.904163,27.58448,26.738039,27.497463,490098
2006-03-24,GAPTQ-201203,27.544928,28.296442,27.291786,28.241068,1118996
2006-03-27,GAPTQ-201203,28.233154,28.39928,27.774338,28.30435,541547.56
2006-03-28,GAPTQ-201203,28.335995,28.335995,27.987926,28.05121,235252.1
2006-03-29,GAPTQ-201203,28.074944,28.122406,27.892996,28.003748,300354.1
2006-03-30,GAPTQ-201203,28.003748,28.233154,27.10193,27.339252,426007.28
2006-03-31,GAPTQ-201203,27.410448,27.742695,27.355074,27.631947,428914.75
2006-04-03,GAPTQ-201203,27.711052,27.853443,27.378805,27.489553,412986.88
2006-04-04,GAPTQ-201203,27.521196,27.869265,27.323431,27.79016,340173.78
2006-04-05,GAPTQ-201203,29.285275,29.285275,27.45,27.616123,5000592.5
2006-04-06,GAPTQ-201203,28.082853,28.082853,27.014915,27.410448,1378013.5
2006-04-07,GAPTQ-201203,27.68732,27.845533,26.809237,26.935806,1295087.4
2006-04-10,GAPTQ-201203,27.68732,27.766426,27.21268,27.339252,1334907.1
2006-04-11,GAPTQ-201203,27.513285,27.845533,27.418358,27.45,1228215.6
2006-04-12,GAPTQ-201203,27.5,27.99,26.97,27.97,1548600
2006-04-13,GAPTQ-201203,28.04,29.29,28.04,28.21,1039700
2006-04-17,GAPTQ-201203,28.19,28.19,27.59,27.73,643500
2006-04-18,GAPTQ-201203,27.7,28,27.47,27.75,679400
2006-04-19,GAPTQ-201203,27.75,27.9,27.54,27.71,365700
2006-04-20,GAPTQ-201203,27.74,27.74,27.31,27.51,317600
2006-04-21,GAPTQ-201203,27.72,27.72,27.33,27.5,323400
2006-04-24,GAPTQ-201203,27.5,27.54,27.11,27.18,243400
2006-04-25,GAPTQ-201203,27.17,27.35,26.84,27.09,643800
2006-04-26,GAPTQ-201203,27.1,27.25,26.94,27.01,362900
2006-04-27,GAPTQ-201203,26.9,27.17,26.35,26.88,317500
2006-04-28,GAPTQ-201203,26.76,27.12,26.55,27.1,279800
2006-05-01,GAPTQ-201203,27.19,27.48,26.95,27.39,360300
2006-05-02,GAPTQ-201203,27.39,27.39,26.9,27.03,378900
2006-05-03,GAPTQ-201203,26.94,27.3,26.63,27.26,383700
2006-05-04,GAPTQ-201203,27.29,27.4,27.13,27.19,626100
2006-05-05,GAPTQ-201203,27.23,27.75,27.23,27.54,631500
2006-05-08,GAPTQ-201203,27.56,27.75,27.5,27.59,425700
2006-05-09,GAPTQ-201203,26.79,27.86,26.67,26.84,678900
2006-05-10,GAPTQ-201203,26.73,26.9,26.15,26.66,736600
2006-05-11,GAPTQ-201203,26.28,26.52,25.87,26.31,427100
2006-05-12,GAPTQ-201203,26.21,26.21,25.55,25.86,492500
2006-05-15,GAPTQ-201203,25.86,25.86,24.77,25.67,408900
2006-05-16,GAPTQ-201203,25.76,25.76,24.5,24.6,877600
2006-05-17,GAPTQ-201203,24.99,25.26,24.34,24.53,611600
2006-05-18,GAPTQ-201203,24.59,24.79,24,24.01,485700
2006-05-19,GAPTQ-201203,24.02,24.2,23.57,24.12,641700
2006-05-22,GAPTQ-201203,23.94,24.35,23.59,24.23,465500
2006-05-23,GAPTQ-201203,24.7,25.04,23.88,23.98,357000
2006-05-24,GAPTQ-201203,23.98,25.06,23.5,24.99,685300
2006-05-25,GAPTQ-201203,24.99,25.53,24.78,25.25,572100
2006-05-26,GAPTQ-201203,25.26,25.61,25.03,25.61,558500
2006-05-30,GAPTQ-201203,25.51,25.52,24.75,24.97,567700
2006-05-31,GAPTQ-201203,25,25.21,24.7,25.2,476700
2006-06-01,GAPTQ-201203,25.19,25.91,25.17,25.66,386000
2006-06-02,GAPTQ-201203,25.8,25.94,25.36,25.39,401500
2006-06-05,GAPTQ-201203,25.4,25.42,24.31,24.42,383300
2006-06-06,GAPTQ-201203,24.47,24.49,23.96,24.25,299200
2006-06-07,GAPTQ-201203,24.28,24.6,23.9,24.02,433400
2006-06-08,GAPTQ-201203,24.02,24.25,23.05,23.9,475700
2006-06-09,GAPTQ-201203,24.02,24.3,23.53,23.66,261700
2006-06-12,GAPTQ-201203,23.66,23.66,22.21,22.25,669700
2006-06-13,GAPTQ-201203,22.26,22.38,21.37,21.45,650900
2006-06-14,GAPTQ-201203,21.46,21.52,20.93,21.25,1065600
2006-06-15,GAPTQ-201203,21.42,21.86,21.3,21.69,640000
2006-06-16,GAPTQ-201203,21.58,21.9,21.25,21.5,728400
2006-06-19,GAPTQ-201203,21.5,21.73,21.31,21.55,499700
2006-06-20,GAPTQ-201203,21.43,21.73,21.25,21.37,451200
2006-06-21,GAPTQ-201203,21.35,22.1,21.06,22.07,532600
2006-06-22,GAPTQ-201203,21.93,22.19,21.55,21.96,442300
2006-06-23,GAPTQ-201203,22.04,22.13,21.57,22.02,386400
2006-06-26,GAPTQ-201203,22.15,22.43,22.04,22.36,293800
2006-06-27,GAPTQ-201203,22.36,22.36,21.55,21.56,357600
2006-06-28,GAPTQ-201203,21.69,22.69,21.5,22.23,508400
2006-06-29,GAPTQ-201203,22.22,22.85,22.12,22.83,479800
2006-06-30,GAPTQ-201203,22.86,23.22,22.71,22.72,376800
2006-07-03,GAPTQ-201203,22.87,23.04,22.72,22.8,120100
2006-07-05,GAPTQ-201203,22.8,22.8,21.94,22.42,288800
2006-07-06,GAPTQ-201203,22.42,22.64,22.26,22.46,188600
2006-07-07,GAPTQ-201203,22.46,22.57,22.01,22.17,206900
2006-07-10,GAPTQ-201203,22.17,22.45,21.62,21.85,515400
2006-07-11,GAPTQ-201203,21.8,21.86,21.09,21.86,361700
2006-07-12,GAPTQ-201203,21.88,22.15,21.65,21.85,357700
2006-07-13,GAPTQ-201203,21.85,21.85,21.3,21.43,358600
2006-07-14,GAPTQ-201203,21.43,21.69,20.93,20.97,393900
2006-07-17,GAPTQ-201203,20.97,21.83,20.79,21.03,411500
2006-07-18,GAPTQ-201203,21.09,21.36,20.67,21.03,501000
2006-07-19,GAPTQ-201203,21.04,22.27,21.01,21.85,562900
2006-07-20,GAPTQ-201203,21.9,22.66,21.9,22.63,812400
2006-07-21,GAPTQ-201203,23.1,24.54,23.1,24.1,1551500
2006-07-24,GAPTQ-201203,24.1,24.29,23.11,23.55,699200
2006-07-25,GAPTQ-201203,23.56,23.7,23.15,23.36,326400
2006-07-26,GAPTQ-201203,23.65,23.89,23.25,23.47,471700
2006-07-27,GAPTQ-201203,23.58,23.91,23.29,23.29,409100
2006-07-28,GAPTQ-201203,23.4,23.69,23.12,23.35,344600
2006-07-31,GAPTQ-201203,23.35,23.85,23.32,23.75,536300
2006-08-01,GAPTQ-201203,23.75,23.75,22.5,22.76,479700
2006-08-02,GAPTQ-201203,22.85,22.93,22.51,22.67,201700
2006-08-03,GAPTQ-201203,22.5,22.59,22.04,22.52,418200
2006-08-04,GAPTQ-201203,22.58,22.83,22.07,22.39,422500
2006-08-07,GAPTQ-201203,22.26,22.26,21.76,22.02,262600
2006-08-08,GAPTQ-201203,22.06,22.09,21.35,21.42,264900
2006-08-09,GAPTQ-201203,21.51,21.59,20.78,21,356000
2006-08-10,GAPTQ-201203,20.9,21.58,20.72,21.46,240700
2006-08-11,GAPTQ-201203,21.56,21.6,20.98,21.21,287800
2006-08-14,GAPTQ-201203,21.33,22.12,21.33,21.91,324500
2006-08-15,GAPTQ-201203,22.99,23.2,22.39,22.71,611200
2006-08-16,GAPTQ-201203,22.9,22.92,22.39,22.84,151200
2006-08-17,GAPTQ-201203,22.84,23.17,22.68,23.15,268100
2006-08-18,GAPTQ-201203,23.15,23.15,22.37,22.7,315400
2006-08-21,GAPTQ-201203,22.7,22.7,22.03,22.36,307300
2006-08-22,GAPTQ-201203,22.29,22.41,22,22.22,139800
2006-08-23,GAPTQ-201203,22.22,22.48,21.83,21.93,291000
2006-08-24,GAPTQ-201203,22.03,22.39,21.88,22.29,246400
2006-08-25,GAPTQ-201203,22.29,22.55,22.11,22.51,204300
2006-08-28,GAPTQ-201203,22.51,23.1,22.51,22.81,219400
2006-08-29,GAPTQ-201203,22.87,23.06,22.43,23.06,152400
2006-08-30,GAPTQ-201203,23.13,23.13,22.75,22.91,109100
2006-08-31,GAPTQ-201203,22.92,23.08,22.57,22.93,157900
2006-09-01,GAPTQ-201203,23.12,23.2,22.77,23.07,199700
2006-09-05,GAPTQ-201203,23.15,23.23,22.9,22.99,469000
2006-09-06,GAPTQ-201203,23.1,23.23,22.51,22.57,230600
2006-09-07,GAPTQ-201203,22.6,23.11,22.38,22.83,232800
2006-09-08,GAPTQ-201203,22.93,23.08,22.77,22.89,237700
2006-09-11,GAPTQ-201203,22.74,23.09,22.64,22.89,344200
2006-09-12,GAPTQ-201203,22.9,23.2,22.88,23.02,423000
2006-09-13,GAPTQ-201203,23.08,23.2,22.82,23.01,615600
2006-09-14,GAPTQ-201203,23.26,23.32,22.92,23.1,638500
2006-09-15,GAPTQ-201203,23,23.01,22.47,22.6,541500
2006-09-18,GAPTQ-201203,22.6,23.14,22.48,22.94,963000
2006-09-19,GAPTQ-201203,23.05,23.12,22.64,22.99,290000
2006-09-20,GAPTQ-201203,23.09,23.64,23.09,23.35,279500
2006-09-21,GAPTQ-201203,23.35,23.6,22.97,23.3,474100
2006-09-22,GAPTQ-201203,23.15,23.34,22.83,23.31,387200
2006-09-25,GAPTQ-201203,23.41,23.6,22.99,23.54,482000
2006-09-26,GAPTQ-201203,23.57,23.64,23.37,23.43,443600
2006-09-27,GAPTQ-201203,23.44,23.85,23.32,23.71,289600
2006-09-28,GAPTQ-201203,23.81,24.21,23.61,24.07,508000
2006-09-29,GAPTQ-201203,24.01,24.21,23.9,24.08,520900
2006-10-02,GAPTQ-201203,24.14,24.3,23.95,24.2,600200
2006-10-03,GAPTQ-201203,24.21,24.63,24.01,24.5,281400
2006-10-04,GAPTQ-201203,24.5,25.07,24.37,25.06,720400
2006-10-05,GAPTQ-201203,25.1,25.75,25.04,25.6,697600
2006-10-06,GAPTQ-201203,25.56,25.56,25.05,25.08,700000
2006-10-09,GAPTQ-201203,24.99,25.42,24.55,25.28,320000
2006-10-10,GAPTQ-201203,25.39,25.62,25.24,25.53,291600
2006-10-11,GAPTQ-201203,25.4,25.79,25.3,25.74,564800
2006-10-12,GAPTQ-201203,25.79,26.42,25.63,26.35,414800
2006-10-13,GAPTQ-201203,26.41,26.42,25.92,26.22,571000
2006-10-16,GAPTQ-201203,26.55,26.59,25.71,26.04,682700
2006-10-17,GAPTQ-201203,26,27.65,25.5,27.36,1545300
2006-10-18,GAPTQ-201203,27.36,27.9,27.16,27.23,490000
2006-10-19,GAPTQ-201203,27.26,27.8,27.26,27.45,583200
2006-10-20,GAPTQ-201203,27.45,27.89,27.39,27.78,563700
2006-10-23,GAPTQ-201203,28.64,28.64,27.82,28.04,482600
2006-10-24,GAPTQ-201203,28.06,28.06,27.21,27.44,618300
2006-10-25,GAPTQ-201203,27.44,28.11,27.35,27.7,426000
2006-10-26,GAPTQ-201203,27.8,27.85,27.44,27.76,507800
2006-10-27,GAPTQ-201203,27.6,27.86,27.35,27.8,425100
2006-10-30,GAPTQ-201203,27.6,27.89,27.42,27.85,322400
2006-10-31,GAPTQ-201203,27.97,27.97,27.41,27.67,434200
2006-11-01,GAPTQ-201203,27.84,27.84,27.06,27.31,343200
2006-11-02,GAPTQ-201203,27.16,27.25,26.8,27.06,420600
2006-11-03,GAPTQ-201203,27.05,27.25,26.66,26.84,411900
2006-11-06,GAPTQ-201203,26.86,27,26.69,26.86,471900
2006-11-07,GAPTQ-201203,26.87,27.69,26.87,27.51,251900
2006-11-08,GAPTQ-201203,27.26,28,27.21,27.93,310300
2006-11-09,GAPTQ-201203,27.96,28.1,27.48,27.74,229000
2006-11-10,GAPTQ-201203,27,27.58,27,27.25,533800
2006-11-13,GAPTQ-201203,27.18,27.26,26.95,27.16,271600
2006-11-14,GAPTQ-201203,27.15,27.23,26.79,27.2,406700
2006-11-15,GAPTQ-201203,27.23,27.92,27.13,27.71,312800
2006-11-16,GAPTQ-201203,27.74,27.78,27.49,27.58,216300
2006-11-17,GAPTQ-201203,27.58,27.62,27.04,27.12,320600
2006-11-20,GAPTQ-201203,27.12,27.29,26.8,26.94,321600
2006-11-21,GAPTQ-201203,26.82,26.83,26.5,26.68,284300
2006-11-22,GAPTQ-201203,26.68,26.85,26.52,26.69,117200
2006-11-24,GAPTQ-201203,26.66,26.83,26.52,26.7,65200
2006-11-27,GAPTQ-201203,26.73,26.73,25.99,26.03,361400
2006-11-28,GAPTQ-201203,26,26.36,25.84,25.98,342000
2006-11-29,GAPTQ-201203,26.18,26.88,26.18,26.79,313800
2006-11-30,GAPTQ-201203,26.65,26.71,25.86,26.3,458600
2006-12-01,GAPTQ-201203,26.21,26.56,26.09,26.29,289400
2006-12-04,GAPTQ-201203,26.29,27.49,26.29,27.38,372900
2006-12-05,GAPTQ-201203,27.5,27.68,26.93,27.12,251300
2006-12-06,GAPTQ-201203,27.16,27.16,26.67,26.77,151300
2006-12-07,GAPTQ-201203,26.82,26.99,26.55,26.76,283400
2006-12-08,GAPTQ-201203,26.67,26.97,26.34,26.66,361100
2006-12-11,GAPTQ-201203,26.62,26.91,26.48,26.82,146600
2006-12-12,GAPTQ-201203,26.8,26.91,26.49,26.62,296300
2006-12-13,GAPTQ-201203,26.77,27,26.74,26.84,203000
2006-12-14,GAPTQ-201203,26.9,27.65,26.87,27.26,376600
2006-12-15,GAPTQ-201203,27.3,27.7,26.91,26.98,199800
2006-12-18,GAPTQ-201203,26.98,27.1,26.29,26.37,226100
2006-12-19,GAPTQ-201203,26.25,26.55,26.05,26.34,173400
2006-12-20,GAPTQ-201203,26.35,26.75,26.19,26.22,209600
2006-12-21,GAPTQ-201203,26.25,26.55,25.89,25.99,316400
2006-12-22,GAPTQ-201203,25.99,26.38,25.91,26.3,143200
2006-12-26,GAPTQ-201203,26.26,26.67,26.2,26.37,143000
2006-12-27,GAPTQ-201203,26.55,26.65,26.27,26.29,156800
2006-12-28,GAPTQ-201203,26.11,26.44,25.96,26.04,203500
2006-12-29,GAPTQ-201203,25.96,26.2,25.69,25.74,205200
2007-01-03,GAPTQ-201203,25.82,25.95,25.4,25.64,337900
2007-01-04,GAPTQ-201203,25.6,25.83,25.27,25.51,299400
2007-01-05,GAPTQ-201203,25.55,26.29,25.5,26.17,362100
2007-01-08,GAPTQ-201203,26.17,26.26,25.87,26.22,423600
2007-01-09,GAPTQ-201203,26.75,28.04,26.42,27.4,643700
2007-01-10,GAPTQ-201203,27.25,27.91,27.15,27.82,484100
2007-01-11,GAPTQ-201203,27.78,27.92,27.42,27.75,432400
2007-01-12,GAPTQ-201203,27.76,28.17,27.72,28.15,715500
2007-01-16,GAPTQ-201203,28.21,28.24,27.79,28.02,376200
2007-01-17,GAPTQ-201203,28,28.26,27.95,28.21,162700
2007-01-18,GAPTQ-201203,28.25,28.38,28.06,28.23,374500
2007-01-19,GAPTQ-201203,28.16,28.4,28.06,28.27,213900
2007-01-22,GAPTQ-201203,28.25,28.34,28.08,28.19,275000
2007-01-23,GAPTQ-201203,28.2,28.74,28.06,28.61,267300
2007-01-24,GAPTQ-201203,28.61,29.03,28.5,28.9,625400
2007-01-25,GAPTQ-201203,29.02,29.03,28.34,28.51,368900
2007-01-26,GAPTQ-201203,28.5,28.77,28.26,28.6,179200
2007-01-29,GAPTQ-201203,28.58,28.91,28.45,28.87,461900
2007-01-30,GAPTQ-201203,28.82,29.16,28.69,29.1,489700
2007-01-31,GAPTQ-201203,29,29.13,28.74,28.87,240500
2007-02-01,GAPTQ-201203,28.97,29.1,28.4,28.61,777400
2007-02-02,GAPTQ-201203,28.73,28.88,28.34,28.65,342500
2007-02-05,GAPTQ-201203,28.6,28.67,28.15,28.51,320800
2007-02-06,GAPTQ-201203,28.49,28.66,27.96,28.1,351800
2007-02-07,GAPTQ-201203,28.1,28.26,27.94,28.03,222400
2007-02-08,GAPTQ-201203,28.03,28.15,27.87,27.95,130400
2007-02-09,GAPTQ-201203,28.07,28.28,27.88,28.13,276000
2007-02-12,GAPTQ-201203,28.08,28.73,28.01,28.66,330300
2007-02-13,GAPTQ-201203,28.69,29.05,28.43,28.85,337000
2007-02-14,GAPTQ-201203,28.85,29.07,28.64,28.75,410900
2007-02-15,GAPTQ-201203,28.8,28.97,28.52,28.8,231200
2007-02-16,GAPTQ-201203,28.81,28.91,28.61,28.76,159800
2007-02-20,GAPTQ-201203,28.76,31,28.58,30.88,1267000
2007-02-21,GAPTQ-201203,30.87,31.58,30.75,31.39,701800
2007-02-22,GAPTQ-201203,31.33,31.85,31.23,31.44,545100
2007-02-23,GAPTQ-201203,31.33,31.35,31.02,31.07,306200
2007-02-26,GAPTQ-201203,31.09,31.23,30.61,30.87,347000
2007-02-27,GAPTQ-201203,30.33,33.69,30.01,33.17,2215600
2007-02-28,GAPTQ-201203,33.18,33.35,31.55,31.8,1290200
2007-03-01,GAPTQ-201203,31.4,31.95,31.01,31.62,477700
2007-03-02,GAPTQ-201203,31.5,32.01,30.68,30.86,657100
2007-03-05,GAPTQ-201203,31.44,32.8,31.09,32.5,1957500
2007-03-06,GAPTQ-201203,32.75,32.92,31.82,32.38,664500
2007-03-07,GAPTQ-201203,32.56,33.57,32.46,33.05,1352900
2007-03-08,GAPTQ-201203,33.15,33.96,33.02,33.71,1193600
2007-03-09,GAPTQ-201203,33.95,34.26,32.65,33.28,774300
2007-03-12,GAPTQ-201203,33.2,33.7,32.99,33.43,381500
2007-03-13,GAPTQ-201203,33.33,33.75,32.47,32.56,412000
2007-03-14,GAPTQ-201203,32.56,32.86,31.58,32.05,707300
2007-03-15,GAPTQ-201203,32.05,32.58,31.91,32.56,417300
2007-03-16,GAPTQ-201203,32.56,32.56,31.17,31.95,707900
2007-03-19,GAPTQ-201203,31.72,33.06,31.64,33.02,1135500
2007-03-20,GAPTQ-201203,33.85,34.32,32.73,33.43,926300
2007-03-21,GAPTQ-201203,33.2,33.96,33.14,33.91,695400
2007-03-22,GAPTQ-201203,33.8,33.97,33.03,33.22,891400
2007-03-23,GAPTQ-201203,32.93,33.91,32.8,33.79,772100
2007-03-26,GAPTQ-201203,33.8,34.39,33.63,34.07,640100
2007-03-27,GAPTQ-201203,34.08,34.18,33.41,33.53,589100
2007-03-28,GAPTQ-201203,33.54,33.64,33.07,33.42,142700
2007-03-29,GAPTQ-201203,33.57,33.99,32.7,33.03,243900
2007-03-30,GAPTQ-201203,32.9,33.52,32.82,33.18,331200
2007-04-02,GAPTQ-201203,33.3,33.36,32.89,32.9,430000
2007-04-03,GAPTQ-201203,32.9,33.36,32.73,32.97,670400
2007-04-04,GAPTQ-201203,33,33.26,32.78,32.91,412600
2007-04-05,GAPTQ-201203,32.92,33.69,32.92,33.11,720900
2007-04-09,GAPTQ-201203,33.18,33.35,32.71,33.08,360800
2007-04-10,GAPTQ-201203,32.95,33.18,32.86,32.97,217500
2007-04-11,GAPTQ-201203,33,33.25,32.07,32.34,516600
2007-04-12,GAPTQ-201203,32.34,32.34,31.88,32,382100
2007-04-13,GAPTQ-201203,32.07,32.23,31.52,31.68,389500
2007-04-16,GAPTQ-201203,31.62,32.12,31.45,31.91,539000
2007-04-17,GAPTQ-201203,31.85,32.12,31.64,31.95,263000
2007-04-18,GAPTQ-201203,31.77,32.49,31.77,31.81,504900
2007-04-19,GAPTQ-201203,31.26,32.7,31.26,32.7,917600
2007-04-20,GAPTQ-201203,32.9,33.15,32.8,33.05,493300
2007-04-23,GAPTQ-201203,33.12,33.51,32.86,33.12,495500
2007-04-24,GAPTQ-201203,33,33.4,32.58,33.39,781700
2007-04-25,GAPTQ-201203,33.39,33.55,32.67,33.27,1031700
2007-04-26,GAPTQ-201203,33.15,33.22,32.79,33,804100
2007-04-27,GAPTQ-201203,32.75,33.04,32.5,32.74,541000
2007-04-30,GAPTQ-201203,32.72,32.74,32.12,32.19,1000500
2007-05-01,GAPTQ-201203,32.11,32.11,31.05,31.31,684800
2007-05-02,GAPTQ-201203,31.36,32.18,31.09,32.04,707400
2007-05-03,GAPTQ-201203,32.02,32.25,31.56,32.06,563500
2007-05-04,GAPTQ-201203,32.07,32.07,31.05,31.4,476000
2007-05-07,GAPTQ-201203,31.34,31.37,30.21,30.67,516500
2007-05-08,GAPTQ-201203,30.56,31.2,30.17,31.05,550800
2007-05-09,GAPTQ-201203,30.97,31.24,30.82,31.02,341200
2007-05-10,GAPTQ-201203,30.9,30.93,30.31,30.49,419300
2007-05-11,GAPTQ-201203,30.6,30.64,30.33,30.55,329200
2007-05-14,GAPTQ-201203,30.6,30.71,30.06,30.27,640900
2007-05-15,GAPTQ-201203,30.25,30.63,29.81,30.53,530000
2007-05-16,GAPTQ-201203,30.56,30.79,30.43,30.69,254000
2007-05-17,GAPTQ-201203,30.65,30.65,30.22,30.34,220400
2007-05-18,GAPTQ-201203,30.35,30.39,30.06,30.17,353800
2007-05-21,GAPTQ-201203,30.15,30.79,30.15,30.74,425800
2007-05-22,GAPTQ-201203,30.74,31.26,30.4,31.18,596900
2007-05-23,GAPTQ-201203,31.15,31.27,30.77,30.9,612800
2007-05-24,GAPTQ-201203,30.9,31.65,30.9,31.51,1380400
2007-05-25,GAPTQ-201203,31.52,32.22,31.52,32.2,920700
2007-05-29,GAPTQ-201203,32.4,33.1,32.16,32.91,976600
2007-05-30,GAPTQ-201203,32.8,33,32.73,32.95,693500
2007-05-31,GAPTQ-201203,32.76,34.65,32.75,34.51,1604800
2007-06-01,GAPTQ-201203,34.6,35.1,34.09,34.7,1722000
2007-06-04,GAPTQ-201203,34.71,35.24,34.58,34.97,1284300
2007-06-05,GAPTQ-201203,34.37,35.52,34.23,34.64,1086400
2007-06-06,GAPTQ-201203,34.75,34.97,34.42,34.67,655000
2007-06-07,GAPTQ-201203,34.42,34.6,33.99,33.99,720800
2007-06-08,GAPTQ-201203,33.93,34.3,33.79,34.25,350400
2007-06-11,GAPTQ-201203,34.16,34.47,34.01,34.25,577400
2007-06-12,GAPTQ-201203,33.42,34.58,33.42,33.84,461000
2007-06-13,GAPTQ-201203,33.85,34.16,33.6,34,1021700
2007-06-14,GAPTQ-201203,34,34.58,33.98,34.21,587500
2007-06-15,GAPTQ-201203,34.52,35.18,34.31,34.83,952300
2007-06-18,GAPTQ-201203,34.85,35.08,34.25,34.6,571700
2007-06-19,GAPTQ-201203,34.52,34.58,34.21,34.45,1769000
2007-06-20,GAPTQ-201203,34.53,34.66,34.14,34.32,1497300
2007-06-21,GAPTQ-201203,34,34.37,33.86,34.2,512100
2007-06-22,GAPTQ-201203,34.05,34.43,33.89,34.38,974200
2007-06-25,GAPTQ-201203,34.38,35.7,34.17,35.08,850300
2007-06-26,GAPTQ-201203,35,35.14,34.21,34.26,2336700
2007-06-27,GAPTQ-201203,34.13,34.89,33.7,34.02,704200
2007-06-28,GAPTQ-201203,34.1,34.37,33.92,34.06,526900
2007-06-29,GAPTQ-201203,34.25,34.44,33.39,33.54,856000
2007-07-02,GAPTQ-201203,33.79,34.31,33.79,34.15,352400
2007-07-03,GAPTQ-201203,34.25,34.93,34.25,34.63,200200
2007-07-05,GAPTQ-201203,34.63,34.85,33.89,34.3,645700
2007-07-06,GAPTQ-201203,34.31,34.61,34,34.44,312600
2007-07-09,GAPTQ-201203,34.39,34.48,34.06,34.46,431800
2007-07-10,GAPTQ-201203,34.44,34.6,34.1,34.14,395900
2007-07-11,GAPTQ-201203,34.03,34.63,33.8,34.4,558400
2007-07-12,GAPTQ-201203,34.64,35.39,34.54,35.35,319100
2007-07-13,GAPTQ-201203,35.39,35.89,35.15,35.77,306000
2007-07-16,GAPTQ-201203,35.7,35.85,34.99,35.05,395700
2007-07-17,GAPTQ-201203,35.08,35.43,34.7,34.77,304500
2007-07-18,GAPTQ-201203,34.55,35.07,34.13,34.74,393100
2007-07-19,GAPTQ-201203,35,35,33.76,34.1,496800
2007-07-20,GAPTQ-201203,34.5,34.65,33.79,34.1,836700
2007-07-23,GAPTQ-201203,33.2,33.75,32.32,32.81,1606900
2007-07-24,GAPTQ-201203,32.8,32.82,30.39,31.03,1674300
2007-07-25,GAPTQ-201203,31.3,31.37,29.99,30.79,1027200
2007-07-26,GAPTQ-201203,30.37,30.87,29.96,30.84,1136500
2007-07-27,GAPTQ-201203,30.06,31.45,29.6,29.67,1137700
2007-07-30,GAPTQ-201203,29.71,30.27,28.94,29.8,935800
2007-07-31,GAPTQ-201203,30.24,30.51,29.12,29.15,665900
2007-08-01,GAPTQ-201203,29.04,29.81,28.79,29.8,857100
2007-08-02,GAPTQ-201203,29.86,30.45,29.61,30.45,702000
2007-08-03,GAPTQ-201203,30.65,31.08,29.93,29.97,888900
2007-08-06,GAPTQ-201203,30.83,31.07,29.13,30.95,838200
2007-08-07,GAPTQ-201203,30.9,31.92,30.75,31.66,737900
2007-08-08,GAPTQ-201203,32,33.97,31.85,32.87,1621300
2007-08-09,GAPTQ-201203,33.1,33.84,31.97,33.03,1896300
2007-08-10,GAPTQ-201203,31.33,33.4,30.5,31.22,1136600
2007-08-13,GAPTQ-201203,31.31,31.61,29.8,30.5,851500
2007-08-14,GAPTQ-201203,30.45,30.92,29.9,29.92,393100
2007-08-15,GAPTQ-201203,30,30.87,29.91,30.04,477000
2007-08-16,GAPTQ-201203,30.04,30.74,28.54,30.45,869700
2007-08-17,GAPTQ-201203,31.7,32.13,30.69,31.29,607100
2007-08-20,GAPTQ-201203,31.31,31.89,30.89,31.65,311300
2007-08-21,GAPTQ-201203,31.5,32.42,31.19,31.65,236700
2007-08-22,GAPTQ-201203,31.9,32.68,31.9,32.2,237400
2007-08-23,GAPTQ-201203,32.41,32.71,31.66,31.73,438000
2007-08-24,GAPTQ-201203,31.66,32.06,31.58,32.05,269000
2007-08-27,GAPTQ-201203,31.87,32.05,31.45,31.49,245200
2007-08-28,GAPTQ-201203,31.5,31.55,29.89,30.02,322300
2007-08-29,GAPTQ-201203,30.29,30.86,29.77,30.58,349800
2007-08-30,GAPTQ-201203,30.3,30.68,29.92,30.1,316500
2007-08-31,GAPTQ-201203,30.48,31.53,30.23,31.36,261400
2007-09-04,GAPTQ-201203,31.2,31.99,31.2,31.5,155700
2007-09-05,GAPTQ-201203,31.25,31.45,30.13,30.46,218900
2007-09-06,GAPTQ-201203,30.5,30.63,29.96,30.48,150500
2007-09-07,GAPTQ-201203,30.05,30.25,29.45,29.49,229900
2007-09-10,GAPTQ-201203,29.69,30.48,29.47,30.27,278000
2007-09-11,GAPTQ-201203,30.34,30.88,29.98,30.85,271700
2007-09-12,GAPTQ-201203,30.72,31.12,30.5,30.57,168200
2007-09-13,GAPTQ-201203,30.78,30.89,30.43,30.45,228000
2007-09-14,GAPTQ-201203,30.17,30.48,29.99,30.32,154900
2007-09-17,GAPTQ-201203,30.29,30.31,29.81,30,656700
2007-09-18,GAPTQ-201203,30.1,31.78,29.98,31.46,423600
2007-09-19,GAPTQ-201203,31.72,32.5,31.12,31.6,325700
2007-09-20,GAPTQ-201203,31.52,31.89,30.83,31.08,256800
2007-09-21,GAPTQ-201203,31.38,31.65,30.34,31.19,341100
2007-09-24,GAPTQ-201203,31.19,31.75,30.85,31.16,235300
2007-09-25,GAPTQ-201203,30.87,30.92,30.44,30.54,312800
2007-09-26,GAPTQ-201203,30.75,30.75,29.86,30.48,268600
2007-09-27,GAPTQ-201203,30.38,31.19,30.31,31.1,173000
2007-09-28,GAPTQ-201203,30.98,31.22,30.28,30.46,178900
2007-10-01,GAPTQ-201203,30.46,31.21,30.44,30.64,377900
2007-10-02,GAPTQ-201203,30.56,31.11,30.28,30.89,274800
2007-10-03,GAPTQ-201203,30.77,31.06,30.03,30.62,475600
2007-10-04,GAPTQ-201203,30.8,31.37,30.56,30.97,244400
2007-10-05,GAPTQ-201203,31.06,32,31.06,32,289700
2007-10-08,GAPTQ-201203,31.69,32.22,31.62,31.69,194100
2007-10-09,GAPTQ-201203,31.72,32.04,31.61,31.93,178700
2007-10-10,GAPTQ-201203,31.93,32.13,31.69,31.83,187000
2007-10-11,GAPTQ-201203,32,32.47,30.9,30.9,337100
2007-10-12,GAPTQ-201203,30.9,31.62,30.9,31.23,274100
2007-10-15,GAPTQ-201203,31.33,31.33,30.05,30.71,486200
2007-10-16,GAPTQ-201203,30.74,30.91,29.96,29.97,263300
2007-10-17,GAPTQ-201203,30.31,30.68,28.74,30.25,1258000
2007-10-18,GAPTQ-201203,30.15,30.88,29.9,30.55,695000
2007-10-19,GAPTQ-201203,30.51,30.62,29.8,29.9,500600
2007-10-22,GAPTQ-201203,29.72,30.2,29.31,29.77,423700
2007-10-23,GAPTQ-201203,30.08,30.78,29.75,30.73,304700
2007-10-24,GAPTQ-201203,30.5,30.86,29.89,30.78,309100
2007-10-25,GAPTQ-201203,30.7,31.84,30.65,31.21,415600
2007-10-26,GAPTQ-201203,31.62,32,31.23,31.77,352300
2007-10-29,GAPTQ-201203,32,32.84,31.99,32.6,328100
2007-10-30,GAPTQ-201203,32.38,32.66,32.13,32.25,252000
2007-10-31,GAPTQ-201203,32.44,32.86,31.78,32.37,621600
2007-11-01,GAPTQ-201203,31.95,32.4,30.96,30.96,347000
2007-11-02,GAPTQ-201203,31.22,31.7,30.52,31.52,273300
2007-11-05,GAPTQ-201203,31.15,31.52,30.85,30.9,188100
2007-11-06,GAPTQ-201203,30.43,31.03,30.1,30.96,595900
2007-11-07,GAPTQ-201203,30.92,31,30.35,30.53,286400
2007-11-08,GAPTQ-201203,30.76,30.8,30,30.68,631200
2007-11-09,GAPTQ-201203,30.21,30.7,29.98,30.1,874300
2007-11-12,GAPTQ-201203,29.86,31,29.86,30.11,586300
2007-11-13,GAPTQ-201203,30.45,30.89,30.06,30.37,306000
2007-11-14,GAPTQ-201203,30.52,31.06,30.31,30.65,180800
2007-11-15,GAPTQ-201203,30.38,31.02,29.75,29.9,304500
2007-11-16,GAPTQ-201203,30.14,30.51,29.16,30.19,378000
2007-11-19,GAPTQ-201203,29.81,30.26,29.72,30.11,508400
2007-11-20,GAPTQ-201203,30.15,30.31,29.2,29.76,392800
2007-11-21,GAPTQ-201203,29.61,29.88,28.85,28.92,368900
2007-11-23,GAPTQ-201203,29.15,29.45,28.85,28.96,124600
2007-11-26,GAPTQ-201203,29.05,29.35,28.5,28.75,339900
2007-11-27,GAPTQ-201203,28.94,29.13,28.44,28.6,425100
2007-11-28,GAPTQ-201203,28.6,30.06,28.6,30.06,2143900
2007-11-29,GAPTQ-201203,30.12,30.94,29.99,30.05,714800
2007-11-30,GAPTQ-201203,30.39,30.79,29.79,30.05,757800
2007-12-03,GAPTQ-201203,30.15,30.48,29.78,30.09,807300
2007-12-04,GAPTQ-201203,29.8,30.58,29.62,29.68,726300
2007-12-05,GAPTQ-201203,30.16,30.22,29.3,29.91,670500
2007-12-06,GAPTQ-201203,29.95,30.47,29.82,30.28,521200
2007-12-07,GAPTQ-201203,30.44,30.58,29.92,29.94,367100
2007-12-10,GAPTQ-201203,29,29.56,27.87,28.98,1751200
2007-12-11,GAPTQ-201203,28.96,29.02,28.43,28.51,1045300
2007-12-12,GAPTQ-201203,29,29.45,27.76,28.54,1596000
2007-12-13,GAPTQ-201203,28,28.87,27.8,28.87,2123200
2007-12-14,GAPTQ-201203,28.8,28.9,28.33,28.48,1213100
2007-12-17,GAPTQ-201203,28.48,29.28,28.26,28.88,985700
2007-12-18,GAPTQ-201203,29.12,30,28.88,29.56,946800
2007-12-19,GAPTQ-201203,29.65,30.19,29.36,29.95,1627000
2007-12-20,GAPTQ-201203,30.27,30.3,29.74,30.07,798800
2007-12-21,GAPTQ-201203,30.48,30.71,30.01,30.71,1056800
2007-12-24,GAPTQ-201203,30.78,31.63,30.74,31.4,340800
2007-12-26,GAPTQ-201203,31.25,31.53,30.78,31.3,595600
2007-12-27,GAPTQ-201203,31.2,31.4,30.86,31.07,636300
2007-12-28,GAPTQ-201203,31.06,31.42,30.63,31,786200
2007-12-31,GAPTQ-201203,30.99,31.62,30.88,31.33,708500
2008-01-02,GAPTQ-201203,31.32,31.32,30.16,30.32,1192600
2008-01-03,GAPTQ-201203,30.58,31.07,30.04,30.16,1295500
2008-01-04,GAPTQ-201203,29.87,30.15,29.09,29.13,1309300
2008-01-07,GAPTQ-201203,29.33,29.4,28.47,29.14,1097900
2008-01-08,GAPTQ-201203,30.32,30.98,29.5,29.6,1844700
2008-01-09,GAPTQ-201203,30.36,30.78,29.9,30.7,1355000
2008-01-10,GAPTQ-201203,30.42,31.52,30.16,31,1251300
2008-01-11,GAPTQ-201203,30.85,31.33,30.6,30.6,982600
2008-01-14,GAPTQ-201203,30.8,31.15,30.39,31.03,655200
2008-01-15,GAPTQ-201203,30.5,30.78,29.72,30.01,931200
2008-01-16,GAPTQ-201203,29.81,30.82,29.69,29.89,1322100
2008-01-17,GAPTQ-201203,30.12,30.64,29.54,29.6,1026700
2008-01-18,GAPTQ-201203,29.75,30.06,28.08,28.32,1723700
2008-01-22,GAPTQ-201203,27.23,29.43,27.23,28.89,863200
2008-01-23,GAPTQ-201203,28.55,30.57,28.55,30.56,1046600
2008-01-24,GAPTQ-201203,30.71,30.73,29.66,30.21,825600
2008-01-25,GAPTQ-201203,30.62,30.91,29.86,30.15,883600
2008-01-28,GAPTQ-201203,30.15,30.42,29.52,30.09,919300
2008-01-29,GAPTQ-201203,30.26,30.32,29.57,30.13,748800
2008-01-30,GAPTQ-201203,29.97,30.3,29.23,29.36,608000
2008-01-31,GAPTQ-201203,29.03,30.48,28.93,29.87,1008300
2008-02-01,GAPTQ-201203,29.9,30.35,29.78,30.25,892500
2008-02-04,GAPTQ-201203,30.25,30.36,29.99,30.08,532300
2008-02-05,GAPTQ-201203,29.56,30.18,29.56,29.91,517000
2008-02-06,GAPTQ-201203,30.18,30.33,29.41,29.52,464500
2008-02-07,GAPTQ-201203,29.49,30.2,29.14,29.83,686100
2008-02-08,GAPTQ-201203,29.67,30.1,29.28,29.53,600800
2008-02-11,GAPTQ-201203,29.5,30.18,29.36,30.12,552100
2008-02-12,GAPTQ-201203,30.15,30.36,29.79,30.08,384600
2008-02-13,GAPTQ-201203,30.25,30.27,29.96,30.09,343800
2008-02-14,GAPTQ-201203,30.19,30.21,29.26,29.45,617800
2008-02-15,GAPTQ-201203,29.31,29.56,29.02,29.38,580500
2008-02-19,GAPTQ-201203,29.7,29.7,29.22,29.47,474900
2008-02-20,GAPTQ-201203,29.32,29.61,28.99,29.14,442400
2008-02-21,GAPTQ-201203,29.33,29.46,27.86,28.01,521400
2008-02-22,GAPTQ-201203,28.13,28.15,27.52,27.8,578600
2008-02-25,GAPTQ-201203,27.88,28.15,27.32,27.83,643600
2008-02-26,GAPTQ-201203,27.7,27.7,26.59,26.91,1124000
2008-02-27,GAPTQ-201203,26.73,27.15,26.41,26.55,737000
2008-02-28,GAPTQ-201203,26.5,27.1,26.35,26.68,711100
2008-02-29,GAPTQ-201203,26.45,27.64,26.45,27.08,1062200
2008-03-03,GAPTQ-201203,27.04,27.08,25.93,26.07,864300
2008-03-04,GAPTQ-201203,25.99,26.75,25.56,26.49,854200
2008-03-05,GAPTQ-201203,26.85,27.67,26.85,27.25,888900
2008-03-06,GAPTQ-201203,27.05,27.24,26.34,26.41,655600
2008-03-07,GAPTQ-201203,26.15,26.55,25.58,25.77,602700
2008-03-10,GAPTQ-201203,25.81,26.17,25.12,25.37,561600
2008-03-11,GAPTQ-201203,26.15,26.2,25.14,25.46,707600
2008-03-12,GAPTQ-201203,25.49,25.85,25.15,25.23,607700
2008-03-13,GAPTQ-201203,24.97,25.61,24.29,25.61,838900
2008-03-14,GAPTQ-201203,25.75,25.89,25.01,25.16,877500
2008-03-17,GAPTQ-201203,24.77,24.95,23.92,24.28,843700
2008-03-18,GAPTQ-201203,24.91,25.59,24.69,25.36,716200
2008-03-19,GAPTQ-201203,25.25,25.73,24.88,25.19,1225700
2008-03-20,GAPTQ-201203,25.25,25.55,24.31,25.24,1181400
2008-03-24,GAPTQ-201203,25.35,26.02,25.16,25.67,548300
2008-03-25,GAPTQ-201203,25.76,26.86,25.67,26.08,547000
2008-03-26,GAPTQ-201203,26.08,26.3,25.85,26.07,711100
2008-03-27,GAPTQ-201203,26.15,26.39,25.58,25.65,448300
2008-03-28,GAPTQ-201203,25.74,25.84,25.32,25.37,344100
2008-03-31,GAPTQ-201203,25.33,26.29,25.3,26.22,380600
2008-04-01,GAPTQ-201203,26.24,27.1,25.48,27.05,873200
2008-04-02,GAPTQ-201203,26.92,26.95,25.94,26.22,540800
2008-04-03,GAPTQ-201203,25.93,26.16,25.43,26.06,655100
2008-04-04,GAPTQ-201203,26.1,27.1,25.93,26.94,648900
2008-04-07,GAPTQ-201203,26.96,27.23,26.39,26.61,351400
2008-04-08,GAPTQ-201203,26.4,26.5,26,26.1,466100
2008-04-09,GAPTQ-201203,26.12,26.32,25.09,25.31,560200
2008-04-10,GAPTQ-201203,25.53,25.75,25.06,25.14,546600
2008-04-11,GAPTQ-201203,24.91,25.14,24.39,24.47,487400
2008-04-14,GAPTQ-201203,24.38,24.62,23.96,24.01,435600
2008-04-15,GAPTQ-201203,24.1,24.42,24.02,24.3,435700
2008-04-16,GAPTQ-201203,24.59,25.16,23.91,25.03,1077500
2008-04-17,GAPTQ-201203,24.87,25,24.6,24.83,509000
2008-04-18,GAPTQ-201203,25.21,25.42,24.95,25.13,398200
2008-04-21,GAPTQ-201203,25.03,25.63,24.9,25.53,1460900
2008-04-22,GAPTQ-201203,25.36,25.36,24.26,24.63,520500
2008-04-23,GAPTQ-201203,24.68,24.93,24.13,24.37,392400
2008-04-24,GAPTQ-201203,24.53,25.85,24.51,25.24,466900
2008-04-25,GAPTQ-201203,25.34,25.43,24.73,24.93,250200
2008-04-28,GAPTQ-201203,24.67,25.27,24.55,24.92,391300
2008-04-29,GAPTQ-201203,24.92,25.6,24.53,25.52,725300
2008-04-30,GAPTQ-201203,25.58,27.54,25.5,27.52,971000
2008-05-01,GAPTQ-201203,27.52,28.49,27.17,27.88,614000
2008-05-02,GAPTQ-201203,27.81,28.1,27.03,27.25,452100
2008-05-05,GAPTQ-201203,27.16,28.11,26.52,28.1,689500
2008-05-06,GAPTQ-201203,29.26,29.4,28.01,28.18,1031800
2008-05-07,GAPTQ-201203,28.15,28.46,26.81,27.22,981900
2008-05-08,GAPTQ-201203,27.19,27.19,26.37,26.75,654400
2008-05-09,GAPTQ-201203,26.45,26.45,25.59,25.66,748800
2008-05-12,GAPTQ-201203,25.55,25.75,24.92,25.56,903200
2008-05-13,GAPTQ-201203,25.58,25.85,25,25.49,674400
2008-05-14,GAPTQ-201203,25.49,26.3,25.49,25.82,584600
2008-05-15,GAPTQ-201203,26.04,26.39,25.75,26.34,653600
2008-05-16,GAPTQ-201203,26.25,26.25,25.6,25.97,559800
2008-05-19,GAPTQ-201203,25.91,25.91,25.23,25.5,548100
2008-05-20,GAPTQ-201203,25.25,25.48,24.72,24.85,847200
2008-05-21,GAPTQ-201203,24.88,25.24,24.48,24.98,1032100
2008-05-22,GAPTQ-201203,25.05,25.28,24.88,25.05,485600
2008-05-23,GAPTQ-201203,24.9,25.17,24.24,24.4,467500
2008-05-27,GAPTQ-201203,24.47,25.5,24.47,25.4,433600
2008-05-28,GAPTQ-201203,25.28,25.36,24.86,24.99,412200
2008-05-29,GAPTQ-201203,24.86,25.08,24.73,24.8,502900
2008-05-30,GAPTQ-201203,24.85,25.07,24.62,24.93,796800
2008-06-02,GAPTQ-201203,24.93,24.93,23.99,24.5,548000
2008-06-03,GAPTQ-201203,24.63,24.72,24.02,24.2,586200
2008-06-04,GAPTQ-201203,24.19,24.72,23.95,24.41,1686400
2008-06-05,GAPTQ-201203,24.44,25.4,24.44,25.14,1293500
2008-06-06,GAPTQ-201203,24.93,25.1,24.3,24.3,448400
2008-06-09,GAPTQ-201203,24.33,24.44,23.24,23.6,1292100
2008-06-10,GAPTQ-201203,23.4,24.03,22.85,23.25,1344700
2008-06-11,GAPTQ-201203,23.11,23.13,22.36,22.41,978400
2008-06-12,GAPTQ-201203,22.57,22.81,22.41,22.77,937000
2008-06-13,GAPTQ-201203,22.91,23.1,22.45,23.08,702800
2008-06-16,GAPTQ-201203,22.98,23.07,22.71,22.98,705500
2008-06-17,GAPTQ-201203,23.02,23.18,22.62,23.03,572100
2008-06-18,GAPTQ-201203,23.01,23.16,22.28,22.59,687900
2008-06-19,GAPTQ-201203,22.66,23.17,22.24,23.16,771600
2008-06-20,GAPTQ-201203,23,23.4,22.78,23.19,710700
2008-06-23,GAPTQ-201203,23.19,23.62,22.57,22.66,707000
2008-06-24,GAPTQ-201203,22.87,24.09,22.87,23.45,984500
2008-06-25,GAPTQ-201203,23.42,24.39,23.19,24.34,1172500
2008-06-26,GAPTQ-201203,23.95,24.15,23.28,23.39,784100
2008-06-27,GAPTQ-201203,23.42,23.64,22.97,22.97,1287400
2008-06-30,GAPTQ-201203,22.98,23.16,22.42,22.82,854600
2008-07-01,GAPTQ-201203,22.6,22.76,22.21,22.5,1426800
2008-07-02,GAPTQ-201203,22.5,22.5,20.92,21.1,1226700
2008-07-03,GAPTQ-201203,21.35,22.2,20.85,20.89,546800
2008-07-07,GAPTQ-201203,21.04,21.07,19.85,20.4,1042300
2008-07-08,GAPTQ-201203,20.65,21.75,20.41,21.48,1471900
2008-07-09,GAPTQ-201203,21.4,21.99,21.1,21.68,1600100
2008-07-10,GAPTQ-201203,21.47,21.89,21.03,21.44,1236700
2008-07-11,GAPTQ-201203,21.12,22.35,21.05,21.99,909400
2008-07-14,GAPTQ-201203,22.22,22.38,21.72,21.96,596100
2008-07-15,GAPTQ-201203,22.17,23.08,21.67,22.89,1233300
2008-07-16,GAPTQ-201203,22.94,23.98,22.72,23.76,907700
2008-07-17,GAPTQ-201203,24,25.39,22.82,23.85,1447900
2008-07-18,GAPTQ-201203,24.67,24.9,17.59,17.7,7166500
2008-07-21,GAPTQ-201203,18.49,18.53,17.5,18.06,3293400
2008-07-22,GAPTQ-201203,17.96,18.25,17.28,17.63,1815200
2008-07-23,GAPTQ-201203,18,18.38,17.27,17.96,1527300
2008-07-24,GAPTQ-201203,17.83,18.32,14.51,15.49,3808400
2008-07-25,GAPTQ-201203,15.44,16.46,15.44,15.97,2716400
2008-07-28,GAPTQ-201203,16.15,16.56,15.78,15.84,1874900
2008-07-29,GAPTQ-201203,15.89,16.24,15.62,15.87,1716200
2008-07-30,GAPTQ-201203,16.04,16.11,15.26,15.44,1392000
2008-07-31,GAPTQ-201203,15.73,16.25,15.06,15.91,1779900
2008-08-01,GAPTQ-201203,15.89,15.91,15.1,15.49,930300
2008-08-04,GAPTQ-201203,15.67,15.79,14.8,15.08,1251000
2008-08-05,GAPTQ-201203,15.36,16.85,15.2,16.63,1724500
2008-08-06,GAPTQ-201203,16.81,17.08,16.15,16.24,1223900
2008-08-07,GAPTQ-201203,16.1,16.14,15.63,15.74,870300
2008-08-08,GAPTQ-201203,15.66,16.45,15.66,16.38,1131200
2008-08-11,GAPTQ-201203,16.41,17.44,16.34,17.24,1466700
2008-08-12,GAPTQ-201203,17.05,17.82,16.97,17.6,1522900
2008-08-13,GAPTQ-201203,17.62,18.49,17.48,17.61,1626800
2008-08-14,GAPTQ-201203,17.34,18.19,17.08,18.07,855300
2008-08-15,GAPTQ-201203,17.93,18.91,17.67,18.2,1138300
2008-08-18,GAPTQ-201203,18.2,18.44,17.52,17.79,1007600
2008-08-19,GAPTQ-201203,17.7,18.11,17.6,17.8,583500
2008-08-20,GAPTQ-201203,17.83,18.09,17.45,17.65,785500
2008-08-21,GAPTQ-201203,17.68,17.7,17.08,17.15,724000
2008-08-22,GAPTQ-201203,17.38,18.26,17.38,18.06,1005600
2008-08-25,GAPTQ-201203,17.76,18.05,16.85,16.92,973700
2008-08-26,GAPTQ-201203,17.05,17.16,16.51,16.84,562900
2008-08-27,GAPTQ-201203,16.84,16.97,16.48,16.65,614800
2008-08-28,GAPTQ-201203,16.85,17.24,16.85,17.16,585500
2008-08-29,GAPTQ-201203,17.16,17.22,16.25,16.32,754400
2008-09-02,GAPTQ-201203,16.5,16.83,15.05,15.31,1323000
2008-09-03,GAPTQ-201203,15.24,15.84,14,14.12,2256000
2008-09-04,GAPTQ-201203,13.81,13.84,12.58,12.99,2169500
2008-09-05,GAPTQ-201203,12.74,13.15,12.62,12.84,1483100
2008-09-08,GAPTQ-201203,13.17,13.42,12.57,13.04,1051100
2008-09-09,GAPTQ-201203,13.16,14,12.96,13.3,1552300
2008-09-10,GAPTQ-201203,13.51,14.1,13.35,13.98,1586600
2008-09-11,GAPTQ-201203,13.64,14.18,13.36,14,1308600
2008-09-12,GAPTQ-201203,13.64,14,9.6,11.28,3875600
2008-09-15,GAPTQ-201203,9.87,10.61,8.47,8.82,4963500
2008-09-16,GAPTQ-201203,8.5,10,8.5,9.98,5032500
2008-09-17,GAPTQ-201203,10.03,10.03,9.44,9.6,1910100
2008-09-18,GAPTQ-201203,9.62,10.39,9.02,10.24,2561800
2008-09-19,GAPTQ-201203,11.4,11.79,10.54,11.66,2694200
2008-09-22,GAPTQ-201203,11.81,11.81,11.05,11.08,1500100
2008-09-23,GAPTQ-201203,10.96,11.46,10.6,11.27,1075300
2008-09-24,GAPTQ-201203,11.45,11.55,11,11.2,769400
2008-09-25,GAPTQ-201203,11.32,11.77,11.15,11.57,656300
2008-09-26,GAPTQ-201203,11.39,11.6,11.09,11.4,702300
2008-09-29,GAPTQ-201203,11.2,11.2,10.25,10.5,1583400
2008-09-30,GAPTQ-201203,10.64,11.23,10,10.82,1109300
2008-10-01,GAPTQ-201203,10.82,11,10.53,10.92,1028900
2008-10-02,GAPTQ-201203,10.92,10.98,9.79,9.9,1090100
2008-10-03,GAPTQ-201203,10,10.27,8.93,9.09,941200
2008-10-06,GAPTQ-201203,8.89,9.79,8.05,8.47,1367700
2008-10-07,GAPTQ-201203,8.6,9.03,8.09,8.39,1006700
2008-10-08,GAPTQ-201203,8.09,8.75,7,7.07,1690800
2008-10-09,GAPTQ-201203,7.55,7.55,6.29,6.39,1360100
2008-10-10,GAPTQ-201203,6.07,6.42,5.19,5.82,1992000
2008-10-13,GAPTQ-201203,6.29,6.48,6.05,6.05,1476800
2008-10-14,GAPTQ-201203,7.83,7.83,6.26,6.26,2923000
2008-10-15,GAPTQ-201203,6.22,6.47,5.42,5.42,1203300
2008-10-16,GAPTQ-201203,5.67,6.21,5.08,6.14,1581900
2008-10-17,GAPTQ-201203,5.96,6.7,5.93,6.2,851900
2008-10-20,GAPTQ-201203,6.49,7.71,6.36,6.86,805600
2008-10-21,GAPTQ-201203,6.9,7,6.32,6.39,684200
2008-10-22,GAPTQ-201203,6.38,6.59,6.14,6.33,786400
2008-10-23,GAPTQ-201203,6.25,6.67,6.05,6.33,745400
2008-10-24,GAPTQ-201203,5.92,6.26,5.6,5.89,753900
2008-10-27,GAPTQ-201203,5.65,6.33,5.65,5.78,1102100
2008-10-28,GAPTQ-201203,5.93,6.57,5.93,6.54,922800
2008-10-29,GAPTQ-201203,6.58,6.82,6.24,6.64,564000
2008-10-30,GAPTQ-201203,6.94,6.97,6.5,6.85,614300
2008-10-31,GAPTQ-201203,6.85,8.53,6.76,8.27,1200400
2008-11-03,GAPTQ-201203,8.22,8.25,7.11,7.51,907600
2008-11-04,GAPTQ-201203,7.84,7.84,7.26,7.56,632100
2008-11-05,GAPTQ-201203,7.36,7.87,7.24,7.78,602300
2008-11-06,GAPTQ-201203,7.7,7.83,7.01,7.14,628400
2008-11-07,GAPTQ-201203,7.19,7.21,6.61,6.78,471900
2008-11-10,GAPTQ-201203,6.93,6.93,5.92,6.04,828700
2008-11-11,GAPTQ-201203,6.02,6.35,5.6,5.79,703800
2008-11-12,GAPTQ-201203,5.67,5.74,4.26,4.26,1440500
2008-11-13,GAPTQ-201203,4.31,4.72,3.81,4.64,1288200
2008-11-14,GAPTQ-201203,4.68,4.77,4.34,4.54,804900
2008-11-17,GAPTQ-201203,4.36,4.78,4.36,4.46,667800
2008-11-18,GAPTQ-201203,4.49,4.72,4.13,4.18,1027800
2008-11-19,GAPTQ-201203,4.22,4.44,3.88,3.9,787600
2008-11-20,GAPTQ-201203,3.87,3.88,3.38,3.41,903200
2008-11-21,GAPTQ-201203,3.53,3.77,3.1,3.77,1168900
2008-11-24,GAPTQ-201203,3.85,4.22,3.75,4.21,888000
2008-11-25,GAPTQ-201203,4.2,4.49,3.94,4.49,649200
2008-11-26,GAPTQ-201203,4.38,5.03,4.31,5.03,435700
2008-11-28,GAPTQ-201203,5,5.31,4.81,5.2,256100
2008-12-01,GAPTQ-201203,5.2,5.2,4.18,4.2,631700
2008-12-02,GAPTQ-201203,4.32,4.51,3.99,4.17,518400
2008-12-03,GAPTQ-201203,4.09,4.41,3.8,4.29,729300
2008-12-04,GAPTQ-201203,4.34,4.47,3.93,4.02,736500
2008-12-05,GAPTQ-201203,3.97,4.28,3.66,4.23,451500
2008-12-08,GAPTQ-201203,4.41,4.72,4.34,4.61,472400
2008-12-09,GAPTQ-201203,4.49,5.03,4.32,4.72,547100
2008-12-10,GAPTQ-201203,4.8,5.03,4.62,4.85,399400
2008-12-11,GAPTQ-201203,4.98,5.17,4.75,4.83,516100
2008-12-12,GAPTQ-201203,4.72,5.21,4.51,5.21,332600
2008-12-15,GAPTQ-201203,5.2,5.22,4.57,4.78,597800
2008-12-16,GAPTQ-201203,5.05,5.21,4.8,5.21,340500
2008-12-17,GAPTQ-201203,5.12,5.63,4.9,5.61,411000
2008-12-18,GAPTQ-201203,5.78,6.33,5.44,6.03,953700
2008-12-19,GAPTQ-201203,6.16,6.57,6.04,6.28,1180400
2008-12-22,GAPTQ-201203,6.37,6.4,5.65,5.93,593300
2008-12-23,GAPTQ-201203,6,6.25,5.22,5.75,824200
2008-12-24,GAPTQ-201203,5.75,6.25,5.64,6.08,191100
2008-12-26,GAPTQ-201203,6.11,6.23,5.56,5.87,430200
2008-12-29,GAPTQ-201203,5.89,5.93,5.23,5.36,632600
2008-12-30,GAPTQ-201203,5.41,5.75,5.21,5.73,565200
2008-12-31,GAPTQ-201203,5.76,6.46,5.5,6.27,628800
2009-01-02,GAPTQ-201203,6.42,7.22,6.42,6.99,779100
2009-01-05,GAPTQ-201203,6.99,7.15,6.58,6.7,718400
2009-01-06,GAPTQ-201203,6.74,7,6.71,6.8,555300
2009-01-07,GAPTQ-201203,6.75,6.95,6.43,6.68,641900
2009-01-08,GAPTQ-201203,6.93,8.58,6.73,8.41,1625600
2009-01-09,GAPTQ-201203,8.31,8.57,7.6,8.09,1095300
2009-01-12,GAPTQ-201203,8.06,8.64,7.9,8.49,818200
2009-01-13,GAPTQ-201203,8.4,8.55,6.96,7.47,1265800
2009-01-14,GAPTQ-201203,7.24,7.37,6.92,7.06,688900
2009-01-15,GAPTQ-201203,7.12,7.46,6.41,7.44,740900
2009-01-16,GAPTQ-201203,7.39,7.58,6.56,7.31,719400
2009-01-20,GAPTQ-201203,7.04,7.14,6.48,6.55,444700
2009-01-21,GAPTQ-201203,6.7,7.08,6.18,7.03,443600
2009-01-22,GAPTQ-201203,6.82,6.96,6.55,6.67,420900
2009-01-23,GAPTQ-201203,6.45,7.42,6.28,7.38,699500
2009-01-26,GAPTQ-201203,7.43,7.86,7.13,7.51,604700
2009-01-27,GAPTQ-201203,7.66,7.83,7.32,7.6,859000
2009-01-28,GAPTQ-201203,7.74,8.62,7.7,8.27,718200
2009-01-29,GAPTQ-201203,8,8.08,7.5,7.51,477600
2009-01-30,GAPTQ-201203,7.62,7.7,7.03,7.12,508500
2009-02-02,GAPTQ-201203,6.97,7.45,6.91,7.38,603700
2009-02-03,GAPTQ-201203,7.47,7.47,6.9,6.94,599600
2009-02-04,GAPTQ-201203,6.98,7.21,6.7,6.94,583000
2009-02-05,GAPTQ-201203,6.84,7.19,6.62,6.97,403400
2009-02-06,GAPTQ-201203,6.94,7.37,6.84,7.14,914800
2009-02-09,GAPTQ-201203,7.18,7.33,7.05,7.2,309200
2009-02-10,GAPTQ-201203,7.2,7.35,6.6,6.65,699100
2009-02-11,GAPTQ-201203,6.75,6.85,6.59,6.72,635400
2009-02-12,GAPTQ-201203,6.62,6.83,6.21,6.53,504000
2009-02-13,GAPTQ-201203,6.57,6.61,6.01,6.15,538700
2009-02-17,GAPTQ-201203,5.95,6.04,5.47,5.51,455900
2009-02-18,GAPTQ-201203,5.56,5.64,5.04,5.15,750800
2009-02-19,GAPTQ-201203,5.24,5.37,5.06,5.08,458200
2009-02-20,GAPTQ-201203,5,5.13,4.86,4.97,394400
2009-02-23,GAPTQ-201203,5.14,5.14,4.09,4.17,700900
2009-02-24,GAPTQ-201203,4.3,4.45,3.88,4.37,848100
2009-02-25,GAPTQ-201203,4.34,4.37,3.91,4.09,551000
2009-02-26,GAPTQ-201203,4.15,4.23,4,4.05,441000
2009-02-27,GAPTQ-201203,4.03,4.19,3.93,4.07,481400
2009-03-02,GAPTQ-201203,3.97,3.97,3.59,3.62,483000
2009-03-03,GAPTQ-201203,3.69,3.75,3.29,3.29,417400
2009-03-04,GAPTQ-201203,3.36,4.19,3.15,3.53,745300
2009-03-05,GAPTQ-201203,3.41,3.51,3.01,3.02,501800
2009-03-06,GAPTQ-201203,3.06,3.21,3.02,3.1,393700
2009-03-09,GAPTQ-201203,3.11,3.48,3.03,3.05,550900
2009-03-10,GAPTQ-201203,3.18,3.68,3.18,3.66,491600
2009-03-11,GAPTQ-201203,3.7,4.17,3.61,3.89,426600
2009-03-12,GAPTQ-201203,3.88,4.43,3.73,4.31,492900
2009-03-13,GAPTQ-201203,4.46,4.89,4.33,4.79,366800
2009-03-16,GAPTQ-201203,4.86,5.64,4.64,4.74,689100
2009-03-17,GAPTQ-201203,4.86,5.17,4.77,5.11,424300
2009-03-18,GAPTQ-201203,5.2,5.46,5,5.41,324600
2009-03-19,GAPTQ-201203,5.66,5.77,5.33,5.59,614600
2009-03-20,GAPTQ-201203,5.7,5.99,5.27,5.32,779900
2009-03-23,GAPTQ-201203,5.73,6.29,5.47,6.29,590900
2009-03-24,GAPTQ-201203,6.16,6.35,5.86,6.01,547400
2009-03-25,GAPTQ-201203,6.25,6.52,5.77,6.05,340900
2009-03-26,GAPTQ-201203,6.22,6.54,6.02,6.52,391600
2009-03-27,GAPTQ-201203,6.4,6.4,5.75,5.78,610800
2009-03-30,GAPTQ-201203,5.6,5.64,5,5.27,550000
2009-03-31,GAPTQ-201203,5.37,5.54,5.15,5.31,353600
2009-04-01,GAPTQ-201203,5.21,5.61,5,5.52,407700
2009-04-02,GAPTQ-201203,5.79,6.21,5.78,6.03,682700
2009-04-03,GAPTQ-201203,5.99,6.26,5.91,6.16,359000
2009-04-06,GAPTQ-201203,6.13,6.23,5.9,5.91,407000
2009-04-07,GAPTQ-201203,5.81,5.83,5.08,5.22,960600
2009-04-08,GAPTQ-201203,5.26,5.47,5.11,5.27,319500
2009-04-09,GAPTQ-201203,5.44,5.87,5.27,5.86,513700
2009-04-13,GAPTQ-201203,5.75,6.68,5.65,6.56,718400
2009-04-14,GAPTQ-201203,6.37,6.64,6.17,6.21,367500
2009-04-15,GAPTQ-201203,6.17,6.52,6,6.52,404100
2009-04-16,GAPTQ-201203,6.58,7.13,6.58,7.07,938000
2009-04-17,GAPTQ-201203,7.12,7.25,6.96,7.13,485500
2009-04-20,GAPTQ-201203,6.95,7.01,6.52,6.57,447800
2009-04-21,GAPTQ-201203,6.5,7.01,6.38,6.81,465500
2009-04-22,GAPTQ-201203,6.64,7.4,6.64,7.35,595200
2009-04-23,GAPTQ-201203,7.4,7.74,7.01,7.19,627400
2009-04-24,GAPTQ-201203,7.24,7.55,7.15,7.47,624800
2009-04-27,GAPTQ-201203,7.38,7.66,7.14,7.35,455100
2009-04-28,GAPTQ-201203,7.26,7.55,7.04,7.43,467100
2009-04-29,GAPTQ-201203,7.51,7.85,7.39,7.43,542200
2009-04-30,GAPTQ-201203,7.55,7.82,7.34,7.34,646600
2009-05-01,GAPTQ-201203,7.21,7.21,6.8,7.04,836200
2009-05-04,GAPTQ-201203,7.23,7.35,7.07,7.2,510400
2009-05-05,GAPTQ-201203,7.16,7.38,6.5,6.54,857400
2009-05-06,GAPTQ-201203,6.67,7.21,6.53,7.11,938500
2009-05-07,GAPTQ-201203,7.22,7.25,6.52,6.56,601700
2009-05-08,GAPTQ-201203,6.78,6.87,6.57,6.7,791700
2009-05-11,GAPTQ-201203,6.62,6.9,6.58,6.69,656000
2009-05-12,GAPTQ-201203,6.81,6.81,4.18,4.21,5117000
2009-05-13,GAPTQ-201203,4.36,4.79,4.25,4.26,2683500
2009-05-14,GAPTQ-201203,4.39,4.4,3.86,3.99,2668200
2009-05-15,GAPTQ-201203,4,4.17,3.8,3.87,1392200
2009-05-18,GAPTQ-201203,4.04,4.04,3.83,3.99,1292900
2009-05-19,GAPTQ-201203,4.04,4.09,3.91,3.97,992000
2009-05-20,GAPTQ-201203,4.06,4.25,3.98,4.02,1168200
2009-05-21,GAPTQ-201203,4.06,4.11,3.9,3.9,787400
2009-05-22,GAPTQ-201203,3.94,4.05,3.8,3.86,657400
2009-05-26,GAPTQ-201203,3.82,4.01,3.82,4.01,630700
2009-05-27,GAPTQ-201203,3.98,4.09,3.89,3.95,737600
2009-05-28,GAPTQ-201203,4.02,4.02,3.89,3.89,505300
2009-05-29,GAPTQ-201203,3.9,4.02,3.89,3.96,572800
2009-06-01,GAPTQ-201203,4.03,4.3,4.01,4.3,996100
2009-06-02,GAPTQ-201203,4.29,4.49,4.12,4.36,771100
2009-06-03,GAPTQ-201203,4.35,4.45,4.27,4.32,623500
2009-06-04,GAPTQ-201203,4.4,4.54,4.2,4.5,664700
2009-06-05,GAPTQ-201203,4.53,4.85,4.51,4.78,831600
2009-06-08,GAPTQ-201203,4.68,5.25,4.64,4.82,1359000
2009-06-09,GAPTQ-201203,4.89,4.98,4.76,4.87,508500
2009-06-10,GAPTQ-201203,4.87,5.2,4.8,4.94,861500
2009-06-11,GAPTQ-201203,4.96,4.98,4.81,4.83,488100
2009-06-12,GAPTQ-201203,4.79,5,4.76,4.98,586800
2009-06-15,GAPTQ-201203,4.87,5.02,4.78,4.95,655700
2009-06-16,GAPTQ-201203,4.95,5.07,4.61,4.63,673400
2009-06-17,GAPTQ-201203,4.65,4.65,4.28,4.5,656400
2009-06-18,GAPTQ-201203,4.51,4.55,4.28,4.28,491900
2009-06-19,GAPTQ-201203,4.38,4.55,4.27,4.51,700100
2009-06-22,GAPTQ-201203,4.45,4.45,4,4,615900
2009-06-23,GAPTQ-201203,4.06,4.21,4.03,4.15,538700
2009-06-24,GAPTQ-201203,4.21,4.32,4.05,4.16,550800
2009-06-25,GAPTQ-201203,4.13,4.41,4.08,4.41,511800
2009-06-26,GAPTQ-201203,4.36,4.46,4.12,4.34,1151600
2009-06-29,GAPTQ-201203,4.34,4.34,4.17,4.21,317000
2009-06-30,GAPTQ-201203,4.18,4.27,4.15,4.25,429800
2009-07-01,GAPTQ-201203,4.32,4.34,4.18,4.2,439500
2009-07-02,GAPTQ-201203,4.12,4.21,3.95,3.97,474800
2009-07-06,GAPTQ-201203,4.05,4.05,3.9,3.98,506900
2009-07-07,GAPTQ-201203,3.98,4.05,3.82,3.82,359300
2009-07-08,GAPTQ-201203,3.83,3.88,3.54,3.63,623100
2009-07-09,GAPTQ-201203,3.67,3.76,3.61,3.68,326000
2009-07-10,GAPTQ-201203,3.66,3.74,3.56,3.74,389900
2009-07-13,GAPTQ-201203,3.78,4.18,3.69,4.15,724800
2009-07-14,GAPTQ-201203,4.16,4.21,3.95,4.21,436200
2009-07-15,GAPTQ-201203,4.29,4.5,4.17,4.5,880000
2009-07-16,GAPTQ-201203,4.54,4.54,4.2,4.37,723100
2009-07-17,GAPTQ-201203,4.44,4.47,4.2,4.33,794600
2009-07-20,GAPTQ-201203,4.31,4.45,4.23,4.38,554700
2009-07-21,GAPTQ-201203,4.43,4.44,3.83,4.41,1605700
2009-07-22,GAPTQ-201203,4.4,4.67,4.34,4.65,692800
2009-07-23,GAPTQ-201203,4.71,5.46,4.7,5.33,2357700
2009-07-24,GAPTQ-201203,5.26,5.89,5.25,5.51,1845800
2009-07-27,GAPTQ-201203,5.55,5.63,5.42,5.51,853100
2009-07-28,GAPTQ-201203,5.44,5.53,5.23,5.41,830700
2009-07-29,GAPTQ-201203,5.37,5.46,5.18,5.4,907300
2009-07-30,GAPTQ-201203,5.51,5.96,5.5,5.81,1469300
2009-07-31,GAPTQ-201203,5.76,5.94,5.53,5.77,814900
2009-08-03,GAPTQ-201203,5.82,5.95,5.55,5.69,937100
2009-08-04,GAPTQ-201203,5.66,5.71,5.58,5.67,489500
2009-08-05,GAPTQ-201203,5.71,5.71,5.48,5.66,650600
2009-08-06,GAPTQ-201203,5.75,5.76,5.5,5.66,519700
2009-08-07,GAPTQ-201203,5.67,5.8,5.54,5.78,650500
2009-08-10,GAPTQ-201203,5.74,5.92,5.67,5.81,615800
2009-08-11,GAPTQ-201203,5.78,5.88,5.71,5.86,930700
2009-08-12,GAPTQ-201203,5.87,6.56,5.87,6.42,1304000
2009-08-13,GAPTQ-201203,6.42,6.75,6.25,6.7,1084400
2009-08-14,GAPTQ-201203,6.72,6.97,6.53,6.97,1286700
2009-08-17,GAPTQ-201203,6.75,6.84,6.37,6.54,950100
2009-08-18,GAPTQ-201203,6.57,7,6.28,6.82,1757300
2009-08-19,GAPTQ-201203,6.7,6.75,6.45,6.57,803800
2009-08-20,GAPTQ-201203,6.63,6.81,6.52,6.64,509600
2009-08-21,GAPTQ-201203,6.8,7.03,6.75,6.93,719300
2009-08-24,GAPTQ-201203,6.91,7,6.68,6.77,565100
2009-08-25,GAPTQ-201203,6.84,7.05,6.8,7.02,762200
2009-08-26,GAPTQ-201203,6.98,7.12,6.95,7.01,690900
2009-08-27,GAPTQ-201203,7.03,7.09,6.88,7.01,741100
2009-08-28,GAPTQ-201203,7.06,7.06,6.77,6.9,494100
2009-08-31,GAPTQ-201203,6.81,6.81,6.61,6.71,562700
2009-09-01,GAPTQ-201203,6.66,6.71,6.1,6.13,780200
2009-09-02,GAPTQ-201203,6.11,6.12,5.92,5.97,411300
2009-09-03,GAPTQ-201203,6.02,6.11,5.91,6.05,391500
2009-09-04,GAPTQ-201203,6.05,6.2,5.93,6.19,612000
2009-09-08,GAPTQ-201203,6.19,6.44,6.16,6.35,583200
2009-09-09,GAPTQ-201203,6.33,6.63,6.26,6.5,593200
2009-09-10,GAPTQ-201203,6.51,7.4,6.46,7.35,1184500
2009-09-11,GAPTQ-201203,7.41,7.6,7.05,7.2,758600
2009-09-14,GAPTQ-201203,7.11,7.45,6.96,7.33,378500
2009-09-15,GAPTQ-201203,7.28,7.43,7.08,7.12,801500
2009-09-16,GAPTQ-201203,7.15,7.43,7,7.32,1024000
2009-09-17,GAPTQ-201203,7.28,7.91,7.2,7.75,1886300
2009-09-18,GAPTQ-201203,7.75,7.96,7.54,7.67,1962300
2009-09-21,GAPTQ-201203,7.55,8.4,7.4,8.36,956400
2009-09-22,GAPTQ-201203,8.1,9.32,7.85,9.03,1695800
2009-09-23,GAPTQ-201203,9.12,9.12,8.61,8.94,1002900
2009-09-24,GAPTQ-201203,9,9,8.37,8.41,542700
2009-09-25,GAPTQ-201203,8.38,8.56,8.2,8.48,522200
2009-09-28,GAPTQ-201203,8.57,8.75,8.48,8.73,446300
2009-09-29,GAPTQ-201203,8.86,9.19,8.53,9.11,842100
2009-09-30,GAPTQ-201203,9.13,9.18,8.46,8.91,746400
2009-10-01,GAPTQ-201203,8.8,8.8,8.3,8.47,678200
2009-10-02,GAPTQ-201203,8.44,8.87,8.07,8.6,568300
2009-10-05,GAPTQ-201203,8.62,8.84,8.4,8.53,645900
2009-10-06,GAPTQ-201203,8.6,9.12,8.56,9.11,710400
2009-10-07,GAPTQ-201203,9.06,9.23,8.85,9.09,619800
2009-10-08,GAPTQ-201203,9.2,9.5,9.03,9.37,669400
2009-10-09,GAPTQ-201203,9.36,10.02,9.27,9.91,794100
2009-10-12,GAPTQ-201203,9.96,10.47,9.96,10.29,426600
2009-10-13,GAPTQ-201203,9.77,10.04,9.18,10.01,1497400
2009-10-14,GAPTQ-201203,10.15,10.6,9.55,10.44,2378100
2009-10-15,GAPTQ-201203,10.34,10.84,10.12,10.62,1182600
2009-10-16,GAPTQ-201203,10.53,11.2,10.22,11.03,1496300
2009-10-19,GAPTQ-201203,10.98,11.43,10.59,11.37,866400
2009-10-20,GAPTQ-201203,9.67,10.18,9.15,9.78,3633600
2009-10-21,GAPTQ-201203,9.71,9.76,9.1,9.18,2136400
2009-10-22,GAPTQ-201203,9.15,9.81,8.72,9.64,2349900
2009-10-23,GAPTQ-201203,9.8,9.8,9.22,9.31,1370600
2009-10-26,GAPTQ-201203,9.3,9.82,9.08,9.78,1934400
2009-10-27,GAPTQ-201203,9.82,10.25,9.78,9.97,1255700
2009-10-28,GAPTQ-201203,10.01,10.12,9.64,9.78,753400
2009-10-29,GAPTQ-201203,9.94,10.33,9.8,10.27,1085400
2009-10-30,GAPTQ-201203,10.19,10.25,9.8,9.91,884100
2009-11-02,GAPTQ-201203,9.86,10.18,9.57,10,1045000
2009-11-03,GAPTQ-201203,9.92,11.47,9.87,11.17,1760300
2009-11-04,GAPTQ-201203,11.27,11.27,10.79,10.94,955400
2009-11-05,GAPTQ-201203,11.1,11.87,10.93,11.81,1449700
2009-11-06,GAPTQ-201203,11.65,12.23,11.42,11.86,1108400
2009-11-09,GAPTQ-201203,12.12,12.9,11.94,12.31,1418200
2009-11-10,GAPTQ-201203,12.18,12.3,11.81,12.02,707200
2009-11-11,GAPTQ-201203,12.26,12.3,11.83,11.88,489900
2009-11-12,GAPTQ-201203,11.83,11.87,10.92,11.07,1330500
2009-11-13,GAPTQ-201203,11.15,11.29,10.83,11.07,670400
2009-11-16,GAPTQ-201203,11.23,11.46,11.12,11.37,740800
2009-11-17,GAPTQ-201203,11.26,11.49,11.08,11.25,514800
2009-11-18,GAPTQ-201203,11.22,11.35,11,11.11,483700
2009-11-19,GAPTQ-201203,11.01,11.01,10.55,10.86,472700
2009-11-20,GAPTQ-201203,10.86,11.45,10.56,11.39,742800
2009-11-23,GAPTQ-201203,11.61,12.79,11.35,11.41,569300
2009-11-24,GAPTQ-201203,11.48,11.57,11.22,11.46,693400
2009-11-25,GAPTQ-201203,11.5,12,11.38,11.8,627000
2009-11-27,GAPTQ-201203,11.3,11.66,11.12,11.43,279900
2009-11-30,GAPTQ-201203,11.43,11.49,11.01,11.12,566600
2009-12-01,GAPTQ-201203,11.38,11.51,11.12,11.39,447900
2009-12-02,GAPTQ-201203,11.39,11.62,11.32,11.5,491600
2009-12-03,GAPTQ-201203,11.62,11.62,11.17,11.2,249900
2009-12-04,GAPTQ-201203,11.48,11.62,11.2,11.61,402900
2009-12-07,GAPTQ-201203,11.57,11.67,11.44,11.45,241400
2009-12-08,GAPTQ-201203,11.17,11.57,11.12,11.31,686200
2009-12-09,GAPTQ-201203,11.36,11.36,11.1,11.11,285900
2009-12-10,GAPTQ-201203,11.17,11.3,11,11.13,308500
2009-12-11,GAPTQ-201203,11.14,11.27,10.95,11.22,235000
2009-12-14,GAPTQ-201203,11.21,11.29,10.85,11.03,401000
2009-12-15,GAPTQ-201203,10.98,11.23,10.8,10.8,352100
2009-12-16,GAPTQ-201203,10.9,11.25,10.83,11.15,381700
2009-12-17,GAPTQ-201203,11.01,11.06,10.75,10.78,302100
2009-12-18,GAPTQ-201203,10.91,11,10.51,10.73,585800
2009-12-21,GAPTQ-201203,10.79,10.99,10.51,10.84,412800
2009-12-22,GAPTQ-201203,10.84,11.23,10.66,11.16,491600
2009-12-23,GAPTQ-201203,11.25,11.62,11.06,11.52,416300
2009-12-24,GAPTQ-201203,11.52,11.71,11.52,11.65,243100
2009-12-28,GAPTQ-201203,11.72,11.84,11.65,11.79,446300
2009-12-29,GAPTQ-201203,11.87,11.95,11.72,11.88,373900
2009-12-30,GAPTQ-201203,11.78,12.19,11.71,12.08,525400
2009-12-31,GAPTQ-201203,12.11,12.11,11.78,11.79,221600
2010-01-04,GAPTQ-201203,11.94,12.51,11.94,12.51,568100
2010-01-05,GAPTQ-201203,12.53,12.8,12.46,12.72,725100
2010-01-06,GAPTQ-201203,12.66,12.91,12.61,12.89,367900
2010-01-07,GAPTQ-201203,12.81,12.97,12.72,12.87,459500
2010-01-08,GAPTQ-201203,12.83,12.97,12.45,12.89,430500
2010-01-11,GAPTQ-201203,12.89,13,12.64,12.88,493300
2010-01-12,GAPTQ-201203,10.74,10.8,9.91,10.22,3029500
2010-01-13,GAPTQ-201203,10.05,10.11,9.21,9.28,2302200
2010-01-14,GAPTQ-201203,9.44,9.45,9.04,9.17,1044900
2010-01-15,GAPTQ-201203,9.27,9.29,8.71,8.79,1092400
2010-01-19,GAPTQ-201203,8.88,8.97,8.63,8.73,1014600
2010-01-20,GAPTQ-201203,8.64,8.75,8.32,8.66,1204200
2010-01-21,GAPTQ-201203,8.62,8.84,8.28,8.31,1010000
2010-01-22,GAPTQ-201203,8.37,8.59,8.03,8.13,1218700
2010-01-25,GAPTQ-201203,8.21,8.43,8.18,8.35,801800
2010-01-26,GAPTQ-201203,8.32,8.41,8.07,8.1,829500
2010-01-27,GAPTQ-201203,8.05,8.24,7.93,8.04,554300
2010-01-28,GAPTQ-201203,8.07,8.1,7.76,7.8,685000
2010-01-29,GAPTQ-201203,7.93,7.96,7.49,7.49,520900
2010-02-01,GAPTQ-201203,7.56,7.78,7.28,7.74,699600
2010-02-02,GAPTQ-201203,8.26,8.48,7.97,8.42,1315100
2010-02-03,GAPTQ-201203,8.35,8.47,8.08,8.21,572100
2010-02-04,GAPTQ-201203,8.1,8.15,7.41,7.42,722500
2010-02-05,GAPTQ-201203,7.43,7.69,7.15,7.48,563200
2010-02-08,GAPTQ-201203,7.49,7.55,7.36,7.41,429900
2010-02-09,GAPTQ-201203,7.59,7.99,7.47,7.92,768500
2010-02-10,GAPTQ-201203,7.94,7.97,7.6,7.65,493100
2010-02-11,GAPTQ-201203,7.62,7.91,7.5,7.91,242400
2010-02-12,GAPTQ-201203,7.78,7.97,7.7,7.97,408000
2010-02-16,GAPTQ-201203,8.08,8.3,7.96,8.26,466700
2010-02-17,GAPTQ-201203,8.32,8.32,8,8.2,302000
2010-02-18,GAPTQ-201203,8.2,8.2,8.05,8.15,217400
2010-02-19,GAPTQ-201203,8.05,8.25,8.05,8.13,331100
2010-02-22,GAPTQ-201203,8.14,8.24,8.07,8.09,181400
2010-02-23,GAPTQ-201203,8.08,8.08,7.75,7.82,399200
2010-02-24,GAPTQ-201203,7.83,7.86,7.5,7.57,614600
2010-02-25,GAPTQ-201203,7.44,7.6,7.39,7.57,958000
2010-02-26,GAPTQ-201203,7.56,7.76,7.2,7.27,734000
2010-03-01,GAPTQ-201203,7.36,7.57,7.25,7.49,455600
2010-03-02,GAPTQ-201203,7.53,7.76,7.53,7.72,454800
2010-03-03,GAPTQ-201203,7.75,7.78,7.5,7.57,473800
2010-03-04,GAPTQ-201203,7.62,7.73,7.4,7.65,504900
2010-03-05,GAPTQ-201203,7.69,7.7,7.35,7.38,734100
2010-03-08,GAPTQ-201203,7.47,7.65,7.35,7.41,1256700
2010-03-09,GAPTQ-201203,7.36,7.57,7.21,7.36,624300
2010-03-10,GAPTQ-201203,7.4,7.54,7.35,7.51,468600
2010-03-11,GAPTQ-201203,7.45,7.55,7.25,7.34,656200
2010-03-12,GAPTQ-201203,7.43,7.51,7.29,7.44,505400
2010-03-15,GAPTQ-201203,7.4,7.4,7.18,7.26,521200
2010-03-16,GAPTQ-201203,7.28,7.36,7.2,7.3,337900
2010-03-17,GAPTQ-201203,7.3,7.41,7.25,7.35,312700
2010-03-18,GAPTQ-201203,7.33,7.5,7.28,7.3,955900
2010-03-19,GAPTQ-201203,7.35,7.37,6.82,6.9,1025000
2010-03-22,GAPTQ-201203,6.84,6.94,6.64,6.86,551400
2010-03-23,GAPTQ-201203,6.88,7.31,6.81,7.3,635600
2010-03-24,GAPTQ-201203,7.28,7.37,7.15,7.15,301900
2010-03-25,GAPTQ-201203,7.25,7.32,7.01,7.03,542300
2010-03-26,GAPTQ-201203,7.04,7.14,6.95,6.96,373800
2010-03-29,GAPTQ-201203,7.01,7.15,6.96,7.11,239800
2010-03-30,GAPTQ-201203,7.16,7.4,7.08,7.3,504800
2010-03-31,GAPTQ-201203,7.3,7.88,7.23,7.67,1044600
2010-04-01,GAPTQ-201203,7.73,7.88,7.42,7.68,908100
2010-04-05,GAPTQ-201203,7.74,8.34,7.63,8.33,916200
2010-04-06,GAPTQ-201203,8.24,8.52,8.06,8.45,975100
2010-04-07,GAPTQ-201203,8.41,8.74,8.37,8.5,1097000
2010-04-08,GAPTQ-201203,8.5,8.58,8.22,8.3,1021300
2010-04-09,GAPTQ-201203,8.32,8.45,8.02,8.05,803200
2010-04-12,GAPTQ-201203,8.03,8.38,7.85,8.28,841500
2010-04-13,GAPTQ-201203,8.29,8.31,8.08,8.27,424700
2010-04-14,GAPTQ-201203,8.27,8.53,8.17,8.45,648700
2010-04-15,GAPTQ-201203,8.36,8.77,8.36,8.76,577400
2010-04-16,GAPTQ-201203,8.63,8.75,8.49,8.57,502300
2010-04-19,GAPTQ-201203,8.57,8.75,8.21,8.47,391700
2010-04-20,GAPTQ-201203,8.57,8.64,8.44,8.54,230200
2010-04-21,GAPTQ-201203,8.57,8.62,8.49,8.59,284800
2010-04-22,GAPTQ-201203,8.48,8.63,8.41,8.6,244500
2010-04-23,GAPTQ-201203,8.63,8.86,8.42,8.86,644500
2010-04-26,GAPTQ-201203,8.84,8.87,8.48,8.59,666300
2010-04-27,GAPTQ-201203,8.53,8.62,8.05,8.13,556600
2010-04-28,GAPTQ-201203,8.23,8.32,8.11,8.13,387500
2010-04-29,GAPTQ-201203,8.23,8.34,8.18,8.31,336700
2010-04-30,GAPTQ-201203,8.29,8.49,8.04,8.05,395000
2010-05-03,GAPTQ-201203,8.03,8.19,7.96,8.17,424400
2010-05-04,GAPTQ-201203,8.03,8.43,8,8.24,581000
2010-05-05,GAPTQ-201203,8.15,8.33,7.99,7.99,526300
2010-05-06,GAPTQ-201203,7.49,7.49,5.38,6.39,2326900
2010-05-07,GAPTQ-201203,6.49,6.66,5.88,5.94,1305100
2010-05-10,GAPTQ-201203,6.44,6.5,6,6.1,967300
2010-05-11,GAPTQ-201203,6.1,6.53,6,6.29,871400
2010-05-12,GAPTQ-201203,6.52,6.92,6.35,6.72,1250400
2010-05-13,GAPTQ-201203,6.77,6.87,6.45,6.5,896400
2010-05-14,GAPTQ-201203,6.45,6.51,6.15,6.26,606100
2010-05-17,GAPTQ-201203,6.29,6.39,5.89,6.22,821100
2010-05-18,GAPTQ-201203,6.36,6.49,5.94,5.97,390800
2010-05-19,GAPTQ-201203,5.97,6.04,5.79,5.93,478400
2010-05-20,GAPTQ-201203,5.89,5.89,5.65,5.65,1237000
2010-05-21,GAPTQ-201203,5.65,5.7,5.35,5.49,908200
2010-05-24,GAPTQ-201203,5.52,5.6,5.28,5.31,529400
2010-05-25,GAPTQ-201203,5.11,5.38,4.98,5.3,648000
2010-05-26,GAPTQ-201203,5.32,5.52,5.2,5.22,832800
2010-05-27,GAPTQ-201203,5.39,5.48,5.08,5.47,666700
2010-05-28,GAPTQ-201203,5.52,5.61,5.17,5.39,575500
2010-06-01,GAPTQ-201203,5.33,5.35,5.05,5.05,748000
2010-06-02,GAPTQ-201203,5.14,5.32,5,5.22,1022100
2010-06-03,GAPTQ-201203,5.22,5.28,5.06,5.14,519000
2010-06-04,GAPTQ-201203,4.94,5.03,4.5,4.52,1217400
2010-06-07,GAPTQ-201203,4.58,4.61,4.23,4.27,1218700
2010-06-08,GAPTQ-201203,4.33,4.33,3.92,4.07,1294900
2010-06-09,GAPTQ-201203,4.12,4.21,4,4.04,939700
2010-06-10,GAPTQ-201203,4.18,4.18,3.93,4.13,632500
2010-06-11,GAPTQ-201203,4.11,4.23,4.03,4.07,580500
2010-06-14,GAPTQ-201203,4.1,4.35,4.05,4.08,767300
2010-06-15,GAPTQ-201203,4.15,4.48,4.11,4.46,967800
2010-06-16,GAPTQ-201203,4.41,4.49,4.28,4.44,965100
2010-06-17,GAPTQ-201203,4.45,4.57,4.34,4.51,914400
2010-06-18,GAPTQ-201203,4.51,4.61,4.41,4.52,656700
2010-06-21,GAPTQ-201203,4.64,4.68,4.29,4.35,554100
2010-06-22,GAPTQ-201203,4.39,4.51,4.16,4.2,668000
2010-06-23,GAPTQ-201203,4.25,4.26,3.93,4.06,888100
2010-06-24,GAPTQ-201203,4,4.05,3.86,3.93,583600
2010-06-25,GAPTQ-201203,4,4.15,3.85,4.05,1047300
2010-06-28,GAPTQ-201203,4.03,4.05,3.84,3.86,505700
2010-06-29,GAPTQ-201203,3.81,3.89,3.58,3.65,754700
2010-06-30,GAPTQ-201203,3.7,4.03,3.66,3.9,841700
2010-07-01,GAPTQ-201203,3.96,4.33,3.76,4.19,1437200
2010-07-02,GAPTQ-201203,4.24,4.47,4.16,4.42,1033700
2010-07-06,GAPTQ-201203,4.42,4.68,4.42,4.66,1078700
2010-07-07,GAPTQ-201203,4.6,4.82,4.6,4.68,869800
2010-07-08,GAPTQ-201203,4.71,4.83,4.42,4.6,432000
2010-07-09,GAPTQ-201203,4.57,4.74,4.57,4.74,435900
2010-07-12,GAPTQ-201203,4.7,4.79,4.34,4.4,554300
2010-07-13,GAPTQ-201203,4.49,4.52,4.24,4.43,745700
2010-07-14,GAPTQ-201203,4.46,4.46,4.26,4.42,420800
2010-07-15,GAPTQ-201203,4.44,4.44,4.2,4.25,758500
2010-07-16,GAPTQ-201203,4.21,4.27,3.9,3.95,649300
2010-07-19,GAPTQ-201203,3.95,4,3.7,3.73,589800
2010-07-20,GAPTQ-201203,3.67,3.81,3.55,3.65,967700
2010-07-21,GAPTQ-201203,3.7,3.8,3.62,3.63,694300
2010-07-22,GAPTQ-201203,3.71,4.04,3.71,3.93,802600
2010-07-23,GAPTQ-201203,3.25,3.34,2.5,2.61,7947500
2010-07-26,GAPTQ-201203,2.78,2.8,2.56,2.71,2838100
2010-07-27,GAPTQ-201203,2.8,2.83,2.62,2.7,1673300
2010-07-28,GAPTQ-201203,2.79,2.8,2.61,2.7,1040500
2010-07-29,GAPTQ-201203,2.78,3.48,2.7,3.37,4710100
2010-07-30,GAPTQ-201203,3.15,3.53,3.05,3.46,2546000
2010-08-02,GAPTQ-201203,3.6,3.69,3.54,3.62,1320300
2010-08-03,GAPTQ-201203,3.65,3.76,3.55,3.61,1884600
2010-08-04,GAPTQ-201203,3.68,3.93,3.66,3.69,1830600
2010-08-05,GAPTQ-201203,3.66,4.09,3.66,3.99,2050300
2010-08-06,GAPTQ-201203,4.06,4.24,3.77,3.82,1933500
2010-08-09,GAPTQ-201203,3.95,3.95,3.35,3.4,1874700
2010-08-10,GAPTQ-201203,3.32,3.39,3.06,3.13,1525700
2010-08-11,GAPTQ-201203,3.11,3.22,3,3.06,1043600
2010-08-12,GAPTQ-201203,3.01,3.19,3.01,3.05,1144000
2010-08-13,GAPTQ-201203,3.01,3.07,2.8,2.95,1550000
2010-08-16,GAPTQ-201203,3.01,3.01,2.74,2.76,1057700
2010-08-17,GAPTQ-201203,2.82,2.98,2.8,2.9,676000
2010-08-18,GAPTQ-201203,2.9,3.08,2.88,2.92,759600
2010-08-19,GAPTQ-201203,2.95,3,2.79,2.79,729500
2010-08-20,GAPTQ-201203,2.8,2.92,2.69,2.92,743800
2010-08-23,GAPTQ-201203,2.96,3.03,2.84,2.89,624300
2010-08-24,GAPTQ-201203,2.84,2.9,2.8,2.89,484600
2010-08-25,GAPTQ-201203,2.89,2.95,2.85,2.94,514300
2010-08-26,GAPTQ-201203,2.95,3.14,2.91,3.14,969200
2010-08-27,GAPTQ-201203,3.15,3.55,3.09,3.28,1125600
2010-08-30,GAPTQ-201203,3.32,3.32,3.12,3.2,657200
2010-08-31,GAPTQ-201203,3.2,3.22,2.97,3.04,677300
2010-09-01,GAPTQ-201203,3.14,3.18,2.99,3.05,524900
2010-09-02,GAPTQ-201203,3.14,3.28,3.03,3.27,856600
2010-09-03,GAPTQ-201203,3.33,3.44,3.28,3.41,847000
2010-09-07,GAPTQ-201203,3.54,3.54,3.21,3.29,443400
2010-09-08,GAPTQ-201203,3.3,3.35,3.17,3.22,436300
2010-09-09,GAPTQ-201203,3.29,3.31,3.17,3.21,426500
2010-09-10,GAPTQ-201203,3.22,3.28,3.19,3.23,332800
2010-09-13,GAPTQ-201203,3.27,3.49,3.26,3.48,716300
2010-09-14,GAPTQ-201203,3.45,3.99,3.38,3.8,1815600
2010-09-15,GAPTQ-201203,3.8,3.83,3.64,3.82,570400
2010-09-16,GAPTQ-201203,3.82,3.87,3.69,3.85,522200
2010-09-17,GAPTQ-201203,3.95,4.06,3.84,3.91,1221300
2010-09-20,GAPTQ-201203,3.91,4.02,3.87,3.93,657900
2010-09-21,GAPTQ-201203,3.95,3.99,3.76,3.78,649300
2010-09-22,GAPTQ-201203,3.77,4.01,3.77,3.87,674600
2010-09-23,GAPTQ-201203,3.83,3.91,3.8,3.87,407800
2010-09-24,GAPTQ-201203,3.94,4.09,3.89,4.06,807100
2010-09-27,GAPTQ-201203,4.05,4.27,3.91,4.14,806700
2010-09-28,GAPTQ-201203,4.17,4.24,4.06,4.16,426400
2010-09-29,GAPTQ-201203,4.16,4.2,4.06,4.11,413800
2010-09-30,GAPTQ-201203,4.13,4.13,3.95,3.96,445400
2010-10-01,GAPTQ-201203,4,4.03,3.97,4.01,307900
2010-10-04,GAPTQ-201203,3.98,4,3.9,3.95,301700
2010-10-05,GAPTQ-201203,3.98,4.09,3.91,4.09,540600
2010-10-06,GAPTQ-201203,4.09,4.09,3.98,3.98,430800
2010-10-07,GAPTQ-201203,4.02,4.09,3.98,4.04,336300
2010-10-08,GAPTQ-201203,4.05,4.08,3.98,4.08,301000
2010-10-11,GAPTQ-201203,4.06,4.15,4.03,4.05,243900
2010-10-12,GAPTQ-201203,4.02,4.06,3.96,3.98,480500
2010-10-13,GAPTQ-201203,3.92,3.95,3.14,3.3,3339300
2010-10-14,GAPTQ-201203,3.31,3.41,3.22,3.27,895200
2010-10-15,GAPTQ-201203,3.32,3.39,3.05,3.07,1065500
2010-10-18,GAPTQ-201203,3.09,3.19,3.09,3.16,487900
2010-10-19,GAPTQ-201203,3.11,3.14,3.02,3.03,899000
2010-10-20,GAPTQ-201203,3.04,3.11,2.85,2.86,999900
2010-10-21,GAPTQ-201203,2.98,3,2.85,2.92,568700
2010-10-22,GAPTQ-201203,2.86,3.38,2.73,3.35,2303500
2010-10-25,GAPTQ-201203,3.36,3.47,3.22,3.28,858900
2010-10-26,GAPTQ-201203,3.3,3.61,3.17,3.36,820200
2010-10-27,GAPTQ-201203,3.32,3.39,3.25,3.26,309000
2010-10-28,GAPTQ-201203,3.3,3.31,3.19,3.21,282000
2010-10-29,GAPTQ-201203,3.2,3.51,3.2,3.44,879000
2010-11-01,GAPTQ-201203,3.44,3.76,3.42,3.71,1184300
2010-11-02,GAPTQ-201203,3.75,3.75,3.47,3.64,604200
2010-11-03,GAPTQ-201203,3.66,3.7,3.4,3.59,924900
2010-11-04,GAPTQ-201203,3.67,3.92,3.61,3.87,856800
2010-11-05,GAPTQ-201203,3.87,3.87,3.68,3.78,413200
2010-11-08,GAPTQ-201203,3.76,3.9,3.67,3.88,281100
2010-11-09,GAPTQ-201203,3.88,3.89,3.79,3.83,204300
2010-11-10,GAPTQ-201203,3.86,4.14,3.72,4.06,1040500
2010-11-11,GAPTQ-201203,4.02,4.1,3.96,4.09,305400
2010-11-12,GAPTQ-201203,4.69,4.69,4.11,4.31,891600
2010-11-15,GAPTQ-201203,4.39,4.55,4.29,4.36,679300
2010-11-16,GAPTQ-201203,4.32,4.39,3.9,3.94,1121200
2010-11-17,GAPTQ-201203,3.94,3.94,3.64,3.66,665400
2010-11-18,GAPTQ-201203,3.72,3.97,3.61,3.68,714400
2010-11-19,GAPTQ-201203,3.74,3.8,3.58,3.61,922700
2010-11-22,GAPTQ-201203,3.58,3.62,3.34,3.37,896700
2010-11-23,GAPTQ-201203,3.33,3.34,3.18,3.19,711700
2010-11-24,GAPTQ-201203,3.26,3.49,3.22,3.3,654500
2010-11-26,GAPTQ-201203,3.27,3.31,3.18,3.22,219000
2010-11-29,GAPTQ-201203,3.17,3.19,3,3.04,1309700
2010-11-30,GAPTQ-201203,3.02,3.07,2.95,3,1019400
2010-12-01,GAPTQ-201203,3.18,3.24,3.07,3.21,869200
2010-12-02,GAPTQ-201203,3.22,3.3,3.15,3.26,579500
2010-12-03,GAPTQ-201203,3.26,3.26,3.13,3.21,569800
2010-12-06,GAPTQ-201203,3.19,3.34,3.16,3.32,532600
2010-12-07,GAPTQ-201203,3.34,3.36,3.05,3.14,983800
2010-12-08,GAPTQ-201203,3.15,3.19,2.93,2.95,2128400
2010-12-09,GAPTQ-201203,2.97,3.02,2.69,2.83,2514800
2010-12-10,GAPTQ-201203,2.82,2.84,0.86,0.93,19980100
2010-12-13,GAPTQ-201203,0.35,0.51,0.28,0.47,12968100
2010-12-15,GAPTQ-201203,0.44,0.48,0.36,0.37,8741900
2010-12-16,GAPTQ-201203,0.36,0.4,0.18,0.23,18158500
2010-12-17,GAPTQ-201203,0.24,0.25,0.18,0.2,5716300
2010-12-20,GAPTQ-201203,0.21,0.23,0.17,0.17,7741300
2010-12-21,GAPTQ-201203,0.17,0.19,0.14,0.16,9168400
2010-12-22,GAPTQ-201203,0.16,0.21,0.16,0.17,7129400
2010-12-23,GAPTQ-201203,0.18,0.18,0.12,0.16,4864400
2010-12-27,GAPTQ-201203,0.16,0.19,0.16,0.17,2839600
2010-12-28,GAPTQ-201203,0.17,0.19,0.16,0.18,3249800
2010-12-29,GAPTQ-201203,0.18,0.19,0.17,0.17,1637200
2010-12-30,GAPTQ-201203,0.18,0.26,0.17,0.24,5558500
2010-12-31,GAPTQ-201203,0.25,0.25,0.2,0.21,2221600
2011-01-03,GAPTQ-201203,0.21,0.22,0.18,0.2,2450400
2011-01-04,GAPTQ-201203,0.21,0.21,0.18,0.19,985000
2011-01-05,GAPTQ-201203,0.19,0.22,0.19,0.2,2206700
2011-01-06,GAPTQ-201203,0.21,0.22,0.19,0.2,1437800
2011-01-07,GAPTQ-201203,0.2,0.21,0.2,0.2,910500
2011-01-10,GAPTQ-201203,0.2,0.21,0.19,0.21,1123700
2011-01-11,GAPTQ-201203,0.21,0.21,0.2,0.2,836500
2011-01-12,GAPTQ-201203,0.2,0.21,0.2,0.2,1032600
2011-01-13,GAPTQ-201203,0.2,0.22,0.2,0.21,1121800
2011-01-14,GAPTQ-201203,0.22,0.25,0.22,0.25,2444300
2011-01-18,GAPTQ-201203,0.27,0.3,0.24,0.26,2296500
2011-01-19,GAPTQ-201203,0.26,0.27,0.24,0.24,1839800
2011-01-20,GAPTQ-201203,0.24,0.24,0.22,0.24,723200
2011-01-21,GAPTQ-201203,0.26,0.28,0.25,0.28,1217800
2011-01-24,GAPTQ-201203,0.27,0.28,0.25,0.26,576900
2011-01-25,GAPTQ-201203,0.26,0.27,0.23,0.25,569400
2011-01-26,GAPTQ-201203,0.24,0.25,0.24,0.24,462900
2011-01-27,GAPTQ-201203,0.24,0.25,0.2,0.24,1859700
2011-01-28,GAPTQ-201203,0.24,0.24,0.23,0.23,300300
2011-01-31,GAPTQ-201203,0.26,0.26,0.21,0.22,569800
2011-02-01,GAPTQ-201203,0.21,0.24,0.21,0.24,380900
2011-02-02,GAPTQ-201203,0.24,0.24,0.22,0.22,414500
2011-02-03,GAPTQ-201203,0.22,0.23,0.22,0.23,235600
2011-02-04,GAPTQ-201203,0.23,0.24,0.23,0.23,398300
2011-02-07,GAPTQ-201203,0.23,0.23,0.22,0.22,629200
2011-02-08,GAPTQ-201203,0.22,0.22,0.2,0.21,921000
2011-02-09,GAPTQ-201203,0.21,0.21,0.19,0.19,572000
2011-02-10,GAPTQ-201203,0.2,0.2,0.19,0.2,330100
2011-02-11,GAPTQ-201203,0.2,0.2,0.2,0.2,96800
2011-02-14,GAPTQ-201203,0.23,0.23,0.2,0.2,113300
2011-02-15,GAPTQ-201203,0.2,0.22,0.2,0.21,211100
2011-02-16,GAPTQ-201203,0.22,0.23,0.21,0.23,382700
2011-02-17,GAPTQ-201203,0.24,0.32,0.23,0.32,2631500
2011-02-18,GAPTQ-201203,0.33,0.35,0.27,0.28,2293900
2011-02-22,GAPTQ-201203,0.28,0.3,0.28,0.29,814700
2011-02-23,GAPTQ-201203,0.29,0.31,0.27,0.27,406600
2011-02-24,GAPTQ-201203,0.27,0.28,0.24,0.26,700700
2011-02-25,GAPTQ-201203,0.26,0.27,0.23,0.24,480200
2011-02-28,GAPTQ-201203,0.24,0.25,0.23,0.25,266600
2011-03-01,GAPTQ-201203,0.25,0.27,0.24,0.25,278000
2011-03-02,GAPTQ-201203,0.26,0.26,0.24,0.24,449000
2011-03-03,GAPTQ-201203,0.24,0.26,0.22,0.23,884000
2011-03-04,GAPTQ-201203,0.23,0.23,0.22,0.22,375600
2011-03-07,GAPTQ-201203,0.22,0.25,0.22,0.23,1081400
2011-03-08,GAPTQ-201203,0.23,0.24,0.23,0.24,206100
2011-03-09,GAPTQ-201203,0.24,0.24,0.24,0.24,272900
2011-03-10,GAPTQ-201203,0.237,0.237,0.225,0.234,358414
2011-03-11,GAPTQ-201203,0.23,0.24,0.23,0.231,173618
2011-03-14,GAPTQ-201203,0.23,0.26,0.23,0.25,207600
2011-03-15,GAPTQ-201203,0.26,0.26,0.24,0.25,210900
2011-03-16,GAPTQ-201203,0.26,0.26,0.23,0.25,314300
2011-03-17,GAPTQ-201203,0.24,0.26,0.24,0.26,347900
2011-03-18,GAPTQ-201203,0.26,0.26,0.23,0.23,503200
2011-03-21,GAPTQ-201203,0.24,0.24,0.23,0.23,126400
2011-03-22,GAPTQ-201203,0.23,0.24,0.22,0.22,123600
2011-03-23,GAPTQ-201203,0.22,0.25,0.22,0.24,170600
2011-03-24,GAPTQ-201203,0.23,0.24,0.23,0.24,26000
2011-03-25,GAPTQ-201203,0.26,0.26,0.21,0.22,1097500
2011-03-28,GAPTQ-201203,0.24,0.24,0.21,0.23,417800
2011-03-29,GAPTQ-201203,0.22,0.24,0.22,0.23,130400
2011-03-30,GAPTQ-201203,0.22,0.24,0.22,0.23,53600
2011-03-31,GAPTQ-201203,0.22,0.23,0.22,0.23,185400
2011-04-01,GAPTQ-201203,0.23,0.23,0.22,0.22,50700
2011-04-04,GAPTQ-201203,0.23,0.23,0.21,0.22,242300
2011-04-05,GAPTQ-201203,0.22,0.24,0.22,0.23,284800
2011-04-06,GAPTQ-201203,0.23,0.25,0.22,0.24,338500
2011-04-07,GAPTQ-201203,0.25,0.25,0.21,0.22,507900
2011-04-08,GAPTQ-201203,0.24,0.24,0.22,0.24,137500
2011-04-11,GAPTQ-201203,0.24,0.24,0.23,0.23,148700
2011-04-12,GAPTQ-201203,0.23,0.23,0.22,0.23,124100
2011-04-13,GAPTQ-201203,0.23,0.23,0.22,0.23,117500
2011-04-14,GAPTQ-201203,0.23,0.23,0.21,0.22,248700
2011-04-15,GAPTQ-201203,0.22,0.22,0.2,0.2,549500
2011-04-18,GAPTQ-201203,0.2,0.21,0.18,0.19,851400
2011-04-19,GAPTQ-201203,0.19,0.21,0.18,0.19,182900
2011-04-20,GAPTQ-201203,0.19,0.2,0.18,0.18,204800
2011-04-21,GAPTQ-201203,0.18,0.2,0.18,0.19,42900
2011-04-25,GAPTQ-201203,0.18,0.2,0.18,0.19,206400
2011-04-26,GAPTQ-201203,0.2,0.2,0.19,0.2,32700
2011-04-27,GAPTQ-201203,0.2,0.2,0.19,0.2,79000
2011-04-28,GAPTQ-201203,0.2,0.21,0.19,0.2,112000
2011-04-29,GAPTQ-201203,0.19,0.21,0.19,0.2,190000
2011-05-02,GAPTQ-201203,0.18,0.21,0.18,0.2,47000
2011-05-03,GAPTQ-201203,0.19,0.2,0.19,0.2,158000
2011-05-04,GAPTQ-201203,0.2,0.21,0.19,0.21,169500
2011-05-05,GAPTQ-201203,0.2,0.21,0.2,0.21,63400
2011-05-06,GAPTQ-201203,0.19,0.21,0.19,0.21,58000
2011-05-09,GAPTQ-201203,0.19,0.21,0.19,0.21,21000
2011-05-10,GAPTQ-201203,0.19,0.21,0.18,0.2,289800
2011-05-11,GAPTQ-201203,0.2,0.21,0.19,0.19,85400
2011-05-12,GAPTQ-201203,0.19,0.2,0.18,0.19,53600
2011-05-13,GAPTQ-201203,0.2,0.22,0.19,0.21,330200
2011-05-16,GAPTQ-201203,0.18,0.26,0.18,0.21,1081100
2011-05-17,GAPTQ-201203,0.23,0.23,0.2,0.21,302800
2011-05-18,GAPTQ-201203,0.21,0.21,0.2,0.2,78400
2011-05-19,GAPTQ-201203,0.2,0.21,0.2,0.21,23100
2011-05-20,GAPTQ-201203,0.2,0.21,0.18,0.2,136000
2011-05-23,GAPTQ-201203,0.21,0.21,0.19,0.19,58600
2011-05-24,GAPTQ-201203,0.2,0.2,0.19,0.2,42400
2011-05-25,GAPTQ-201203,0.2,0.2,0.19,0.2,31000
2011-05-26,GAPTQ-201203,0.2,0.2,0.19,0.19,167800
2011-05-27,GAPTQ-201203,0.2,0.21,0.19,0.2,166100
2011-05-31,GAPTQ-201203,0.19,0.2,0.19,0.19,142200
2011-06-01,GAPTQ-201203,0.19,0.19,0.19,0.19,68000
2011-06-02,GAPTQ-201203,0.19,0.19,0.19,0.19,76200
2011-06-03,GAPTQ-201203,0.19,0.19,0.18,0.18,233000
2011-06-06,GAPTQ-201203,0.18,0.21,0.18,0.18,691100
2011-06-07,GAPTQ-201203,0.17,0.18,0.17,0.17,260000
2011-06-08,GAPTQ-201203,0.17,0.18,0.17,0.18,121200
2011-06-09,GAPTQ-201203,0.17,0.18,0.17,0.18,11800
2011-06-10,GAPTQ-201203,0.17,0.18,0.17,0.17,82600
2011-06-13,GAPTQ-201203,0.18,0.18,0.17,0.18,138400
2011-06-14,GAPTQ-201203,0.18,0.18,0.17,0.18,85300
2011-06-15,GAPTQ-201203,0.18,0.18,0.17,0.17,84500
2011-06-16,GAPTQ-201203,0.18,0.18,0.17,0.18,94400
2011-06-17,GAPTQ-201203,0.18,0.18,0.16,0.16,108900
2011-06-20,GAPTQ-201203,0.17,0.17,0.12,0.15,824400
2011-06-21,GAPTQ-201203,0.14,0.16,0.14,0.14,140600
2011-06-22,GAPTQ-201203,0.12,0.14,0.12,0.14,231400
2011-06-23,GAPTQ-201203,0.12,0.16,0.12,0.16,34600
2011-06-24,GAPTQ-201203,0.16,0.16,0.15,0.16,135200
2011-06-27,GAPTQ-201203,0.16,0.17,0.15,0.17,42400
2011-06-28,GAPTQ-201203,0.17,0.17,0.15,0.17,121100
2011-06-29,GAPTQ-201203,0.17,0.17,0.16,0.17,93900
2011-06-30,GAPTQ-201203,0.16,0.17,0.16,0.17,149000
2011-07-01,GAPTQ-201203,0.16,0.18,0.16,0.17,122600
2011-07-05,GAPTQ-201203,0.17,0.17,0.15,0.17,61000
2011-07-06,GAPTQ-201203,0.17,0.18,0.16,0.17,58300
2011-07-07,GAPTQ-201203,0.17,0.17,0.16,0.17,96900
2011-07-08,GAPTQ-201203,0.15,0.2,0.15,0.18,622900
2011-07-11,GAPTQ-201203,0.18,0.18,0.16,0.18,61000
2011-07-12,GAPTQ-201203,0.17,0.19,0.16,0.19,88300
2011-07-13,GAPTQ-201203,0.19,0.19,0.13,0.19,36300
2011-07-14,GAPTQ-201203,0.13,0.19,0.13,0.18,10600
2011-07-15,GAPTQ-201203,0.17,0.18,0.13,0.17,297400
2011-07-18,GAPTQ-201203,0.14,0.16,0.14,0.15,215800
2011-07-19,GAPTQ-201203,0.15,0.17,0.15,0.17,112100
2011-07-20,GAPTQ-201203,0.17,0.17,0.14,0.17,47000
2011-07-21,GAPTQ-201203,0.15,0.17,0.15,0.17,40000
2011-07-22,GAPTQ-201203,0.17,0.2,0.17,0.18,94400
2011-07-25,GAPTQ-201203,0.15,0.18,0.15,0.17,213700
2011-07-26,GAPTQ-201203,0.14,0.17,0.14,0.17,106800
2011-07-27,GAPTQ-201203,0.17,0.17,0.15,0.17,21800
2011-07-28,GAPTQ-201203,0.17,0.18,0.15,0.17,113800
2011-07-29,GAPTQ-201203,0.16,0.17,0.16,0.17,10200
2011-08-01,GAPTQ-201203,0.17,0.17,0.16,0.17,24300
2011-08-02,GAPTQ-201203,0.17,0.17,0.17,0.17,46800
2011-08-03,GAPTQ-201203,0.16,0.17,0.16,0.16,18500
2011-08-04,GAPTQ-201203,0.15,0.17,0.15,0.16,118000
2011-08-05,GAPTQ-201203,0.15,0.16,0.15,0.16,80700
2011-08-08,GAPTQ-201203,0.14,0.16,0.14,0.15,124600
2011-08-09,GAPTQ-201203,0.14,0.17,0.14,0.16,246600
2011-08-10,GAPTQ-201203,0.15,0.17,0.13,0.16,251200
2011-08-11,GAPTQ-201203,0.15,0.16,0.14,0.16,138300
2011-08-12,GAPTQ-201203,0.14,0.16,0.14,0.16,47900
2011-08-15,GAPTQ-201203,0.16,0.16,0.15,0.15,22300
2011-08-16,GAPTQ-201203,0.15,0.16,0.14,0.16,106700
2011-08-17,GAPTQ-201203,0.16,0.16,0.14,0.16,281800
2011-08-18,GAPTQ-201203,0.16,0.16,0.14,0.16,55600
2011-08-19,GAPTQ-201203,0.16,0.18,0.15,0.18,179500
2011-08-22,GAPTQ-201203,0.18,0.18,0.16,0.18,85000
2011-08-23,GAPTQ-201203,0.18,0.18,0.15,0.16,120400
2011-08-24,GAPTQ-201203,0.16,0.16,0.15,0.16,35900
2011-08-25,GAPTQ-201203,0.15,0.16,0.15,0.16,6800
2011-08-26,GAPTQ-201203,0.14,0.16,0.12,0.16,366100
2011-08-29,GAPTQ-201203,0.13,0.16,0.13,0.16,12000
2011-08-30,GAPTQ-201203,0.14,0.16,0.13,0.15,128200
2011-08-31,GAPTQ-201203,0.15,0.15,0.14,0.15,13800
2011-09-01,GAPTQ-201203,0.15,0.15,0.14,0.15,41900
2011-09-02,GAPTQ-201203,0.15,0.15,0.15,0.15,32200
2011-09-06,GAPTQ-201203,0.13,0.15,0.13,0.15,86100
2011-09-07,GAPTQ-201203,0.13,0.15,0.13,0.15,67000
2011-09-08,GAPTQ-201203,0.14,0.15,0.14,0.15,6800
2011-09-09,GAPTQ-201203,0.15,0.15,0.14,0.15,74400
2011-09-12,GAPTQ-201203,0.15,0.15,0.14,0.15,43200
2011-09-13,GAPTQ-201203,0.15,0.17,0.14,0.16,297100
2011-09-14,GAPTQ-201203,0.16,0.18,0.16,0.18,696400
2011-09-15,GAPTQ-201203,0.18,0.19,0.17,0.18,98100
2011-09-16,GAPTQ-201203,0.17,0.18,0.17,0.18,31200
2011-09-19,GAPTQ-201203,0.17,0.18,0.17,0.17,119000
2011-09-20,GAPTQ-201203,0.17,0.17,0.15,0.17,207600
2011-09-21,GAPTQ-201203,0.17,0.17,0.14,0.16,67900
2011-09-22,GAPTQ-201203,0.15,0.16,0.13,0.16,271900
2011-09-23,GAPTQ-201203,0.15,0.16,0.13,0.16,301100
2011-09-26,GAPTQ-201203,0.16,0.16,0.13,0.16,10300
2011-09-27,GAPTQ-201203,0.14,0.16,0.14,0.16,68600
2011-09-28,GAPTQ-201203,0.15,0.16,0.14,0.16,175100
2011-09-29,GAPTQ-201203,0.15,0.16,0.15,0.16,93800
2011-09-30,GAPTQ-201203,0.16,0.18,0.15,0.18,84100
2011-10-03,GAPTQ-201203,0.15,0.18,0.15,0.15,205000
2011-10-04,GAPTQ-201203,0.18,0.18,0.15,0.17,29400
2011-10-05,GAPTQ-201203,0.15,0.16,0.15,0.16,59200
2011-10-06,GAPTQ-201203,0.17,0.17,0.15,0.17,15500
2011-10-07,GAPTQ-201203,0.17,0.18,0.15,0.17,18200
2011-10-10,GAPTQ-201203,0.16,0.17,0.15,0.17,9000
2011-10-11,GAPTQ-201203,0.14,0.16,0.14,0.16,145500
2011-10-12,GAPTQ-201203,0.16,0.16,0.14,0.16,121700
2011-10-13,GAPTQ-201203,0.14,0.16,0.14,0.16,6500
2011-10-14,GAPTQ-201203,0.14,0.16,0.14,0.16,65000
2011-10-17,GAPTQ-201203,0.15,0.16,0.14,0.16,83400
2011-10-18,GAPTQ-201203,0.16,0.18,0.16,0.18,293800
2011-10-19,GAPTQ-201203,0.18,0.18,0.17,0.18,57200
2011-10-20,GAPTQ-201203,0.18,0.18,0.15,0.17,104500
2011-10-21,GAPTQ-201203,0.16,0.17,0.15,0.17,24800
2011-10-24,GAPTQ-201203,0.17,0.17,0.15,0.17,11000
2011-10-25,GAPTQ-201203,0.16,0.17,0.16,0.17,40800
2011-10-26,GAPTQ-201203,0.16,0.17,0.16,0.17,20100
2011-10-27,GAPTQ-201203,0.17,0.18,0.16,0.17,32900
2011-10-28,GAPTQ-201203,0.17,0.18,0.16,0.17,45500
2011-10-31,GAPTQ-201203,0.18,0.18,0.16,0.17,17200
2011-11-01,GAPTQ-201203,0.17,0.17,0.16,0.17,106400
2011-11-02,GAPTQ-201203,0.16,0.17,0.15,0.16,41600
2011-11-03,GAPTQ-201203,0.17,0.17,0.16,0.17,338200
2011-11-04,GAPTQ-201203,0.15,0.15,0.08,0.09,2345600
2011-11-07,GAPTQ-201203,0.09,0.1,0.05,0.06,3413000
2011-11-08,GAPTQ-201203,0.06,0.06,0.04,0.04,600000
2011-11-09,GAPTQ-201203,0.04,0.05,0.04,0.05,409900
2011-11-10,GAPTQ-201203,0.04,0.06,0.04,0.05,112000
2011-11-11,GAPTQ-201203,0.06,0.06,0.04,0.06,626200
2011-11-14,GAPTQ-201203,0.06,0.06,0.05,0.05,320700
2011-11-15,GAPTQ-201203,0.05,0.05,0.05,0.05,138800
2011-11-16,GAPTQ-201203,0.05,0.05,0.05,0.05,362500
2011-11-17,GAPTQ-201203,0.05,0.05,0.05,0.05,36600
2011-11-18,GAPTQ-201203,0.05,0.05,0.05,0.05,368500
2011-11-21,GAPTQ-201203,0.05,0.05,0.05,0.05,67400
2011-11-22,GAPTQ-201203,0.05,0.05,0.05,0.05,105300
2011-11-23,GAPTQ-201203,0.05,0.05,0.05,0.05,65700
2011-11-25,GAPTQ-201203,0.05,0.05,0.05,0.05,50500
2011-11-28,GAPTQ-201203,0.05,0.05,0.05,0.05,240500
2011-11-29,GAPTQ-201203,0.04,0.05,0.04,0.05,570000
2011-11-30,GAPTQ-201203,0.05,0.05,0.04,0.05,54700
2011-12-01,GAPTQ-201203,0.05,0.05,0.04,0.05,133600
2011-12-02,GAPTQ-201203,0.05,0.05,0.04,0.05,240100
2011-12-05,GAPTQ-201203,0.05,0.05,0.04,0.04,400800
2011-12-06,GAPTQ-201203,0.04,0.05,0.04,0.05,641900
2011-12-07,GAPTQ-201203,0.05,0.05,0.04,0.05,139700
2011-12-08,GAPTQ-201203,0.04,0.05,0.04,0.04,64400
2011-12-09,GAPTQ-201203,0.04,0.04,0.04,0.04,72500
2011-12-12,GAPTQ-201203,0.04,0.05,0.04,0.05,82200
2011-12-13,GAPTQ-201203,0.05,0.05,0.05,0.05,99400
2011-12-14,GAPTQ-201203,0.05,0.05,0.04,0.05,460500
2011-12-15,GAPTQ-201203,0.05,0.05,0.05,0.05,107400
2011-12-16,GAPTQ-201203,0.05,0.05,0.05,0.05,104100
2011-12-19,GAPTQ-201203,0.05,0.05,0.04,0.05,31100
2011-12-20,GAPTQ-201203,0.05,0.05,0.04,0.05,98900
2011-12-21,GAPTQ-201203,0.05,0.05,0.04,0.04,141000
2011-12-22,GAPTQ-201203,0.04,0.05,0.04,0.05,533300
2011-12-23,GAPTQ-201203,0.04,0.05,0.04,0.05,31800
2011-12-27,GAPTQ-201203,0.04,0.05,0.04,0.05,61000
2011-12-28,GAPTQ-201203,0.04,0.05,0.02,0.03,204600
2011-12-29,GAPTQ-201203,0.03,0.04,0.03,0.03,475300
2011-12-30,GAPTQ-201203,0.03,0.04,0.03,0.04,498600
2012-01-03,GAPTQ-201203,0.02,0.04,0.02,0.04,49400
2012-01-04,GAPTQ-201203,0.03,0.05,0.03,0.04,110000
2012-01-05,GAPTQ-201203,0.04,0.04,0.03,0.04,105200
2012-01-06,GAPTQ-201203,0.04,0.04,0.03,0.04,170700
2012-01-09,GAPTQ-201203,0.03,0.04,0.03,0.04,58000
2012-01-10,GAPTQ-201203,0.04,0.04,0.03,0.04,34700
2012-01-11,GAPTQ-201203,0.04,0.04,0.04,0.04,82500
2012-01-12,GAPTQ-201203,0.04,0.04,0.04,0.04,95600
2012-01-13,GAPTQ-201203,0.04,0.04,0.04,0.04,95200
2012-01-17,GAPTQ-201203,0.04,0.04,0.04,0.04,295800
2012-01-18,GAPTQ-201203,0.04,0.04,0.04,0.04,230100
2012-01-19,GAPTQ-201203,0.04,0.05,0.04,0.05,315000
2012-01-20,GAPTQ-201203,0.05,0.05,0.04,0.05,35200
2012-01-23,GAPTQ-201203,0.05,0.05,0.04,0.05,205100
2012-01-24,GAPTQ-201203,0.05,0.05,0.04,0.05,162700
2012-01-25,GAPTQ-201203,0.04,0.05,0.04,0.05,163900
2012-01-26,GAPTQ-201203,0.05,0.05,0.04,0.05,11600
2012-01-27,GAPTQ-201203,0.05,0.05,0.04,0.05,15000
2012-01-30,GAPTQ-201203,0.05,0.08,0.05,0.08,514800
2012-01-31,GAPTQ-201203,0.08,0.09,0.06,0.08,1094100
2012-02-01,GAPTQ-201203,0.08,0.08,0.05,0.06,906400
2012-02-02,GAPTQ-201203,0.06,0.08,0.06,0.08,387300
2012-02-03,GAPTQ-201203,0.07,0.07,0.06,0.07,96100
2012-02-06,GAPTQ-201203,0.07,0.07,0.05,0.07,555400
2012-02-07,GAPTQ-201203,0.07,0.09,0.06,0.08,450100
2012-02-08,GAPTQ-201203,0.07,0.07,0.07,0.07,515700
2012-02-09,GAPTQ-201203,0.07,0.1,0.07,0.08,1060700
2012-02-10,GAPTQ-201203,0.08,0.11,0.08,0.1,661400
2012-02-13,GAPTQ-201203,0.11,0.18,0.1,0.15,1990600
2012-02-14,GAPTQ-201203,0.15,0.15,0.1,0.11,1308200
2012-02-15,GAPTQ-201203,0.11,0.12,0.11,0.11,418700
2012-02-16,GAPTQ-201203,0.11,0.11,0.09,0.09,967300
2012-02-17,GAPTQ-201203,0.09,0.11,0.09,0.11,723200
2012-02-21,GAPTQ-201203,0.11,0.11,0.09,0.09,615100
2012-02-22,GAPTQ-201203,0.09,0.09,0.07,0.07,897800
2012-02-23,GAPTQ-201203,0.07,0.07,0.07,0.07,425000
2012-02-24,GAPTQ-201203,0.06,0.08,0.06,0.08,409300
2012-02-27,GAPTQ-201203,0.08,0.08,0.04,0.04,4403500
2012-02-28,GAPTQ-201203,0.04,0.04,0.03,0.03,3995700
2012-02-29,GAPTQ-201203,0.03,0.03,0.02,0.02,2323900
2012-03-01,GAPTQ-201203,0.02,0.03,0.02,0.02,983400
2012-03-02,GAPTQ-201203,0.02,0.03,0.01,0.02,3913100
2012-03-05,GAPTQ-201203,0.02,0.03,0.02,0.03,6037900
2012-03-06,GAPTQ-201203,0.03,0.03,0.02,0.02,4684400
2012-03-07,GAPTQ-201203,0.02,0.03,0.02,0.02,4069400
2012-03-08,GAPTQ-201203,0.02,0.02,0.01,0.02,1560400
2012-03-09,GAPTQ-201203,0.02,0.02,0.02,0.02,4908400
2012-03-12,GAPTQ-201203,0.02,0.03,0.02,0.02,3988200
2012-03-13,GAPTQ-201203,0.02,0.02,0.02,0.02,2116100
2012-03-14,GAPTQ-201203,0.01,0.01,0.01,0.01,8182300
