date,symbol,open,high,low,close,volume
1990-01-02,HAS,2.52061,2.7222588,2.52061,2.7222588,2994066.8
1990-01-03,HAS,2.7222588,2.7222588,2.6718466,2.7055893,1121008.4
1990-01-04,HAS,2.7055893,2.8064137,2.7055893,2.7726712,1012403.7
1990-01-05,HAS,2.7726712,2.8064137,2.7560015,2.8064137,1338961.5
1990-01-08,HAS,2.7726712,2.8064137,2.739063,2.8064137,454503.06
1990-01-09,HAS,2.8064137,2.8230834,2.7726712,2.7726712,854703.8
1990-01-10,HAS,2.7726712,2.7894752,2.7560015,2.7894752,905286.75
1990-01-11,HAS,2.7894752,2.7894752,2.7726712,2.7894752,618897.75
1990-01-12,HAS,2.7726712,2.7894752,2.6886508,2.6886508,1257880
1990-01-15,HAS,2.6886508,2.6886508,2.6382387,2.655177,1134398
1990-01-16,HAS,2.655177,2.6886508,2.6214345,2.6886508,1629813.8
1990-01-17,HAS,2.6886508,2.7055893,2.6718466,2.6886508,482026.16
1990-01-18,HAS,2.655177,2.6886508,2.6382387,2.6886508,726758.56
1990-01-19,HAS,2.6886508,2.7055893,2.6718466,2.6886508,675431.7
1990-01-22,HAS,2.6886508,2.6886508,2.6214345,2.6214345,540047.8
1990-01-23,HAS,2.6214345,2.6886508,2.5878265,2.5878265,953638.2
1990-01-24,HAS,2.5543525,2.6047647,2.470198,2.537414,1397727.1
1990-01-25,HAS,2.537414,2.5710223,2.470198,2.470198,894872.6
1990-01-26,HAS,2.487002,2.5710223,2.470198,2.5543525,782548.6
1990-01-29,HAS,2.5932856,2.5932856,2.5259275,2.5259275,984291.9
1990-01-30,HAS,2.542767,2.542767,2.4248905,2.475409,2277381.2
1990-01-31,HAS,2.4922485,2.542767,2.475409,2.542767,398615.94
1990-02-01,HAS,2.542767,2.542767,2.4248905,2.5092227,581222.1
1990-02-02,HAS,2.4922485,2.5597413,2.4922485,2.542767,480269.12
1990-02-05,HAS,2.542767,2.542767,2.44173,2.475409,1408146.1
1990-02-06,HAS,2.4587042,2.4922485,2.4587042,2.4587042,320674.28
1990-02-07,HAS,2.4587042,2.5259275,2.44173,2.5259275,574541.44
1990-02-08,HAS,2.5092227,2.5932856,2.5092227,2.542767,237536.5
1990-02-09,HAS,2.5597413,2.6607783,2.542767,2.6607783,495857.44
1990-02-12,HAS,2.6438043,2.6607783,2.5597413,2.5597413,775705.1
1990-02-13,HAS,2.5597413,2.576446,2.542767,2.576446,483980.62
1990-02-14,HAS,2.5597413,2.5597413,2.44173,2.542767,636894.75
1990-02-15,HAS,2.542767,2.5932856,2.4922485,2.5259275,882596.56
1990-02-16,HAS,2.542767,2.5597413,2.5092227,2.542767,387481.4
1990-02-20,HAS,2.5259275,2.542767,2.5092227,2.5092227,999137.9
1990-02-21,HAS,2.475409,2.4922485,2.44173,2.4922485,881111.94
1990-02-22,HAS,2.475409,2.4922485,2.4081857,2.4081857,1273789.5
1990-02-23,HAS,2.374372,2.4922485,2.374372,2.475409,881854.25
1990-02-26,HAS,2.475409,2.542767,2.475409,2.542767,353335.53
1990-02-27,HAS,2.5597413,2.576446,2.542767,2.542767,721517.1
1990-02-28,HAS,2.5259275,2.542767,2.5092227,2.542767,1572937
1990-03-01,HAS,2.5092227,2.542767,2.4922485,2.5092227,462453.88
1990-03-02,HAS,2.5259275,2.5259275,2.475409,2.5259275,225659.67
1990-03-05,HAS,2.4922485,2.5092227,2.4587042,2.4587042,515899.6
1990-03-06,HAS,2.475409,2.5259275,2.4587042,2.5259275,291724.5
1990-03-07,HAS,2.5597413,2.5932856,2.5597413,2.5597413,706671.06
1990-03-08,HAS,2.5597413,2.5597413,2.5092227,2.5259275,210071.34
1990-03-09,HAS,2.5259275,2.5259275,2.4922485,2.5259275,235309.6
1990-03-12,HAS,2.4922485,2.4922485,2.4587042,2.4922485,1058522
1990-03-13,HAS,2.475409,2.5092227,2.475409,2.4922485,553014.7
1990-03-14,HAS,2.4922485,2.5259275,2.4587042,2.5092227,748982.25
1990-03-15,HAS,2.5092227,2.542767,2.4922485,2.5092227,905607.94
1990-03-16,HAS,2.5259275,2.5259275,2.475409,2.5259275,1405176.9
1990-03-19,HAS,2.4922485,2.5597413,2.4922485,2.5597413,593841.25
1990-03-20,HAS,2.5597413,2.5932856,2.5259275,2.5259275,1492768.5
1990-03-21,HAS,2.5092227,2.5932856,2.5092227,2.5597413,1301254.6
1990-03-22,HAS,2.576446,2.6269648,2.576446,2.6269648,1616732.8
1990-03-23,HAS,2.6438043,2.6943228,2.6438043,2.6774833,962022.8
1990-03-26,HAS,2.6943228,2.7280018,2.6438043,2.6438043,977611.2
1990-03-27,HAS,2.6438043,2.6438043,2.5932856,2.6269648,901154.1
1990-03-28,HAS,2.6269648,2.6438043,2.5932856,2.6269648,777932.06
1990-03-29,HAS,2.6269648,2.6269648,2.5932856,2.6269648,433504.12
1990-03-30,HAS,2.6102598,2.6269648,2.576446,2.5932856,282816.9
1990-04-02,HAS,2.5597413,2.576446,2.542767,2.5597413,404554.34
1990-04-03,HAS,2.5932856,2.6607783,2.576446,2.6438043,1349504.2
1990-04-04,HAS,2.6269648,2.6607783,2.5597413,2.6102598,575283.7
1990-04-05,HAS,2.6102598,2.6438043,2.5932856,2.6102598,672525.2
1990-04-06,HAS,2.6269648,2.6269648,2.5597413,2.5932856,692567.4
1990-04-09,HAS,2.576446,2.5932856,2.542767,2.5597413,235309.6
1990-04-10,HAS,2.5597413,2.6269648,2.5597413,2.576446,918227.06
1990-04-11,HAS,2.5932856,2.6102598,2.5932856,2.6102598,110602.93
1990-04-12,HAS,2.5932856,2.6102598,2.5597413,2.5932856,928619.25
1990-04-16,HAS,2.576446,2.6102598,2.542767,2.542767,953857.5
1990-04-17,HAS,2.5259275,2.5259275,2.44173,2.4587042,1975264.5
1990-04-18,HAS,2.4587042,2.475409,2.4248905,2.4248905,1599659.9
1990-04-19,HAS,2.4248905,2.5092227,2.4248905,2.44173,2395407.2
1990-04-20,HAS,2.4587042,2.475409,2.3912115,2.44173,518126.5
1990-04-23,HAS,2.4248905,2.44173,2.4248905,2.4248905,469134.6
1990-04-24,HAS,2.4248905,2.4248905,2.374372,2.374372,1314616.1
1990-04-25,HAS,2.4081857,2.4248905,2.374372,2.4081857,1359896.5
1990-04-26,HAS,2.3912115,2.4081857,2.374372,2.3912115,446865.53
1990-04-27,HAS,2.3912115,2.3912115,2.3071485,2.3238535,610171.9
1990-04-30,HAS,2.3138554,2.3812742,2.2968318,2.3474972,278296.38
1990-05-01,HAS,2.3812742,2.4151862,2.3645208,2.3981626,438168.78
1990-05-02,HAS,2.3812742,2.3812742,2.3645208,2.3812742,583978.3
1990-05-03,HAS,2.3981626,2.4319396,2.3812742,2.3812742,458152.8
1990-05-04,HAS,2.4151862,2.448828,2.4151862,2.4319396,1210145.1
1990-05-07,HAS,2.448828,2.4658515,2.4319396,2.4319396,373035.6
1990-05-08,HAS,2.4319396,2.4994936,2.4319396,2.482605,979958.56
1990-05-09,HAS,2.482605,2.5332704,2.4658515,2.4994936,743850.7
1990-05-10,HAS,2.4994936,2.516517,2.448828,2.4658515,959974.5
1990-05-11,HAS,2.4658515,2.5332704,2.4658515,2.5332704,687599.3
1990-05-14,HAS,2.5332704,2.6852667,2.5332704,2.6685133,1072477.2
1990-05-15,HAS,2.6514897,2.6514897,2.6008244,2.634601,319744.78
1990-05-16,HAS,2.634601,2.6514897,2.6008244,2.6178477,396720.38
1990-05-17,HAS,2.6008244,2.6514897,2.6008244,2.6008244,387838.6
1990-05-18,HAS,2.6008244,2.6178477,2.550159,2.6178477,337508.38
1990-05-21,HAS,2.5839357,2.702155,2.5839357,2.6685133,781598.4
1990-05-22,HAS,2.6852667,2.702155,2.6514897,2.6852667,529947.4
1990-05-23,HAS,2.6685133,2.7191787,2.6685133,2.7191787,954053.3
1990-05-24,HAS,2.7191787,2.7191787,2.6685133,2.6852667,763834.75
1990-05-25,HAS,2.6685133,2.6852667,2.6514897,2.6514897,445570.28
1990-05-29,HAS,2.6852667,2.8879282,2.6852667,2.8879282,565474.56
1990-05-30,HAS,2.8879282,2.8879282,2.7865975,2.8205094,2401786.5
1990-05-31,HAS,2.8205094,2.9048166,2.8205094,2.8711748,4573386.5
1990-06-01,HAS,2.8711748,2.8879282,2.8034859,2.8541512,2038373
1990-06-04,HAS,2.8372629,2.8541512,2.8034859,2.8034859,1017706.2
1990-06-05,HAS,2.8034859,2.8205094,2.7191787,2.769844,642450.2
1990-06-06,HAS,2.8034859,2.8541512,2.7528205,2.7528205,8348891.5
1990-06-07,HAS,2.769844,2.769844,2.735932,2.769844,401901.44
1990-06-08,HAS,2.769844,2.769844,2.6685133,2.702155,254611.6
1990-06-11,HAS,2.7191787,2.7191787,2.550159,2.5839357,1694203.2
1990-06-12,HAS,2.5671823,2.634601,2.5332704,2.6178477,455192.22
1990-06-13,HAS,2.5671823,2.5839357,2.516517,2.5839357,612104
1990-06-14,HAS,2.550159,2.6008244,2.5332704,2.5839357,286438.03
1990-06-15,HAS,2.5332704,2.5671823,2.516517,2.550159,1100603
1990-06-18,HAS,2.550159,2.5671823,2.5332704,2.550159,288658.5
1990-06-19,HAS,2.550159,2.5671823,2.5332704,2.5332704,402641.6
1990-06-20,HAS,2.550159,2.5671823,2.5332704,2.5671823,351571.22
1990-06-21,HAS,2.5671823,2.5839357,2.5671823,2.5839357,1864437.8
1990-06-22,HAS,2.5839357,2.6008244,2.550159,2.550159,712764.44
1990-06-25,HAS,2.5671823,2.5839357,2.5332704,2.5332704,1296742.8
1990-06-26,HAS,2.5671823,2.6008244,2.5332704,2.5332704,466294.47
1990-06-27,HAS,2.5332704,2.5839357,2.516517,2.5671823,413743.8
1990-06-28,HAS,2.5839357,2.634601,2.5671823,2.6008244,600261.6
1990-06-29,HAS,2.6008244,2.634601,2.2968318,2.482605,3854701
1990-07-02,HAS,2.448828,2.448828,2.2968318,2.3645208,1814107.5
1990-07-03,HAS,2.3645208,2.448828,2.3645208,2.4319396,1239011
1990-07-05,HAS,2.3981626,2.3981626,2.3474972,2.3474972,295319.84
1990-07-06,HAS,2.3474972,2.3812742,2.3474972,2.3812742,277556.25
1990-07-09,HAS,2.3812742,2.4151862,2.3645208,2.3812742,955533.6
1990-07-10,HAS,2.3812742,2.4319396,2.3474972,2.4151862,2885104.5
1990-07-11,HAS,2.3812742,2.448828,2.3812742,2.448828,825267.2
1990-07-12,HAS,2.448828,2.4658515,2.3981626,2.448828,1610566.4
1990-07-13,HAS,2.4319396,2.4658515,2.4151862,2.448828,1076178
1990-07-16,HAS,2.4319396,2.4658515,2.4151862,2.448828,1252333.8
1990-07-17,HAS,2.4319396,2.448828,2.4151862,2.448828,1383340.2
1990-07-18,HAS,2.4319396,2.4319396,2.3645208,2.3981626,213163.19
1990-07-19,HAS,2.3812742,2.3812742,2.3138554,2.3474972,2097585
1990-07-20,HAS,2.3138554,2.3138554,2.229278,2.26319,2928773.5
1990-07-23,HAS,2.26319,2.2968318,2.1786125,2.26319,1225688.4
1990-07-24,HAS,2.2799435,2.2968318,2.229278,2.26319,438908.94
1990-07-25,HAS,2.26319,2.3306088,2.2461665,2.3306088,319004.62
1990-07-26,HAS,2.3138554,2.3138554,2.26319,2.2799435,908904.1
1990-07-27,HAS,2.2125244,2.3474972,2.2125244,2.3474972,938510.1
1990-07-30,HAS,2.3034604,2.3373349,2.2865233,2.3373349,711451.3
1990-07-31,HAS,2.3373349,2.3373349,2.3034604,2.3373349,478237
1990-08-01,HAS,2.3034604,2.3713448,2.2697215,2.3542721,653885.75
1990-08-02,HAS,2.320533,2.3373349,2.2357116,2.3034604,960164.06
1990-08-03,HAS,2.2865233,2.2865233,2.1510255,2.2189097,793371.56
1990-08-06,HAS,2.1340883,2.2189097,2.100214,2.2189097,1456113.5
1990-08-07,HAS,2.1849,2.2526488,2.1849,2.2357116,1404452.1
1990-08-08,HAS,2.2189097,2.2526488,2.2018373,2.2189097,349083.47
1990-08-09,HAS,2.2018373,2.2189097,2.1680982,2.1849,249450.78
1990-08-10,HAS,2.1849,2.1849,2.1172867,2.1340883,216977.89
1990-08-13,HAS,2.100214,2.1340883,2.0664752,2.0832767,235428.39
1990-08-14,HAS,2.100214,2.1510255,2.0664752,2.1510255,473808.88
1990-08-15,HAS,2.1680982,2.1849,2.1340883,2.1510255,753518.44
1990-08-16,HAS,2.1172867,2.1172867,2.0664752,2.0664752,431741.72
1990-08-17,HAS,2.0324652,2.0324652,1.9308418,1.9816535,1946158.9
1990-08-20,HAS,1.9648519,2.0494022,1.9648519,2.0494022,828796.5
1990-08-21,HAS,2.0156634,2.0156634,1.9308418,1.9648519,571227.5
1990-08-22,HAS,1.9648519,1.9816535,1.8800303,1.8800303,454620.34
1990-08-23,HAS,1.778407,1.8124169,1.7616053,1.7616053,736544
1990-08-24,HAS,1.7953442,1.8124169,1.7107937,1.7616053,558681.2
1990-08-27,HAS,1.8632286,1.9648519,1.8461558,1.9648519,656837.8
1990-08-28,HAS,1.9816535,2.0156634,1.9648519,1.9816535,633959.25
1990-08-29,HAS,1.9816535,2.0324652,1.9816535,1.9985907,670860.25
1990-08-30,HAS,1.9816535,1.9816535,1.947779,1.9648519,883410
1990-08-31,HAS,1.947779,1.9648519,1.947779,1.9648519,191147.19
1990-09-04,HAS,1.9648519,1.9648519,1.9140402,1.9308418,887100.1
1990-09-05,HAS,1.947779,1.9648519,1.9308418,1.947779,278971.56
1990-09-06,HAS,1.947779,1.947779,1.9308418,1.947779,267163.25
1990-09-07,HAS,1.9308418,1.9648519,1.9140402,1.9648519,1213305
1990-09-10,HAS,1.9816535,1.9985907,1.947779,1.947779,507757.78
1990-09-11,HAS,1.9308418,1.947779,1.9140402,1.947779,295208.03
1990-09-12,HAS,1.947779,1.9648519,1.8632286,1.8800303,939499.5
1990-09-13,HAS,1.8800303,1.947779,1.8800303,1.9140402,539492.6
1990-09-14,HAS,1.8969674,1.9140402,1.8969674,1.9140402,181552.94
1990-09-17,HAS,1.9140402,1.9140402,1.8969674,1.9140402,519566.12
1990-09-18,HAS,1.9140402,1.9140402,1.8800303,1.9140402,154984.2
1990-09-19,HAS,1.8969674,1.9140402,1.8461558,1.8461558,311444.47
1990-09-20,HAS,1.8461558,1.8969674,1.8461558,1.8800303,329894.97
1990-09-21,HAS,1.8632286,1.8632286,1.8292186,1.8461558,639863.4
1990-09-24,HAS,1.8292186,1.8292186,1.7953442,1.7953442,704809.1
1990-09-25,HAS,1.7616053,1.8461558,1.7445326,1.8124169,937285.44
1990-09-26,HAS,1.7953442,1.8292186,1.778407,1.7953442,202955.52
1990-09-27,HAS,1.7953442,1.8292186,1.7445326,1.7445326,581559.8
1990-09-28,HAS,1.6937209,1.7445326,1.625972,1.6429093,752042.44
1990-10-01,HAS,1.6599821,1.8632286,1.6599821,1.8292186,907764.7
1990-10-02,HAS,1.8124169,1.8461558,1.7445326,1.7953442,2095976.9
1990-10-03,HAS,1.778407,1.8124169,1.778407,1.778407,1276036.6
1990-10-04,HAS,1.7616053,1.8292186,1.7616053,1.8124169,509971.84
1990-10-05,HAS,1.778407,1.8461558,1.7275953,1.8461558,498163.53
1990-10-08,HAS,1.8632286,1.8800303,1.8124169,1.8292186,125463.41
1990-10-09,HAS,1.7953442,1.7953442,1.7107937,1.7107937,205907.6
1990-10-10,HAS,1.6937209,1.6937209,1.625972,1.6599821,932857.3
1990-10-11,HAS,1.6429093,1.6429093,1.5583588,1.5751605,1915900
1990-10-12,HAS,1.625972,1.6599821,1.541286,1.541286,2750600.8
1990-10-15,HAS,1.5751605,1.6599821,1.5243489,1.625972,824368.4
1990-10-16,HAS,1.6091704,1.625972,1.5751605,1.5751605,1887855.2
1990-10-17,HAS,1.5583588,1.6091704,1.5583588,1.5920976,235428.39
1990-10-18,HAS,1.6091704,1.6599821,1.6091704,1.6599821,968282.3
1990-10-19,HAS,1.6599821,1.6599821,1.6091704,1.6599821,1056844.8
1990-10-22,HAS,1.6429093,1.6767837,1.6091704,1.625972,1258324.1
1990-10-23,HAS,1.6429093,1.6429093,1.6091704,1.625972,1306295.5
1990-10-24,HAS,1.625972,1.6767837,1.6091704,1.6599821,1212566.9
1990-10-25,HAS,1.6767837,1.7275953,1.6599821,1.7275953,400744.88
1990-10-26,HAS,1.7275953,1.8124169,1.7275953,1.7953442,1653164.9
1990-10-29,HAS,1.8021446,1.8702861,1.8021446,1.819282,981538.9
1990-10-30,HAS,1.819282,1.8361473,1.7851433,1.7851433,619067.94
1990-10-31,HAS,1.7341392,1.8361473,1.7341392,1.768278,678622
1990-11-01,HAS,1.8021446,1.819282,1.768278,1.819282,525693.1
1990-11-02,HAS,1.819282,1.8531487,1.8021446,1.8021446,1710156.9
1990-11-05,HAS,1.8361473,1.8361473,1.7851433,1.8361473,530839.75
1990-11-06,HAS,1.8361473,1.8531487,1.8021446,1.819282,1442531.2
1990-11-07,HAS,1.819282,1.8702861,1.8021446,1.8702861,696267.6
1990-11-08,HAS,1.8871515,1.9041529,1.8361473,1.8531487,688915.3
1990-11-09,HAS,1.8361473,1.9212903,1.8361473,1.9041529,744057.94
1990-11-12,HAS,1.9212903,1.9551569,1.9041529,1.9551569,405849.78
1990-11-13,HAS,1.9381555,1.9722943,1.9212903,1.9381555,699208.56
1990-11-14,HAS,1.9041529,2.0571651,1.9041529,2.0401638,1053591.9
1990-11-15,HAS,2.0401638,2.0571651,1.9891596,2.006161,252920.88
1990-11-16,HAS,2.006161,2.0401638,1.9891596,2.006161,942571.44
1990-11-19,HAS,2.0401638,2.0571651,2.006161,2.0401638,947718.06
1990-11-20,HAS,2.006161,2.0571651,2.006161,2.0232985,826404.25
1990-11-21,HAS,2.0401638,2.0571651,2.0232985,2.0571651,338208.16
1990-11-23,HAS,2.0401638,2.091168,2.0401638,2.0743024,133077.56
1990-11-26,HAS,2.0401638,2.0401638,1.9722943,2.0232985,995508.3
1990-11-27,HAS,2.0401638,2.108169,2.0232985,2.0571651,247774.23
1990-11-28,HAS,2.108169,2.1591733,2.0401638,2.0401638,1028593.94
1990-11-29,HAS,2.0401638,2.0743024,2.0401638,2.0401638,308063.5
1990-11-30,HAS,2.0232985,2.091168,2.0232985,2.091168,585982.4
1990-12-03,HAS,2.108169,2.108169,2.0232985,2.0401638,567601.5
1990-12-04,HAS,2.006161,2.0571651,1.9891596,2.0571651,271301.75
1990-12-05,HAS,2.006161,2.0571651,2.006161,2.0401638,863901.25
1990-12-06,HAS,2.0571651,2.091168,1.9891596,1.9891596,861695.56
1990-12-07,HAS,1.9891596,2.0571651,1.9891596,2.0232985,275713.16
1990-12-10,HAS,2.0232985,2.108169,2.0232985,2.091168,484519.94
1990-12-11,HAS,2.091168,2.108169,2.0232985,2.0401638,369823.25
1990-12-12,HAS,2.0571651,2.1591733,2.0571651,2.1421719,288212.16
1990-12-13,HAS,2.1421719,2.1421719,2.0571651,2.0743024,218364.83
1990-12-14,HAS,2.0571651,2.0743024,1.9722943,2.0401638,1804267
1990-12-17,HAS,2.006161,2.0401638,1.9722943,1.9891596,1636633.4
1990-12-18,HAS,1.9722943,2.108169,1.9722943,2.108169,1409445.8
1990-12-19,HAS,2.091168,2.1253066,2.0571651,2.0571651,1131526.9
1990-12-20,HAS,2.0401638,2.108169,2.006161,2.108169,402173.6
1990-12-21,HAS,2.2273147,2.2273147,2.0743024,2.091168,952864.7
1990-12-24,HAS,2.108169,2.108169,2.0401638,2.0401638,189690.66
1990-12-26,HAS,2.0743024,2.091168,2.0401638,2.0743024,253656.11
1990-12-27,HAS,2.0743024,2.108169,2.0571651,2.108169,344090.03
1990-12-28,HAS,2.108169,2.1591733,2.0743024,2.108169,785231.1
1990-12-31,HAS,2.0743024,2.1253066,2.0571651,2.1253066,291888.34
1991-01-02,HAS,2.091168,2.1253066,2.0743024,2.108169,727147.5
1991-01-03,HAS,2.091168,2.1253066,2.0743024,2.108169,828609.94
1991-01-04,HAS,2.1253066,2.1253066,2.0571651,2.108169,1879261
1991-01-07,HAS,2.108169,2.108169,2.0571651,2.0571651,1293278.5
1991-01-08,HAS,2.0571651,2.1421719,2.0571651,2.1421719,497754.16
1991-01-09,HAS,2.1763105,2.2441802,2.1253066,2.1421719,958746.56
1991-01-10,HAS,2.1591733,2.3121855,2.1591733,2.2611814,798465.3
1991-01-11,HAS,2.2441802,2.3121855,2.2441802,2.2951841,344825.28
1991-01-14,HAS,2.2273147,2.2611814,2.2101774,2.2273147,980803.6
1991-01-15,HAS,2.2441802,2.2951841,2.2441802,2.278319,589658.56
1991-01-16,HAS,2.2611814,2.3971925,2.2611814,2.380327,608039.44
1991-01-17,HAS,2.482335,2.4992006,2.4481964,2.4992006,1207991.2
1991-01-18,HAS,2.4481964,2.6012087,2.4481964,2.6012087,1373419.1
1991-01-21,HAS,2.5843434,2.6692142,2.567206,2.6522129,1207256
1991-01-22,HAS,2.6353474,2.6692142,2.5843434,2.6012087,600687.06
1991-01-23,HAS,2.6012087,2.6353474,2.5502048,2.5843434,1281514.8
1991-01-24,HAS,2.5843434,2.6692142,2.5843434,2.61821,968304.6
1991-01-25,HAS,2.6012087,2.6353474,2.5502048,2.5502048,721265.6
1991-01-28,HAS,2.5502048,2.6012087,2.516202,2.5843434,361000.44
1991-01-29,HAS,2.5502048,2.5502048,2.4481964,2.4481964,528634.06
1991-01-30,HAS,2.455016,2.6084545,2.455016,2.6084545,431117.34
1991-01-31,HAS,2.574357,2.6084545,2.4381037,2.5573084,967814.5
1991-02-01,HAS,2.6255033,2.761893,2.6255033,2.7277956,1388667.1
1991-02-04,HAS,2.7449806,2.8472729,2.7277956,2.8472729,1601293
1991-02-05,HAS,2.8472729,2.881234,2.761893,2.8472729,699465.94
1991-02-06,HAS,2.830088,3.017624,2.7961268,2.9835265,1324146.1
1991-02-07,HAS,2.9835265,3.06877,2.9323802,3.06877,1487648.1
1991-02-08,HAS,3.06877,3.1369648,3.0346725,3.1369648,1132782.9
1991-02-11,HAS,3.1369648,3.4098806,3.1369648,3.375647,3154928.5
1991-02-12,HAS,3.3415496,3.3926957,3.3075883,3.3415496,3369020.8
1991-02-13,HAS,3.3415496,3.375647,3.3075883,3.3415496,1247894.1
1991-02-14,HAS,3.3075883,3.3245008,3.1369648,3.205296,753722.2
1991-02-15,HAS,3.205296,3.2733545,3.188111,3.2564423,926755.7
1991-02-19,HAS,3.205296,3.2733545,3.188111,3.205296,1256692.4
1991-02-20,HAS,3.205296,3.2904034,3.205296,3.2222085,1871841.1
1991-02-21,HAS,3.2222085,3.2222085,3.1030037,3.1199162,718528.94
1991-02-22,HAS,3.1369648,3.15415,3.0518575,3.1030037,1438524.2
1991-02-25,HAS,3.1369648,3.1710622,3.1030037,3.1199162,1004474.1
1991-02-26,HAS,3.1369648,3.205296,3.1199162,3.188111,894495.2
1991-02-27,HAS,3.2222085,3.2904034,3.2222085,3.2564423,920890.1
1991-02-28,HAS,3.2904034,3.3415496,3.239257,3.3245008,3695291.5
1991-03-01,HAS,3.3075883,3.3415496,3.2222085,3.3075883,1682677.4
1991-03-04,HAS,3.3245008,3.3245008,3.2564423,3.2564423,885696.9
1991-03-05,HAS,3.2564423,3.2904034,3.239257,3.2904034,562358.9
1991-03-06,HAS,3.2904034,3.3075883,3.2222085,3.2564423,632745.4
1991-03-07,HAS,3.2904034,3.2904034,3.205296,3.205296,589487
1991-03-08,HAS,3.205296,3.2904034,3.205296,3.239257,1289686.1
1991-03-11,HAS,3.239257,3.2733545,3.188111,3.188111,835106.56
1991-03-12,HAS,3.205296,3.3245008,3.205296,3.2733545,482440.84
1991-03-13,HAS,3.239257,3.2904034,3.239257,3.2904034,2147521.8
1991-03-14,HAS,3.2733545,3.3245008,3.2564423,3.2564423,699465.94
1991-03-15,HAS,3.2904034,3.2904034,3.205296,3.205296,854902.8
1991-03-18,HAS,3.2222085,3.2733545,3.205296,3.2733545,325537.6
1991-03-19,HAS,3.2904034,3.2904034,3.2564423,3.2733545,777184.4
1991-03-20,HAS,3.2904034,3.3245008,3.2564423,3.3075883,1089524.5
1991-03-21,HAS,3.3245008,3.3245008,3.188111,3.2222085,516900.9
1991-03-22,HAS,3.2564423,3.2733545,3.188111,3.188111,173033.5
1991-03-25,HAS,3.2222085,3.2733545,3.205296,3.239257,253684.7
1991-03-26,HAS,3.2564423,3.2904034,3.2564423,3.2733545,1124717.8
1991-03-27,HAS,3.3245008,3.3415496,3.2904034,3.2904034,1825650
1991-03-28,HAS,3.3075883,3.3245008,3.2564423,3.3245008,1184106.4
1991-04-01,HAS,3.3075883,3.3415496,3.2222085,3.3245008,1494246.9
1991-04-02,HAS,3.3075883,3.3587346,3.2904034,3.3415496,2368946
1991-04-03,HAS,3.3245008,3.3415496,3.3075883,3.3415496,2479658
1991-04-04,HAS,3.3245008,3.3415496,3.2904034,3.2904034,1689276.1
1991-04-05,HAS,3.3075883,3.3245008,3.2733545,3.3075883,934087.6
1991-04-08,HAS,3.3075883,3.375647,3.3075883,3.3245008,820442.75
1991-04-09,HAS,3.3245008,3.3245008,3.2222085,3.239257,1392333.1
1991-04-10,HAS,3.239257,3.2733545,3.239257,3.239257,1171642.1
1991-04-11,HAS,3.2733545,3.3587346,3.2564423,3.3245008,743457.5
1991-04-12,HAS,3.3587346,3.6313777,3.3415496,3.5802317,3038351
1991-04-15,HAS,3.6144655,3.6313777,3.494988,3.5461342,1231030.6
1991-04-16,HAS,3.5461342,3.7167578,3.494988,3.7167578,724394.44
1991-04-17,HAS,3.7507188,3.801865,3.682524,3.7507188,2224507
1991-04-18,HAS,3.7167578,4.2282195,3.682524,4.023635,3664497.5
1991-04-19,HAS,4.0064497,4.0064497,3.8530111,3.9041574,3287636.5
1991-04-22,HAS,3.8701963,3.8871086,3.81905,3.8530111,755188.56
1991-04-23,HAS,3.8359625,3.8530111,3.7336702,3.801865,1629154.4
1991-04-24,HAS,3.801865,3.8359625,3.7679038,3.8359625,850503.6
1991-04-25,HAS,3.8359625,3.8701963,3.801865,3.8530111,495638.3
1991-04-26,HAS,3.8701963,3.8701963,3.801865,3.81905,720728.5
1991-04-29,HAS,3.810029,3.8785071,3.810029,3.827251,422877.34
1991-04-30,HAS,3.7929437,3.8954558,3.7929437,3.8442,594076.8
1991-05-01,HAS,3.8785071,3.8785071,3.810029,3.810029,637242.5
1991-05-02,HAS,3.827251,3.827251,3.758773,3.7929437,643827.1
1991-05-03,HAS,3.827251,3.827251,3.6734831,3.7075171,3935393.2
1991-05-06,HAS,3.6734831,3.6734831,3.5879197,3.6222272,348983.56
1991-05-07,HAS,3.605005,3.6222272,3.5879197,3.6222272,1270826.9
1991-05-08,HAS,3.6562612,3.758773,3.6562612,3.7416878,752107.1
1991-05-09,HAS,3.7416878,3.7929437,3.724739,3.7929437,1063778
1991-05-10,HAS,3.775995,3.775995,3.724739,3.7416878,253141.11
1991-05-13,HAS,3.724739,3.724739,3.6734831,3.6734831,1432515.2
1991-05-14,HAS,3.6904318,3.724739,3.6562612,3.6562612,1087189.9
1991-05-15,HAS,3.6562612,3.6734831,3.553749,3.605005,257530.84
1991-05-16,HAS,3.570971,3.6222272,3.570971,3.605005,287527.34
1991-05-17,HAS,3.5879197,3.6222272,3.519715,3.6222272,1234245.9
1991-05-20,HAS,3.5879197,3.7075171,3.5879197,3.6904318,463848.16
1991-05-21,HAS,3.724739,3.8785071,3.7075171,3.8442,483601.94
1991-05-22,HAS,3.8612852,3.963797,3.8612852,3.929763,1161815.2
1991-05-23,HAS,3.9979677,4.049224,3.8954558,3.929763,2712853.2
1991-05-24,HAS,3.981019,4.117565,3.981019,4.1004796,2418009.8
1991-05-28,HAS,4.1004796,4.151736,4.049224,4.151736,1184495.5
1991-05-29,HAS,4.134787,4.151736,4.083531,4.1004796,951108.2
1991-05-30,HAS,4.1004796,4.151736,4.1004796,4.134787,1262047.4
1991-05-31,HAS,4.117565,4.1860433,4.117565,4.1860433,1531284.2
1991-06-03,HAS,4.151736,4.151736,4.066309,4.117565,16520750
1991-06-04,HAS,4.1004796,4.117565,4.032275,4.066309,1390812.9
1991-06-05,HAS,4.049224,4.083531,4.049224,4.066309,2262906
1991-06-06,HAS,4.083531,4.083531,4.032275,4.032275,1151572.5
1991-06-07,HAS,3.9979677,4.032275,3.981019,3.981019,765276.3
1991-06-10,HAS,3.9467118,3.981019,3.929763,3.981019,189490.02
1991-06-11,HAS,3.963797,4.083531,3.963797,4.066309,1305944.8
1991-06-12,HAS,4.049224,4.049224,3.9467118,3.963797,483601.94
1991-06-13,HAS,3.963797,3.9979677,3.929763,3.963797,185100.3
1991-06-14,HAS,3.981019,4.0150533,3.929763,3.981019,351910.03
1991-06-17,HAS,3.9979677,4.0150533,3.963797,3.963797,1026465.25
1991-06-18,HAS,3.981019,3.981019,3.8954558,3.9125412,283869.22
1991-06-19,HAS,3.9125412,3.9125412,3.8442,3.8785071,712599.56
1991-06-20,HAS,3.8785071,3.9125412,3.8442,3.8785071,2361674.8
1991-06-21,HAS,3.8954558,3.9467118,3.8785071,3.8954558,571396.56
1991-06-24,HAS,3.8785071,3.8954558,3.7929437,3.7929437,2228519.8
1991-06-25,HAS,3.810029,3.8612852,3.7929437,3.8612852,517988.16
1991-06-26,HAS,3.8612852,3.8785071,3.8442,3.8612852,1305944.8
1991-06-27,HAS,3.8785071,3.8785071,3.810029,3.827251,2124629.5
1991-06-28,HAS,3.827251,3.827251,3.724739,3.7929437,630657.94
1991-07-01,HAS,3.827251,3.8612852,3.810029,3.8442,2056588.6
1991-07-02,HAS,3.8442,3.8612852,3.827251,3.827251,911600.6
1991-07-03,HAS,3.7929437,3.810029,3.758773,3.758773,305086.25
1991-07-05,HAS,3.724739,3.758773,3.724739,3.758773,403123.56
1991-07-08,HAS,3.7416878,3.758773,3.6734831,3.758773,626268.2
1991-07-09,HAS,3.7416878,3.7929437,3.7416878,3.775995,708941.44
1991-07-10,HAS,3.775995,3.929763,3.7416878,3.8954558,2598720.2
1991-07-11,HAS,3.8612852,3.9979677,3.8612852,3.981019,3728344.2
1991-07-12,HAS,4.0150533,4.083531,4.0150533,4.066309,605051.1
1991-07-15,HAS,4.083531,4.083531,4.032275,4.032275,1354231.8
1991-07-16,HAS,4.049224,4.083531,4.049224,4.066309,1431052
1991-07-17,HAS,4.049224,4.1004796,4.049224,4.083531,1465438.2
1991-07-18,HAS,4.083531,4.083531,4.032275,4.032275,192416.52
1991-07-19,HAS,4.0150533,4.032275,3.929763,3.963797,908674.1
1991-07-22,HAS,3.9467118,3.981019,3.9125412,3.9467118,798199.25
1991-07-23,HAS,3.9467118,3.963797,3.827251,3.827251,480675.47
1991-07-24,HAS,3.8442,3.8612852,3.775995,3.7929437,924769.8
1991-07-25,HAS,3.810029,3.8612852,3.7929437,3.8612852,564811.94
1991-07-26,HAS,3.8612852,3.8954558,3.8612852,3.8785071,338009.22
1991-07-29,HAS,3.8867252,3.8867252,3.8694668,3.8694668,595010.94
1991-07-30,HAS,3.8867252,3.9550745,3.8694668,3.9550745,263556.97
1991-07-31,HAS,3.9380898,3.9550745,3.8523452,3.90371,1000202.4
1991-08-01,HAS,3.8867252,3.90371,3.8523452,3.90371,642465.75
1991-08-02,HAS,3.9208314,3.9380898,3.8867252,3.9208314,393510.28
1991-08-05,HAS,3.8867252,3.90371,3.8523452,3.8523452,267937.44
1991-08-06,HAS,3.8523452,3.9380898,3.8353608,3.8867252,594280.8
1991-08-07,HAS,3.8694668,3.8694668,3.783996,3.8009808,225593.1
1991-08-08,HAS,3.8181024,3.8353608,3.7667377,3.7667377,413952.38
1991-08-09,HAS,3.8009808,3.8181024,3.7496161,3.7667377,313932.12
1991-08-12,HAS,3.7667377,3.783996,3.6468868,3.715373,359196.78
1991-08-13,HAS,3.7326314,3.8009808,3.6982515,3.7496161,533684.6
1991-08-14,HAS,3.7496161,3.7667377,3.6640084,3.6640084,393510.28
1991-08-15,HAS,3.6812668,3.7326314,3.6812668,3.6982515,676779.25
1991-08-16,HAS,3.7326314,3.7326314,3.5441577,3.6299024,552666.56
1991-08-19,HAS,3.527173,3.5441577,3.355821,3.424444,1217764.6
1991-08-20,HAS,3.45855,3.492793,3.355821,3.390064,1725166.6
1991-08-21,HAS,3.4414284,3.5955224,3.4414284,3.5785377,2180733.2
1991-08-22,HAS,3.5785377,3.715373,3.5785377,3.6982515,1261569.1
1991-08-23,HAS,3.6982515,3.7326314,3.6299024,3.6468868,932305.44
1991-08-26,HAS,3.6640084,3.6640084,3.612644,3.6640084,353356.2
1991-08-27,HAS,3.6468868,3.6640084,3.5441577,3.612644,1076860.2
1991-08-28,HAS,3.5785377,3.7496161,3.5441577,3.7496161,2112836.2
1991-08-29,HAS,3.7496161,3.7667377,3.6982515,3.6982515,1720056.1
1991-08-30,HAS,3.715373,3.7326314,3.6812668,3.6982515,579679.3
1991-09-03,HAS,3.7326314,3.7326314,3.6640084,3.6640084,1256458.6
1991-09-04,HAS,3.6812668,3.715373,3.6640084,3.715373,666558.25
1991-09-05,HAS,3.7326314,3.7326314,3.5955224,3.6299024,2158101
1991-09-06,HAS,3.6640084,3.6640084,3.5441577,3.5955224,1898194.4
1991-09-09,HAS,3.5785377,3.5785377,3.45855,3.45855,1231636.1
1991-09-10,HAS,3.4414284,3.4758084,3.4071853,3.424444,862948.3
1991-09-11,HAS,3.424444,3.45855,3.390064,3.4414284,3851874.2
1991-09-12,HAS,3.4758084,3.6299024,3.4758084,3.612644,1024294.9
1991-09-13,HAS,3.6812668,3.7667377,3.6640084,3.7496161,3000607.2
1991-09-16,HAS,3.715373,3.7326314,3.612644,3.715373,1444817.9
1991-09-17,HAS,3.6982515,3.7496161,3.6982515,3.6982515,658527.44
1991-09-18,HAS,3.715373,3.8009808,3.6982515,3.783996,1147677.5
1991-09-19,HAS,3.7496161,3.9208314,3.7496161,3.9208314,1671141.1
1991-09-20,HAS,3.972196,4.040819,3.9208314,4.040819,2174892.8
1991-09-23,HAS,4.040819,4.1435485,4.040819,4.040819,1309754.1
1991-09-24,HAS,4.040819,4.1091685,4.0235605,4.0921836,1502493.8
1991-09-25,HAS,4.0921836,4.0921836,4.040819,4.0749254,1194402.2
1991-09-26,HAS,4.0749254,4.0749254,4.0235605,4.040819,1220685
1991-09-27,HAS,4.040819,4.12629,4.040819,4.040819,1132345.9
1991-09-30,HAS,4.040819,4.0578036,3.972196,4.006439,605962
1991-10-01,HAS,4.040819,4.1091685,4.040819,4.1091685,535144.8
1991-10-02,HAS,4.1091685,4.1435485,4.0749254,4.1091685,900182.1
1991-10-03,HAS,4.1091685,4.1091685,4.0921836,4.1091685,143824.72
1991-10-04,HAS,4.1091685,4.1091685,4.0578036,4.0921836,235814.14
1991-10-07,HAS,4.0749254,4.0921836,4.0578036,4.0578036,270857.72
1991-10-08,HAS,4.040819,4.0578036,4.006439,4.0578036,418332.8
1991-10-09,HAS,4.0578036,4.0921836,4.0235605,4.0235605,355546.4
1991-10-10,HAS,4.0235605,4.0235605,3.9550745,3.9894545,416142.6
1991-10-11,HAS,4.0235605,4.0235605,3.90371,3.9208314,703792.06
1991-10-14,HAS,3.9380898,4.006439,3.9380898,3.972196,778989.75
1991-10-15,HAS,3.972196,4.006439,3.9550745,4.006439,497910.97
1991-10-16,HAS,3.9894545,4.1435485,3.972196,4.1435485,887770.9
1991-10-17,HAS,4.1091685,4.1091685,4.040819,4.0578036,624944
1991-10-18,HAS,4.0749254,4.1435485,4.0235605,4.1435485,1670411
1991-10-21,HAS,4.1776543,4.1776543,4.1091685,4.1091685,789210.8
1991-10-22,HAS,4.12629,4.12629,4.0578036,4.0749254,1023564.75
1991-10-23,HAS,4.3146267,4.674179,4.297642,4.5885715,6758302
1991-10-24,HAS,4.5885715,4.622814,4.5031004,4.5714498,2891096
1991-10-25,HAS,4.657194,4.6913004,4.6058297,4.657194,1211924
1991-10-28,HAS,4.6654277,4.9227047,4.596683,4.871249,3906295
1991-10-29,HAS,4.871249,4.871249,4.785353,4.871249,1471419.6
1991-10-30,HAS,4.871249,5.0083265,4.85396,4.9741597,3692760.5
1991-10-31,HAS,4.939719,4.9741597,4.8882637,4.9227047,1496927.2
1991-11-01,HAS,4.9054155,4.9054155,4.682442,4.8025045,1862778
1991-11-04,HAS,4.8025045,4.8025045,4.682442,4.7510495,1271732.2
1991-11-05,HAS,4.7338977,4.785353,4.7338977,4.7338977,932846.56
1991-11-06,HAS,4.7510495,4.9741597,4.7510495,4.939719,2189274.2
1991-11-07,HAS,4.9227047,4.9227047,4.8025045,4.836808,873086.06
1991-11-08,HAS,4.836808,4.85396,4.768338,4.768338,1751273.6
1991-11-11,HAS,4.7682014,4.836808,4.7510495,4.836808,861425.5
1991-11-12,HAS,4.871112,5.0083265,4.871112,4.974023,1085891.6
1991-11-13,HAS,4.9911747,5.0083265,4.939719,5.0083265,457677.84
1991-11-14,HAS,4.9911747,4.9911747,4.871112,4.939719,916813.25
1991-11-15,HAS,4.9225674,4.9225674,4.7682014,4.7682014,2217697
1991-11-18,HAS,4.7682014,4.7682014,4.682442,4.7338977,1148567.2
1991-11-19,HAS,4.699594,4.699594,4.579531,4.6652904,1387609.2
1991-11-20,HAS,4.699594,4.7682014,4.596683,4.6309867,2136072.8
1991-11-21,HAS,4.613835,4.716746,4.613835,4.682442,886204.25
1991-11-22,HAS,4.6481385,4.7682014,4.613835,4.6309867,1038520.56
1991-11-25,HAS,4.6309867,4.716746,4.613835,4.699594,1034876.6
1991-11-26,HAS,4.7338977,4.974023,4.7338977,4.939719,2260695.2
1991-11-27,HAS,4.9225674,5.0083265,4.8882637,4.9225674,2463298
1991-11-29,HAS,4.9054155,4.9225674,4.871112,4.871112,64133.2
1991-12-02,HAS,4.8025045,4.9054155,4.8025045,4.9054155,3418736.8
1991-12-03,HAS,4.9054155,4.9054155,4.699594,4.8196564,2581361.2
1991-12-04,HAS,4.8196564,4.8196564,4.7510495,4.8025045,1544298.2
1991-12-05,HAS,4.785353,4.785353,4.716746,4.785353,338885.66
1991-12-06,HAS,4.7510495,4.785353,4.7510495,4.7682014,448932.4
1991-12-09,HAS,4.7338977,5.0254784,4.7338977,4.9225674,2198019.8
1991-12-10,HAS,4.9054155,4.9911747,4.9054155,4.9054155,1605516.4
1991-12-11,HAS,4.9225674,4.974023,4.9054155,4.939719,1040706.94
1991-12-12,HAS,4.974023,5.076934,4.956871,5.0083265,1750544.9
1991-12-13,HAS,5.076934,5.076934,5.04263,5.076934,964184.4
1991-12-16,HAS,5.111237,5.1626925,5.111237,5.111237,854137.6
1991-12-17,HAS,5.111237,5.1455407,4.871112,4.939719,1215615.6
1991-12-18,HAS,4.974023,4.9911747,4.871112,4.974023,803122.56
1991-12-19,HAS,4.974023,5.076934,4.974023,5.059782,222279.84
1991-12-20,HAS,5.196996,5.196996,5.0254784,5.0254784,1596042.1
1991-12-23,HAS,5.059782,5.1626925,5.059782,5.128389,1206141.4
1991-12-24,HAS,5.128389,5.2313,5.111237,5.1455407,2384589
1991-12-26,HAS,5.1626925,5.1798444,5.04263,5.1455407,1702445
1991-12-27,HAS,5.1626925,5.2827554,5.1455407,5.2827554,823528.56
1991-12-30,HAS,5.2484517,5.4371214,5.2484517,5.4199696,3146899.5
1991-12-31,HAS,5.488577,5.6086397,5.488577,5.557184,2458925.2
1992-01-02,HAS,5.5057287,5.5400324,5.351362,5.4371214,714939.44
1992-01-03,HAS,5.4371214,5.488577,5.351362,5.385666,905152.7
1992-01-06,HAS,5.368514,5.368514,5.111237,5.111237,2161580.2
1992-01-07,HAS,5.111237,5.351362,5.111237,5.2484517,2319727
1992-01-08,HAS,5.2484517,5.5400324,5.2313,5.5228806,1832168.9
1992-01-09,HAS,5.5400324,5.6257915,5.5400324,5.6086397,1622278.5
1992-01-10,HAS,5.574336,5.591488,5.5057287,5.574336,369494.7
1992-01-13,HAS,5.557184,5.574336,5.5228806,5.5400324,436543.03
1992-01-14,HAS,5.574336,5.728702,5.557184,5.728702,930660.2
1992-01-15,HAS,5.6943984,5.814461,5.6772466,5.7973094,1078603.9
1992-01-16,HAS,5.7973094,5.814461,5.6257915,5.6943984,597604.8
1992-01-17,HAS,5.6600947,5.71155,5.591488,5.6943984,730243.94
1992-01-20,HAS,5.6943984,5.6943984,5.574336,5.6086397,200416.25
1992-01-21,HAS,5.6086397,5.6086397,5.5057287,5.5400324,319208.44
1992-01-22,HAS,5.5400324,5.574336,5.4199696,5.4371214,1469233.2
1992-01-23,HAS,5.471425,5.557184,5.471425,5.488577,1126703.8
1992-01-24,HAS,5.454273,5.5057287,5.4371214,5.488577,545861
1992-01-27,HAS,5.471425,5.5057287,5.4199696,5.471425,638416.9
1992-01-28,HAS,5.488577,5.5057287,5.4199696,5.5057287,620197.2
1992-01-29,HAS,5.471425,5.5228806,5.385666,5.454273,581571.5
1992-01-30,HAS,5.428163,5.4796963,5.410985,5.4796963,342740.25
1992-01-31,HAS,5.462518,5.496874,5.428163,5.4453406,466446.94
1992-02-03,HAS,5.462518,5.462518,5.37663,5.3938074,891415.75
1992-02-04,HAS,5.462518,5.6342955,5.462518,5.6342955,1388425.5
1992-02-05,HAS,5.668651,5.7717175,5.5827627,5.5827627,2237635.5
1992-02-06,HAS,5.5999403,5.7030067,5.5655847,5.7030067,1499761.5
1992-02-07,HAS,5.737362,5.823251,5.7030067,5.737362,1297464.8
1992-02-10,HAS,5.806073,5.806073,5.6858287,5.7030067,1900716.8
1992-02-11,HAS,5.7201843,5.75454,5.6858287,5.737362,1870881.6
1992-02-12,HAS,5.7201843,5.7201843,5.5827627,5.668651,1405162.4
1992-02-13,HAS,5.617118,5.6514735,5.496874,5.548407,1544150.4
1992-02-14,HAS,5.5312295,5.548407,5.496874,5.496874,315815.88
1992-02-18,HAS,5.496874,5.496874,5.0158973,5.1533194,1546333.5
1992-02-19,HAS,5.1533194,5.1876745,5.0330753,5.084608,3783969
1992-02-20,HAS,5.084608,5.22203,5.084608,5.1876745,1946561
1992-02-21,HAS,5.170497,5.170497,5.0330753,5.050253,2306765.8
1992-02-24,HAS,5.0158973,5.0330753,4.9471865,4.9471865,2522888.5
1992-02-25,HAS,4.912831,4.981542,4.8956532,4.9471865,1635838.9
1992-02-26,HAS,4.964364,5.1361413,4.964364,5.101786,914701.75
1992-02-27,HAS,5.1189637,5.2048526,5.084608,5.1533194,499192.8
1992-02-28,HAS,5.1876745,5.342274,5.170497,5.342274,670199.1
1992-03-02,HAS,5.3250966,5.3250966,5.256386,5.290741,480272.97
1992-03-03,HAS,5.3250966,5.3594522,5.22203,5.2392077,474451.5
1992-03-04,HAS,5.22203,5.22203,5.084608,5.1361413,566867.7
1992-03-05,HAS,5.101786,5.101786,5.0330753,5.050253,706583.44
1992-03-06,HAS,5.084608,5.101786,4.981542,5.0158973,494826.72
1992-03-09,HAS,5.0158973,5.084608,4.9987197,5.084608,697851.2
1992-03-10,HAS,5.084608,5.3250966,5.084608,5.2048526,892143.44
1992-03-11,HAS,5.22203,5.2392077,5.1533194,5.1533194,359477.06
1992-03-12,HAS,5.1876745,5.1876745,5.1533194,5.1533194,322365.06
1992-03-13,HAS,5.1876745,5.22203,5.170497,5.170497,545037.06
1992-03-16,HAS,5.1533194,5.22203,5.1533194,5.22203,385673.75
1992-03-17,HAS,5.2048526,5.3852186,5.2048526,5.3336854,454561.4
1992-03-18,HAS,5.307919,5.410985,5.307919,5.3852186,744180.56
1992-03-19,HAS,5.3852186,5.488285,5.3852186,5.436752,397316.75
1992-03-20,HAS,5.3594522,5.3852186,5.307919,5.3852186,534121.75
1992-03-23,HAS,5.410985,5.410985,5.256386,5.3336854,700034.25
1992-03-24,HAS,5.3336854,5.3336854,5.101786,5.1275525,539943.25
1992-03-25,HAS,5.101786,5.1275525,5.050253,5.101786,1467500.8
1992-03-26,HAS,5.101786,5.1790857,4.9987197,5.050253,1327299.9
1992-03-27,HAS,4.9987197,4.9987197,4.8956532,4.9471865,701004.5
1992-03-30,HAS,4.92142,4.9987197,4.8956532,4.972953,196475.31
1992-03-31,HAS,4.92142,4.92142,4.8183537,4.8956532,479787.84
1992-04-01,HAS,4.84412,4.9987197,4.7668204,4.9987197,2297548.2
1992-04-02,HAS,4.9987197,5.1275525,4.8956532,4.92142,2071480.5
1992-04-03,HAS,4.9471865,4.9987197,4.8956532,4.9471865,1775069.5
1992-04-06,HAS,4.972953,5.1533194,4.972953,5.1533194,692757.4
1992-04-07,HAS,5.0760193,5.282152,5.024486,5.1533194,1325359.4
1992-04-08,HAS,5.0760193,5.1533194,5.024486,5.0760193,460868
1992-04-09,HAS,5.0760193,5.1790857,4.9987197,5.101786,888747.56
1992-04-10,HAS,5.101786,5.307919,5.101786,5.307919,1226879.1
1992-04-13,HAS,5.307919,5.3336854,5.256386,5.3336854,459897.75
1992-04-14,HAS,5.3336854,5.617118,5.3336854,5.5398183,1679015
1992-04-15,HAS,5.5655847,5.5913515,5.5140514,5.5913515,495796.97
1992-04-16,HAS,5.5398183,5.5655847,5.488285,5.5398183,794148.4
1992-04-20,HAS,5.5140514,5.5398183,5.3852186,5.436752,822285.56
1992-04-21,HAS,5.3852186,5.410985,5.2048526,5.230619,727686.3
1992-04-22,HAS,5.2048526,5.256386,5.101786,5.1275525,650066.44
1992-04-23,HAS,5.1275525,5.3336854,5.1275525,5.282152,1663976.1
1992-04-24,HAS,5.282152,5.307919,5.230619,5.307919,560318.5
1992-04-27,HAS,5.292429,5.318246,5.1891623,5.318246,223208
1992-04-28,HAS,5.318246,5.344063,5.2407956,5.2666125,1231275.4
1992-04-29,HAS,5.318246,5.3698792,5.318246,5.344063,533568.8
1992-04-30,HAS,5.3698792,5.395696,5.318246,5.318246,962554.25
1992-05-01,HAS,5.344063,5.3698792,5.1633453,5.2666125,2403964.8
1992-05-04,HAS,5.2666125,5.3698792,5.2666125,5.344063,702064.2
1992-05-05,HAS,5.3698792,5.3698792,5.318246,5.344063,537926.44
1992-05-06,HAS,5.344063,5.3698792,5.2666125,5.318246,464814.9
1992-05-07,HAS,5.318246,5.344063,5.292429,5.344063,622174.1
1992-05-08,HAS,5.344063,5.344063,5.2666125,5.292429,525821.9
1992-05-11,HAS,5.3698792,5.4473295,5.344063,5.395696,2236437.5
1992-05-12,HAS,5.395696,5.4473295,5.3698792,5.395696,934471.6
1992-05-13,HAS,5.395696,5.6280465,5.395696,5.60223,941734.4
1992-05-14,HAS,5.576413,5.67968,5.4731464,5.6538634,1021624.44
1992-05-15,HAS,5.576413,5.6538634,5.576413,5.6280465,866686.1
1992-05-18,HAS,5.67968,5.8345804,5.67968,5.8345804,1362488.8
1992-05-19,HAS,5.8087635,5.8345804,5.67968,5.67968,1132986.4
1992-05-20,HAS,5.67968,5.75713,5.67968,5.67968,1512585.2
1992-05-21,HAS,5.67968,5.705497,5.6538634,5.6538634,1080694.6
1992-05-22,HAS,5.6538634,5.705497,5.6280465,5.67968,491929.12
1992-05-26,HAS,5.67968,5.7313137,5.6538634,5.705497,353937.2
1992-05-27,HAS,5.705497,5.8087635,5.705497,5.782947,842477.06
1992-05-28,HAS,5.886214,5.989481,5.8603973,5.989481,1192056.6
1992-05-29,HAS,6.0411143,6.0927477,6.0152974,6.0927477,658487.8
1992-06-01,HAS,6.0411143,6.0927477,5.963664,5.963664,545189.2
1992-06-02,HAS,5.963664,5.963664,5.8345804,5.9120307,1284051.2
1992-06-03,HAS,6.0411143,6.0411143,5.937847,5.937847,642993.94
1992-06-04,HAS,5.937847,5.963664,5.886214,5.886214,1035665.75
1992-06-05,HAS,5.886214,5.937847,5.782947,5.8603973,1000804.6
1992-06-08,HAS,5.8087635,5.989481,5.8087635,5.886214,601838.5
1992-06-09,HAS,5.9120307,5.937847,5.782947,5.782947,655582.7
1992-06-10,HAS,5.8087635,5.8345804,5.75713,5.75713,616363.94
1992-06-11,HAS,5.782947,5.9120307,5.75713,5.9120307,851192.3
1992-06-12,HAS,5.989481,6.0927477,5.9120307,6.0927477,603775.2
1992-06-15,HAS,6.0927477,6.144381,5.963664,5.963664,1300997.6
1992-06-16,HAS,5.937847,5.989481,5.8603973,5.8603973,522916.78
1992-06-17,HAS,5.8345804,5.8345804,5.498963,5.498963,1432695.1
1992-06-18,HAS,5.4731464,5.6280465,5.4473295,5.60223,1379435.1
1992-06-19,HAS,5.60223,5.9120307,5.60223,5.886214,1134923.1
1992-06-22,HAS,5.9120307,5.9120307,5.782947,5.782947,737893.7
1992-06-23,HAS,5.8087635,5.9120307,5.8087635,5.8603973,876369.8
1992-06-24,HAS,5.8603973,5.886214,5.782947,5.8603973,738377.9
1992-06-25,HAS,5.8603973,5.8603973,5.75713,5.8087635,1214329
1992-06-26,HAS,5.782947,5.782947,5.67968,5.75713,1121366
1992-06-29,HAS,5.7313137,5.886214,5.7313137,5.8603973,581502.8
1992-06-30,HAS,5.8345804,5.989481,5.782947,5.8345804,1364909.6
1992-07-01,HAS,5.8345804,6.0411143,5.8345804,6.0152974,1127660.4
1992-07-02,HAS,6.0411143,6.0927477,5.989481,6.0411143,854097.44
1992-07-06,HAS,5.989481,6.0152974,5.8345804,5.886214,1143638.4
1992-07-07,HAS,5.937847,5.963664,5.576413,5.6538634,1315523
1992-07-08,HAS,5.6280465,5.705497,5.60223,5.705497,1929950.2
1992-07-09,HAS,5.705497,5.8603973,5.705497,5.8603973,906873.25
1992-07-10,HAS,5.886214,5.937847,5.7313137,5.75713,637183.75
1992-07-13,HAS,5.782947,5.782947,5.576413,5.576413,1223528.4
1992-07-14,HAS,5.576413,5.576413,5.4731464,5.550596,1694153.5
1992-07-15,HAS,5.550596,5.705497,5.498963,5.6538634,1256937
1992-07-16,HAS,5.705497,6.0927477,5.705497,6.066931,1703837.1
1992-07-17,HAS,6.0927477,6.0927477,5.886214,5.963664,1205129.5
1992-07-20,HAS,5.9120307,6.0411143,5.8087635,5.989481,848287.25
1992-07-21,HAS,5.989481,6.066931,5.886214,5.886214,556809.56
1992-07-22,HAS,5.886214,5.937847,5.8345804,5.886214,631857.75
1992-07-23,HAS,5.937847,5.989481,5.9120307,5.963664,819720.5
1992-07-24,HAS,5.9120307,6.1960144,5.9120307,6.170198,1379435.1
1992-07-27,HAS,6.144381,6.2476482,6.144381,6.2218313,919462
1992-07-28,HAS,6.1960144,6.2476482,6.1960144,6.2218313,574240.1
1992-07-29,HAS,6.2476482,6.4541817,6.2476482,6.4025483,2281950.8
1992-07-30,HAS,6.4025483,6.4541817,6.2476482,6.2734647,651709.25
1992-07-31,HAS,6.325098,6.376732,6.2734647,6.376732,526306.06
1992-08-03,HAS,6.387075,6.568085,6.3353577,6.516368,772470.2
1992-08-04,HAS,6.4905095,6.516368,6.412934,6.4646506,596029.9
1992-08-05,HAS,6.412934,6.438792,6.387075,6.412934,728480.94
1992-08-06,HAS,6.412934,6.438792,6.3612165,6.412934,1302757.9
1992-08-07,HAS,6.412934,6.516368,6.412934,6.4905095,960028.6
1992-08-10,HAS,6.4646506,6.4646506,6.3353577,6.3353577,545756.44
1992-08-11,HAS,6.3612165,6.3612165,6.283641,6.3612165,260068.19
1992-08-12,HAS,6.3612165,6.387075,6.2319236,6.3094993,430224.3
1992-08-13,HAS,6.3612165,6.4646506,6.3094993,6.3094993,489198.88
1992-08-14,HAS,6.3612165,6.387075,6.3353577,6.387075,342729.25
1992-08-17,HAS,6.387075,6.412934,6.3353577,6.3353577,265868.97
1992-08-18,HAS,6.387075,6.387075,6.1543474,6.1543474,686425.3
1992-08-19,HAS,6.1802063,6.387075,6.1802063,6.3353577,824193.75
1992-08-20,HAS,6.3612165,6.4646506,6.3612165,6.412934,891869.5
1992-08-21,HAS,6.4646506,6.516368,6.387075,6.412934,1113749.2
1992-08-24,HAS,6.3094993,6.3094993,6.1543474,6.1802063,1425541
1992-08-25,HAS,6.1802063,6.2319236,6.1543474,6.1543474,399770.25
1992-08-26,HAS,6.1543474,6.257782,6.128489,6.1802063,491132.47
1992-08-27,HAS,6.2319236,6.3094993,6.2319236,6.257782,1019003.2
1992-08-28,HAS,6.283641,6.283641,6.2319236,6.257782,138251.86
1992-08-31,HAS,6.257782,6.283641,6.1802063,6.1802063,718329.56
1992-09-01,HAS,6.1802063,6.3353577,6.1802063,6.257782,838695.75
1992-09-02,HAS,6.3094993,6.3353577,6.257782,6.3353577,387685.28
1992-09-03,HAS,6.283641,6.3612165,6.283641,6.3612165,848363.7
1992-09-04,HAS,6.3353577,6.516368,6.3094993,6.4905095,716879.4
1992-09-08,HAS,6.412934,6.516368,6.387075,6.4905095,319526.16
1992-09-09,HAS,6.4905095,6.6198025,6.4905095,6.6198025,958578.44
1992-09-10,HAS,6.6198025,6.8008127,6.593944,6.7749543,980814.75
1992-09-11,HAS,6.826671,6.8783884,6.8008127,6.826671,830477.94
1992-09-14,HAS,6.85253,6.955964,6.85253,6.955964,538988.9
1992-09-15,HAS,6.981823,7.0335402,6.9301057,7.0335402,772470.2
1992-09-16,HAS,7.0076814,7.111116,6.981823,7.0852575,794706.5
1992-09-17,HAS,7.0335402,7.0852575,6.9042473,6.9301057,1521253.9
1992-09-18,HAS,6.9301057,6.981823,6.8783884,6.955964,942626.3
1992-09-21,HAS,6.955964,6.981823,6.8783884,6.9301057,334994.88
1992-09-22,HAS,6.9301057,6.955964,6.85253,6.85253,521586.56
1992-09-23,HAS,6.8783884,6.8783884,6.7749543,6.826671,681107.94
1992-09-24,HAS,6.8783884,6.9301057,6.85253,6.9042473,504184.22
1992-09-25,HAS,6.9301057,6.955964,6.826671,6.826671,730414.56
1992-09-28,HAS,6.7749543,6.85253,6.7749543,6.85253,471313.16
1992-09-29,HAS,6.85253,6.8783884,6.826671,6.8783884,609081.6
1992-09-30,HAS,6.8783884,7.111116,6.8783884,7.0335402,1090546.1
1992-10-01,HAS,7.0335402,7.0593987,6.955964,7.0076814,858998.44
1992-10-02,HAS,6.981823,7.0076814,6.8783884,6.9042473,867216.2
1992-10-05,HAS,6.85253,6.85253,6.516368,6.645661,865766
1992-10-06,HAS,6.697378,6.7490954,6.645661,6.6715198,670956.56
1992-10-07,HAS,6.723237,6.9042473,6.697378,6.723237,704311.06
1992-10-08,HAS,6.697378,6.723237,6.593944,6.6198025,1109398.6
1992-10-09,HAS,6.568085,6.6198025,6.516368,6.542227,975014
1992-10-12,HAS,6.568085,6.6715198,6.568085,6.6198025,306474.4
1992-10-13,HAS,6.6198025,6.7749543,6.568085,6.7749543,983715.1
1992-10-14,HAS,6.7749543,6.7749543,6.645661,6.645661,725580.56
1992-10-15,HAS,6.645661,6.697378,6.542227,6.593944,1627601.4
1992-10-16,HAS,6.568085,6.7749543,6.516368,6.7749543,1180941.6
1992-10-19,HAS,6.7749543,7.0852575,6.7749543,6.9042473,1426507.9
1992-10-20,HAS,7.0335402,7.292126,7.0335402,7.1886916,2740384
1992-10-21,HAS,7.2145505,7.240409,7.0852575,7.240409,875917.4
1992-10-22,HAS,7.0335402,7.0593987,6.9301057,7.0593987,2007069
1992-10-23,HAS,7.0076814,7.0076814,6.7749543,6.7749543,1964529.9
1992-10-26,HAS,6.8008127,6.9301057,6.7490954,6.9301057,1075560.8
1992-10-27,HAS,6.981823,7.0593987,6.9042473,6.9301057,1093929.9
1992-10-28,HAS,6.955964,6.981823,6.8783884,6.955964,518686.16
1992-10-29,HAS,6.955964,7.162833,6.8783884,7.0335402,1455028.2
1992-10-30,HAS,7.0852575,7.111116,6.9301057,6.981823,1264569.5
1992-11-02,HAS,7.0180783,7.0439754,6.9403877,6.9921813,1271384.4
1992-11-03,HAS,6.9921813,7.0439754,6.9921813,6.9921813,683477.7
1992-11-04,HAS,6.9921813,7.0180783,6.9144907,6.9403877,405935.56
1992-11-05,HAS,6.9144907,7.0180783,6.7850056,6.7850056,1198499.4
1992-11-06,HAS,6.8109026,6.8109026,6.707315,6.707315,1226494.9
1992-11-09,HAS,6.707315,6.733212,6.681418,6.733212,1369368.8
1992-11-10,HAS,6.733212,6.8109026,6.707315,6.7850056,738020.75
1992-11-11,HAS,6.7850056,7.0439754,6.7850056,6.9921813,1492452.8
1992-11-12,HAS,6.9921813,7.0957694,6.9403877,7.0957694,1430186.8
1992-11-13,HAS,7.0439754,7.199357,6.9921813,7.199357,716782.75
1992-11-16,HAS,7.199357,7.199357,7.0439754,7.0957694,550257.44
1992-11-17,HAS,7.1216664,7.1216664,6.9662843,7.0180783,385180.22
1992-11-18,HAS,7.1216664,7.1216664,6.9403877,6.9403877,706646.44
1992-11-19,HAS,6.9662843,6.9921813,6.8885937,6.9403877,1355371
1992-11-20,HAS,6.9403877,6.9921813,6.8626966,6.9921813,775187.25
1992-11-23,HAS,7.0439754,7.1216664,6.9921813,7.0439754,535294.3
1992-11-24,HAS,7.0957694,7.251151,7.0957694,7.1216664,934955
1992-11-25,HAS,7.1475635,7.277048,7.1475635,7.251151,1699523.2
1992-11-27,HAS,7.302945,7.328842,7.225254,7.302945,526606.06
1992-11-30,HAS,7.328842,7.3806357,7.328842,7.354739,581149.1
1992-12-01,HAS,7.354739,7.3806357,7.302945,7.354739,984671.25
1992-12-02,HAS,7.3806357,7.3806357,7.302945,7.354739,415589.2
1992-12-03,HAS,7.354739,7.43243,7.354739,7.406533,530950.2
1992-12-04,HAS,7.3806357,7.3806357,7.277048,7.328842,418485.28
1992-12-07,HAS,7.354739,7.354739,7.302945,7.354739,746709
1992-12-08,HAS,7.328842,7.328842,7.0439754,7.0698724,1420533.1
1992-12-09,HAS,7.0698724,7.0698724,6.8885937,6.9403877,1552787.9
1992-12-10,HAS,6.9403877,6.9403877,6.8109026,6.8367996,1602021.5
1992-12-11,HAS,6.8109026,6.8109026,6.655521,6.681418,3554470
1992-12-14,HAS,6.681418,6.8367996,6.681418,6.8367996,2787005.8
1992-12-15,HAS,6.8367996,6.8626966,6.7850056,6.7850056,1886803.9
1992-12-16,HAS,6.7850056,6.8367996,6.7850056,6.8109026,933506.94
1992-12-17,HAS,6.8109026,6.8885937,6.8109026,6.8367996,1294553.1
1992-12-18,HAS,6.8885937,6.8885937,6.8109026,6.8885937,2149865.5
1992-12-21,HAS,6.8885937,6.8885937,6.7850056,6.8626966,1420533.1
1992-12-22,HAS,6.8109026,6.8885937,6.707315,6.7591085,1070588.6
1992-12-23,HAS,6.681418,6.7591085,6.681418,6.733212,1524792.4
1992-12-24,HAS,6.707315,6.8109026,6.707315,6.8109026,370699.75
1992-12-28,HAS,6.8109026,6.8885937,6.8109026,6.8885937,826351.56
1992-12-29,HAS,6.8885937,6.8885937,6.8367996,6.8885937,652103.4
1992-12-30,HAS,6.8367996,6.8885937,6.8367996,6.8885937,443584.75
1992-12-31,HAS,6.8626966,6.8885937,6.7591085,6.7591085,520331.2
1993-01-04,HAS,6.7591085,6.7850056,6.707315,6.733212,1159402.1
1993-01-05,HAS,6.681418,6.7850056,6.681418,6.7591085,932541.56
1993-01-06,HAS,6.707315,6.8109026,6.707315,6.8109026,1181122.8
1993-01-07,HAS,6.733212,6.7591085,6.707315,6.733212,1632430.5
1993-01-08,HAS,6.707315,6.733212,6.474242,6.474242,1546030.4
1993-01-11,HAS,6.500139,6.57783,6.474242,6.500139,1180157.5
1993-01-12,HAS,6.526036,6.57783,6.448345,6.500139,686373.75
1993-01-13,HAS,6.551933,6.7591085,6.526036,6.733212,1356819
1993-01-14,HAS,6.7850056,6.7850056,6.733212,6.7591085,655964.8
1993-01-15,HAS,6.8367996,6.8367996,6.7850056,6.7850056,780014.06
1993-01-18,HAS,6.8109026,6.9662843,6.7850056,6.9403877,723540.3
1993-01-19,HAS,6.9921813,7.1475635,6.9662843,7.1475635,1343304
1993-01-20,HAS,7.225254,7.225254,7.0698724,7.0957694,1187880.4
1993-01-21,HAS,7.1475635,7.17346,7.1216664,7.1216664,668514.56
1993-01-22,HAS,7.17346,7.17346,7.1475635,7.1475635,627003.9
1993-01-25,HAS,7.1475635,7.17346,7.0439754,7.1475635,534811.6
1993-01-26,HAS,7.1475635,7.199357,7.0957694,7.1475635,542534.56
1993-01-27,HAS,7.1475635,7.17346,7.0180783,7.0439754,1112099.2
1993-01-28,HAS,7.0698724,7.1216664,6.9662843,6.9921813,288643.8
1993-01-29,HAS,7.0180783,7.0698724,6.9921813,7.0439754,143839.23
1993-02-01,HAS,7.0543494,7.10622,7.0284142,7.0543494,341718.25
1993-02-02,HAS,7.0284142,7.0543494,6.976544,6.976544,512818.38
1993-02-03,HAS,7.0284142,7.10622,7.0284142,7.0284142,1251681.8
1993-02-04,HAS,7.0284142,7.0284142,6.743128,6.794998,2184297.8
1993-02-05,HAS,6.794998,6.9506087,6.794998,6.9246736,2631568
1993-02-08,HAS,7.0543494,7.0802846,6.794998,6.794998,1045879.56
1993-02-09,HAS,6.743128,6.898739,6.665323,6.743128,2235868.8
1993-02-10,HAS,6.743128,6.769063,6.561582,6.691258,3190173.8
1993-02-11,HAS,6.743128,6.743128,6.561582,6.5875173,2354434
1993-02-12,HAS,6.5875173,6.6134524,6.509712,6.5356474,1379886.2
1993-02-16,HAS,6.561582,6.5875173,6.016945,6.1206856,3746369.5
1993-02-17,HAS,6.1725554,6.250361,5.93914,6.04288,4438481.5
1993-02-18,HAS,6.068815,6.224426,6.04288,6.224426,2057057.2
1993-02-19,HAS,6.1984906,6.224426,6.016945,6.0947504,1432421.2
1993-02-22,HAS,6.068815,6.068815,5.93914,5.9910097,1706663.4
1993-02-23,HAS,5.9910097,6.016945,5.835399,6.016945,2618072.8
1993-02-24,HAS,6.016945,6.250361,6.016945,6.1984906,2324069.8
1993-02-25,HAS,6.1984906,6.224426,6.1206856,6.224426,1060820.8
1993-02-26,HAS,6.224426,6.3281665,6.1984906,6.3281665,1069978.2
1993-03-01,HAS,6.3281665,6.5356474,6.3022313,6.4059715,2418536.2
1993-03-02,HAS,6.4059715,6.509712,6.276296,6.483777,2126943.2
1993-03-03,HAS,6.509712,6.6134524,6.457842,6.6134524,1011659.56
1993-03-04,HAS,6.6134524,6.6134524,6.509712,6.5356474,1377958.4
1993-03-05,HAS,6.483777,6.5356474,6.457842,6.509712,1675817.2
1993-03-08,HAS,6.509712,6.6393876,6.483777,6.5875173,1405912.8
1993-03-09,HAS,6.5875173,6.5875173,6.457842,6.5356474,1277226.2
1993-03-10,HAS,6.5356474,6.6134524,6.509712,6.6134524,1283491.9
1993-03-11,HAS,6.6134524,6.665323,6.5875173,6.6393876,902733.9
1993-03-12,HAS,6.6134524,6.6393876,6.5356474,6.6393876,604393.06
1993-03-15,HAS,6.717193,6.769063,6.691258,6.691258,721512.3
1993-03-16,HAS,6.717193,6.717193,6.6134524,6.665323,524385.7
1993-03-17,HAS,6.717193,6.717193,6.6134524,6.6393876,612586.6
1993-03-18,HAS,6.6393876,6.6393876,6.5356474,6.6393876,1358197.5
1993-03-19,HAS,6.561582,6.561582,6.457842,6.457842,1027082.7
1993-03-22,HAS,6.4319067,6.4319067,6.224426,6.3281665,1646898.9
1993-03-23,HAS,6.3281665,6.3281665,6.1984906,6.1984906,2927017
1993-03-24,HAS,6.1984906,6.3541017,6.1984906,6.3541017,2074890.1
1993-03-25,HAS,6.3541017,6.4319067,6.3541017,6.4059715,1262285.1
1993-03-26,HAS,6.3800364,6.3800364,6.250361,6.3281665,1321567.6
1993-03-29,HAS,6.3281665,6.4059715,6.3022313,6.3800364,2655184.8
1993-03-30,HAS,6.3281665,6.3800364,6.1984906,6.3800364,1984761.4
1993-03-31,HAS,6.3800364,6.483777,6.3281665,6.4319067,2120677.5
1993-04-01,HAS,6.4319067,6.483777,6.4059715,6.4319067,1231920.9
1993-04-02,HAS,6.3800364,6.4059715,6.3281665,6.3800364,641986.94
1993-04-05,HAS,6.3800364,6.483777,6.3541017,6.4059715,383167.88
1993-04-06,HAS,6.4319067,6.457842,6.3541017,6.3800364,285327.53
1993-04-07,HAS,6.4059715,6.4319067,6.3022313,6.4059715,485345.97
1993-04-08,HAS,6.457842,6.561582,6.4319067,6.561582,839113.56
1993-04-12,HAS,6.5875173,6.769063,6.5875173,6.769063,3411881
1993-04-13,HAS,6.769063,6.794998,6.743128,6.769063,663675.7
1993-04-14,HAS,6.794998,6.8209333,6.743128,6.794998,1306144.5
1993-04-15,HAS,6.8728037,6.898739,6.665323,6.794998,3271627
1993-04-16,HAS,6.794998,6.8209333,6.743128,6.743128,1445916.5
1993-04-19,HAS,6.691258,6.717193,6.5875173,6.6134524,1322531.6
1993-04-20,HAS,6.561582,6.5875173,6.4059715,6.509712,2365037.5
1993-04-21,HAS,6.5356474,6.665323,6.509712,6.6134524,2190081.5
1993-04-22,HAS,6.5875173,6.5875173,6.509712,6.561582,738863.3
1993-04-23,HAS,6.561582,6.561582,6.483777,6.5356474,1686420.6
1993-04-26,HAS,6.561582,6.6393876,6.5356474,6.6134524,1402057
1993-04-27,HAS,6.6134524,6.6134524,6.509712,6.5875173,1291685.4
1993-04-28,HAS,6.6134524,6.691258,6.6134524,6.6393876,1686420.6
1993-04-29,HAS,6.6393876,6.691258,6.6134524,6.665323,1289757.5
1993-04-30,HAS,6.717193,6.8209333,6.665323,6.8209333,738381.4
1993-05-03,HAS,6.8074226,6.8074226,6.729475,6.8074226,587895.06
1993-05-04,HAS,6.833405,6.9113526,6.833405,6.8853703,1628017
1993-05-05,HAS,6.9113526,7.1451955,6.8853703,7.1451955,1330701.9
1993-05-06,HAS,7.0932302,7.0932302,7.0152826,7.0932302,660540
1993-05-07,HAS,7.067248,7.0932302,6.963318,6.9893003,428653.44
1993-05-10,HAS,6.9893003,7.067248,6.9893003,6.9893003,293947.53
1993-05-11,HAS,6.9893003,7.067248,6.937335,7.067248,886653.5
1993-05-12,HAS,7.0412655,7.1971607,7.0412655,7.171178,654766.9
1993-05-13,HAS,7.119213,7.1451955,7.0412655,7.067248,759645.06
1993-05-14,HAS,7.067248,7.119213,7.0152826,7.0932302,454632.4
1993-05-17,HAS,7.067248,7.2491255,7.067248,7.2491255,1744441.4
1993-05-18,HAS,7.1971607,7.3790383,7.1971607,7.327073,1130086.2
1993-05-19,HAS,7.327073,7.5349336,7.2751083,7.456986,2343401.5
1993-05-20,HAS,7.4829683,7.5868983,7.4829683,7.5349336,2251994
1993-05-21,HAS,7.5089507,7.5868983,7.5089507,7.560916,822668.2
1993-05-24,HAS,7.5349336,7.612881,7.5349336,7.5868983,790916.06
1993-05-25,HAS,7.5868983,7.612881,7.560916,7.612881,471470.66
1993-05-26,HAS,7.5868983,7.664846,7.5868983,7.664846,274703.8
1993-05-27,HAS,7.664846,7.664846,7.5089507,7.5349336,933319.44
1993-05-28,HAS,7.5349336,7.560916,7.456986,7.456986,290098.78
1993-06-01,HAS,7.4829683,7.5349336,7.456986,7.5089507,921292.1
1993-06-02,HAS,7.456986,7.4829683,7.4050207,7.4050207,802943.4
1993-06-03,HAS,7.4050207,7.4050207,7.3010907,7.3530555,378138.72
1993-06-04,HAS,7.327073,7.327073,7.3010907,7.327073,382468.53
1993-06-07,HAS,7.3530555,7.456986,7.327073,7.431003,725006.44
1993-06-08,HAS,7.431003,7.456986,7.4050207,7.431003,951601
1993-06-09,HAS,7.456986,7.4829683,7.431003,7.456986,330991.66
1993-06-10,HAS,7.4829683,7.560916,7.456986,7.5349336,1067063.1
1993-06-11,HAS,7.6388636,7.9766364,7.612881,7.924671,3458574
1993-06-14,HAS,7.924671,7.950654,7.716811,7.794759,2991433.2
1993-06-15,HAS,7.794759,7.8467236,7.768776,7.768776,982872
1993-06-16,HAS,7.768776,7.8727064,7.768776,7.8467236,971325.75
1993-06-17,HAS,7.8467236,7.8467236,7.768776,7.794759,1119502.2
1993-06-18,HAS,7.794759,7.820741,7.7427936,7.768776,2102855.2
1993-06-21,HAS,7.768776,7.768776,7.6388636,7.6908283,607619.8
1993-06-22,HAS,7.6388636,7.6908283,7.5349336,7.5868983,674010.6
1993-06-23,HAS,7.560916,7.5868983,7.5349336,7.5349336,316077.78
1993-06-24,HAS,7.5349336,7.5868983,7.4829683,7.560916,633117.75
1993-06-25,HAS,7.5868983,7.612881,7.5349336,7.612881,809678.7
1993-06-28,HAS,7.664846,7.820741,7.6388636,7.820741,1205136.8
1993-06-29,HAS,7.820741,7.8467236,7.768776,7.8467236,878956
1993-06-30,HAS,7.8467236,7.8727064,7.820741,7.8467236,655248
1993-07-01,HAS,7.8467236,7.8727064,7.716811,7.716811,531126.1
1993-07-02,HAS,7.716811,7.716811,7.456986,7.4829683,1411525.4
1993-07-06,HAS,7.4829683,7.5089507,7.431003,7.431003,1189260.6
1993-07-07,HAS,7.4050207,7.431003,7.327073,7.327073,810159.8
1993-07-08,HAS,7.327073,7.327073,7.1971607,7.2751083,741844.6
1993-07-09,HAS,7.2751083,7.3530555,7.2751083,7.3010907,595592.5
1993-07-12,HAS,7.327073,7.3530555,7.2751083,7.3010907,1733376.2
1993-07-13,HAS,7.3530555,7.3790383,7.3010907,7.3010907,293466.44
1993-07-14,HAS,7.327073,7.456986,7.3010907,7.3530555,585489.56
1993-07-15,HAS,7.3790383,7.3790383,7.067248,7.171178,13457601
1993-07-16,HAS,7.1971607,7.2491255,7.1971607,7.2491255,809678.7
1993-07-19,HAS,7.2491255,7.3530555,7.223143,7.327073,854420.3
1993-07-20,HAS,7.3010907,7.3790383,7.3010907,7.3530555,1464926.6
1993-07-21,HAS,7.3530555,7.4050207,7.327073,7.3530555,664869.9
1993-07-22,HAS,7.3530555,7.3530555,7.2751083,7.3530555,1191185
1993-07-23,HAS,7.3530555,7.456986,7.3530555,7.456986,463773.2
1993-07-26,HAS,7.431003,7.5089507,7.431003,7.5089507,622052.6
1993-07-27,HAS,7.5089507,7.5868983,7.5089507,7.560916,471951.75
1993-07-28,HAS,7.5868983,7.664846,7.560916,7.5868983,326661.8
1993-07-29,HAS,7.612881,7.664846,7.612881,7.612881,841911.9
1993-07-30,HAS,7.664846,7.7427936,7.6388636,7.7427936,1312420.4
1993-08-02,HAS,7.729261,7.8073344,7.729261,7.8073344,720956.7
1993-08-03,HAS,7.729261,7.8073344,7.729261,7.78131,587428.44
1993-08-04,HAS,7.78131,7.833359,7.7552853,7.78131,483679.8
1993-08-05,HAS,7.78131,7.8854074,7.78131,7.859383,1514921.6
1993-08-06,HAS,7.8854074,7.8854074,7.78131,7.8073344,569176.3
1993-08-09,HAS,7.8073344,7.8073344,7.677212,7.677212,768508.1
1993-08-10,HAS,7.5991387,7.6511874,7.5991387,7.6511874,1695040.8
1993-08-11,HAS,7.625163,7.6511874,7.5731144,7.5731144,1124423.5
1993-08-12,HAS,7.54709,7.54709,7.4690166,7.495041,624893.2
1993-08-13,HAS,7.495041,7.5731144,7.4690166,7.54709,993777.06
1993-08-16,HAS,7.54709,7.5731144,7.521065,7.5731144,488483
1993-08-17,HAS,7.5731144,7.5731144,7.495041,7.495041,733925.25
1993-08-18,HAS,7.521065,7.6511874,7.521065,7.625163,710389.7
1993-08-19,HAS,7.677212,7.8073344,7.6511874,7.7032366,2287752.8
1993-08-20,HAS,7.625163,7.677212,7.5991387,7.677212,1914065.6
1993-08-23,HAS,7.625163,7.6511874,7.625163,7.625163,434687.4
1993-08-24,HAS,7.625163,7.7032366,7.625163,7.7032366,999540.9
1993-08-25,HAS,7.7032366,7.729261,7.677212,7.7032366,744492.25
1993-08-26,HAS,7.729261,7.833359,7.677212,7.8073344,811256.44
1993-08-27,HAS,7.78131,7.833359,7.78131,7.8073344,961115.5
1993-08-30,HAS,7.8073344,7.9114323,7.8073344,7.8854074,321332.47
1993-08-31,HAS,7.9114323,7.9114323,7.78131,7.8854074,497609.03
1993-09-01,HAS,7.8854074,7.9895053,7.8854074,7.9895053,922690.06
1993-09-02,HAS,7.9895053,8.067579,7.963481,8.041554,621050.6
1993-09-03,HAS,8.041554,8.093603,7.9895053,8.067579,742571
1993-09-07,HAS,8.093603,8.171677,8.093603,8.145652,1189746.6
1993-09-08,HAS,8.145652,8.145652,7.8854074,7.9374566,1106171.4
1993-09-09,HAS,7.9114323,7.9895053,7.8854074,7.9374566,500971.25
1993-09-10,HAS,7.963481,8.041554,7.9374566,8.041554,712311
1993-09-13,HAS,8.067579,8.067579,7.9895053,8.01553,249284.83
1993-09-14,HAS,7.963481,8.041554,7.9114323,7.9114323,466868.7
1993-09-15,HAS,7.963481,8.093603,7.9114323,8.093603,596554.44
1993-09-16,HAS,8.093603,8.119628,8.041554,8.119628,272820.38
1993-09-17,HAS,8.041554,8.067579,7.9895053,8.067579,1334802.6
1993-09-20,HAS,8.067579,8.067579,7.963481,8.041554,909241.2
1993-09-21,HAS,8.041554,8.041554,7.9114323,7.9374566,719035.44
1993-09-22,HAS,7.963481,8.067579,7.9374566,8.041554,1384755.6
1993-09-23,HAS,8.067579,8.119628,8.041554,8.119628,791563.4
1993-09-24,HAS,8.093603,8.24975,8.093603,8.197701,505774.4
1993-09-27,HAS,8.24975,8.327824,8.24975,8.301799,1171014.2
1993-09-28,HAS,8.301799,8.301799,8.24975,8.275774,396742.34
1993-09-29,HAS,8.24975,8.301799,8.223725,8.24975,1004824.4
1993-09-30,HAS,8.275774,8.275774,8.197701,8.197701,227190.22
1993-10-01,HAS,8.275774,8.275774,8.223725,8.24975,275702.28
1993-10-04,HAS,8.275774,8.275774,8.223725,8.24975,248324.19
1993-10-05,HAS,8.24975,8.24975,8.197701,8.24975,307883.56
1993-10-06,HAS,8.223725,8.275774,8.223725,8.223725,242560.38
1993-10-07,HAS,8.275774,8.275774,8.24975,8.275774,155142.58
1993-10-08,HAS,8.275774,8.275774,8.223725,8.275774,257450.23
1993-10-11,HAS,8.197701,8.24975,8.197701,8.24975,215662.6
1993-10-12,HAS,8.24975,8.24975,8.171677,8.197701,2071609.8
1993-10-13,HAS,8.197701,8.327824,8.197701,8.327824,749295.44
1993-10-14,HAS,8.327824,8.3538475,8.24975,8.327824,1122982.5
1993-10-15,HAS,8.327824,8.327824,8.275774,8.275774,1242581.6
1993-10-18,HAS,8.301799,8.301799,8.093603,8.093603,1238739
1993-10-19,HAS,8.041554,8.067579,7.9114323,7.9114323,866492.94
1993-10-20,HAS,7.963481,7.963481,7.729261,7.7552853,1025478.06
1993-10-21,HAS,7.7552853,7.78131,7.6511874,7.729261,1661418.5
1993-10-22,HAS,7.78131,7.8073344,7.729261,7.8073344,809335.1
1993-10-25,HAS,7.8073344,7.8854074,7.8073344,7.8854074,486081.4
1993-10-26,HAS,7.9374566,7.963481,7.833359,7.8854074,1227211.5
1993-10-27,HAS,7.8854074,7.8854074,7.7032366,7.729261,644586.2
1993-10-28,HAS,7.7552853,7.7552853,7.677212,7.7032366,1205116.9
1993-10-29,HAS,7.7032366,7.729261,7.54709,7.5731144,2986614.8
1993-11-01,HAS,7.559559,7.6377616,7.5074244,7.6377616,945623.94
1993-11-02,HAS,7.611694,7.611694,7.5074244,7.559559,1164287.5
1993-11-03,HAS,7.5856266,7.5856266,7.377087,7.4292216,2415848.5
1993-11-04,HAS,7.377087,7.4031544,7.324952,7.324952,2982647.5
1993-11-05,HAS,7.3510194,7.4813566,7.324952,7.4813566,1001248.9
1993-11-08,HAS,7.4813566,7.559559,7.4813566,7.5074244,1243409.1
1993-11-09,HAS,7.4813566,7.4813566,7.4292216,7.4292216,1304308.9
1993-11-10,HAS,7.4031544,7.4552894,7.4031544,7.4031544,1634701.9
1993-11-11,HAS,7.4292216,7.689896,7.4292216,7.663829,1386787.2
1993-11-12,HAS,7.663829,7.689896,7.5334916,7.689896,1925294.1
1993-11-15,HAS,7.715964,7.768099,7.689896,7.742031,456508.1
1993-11-16,HAS,7.715964,7.715964,7.611694,7.663829,620026.25
1993-11-17,HAS,7.715964,7.715964,7.611694,7.6377616,839169.3
1993-11-18,HAS,7.663829,7.663829,7.5334916,7.611694,724083.25
1993-11-19,HAS,7.6377616,7.6377616,7.559559,7.6377616,628657.7
1993-11-22,HAS,7.5856266,7.715964,7.5334916,7.715964,428695.62
1993-11-23,HAS,7.663829,7.689896,7.611694,7.611694,182699.14
1993-11-24,HAS,7.663829,7.768099,7.663829,7.715964,553372.25
1993-11-26,HAS,7.768099,7.898436,7.768099,7.846301,222979.28
1993-11-29,HAS,7.898436,8.106976,7.898436,8.05484,1543112.5
1993-11-30,HAS,8.002706,8.080908,8.002706,8.028773,969600.2
1993-12-01,HAS,8.080908,8.106976,7.898436,7.9245033,1482692.2
1993-12-02,HAS,7.8723683,7.8723683,7.794166,7.794166,662224.5
1993-12-03,HAS,7.846301,7.846301,7.768099,7.846301,1231900.5
1993-12-06,HAS,7.794166,7.846301,7.768099,7.846301,633452.94
1993-12-07,HAS,7.846301,7.9245033,7.846301,7.9245033,568237.5
1993-12-08,HAS,7.9245033,8.05484,7.9245033,8.028773,1498037.1
1993-12-09,HAS,8.133043,8.133043,7.9505706,7.9505706,798889.2
1993-12-10,HAS,7.9505706,8.028773,7.9505706,7.9766383,324638.66
1993-12-13,HAS,8.028773,8.028773,7.9505706,7.9505706,610915.25
1993-12-14,HAS,8.002706,8.002706,7.898436,7.9245033,543302.2
1993-12-15,HAS,7.9245033,7.9245033,7.794166,7.8202333,529875.5
1993-12-16,HAS,7.846301,7.8723683,7.768099,7.794166,523162.12
1993-12-17,HAS,7.794166,7.846301,7.794166,7.846301,831496.94
1993-12-20,HAS,7.8202333,7.8202333,7.6377616,7.689896,1205047.1
1993-12-21,HAS,7.689896,7.689896,7.559559,7.559559,1397336.8
1993-12-22,HAS,7.5334916,7.5334916,7.4552894,7.5074244,2713154.2
1993-12-23,HAS,7.5074244,7.663829,7.5074244,7.559559,1273619.2
1993-12-27,HAS,7.559559,7.5856266,7.4813566,7.4813566,355328.25
1993-12-28,HAS,7.4552894,7.5856266,7.4292216,7.559559,358205.4
1993-12-29,HAS,7.559559,7.559559,7.4552894,7.5334916,802725.4
1993-12-30,HAS,7.5334916,7.5856266,7.5074244,7.5334916,370193.56
1993-12-31,HAS,7.5334916,7.611694,7.5334916,7.559559,1224707.6
1994-01-03,HAS,7.5074244,7.5074244,7.377087,7.377087,893835.2
1994-01-04,HAS,7.4292216,7.4292216,7.2988844,7.324952,1965094.8
1994-01-05,HAS,7.377087,7.5334916,7.324952,7.4813566,2270073
1994-01-06,HAS,7.5074244,7.5334916,7.324952,7.377087,2470514.5
1994-01-07,HAS,7.3510194,7.377087,7.2988844,7.3510194,1510504.8
1994-01-10,HAS,7.377087,7.377087,7.2988844,7.377087,688118.8
1994-01-11,HAS,7.377087,7.4031544,7.3510194,7.377087,869379.44
1994-01-12,HAS,7.324952,7.4292216,7.324952,7.4292216,1347945.6
1994-01-13,HAS,7.4292216,7.4552894,7.3510194,7.3510194,3133218.5
1994-01-14,HAS,7.324952,7.324952,7.168547,7.194615,3848190.8
1994-01-17,HAS,7.168547,7.194615,7.0642776,7.090345,1329723.8
1994-01-18,HAS,7.1164126,7.1164126,6.9860754,7.0121427,3406068.2
1994-01-19,HAS,7.0642776,7.24675,7.0642776,7.14248,2911198.2
1994-01-20,HAS,7.14248,7.272817,7.14248,7.24675,925963.4
1994-01-21,HAS,7.220682,7.2988844,7.220682,7.2988844,729358
1994-01-24,HAS,7.2988844,7.2988844,7.168547,7.194615,1223269.1
1994-01-25,HAS,7.194615,7.194615,7.090345,7.194615,909180
1994-01-26,HAS,7.194615,7.220682,7.168547,7.220682,381702.16
1994-01-27,HAS,7.24675,7.272817,7.194615,7.24675,2364539.2
1994-01-28,HAS,7.24675,7.272817,7.220682,7.24675,1879259.8
1994-01-31,HAS,7.259284,7.259284,7.024271,7.024271,2446143.5
1994-02-01,HAS,7.0503836,7.076496,6.972046,7.0503836,3963135.2
1994-02-02,HAS,7.1026087,7.259284,7.1026087,7.1809464,2280514.2
1994-02-03,HAS,7.154834,7.1809464,7.076496,7.154834,992339.6
1994-02-04,HAS,7.154834,7.154834,7.076496,7.1026087,1195307.2
1994-02-07,HAS,7.1026087,7.2331715,7.1026087,7.1026087,1537097.2
1994-02-08,HAS,7.1026087,7.154834,7.076496,7.1026087,3157487.8
1994-02-09,HAS,7.1026087,7.1026087,7.076496,7.076496,2302055.5
1994-02-10,HAS,7.128721,7.259284,7.076496,7.128721,2017709.4
1994-02-11,HAS,7.128721,7.207059,7.128721,7.207059,767351.9
1994-02-14,HAS,7.3376217,7.389847,7.2331715,7.259284,1549064.6
1994-02-15,HAS,7.2853966,7.3637342,7.259284,7.311509,1130683.1
1994-02-16,HAS,7.3637342,7.4159594,7.311509,7.3376217,2660121.2
1994-02-17,HAS,7.3376217,7.389847,7.2853966,7.2853966,1116800.9
1994-02-18,HAS,7.259284,7.259284,7.154834,7.207059,2662993.2
1994-02-22,HAS,7.154834,7.311509,7.154834,7.311509,2065100.4
1994-02-23,HAS,7.311509,7.311509,7.1809464,7.2331715,2540925.5
1994-02-24,HAS,7.1809464,7.207059,7.128721,7.207059,2755382
1994-02-25,HAS,7.1809464,7.311509,7.1026087,7.259284,2114885
1994-02-28,HAS,7.3637342,7.442072,7.2853966,7.3637342,1285302.4
1994-03-01,HAS,7.3376217,7.389847,7.311509,7.3376217,1216370
1994-03-02,HAS,7.2853966,7.311509,7.1809464,7.259284,833412.06
1994-03-03,HAS,7.2853966,7.311509,7.2331715,7.311509,1485876.6
1994-03-04,HAS,7.311509,7.389847,7.2853966,7.389847,449496.8
1994-03-07,HAS,7.389847,7.389847,7.3376217,7.3637342,235997.8
1994-03-08,HAS,7.389847,7.389847,7.3637342,7.3637342,528960.56
1994-03-09,HAS,7.389847,7.468184,7.3637342,7.4159594,962181.7
1994-03-10,HAS,7.442072,7.468184,7.389847,7.4159594,661559.75
1994-03-11,HAS,7.442072,7.572634,7.442072,7.5465217,1742458.4
1994-03-14,HAS,7.572634,7.572634,7.468184,7.5465217,725226.5
1994-03-15,HAS,7.4942966,7.520409,7.442072,7.468184,482048.22
1994-03-16,HAS,7.468184,7.5465217,7.442072,7.5465217,1066537.8
1994-03-17,HAS,7.5465217,7.572634,7.442072,7.442072,957394.7
1994-03-18,HAS,7.468184,7.520409,7.442072,7.520409,2059356
1994-03-21,HAS,7.520409,7.5465217,7.468184,7.5465217,572522
1994-03-22,HAS,7.5465217,7.650972,7.520409,7.6248593,741502.2
1994-03-23,HAS,7.6248593,7.650972,7.598747,7.598747,1209668.2
1994-03-24,HAS,7.598747,7.6248593,7.442072,7.5465217,831018.6
1994-03-25,HAS,7.5465217,7.5465217,7.468184,7.468184,1152224.5
1994-03-28,HAS,7.468184,7.520409,7.389847,7.442072,806605.06
1994-03-29,HAS,7.4159594,7.4159594,7.3376217,7.3376217,1001434.9
1994-03-30,HAS,7.311509,7.311509,7.154834,7.154834,1234081.8
1994-03-31,HAS,7.154834,7.259284,7.024271,7.259284,1938245.6
1994-04-04,HAS,7.128721,7.2331715,7.1026087,7.2331715,1424603.4
1994-04-05,HAS,7.2853966,7.4159594,7.2853966,7.4159594,835805.56
1994-04-06,HAS,7.4159594,7.4159594,7.311509,7.3637342,1263282.2
1994-04-07,HAS,7.3637342,7.468184,7.311509,7.4159594,737672.6
1994-04-08,HAS,7.468184,7.520409,7.442072,7.468184,1329342.5
1994-04-11,HAS,7.468184,7.520409,7.389847,7.4942966,491622.2
1994-04-12,HAS,7.4942966,7.5465217,7.4942966,7.520409,932023.75
1994-04-13,HAS,7.442072,7.468184,7.311509,7.4159594,1664909.4
1994-04-14,HAS,7.4159594,7.4159594,7.207059,7.2331715,1269505.4
1994-04-15,HAS,7.2331715,7.311509,7.207059,7.2853966,664431.94
1994-04-18,HAS,7.2853966,7.2853966,7.1809464,7.2331715,567735.06
1994-04-19,HAS,7.207059,7.2853966,7.154834,7.1809464,1116322.2
1994-04-20,HAS,7.1809464,7.207059,7.076496,7.128721,871229.2
1994-04-21,HAS,7.128721,7.128721,7.0503836,7.076496,965532.56
1994-04-22,HAS,7.1026087,7.154834,7.076496,7.076496,1108663.1
1994-04-25,HAS,7.128721,7.1809464,7.1026087,7.154834,642890.56
1994-04-26,HAS,7.076496,7.128721,7.0503836,7.128721,1473909.1
1994-04-28,HAS,7.128721,7.128721,7.024271,7.076496,977500
1994-04-29,HAS,7.076496,7.128721,7.076496,7.1026087,1342746.1
1994-05-02,HAS,7.117262,7.169595,7.064929,7.169595,1004627.94
1994-05-03,HAS,7.1434283,7.169595,7.064929,7.0910954,1116412.5
1994-05-04,HAS,7.064929,7.195761,7.064929,7.117262,834562.5
1994-05-05,HAS,7.1434283,7.169595,7.0910954,7.1434283,1473740.9
1994-05-06,HAS,7.064929,7.0910954,6.9864297,7.064929,921028.4
1994-05-09,HAS,7.064929,7.064929,7.012596,7.0387626,205416.08
1994-05-10,HAS,6.9864297,7.012596,6.881764,6.9864297,2700982.5
1994-05-11,HAS,7.012596,7.0387626,6.881764,6.9602633,1273579.6
1994-05-12,HAS,6.9602633,7.012596,6.9079304,6.9602633,1054787.6
1994-05-13,HAS,6.9602633,6.9602633,6.9079304,6.9602633,734243.06
1994-05-16,HAS,6.934097,6.9864297,6.803265,6.803265,1732660.8
1994-05-17,HAS,6.7770987,6.9864297,6.7770987,6.9864297,2131550
1994-05-18,HAS,7.012596,7.0910954,6.9602633,7.064929,808288.4
1994-05-19,HAS,7.0910954,7.2219276,7.0387626,7.195761,1025169.56
1994-05-20,HAS,7.169595,7.195761,7.0910954,7.117262,689338.1
1994-05-23,HAS,7.117262,7.1434283,6.9864297,6.9864297,2832831
1994-05-24,HAS,6.9864297,7.0387626,6.9602633,6.9602633,630101.9
1994-05-25,HAS,6.934097,6.9864297,6.881764,6.9864297,525005.25
1994-05-26,HAS,6.9602633,7.012596,6.9079304,6.9864297,349685.03
1994-05-27,HAS,6.934097,7.012596,6.934097,7.012596,347774.2
1994-05-31,HAS,6.9602633,7.012596,6.9079304,6.9079304,692682.1
1994-06-01,HAS,6.9079304,6.934097,6.881764,6.9079304,1016093
1994-06-02,HAS,6.9602633,6.9864297,6.855598,6.855598,1497626.5
1994-06-03,HAS,6.855598,6.881764,6.7770987,6.803265,1530588.6
1994-06-06,HAS,6.803265,6.855598,6.803265,6.803265,1934255.1
1994-06-07,HAS,6.803265,6.803265,6.672433,6.672433,1833935.6
1994-06-08,HAS,6.6985993,6.7770987,6.672433,6.750932,1199056.6
1994-06-09,HAS,6.724766,6.7770987,6.672433,6.724766,534081.8
1994-06-10,HAS,6.724766,6.750932,6.6201,6.672433,851282.44
1994-06-13,HAS,6.6201,6.6985993,6.5416007,6.567767,3316753
1994-06-14,HAS,6.6462665,6.6462665,6.4892683,6.5416007,2495566.5
1994-06-15,HAS,6.567767,6.6462665,6.5416007,6.5939336,3001941
1994-06-16,HAS,5.913607,6.1229386,5.913607,5.96594,19253218
1994-06-17,HAS,5.96594,6.0444393,5.96594,6.018273,13684055
1994-06-20,HAS,5.8874407,6.018273,5.8874407,5.96594,4866450
1994-06-21,HAS,5.96594,5.9921064,5.9397736,5.9921064,2750664.5
1994-06-22,HAS,5.9921064,6.096772,5.9921064,6.018273,3290001.2
1994-06-23,HAS,6.0444393,6.0444393,5.913607,5.9397736,3028692.8
1994-06-24,HAS,5.9921064,5.9921064,5.913607,5.913607,2562446.2
1994-06-27,HAS,5.913607,6.018273,5.8874407,5.9921064,1323261.8
1994-06-28,HAS,5.96594,5.9921064,5.913607,5.913607,1777087.9
1994-06-29,HAS,5.9397736,6.149105,5.9397736,6.149105,5478876.5
1994-06-30,HAS,6.1229386,6.2537704,6.0706058,6.2014375,1417370.9
1994-07-01,HAS,6.149105,6.2014375,6.096772,6.175271,1212910.2
1994-07-05,HAS,6.175271,6.2014375,6.0706058,6.1229386,1461320.4
1994-07-06,HAS,6.0706058,6.0706058,5.9397736,6.018273,1830113.9
1994-07-07,HAS,6.018273,6.149105,5.9921064,6.149105,2093333.1
1994-07-08,HAS,6.0706058,6.2014375,6.0706058,6.2014375,1233929.6
1994-07-11,HAS,6.2014375,6.2014375,6.149105,6.175271,706535.75
1994-07-12,HAS,6.175271,6.2537704,6.175271,6.227604,1907025.5
1994-07-13,HAS,6.279937,6.306103,6.2537704,6.2537704,1156062.6
1994-07-14,HAS,6.2537704,6.279937,6.2014375,6.2537704,834562.5
1994-07-15,HAS,6.279937,6.3322697,6.2014375,6.2014375,1841101.2
1994-07-18,HAS,6.2014375,6.2537704,6.2014375,6.2537704,844116.75
1994-07-19,HAS,6.2537704,6.2537704,6.2014375,6.2014375,582808.4
1994-07-20,HAS,6.2014375,6.227604,6.2014375,6.2014375,199683.53
1994-07-21,HAS,6.2014375,6.227604,6.2014375,6.2014375,335353.7
1994-07-22,HAS,6.2014375,6.2537704,6.149105,6.2537704,621503.06
1994-07-25,HAS,6.227604,6.2537704,6.2014375,6.227604,649210.4
1994-07-26,HAS,6.2014375,6.227604,6.2014375,6.2014375,548890.9
1994-07-27,HAS,6.175271,6.2537704,6.175271,6.2537704,1905114.8
1994-07-28,HAS,6.2014375,6.306103,6.2014375,6.2537704,1625175.6
1994-07-29,HAS,6.279937,6.3322697,6.279937,6.3322697,1154629.5
1994-08-01,HAS,6.2945027,6.425638,6.2945027,6.425638,896019.94
1994-08-02,HAS,6.399411,6.425638,6.399411,6.399411,706807.25
1994-08-03,HAS,6.399411,6.451865,6.3731837,6.425638,916037.44
1994-08-04,HAS,6.399411,6.399411,6.3469567,6.3731837,401779.16
1994-08-05,HAS,6.451865,6.451865,6.3469567,6.3469567,388434.2
1994-08-08,HAS,6.3469567,6.425638,6.3207297,6.425638,709666.9
1994-08-09,HAS,6.3731837,6.399411,6.3207297,6.3469567,809754.2
1994-08-10,HAS,6.3207297,6.425638,6.2420483,6.399411,1215346.2
1994-08-11,HAS,6.425638,6.425638,6.3469567,6.3469567,738263.25
1994-08-12,HAS,6.3469567,6.425638,6.3469567,6.425638,855508.44
1994-08-15,HAS,6.425638,6.451865,6.3731837,6.3731837,611485.94
1994-08-16,HAS,6.3731837,6.478092,6.3469567,6.425638,481849.03
1994-08-17,HAS,6.478092,6.5830007,6.478092,6.5567737,1330685
1994-08-18,HAS,6.5305467,6.5567737,6.5305467,6.5305467,175391.14
1994-08-19,HAS,6.5567737,6.5567737,6.478092,6.504319,756850.9
1994-08-22,HAS,6.451865,6.5305467,6.451865,6.504319,1201524.6
1994-08-23,HAS,6.504319,6.5305467,6.451865,6.451865,946540.25
1994-08-24,HAS,6.478092,6.661682,6.399411,6.661682,3005479.8
1994-08-25,HAS,6.687909,6.687909,6.6092277,6.6354547,1165302.5
1994-08-26,HAS,6.6354547,6.687909,6.6354547,6.661682,503296.3
1994-08-29,HAS,6.714136,6.740363,6.6354547,6.687909,612915.8
1994-08-30,HAS,6.661682,6.687909,6.6354547,6.6354547,298355.6
1994-08-31,HAS,6.6092277,6.6354547,6.5305467,6.5830007,353165.3
1994-09-01,HAS,6.5305467,6.5567737,6.504319,6.5567737,386051.16
1994-09-02,HAS,6.5567737,6.5567737,6.504319,6.504319,293589.53
1994-09-06,HAS,6.5305467,6.5567737,6.5305467,6.5567737,279291.34
1994-09-07,HAS,6.5567737,6.5830007,6.5305467,6.5830007,1752481.6
1994-09-08,HAS,6.6092277,6.6092277,6.5305467,6.5567737,513305.06
1994-09-09,HAS,6.504319,6.5567737,6.478092,6.5567737,633886.44
1994-09-12,HAS,6.5567737,6.6354547,6.504319,6.6092277,619111.7
1994-09-13,HAS,6.661682,6.687909,6.5305467,6.5830007,1147191.5
1994-09-14,HAS,6.6354547,6.6354547,6.5305467,6.5567737,1310190.9
1994-09-15,HAS,6.5305467,6.5305467,6.451865,6.451865,531416.1
1994-09-16,HAS,6.399411,6.399411,6.3469567,6.3731837,1278258.2
1994-09-19,HAS,6.399411,6.451865,6.3731837,6.3731837,607196.5
1994-09-20,HAS,6.3469567,6.3469567,6.3207297,6.3207297,528079.9
1994-09-21,HAS,6.3207297,6.3207297,6.2158213,6.2682757,1392167.1
1994-09-22,HAS,6.3207297,6.3207297,6.2682757,6.2682757,395106.7
1994-09-23,HAS,6.2682757,6.2945027,6.2682757,6.2682757,1137182.8
1994-09-26,HAS,6.2682757,6.3207297,6.2682757,6.2945027,456588.9
1994-09-27,HAS,6.3207297,6.3207297,6.2158213,6.2682757,706807.25
1994-09-28,HAS,6.2420483,6.2682757,6.1895943,6.2158213,305504.7
1994-09-29,HAS,6.1895943,6.2158213,6.1371403,6.1895943,316943.22
1994-09-30,HAS,6.1895943,6.2682757,6.1895943,6.2158213,435618.22
1994-10-03,HAS,6.2158213,6.2158213,6.084686,6.110913,721105.44
1994-10-04,HAS,6.110913,6.1371403,6.032232,6.032232,573357.44
1994-10-05,HAS,6.032232,6.110913,5.9273233,6.058459,822146
1994-10-06,HAS,6.006005,6.084686,5.9797773,6.032232,633409.9
1994-10-07,HAS,6.058459,6.084686,6.006005,6.006005,1079036.8
1994-10-10,HAS,6.006005,6.110913,6.006005,6.058459,423226.44
1994-10-11,HAS,6.084686,6.1633673,6.058459,6.084686,506155.97
1994-10-12,HAS,6.084686,6.110913,6.006005,6.084686,550003.75
1994-10-13,HAS,6.3731837,6.425638,6.2945027,6.3469567,1499880.2
1994-10-14,HAS,6.3469567,6.3469567,6.2682757,6.2945027,1095241.4
1994-10-17,HAS,6.3207297,6.399411,6.2945027,6.399411,937961.3
1994-10-18,HAS,6.3469567,6.399411,6.3207297,6.399411,1326872.1
1994-10-19,HAS,6.3469567,6.6354547,6.3469567,6.6354547,1929779.1
1994-10-20,HAS,6.6092277,6.6092277,6.504319,6.6092277,1066645
1994-10-21,HAS,6.6092277,6.6092277,6.5567737,6.6092277,420366.8
1994-10-24,HAS,6.6092277,6.6354547,6.451865,6.451865,728254.5
1994-10-25,HAS,6.425638,6.504319,6.399411,6.504319,970847.2
1994-10-26,HAS,6.5305467,6.6354547,6.5305467,6.6354547,1206290.8
1994-10-27,HAS,6.6092277,6.714136,6.5830007,6.714136,1252044.9
1994-10-28,HAS,6.76659,6.976407,6.76659,6.923953,1999840.2
1994-10-31,HAS,6.912389,6.9649544,6.886106,6.9386716,817548.44
1994-11-01,HAS,6.886106,7.043803,6.859823,6.9649544,991616.3
1994-11-02,HAS,6.9649544,6.991237,6.886106,6.886106,302003.06
1994-11-03,HAS,6.912389,6.9386716,6.859823,6.912389,152190.52
1994-11-04,HAS,6.912389,6.9386716,6.807257,6.807257,601152.56
1994-11-07,HAS,6.7809744,6.859823,6.7546916,6.859823,863681.2
1994-11-08,HAS,6.83354,6.886106,6.807257,6.807257,886509.75
1994-11-09,HAS,6.83354,6.83354,6.5969944,6.6232777,693893.6
1994-11-10,HAS,6.6495605,6.728409,6.6232777,6.728409,275369.72
1994-11-11,HAS,6.6232777,6.6495605,6.4655805,6.544429,771891.25
1994-11-14,HAS,6.544429,6.5707116,6.518146,6.5707116,899350.8
1994-11-15,HAS,6.5707116,6.6232777,6.518146,6.5707116,492241.2
1994-11-16,HAS,6.5707116,6.5969944,6.518146,6.518146,438974.53
1994-11-17,HAS,6.544429,6.544429,6.360449,6.360449,469412.62
1994-11-18,HAS,6.360449,6.4130144,6.2553177,6.3867316,1658876.6
1994-11-21,HAS,6.4130144,6.4918633,6.360449,6.4130144,935020.5
1994-11-22,HAS,6.4130144,6.518146,6.3867316,6.4392977,808512.1
1994-11-23,HAS,6.4392977,6.4392977,6.360449,6.4130144,362879.25
1994-11-25,HAS,6.3867316,6.4130144,6.360449,6.360449,455620.34
1994-11-28,HAS,6.3078833,6.360449,6.2816005,6.2816005,624456.7
1994-11-29,HAS,6.2553177,6.360449,6.229035,6.2553177,415194.75
1994-11-30,HAS,6.2553177,6.2816005,6.202752,6.202752,915996.7
1994-12-01,HAS,6.202752,6.229035,6.150186,6.176469,792817.44
1994-12-02,HAS,6.202752,6.229035,6.150186,6.229035,738599.56
1994-12-05,HAS,6.229035,6.2553177,6.176469,6.176469,478924.53
1994-12-06,HAS,6.176469,6.202752,6.150186,6.202752,377622.72
1994-12-07,HAS,6.176469,6.202752,6.150186,6.176469,836572.25
1994-12-08,HAS,6.176469,6.176469,5.9399233,6.018772,2433621.5
1994-12-09,HAS,5.966206,5.966206,5.861075,5.9136405,1481955.1
1994-12-12,HAS,5.861075,5.9136405,5.861075,5.8873577,1016347.25
1994-12-13,HAS,5.8873577,5.9399233,5.861075,5.9136405,888887.75
1994-12-14,HAS,5.8873577,5.966206,5.861075,5.9399233,946910.4
1994-12-15,HAS,5.992489,5.992489,5.861075,5.8873577,1005408.56
1994-12-16,HAS,5.9399233,5.9399233,5.8873577,5.8873577,1330240.2
1994-12-19,HAS,5.861075,5.992489,5.861075,5.9399233,543605.5
1994-12-20,HAS,5.9399233,5.992489,5.861075,5.9399233,1407286.6
1994-12-21,HAS,5.8873577,6.045055,5.8873577,5.992489,1401103.9
1994-12-22,HAS,6.045055,6.0713377,5.966206,6.018772,589262.6
1994-12-23,HAS,6.045055,6.176469,6.018772,6.0713377,579750.75
1994-12-27,HAS,6.018772,6.150186,6.018772,6.150186,464656.66
1994-12-28,HAS,6.1239033,6.1239033,5.992489,6.045055,349087
1994-12-29,HAS,6.018772,6.1239033,6.018772,6.1239033,795671.06
1994-12-30,HAS,6.0976205,6.176469,6.0713377,6.1239033,584982.3
1995-01-03,HAS,6.1239033,6.1239033,6.018772,6.0713377,458949.53
1995-01-04,HAS,6.0713377,6.1239033,5.992489,6.0976205,1961830.9
1995-01-05,HAS,6.045055,6.0713377,5.992489,6.045055,370964.38
1995-01-06,HAS,6.045055,6.045055,5.966206,6.018772,376671.53
1995-01-09,HAS,5.992489,6.018772,5.992489,5.992489,186433.38
1995-01-10,HAS,5.992489,6.045055,5.992489,6.018772,512216.2
1995-01-11,HAS,6.045055,6.045055,5.992489,6.018772,698649.56
1995-01-12,HAS,6.018772,6.018772,5.992489,5.992489,677723.4
1995-01-13,HAS,5.992489,6.045055,5.992489,6.018772,993994.3
1995-01-16,HAS,6.018772,6.0713377,5.992489,6.0713377,352891.75
1995-01-17,HAS,6.018772,6.150186,6.018772,6.150186,784732.3
1995-01-18,HAS,6.176469,6.2816005,6.176469,6.229035,765232.94
1995-01-19,HAS,6.229035,6.334166,6.229035,6.229035,525532.9
1995-01-20,HAS,6.2553177,6.2553177,6.1239033,6.150186,666784.7
1995-01-23,HAS,6.0976205,6.2553177,6.0976205,6.229035,229236.97
1995-01-24,HAS,6.229035,6.2553177,6.176469,6.202752,1062955.6
1995-01-25,HAS,6.202752,6.3078833,6.202752,6.2816005,424706.66
1995-01-26,HAS,6.2553177,6.360449,6.2553177,6.334166,835621.06
1995-01-27,HAS,6.3867316,6.4130144,6.229035,6.2553177,493192.38
1995-01-30,HAS,6.243726,6.243726,6.138346,6.243726,501047
1995-01-31,HAS,6.1910357,6.3754497,6.1910357,6.349105,1678697.2
1995-02-01,HAS,6.3754497,6.3754497,6.243726,6.243726,337352.66
1995-02-02,HAS,6.217381,6.243726,6.138346,6.138346,1034358.4
1995-02-03,HAS,6.164691,6.1910357,6.138346,6.1910357,265232.28
1995-02-06,HAS,6.1910357,6.1910357,6.138346,6.1910357,1087025.2
1995-02-07,HAS,6.217381,6.2700706,6.1910357,6.2700706,532362.44
1995-02-08,HAS,6.243726,6.2700706,6.217381,6.217381,743029.94
1995-02-09,HAS,6.2700706,6.4017944,6.2700706,6.3754497,889168.6
1995-02-10,HAS,6.4017944,6.5862083,6.4017944,6.5862083,661420
1995-02-13,HAS,6.5862083,6.7179327,6.533519,6.665243,806609.75
1995-02-14,HAS,6.665243,6.876002,6.665243,6.823312,1983785.5
1995-02-15,HAS,6.8496566,6.8496566,6.691588,6.691588,1321891
1995-02-16,HAS,6.691588,6.691588,6.612553,6.665243,331184.47
1995-02-17,HAS,6.691588,6.7442775,6.665243,6.691588,282787.88
1995-02-21,HAS,6.691588,6.691588,6.612553,6.612553,187418.16
1995-02-22,HAS,6.612553,6.6388984,6.5862083,6.612553,573167.4
1995-02-23,HAS,6.612553,6.6388984,6.5862083,6.612553,250997.97
1995-02-24,HAS,6.612553,6.6388984,6.5862083,6.6388984,214463.3
1995-02-27,HAS,6.612553,6.6388984,6.5862083,6.6388984,197856.62
1995-02-28,HAS,6.6388984,6.6388984,6.5862083,6.6388984,262859.88
1995-03-01,HAS,6.6388984,6.6388984,6.5862083,6.5862083,235814.73
1995-03-02,HAS,6.5598636,6.7442775,6.5598636,6.7442775,231069.97
1995-03-03,HAS,6.7442775,6.823312,6.691588,6.691588,1606576.9
1995-03-06,HAS,6.665243,6.691588,6.6388984,6.691588,279941.03
1995-03-07,HAS,6.6388984,6.665243,6.533519,6.533519,525245.3
1995-03-08,HAS,6.5598636,6.612553,6.5598636,6.5862083,273298.38
1995-03-09,HAS,6.5598636,6.612553,6.533519,6.5862083,218733.6
1995-03-10,HAS,6.612553,6.691588,6.612553,6.665243,229646.55
1995-03-13,HAS,6.691588,6.7179327,6.612553,6.6388984,1699099.8
1995-03-14,HAS,6.612553,6.612553,6.32276,6.4281397,2838317.5
1995-03-15,HAS,6.4281397,6.4808292,6.3754497,6.4544845,1153452
1995-03-16,HAS,6.665243,6.7442775,6.612553,6.691588,5805692.5
1995-03-17,HAS,6.691588,6.7442775,6.691588,6.7442775,3073183.2
1995-03-20,HAS,6.7179327,6.7442775,6.691588,6.7179327,1127355.8
1995-03-21,HAS,6.7179327,6.7442775,6.691588,6.7179327,1147283.8
1995-03-22,HAS,6.7442775,6.7706223,6.7179327,6.7442775,836976.25
1995-03-23,HAS,6.7706223,6.823312,6.7442775,6.7442775,824639.9
1995-03-24,HAS,6.7706223,6.9286914,6.7442775,6.9023466,1637892.2
1995-03-27,HAS,6.9286914,7.1131053,6.9286914,7.0604153,843618.94
1995-03-28,HAS,7.0077257,7.0867605,7.0077257,7.0867605,930922.56
1995-03-29,HAS,7.0867605,7.1131053,7.0604153,7.1131053,628206.6
1995-03-30,HAS,7.0867605,7.1131053,7.0604153,7.1131053,1186665.2
1995-03-31,HAS,7.0604153,7.13945,7.0077257,7.1131053,576014.25
1995-04-03,HAS,7.1131053,7.165795,7.0867605,7.1131053,495353.28
1995-04-04,HAS,7.1131053,7.2184844,7.0604153,7.2184844,541851.94
1995-04-05,HAS,7.1921396,7.2184844,7.165795,7.1921396,937565.25
1995-04-06,HAS,7.1921396,7.1921396,7.0867605,7.1131053,263808.84
1995-04-07,HAS,7.1131053,7.1131053,7.0604153,7.0867605,473527.38
1995-04-10,HAS,7.0867605,7.1131053,7.0867605,7.1131053,710291.06
1995-04-11,HAS,7.13945,7.13945,7.0340705,7.0867605,765804.8
1995-04-12,HAS,7.0604153,7.1131053,7.0340705,7.0604153,1741328.1
1995-04-13,HAS,7.0340705,7.0604153,6.955036,6.955036,656200.75
1995-04-17,HAS,6.981381,7.0077257,6.8496566,6.8496566,495353.28
1995-04-18,HAS,6.8496566,6.876002,6.665243,6.7179327,2195876.5
1995-04-19,HAS,6.7442775,6.7442775,6.7179327,6.7179327,1120238.6
1995-04-20,HAS,6.7442775,6.823312,6.7179327,6.7706223,2079155.2
1995-04-21,HAS,6.796967,6.796967,6.691588,6.7179327,1123560
1995-04-24,HAS,6.665243,6.7706223,6.665243,6.7179327,641492
1995-04-25,HAS,6.7442775,6.7706223,6.7179327,6.7442775,1526864.9
1995-04-26,HAS,6.7442775,6.796967,6.7179327,6.7179327,615870.25
1995-04-27,HAS,6.691588,6.7442775,6.691588,6.7442775,326439.72
1995-04-28,HAS,6.691588,6.7706223,6.691588,6.691588,594518.8
1995-05-01,HAS,6.6556683,6.761314,6.6556683,6.761314,752043.2
1995-05-02,HAS,6.7349024,6.7349024,6.68208,6.7084913,230487.75
1995-05-03,HAS,6.7349024,6.8141365,6.7349024,6.8141365,549952.25
1995-05-04,HAS,6.8141365,6.8141365,6.7084913,6.7349024,704715.1
1995-05-05,HAS,6.761314,6.761314,6.6556683,6.68208,177953.58
1995-05-08,HAS,6.6556683,6.761314,6.6556683,6.7084913,318517.97
1995-05-09,HAS,6.68208,6.840548,6.68208,6.7877254,1221537.8
1995-05-10,HAS,6.761314,6.8141365,6.629257,6.68208,1425995
1995-05-11,HAS,6.7084913,6.8669596,6.6556683,6.8669596,1123568.6
1995-05-12,HAS,6.840548,7.183896,6.840548,7.183896,1653643.1
1995-05-15,HAS,7.183896,7.26313,7.1310735,7.1574845,925263.94
1995-05-16,HAS,7.183896,7.2103076,7.0782504,7.183896,2165259.5
1995-05-17,HAS,7.183896,7.183896,7.0782504,7.1310735,672058.75
1995-05-18,HAS,7.1310735,7.1574845,6.9990163,6.9990163,995309.5
1995-05-19,HAS,7.025428,7.0518394,6.9461937,6.9461937,362533.1
1995-05-22,HAS,6.9726048,7.104662,6.9726048,7.0782504,390929.94
1995-05-23,HAS,7.104662,7.183896,7.104662,7.1310735,759142.4
1995-05-24,HAS,7.1310735,7.1574845,6.9990163,7.0782504,1321400
1995-05-25,HAS,7.0782504,7.1310735,7.025428,7.104662,363952.94
1995-05-26,HAS,7.104662,7.104662,7.025428,7.0782504,161388.75
1995-05-30,HAS,7.104662,7.183896,7.0518394,7.183896,316151.56
1995-05-31,HAS,7.1310735,7.44801,7.104662,7.44801,769554.56
1995-06-01,HAS,7.395187,7.395187,7.2103076,7.2103076,552791.94
1995-06-02,HAS,7.183896,7.26313,7.1310735,7.183896,707081.5
1995-06-05,HAS,7.2367187,7.368776,7.2103076,7.3423643,2011916.6
1995-06-06,HAS,7.368776,7.368776,7.2103076,7.2103076,214396.2
1995-06-07,HAS,7.2103076,7.2367187,7.104662,7.183896,305266.12
1995-06-08,HAS,7.183896,7.183896,7.1310735,7.1574845,135358.31
1995-06-09,HAS,7.1574845,7.1574845,6.9461937,6.9461937,676318.25
1995-06-12,HAS,6.9726048,6.9990163,6.8933706,6.8933706,939935.6
1995-06-13,HAS,6.9461937,7.025428,6.919782,6.919782,2168572.5
1995-06-14,HAS,6.8933706,6.8933706,6.761314,6.8141365,1370147.9
1995-06-15,HAS,6.8141365,6.8141365,6.68208,6.7084913,619997.8
1995-06-16,HAS,6.761314,6.840548,6.7349024,6.8141365,1975947.2
1995-06-19,HAS,6.840548,6.9461937,6.840548,6.919782,3409041.5
1995-06-20,HAS,6.9461937,6.9461937,6.7084913,6.7877254,1195034
1995-06-21,HAS,6.7877254,6.7877254,6.68208,6.7349024,1710910
1995-06-22,HAS,6.7877254,6.7877254,6.7349024,6.761314,561311
1995-06-23,HAS,6.6556683,6.761314,6.6556683,6.761314,891187.75
1995-06-26,HAS,6.7349024,6.761314,6.68208,6.7084913,577875.9
1995-06-27,HAS,6.7349024,6.761314,6.6556683,6.6556683,836287.2
1995-06-28,HAS,6.68208,6.68208,6.629257,6.68208,733111.94
1995-06-29,HAS,6.68208,6.68208,6.629257,6.68208,275922.7
1995-06-30,HAS,6.68208,6.7349024,6.6556683,6.7084913,444883.94
1995-07-03,HAS,6.68208,6.68208,6.629257,6.6556683,326090.47
1995-07-05,HAS,6.6556683,6.6556683,6.4972,6.4972,539540.1
1995-07-06,HAS,6.4972,6.550023,6.4707885,6.5236115,941828.75
1995-07-07,HAS,6.5236115,6.550023,6.5236115,6.550023,1624773
1995-07-10,HAS,6.576434,6.6028457,6.5236115,6.550023,853798.56
1995-07-11,HAS,6.550023,6.550023,6.4707885,6.4972,603433
1995-07-12,HAS,6.4443774,6.550023,6.338732,6.550023,3509377
1995-07-13,HAS,6.550023,6.629257,6.550023,6.6028457,1332758.8
1995-07-14,HAS,6.576434,6.6028457,6.5236115,6.576434,1038851.3
1995-07-17,HAS,6.550023,6.6556683,6.550023,6.629257,156655.94
1995-07-18,HAS,6.550023,6.6028457,6.4443774,6.4972,903493
1995-07-19,HAS,6.4443774,6.4707885,6.3651433,6.3915544,1806039.5
1995-07-20,HAS,6.3915544,6.4443774,6.3651433,6.3915544,1144393
1995-07-21,HAS,6.3915544,6.550023,6.3915544,6.4972,399449
1995-07-24,HAS,6.5236115,6.5236115,6.338732,6.338732,1142026.5
1995-07-25,HAS,6.338732,6.3651433,6.285909,6.31232,2470999
1995-07-26,HAS,6.338732,6.417966,6.285909,6.3915544,1849581.4
1995-07-27,HAS,6.4443774,6.4972,6.4443774,6.4972,1534849.6
1995-07-28,HAS,6.4443774,6.7084913,6.4443774,6.68208,2072969.9
1995-07-31,HAS,6.6556683,6.68208,6.5236115,6.6028457,677264.8
1995-08-01,HAS,6.550023,6.576434,6.4972,6.550023,654074.06
1995-08-02,HAS,6.5934496,6.646409,6.461051,6.461051,4075289
1995-08-03,HAS,6.461051,6.56697,6.4080915,6.54049,608484.56
1995-08-04,HAS,6.54049,6.56697,6.4875307,6.5140104,977635.06
1995-08-07,HAS,6.54049,6.54049,6.3286524,6.355132,853955.5
1995-08-08,HAS,6.355132,6.54049,6.355132,6.54049,2052986.4
1995-08-09,HAS,6.5140104,6.5934496,6.4345713,6.5934496,6971373.5
1995-08-10,HAS,6.6993685,6.8052874,6.6728888,6.752328,4647425
1995-08-11,HAS,6.6993685,6.6993685,6.5934496,6.6993685,1476601.9
1995-08-14,HAS,6.6993685,6.6993685,6.6199293,6.6728888,948839.44
1995-08-15,HAS,6.6728888,6.6728888,6.6199293,6.6728888,1640406.5
1995-08-16,HAS,6.6728888,6.752328,6.646409,6.6728888,2061011.4
1995-08-17,HAS,6.725848,6.9112062,6.725848,6.8847265,3678759
1995-08-18,HAS,6.8847265,7.017125,6.8847265,7.017125,1381245.9
1995-08-21,HAS,7.043605,7.0965643,6.9906454,7.043605,1520975.5
1995-08-22,HAS,6.9906454,7.017125,6.937686,6.9641657,2428745.8
1995-08-23,HAS,6.9641657,6.9906454,6.937686,6.9906454,1121141.1
1995-08-24,HAS,6.937686,6.937686,6.725848,6.8052874,1006430.7
1995-08-25,HAS,6.858247,6.9641657,6.858247,6.858247,647665.5
1995-08-28,HAS,6.858247,6.8847265,6.725848,6.7788076,619814
1995-08-29,HAS,6.7788076,6.831767,6.725848,6.7788076,483388.84
1995-08-30,HAS,6.831767,6.937686,6.831767,6.937686,472531.47
1995-08-31,HAS,6.937686,6.9641657,6.858247,6.8847265,88275.11
1995-09-01,HAS,6.8847265,6.937686,6.8052874,6.9112062,744909.75
1995-09-05,HAS,6.9112062,6.9112062,6.831767,6.831767,601403.7
1995-09-06,HAS,6.8052874,6.8052874,6.646409,6.6993685,1629549.1
1995-09-07,HAS,6.6993685,6.725848,6.6199293,6.646409,1168819.1
1995-09-08,HAS,6.6728888,6.7788076,6.646409,6.752328,856315.8
1995-09-11,HAS,6.725848,6.752328,6.6993685,6.725848,574968.4
1995-09-12,HAS,6.725848,6.7788076,6.6993685,6.752328,453177.03
1995-09-13,HAS,6.725848,6.8847265,6.725848,6.831767,1642766.8
1995-09-14,HAS,6.831767,6.9112062,6.831767,6.9112062,1305244.2
1995-09-15,HAS,6.937686,6.937686,6.7788076,6.831767,1249069.2
1995-09-18,HAS,6.7788076,6.831767,6.752328,6.831767,1023896.9
1995-09-19,HAS,6.8052874,6.831767,6.6993685,6.752328,2470759
1995-09-20,HAS,6.752328,6.8052874,6.725848,6.752328,897857
1995-09-21,HAS,6.6993685,6.752328,6.6728888,6.752328,804861.3
1995-09-22,HAS,6.752328,6.7788076,6.56697,6.56697,2052042.2
1995-09-25,HAS,6.6993685,6.752328,6.646409,6.646409,1243876.6
1995-09-26,HAS,6.56697,6.5934496,6.4345713,6.461051,1506341.6
1995-09-27,HAS,6.461051,6.54049,6.4345713,6.4875307,520681.53
1995-09-28,HAS,6.5140104,6.6199293,6.4345713,6.56697,1317517.9
1995-09-29,HAS,6.6199293,6.6728888,6.56697,6.5934496,871421.7
1995-10-02,HAS,6.5934496,6.5934496,6.461051,6.4875307,2057707
1995-10-03,HAS,6.4875307,6.4875307,6.4080915,6.4345713,916739.4
1995-10-04,HAS,6.4345713,6.4345713,6.355132,6.4080915,977635.06
1995-10-05,HAS,6.4080915,6.4345713,6.3286524,6.355132,892192.3
1995-10-06,HAS,6.355132,6.5140104,6.355132,6.5140104,442319.7
1995-10-09,HAS,6.4875307,6.5140104,6.4345713,6.4875307,215731.16
1995-10-10,HAS,6.461051,6.54049,6.381612,6.461051,1227826.5
1995-10-11,HAS,6.4875307,6.54049,6.4875307,6.5140104,688262.6
1995-10-12,HAS,6.54049,6.54049,6.4875307,6.5140104,370094.6
1995-10-13,HAS,6.54049,6.54049,6.4345713,6.5140104,403610.8
1995-10-16,HAS,6.5140104,6.5140104,6.4345713,6.461051,360181.34
1995-10-17,HAS,6.461051,6.461051,6.355132,6.381612,650025.8
1995-10-18,HAS,6.381612,6.4080915,6.196254,6.196254,6845333.5
1995-10-19,HAS,6.2227335,6.249213,6.169774,6.249213,724611.2
1995-10-20,HAS,6.249213,6.249213,6.196254,6.249213,634447.9
1995-10-23,HAS,6.249213,6.249213,6.1168146,6.1168146,1107923.5
1995-10-24,HAS,6.169774,6.249213,6.0373755,6.196254,4162148
1995-10-25,HAS,6.249213,6.3021727,6.169774,6.2227335,642944.94
1995-10-26,HAS,6.249213,6.3286524,6.249213,6.275693,964889.44
1995-10-27,HAS,6.249213,6.355132,6.249213,6.355132,700064.1
1995-10-30,HAS,6.355132,6.5140104,6.355132,6.5140104,675517
1995-10-31,HAS,6.5140104,6.56697,6.461051,6.461051,1604057.9
1995-11-01,HAS,6.4514933,6.58424,6.4514933,6.5311413,977895.75
1995-11-02,HAS,6.5311413,6.6904373,6.504592,6.5576906,2014644.1
1995-11-03,HAS,6.5311413,6.5576906,6.3983946,6.4514933,843240.9
1995-11-06,HAS,6.4780426,6.504592,6.4514933,6.4514933,433626.38
1995-11-07,HAS,6.4514933,6.4780426,6.3452954,6.4514933,655383.2
1995-11-08,HAS,6.4780426,6.58424,6.4514933,6.58424,580522.6
1995-11-09,HAS,6.58424,6.6373386,6.5311413,6.6107893,1240143.1
1995-11-10,HAS,6.58424,6.663888,6.5576906,6.58424,1088067.9
1995-11-13,HAS,6.5311413,6.5576906,6.4514933,6.504592,762730.44
1995-11-14,HAS,6.4780426,6.5576906,6.4514933,6.5311413,392664.9
1995-11-15,HAS,6.504592,6.6107893,6.504592,6.5576906,575814.4
1995-11-16,HAS,6.5576906,6.5576906,6.504592,6.5311413,1014148.94
1995-11-17,HAS,6.58424,6.58424,6.5311413,6.5576906,604063.7
1995-11-20,HAS,6.5311413,6.5576906,6.4780426,6.504592,1126204.4
1995-11-21,HAS,6.504592,6.58424,6.4780426,6.58424,664328.75
1995-11-22,HAS,6.6107893,6.663888,6.58424,6.58424,1006145
1995-11-24,HAS,6.6107893,6.6107893,6.5576906,6.58424,138421.45
1995-11-27,HAS,6.6107893,6.6107893,6.504592,6.5576906,656324.8
1995-11-28,HAS,6.5576906,6.5576906,6.4780426,6.5576906,432213.9
1995-11-29,HAS,6.5576906,6.6107893,6.5576906,6.6107893,587114.06
1995-11-30,HAS,6.58424,6.6107893,6.4780426,6.4780426,737306.06
1995-12-01,HAS,6.504592,6.58424,6.4780426,6.5576906,1427530
1995-12-04,HAS,6.5576906,6.6373386,6.5311413,6.6107893,1137504.1
1995-12-05,HAS,6.6373386,6.7700853,6.6107893,6.7700853,1706727
1995-12-06,HAS,6.8497334,6.9293814,6.7169867,6.7700853,1773112.8
1995-12-07,HAS,6.743536,6.743536,6.663888,6.6904373,185503.58
1995-12-08,HAS,6.7169867,6.7169867,6.5576906,6.6107893,457638.25
1995-12-11,HAS,6.6373386,6.6373386,6.504592,6.504592,735422.8
1995-12-12,HAS,6.4514933,6.6373386,6.424944,6.58424,1501449
1995-12-13,HAS,6.5576906,6.5576906,6.504592,6.5311413,1095601
1995-12-14,HAS,6.5576906,6.5576906,6.3718452,6.4780426,2156361.2
1995-12-15,HAS,6.4780426,6.4780426,6.424944,6.4514933,3227950.5
1995-12-18,HAS,6.4514933,6.4780426,6.3718452,6.4780426,2541022.2
1995-12-19,HAS,6.424944,6.424944,6.3718452,6.3983946,1448717
1995-12-20,HAS,6.424944,6.5576906,6.3983946,6.5311413,1024507
1995-12-21,HAS,6.5311413,6.5576906,6.424944,6.424944,977895.75
1995-12-22,HAS,6.424944,6.5311413,6.424944,6.504592,777796.7
1995-12-26,HAS,6.5311413,6.5576906,6.4780426,6.5311413,334753.9
1995-12-27,HAS,6.58424,6.58424,6.3718452,6.504592,1266509.1
1995-12-28,HAS,6.504592,6.504592,6.424944,6.4514933,407260.38
1995-12-29,HAS,6.4514933,6.6107893,6.4514933,6.58424,1022623.75
1996-01-02,HAS,6.58424,6.58424,6.424944,6.58424,1443067.1
1996-01-03,HAS,6.6107893,6.663888,6.58424,6.6107893,2033947.8
1996-01-04,HAS,6.6107893,6.7169867,6.6107893,6.663888,1940254.4
1996-01-05,HAS,6.7169867,6.7169867,6.6373386,6.663888,1397868.2
1996-01-08,HAS,6.6904373,6.6904373,6.663888,6.6904373,206219.7
1996-01-09,HAS,6.6904373,6.6904373,6.5576906,6.58424,1710964.4
1996-01-10,HAS,6.5311413,6.6107893,6.5311413,6.5576906,2292899.5
1996-01-11,HAS,6.5576906,6.58424,6.4780426,6.58424,1112079.8
1996-01-12,HAS,6.5576906,6.5576906,6.4514933,6.4780426,1130441.8
1996-01-15,HAS,6.4780426,6.4780426,6.3452954,6.3718452,1417642.8
1996-01-16,HAS,6.3983946,6.424944,6.2656474,6.3718452,1228372.6
1996-01-17,HAS,6.3452954,6.3718452,6.1859994,6.2125487,1211893.9
1996-01-18,HAS,6.1329007,6.3452954,6.1329007,6.318746,842770
1996-01-19,HAS,6.2656474,6.3983946,6.2656474,6.3718452,1331011.6
1996-01-22,HAS,6.3718452,6.4780426,6.2921968,6.4514933,1381860.4
1996-01-23,HAS,6.4514933,6.6107893,6.4514933,6.5311413,3220417.2
1996-01-24,HAS,6.5311413,9.929459,6.4780426,6.504592,2499119.2
1996-01-25,HAS,8.920583,9.079879,8.495793,8.601991,42004316
1996-01-26,HAS,8.867484,9.265724,8.761287,9.1329775,25665408
1996-01-29,HAS,9.159527,9.318823,9.159527,9.2922735,26115984
1996-01-30,HAS,9.239175,9.398472,9.239175,9.2922735,16312544
1996-01-31,HAS,9.043317,9.043317,8.484759,8.830533,23250346
1996-02-01,HAS,8.830533,8.830533,8.564553,8.670945,9720189
1996-02-02,HAS,7.0218697,7.394242,6.729292,7.367644,54987236
1996-02-05,HAS,7.314448,7.394242,7.2080555,7.394242,14891632
1996-02-06,HAS,7.367644,7.367644,7.2346535,7.314448,4145989.8
1996-02-07,HAS,7.341046,7.367644,7.261252,7.314448,2753497.2
1996-02-08,HAS,7.341046,7.7134175,7.28785,7.6070256,9602229
1996-02-09,HAS,7.6868196,7.7400155,7.4740357,7.5006337,5139486
1996-02-12,HAS,7.5272317,7.5804276,7.341046,7.394242,2641176.8
1996-02-13,HAS,7.447438,7.5804276,7.42084,7.5538297,4233872.5
1996-02-14,HAS,7.5538297,7.6336236,7.5272317,7.5538297,3453268.2
1996-02-15,HAS,7.5538297,7.5804276,7.5272317,7.5804276,4547806
1996-02-16,HAS,7.5538297,7.5538297,7.4740357,7.5272317,2847019.5
1996-02-20,HAS,7.42084,7.5804276,7.42084,7.5538297,4217423.5
1996-02-21,HAS,7.5538297,7.5538297,7.5006337,7.5272317,6635369.5
1996-02-22,HAS,7.5272317,7.5538297,7.5006337,7.5538297,4913905
1996-02-23,HAS,7.5272317,7.5272317,7.447438,7.4740357,2398677.2
1996-02-26,HAS,7.4740357,7.4740357,7.28785,7.314448,3719735.8
1996-02-27,HAS,7.28785,7.367644,7.2080555,7.367644,1650500.5
1996-02-28,HAS,7.367644,7.394242,7.314448,7.367644,758045.94
1996-02-29,HAS,7.314448,7.367644,7.28785,7.341046,3816077.5
1996-03-01,HAS,7.367644,7.42084,7.314448,7.42084,1008534.8
1996-03-04,HAS,7.394242,7.4740357,7.367644,7.42084,1023103.56
1996-03-05,HAS,7.42084,7.5804276,7.42084,7.5272317,4314235.5
1996-03-06,HAS,7.5006337,7.5538297,7.447438,7.5006337,6268800.5
1996-03-07,HAS,7.4740357,7.6336236,7.447438,7.6336236,2988477.5
1996-03-08,HAS,7.5006337,7.5538297,7.42084,7.447438,2526976.5
1996-03-11,HAS,7.42084,7.5272317,7.394242,7.5272317,2224792
1996-03-12,HAS,7.5006337,7.5272317,7.42084,7.42084,2569273
1996-03-13,HAS,7.42084,7.4740357,7.42084,7.4740357,4089594.5
1996-03-14,HAS,7.4740357,7.5538297,7.447438,7.5006337,3695767.8
1996-03-15,HAS,7.5272317,7.5272317,7.4740357,7.5006337,3665690.2
1996-03-18,HAS,7.5006337,7.6336236,7.4740357,7.6336236,2117641
1996-03-19,HAS,7.7134175,7.8464074,7.6602216,7.8464074,3973044.2
1996-03-20,HAS,7.8730054,8.005996,7.8730054,7.9527993,1486484.4
1996-03-21,HAS,7.9527993,7.9527993,7.8730054,7.8730054,2831980.8
1996-03-22,HAS,7.9262013,8.032594,7.8996034,8.032594,1602094.6
1996-03-25,HAS,8.08579,8.138986,7.9262013,7.9793973,1767990.6
1996-03-26,HAS,7.9527993,7.9793973,7.8730054,7.9527993,1144823.2
1996-03-27,HAS,7.9527993,8.005996,7.9262013,7.9262013,1123205.1
1996-03-28,HAS,7.8996034,7.9527993,7.8464074,7.9262013,1081848.6
1996-03-29,HAS,7.9262013,8.005996,7.8730054,7.8730054,959188.94
1996-04-01,HAS,7.8996034,7.9527993,7.8996034,7.9527993,959188.94
1996-04-02,HAS,7.9793973,7.9793973,7.8464074,7.8996034,1178660.4
1996-04-03,HAS,7.8730054,8.032594,7.8730054,8.005996,2592301
1996-04-04,HAS,8.005996,8.138986,7.9793973,8.112388,2466351.8
1996-04-08,HAS,8.032594,8.059192,7.9793973,8.032594,1055530.9
1996-04-09,HAS,8.005996,8.032594,7.9527993,8.032594,698361
1996-04-10,HAS,8.005996,8.032594,7.8198094,7.8198094,904673.56
1996-04-11,HAS,7.8198094,7.8464074,7.6868196,7.8198094,911723
1996-04-12,HAS,7.8198094,7.8198094,7.7134175,7.7932115,1075739.1
1996-04-15,HAS,7.7666135,7.7932115,7.5804276,7.6336236,1175840.6
1996-04-16,HAS,7.6070256,7.7932115,7.6070256,7.7932115,2786394.5
1996-04-17,HAS,7.7666135,7.7666135,7.6868196,7.7666135,1338916.9
1996-04-18,HAS,7.7932115,7.7932115,7.7134175,7.7400155,1094067.6
1996-04-19,HAS,7.7932115,7.7932115,7.6070256,7.6070256,3438699.5
1996-04-22,HAS,7.6070256,7.6602216,7.6070256,7.6602216,1066339.9
1996-04-23,HAS,7.6602216,7.8730054,7.6336236,7.8730054,3938267.2
1996-04-24,HAS,7.8198094,7.8464074,7.7400155,7.8198094,937100.8
1996-04-25,HAS,7.7932115,7.8464074,7.7134175,7.8464074,858617.44
1996-04-26,HAS,7.8730054,7.9793973,7.7932115,7.7932115,1927777.1
1996-04-29,HAS,7.7400155,7.8198094,7.7400155,7.7932115,763685.5
1996-04-30,HAS,7.7932115,7.8464074,7.7932115,7.8198094,1304139.9
1996-05-01,HAS,7.8678164,7.9744987,7.8678164,7.9478283,2662579.5
1996-05-02,HAS,7.9211574,7.9478283,7.8678164,7.9478283,1462286.2
1996-05-03,HAS,7.9744987,8.001169,7.894487,7.9211574,1459474.2
1996-05-06,HAS,7.9211574,7.9478283,7.8678164,7.9478283,1096246
1996-05-07,HAS,8.001169,8.001169,7.841146,7.8678164,1623512.8
1996-05-08,HAS,7.8678164,7.8678164,7.814475,7.8678164,2482137.2
1996-05-09,HAS,7.894487,8.134522,7.894487,8.134522,4077060.5
1996-05-10,HAS,8.107851,8.107851,8.02784,8.081181,2070634.9
1996-05-13,HAS,8.05451,8.134522,8.02784,8.05451,1478690.1
1996-05-14,HAS,8.02784,8.05451,7.9744987,8.05451,1065781.8
1996-05-15,HAS,8.05451,8.081181,8.001169,8.081181,1022194.4
1996-05-16,HAS,8.081181,8.107851,8.02784,8.081181,1635229.8
1996-05-17,HAS,8.02784,8.081181,7.9478283,7.9744987,1973617.8
1996-05-20,HAS,8.02784,8.05451,8.001169,8.05451,1301059.9
1996-05-21,HAS,8.001169,8.081181,7.9744987,8.05451,1101401.5
1996-05-22,HAS,8.081181,8.134522,8.05451,8.107851,1570083
1996-05-23,HAS,8.107851,8.134522,8.001169,8.081181,1448694.5
1996-05-24,HAS,8.081181,8.107851,8.001169,8.081181,381038.06
1996-05-28,HAS,8.107851,8.107851,8.05451,8.081181,606942.56
1996-05-29,HAS,8.081181,8.267875,8.081181,8.241204,2117034.2
1996-05-30,HAS,8.267875,8.267875,8.081181,8.161193,1329649.4
1996-05-31,HAS,8.134522,8.161193,8.02784,8.05451,643031
1996-06-03,HAS,8.05451,8.081181,8.02784,8.081181,972045.44
1996-06-04,HAS,8.081181,8.081181,8.001169,8.05451,995948.2
1996-06-05,HAS,8.05451,8.107851,8.02784,8.107851,1108900.4
1996-06-06,HAS,8.081181,8.187863,8.081181,8.134522,470556.22
1996-06-07,HAS,8.081181,8.081181,7.9744987,8.05451,1447288.5
1996-06-10,HAS,8.081181,8.081181,7.9744987,8.001169,807538.25
1996-06-11,HAS,8.001169,8.001169,7.9478283,7.9744987,733486.56
1996-06-12,HAS,7.9744987,8.001169,7.9211574,7.9478283,467744.12
1996-06-13,HAS,7.9211574,7.9478283,7.814475,7.894487,724112.94
1996-06-14,HAS,7.894487,8.02784,7.894487,7.9478283,747078.3
1996-06-17,HAS,7.9211574,8.001169,7.9211574,8.001169,574603.5
1996-06-18,HAS,8.001169,8.134522,8.001169,8.081181,804726.1
1996-06-19,HAS,8.081181,8.107851,8.001169,8.02784,609285.94
1996-06-20,HAS,8.02784,8.02784,7.9744987,8.001169,1530713.8
1996-06-21,HAS,8.001169,8.001169,7.894487,7.894487,1397608.2
1996-06-24,HAS,7.894487,7.894487,7.814475,7.8678164,860499.25
1996-06-25,HAS,7.8678164,7.8678164,7.6811223,7.7077928,1594454.5
1996-06-26,HAS,7.6811223,7.6811223,7.601111,7.601111,1064375.8
1996-06-27,HAS,7.5477695,7.654452,7.5477695,7.654452,985168.5
1996-06-28,HAS,7.654452,7.6811223,7.6277814,7.6277814,1194669.1
1996-07-01,HAS,7.654452,7.654452,7.57444,7.654452,543670.56
1996-07-02,HAS,7.654452,7.654452,7.521099,7.57444,1810048
1996-07-03,HAS,7.5477695,7.6277814,7.5477695,7.57444,2076259
1996-07-05,HAS,7.521099,7.521099,7.4677577,7.4677577,508519.44
1996-07-08,HAS,7.4410872,7.4677577,7.361076,7.3877463,847844.8
1996-07-09,HAS,7.3877463,7.414417,7.2543936,7.281064,1040004.25
1996-07-10,HAS,7.281064,7.3077345,7.09437,7.2277226,1252785.6
1996-07-11,HAS,7.1743817,7.1743817,7.0676994,7.1477113,624752.44
1996-07-12,HAS,7.1210403,7.2277226,7.0676994,7.2277226,426500.16
1996-07-15,HAS,7.2543936,7.2543936,6.9343467,7.041029,839877.25
1996-07-16,HAS,6.9876876,7.041029,6.800994,6.8276644,1237787.9
1996-07-17,HAS,6.8810053,7.0143585,6.8810053,6.9876876,857218.44
1996-07-18,HAS,6.9876876,7.2277226,6.9876876,7.2277226,1617888.5
1996-07-19,HAS,7.2543936,7.4944286,7.2543936,7.4677577,3355291
1996-07-22,HAS,7.4410872,7.4410872,7.361076,7.414417,1444945.1
1996-07-23,HAS,7.414417,7.4410872,7.3077345,7.3077345,1899097.5
1996-07-24,HAS,7.2543936,7.2543936,7.1477113,7.1477113,1059688.9
1996-07-25,HAS,7.1477113,7.2277226,7.1477113,7.1743817,1354958.2
1996-07-26,HAS,7.2277226,7.361076,7.201052,7.361076,688024.44
1996-07-29,HAS,7.334405,7.4677577,7.334405,7.4410872,920959.1
1996-07-30,HAS,7.4410872,7.6277814,7.4410872,7.6277814,1120148.8
1996-07-31,HAS,7.6224327,7.6759233,7.595687,7.6759233,1000640.2
1996-08-01,HAS,7.6759233,7.7561593,7.649178,7.729414,572061.5
1996-08-02,HAS,7.7829046,7.863141,7.7561593,7.863141,928197.8
1996-08-05,HAS,7.863141,7.8898864,7.8363953,7.863141,377168
1996-08-06,HAS,7.80965,7.8363953,7.7829046,7.80965,677687.2
1996-08-07,HAS,7.863141,7.863141,7.7561593,7.7829046,258455.88
1996-08-08,HAS,7.7561593,7.7561593,7.7026687,7.729414,573463.56
1996-08-09,HAS,7.7561593,7.8363953,7.7026687,7.7026687,1082897.4
1996-08-12,HAS,7.729414,7.80965,7.729414,7.7829046,284628.62
1996-08-13,HAS,7.729414,7.7829046,7.6759233,7.729414,218729.39
1996-08-14,HAS,7.7026687,7.729414,7.6759233,7.729414,500553.78
1996-08-15,HAS,7.7026687,7.8363953,7.7026687,7.80965,373896.4
1996-08-16,HAS,7.863141,7.8898864,7.8363953,7.8898864,496814.84
1996-08-19,HAS,7.863141,7.8898864,7.7561593,7.7829046,947827.4
1996-08-20,HAS,7.7829046,7.8363953,7.7829046,7.7829046,448208.3
1996-08-21,HAS,7.7829046,7.863141,7.7829046,7.863141,352864.72
1996-08-22,HAS,7.80965,7.8363953,7.7561593,7.7561593,1067006.9
1996-08-23,HAS,7.7561593,7.8363953,7.7561593,7.7829046,327626.72
1996-08-26,HAS,7.7561593,7.7829046,7.7026687,7.7829046,386982.75
1996-08-27,HAS,7.8363953,7.9166317,7.7561593,7.8898864,790790.9
1996-08-28,HAS,7.863141,7.8898864,7.80965,7.8898864,524389.7
1996-08-29,HAS,7.863141,7.9968677,7.863141,7.9701223,763216
1996-08-30,HAS,7.943377,7.9701223,7.8363953,7.863141,406612.3
1996-09-03,HAS,7.80965,7.8898864,7.7829046,7.8898864,524857.06
1996-09-04,HAS,7.9166317,7.9968677,7.8898864,7.9968677,1185718.9
1996-09-05,HAS,7.9701223,7.9701223,7.9166317,7.943377,1177306.2
1996-09-06,HAS,7.943377,7.9701223,7.9166317,7.9701223,412688.16
1996-09-09,HAS,7.9701223,7.9701223,7.9166317,7.9166317,557573
1996-09-10,HAS,7.943377,7.943377,7.863141,7.863141,991760.2
1996-09-11,HAS,7.863141,7.8898864,7.8363953,7.8898864,406612.3
1996-09-12,HAS,7.863141,7.863141,7.7829046,7.7829046,1284334.1
1996-09-13,HAS,7.8898864,7.9166317,7.863141,7.8898864,851081.7
1996-09-16,HAS,7.9701223,7.9701223,7.8363953,7.8363953,1430621.1
1996-09-17,HAS,7.8363953,7.943377,7.7829046,7.8898864,1412861
1996-09-18,HAS,7.943377,7.943377,7.863141,7.863141,1396035.6
1996-09-19,HAS,7.8898864,7.9166317,7.863141,7.9166317,859961.7
1996-09-20,HAS,7.9166317,7.943377,7.80965,7.8363953,1612428.2
1996-09-23,HAS,7.863141,7.9166317,7.8363953,7.9166317,631417.56
1996-09-24,HAS,7.8898864,7.943377,7.8898864,7.943377,1380145
1996-09-25,HAS,7.9968677,8.077104,7.9701223,8.077104,1119352.4
1996-09-26,HAS,8.077104,8.184086,7.9968677,8.023613,3264582.8
1996-09-27,HAS,8.077104,8.077104,8.023613,8.050359,578137.3
1996-09-30,HAS,8.023613,8.103849,7.9166317,7.943377,1071213.1
1996-10-01,HAS,7.9166317,8.103849,7.9166317,8.103849,1061398.4
1996-10-02,HAS,8.103849,8.317812,8.077104,8.210831,3723073.2
1996-10-03,HAS,8.2375765,8.371303,8.15734,8.344558,4887760.5
1996-10-04,HAS,8.451539,8.55852,8.451539,8.50503,4566677
1996-10-07,HAS,8.50503,8.531775,8.424794,8.478285,734706.44
1996-10-08,HAS,8.451539,8.531775,8.451539,8.478285,1289007.8
1996-10-09,HAS,8.478285,8.478285,8.130594,8.210831,1621775.6
1996-10-10,HAS,8.184086,8.344558,8.184086,8.264321,1220304.4
1996-10-11,HAS,8.317812,8.317812,8.210831,8.291067,492141.12
1996-10-14,HAS,8.317812,8.317812,8.2375765,8.264321,329028.8
1996-10-15,HAS,8.317812,8.344558,8.184086,8.2375765,1285268.9
1996-10-16,HAS,8.2375765,8.317812,8.210831,8.264321,330430.94
1996-10-17,HAS,8.291067,8.344558,8.264321,8.291067,2180283.2
1996-10-18,HAS,8.317812,8.371303,8.264321,8.371303,1777877.4
1996-10-21,HAS,8.398048,8.424794,8.291067,8.291067,1108602.8
1996-10-22,HAS,8.291067,8.291067,8.130594,8.2375765,1446044.2
1996-10-23,HAS,8.210831,8.317812,8.15734,8.317812,1345559.6
1996-10-24,HAS,8.317812,8.317812,8.264321,8.317812,1224043.4
1996-10-25,HAS,8.264321,8.317812,8.264321,8.317812,2872459
1996-10-28,HAS,8.291067,8.317812,8.210831,8.264321,1105331.2
1996-10-29,HAS,8.317812,8.371303,8.291067,8.344558,1497922.4
1996-10-30,HAS,8.366009,8.419637,8.312381,8.312381,732822.56
1996-10-31,HAS,8.285566,8.392823,8.285566,8.339194,516984.88
1996-11-01,HAS,8.339194,8.473266,8.339194,8.446451,747740.06
1996-11-04,HAS,8.419637,8.553708,8.419637,8.526894,456848.66
1996-11-05,HAS,8.553708,8.848663,8.526894,8.821849,2357898.5
1996-11-06,HAS,8.795035,8.902291,8.768221,8.875478,2598443.2
1996-11-07,HAS,8.875478,9.036362,8.875478,9.009548,3195143.8
1996-11-08,HAS,9.036362,9.089991,9.009548,9.063176,2737362.5
1996-11-11,HAS,9.063176,9.170433,9.063176,9.143619,1296424.6
1996-11-12,HAS,9.143619,9.304503,9.116804,9.250875,1422757.2
1996-11-13,HAS,9.277689,9.465388,9.250875,9.358131,941201.5
1996-11-14,HAS,9.331318,9.438574,9.331318,9.41176,3282784
1996-11-15,HAS,9.41176,9.41176,9.116804,9.250875,2239024.8
1996-11-18,HAS,9.197247,9.224061,9.036362,9.063176,1666099.1
1996-11-19,HAS,9.116804,9.116804,9.009548,9.063176,1156106.9
1996-11-20,HAS,9.009548,9.063176,8.95592,9.009548,1320199.4
1996-11-21,HAS,9.036362,9.063176,8.982734,9.036362,588309.2
1996-11-22,HAS,8.902291,8.929106,8.848663,8.875478,1780777.5
1996-11-25,HAS,8.875478,8.95592,8.875478,8.95592,1151911.2
1996-11-26,HAS,9.009548,9.009548,8.795035,8.848663,2062345.4
1996-11-27,HAS,8.875478,8.875478,8.714593,8.768221,1761198.2
1996-11-29,HAS,8.741406,8.848663,8.687778,8.821849,439134.12
1996-12-02,HAS,8.768221,8.875478,8.741406,8.848663,1116016
1996-12-03,HAS,8.848663,8.929106,8.848663,8.848663,1901982.2
1996-12-04,HAS,8.821849,8.95592,8.768221,8.768221,963577.75
1996-12-05,HAS,8.714593,8.768221,8.6341505,8.687778,811605.6
1996-12-06,HAS,8.553708,8.687778,8.553708,8.6341505,1654444.8
1996-12-09,HAS,8.687778,8.875478,8.687778,8.848663,1616684.9
1996-12-10,HAS,8.848663,8.875478,8.714593,8.741406,440066.47
1996-12-11,HAS,8.687778,8.741406,8.6341505,8.687778,910900.3
1996-12-12,HAS,8.660964,8.687778,8.419637,8.446451,1880538.2
1996-12-13,HAS,8.419637,8.419637,8.231938,8.366009,1653046.2
1996-12-16,HAS,8.392823,8.392823,8.151496,8.231938,1699197.4
1996-12-17,HAS,8.151496,8.151496,7.990611,8.044239,2551360
1996-12-18,HAS,7.990611,8.258753,7.990611,8.231938,3380214
1996-12-19,HAS,8.231938,8.258753,8.17831,8.231938,992480.44
1996-12-20,HAS,8.419637,8.419637,8.231938,8.231938,1516457.9
1996-12-23,HAS,8.285566,8.312381,8.17831,8.17831,1063804.8
1996-12-24,HAS,8.205124,8.205124,8.0710535,8.0710535,893651.94
1996-12-26,HAS,8.017426,8.17831,8.017426,8.17831,1387794.4
1996-12-27,HAS,8.231938,8.312381,8.205124,8.205124,935141.25
1996-12-30,HAS,8.231938,8.366009,8.231938,8.339194,1145851
1996-12-31,HAS,8.339194,8.473266,8.339194,8.339194,1145851
1997-01-02,HAS,8.392823,8.392823,8.205124,8.205124,795289.6
1997-01-03,HAS,8.258753,8.446451,8.205124,8.419637,1352831.5
1997-01-06,HAS,8.446451,8.446451,8.097868,8.097868,2015728.2
1997-01-07,HAS,8.044239,8.044239,7.802912,7.9369826,3186286.2
1997-01-08,HAS,8.017426,8.044239,7.8833547,8.017426,2167700.2
1997-01-09,HAS,8.0710535,8.097868,7.963797,7.990611,1128602.6
1997-01-10,HAS,7.9101686,8.0710535,7.776098,8.044239,2211054.2
1997-01-13,HAS,8.0710535,8.097868,8.017426,8.044239,1396651.6
1997-01-14,HAS,8.0710535,8.419637,8.044239,8.419637,2861364.5
1997-01-15,HAS,8.366009,8.392823,8.285566,8.392823,1320199.4
1997-01-16,HAS,8.392823,8.446451,8.392823,8.419637,959848.4
1997-01-17,HAS,8.419637,8.446451,8.366009,8.419637,499270.3
1997-01-20,HAS,8.446451,8.473266,8.312381,8.339194,1651181.6
1997-01-21,HAS,8.339194,8.553708,8.312381,8.500079,2517329.5
1997-01-22,HAS,8.473266,8.580522,8.473266,8.553708,2409643.8
1997-01-23,HAS,8.580522,8.660964,8.580522,8.607336,1793830.2
1997-01-24,HAS,8.553708,8.607336,8.500079,8.553708,1732761.8
1997-01-27,HAS,8.580522,8.580522,8.500079,8.500079,1614820.1
1997-01-28,HAS,8.500079,8.553708,8.473266,8.473266,2173760.5
1997-01-29,HAS,8.446451,8.500079,8.366009,8.473266,1962584.6
1997-01-30,HAS,8.500079,8.526894,8.446451,8.473266,979893.75
1997-01-31,HAS,8.521653,8.5754175,8.494771,8.494771,935563.75
1997-02-03,HAS,8.5754175,8.682946,8.494771,8.548535,2453297.5
1997-02-04,HAS,8.790475,8.871121,8.709828,8.817357,4178417.5
1997-02-05,HAS,8.871121,8.97865,8.817357,8.924886,4204457
1997-02-06,HAS,8.898004,8.898004,8.790475,8.871121,1939016.4
1997-02-07,HAS,8.871121,8.97865,8.871121,8.924886,920219.06
1997-02-10,HAS,8.924886,9.139943,8.924886,9.086179,2389128.5
1997-02-11,HAS,9.139943,9.22059,9.059297,9.22059,3227974
1997-02-12,HAS,9.193707,9.22059,9.086179,9.139943,1941806.4
1997-02-13,HAS,9.166825,9.193707,9.086179,9.113061,1839508.1
1997-02-14,HAS,9.113061,9.139943,9.059297,9.139943,1576322.6
1997-02-18,HAS,9.139943,9.139943,9.059297,9.086179,1447984.9
1997-02-19,HAS,9.086179,9.113061,9.005532,9.059297,982992.94
1997-02-20,HAS,9.113061,9.193707,9.059297,9.113061,905339.3
1997-02-21,HAS,9.086179,9.193707,9.059297,9.113061,686328.1
1997-02-24,HAS,9.113061,9.193707,9.113061,9.113061,791416.25
1997-02-25,HAS,9.113061,9.193707,9.113061,9.139943,1340571.8
1997-02-26,HAS,9.166825,9.193707,9.086179,9.139943,1251293.2
1997-02-27,HAS,9.139943,9.274354,9.139943,9.274354,1501459
1997-02-28,HAS,9.22059,9.247472,9.193707,9.193707,1496344
1997-03-03,HAS,9.139943,9.301236,9.139943,9.301236,953698.44
1997-03-04,HAS,9.328118,9.328118,9.193707,9.22059,540320.6
1997-03-05,HAS,9.22059,9.301236,9.193707,9.301236,831405.56
1997-03-06,HAS,9.301236,9.301236,9.193707,9.274354,655638.6
1997-03-07,HAS,9.247472,9.489412,9.247472,9.489412,1821838.4
1997-03-10,HAS,9.489412,9.489412,9.381883,9.435647,804436.06
1997-03-11,HAS,9.435647,9.570059,9.408765,9.543177,1067156.5
1997-03-12,HAS,9.5162945,9.543177,9.408765,9.5162945,1382421
1997-03-13,HAS,9.46253,9.46253,9.3550005,9.3550005,1064366.5
1997-03-14,HAS,9.3550005,9.46253,9.3550005,9.46253,1457284.8
1997-03-17,HAS,9.435647,9.46253,9.247472,9.274354,818385.8
1997-03-18,HAS,9.301236,9.3550005,9.193707,9.22059,789091.3
1997-03-19,HAS,9.166825,9.166825,8.97865,9.005532,1282447.8
1997-03-20,HAS,9.005532,9.086179,8.924886,8.951768,1236413.5
1997-03-21,HAS,9.005532,9.059297,8.951768,9.032414,827220.7
1997-03-24,HAS,9.113061,9.193707,8.992091,9.193707,796996.2
1997-03-25,HAS,9.234031,9.274354,8.951768,8.951768,538770.7
1997-03-26,HAS,8.951768,9.113061,8.911445,8.951768,763516.75
1997-03-27,HAS,8.992091,9.032414,8.871121,8.911445,586199.8
1997-03-31,HAS,8.830798,8.951768,8.790475,8.830798,965013.25
1997-04-01,HAS,8.790475,8.790475,8.629182,8.790475,594879.7
1997-04-02,HAS,8.790475,8.790475,8.588859,8.588859,1186039.4
1997-04-03,HAS,8.548535,8.588859,8.306596,8.346919,2209951.8
1997-04-04,HAS,8.225949,8.387242,8.225949,8.387242,1970635.9
1997-04-07,HAS,8.387242,8.508212,8.346919,8.387242,759176.8
1997-04-08,HAS,8.427566,8.467889,8.306596,8.467889,739957.2
1997-04-09,HAS,8.467889,8.467889,8.346919,8.387242,566670.2
1997-04-10,HAS,8.346919,8.387242,8.306596,8.346919,984852.94
1997-04-11,HAS,8.225949,8.266273,7.9840093,8.145303,1970015.9
1997-04-14,HAS,8.064656,8.306596,8.064656,8.266273,390283.22
1997-04-15,HAS,8.346919,8.387242,8.266273,8.306596,2669673.8
1997-04-16,HAS,8.346919,8.346919,8.145303,8.225949,1065451.5
1997-04-17,HAS,8.266273,8.306596,8.145303,8.185626,312474.6
1997-04-18,HAS,8.185626,8.225949,8.064656,8.1049795,530710.8
1997-04-21,HAS,8.185626,8.225949,7.7420697,7.822716,1838578.1
1997-04-22,HAS,7.8630395,7.9033628,7.3791604,7.5404534,3581678
1997-04-23,HAS,7.5807767,7.7420697,7.5404534,7.5807767,5781090
1997-04-24,HAS,7.5807767,7.8630395,7.5807767,7.7017465,4408743.5
1997-04-25,HAS,7.7017465,7.9033628,7.50013,7.782393,1971255.9
1997-04-28,HAS,7.7420697,7.8630395,7.7017465,7.7420697,1460694.6
1997-04-29,HAS,7.889337,7.9702535,7.7679625,7.9297953,1295165.9
1997-04-30,HAS,7.9297953,8.132086,7.9297953,8.091628,3019479
1997-05-01,HAS,8.132086,8.132086,8.051169,8.091628,1595476.2
1997-05-02,HAS,8.091628,8.091628,8.010712,8.051169,928119.8
1997-05-05,HAS,8.051169,8.051169,7.9702535,8.010712,2867470
1997-05-06,HAS,8.051169,8.051169,7.889337,7.9702535,3238532.5
1997-05-07,HAS,7.9702535,8.010712,7.848879,7.9297953,3943582.2
1997-05-08,HAS,7.9297953,8.051169,7.889337,8.051169,2455933.5
1997-05-09,HAS,8.132086,8.132086,7.9297953,7.9297953,1390325.9
1997-05-12,HAS,7.9297953,8.010712,7.889337,7.9702535,1828742
1997-05-13,HAS,7.9297953,8.25346,7.9297953,8.25346,3704137.2
1997-05-14,HAS,8.536667,8.738958,8.415293,8.6985,8870897
1997-05-15,HAS,8.738958,8.779416,8.658042,8.6985,1876322.1
1997-05-16,HAS,8.8603325,8.8603325,8.6985,8.738958,1072713.8
1997-05-19,HAS,8.6985,8.738958,8.617583,8.738958,900004.3
1997-05-20,HAS,8.6985,8.819875,8.577126,8.779416,1107935.2
1997-05-21,HAS,8.8603325,9.103082,8.8603325,9.062623,2159639.5
1997-05-22,HAS,9.183997,9.305372,9.022165,9.224456,2113604.5
1997-05-23,HAS,9.224456,9.224456,9.022165,9.062623,772712.25
1997-05-27,HAS,9.103082,9.143539,8.981707,9.062623,723587.44
1997-05-28,HAS,9.062623,9.143539,9.022165,9.143539,941096.2
1997-05-29,HAS,9.143539,9.224456,9.062623,9.143539,495882.9
1997-05-30,HAS,9.103082,9.5481205,9.062623,9.386289,1656341.6
1997-06-02,HAS,9.467204,9.467204,9.062623,9.103082,2819581
1997-06-03,HAS,9.062623,9.224456,9.062623,9.143539,744905.75
1997-06-04,HAS,9.062623,9.103082,8.981707,8.981707,530486.56
1997-06-05,HAS,9.022165,9.183997,8.981707,9.143539,991765.8
1997-06-06,HAS,9.062623,9.143539,9.022165,9.143539,648818.75
1997-06-09,HAS,9.143539,9.143539,9.103082,9.143539,1685075
1997-06-10,HAS,9.143539,9.143539,9.022165,9.062623,2060772
1997-06-11,HAS,9.062623,9.062623,9.022165,9.062623,2325860.8
1997-06-12,HAS,9.062623,9.305372,9.062623,9.305372,2125653.8
1997-06-13,HAS,9.305372,9.426746,9.143539,9.143539,2854802.5
1997-06-16,HAS,9.183997,9.305372,9.062623,9.305372,1295165.9
1997-06-17,HAS,9.305372,9.305372,9.062623,9.062623,1022353
1997-06-18,HAS,9.103082,9.143539,8.981707,8.981707,1075803.4
1997-06-19,HAS,9.022165,9.305372,9.022165,9.305372,2014427.8
1997-06-20,HAS,9.305372,9.305372,9.183997,9.224456,1132034.2
1997-06-23,HAS,9.264914,9.426746,9.264914,9.264914,1709792
1997-06-24,HAS,9.244685,9.34583,9.183997,9.325601,1234609.4
1997-06-25,HAS,9.325601,9.386289,9.244685,9.305372,2033892.4
1997-06-26,HAS,9.224456,9.34583,9.224456,9.34583,828634.25
1997-06-27,HAS,9.386289,9.406517,9.305372,9.34583,635533.44
1997-06-30,HAS,9.34583,9.426746,9.183997,9.183997,1562417.4
1997-07-01,HAS,9.224456,9.467204,9.143539,9.467204,1052013.2
1997-07-02,HAS,9.507663,9.5481205,9.446976,9.527892,2238424.8
1997-07-03,HAS,9.588579,9.669496,9.507663,9.527892,1342128
1997-07-07,HAS,9.608808,9.750411,9.588579,9.629037,940787.2
1997-07-08,HAS,9.629037,9.669496,9.527892,9.629037,1187956.2
1997-07-09,HAS,9.669496,9.689724,9.426746,9.467204,2317518.8
1997-07-10,HAS,9.507663,9.5481205,9.426746,9.527892,1821635.9
1997-07-11,HAS,9.56835,9.669496,9.507663,9.629037,684040.4
1997-07-14,HAS,9.588579,9.750411,9.588579,9.669496,3310211.5
1997-07-15,HAS,9.669496,9.79087,9.629037,9.669496,972610.25
1997-07-16,HAS,9.629037,9.689724,9.527892,9.5481205,1054485
1997-07-17,HAS,9.629037,9.649266,9.507663,9.527892,682804.5
1997-07-18,HAS,9.507663,9.507663,9.143539,9.224456,1514219.4
1997-07-21,HAS,9.183997,9.426746,9.183997,9.386289,1278173
1997-07-22,HAS,9.406517,9.56835,9.386289,9.5481205,1355104.4
1997-07-23,HAS,9.527892,9.629037,9.446976,9.588579,1492592.1
1997-07-24,HAS,9.588579,9.629037,9.467204,9.527892,1362210.5
1997-07-25,HAS,9.5481205,9.79087,9.386289,9.730183,1696197.6
1997-07-28,HAS,9.79087,9.932473,9.77064,9.892015,2402792.2
1997-07-29,HAS,9.892015,9.932473,9.79087,9.932473,1653870
1997-07-30,HAS,9.9178705,9.978717,9.816462,9.978717,1844621
1997-07-31,HAS,9.775897,9.978717,9.775897,9.958435,3481236.8
1997-08-01,HAS,9.958435,9.958435,9.735333,9.897589,2774019
1997-08-04,HAS,9.897589,10.059844,9.857025,9.958435,3072622
1997-08-05,HAS,9.958435,10.100409,9.938152,9.958435,3095425.5
1997-08-06,HAS,9.938152,9.958435,9.735333,9.775897,1056666.5
1997-08-07,HAS,9.69477,9.69477,9.370258,9.431104,2208245
1997-08-08,HAS,9.410822,9.49195,9.147157,9.49195,1293330.1
1997-08-11,HAS,9.49195,9.49195,9.126875,9.1674385,959597.4
1997-08-12,HAS,9.248567,9.248567,8.924055,9.025465,2571560.8
1997-08-13,HAS,9.005183,9.228285,9.005183,9.208003,1659111.1
1997-08-14,HAS,9.248567,9.370258,9.248567,9.28913,2124118.2
1997-08-15,HAS,9.248567,9.28913,9.187721,9.268848,1109977.4
1997-08-18,HAS,9.248567,9.309413,9.126875,9.268848,755906.3
1997-08-19,HAS,9.329695,9.410822,9.28913,9.329695,1048346.25
1997-08-20,HAS,9.309413,9.410822,9.268848,9.329695,839108.4
1997-08-21,HAS,9.329695,9.349977,9.06603,9.086311,2253852
1997-08-22,HAS,9.005183,9.005183,8.640108,8.822646,5662980
1997-08-25,HAS,8.842928,8.924055,8.782082,8.924055,2777100.5
1997-08-26,HAS,8.8834915,8.924055,8.741518,8.741518,2816852.8
1997-08-27,HAS,8.721236,8.782082,8.66039,8.7618,1461583.2
1997-08-28,HAS,8.741518,8.802364,8.700954,8.7618,567931.25
1997-08-29,HAS,8.7618,8.7618,8.700954,8.721236,336814.34
1997-09-02,HAS,8.721236,9.086311,8.721236,8.96462,1556495.2
1997-09-03,HAS,8.924055,9.005183,8.822646,8.842928,2520406.8
1997-09-04,HAS,8.802364,8.8834915,8.721236,8.822646,802746
1997-09-05,HAS,8.86321,8.924055,8.700954,8.924055,1392864.5
1997-09-08,HAS,8.924055,9.126875,8.924055,9.045747,1428302.4
1997-09-09,HAS,9.045747,9.187721,8.924055,9.025465,1111518.1
1997-09-10,HAS,9.06603,9.126875,8.8834915,8.8834915,2058789.2
1997-09-11,HAS,8.8834915,8.8834915,8.721236,8.842928,986406.9
1997-09-12,HAS,8.842928,8.944338,8.802364,8.86321,1836608.9
1997-09-15,HAS,8.802364,9.005183,8.802364,8.944338,1468362.6
1997-09-16,HAS,8.984901,9.1674385,8.802364,8.802364,1782681.6
1997-09-17,HAS,8.802364,8.8834915,8.66039,8.66039,1576217.2
1997-09-18,HAS,8.66039,8.7618,8.599545,8.700954,11710539
1997-09-19,HAS,8.741518,8.842928,8.640108,8.782082,3716359.8
1997-09-22,HAS,8.842928,8.903773,8.700954,8.741518,3239642.5
1997-09-23,HAS,8.721236,8.721236,8.579263,8.680673,3614052
1997-09-24,HAS,8.721236,8.924055,8.721236,8.842928,2070191
1997-09-25,HAS,8.842928,9.086311,8.842928,9.005183,1603643.1
1997-09-26,HAS,9.005183,9.106593,9.005183,9.086311,1721975
1997-09-29,HAS,9.086311,9.329695,9.086311,9.28913,1120146.5
1997-09-30,HAS,9.248567,9.248567,9.086311,9.126875,1565431.8
1997-10-01,HAS,9.147157,9.228285,9.086311,9.228285,1000582.06
1997-10-02,HAS,9.228285,9.228285,9.045747,9.086311,774703.8
1997-10-03,HAS,9.126875,9.228285,9.005183,9.106593,1825823.5
1997-10-06,HAS,9.126875,9.126875,8.741518,8.782082,1523830.8
1997-10-07,HAS,8.782082,8.782082,8.477853,8.538698,2189755.5
1997-10-08,HAS,8.558981,8.579263,8.396725,8.396725,4121892.8
1997-10-09,HAS,8.376443,8.842928,8.356161,8.7618,1833527.4
1997-10-10,HAS,8.721236,8.924055,8.700954,8.721236,1448640.8
1997-10-13,HAS,8.741518,8.802364,8.700954,8.700954,2319181
1997-10-14,HAS,8.721236,8.741518,8.66039,8.66039,773163.06
1997-10-15,HAS,8.924055,9.208003,8.924055,9.086311,3590632
1997-10-16,HAS,9.06603,9.228285,9.06603,9.147157,2582038
1997-10-17,HAS,9.06603,9.126875,8.822646,8.8834915,1251421
1997-10-20,HAS,8.842928,9.228285,8.842928,9.208003,2231048.5
1997-10-21,HAS,9.410822,9.532514,9.28913,9.410822,1962952.9
1997-10-22,HAS,9.410822,9.49195,9.329695,9.410822,1419057.8
1997-10-23,HAS,9.370258,9.370258,9.086311,9.28913,1150962.1
1997-10-24,HAS,9.329695,9.451386,9.309413,9.431104,2244607.2
1997-10-27,HAS,9.370258,9.370258,8.842928,8.86321,1739848
1997-10-28,HAS,8.680673,9.370258,8.396725,9.370258,3515750.2
1997-10-29,HAS,9.431104,9.816462,9.309413,9.532514,2279737
1997-10-30,HAS,9.436522,9.456859,9.273823,9.29416,1456066.2
1997-10-31,HAS,9.334834,9.517871,9.314497,9.436522,1433939.5
1997-11-03,HAS,9.436522,9.680569,9.436522,9.517871,2235114
1997-11-04,HAS,9.578882,9.660232,9.497533,9.6398945,2268918.8
1997-11-05,HAS,9.660232,9.965292,9.6398945,9.883943,2332840.5
1997-11-06,HAS,9.883943,10.005966,9.680569,9.843267,2151216.5
1997-11-07,HAS,9.721244,9.843267,9.558545,9.741581,2802727.8
1997-11-10,HAS,9.802593,9.883943,9.517871,9.721244,1514456.4
1997-11-11,HAS,9.721244,9.782256,9.497533,9.517871,808242.75
1997-11-12,HAS,9.477196,9.59922,9.314497,9.395846,838667.1
1997-11-13,HAS,9.477196,9.538208,9.29416,9.334834,770750.1
1997-11-14,HAS,9.314497,9.59922,9.29416,9.436522,1586983.1
1997-11-17,HAS,9.761918,10.127991,9.721244,10.046641,3374644
1997-11-18,HAS,9.965292,9.965292,9.151798,9.233148,8497920
1997-11-19,HAS,9.314497,9.355172,8.948425,9.111124,3426887.8
1997-11-20,HAS,9.273823,9.558545,9.273823,9.436522,7519731
1997-11-21,HAS,9.558545,9.59922,9.436522,9.436522,1804870.6
1997-11-24,HAS,9.395846,9.395846,9.2128105,9.273823,1500012.5
1997-11-25,HAS,9.314497,9.355172,9.233148,9.273823,659194.2
1997-11-26,HAS,9.233148,9.619557,9.233148,9.578882,589740.6
1997-11-28,HAS,9.6398945,9.6398945,9.456859,9.456859,270131.3
1997-12-01,HAS,9.477196,9.477196,9.192473,9.395846,2381704
1997-12-02,HAS,9.395846,9.82293,9.395846,9.700907,1191159.2
1997-12-03,HAS,9.700907,9.700907,9.497533,9.619557,1243403.1
1997-12-04,HAS,9.761918,9.761918,9.517871,9.578882,1563627.1
1997-12-05,HAS,9.497533,9.883943,9.497533,9.680569,1788890.1
1997-12-08,HAS,9.761918,9.802593,9.700907,9.761918,1912124.1
1997-12-09,HAS,10.087316,10.20934,9.843267,10.168665,4913071
1997-12-10,HAS,10.331364,11.104182,10.270351,10.961821,9531118
1997-12-11,HAS,10.81946,10.860134,10.534737,10.616086,4630340
1997-12-12,HAS,10.656761,10.961821,10.575412,10.9414835,1889075.4
1997-12-15,HAS,11.002496,11.022833,10.697435,11.022833,2515386.8
1997-12-16,HAS,10.982159,11.449917,10.921146,11.409243,3213302.8
1997-12-17,HAS,11.388905,11.877001,11.226206,11.673628,9757918
1997-12-18,HAS,11.632953,11.632953,11.04317,11.144857,6351927.5
1997-12-19,HAS,10.738111,11.063508,10.697435,10.778785,2720367
1997-12-22,HAS,10.900809,10.982159,10.534737,10.595749,1636768.4
1997-12-23,HAS,10.595749,10.595749,10.148328,10.148328,2859581.2
1997-12-24,HAS,10.107653,10.107653,9.761918,9.883943,2166889.8
1997-12-26,HAS,9.843267,10.046641,9.761918,9.965292,1182247.1
1997-12-29,HAS,9.965292,9.985629,9.802593,9.924617,2223436
1997-12-30,HAS,10.005966,10.351701,9.985629,10.087316,2146606.8
1997-12-31,HAS,10.20934,10.43305,10.168665,10.250014,1579914.9
1998-01-02,HAS,10.250014,10.372039,10.168665,10.168665,944998.7
1998-01-05,HAS,10.168665,10.311027,10.087316,10.311027,1653978.1
1998-01-06,HAS,10.392376,11.063508,10.351701,10.738111,1904748.5
1998-01-07,HAS,10.758448,10.900809,10.127991,10.453387,2550420.8
1998-01-08,HAS,10.534737,10.575412,10.290689,10.412713,1888460.8
1998-01-09,HAS,10.372039,10.372039,9.965292,10.005966,1200686.1
1998-01-12,HAS,9.721244,10.20934,9.721244,10.20934,2054719.1
1998-01-13,HAS,10.331364,10.656761,10.331364,10.656761,1397061.5
1998-01-14,HAS,10.616086,10.697435,10.575412,10.677098,1957607
1998-01-15,HAS,10.738111,10.982159,10.656761,10.656761,1056247.2
1998-01-16,HAS,10.81946,10.982159,10.778785,10.839797,2431489.2
1998-01-20,HAS,10.900809,11.57194,10.900809,11.531266,2260621.2
1998-01-21,HAS,11.409243,11.409243,10.982159,11.307555,1882314.4
1998-01-22,HAS,11.063508,11.104182,10.9414835,10.982159,971427.9
1998-01-23,HAS,10.9414835,11.022833,10.697435,10.81946,866018.3
1998-01-26,HAS,10.900809,11.104182,10.636424,10.656761,904432.9
1998-01-27,HAS,10.656761,11.04317,10.616086,10.860134,866018.3
1998-01-28,HAS,10.860134,10.900809,10.616086,10.717773,1102959.4
1998-01-29,HAS,10.723481,11.008897,10.723481,10.92735,2732460.2
1998-01-30,HAS,10.92735,11.294313,10.906963,11.253539,2553730
1998-02-02,HAS,11.416635,11.437021,11.294313,11.335087,1244981.6
1998-02-03,HAS,11.294313,11.416635,11.131218,11.416635,588308.25
1998-02-04,HAS,11.335087,11.335087,11.253539,11.335087,860849.2
1998-02-05,HAS,11.416635,11.600116,11.37586,11.396247,2449496
1998-02-06,HAS,11.538956,11.824371,11.538956,11.640889,2824124.8
1998-02-09,HAS,11.70205,11.70205,11.457408,11.498181,3234929
1998-02-10,HAS,11.538956,11.865145,11.518568,11.742824,2052181
1998-02-11,HAS,11.661276,11.987466,11.661276,11.783597,1673260.2
1998-02-12,HAS,11.742824,11.742824,11.600116,11.6816635,1749902.8
1998-02-13,HAS,11.70205,11.824371,11.6816635,11.76321,1654559.5
1998-02-17,HAS,11.742824,11.824371,11.70205,11.742824,1318558.5
1998-02-18,HAS,11.742824,11.783597,11.70205,11.742824,3016957.5
1998-02-19,HAS,11.722437,11.783597,11.640889,11.742824,1619610.5
1998-02-20,HAS,11.722437,11.926306,11.6816635,11.926306,1340631.5
1998-02-23,HAS,11.885531,11.885531,11.559342,11.742824,1073608.9
1998-02-24,HAS,11.742824,11.783597,11.416635,11.457408,1908093
1998-02-25,HAS,11.396247,11.742824,11.335087,11.559342,2197495.2
1998-02-26,HAS,11.600116,11.620502,11.416635,11.498181,3113527
1998-02-27,HAS,11.498181,11.865145,11.37586,11.824371,2781818.2
1998-03-02,HAS,11.844758,12.028239,11.824371,11.946692,1297711.8
1998-03-03,HAS,11.865145,11.905918,11.640889,11.783597,987156.1
1998-03-04,HAS,11.70205,11.824371,11.416635,11.477795,1277171.5
1998-03-05,HAS,11.396247,11.559342,11.335087,11.498181,1576690.6
1998-03-06,HAS,11.538956,11.640889,11.538956,11.538956,1542661.4
1998-03-09,HAS,11.661276,11.742824,11.416635,11.416635,1876209.8
1998-03-10,HAS,11.477795,12.15056,11.477795,12.069014,4031091.8
1998-03-11,HAS,11.987466,12.130174,11.946692,12.109787,1381405.4
1998-03-12,HAS,12.109787,12.109787,11.926306,12.007853,997272.94
1998-03-13,HAS,12.069014,12.069014,11.905918,11.905918,685491
1998-03-16,HAS,12.028239,12.109787,11.905918,11.905918,2940621.5
1998-03-17,HAS,11.987466,12.15056,11.946692,12.109787,1892764.5
1998-03-18,HAS,12.109787,12.15056,11.865145,12.109787,1511391.1
1998-03-19,HAS,12.109787,12.395203,12.069014,12.313656,1653333.1
1998-03-20,HAS,12.313656,12.313656,12.069014,12.109787,1248967
1998-03-23,HAS,11.987466,12.334043,11.987466,12.15056,2367028.8
1998-03-24,HAS,12.232108,12.5990715,12.191335,12.517524,1277478.1
1998-03-25,HAS,11.416635,11.498181,11.335087,11.437021,21162542
1998-03-26,HAS,11.437021,11.640889,11.437021,11.538956,4157398.8
1998-03-27,HAS,11.783597,11.905918,11.457408,11.477795,3856960
1998-03-30,HAS,11.477795,11.498181,11.335087,11.396247,2887891.5
1998-03-31,HAS,11.437021,11.70205,11.437021,11.518568,1942122.4
1998-04-01,HAS,11.477795,11.803985,11.437021,11.783597,3401090
1998-04-02,HAS,11.783597,12.15056,11.742824,11.987466,1409916.4
1998-04-03,HAS,12.028239,12.048626,11.783597,11.824371,1312427.1
1998-04-06,HAS,11.824371,12.069014,11.742824,12.048626,1430763.2
1998-04-07,HAS,12.109787,12.109787,11.783597,11.824371,1436281.5
1998-04-08,HAS,11.783597,12.028239,11.76321,11.865145,882002.5
1998-04-09,HAS,11.865145,12.109787,11.824371,12.028239,560103.8
1998-04-13,HAS,12.048626,12.211721,11.946692,12.048626,714308.6
1998-04-14,HAS,12.028239,12.069014,11.76321,11.783597,576658.56
1998-04-15,HAS,11.783597,11.824371,11.661276,11.742824,1111010.5
1998-04-16,HAS,11.70205,11.742824,11.457408,11.579729,1597844
1998-04-17,HAS,11.579729,11.620502,11.37586,11.620502,720440
1998-04-20,HAS,11.70205,11.824371,11.661276,11.742824,956805.6
1998-04-21,HAS,11.661276,11.803985,11.579729,11.600116,1579143.1
1998-04-22,HAS,11.661276,12.191335,11.640889,12.191335,1663143.4
1998-04-23,HAS,12.069014,12.313656,12.028239,12.313656,1810297.1
1998-04-24,HAS,12.313656,12.395203,12.0894,12.232108,1838501.6
1998-04-27,HAS,12.028239,12.069014,11.803985,12.069014,1246514.5
1998-04-28,HAS,12.069014,12.354429,12.069014,12.069014,1287594.9
1998-04-29,HAS,12.136027,12.176889,11.849994,12.013442,679114.3
1998-04-30,HAS,11.97258,12.033873,11.849994,12.033873,1029072.3
1998-05-01,HAS,12.074735,12.074735,11.911286,12.054303,1896319.6
1998-05-04,HAS,12.095165,12.299476,12.095165,12.095165,1403502.9
1998-05-05,HAS,12.095165,12.136027,12.013442,12.095165,1523724.5
1998-05-06,HAS,12.054303,12.136027,11.97258,12.074735,1683714
1998-05-07,HAS,12.054303,12.544648,12.033873,12.360769,2148081.2
1998-05-08,HAS,12.3812,12.503786,12.258614,12.299476,1337426.9
1998-05-11,HAS,12.299476,12.422062,12.299476,12.3812,1408397.4
1998-05-12,HAS,12.340338,12.442493,12.340338,12.442493,1077405.6
1998-05-13,HAS,12.401631,12.524218,12.238183,12.340338,750696.6
1998-05-14,HAS,12.422062,12.503786,12.258614,12.258614,1084441.5
1998-05-15,HAS,12.58551,12.7080965,12.462924,12.58551,2159705.8
1998-05-18,HAS,12.667234,13.116716,12.626372,13.116716,1318154.8
1998-05-19,HAS,13.116716,13.116716,12.626372,12.748959,1592859.5
1998-05-20,HAS,12.748959,12.789821,12.3812,12.605941,963914.06
1998-05-21,HAS,12.544648,12.994131,12.442493,12.912407,2320307.2
1998-05-22,HAS,12.912407,12.912407,12.667234,12.789821,1302859.4
1998-05-26,HAS,12.748959,12.871545,12.626372,12.728527,984103.94
1998-05-27,HAS,12.646803,12.667234,12.422062,12.422062,902732.56
1998-05-28,HAS,12.422062,12.687665,12.422062,12.524218,1425222.4
1998-05-29,HAS,12.565079,12.667234,12.3812,12.503786,828703
1998-06-01,HAS,12.422062,12.667234,12.258614,12.667234,785875.94
1998-06-02,HAS,12.789821,12.830683,12.626372,12.728527,550327.3
1998-06-03,HAS,12.728527,12.748959,12.626372,12.7080965,760485.6
1998-06-04,HAS,12.687665,12.7080965,12.605941,12.687665,539314.6
1998-06-05,HAS,12.728527,13.055424,12.7080965,13.055424,739378.06
1998-06-08,HAS,13.075855,13.239303,13.034993,13.116716,981350.75
1998-06-09,HAS,13.075855,13.239303,13.055424,13.218872,905791.6
1998-06-10,HAS,13.259734,13.280165,12.748959,12.789821,1093618.8
1998-06-11,HAS,12.830683,12.953269,12.524218,12.58551,882236.75
1998-06-12,HAS,12.544648,12.605941,12.299476,12.462924,847975.2
1998-06-15,HAS,12.258614,12.340338,12.156459,12.2177515,990833.9
1998-06-16,HAS,12.340338,12.401631,12.095165,12.2177515,974926.7
1998-06-17,HAS,12.013442,12.319907,11.952148,12.013442,2144410.5
1998-06-18,HAS,11.97258,12.319907,11.97258,12.2177515,1164895.1
1998-06-19,HAS,12.2177515,12.340338,12.176889,12.340338,1297659
1998-06-22,HAS,12.299476,12.3812,12.258614,12.319907,819831.7
1998-06-23,HAS,12.3812,12.422062,12.340338,12.3812,641793.6
1998-06-24,HAS,12.422062,12.503786,12.360769,12.4833555,978291.7
1998-06-25,HAS,12.4833555,12.667234,12.462924,12.605941,1138587.1
1998-06-26,HAS,12.605941,12.748959,12.58551,12.728527,1205580.9
1998-06-29,HAS,12.789821,12.830683,12.667234,12.687665,576023.5
1998-06-30,HAS,12.646803,12.871545,12.626372,12.851113,867553.25
1998-07-01,HAS,12.851113,12.871545,12.3812,12.422062,1783439.9
1998-07-02,HAS,12.422062,12.422062,11.97258,12.258614,4216015
1998-07-06,HAS,12.299476,12.58551,12.299476,12.524218,945865.5
1998-07-07,HAS,12.626372,12.810251,12.524218,12.810251,597742.94
1998-07-08,HAS,12.769389,12.789821,12.646803,12.748959,782205.06
1998-07-09,HAS,12.830683,12.912407,12.789821,12.851113,1165201.1
1998-07-10,HAS,12.891975,13.116716,12.891975,13.055424,1352416.4
1998-07-13,HAS,13.055424,13.075855,12.851113,12.912407,790770.5
1998-07-14,HAS,12.953269,13.034993,12.667234,12.769389,2419421.2
1998-07-15,HAS,12.7080965,12.810251,12.646803,12.687665,954125
1998-07-16,HAS,12.687665,13.055424,12.626372,13.055424,1635992.5
1998-07-17,HAS,13.034993,13.38232,12.830683,13.38232,2041319.8
1998-07-20,HAS,13.341458,13.341458,13.157578,13.300596,1947100.2
1998-07-21,HAS,13.259734,13.259734,12.994131,13.055424,1353334.1
1998-07-22,HAS,13.014562,13.034993,12.891975,12.994131,654029.9
1998-07-23,HAS,12.953269,12.953269,12.422062,12.462924,1170707.4
1998-07-24,HAS,12.462924,12.462924,12.258614,12.360769,1214452.1
1998-07-27,HAS,12.360769,12.360769,11.931718,12.136027,1337121
1998-07-28,HAS,12.136027,12.340338,12.054303,12.095165,904568
1998-07-29,HAS,12.176889,12.2177515,11.870424,11.931718,1201910
1998-07-30,HAS,11.9988785,12.14221,11.9988785,12.060307,1452927.5
1998-07-31,HAS,12.101258,12.101258,11.794119,11.855547,767365.5
1998-08-03,HAS,11.794119,11.876023,11.712215,11.753167,545458.25
1998-08-04,HAS,11.753167,11.753167,11.220794,11.261745,991714.56
1998-08-05,HAS,11.13889,11.9988785,11.016035,11.9988785,1470631.2
1998-08-06,HAS,12.03983,12.244589,12.019354,12.101258,1385164.9
1998-08-07,HAS,12.060307,12.162685,12.019354,12.080782,523786.47
1998-08-10,HAS,12.03983,12.03983,11.507457,11.568885,1397984.9
1998-08-11,HAS,11.466505,11.5484085,11.302698,11.5484085,1357083.1
1998-08-12,HAS,11.5484085,11.957927,11.48698,11.957927,900754
1998-08-13,HAS,12.03983,12.101258,11.855547,12.080782,655038.3
1998-08-14,HAS,12.121734,12.121734,11.712215,11.712215,889155
1998-08-17,HAS,11.630312,12.121734,11.630312,12.03983,930361.94
1998-08-18,HAS,11.9988785,12.101258,11.916975,12.060307,1293288.6
1998-08-19,HAS,12.060307,12.060307,11.507457,11.568885,1133649.8
1998-08-20,HAS,11.630312,12.060307,11.630312,12.019354,573845.3
1998-08-21,HAS,11.93745,12.060307,11.630312,11.732692,956612.3
1998-08-24,HAS,11.835072,12.121734,11.814595,11.978402,706928.56
1998-08-25,HAS,11.978402,12.4903,11.957927,12.367445,1266733
1998-08-26,HAS,12.162685,12.203637,11.9988785,12.03983,965769.44
1998-08-27,HAS,11.9988785,11.9988785,11.016035,11.58936,2219072
1998-08-28,HAS,11.58936,11.855547,11.179842,11.69174,1188287.1
1998-08-31,HAS,11.364125,11.384602,10.196999,10.258427,1026206.3
1998-09-01,HAS,10.483662,11.3231735,10.483662,11.3231735,1473988.9
1998-09-02,HAS,11.712215,11.753167,11.302698,11.466505,1184013.8
1998-09-03,HAS,11.384602,11.384602,10.89318,10.954607,1741986.8
1998-09-04,HAS,10.954607,11.118415,10.401758,10.463185,1442854.6
1998-09-08,HAS,10.708897,11.405077,10.68842,11.405077,1086948.5
1998-09-09,HAS,11.405077,11.405077,10.934132,10.954607,1057340.5
1998-09-10,HAS,10.954607,10.954607,10.667945,10.68842,693192.94
1998-09-11,HAS,10.708897,11.159367,10.68842,11.097939,726158.5
1998-09-14,HAS,11.097939,11.097939,10.7908,10.811276,898312.06
1998-09-15,HAS,10.811276,10.934132,10.626993,10.89318,1175772.4
1998-09-16,HAS,10.89318,10.913655,9.828433,10.074143,3932977
1998-09-17,HAS,9.99224,9.99224,9.664625,9.807957,1620502.5
1998-09-18,HAS,9.99224,10.115095,9.869385,9.99224,1417520
1998-09-21,HAS,9.951288,10.381282,9.828433,10.381282,1503291.5
1998-09-22,HAS,10.34033,10.483662,9.99224,10.053668,2126280
1998-09-23,HAS,10.074143,10.074143,9.9103365,9.99224,2139710.5
1998-09-24,HAS,9.9103365,10.033192,9.848908,9.9103365,1219116
1998-09-25,HAS,9.869385,10.176523,9.705578,10.156047,2952556.2
1998-09-28,HAS,9.9103365,10.033192,9.767005,9.828433,3613394
1998-09-29,HAS,9.848908,10.012716,9.705578,9.99224,1577158.9
1998-09-30,HAS,9.9103365,10.012716,9.664625,9.6851015,1654078.6
1998-10-01,HAS,9.74653,9.807957,9.500818,9.664625,2074084.5
1998-10-02,HAS,9.664625,9.787481,9.377963,9.398438,2682421.5
1998-10-05,HAS,9.521295,9.6851015,9.357487,9.357487,1130597.4
1998-10-06,HAS,9.398438,9.64415,9.398438,9.521295,1795098
1998-10-07,HAS,9.562246,10.115095,9.500818,10.074143,1788077.5
1998-10-08,HAS,10.033192,10.033192,9.705578,9.951288,1718178.2
1998-10-09,HAS,9.9103365,9.930812,9.603198,9.664625,1577769.4
1998-10-12,HAS,9.74653,9.930812,9.64415,9.6851015,772249.25
1998-10-13,HAS,9.6851015,9.726053,9.173204,9.377963,2052717.9
1998-10-14,HAS,9.377963,10.237951,9.337011,9.951288,842453.75
1998-10-15,HAS,9.9103365,10.975083,9.848908,10.811276,1150437.8
1998-10-16,HAS,11.384602,11.425553,10.89318,10.954607,1366850.6
1998-10-19,HAS,10.89318,11.13889,10.811276,10.872704,503030.34
1998-10-20,HAS,10.872704,11.425553,10.872704,11.425553,768891.7
1998-10-21,HAS,11.179842,11.179842,10.811276,11.036511,848253.25
1998-10-22,HAS,11.077463,11.077463,10.770325,10.89318,488684.22
1998-10-23,HAS,10.934132,11.179842,10.89318,11.077463,1070160.5
1998-10-26,HAS,11.118415,11.179842,11.077463,11.077463,1474904.5
1998-10-27,HAS,11.13889,11.712215,11.13889,11.650788,927309.56
1998-10-28,HAS,11.69174,11.69174,11.384602,11.446029,1303666.6
1998-10-29,HAS,11.492821,11.492821,11.041317,11.410729,2109229.8
1998-10-30,HAS,11.533867,11.862233,11.492821,11.513344,1960615.2
1998-11-02,HAS,11.492821,12.272691,11.492821,12.252168,1466654.8
1998-11-03,HAS,12.252168,12.252168,11.69805,11.862233,677292.4
1998-11-04,HAS,11.9443245,12.272691,11.9443245,12.272691,978784.94
1998-11-05,HAS,12.190599,12.190599,11.69805,11.780141,788753.25
1998-11-06,HAS,11.739096,11.862233,11.739096,11.821187,634657.06
1998-11-09,HAS,11.903278,12.252168,11.821187,12.149553,925186.25
1998-11-10,HAS,12.149553,12.149553,11.780141,11.780141,629479.94
1998-11-11,HAS,11.780141,11.862233,11.4312525,11.574912,809766.4
1998-11-12,HAS,11.615958,11.657004,11.410729,11.533867,470206.6
1998-11-13,HAS,11.615958,11.657004,11.451775,11.533867,506751.12
1998-11-16,HAS,11.574912,11.9443245,11.533867,11.533867,1023856.56
1998-11-17,HAS,11.574912,11.615958,11.390206,11.451775,661760.94
1998-11-18,HAS,11.533867,11.55439,11.287592,11.55439,1242514.8
1998-11-19,HAS,11.595435,11.739096,11.492821,11.636481,556086.3
1998-11-20,HAS,11.739096,11.739096,11.451775,11.451775,832302.2
1998-11-23,HAS,11.492821,11.615958,11.369683,11.513344,1384429.5
1998-11-24,HAS,11.410729,11.410729,10.712951,11.082363,6778101
1998-11-25,HAS,11.205501,11.34916,11.123408,11.267069,2086694
1998-11-27,HAS,11.451775,11.821187,11.451775,11.780141,706223.5
1998-11-30,HAS,11.862233,12.313737,11.513344,11.574912,1056746.6
1998-12-01,HAS,11.595435,12.395828,11.205501,12.272691,2249621.8
1998-12-02,HAS,12.354782,12.539489,12.108508,12.518966,2808144.2
1998-12-03,HAS,12.395828,12.395828,11.780141,11.821187,1146280.9
1998-12-04,HAS,11.882756,11.985371,11.677526,11.903278,1276927.6
1998-12-07,HAS,11.985371,12.313737,11.923801,12.231645,1025074.7
1998-12-08,HAS,12.354782,12.354782,11.739096,11.985371,763781.2
1998-12-09,HAS,12.005893,12.026416,11.308115,11.533867,1099686.5
1998-12-10,HAS,11.041317,11.287592,11.041317,11.226024,2966504
1998-12-11,HAS,11.205501,11.615958,11.205501,11.513344,743377.1
1998-12-14,HAS,11.533867,11.533867,10.9181795,10.959226,1987719.1
1998-12-15,HAS,10.959226,11.123408,10.548768,10.610336,2912600.8
1998-12-16,HAS,10.651382,10.959226,10.651382,10.795042,1646636.6
1998-12-17,HAS,10.753997,10.795042,10.446154,10.466676,2208204.5
1998-12-18,HAS,10.507722,10.77452,10.446154,10.692428,1599128.8
1998-12-21,HAS,10.733474,11.000272,10.712951,10.753997,1394479.2
1998-12-22,HAS,10.753997,10.959226,10.1383095,10.179356,2683893
1998-12-23,HAS,10.220402,11.000272,10.220402,10.938703,3696786
1998-12-24,HAS,10.938703,11.123408,10.897656,10.959226,441275.47
1998-12-28,HAS,10.9181795,11.308115,10.753997,11.246546,1040606.1
1998-12-29,HAS,11.205501,11.574912,11.205501,11.574912,1157853.2
1998-12-30,HAS,11.574912,11.903278,11.574912,11.862233,1674045.1
1998-12-31,HAS,11.821187,12.231645,11.759619,11.862233,1930466
1999-01-04,HAS,11.9443245,12.108508,11.69805,11.739096,1410619.8
1999-01-05,HAS,11.739096,11.985371,11.69805,11.9443245,979394
1999-01-06,HAS,11.862233,12.272691,11.862233,12.149553,981221.25
1999-01-07,HAS,12.067462,12.087985,11.533867,11.657004,977871.3
1999-01-08,HAS,11.739096,11.780141,11.246546,11.267069,1087200.5
1999-01-11,HAS,11.34916,11.882756,11.34916,11.718573,1756270.2
1999-01-12,HAS,11.636481,11.69805,11.492821,11.513344,1171252.9
1999-01-13,HAS,11.69805,11.985371,11.205501,11.780141,1603087.8
1999-01-14,HAS,11.739096,11.964848,11.657004,11.780141,1755052.1
1999-01-15,HAS,11.780141,11.821187,11.718573,11.821187,1345753.1
1999-01-19,HAS,11.780141,11.780141,11.451775,11.451775,658106.5
1999-01-20,HAS,11.615958,11.759619,11.410729,11.69805,1805605.5
1999-01-21,HAS,11.780141,11.780141,11.369683,11.410729,822252.44
1999-01-22,HAS,11.328638,11.369683,11.184978,11.328638,1084764.1
1999-01-25,HAS,11.410729,11.410729,11.082363,11.308115,1333876.1
1999-01-26,HAS,11.308115,11.69805,11.226024,11.574912,1926202.5
1999-01-27,HAS,11.574912,11.574912,11.205501,11.369683,554259.06
1999-01-28,HAS,11.437155,11.437155,11.252021,11.334302,754420.6
1999-01-29,HAS,11.334302,12.424535,11.313732,12.21883,2618444.2
1999-02-01,HAS,12.239401,12.239401,11.683999,11.683999,1278534.8
1999-02-02,HAS,11.601718,12.19826,11.498866,12.17769,1878303.8
1999-02-03,HAS,12.17769,12.589098,12.0954075,12.342253,3514451.5
1999-02-04,HAS,12.506816,12.712521,12.19826,12.568527,3036520.2
1999-02-05,HAS,12.589098,12.630239,12.342253,12.506816,2257792.8
1999-02-08,HAS,12.465675,12.794803,12.445105,12.630239,2441005
1999-02-09,HAS,12.67138,13.000506,12.506816,12.506816,2494783.5
1999-02-10,HAS,12.527387,12.712521,12.17769,12.506816,2212825.2
1999-02-11,HAS,12.506816,12.856513,12.424535,12.835943,2856650.2
1999-02-12,HAS,12.794803,12.959366,12.527387,12.835943,2155400.8
1999-02-16,HAS,12.877084,13.123929,12.877084,13.021077,3116428.5
1999-02-17,HAS,12.959366,12.959366,12.753661,12.835943,2434016.8
1999-02-18,HAS,12.753661,12.753661,12.383394,12.527387,2083088.1
1999-02-19,HAS,12.424535,12.67138,12.17769,12.465675,3071765
1999-02-22,HAS,12.506816,12.959366,12.486246,12.835943,2705644.5
1999-02-23,HAS,12.835943,12.835943,12.506816,12.609669,1750389.5
1999-02-24,HAS,12.568527,12.630239,11.951415,12.136549,2236524.5
1999-02-25,HAS,12.136549,12.403964,12.0954075,12.301112,1441390
1999-02-26,HAS,12.342253,12.383394,12.136549,12.19826,1831513.2
1999-03-01,HAS,12.0954075,12.445105,12.054267,12.17769,1360266.2
1999-03-02,HAS,12.19826,12.445105,12.19826,12.403964,1449593.5
1999-03-03,HAS,12.403964,12.918224,12.321683,12.835943,3806132.5
1999-03-04,HAS,13.000506,13.206211,12.918224,13.16507,4032185.2
1999-03-05,HAS,13.288492,13.473626,13.288492,13.329633,3350381
1999-03-08,HAS,13.370774,13.473626,13.247352,13.473626,3867203.2
1999-03-09,HAS,13.555908,13.720471,13.535337,13.6176195,2857865.5
1999-03-10,HAS,13.65876,13.782183,13.411915,13.494197,2117421.2
1999-03-11,HAS,13.453055,13.823323,13.432486,13.741041,3026189.8
1999-03-12,HAS,13.699901,13.905605,13.597049,13.638189,1837590
1999-03-15,HAS,13.65876,13.905605,13.65876,13.823323,1689318.8
1999-03-16,HAS,13.699902,13.885035,13.63819,13.699902,1258481.8
1999-03-17,HAS,13.761613,13.761613,13.206211,13.206211,1276306.6
1999-03-18,HAS,13.206211,14.0701685,13.082788,13.792468,2022928.9
1999-03-19,HAS,13.823324,14.193591,13.699902,14.101025,1761023.6
1999-03-22,HAS,14.101025,14.317014,13.946746,14.13188,1275293.9
1999-03-23,HAS,14.317014,14.34787,13.761613,13.761613,1889646.9
1999-03-24,HAS,13.761613,14.317014,13.669045,13.885035,1377787.2
1999-03-25,HAS,14.13188,14.193591,13.946746,14.13188,1184751.2
1999-03-26,HAS,13.885035,14.872416,13.730757,14.779848,1964997.8
1999-03-29,HAS,14.718137,14.748993,14.317014,14.656425,1635843.9
1999-03-30,HAS,14.62557,14.995838,14.502148,14.748993,1745224.2
1999-03-31,HAS,14.872416,14.995838,14.286159,14.286159,1240859.4
1999-04-01,HAS,14.317014,14.409581,13.607334,13.946746,1959731.2
1999-04-05,HAS,14.0701685,14.317014,14.0701685,14.255302,1221008.8
1999-04-06,HAS,14.286159,14.317014,13.730757,13.761613,1973100
1999-04-07,HAS,13.885035,14.13188,13.854179,14.13188,1029390.6
1999-04-08,HAS,14.13188,14.810704,14.0701685,14.810704,1707143.8
1999-04-09,HAS,14.872416,14.995838,14.62557,14.841559,1814903.6
1999-04-12,HAS,14.748993,14.995838,14.563859,14.934127,1369887.6
1999-04-13,HAS,15.057549,15.211827,14.687282,14.779848,2081062.5
1999-04-14,HAS,14.779848,15.057549,14.687282,14.872416,1948590.8
1999-04-15,HAS,15.674662,16.723753,15.61295,15.798084,4143287.2
1999-04-16,HAS,16.04493,16.291775,15.890651,16.10664,3184791.2
1999-04-19,HAS,16.353485,16.908888,16.10664,16.26092,2323522.2
1999-04-20,HAS,16.26092,16.384342,15.798084,15.798084,2283416
1999-04-21,HAS,15.798084,15.983218,15.150116,15.520384,2917822.2
1999-04-22,HAS,15.798084,16.04493,15.674662,15.859796,2233789.8
1999-04-23,HAS,15.828939,16.476908,15.736373,16.230062,2110635.8
1999-04-26,HAS,16.970598,17.03231,16.476908,17.03231,2452550.5
1999-04-27,HAS,17.03231,17.09402,16.168352,16.291775,2697238.5
1999-04-28,HAS,16.53862,16.692898,16.230062,16.476908,2267819.2
1999-04-29,HAS,16.44476,16.599316,16.290205,16.290205,2114929
1999-04-30,HAS,16.413849,17.248451,16.19747,17.248451,2866477
1999-05-03,HAS,17.433918,18.299433,17.433918,18.052143,6718438
1999-05-04,HAS,18.175787,18.23761,17.248451,17.49574,3118206
1999-05-05,HAS,17.619387,17.619387,16.939339,17.155718,937362.4
1999-05-06,HAS,17.155718,17.835764,16.692049,16.692049,1839745.6
1999-05-07,HAS,16.753872,17.062984,16.599316,16.753872,1788995.4
1999-05-10,HAS,16.939339,16.939339,15.5792465,15.950181,2991229.5
1999-05-11,HAS,16.19747,16.259293,15.5792465,15.981092,3757941.8
1999-05-12,HAS,16.135649,16.661139,15.950181,16.568405,2594730.8
1999-05-13,HAS,16.815695,16.815695,15.950181,15.950181,2071457.6
1999-05-14,HAS,15.5792465,15.764714,15.208312,15.455602,3423111.8
1999-05-17,HAS,15.641069,15.764714,15.084667,15.39378,1863604.2
1999-05-18,HAS,15.39378,16.012003,15.270135,15.517425,2561571.2
1999-05-19,HAS,15.641069,15.888358,14.682821,15.2392235,2615152.2
1999-05-20,HAS,15.301045,15.455602,14.961022,15.053756,1946907.4
1999-05-21,HAS,15.115579,15.208312,14.219153,14.559176,4635455
1999-05-24,HAS,14.775556,15.208312,14.651911,14.651911,4098837.5
1999-05-25,HAS,14.775556,15.14649,14.590088,14.930111,3109714
1999-05-26,HAS,15.022845,15.022845,14.435532,14.651911,2500913.8
1999-05-27,HAS,14.466443,14.528266,13.786397,13.848219,4119056.8
1999-05-28,HAS,14.033687,14.590088,13.971864,14.219153,1487729.2
1999-06-01,HAS,14.095509,14.342798,13.724574,14.219153,2302967.5
1999-06-02,HAS,14.342798,14.404621,13.87913,13.910042,1642203.9
1999-06-03,HAS,13.910042,14.435532,13.910042,14.311887,1657974.9
1999-06-04,HAS,14.466443,14.466443,14.219153,14.342798,2451983.2
1999-06-07,HAS,14.219153,14.250065,13.539107,13.662752,1802542.2
1999-06-08,HAS,13.600929,13.786397,13.35364,13.570019,1549802.1
1999-06-09,HAS,13.570019,14.033687,13.570019,13.848219,1474586.8
1999-06-10,HAS,13.786397,14.064597,13.662752,13.724574,1344172.9
1999-06-11,HAS,13.755486,14.219153,13.724574,13.724574,1364998.6
1999-06-14,HAS,13.848219,14.435532,13.848219,14.404621,1298881.9
1999-06-15,HAS,14.157331,14.404621,13.87913,13.87913,1217398.4
1999-06-16,HAS,13.940952,14.559176,13.910042,14.37371,2955845.8
1999-06-17,HAS,14.342798,14.559176,14.095509,14.342798,1505522.1
1999-06-18,HAS,14.590088,14.590088,14.342798,14.528266,1311417.8
1999-06-21,HAS,14.4973545,14.4973545,14.12642,14.37371,1089208.6
1999-06-22,HAS,14.342798,14.590088,14.095509,14.219153,1938010.9
1999-06-23,HAS,14.311887,14.342798,13.910042,14.250065,1246514.1
1999-06-24,HAS,14.157331,14.157331,13.87913,14.064597,1303127.9
1999-06-25,HAS,14.002775,14.002775,13.570019,13.631841,1225081.8
1999-06-28,HAS,13.631841,13.662752,13.446374,13.570019,1328604
1999-06-29,HAS,13.508196,13.87913,13.10635,13.724574,3166530
1999-06-30,HAS,13.600929,13.971864,13.199084,13.817308,1095274.4
1999-07-01,HAS,13.817308,13.817308,13.35364,13.508196,1315057.1
1999-07-02,HAS,13.477284,13.539107,13.199084,13.508196,937969
1999-07-06,HAS,13.291818,13.4154625,12.82815,12.920883,2498891.8
1999-07-07,HAS,12.889972,13.446374,12.85906,13.291818,1897168.1
1999-07-08,HAS,13.229995,13.229995,12.488126,12.488126,2753856
1999-07-09,HAS,12.611771,12.920883,12.488126,12.488126,4506861
1999-07-12,HAS,12.611771,12.735415,11.931725,11.9935465,2672574.8
1999-07-13,HAS,12.117191,12.58086,12.117191,12.488126,7198239.5
1999-07-14,HAS,12.642682,13.013617,12.549949,12.951795,2559751.5
1999-07-15,HAS,13.693664,14.157331,13.477284,13.662752,11443060
1999-07-16,HAS,13.910042,14.12642,13.631841,13.662752,4507265.5
1999-07-19,HAS,13.971864,14.002775,13.724574,13.848219,2098147
1999-07-20,HAS,13.87913,13.971864,13.322729,13.508196,1690123.5
1999-07-21,HAS,13.508196,13.570019,13.322729,13.446374,1850259.6
1999-07-22,HAS,13.35364,13.4154625,13.10635,13.10635,1918196.1
1999-07-23,HAS,13.229995,13.4154625,13.229995,13.35364,1745524.1
1999-07-26,HAS,13.044528,13.137261,12.549949,12.735415,1908288.8
1999-07-27,HAS,12.85906,12.889972,12.642682,12.766327,2856165
1999-07-28,HAS,12.889972,13.013617,12.797238,12.85906,1336085.1
1999-07-29,HAS,12.578977,12.981751,12.424063,12.764873,1568617.2
1999-07-30,HAS,12.8888035,13.012734,12.733891,12.8888035,1277124
1999-08-02,HAS,13.19863,13.508458,12.950769,13.105682,1996880.5
1999-08-03,HAS,13.043717,13.167648,12.702908,12.8578205,1579913.9
1999-08-04,HAS,12.7958555,13.291579,12.764873,12.950769,2247423.5
1999-08-05,HAS,12.950769,13.477475,12.8268385,13.167648,2480819.8
1999-08-06,HAS,13.043717,13.229613,12.8888035,13.074699,770994.75
1999-08-09,HAS,13.074699,13.136665,12.640942,12.702908,929349.25
1999-08-10,HAS,12.517012,12.517012,11.959323,12.207184,1685214.6
1999-08-11,HAS,12.207184,12.60996,12.207184,12.517012,1672707.6
1999-08-12,HAS,12.640942,12.8578205,12.393081,12.671925,933988.94
1999-08-13,HAS,13.384527,13.477475,13.19863,13.322561,2181257.5
1999-08-16,HAS,13.384527,13.446492,13.260596,13.291579,1317469
1999-08-17,HAS,13.353544,13.384527,13.19863,13.229613,806498.44
1999-08-18,HAS,13.229613,13.229613,12.764873,12.8578205,1825817.2
1999-08-19,HAS,12.7958555,12.8268385,12.640942,12.640942,846641.8
1999-08-20,HAS,12.764873,13.012734,12.702908,12.8888035,615262.7
1999-08-23,HAS,12.8888035,13.012734,12.733891,12.7958555,1465535.5
1999-08-24,HAS,12.8578205,12.8578205,12.455046,12.578977,961625.3
1999-08-25,HAS,12.8888035,13.136665,12.702908,13.136665,1221649.5
1999-08-26,HAS,13.136665,13.570423,13.136665,13.260596,1503258.2
1999-08-27,HAS,13.260596,13.291579,12.733891,12.8888035,589643.56
1999-08-30,HAS,12.517012,12.733891,12.424063,12.486029,784308.6
1999-08-31,HAS,12.486029,12.517012,12.052271,12.114236,1950483.6
1999-09-01,HAS,12.145219,12.207184,11.773426,12.176202,1007820.44
1999-09-02,HAS,12.176202,12.26915,11.835392,12.176202,868629.9
1999-09-03,HAS,12.176202,12.517012,12.145219,12.362098,1484901.2
1999-09-07,HAS,12.455046,12.764873,12.455046,12.517012,1177471.6
1999-09-08,HAS,12.455046,12.517012,12.300133,12.300133,816181.25
1999-09-09,HAS,12.8268385,13.074699,11.92834,12.145219,3788202.8
1999-09-10,HAS,12.26915,12.424063,12.207184,12.300133,4219693.5
1999-09-13,HAS,12.26915,12.300133,11.959323,12.021288,1584553.6
1999-09-14,HAS,12.021288,12.238167,11.835392,11.866375,1147212.8
1999-09-15,HAS,12.114236,12.145219,11.494582,11.494582,1622881.4
1999-09-16,HAS,11.58753,11.897357,11.215737,11.24672,2101979.5
1999-09-17,HAS,11.339668,11.494582,11.215737,11.215737,2351312
1999-09-20,HAS,11.277703,11.401634,11.24672,11.308686,1008425.6
1999-09-21,HAS,11.184755,11.339668,10.998858,10.998858,2189326.5
1999-09-22,HAS,11.091807,11.525565,10.874928,11.029841,1652938.5
1999-09-23,HAS,11.091807,11.277703,10.967876,11.091807,1796970.5
1999-09-24,HAS,11.122789,11.618513,11.091807,11.308686,1540779.1
1999-09-27,HAS,11.308686,11.432616,11.060824,11.060824,840993.5
1999-09-28,HAS,10.936893,11.060824,10.65805,10.8439455,2041663.5
1999-09-29,HAS,10.874928,11.060824,10.8439455,10.936893,1631757.4
1999-09-30,HAS,10.967876,11.029841,10.627067,10.65805,1661411
1999-10-01,HAS,10.78198,11.029841,10.534119,10.936893,2665197
1999-10-04,HAS,10.286257,10.596084,9.418741,10.069378,6252682.5
1999-10-05,HAS,10.348222,10.78198,10.286257,10.596084,4372601.5
1999-10-06,HAS,11.401634,11.401634,10.689032,10.8439455,2427161
1999-10-07,HAS,10.8439455,10.874928,10.348222,10.410188,1895009.1
1999-10-08,HAS,10.410188,10.472153,9.97643,10.007413,2915538.2
1999-10-11,HAS,10.193309,10.936893,10.193309,10.874928,1697721.6
1999-10-12,HAS,10.998858,11.153772,10.750998,10.8439455,1963394
1999-10-13,HAS,10.720015,10.874928,10.348222,10.379205,2126186.5
1999-10-14,HAS,10.379205,10.410188,9.046948,9.542672,9402828
1999-10-15,HAS,9.418741,9.418741,8.8610525,9.201862,7834815.5
1999-10-18,HAS,9.325793,9.449724,9.170879,9.418741,3090837.8
1999-10-19,HAS,9.418741,9.728568,9.29481,9.325793,3184034.8
1999-10-20,HAS,9.356775,9.604637,9.29481,9.387758,2252668.2
1999-10-21,HAS,9.387758,9.449724,8.984983,9.015966,3640136.2
1999-10-22,HAS,9.077931,9.232845,8.984983,9.170879,2368862.2
1999-10-25,HAS,9.170879,9.418741,8.984983,9.232845,2338200
1999-10-26,HAS,9.449724,9.604637,9.170879,9.201862,2361801.8
1999-10-27,HAS,9.201862,9.604637,9.201862,9.542672,2720469.8
1999-10-28,HAS,9.634667,10.877851,9.603588,10.442737,4905352
1999-10-29,HAS,10.94001,11.312964,10.16302,10.256259,4160892
1999-11-01,HAS,10.287339,10.567055,10.100862,10.131941,1382539.9
1999-11-02,HAS,10.16302,10.442737,10.131941,10.22518,1433819.5
1999-11-03,HAS,10.256259,10.908931,10.22518,10.691373,4779666.5
1999-11-04,HAS,10.94001,10.971089,10.722453,10.908931,1711333
1999-11-05,HAS,11.064328,11.65484,11.064328,11.468363,3368168.8
1999-11-08,HAS,11.499442,11.592681,10.908931,11.157567,2556542.5
1999-11-09,HAS,11.4372835,11.62376,10.815692,10.94001,2359266.5
1999-11-10,HAS,10.94001,11.126488,10.94001,11.033249,1736872.2
1999-11-11,HAS,11.250806,11.281885,10.877851,10.971089,2122978
1999-11-12,HAS,11.0954075,11.126488,10.784612,10.94001,1594495.9
1999-11-15,HAS,10.94001,11.716999,10.94001,11.592681,2490582.8
1999-11-16,HAS,11.934556,12.058874,11.62376,11.68592,1998499.1
1999-11-17,HAS,11.748078,11.779159,11.250806,11.561602,1343728.2
1999-11-18,HAS,11.499442,11.530521,11.188646,11.344045,1043893
1999-11-19,HAS,11.219726,11.530521,11.188646,11.406203,1020163.6
1999-11-22,HAS,11.375124,11.406203,10.877851,10.94001,2522356
1999-11-23,HAS,10.94001,11.033249,10.722453,10.94001,1573179.6
1999-11-24,HAS,11.002169,11.4372835,11.002169,11.312964,1744111.8
1999-11-26,HAS,11.312964,11.499442,11.312964,11.406203,978737.7
1999-11-29,HAS,11.499442,11.499442,11.126488,11.126488,1960491.9
1999-11-30,HAS,11.126488,11.312964,10.722453,10.722453,1842850.2
1999-12-01,HAS,10.846771,11.033249,10.691373,10.691373,1251625.9
1999-12-02,HAS,10.815692,10.877851,10.256259,10.349498,1783928.9
1999-12-03,HAS,10.473816,10.567055,10.22518,10.349498,1455940.1
1999-12-06,HAS,10.877851,10.877851,10.473816,10.660294,1087933.2
1999-12-07,HAS,10.753532,10.846771,9.914384,10.567055,3514366
1999-12-08,HAS,11.4372835,11.4372835,10.722453,11.002169,4142793.2
1999-12-09,HAS,10.971089,11.064328,9.976543,10.007623,4299850
1999-12-10,HAS,10.256259,10.442737,10.100862,10.442737,3770764.5
1999-12-13,HAS,10.442737,10.442737,10.069782,10.131941,1809669.2
1999-12-14,HAS,10.007623,10.256259,9.572509,9.572509,2386414.8
1999-12-15,HAS,9.634667,9.665748,8.73336,8.981997,7635039
1999-12-16,HAS,9.106315,9.323872,8.702281,8.919838,3800727.8
1999-12-17,HAS,8.919838,9.5414295,8.919838,9.261713,4982573
1999-12-20,HAS,9.075235,9.292792,8.76444,8.795519,3345847
1999-12-21,HAS,8.795519,8.919838,8.391485,8.640121,3514366
1999-12-22,HAS,8.577962,8.577962,8.453644,8.546883,1928718.5
1999-12-23,HAS,8.515803,9.168474,8.484724,9.013077,3374201.8
1999-12-27,HAS,9.075235,9.41711,9.075235,9.075235,2159979.8
1999-12-28,HAS,9.075235,9.230634,8.981997,9.044156,2031277.9
1999-12-29,HAS,9.354952,9.41711,8.950917,9.013077,1267713.6
1999-12-30,HAS,8.981997,9.292792,8.919838,9.261713,2325482.2
1999-12-31,HAS,9.168474,9.510349,9.106315,9.41711,1399230.9
2000-01-03,HAS,9.354952,9.41711,9.137395,9.168474,1849084.2
2000-01-04,HAS,9.137395,9.230634,8.546883,8.577962,3207693.8
2000-01-05,HAS,8.546883,8.546883,8.142848,8.173928,3948936
2000-01-06,HAS,8.173928,8.173928,7.863132,7.956371,6795661
2000-01-07,HAS,7.956371,8.329326,7.894212,8.236087,4990416
2000-01-10,HAS,8.236087,8.671201,8.236087,8.609042,2748589.8
2000-01-11,HAS,8.577962,8.671201,8.391485,8.391485,3233434
2000-01-12,HAS,8.453644,8.640121,8.4225645,8.515803,1510638.5
2000-01-13,HAS,8.484724,8.640121,8.453644,8.453644,1443673.2
2000-01-14,HAS,8.484724,8.515803,8.205008,8.205008,1677548.8
2000-01-18,HAS,8.111769,8.329326,8.111769,8.142848,1178024.5
2000-01-19,HAS,8.142848,8.205008,7.894212,7.956371,3434530.8
2000-01-20,HAS,7.9874506,7.9874506,7.645575,7.707734,3017858.2
2000-01-21,HAS,7.769893,8.01853,7.676655,7.707734,3482391.8
2000-01-24,HAS,7.738814,7.9874506,7.707734,7.863132,2503453
2000-01-25,HAS,7.8320527,7.894212,7.490177,7.645575,2357859
2000-01-26,HAS,7.552336,7.800973,7.490177,7.800973,2557749
2000-01-27,HAS,7.6144958,7.894212,7.6144958,7.707734,1119907.6
2000-01-28,HAS,7.893688,7.893688,7.581685,7.7376866,1223143.4
2000-01-31,HAS,7.7376866,7.893688,7.488084,7.488084,2540837
2000-02-01,HAS,7.5504847,7.675286,7.4568834,7.6128855,2093726.5
2000-02-02,HAS,7.675286,8.236893,7.6440854,7.831288,3090710.5
2000-02-03,HAS,7.831288,8.361693,7.831288,8.205692,2812268.2
2000-02-04,HAS,8.299293,8.361693,7.831288,7.9248886,2819479.8
2000-02-07,HAS,8.01849,8.174492,7.893688,8.01849,2161434.2
2000-02-08,HAS,8.236893,8.361693,7.7376866,8.112091,4947460.5
2000-02-09,HAS,8.112091,8.143291,7.6128855,7.862488,1952702.5
2000-02-10,HAS,7.7376866,7.768887,7.425683,7.488084,3808851.5
2000-02-11,HAS,7.5192842,7.6440854,7.17608,7.5192842,3980524.2
2000-02-14,HAS,7.6128855,8.04969,7.6128855,7.893688,4115939.5
2000-02-15,HAS,7.956089,8.143291,7.893688,7.9248886,3178249.8
2000-02-16,HAS,7.9248886,8.04969,7.8000875,7.893688,2936065
2000-02-17,HAS,7.893688,7.956089,7.706486,7.7376866,1938880.5
2000-02-18,HAS,7.706486,8.080891,7.6128855,7.675286,3308656.8
2000-02-22,HAS,7.706486,7.893688,7.581685,7.7376866,2192683.8
2000-02-23,HAS,7.706486,7.706486,7.4568834,7.5192842,1712520.9
2000-02-24,HAS,7.5192842,7.5504847,7.2072806,7.238481,2490557
2000-02-25,HAS,7.2696815,8.01849,7.238481,7.9872894,5457871.5
2000-02-28,HAS,7.956089,8.01849,7.6440854,7.862488,3614943.5
2000-02-29,HAS,7.862488,8.01849,7.8000875,7.862488,2646805.2
2000-03-01,HAS,7.862488,7.956089,7.675286,7.675286,3289626.8
2000-03-02,HAS,7.675286,7.768887,7.581685,7.6128855,2693880
2000-03-03,HAS,7.6128855,7.8000875,7.581685,7.8000875,1847936
2000-03-06,HAS,7.675286,7.675286,7.581685,7.6440854,1815284.1
2000-03-07,HAS,7.6128855,7.6128855,7.17608,7.238481,3087505.5
2000-03-08,HAS,7.17608,7.2072806,6.8640766,7.051279,3119556.5
2000-03-09,HAS,7.11368,7.3320823,6.957678,7.300882,1431674.6
2000-03-10,HAS,7.0200787,7.3320823,6.9888783,7.17608,1855948.8
2000-03-13,HAS,7.17608,7.363282,7.0824795,7.238481,1418854.2
2000-03-14,HAS,7.238481,7.363282,7.17608,7.2696815,1788842.1
2000-03-15,HAS,7.2696815,7.5504847,7.2696815,7.488084,2172051
2000-03-16,HAS,7.488084,7.831288,7.488084,7.7376866,3007578.5
2000-03-17,HAS,7.7376866,7.893688,7.706486,7.831288,1818889.9
2000-03-20,HAS,7.956089,8.04969,7.862488,7.956089,1223143.4
2000-03-21,HAS,7.956089,8.143291,7.9248886,8.04969,1924658
2000-03-22,HAS,8.04969,8.174492,8.01849,8.04969,2272811
2000-03-23,HAS,8.04969,8.205692,8.01849,8.174492,2476334.5
2000-03-24,HAS,8.143291,8.424094,8.143291,8.268092,2287033.8
2000-03-27,HAS,8.268092,8.455295,8.205692,8.424094,4250152.5
2000-03-28,HAS,8.392894,8.736097,8.236893,8.486495,3126968.2
2000-03-29,HAS,8.486495,8.611297,7.8000875,7.9872894,3609935.5
2000-03-30,HAS,8.04969,8.361693,7.9872894,8.330493,2270407.2
2000-03-31,HAS,8.236893,8.611297,8.174492,8.330493,2211113
2000-04-03,HAS,8.299293,8.392894,8.174492,8.299293,894220.75
2000-04-04,HAS,8.330493,8.486495,7.675286,8.299293,1368574.4
2000-04-05,HAS,8.330493,8.580096,8.112091,8.424094,1084122.5
2000-04-06,HAS,8.611297,8.673697,8.424094,8.673697,2952891.5
2000-04-07,HAS,8.673697,8.9233,8.392894,8.455295,1966925.1
2000-04-10,HAS,8.486495,8.767298,8.330493,8.736097,1914642
2000-04-11,HAS,8.642497,8.860899,8.517695,8.736097,1286243.6
2000-04-12,HAS,8.798498,8.860899,8.236893,8.299293,1416049.9
2000-04-13,HAS,8.486495,8.548896,8.361693,8.455295,931680.25
2000-04-14,HAS,8.236893,8.455295,7.6128855,7.7376866,2417040.2
2000-04-17,HAS,7.488084,7.893688,7.488084,7.893688,1683074.1
2000-04-18,HAS,7.893688,7.9872894,7.831288,7.9872894,1429070.5
2000-04-19,HAS,7.9872894,8.205692,7.9872894,8.04969,1142615.4
2000-04-20,HAS,7.9248886,8.04969,7.7376866,7.8000875,1181877.8
2000-04-24,HAS,7.893688,7.956089,7.8000875,7.862488,985766.2
2000-04-25,HAS,8.04969,8.112091,7.831288,8.01849,1720133
2000-04-26,HAS,8.01849,8.205692,7.893688,8.112091,953514.94
2000-04-27,HAS,8.204786,8.236102,7.9542584,8.1734705,978733.56
2000-04-28,HAS,8.142155,8.204786,7.8289948,7.9855747,673777.44
2000-05-01,HAS,7.9542584,8.110839,7.7663627,8.016891,956181.2
2000-05-02,HAS,7.8603106,7.9855747,7.7663627,7.8603106,915666.75
2000-05-03,HAS,7.891627,8.016891,7.7037306,7.7976785,1063554.5
2000-05-04,HAS,7.672415,7.8603106,7.672415,7.7037306,1974231.8
2000-05-05,HAS,7.7663627,7.891627,7.7037306,7.8289948,711896.94
2000-05-08,HAS,7.7037306,7.8603106,7.7037306,7.8603106,552433.6
2000-05-09,HAS,7.8603106,8.016891,7.7976785,8.016891,1617983.9
2000-05-10,HAS,7.891627,7.9855747,7.8289948,7.9855747,941013.25
2000-05-11,HAS,8.016891,8.204786,7.9855747,8.204786,1172724
2000-05-12,HAS,8.1734705,8.517946,8.142155,8.423998,2063643
2000-05-15,HAS,8.204786,8.705842,8.204786,8.705842,1439760.2
2000-05-16,HAS,8.64321,8.831106,8.48663,8.831106,1206452.8
2000-05-17,HAS,8.79979,8.831106,8.549262,8.737158,630868.06
2000-05-18,HAS,8.737158,9.300846,8.737158,9.081634,1617983.9
2000-05-19,HAS,8.893738,9.019002,8.549262,8.580578,928838.94
2000-05-22,HAS,8.768474,8.768474,8.361366,8.48663,704712.1
2000-05-23,HAS,8.48663,8.705842,8.455315,8.64321,837431.94
2000-05-24,HAS,8.768474,8.768474,8.423998,8.549262,847610.44
2000-05-25,HAS,8.580578,8.79979,8.455315,8.549262,923849.44
2000-05-26,HAS,8.517946,8.549262,8.1734705,8.236102,1425191
2000-05-30,HAS,8.267418,8.423998,7.9855747,8.1734705,1421199.4
2000-05-31,HAS,8.204786,8.33005,8.1734705,8.204786,981328.1
2000-06-01,HAS,8.079522,8.236102,8.048206,8.236102,860782.6
2000-06-02,HAS,8.267418,8.862422,8.267418,8.580578,1713182.9
2000-06-05,HAS,8.705842,8.705842,8.33005,8.361366,1763077.6
2000-06-06,HAS,8.298735,8.361366,8.236102,8.236102,967956.3
2000-06-07,HAS,8.267418,8.361366,8.236102,8.298735,1093690.9
2000-06-08,HAS,8.204786,8.267418,8.048206,8.079522,1370905.6
2000-06-09,HAS,8.079522,8.392682,8.079522,8.236102,1619979.8
2000-06-12,HAS,8.267418,8.392682,8.236102,8.298735,1493047.8
2000-06-13,HAS,8.33005,8.737158,8.33005,8.517946,1495841.8
2000-06-14,HAS,8.455315,8.768474,8.455315,8.705842,1046989.5
2000-06-15,HAS,8.831106,8.862422,8.705842,8.79979,1493446.9
2000-06-16,HAS,8.862422,8.893738,8.580578,8.674526,1311830.2
2000-06-19,HAS,8.737158,8.893738,8.423998,8.455315,1041600.9
2000-06-20,HAS,8.580578,8.580578,8.110839,8.423998,1165738.8
2000-06-21,HAS,8.392682,8.674526,8.361366,8.455315,1314025.6
2000-06-22,HAS,8.423998,8.48663,8.204786,8.33005,928240.2
2000-06-23,HAS,8.204786,8.549262,8.1734705,8.455315,1072735.1
2000-06-26,HAS,8.392682,8.580578,8.392682,8.455315,736644.7
2000-06-27,HAS,8.392682,8.549262,8.392682,8.517946,1071537.6
2000-06-28,HAS,8.549262,8.64321,8.517946,8.611894,857589.4
2000-06-29,HAS,8.549262,8.611894,8.33005,8.549262,806297.6
2000-06-30,HAS,8.517946,8.580578,7.5471506,7.5471506,1740126
2000-07-03,HAS,8.016891,8.517946,8.016891,8.423998,1161747.1
2000-07-05,HAS,8.48663,8.925054,8.423998,8.549262,1940902.1
2000-07-06,HAS,8.423998,8.549262,8.423998,8.48663,1283889.2
2000-07-07,HAS,8.517946,8.517946,8.361366,8.392682,574586.9
2000-07-10,HAS,8.392682,8.455315,8.33005,8.361366,831644.1
2000-07-11,HAS,8.392682,8.392682,8.110839,8.1734705,1061359.1
2000-07-12,HAS,8.1734705,8.236102,7.891627,7.9229426,1160150.5
2000-07-13,HAS,7.9229426,8.267418,7.8603106,8.236102,1638540.5
2000-07-14,HAS,8.236102,8.361366,8.236102,8.33005,1518593.8
2000-07-17,HAS,8.361366,8.455315,8.267418,8.298735,733251.9
2000-07-18,HAS,8.267418,8.33005,8.1734705,8.1734705,476793.34
2000-07-19,HAS,8.1734705,8.1734705,7.9855747,7.9855747,445259.9
2000-07-20,HAS,6.6389875,6.764251,6.043984,6.043984,12599000
2000-07-21,HAS,5.91872,5.950036,5.1984525,5.542928,12082690
2000-07-24,HAS,5.7621403,5.91872,5.6055603,5.856088,3474863.5
2000-07-25,HAS,5.950036,5.981352,5.7621403,5.793456,1832930.1
2000-07-26,HAS,5.793456,6.2318797,5.793456,5.856088,2880917.5
2000-07-27,HAS,5.887404,6.0126677,5.856088,6.0126677,1032420.25
2000-07-28,HAS,5.979935,6.042882,5.5707817,5.6652017,1327313.8
2000-07-31,HAS,5.602255,5.791095,5.602255,5.7281485,1163484.6
2000-08-01,HAS,5.6652017,5.7281485,5.539308,5.602255,2252104.2
2000-08-02,HAS,5.6652017,5.9484615,5.6337285,5.6337285,975230.06
2000-08-03,HAS,5.6337285,5.6652017,5.318995,5.413415,2044786
2000-08-04,HAS,5.413415,5.539308,5.1301546,5.1931014,4233344.5
2000-08-07,HAS,5.256048,5.4763618,5.224575,5.444888,2806541.8
2000-08-08,HAS,5.318995,5.444888,5.2875214,5.350468,1607908.4
2000-08-09,HAS,5.2875214,5.3819413,5.2875214,5.350468,1846205.2
2000-08-10,HAS,5.350468,5.5707817,5.350468,5.539308,2408387.2
2000-08-11,HAS,5.507835,5.539308,5.413415,5.4763618,1219881.5
2000-08-14,HAS,5.507835,5.602255,5.4763618,5.602255,4379103
2000-08-15,HAS,5.602255,5.602255,5.350468,5.350468,1829524.5
2000-08-16,HAS,5.413415,5.5707817,5.318995,5.413415,6020571.5
2000-08-17,HAS,5.413415,5.539308,5.2875214,5.444888,1780077.9
2000-08-18,HAS,5.444888,5.696675,5.444888,5.539308,1518745.6
2000-08-21,HAS,5.539308,5.6337285,5.413415,5.507835,974038.56
2000-08-22,HAS,5.4763618,5.6652017,5.4763618,5.602255,1155541.4
2000-08-23,HAS,5.602255,5.696675,5.5707817,5.5707817,1337044.2
2000-08-24,HAS,5.602255,5.791095,5.539308,5.696675,2119849.5
2000-08-25,HAS,5.791095,5.979935,5.7596216,5.9484615,1946687.1
2000-08-28,HAS,5.979935,6.326142,5.9484615,6.2002482,2914569.8
2000-08-29,HAS,6.2002482,6.263195,5.979935,6.168775,1570376.6
2000-08-30,HAS,6.074355,6.137302,6.0114083,6.042882,1157130
2000-08-31,HAS,6.074355,6.231722,5.885515,6.2002482,1762205.6
2000-09-01,HAS,6.263195,6.420562,6.074355,6.2946687,1340817.2
2000-09-05,HAS,6.231722,6.452035,6.168775,6.2002482,2705861.2
2000-09-06,HAS,6.231722,6.263195,5.8540416,5.979935,1542972.5
2000-09-07,HAS,6.0114083,6.168775,5.9169884,6.168775,1074719
2000-09-08,HAS,6.231722,6.2946687,5.9484615,5.979935,952989
2000-09-11,HAS,5.979935,5.979935,5.696675,5.7596216,1935963.8
2000-09-12,HAS,5.5707817,5.7281485,5.539308,5.6337285,1620220.4
2000-09-13,HAS,5.6337285,5.6652017,5.507835,5.539308,1129130.1
2000-09-14,HAS,5.4763618,5.7596216,5.3819413,5.7596216,3078001.8
2000-09-15,HAS,5.6652017,5.7281485,5.602255,5.6652017,3737091.2
2000-09-18,HAS,5.7281485,5.791095,5.413415,5.507835,1752078
2000-09-19,HAS,5.5707817,5.7281485,5.539308,5.6337285,700592.9
2000-09-20,HAS,6.042882,6.168775,5.507835,5.539308,4337401
2000-09-21,HAS,5.602255,5.791095,5.507835,5.539308,1995935.1
2000-09-22,HAS,5.507835,5.6652017,5.4763618,5.507835,1074917.6
2000-09-25,HAS,5.507835,5.507835,5.350468,5.3819413,1025868.2
2000-09-26,HAS,5.3819413,5.444888,5.350468,5.413415,921414.7
2000-09-27,HAS,5.413415,5.8540416,5.318995,5.7596216,2436188.8
2000-09-28,HAS,5.791095,5.8225684,5.602255,5.7281485,1627965
2000-09-29,HAS,5.7596216,5.8540416,5.5707817,5.7596216,1867652
2000-10-02,HAS,5.696675,5.7281485,5.539308,5.7281485,1108676.4
2000-10-03,HAS,5.7281485,5.7596216,5.5707817,5.6652017,1039967.4
2000-10-04,HAS,5.6337285,5.7596216,5.5707817,5.6337285,1225044.6
2000-10-05,HAS,5.602255,5.6652017,5.5707817,5.6337285,801273.3
2000-10-06,HAS,5.6337285,5.885515,5.5707817,5.885515,2460614
2000-10-09,HAS,5.8540416,6.1058283,5.8225684,5.979935,1432164.4
2000-10-10,HAS,6.1058283,6.2002482,5.9169884,5.9169884,1636901.1
2000-10-11,HAS,5.9169884,5.979935,5.791095,5.8540416,2172076.2
2000-10-12,HAS,4.9098415,5.0672083,4.532161,5.0672083,8395597
2000-10-13,HAS,5.0357347,5.3819413,5.0042615,5.0986814,1661525.1
2000-10-16,HAS,5.1301546,5.3819413,5.0357347,5.1931014,6799603.5
2000-10-17,HAS,5.256048,5.318995,5.0042615,5.0357347,1669269.8
2000-10-18,HAS,4.972788,5.1301546,4.8468947,5.0986814,1714546.2
2000-10-19,HAS,5.0357347,5.224575,5.0042615,5.1931014,2509663.5
2000-10-20,HAS,5.0672083,5.1616282,4.9413147,5.0357347,5918302
2000-10-23,HAS,4.9413147,5.0672083,4.9413147,5.0042615,1467511.8
2000-10-24,HAS,5.0357347,5.0986814,4.9413147,4.972788,4484747.5
2000-10-25,HAS,4.972788,5.1931014,4.972788,5.1616282,1253044.5
2000-10-26,HAS,5.0986814,5.318995,5.0986814,5.1931014,1323342.1
2000-10-27,HAS,5.224575,5.318995,5.1301546,5.1616282,652536.4
2000-10-30,HAS,5.192021,5.350314,5.1287036,5.286997,1441943.4
2000-10-31,HAS,5.286997,5.4769487,5.2236795,5.44529,3125526.8
2000-11-01,HAS,5.4136314,5.44529,5.350314,5.4136314,1979513.4
2000-11-02,HAS,5.350314,5.666901,5.3186555,5.603584,1887713.9
2000-11-03,HAS,5.603584,6.0151463,5.603584,5.856853,2299528.5
2000-11-06,HAS,5.7935357,5.8251944,5.7302184,5.761877,615747.7
2000-11-07,HAS,5.7302184,5.856853,5.6985598,5.856853,328701.5
2000-11-08,HAS,5.8251944,6.5533433,5.8251944,6.300074,3936323.8
2000-11-09,HAS,6.236757,6.2684155,6.0151463,6.0784636,791844.8
2000-11-10,HAS,6.0784636,6.110122,5.761877,5.8251944,1361199.2
2000-11-13,HAS,5.761877,6.141781,5.761877,6.046805,2131130.8
2000-11-14,HAS,6.0784636,6.205098,6.0151463,6.110122,1087577.5
2000-11-15,HAS,6.110122,6.141781,6.0151463,6.0151463,1751692.6
2000-11-16,HAS,6.0151463,6.046805,5.856853,5.9201703,3128488
2000-11-17,HAS,5.9201703,6.0151463,5.856853,6.0151463,1566711.8
2000-11-20,HAS,5.9834876,6.0151463,5.8251944,5.8885117,1622383.6
2000-11-21,HAS,5.8885117,5.8885117,5.6985598,5.761877,752361.2
2000-11-22,HAS,5.7302184,5.761877,5.6985598,5.6985598,527699.1
2000-11-24,HAS,5.6985598,5.8885117,5.666901,5.8251944,429187.4
2000-11-27,HAS,5.8251944,5.9834876,5.7935357,5.8251944,1222019.4
2000-11-28,HAS,5.856853,6.0784636,5.8251944,6.046805,1681609.1
2000-11-29,HAS,6.0784636,6.110122,5.8251944,5.856853,1774000.9
2000-11-30,HAS,5.856853,5.951829,5.8251944,5.856853,1069020.1
2000-12-01,HAS,5.8251944,5.9834876,5.7935357,5.9201703,1069217.6
2000-12-04,HAS,5.856853,6.110122,5.856853,6.0151463,1846848.2
2000-12-05,HAS,5.951829,6.141781,5.951829,5.951829,1088762
2000-12-06,HAS,5.9201703,5.9834876,5.8251944,5.856853,1335732.2
2000-12-07,HAS,4.305578,4.717141,4.242261,4.622165,12984005
2000-12-08,HAS,4.7488,5.0337276,4.6854825,4.9387517,3694288.8
2000-12-11,HAS,4.9387517,4.9387517,4.7488,4.7804585,2538997
2000-12-12,HAS,4.7804585,4.907093,4.7804585,4.907093,2282353
2000-12-13,HAS,4.9387517,4.9387517,4.717141,4.717141,2136855.8
2000-12-14,HAS,4.717141,4.8754344,4.717141,4.7488,1355474.1
2000-12-15,HAS,4.7488,4.8437757,4.6854825,4.7804585,1652193.9
2000-12-18,HAS,4.812117,4.8754344,4.7804585,4.7804585,2277417.5
2000-12-19,HAS,4.7488,4.8437757,4.6854825,4.812117,1596916.8
2000-12-20,HAS,4.7488,4.7804585,4.6854825,4.7488,1154304.9
2000-12-21,HAS,4.7488,4.9387517,4.717141,4.907093,2317098.8
2000-12-22,HAS,4.907093,5.002069,4.8754344,4.9704103,1254790.8
2000-12-26,HAS,4.907093,4.907093,4.812117,4.907093,2761290
2000-12-27,HAS,4.8437757,5.1287036,4.812117,5.097045,1538283.5
2000-12-28,HAS,5.0653863,5.540266,5.0653863,5.381973,1714972.9
2000-12-29,HAS,5.381973,5.44529,5.3186555,5.381973,2020971.2
2001-01-02,HAS,5.44529,5.571925,5.2236795,5.2236795,2288670.5
2001-01-03,HAS,5.286997,5.540266,5.286997,5.5086074,1278678.4
2001-01-04,HAS,5.571925,5.8885117,5.571925,5.856853,1798678.2
2001-01-05,HAS,5.9201703,5.9834876,5.6985598,5.7935357,1319346.6
2001-01-08,HAS,5.7935357,5.8885117,5.666901,5.7935357,1373439.1
2001-01-09,HAS,6.0151463,6.5216846,5.7935357,6.205098,1489916
2001-01-10,HAS,6.0151463,6.300074,6.0151463,6.236757,924115.1
2001-01-11,HAS,6.2684155,6.4267087,6.0784636,6.205098,1093697.4
2001-01-12,HAS,6.205098,6.4583673,6.110122,6.39505,1828291
2001-01-16,HAS,6.236757,6.39505,6.110122,6.3633914,1021639.75
2001-01-17,HAS,6.300074,6.39505,6.236757,6.39505,1187866
2001-01-18,HAS,6.39505,6.5216846,6.3317327,6.490026,1348761.9
2001-01-19,HAS,6.5216846,6.5216846,6.141781,6.300074,838435.56
2001-01-22,HAS,6.236757,6.300074,6.141781,6.2684155,735185.8
2001-01-23,HAS,6.2684155,6.4267087,6.205098,6.39505,1090933.6
2001-01-24,HAS,6.2684155,6.4267087,6.205098,6.205098,1354092.1
2001-01-25,HAS,6.236757,6.236757,5.951829,6.0784636,2573742.5
2001-01-26,HAS,6.0784636,6.0784636,5.761877,5.8251944,1881396.5
2001-01-29,HAS,5.8251944,6.0379405,5.759344,6.007548,2246028
2001-01-30,HAS,6.0430956,6.0887995,5.926296,6.0684867,1211051.5
2001-01-31,HAS,5.9923134,6.0684867,5.941531,6.0329394,802247.75
2001-02-01,HAS,6.0329394,6.0380177,5.890749,6.007548,1062377.6
2001-02-02,HAS,6.0684867,6.220834,6.0684867,6.093878,3327142.5
2001-02-05,HAS,6.1446605,6.297007,5.9720006,6.220834,2064498.1
2001-02-06,HAS,6.2716165,7.429453,6.1649733,6.8556128,3998242.2
2001-02-07,HAS,6.7895956,6.794674,6.555997,6.555997,1035005.94
2001-02-08,HAS,6.561075,6.7845173,6.378259,6.642327,1251026
2001-02-09,HAS,6.66264,6.794674,6.2919292,6.535684,1559794.9
2001-02-12,HAS,6.4747453,6.5661535,6.1954427,6.373181,2179892.8
2001-02-13,HAS,6.4112673,6.5458407,6.246225,6.297007,1667115.8
2001-02-14,HAS,6.297007,6.5915446,6.297007,6.510293,1162018.6
2001-02-15,HAS,6.6017013,6.657562,6.4950585,6.6017013,1484375
2001-02-16,HAS,6.5509186,6.555997,6.352868,6.398572,843206.9
2001-02-20,HAS,6.398572,6.6017013,6.2716165,6.2716165,738052.2
2001-02-21,HAS,6.322398,6.398572,6.2309904,6.34779,1009603.4
2001-02-22,HAS,6.297007,6.398572,6.1852865,6.363024,4585454.5
2001-02-23,HAS,6.34779,6.439198,6.220834,6.439198,1390641.5
2001-02-26,HAS,6.4899797,6.8403783,6.4747453,6.6017013,1703939.6
2001-02-27,HAS,6.7794394,6.8302217,6.398572,6.728657,1259493.5
2001-02-28,HAS,6.728657,6.957177,6.1852865,6.2360682,2878167.2
2001-03-01,HAS,6.322398,6.5509186,6.17513,6.5509186,980656.3
2001-03-02,HAS,6.7032657,6.7185,6.225912,6.423963,838087
2001-03-05,HAS,6.373181,6.652484,6.363024,6.652484,727812.4
2001-03-06,HAS,6.657562,6.7540483,6.5813885,6.6321707,1030279.9
2001-03-07,HAS,6.728657,6.931786,6.505215,6.860691,1416831.8
2001-03-08,HAS,6.8556128,7.0231943,6.8302217,6.9419427,834148.6
2001-03-09,HAS,6.931786,7.134916,6.886082,7.134916,1153354.2
2001-03-12,HAS,7.1095243,7.1247587,6.8556128,6.896239,1774633.5
2001-03-13,HAS,6.947021,6.957177,6.814987,6.957177,1166154
2001-03-14,HAS,6.8556128,6.896239,6.7540483,6.7794394,2135586
2001-03-15,HAS,6.769283,7.033351,6.7337356,6.8505344,704772.9
2001-03-16,HAS,6.57631,6.774361,6.530606,6.611858,1316797
2001-03-19,HAS,6.66264,6.8505344,6.611858,6.7032657,355044.84
2001-03-20,HAS,6.80483,6.9114733,6.6727967,6.6778746,599421.25
2001-03-21,HAS,6.728657,6.8302217,6.535684,6.74897,567323.44
2001-03-22,HAS,6.34779,6.682953,6.027861,6.225912,1693699.8
2001-03-23,HAS,6.225912,6.439198,6.0430956,6.398572,902479.5
2001-03-26,HAS,6.449354,6.4747453,6.17513,6.4544325,657118.5
2001-03-27,HAS,6.40365,6.408728,6.2055993,6.3274765,1306557.1
2001-03-28,HAS,6.3274765,6.398572,6.251303,6.2766943,657906.2
2001-03-29,HAS,6.4544325,6.5509186,6.363024,6.4899797,598830.5
2001-03-30,HAS,6.4899797,6.6017013,6.3325553,6.5509186,561809.75
2001-04-02,HAS,6.500137,6.5915446,6.378259,6.5915446,816229
2001-04-03,HAS,6.4112673,6.5915446,6.225912,6.3579464,980459.4
2001-04-04,HAS,6.363024,6.3884153,6.2411466,6.297007,922959.06
2001-04-05,HAS,6.373181,6.449354,6.322398,6.3934937,1196676.4
2001-04-06,HAS,6.34779,6.373181,6.170051,6.3274765,1316403.1
2001-04-09,HAS,6.2766943,6.378259,6.0329394,6.297007,1264416.5
2001-04-10,HAS,6.322398,6.34779,6.170051,6.246225,1631276.5
2001-04-11,HAS,6.1954427,6.210677,5.9923134,6.093878,1281154.6
2001-04-12,HAS,6.1446605,6.170051,6.022783,6.1192694,1191950.4
2001-04-16,HAS,6.093878,6.1954427,6.027861,6.093878,885150.6
2001-04-17,HAS,6.0430956,6.0887995,5.926296,6.083721,810321.44
2001-04-18,HAS,6.093878,6.2716165,6.017705,6.1192694,2182058.8
2001-04-19,HAS,6.1192694,6.1243477,5.890749,5.9313745,1394186.1
2001-04-20,HAS,5.9669223,5.9923134,5.8450446,5.987235,2400835.8
2001-04-23,HAS,5.713011,6.053252,5.3321433,5.9923134,1349879.4
2001-04-24,HAS,6.0430956,6.053252,5.8450446,6.007548,1069269.9
2001-04-25,HAS,6.007548,6.007548,5.763793,5.875514,586621.5
2001-04-26,HAS,5.890749,5.9669223,5.8298097,5.941531,779602.06
2001-04-27,HAS,5.941531,6.236826,5.880436,6.109544,1217570.5
2001-04-30,HAS,6.1604567,6.287739,5.987353,6.236826,1484890
2001-05-01,HAS,6.211369,6.6186724,6.206278,6.3946557,1588203.8
2001-05-02,HAS,6.3946557,6.8732367,6.2826476,6.8732367,1488425.4
2001-05-03,HAS,6.6186724,6.695041,6.308104,6.5932155,1332865.5
2001-05-04,HAS,6.6186724,6.6186724,6.415021,6.5932155,485142.62
2001-05-07,HAS,6.6186724,6.812141,6.527029,6.6135807,657594.1
2001-05-08,HAS,6.5932155,6.7459545,6.5932155,6.628855,586885.06
2001-05-09,HAS,6.6797676,6.7459545,6.5168467,6.628855,536799.5
2001-05-10,HAS,6.8732367,6.8732367,6.527029,6.6186724,471786.47
2001-05-11,HAS,6.7968674,6.7968674,6.506664,6.7204976,723982.06
2001-05-14,HAS,6.7459545,6.8477798,6.7204976,6.7815933,634613.7
2001-05-15,HAS,6.7866845,7.1023445,6.7815933,7.000519,1488425.4
2001-05-16,HAS,7.000519,7.2041698,6.9750624,7.1532574,1146272.2
2001-05-17,HAS,7.127801,7.535104,7.0768876,7.412913,1680518.4
2001-05-18,HAS,7.458734,7.621656,7.356909,7.484191,1614326.9
2001-05-21,HAS,7.382365,7.6980247,7.127801,7.682751,902915.25
2001-05-22,HAS,7.433278,7.6929336,7.331452,7.586016,1111114.1
2001-05-23,HAS,7.7132983,7.840581,7.555469,7.591108,1409467
2001-05-24,HAS,7.540195,7.6012907,7.5096474,7.535104,1370184.2
2001-05-25,HAS,7.494374,7.56056,7.4078217,7.4994645,1556973.9
2001-05-29,HAS,7.611473,7.611473,7.4383693,7.5147386,1763601.5
2001-05-30,HAS,7.4638257,7.611473,7.418004,7.489282,1975532.2
2001-05-31,HAS,7.5096474,7.6369295,7.5096474,7.6369295,588652.8
2001-06-01,HAS,7.611473,7.7642117,7.5707426,7.738755,1078509.4
2001-06-04,HAS,7.6369295,7.891494,7.611473,7.881311,406969.84
2001-06-05,HAS,7.754029,7.9424067,7.682751,7.911859,776228.2
2001-06-06,HAS,7.891494,7.922042,7.723481,7.8354897,491820.7
2001-06-07,HAS,7.723481,7.7947598,7.56056,7.789668,5674401
2001-06-08,HAS,7.738755,7.7642117,7.423095,7.6369295,1747102.8
2001-06-11,HAS,7.6369295,7.8354897,7.5707426,7.662386,1736692.8
2001-06-12,HAS,7.6369295,7.7132983,7.611473,7.7082076,345885.1
2001-06-13,HAS,7.7132983,7.7132983,7.611473,7.631838,495552.56
2001-06-14,HAS,7.586016,7.631838,7.484191,7.5707426,1260978
2001-06-15,HAS,7.458734,7.586016,7.4383693,7.5045557,863436
2001-06-18,HAS,7.362,7.6267467,7.362,7.6267467,720446.6
2001-06-19,HAS,7.5758343,7.586016,7.4434605,7.489282,390667.47
2001-06-20,HAS,7.489282,7.489282,7.1532574,7.4434605,1256067.6
2001-06-21,HAS,7.494374,7.545286,7.3009048,7.535104,1081652
2001-06-22,HAS,7.586016,7.6012907,7.331452,7.448552,925502.9
2001-06-25,HAS,7.397639,7.428187,7.265266,7.290722,464126.3
2001-06-26,HAS,7.239809,7.494374,7.199079,7.4027305,1252728.6
2001-06-27,HAS,7.2754483,7.5096474,7.2449,7.3721824,703358.6
2001-06-28,HAS,7.362,7.4638257,7.362,7.433278,678806.9
2001-06-29,HAS,7.382365,7.6063814,7.3161783,7.356909,1967086.4
2001-07-02,HAS,7.356909,7.5707426,7.1939874,7.5707426,709643.9
2001-07-03,HAS,7.5707426,7.631838,7.356909,7.631838,375347.2
2001-07-05,HAS,7.596199,7.6012907,7.367091,7.484191,1610202.1
2001-07-06,HAS,7.351817,7.382365,7.0819793,7.2805395,833581.06
2001-07-09,HAS,7.2856307,7.423095,7.183805,7.4078217,701394.44
2001-07-10,HAS,7.4078217,7.4078217,7.183805,7.2449,979320.3
2001-07-11,HAS,7.127801,7.255083,7.127801,7.255083,499088.03
2001-07-12,HAS,7.148166,7.4383693,7.0870705,7.382365,679788.94
2001-07-13,HAS,7.2041698,7.433278,7.066705,7.392548,690395.25
2001-07-16,HAS,7.178714,7.382365,7.178714,7.2754483,634810.1
2001-07-17,HAS,7.224535,7.433278,7.224535,7.331452,458037.5
2001-07-18,HAS,7.331452,7.331452,7.199079,7.331452,359437.66
2001-07-19,HAS,7.331452,7.4638257,7.239809,7.2601743,484946.22
2001-07-20,HAS,7.2601743,7.6420207,7.2194443,7.6369295,1396503.6
2001-07-23,HAS,7.6878424,8.146058,7.6878424,7.881311,2373859.8
2001-07-24,HAS,8.120602,8.140966,7.825307,7.840581,1659109.2
2001-07-25,HAS,7.789668,7.9933195,7.789668,7.952589,1213249.4
2001-07-26,HAS,7.840581,8.140966,7.8151245,8.095145,899772.6
2001-07-27,HAS,8.100237,8.196971,8.049324,8.176605,1042958.44
2001-07-30,HAS,8.176605,8.237815,7.916464,7.9929757,1151580.9
2001-07-31,HAS,8.120496,8.314326,8.074589,8.212311,1564260.1
2001-08-01,HAS,8.263319,8.314326,8.2276125,8.293923,852412.94
2001-08-02,HAS,8.344933,8.3653345,8.2276125,8.268419,916324.3
2001-08-03,HAS,8.27352,8.380638,8.197008,8.380638,467768.47
2001-08-06,HAS,8.380638,8.564267,8.258219,8.263319,1631112.1
2001-08-07,HAS,8.268419,8.268419,8.07969,8.105194,1207258.2
2001-08-08,HAS,8.161303,8.237815,8.094992,8.161303,861627.2
2001-08-09,HAS,8.161303,8.212311,8.059286,8.130697,462867.28
2001-08-10,HAS,8.181706,8.186807,8.059286,8.151101,369156.75
2001-08-13,HAS,8.186807,8.304126,8.166404,8.288823,866332.3
2001-08-14,HAS,8.39084,8.610174,8.350033,8.436747,1040226.1
2001-08-15,HAS,8.416344,8.538763,8.299025,8.426545,500704.38
2001-08-16,HAS,8.477553,8.492855,8.288823,8.416344,299560.03
2001-08-17,HAS,8.385738,8.441847,8.288823,8.329629,492666.47
2001-08-20,HAS,8.339831,8.666283,8.339831,8.661182,957886.3
2001-08-21,HAS,8.5948715,8.763199,8.508158,8.513259,717532.5
2001-08-22,HAS,8.589771,8.900921,8.533662,8.900921,1363507.9
2001-08-23,HAS,8.875417,8.880517,8.492855,8.538763,774778.3
2001-08-24,HAS,8.543863,8.7734,8.467352,8.6407795,515407.94
2001-08-27,HAS,8.671384,8.911122,8.671384,8.860114,1341746.6
2001-08-28,HAS,8.809106,8.844811,8.681586,8.763199,508938.38
2001-08-29,HAS,8.763199,8.987635,8.671384,8.804006,1683848.9
2001-08-30,HAS,8.804006,8.870316,8.3653345,8.65098,2005562.2
2001-08-31,HAS,8.65098,8.900921,8.569367,8.844811,2070061.8
2001-09-04,HAS,8.875417,8.911122,8.5948715,8.599973,1624838.6
2001-09-05,HAS,8.599973,8.763199,8.528561,8.671384,1129035.5
2001-09-06,HAS,8.671384,8.717292,8.339831,8.3653345,1068260.9
2001-09-07,HAS,8.314326,8.314326,7.987875,8.038883,1742074.9
2001-09-10,HAS,8.033782,8.135798,7.7022295,7.7532372,1640522.5
2001-09-17,HAS,7.3961806,7.3961806,7.100333,7.1054344,1959099
2001-09-18,HAS,7.156442,7.156442,6.840192,6.9218044,799872.3
2001-09-19,HAS,6.9218044,6.9881153,6.590252,6.9881153,1132172.2
2001-09-20,HAS,6.9881153,7.3400717,6.427026,6.427026,1618173.1
2001-09-21,HAS,5.9169445,6.8350906,5.9169445,6.8350906,1572690.1
2001-09-24,HAS,6.911603,7.217652,6.8605947,7.0034175,2310219.5
2001-09-25,HAS,7.0544257,7.1462407,6.5443444,6.70247,1719725.5
2001-09-26,HAS,6.9575105,7.0391235,6.58005,6.631058,851628.75
2001-09-27,HAS,6.6820664,6.7636795,6.3913198,6.7279735,1813632
2001-09-28,HAS,6.911603,7.14114,6.8299904,7.14114,1201769
2001-10-01,HAS,7.0901313,7.0901313,6.7126713,6.824889,782620.2
2001-10-02,HAS,6.8758974,7.2074504,6.824889,7.1972485,1121977.8
2001-10-03,HAS,7.1972485,7.5849104,7.1819463,7.4216847,1594255.4
2001-10-04,HAS,7.4726925,7.6512213,7.3706765,7.544104,872997.9
2001-10-05,HAS,7.6665235,7.8042455,7.324769,7.697129,877114.9
2001-10-08,HAS,7.6920276,7.697129,7.528802,7.630818,557362
2001-10-09,HAS,7.5032973,7.6920276,7.3655753,7.625717,630291.56
2001-10-10,HAS,7.6767254,7.9929757,7.630818,7.962371,785560.9
2001-10-11,HAS,8.033782,8.360234,8.033782,8.171504,856726
2001-10-12,HAS,8.146,8.242915,7.962371,8.197008,909070.56
2001-10-15,HAS,8.161303,8.186807,7.9929757,8.176605,822417.75
2001-10-16,HAS,8.263319,8.3653345,8.181706,8.3653345,920441.3
2001-10-17,HAS,8.492855,8.554066,8.08479,8.171504,964551.94
2001-10-18,HAS,8.263319,8.441847,8.212311,8.304126,876526.75
2001-10-19,HAS,8.3653345,8.574469,8.339831,8.574469,1395267.5
2001-10-22,HAS,8.722392,9.043743,8.645881,9.013139,2204158
2001-10-23,HAS,9.018239,9.130457,8.752997,8.798904,2096724.1
2001-10-24,HAS,8.844811,8.865214,8.543863,8.681586,1417812.9
2001-10-25,HAS,8.630577,8.7325945,8.523459,8.579569,1168244.9
2001-10-26,HAS,8.605074,8.6866865,8.5489645,8.671384,2244151.5
2001-10-29,HAS,8.6866865,8.788702,8.599973,8.671384,709690.6
2001-10-30,HAS,8.558969,8.686714,8.426112,8.661165,1085554.4
2001-10-31,HAS,8.661165,8.758251,8.395453,8.466991,986138.1
2001-11-01,HAS,8.584517,8.81446,8.354575,8.81446,1301217
2001-11-02,HAS,8.81446,8.931986,8.712263,8.885997,1169705.9
2001-11-05,HAS,8.942205,9.146599,8.942205,9.003524,2557618.5
2001-11-06,HAS,9.044402,9.187477,8.993304,9.161928,2003784.2
2001-11-07,HAS,9.131269,9.42253,9.131269,9.284564,2813204.2
2001-11-08,HAS,9.197697,9.223246,8.589627,8.630506,3782903.5
2001-11-09,HAS,8.783801,8.931986,8.686714,8.686714,1456603.8
2001-11-12,HAS,8.691824,8.691824,8.385234,8.584517,1426270.1
2001-11-13,HAS,8.763361,9.366322,8.742923,9.294785,1819042.2
2001-11-14,HAS,9.197697,9.284564,9.0955,9.10572,1061874.5
2001-11-15,HAS,9.029073,9.325443,9.029073,9.202807,868326.06
2001-11-16,HAS,9.197697,9.243686,9.054622,9.080172,1227829.1
2001-11-19,HAS,9.182367,9.320333,9.0955,9.310113,1648586.6
2001-11-20,HAS,9.2487955,9.315223,9.12105,9.136378,1034280.6
2001-11-21,HAS,9.146599,9.228355,8.972864,9.197697,713526.44
2001-11-23,HAS,9.0955,9.131269,9.044402,9.085281,351087.88
2001-11-26,HAS,9.085281,9.085281,8.80935,8.829789,1684399.9
2001-11-27,HAS,8.426112,8.518089,8.303476,8.472101,8181874
2001-11-28,HAS,8.472101,8.482321,8.385234,8.477211,2372289.5
2001-11-29,HAS,8.487431,8.487431,8.390344,8.426112,1418050.6
2001-11-30,HAS,8.431222,8.482321,8.380124,8.405674,2103983.2
2001-12-03,HAS,8.380124,8.50787,8.303476,8.410783,1286148
2001-12-04,HAS,8.431222,8.482321,8.303476,8.426112,2228840.5
2001-12-05,HAS,8.482321,8.553858,8.431222,8.548748,2361330.2
2001-12-06,HAS,8.558969,8.748033,8.211499,8.666274,2217881.2
2001-12-07,HAS,8.788911,8.79402,8.625396,8.748033,2210444.8
2001-12-10,HAS,8.748033,8.748033,8.558969,8.615176,946215.1
2001-12-11,HAS,8.615176,8.702044,8.431222,8.50276,1398284.8
2001-12-12,HAS,8.635615,8.676494,8.49254,8.49254,1832741.4
2001-12-13,HAS,8.610066,8.610066,8.415893,8.579408,1583222.4
2001-12-14,HAS,8.584517,8.584517,8.2523775,8.477211,1440556.2
2001-12-17,HAS,8.599847,8.8451185,8.558969,8.635615,1939789.9
2001-12-18,HAS,8.712263,8.788911,8.487431,8.49765,1533318.6
2001-12-19,HAS,8.426112,8.466991,8.216609,8.421002,3285039.8
2001-12-20,HAS,8.329025,8.487431,8.277927,8.354575,1338400.2
2001-12-21,HAS,8.431222,8.553858,8.380124,8.380124,2108875.8
2001-12-24,HAS,8.405674,8.615176,8.405674,8.466991,458136.4
2001-12-26,HAS,8.584517,8.681604,8.22683,8.303476,1157572.4
2001-12-27,HAS,8.405674,8.610066,8.329025,8.558969,1667961
2001-12-28,HAS,8.574298,8.620287,8.318807,8.431222,1268339.2
2001-12-31,HAS,8.431222,8.558969,8.293257,8.293257,737597.7
2002-01-02,HAS,8.303476,8.354575,8.129742,8.277927,1462866.1
2002-01-03,HAS,8.22683,8.482321,8.216609,8.318807,1532144.4
2002-01-04,HAS,8.175731,8.610066,8.175731,8.431222,6546791
2002-01-07,HAS,8.431222,8.686714,8.329025,8.329025,2511628.8
2002-01-08,HAS,8.686714,8.712263,8.53342,8.625396,2395969.2
2002-01-09,HAS,8.635615,8.840009,8.538528,8.589627,2444307.5
2002-01-10,HAS,8.558969,8.7991295,8.558969,8.671384,1795753.9
2002-01-11,HAS,8.661165,8.737812,8.53342,8.584517,1924720.9
2002-01-14,HAS,8.712263,8.788911,8.52831,8.52831,1501223.6
2002-01-15,HAS,8.53342,8.712263,8.53342,8.569188,1357187.5
2002-01-16,HAS,8.518089,8.676494,8.518089,8.564078,523304.9
2002-01-17,HAS,8.564078,8.620287,8.431222,8.615176,1110017
2002-01-18,HAS,8.538528,8.763361,8.405674,8.405674,2886396.5
2002-01-22,HAS,8.431222,8.584517,8.400563,8.487431,605499.4
2002-01-23,HAS,8.431222,8.548748,8.323916,8.518089,783391.75
2002-01-24,HAS,8.52831,8.748033,8.461881,8.558969,691412.2
2002-01-25,HAS,8.53342,8.579408,8.303476,8.349465,1505724.8
2002-01-28,HAS,8.349465,8.466991,8.329025,8.359685,1555041.4
2002-01-29,HAS,8.380124,8.52831,8.150182,8.165511,2481686.5
2002-01-30,HAS,8.216705,8.472677,8.017048,8.431723,2407097.8
2002-01-31,HAS,8.329334,8.498276,8.2679,8.447081,834075.1
2002-02-01,HAS,8.447081,8.472677,8.278139,8.406125,1371243
2002-02-04,HAS,8.406125,8.436842,8.150153,8.196228,842865.1
2002-02-05,HAS,8.298616,8.426602,7.935137,7.935137,2661227
2002-02-06,HAS,7.986331,8.0426445,7.7815533,7.878823,3007358.5
2002-02-07,HAS,6.9368453,7.397595,6.7576647,7.3464007,11423509
2002-02-08,HAS,7.3464007,7.35152,6.8600535,6.9368453,6926925.5
2002-02-11,HAS,7.0136366,7.039234,6.8600535,6.9624424,3346653.2
2002-02-12,HAS,6.977801,7.039234,6.9317255,6.957323,3596875.8
2002-02-13,HAS,6.9880395,7.0085173,6.783262,6.783262,2889181.5
2002-02-14,HAS,6.8088593,6.9522033,6.5733647,6.911248,6340533.5
2002-02-15,HAS,7.0136366,7.0136366,6.680873,6.7576647,2560239.5
2002-02-19,HAS,6.8088593,6.8242173,6.665515,6.7269483,1195442.6
2002-02-20,HAS,6.655276,6.8242173,6.655276,6.7781425,1407575
2002-02-21,HAS,6.8088593,6.9368453,6.7730227,6.8805313,3962735.8
2002-02-22,HAS,6.839576,6.9880395,6.737187,6.921487,2628606.2
2002-02-25,HAS,6.9368453,7.090429,6.7576647,6.921487,1916028.8
2002-02-26,HAS,6.972681,7.0801897,6.8139787,7.0648313,3934412.5
2002-02-27,HAS,7.218415,7.315684,7.156981,7.284967,2594423
2002-02-28,HAS,7.300326,7.3873563,7.269609,7.325923,2358264.5
2002-03-01,HAS,7.6279697,7.6279697,7.2747283,7.4129534,1764840.5
2002-03-04,HAS,7.499984,7.525581,7.3208036,7.4743867,2879414.8
2002-03-05,HAS,7.4692674,7.602373,7.423192,7.5511785,1476918.5
2002-03-06,HAS,7.499984,7.8071504,7.499984,7.7098813,2598915.5
2002-03-07,HAS,7.7098813,7.7815533,7.53582,7.674045,1417146.4
2002-03-08,HAS,7.6842837,7.7917924,7.617731,7.6945224,657102.75
2002-03-11,HAS,7.8071504,7.878823,7.592134,7.802031,2365296.5
2002-03-12,HAS,7.7917924,7.8634644,7.6279697,7.858345,3461118.8
2002-03-13,HAS,7.935137,7.935137,7.7252393,7.8737035,1755464.4
2002-03-14,HAS,7.8737035,7.8737035,7.7610755,7.8071504,1068280.2
2002-03-15,HAS,7.8429866,8.0836,7.7866726,7.986331,1991623
2002-03-18,HAS,7.986331,7.986331,7.8173895,7.909539,2846598.8
2002-03-19,HAS,7.914659,8.18087,7.914659,8.145034,2097884.5
2002-03-20,HAS,8.114317,8.257661,8.052883,8.129676,1850982.6
2002-03-21,HAS,8.114317,8.145034,7.9197783,8.063123,1021790.9
2002-03-22,HAS,7.960734,8.150153,7.8378673,8.006809,832121.8
2002-03-25,HAS,8.1552725,8.1552725,7.8941813,7.960734,583657.25
2002-03-26,HAS,7.960734,8.145034,7.8071504,7.955614,1613652.1
2002-03-27,HAS,7.90442,8.068242,7.90442,8.006809,891893.94
2002-03-28,HAS,8.011928,8.191109,7.950495,8.098959,1166142.5
2002-04-01,HAS,8.068242,8.18087,7.914659,8.145034,1041128.9
2002-04-02,HAS,8.145034,8.1552725,7.90442,8.017048,1032143.56
2002-04-03,HAS,8.017048,8.08872,7.858345,7.8993006,1213413.2
2002-04-04,HAS,7.822509,7.960734,7.72012,7.8532257,907715.94
2002-04-05,HAS,7.8532257,8.037525,7.8532257,7.986331,548692.5
2002-04-08,HAS,7.960734,8.063123,7.9248977,8.022167,673510.75
2002-04-09,HAS,8.022167,8.339573,7.950495,8.27302,843841.8
2002-04-10,HAS,8.27302,8.482917,8.247423,8.421484,1021400.2
2002-04-11,HAS,8.421484,8.46244,8.2679,8.329334,842865.1
2002-04-12,HAS,8.319095,8.472677,8.298616,8.447081,870993.2
2002-04-15,HAS,8.523872,8.575067,8.26278,8.354931,1218687.2
2002-04-16,HAS,8.380528,8.498276,8.2525425,8.288379,755550.94
2002-04-17,HAS,8.390767,8.4777975,8.26278,8.26278,1148171.8
2002-04-18,HAS,8.293498,8.575067,8.2525425,8.45732,995420.8
2002-04-19,HAS,8.600664,8.64162,8.406125,8.523872,956940.06
2002-04-22,HAS,8.575067,8.692814,8.401006,8.421484,1411091
2002-04-23,HAS,8.278139,8.559709,8.2679,8.436842,1382181.6
2002-04-24,HAS,8.498276,8.498276,8.2525425,8.298616,1194270.6
2002-04-25,HAS,8.221825,8.585306,8.1399145,8.523872,1539230
2002-04-26,HAS,8.498276,8.498276,8.293498,8.293498,603776.6
2002-04-29,HAS,8.2063055,8.421721,8.18066,8.201177,1244311.5
2002-04-30,HAS,8.1704035,8.360173,8.165274,8.196048,1242556.8
2002-05-01,HAS,8.144758,8.514042,8.093469,8.514042,2287801.8
2002-05-02,HAS,8.514042,8.539686,8.257595,8.365302,1085799.2
2002-05-03,HAS,8.283239,8.508913,8.267853,8.334529,1497970.1
2002-05-06,HAS,8.3858185,8.452495,8.129372,8.1704035,842474.1
2002-05-07,HAS,8.1704035,8.257595,8.026793,8.108856,952633.3
2002-05-08,HAS,8.2063055,8.437108,8.2063055,8.38069,791586.44
2002-05-09,HAS,8.38069,8.437108,8.1345005,8.165274,1721408
2002-05-10,HAS,8.190919,8.2063055,7.924214,8.078082,1341017.6
2002-05-13,HAS,8.093469,8.196048,8.052437,8.129372,772674.1
2002-05-14,HAS,8.18066,8.18066,8.047308,8.119114,598759.06
2002-05-15,HAS,8.052437,8.18579,7.831893,7.8729243,2137283.2
2002-05-16,HAS,7.852409,8.103726,7.744701,7.837022,2425842
2002-05-17,HAS,7.708798,7.837022,7.642122,7.719056,2614185
2002-05-20,HAS,7.719056,7.9293427,7.539543,7.79599,1443767.9
2002-05-21,HAS,7.770345,7.837022,7.678025,7.74983,1243141.6
2002-05-22,HAS,7.6934114,7.8985686,7.6677666,7.8626666,2395621.2
2002-05-23,HAS,7.8626666,7.8985686,7.65238,7.831893,1532675.1
2002-05-24,HAS,7.7806034,8.1345005,7.770345,8.1345005,1065132.1
2002-05-28,HAS,8.103726,8.108856,7.7549586,7.7857323,1300268.4
2002-05-29,HAS,7.657509,7.903698,7.6472507,7.8472795,1897467.8
2002-05-30,HAS,7.8472795,7.924214,7.6934114,7.8011193,1405748.2
2002-05-31,HAS,7.79599,7.8883114,7.7754745,7.8472795,1153259.5
2002-06-03,HAS,7.806248,7.903698,7.7036695,7.744701,1649658.2
2002-06-04,HAS,7.6934114,7.719056,7.4933825,7.626735,2418043
2002-06-05,HAS,7.621606,7.621606,7.380546,7.4061904,2792194.2
2002-06-06,HAS,7.4061904,7.6010904,7.180517,7.2369356,2510069.8
2002-06-07,HAS,7.2369356,7.534414,7.134357,7.498512,1193423.8
2002-06-10,HAS,7.498512,7.6677666,7.4831247,7.488254,691955.7
2002-06-11,HAS,7.539543,7.6934114,7.3497725,7.539543,1241971.8
2002-06-12,HAS,7.539543,7.5600586,7.206162,7.334386,1067471.9
2002-06-13,HAS,7.334386,7.5087695,7.221549,7.2420645,924947.3
2002-06-14,HAS,7.1907754,7.390804,6.8214917,7.3087406,2636021.8
2002-06-17,HAS,7.318999,7.6934114,7.318999,7.565188,1806610.8
2002-06-18,HAS,7.5138984,7.744701,7.452351,7.626735,1546128.1
2002-06-19,HAS,7.575446,7.729314,7.5138984,7.6934114,1800176.8
2002-06-20,HAS,7.6934114,7.7857323,7.5908327,7.6369934,1410427.6
2002-06-21,HAS,7.385675,7.719056,7.385675,7.6472507,1638155
2002-06-24,HAS,7.621606,7.7139273,7.4164486,7.5138984,699559.6
2002-06-25,HAS,7.565188,7.642122,7.3241277,7.380546,920657.9
2002-06-26,HAS,7.3292565,7.3600307,7.1600018,7.2523227,1215455.6
2002-06-27,HAS,7.2625804,7.4369645,7.036907,7.4369645,1809925.2
2002-06-28,HAS,7.4113197,7.4113197,6.954844,6.954844,1139221.5
2002-07-01,HAS,6.9804883,7.108712,6.8471365,6.888168,1763132
2002-07-02,HAS,6.795847,6.852265,6.68301,6.708655,1436553.9
2002-07-03,HAS,6.708655,6.795847,6.493239,6.6727524,2246272.8
2002-07-05,HAS,6.795847,7.1292276,6.688139,7.047165,814203.2
2002-07-08,HAS,7.02152,7.139486,6.9240704,6.929199,985388.6
2002-07-09,HAS,6.8779097,6.949715,6.744557,6.744557,1331658.9
2002-07-10,HAS,6.754815,6.883039,6.5855603,6.590689,957507.6
2002-07-11,HAS,6.590689,6.6419783,6.257308,6.436821,1363244.4
2002-07-12,HAS,6.3598866,6.575302,6.3598866,6.462466,1087943.9
2002-07-15,HAS,6.411176,6.534271,6.118827,6.534271,1543788.5
2002-07-16,HAS,6.4829817,6.4829817,6.206019,6.262437,1164372.9
2002-07-17,HAS,6.2880816,6.4778523,6.077795,6.118827,1221889.6
2002-07-18,HAS,6.1085687,6.231663,5.9803452,6.072666,1175486.4
2002-07-19,HAS,5.898282,6.1496,5.8726373,5.995732,1327759.5
2002-07-22,HAS,5.975216,6.2983394,5.8675084,6.0162473,2195190
2002-07-23,HAS,6.0008607,6.0521502,5.5751586,5.831606,1335363.4
2002-07-24,HAS,5.641835,6.0213766,5.5136113,5.9444427,1909361
2002-07-25,HAS,5.744414,5.9598293,5.5649014,5.7957034,1795692.4
2002-07-26,HAS,5.780317,5.8726373,5.71364,5.81109,983048.94
2002-07-29,HAS,6.0675373,6.2008896,5.9085402,6.180374,1308262.2
2002-07-30,HAS,6.128956,6.3192005,5.913003,6.2677827,1667333.9
2002-07-31,HAS,6.2472157,6.3397675,6.134098,6.2986336,1655664.6
2002-08-01,HAS,6.2986336,6.463169,6.272925,6.442602,1920555.5
2002-08-02,HAS,6.365476,6.365476,6.067255,6.108389,1778969.2
2002-08-05,HAS,6.087822,6.1700897,5.990129,6.0981054,859436.44
2002-08-06,HAS,6.226649,6.3551927,6.128956,6.175232,1106240
2002-08-07,HAS,6.3192005,6.3757596,5.9952707,6.1186724,1263968.6
2002-08-08,HAS,6.1186724,6.3243423,5.9644203,6.3243423,1173532.4
2002-08-09,HAS,6.2215075,6.3757596,6.190657,6.350051,1131328.8
2002-08-12,HAS,6.3346257,6.3346257,6.072397,6.175232,586766.2
2002-08-13,HAS,6.123814,6.308917,6.123814,6.1803737,934119.3
2002-08-14,HAS,6.185515,6.3551927,6.123814,6.3037753,1093598.4
2002-08-15,HAS,6.2626414,6.5300117,6.195799,6.5300117,1128411.4
2002-08-16,HAS,6.5300117,6.5968547,6.3551927,6.478595,1177422
2002-08-19,HAS,6.5300117,6.745965,6.4734526,6.709973,977100.8
2002-08-20,HAS,6.5814295,6.709973,6.5197287,6.6585555,889192.9
2002-08-21,HAS,6.787099,6.9207845,6.689406,6.8847923,2622846.8
2002-08-22,HAS,6.8642254,7.028761,6.6585555,6.992769,1327371.2
2002-08-23,HAS,6.9413514,7.0904617,6.8642254,6.9207845,2739344.2
2002-08-26,HAS,6.9207845,6.936209,6.766532,6.8230915,775807.2
2002-08-27,HAS,6.828233,6.9156423,6.6174216,6.807666,1525553.1
2002-08-28,HAS,6.7562485,6.7922406,6.704831,6.7922406,1349542.8
2002-08-29,HAS,6.7408233,6.8436584,6.5968547,6.8436584,1274665.4
2002-08-30,HAS,6.8179493,6.8642254,6.6791224,6.76139,512861.25
2002-09-03,HAS,6.6585555,6.684264,6.463169,6.6174216,1466818.1
2002-09-04,HAS,6.6174216,6.807666,6.555721,6.7922406,1022221.75
2002-09-05,HAS,6.7408233,6.7408233,6.5814295,6.6225634,1509216.2
2002-09-06,HAS,6.67398,6.7408233,6.555721,6.5814295,2212285.5
2002-09-09,HAS,6.5711455,6.684264,6.5094447,6.555721,2127294.8
2002-09-10,HAS,6.5814295,6.607138,6.4528856,6.5814295,1676085.8
2002-09-11,HAS,6.6585555,6.6585555,6.478595,6.555721,1093598.4
2002-09-12,HAS,6.5300117,6.535154,6.350051,6.4528856,1380466.1
2002-09-13,HAS,6.4014683,6.478595,6.272925,6.427177,924200.44
2002-09-16,HAS,6.350051,6.4991617,6.2986336,6.437461,850879
2002-09-17,HAS,6.555721,6.5711455,6.1700897,6.190657,1221570.5
2002-09-18,HAS,6.190657,6.3037753,6.128956,6.2472157,1045171.1
2002-09-19,HAS,6.195799,6.2215075,6.0518303,6.113531,908252.56
2002-09-20,HAS,6.164948,6.2626414,6.0569715,6.113531,1145915.2
2002-09-23,HAS,6.0621133,6.103247,5.913003,5.990129,1160890.8
2002-09-24,HAS,5.9387116,6.0775385,5.9387116,6.0518303,1788693.5
2002-09-25,HAS,6.026121,6.2883496,6.026121,6.216366,1081540.1
2002-09-26,HAS,6.2677827,6.2780666,5.913003,6.005554,4173488.5
2002-09-27,HAS,6.0004125,6.046688,5.7073336,5.7279005,3056940.8
2002-09-30,HAS,5.7279005,5.830735,5.5016637,5.7227583,3788210.5
2002-10-01,HAS,5.835877,5.851302,5.671341,5.835877,2156662.2
2002-10-02,HAS,5.835877,5.835877,5.3988285,5.6044984,2194003.8
2002-10-03,HAS,5.733042,5.7484674,5.60964,5.691908,1434144.4
2002-10-04,HAS,5.733042,5.841018,5.4296794,5.743325,2950945.8
2002-10-07,HAS,5.553081,5.7073336,5.5222306,5.5993567,2080423.5
2002-10-08,HAS,5.650774,5.7021914,5.4399624,5.589073,1856569.4
2002-10-09,HAS,5.4348207,5.5633645,5.393687,5.4656715,1850151.2
2002-10-10,HAS,5.4245377,5.4553876,5.234293,5.295994,3145043.2
2002-10-11,HAS,5.347411,5.573648,5.347411,5.5170884,2103178.5
2002-10-14,HAS,5.5170884,5.6661997,5.4502463,5.553081,1063647.4
2002-10-15,HAS,5.6044984,5.7896013,5.5787897,5.6559157,2690722.5
2002-10-16,HAS,5.6559157,5.7073336,5.393687,5.589073,1668889.8
2002-10-17,HAS,5.8101683,5.861585,5.630207,5.630207,2248849
2002-10-18,HAS,5.630207,5.7176166,5.5787897,5.5787897,2060002.4
2002-10-21,HAS,5.2445765,5.6867666,5.2240095,5.6559157,2585699.8
2002-10-22,HAS,5.635349,5.6456323,5.275427,5.3576946,2158023.8
2002-10-23,HAS,5.383404,5.4862385,5.280569,5.367978,1123938.2
2002-10-24,HAS,5.4193954,5.5016637,5.3576946,5.383404,1183840.1
2002-10-25,HAS,5.347411,5.49138,5.295994,5.4656715,1619490.1
2002-10-28,HAS,5.4810963,5.5016637,5.193159,5.2240095,1821172.8
2002-10-29,HAS,5.2445765,5.301136,5.0748987,5.193159,2958725
2002-10-30,HAS,5.2292585,5.234415,5.105489,5.188002,2816721.5
2002-10-31,HAS,5.188002,5.3117714,5.188002,5.270515,2450233.5
2002-11-01,HAS,5.270515,5.5180535,5.213787,5.492268,1579970.1
2002-11-04,HAS,5.543839,5.5696244,5.389127,5.414912,1811497.5
2002-11-05,HAS,5.466483,5.543839,5.373656,5.4406977,2420177.8
2002-11-06,HAS,5.4510117,5.543839,5.3788133,5.4871116,1544484.9
2002-11-07,HAS,5.4871116,5.641823,5.368499,5.55931,1846013.2
2002-11-08,HAS,5.564467,5.6366663,5.4406977,5.5386815,1079879
2002-11-11,HAS,5.5232105,5.5696244,5.3478703,5.414912,1126223.2
2002-11-12,HAS,5.3994412,5.4871116,5.38397,5.409755,522972.44
2002-11-13,HAS,5.430383,5.626352,5.38397,5.5541534,1313345.4
2002-11-14,HAS,5.6057234,6.1730003,5.579938,5.8532624,3462244.2
2002-11-15,HAS,5.904833,6.080173,5.8635764,6.0234456,1579000.6
2002-11-18,HAS,6.255513,6.3741255,6.1936283,6.2916126,3084703.8
2002-11-19,HAS,6.276141,6.358654,6.1369004,6.2245708,2260978.5
2002-11-20,HAS,6.1884713,6.415382,6.162686,6.332869,1472156.8
2002-11-21,HAS,6.420539,6.6216645,6.3844395,6.5597796,2077152.8
2002-11-22,HAS,6.544308,6.766062,6.518523,6.64745,1860168.6
2002-11-25,HAS,6.6887064,6.7557483,6.533994,6.745434,1908258
2002-11-26,HAS,6.745434,6.745434,6.47211,6.518523,1846595
2002-11-27,HAS,6.513366,6.760905,6.4978952,6.745434,1492323.2
2002-11-29,HAS,6.760905,6.802161,6.5752506,6.61135,1050792.6
2002-12-02,HAS,6.8331037,6.951716,6.52368,6.7041774,1868700.6
2002-12-03,HAS,6.6526065,6.668078,6.4978952,6.580408,2214246.2
2002-12-04,HAS,6.4978952,6.601036,6.4978952,6.544308,1691855.6
2002-12-05,HAS,6.5546227,6.601036,6.389597,6.4514813,2735279.8
2002-12-06,HAS,6.3999104,6.4463243,6.3019266,6.358654,1715900.4
2002-12-09,HAS,6.3070836,6.3070836,6.08533,6.1008015,1636203.8
2002-12-10,HAS,6.0234456,6.270984,6.0234456,6.270984,922037.06
2002-12-11,HAS,6.2194138,6.2245708,6.1162724,6.1162724,568153.25
2002-12-12,HAS,6.1214294,6.270984,6.1008015,6.2451987,1398665.2
2002-12-13,HAS,6.1936283,6.240042,6.1162724,6.1214294,816744.5
2002-12-16,HAS,6.1265864,6.250356,6.1008015,6.2245708,832838.94
2002-12-17,HAS,6.2451987,6.2451987,6.147215,6.157529,954225.94
2002-12-18,HAS,6.1833143,6.2297277,5.9615607,6.0234456,1751579.6
2002-12-19,HAS,5.868734,6.059545,5.8274775,5.889362,2841929.8
2002-12-20,HAS,5.817163,5.9409328,5.7810636,5.8481054,1960225.6
2002-12-23,HAS,5.7965345,5.9512467,5.7810636,5.8790474,1559803.6
2002-12-24,HAS,5.8790474,5.8790474,5.6830797,5.7449646,883255.3
2002-12-26,HAS,5.7759066,5.904833,5.770749,5.8481054,763613.44
2002-12-27,HAS,5.812006,5.8584194,5.724336,5.73465,1178384.8
2002-12-30,HAS,5.739807,5.8326344,5.6779227,5.7810636,1357750.5
2002-12-31,HAS,5.7604356,5.9873457,5.7604356,5.9564037,1116527.8
2003-01-02,HAS,5.982189,6.028602,5.889362,5.992503,1811109.6
2003-01-03,HAS,5.992503,6.0492306,5.920304,5.9564037,1025390.56
2003-01-06,HAS,5.99766,6.064702,5.9615607,6.0337596,1019185.44
2003-01-07,HAS,6.08533,6.1369004,5.99766,6.069859,1220269
2003-01-08,HAS,6.0182886,6.028602,5.9357758,5.99766,833420.7
2003-01-09,HAS,5.99766,6.142058,5.99766,6.1369004,904779.2
2003-01-10,HAS,6.059545,6.162686,6.0389166,6.1111155,842534.4
2003-01-13,HAS,6.1162724,6.1936283,6.0543876,6.167843,1160545.1
2003-01-14,HAS,6.1162724,6.2245708,6.080173,6.2245708,885388.3
2003-01-15,HAS,6.2194138,6.240042,6.131744,6.240042,1388582
2003-01-16,HAS,6.2194138,6.255513,6.162686,6.2245708,1466339.5
2003-01-17,HAS,6.2245708,6.2348847,6.147215,6.2039423,749652
2003-01-21,HAS,6.2297277,6.255513,6.1059585,6.152372,1333124
2003-01-22,HAS,6.157529,6.167843,6.007974,6.167843,2058537.5
2003-01-23,HAS,6.167843,6.240042,6.167843,6.1884713,1312181.9
2003-01-24,HAS,6.1936283,6.250356,6.147215,6.198786,1396920.1
2003-01-27,HAS,6.198786,6.2348847,5.982189,6.131744,1559415.8
2003-01-28,HAS,6.157529,6.255513,6.1111155,6.2245708,1129325.8
2003-01-29,HAS,6.1470227,6.229741,6.053964,6.1987214,1171393.8
2003-01-30,HAS,6.172872,6.229741,6.0487943,6.0746436,1835622
2003-01-31,HAS,6.0746436,6.219401,6.0746436,6.2038918,1983787.1
2003-02-03,HAS,6.28144,6.3331394,6.183212,6.229741,1736007.1
2003-02-04,HAS,6.178042,6.1935515,5.997095,6.007435,1684168.8
2003-02-05,HAS,6.059134,6.121173,5.9867554,6.0229445,1366948.5
2003-02-06,HAS,6.0229445,6.0746436,5.9505663,5.9660754,1168879.2
2003-02-07,HAS,6.0126047,6.064304,5.940226,5.945396,671385.06
2003-02-10,HAS,5.935056,5.9919252,5.841998,5.971246,1240640.6
2003-02-11,HAS,5.971246,6.0487943,5.909207,5.909207,829801.75
2003-02-12,HAS,5.9298863,5.981585,5.805808,5.8368278,1610859.9
2003-02-13,HAS,5.997095,6.152192,5.997095,6.1004934,3478784.2
2003-02-14,HAS,6.1263433,6.188382,6.0694737,6.152192,3307794.8
2003-02-18,HAS,6.2038918,6.358989,6.188382,6.348649,2090172
2003-02-19,HAS,6.348649,6.348649,6.1056633,6.152192,2211257.2
2003-02-20,HAS,6.3072896,6.322799,6.224571,6.2762704,2523061.5
2003-02-21,HAS,6.2762704,6.348649,6.229741,6.2762704,1641421.4
2003-02-24,HAS,6.28144,6.28144,6.1935515,6.234911,1559795.1
2003-02-25,HAS,6.2090616,6.322799,6.141853,6.28144,962105.8
2003-02-26,HAS,6.28144,6.3951783,6.224571,6.234911,1614921.9
2003-02-27,HAS,6.26593,6.2711005,6.229741,6.255591,1854577.9
2003-02-28,HAS,6.2762704,6.29695,6.229741,6.2607603,2270252.5
2003-03-03,HAS,6.29695,6.3693285,6.2452507,6.28661,3569695
2003-03-04,HAS,6.2762704,6.29695,6.219401,6.2452507,1251472.5
2003-03-05,HAS,6.28144,6.3331394,6.234911,6.26593,1541613
2003-03-06,HAS,6.229741,6.322799,6.2038918,6.31763,1547996.1
2003-03-07,HAS,6.31763,6.4830666,6.26593,6.472727,1661150.9
2003-03-10,HAS,6.472727,6.4830666,6.3021197,6.3124595,1030578.94
2003-03-11,HAS,6.29178,6.3331394,6.2142315,6.219401,1066556.4
2003-03-12,HAS,6.1935515,6.28144,6.053964,6.2762704,1326909.1
2003-03-13,HAS,6.4365373,6.7725816,6.358989,6.7674117,4572807
2003-03-14,HAS,6.7674117,6.7725816,6.638164,6.705373,2236596.2
2003-03-17,HAS,6.710542,7.134475,6.6795235,7.134475,2420738.8
2003-03-18,HAS,7.134475,7.1913443,6.9948874,7.155155,2359809.2
2003-03-19,HAS,7.155155,7.232703,7.0724363,7.155155,1218009.8
2003-03-20,HAS,7.155155,7.330932,7.0414166,7.186174,2243753
2003-03-21,HAS,7.2895727,7.548068,7.232703,7.542898,1885913
2003-03-24,HAS,7.367121,7.372291,7.0310774,7.0931163,1621691.8
2003-03-25,HAS,7.0672665,7.325762,7.0414166,7.186174,1669081.4
2003-03-26,HAS,7.201684,7.315422,7.155155,7.2482133,1586681.5
2003-03-27,HAS,7.196514,7.2482133,7.0672665,7.2120237,1503121
2003-03-28,HAS,7.186174,7.2171936,7.1293054,7.1654944,1929240.8
2003-03-31,HAS,7.1396456,7.201684,7.077606,7.1810045,3208180
2003-04-01,HAS,7.1293054,7.2171936,7.0620966,7.2171936,2696565.5
2003-04-02,HAS,7.2895727,7.4446697,7.232703,7.4136505,2115897.8
2003-04-03,HAS,7.4395,7.6773157,7.4136505,7.6256166,2861365.2
2003-04-04,HAS,7.6514664,7.7496943,7.635957,7.7496943,2807399.2
2003-04-07,HAS,7.780714,7.8324127,7.568748,7.6462965,3206052.2
2003-04-08,HAS,7.641126,7.6773157,7.548068,7.6773157,1151664.2
2003-04-09,HAS,7.6773157,7.780714,7.615277,7.703165,2127890.2
2003-04-10,HAS,7.729015,7.7393546,7.496369,7.6256166,1493643.1
2003-04-11,HAS,7.6256166,7.708335,7.542898,7.6256166,1317431.1
2003-04-14,HAS,7.6462965,7.703165,7.599767,7.6773157,1300409.6
2003-04-15,HAS,7.6773157,7.8272433,7.615277,7.7962236,2101197.2
2003-04-16,HAS,7.780714,7.8013935,7.672146,7.672146,1426137.1
2003-04-17,HAS,7.6773157,7.6773157,7.284403,7.3412714,4177829.2
2003-04-21,HAS,7.729015,8.090908,7.729015,8.044379,8341925.5
2003-04-22,HAS,7.99268,8.313214,7.847923,8.271855,6808243
2003-04-23,HAS,8.297705,8.323555,8.096078,8.1891365,3049956.5
2003-04-24,HAS,8.240836,8.240836,8.142608,8.209817,2165802
2003-04-25,HAS,8.220156,8.292536,8.142608,8.271855,2375476.8
2003-04-28,HAS,8.271855,8.375254,8.152947,8.271855,2337758.5
2003-04-29,HAS,8.282215,8.359909,8.220059,8.328832,3108721.2
2003-04-30,HAS,8.328832,8.359909,8.245957,8.287395,2266961
2003-05-01,HAS,8.245957,8.375448,8.06985,8.359909,3759348
2003-05-02,HAS,8.359909,8.380628,8.245957,8.261497,1990879
2003-05-05,HAS,8.3132925,8.323651,8.245957,8.3132925,3158145.8
2003-05-06,HAS,8.318472,8.603352,8.318472,8.582633,4192970.5
2003-05-07,HAS,8.572273,8.572273,8.277035,8.287395,3773827.8
2003-05-08,HAS,8.209701,8.302934,8.121647,8.261497,2275262.8
2003-05-09,HAS,8.3132925,8.370269,8.256316,8.344371,2039531.2
2003-05-12,HAS,8.287395,8.390987,8.225239,8.390987,1603012.9
2003-05-13,HAS,8.365088,8.375448,8.235599,8.323651,1933345.9
2003-05-14,HAS,8.287395,8.292574,8.152724,8.194161,1209934
2003-05-15,HAS,8.261497,8.282215,8.095749,8.277035,1052200.4
2003-05-16,HAS,8.277035,8.365088,8.116467,8.365088,1984507.9
2003-05-19,HAS,8.3132925,8.3132925,8.085389,8.116467,1085986.6
2003-05-20,HAS,8.121647,8.173443,7.924821,8.012875,1152014.6
2003-05-21,HAS,7.8730245,8.002515,7.8471265,8.002515,1284842.9
2003-05-22,HAS,7.976617,8.08021,7.930001,7.9869766,1192751.2
2003-05-23,HAS,7.966258,8.121647,7.8730245,8.07503,1353380.8
2003-05-27,HAS,8.08021,8.230419,8.033593,8.20452,1455511.8
2003-05-28,HAS,8.152724,8.21488,8.07503,8.100928,1447403
2003-05-29,HAS,8.152724,8.297754,8.126826,8.287395,1949756.4
2003-05-30,HAS,8.277035,8.3391905,8.209701,8.292574,1701668.8
2003-06-02,HAS,8.292574,8.432425,8.261497,8.318472,1681203.9
2003-06-03,HAS,8.370269,8.380628,8.235599,8.271855,1676956.5
2003-06-04,HAS,8.282215,8.499759,8.256316,8.494579,1700896.5
2003-06-05,HAS,8.499759,8.727662,8.380628,8.727662,2238387.5
2003-06-06,HAS,8.727662,8.810536,8.567095,8.639609,2416778.8
2003-06-09,HAS,8.62925,8.660327,8.416885,8.479041,1024592.25
2003-06-10,HAS,8.556735,8.655148,8.447963,8.649968,1567875.1
2003-06-11,HAS,8.691405,8.991823,8.649968,8.991823,2960834
2003-06-12,HAS,8.991823,9.048799,8.934847,8.991823,1306852.2
2003-06-13,HAS,9.028081,9.1005945,8.997004,9.028081,1592008.2
2003-06-16,HAS,9.131673,9.338858,9.0746975,9.338858,2170428.8
2003-06-17,HAS,9.338858,9.349216,9.193829,9.292241,1153945.2
2003-06-18,HAS,9.297421,9.297421,8.649968,8.90895,3807035
2003-06-19,HAS,8.90895,8.986644,8.76392,8.815716,1064363.5
2003-06-20,HAS,8.934847,8.934847,8.826076,8.893411,1263992
2003-06-23,HAS,8.893411,8.893411,8.732842,8.805357,984241.8
2003-06-24,HAS,8.779459,8.934847,8.76392,8.919308,1215146.6
2003-06-25,HAS,8.919308,9.03844,8.919308,8.940027,1154910.6
2003-06-26,HAS,8.945207,9.167931,8.919308,9.136852,1119000.6
2003-06-27,HAS,9.152391,9.152391,8.971105,9.064338,1624829.1
2003-06-30,HAS,9.064338,9.167931,9.017721,9.059158,1270363.1
2003-07-01,HAS,9.059158,9.333678,8.940027,9.333678,1801676
2003-07-02,HAS,9.297421,9.483887,9.2715225,9.44763,1456670.1
2003-07-03,HAS,9.452809,9.483887,9.281882,9.359576,805850.4
2003-07-07,HAS,9.369935,9.556402,9.364756,9.504606,1191592.9
2003-07-08,HAS,9.504606,9.592659,9.406193,9.520144,1069962.4
2003-07-09,HAS,9.4942465,9.520144,9.297421,9.364756,3117795.2
2003-07-10,HAS,9.333678,9.333678,9.193829,9.230085,2673747.5
2003-07-11,HAS,9.173109,9.2715225,9.162751,9.219726,1810170.9
2003-07-14,HAS,9.219726,9.281882,9.178289,9.183469,1729856.1
2003-07-15,HAS,9.245625,9.328499,9.178289,9.178289,2116564
2003-07-16,HAS,9.204187,9.3026,9.131673,9.204187,2872217.5
2003-07-17,HAS,9.152391,9.167931,8.945207,8.965924,2351909.2
2003-07-18,HAS,9.012542,9.3026,8.960745,9.292241,1963270.9
2003-07-21,HAS,9.3233185,9.349216,9.126493,9.214547,3459326
2003-07-22,HAS,9.245625,9.432091,9.152391,9.432091,1899366.5
2003-07-23,HAS,9.44763,9.737688,9.411372,9.727329,2081426.2
2003-07-24,HAS,9.706611,9.872358,9.654815,9.72215,2087025
2003-07-25,HAS,9.706611,9.944874,9.696251,9.913795,1239472.8
2003-07-28,HAS,9.8878975,9.970772,9.810204,9.944874,949876.3
2003-07-29,HAS,9.939694,9.939694,9.737688,9.753227,1838744.4
2003-07-30,HAS,9.779167,9.79473,9.675409,9.685785,1286265.5
2003-07-31,HAS,9.789543,9.903676,9.680597,9.779167,1800347.6
2003-08-01,HAS,9.727288,9.846609,9.716912,9.815482,1030477.4
2003-08-04,HAS,9.831046,9.831046,9.654658,9.685785,1526633.1
2003-08-05,HAS,9.727288,9.846609,9.628718,9.654658,1304577.4
2003-08-06,HAS,9.639094,9.737664,9.5457115,9.737664,1275663.9
2003-08-07,HAS,9.727288,9.903676,9.727288,9.8933,1693174.9
2003-08-08,HAS,9.8933,9.997059,9.851797,9.851797,1365103
2003-08-11,HAS,9.903676,9.903676,9.701349,9.799918,915401.6
2003-08-12,HAS,9.856985,9.939991,9.805106,9.856985,1838706.2
2003-08-13,HAS,9.908864,9.914052,9.74804,9.763603,1359320.2
2003-08-14,HAS,9.810294,9.8933,9.742852,9.872549,1290313.4
2003-08-15,HAS,9.882924,9.882924,9.607966,9.701349,740185.75
2003-08-18,HAS,9.701349,9.955555,9.701349,9.888112,1287422
2003-08-19,HAS,9.888112,9.8933,9.789543,9.805106,1582725.4
2003-08-20,HAS,9.799918,10.048938,9.711724,9.929615,1723630.5
2003-08-21,HAS,9.929615,9.976306,9.784355,9.825858,947591.94
2003-08-22,HAS,9.856985,9.882924,9.623529,9.654658,1381872.9
2003-08-25,HAS,9.696161,9.696161,9.436767,9.467894,2921613.5
2003-08-26,HAS,9.467894,9.566463,9.390076,9.5612755,1997923.2
2003-08-27,HAS,9.535336,9.5457115,9.421203,9.462706,1163094
2003-08-28,HAS,9.509397,9.540524,9.390076,9.5249605,1071920
2003-08-29,HAS,9.5249605,9.639094,9.426391,9.59759,1485383.1
2003-09-02,HAS,9.607966,9.665033,9.5249605,9.618343,1763145.6
2003-09-03,HAS,9.607966,9.799918,9.5820265,9.74804,2172175.2
2003-09-04,HAS,9.696161,9.753227,9.64947,9.716912,1589279
2003-09-05,HAS,9.711724,9.805106,9.701349,9.716912,980360.6
2003-09-08,HAS,9.737664,9.779167,9.680597,9.742852,1113362.8
2003-09-09,HAS,9.773979,9.79473,9.504209,9.685785,1832538
2003-09-10,HAS,9.696161,9.696161,9.5820265,9.628718,1735774.1
2003-09-11,HAS,9.628718,9.779167,9.602778,9.779167,1179863.8
2003-09-12,HAS,9.701349,9.742852,9.618343,9.727288,1033368.7
2003-09-15,HAS,9.727288,9.805106,9.602778,9.805106,1519115.6
2003-09-16,HAS,9.805106,9.856985,9.696161,9.856985,1009659.6
2003-09-17,HAS,9.779167,9.971118,9.74804,9.877737,1725750.8
2003-09-18,HAS,9.877737,9.950367,9.763603,9.805106,1552848
2003-09-19,HAS,9.784355,9.82067,9.701349,9.805106,1376282.9
2003-09-22,HAS,9.779167,9.799918,9.680597,9.779167,575957.06
2003-09-23,HAS,9.779167,9.815482,9.753227,9.805106,995010.1
2003-09-24,HAS,9.784355,9.79473,9.5768385,9.670221,1272001.5
2003-09-25,HAS,9.64947,9.654658,9.5249605,9.5612755,1960528.5
2003-09-26,HAS,9.519773,9.5508995,9.447142,9.473082,1405581.9
2003-09-29,HAS,9.447142,9.685785,9.447142,9.685785,977854.75
2003-09-30,HAS,9.633906,9.763603,9.59759,9.690973,2472490.2
2003-10-01,HAS,9.711724,9.986682,9.706536,9.986682,1624746.2
2003-10-02,HAS,9.986682,10.53141,9.934803,10.515847,4882913
2003-10-03,HAS,10.45878,10.578101,9.960743,10.562538,4753958.5
2003-10-06,HAS,10.510659,10.754489,10.453592,10.754489,1939710.8
2003-10-07,HAS,10.650732,10.697423,10.484719,10.697423,1321925.5
2003-10-08,HAS,10.764866,10.764866,10.510659,10.572913,1122615
2003-10-09,HAS,10.650732,10.894563,10.598853,10.785618,1440085.4
2003-10-10,HAS,10.78043,10.816745,10.624792,10.712986,1032790.44
2003-10-13,HAS,10.697423,10.837496,10.687047,10.837496,1445868
2003-10-14,HAS,10.837496,10.837496,10.609229,10.759678,1264484
2003-10-15,HAS,10.744113,10.801181,10.645544,10.738926,854297.75
2003-10-16,HAS,10.712986,10.827121,10.70261,10.816745,1813262.4
2003-10-17,HAS,10.832308,10.832308,10.687047,10.707798,1233642.9
2003-10-20,HAS,10.910127,11.278466,10.681859,11.257715,4091068.2
2003-10-21,HAS,11.46523,11.568988,11.02426,11.387412,8538544
2003-10-22,HAS,11.387412,11.444478,11.039824,11.356284,4723696
2003-10-23,HAS,11.299218,11.340721,11.19546,11.288842,1996574
2003-10-24,HAS,11.086514,11.392599,11.086514,11.330345,2365510.2
2003-10-27,HAS,11.257715,11.470418,11.153957,11.304406,3107045.2
2003-10-28,HAS,11.413351,11.46523,11.319969,11.46523,1736737.9
2003-10-29,HAS,11.449666,11.449666,11.299218,11.345909,1691440.1
2003-10-30,HAS,11.403053,11.480978,11.299152,11.397858,1681035.4
2003-10-31,HAS,11.351103,11.429028,11.262788,11.325128,2388252
2003-11-03,HAS,11.351103,11.569293,11.309543,11.569293,2839011.2
2003-11-04,HAS,11.569293,11.756313,11.512148,11.678389,2581033.2
2003-11-05,HAS,11.704364,11.75112,11.605659,11.642023,1922805.8
2003-11-06,HAS,11.693974,11.740729,11.501758,11.605659,1540901
2003-11-07,HAS,11.662804,11.683583,11.532928,11.584878,1415396
2003-11-10,HAS,11.636828,11.673193,11.439418,11.465393,882769.75
2003-11-11,HAS,11.429028,11.475783,11.356298,11.449808,944559.75
2003-11-12,HAS,11.434223,11.642023,11.423833,11.631633,2068137.4
2003-11-13,HAS,11.626438,11.725143,11.444613,11.626438,1159188.8
2003-11-14,HAS,11.662804,11.688779,11.475783,11.527734,1680265.4
2003-11-17,HAS,11.532928,11.532928,11.2679825,11.340713,1460824.1
2003-11-18,HAS,11.304348,11.387467,11.075767,11.106936,1429062.9
2003-11-19,HAS,11.080962,11.138107,10.847186,11.091352,2160726.2
2003-11-20,HAS,11.065376,11.148497,10.925112,11.117327,1512412.1
2003-11-21,HAS,11.169277,11.361493,11.127717,11.319933,1153413.9
2003-11-24,HAS,11.299152,11.506953,11.278372,11.480978,1471796.2
2003-11-25,HAS,11.506953,11.527734,11.361493,11.413443,996725.2
2003-11-26,HAS,11.413443,11.491368,11.371882,11.465393,720691.2
2003-11-28,HAS,11.465393,11.486174,11.413443,11.486174,360345.6
2003-12-01,HAS,11.486174,11.579683,11.392663,11.491368,1667753.4
2003-12-02,HAS,11.5173435,11.532928,11.351103,11.377078,1576319.5
2003-12-03,HAS,11.377078,11.377078,11.122522,11.138107,2273334.2
2003-12-04,HAS,11.190058,11.242007,11.013428,11.075767,1756299.9
2003-12-05,HAS,11.039402,11.070572,10.816016,10.847186,1492007.9
2003-12-08,HAS,10.805626,10.862771,10.431585,10.478341,4207304.5
2003-12-09,HAS,10.556266,10.59263,10.2081995,10.234176,4363223
2003-12-10,HAS,10.156249,10.275736,10.140665,10.197809,4825012.5
2003-12-11,HAS,10.234176,10.37444,10.2081995,10.26015,3623475.2
2003-12-12,HAS,10.338075,10.364051,10.254955,10.30171,3227711
2003-12-15,HAS,10.390025,10.556266,10.38483,10.410806,3297200.8
2003-12-16,HAS,10.436781,10.493926,10.197809,10.33288,2475066.2
2003-12-17,HAS,10.379635,10.587436,10.24976,10.540681,3614235.8
2003-12-18,HAS,10.5199,10.732896,10.5199,10.732896,2516452
2003-12-19,HAS,10.987452,11.112132,10.888746,10.977061,3767459.5
2003-12-22,HAS,10.961477,10.971868,10.696531,10.816016,2459859.2
2003-12-23,HAS,10.784846,11.132913,10.784846,11.132913,2199994.8
2003-12-24,HAS,11.039402,11.060183,10.982257,11.039402,704521.9
2003-12-26,HAS,11.065376,11.106936,10.997842,11.023816,318959.75
2003-12-29,HAS,11.023816,11.112132,10.966672,11.054987,1254664.9
2003-12-30,HAS,11.054987,11.117327,11.008232,11.080962,1280651.4
2003-12-31,HAS,11.065376,11.138107,11.003037,11.054987,915685.94
2004-01-02,HAS,11.158887,11.195252,10.867967,10.919917,1246195.2
2004-01-05,HAS,10.997842,11.158887,10.847186,11.106936,2142439.5
2004-01-06,HAS,11.132913,11.221228,11.054987,11.216032,1778629
2004-01-07,HAS,11.195252,11.210837,11.039402,11.164083,1766117
2004-01-08,HAS,11.184863,11.2679825,10.925112,10.925112,1898166.6
2004-01-09,HAS,10.925112,11.034206,10.888746,10.909527,1224828.6
2004-01-12,HAS,10.862771,10.951087,10.784846,10.883552,1555722.9
2004-01-13,HAS,10.945891,11.096547,10.935501,11.029012,1622710.1
2004-01-14,HAS,11.106936,11.252398,11.086157,11.143303,1844076.4
2004-01-15,HAS,11.138107,11.299152,11.101743,11.205642,850238.56
2004-01-16,HAS,11.273178,11.444613,11.247202,11.319933,1356493.4
2004-01-20,HAS,11.314738,11.319933,11.039402,11.039402,1046773.2
2004-01-21,HAS,11.029012,11.221228,11.008232,11.174473,2312025.2
2004-01-22,HAS,11.226422,11.304348,11.065376,11.112132,1067754.9
2004-01-23,HAS,11.184863,11.184863,11.018621,11.117327,1849466.1
2004-01-26,HAS,11.054987,11.106936,10.862771,10.9147215,2302400.5
2004-01-27,HAS,10.701726,10.816016,10.660167,10.748482,1990370.5
2004-01-28,HAS,10.784846,10.831602,10.478341,10.483536,1639842
2004-01-29,HAS,10.483536,10.50955,10.254615,10.353468,2528087.2
2004-01-30,HAS,10.353468,10.353468,10.218196,10.275427,2520591.2
2004-02-02,HAS,10.275427,10.441915,10.275427,10.317048,2868100
2004-02-03,HAS,10.317048,10.384684,10.26502,10.306643,1711595.6
2004-02-04,HAS,10.197386,10.239007,10.082925,10.145358,2042766.8
2004-02-05,HAS,10.171371,10.535563,10.140155,10.441915,2274375.2
2004-02-06,HAS,10.389887,10.764485,10.343061,10.764485,2458700.8
2004-02-09,HAS,10.899756,10.946582,10.514752,10.800904,3495268.5
2004-02-10,HAS,10.826918,10.941379,10.800904,10.842526,2912691.8
2004-02-11,HAS,10.842526,11.211921,10.738471,11.13388,3704581
2004-02-12,HAS,11.170299,11.388814,11.045433,11.295164,2689348.2
2004-02-13,HAS,11.315976,11.394017,11.211921,11.352395,1614723.8
2004-02-17,HAS,11.388814,11.503275,11.315976,11.326382,2305704.8
2004-02-18,HAS,11.326382,11.477261,11.248341,11.3419895,2731825.8
2004-02-19,HAS,11.472058,11.503275,11.321178,11.352395,1915526.4
2004-02-20,HAS,11.352395,11.352395,11.123474,11.2847595,1958964.9
2004-02-23,HAS,11.253543,11.331585,11.170299,11.191111,1690260.8
2004-02-24,HAS,11.22753,11.300367,11.055839,11.253543,1597809.6
2004-02-25,HAS,11.258745,11.362801,11.154691,11.222326,3150643
2004-02-26,HAS,11.180704,11.279557,11.055839,11.222326,1785402.8
2004-02-27,HAS,11.300367,11.440842,11.196313,11.378409,1084234.8
2004-03-01,HAS,11.362801,11.622938,11.362801,11.534492,1926482.1
2004-03-02,HAS,11.57091,11.680169,11.5136795,11.576114,1398876.2
2004-03-03,HAS,11.602127,11.768616,11.5501,11.7061825,1878622.8
2004-03-04,HAS,11.669763,11.711385,11.498073,11.66456,968718.94
2004-03-05,HAS,11.628141,11.799831,11.57091,11.742601,3254242
2004-03-08,HAS,11.77902,11.955914,11.763412,11.893481,2719909
2004-03-09,HAS,11.820642,11.862264,11.586519,11.617735,3145453.5
2004-03-10,HAS,11.524086,11.628141,11.430436,11.430436,1893807
2004-03-11,HAS,11.378409,11.378409,11.107866,11.128676,1674692
2004-03-12,HAS,11.232732,11.383612,11.170299,11.310773,871847
2004-03-15,HAS,11.310773,11.310773,11.144285,11.185907,1210514.2
2004-03-16,HAS,11.289963,11.508478,11.274354,11.425233,2005863.2
2004-03-17,HAS,11.425233,11.482464,11.409626,11.461654,905483.1
2004-03-18,HAS,11.409626,11.45645,11.248341,11.440842,736533.9
2004-03-19,HAS,11.440842,11.633344,11.404423,11.555302,1632983.4
2004-03-22,HAS,11.446045,11.472058,11.087055,11.206718,2426410.2
2004-03-23,HAS,11.232732,11.274354,11.087055,11.180704,2510212
2004-03-24,HAS,11.232732,11.279557,10.951783,10.993405,2587671.2
2004-03-25,HAS,10.993405,11.144285,10.956986,11.11307,2170776
2004-03-26,HAS,11.149488,11.206718,11.050635,11.050635,1077892
2004-03-29,HAS,11.107866,11.185907,11.097461,11.13388,1699871
2004-03-30,HAS,11.139083,11.185907,11.0922575,11.13388,1636058.6
2004-03-31,HAS,11.180704,11.347192,11.107866,11.315976,2179233.2
2004-04-01,HAS,11.289963,11.622938,11.269151,11.581316,2201144.8
2004-04-02,HAS,11.648952,11.799831,11.602127,11.799831,1744078.5
2004-04-05,HAS,11.726994,11.924698,11.726994,11.909089,1090385.4
2004-04-06,HAS,11.935103,12.13801,11.87267,12.13801,3747058.5
2004-04-07,HAS,12.091186,12.096388,11.888278,11.914291,1216472.6
2004-04-08,HAS,11.981928,12.007941,11.72179,11.768616,1410793
2004-04-12,HAS,11.846657,11.8986845,11.7061825,11.75821,1053481.9
2004-04-13,HAS,11.732196,11.77902,11.596925,11.633344,1228581.6
2004-04-14,HAS,11.602127,11.654155,11.555302,11.617735,594685.75
2004-04-15,HAS,11.617735,11.628141,11.498073,11.560505,699438.1
2004-04-16,HAS,11.524086,11.529288,11.352395,11.378409,1740426.5
2004-04-19,HAS,11.368004,11.368004,10.707254,10.92577,5488254
2004-04-20,HAS,10.795701,10.795701,10.483536,10.535563,3764357.2
2004-04-21,HAS,10.561577,10.764485,10.561577,10.743673,2170583.8
2004-04-22,HAS,10.780092,10.956986,10.780092,10.86854,1818462.2
2004-04-23,HAS,10.86854,10.86854,10.676039,10.769688,1184758.6
2004-04-26,HAS,10.743673,10.748877,10.45232,10.514752,3322283
2004-04-27,HAS,10.50955,10.514752,10.3638735,10.379482,3564270.5
2004-04-28,HAS,10.384684,10.395089,10.072519,10.098533,4006536.8
2004-04-29,HAS,10.098534,10.176816,9.968061,10.009812,3761151.8
2004-04-30,HAS,10.108972,10.119409,9.858464,9.858464,3089743.2
2004-05-03,HAS,9.900215,10.035907,9.874122,9.968061,2292254.2
2004-05-04,HAS,9.994155,10.041125,9.853246,9.88456,1473879.4
2004-05-05,HAS,9.894997,9.988936,9.832371,9.894997,1849055.6
2004-05-06,HAS,9.801057,9.900215,9.780181,9.832371,1603600.8
2004-05-07,HAS,9.806276,9.88456,9.623615,9.654928,1228232.9
2004-05-10,HAS,9.576645,9.660148,9.498363,9.607959,1539219.1
2004-05-11,HAS,9.628835,9.681023,9.273951,9.352233,2962704.5
2004-05-12,HAS,9.352233,9.440954,9.143478,9.3157015,3590808.8
2004-05-13,HAS,9.237418,9.440954,9.185229,9.383546,2229788.8
2004-05-14,HAS,9.409641,9.560988,9.216542,9.237418,1782949.5
2004-05-17,HAS,9.080852,9.159134,8.950379,9.159134,2530428
2004-05-18,HAS,9.237418,9.498363,9.2322,9.430516,2188400.5
2004-05-19,HAS,9.560988,9.73843,9.493143,9.7332115,3574330
2004-05-20,HAS,9.7332115,9.780181,9.607959,9.618397,1663575.2
2004-05-21,HAS,9.707117,9.9367485,9.675804,9.9367485,2798684.8
2004-05-24,HAS,10.046345,10.124627,9.900215,10.077658,2128809.2
2004-05-25,HAS,10.072438,10.114189,9.952404,10.098534,1678329.4
2004-05-26,HAS,10.098534,10.1611595,9.968061,10.1507225,2131108.5
2004-05-27,HAS,10.223786,10.229006,10.1611595,10.20291,2111372.5
2004-05-28,HAS,10.223786,10.369915,10.208129,10.260319,3932452.8
2004-06-01,HAS,10.270757,10.281195,10.140285,10.255099,1061913.6
2004-06-02,HAS,10.270757,10.281195,10.1507225,10.234224,932192.3
2004-06-03,HAS,10.176816,10.197692,9.88456,9.905435,2695214.2
2004-06-04,HAS,10.030687,10.088096,9.915873,9.968061,1102918.6
2004-06-07,HAS,9.994155,10.082876,9.994155,10.072438,2007710.4
2004-06-08,HAS,10.098534,10.176816,10.02025,10.1507225,2076307.5
2004-06-09,HAS,10.1507225,10.229006,10.082876,10.098534,2421017.5
2004-06-10,HAS,10.192473,10.192473,9.921091,9.952404,2235537
2004-06-14,HAS,9.962842,10.056783,9.926311,10.046345,1884695.5
2004-06-15,HAS,10.082876,10.129847,9.983717,10.009812,1484418
2004-06-16,HAS,10.015031,10.062001,9.9367485,9.97328,1502046.4
2004-06-17,HAS,9.941966,9.983717,9.894997,9.9576235,1797128.9
2004-06-18,HAS,9.905435,9.978499,9.889778,9.889778,969173.44
2004-06-21,HAS,9.889778,9.921091,9.769743,9.769743,1549757.8
2004-06-22,HAS,9.790619,9.801057,9.675804,9.7436495,2620677.2
2004-06-23,HAS,9.769743,9.983717,9.769743,9.962842,2242818.2
2004-06-24,HAS,9.97328,10.035907,9.941966,10.02025,1441688.6
2004-06-25,HAS,10.030687,10.192473,10.009812,10.098534,1392061.1
2004-06-28,HAS,10.114189,10.249881,10.067221,10.067221,879690.6
2004-06-29,HAS,10.035907,10.041125,9.759306,9.801057,1911712.8
2004-06-30,HAS,9.811494,9.9471855,9.806276,9.915873,2112330.5
2004-07-01,HAS,9.848027,9.915873,9.764524,9.858464,2665322.8
2004-07-02,HAS,9.858464,9.858464,9.7332115,9.774962,1400492
2004-07-06,HAS,9.754087,9.759306,9.634052,9.64971,1071685.9
2004-07-07,HAS,9.654928,9.670586,9.477487,9.55055,3060235
2004-07-08,HAS,9.498363,9.55055,9.467049,9.5296755,1586164
2004-07-09,HAS,9.55055,9.623615,9.383546,9.383546,2904263
2004-07-12,HAS,9.404423,9.404423,9.362671,9.373108,2610330
2004-07-13,HAS,9.378327,9.498363,9.263513,9.487925,1774135.4
2004-07-14,HAS,9.493143,9.555769,9.347014,9.373108,1714160.9
2004-07-15,HAS,9.36789,9.446174,9.331357,9.393984,2767260.2
2004-07-16,HAS,9.263513,9.446174,9.080852,9.373108,6599308.5
2004-07-19,HAS,9.289606,9.383546,9.273951,9.378327,3499984.5
2004-07-20,HAS,9.352233,9.440954,9.310482,9.414861,3087060.8
2004-07-21,HAS,9.440954,9.670586,9.440954,9.55055,1882396.1
2004-07-22,HAS,9.55055,9.555769,9.341795,9.456612,1879713.6
2004-07-23,HAS,9.456612,9.50358,9.352233,9.373108,2603432
2004-07-26,HAS,9.36789,9.414861,9.347014,9.36789,2892766.2
2004-07-27,HAS,9.36789,9.628835,9.357452,9.607959,1893318
2004-07-28,HAS,9.566207,9.602739,9.36789,9.581864,1835834.5
2004-07-29,HAS,9.660403,9.676111,9.508559,9.555683,1013752.75
2004-07-30,HAS,9.571392,9.608044,9.466672,9.513796,921697.56
2004-08-02,HAS,9.519032,9.519032,9.398604,9.4562,1909094.2
2004-08-03,HAS,9.4562,9.4562,9.309592,9.309592,1400499
2004-08-04,HAS,9.288648,9.325299,9.1944,9.283412,2334801.5
2004-08-05,HAS,9.304356,9.304356,9.210108,9.251996,2506688.8
2004-08-06,HAS,9.173456,9.251996,9.162984,9.22058,2428193.8
2004-08-09,HAS,9.1944,9.278175,9.147276,9.178693,1676855.5
2004-08-10,HAS,9.157748,9.231051,9.121097,9.225817,2203212.5
2004-08-11,HAS,9.225817,9.29912,9.162984,9.29912,1297557.6
2004-08-12,HAS,9.278175,9.283412,9.1682205,9.225817,1726702.8
2004-08-13,HAS,9.22058,9.251996,9.178693,9.231051,2243128.5
2004-08-16,HAS,9.005905,9.241524,8.890713,9.215344,3429150.2
2004-08-17,HAS,9.257232,9.304356,9.204872,9.293884,2283808.5
2004-08-18,HAS,9.309592,9.398604,9.304356,9.398604,1582126.5
2004-08-19,HAS,9.162984,9.346244,9.100152,9.346244,3809785
2004-08-20,HAS,9.320064,9.450963,9.27294,9.361951,2749813.8
2004-08-23,HAS,9.361951,9.471908,9.346244,9.445728,1730140.5
2004-08-24,HAS,9.492851,9.587099,9.492851,9.545211,2078307.6
2004-08-25,HAS,9.524268,9.707527,9.440492,9.670875,2171126.8
2004-08-26,HAS,9.670875,9.728471,9.63946,9.707527,1028267.6
2004-08-27,HAS,9.712763,9.728471,9.6865835,9.697056,799275.6
2004-08-30,HAS,9.660403,9.707527,9.628987,9.665639,832316.2
2004-08-31,HAS,9.628987,9.733707,9.628987,9.7022915,872423.2
2004-09-01,HAS,9.707527,9.765122,9.602807,9.644695,1086327.4
2004-09-02,HAS,9.665639,9.875079,9.649931,9.864607,1287626.4
2004-09-03,HAS,9.864607,9.943147,9.864607,9.916967,1292019
2004-09-07,HAS,9.916967,10.032159,9.875079,9.927438,985486.8
2004-09-08,HAS,9.948382,9.953619,9.796538,9.801775,1782088.6
2004-09-09,HAS,9.801775,9.854135,9.670875,9.723235,1420552.5
2004-09-10,HAS,9.728471,9.911731,9.712763,9.906495,882545.44
2004-09-13,HAS,9.906495,9.953619,9.807011,9.859371,1128153.2
2004-09-14,HAS,9.859371,9.859371,9.325299,9.681347,939650.25
2004-09-15,HAS,9.697056,9.712763,9.555683,9.613279,1228420.8
2004-09-16,HAS,9.655168,9.6865835,9.623751,9.644695,613828.44
2004-09-17,HAS,9.676111,9.738943,9.634223,9.634223,1391522.6
2004-09-20,HAS,9.63946,9.644695,9.414311,9.581862,1222691.2
2004-09-21,HAS,9.608044,9.807011,9.566155,9.796538,1360201
2004-09-22,HAS,9.74418,9.765122,9.608044,9.613279,1699964.8
2004-09-23,HAS,9.566155,9.623751,9.4562,9.587099,1554433.6
2004-09-24,HAS,9.592335,9.623751,9.477143,9.539975,1105234.9
2004-09-27,HAS,9.539975,9.644695,9.498087,9.644695,843966.3
2004-09-28,HAS,9.697056,9.697056,9.477143,9.555683,889802.94
2004-09-29,HAS,9.550447,9.791304,9.539975,9.775595,2198437.8
2004-09-30,HAS,9.780831,9.864607,9.723235,9.843662,1566847.6
2004-10-01,HAS,9.864607,9.932674,9.796538,9.932674,2674374.5
2004-10-04,HAS,10.000743,10.157822,9.948382,10.011215,1304051.1
2004-10-05,HAS,10.011215,10.058338,9.827955,9.848899,1292019
2004-10-06,HAS,9.864607,9.958855,9.833191,9.958855,846831.1
2004-10-07,HAS,9.953619,9.953619,9.833191,9.901258,516616.62
2004-10-08,HAS,9.896023,9.927438,9.801775,9.817483,1248665.2
2004-10-11,HAS,9.8698435,9.932674,9.801775,9.859371,1187931.8
2004-10-12,HAS,9.859371,9.859371,9.634223,9.644695,1786481.4
2004-10-13,HAS,9.644695,9.728471,9.503324,9.566155,1033806.25
2004-10-14,HAS,9.545211,9.691819,9.466672,9.670875,1321621.9
2004-10-15,HAS,9.655168,9.749415,9.623751,9.665639,1380063.5
2004-10-18,HAS,9.424784,9.430019,8.953545,9.03732,8556929
2004-10-19,HAS,8.901184,9.058264,8.8488245,8.927364,3672275.2
2004-10-20,HAS,8.927364,8.943072,8.869769,8.901184,2329263
2004-10-21,HAS,8.916893,9.089681,8.916893,9.058264,2349125.5
2004-10-22,HAS,9.084444,9.147276,9.03732,9.110624,1811882.5
2004-10-25,HAS,9.053029,9.094916,9.000669,9.03732,610963.6
2004-10-26,HAS,8.995433,9.079208,8.964017,9.047792,2052524.6
2004-10-27,HAS,9.026848,9.157748,8.974488,9.147276,2720784
2004-10-28,HAS,9.147276,9.394216,9.063211,9.315405,4601415.5
2004-10-29,HAS,9.273373,9.331167,9.184054,9.294389,2871887.8
2004-11-01,HAS,9.310151,9.430994,9.241849,9.430994,3876639.2
2004-11-02,HAS,9.415232,9.620139,9.415232,9.504551,885034
2004-11-03,HAS,9.557091,9.688442,9.5150585,9.688442,2343341.5
2004-11-04,HAS,9.651664,9.667425,9.572852,9.641155,819941.1
2004-11-05,HAS,9.698949,9.767252,9.67268,9.719966,819750.8
2004-11-08,HAS,9.735728,9.740982,9.635901,9.72522,1538055.9
2004-11-09,HAS,9.698949,9.75149,9.614884,9.730474,1241902.5
2004-11-10,HAS,9.75149,9.761998,9.588615,9.604378,1320889.4
2004-11-11,HAS,9.656917,9.825047,9.583361,9.825047,1102390.8
2004-11-12,HAS,9.846063,10.045716,9.80403,9.982668,999231.9
2004-11-15,HAS,9.987922,10.008938,9.893349,9.903857,903876.6
2004-11-16,HAS,9.919619,10.114018,9.872334,10.071986,1151495.9
2004-11-17,HAS,10.071986,10.114018,9.903857,9.956398,945178.2
2004-11-18,HAS,9.956398,10.082495,9.940636,10.082495,954314.06
2004-11-19,HAS,10.07724,10.07724,9.798777,9.909111,803382.44
2004-11-22,HAS,9.909111,9.909111,9.735728,9.888095,743238.2
2004-11-23,HAS,9.888095,9.935381,9.861825,9.930127,636653.5
2004-11-24,HAS,9.909111,10.003684,9.903857,9.977413,632846.9
2004-11-26,HAS,9.99843,9.99843,9.951143,9.972159,535588.3
2004-11-29,HAS,9.972159,10.029954,9.930127,9.935381,945368.56
2004-11-30,HAS,9.935381,10.087749,9.851316,9.99843,2163289.5
2004-12-01,HAS,9.9931755,10.308418,9.972159,10.308418,1532916.9
2004-12-02,HAS,10.282147,10.282147,10.161304,10.166559,1081073.8
2004-12-03,HAS,10.161304,10.187574,9.99843,10.014192,2178516
2004-12-06,HAS,9.977413,10.008938,9.620139,9.625393,3670511.8
2004-12-07,HAS,9.625393,9.772507,9.536075,9.620139,2232950.2
2004-12-08,HAS,9.588615,9.656917,9.525566,9.588615,1568508.6
2004-12-09,HAS,9.546583,9.641155,9.520313,9.536075,1527968.4
2004-12-10,HAS,9.735728,9.735728,9.310151,9.441502,2642540.2
2004-12-13,HAS,9.536075,9.693696,9.5150585,9.6831875,913583.44
2004-12-14,HAS,9.635901,9.882841,9.635901,9.867079,1604100.2
2004-12-15,HAS,9.825047,9.924873,9.783014,9.861825,673196.8
2004-12-16,HAS,9.825047,9.930127,9.75149,9.856571,991999.4
2004-12-17,HAS,9.693696,9.735728,9.588615,9.67268,1863139.2
2004-12-20,HAS,9.698949,9.909111,9.698949,9.825047,1007606.44
2004-12-21,HAS,9.861825,10.087749,9.851316,9.982668,1294623.9
2004-12-22,HAS,9.982668,10.035208,9.914366,9.961651,969540.44
2004-12-23,HAS,9.935381,10.114018,9.898603,10.082495,714308.06
2004-12-27,HAS,10.087749,10.187574,10.0404625,10.098256,619523.8
2004-12-28,HAS,10.114018,10.381974,10.114018,10.3504505,1407870.1
2004-12-29,HAS,10.32418,10.32418,10.229607,10.229607,885795.3
2004-12-30,HAS,10.245369,10.29791,10.182321,10.234861,984195.9
2004-12-31,HAS,10.245369,10.334688,10.182321,10.182321,538252.94
2005-01-03,HAS,10.187574,10.229607,10.008938,10.035208,2056324.1
2005-01-04,HAS,10.035208,10.071986,9.956398,10.008938,1827928.2
2005-01-05,HAS,9.972159,10.035208,9.903857,9.930127,887317.94
2005-01-06,HAS,9.930127,9.961651,9.856571,9.940636,958120.6
2005-01-07,HAS,9.935381,9.935381,9.767252,9.772507,934710.06
2005-01-10,HAS,9.735728,9.903857,9.730474,9.798777,651118.56
2005-01-11,HAS,9.798777,9.846063,9.783014,9.809284,475824.72
2005-01-12,HAS,9.693696,10.029954,9.5150585,10.014192,2286242.5
2005-01-13,HAS,9.966906,9.972159,9.730474,9.75149,2966672
2005-01-14,HAS,9.746236,9.819793,9.735728,9.80403,1422715.9
2005-01-18,HAS,9.719966,10.071986,9.719966,9.951143,1384649.9
2005-01-19,HAS,9.930127,9.972159,9.851316,9.935381,1115713.8
2005-01-20,HAS,10.166559,10.308418,10.098256,10.213845,3458865
2005-01-21,HAS,10.177068,10.292656,10.161304,10.271639,1828879.9
2005-01-24,HAS,10.276894,10.360958,9.987922,9.987922,1636266
2005-01-25,HAS,10.045716,10.119272,10.035208,10.10351,2026442.2
2005-01-26,HAS,10.10351,10.161304,9.972159,10.056224,1547953
2005-01-27,HAS,10.056224,10.07724,9.945889,9.972159,2125984.8
2005-01-28,HAS,10.003783,10.003783,9.882558,9.908911,1091696.1
2005-01-31,HAS,10.014325,10.330567,9.998513,10.330567,3319484.8
2005-02-01,HAS,10.330567,10.615185,10.225153,10.583561,3358948.2
2005-02-02,HAS,10.567748,10.910344,10.567748,10.857637,2750489.8
2005-02-03,HAS,10.80493,10.836554,10.625726,10.683704,2900185.5
2005-02-04,HAS,10.699515,10.820743,10.64681,10.752223,1776804.8
2005-02-07,HAS,10.4886875,10.673162,10.435981,10.541395,2836816.2
2005-02-08,HAS,10.567748,11.042111,10.493958,10.957781,2509155.5
2005-02-09,HAS,10.984134,11.015758,10.65735,10.65735,1390707.8
2005-02-10,HAS,10.65735,10.720599,10.594102,10.699515,1561652.9
2005-02-11,HAS,10.741681,10.762764,10.662621,10.699515,2434971.8
2005-02-14,HAS,10.673162,10.673162,10.567748,10.620455,923596.94
2005-02-15,HAS,10.567748,10.683704,10.567748,10.6678915,1040659.25
2005-02-16,HAS,10.641539,10.704786,10.520311,10.562478,1592578.6
2005-02-17,HAS,10.541395,10.64681,10.541395,10.541395,2493408.2
2005-02-18,HAS,10.64681,10.762764,10.620455,10.694245,3104712.5
2005-02-22,HAS,10.615185,10.778577,10.441252,10.457064,1735823.4
2005-02-23,HAS,10.441252,10.715328,10.409628,10.699515,1987403
2005-02-24,HAS,10.704786,10.815472,10.630997,10.80493,1250878.1
2005-02-25,HAS,10.80493,11.03157,10.789118,11.03157,1696929.1
2005-02-28,HAS,11.03157,11.194962,10.994676,11.131714,2512001.5
2005-03-01,HAS,11.079006,11.332,11.063194,11.105359,2188515
2005-03-02,HAS,11.052652,11.158067,10.936697,10.957781,4653274
2005-03-03,HAS,10.96305,10.96305,10.815472,10.868178,1136092.5
2005-03-04,HAS,10.973592,11.026299,10.894531,10.95251,957748
2005-03-07,HAS,10.984134,11.073735,10.936697,11.068464,835752.75
2005-03-08,HAS,11.063194,11.100089,10.978863,11.047381,1213881.1
2005-03-09,HAS,10.994676,11.026299,10.8470955,10.857637,1451041.4
2005-03-10,HAS,10.862907,10.984134,10.831283,10.931426,1038382.5
2005-03-11,HAS,10.984134,11.042111,10.910344,10.96305,787561.8
2005-03-14,HAS,10.968321,11.089548,10.936697,11.073735,1175556
2005-03-15,HAS,11.073735,11.147525,10.973592,11.047381,2433454
2005-03-16,HAS,10.999946,11.026299,10.826014,10.868178,1853075.4
2005-03-17,HAS,10.926156,10.947239,10.762764,10.857637,4296585
2005-03-18,HAS,10.862907,10.862907,10.768035,10.815472,3108886.5
2005-03-21,HAS,10.826014,10.95251,10.810201,10.873448,1476275.2
2005-03-22,HAS,10.8470955,10.96305,10.64681,10.64681,4298672
2005-03-23,HAS,10.65208,10.910344,10.65208,10.841825,2702109.2
2005-03-24,HAS,10.920885,10.941968,10.857637,10.915614,3466144.8
2005-03-28,HAS,10.994676,11.068464,10.810201,10.810201,1639820.9
2005-03-29,HAS,10.810201,10.910344,10.662621,10.673162,1670936.4
2005-03-30,HAS,10.725869,10.873448,10.725869,10.831283,1089419.4
2005-03-31,HAS,10.841825,10.857637,10.768035,10.778577,1232853.9
2005-04-01,HAS,10.831283,10.968321,10.683704,10.752223,2025538.4
2005-04-04,HAS,10.710057,10.789118,10.615185,10.65735,975203
2005-04-05,HAS,10.710057,10.831283,10.636268,10.736411,1415372.5
2005-04-06,HAS,10.741681,10.810201,10.678433,10.715328,1239684.1
2005-04-07,HAS,10.6678915,10.736411,10.557207,10.65735,2225322.2
2005-04-08,HAS,10.736411,10.783847,10.64681,10.715328,995124.44
2005-04-11,HAS,10.683704,10.741681,10.530853,10.694245,1174038.1
2005-04-12,HAS,10.6678915,10.831283,10.599373,10.799659,605612.44
2005-04-13,HAS,10.80493,10.8470955,10.509771,10.541395,2452996
2005-04-14,HAS,10.541395,10.541395,10.246236,10.293673,2076954.8
2005-04-15,HAS,10.27786,10.283131,10.114469,10.167176,5082819
2005-04-18,HAS,9.82985,10.256777,9.698083,10.177716,7196391
2005-04-19,HAS,10.177716,10.27259,9.9458065,10.019596,2939838.5
2005-04-20,HAS,10.003783,10.014325,9.756062,9.882558,4389931.5
2005-04-21,HAS,9.987972,10.230424,9.987972,10.172445,2511052.8
2005-04-22,HAS,10.172445,10.172445,9.845663,9.914182,1477982.8
2005-04-25,HAS,9.919453,10.082844,9.887829,10.077574,1205533
2005-04-26,HAS,10.040678,10.067033,9.8931,9.8931,1579297.6
2005-04-27,HAS,9.798226,9.998513,9.7771435,9.993242,1423341
2005-04-28,HAS,9.956172,9.987947,9.8396635,9.876735,1233610.6
2005-04-29,HAS,9.897919,10.019722,9.855552,10.019722,1498724.6
2005-05-02,HAS,10.019722,10.104456,9.940285,9.998539,1546309.1
2005-05-03,HAS,9.998539,10.189189,9.987947,10.120343,1608433.4
2005-05-04,HAS,10.12564,10.358656,10.12564,10.316289,1921131.9
2005-05-05,HAS,10.26333,10.459277,10.26333,10.443389,1521006.2
2005-05-06,HAS,10.459277,10.54401,10.459277,10.485756,1715121
2005-05-09,HAS,10.48046,10.739957,10.385136,10.48046,821966.5
2005-05-10,HAS,10.565194,10.565194,10.205077,10.353359,1645632.4
2005-05-11,HAS,10.411614,10.496347,10.279219,10.491052,1189236.1
2005-05-12,HAS,10.178597,10.623447,10.178597,10.390431,1653940.9
2005-05-13,HAS,10.485756,10.570489,10.353359,10.459277,1402233.6
2005-05-16,HAS,10.501643,10.628743,10.438093,10.623447,769283.56
2005-05-17,HAS,10.565194,10.681702,10.533418,10.655223,1163366.8
2005-05-18,HAS,10.69759,10.935902,10.612857,10.882943,1738724.4
2005-05-19,HAS,10.909423,10.962381,10.82469,10.867057,1619385.4
2005-05-20,HAS,10.840576,11.11596,10.840576,11.010044,1522328
2005-05-23,HAS,11.036523,11.036523,10.882943,10.935902,1247961.5
2005-05-24,HAS,10.909423,10.909423,10.755843,10.792914,1001541.5
2005-05-25,HAS,10.739957,10.739957,10.528122,10.565194,1387316.2
2005-05-26,HAS,10.618152,10.792914,10.591673,10.692294,847835.9
2005-05-27,HAS,10.676406,10.782323,10.628743,10.761139,1042517.1
2005-05-31,HAS,10.729364,10.755843,10.644631,10.686997,1032320.44
2005-06-01,HAS,10.676406,10.761139,10.602264,10.713476,1316694.8
2005-06-02,HAS,10.729364,10.930606,10.69759,10.909423,1544232
2005-06-03,HAS,10.872353,10.935902,10.750547,10.766436,884279.6
2005-06-06,HAS,10.792914,10.792914,10.586377,10.724069,1701525.4
2005-06-07,HAS,10.771731,10.867057,10.73466,10.787619,953390.5
2005-06-08,HAS,10.840576,10.840576,10.686997,10.718773,678457.5
2005-06-09,HAS,10.750547,10.750547,10.528122,10.586377,1282894.6
2005-06-10,HAS,10.591673,10.718773,10.528122,10.60756,728496.8
2005-06-13,HAS,10.570489,10.761139,10.538714,10.67111,731518.06
2005-06-14,HAS,10.660518,10.856464,10.660518,10.82469,583288.44
2005-06-15,HAS,10.86176,10.914719,10.644631,10.792914,1001163.9
2005-06-16,HAS,10.829986,10.941197,10.782323,10.898831,780235.56
2005-06-17,HAS,11.025931,11.025931,10.909423,10.941197,1823885.6
2005-06-20,HAS,10.909423,10.962381,10.777027,10.898831,984169.4
2005-06-21,HAS,10.893536,10.957086,10.79821,10.867057,539858.06
2005-06-22,HAS,10.909423,10.999453,10.829986,10.872353,765129.4
2005-06-23,HAS,10.819394,10.86176,10.628743,10.644631,928276.44
2005-06-24,HAS,10.649927,10.729364,10.575785,10.67111,1355970.9
2005-06-27,HAS,10.655223,10.655223,10.501643,10.549306,1051958.5
2005-06-28,HAS,10.596969,10.845873,10.591673,10.787619,1177906.5
2005-06-29,HAS,10.803506,10.882943,10.777027,10.845873,706970.5
2005-06-30,HAS,10.851169,11.100073,10.851169,11.010044,1612965.2
2005-07-01,HAS,10.999453,11.073594,10.92531,11.041819,666750.2
2005-07-05,HAS,11.041819,11.52374,11.041819,11.407232,2498189
2005-07-06,HAS,11.35957,11.544923,11.306611,11.454893,2324278.8
2005-07-07,HAS,11.227174,11.428414,11.121256,11.391344,880691.9
2005-07-08,HAS,11.35957,11.454893,11.195397,11.423119,776081.4
2005-07-11,HAS,11.48667,11.507853,11.285427,11.37016,1702847.2
2005-07-12,HAS,11.375456,11.423119,11.227174,11.412527,981525.8
2005-07-13,HAS,11.417823,11.417823,11.137144,11.174215,2076914.6
2005-07-14,HAS,11.168919,11.380753,11.121256,11.168919,1420550
2005-07-15,HAS,11.121256,11.470781,11.121256,11.375456,1546498
2005-07-18,HAS,11.65084,11.836194,11.301314,11.417823,4693498.5
2005-07-19,HAS,11.444303,11.767348,11.375456,11.709094,2046891
2005-07-20,HAS,11.640248,11.65084,11.444303,11.571403,2309739
2005-07-21,HAS,11.581994,11.581994,11.290723,11.301314,1386749.8
2005-07-22,HAS,11.237764,11.364864,11.126553,11.280131,1302343.9
2005-07-25,HAS,11.327793,11.454893,11.258948,11.37016,1659228
2005-07-26,HAS,11.348977,11.46019,11.20599,11.439007,1274775
2005-07-27,HAS,11.491965,11.566107,11.417823,11.507853,1948134.2
2005-07-28,HAS,11.550395,11.699295,11.507852,11.66207,2190166.2
2005-07-29,HAS,11.646116,11.699295,11.598255,11.667388,1293377
2005-08-01,HAS,11.678023,11.747156,11.6248455,11.646116,1726822
2005-08-02,HAS,11.66207,11.68866,11.529123,11.53976,972195.3
2005-08-03,HAS,11.4759445,11.53976,11.422766,11.502534,913901.2
2005-08-04,HAS,11.459991,11.545076,11.401495,11.401495,1330610.1
2005-08-05,HAS,11.417448,11.465309,11.1940975,11.28982,853350.56
2005-08-08,HAS,11.284502,11.369587,11.178145,11.26323,1185627
2005-08-09,HAS,11.3270445,11.428084,11.273867,11.321728,2044995
2005-08-10,HAS,11.353635,11.417448,11.231324,11.273867,946057
2005-08-11,HAS,11.305774,11.353635,11.119648,11.172827,1909226.1
2005-08-12,HAS,11.167509,11.252595,11.09306,11.11433,1069979
2005-08-15,HAS,11.124967,11.178145,11.039881,11.162191,1069038.8
2005-08-16,HAS,11.167509,11.167509,11.01329,11.018608,1027292.6
2005-08-17,HAS,10.99202,11.082423,10.944159,10.96543,1152342.9
2005-08-18,HAS,10.864391,10.944159,10.773988,10.821848,1169831.1
2005-08-19,HAS,10.901616,10.960113,10.827167,10.864391,997957.56
2005-08-22,HAS,10.848437,10.954795,10.736763,10.7952585,1404512
2005-08-23,HAS,10.805894,10.901616,10.672948,10.821848,1448890.8
2005-08-24,HAS,10.821848,10.954795,10.821848,10.906934,1536708
2005-08-25,HAS,10.906934,10.944159,10.7952585,10.896298,686742.25
2005-08-26,HAS,10.837801,10.875027,10.704855,10.731444,711376.2
2005-08-29,HAS,10.66763,10.827167,10.66763,10.7952585,924431.75
2005-08-30,HAS,10.763351,10.81653,10.619769,10.704855,1236399.2
2005-08-31,HAS,10.710173,11.007974,10.704855,11.007974,2145411.2
2005-09-01,HAS,10.954795,11.11433,10.880344,10.906934,1752020.1
2005-09-02,HAS,10.96543,11.119648,10.742081,10.84312,657219.06
2005-09-06,HAS,10.91757,11.178145,10.91757,11.103694,1195405.4
2005-09-07,HAS,11.007974,11.36427,10.99202,11.332362,5022131.5
2005-09-08,HAS,11.3429985,11.491899,11.257913,11.316409,1523732.9
2005-09-09,HAS,11.353635,11.502534,11.316409,11.406814,1032181.8
2005-09-12,HAS,11.459991,11.752474,11.417448,11.704613,3125692.5
2005-09-13,HAS,11.68866,11.747156,11.550395,11.66207,1444001.5
2005-09-14,HAS,11.66207,11.725884,11.444038,11.449356,934210.1
2005-09-15,HAS,11.53976,11.693977,11.459991,11.497217,1702188
2005-09-16,HAS,11.555713,11.63548,11.433402,11.592937,2849077.5
2005-09-19,HAS,11.603574,11.66207,11.305774,11.311091,1335687.2
2005-09-20,HAS,11.3270445,11.3429985,10.986702,11.055835,3235323
2005-09-21,HAS,11.018608,11.050516,10.864391,10.912251,2572650.8
2005-09-22,HAS,10.875027,10.938841,10.742081,10.901616,2757123.2
2005-09-23,HAS,10.869709,10.880344,10.736763,10.779305,2366740.8
2005-09-26,HAS,10.81653,10.938841,10.656995,10.656995,1690905.2
2005-09-27,HAS,10.656995,10.662312,10.0986185,10.529366,3256948.2
2005-09-28,HAS,10.609134,10.6463585,10.44428,10.492141,2500629.2
2005-09-29,HAS,10.476188,10.476188,10.316651,10.343241,1613430.5
2005-09-30,HAS,10.36983,10.524048,10.316651,10.449597,1163061.5
2005-10-03,HAS,10.486822,10.587862,10.438962,10.529366,1339824.2
2005-10-04,HAS,10.529366,10.651677,10.396419,10.423009,1001906.5
2005-10-05,HAS,10.396419,10.41769,10.151797,10.167751,1392477
2005-10-06,HAS,10.135843,10.300698,10.0826645,10.189022,1646902.6
2005-10-07,HAS,10.236883,10.359194,10.231565,10.274108,985546.56
2005-10-10,HAS,10.321969,10.359194,10.173068,10.183704,1314250.1
2005-10-11,HAS,10.199658,10.306015,10.11989,10.263473,1366526.8
2005-10-12,HAS,10.210295,10.290062,10.077348,10.125209,1927466.5
2005-10-13,HAS,10.077348,10.215611,10.024169,10.087983,1659313.6
2005-10-14,HAS,10.0986185,10.130526,9.955036,9.955036,2242630.8
2005-10-17,HAS,9.465793,10.040122,9.439204,9.992262,4983018
2005-10-18,HAS,9.944402,9.97099,9.82209,9.933765,2092570.5
2005-10-19,HAS,9.891223,10.0826645,9.8167715,10.0826645,1658561.5
2005-10-20,HAS,10.199658,10.391102,10.199658,10.321969,2560615.8
2005-10-21,HAS,10.3804655,10.385784,10.130526,10.157116,2038977.5
2005-10-24,HAS,10.178387,10.359194,10.103937,10.343241,1580898.6
2005-10-25,HAS,10.300698,10.321969,10.034805,10.130526,1294693.4
2005-10-26,HAS,10.11989,10.14648,10.013533,10.061394,1604968.5
2005-10-27,HAS,10.024169,10.050758,9.84868,9.880587,1844538.5
2005-10-28,HAS,9.88593,10.137086,9.88593,10.121055,2582645.2
2005-10-31,HAS,10.131742,10.227929,10.046242,10.067617,2516586.8
2005-11-01,HAS,10.078305,10.211899,10.051586,10.190523,2504797.2
2005-11-02,HAS,10.195868,10.44168,10.126399,10.420304,1153498
2005-11-03,HAS,10.420304,10.6126795,10.297399,10.340149,1820820.1
2005-11-04,HAS,10.350837,10.356179,10.137086,10.265335,1408749.6
2005-11-07,HAS,10.318773,10.553898,10.270679,10.500461,1219369.4
2005-11-08,HAS,10.479086,10.543211,10.292055,10.414961,1125240.6
2005-11-09,HAS,10.420304,10.521836,10.318773,10.468398,2283604
2005-11-10,HAS,10.489773,10.687492,10.388243,10.687492,960000.75
2005-11-11,HAS,10.687492,10.687492,10.505804,10.537867,506760.62
2005-11-14,HAS,10.521836,10.596648,10.447023,10.564586,738059.06
2005-11-15,HAS,10.553898,10.676805,10.393586,10.601992,1268211.5
2005-11-16,HAS,10.607336,10.618024,10.4737425,10.548554,594339.6
2005-11-17,HAS,10.5752735,10.821086,10.500461,10.762304,1654270.2
2005-11-18,HAS,10.821086,10.831773,10.698179,10.74093,1022878
2005-11-21,HAS,10.724898,10.821086,10.698179,10.805054,755088.3
2005-11-22,HAS,10.762304,10.938647,10.692836,10.911929,1814270.4
2005-11-23,HAS,10.933304,10.997429,10.901241,10.970711,1324351.9
2005-11-25,HAS,11.024147,11.0562105,10.874523,11.024147,226432.92
2005-11-28,HAS,11.008117,11.077585,10.86918,10.901241,939977.3
2005-11-29,HAS,10.992085,11.013461,10.922617,10.938647,1193544.8
2005-11-30,HAS,10.911929,11.061555,10.847804,10.911929,874667.3
2005-12-01,HAS,10.901241,10.965367,10.847804,10.938647,1161170.5
2005-12-02,HAS,10.965367,11.0562105,10.911929,11.029491,766129.25
2005-12-05,HAS,10.992085,11.061555,10.86918,10.992085,882152.7
2005-12-06,HAS,11.002773,11.088273,10.938647,10.960023,2449218.2
2005-12-07,HAS,10.943992,11.024147,10.92796,10.9546795,854456.8
2005-12-08,HAS,10.970711,11.008117,10.789023,10.79971,1075275.6
2005-12-09,HAS,10.831773,10.938647,10.79971,10.858492,888141
2005-12-12,HAS,10.821086,10.874523,10.692836,10.730242,1115696.8
2005-12-13,HAS,10.74093,10.874523,10.719554,10.837117,1151252.4
2005-12-14,HAS,10.815742,10.970711,10.746273,10.837117,1335392.9
2005-12-15,HAS,10.821086,10.874523,10.703524,10.8531475,1227603.2
2005-12-16,HAS,10.821086,10.9546795,10.783679,10.842461,1956118.5
2005-12-19,HAS,10.8531475,10.970711,10.826429,10.879867,1838597.9
2005-12-20,HAS,10.837117,10.86918,10.751617,10.772992,605006.3
2005-12-21,HAS,10.847804,10.943992,10.79971,10.831773,599579.4
2005-12-22,HAS,10.837117,11.050867,10.837117,10.970711,926316.5
2005-12-23,HAS,10.997429,10.997429,10.847804,10.879867,811415.8
2005-12-27,HAS,10.901241,11.0936165,10.8531475,10.874523,732632.1
2005-12-28,HAS,10.874523,10.92796,10.772992,10.789023,2078317.4
2005-12-29,HAS,10.810398,10.9172735,10.767648,10.810398,1222550.6
2005-12-30,HAS,10.767648,10.826429,10.724898,10.783679,619041.4
2006-01-03,HAS,10.75696,10.847804,10.521836,10.687492,2215300
2006-01-04,HAS,10.666117,10.666117,10.532523,10.601992,2460446.2
2006-01-05,HAS,10.591305,10.6126795,10.430992,10.479086,2141756
2006-01-06,HAS,10.543211,10.698179,10.48443,10.682148,1416235
2006-01-09,HAS,10.7142105,11.211179,10.7142105,10.789023,3407347.5
2006-01-10,HAS,11.382178,11.52646,11.173773,11.521116,4633079.5
2006-01-11,HAS,11.494398,11.5371475,11.280648,11.339429,1886317.2
2006-01-12,HAS,11.307366,11.392866,11.195148,11.248585,1105404.4
2006-01-13,HAS,11.280648,11.499742,11.26996,11.489054,1535252.6
2006-01-17,HAS,11.462336,11.489054,11.31271,11.462336,1888562.9
2006-01-18,HAS,11.408897,11.52646,11.387523,11.467678,1399580
2006-01-19,HAS,11.521116,11.692116,11.473022,11.627992,2310364.2
2006-01-20,HAS,11.627992,11.6386795,11.184461,11.221867,1619650.4
2006-01-23,HAS,11.221867,11.35546,11.195148,11.248585,985451.06
2006-01-24,HAS,11.275304,11.446304,11.237898,11.430272,943720
2006-01-25,HAS,11.430272,11.473022,11.3340845,11.371491,808983.06
2006-01-26,HAS,11.462336,11.531804,11.387523,11.494398,1516539.1
2006-01-27,HAS,11.499742,11.606616,11.451648,11.499742,725333.9
2006-01-30,HAS,11.553404,11.660727,11.435347,11.451446,907720.7
2006-01-31,HAS,11.419249,11.467545,11.268995,11.37632,1555480.2
2006-02-01,HAS,11.381685,11.456812,11.242165,11.322658,1534795.2
2006-02-02,HAS,11.295826,11.397784,11.134841,11.183137,2071116.2
2006-02-03,HAS,11.048982,11.215333,11.048982,11.134841,1391490.5
2006-02-06,HAS,11.537305,11.751952,10.732376,11.065081,3232834.8
2006-02-07,HAS,10.936292,11.172404,10.786038,10.995319,2663902
2006-02-08,HAS,10.97922,11.183137,10.963122,11.011418,2261009
2006-02-09,HAS,11.016785,11.226066,11.000686,11.134841,1757672.2
2006-02-10,HAS,11.156306,11.2046,10.952391,11.000686,1606913.4
2006-02-13,HAS,11.000686,11.022151,10.947024,10.968489,2481836.2
2006-02-14,HAS,10.957757,11.027516,10.866531,10.995319,3479937.5
2006-02-15,HAS,11.011418,11.081179,10.877264,10.963122,2846527
2006-02-16,HAS,10.957757,11.000686,10.887997,10.930926,3223517.2
2006-02-17,HAS,10.893362,10.947024,10.823602,10.871898,2445311.2
2006-02-21,HAS,10.887997,10.904095,10.743109,10.812869,2498048.8
2006-02-22,HAS,10.839701,10.947024,10.748475,10.909461,1833703.9
2006-02-23,HAS,10.92556,11.070446,10.877264,10.968489,2367975
2006-02-24,HAS,10.963122,10.984587,10.845066,10.914827,1789911.1
2006-02-27,HAS,10.936292,11.000686,10.871898,10.893362,3216249.5
2006-02-28,HAS,10.893362,10.952391,10.845066,10.887997,9625082
2006-03-01,HAS,10.989953,11.027516,10.963122,10.989953,3841274
2006-03-02,HAS,10.968489,11.054348,10.963122,11.032883,4185839
2006-03-03,HAS,11.022151,11.070446,10.995319,11.048982,2405804.5
2006-03-06,HAS,11.054348,11.172404,11.027516,11.097278,1941415.2
2006-03-07,HAS,11.124108,11.161672,11.081179,11.134841,2181250.2
2006-03-08,HAS,11.10801,11.193869,11.059714,11.177771,2082670.1
2006-03-09,HAS,11.156306,11.231432,11.091911,11.161672,1278747.5
2006-03-10,HAS,11.15094,11.188502,11.10801,11.188502,962508.2
2006-03-13,HAS,11.183137,11.263629,11.172404,11.231432,1044316.7
2006-03-14,HAS,11.188502,11.24753,11.000686,11.226066,1607658.9
2006-03-15,HAS,11.209967,11.295826,11.156306,11.290461,1671950.2
2006-03-16,HAS,11.279728,11.279728,11.113376,11.242165,1463795.1
2006-03-17,HAS,11.231432,11.231432,11.193869,11.215333,1348815.9
2006-03-20,HAS,11.199235,11.268995,11.10801,11.209967,1391117.8
2006-03-21,HAS,11.177771,11.236798,11.177771,11.215333,1668782.2
2006-03-22,HAS,11.220699,11.242165,11.113376,11.220699,1309682
2006-03-23,HAS,11.177771,11.193869,11.032883,11.140207,1641574.9
2006-03-24,HAS,11.134841,11.220699,11.134841,11.140207,1404162.4
2006-03-27,HAS,11.124108,11.193869,11.081179,11.161672,1997880
2006-03-28,HAS,11.156306,11.274362,11.065081,11.252896,2610419
2006-03-29,HAS,11.268995,11.349488,11.258263,11.317291,1745559.4
2006-03-30,HAS,11.301192,11.387052,11.258263,11.317291,1269429.9
2006-03-31,HAS,11.311925,11.403151,11.268995,11.322658,1254149
2006-04-03,HAS,11.360221,11.387052,11.188502,11.193869,1481684.9
2006-04-04,HAS,11.177771,11.274362,11.177771,11.209967,2617314
2006-04-05,HAS,11.172404,11.258263,11.145574,11.231432,1593496.1
2006-04-06,HAS,11.2046,11.24753,11.188502,11.215333,1034440.06
2006-04-07,HAS,11.236798,11.413883,11.145574,11.15094,1036303.56
2006-04-10,HAS,11.177771,11.311925,11.172404,11.24753,1653315.1
2006-04-11,HAS,11.279728,11.295826,11.167038,11.242165,1571692.9
2006-04-12,HAS,11.258263,11.258263,11.145574,11.215333,1385713.6
2006-04-13,HAS,11.177771,11.311925,11.134841,11.274362,1192466.5
2006-04-17,HAS,11.258263,11.295826,11.059714,11.075812,1271479.8
2006-04-18,HAS,11.054348,11.242165,11.022151,11.242165,2369652.2
2006-04-19,HAS,11.215333,11.306559,11.209967,11.242165,1447209.8
2006-04-20,HAS,11.209967,11.268995,11.118742,11.2046,2244610
2006-04-21,HAS,11.242165,11.263629,11.172404,11.231432,1558461.9
2006-04-24,HAS,11.124108,11.311925,10.920194,11.172404,3101829.2
2006-04-25,HAS,11.145574,11.145574,10.834334,10.866531,2315796.5
2006-04-26,HAS,10.893362,10.957757,10.828968,10.839701,1362046.9
2006-04-27,HAS,10.812709,10.8936825,10.710141,10.710141,2121610.8
2006-04-28,HAS,10.710141,10.791115,10.596778,10.639963,1822254.9
2006-05-01,HAS,10.688548,10.796514,10.656158,10.720939,2425597.8
2006-05-02,HAS,10.7263365,10.77492,10.634566,10.688548,1583103.6
2006-05-03,HAS,10.699345,10.742531,10.645362,10.688548,3869953
2006-05-04,HAS,10.693947,10.769523,10.6777525,10.7263365,2258692
2006-05-05,HAS,10.74793,10.801912,10.688548,10.758726,1510858.1
2006-05-08,HAS,10.74793,10.8397,10.71554,10.780318,1823181.1
2006-05-09,HAS,10.780318,10.877487,10.780318,10.812709,1308570.6
2006-05-10,HAS,10.780318,10.872088,10.737132,10.764124,10706604
2006-05-11,HAS,10.742531,10.791115,10.68315,10.720939,1743711
2006-05-12,HAS,10.710141,10.764124,10.618371,10.7263365,2384288.2
2006-05-15,HAS,10.720939,10.737132,10.629168,10.71554,3238823.2
2006-05-16,HAS,10.74793,10.74793,10.531999,10.531999,3480197.5
2006-05-17,HAS,10.49961,10.548194,10.424033,10.424033,3005785.2
2006-05-18,HAS,10.424033,10.483415,10.359255,10.37005,1566616.9
2006-05-19,HAS,10.3916445,10.505007,10.34306,10.434831,1691472
2006-05-22,HAS,10.413238,10.488813,10.348458,10.364654,3231598.8
2006-05-23,HAS,10.380848,10.445627,10.240493,10.240493,2316303.2
2006-05-24,HAS,10.240493,10.262086,10.06235,10.202705,3063211
2006-05-25,HAS,10.245892,10.34306,10.029961,10.073147,3244195.5
2006-05-26,HAS,10.132528,10.218901,10.094741,10.137927,1805212.4
2006-05-30,HAS,10.137927,10.143325,9.981377,9.986775,2062332.4
2006-05-31,HAS,9.986775,10.116333,9.97058,10.0083685,2332790
2006-06-01,HAS,10.035359,10.15412,9.992173,10.089342,3432960
2006-06-02,HAS,10.100138,10.1757145,9.986775,10.170316,4855086
2006-06-05,HAS,10.137927,10.191908,9.997572,9.997572,4306205
2006-06-06,HAS,10.067749,10.121732,10.00297,10.046156,2504697.5
2006-06-07,HAS,10.046156,10.083943,9.873412,9.895004,3919413.5
2006-06-08,HAS,9.900403,9.97058,9.857217,9.93819,2464499.2
2006-06-09,HAS,9.932793,10.035359,9.9112,9.997572,3423327.2
2006-06-12,HAS,9.986775,9.986775,9.868013,9.87881,1600331.4
2006-06-13,HAS,9.857217,9.921995,9.75465,9.824828,2739402.8
2006-06-14,HAS,9.819429,9.835624,9.695269,9.711464,4471073
2006-06-15,HAS,9.711464,9.770845,9.700667,9.738456,4781543.5
2006-06-16,HAS,9.716862,9.884208,9.711464,9.776243,4334732.5
2006-06-19,HAS,9.792438,9.824828,9.689872,9.695269,2651226.2
2006-06-20,HAS,9.72226,9.733057,9.662879,9.684473,1916544.6
2006-06-21,HAS,9.668278,9.738456,9.668278,9.727659,2933910
2006-06-22,HAS,9.711464,9.776243,9.695269,9.733057,3829754.8
2006-06-23,HAS,9.72226,9.787039,9.711464,9.72226,1840779.4
2006-06-26,HAS,9.716862,9.814031,9.700667,9.716862,1637010
2006-06-27,HAS,9.716862,9.743853,9.6736765,9.716862,2643631.2
2006-06-28,HAS,9.716862,9.727659,9.689872,9.716862,2248133.2
2006-06-29,HAS,9.716862,9.776243,9.695269,9.743853,3603941.2
2006-06-30,HAS,9.733057,9.808633,9.711464,9.776243,2840176
2006-07-03,HAS,9.776243,9.803234,9.733057,9.787039,1662759
2006-07-05,HAS,9.760048,9.797836,9.700667,9.760048,2572682.2
2006-07-06,HAS,9.749251,9.819429,9.727659,9.760048,1623116.6
2006-07-07,HAS,9.733057,9.835624,9.716862,9.770845,1894685.8
2006-07-10,HAS,9.781642,9.851819,9.760048,9.776243,1702771.9
2006-07-11,HAS,9.760048,9.803234,9.657481,9.792438,1628303.4
2006-07-12,HAS,9.808633,9.824828,9.63049,9.635888,2415779.8
2006-07-13,HAS,9.608896,9.652082,9.560312,9.576508,1644605
2006-07-14,HAS,9.565711,9.576508,9.38217,9.452348,2518961.2
2006-07-17,HAS,9.4577465,9.738456,9.452348,9.72226,3306993.5
2006-07-18,HAS,9.716862,9.727659,9.484737,9.625092,2131799.2
2006-07-19,HAS,9.662879,9.727659,9.625092,9.727659,1898575.9
2006-07-20,HAS,9.711464,9.711464,9.517126,9.544118,1994347.5
2006-07-21,HAS,9.549517,9.565711,9.425356,9.441551,4211359.5
2006-07-24,HAS,9.177036,10.353857,9.177036,10.337662,6577308.5
2006-07-25,HAS,10.3916445,10.49961,10.332263,10.364654,3181397.5
2006-07-26,HAS,10.332263,10.413238,10.267485,10.294476,1697585
2006-07-27,HAS,10.310671,10.316069,9.997572,10.040758,1446392.9
2006-07-28,HAS,10.095092,10.377624,10.095092,10.328724,2958601.2
2006-07-31,HAS,10.274391,10.279824,10.008159,10.160292,3607008.8
2006-08-01,HAS,10.143991,10.176591,9.9918585,9.9918585,2712158.5
2006-08-02,HAS,9.9918585,10.187458,9.970125,10.111392,2722833.2
2006-08-03,HAS,10.078792,10.203758,10.040758,10.171158,1885038.5
2006-08-04,HAS,10.323291,10.431957,10.160292,10.2200575,1633074.2
2006-08-07,HAS,10.182024,10.198325,10.133124,10.154859,1788780.4
2006-08-08,HAS,10.171158,10.263524,10.084225,10.089658,1585405.4
2006-08-09,HAS,10.122257,10.209191,9.997292,10.051625,1749025.6
2006-08-10,HAS,10.013592,10.149425,9.997292,10.073359,1593319.5
2006-08-11,HAS,10.073359,10.143991,10.057058,10.078792,755708.6
2006-08-14,HAS,10.176591,10.241791,10.095092,10.160292,1121415.6
2006-08-15,HAS,10.230925,10.383058,10.230925,10.383058,1158225.6
2006-08-16,HAS,10.415657,10.643856,10.393923,10.61669,1655344.2
2006-08-17,HAS,10.589522,10.779689,10.556923,10.714489,1881541.5
2006-08-18,HAS,10.763389,10.806855,10.654723,10.774256,1575466.6
2006-08-21,HAS,10.752522,10.785122,10.671022,10.741656,1306385.8
2006-08-22,HAS,10.768822,10.844888,10.730789,10.8285885,1149575.2
2006-08-23,HAS,10.855755,10.855755,10.584089,10.660156,2702956
2006-08-24,HAS,10.649289,10.6764555,10.61669,10.643856,2365960.8
2006-08-25,HAS,10.649289,10.654723,10.56779,10.632989,2205837.2
2006-08-28,HAS,10.649289,10.866622,10.632989,10.839456,2401114.2
2006-08-29,HAS,10.861188,10.899221,10.790556,10.855755,5222966.5
2006-08-30,HAS,10.866622,11.051354,10.844888,10.975288,3850874.8
2006-08-31,HAS,10.975288,11.040487,10.866622,11.02962,2600992.2
2006-09-01,HAS,11.0567875,11.154588,10.9807205,11.024188,1720497.9
2006-09-05,HAS,11.024188,11.111121,10.991588,11.062222,1856510.8
2006-09-06,HAS,11.045921,11.051354,10.915522,10.975288,2170315.8
2006-09-07,HAS,11.328453,11.366487,11.078521,11.138288,4728424.5
2006-09-08,HAS,11.214354,11.399086,11.19262,11.295854,3302406.2
2006-09-11,HAS,11.295854,11.551219,11.27412,11.480585,2634489.5
2006-09-12,HAS,11.45342,11.703352,11.409953,11.697919,3512591.2
2006-09-13,HAS,11.659884,11.888083,11.654452,11.801151,3629647
2006-09-14,HAS,11.806584,11.969584,11.779418,11.936984,2919950.8
2006-09-15,HAS,12.007617,12.034783,11.779418,11.8935175,3273694.5
2006-09-18,HAS,11.8935175,12.040216,11.860918,11.882651,1486202.5
2006-09-19,HAS,11.850051,12.013051,11.822885,11.991317,2667434.2
2006-09-20,HAS,12.018484,12.061951,11.8174515,12.023916,1856510.8
2006-09-21,HAS,12.040216,12.061951,11.855484,11.969584,1825406.4
2006-09-22,HAS,11.926118,11.99675,11.697919,11.909818,1555037.1
2006-09-25,HAS,11.828318,12.061951,11.828318,12.034783,1569577
2006-09-26,HAS,12.002184,12.154317,11.991317,12.105417,1506632
2006-09-27,HAS,12.11085,12.148884,12.061951,12.105417,1179759.5
2006-09-28,HAS,12.165183,12.301016,12.099983,12.279283,2066327.6
2006-09-29,HAS,12.176049,12.360783,12.159749,12.360783,2460378.2
2006-10-02,HAS,12.360783,12.382516,12.257549,12.279283,3121853.5
2006-10-03,HAS,12.2738495,12.339048,12.203216,12.219516,2113996.5
2006-10-04,HAS,12.22495,12.447715,12.214083,12.447715,2521666.8
2006-10-05,HAS,12.355349,12.382516,12.186916,12.29015,2926392.5
2006-10-06,HAS,12.29015,12.339048,12.208649,12.29015,2941116.5
2006-10-09,HAS,12.279283,12.404248,12.176049,12.382516,2844490.2
2006-10-10,HAS,12.420549,12.507482,12.387948,12.496615,2630808.5
2006-10-11,HAS,12.474881,12.496615,12.404248,12.474881,1811786.6
2006-10-12,HAS,12.491181,12.550948,12.431415,12.550948,2314610.8
2006-10-13,HAS,12.496615,12.588982,12.469449,12.583548,1929762.6
2006-10-16,HAS,12.605282,12.627014,12.550948,12.605282,2345347
2006-10-17,HAS,12.540081,12.735681,12.523781,12.724814,2599151.8
2006-10-18,HAS,12.768281,12.817181,12.659614,12.71938,2826453.5
2006-10-19,HAS,12.637881,12.757414,12.610714,12.675914,2613507.8
2006-10-20,HAS,12.71938,12.71938,12.540081,12.659614,1758412.1
2006-10-23,HAS,13.121446,14.0994425,12.931279,13.762576,14006193
2006-10-24,HAS,13.806043,13.898409,13.681077,13.822343,6258431
2006-10-25,HAS,13.583277,13.648478,13.47461,13.610443,7086655
2006-10-26,HAS,13.588711,13.746276,13.583277,13.697376,2418967
2006-10-27,HAS,13.67021,13.746276,13.577844,13.63761,2764428.5
2006-10-30,HAS,13.73588,13.954256,13.670367,13.9215,5511583
2006-10-31,HAS,13.9215,14.172632,13.899662,14.150795,8336063
2006-11-01,HAS,14.150795,14.6093855,14.134417,14.543873,10535934
2006-11-02,HAS,14.467442,14.811383,14.429225,14.522036,10276016
2006-11-03,HAS,14.57663,15.013382,14.380091,14.745872,11030859
2006-11-06,HAS,14.838681,14.9151125,14.593007,14.740412,4689516
2006-11-07,HAS,14.740412,14.920572,14.658521,14.795006,4161986.8
2006-11-08,HAS,14.767709,14.844141,14.702196,14.740412,4283428.5
2006-11-09,HAS,14.740412,14.76225,14.674898,14.734952,4200452.5
2006-11-10,HAS,14.740412,14.789546,14.680358,14.702196,3295959.5
2006-11-13,HAS,14.729492,14.745872,14.500197,14.603927,4219868.5
2006-11-14,HAS,14.658521,14.724033,14.582088,14.713115,4322443.5
2006-11-15,HAS,14.685818,14.724033,14.653061,14.66944,3940900.8
2006-11-16,HAS,14.680358,14.734952,14.603927,14.691277,2696993.8
2006-11-17,HAS,14.658521,14.685818,14.57117,14.647602,2956728.8
2006-11-20,HAS,14.653061,14.811383,14.593007,14.740412,3861771.5
2006-11-21,HAS,14.740412,14.811383,14.66944,14.795006,4150080.8
2006-11-22,HAS,14.811383,14.953328,14.75679,14.904194,5487038
2006-11-24,HAS,14.855059,14.865978,14.773168,14.838681,752828.4
2006-11-27,HAS,14.833221,14.865978,14.631223,14.642142,3518511
2006-11-28,HAS,14.642142,14.642142,14.358253,14.527495,2941159.2
2006-11-29,HAS,14.527495,14.685818,14.511116,14.593007,4276651
2006-11-30,HAS,14.57663,14.658521,14.451062,14.603927,2670251
2006-12-01,HAS,14.66944,14.685818,14.270902,14.440145,2572621.5
2006-12-04,HAS,14.511116,14.653061,14.423766,14.603927,3274162.2
2006-12-05,HAS,14.713115,14.898735,14.658521,14.800466,3892544
2006-12-06,HAS,14.795006,14.893275,14.740412,14.844141,3423812
2006-12-07,HAS,14.822303,14.975166,14.538413,14.66944,3575476.8
2006-12-08,HAS,14.66944,14.707656,14.429225,14.48382,3047398
2006-12-11,HAS,14.560251,14.76225,14.489279,14.674898,5626430.5
2006-12-12,HAS,14.6366825,14.713115,14.522036,14.593007,3833929.5
2006-12-13,HAS,14.674898,14.734952,14.587548,14.620305,2641676.5
2006-12-14,HAS,14.603927,14.795006,14.587548,14.767709,1954789.4
2006-12-15,HAS,14.778627,14.805925,14.707656,14.745872,3729156.2
2006-12-18,HAS,14.795006,15.117111,14.795006,14.871437,4865542.5
2006-12-19,HAS,14.795006,14.9697075,14.745872,14.926032,3424728
2006-12-20,HAS,14.94241,15.106193,14.773168,14.975166,5745857
2006-12-21,HAS,14.958788,15.013382,14.76225,14.789546,2174593.2
2006-12-22,HAS,14.838681,14.865978,14.702196,14.822303,1360403
2006-12-26,HAS,14.75679,14.898735,14.745872,14.833221,1773268
2006-12-27,HAS,14.876897,14.964248,14.833221,14.887816,2484700
2006-12-28,HAS,14.876897,15.002463,14.838681,14.909653,1665747.2
2006-12-29,HAS,14.920572,15.002463,14.855059,14.876897,1340071.1
2007-01-03,HAS,14.904194,15.1935425,14.849601,15.007923,4141105.5
2007-01-04,HAS,15.002463,15.117111,14.947869,15.029761,3132205.5
2007-01-05,HAS,14.9697075,15.013382,14.833221,14.936951,1885001.6
2007-01-08,HAS,14.898735,14.920572,14.76225,14.816843,2213242
2007-01-09,HAS,14.865978,15.133489,14.850419,15.095273,4035233.2
2007-01-10,HAS,15.095273,15.177164,14.975166,15.166246,1772901.6
2007-01-11,HAS,15.155327,15.2208395,15.089814,15.215381,1488438.8
2007-01-12,HAS,15.259056,15.264515,15.051598,15.231758,3337539
2007-01-16,HAS,15.237218,15.357325,15.133489,15.177164,2677944.2
2007-01-17,HAS,15.1935425,15.3027315,15.149868,15.253596,2056082.4
2007-01-18,HAS,15.231758,15.444676,15.122571,15.362784,2754326
2007-01-19,HAS,15.390082,15.510189,15.3027315,15.444676,2348971
2007-01-22,HAS,15.450135,15.553864,15.330029,15.346407,2072750.8
2007-01-23,HAS,15.297272,15.761322,15.280893,15.706728,6215871
2007-01-24,HAS,15.734024,15.799538,15.619377,15.783159,1355274.2
2007-01-25,HAS,15.613917,15.624837,15.390082,15.395541,2217821.2
2007-01-26,HAS,15.471973,15.4992695,15.237218,15.428298,1671425.5
2007-01-29,HAS,15.428298,15.701268,15.351867,15.641214,1957170.6
2007-01-30,HAS,15.646697,15.696037,15.454814,15.619285,1333911.1
2007-01-31,HAS,15.580908,15.591873,15.438366,15.569943,1631592.4
2007-02-01,HAS,15.624767,15.7618265,15.575426,15.72345,2124809.2
2007-02-02,HAS,15.745379,15.88792,15.646697,15.794721,1661688.8
2007-02-05,HAS,15.794721,15.81665,15.416437,15.805685,1953533.1
2007-02-06,HAS,15.811168,15.8330965,15.564461,15.728932,2231697.2
2007-02-07,HAS,15.717968,15.898886,15.602838,15.849545,1724070.5
2007-02-08,HAS,15.871474,16.04691,15.750861,15.964675,2601792.5
2007-02-09,HAS,16.02498,16.156557,15.367096,15.558978,5619098
2007-02-12,HAS,15.70152,15.88792,15.389025,15.739897,3918548.5
2007-02-13,HAS,15.717968,15.734415,15.504155,15.608319,2802070.5
2007-02-14,HAS,15.624767,15.898886,15.597356,15.88792,2966962.5
2007-02-15,HAS,15.88792,16.222345,15.849545,16.14011,4243052
2007-02-16,HAS,16.063356,16.244274,15.959192,16.227829,2904033.8
2007-02-20,HAS,16.227829,16.238794,16.014015,16.074322,4027452
2007-02-21,HAS,15.948227,16.288134,15.948227,16.162039,4965914
2007-02-22,HAS,16.249758,16.337475,16.173004,16.25524,2332748.2
2007-02-23,HAS,16.205898,16.282652,16.02498,16.06884,4638683.5
2007-02-26,HAS,16.189451,16.200417,15.981121,16.035946,4114640.5
2007-02-27,HAS,15.822133,15.893403,15.432884,15.70152,3079870
2007-02-28,HAS,15.679591,15.679591,15.136836,15.4986725,5379603.5
2007-03-01,HAS,15.394507,16.030462,15.175213,15.893403,4517758
2007-03-02,HAS,15.800203,15.986604,15.624767,15.778274,2788937.5
2007-03-05,HAS,15.580908,15.93178,15.487708,15.783756,3545544
2007-03-06,HAS,15.8330965,16.151075,15.641214,16.063356,3688912.5
2007-03-07,HAS,16.090769,16.282652,15.948227,15.992086,4020885.5
2007-03-08,HAS,16.06884,16.244274,15.992086,16.156557,1809799.8
2007-03-09,HAS,16.23331,16.32103,16.085287,16.23331,2059509.1
2007-03-12,HAS,16.194935,16.30458,16.101734,16.227829,2534121
2007-03-13,HAS,16.151075,16.18397,15.844062,15.882439,2576803.2
2007-03-14,HAS,15.970157,16.079803,15.679591,15.981121,2793132.8
2007-03-15,HAS,15.959192,16.18397,15.959192,16.04691,2543970.8
2007-03-16,HAS,16.090769,16.145594,15.964675,15.986604,2250484.8
2007-03-19,HAS,16.063356,16.331993,16.014015,16.178488,1498438.4
2007-03-20,HAS,16.178488,16.419712,16.123663,16.419712,1662236
2007-03-21,HAS,16.3923,16.501947,16.288134,16.447123,2433252.2
2007-03-22,HAS,16.43616,16.578701,16.37037,16.419712,2848765.8
2007-03-23,HAS,16.452606,16.534842,16.310064,16.353924,2616202.2
2007-03-26,HAS,16.25524,16.30458,16.014015,16.260723,2590848.2
2007-03-27,HAS,16.205898,16.260723,15.915334,16.052393,2568412.8
2007-03-28,HAS,16.260723,16.260723,15.772792,15.789238,2740053.8
2007-03-29,HAS,16.249758,16.249758,15.745379,15.794721,2275291.5
2007-03-30,HAS,15.8330965,15.986604,15.663143,15.690557,5522424.5
2007-04-02,HAS,15.657661,15.865992,15.405473,15.7618265,3141522
2007-04-03,HAS,15.7618265,15.88792,15.739897,15.822133,4369457
2007-04-04,HAS,15.876956,15.882439,15.745379,15.882439,3023142.8
2007-04-05,HAS,15.926297,16.167522,15.805685,16.129145,1567021.8
2007-04-09,HAS,16.194935,16.353924,16.156557,16.249758,1409061
2007-04-10,HAS,16.25524,16.364887,16.222345,16.331993,1714768
2007-04-11,HAS,16.288134,16.408747,16.227829,16.364887,3090631.8
2007-04-12,HAS,16.447123,16.699312,16.359406,16.529358,4043138.8
2007-04-13,HAS,16.584183,16.639006,16.3923,16.529358,1783533.8
2007-04-16,HAS,16.595148,16.633524,16.43616,16.480017,1785175.4
2007-04-17,HAS,16.447123,16.573217,16.425194,16.496466,2299551
2007-04-18,HAS,16.447123,16.55677,16.414228,16.419712,2675300.8
2007-04-19,HAS,16.819925,16.819925,16.244274,16.518394,1897535.5
2007-04-20,HAS,16.573217,16.984396,16.452606,16.562252,3638387
2007-04-23,HAS,17.406538,18.327578,17.406538,17.839647,11814406
2007-04-24,HAS,17.29689,17.636797,16.967949,17.083078,5831772.5
2007-04-25,HAS,17.148867,17.466845,17.148867,17.29689,3735425.2
2007-04-26,HAS,17.34075,17.406538,17.006327,17.20369,8531340
2007-04-27,HAS,17.08246,17.385534,17.054907,17.30839,3621106.2
2007-04-30,HAS,17.357983,17.56187,17.335941,17.418598,5427848.5
2007-05-01,HAS,17.44615,17.743717,17.357983,17.65555,5427485.5
2007-05-02,HAS,17.809841,18.123938,17.765759,18.096386,3159125.8
2007-05-03,HAS,18.179045,18.212107,17.986177,18.184553,3443625.8
2007-05-04,HAS,18.294764,18.322315,17.925562,18.046793,2616836.2
2007-05-07,HAS,18.090878,18.195576,17.964134,18.02475,3064529.5
2007-05-08,HAS,18.02475,18.184553,17.997198,18.173532,1999829.1
2007-05-09,HAS,18.12945,18.316807,18.101896,18.195576,4777813
2007-05-10,HAS,18.157001,18.190063,18.01373,18.068834,2479098.5
2007-05-11,HAS,18.101896,18.201084,17.969646,18.151491,2134300.2
2007-05-14,HAS,18.074345,18.179045,17.765759,17.837393,3526014.5
2007-05-15,HAS,17.91454,17.969646,17.716166,17.727184,2837688.5
2007-05-16,HAS,17.79882,17.79882,16.999804,17.148586,6577871.5
2007-05-17,HAS,17.19818,17.44064,17.08246,17.159605,4955838
2007-05-18,HAS,17.2092,17.589422,17.137564,17.56187,3411323.8
2007-05-21,HAS,17.583912,17.661058,17.528807,17.594934,4737163
2007-05-22,HAS,17.56738,17.79882,17.424109,17.754738,5542357.5
2007-05-23,HAS,17.760248,17.964134,17.694122,17.8925,3961912
2007-05-24,HAS,17.831884,18.090878,17.644527,17.732695,3283748.5
2007-05-25,HAS,17.68861,17.90352,17.68861,17.870457,2926610.2
2007-05-29,HAS,17.853926,18.096386,17.804333,17.997198,3796227.2
2007-05-30,HAS,17.79882,17.969646,17.633507,17.90903,5302995
2007-05-31,HAS,17.964134,18.052301,17.616976,17.716166,5118800.5
2007-06-01,HAS,17.716166,18.041283,17.694122,17.886988,4608136
2007-06-04,HAS,17.79882,18.057814,17.79882,17.980667,3493893.8
2007-06-05,HAS,17.429619,17.677591,17.291857,17.53983,5350541
2007-06-06,HAS,17.380026,17.605955,17.280836,17.578402,4716838.5
2007-06-07,HAS,17.55085,17.633507,17.346962,17.385534,3590437.2
2007-06-08,HAS,17.402067,17.413088,17.071438,17.2092,4518851.5
2007-06-11,HAS,17.192669,17.335941,17.076948,17.19818,2450425.8
2007-06-12,HAS,17.165117,17.187159,16.839998,16.873062,2525374
2007-06-13,HAS,16.806936,17.2092,16.74632,17.2092,5570486
2007-06-14,HAS,17.275326,17.55085,17.093481,17.396557,2610492
2007-06-15,HAS,17.55636,17.611464,17.3139,17.32492,2242639.5
2007-06-18,HAS,17.330431,17.380026,17.065928,17.076948,5752866
2007-06-19,HAS,17.08246,17.19818,17.038376,17.181648,2298533.2
2007-06-20,HAS,17.269815,17.369005,16.96123,16.96674,2239191.5
2007-06-21,HAS,16.98327,17.473703,16.834488,17.429619,4339556.5
2007-06-22,HAS,17.429619,17.44064,17.20369,17.247774,3736522.8
2007-06-25,HAS,17.495745,17.7878,17.258795,17.534319,3910939.8
2007-06-26,HAS,17.826372,17.88148,17.225733,17.30839,4102916.2
2007-06-27,HAS,17.335941,17.391047,17.20369,17.253284,3153814
2007-06-28,HAS,17.258795,17.523296,17.181648,17.396557,2314139.8
2007-06-29,HAS,17.55085,17.594934,17.2092,17.30839,3149277.2
2007-07-02,HAS,17.32492,17.848415,17.32492,17.804333,2944939
2007-07-03,HAS,17.920052,17.991688,17.65555,17.732695,1376107.5
2007-07-05,HAS,17.842905,17.864946,17.578402,17.721674,2319221
2007-07-06,HAS,17.644527,17.90903,17.54534,17.90352,2065159.2
2007-07-09,HAS,18.01373,18.239658,17.886988,17.8925,3518755.5
2007-07-10,HAS,17.853926,17.88148,17.429619,17.429619,3486272
2007-07-11,HAS,17.385534,17.661058,17.32492,17.523296,4095475.8
2007-07-12,HAS,17.633507,17.90903,17.523296,17.90903,3024424
2007-07-13,HAS,17.831884,17.920052,17.639017,17.875967,3529281
2007-07-16,HAS,17.964134,18.107409,17.771269,17.804333,5371357.5
2007-07-17,HAS,17.804333,18.074345,17.78229,18.063322,3207530
2007-07-18,HAS,18.01924,18.074345,17.743717,17.969646,3992036.2
2007-07-19,HAS,17.969646,18.068834,17.8925,18.02475,4286929.5
2007-07-20,HAS,18.090878,18.190063,17.749226,17.942095,5533737.5
2007-07-23,HAS,18.35538,18.454567,16.25589,16.97225,10908324
2007-07-24,HAS,16.834488,16.999804,16.680195,16.680195,5071436
2007-07-25,HAS,16.751831,16.812447,16.134659,16.250378,7747795
2007-07-26,HAS,16.090576,16.112617,15.589123,15.864646,6805948.5
2007-07-27,HAS,15.704842,15.737905,15.4127865,15.462381,7076145
2007-07-30,HAS,15.573223,15.916831,15.35154,15.839242,5969247.5
2007-07-31,HAS,15.839242,16.088636,15.528886,15.528886,4884815.5
2007-08-01,HAS,15.656354,16.038757,15.451297,15.999963,5309205.5
2007-08-02,HAS,15.955626,16.138514,15.661896,15.972252,6492878.5
2007-08-03,HAS,15.972252,16.066467,15.3016615,15.323829,4609828
2007-08-06,HAS,15.357081,15.634185,15.124315,15.545511,3855958.5
2007-08-07,HAS,15.40696,15.40696,14.985764,15.229613,6630913.5
2007-08-08,HAS,15.229613,15.285035,14.730827,14.919258,6656174.5
2007-08-09,HAS,14.874922,14.991304,14.353967,14.49806,9017385
2007-08-10,HAS,14.1489105,15.517801,13.9937315,15.368166,8105091.5
2007-08-13,HAS,15.551054,16.088636,15.2240715,15.312745,6212117
2007-08-14,HAS,15.40696,15.429129,14.836127,15.124315,3980099.8
2007-08-15,HAS,15.068894,15.645269,15.002389,15.3016615,5277809.5
2007-08-16,HAS,15.152025,15.429129,14.902632,15.08552,6371083
2007-08-17,HAS,15.456839,15.5122595,14.991304,15.246241,3087473.5
2007-08-20,HAS,15.240698,16.022131,15.240698,15.828157,3597571.5
2007-08-21,HAS,15.667438,15.761653,15.368166,15.506718,3062573
2007-08-22,HAS,15.517801,15.916831,15.46238,15.894663,4309038
2007-08-23,HAS,15.866952,16.044298,15.767196,15.844784,2404155
2007-08-24,HAS,15.850327,16.144056,15.745027,16.121887,1696477.4
2007-08-27,HAS,15.99442,16.10526,15.750568,15.811532,2029024.5
2007-08-28,HAS,15.778278,15.872494,15.53997,15.562139,2843701.8
2007-08-29,HAS,15.684064,15.811532,15.490092,15.811532,3421824.8
2007-08-30,HAS,15.772737,15.772737,15.395877,15.4845495,3167768.2
2007-08-31,HAS,15.6951475,15.822616,15.562139,15.634185,2925440.2
2007-09-04,HAS,15.490092,15.573223,15.329371,15.490092,3200427.5
2007-09-05,HAS,15.37925,15.46238,15.168652,15.307203,3185631.5
2007-09-06,HAS,15.290577,15.584307,15.007931,15.035641,3894752.8
2007-09-07,HAS,14.958053,14.991304,14.453724,14.531313,5379937.5
2007-09-10,HAS,14.686491,15.102146,14.675406,14.913715,3666859.5
2007-09-11,HAS,14.9248,15.296119,14.919258,15.229613,2725695.2
2007-09-12,HAS,15.257325,15.639727,15.174192,15.46238,3838817
2007-09-13,HAS,15.506718,15.562139,15.35154,15.390334,1423655.2
2007-09-14,HAS,15.80599,15.80599,15.273951,15.323829,1800951
2007-09-17,HAS,15.340456,15.43467,15.257325,15.268408,1941151.2
2007-09-18,HAS,15.285035,15.634185,15.212988,15.59539,2798051
2007-09-19,HAS,15.606475,16.088636,15.606475,16.044298,3408292
2007-09-20,HAS,16.044298,16.193933,15.817074,15.900205,2545437.8
2007-09-21,HAS,15.900205,16.088636,15.772737,15.822616,2022889.6
2007-09-24,HAS,15.811532,16.044298,15.656354,15.678522,1809612
2007-09-25,HAS,15.67298,15.761653,15.384792,15.722858,2590547.2
2007-09-26,HAS,15.711775,15.800447,15.517801,15.623101,2331799.2
2007-09-27,HAS,15.59539,15.722858,15.467923,15.562139,1506656.8
2007-09-28,HAS,15.5122595,15.684064,15.395877,15.451297,2375826.2
2007-10-01,HAS,15.43467,16.55417,15.43467,16.520916,4123908.8
2007-10-02,HAS,16.487665,17.003077,16.487665,16.92549,3542537.8
2007-10-03,HAS,16.847898,16.914404,16.4267,16.487665,2698088.2
2007-10-04,HAS,16.432243,16.598507,15.900205,15.905747,2731108.5
2007-10-05,HAS,15.800447,16.216103,15.800447,16.144056,2882135
2007-10-08,HAS,16.23827,16.271524,15.800447,15.844784,2409568
2007-10-09,HAS,15.8780365,16.282608,15.811532,16.227188,3651522.2
2007-10-10,HAS,16.227188,16.670553,16.12743,16.587421,4687055.5
2007-10-11,HAS,16.626217,16.698263,15.950084,16.033215,3301833.8
2007-10-12,HAS,16.022131,16.31586,15.9833355,16.072008,1858691.1
2007-10-15,HAS,16.016588,16.221645,15.822616,16.083094,2859760.8
2007-10-16,HAS,16.088636,16.221645,15.933457,16.088636,2708192.8
2007-10-17,HAS,16.265982,16.487665,16.022131,16.15514,2952866.8
2007-10-18,HAS,16.149597,16.299234,16.011045,16.21056,2668677
2007-10-19,HAS,15.9833355,16.116346,15.661896,15.745027,5094484.5
2007-10-22,HAS,16.47658,16.47658,15.517801,15.739485,6906081.5
2007-10-23,HAS,15.772737,16.04984,15.722858,15.99442,3813916.5
2007-10-24,HAS,15.811532,16.487665,15.811532,16.42116,3983167.2
2007-10-25,HAS,16.404533,16.570795,15.972252,16.188393,3283609.5
2007-10-26,HAS,16.249355,16.265982,15.922373,16.099718,3879776.2
2007-10-29,HAS,16.094177,16.387907,15.972252,16.265982,3932644.8
2007-10-30,HAS,16.249264,16.639336,16.182396,16.343996,3161804.8
2007-10-31,HAS,16.321707,16.812082,16.321707,16.633764,2447218
2007-11-01,HAS,16.633764,16.633764,15.736599,15.747745,4742258.5
2007-11-02,HAS,15.764462,16.076519,15.641868,16.054228,3658175.5
2007-11-05,HAS,16.076519,16.265982,16.004076,16.087664,2954176.2
2007-11-06,HAS,16.076519,16.23812,15.703165,15.859193,4262218.5
2007-11-07,HAS,15.848048,15.848048,15.441258,15.48584,3634666.8
2007-11-08,HAS,15.48584,15.597288,14.800427,15.023325,4922789.5
2007-11-09,HAS,14.856152,14.884014,14.44379,14.46608,6039892.5
2007-11-12,HAS,14.4103565,14.560812,14.103871,14.337914,3403289.2
2007-11-13,HAS,14.488371,15.073477,14.282189,14.989891,4025518.2
2007-11-14,HAS,15.051188,15.10134,14.688979,14.739131,4837952.5
2007-11-15,HAS,14.822718,15.290804,14.594247,14.973174,6012436
2007-11-16,HAS,15.363245,15.686447,14.950884,15.296376,6685569
2007-11-19,HAS,15.168209,15.30752,14.989891,15.034471,3244174.2
2007-11-20,HAS,15.034471,15.30752,14.978745,15.212789,5383628
2007-11-21,HAS,15.118057,15.157064,14.833863,14.978745,2919003.2
2007-11-23,HAS,15.106913,15.134774,14.906304,15.051188,815081.3
2007-11-26,HAS,15.023325,15.60286,15.023325,15.129202,3939380.2
2007-11-27,HAS,15.240651,15.424542,15.090195,15.385535,3309495.8
2007-11-28,HAS,15.469122,15.60286,15.207217,15.513701,3155165
2007-11-29,HAS,15.496984,15.496984,15.112485,15.268514,2916311.5
2007-11-30,HAS,15.41897,15.58057,15.251797,15.474694,3338657
2007-12-03,HAS,15.335383,15.664158,14.995463,15.095768,3145474.5
2007-12-04,HAS,14.973174,15.313093,14.973174,15.190499,1789697.5
2007-12-05,HAS,15.301948,15.457976,15.040043,15.084622,2968173.8
2007-12-06,HAS,15.196072,15.196072,14.622109,14.934166,5514989
2007-12-07,HAS,14.934166,15.173781,14.856152,14.917449,2494055.5
2007-12-10,HAS,14.928595,14.973174,14.750276,14.867297,2032678.6
2007-12-11,HAS,14.917449,15.162637,14.560812,14.57753,2606752.8
2007-12-12,HAS,14.906304,15.10134,14.477225,14.610964,3229638.5
2007-12-13,HAS,14.566384,14.683407,14.521805,14.666689,3154985.5
2007-12-14,HAS,14.700123,14.700123,14.254328,14.326769,4130140
2007-12-17,HAS,14.23761,14.655543,14.209748,14.399211,2920620
2007-12-18,HAS,14.499516,14.555241,14.181886,14.388066,3552476.8
2007-12-19,HAS,14.4215,14.5162325,14.293334,14.404784,2484187.2
2007-12-20,HAS,14.488371,14.583102,14.0704365,14.404784,5437823.5
2007-12-21,HAS,14.549667,14.733559,14.354631,14.460508,2949155.2
2007-12-24,HAS,14.388066,14.794855,14.388066,14.750276,711177.3
2007-12-26,HAS,14.845007,15.268514,14.733559,15.040043,2840940.5
2007-12-27,HAS,15.028897,15.106913,14.700123,14.700123,2083055
2007-12-28,HAS,14.917449,14.917449,14.438218,14.438218,1395319.8
2007-12-31,HAS,14.388066,14.460508,14.254328,14.254328,2231514
2008-01-02,HAS,14.220893,14.360205,13.858684,13.931126,2910927.8
2008-01-03,HAS,13.94227,14.053719,13.73609,13.752808,2075927
2008-01-04,HAS,13.624641,13.646931,13.18999,13.228996,6285565.5
2008-01-07,HAS,13.334873,13.35159,13.039534,13.18999,2724654.2
2008-01-08,HAS,13.23457,13.346019,12.955947,13.050678,5716695.5
2008-01-09,HAS,12.905794,12.961519,12.376411,12.694042,6552593.5
2008-01-10,HAS,12.660606,13.240142,12.55473,12.978237,5196278
2008-01-11,HAS,12.816635,12.833353,12.381984,12.4488535,4238710
2008-01-14,HAS,12.521296,12.6271715,12.476716,12.543586,3166291.2
2008-01-15,HAS,12.34855,12.409846,12.108934,12.108934,4539836
2008-01-16,HAS,12.147941,13.011671,12.092217,12.861215,7235955.5
2008-01-17,HAS,12.816635,12.978237,12.331832,12.459999,4639252
2008-01-18,HAS,12.521296,12.816635,12.420992,12.721904,5991260.5
2008-01-22,HAS,12.159086,13.44075,12.019774,13.396171,6369011.5
2008-01-23,HAS,13.056251,13.931126,12.944801,13.853111,6159768
2008-01-24,HAS,13.875401,13.958987,13.468612,13.769524,3440160
2008-01-25,HAS,13.808532,13.897691,13.240142,13.346019,3792130.8
2008-01-28,HAS,13.3404455,13.708227,13.150983,13.69151,3003705.8
2008-01-29,HAS,13.775096,13.775096,13.41846,13.724944,3946737.8
2008-01-30,HAS,13.758599,14.134395,13.534243,13.7810335,3071019.5
2008-01-31,HAS,13.534243,14.762589,13.534243,14.5662775,5510006.5
2008-02-01,HAS,14.560669,14.8972025,14.431664,14.65602,3708757.5
2008-02-04,HAS,14.605541,14.65602,14.330705,14.431664,2420623
2008-02-05,HAS,15.233736,15.233736,14.330705,14.347531,4351309.5
2008-02-06,HAS,14.414839,14.414839,13.848341,13.881994,4201454.5
2008-02-07,HAS,13.736163,14.594323,13.5230255,14.375576,4510699
2008-02-08,HAS,14.527016,14.796242,14.392403,14.51019,3807529.2
2008-02-11,HAS,15.138385,15.138385,14.627975,14.813069,5323873
2008-02-12,HAS,14.891593,15.301043,14.891593,15.11034,3506578.2
2008-02-13,HAS,15.194473,15.385176,15.00938,15.205691,2739937.8
2008-02-14,HAS,15.239345,15.239345,14.785025,14.801851,3433836.8
2008-02-15,HAS,14.779416,15.026207,14.734545,15.014989,2482489.2
2008-02-19,HAS,15.149603,15.222518,14.594323,14.65602,3048198.5
2008-02-20,HAS,14.65602,15.502962,14.639194,15.36274,6160574
2008-02-21,HAS,15.643184,15.643184,14.947682,14.986944,2700500.2
2008-02-22,HAS,15.020598,15.06547,14.712109,15.06547,2749743.8
2008-02-25,HAS,15.104732,15.351522,14.880376,15.334696,2348059.8
2008-02-26,HAS,15.2898245,15.693665,15.172037,15.609531,2920187.5
2008-02-27,HAS,15.5478325,15.660011,15.160821,15.183255,2554517.8
2008-02-28,HAS,15.200083,15.228127,14.925247,15.00938,2652041.5
2008-02-29,HAS,14.85794,14.8972025,14.398011,14.454101,3419751.8
2008-03-03,HAS,14.420446,14.560669,14.246572,14.549452,3456122.8
2008-03-04,HAS,14.560669,14.768198,14.353141,14.667238,2915017
2008-03-05,HAS,14.684065,15.143993,14.577496,14.936464,3947307.5
2008-03-06,HAS,14.885985,14.964509,14.538234,14.55506,2103447.8
2008-03-07,HAS,14.543843,14.863549,14.375576,14.515798,3086709
2008-03-10,HAS,14.487754,14.745763,14.168047,14.184875,3529755.8
2008-03-11,HAS,14.549452,14.8972025,14.341923,14.8972025,3251625.8
2008-03-12,HAS,14.902811,15.014989,14.700891,14.790634,2649010.8
2008-03-13,HAS,14.549452,15.26178,14.538234,15.155211,3939284.5
2008-03-14,HAS,15.345914,15.345914,14.560669,14.818678,2514581
2008-03-17,HAS,14.633585,14.902811,14.5662775,14.678456,3165512.5
2008-03-18,HAS,14.964509,15.149603,14.751371,15.132775,2695062.5
2008-03-19,HAS,15.177647,15.620749,15.1664295,15.1664295,3518880.2
2008-03-20,HAS,15.194473,15.559051,15.194473,15.5478325,4112581
2008-03-24,HAS,15.56466,16.248943,15.51418,15.968499,2912342.8
2008-03-25,HAS,15.968499,16.305033,15.81706,16.16481,3786313
2008-03-26,HAS,16.041416,16.086287,15.502962,15.738535,3101150.2
2008-03-27,HAS,15.884366,16.080677,15.7161,15.81706,2798773
2008-03-28,HAS,15.789015,16.007763,15.744144,15.800233,2772742.8
2008-03-31,HAS,15.889976,15.968499,15.553442,15.648793,2903250
2008-04-01,HAS,15.789015,16.434036,15.789015,16.417212,3683975.5
2008-04-02,HAS,16.361122,16.669611,16.305033,16.574259,3999011.2
2008-04-03,HAS,16.439646,17.02858,16.333078,16.899574,4357193
2008-04-04,HAS,16.96688,17.27537,16.815441,17.011753,2540611.2
2008-04-07,HAS,17.168802,17.252935,16.815441,16.9781,2738868
2008-04-08,HAS,16.809832,16.882748,16.540606,16.686438,3123436.2
2008-04-09,HAS,16.793007,16.815441,16.450865,16.4733,2112897
2008-04-10,HAS,16.405993,17.157583,16.361122,17.045406,3946594.5
2008-04-11,HAS,16.97249,17.095886,16.501345,16.652784,2457707
2008-04-14,HAS,16.82105,17.320242,16.607914,17.056623,3423139.2
2008-04-15,HAS,17.202456,17.202456,16.82666,16.93323,2543463.8
2008-04-16,HAS,17.056623,17.2305,16.96688,17.146366,3012184.2
2008-04-17,HAS,17.101494,17.297806,16.950054,17.213673,2546494.8
2008-04-18,HAS,17.37633,17.819433,17.264153,17.696037,4389106.5
2008-04-21,HAS,18.397148,19.670364,18.23449,19.434792,15977157
2008-04-22,HAS,19.429182,19.810587,18.94121,19.171175,5478806
2008-04-23,HAS,19.210436,19.210436,18.857077,19.019733,4787938
2008-04-24,HAS,19.008516,19.29457,18.958036,19.098259,6701330
2008-04-25,HAS,19.171175,19.659147,18.99169,19.625494,3912553.8
2008-04-28,HAS,19.490881,19.945202,19.412357,19.78815,4897585.5
2008-04-29,HAS,19.833277,20.30147,19.748663,20.18301,4814688
2008-04-30,HAS,20.24506,20.363518,19.979939,20.058912,6358423.5
2008-05-01,HAS,20.070194,20.419928,20.025066,20.380442,5814889.5
2008-05-02,HAS,20.538385,20.673767,19.99122,20.143524,4210171
2008-05-05,HAS,20.194292,20.267624,19.912249,20.11532,5888460
2008-05-06,HAS,20.041988,20.30711,19.895327,20.211216,4894817.5
2008-05-07,HAS,20.222496,20.30711,19.58508,19.641487,5319043.5
2008-05-08,HAS,19.697895,19.99122,19.342522,19.974298,5864527.5
2008-05-09,HAS,19.73174,20.12096,19.579437,20.070194,4162483
2008-05-12,HAS,20.075834,20.403004,19.957376,20.3748,4393830.5
2008-05-13,HAS,20.487617,20.950169,20.403004,20.83171,5557659.5
2008-05-14,HAS,20.938887,21.068624,20.589153,20.639921,4692161
2008-05-15,HAS,20.668125,21.04042,20.56095,20.97837,3396643
2008-05-16,HAS,20.933247,20.97837,20.064552,20.453772,4507820.5
2008-05-19,HAS,20.43121,20.521463,20.019426,20.081474,4121886.5
2008-05-20,HAS,19.946095,20.008144,19.79379,19.92353,3435821.2
2008-05-21,HAS,19.940453,20.081474,19.218422,19.421494,4430881.5
2008-05-22,HAS,19.410212,19.754305,19.291754,19.382008,3974745.8
2008-05-23,HAS,19.280472,19.483543,19.088682,19.353804,2349817.5
2008-05-27,HAS,19.387648,19.805073,19.33688,19.675333,4005237.8
2008-05-28,HAS,19.759945,19.91789,19.641487,19.7261,3101652.8
2008-05-29,HAS,19.65841,20.216856,19.607641,20.137884,5068195.5
2008-05-30,HAS,20.070194,20.459414,19.979939,20.442492,5016253
2008-06-02,HAS,20.49326,20.510181,20.166088,20.408646,4201661.5
2008-06-03,HAS,20.532745,21.006578,20.448132,20.8994,6211105.5
2008-06-04,HAS,20.8994,22.253208,20.76402,21.88655,9101620
2008-06-05,HAS,21.852707,22.168594,21.604507,22.162954,5588506
2008-06-06,HAS,22.033215,22.044497,21.0235,21.158878,4815397.5
2008-06-09,HAS,21.316824,21.773733,21.119392,21.68348,3328922.8
2008-06-10,HAS,21.5481,22.354744,21.412718,22.044497,5052595
2008-06-11,HAS,21.931679,21.999369,21.062986,21.130674,4389753
2008-06-12,HAS,21.373232,21.852707,21.254774,21.35631,2182290
2008-06-13,HAS,21.542458,22.320898,21.28862,21.999369,3094738.8
2008-06-16,HAS,21.847065,22.213722,21.531176,22.14039,2336876.2
2008-06-17,HAS,22.225004,22.26449,21.73989,21.931679,3650150.2
2008-06-18,HAS,21.81322,21.835783,21.243492,21.328106,3155190.5
2008-06-19,HAS,21.249132,21.621431,21.209646,21.435282,2427819.8
2008-06-20,HAS,21.435282,21.435282,20.905043,20.97837,4061966.5
2008-06-23,HAS,21.119392,21.209646,20.775303,20.83171,2865164
2008-06-24,HAS,20.752739,21.452204,20.656843,21.10247,3488295.5
2008-06-25,HAS,21.271696,21.903475,21.209646,21.565022,5073514
2008-06-26,HAS,21.28862,21.35631,20.701971,20.724535,3533146.8
2008-06-27,HAS,20.854275,20.854275,19.613283,19.821995,8581487
2008-06-30,HAS,19.506107,20.465054,19.506107,20.149166,6458940
2008-07-01,HAS,20.070194,20.290188,19.511747,19.946095,4899427
2008-07-02,HAS,19.979939,20.199934,19.421494,19.449697,5593292.5
2008-07-03,HAS,19.709177,19.934813,19.353804,19.680973,2053231.6
2008-07-07,HAS,19.816355,20.137884,19.45534,19.618923,4170637.8
2008-07-08,HAS,19.703537,20.228138,19.427134,20.222496,2768015.8
2008-07-09,HAS,20.11532,20.386082,19.415852,19.421494,4432122.5
2008-07-10,HAS,19.190218,19.65841,19.037916,19.297394,4015165.2
2008-07-11,HAS,19.178936,19.872763,19.026632,19.65841,4287818.5
2008-07-14,HAS,19.79379,19.957376,19.494825,19.7261,3847992.2
2008-07-15,HAS,19.52867,21.457846,19.33688,20.8994,7892053.5
2008-07-16,HAS,20.780943,20.842993,20.171728,20.521463,6783003.5
2008-07-17,HAS,20.673767,21.508614,20.408646,21.429642,5112337.5
2008-07-18,HAS,21.559381,22.552174,21.034782,21.429642,6721720.5
2008-07-21,HAS,21.818861,21.818861,20.228138,21.068624,8976108
2008-07-22,HAS,21.0235,21.993729,20.786583,21.847065,6585161.5
2008-07-23,HAS,21.830143,22.71576,21.576303,22.46192,6402388.5
2008-07-24,HAS,22.422434,22.834217,22.055777,22.478842,4868403.5
2008-07-25,HAS,22.552174,23.32497,22.495766,22.794731,6803568
2008-07-28,HAS,21.751171,22.315258,21.407078,21.519896,6059001
2008-07-29,HAS,21.559381,22.349102,21.181442,22.275772,4663647.5
2008-07-30,HAS,22.29278,22.939112,22.241753,22.468536,4651845.5
2008-07-31,HAS,22.485544,22.700989,21.88457,21.952606,5024007.5
2008-08-01,HAS,22.122692,22.196398,21.544395,21.975283,3126158.8
2008-08-04,HAS,21.850554,21.935595,21.277924,21.572742,3489325.2
2008-08-05,HAS,21.652117,22.780363,21.652117,22.780363,4445128
2008-08-06,HAS,22.740677,22.740677,22.338137,22.644293,3292661.5
2008-08-07,HAS,22.457197,22.457197,21.691803,21.941267,3783350.5
2008-08-08,HAS,22.190727,23.171564,21.969614,23.131876,2942018
2008-08-11,HAS,23.21692,23.6308,22.859737,23.024155,3446112
2008-08-12,HAS,23.09786,23.335981,22.627285,22.899424,2831604.2
2008-08-13,HAS,22.68965,22.68965,21.8789,22.349474,2413231
2008-08-14,HAS,22.094345,22.530903,22.088675,22.42885,2462264.5
2008-08-15,HAS,22.530903,22.84273,22.083006,22.502554,2084635
2008-08-18,HAS,22.525232,22.67831,21.74283,21.822206,2128730
2008-08-19,HAS,20.489853,21.34596,20.41048,21.141855,3823036
2008-08-20,HAS,21.164536,21.311943,20.784672,20.977438,2228208.2
2008-08-21,HAS,20.67128,20.95476,20.382132,20.591906,4274392.5
2008-08-22,HAS,20.693958,20.909403,20.42182,20.761993,3373090.8
2008-08-25,HAS,20.744986,20.744986,20.246061,20.353785,2674626
2008-08-26,HAS,20.365122,20.365122,19.99093,20.229053,3276963.8
2008-08-27,HAS,20.240393,20.608913,20.098654,20.50686,2651520.2
2008-08-28,HAS,20.693958,21.017124,20.50686,20.869717,2251490.5
2008-08-29,HAS,20.654272,21.289265,20.648602,21.204222,3968726
2008-09-02,HAS,21.34029,22.071667,21.22123,21.555735,6571389
2008-09-03,HAS,21.567074,21.963945,21.555735,21.74283,3237983.8
2008-09-04,HAS,21.674795,21.714481,21.045471,21.045471,2943713
2008-09-05,HAS,20.909403,21.05681,20.55222,20.988777,3903818
2008-09-08,HAS,21.50471,21.618101,21.170204,21.60109,3843450.2
2008-09-09,HAS,21.703142,21.992292,21.311943,21.385649,4543019
2008-09-10,HAS,21.703142,22.048988,21.408325,21.793856,4756594
2008-09-11,HAS,21.465021,21.788187,21.107838,21.725822,4186202.5
2008-09-12,HAS,21.465021,21.686134,21.232569,21.47636,3025269.5
2008-09-15,HAS,21.266584,21.708813,20.92641,21.243908,4835686.5
2008-09-16,HAS,20.716637,21.816534,18.840006,21.606762,5772035
2008-09-17,HAS,21.306274,21.436674,20.739317,20.767664,5647334
2008-09-18,HAS,21.20989,21.47636,19.88888,20.96043,8816882
2008-09-19,HAS,20.455837,23.528748,20.29142,20.722305,8161101.5
2008-09-22,HAS,20.535212,21.538727,20.512533,20.557888,3597975.2
2008-09-23,HAS,20.779003,20.93208,20.484184,20.569227,2963360
2008-09-24,HAS,20.603245,20.830029,20.223383,20.438828,2614480.5
2008-09-25,HAS,20.569227,21.147524,20.30276,20.42182,3718266.2
2008-09-26,HAS,20.109993,20.399141,19.87187,20.217714,2728951
2008-09-29,HAS,19.73013,20.30276,18.840006,19.276564,5390701.5
2008-09-30,HAS,19.344599,20.00227,18.840006,19.684774,4470703.5
2008-10-01,HAS,19.645088,19.679104,19.140493,19.486338,2618713.5
2008-10-02,HAS,19.452322,19.463661,18.409119,18.624561,4313021.5
2008-10-03,HAS,18.828667,19.18585,18.556528,18.618893,4271041
2008-10-06,HAS,18.205015,18.562199,17.3319,17.9839,4625388.5
2008-10-07,HAS,18.102962,18.318407,17.292212,17.297882,5516460
2008-10-08,HAS,17.428282,18.976078,17.03708,18.029257,8367466
2008-10-09,HAS,17.553013,18.029257,16.061914,16.294367,8635035
2008-10-10,HAS,15.665043,17.484978,15.3192,17.008734,8455127
2008-10-13,HAS,17.348907,17.575691,17.014402,17.575691,4935817.5
2008-10-14,HAS,19.843521,19.843521,16.50414,16.997395,4993670
2008-10-15,HAS,16.747932,17.071098,15.931514,16.158297,3893235.2
2008-10-16,HAS,16.11861,17.116455,15.8521385,17.05976,6900690.5
2008-10-17,HAS,16.952038,17.604038,16.63454,17.076769,4667896
2008-10-20,HAS,17.575691,17.575691,15.517634,16.36807,6492018
2008-10-21,HAS,16.039236,16.827307,15.971201,16.555168,5820186.5
2008-10-22,HAS,16.328382,16.328382,14.916658,15.290851,5914373.5
2008-10-23,HAS,15.31353,15.500626,14.525458,15.4042425,5377120
2008-10-24,HAS,14.23631,15.132103,14.196623,14.8032675,4119354.5
2008-10-27,HAS,14.661529,15.103755,14.310014,14.712555,3431296
2008-10-28,HAS,14.899651,16.146957,14.088901,16.146957,5174459.5
2008-10-29,HAS,16.158297,16.940699,15.818122,16.345392,4015290.2
2008-10-30,HAS,16.71649,16.85922,15.397668,16.134153,6424736
2008-10-31,HAS,15.8201475,16.899185,15.8201475,16.608015,4775989
2008-11-03,HAS,16.670816,16.79071,15.3862505,15.483307,5098102
2008-11-04,HAS,15.59749,16.162699,15.380542,16.122734,4580509.5
2008-11-05,HAS,15.894368,16.333975,15.865823,16.042807,4184486
2008-11-06,HAS,15.980005,16.122734,15.683127,15.865823,4638841.5
2008-11-07,HAS,16.008553,16.059933,15.414796,15.831567,3149136.8
2008-11-10,HAS,16.025679,16.145573,15.123628,15.323449,3895036.5
2008-11-11,HAS,15.060826,15.431924,14.626929,15.066536,2906194.8
2008-11-12,HAS,14.792495,14.866715,14.244414,14.307215,3896003.5
2008-11-13,HAS,14.244414,15.67171,14.078847,15.643164,7260232
2008-11-14,HAS,15.637454,15.95717,15.129337,15.380542,4609240.5
2008-11-17,HAS,14.96377,15.032281,14.27296,14.307215,3531748.2
2008-11-18,HAS,14.518455,14.564128,13.77626,14.193031,3869379.8
2008-11-19,HAS,14.056011,14.187322,13.074031,13.188215,4983724.5
2008-11-20,HAS,13.165378,13.759133,12.685806,12.862791,5123674.5
2008-11-21,HAS,12.999812,13.99321,12.5259495,13.953245,5672439.5
2008-11-24,HAS,14.118812,15.129337,13.901863,14.912389,4074911.8
2008-11-25,HAS,15.192139,15.500434,14.318633,14.940934,4015430.2
2008-11-26,HAS,14.558418,15.660292,14.489908,15.580363,3802820.2
2008-11-28,HAS,15.523272,15.643164,15.129337,15.300612,1462030.4
2008-12-01,HAS,15.089373,15.186429,14.558418,14.558418,3936991.8
2008-12-02,HAS,14.701148,15.077954,14.335761,15.077954,3696537.2
2008-12-03,HAS,14.803914,15.580363,14.701148,15.477597,3146509.2
2008-12-04,HAS,15.175011,15.785893,15.123628,15.397668,2798999
2008-12-05,HAS,15.1065,16.002842,15.037991,15.894368,3145983.8
2008-12-08,HAS,16.162699,16.602306,15.500434,16.333975,3724000
2008-12-09,HAS,16.196955,16.488123,15.985715,16.025679,2735942.8
2008-12-10,HAS,16.059933,16.271173,15.80873,16.025679,2573397.5
2008-12-11,HAS,16.139862,16.185535,15.506144,15.626037,2669656.5
2008-12-12,HAS,15.414796,15.614618,15.157883,15.4376335,2793219
2008-12-15,HAS,15.620327,15.73451,15.237812,15.591781,3286459.2
2008-12-16,HAS,15.648872,16.528088,15.563235,16.482414,4709429.5
2008-12-17,HAS,16.556633,16.86493,16.185535,16.533796,3332325.8
2008-12-18,HAS,16.836384,16.893475,16.111317,16.345392,3181365.5
2008-12-19,HAS,16.516668,16.893475,16.265465,16.653688,4002498.5
2008-12-22,HAS,16.653688,16.819256,16.214083,16.448158,4115474.5
2008-12-23,HAS,16.339685,16.950567,16.248337,16.550924,2929671
2008-12-24,HAS,16.842093,16.939148,16.488123,16.630852,827263.6
2008-12-26,HAS,16.573761,16.727907,16.396776,16.57947,902405.7
2008-12-29,HAS,16.562342,16.659399,16.042807,16.15699,2947882
2008-12-30,HAS,16.208372,16.57947,16.065643,16.568052,2937723
2008-12-31,HAS,16.608015,16.739326,16.453867,16.653688,2302956.2
2009-01-02,HAS,16.762163,17.076168,16.391066,16.899185,2195410.2
2009-01-05,HAS,16.92202,16.979113,16.453867,16.79642,3306076.8
2009-01-06,HAS,16.802128,16.950567,16.36823,16.71649,3676707.8
2009-01-07,HAS,16.351103,16.979113,16.2255,16.904894,5450341
2009-01-08,HAS,16.739326,16.807837,16.01426,16.49954,4594702.5
2009-01-09,HAS,16.470995,16.470995,15.900077,15.974296,2948232.2
2009-01-12,HAS,15.934332,16.065643,15.409087,15.52898,3528175
2009-01-13,HAS,15.477597,15.677418,15.157883,15.409087,3821562
2009-01-14,HAS,15.237812,15.266357,14.878133,15.112209,3085379.8
2009-01-15,HAS,15.043699,15.489016,14.815332,15.329159,3053676.5
2009-01-16,HAS,15.443342,15.466179,15.032281,15.3519945,2564289.5
2009-01-20,HAS,15.163592,15.3862505,14.729693,14.752531,3394881
2009-01-21,HAS,14.883842,15.391959,14.723986,15.3862505,4238259
2009-01-22,HAS,15.060826,15.169301,14.701148,14.952353,3335853.2
2009-01-23,HAS,14.678311,14.986608,14.547,14.752531,2334659.5
2009-01-26,HAS,14.798204,15.117918,14.535582,14.809623,1976464.6
2009-01-27,HAS,14.821041,15.020863,14.672603,14.878133,1928822.1
2009-01-28,HAS,14.96377,15.226394,14.878133,15.197847,2334309.2
2009-01-29,HAS,14.918097,15.146465,14.438526,14.558418,2946090
2009-01-30,HAS,14.685015,14.685015,13.827621,13.885163,4195635
2009-02-02,HAS,12.929947,12.975982,12.475357,12.619215,11718161
2009-02-03,HAS,12.665249,13.050789,12.486866,12.970228,4773427.5
2009-02-04,HAS,12.895422,13.073805,12.601952,12.999,3269024.5
2009-02-05,HAS,12.970228,13.5629225,12.883913,13.4190645,7926224.5
2009-02-06,HAS,13.350013,13.678009,13.240681,13.54566,4969487.5
2009-02-09,HAS,13.5629225,14.667751,13.5629225,14.426069,9246625
2009-02-10,HAS,14.26495,14.454842,13.902427,13.942707,6238969.5
2009-02-11,HAS,13.913936,13.988742,13.764323,13.908181,4991566.5
2009-02-12,HAS,13.718289,13.896672,13.338505,13.8161125,5927203.5
2009-02-13,HAS,13.839129,14.017514,13.660746,13.6952715,3744493.8
2009-02-17,HAS,13.505379,13.724044,12.475357,13.528397,5498134
2009-02-18,HAS,13.637729,13.637729,13.246435,13.424819,5101562
2009-02-19,HAS,13.499624,13.827621,13.240681,13.309732,6297607
2009-02-20,HAS,13.234926,13.551414,13.11984,13.350013,9207698
2009-02-23,HAS,13.350013,13.436328,12.895422,12.94721,5543317.5
2009-02-24,HAS,13.06805,13.257944,12.866651,13.160121,6284750.5
2009-02-25,HAS,13.079559,13.493871,12.7573185,13.229172,7576226.5
2009-02-26,HAS,13.309732,13.505379,12.929947,12.993245,4951066.5
2009-02-27,HAS,12.843633,13.539906,12.728547,13.171629,5732914.5
2009-03-02,HAS,13.085314,13.234926,12.849387,12.952965,6005753
2009-03-03,HAS,13.11984,13.217663,12.728547,12.797598,9396445
2009-03-04,HAS,12.993245,13.125594,12.429322,12.901176,7754541.5
2009-03-05,HAS,12.647986,12.987491,12.538654,12.659494,8926516
2009-03-06,HAS,12.6249695,12.866651,12.331499,12.699775,6046487.5
2009-03-09,HAS,12.613461,12.728547,12.164623,12.268201,4818818
2009-03-10,HAS,12.423568,12.912685,12.268201,12.860896,4651291.5
2009-03-11,HAS,12.843633,13.022017,12.601952,12.69402,4355513.5
2009-03-12,HAS,12.647986,13.338505,12.567426,13.280961,3727810.8
2009-03-13,HAS,13.355766,13.465099,13.1658745,13.378784,3401447
2009-03-16,HAS,13.470853,13.499624,13.062298,13.108332,4223091
2009-03-17,HAS,13.073805,13.344258,12.941456,13.344258,3369644.8
2009-03-18,HAS,13.424819,13.775832,13.160121,13.637729,4776415
2009-03-19,HAS,13.729798,13.729798,13.390523,13.637729,2815151.2
2009-03-20,HAS,13.643482,13.781587,13.344258,13.407556,3429189.5
2009-03-23,HAS,13.470853,13.701026,13.33275,13.689518,4008163.8
2009-03-24,HAS,13.499624,13.637729,13.160121,13.188892,4739747
2009-03-25,HAS,13.2867155,14.000251,13.2867155,13.844884,4934209.5
2009-03-26,HAS,13.954216,14.708031,13.890918,14.535402,5796866.5
2009-03-27,HAS,14.460595,14.817364,14.460595,14.650488,4146105.5
2009-03-30,HAS,14.310984,14.575682,13.977234,14.34551,5888797.5
2009-03-31,HAS,14.661997,14.713785,14.241932,14.426069,4054522
2009-04-01,HAS,14.34551,14.587191,14.247686,14.523893,3797402
2009-04-02,HAS,14.644734,15.473355,14.644734,15.174131,4159486.8
2009-04-03,HAS,15.243182,15.38704,15.01301,15.38704,3157977.5
2009-04-06,HAS,15.317989,15.507882,15.105079,15.438829,2868803.2
2009-04-07,HAS,15.260446,15.364024,14.736803,14.782838,2399428.5
2009-04-08,HAS,14.765574,15.13385,14.765574,15.024519,3452886.5
2009-04-09,HAS,15.277708,15.456093,15.116588,15.456093,2186011.5
2009-04-13,HAS,15.410058,15.444584,15.1511135,15.35827,1590806
2009-04-14,HAS,15.145359,15.248937,14.748311,14.782838,3009914.8
2009-04-15,HAS,14.782838,15.030273,14.535402,14.702276,2620641.8
2009-04-16,HAS,14.828873,15.185639,14.708031,15.070554,3572449
2009-04-17,HAS,15.185639,16.123592,15.156868,16.060295,5932590.5
2009-04-20,HAS,15.818614,16.819864,15.4273205,15.628722,5927377
2009-04-21,HAS,15.1511135,15.30648,14.966975,15.225919,5875068.5
2009-04-22,HAS,15.2662,16.261696,15.202903,15.927946,6218984.5
2009-04-23,HAS,15.922192,15.933701,15.4273205,15.749563,3435682
2009-04-24,HAS,15.904928,16.255941,15.738054,15.968226,2437474.8
2009-04-27,HAS,15.864649,16.077559,15.634477,15.766826,3045887.8
2009-04-28,HAS,15.611459,16.181137,15.536653,15.945209,2571635
2009-04-29,HAS,16.107502,16.768263,16.07852,16.571194,2994746.5
2009-04-30,HAS,16.72769,16.745077,15.301836,15.452536,8294230
2009-05-01,HAS,15.429352,15.6843815,14.971456,15.562663,7592262
2009-05-04,HAS,15.649605,16.15387,15.574255,16.136482,6576952
2009-05-05,HAS,16.113297,16.617561,15.945209,16.553804,4829240
2009-05-06,HAS,16.588581,16.84361,15.916227,16.101706,4019909.8
2009-05-07,HAS,16.263996,16.327755,15.226486,15.348205,5768167
2009-05-08,HAS,15.400371,15.591643,14.867125,15.104767,5211218
2009-05-11,HAS,14.855532,15.017824,14.565724,14.728017,4652743.5
2009-05-12,HAS,14.832348,14.843941,14.258529,14.39184,3769935.2
2009-05-13,HAS,14.252733,14.28751,13.557195,13.620953,6192559
2009-05-14,HAS,13.725284,13.945537,13.348534,13.4007,4496088
2009-05-15,HAS,13.35433,13.528214,13.018152,13.290572,8255890.5
2009-05-18,HAS,13.406494,13.858595,13.348534,13.858595,5766069
2009-05-19,HAS,13.945537,14.06146,13.6325445,13.916556,3863081.5
2009-05-20,HAS,13.980314,14.165791,13.522418,13.591972,4278850.5
2009-05-21,HAS,13.42968,13.441272,12.908027,13.087707,4422418.5
2009-05-22,HAS,13.360126,13.620953,13.087707,13.180445,3650871.8
2009-05-26,HAS,13.134076,13.83541,13.134076,13.667321,5243392.5
2009-05-27,HAS,13.754264,13.754264,13.360126,13.42968,6311950
2009-05-28,HAS,13.620953,13.858595,13.319552,13.771652,6359566.5
2009-05-29,HAS,13.800632,14.728017,13.771652,14.728017,7908353
2009-06-01,HAS,14.809163,15.238079,14.73961,15.081582,7439900.5
2009-06-02,HAS,15.185913,15.354001,14.936679,15.075787,4812850
2009-06-03,HAS,15.22069,15.22069,14.588909,14.809163,5469601.5
2009-06-04,HAS,14.959863,14.959863,14.461394,14.867125,4716061.5
2009-06-05,HAS,15.012028,15.012028,14.583114,14.72222,4159657.8
2009-06-08,HAS,14.774386,14.785978,14.444006,14.704833,4392916
2009-06-09,HAS,14.780183,14.832348,14.525151,14.751203,3843786
2009-06-10,HAS,14.867125,15.37139,14.751203,15.064194,7254988.5
2009-06-11,HAS,15.104767,15.29604,14.99464,15.0873785,4147235.8
2009-06-12,HAS,14.774386,14.867125,14.339675,14.542541,5647133
2009-06-15,HAS,14.536744,14.681648,14.148402,14.2817135,4718477
2009-06-16,HAS,14.444006,14.51356,14.073052,14.073052,3558914.2
2009-06-17,HAS,14.136809,14.565724,14.073052,14.374452,3843758.5
2009-06-18,HAS,14.415026,14.542541,14.264325,14.357063,2574640
2009-06-19,HAS,14.733813,14.756997,14.496171,14.571521,3908629
2009-06-22,HAS,14.490375,14.525151,14.084644,14.084644,4102659.5
2009-06-23,HAS,14.2295475,14.2295475,13.765856,13.893371,4460202
2009-06-24,HAS,13.974518,14.171587,13.673118,13.777449,3483691.8
2009-06-25,HAS,13.794836,14.186077,13.638341,14.142606,3623648.5
2009-06-26,HAS,14.183179,14.345471,14.0092945,14.183179,3680891.8
2009-06-29,HAS,14.275917,14.351268,13.858595,14.183179,5243322
2009-06-30,HAS,14.270122,14.351268,13.962925,14.049868,3906731.2
2009-07-01,HAS,14.142606,14.368656,14.06146,14.275917,2619699.2
2009-07-02,HAS,14.165791,14.275917,13.83541,13.841206,3578208
2009-07-06,HAS,13.783245,13.91076,13.487641,13.661526,3607049.5
2009-07-07,HAS,13.597767,13.6325445,13.331145,13.35433,2721116.5
2009-07-08,HAS,13.331145,13.45866,13.209426,13.42968,3511986.5
2009-07-09,HAS,13.510825,13.545603,13.284776,13.42968,3466784
2009-07-10,HAS,13.4007,13.516622,13.284776,13.441272,3475410.5
2009-07-13,HAS,13.481845,13.7890415,13.284776,13.73108,4021290
2009-07-14,HAS,13.73108,13.86439,13.53401,13.829615,3738816.2
2009-07-15,HAS,13.9571295,14.217957,13.852798,14.194771,3291667.8
2009-07-16,HAS,14.142606,14.397636,14.084644,14.357063,3542351.5
2009-07-17,HAS,14.432413,14.838144,14.432413,14.7106285,6795951
2009-07-20,HAS,15.342408,15.562663,15.029417,15.330817,9836498
2009-07-21,HAS,15.330817,15.516294,15.029417,15.290243,3625510
2009-07-22,HAS,15.261263,15.382982,14.959863,15.168525,3958489.8
2009-07-23,HAS,15.156932,15.423555,15.04101,15.423555,4335909
2009-07-24,HAS,15.377186,15.446739,15.04101,15.354001,4184846.8
2009-07-27,HAS,15.377186,15.417759,14.872921,15.214893,3616883.8
2009-07-28,HAS,15.127952,15.191709,14.988844,15.081582,2598104
2009-07-29,HAS,15.04101,15.301836,14.99464,15.238079,3251641.2
2009-07-30,HAS,15.465861,15.570992,15.249761,15.278963,3282720.8
2009-07-31,HAS,15.273123,15.75205,15.273123,15.477543,4168127.2
2009-08-03,HAS,15.699485,15.699485,15.267282,15.325687,4117807
2009-08-04,HAS,15.325687,15.401616,15.273123,15.401616,3267311.2
2009-08-05,HAS,15.360731,15.54763,15.132949,15.284803,2968882
2009-08-06,HAS,15.384093,15.460021,15.214716,15.296485,2914173.5
2009-08-07,HAS,15.489224,15.810456,15.407455,15.75205,2604192.5
2009-08-10,HAS,15.845499,15.845499,15.477543,15.629398,3599127.5
2009-08-11,HAS,15.594355,15.606035,15.395775,15.506745,2598542.2
2009-08-12,HAS,15.518427,15.693645,15.366571,15.419137,3376547
2009-08-13,HAS,15.512587,15.757891,15.354891,15.717007,3089931.8
2009-08-14,HAS,15.775413,15.781254,15.4425,15.54179,2386063.5
2009-08-17,HAS,15.430819,15.430819,15.14463,15.1855135,3462302
2009-08-18,HAS,15.249761,15.360731,15.127108,15.238079,2839271.8
2009-08-19,HAS,15.14463,15.308166,15.021977,15.249761,2627306.5
2009-08-20,HAS,15.232239,15.296485,15.080383,15.14463,3172629
2009-08-21,HAS,15.191355,15.775413,15.191355,15.775413,3820852
2009-08-24,HAS,15.798775,15.991513,15.75205,15.915586,4973990.5
2009-08-25,HAS,15.979834,16.266022,15.898065,16.225138,3603579
2009-08-26,HAS,16.190094,16.35363,16.090803,16.254341,3758358.2
2009-08-27,HAS,16.184254,16.517166,16.13169,16.417877,4502119.5
2009-08-28,HAS,16.505486,16.587254,16.400354,16.54637,4572660.5
2009-08-31,HAS,16.593094,16.616457,16.289383,16.581413,5826474
2009-09-01,HAS,16.517166,16.791674,16.15505,16.283543,7267426
2009-09-02,HAS,16.266022,16.35363,16.137527,16.178413,4252689
2009-09-03,HAS,16.225138,16.633978,16.15505,16.604776,5634923
2009-09-04,HAS,16.610617,16.785833,16.55805,16.75663,3912692
2009-09-08,HAS,16.85008,16.990253,16.74495,16.826717,4161742.5
2009-09-09,HAS,16.873442,16.885122,16.569733,16.704065,4231941
2009-09-10,HAS,16.762472,16.762472,16.517166,16.610617,3937280.5
2009-09-11,HAS,16.657341,16.704065,16.482122,16.569733,2723529.8
2009-09-14,HAS,16.505486,16.791674,16.420797,16.791674,3986787.5
2009-09-15,HAS,16.76831,16.867601,16.628138,16.704065,4117569
2009-09-16,HAS,16.739109,16.961052,16.739109,16.826717,4888050.5
2009-09-17,HAS,16.791674,16.926006,16.657341,16.791674,4213792
2009-09-18,HAS,16.890965,17.14795,16.797514,16.879282,4597315.5
2009-09-21,HAS,16.826717,16.826717,16.628138,16.645658,2389760
2009-09-22,HAS,16.75663,16.809196,16.487963,16.587254,3645006.5
2009-09-23,HAS,16.704065,16.74495,16.242659,16.283543,4634931.5
2009-09-24,HAS,16.382833,16.382833,15.892223,15.95063,4877938.5
2009-09-25,HAS,15.962311,15.991513,15.757891,15.874702,3247450.2
2009-09-28,HAS,15.973992,16.137527,15.85134,15.886384,3465408
2009-09-29,HAS,15.991513,16.213457,15.933108,16.079123,3064078
2009-09-30,HAS,16.137527,16.242659,15.83966,16.207615,4325938.5
2009-10-01,HAS,16.14337,16.195934,15.909746,15.921428,4665560.5
2009-10-02,HAS,15.833818,15.886384,15.728688,15.810456,3589710.5
2009-10-05,HAS,15.863021,15.933108,15.74037,15.898065,3081542
2009-10-06,HAS,15.944789,16.201775,15.909746,16.14921,3360110.2
2009-10-07,HAS,16.166733,16.248499,15.985674,16.04992,2724483.5
2009-10-08,HAS,16.178413,16.470442,16.15505,16.35947,2587242
2009-10-09,HAS,16.382833,16.464602,16.254341,16.458761,2640147.8
2009-10-12,HAS,16.528847,16.709906,16.435398,16.435398,4531740
2009-10-13,HAS,16.412037,16.663181,16.412037,16.575571,1974118.2
2009-10-14,HAS,16.709906,16.774153,16.54053,16.633978,2869577
2009-10-15,HAS,16.517166,16.820877,16.517166,16.75663,2588783
2009-10-16,HAS,16.727427,17.334848,16.669022,17.2414,8128501
2009-10-19,HAS,17.346529,17.404934,16.371153,16.598934,10387471
2009-10-20,HAS,16.6515,16.6515,16.301065,16.417877,3944469.8
2009-10-21,HAS,16.464602,16.704065,16.417877,16.429558,4490305.5
2009-10-22,HAS,16.482122,16.663181,16.260181,16.575571,3744061.8
2009-10-23,HAS,16.698225,16.698225,16.34195,16.371153,3020246.8
2009-10-26,HAS,16.441238,16.774153,16.429558,16.464602,3235564.5
2009-10-27,HAS,16.476282,16.517166,16.15505,16.195934,3542045.8
2009-10-28,HAS,16.260181,16.318586,15.775413,15.83966,4794304.5
2009-10-29,HAS,15.97499,16.233885,15.922034,16.18093,2853683.2
2009-10-30,HAS,16.175045,16.280958,15.857311,16.045599,5035905.5
2009-11-02,HAS,16.022062,16.304493,15.780819,16.26919,4843187.5
2009-11-03,HAS,16.228,16.351566,16.027946,16.26919,3304309
2009-11-04,HAS,16.345682,16.504547,16.204466,16.333914,3482510
2009-11-05,HAS,16.428057,16.539852,16.263306,16.316261,3007848
2009-11-06,HAS,16.339798,16.475128,16.233885,16.422173,3337540
2009-11-09,HAS,16.792864,17.063526,16.704603,16.916426,7905031
2009-11-10,HAS,16.904657,16.998802,16.810514,16.95173,3417418
2009-11-11,HAS,17.057642,17.281233,16.987034,17.192972,3832783.5
2009-11-12,HAS,17.240046,17.328304,16.9635,17.004686,3511232
2009-11-13,HAS,17.057642,17.210625,16.992918,17.122366,3983521.8
2009-11-16,HAS,17.281233,17.740183,17.240046,17.740183,5096557
2009-11-17,HAS,17.82256,17.82256,17.510708,17.569548,2991685.2
2009-11-18,HAS,17.728415,17.84021,17.551895,17.628387,3879690.5
2009-11-19,HAS,17.61662,17.64604,17.140017,17.281233,3564937.2
2009-11-20,HAS,17.298885,17.298885,17.034107,17.122366,3519050
2009-11-23,HAS,17.481287,17.757835,17.110598,17.210625,4257568
2009-11-24,HAS,17.257696,17.32242,17.028223,17.075294,2963473
2009-11-25,HAS,17.12825,17.475405,17.110598,17.41068,2153476.5
2009-11-27,HAS,17.210625,17.351841,17.063526,17.26358,1308129.4
2009-11-30,HAS,17.351841,17.457752,17.210625,17.445984,4429999
2009-12-01,HAS,17.60485,17.775486,17.598967,17.681343,3529587
2009-12-02,HAS,17.751951,18.069685,17.710764,17.952005,3508394
2009-12-03,HAS,17.922586,18.087337,17.687227,17.70488,2203612.5
2009-12-04,HAS,17.857862,18.081453,17.540127,17.757835,2570499
2009-12-07,HAS,17.816675,18.346233,17.816675,18.140293,3288709
2009-12-08,HAS,18.16383,18.16383,17.857862,17.887281,2438997.8
2009-12-09,HAS,17.881397,17.881397,17.463636,17.775486,3820886.8
2009-12-10,HAS,17.846094,18.134409,17.846094,17.940237,2735056
2009-12-11,HAS,18.052034,18.205017,17.922586,18.140293,2106739.2
2009-12-14,HAS,18.234436,18.428608,18.16383,18.34035,2955655.2
2009-12-15,HAS,18.310928,18.693388,18.234436,18.53452,3399742.8
2009-12-16,HAS,18.658083,18.852255,18.552172,18.611012,2280601.2
2009-12-17,HAS,18.458029,18.652199,18.263857,18.552172,2021592.8
2009-12-18,HAS,18.599243,18.693388,18.463911,18.605127,3060516.2
2009-12-21,HAS,18.822834,19.105267,18.775763,18.828718,2400418.2
2009-12-22,HAS,18.958166,18.975817,18.722807,18.763994,2187127
2009-12-23,HAS,18.722807,18.916979,18.68162,18.893442,1291970.2
2009-12-24,HAS,18.887558,18.940514,18.763994,18.928745,586744.56
2009-12-28,HAS,18.969934,19.04054,18.893442,18.999353,1148543.4
2009-12-29,HAS,19.064077,19.08173,18.881674,18.887558,1310015.9
2009-12-30,HAS,18.911093,19.087612,18.828718,19.08173,1268290.8
2009-12-31,HAS,19.046425,19.164104,18.864023,18.864023,1514792.5
2010-01-04,HAS,19.140568,19.270016,19.017006,19.146454,2808858.2
2010-01-05,HAS,19.19941,19.19941,18.737516,18.93463,2799222
2010-01-06,HAS,18.958166,18.958166,18.652199,18.916979,2222137.5
2010-01-07,HAS,18.864023,18.9817,18.458029,18.646315,5337039
2010-01-08,HAS,18.881674,19.028774,18.516867,18.693388,4587977
2010-01-11,HAS,18.769878,18.828718,18.53452,18.675735,1839742.9
2010-01-12,HAS,18.622778,18.646315,18.263857,18.381536,5277866
2010-01-13,HAS,18.369768,18.687504,18.358,18.646315,2170811.5
2010-01-14,HAS,18.599243,18.869905,18.540403,18.840487,2156705.5
2010-01-15,HAS,18.822834,18.969934,18.652199,18.922861,3428274.5
2010-01-19,HAS,18.93463,19.08173,18.81695,19.02289,1696982.2
2010-01-20,HAS,18.875792,19.011122,18.711039,18.9817,2547767.8
2010-01-21,HAS,18.916979,19.146454,18.828718,18.887558,3828024.8
2010-01-22,HAS,18.828718,18.987585,18.375652,18.410957,2744913.2
2010-01-25,HAS,18.5051,18.605127,18.363884,18.487448,1871184.2
2010-01-26,HAS,18.41684,18.587475,18.38742,18.405073,1776860.2
2010-01-27,HAS,18.363884,18.552172,18.246204,18.528635,1771421.8
2010-01-28,HAS,18.569822,18.669851,18.369768,18.558056,1651210.5
2010-01-29,HAS,18.723858,18.723858,18.078411,18.090254,4132347
2010-02-01,HAS,18.19092,18.581741,18.090254,18.469233,4054024.2
2010-02-02,HAS,18.516605,18.954796,18.398174,18.925188,4449868.5
2010-02-03,HAS,18.860052,19.08507,18.765308,18.990326,2755372
2010-02-04,HAS,18.854132,18.966639,18.486996,18.510683,3450801
2010-02-05,HAS,18.475155,18.563976,17.883001,18.238293,4699466
2010-02-08,HAS,19.925928,20.837841,19.854868,20.553608,19334026
2010-02-09,HAS,20.583216,20.891134,20.411493,20.760862,7189028
2010-02-10,HAS,20.74902,21.086546,20.660196,20.902977,5586906.5
2010-02-11,HAS,20.920744,21.429993,20.760862,21.400385,4108064.2
2010-02-12,HAS,21.270111,21.317486,21.003645,21.051016,7298459.5
2010-02-16,HAS,21.22274,21.305641,20.583216,20.743095,6515448
2010-02-17,HAS,20.808233,21.027328,20.737175,20.979958,2509151.5
2010-02-18,HAS,20.920744,21.210897,20.83192,21.175367,3076066.5
2010-02-19,HAS,21.092466,21.311563,20.944427,21.199055,2643238.8
2010-02-22,HAS,21.26419,21.270111,20.974035,21.033253,2749169.2
2010-02-23,HAS,21.021408,21.045095,20.75494,20.891134,2168480.8
2010-02-24,HAS,21.009565,21.045095,20.79047,21.009565,2467439.2
2010-02-25,HAS,20.843763,21.163527,20.51808,21.133917,3475625.8
2010-02-26,HAS,21.039173,21.311563,20.968115,21.18721,2652526.8
2010-03-01,HAS,21.199055,21.429993,21.021408,21.353014,2817856
2010-03-02,HAS,21.41223,21.720148,21.347092,21.678698,4043554
2010-03-03,HAS,21.666855,21.714226,21.49513,21.512896,2811945.2
2010-03-04,HAS,21.501053,21.749756,21.501053,21.749756,2557618.8
2010-03-05,HAS,21.874107,22.217556,21.678698,22.18795,2303292.2
2010-03-08,HAS,22.18795,22.341908,22.081362,22.205713,2361723.2
2010-03-09,HAS,22.1465,22.460339,22.1465,22.312302,1938014.8
2010-03-10,HAS,22.306377,22.50771,22.164263,22.50771,2740848.8
2010-03-11,HAS,22.442575,22.590612,22.294537,22.555084,1516476.2
2010-03-12,HAS,22.987354,22.987354,22.353752,22.62022,1591313.4
2010-03-15,HAS,22.270851,22.448496,22.140575,22.282694,3105957.5
2010-03-16,HAS,22.312302,22.57877,22.288614,22.412966,2984029.2
2010-03-17,HAS,22.489946,22.643908,22.365595,22.58469,2371687
2010-03-18,HAS,22.62614,22.703121,22.454416,22.561005,1875699.8
2010-03-19,HAS,22.643908,22.703121,22.412966,22.436653,2425431.5
2010-03-22,HAS,22.50771,22.679436,22.383358,22.649828,2378610.8
2010-03-23,HAS,22.732729,22.797865,22.442575,22.637985,1988677.4
2010-03-24,HAS,22.590612,22.673513,22.377438,22.53732,2270530.5
2010-03-25,HAS,22.608377,22.839315,22.54324,22.561005,3056122.2
2010-03-26,HAS,22.58469,22.904453,22.566927,22.744572,2831028.2
2010-03-29,HAS,22.833395,23.230137,22.833395,23.224216,3757985.5
2010-03-30,HAS,23.230137,23.443312,23.111706,23.123549,1926362.4
2010-03-31,HAS,23.123549,23.135393,22.649828,22.667591,2317646.8
2010-04-01,HAS,22.827473,22.963667,22.572847,22.714964,2687548.2
2010-04-05,HAS,22.673513,23.218294,22.673513,23.170923,2165490
2010-04-06,HAS,23.20645,23.20645,22.791945,23.052492,2630235.2
2010-04-07,HAS,22.993277,23.093943,22.57877,22.738651,1840573.6
2010-04-08,HAS,22.691278,22.945904,22.50179,22.898531,1469385.4
2010-04-09,HAS,22.975512,23.093943,22.762337,23.052492,2235573.2
2010-04-12,HAS,23.135393,23.23606,22.987354,23.153156,1701251.4
2010-04-13,HAS,23.23606,23.348568,23.135393,23.27751,1630999.1
2010-04-14,HAS,23.289352,23.437391,23.224216,23.401861,2010800.1
2010-04-15,HAS,23.425549,23.834133,23.32488,23.768995,2197914
2010-04-16,HAS,23.922956,23.999935,23.55582,23.597271,4445430
2010-04-19,HAS,23.90519,24.278246,23.638721,24.224953,7535464.5
2010-04-20,HAS,24.402597,24.574324,24.118364,24.24864,3275170.5
2010-04-21,HAS,24.065071,24.118364,23.573586,23.763075,3635044.2
2010-04-22,HAS,23.615036,23.958485,23.490683,23.928877,1880597.1
2010-04-23,HAS,23.964407,24.118364,23.745308,23.999935,2327779.2
2010-04-26,HAS,24.094679,24.278246,23.917034,23.928877,2586054
2010-04-27,HAS,23.798603,24.029543,23.27751,23.354488,3350489
2010-04-28,HAS,23.366331,23.543976,22.945904,23.111706,3202770.2
2010-04-29,HAS,23.278578,23.481209,23.046148,23.43353,2634362
2010-04-30,HAS,23.43353,23.588484,22.83756,22.861399,3618304.5
2010-05-03,HAS,22.926956,24.01758,22.920996,23.910305,3350505.8
2010-05-04,HAS,23.94374,24.047379,23.111706,23.20706,5122550.5
2010-05-05,HAS,22.974632,23.728535,22.909077,23.540804,4448133.5
2010-05-06,HAS,23.44545,23.779194,21.45491,23.415651,6902443
2010-05-07,HAS,23.24878,23.6004,22.831602,23.224941,7162444
2010-05-10,HAS,24.071217,24.375164,23.779194,24.315565,4704937
2010-05-11,HAS,24.136774,25.143963,24.047379,24.60163,6632887
2010-05-12,HAS,24.762543,25.322756,24.720825,25.269117,4807506
2010-05-13,HAS,24.917496,25.149923,24.285767,24.345364,3576673.2
2010-05-14,HAS,23.987782,24.190413,23.6004,24.005661,3571825.8
2010-05-17,HAS,24.005661,24.82214,23.898386,24.744663,4716850
2010-05-18,HAS,24.79234,25.38235,24.500317,24.80426,6384274
2010-05-19,HAS,24.720825,25.018808,24.238089,24.482437,3801032
2010-05-20,HAS,23.904346,24.22021,23.540804,23.701717,5974968
2010-05-21,HAS,23.296457,23.957983,23.093828,23.558683,8817575
2010-05-24,HAS,23.546762,23.797071,23.403732,23.42757,4204743.5
2010-05-25,HAS,22.938877,23.20706,21.752895,23.20706,5506487.5
2010-05-26,HAS,23.528885,23.946064,23.42757,23.570602,6584730.5
2010-05-27,HAS,24.071217,24.190413,23.880507,24.178492,4162124
2010-05-28,HAS,24.238089,24.339405,23.791111,23.928186,3194122
2010-06-01,HAS,23.677877,24.071217,23.439491,23.457369,2438211
2010-06-02,HAS,23.582521,24.01758,23.379892,24.01758,2849087.5
2010-06-03,HAS,24.166573,24.327484,23.570602,23.695755,3992988
2010-06-04,HAS,23.153423,23.749393,23.00443,23.326256,4558189.5
2010-06-07,HAS,23.403732,23.528885,22.843521,22.897156,2999649
2010-06-08,HAS,22.891197,23.075949,22.283308,22.712406,5724787.5
2010-06-09,HAS,22.82564,23.42757,22.748163,22.909077,2808699.8
2010-06-10,HAS,23.242819,24.21425,23.242819,24.178492,5429973.5
2010-06-11,HAS,23.999702,24.160614,23.570602,24.071217,4004928.2
2010-06-14,HAS,24.285767,24.559912,24.124855,24.142733,2897967.5
2010-06-15,HAS,24.43476,24.947294,24.43476,24.941332,2425282.5
2010-06-16,HAS,24.798302,25.644577,24.679106,25.43599,4200544
2010-06-17,HAS,25.60882,25.686295,25.352552,25.549221,3573671.5
2010-06-18,HAS,25.632658,25.859127,25.471748,25.555183,3319799.5
2010-06-21,HAS,25.79357,25.853168,25.03073,25.155882,4028057
2010-06-22,HAS,25.24528,25.430027,24.536074,24.59567,4458448
2010-06-23,HAS,24.607592,24.726786,24.20829,24.506275,4347823
2010-06-24,HAS,25.138004,26.049837,24.762543,25.543262,15158320
2010-06-25,HAS,25.513466,25.757812,24.905577,25.6267,7825229.5
2010-06-28,HAS,25.662458,25.930643,25.364473,25.60286,2168398.8
2010-06-29,HAS,25.22144,25.459827,24.869818,25.054567,3988640.5
2010-06-30,HAS,24.971132,25.263157,24.4586,24.494356,3960233
2010-07-01,HAS,24.583752,24.857897,24.178492,24.345364,6165917
2010-07-02,HAS,24.470518,24.470518,23.952023,24.106976,4009599.5
2010-07-06,HAS,24.261927,24.530115,23.671919,23.886469,4232933
2010-07-07,HAS,23.844748,24.500317,23.791111,24.464558,3356063
2010-07-08,HAS,24.61355,24.744663,24.238089,24.4586,2452473.5
2010-07-09,HAS,24.571833,24.828098,24.381123,24.78638,2039197.5
2010-07-12,HAS,24.780422,25.149923,24.732744,24.893656,2095576.2
2010-07-13,HAS,25.138004,25.310835,24.917496,25.132042,2490562.8
2010-07-14,HAS,25.143963,25.143963,24.667187,24.726786,4698057.5
2010-07-15,HAS,24.732744,24.905577,24.255968,24.488396,4861656.5
2010-07-16,HAS,24.250008,24.381123,23.40969,23.540804,5942751.5
2010-07-19,HAS,22.611092,23.838789,22.438261,23.451408,8169039
2010-07-20,HAS,23.290499,24.440718,23.201101,24.309607,5650213
2010-07-21,HAS,24.43476,24.494356,23.39777,23.44545,7333929.5
2010-07-22,HAS,23.677877,24.226171,23.677877,23.898386,2563888.5
2010-07-23,HAS,23.904346,24.452637,23.898386,24.40496,2191218.8
2010-07-26,HAS,24.500317,25.364473,24.315565,25.328714,4090476.2
2010-07-27,HAS,25.304874,25.358511,24.959213,25.084366,2101113.5
2010-07-28,HAS,25.036688,25.263157,24.59567,24.750622,2016042
2010-07-29,HAS,24.912508,25.404163,24.594732,25.080393,2664202.5
2010-07-30,HAS,24.834562,25.464123,24.834562,25.272257,4020154
2010-08-02,HAS,25.661982,25.90781,25.596027,25.835861,2732257
2010-08-03,HAS,25.871836,25.913807,25.386177,25.440138,2078625
2010-08-04,HAS,25.488104,26.153637,25.392172,26.117664,1759234.2
2010-08-05,HAS,26.045713,26.129656,25.919802,26.09368,1938693.5
2010-08-06,HAS,25.781898,25.973764,25.434141,25.973764,2643586.5
2010-08-09,HAS,26.117664,26.447432,26.111666,26.2076,2177527.8
2010-08-10,HAS,25.973764,26.297537,25.75192,26.219591,2791125
2010-08-11,HAS,25.859844,25.859844,25.422152,25.4941,1745724.8
2010-08-12,HAS,25.188314,25.578041,25.056408,25.470118,2290440.2
2010-08-13,HAS,25.446133,25.75192,25.362192,25.64999,2634848.8
2010-08-16,HAS,25.422152,25.697958,25.290243,25.655987,1357786
2010-08-17,HAS,25.871836,26.483404,25.763912,26.303532,3075991.5
2010-08-18,HAS,26.40546,26.73523,26.2076,26.375483,1970716
2010-08-19,HAS,26.29154,26.315523,25.500095,25.787893,1698525
2010-08-20,HAS,25.542067,25.673975,25.140348,25.464123,2055608.9
2010-08-23,HAS,25.584036,25.75192,25.296238,25.296238,1941362.1
2010-08-24,HAS,25.104374,25.104374,24.630709,24.702658,2848999
2010-08-25,HAS,24.534773,24.65469,24.067102,24.594732,3685681
2010-08-26,HAS,24.660686,24.750622,24.205065,24.216997,2299355
2010-08-27,HAS,24.31293,24.618715,23.995153,24.546764,4976658.5
2010-08-30,HAS,24.522783,24.666681,24.049116,24.0731,1365458
2010-08-31,HAS,23.935194,24.39687,23.725342,24.19901,3098625.8
2010-09-01,HAS,24.384878,25.062403,24.366892,24.984457,2543618
2010-09-02,HAS,24.996449,25.805882,24.996449,25.79389,3595856.2
2010-09-03,HAS,26.087683,26.201605,25.729734,26.075693,1912470.1
2010-09-07,HAS,25.787893,26.43544,25.787893,25.919802,2836185
2010-09-08,HAS,25.943785,26.369486,25.745922,25.799885,2741213.2
2010-09-09,HAS,26.09368,26.171625,25.799885,25.811876,2382171.2
2010-09-10,HAS,25.871836,26.009739,25.757915,25.985756,2119987.5
2010-09-13,HAS,26.201605,26.549358,26.141645,26.43544,1786785.2
2010-09-14,HAS,26.423449,26.483404,26.231583,26.32152,1084094
2010-09-15,HAS,26.219591,26.681267,26.09368,26.597326,1559927.8
2010-09-16,HAS,26.561352,26.669275,26.32152,26.639297,1582777.1
2010-09-17,HAS,26.687262,27.059002,26.681267,26.801184,3558663.5
2010-09-20,HAS,26.807178,27.310825,26.771204,27.208897,2279846.2
2010-09-21,HAS,27.298832,27.298832,26.897116,26.981056,1774506.6
2010-09-22,HAS,26.90311,27.070995,26.189613,26.237577,2376334
2010-09-23,HAS,26.081688,26.525377,25.913807,26.213596,1885322.8
2010-09-24,HAS,26.51938,26.759212,26.501394,26.609318,1613447
2010-09-27,HAS,26.62131,27.11896,26.513386,26.999043,1954204.4
2010-09-28,HAS,26.999043,27.2029,26.531073,27.106968,1223990.4
2010-09-29,HAS,26.987051,27.04701,26.59133,27.005041,1591616.8
2010-09-30,HAS,27.136946,27.490698,26.57934,26.687262,2440712.5
2010-10-01,HAS,27.053005,27.088982,26.525377,26.747221,1323095
2010-10-04,HAS,26.801184,27.2029,26.531372,26.711246,1307250.5
2010-10-05,HAS,27.029024,27.53267,26.885124,27.454725,1960041.9
2010-10-06,HAS,27.43074,27.60462,27.292837,27.46072,1770260.4
2010-10-07,HAS,27.58663,27.670574,27.023027,27.214891,1290071.8
2010-10-08,HAS,27.328814,27.436735,27.035019,27.364786,1609462.5
2010-10-11,HAS,27.418749,27.598621,27.3468,27.526674,1462526.1
2010-10-12,HAS,27.496695,27.496695,27.100973,27.436735,1302747.4
2010-10-13,HAS,27.568644,27.922396,27.51468,27.652584,1650491.4
2010-10-14,HAS,27.712543,27.802479,27.394766,27.562649,1644320.4
2010-10-15,HAS,27.16093,27.412754,26.651289,27.030521,4424966.5
2010-10-18,HAS,28.779793,29.247465,28.000341,28.066296,5965747.5
2010-10-19,HAS,27.766506,27.940382,27.292837,27.706547,3119021.8
2010-10-20,HAS,27.766506,27.940382,27.50269,27.73053,1998312
2010-10-21,HAS,27.832458,27.832458,27.292837,27.388771,2730249
2010-10-22,HAS,27.436735,27.598621,27.400763,27.580635,1412824.6
2010-10-25,HAS,27.652584,28.03032,27.472712,27.556652,1553089.6
2010-10-26,HAS,27.472712,27.68856,27.310825,27.53267,1990730
2010-10-27,HAS,27.352795,27.706547,27.136946,27.53267,1594452
2010-10-28,HAS,27.707499,27.755728,27.30961,27.586926,1370133
2010-10-29,HAS,27.592957,27.9185,27.418125,27.882328,1979892
2010-11-01,HAS,28.01496,28.207874,27.882328,28.123474,1620439.4
2010-11-02,HAS,28.322418,28.57562,28.165674,28.52739,2247117.8
2010-11-03,HAS,28.581648,28.641933,28.22596,28.424906,1655377.9
2010-11-04,HAS,28.672077,28.672077,28.213902,28.497248,2110768
2010-11-05,HAS,28.539448,28.57562,28.238018,28.491219,1454397.9
2010-11-08,HAS,28.388733,28.557533,28.213902,28.52739,1014827.4
2010-11-09,HAS,28.57562,28.61179,28.020987,28.135529,1496530.2
2010-11-10,HAS,28.165674,28.286245,27.924528,28.063187,1951029.6
2010-11-11,HAS,27.924528,28.605762,27.894386,28.48519,1876053.9
2010-11-12,HAS,28.334475,28.479162,28.033045,28.22596,860397.1
2010-11-15,HAS,28.376675,28.43696,28.105387,28.129501,865871
2010-11-16,HAS,27.978786,28.424906,27.556784,27.713528,1296164.1
2010-11-17,HAS,27.592957,28.051128,27.538698,27.984814,1069566.4
2010-11-18,HAS,28.382706,28.666048,28.286245,28.467106,1078026
2010-11-19,HAS,28.467106,28.810736,28.376675,28.810736,1198783.5
2010-11-22,HAS,28.762506,28.816763,28.31639,28.467106,1895129.5
2010-11-23,HAS,28.201845,28.491219,28.063187,28.467106,1526633.4
2010-11-24,HAS,28.708248,28.846907,28.581648,28.678106,1481103.9
2010-11-26,HAS,28.515333,28.816763,28.340502,28.768536,1040538.06
2010-11-29,HAS,28.48519,28.509306,28.033045,28.346533,2688015.2
2010-11-30,HAS,28.171701,28.931309,28.117445,28.732363,3758908.5
2010-12-01,HAS,29.015709,29.238766,28.780594,28.792648,1980489.1
2010-12-02,HAS,28.895136,29.57034,28.810736,29.564312,1907736.1
2010-12-03,HAS,29.407566,29.841627,29.359339,29.775312,1848518.5
2010-12-06,HAS,29.781343,29.944113,29.546225,29.708998,1852167.8
2010-12-07,HAS,29.980286,30.245544,29.907944,29.956171,1604515.4
2010-12-08,HAS,30.022486,30.149086,29.781343,29.805456,1255513
2010-12-09,HAS,29.9622,29.9622,29.558283,29.793398,811132
2010-12-10,HAS,29.950144,30.028515,29.739143,29.932058,831866.5
2010-12-13,HAS,30.112915,30.112915,29.160395,29.172451,2093550
2010-12-14,HAS,29.238766,29.992344,29.238766,29.413597,1385891.2
2010-12-15,HAS,29.485939,29.540197,29.202595,29.317139,1131492.6
2010-12-16,HAS,29.383453,29.769285,29.232738,29.69694,1321199.8
2010-12-17,HAS,29.74517,29.8356,29.482925,29.805456,2363793
2010-12-20,HAS,29.82957,29.889858,29.606512,29.733112,1090466.6
2010-12-21,HAS,29.968227,29.986315,29.53417,29.70297,949804.06
2010-12-22,HAS,29.865744,29.986315,29.642683,29.91397,555849.4
2010-12-23,HAS,29.92,29.92,29.238766,29.250824,1003234.3
2010-12-27,HAS,29.208624,29.359339,29.00365,29.244795,855752.56
2010-12-28,HAS,29.341251,29.35331,28.455048,28.581648,1681906.2
2010-12-29,HAS,28.690163,29.112165,28.57562,29.08805,968548.06
2010-12-30,HAS,29.057909,29.214651,28.997622,29.112165,2991733.5
2010-12-31,HAS,29.027765,29.112165,28.280218,28.44299,1612643.2
2011-01-03,HAS,28.786621,28.786621,27.731613,28.111416,4091489.2
2011-01-04,HAS,28.081274,28.087301,27.31564,27.73764,2559627.5
2011-01-05,HAS,27.53267,28.075245,27.303583,27.8763,2371507.8
2011-01-06,HAS,27.93056,27.93056,27.35784,27.761757,2847828.2
2011-01-07,HAS,27.846157,28.039072,27.544725,27.773813,2574722.2
2011-01-10,HAS,27.719557,27.864244,27.496498,27.719557,2413822.8
2011-01-11,HAS,27.936586,28.31639,27.659271,27.725586,3942533
2011-01-12,HAS,27.852186,27.858213,27.104637,27.152868,3837699.5
2011-01-13,HAS,27.074495,27.09258,26.652493,26.917751,3689406.8
2011-01-14,HAS,25.83863,27.327698,25.645714,26.821295,11081624
2011-01-18,HAS,26.676607,26.803207,26.326946,26.556034,4540680.5
2011-01-19,HAS,26.586176,27.020237,26.53192,26.857464,3278867.8
2011-01-20,HAS,26.803207,26.984064,26.682634,26.92378,2318444.2
2011-01-21,HAS,27.128752,27.297552,26.857464,26.893637,2681877.8
2011-01-24,HAS,26.863495,26.899664,26.48972,26.821295,3221139.8
2011-01-25,HAS,26.79115,26.851437,26.411348,26.785122,2543537.5
2011-01-26,HAS,26.857464,27.116695,26.761007,27.038322,2343159.8
2011-01-27,HAS,26.990095,27.18301,26.893637,27.116695,1672358.5
2011-01-28,HAS,27.147007,27.310688,26.558964,26.619587,1812841.5
2011-01-31,HAS,26.728708,26.86208,26.5529,26.728708,2146048
2011-02-01,HAS,26.892391,26.9712,26.358908,26.589275,3894013.2
2011-02-02,HAS,26.546839,26.801455,26.122477,26.304346,3234247.8
2011-02-03,HAS,26.249784,27.10457,26.249784,27.025763,3461549
2011-02-04,HAS,27.134882,27.310688,26.940887,27.171255,1837419.6
2011-02-07,HAS,26.340721,27.777487,26.340721,27.662304,3610177.2
2011-02-08,HAS,27.638054,27.795673,27.407686,27.78355,1264865.1
2011-02-09,HAS,27.716864,27.898733,27.462246,27.589554,1724756.1
2011-02-10,HAS,27.516808,27.722925,27.395561,27.698675,1524832.2
2011-02-11,HAS,27.559244,27.73505,27.474371,27.553183,1933092.8
2011-02-14,HAS,27.44406,27.44406,27.225817,27.328876,1923439.6
2011-02-15,HAS,27.147007,27.28644,26.698397,26.825705,2734603
2011-02-16,HAS,26.9712,27.280378,26.807518,27.134882,3714593
2011-02-17,HAS,27.031824,27.983604,27.025763,27.650179,2445933.8
2011-02-18,HAS,27.595617,27.801737,27.595617,27.728989,1503883.1
2011-02-22,HAS,27.437996,27.625929,27.17732,27.292503,1713869.2
2011-02-23,HAS,27.225817,27.274317,26.5529,26.73477,2501193.2
2011-02-24,HAS,26.65596,26.874205,26.358908,26.698397,2111605.8
2011-02-25,HAS,26.728708,27.098509,26.619587,27.04395,1687476.6
2011-02-28,HAS,27.068197,27.341,26.99545,27.219755,1778531.1
2011-03-01,HAS,27.189442,27.377375,27.001513,27.013638,2203122
2011-03-02,HAS,26.874205,27.341,26.746895,27.280378,1554029.1
2011-03-03,HAS,27.437996,28.050291,27.407686,27.96542,1387920.6
2011-03-04,HAS,27.977545,28.292782,27.89267,28.244284,3062036
2011-03-07,HAS,28.426153,28.620148,28.220036,28.49284,3381881.2
2011-03-08,HAS,28.583775,28.789892,28.450403,28.692896,1923992.2
2011-03-09,HAS,28.57165,28.711082,28.365532,28.692896,1770943.2
2011-03-10,HAS,28.438278,28.65652,28.280659,28.44434,1924747.8
2011-03-11,HAS,28.323095,28.49284,28.159412,28.407967,2003503.2
2011-03-14,HAS,28.28672,28.49284,28.116976,28.298845,1582731
2011-03-15,HAS,27.874483,28.104853,27.631992,27.910858,2754618.5
2011-03-16,HAS,27.898733,28.001791,27.577433,27.65624,2125758.8
2011-03-17,HAS,28.026041,28.038166,27.698675,27.747175,1942990
2011-03-18,HAS,28.123037,28.183662,27.94117,28.056353,1835349.4
2011-03-21,HAS,28.238224,28.486778,28.147287,28.31097,1274597.5
2011-03-22,HAS,28.26247,28.31097,27.868422,27.874483,1135254.5
2011-03-23,HAS,27.862358,28.110912,27.510746,28.01998,783695.2
2011-03-24,HAS,28.092728,28.456465,27.977545,28.420092,966793.8
2011-03-25,HAS,28.432217,28.802015,28.292782,28.626211,858419.2
2011-03-28,HAS,28.638336,28.717144,28.341282,28.341282,771488.56
2011-03-29,HAS,28.353407,28.504963,28.135162,28.395842,3510380.2
2011-03-30,HAS,28.541338,28.735332,28.395842,28.674707,1565905.8
2011-03-31,HAS,28.620148,28.747456,28.383717,28.395842,1761046
2011-04-01,HAS,28.589836,28.86264,28.589836,28.729269,1893668.8
2011-04-04,HAS,28.765644,28.81414,28.504963,28.608023,1667517.2
2011-04-05,HAS,28.504963,28.583775,28.050291,28.565586,3520937.2
2011-04-06,HAS,28.608023,28.874765,28.565586,28.650457,1401281.9
2011-04-07,HAS,28.559525,28.856577,28.432217,28.668646,985928.44
2011-04-08,HAS,28.850515,28.899012,28.317032,28.395842,1781005.4
2011-04-11,HAS,28.407967,28.747456,28.353407,28.450403,1376373.9
2011-04-12,HAS,28.195786,28.407967,27.613804,27.686552,3220447.8
2011-04-13,HAS,27.747175,27.935108,27.583492,27.7593,2390928.5
2011-04-14,HAS,27.528933,27.886608,26.73477,26.916641,6781449
2011-04-15,HAS,27.110634,27.625929,26.843891,27.159132,3651580.8
2011-04-18,HAS,26.825705,27.050009,26.674147,26.86208,2124274
2011-04-19,HAS,26.910576,27.062134,26.728708,26.807518,1860513.1
2011-04-20,HAS,27.147007,27.298563,26.916641,27.225817,2905989.8
2011-04-21,HAS,27.280378,27.280378,26.940887,27.007574,2134336.2
2011-04-25,HAS,26.928762,27.686552,26.740833,27.68049,2659549
2011-04-26,HAS,27.838108,28.159412,27.70474,27.97148,2639259.8
2011-04-27,HAS,27.959356,28.086666,27.856297,28.013916,1860018.2
2011-04-28,HAS,28.038326,28.42891,28.038326,28.352573,1644733
2011-04-29,HAS,28.428848,28.636314,28.343422,28.581396,2602951
2011-05-02,HAS,28.679028,28.984123,28.605804,28.794962,2591315.2
2011-05-03,HAS,28.65462,28.770557,28.46546,28.642414,2132115.5
2011-05-04,HAS,28.563091,29.03294,28.563091,28.971918,2213401.5
2011-05-05,HAS,28.733944,29.240402,28.71564,28.862083,2024560.9
2011-05-06,HAS,29.020735,29.209894,28.752249,28.886492,1654724.9
2011-05-09,HAS,28.84988,28.94751,28.62411,28.63021,1046555.75
2011-05-10,HAS,28.5997,29.118366,28.5997,29.051245,989196.75
2011-05-11,HAS,29.051245,29.246506,28.959715,29.118366,1674315.5
2011-05-12,HAS,28.978022,29.496685,28.978022,29.490583,2133708.5
2011-05-13,HAS,29.48448,29.551601,29.26481,29.319729,1400542.6
2011-05-16,HAS,29.203793,29.350237,29.136671,29.173283,1050816.8
2011-05-17,HAS,29.03904,29.203793,28.581396,28.636314,2218562.2
2011-05-18,HAS,28.69123,29.03294,28.605804,28.990223,1096376.1
2011-05-19,HAS,28.94141,29.319729,28.874289,29.270914,1484473.6
2011-05-20,HAS,29.215996,29.215996,28.72174,28.978022,1154882.2
2011-05-23,HAS,28.569193,29.13057,28.471561,28.929205,1454460.1
2011-05-24,HAS,28.971918,28.984123,28.587498,28.685127,1659313.6
2011-05-25,HAS,28.520378,28.660723,28.288504,28.520378,1196344.6
2011-05-26,HAS,28.538683,28.538683,27.891878,28.300709,2347785.5
2011-05-27,HAS,28.441051,28.441051,27.733229,27.763739,1972821.5
2011-05-31,HAS,27.9529,28.068834,27.806452,27.910187,3932204.5
2011-06-01,HAS,27.794249,28.392237,27.653904,27.678312,4447124.5
2011-06-02,HAS,27.745434,27.910187,27.434235,27.470846,2227659.2
2011-06-03,HAS,27.257278,27.306095,26.84235,27.068121,3508731.2
2011-06-06,HAS,26.952183,27.116934,26.769125,27.062017,2703247.2
2011-06-07,HAS,27.16575,27.38542,26.52505,26.561659,2613603.2
2011-06-08,HAS,26.543354,26.586067,26.201647,26.250463,1488547.8
2011-06-09,HAS,26.329788,26.610476,26.256563,26.43352,1228303.4
2011-06-10,HAS,26.274872,26.360298,26.012487,26.036894,1342036.5
2011-06-13,HAS,26.183342,26.348093,26.0552,26.183342,1807627.6
2011-06-14,HAS,26.457928,26.775229,26.415215,26.586067,1773867.8
2011-06-15,HAS,26.366398,26.665394,26.323685,26.604372,2193244
2011-06-16,HAS,26.543354,26.84845,26.421316,26.52505,1372190.9
2011-06-17,HAS,26.763023,26.854551,26.457928,26.457928,1414964.4
2011-06-20,HAS,26.366398,26.90947,26.366398,26.891165,1109322.9
2011-06-21,HAS,26.933878,27.153547,26.799635,26.836246,1424961.1
2011-06-22,HAS,26.689802,26.927776,26.671494,26.756922,2066890.2
2011-06-23,HAS,26.494537,26.763023,26.354195,26.634884,1851089.2
2011-06-24,HAS,26.708107,26.84235,26.33589,26.451824,1158979.4
2011-06-27,HAS,26.512846,26.854551,26.50064,26.695902,1330073
2011-06-28,HAS,27.037611,27.251177,26.72031,27.226768,1728144.4
2011-06-29,HAS,27.299994,27.336603,26.933878,27.062017,1321223.4
2011-06-30,HAS,27.098629,27.214565,26.726412,26.805737,3439081.2
2011-07-01,HAS,26.87896,27.6417,26.87896,27.617292,2373515
2011-07-05,HAS,27.647802,28.074936,27.58068,28.068834,2645888.2
2011-07-06,HAS,28.056631,28.074936,27.58068,27.721025,2262894
2011-07-07,HAS,27.891878,28.032223,27.617292,27.873573,1634731.2
2011-07-08,HAS,27.537968,27.586782,26.891165,27.245077,2291245.8
2011-07-11,HAS,26.87292,26.87292,26.189442,26.293177,3802193
2011-07-12,HAS,26.226055,26.610476,26.226055,26.390806,2415469
2011-07-13,HAS,26.52505,26.579967,25.847736,25.866041,3321413.2
2011-07-14,HAS,25.98808,25.98808,25.170422,25.207035,6712806
2011-07-15,HAS,25.591454,25.85994,25.048384,25.243645,9624666
2011-07-18,HAS,25.072792,25.200932,23.983599,24.041569,11484609
2011-07-19,HAS,24.139198,24.24293,23.657146,24.047668,6263601.5
2011-07-20,HAS,24.041569,24.206318,23.901222,24.02326,2567880
2011-07-21,HAS,24.090382,24.303951,23.968344,24.078178,3099140.5
2011-07-22,HAS,24.27344,24.853123,24.200216,24.712778,4276289.5
2011-07-25,HAS,24.56023,24.88363,24.383274,24.663961,4641653.5
2011-07-26,HAS,24.731083,24.773796,24.474804,24.59074,2833698
2011-07-27,HAS,24.511414,24.633453,24.218521,24.34056,4455810
2011-07-28,HAS,24.445078,24.801674,24.285227,24.408192,2973247.8
2011-07-29,HAS,24.193005,24.481968,24.0393,24.322117,3216475
2011-08-01,HAS,24.463526,24.5065,23.996264,24.242191,3718350.5
2011-08-02,HAS,24.057747,24.07619,23.27693,23.27693,3622700.8
2011-08-03,HAS,23.326115,23.864079,23.14167,23.77493,3749075.2
2011-08-04,HAS,23.584337,23.67656,22.914188,22.914188,3672318.8
2011-08-05,HAS,23.135523,23.424484,22.367002,22.901892,4448649
2011-08-08,HAS,22.453077,22.66826,21.186556,21.211147,4937416.5
2011-08-09,HAS,21.493963,21.967371,20.793074,21.93663,6750964
2011-08-10,HAS,21.647667,22.50226,21.457075,21.825964,6750616
2011-08-11,HAS,22.004261,22.963373,21.862854,22.717447,5099575.5
2011-08-12,HAS,22.766632,23.215446,22.520706,23.024855,3359542.2
2011-08-15,HAS,23.190857,23.36915,22.957226,23.289227,2788314.5
2011-08-16,HAS,22.926485,23.461374,22.895744,23.067892,3999571.2
2011-08-17,HAS,23.264633,23.40604,22.932632,23.067892,3303753.2
2011-08-18,HAS,22.434633,22.66826,21.764484,21.961224,3219337.8
2011-08-19,HAS,21.73374,22.914188,21.629223,22.397743,4000059.2
2011-08-22,HAS,22.846558,22.895744,22.422337,22.569891,2301502
2011-08-23,HAS,22.625225,23.172411,22.336262,23.11093,3397114.5
2011-08-24,HAS,23.031002,23.485968,22.957226,23.356857,2635585.8
2011-08-25,HAS,23.522856,23.596634,22.778929,22.778929,2488704.5
2011-08-26,HAS,22.67441,22.846558,22.102633,22.637522,3290578.5
2011-08-29,HAS,22.865002,23.301523,22.748188,23.166264,3460517.2
2011-08-30,HAS,23.104782,23.57204,23.055595,23.41219,2583049.8
2011-08-31,HAS,23.541302,23.928633,23.418337,23.817968,3804716.2
2011-09-01,HAS,23.922485,23.996264,23.160114,23.184706,2401857.2
2011-09-02,HAS,22.754335,22.901892,22.397743,22.434633,1550057.5
2011-09-06,HAS,21.832111,21.998112,21.518557,21.825964,3373727
2011-09-07,HAS,22.139519,22.354706,22.059595,22.330112,2972922.5
2011-09-08,HAS,22.121075,22.520706,22.084187,22.367002,2877772
2011-09-09,HAS,22.065742,22.391594,21.869001,22.30552,3438753
2011-09-12,HAS,21.967371,22.133371,21.598482,22.004261,4931232.5
2011-09-13,HAS,21.825964,22.287077,21.703001,22.151815,3975499
2011-09-14,HAS,22.293222,23.006409,21.948927,22.785078,5724152.5
2011-09-15,HAS,22.865002,22.932632,22.151815,22.225595,3485271
2011-09-16,HAS,22.317816,22.569891,21.942778,22.145668,8075913.5
2011-09-19,HAS,21.869001,22.139519,21.684557,21.967371,2147146.8
2011-09-20,HAS,22.047298,22.11493,21.696854,21.73374,2582724.5
2011-09-21,HAS,21.696854,21.948927,21.278778,21.284925,2471881.5
2011-09-22,HAS,20.762333,21.137371,20.418036,21.03285,4993202
2011-09-23,HAS,20.959074,21.309519,20.916037,21.180408,2771398.8
2011-09-26,HAS,21.364853,21.598482,21.039001,21.567743,2997645.2
2011-09-27,HAS,21.869001,22.065742,21.432482,21.530853,3144359.2
2011-09-28,HAS,21.524704,21.653816,20.909887,20.946777,2799700
2011-09-29,HAS,20.983667,21.17426,20.577888,20.922184,3360193
2011-09-30,HAS,20.67626,20.76848,20.021479,20.049147,4076103.2
2011-10-03,HAS,19.858553,20.350405,19.655664,19.667961,3947523.2
2011-10-04,HAS,19.409737,20.06759,19.280626,19.840109,4525582.5
2011-10-05,HAS,19.815516,20.67626,19.778625,20.627073,4930581.5
2011-10-06,HAS,20.682405,20.694702,20.405739,20.60248,2381688.5
2011-10-07,HAS,20.596333,20.90374,20.411888,20.442629,3895312.5
2011-10-10,HAS,20.706999,21.37715,20.663963,21.358706,2518152.2
2011-10-11,HAS,21.131222,21.580036,20.817667,21.426332,3673782.8
2011-10-12,HAS,21.51241,21.653816,21.180408,21.420185,4346504.5
2011-10-13,HAS,21.315666,21.598482,21.06974,21.112778,3102880
2011-10-14,HAS,21.168112,21.37715,20.780777,21.364853,3212018.5
2011-10-17,HAS,20.627073,21.678408,20.190554,21.51241,5778640.5
2011-10-18,HAS,20.959074,21.500113,20.590185,21.364853,6187868.5
2011-10-19,HAS,21.395592,21.46937,20.983667,21.045147,2466429.5
2011-10-20,HAS,21.082037,21.549297,21.075888,21.487816,2719025.2
2011-10-21,HAS,21.70915,21.813667,21.278778,21.567743,3525445.8
2011-10-24,HAS,21.653816,22.692854,21.592333,22.67441,3992414.8
2011-10-25,HAS,22.625225,22.692854,22.145668,22.182558,2821983
2011-10-26,HAS,22.453077,23.024855,22.145668,22.852705,3933047.2
2011-10-27,HAS,23.393744,24.100784,23.338411,23.84871,4260137
2011-10-28,HAS,23.873493,23.99122,23.253885,23.588474,3622129.2
2011-10-31,HAS,23.48314,23.842512,23.297256,23.58228,3529005.8
2011-11-01,HAS,22.987453,23.76816,22.770592,23.489336,4071929.8
2011-11-02,HAS,23.749573,23.916864,23.489336,23.867298,3205414.2
2011-11-03,HAS,24.009808,24.177101,23.514122,24.127531,2590832
2011-11-04,HAS,24.016003,24.158514,23.58228,23.954042,1707531.4
2011-11-07,HAS,23.91067,24.170904,23.662827,23.978827,1663309.9
2011-11-08,HAS,24.003613,24.146122,23.743376,24.127531,1531775.1
2011-11-09,HAS,23.669024,23.761963,22.132397,22.58471,5366619.5
2011-11-10,HAS,22.776787,23.02463,22.436003,22.770592,2731566
2011-11-11,HAS,23.05561,23.284866,22.869728,23.148552,1562923.9
2011-11-14,HAS,23.129965,23.185728,22.733414,22.832552,1073582.1
2011-11-15,HAS,22.733414,23.191925,22.640474,23.068003,1155408.1
2011-11-16,HAS,22.987453,23.02463,22.4422,22.485573,1948974.4
2011-11-17,HAS,22.516552,22.528944,21.865965,21.946512,2034835.1
2011-11-18,HAS,22.144789,22.417416,21.965101,22.324472,1658306.8
2011-11-21,HAS,22.181963,22.181963,21.50659,21.742043,2213173.8
2011-11-22,HAS,21.804003,21.847374,21.419846,21.630512,1634743.5
2011-11-23,HAS,21.531376,21.549963,21.153414,21.227766,1764180.1
2011-11-25,HAS,21.308315,21.47561,21.153414,21.15961,469974.62
2011-11-28,HAS,21.766827,22.243925,21.531376,21.748238,1681385.9
2011-11-29,HAS,21.85357,22.002275,21.53757,21.543768,1464121
2011-11-30,HAS,22.138592,22.293493,22.002275,22.18816,2172664.2
2011-12-01,HAS,22.25012,22.36165,21.90314,21.934122,1906366.9
2011-12-02,HAS,22.163376,22.597101,22.027061,22.33067,1764664.4
2011-12-05,HAS,22.603296,22.937885,22.479374,22.789179,1953816.2
2011-12-06,HAS,22.863533,23.142355,22.528944,23.006042,2014177
2011-12-07,HAS,22.94408,23.049416,22.615688,22.94408,2008689.6
2011-12-08,HAS,22.832552,23.123768,22.53514,22.56612,2334379.5
2011-12-09,HAS,22.615688,22.919298,22.516552,22.776787,1328582.1
2011-12-12,HAS,22.931688,22.931688,22.398827,22.53514,1367154.9
2011-12-13,HAS,22.683847,22.690042,21.512789,21.568552,2439115
2011-12-14,HAS,21.624317,21.624317,20.942747,20.973728,2408942.8
2011-12-15,HAS,21.06667,21.333101,20.67012,21.252552,3002866.8
2011-12-16,HAS,21.395061,21.488003,20.942747,21.079062,4266569
2011-12-19,HAS,20.831219,20.849808,20.248787,20.310747,3120683.2
2011-12-20,HAS,20.496632,20.639141,20.199217,20.304552,4348233.5
2011-12-21,HAS,20.347925,20.570984,20.14965,20.552393,2521917.5
2011-12-22,HAS,20.47804,20.533806,19.908003,19.92659,3450085
2011-12-23,HAS,20.013336,20.205416,19.889414,20.093885,1630063.1
2011-12-27,HAS,20.106277,20.112473,19.765493,19.914198,2414914.2
2011-12-28,HAS,20.019533,20.019533,19.523846,19.61059,1388297.2
2011-12-29,HAS,19.72212,19.932785,19.653963,19.852238,1477063.1
2011-12-30,HAS,19.914198,19.920395,19.697336,19.759296,2213980.8
2012-01-03,HAS,19.98855,20.174435,19.839846,19.914198,4347749.5
2012-01-04,HAS,19.951376,20.18063,19.889414,20.18063,2837923.8
2012-01-05,HAS,20.124865,20.411434,20.075298,20.224003,4636653
2012-01-06,HAS,20.254982,20.29216,19.61059,19.765493,5011879
2012-01-09,HAS,19.864632,20.193022,19.833649,20.124865,4640031
2012-01-10,HAS,20.32314,20.47804,20.224003,20.391296,3034661
2012-01-11,HAS,20.403688,20.62055,20.261179,20.601963,2958968
2012-01-12,HAS,20.682512,20.694906,20.254982,20.502827,2877626.2
2012-01-13,HAS,20.335531,20.663923,20.131063,20.254982,3595661
2012-01-17,HAS,20.186827,20.738277,20.18063,20.509022,6954398
2012-01-18,HAS,20.378904,20.564787,20.174435,20.490435,4805135.5
2012-01-19,HAS,20.570984,20.589571,20.007141,20.29216,6092239.5
2012-01-20,HAS,20.316944,20.397491,20.11867,20.29216,2966876.2
2012-01-23,HAS,20.378904,21.054277,20.35412,20.992317,3705085
2012-01-24,HAS,20.979925,21.295923,20.948944,21.233963,3478812.8
2012-01-25,HAS,21.227766,21.773022,21.029491,21.692472,3461705.2
2012-01-26,HAS,21.8102,21.934122,21.518984,21.624317,2997379.2
2012-01-27,HAS,21.593336,21.816395,21.50659,21.723455,2875044
2012-01-30,HAS,21.623459,21.635958,21.32348,21.535965,3841016
2012-01-31,HAS,21.74845,22.110926,21.704704,21.817196,3468407
2012-02-01,HAS,22.004683,22.254665,21.754702,21.810947,3517210.5
2012-02-02,HAS,21.873442,22.154673,21.792196,21.960936,2999253.8
2012-02-03,HAS,22.335909,22.569454,22.242165,22.410904,3034093
2012-02-06,HAS,21.992182,23.067106,21.585962,22.910868,6506543.5
2012-02-07,HAS,22.935867,22.935867,22.679634,22.75463,2969331.5
2012-02-08,HAS,22.760878,22.842123,22.32341,22.329659,3302534.5
2012-02-09,HAS,22.49215,23.042109,22.360907,22.86712,4891825.5
2012-02-10,HAS,22.692135,23.17335,22.498398,23.02336,3893877.5
2012-02-13,HAS,23.123352,23.517075,22.842123,22.935867,3776589
2012-02-14,HAS,22.929615,23.098354,22.723381,22.860872,3924439.5
2012-02-15,HAS,22.479649,22.735882,21.598461,22.17342,4094213.2
2012-02-16,HAS,22.223417,22.554644,22.110926,22.45465,2513299
2012-02-17,HAS,22.673384,22.767128,22.392157,22.61089,1868293.1
2012-02-21,HAS,22.767128,22.767128,22.19842,22.279663,1753885
2012-02-22,HAS,22.167171,22.273413,21.529716,21.573463,3979483.5
2012-02-23,HAS,21.560965,22.023432,21.560965,21.935936,2079668.1
2012-02-24,HAS,22.010933,22.160921,21.723452,21.785948,3024695.5
2012-02-27,HAS,21.717203,22.229666,21.604712,22.110926,2538260.8
2012-02-28,HAS,22.204668,22.417152,21.848442,22.035929,1852612
2012-02-29,HAS,22.117174,22.260914,21.873442,22.073427,2762916.8
2012-03-01,HAS,22.285912,22.31716,22.017181,22.123425,2082388.4
2012-03-02,HAS,22.142172,22.17967,21.898441,22.004683,1980941.1
2012-03-05,HAS,22.017181,22.342157,21.942186,22.279663,2164314.2
2012-03-06,HAS,22.135921,22.235916,21.585962,21.654709,2945649.8
2012-03-07,HAS,21.779697,21.779697,21.504717,21.610962,1745244.4
2012-03-08,HAS,21.835943,21.842194,21.510967,21.785948,1719642.5
2012-03-09,HAS,21.892189,22.02968,21.798449,21.985933,1052875
2012-03-12,HAS,22.02968,22.29216,22.010933,22.129673,1380578.4
2012-03-13,HAS,22.254665,22.335909,22.05468,22.298412,1105117.1
2012-03-14,HAS,22.32341,22.354658,22.04218,22.160921,1138641.1
2012-03-15,HAS,22.248413,22.31716,21.73595,22.192167,1674199.2
2012-03-16,HAS,22.273413,22.348406,21.979683,22.154673,2395210.8
2012-03-19,HAS,22.129673,22.773376,22.085926,22.71713,2364808.5
2012-03-20,HAS,22.617138,22.629637,22.335909,22.517145,1426981.6
2012-03-21,HAS,22.617138,22.704634,22.329659,22.335909,1555312.4
2012-03-22,HAS,22.17967,22.485897,22.167171,22.45465,1285051.5
2012-03-23,HAS,22.510897,22.75463,22.379656,22.735882,1403140
2012-03-26,HAS,22.86712,23.354586,22.854622,23.185846,2091989
2012-03-27,HAS,23.198347,23.560822,23.135853,23.335838,2394090.5
2012-03-28,HAS,23.242094,23.348337,23.004612,23.260843,2862604
2012-03-29,HAS,23.210846,23.29834,23.073355,23.210846,2907087
2012-03-30,HAS,23.429583,23.429583,22.942116,22.948366,1932297.6
2012-04-02,HAS,23.03586,23.467077,22.954615,23.30459,1824450
2012-04-03,HAS,23.342087,23.44833,23.16085,23.335838,1788287.4
2012-04-04,HAS,23.204597,23.273342,23.060858,23.092106,2340326.8
2012-04-05,HAS,22.998362,23.185846,22.967113,23.123352,1423941.5
2012-04-09,HAS,22.885868,22.885868,22.485897,22.60464,1981101.1
2012-04-10,HAS,22.60464,22.635887,22.135921,22.223417,2828681.5
2012-04-11,HAS,22.44215,22.623388,22.373405,22.517145,1380258.4
2012-04-12,HAS,22.498398,22.792128,22.498398,22.660885,1450663.4
2012-04-13,HAS,22.579641,22.735882,22.435902,22.61089,6292608.5
2012-04-16,HAS,22.248413,22.548395,21.867193,22.348406,10264091
2012-04-17,HAS,22.560892,22.917116,22.498398,22.86712,1603634.2
2012-04-18,HAS,22.917116,22.917116,22.567142,22.704634,2835402
2012-04-19,HAS,22.74213,22.798376,22.30466,22.360907,2470896
2012-04-20,HAS,22.567142,22.74838,22.379656,22.448399,3333517.5
2012-04-23,HAS,22.17967,22.185919,21.129745,21.273485,8562210
2012-04-24,HAS,21.223488,22.117174,21.223488,21.954687,5282936.5
2012-04-25,HAS,22.204668,22.360907,21.998434,22.267164,3107741.5
2012-04-26,HAS,22.417152,22.86712,22.217167,22.804626,4492000
2012-04-27,HAS,22.867744,23.19596,22.810938,23.151775,2470668.8
2012-04-30,HAS,23.1644,23.265388,22.987667,23.189648,2293631.2
2012-05-01,HAS,23.284325,23.492615,23.094969,23.278013,2766236.2
2012-05-02,HAS,23.233831,23.423185,23.038162,23.379002,2037920.8
2012-05-03,HAS,23.353754,23.50524,23.189648,23.341131,1734046.6
2012-05-04,HAS,22.836185,23.113905,22.722572,22.779379,4744903
2012-05-07,HAS,22.892992,23.391626,22.760443,22.943485,4598669.5
2012-05-08,HAS,22.779379,22.848808,22.306684,22.678389,2529282.5
2012-05-09,HAS,22.571087,22.571087,22.173443,22.305992,1904678.8
2012-05-10,HAS,22.539528,22.640518,22.217627,22.394356,2170212
2012-05-11,HAS,22.350174,22.722572,22.249186,22.520594,2002590.2
2012-05-14,HAS,22.261808,22.432228,22.091389,22.154507,2147081
2012-05-15,HAS,22.186068,23.120218,22.148195,22.722572,3697187
2012-05-16,HAS,22.949799,23.069721,22.722572,22.81725,2404534.2
2012-05-17,HAS,22.82356,22.905615,21.920969,21.920969,1934147.2
2012-05-18,HAS,21.933594,22.078766,21.548573,21.612322,2322995.2
2012-05-21,HAS,21.700056,21.737926,21.09412,21.718992,2471076
2012-05-22,HAS,21.788422,21.876787,21.618002,21.756863,1786171
2012-05-23,HAS,21.618002,21.895721,21.47283,21.870476,1593531
2012-05-24,HAS,21.68112,22.02196,21.586443,21.832605,5127993.5
2012-05-25,HAS,21.946218,22.141886,21.782108,22.034582,1698874.6
2012-05-29,HAS,22.29968,22.621582,22.173443,22.419605,2542687.5
2012-05-30,HAS,22.29968,22.40067,22.173443,22.274433,2488820.5
2012-05-31,HAS,22.29968,22.552153,22.141886,22.356485,3412325
2012-06-01,HAS,22.05983,22.324926,21.91466,22.066141,2809013
2012-06-04,HAS,22.02196,22.192379,21.554886,21.801046,3153445.8
2012-06-05,HAS,21.75055,21.952528,21.68112,21.75055,2748967
2012-06-06,HAS,21.984089,22.072454,21.826294,22.015648,2626815.2
2012-06-07,HAS,22.274433,22.388046,21.958841,22.009335,1489426.5
2012-06-08,HAS,22.078766,22.078766,21.731615,21.775799,3160417
2012-06-11,HAS,21.946218,21.971466,21.340282,21.371841,2174173
2012-06-12,HAS,21.60538,21.693743,21.302412,21.662186,1549472.5
2012-06-13,HAS,21.630627,21.674809,21.302412,21.365528,2286977
2012-06-14,HAS,21.460207,21.674809,21.346594,21.49808,2927203.8
2012-06-15,HAS,21.523325,21.832605,21.409712,21.775799,3858882
2012-06-18,HAS,21.68112,21.775799,21.529636,21.74424,1356501.4
2012-06-19,HAS,21.927282,22.198689,21.794733,21.952528,1714084.1
2012-06-20,HAS,22.034582,22.034582,21.636936,21.801046,2030157.5
2012-06-21,HAS,21.927282,22.028273,21.359217,21.428648,2329754
2012-06-22,HAS,21.611692,21.693743,21.176174,21.378153,2259511.2
2012-06-25,HAS,21.289787,21.289787,20.854273,20.930014,2107155.8
2012-06-26,HAS,20.999443,21.302412,20.778528,20.81009,2211087.8
2012-06-27,HAS,20.46925,20.866896,20.330389,20.368261,7223900.5
2012-06-28,HAS,20.311455,20.91108,20.197842,20.84796,3458587.2
2012-06-29,HAS,21.23298,21.428648,21.169863,21.378153,2109215.5
2012-07-02,HAS,21.554886,21.731615,21.33397,21.542261,1879646.4
2012-07-03,HAS,21.548573,21.655874,21.169863,21.371841,1358402.6
2012-07-05,HAS,21.43496,21.769487,21.33397,21.693743,1778091
2012-07-06,HAS,21.611692,21.611692,21.214046,21.567507,1449659.9
2012-07-09,HAS,21.58013,21.718992,21.214046,21.447582,1874895
2012-07-10,HAS,21.567507,21.567507,20.999443,21.245605,2113810
2012-07-11,HAS,21.32766,21.384466,20.88583,21.131992,1744027.9
2012-07-12,HAS,21.005754,21.0815,20.71541,20.753283,2416099.8
2012-07-13,HAS,20.683853,20.841648,20.462936,20.772217,3502156.5
2012-07-16,HAS,20.721724,20.791153,20.380886,20.418755,2134406.2
2012-07-17,HAS,20.829023,21.315035,20.601799,20.99313,4400787
2012-07-18,HAS,20.923702,21.258228,20.84796,20.999443,2394711.2
2012-07-19,HAS,21.144615,21.384466,20.980509,21.283476,5152075
2012-07-20,HAS,21.182487,21.517014,21.043627,21.359217,7406893.5
2012-07-23,HAS,22.091389,23.012915,21.91466,22.211313,11136781
2012-07-24,HAS,22.33124,22.596334,21.920969,22.066141,3472846.2
2012-07-25,HAS,22.167131,22.205002,21.81367,21.908346,2500227.5
2012-07-26,HAS,22.154507,22.35333,21.933594,22.29968,2203959.8
2012-07-27,HAS,22.413292,22.956108,22.375422,22.886679,3210957
2012-07-30,HAS,22.91218,23.18631,22.68905,23.14806,2524188
2012-07-31,HAS,23.269186,23.313812,22.791054,22.835678,1839181.1
2012-08-01,HAS,23.052433,23.058807,22.727303,22.746428,1804672
2012-08-02,HAS,22.727303,22.771929,22.319292,22.542423,2094392
2012-08-03,HAS,22.89943,23.14806,22.695425,22.995056,1904593.2
2012-08-06,HAS,23.09706,23.352064,23.014181,23.243687,2301447
2012-08-07,HAS,23.441315,23.58157,23.294687,23.46044,2053608.5
2012-08-08,HAS,23.47319,23.632568,23.332937,23.613443,1622244
2012-08-09,HAS,23.626194,24.423084,23.543318,23.823822,2588814.2
2012-08-10,HAS,23.830198,23.97045,23.320189,23.94495,1807652.4
2012-08-13,HAS,24.085201,24.155329,23.721819,23.9577,1557461
2012-08-14,HAS,24.078827,24.212704,23.893948,23.99595,1261152.8
2012-08-15,HAS,23.976826,24.225454,23.919449,24.046951,1706320.9
2012-08-16,HAS,24.085201,24.423084,24.008701,24.378458,2190860.8
2012-08-17,HAS,24.416708,24.607962,24.20633,24.378458,1686870.2
2012-08-20,HAS,24.423084,24.423084,24.078827,24.301956,1852043.6
2012-08-21,HAS,24.416708,24.429459,24.117079,24.21908,1183193.5
2012-08-22,HAS,24.250956,24.250956,23.9832,24.066076,975197.4
2012-08-23,HAS,24.002327,24.053326,23.677195,23.772821,1466011.8
2012-08-24,HAS,23.632568,23.900324,23.56244,23.900324,2389759
2012-08-27,HAS,24.021452,24.225454,23.94495,24.015074,1672439.2
2012-08-28,HAS,23.925823,24.053326,23.766445,23.906698,1876827.5
2012-08-29,HAS,23.862074,24.059702,23.753695,23.906698,1894709.5
2012-08-30,HAS,23.881197,23.964075,23.600693,23.842949,1849533.9
2012-08-31,HAS,24.002327,24.142578,23.823822,23.913073,1176605.4
2012-09-04,HAS,23.893948,23.925823,23.479567,23.715446,1980825.5
2012-09-05,HAS,23.651693,23.740948,23.428564,23.67082,1243270.8
2012-09-06,HAS,23.798323,24.321083,23.798323,24.19358,1801064.2
2012-09-07,HAS,24.282831,24.54421,23.964075,23.99595,1348210
2012-09-10,HAS,23.913073,24.238205,23.798323,24.129827,1904748.5
2012-09-11,HAS,24.27008,24.601587,23.94495,24.582462,2026001.1
2012-09-12,HAS,24.665337,24.850216,24.46771,24.773716,2553834.5
2012-09-13,HAS,24.799217,24.990469,24.563335,24.907593,1590401.5
2012-09-14,HAS,24.971342,25.487728,24.850216,25.474977,2697988.5
2012-09-17,HAS,24.799217,25.05422,24.690838,24.837465,2840574
2012-09-18,HAS,24.907593,25.009594,24.614338,24.658962,1175193.6
2012-09-19,HAS,24.231829,24.54421,23.94495,24.480461,1520598.9
2012-09-20,HAS,24.46771,24.54421,24.161705,24.352957,1643577
2012-09-21,HAS,24.435835,24.595213,24.187202,24.231829,1572048.9
2012-09-24,HAS,24.21908,24.499584,24.117079,24.289206,1420522.4
2012-09-25,HAS,24.250956,24.289206,23.906698,23.925823,1520598.9
2012-09-26,HAS,24.104328,24.199953,23.728197,23.785572,1431816.2
2012-09-27,HAS,23.906698,24.034203,23.785572,24.002327,1245310
2012-09-28,HAS,23.9832,24.403957,23.887575,24.33383,1885768.5
2012-10-01,HAS,24.308332,24.321083,23.989576,24.16808,2565912.5
2012-10-02,HAS,24.18083,24.34658,24.078827,24.097952,2219880
2012-10-03,HAS,24.187202,24.276457,23.715446,23.849323,1807809.2
2012-10-04,HAS,24.015074,24.225454,23.772821,23.881197,1734085.1
2012-10-05,HAS,23.99595,24.19358,23.913073,24.07245,1673223.5
2012-10-08,HAS,24.066076,24.391207,24.027824,24.365707,1078724.9
2012-10-09,HAS,24.378458,24.45496,23.887575,23.951324,1394483.6
2012-10-10,HAS,23.94495,24.046951,23.728197,23.791946,1347268.9
2012-10-11,HAS,24.027824,24.24458,23.913073,24.104328,1255192.1
2012-10-12,HAS,24.199953,25.117973,24.136204,25.05422,3959612
2012-10-15,HAS,24.301956,24.435835,23.976826,24.066076,5941378.5
2012-10-16,HAS,24.46771,24.601587,24.18083,24.46771,2760575.5
2012-10-17,HAS,24.601587,25.111595,24.384832,24.837465,2777202.8
2012-10-18,HAS,24.945845,25.05422,24.684464,24.894842,2211527
2012-10-19,HAS,24.933094,25.162598,24.44221,24.894842,5582797
2012-10-22,HAS,25.06697,25.474977,24.07245,24.474085,6156276.5
2012-10-23,HAS,24.295582,24.384832,23.434938,23.44769,4028473.5
2012-10-24,HAS,23.479567,23.785572,23.294687,23.492315,2476502.5
2012-10-25,HAS,23.728197,23.868446,23.294687,23.313812,2583637.8
2012-10-26,HAS,23.422192,23.466816,23.039682,23.17356,3438366.8
2012-10-31,HAS,23.823887,23.849644,23.141363,23.17356,3344832
2012-11-01,HAS,23.720865,23.720865,23.089853,23.392483,4065764
2012-11-02,HAS,23.58565,23.643599,22.838737,22.909565,3267334.2
2012-11-05,HAS,23.044783,23.39892,23.006147,23.289457,2177084
2012-11-06,HAS,24.184465,24.892742,23.662914,24.33256,11267007
2012-11-07,HAS,24.15227,24.229538,23.791693,23.959103,2645177
2012-11-08,HAS,23.843203,24.197344,23.778814,23.98486,2668939
2012-11-09,HAS,23.856081,24.26817,23.843203,23.965544,1831527.4
2012-11-12,HAS,24.094318,24.223097,23.70155,23.791693,1501035.5
2012-11-13,HAS,23.81745,24.15227,23.791693,23.811008,1589404.8
2012-11-14,HAS,23.811008,23.971981,23.418236,23.489065,1685228.8
2012-11-15,HAS,23.437555,23.669352,23.225069,23.39892,1806212.4
2012-11-16,HAS,23.45043,23.785252,23.257263,23.469748,1648265.9
2012-11-19,HAS,23.91403,24.242416,23.675793,24.075003,1772976.9
2012-11-20,HAS,23.98486,24.132954,23.765936,23.991297,2157826
2012-11-21,HAS,24.107197,24.300365,23.952665,24.261732,1713339.2
2012-11-23,HAS,24.345438,24.628748,24.300365,24.628748,828559.2
2012-11-26,HAS,24.628748,24.783281,24.532164,24.67382,1102674.9
2012-11-27,HAS,24.699575,24.918499,24.609432,24.660942,1558654.1
2012-11-28,HAS,24.474213,24.828354,24.467775,24.815475,1455064.9
2012-11-29,HAS,24.783281,25.02152,24.519287,24.854109,1526971.6
2012-11-30,HAS,24.918499,25.118103,24.648064,24.763964,2592062.2
2012-12-03,HAS,24.854109,25.040836,24.178024,24.274609,2082657.6
2012-12-04,HAS,24.26817,24.351875,23.598526,24.02993,2485522.2
2012-12-05,HAS,23.920471,24.010614,23.58565,23.823887,2884504.2
2012-12-06,HAS,23.830324,24.036371,23.81745,23.965544,1573563.5
2012-12-07,HAS,23.991297,24.145832,23.669352,24.120075,1697187.4
2012-12-10,HAS,24.132954,24.229538,23.856081,24.210218,1571389.2
2012-12-11,HAS,24.281048,24.699575,24.02993,24.474213,1891320.2
2012-12-12,HAS,24.512848,24.62231,24.261732,24.319681,2373391
2012-12-13,HAS,24.365189,24.618721,24.079153,24.183167,1555181
2012-12-14,HAS,24.202667,24.254675,23.942635,24.033648,1887599
2012-12-17,HAS,24.033648,24.163662,23.767113,23.890627,2557203.8
2012-12-18,HAS,24.00114,24.124659,23.825619,23.871126,2915618.2
2012-12-19,HAS,23.97514,24.098654,23.760609,23.773611,2648730.2
2012-12-20,HAS,23.897127,23.949135,23.487576,23.793114,1958820.5
2012-12-21,HAS,23.617592,23.708605,23.383562,23.429068,3110669.8
2012-12-24,HAS,23.59809,23.97514,23.162533,23.331554,1056938.5
2012-12-26,HAS,23.29255,23.383562,22.928501,23.006512,1971126.6
2012-12-27,HAS,23.039015,23.169033,22.694471,23.117027,1819300.2
2012-12-28,HAS,23.08452,23.143028,22.791985,22.954506,2769329.8
2012-12-31,HAS,22.882996,23.351055,22.778982,23.338057,1648707.2
2013-01-02,HAS,23.643595,23.650097,22.948004,23.286047,3785504.5
2013-01-03,HAS,23.14953,23.520079,23.07802,23.481073,3493542.8
2013-01-04,HAS,23.585087,23.6891,23.175535,23.234043,3428628
2013-01-07,HAS,23.15603,23.240541,22.752977,22.980507,3650137.5
2013-01-08,HAS,22.921999,23.071522,22.759478,23.000011,4543097.5
2013-01-09,HAS,23.143028,23.416065,23.05852,23.195036,2658575
2013-01-10,HAS,23.39006,24.280678,23.195036,24.098654,8549342
2013-01-11,HAS,24.157162,24.157162,23.669598,23.981638,4160070.8
2013-01-14,HAS,23.942635,23.981638,23.37706,23.767113,2755024
2013-01-15,HAS,23.806116,24.241674,23.656595,24.189665,3065752.5
2013-01-16,HAS,24.189665,24.625223,24.053148,24.423697,3142973.2
2013-01-17,HAS,24.625223,24.898258,24.449701,24.664227,2687340.5
2013-01-18,HAS,24.800747,25.418325,24.677229,25.359818,4887821.5
2013-01-22,HAS,25.385822,25.418325,25.15179,25.268806,2522900.5
2013-01-23,HAS,25.288311,25.35332,24.703234,24.781242,3646907.2
2013-01-24,HAS,24.83325,25.177795,24.813747,24.995771,2882545.8
2013-01-25,HAS,24.326183,24.482204,23.793114,24.254675,11262987
2013-01-28,HAS,24.228672,24.228672,24.059649,24.06615,4679233.5
2013-01-29,HAS,24.040146,24.228672,23.92313,24.196167,1704546.1
2013-01-30,HAS,24.280678,24.352186,24.163662,24.20917,3924563.2
2013-01-31,HAS,24.189665,24.332685,24.07265,24.293678,2691493.8
2013-02-01,HAS,24.501707,24.52121,24.196167,24.475704,2392609.8
2013-02-04,HAS,24.332685,24.4562,24.21567,24.332685,2121414.5
2013-02-05,HAS,24.52771,24.742239,24.475704,24.631723,1623633.6
2013-02-06,HAS,24.573215,24.885256,24.52121,24.813747,2317542.8
2013-02-07,HAS,25.346819,25.346819,24.644726,25.171295,2781236
2013-02-08,HAS,25.262306,25.89939,25.194048,25.89939,4080759.8
2013-02-11,HAS,26.029408,26.087915,25.613354,25.801876,5090256.5
2013-02-12,HAS,25.866886,26.016405,25.795376,25.931894,3394325
2013-02-13,HAS,26.152924,26.36095,25.957897,26.276438,3601682.2
2013-02-14,HAS,26.159426,26.620985,26.146423,26.57548,3325718.5
2013-02-15,HAS,26.64699,26.653488,26.28294,26.347948,2961150.8
2013-02-19,HAS,26.477966,26.607983,26.211432,26.59498,2691186.2
2013-02-20,HAS,26.679493,27.017538,26.536472,26.731499,2196020.2
2013-02-21,HAS,27.056541,27.056541,26.490967,26.731499,2522439
2013-02-22,HAS,26.881018,26.965528,26.555975,26.738,1791919.2
2013-02-25,HAS,26.868017,26.97203,26.06191,26.074913,3697823.5
2013-02-26,HAS,26.094416,26.276438,25.996904,26.035908,2246629
2013-02-27,HAS,26.009903,26.406456,25.996904,26.341448,2330771.8
2013-02-28,HAS,26.28294,26.445461,26.003403,26.016405,2299083.8
2013-03-01,HAS,26.06841,26.28294,25.925394,26.074913,3314489.2
2013-03-04,HAS,26.009903,26.230932,26.009903,26.055412,2204942
2013-03-05,HAS,26.191929,26.549475,26.191929,26.458464,1586869.1
2013-03-06,HAS,26.458464,26.926523,26.458464,26.620985,2559818.8
2013-03-07,HAS,26.59498,26.95903,26.58198,26.692495,1431043.4
2013-03-08,HAS,26.848515,27.141052,26.698994,27.089045,1197843.2
2013-03-11,HAS,27.095547,27.485598,26.900522,27.485598,2244475.5
2013-03-12,HAS,27.336077,27.446594,27.102047,27.401087,1551181.5
2013-03-13,HAS,27.011036,27.290571,26.848515,27.18006,1842374.2
2013-03-14,HAS,27.303574,27.5116,27.160555,27.453093,1400278.2
2013-03-15,HAS,27.329578,27.73913,27.329578,27.550608,1956513.1
2013-03-18,HAS,27.34258,27.544106,27.173557,27.446594,980179.4
2013-03-19,HAS,27.570108,27.596113,27.024036,27.19306,1480883
2013-03-20,HAS,27.316576,27.550608,27.316576,27.459595,1123545.2
2013-03-21,HAS,27.42709,28.005667,27.316576,27.882149,1772844.9
2013-03-22,HAS,27.908154,28.551737,27.817142,28.499731,2784097
2013-03-25,HAS,28.584242,28.694756,28.207191,28.389215,2116953.8
2013-03-26,HAS,28.369713,28.512733,28.246199,28.49323,1515801.6
2013-03-27,HAS,28.42822,28.57124,28.317707,28.389215,1015867
2013-03-28,HAS,28.486729,28.603745,28.350212,28.564737,1527492.4
2013-04-01,HAS,28.603745,28.623245,28.220194,28.317707,1507495
2013-04-02,HAS,28.363213,28.363213,28.083677,28.207191,1548566.5
2013-04-03,HAS,28.233196,28.350212,27.901651,27.97316,2298468.2
2013-04-04,HAS,28.103178,28.402216,27.940657,28.252697,1591791.6
2013-04-05,HAS,27.869146,28.174688,27.674122,28.168188,2803171.5
2013-04-08,HAS,28.168188,28.207191,27.979664,28.11618,1730235
2013-04-09,HAS,28.11618,28.610243,28.005667,28.545237,1323365.2
2013-04-10,HAS,28.623245,29.091309,28.473726,29.065304,2623656.5
2013-04-11,HAS,29.143316,29.605005,29.071806,29.296083,2240794.2
2013-04-12,HAS,29.143316,29.318836,28.818274,29.195322,1097087.1
2013-04-15,HAS,29.0263,29.27333,28.395718,28.473726,1292138.5
2013-04-16,HAS,28.551737,28.850777,28.467226,28.818274,1113238.9
2013-04-17,HAS,28.837774,28.857277,28.174688,28.434723,1770383.6
2013-04-18,HAS,28.415218,28.974293,28.252697,28.824774,2071421.1
2013-04-19,HAS,28.837774,29.331839,28.636248,29.26683,2144027
2013-04-22,HAS,30.150948,31.503122,29.812902,30.261461,7999414.5
2013-04-23,HAS,30.553999,31.070816,30.202953,31.048063,2876765
2013-04-24,HAS,30.879042,31.00906,30.365475,30.736023,3336640
2013-04-25,HAS,30.827034,31.464119,30.72302,31.048063,1984970.9
2013-04-26,HAS,31.080568,31.16508,30.729523,30.729523,2078189.5
2013-04-29,HAS,30.827866,31.260584,30.74919,31.240915,1897707.9
2013-04-30,HAS,31.273697,31.293364,30.952435,31.057337,1764554.1
2013-05-01,HAS,31.142569,31.299923,30.598392,30.847534,2077991.8
2013-05-02,HAS,30.847534,31.17535,30.631176,30.690184,1891454.4
2013-05-03,HAS,30.880314,31.07045,30.788527,30.958992,1577711.9
2013-05-06,HAS,31.083563,31.10323,30.709852,30.9131,1858814.2
2013-05-07,HAS,30.840979,31.155682,30.814753,31.116343,2418578.5
2013-05-08,HAS,31.116343,31.28681,31.077007,31.208132,1707205
2013-05-09,HAS,31.273697,31.398266,31.090117,31.201576,1542783.8
2013-05-10,HAS,31.063894,31.411379,31.057337,31.149124,1804973.1
2013-05-13,HAS,31.129456,31.299923,30.958992,31.116343,1872999
2013-05-14,HAS,31.07045,31.227802,30.821308,31.149124,2860136.5
2013-05-15,HAS,31.17535,31.326145,31.057337,31.21469,2183541.5
2013-05-16,HAS,31.227802,31.39171,30.90654,30.952435,1616910.6
2013-05-17,HAS,31.031113,31.431047,31.031113,31.411379,1422442
2013-05-20,HAS,31.431047,31.450718,31.201576,31.273697,1122426.6
2013-05-21,HAS,31.404823,31.942442,31.332703,31.771976,2581017
2013-05-22,HAS,31.73264,32.10635,31.011442,31.129456,2286797.5
2013-05-23,HAS,30.854092,30.952435,30.486937,30.795084,2064722.1
2013-05-24,HAS,30.526276,31.260584,30.401703,30.919653,2013321.4
2013-05-28,HAS,31.227802,31.470387,30.572168,30.631176,1415883.5
2013-05-29,HAS,30.454155,30.611506,28.992094,29.142889,6776199
2013-05-30,HAS,29.10355,29.58216,29.037987,29.39203,1891149.4
2013-05-31,HAS,29.149445,29.5166,29.136332,29.162558,1996749.6
2013-06-03,HAS,29.483818,29.490374,28.913416,29.378918,1627587.2
2013-06-04,HAS,29.359247,29.490374,28.939642,29.280571,2336825.5
2013-06-05,HAS,29.142889,29.260902,28.887192,28.913416,990340.56
2013-06-06,HAS,28.95931,29.018316,28.49381,28.965868,1878390.8
2013-06-07,HAS,29.044542,29.529713,28.933086,29.503487,1483451.8
2013-06-10,HAS,29.496931,29.58216,29.182224,29.234676,1803600.4
2013-06-11,HAS,29.057655,29.411697,28.697058,29.306797,1836393.1
2013-06-12,HAS,29.437923,29.496931,28.716726,28.723284,1465759
2013-06-13,HAS,28.775734,29.136332,28.670832,29.057655,1221567.5
2013-06-14,HAS,29.10355,29.267458,28.847853,28.90686,1211348.4
2013-06-17,HAS,29.005207,29.444479,28.926529,29.0511,1522803.1
2013-06-18,HAS,29.096994,29.418253,29.090437,29.333023,1035792.8
2013-06-19,HAS,29.228123,29.719847,29.228123,29.42481,1849510.2
2013-06-20,HAS,29.142889,29.20845,28.670832,28.723284,1704342.1
2013-06-21,HAS,28.939642,29.201897,28.749508,29.070768,2884540.5
2013-06-24,HAS,28.95931,28.985537,28.644606,28.749508,1450506.5
2013-06-25,HAS,28.880634,29.018316,28.611826,28.83474,1885353.5
2013-06-26,HAS,29.142889,29.234676,28.716726,28.933086,1786162.2
2013-06-27,HAS,29.011763,29.333023,28.952755,29.260902,1178250.6
2013-06-28,HAS,29.30024,29.66084,29.083881,29.39203,2064417
2013-07-01,HAS,29.470705,30.001766,29.352692,29.982098,2048554.5
2013-07-02,HAS,29.896866,30.21157,29.837858,30.100113,1943617.8
2013-07-03,HAS,30.027992,30.290247,29.916536,30.178787,788855.94
2013-07-05,HAS,30.427929,30.56561,30.054218,30.559055,821191.06
2013-07-08,HAS,30.618063,30.952435,30.585281,30.624619,1927145.1
2013-07-09,HAS,30.854092,31.17535,30.722965,30.965548,1538665.6
2013-07-10,HAS,30.854092,30.965548,30.513163,30.781971,1805125.6
2013-07-11,HAS,31.181908,31.208132,30.644289,30.99833,1625299.5
2013-07-12,HAS,30.99833,31.306477,30.99833,31.234358,1283034.8
2013-07-15,HAS,31.326145,31.365484,30.972105,31.109787,1391479.6
2013-07-16,HAS,31.083563,31.17535,30.755745,30.919653,1996238.6
2013-07-17,HAS,30.159119,30.598392,29.909979,30.178787,3019219.5
2013-07-18,HAS,30.290247,30.519716,30.198458,30.473824,2209620.2
2013-07-19,HAS,30.336142,30.46071,29.732958,29.752628,3697190.2
2013-07-22,HAS,29.58216,31.450718,29.438381,30.729519,5754871.5
2013-07-23,HAS,31.457273,31.699856,31.227802,31.358929,5111701
2013-07-24,HAS,31.28681,31.424492,30.709852,30.893427,2474555
2013-07-25,HAS,30.814753,31.057337,30.755745,30.880314,1394835.1
2013-07-26,HAS,30.709852,30.958992,30.663958,30.867205,934516.7
2013-07-29,HAS,30.7623,30.97866,30.66035,30.9131,2510720
2013-07-30,HAS,30.985834,31.05857,30.463451,30.681664,1898584.2
2013-07-31,HAS,30.827135,30.83375,30.384104,30.417166,1218614.5
2013-08-01,HAS,30.470066,31.118084,30.417166,31.051958,2397006.2
2013-08-02,HAS,31.05857,31.187513,30.913097,31.071796,1326224
2013-08-05,HAS,30.94616,31.08502,30.886646,30.94616,931946.75
2013-08-06,HAS,30.86681,30.992445,30.390715,30.589087,1843070.6
2013-08-07,HAS,30.430391,30.56264,30.225405,30.370878,1077448.5
2013-08-08,HAS,30.575865,30.684967,30.463451,30.635376,953660.4
2013-08-09,HAS,30.622152,30.641989,30.324593,30.390715,1567049.4
2013-08-12,HAS,30.139444,30.556026,29.841885,29.987356,3863846
2013-08-13,HAS,30.582476,30.582476,29.861721,30.21218,1231166.6
2013-08-14,HAS,30.15928,30.284916,29.954294,30.053482,721520.25
2013-08-15,HAS,29.894783,29.974134,29.597223,29.782373,1043515.44
2013-08-16,HAS,29.822046,29.927845,29.623674,29.686493,1988533
2013-08-19,HAS,29.709637,29.94107,29.577387,29.683186,1691265.5
2013-08-20,HAS,29.66996,29.927845,29.66996,29.808823,1017186.25
2013-08-21,HAS,29.709637,29.841885,29.584,29.597223,1037163.75
2013-08-22,HAS,29.66996,30.152668,29.550936,29.927845,680839.25
2013-08-23,HAS,30.033644,30.516354,29.825354,30.489902,1252243.6
2013-08-26,HAS,31.481766,31.481766,30.608927,30.675049,2313673.8
2013-08-27,HAS,30.463451,30.522964,30.112995,30.126219,1201525.5
2013-08-28,HAS,30.126219,30.232018,29.974134,30.179117,1030937.6
2013-08-29,HAS,30.040257,30.374186,30.02042,30.172506,1434281.2
2013-08-30,HAS,30.21218,30.232018,29.85511,30.139444,1567805.5
2013-09-03,HAS,30.410555,30.635376,30.245243,30.602312,1895098.4
2013-09-04,HAS,30.622152,30.959385,30.5428,30.899872,2252471
2013-09-05,HAS,30.985834,31.468542,30.899872,31.448706,2471709.5
2013-09-06,HAS,31.409029,32.09672,31.309841,31.73304,2433750.8
2013-09-09,HAS,31.7132,31.89835,31.706589,31.84545,2063236.4
2013-09-10,HAS,31.89835,32.17607,31.025507,31.190819,3939249.5
2013-09-11,HAS,31.11147,31.38258,31.071796,31.184206,1783535.8
2013-09-12,HAS,31.104858,31.184206,30.714725,30.747787,2008339.6
2013-09-13,HAS,30.807299,31.00567,30.56925,30.959385,1664444.8
2013-09-16,HAS,31.342907,31.508217,31.151146,31.336292,1308017.4
2013-09-17,HAS,31.336292,31.693363,31.336292,31.580952,1039205.4
2013-09-18,HAS,31.594177,32.268646,31.448706,32.182682,4296856.5
2013-09-19,HAS,32.22236,32.698452,32.189297,32.599266,1447426.1
2013-09-20,HAS,32.599266,32.896824,32.235584,32.26203,2319573.2
2013-09-23,HAS,32.288483,32.34138,31.838839,32.083496,2113505.2
2013-09-24,HAS,32.103333,32.354607,31.957863,32.01076,1606323.9
2013-09-25,HAS,32.00415,32.129784,31.488379,31.673527,1741115.6
2013-09-26,HAS,31.9777,31.9777,31.349518,31.521439,1410525.9
2013-09-27,HAS,31.276781,31.481766,31.157757,31.329681,1467691
2013-09-30,HAS,31.151146,31.263556,30.96269,31.170982,1647845.8
2013-10-01,HAS,31.11147,31.594177,31.065184,31.488379,1614838.1
2013-10-02,HAS,31.309841,31.349518,30.913097,31.30323,1468900.9
2013-10-03,HAS,31.151146,31.369354,30.86681,31.05857,1554346
2013-10-04,HAS,31.012285,31.38258,30.959385,31.362743,1216715.1
2013-10-07,HAS,31.151146,31.290005,30.714725,30.83375,1455299.2
2013-10-08,HAS,30.83375,30.846973,30.23863,30.370878,2347300
2013-10-09,HAS,30.483288,30.56264,30.317978,30.410555,1340580.4
2013-10-10,HAS,30.6486,30.846973,30.549414,30.615538,1215721.5
2013-10-11,HAS,30.496513,30.965998,30.496513,30.893261,1504591.2
2013-10-14,HAS,30.668438,30.86681,30.563301,30.761011,2719596
2013-10-15,HAS,30.635376,30.787462,30.26508,30.410555,2446665.8
2013-10-16,HAS,31.256945,31.43548,30.04687,30.483288,5925963
2013-10-17,HAS,30.251854,30.979221,30.251854,30.965998,2267013.2
2013-10-18,HAS,31.078407,31.309841,30.794073,31.237108,2883207.5
2013-10-21,HAS,32.354607,34.173023,32.209133,32.876987,8069200.5
2013-10-22,HAS,33.134872,33.167934,32.830704,33.055527,4815383
2013-10-23,HAS,33.055527,33.318302,32.486855,33.10842,3842773.5
2013-10-24,HAS,33.18116,33.75644,33.161324,33.439045,1504762.1
2013-10-25,HAS,33.54484,34.72847,33.54484,34.417683,4534468
2013-10-28,HAS,34.45736,34.695408,34.278824,34.470585,2771359
2013-10-29,HAS,34.64912,35.49551,34.563423,35.29714,3340192.5
2013-10-30,HAS,35.29714,35.55697,34.62091,34.810787,2441253.8
2013-10-31,HAS,34.7375,35.137173,34.411045,34.411045,2117188
2013-11-01,HAS,34.431034,34.90406,34.21784,34.537632,1432977.5
2013-11-04,HAS,34.664215,34.984005,34.44436,34.804127,2408308.8
2013-11-05,HAS,34.50432,34.817448,34.317772,34.70419,1298343.4
2013-11-06,HAS,34.890736,34.890736,34.584267,34.837437,1744730.9
2013-11-07,HAS,34.44436,34.750824,33.591576,33.7115,2762439
2013-11-08,HAS,33.704838,33.96467,33.423286,33.63155,4084467.8
2013-11-11,HAS,33.651535,34.37773,33.651535,34.14455,2196822
2013-11-12,HAS,34.07793,34.231163,33.791447,34.14455,1350123.9
2013-11-13,HAS,34.05794,35.277153,33.971333,35.277153,3895717.5
2013-11-14,HAS,35.143906,35.310463,34.924046,35.13724,1373539
2013-11-15,HAS,35.057293,35.290478,34.797462,35.13058,1434535.5
2013-11-18,HAS,35.210526,35.26116,34.657555,34.69753,1240605.5
2013-11-19,HAS,34.7375,34.797462,34.391056,34.497654,1281079.2
2013-11-20,HAS,34.56428,34.7375,34.464344,34.577606,1454741.6
2013-11-21,HAS,34.744164,34.810787,34.37107,34.71085,1333613.2
2013-11-22,HAS,34.497654,35.260494,34.31111,35.230515,1996308.6
2013-11-25,HAS,35.310463,35.883427,34.917385,35.70354,2720060.8
2013-11-26,HAS,35.790154,35.916737,35.55697,35.81014,1976329.2
2013-11-27,HAS,35.770164,36.023335,35.503674,35.876762,1524686.9
2013-11-29,HAS,35.796814,36.049984,35.78349,35.856777,511260.94
2013-12-02,HAS,35.96337,36.06997,35.67023,35.75018,1746080.2
2013-12-03,HAS,35.576958,35.870102,34.944035,35.290478,2141886.5
2013-12-04,HAS,35.090603,35.230515,33.984653,34.690865,6186018.5
2013-12-05,HAS,34.717514,35.030643,34.25115,34.890736,4149646
2013-12-06,HAS,35.15723,35.257164,34.44436,34.48433,2849594.5
2013-12-09,HAS,34.48433,34.93737,34.324436,34.917385,2235547
2013-12-10,HAS,34.837437,35.103928,34.690865,34.810787,1462096.4
2013-12-11,HAS,34.837437,34.924046,34.351086,34.384396,1348996.6
2013-12-12,HAS,34.25781,34.544292,34.2245,34.297787,1408061.4
2013-12-13,HAS,34.277798,34.717514,34.2245,34.48433,898053.8
2013-12-16,HAS,34.48433,34.65422,34.051277,34.184525,1187279
2013-12-17,HAS,34.031292,34.384396,33.977993,34.331097,1277026.6
2013-12-18,HAS,34.44436,34.96402,34.064606,34.944035,1914339.1
2013-12-19,HAS,34.71085,35.290478,34.71085,34.824112,2495365.2
2013-12-20,HAS,33.45833,35.123917,33.45833,34.970684,2267517.8
2013-12-23,HAS,35.24384,35.457035,35.033974,35.41706,2388829.2
2013-12-24,HAS,35.530323,35.81014,35.44371,35.610268,674386.5
2013-12-26,HAS,35.616932,36.139923,35.437046,36.083294,1600852.2
2013-12-27,HAS,35.98336,36.34313,35.9767,36.243195,1768144.5
2013-12-30,HAS,36.26318,36.676243,36.23653,36.622948,1339917.2
2013-12-31,HAS,36.74953,36.74953,36.436398,36.649593,1166025.2
2014-01-02,HAS,36.56965,36.762856,36.349792,36.363117,3491770.2
2014-01-03,HAS,34.37773,36.309814,34.37773,36.049984,1273724.5
2014-01-06,HAS,36.123272,36.223206,35.741516,35.796814,1351293.1
2014-01-07,HAS,36.176567,36.182564,35.64358,35.830124,2194166.8
2014-01-08,HAS,35.830124,35.90341,35.517,35.790154,1569635
2014-01-09,HAS,35.863438,35.903347,35.08461,35.29714,2627002
2014-01-10,HAS,35.290478,35.596943,35.097267,35.337112,2425439.5
2014-01-13,HAS,35.177216,35.430386,34.70752,34.810787,1875345.4
2014-01-14,HAS,34.93737,35.003994,34.584267,34.85076,1848446.5
2014-01-15,HAS,34.817448,34.910725,34.62424,34.824112,1100812.5
2014-01-16,HAS,34.6309,34.977345,34.550957,34.87741,1391855.4
2014-01-17,HAS,34.804127,35.067287,34.51098,34.644226,1302907.9
2014-01-21,HAS,34.917385,34.96402,34.297787,34.517643,1374589.8
2014-01-22,HAS,34.464344,34.950695,34.33776,34.890736,1267270.2
2014-01-23,HAS,34.87741,34.87741,34.28113,34.550957,1371027.9
2014-01-24,HAS,34.05794,34.324436,33.958008,34.157875,2285919.5
2014-01-27,HAS,34.16454,34.45102,33.89138,34.044617,1797713.6
2014-01-28,HAS,34.07793,34.717514,33.924694,34.62424,2859961.8
2014-01-29,HAS,34.25115,34.40438,33.651535,33.85807,2011752.1
2014-01-30,HAS,33.977993,34.211174,33.864735,34.137222,1612959
2014-01-31,HAS,32.73451,33.10382,32.04289,32.982952,7113788.5
2014-02-03,HAS,31.881731,33.11725,31.881731,32.28462,3446019.2
2014-02-04,HAS,32.432343,33.016525,32.237614,32.687504,2445060.5
2014-02-05,HAS,32.56664,32.982952,32.41891,32.741222,2556304.8
2014-02-06,HAS,32.929237,33.53021,32.888947,33.34555,3121843
2014-02-07,HAS,33.520134,33.76858,33.184395,33.63429,2643957.8
2014-02-10,HAS,34.20504,36.04489,33.63429,35.15854,9226823
2014-02-11,HAS,35.225685,35.306267,34.742226,35.165253,2762566.2
2014-02-12,HAS,34.96381,35.151825,34.822803,34.883236,3372267
2014-02-13,HAS,34.822803,35.60843,34.681793,35.534565,1710855.1
2014-02-14,HAS,35.547997,35.60843,35.225685,35.46742,1252884.1
2014-02-18,HAS,35.460705,35.58157,35.13168,35.561424,2823786.8
2014-02-19,HAS,35.38684,36.185898,35.245834,36.17247,3368395
2014-02-20,HAS,36.28662,36.56864,36.132183,36.441063,2452392
2014-02-21,HAS,36.45449,36.682793,36.39406,36.461205,1873337.2
2014-02-24,HAS,36.696224,36.944668,36.53507,36.58207,3049694.5
2014-02-25,HAS,36.63579,36.837234,36.53171,36.716366,1459372.2
2014-02-26,HAS,36.5955,37.09911,36.521637,36.9581,1872886
2014-02-27,HAS,36.90438,37.052105,36.748264,36.95138,1910007.1
2014-02-28,HAS,36.79023,37.320698,36.58207,37.038677,2036703.9
2014-03-03,HAS,36.823803,36.98496,36.566963,36.696224,1145882.8
2014-03-04,HAS,36.9581,37.320698,36.79023,36.90438,1856224.2
2014-03-05,HAS,36.81037,36.91781,36.575356,36.81709,1589927.6
2014-03-06,HAS,36.91781,37.14611,36.80366,36.98496,1290289.8
2014-03-07,HAS,37.14611,37.334126,36.74994,36.7768,1441151.2
2014-03-10,HAS,36.796944,36.864094,36.588787,36.823803,940108.06
2014-03-11,HAS,36.709652,36.783512,36.53507,36.5955,1826141.2
2014-03-12,HAS,36.3672,36.716366,36.152325,36.64922,1911457.6
2014-03-13,HAS,36.80366,37.05882,36.447777,36.689507,2169843.2
2014-03-14,HAS,36.67608,37.025246,36.5955,36.702938,1483493.6
2014-03-17,HAS,36.823803,37.26698,36.80366,36.90438,1750916
2014-03-18,HAS,36.884235,37.260265,36.796944,36.971527,1256185.9
2014-03-19,HAS,37.07225,37.179684,36.494778,36.756657,1300416.8
2014-03-20,HAS,36.62236,36.97824,36.575356,36.884235,1203764.1
2014-03-21,HAS,37.17297,37.273693,36.709652,37.065536,3843169.2
2014-03-24,HAS,37.005104,37.139397,36.729797,36.897667,1683006.1
2014-03-25,HAS,37.031963,37.078964,36.494778,36.655933,1964475.1
2014-03-26,HAS,36.81709,37.17297,36.521637,36.575356,1461702.9
2014-03-27,HAS,36.67608,36.689507,36.273193,36.602215,1389623
2014-03-28,HAS,36.823803,37.381126,36.79023,37.052105,1309203.2
2014-03-31,HAS,37.17297,37.43485,37.092396,37.347553,1121259.4
2014-04-01,HAS,37.52214,37.911594,37.515423,37.864594,1808699.1
2014-04-02,HAS,37.844448,38.08618,37.67658,37.797447,1790381.2
2014-04-03,HAS,37.743725,37.87802,37.334126,37.448277,1325882.9
2014-04-04,HAS,37.132683,37.49528,36.743225,36.924526,1924116.2
2014-04-07,HAS,36.897667,36.91781,36.467922,36.608932,1741213.6
2014-04-08,HAS,36.608932,36.991673,36.608932,36.63579,1869827
2014-04-09,HAS,36.743225,37.105824,36.702938,36.991673,1260591
2014-04-10,HAS,36.944668,37.04539,36.4142,36.461205,1680000.8
2014-04-11,HAS,36.34034,36.474636,35.964314,36.01132,1547032.8
2014-04-14,HAS,36.152325,37.045322,35.796444,36.024746,1576094
2014-04-15,HAS,35.89045,36.306767,35.52785,35.910595,1947700.1
2014-04-16,HAS,36.038174,36.273193,35.99117,36.15904,1233220
2014-04-17,HAS,36.19933,36.964813,36.07175,36.669365,2978240.2
2014-04-21,HAS,37.64972,38.21376,36.441063,37.374413,2328666.2
2014-04-22,HAS,37.401276,37.589287,37.10918,37.132683,1426133.6
2014-04-23,HAS,37.206543,37.320698,36.716366,36.9581,2878649.2
2014-04-24,HAS,37.005104,37.193115,36.763435,36.897667,1328085.5
2014-04-25,HAS,36.870808,37.078964,36.733154,36.743225,1186542.4
2014-04-28,HAS,36.924526,37.562428,36.756657,37.394558,2526811.5
2014-04-29,HAS,37.435158,37.556965,37.18478,37.34042,1293458.4
2014-04-30,HAS,37.306587,37.448692,36.98177,37.394554,1709289.9
2014-05-01,HAS,37.31335,37.851334,37.31335,37.665237,1052114.4
2014-05-02,HAS,37.739674,37.969753,37.68554,37.739674,846805.44
2014-05-05,HAS,37.556965,37.665237,37.29982,37.5705,1245393
2014-05-06,HAS,37.502827,37.868248,37.462227,37.48253,1130002.4
2014-05-07,HAS,37.448692,37.71261,37.265984,37.45546,1425689.4
2014-05-08,HAS,37.40809,37.65847,37.22538,37.401325,1113172.2
2014-05-09,HAS,37.34042,37.59757,37.22538,37.502827,883648.8
2014-05-12,HAS,37.90885,37.932537,37.509598,37.61787,1451712.8
2014-05-13,HAS,37.577267,37.732906,37.38779,37.556965,1168350.1
2014-05-14,HAS,37.401325,37.604336,37.15771,37.18478,880969.6
2014-05-15,HAS,37.205082,37.218613,36.257698,36.56898,2325042.2
2014-05-16,HAS,36.474243,36.78891,36.264465,36.670486,953125.5
2014-05-19,HAS,36.447174,36.77199,36.386272,36.45394,1173185.4
2014-05-20,HAS,36.359203,36.440407,35.95995,36.095287,867429
2014-05-21,HAS,36.156193,36.420105,35.98702,36.3389,918157.4
2014-05-22,HAS,36.30507,36.514843,36.264465,36.3389,982645.1
2014-05-23,HAS,36.264465,36.46071,36.20356,36.440407,1434111.1
2014-05-27,HAS,36.474243,36.474243,35.973484,36.22386,1906021.9
2014-05-28,HAS,36.210327,36.311832,35.899044,36.129124,1385812.2
2014-05-29,HAS,36.07499,36.217094,35.878746,36.102055,1362032.1
2014-05-30,HAS,36.190025,36.43364,36.11559,36.3389,1545763
2014-06-02,HAS,36.244164,36.332134,35.24603,35.310314,2296706.5
2014-06-03,HAS,35.303547,35.34415,34.67083,34.836624,3250609.2
2014-06-04,HAS,34.74865,35.27648,34.565334,35.249413,1949915.6
2014-06-05,HAS,35.384754,35.520092,35.071373,35.493023,1347024.1
2014-06-06,HAS,35.45919,35.513325,35.242645,35.31708,1394597.5
2014-06-09,HAS,35.59453,36.02762,35.330616,35.919346,2105023.8
2014-06-10,HAS,35.79077,35.966717,35.628365,35.926113,2063385.1
2014-06-11,HAS,35.777237,35.91258,35.6622,35.804306,1694179.8
2014-06-12,HAS,35.696033,35.79077,35.425354,35.49979,1816446.2
2014-06-13,HAS,35.621597,35.675735,35.367496,35.452423,1045841.3
2014-06-16,HAS,35.29678,35.560696,35.19189,35.32385,1245923.5
2014-06-17,HAS,35.337383,35.49979,35.154675,35.465958,1039525.4
2014-06-18,HAS,35.520092,35.520092,35.27648,35.445656,1575547.1
2014-06-19,HAS,35.479492,35.675735,35.164825,35.486256,1373861.6
2014-06-20,HAS,35.648666,35.716335,35.37122,35.628365,2051313.4
2014-06-23,HAS,35.72987,36.447174,35.69942,36.386272,2423228.8
2014-06-24,HAS,36.447174,36.494545,36.11559,36.22386,1353399.1
2014-06-25,HAS,35.905815,36.430256,35.716335,35.899044,1359237.8
2014-06-26,HAS,35.899044,35.926113,35.357685,35.763702,943291
2014-06-27,HAS,35.621597,36.061455,35.621597,36.034386,879855.44
2014-06-30,HAS,36.054688,36.372738,35.675735,35.899044,1010025
2014-07-01,HAS,35.939648,36.56898,35.878746,36.420105,1435085
2014-07-02,HAS,36.34567,36.54868,36.200176,36.30507,1141527.5
2014-07-03,HAS,36.325367,36.73477,36.325367,36.623116,750544.44
2014-07-07,HAS,36.3795,36.541912,36.23063,36.257698,1125315
2014-07-08,HAS,36.14266,36.447174,36.081757,36.257698,1754453
2014-07-09,HAS,36.298298,36.843044,36.298298,36.61635,1501594.4
2014-07-10,HAS,36.18326,36.65695,36.18326,36.359203,1709474.6
2014-07-11,HAS,36.40657,37.00207,36.3389,36.805824,1389079.5
2014-07-14,HAS,36.941166,37.21185,36.59605,36.650185,1802752
2014-07-15,HAS,36.56898,36.738155,36.22386,36.22386,1930416.8
2014-07-16,HAS,36.23063,36.332134,35.513325,35.560696,2824627
2014-07-17,HAS,35.053165,35.858444,34.95843,35.811073,3803892.5
2014-07-18,HAS,35.675735,36.10882,35.675735,36.007317,1525814.8
2014-07-21,HAS,35.36445,35.520092,34.714817,35.039635,4529019.5
2014-07-22,HAS,35.98702,35.98702,34.54564,34.951664,3382413
2014-07-23,HAS,34.84339,35.29678,34.606544,34.626842,1991548.5
2014-07-24,HAS,34.61331,35.0667,34.599777,35.053165,1450430
2014-07-25,HAS,34.992264,35.087,34.77572,34.82309,2136664
2014-07-28,HAS,34.77572,34.971962,34.54564,34.606544,2396719.5
2014-07-29,HAS,34.626842,34.714817,33.98398,34.30203,1876512.6
2014-07-30,HAS,34.44535,34.704697,34.186005,34.595497,1238856.2
2014-07-31,HAS,34.44535,34.656857,34.03606,34.090454,1213657.4
2014-08-01,HAS,34.05633,34.090454,33.687786,33.85158,1475005.8
2014-08-04,HAS,33.90618,34.05633,33.796986,33.923244,1174175.6
2014-08-05,HAS,33.947132,34.336155,33.796986,34.158703,1867121.9
2014-08-06,HAS,34.12458,34.4317,34.008556,34.308853,1492797.9
2014-08-07,HAS,34.588673,34.588673,33.844757,33.90618,1105368.9
2014-08-08,HAS,33.953957,34.56479,33.953957,34.39758,1464082.5
2014-08-11,HAS,34.452175,34.704697,34.452175,34.506775,1225936
2014-08-12,HAS,34.55455,34.704697,34.226955,34.295204,686779.1
2014-08-13,HAS,32.766422,34.588673,32.766422,34.342976,1077579.5
2014-08-14,HAS,34.39758,34.909447,34.39758,34.813896,1206366.5
2014-08-15,HAS,34.950394,35.100544,34.459003,34.66375,768746.44
2014-08-18,HAS,34.923096,35.26195,34.895798,35.209743,1172622.5
2014-08-19,HAS,35.189266,35.48615,35.189266,35.421314,1090045.6
2014-08-20,HAS,35.175617,35.725025,35.141495,35.585114,1194615.4
2014-08-21,HAS,35.687485,35.967308,35.62606,35.899055,1377609.6
2014-08-22,HAS,35.15514,36.16523,35.15514,35.810333,1016235.2
2014-08-25,HAS,36.13793,36.16182,35.84446,35.974133,877684.06
2014-08-26,HAS,35.919533,35.974133,35.421314,35.646538,1710948.5
2014-08-27,HAS,35.76256,35.926357,35.475914,35.66701,1310679.9
2014-08-28,HAS,35.57146,35.742085,35.325764,35.57146,774277.7
2014-08-29,HAS,35.62606,35.99461,35.516865,35.936596,1160985.8
2014-09-02,HAS,35.98778,36.185703,35.817158,35.94342,1117972.8
2014-09-03,HAS,36.083332,36.349503,36.015083,36.349503,1479001.4
2014-09-04,HAS,36.404102,36.799946,36.247128,36.75217,1696967.4
2014-09-05,HAS,36.615677,36.929623,36.561073,36.8682,1135679.9
2014-09-08,HAS,36.854546,37.02517,36.75217,36.854546,918346.8
2014-09-09,HAS,36.87502,36.929623,36.561073,36.629322,1834743.5
2014-09-10,HAS,36.690746,36.738525,36.54067,36.66345,892482.75
2014-09-11,HAS,36.588375,36.88867,36.588375,36.779472,1318839.6
2014-09-12,HAS,36.772648,36.88867,36.574726,36.629322,1212845.8
2014-09-15,HAS,36.6771,36.7044,36.49965,36.5406,934921.4
2014-09-16,HAS,36.554253,36.656624,36.424576,36.47235,1099335.1
2014-09-17,HAS,36.445053,36.87502,36.342678,36.697575,1182172.8
2014-09-18,HAS,36.827248,36.84772,36.561073,36.79312,595828.56
2014-09-19,HAS,36.963745,37.270866,36.772648,36.936443,1893690.8
2014-09-22,HAS,36.936443,37.076355,36.424576,36.451878,1047334.5
2014-09-23,HAS,36.390453,36.49283,36.083332,36.131104,730957
2014-09-24,HAS,36.12428,38.06938,36.076508,37.502914,4194667
2014-09-25,HAS,37.482437,37.78949,37.072945,37.29817,1448010.5
2014-09-26,HAS,37.26404,37.953358,37.26404,37.76226,1416098
2014-09-29,HAS,37.40054,37.72131,37.33229,37.571163,1188212.4
2014-09-30,HAS,37.571163,37.80321,37.359592,37.533627,1401344.8
2014-10-01,HAS,37.56434,37.78956,37.243565,37.43466,2249296.5
2014-10-02,HAS,37.38689,37.769085,37.21968,37.714485,1084007.5
2014-10-03,HAS,37.93971,38.26048,37.80321,37.823685,1367562.6
2014-10-06,HAS,37.93971,38.280952,37.461964,37.605286,1764703
2014-10-07,HAS,37.475613,37.659885,37.29817,37.369827,1841795.5
2014-10-08,HAS,37.40054,37.953358,37.29817,37.891933,1178385.2
2014-10-09,HAS,37.88511,38.19223,37.407364,37.43466,1096532.1
2014-10-10,HAS,37.516563,37.87146,37.202618,37.537037,1422354.5
2014-10-13,HAS,37.46879,37.68036,37.250393,37.304993,1638433.4
2014-10-14,HAS,37.475613,37.878284,37.33229,37.421017,1628319
2014-10-15,HAS,36.977394,37.461964,36.4587,37.07977,2908059.2
2014-10-16,HAS,36.87502,37.072945,35.99461,36.997868,2583230.2
2014-10-17,HAS,37.202618,37.40054,36.75217,36.75217,3219940
2014-10-20,HAS,36.779472,39.01122,36.765823,38.5676,4551011.5
2014-10-21,HAS,38.792824,39.611813,38.533474,39.393417,4214973.5
2014-10-22,HAS,39.48214,39.62546,38.786,38.840595,2154669.8
2014-10-23,HAS,39.19549,39.465076,39.10677,39.229618,1727713.6
2014-10-24,HAS,39.338814,39.499203,39.127243,39.31493,1049300.9
2014-10-27,HAS,39.243267,39.400238,39.018044,39.113594,1557480
2014-10-28,HAS,39.209145,39.46849,39.01122,39.400238,1343204.8
2014-10-29,HAS,39.44119,39.56336,39.113594,39.325165,994831.3
2014-10-30,HAS,39.173893,39.552082,39.016083,39.31829,1325742.1
2014-10-31,HAS,39.696484,39.854637,39.44894,39.55896,1615063.5
2014-11-03,HAS,39.66898,39.66898,39.297665,39.634598,1169284.4
2014-11-04,HAS,39.57959,39.834007,39.325165,39.442062,1078669.4
2014-11-05,HAS,39.641476,39.79963,39.352673,39.779,923603.3
2014-11-06,HAS,39.875267,40.164066,39.634598,39.964657,1514547.6
2014-11-07,HAS,39.90277,40.150314,39.68961,39.86839,1242013.1
2014-11-10,HAS,39.820255,40.01279,39.20827,39.24953,2143924.2
2014-11-11,HAS,39.3733,39.462692,38.857582,38.9676,2000901.2
2014-11-12,HAS,38.90572,39.586464,38.857582,39.517704,1573978.4
2014-11-13,HAS,38.568783,38.575657,37.234795,37.80552,5755591.5
2014-11-14,HAS,38.163086,38.417503,36.95287,37.1454,2742881.8
2014-11-17,HAS,38.678802,39.34923,38.451885,38.761314,3071701.5
2014-11-18,HAS,38.637543,38.953854,38.41063,38.58941,1605322.6
2014-11-19,HAS,38.582535,38.816326,38.451885,38.596287,1249389.2
2014-11-20,HAS,38.506897,38.964165,38.472515,38.857582,1628182.5
2014-11-21,HAS,39.24953,39.332043,38.816326,38.981354,1853780
2014-11-24,HAS,39.23578,39.352673,38.61004,38.960728,2308862
2014-11-25,HAS,39.11888,39.641476,39.05273,39.562397,1788167
2014-11-26,HAS,39.64835,40.095306,39.290787,39.97841,1850067.1
2014-11-28,HAS,40.36348,40.858566,40.2122,40.70729,1091496.1
2014-12-01,HAS,40.308468,40.569767,39.490196,39.510826,2058403.6
2014-12-02,HAS,39.490196,39.895897,39.39049,39.510826,1574097.8
2014-12-03,HAS,39.407684,39.620846,39.0845,39.24953,1316964.1
2014-12-04,HAS,39.180767,39.359478,38.946976,39.022614,2496463.5
2014-12-05,HAS,39.139507,39.59334,38.953854,39.352673,1427332.8
2014-12-08,HAS,39.325165,39.332043,38.761314,38.88509,1145647.9
2014-12-09,HAS,38.493145,38.86446,38.396877,38.761314,2172141.8
2014-12-10,HAS,38.768192,39.077625,38.156208,38.197464,1802318.6
2014-12-11,HAS,38.252476,39.070747,38.252476,38.71318,978706.1
2014-12-12,HAS,38.72006,39.056995,38.5344,38.548153,1381610
2014-12-15,HAS,38.8232,39.222023,38.231846,38.64442,1754320
2014-12-16,HAS,38.541275,39.400806,38.541275,39.12576,2703053.2
2014-12-17,HAS,39.3458,39.785877,39.063873,39.44894,1974764.9
2014-12-18,HAS,39.9234,40.136562,39.59341,40.12969,1564566.2
2014-12-19,HAS,39.88214,39.930275,37.42045,37.564854,7403860.5
2014-12-22,HAS,37.6955,37.80896,37.13165,37.358566,2316497
2014-12-23,HAS,37.599236,38.548153,37.51672,37.967113,3236781.8
2014-12-24,HAS,38.20434,38.328114,37.967113,37.99118,482556.47
2014-12-26,HAS,37.9568,38.355618,37.888035,38.19059,674488.6
2014-12-29,HAS,38.156208,38.781948,38.156208,38.438133,1804393.9
2014-12-30,HAS,38.362495,38.50002,37.80552,37.843338,1664834.9
2014-12-31,HAS,37.901787,38.14108,37.764263,37.812397,1287052.4
2015-01-02,HAS,38.128704,38.383125,37.523594,37.798645,1224775.5
2015-01-05,HAS,37.688625,38.02556,37.544224,37.908665,1536969.8
2015-01-06,HAS,38.087444,38.218094,37.403263,37.413574,1321242.6
2015-01-07,HAS,37.571728,37.8399,36.732826,37.592358,2762385.2
2015-01-08,HAS,37.778015,37.829586,36.959743,37.81927,2609624.2
2015-01-09,HAS,37.80552,38.02556,36.533417,36.595306,2206141.5
2015-01-12,HAS,36.389015,36.4509,35.96269,36.175854,2606747.8
2015-01-13,HAS,36.086464,36.5678,35.357582,35.69452,2062759.2
2015-01-14,HAS,35.56387,36.031452,35.460724,35.89393,2135009.5
2015-01-15,HAS,35.942062,36.07271,35.59825,35.728897,1874301.4
2015-01-16,HAS,35.66701,36.155228,35.63607,36.12772,1544853.5
2015-01-20,HAS,35.838917,36.306503,35.405716,35.811413,2426237.5
2015-01-21,HAS,35.701393,36.354633,35.62163,36.320255,1604962
2015-01-22,HAS,36.58843,37.15228,36.278996,37.02163,1658836
2015-01-23,HAS,36.83597,37.943047,36.23774,37.778015,3724727.8
2015-01-26,HAS,36.966618,38.29373,36.629684,37.71613,3596648.8
2015-01-27,HAS,37.337936,37.833027,36.918484,37.578606,2206156
2015-01-28,HAS,37.674873,38.1012,37.62674,37.853653,1667532.6
2015-01-29,HAS,37.86053,38.438133,37.81927,38.348743,1892997.6
2015-01-30,HAS,38.34874,38.58435,37.822086,38.057693,1887186.2
2015-02-02,HAS,37.891384,38.047718,37.347404,37.905243,1968934.9
2015-02-03,HAS,38.106205,38.9932,38.092342,38.906578,1090254
2015-02-04,HAS,38.930832,39.779716,38.930832,39.20802,1898168
2015-02-05,HAS,39.18723,39.34661,38.729874,38.896183,1486488.4
2015-02-06,HAS,38.819958,38.97934,38.2933,38.625927,2235209
2015-02-09,HAS,40.46922,42.03532,39.637657,41.342354,7110865
2015-02-10,HAS,42.180843,42.783726,41.467087,42.693638,4070874.8
2015-02-11,HAS,42.97082,43.26187,42.347157,42.409523,2391388.5
2015-02-12,HAS,42.603554,43.192574,42.541183,43.074768,1357746.1
2015-02-13,HAS,43.074768,43.719227,43.074768,43.473225,2072768.2
2015-02-17,HAS,43.365818,43.649933,43.005474,43.28959,1892867.6
2015-02-18,HAS,43.324238,43.46976,42.714428,43.04705,1756000.9
2015-02-19,HAS,43.144066,43.248013,42.617413,42.81144,2812016.5
2015-02-20,HAS,42.270927,42.943108,41.64033,42.846092,2407297
2015-02-23,HAS,42.950035,42.977753,42.652058,42.977753,1977716
2015-02-24,HAS,43.0817,43.164856,42.81837,42.998543,831300.5
2015-02-25,HAS,43.09556,43.504406,42.950035,43.019333,1502513.8
2015-02-26,HAS,42.963894,43.379673,42.846092,43.31038,877304.2
2015-02-27,HAS,43.379673,43.49748,42.963894,43.18218,1054696.8
2015-03-02,HAS,43.27573,43.982555,43.23415,43.760807,1006828.56
2015-03-03,HAS,43.51827,43.781593,43.28959,43.46283,1027086.4
2015-03-04,HAS,43.837032,43.87168,43.040123,43.26187,931972.06
2015-03-05,HAS,43.39353,43.552914,43.057446,43.26187,1129430.5
2015-03-06,HAS,43.137135,43.144066,42.554073,42.72136,1671991
2015-03-09,HAS,42.908455,43.199505,42.6382,42.943108,898261.94
2015-03-10,HAS,42.62434,42.714428,42.270927,42.513466,1247486.8
2015-03-11,HAS,41.584892,42.66592,41.584892,42.20856,1049114.9
2015-03-12,HAS,42.395664,42.88767,42.187775,42.756004,1707002.9
2015-03-13,HAS,42.83916,43.31038,41.730415,42.083828,1844764.2
2015-03-16,HAS,42.319435,42.762936,42.00067,42.617413,1201578.4
2015-03-17,HAS,42.44417,42.749073,42.146194,42.686707,953354.06
2015-03-18,HAS,42.67978,42.756004,41.77546,42.568905,1343422.2
2015-03-19,HAS,42.41645,42.617413,42.028393,42.340225,1888922.2
2015-03-20,HAS,42.492676,42.610485,42.139267,42.326366,3625879
2015-03-23,HAS,42.46496,43.16832,42.347157,42.534256,1629019.2
2015-03-24,HAS,42.66592,43.005474,42.492676,42.610485,1296724.4
2015-03-25,HAS,42.686707,42.72136,42.04918,42.04918,1520689.2
2015-03-26,HAS,41.751205,42.153126,41.397793,41.96256,1461406.4
2015-03-27,HAS,41.87594,42.62434,41.61954,42.291718,1130921.2
2015-03-30,HAS,42.617413,43.41432,42.361015,43.358887,1474066.5
2015-03-31,HAS,43.379673,44.065712,43.123276,43.823174,2074098.8
2015-04-01,HAS,43.753876,44.315178,43.351955,44.204304,2400765.5
2015-04-02,HAS,44.12808,44.26667,43.60142,43.968697,1439157.1
2015-04-06,HAS,43.837032,44.682453,43.65686,44.453773,1519814.8
2015-04-07,HAS,44.453773,44.647804,43.837032,44.07957,1572368.5
2015-04-08,HAS,44.308247,44.48149,44.05878,44.377544,1336035.1
2015-04-09,HAS,44.446842,44.543858,44.173607,44.49535,665696.4
2015-04-10,HAS,44.536926,44.758675,44.315178,44.498814,1125091.2
2015-04-13,HAS,44.432983,44.89034,44.197372,44.26667,1232522.1
2015-04-14,HAS,44.190445,44.973495,44.10729,44.682453,1163494.2
2015-04-15,HAS,44.86262,45.035862,44.585434,44.91806,1743851.6
2015-04-16,HAS,44.91113,45.9582,44.46763,45.77041,2299522.5
2015-04-17,HAS,45.673393,45.936718,45.011612,45.65953,3137086
2015-04-20,HAS,48.50762,51.528954,48.27202,51.390366,11376627
2015-04-21,HAS,51.41115,51.799213,50.939934,50.967655,5629926.5
2015-04-22,HAS,50.565735,50.82213,49.692593,49.706455,5635378.5
2015-04-23,HAS,49.727245,50.122234,49.6233,49.692593,2923452
2015-04-24,HAS,50.205387,50.21232,49.484707,49.6233,2187345.2
2015-04-27,HAS,49.678738,49.8797,49.08971,49.204052,1516624.1
2015-04-28,HAS,49.276817,49.450058,48.7363,49.273354,1891440.5
2015-04-29,HAS,49.276844,49.618607,48.865326,49.207096,1413156.5
2015-04-30,HAS,49.046673,49.486084,48.76071,49.37449,1891687.5
2015-05-01,HAS,49.62558,50.371883,49.599075,49.981297,1888949.1
2015-05-04,HAS,50.399784,50.448605,49.214066,49.656967,1301062.8
2015-05-05,HAS,49.534904,49.65348,48.77466,48.949028,954267.7
2015-05-06,HAS,49.165245,49.221043,48.753735,49.095497,1135494.9
2015-05-07,HAS,49.360535,49.86272,49.32985,49.60466,1689031.8
2015-05-08,HAS,49.91852,50.141716,49.57676,49.674404,792487.75
2015-05-11,HAS,49.911545,50.399784,49.68835,50.218437,1811634.9
2015-05-12,HAS,49.953396,50.169613,49.283817,49.493057,1058580.6
2015-05-13,HAS,49.520958,49.701393,49.032726,49.13037,1243194.2
2015-05-14,HAS,49.248943,50.218437,48.990875,50.197514,1188396.9
2015-05-15,HAS,50.260284,50.581123,49.347984,50.49045,909549.44
2015-05-18,HAS,50.399784,50.434654,49.93247,50.197514,1070152.2
2015-05-19,HAS,50.281208,50.399784,49.772053,50.09987,924557.8
2015-05-20,HAS,50.03709,50.35793,49.7581,50.071968,1009387.7
2015-05-21,HAS,50.169613,50.73457,50.14869,50.60205,836044.6
2015-05-22,HAS,50.650875,50.929863,50.60205,50.84617,887851.3
2015-05-26,HAS,50.811295,51.027515,50.23936,50.343983,842020.44
2015-05-27,HAS,50.288185,50.70667,50.225414,50.49743,746146.5
2015-05-28,HAS,50.462555,50.783394,50.232384,50.5323,591908
2015-05-29,HAS,50.55323,50.741547,49.939445,50.30911,1467981.1
2015-06-01,HAS,50.18356,50.922894,49.89062,50.49045,899844.5
2015-06-02,HAS,50.260284,50.6718,49.8976,50.337006,882328.56
2015-06-03,HAS,50.720623,51.090286,50.399784,50.76247,1597942.2
2015-06-04,HAS,50.629948,50.957764,50.253315,50.35096,1157709.1
2015-06-05,HAS,50.455578,50.6718,49.8976,50.371883,1108780
2015-06-08,HAS,50.434654,50.922894,50.316082,50.455578,918290.94
2015-06-09,HAS,50.37886,50.769447,50.225414,50.253315,761215.06
2015-06-10,HAS,50.52533,50.90197,50.144295,50.703186,810129.9
2015-06-11,HAS,50.77642,51.250706,50.76247,51.104233,1282171.8
2015-06-12,HAS,50.860115,51.08331,50.455578,50.79037,1079407.1
2015-06-15,HAS,50.783394,50.978687,50.38583,50.83919,969086.8
2015-06-16,HAS,50.999615,51.264656,50.853146,50.943817,1052762.5
2015-06-17,HAS,50.999615,52.192303,50.943817,52.024902,1157930
2015-06-18,HAS,52.199272,52.87297,52.045834,52.652634,1127270.9
2015-06-19,HAS,52.764233,53.350113,52.541042,53.133896,1993685
2015-06-22,HAS,53.454735,53.8802,53.12692,53.44776,944734.75
2015-06-23,HAS,53.67095,54.39633,53.657005,54.2394,1709971.5
2015-06-24,HAS,54.39633,54.849693,54.235912,54.640446,2010098.4
2015-06-25,HAS,54.807846,55.038013,54.438183,54.696247,1467004.8
2015-06-26,HAS,54.5707,54.786922,53.859276,54.18709,1960545.6
2015-06-29,HAS,53.977844,54.208015,52.680534,52.72936,1359110.4
2015-06-30,HAS,52.938602,53.105995,52.091164,52.164402,2867213.2
2015-07-01,HAS,51.634315,53.189697,51.627342,52.854904,2664275
2015-07-02,HAS,52.708435,52.987427,52.199272,52.95255,2006894
2015-07-06,HAS,52.094654,53.27339,52.07373,52.90373,2012125.8
2015-07-07,HAS,52.673557,53.168774,52.394573,53.11995,1944209.6
2015-07-08,HAS,53.12692,54.05457,53.105995,53.740704,3062390.8
2015-07-09,HAS,54.012722,54.180115,52.90373,52.966503,2278859.5
2015-07-10,HAS,53.60818,54.173138,53.105995,53.859276,2336748
2015-07-13,HAS,53.894146,54.619522,53.566334,54.55675,1560528.9
2015-07-14,HAS,54.5707,55.058937,54.298683,54.884567,3474992.8
2015-07-15,HAS,54.807846,54.863644,54.326653,54.45213,1522157.8
2015-07-16,HAS,54.6544,55.093807,54.410282,54.696247,1525726.4
2015-07-17,HAS,54.696247,55.100784,53.915073,54.577675,3525479
2015-07-20,HAS,56.977005,58.881115,56.977005,57.99532,5727464.5
2015-07-21,HAS,57.116497,57.116497,55.770363,56.0912,4429707.5
2015-07-22,HAS,56.15398,56.26557,55.41465,55.69364,2061011.8
2015-07-23,HAS,55.742462,55.98658,55.135662,55.296078,1470979.1
2015-07-24,HAS,55.330956,55.65514,55.14263,55.547173,1690561.6
2015-07-27,HAS,55.540195,55.888935,55.17751,55.4565,1555323
2015-07-28,HAS,55.728516,55.728516,55.135662,55.49835,1628115.1
2015-07-29,HAS,55.63784,56.43994,55.31003,56.32835,1825684
2015-07-30,HAS,56.20909,56.3564,55.781193,56.110886,1474619.6
2015-07-31,HAS,56.131927,56.223125,55.135838,55.234043,2671796.2
2015-08-03,HAS,55.234043,55.430454,54.167873,54.53257,1407070.4
2015-08-04,HAS,54.53257,55.900448,54.3572,55.29718,1294277.9
2015-08-05,HAS,55.479557,55.872387,55.262104,55.58478,1039876.4
2015-08-06,HAS,55.739105,55.830296,53.943333,53.96438,2265027
2015-08-07,HAS,53.908257,54.672867,53.662743,54.301086,1539722.6
2015-08-10,HAS,54.827194,55.802242,54.757042,55.77418,1597771.8
2015-08-11,HAS,55.213,55.61284,55.016586,55.507618,1628628.2
2015-08-12,HAS,55.234043,55.823284,54.876297,55.760147,1607611.1
2015-08-13,HAS,55.872387,56.735195,55.718063,56.503716,1091986.6
2015-08-14,HAS,56.69311,56.819374,56.216106,56.615948,741029.8
2015-08-17,HAS,56.258194,56.74923,55.935516,56.55282,812009
2015-08-18,HAS,56.41252,56.579468,56.005665,56.38446,932476.75
2015-08-19,HAS,56.04074,56.12492,55.423443,55.823284,1053512
2015-08-20,HAS,55.18494,56.068798,54.602715,54.61675,1149930.4
2015-08-21,HAS,54.32914,54.3572,52.736797,52.736797,2106386.8
2015-08-24,HAS,48.969883,51.579365,42.35499,49.930904,3415871
2015-08-25,HAS,50.976097,51.488174,50.14485,50.17642,3902053.2
2015-08-26,HAS,51.403996,51.403996,49.874783,51.060276,2652769.2
2015-08-27,HAS,51.551308,52.891125,50.983112,52.70874,1684027.4
2015-08-28,HAS,52.53337,53.424244,52.365017,52.968285,1552213.4
2015-08-31,HAS,52.666653,53.150665,52.26681,52.322926,1771842.5
2015-09-01,HAS,51.881,51.881,50.555214,50.870876,1607529.8
2015-09-02,HAS,52.294872,52.70874,51.82488,52.26681,4150424.5
2015-09-03,HAS,53.312008,54.32914,52.996346,53.915276,2582924.8
2015-09-04,HAS,53.255886,53.61364,52.750824,52.87008,2247903
2015-09-08,HAS,53.76095,53.781994,52.90515,53.515434,1873817.8
2015-09-09,HAS,53.95035,54.10467,52.70172,52.806946,1413227.5
2015-09-10,HAS,52.750824,53.781994,52.61755,53.33305,1058326.1
2015-09-11,HAS,53.07351,53.8802,52.778885,53.83811,1082714.8
2015-09-14,HAS,53.83811,54.89734,53.655796,54.420338,1377381.5
2015-09-15,HAS,54.343174,55.704037,54.343174,55.472546,1683830.6
2015-09-16,HAS,55.423443,56.38446,55.00256,56.29327,1616535.1
2015-09-17,HAS,55.479557,56.019695,54.223927,54.371235,2325345.8
2015-09-18,HAS,53.831097,54.486977,53.774982,54.05557,1982645.8
2015-09-21,HAS,54.3572,54.911366,53.803036,54.146763,1097612
2015-09-22,HAS,53.283947,53.70483,52.63859,52.996346,1466378.4
2015-09-23,HAS,53.199768,53.29798,52.631577,52.87709,1254987.8
2015-09-24,HAS,52.631577,52.975296,51.411015,52.365017,1332498.9
2015-09-25,HAS,52.659637,52.93321,52.168606,52.57546,846908.4
2015-09-28,HAS,52.40009,52.57546,50.57626,50.5973,1204563.9
2015-09-29,HAS,50.723568,51.186543,50.22552,50.99013,1386227.1
2015-09-30,HAS,50.674465,50.91998,49.4539,50.604317,3250841.5
2015-10-01,HAS,50.84983,51.06729,49.622253,50.28164,2326950.8
2015-10-02,HAS,49.439873,50.17642,49.18033,50.057167,1713864.5
2015-10-05,HAS,50.464024,51.81787,50.44298,51.65653,1711603.5
2015-10-06,HAS,51.579365,51.84593,50.66044,51.10938,1089682.9
2015-10-07,HAS,50.625362,51.98622,50.541187,51.502205,1389181
2015-10-08,HAS,51.15848,52.449192,51.07753,51.76877,1877492.9
2015-10-09,HAS,51.902042,52.379044,51.5934,52.154575,1330906.5
2015-10-12,HAS,52.014282,52.372036,51.754734,52.21771,1386924.2
2015-10-13,HAS,52.098454,52.95706,51.98629,52.000248,1631860
2015-10-14,HAS,51.98622,52.435165,51.542187,51.67757,1423282
2015-10-15,HAS,51.909058,52.863064,51.78981,52.842022,1683836.2
2015-10-16,HAS,53.017387,54.651825,52.350986,54.56063,3804289
2015-10-19,HAS,53.85214,54.364216,49.67837,50.632378,7631269
2015-10-20,HAS,50.45701,52.05637,50.05015,51.165497,3176760.2
2015-10-21,HAS,51.523247,52.24577,51.432056,51.902042,2192911.8
2015-10-22,HAS,52.16159,53.859154,52.112488,53.845127,3030491
2015-10-23,HAS,54.18885,55.58478,54.027508,55.325237,3629728
2015-10-26,HAS,54.890324,55.71982,54.81316,54.93241,2711390
2015-10-27,HAS,54.5466,55.058674,54.33616,54.869278,1728241.4
2015-10-28,HAS,54.883305,55.065693,54.3572,54.84122,1177248.6
2015-10-29,HAS,54.643646,54.918842,54.28025,54.86239,978759.9
2015-10-30,HAS,54.700092,54.841152,54.206158,54.213215,1510862.1
2015-11-02,HAS,54.530746,54.562496,54.086205,54.502518,1632017
2015-11-03,HAS,54.396675,54.693043,54.312004,54.49547,1679920.6
2015-11-04,HAS,54.657757,54.86239,54.177933,54.34023,1053550.2
2015-11-05,HAS,54.608364,54.947067,53.92391,54.375507,830407.8
2015-11-06,HAS,54.1991,55.518623,54.12854,55.208145,998326.9
2015-11-09,HAS,55.038795,55.56096,54.551914,55.31399,1663115.8
2015-11-10,HAS,55.504513,56.373768,55.29995,56.315975,1294430.1
2015-11-11,HAS,56.35832,56.400654,55.186977,55.441,1524335.2
2015-11-12,HAS,55.59624,56.192497,54.72832,54.932953,1714969
2015-11-13,HAS,54.700092,54.820053,53.42997,53.6346,1463750.8
2015-11-16,HAS,53.556984,54.036808,52.37859,53.46525,1965458.8
2015-11-17,HAS,53.14772,53.500534,52.300972,52.75257,2602862
2015-11-18,HAS,52.99954,53.401745,52.442093,53.324127,1825417.1
2015-11-19,HAS,53.401745,54.33317,53.07716,53.345295,1929801
2015-11-20,HAS,53.613434,53.867455,53.232395,53.267673,1891693
2015-11-23,HAS,53.345295,54.22027,52.25863,53.05599,2017044.1
2015-11-24,HAS,52.667892,53.415855,52.32214,53.401745,1233017.9
2015-11-25,HAS,53.627544,54.11443,52.780796,53.952133,816153.8
2015-11-27,HAS,53.853344,54.177864,53.0701,53.183002,643199.44
2015-11-30,HAS,53.31707,53.31707,51.418938,51.574173,2633952
2015-12-01,HAS,52.03283,52.1669,50.854435,51.602398,2541690.8
2015-12-02,HAS,51.616512,51.764694,50.970863,51.164913,1618763.6
2015-12-03,HAS,51.50361,51.616512,49.17505,49.6831,4407643.5
2015-12-04,HAS,49.534916,49.746605,47.784966,48.483536,4322580
2015-12-07,HAS,48.58232,48.998642,48.391804,48.58232,1730105.9
2015-12-08,HAS,48.998642,50.346386,48.688168,49.266777,2306070
2015-12-09,HAS,48.86457,49.64076,47.89786,48.27185,2295057
2015-12-10,HAS,48.476475,48.575264,48.046043,48.13778,2304424.8
2015-12-11,HAS,47.74263,48.81236,47.629726,48.243626,3026788
2015-12-14,HAS,48.63877,49.09743,48.384747,48.822235,2259813.2
2015-12-15,HAS,49.273838,49.937122,48.631714,48.822235,2004323.5
2015-12-16,HAS,49.10448,50.127644,48.017822,48.836346,2163080.5
2015-12-17,HAS,48.79401,48.836346,46.804146,46.84648,2781639.5
2015-12-18,HAS,46.782978,47.192238,46.084404,46.451336,3481826.8
2015-12-21,HAS,46.895878,47.149902,45.80216,46.084404,2292961
2015-12-22,HAS,46.317265,47.142845,46.154972,47.11462,1312701.9
2015-12-23,HAS,47.55211,47.799076,46.472504,47.46038,2552812.8
2015-12-24,HAS,47.354534,48.046043,47.276917,47.714405,591279.56
2015-12-28,HAS,47.559166,47.89786,47.13586,47.735573,909289.56
2015-12-29,HAS,47.99665,48.52587,47.615616,48.28596,1306406.8
2015-12-30,HAS,48.19423,48.4165,47.60856,47.629726,810812.44
2015-12-31,HAS,47.538,47.88728,47.43215,47.53094,1265183.8
2016-01-04,HAS,46.8112,47.262806,46.232586,47.248688,1721733.1
2016-01-05,HAS,47.488605,48.33528,47.283974,48.109554,2353943.8
2016-01-06,HAS,47.11462,50.16998,47.00172,49.316174,4669565.5
2016-01-07,HAS,48.335354,49.60548,48.003708,48.772842,2562344.8
2016-01-08,HAS,48.86457,49.090374,47.919037,48.010765,1744551.2
2016-01-11,HAS,48.462364,49.48552,48.180115,49.40085,1807509.5
2016-01-12,HAS,49.598423,50.085308,49.266777,49.97946,1494437
2016-01-13,HAS,49.767773,50.09942,48.314186,48.321243,1855693.8
2016-01-14,HAS,48.65288,49.901844,48.1943,49.534916,1908074.2
2016-01-15,HAS,48.483536,50.984974,48.345936,50.854435,3448313.2
2016-01-19,HAS,51.25664,51.346188,48.86457,49.711323,2409651.8
2016-01-20,HAS,48.90691,49.506695,47.418037,49.203274,2146912
2016-01-21,HAS,49.316174,51.023785,48.804596,50.76976,1906783.1
2016-01-22,HAS,51.665905,51.94816,50.811535,51.447166,1469141.8
2016-01-25,HAS,51.313095,51.672966,49.915955,50.03591,2264461.5
2016-01-26,HAS,50.473396,51.073177,50.050022,51.0379,1461117.6
2016-01-27,HAS,51.228416,51.468334,49.877144,50.21232,1191497.4
2016-01-28,HAS,50.854435,51.2637,49.838333,51.05201,1352312
2016-01-29,HAS,51.37157,52.777653,50.917084,52.749245,1865092.5
2016-02-01,HAS,52.53621,52.685337,51.512894,52.387074,3310662.5
2016-02-02,HAS,52.61432,53.942284,52.15983,52.791855,4024205.8
2016-02-03,HAS,53.08301,54.112717,52.756348,53.260548,3357164.5
2016-02-04,HAS,52.96229,55.710533,52.45099,53.899677,6475144
2016-02-05,HAS,53.899677,54.602715,52.5078,52.62142,3490605.8
2016-02-08,HAS,52.806057,53.878372,51.357372,53.338665,5491503.5
2016-02-09,HAS,52.56461,53.45939,50.37738,51.08752,3514650.2
2016-02-10,HAS,51.314766,51.60237,50.831867,51.25085,2576753
2016-02-11,HAS,49.574917,50.34187,48.939342,49.39738,2363947.2
2016-02-12,HAS,49.709846,50.025856,48.71565,49.76666,3623525.8
2016-02-16,HAS,50.27796,50.725346,50.05781,50.44839,1985703.9
2016-02-17,HAS,51.10882,51.627224,50.576218,51.165634,2151540
2016-02-18,HAS,51.25085,51.90418,51.016502,51.32186,2131924.2
2016-02-19,HAS,51.265057,51.33252,50.56201,51.18694,1591757.9
2016-02-22,HAS,52.06041,52.96229,51.485195,52.933884,1418783.8
2016-02-23,HAS,52.62142,53.154026,52.53621,52.912582,1456856.5
2016-02-24,HAS,52.394176,53.842865,52.19534,53.793156,1435876.1
2016-02-25,HAS,53.743443,54.11982,53.019104,54.063004,1222114.2
2016-02-26,HAS,54.32576,54.71634,53.970688,54.29025,946889.9
2016-02-29,HAS,54.283154,54.37547,53.359966,53.878372,1124647.6
2016-03-01,HAS,54.020397,55.028797,53.622723,54.993294,1084479.5
2016-03-02,HAS,54.87967,56.108215,54.32576,56.058506,1556287.5
2016-03-03,HAS,56.23604,56.38517,55.68213,56.022995,1362786.4
2016-03-04,HAS,55.90227,56.21118,55.050102,55.32706,1293167.8
2016-03-07,HAS,55.07141,56.14372,55.07141,55.817055,970067
2016-03-08,HAS,55.312855,56.321255,55.248943,55.802853,1090479.8
2016-03-09,HAS,56.022995,56.16502,55.334156,55.390972,1087604.2
2016-03-10,HAS,55.731842,55.923576,55.0359,55.348362,1472739.2
2016-03-11,HAS,55.689228,55.93068,55.177925,55.37677,1668079.4
2016-03-14,HAS,55.227634,55.852562,55.114017,55.675026,1247927.5
2016-03-15,HAS,55.256042,55.74604,55.256042,55.731842,2198994
2016-03-16,HAS,55.710533,56.008793,55.362564,55.667923,1010473.06
2016-03-17,HAS,55.625317,56.25024,55.27025,55.824158,1430299.8
2016-03-18,HAS,55.90227,56.0656,55.61111,55.738937,3157170.2
2016-03-21,HAS,55.5401,55.938133,54.968437,55.284447,1269464
2016-03-22,HAS,55.256042,55.632416,55.043003,55.447784,1032434.94
2016-03-23,HAS,55.37677,55.62368,54.979088,55.44068,1013959.7
2016-03-24,HAS,55.128216,55.37677,54.758945,54.893875,1411607.8
2016-03-28,HAS,55.08561,55.802853,54.979088,55.47619,1747965
2016-03-29,HAS,55.27025,55.61111,55.13532,55.554306,1251173.2
2016-03-30,HAS,55.88097,56.08691,55.61126,55.78155,1057627.1
2016-03-31,HAS,55.78155,57.0456,55.78155,56.882263,2775110.8
2016-04-01,HAS,56.50589,56.781284,55.888065,56.23604,1563825.4
2016-04-04,HAS,56.363865,57.123714,56.307053,56.598206,1391492
2016-04-05,HAS,56.626614,56.80415,55.234737,55.248943,1903986.2
2016-04-06,HAS,55.22054,56.662125,55.19213,56.626614,1466230.6
2016-04-07,HAS,56.09401,56.470383,55.128216,55.717636,1643006.9
2016-04-08,HAS,55.987488,56.243137,55.0359,55.93068,1383341.5
2016-04-11,HAS,56.321255,57.024296,56.11531,56.420673,1478657.8
2016-04-12,HAS,56.676323,57.50364,56.353214,57.478786,1580494
2016-04-13,HAS,57.5569,58.12501,57.50719,57.87646,1063334.4
2016-04-14,HAS,58.12501,58.203125,57.642117,57.75574,917070.44
2016-04-15,HAS,57.74864,58.66472,57.48588,58.522694,2130770.8
2016-04-18,HAS,62.02368,62.49238,60.056595,61.91006,5237426
2016-04-19,HAS,62.286434,62.86875,61.54079,61.796436,2495884.5
2016-04-20,HAS,60.51819,61.626003,60.48978,61.427166,2549993.5
2016-04-21,HAS,61.072094,61.88876,60.83775,61.64021,1685211.2
2016-04-22,HAS,61.718327,62.25803,61.604702,62.087597,2264355.8
2016-04-25,HAS,61.782238,62.20832,61.526585,61.952667,1581938.8
2016-04-26,HAS,61.981075,62.30064,61.562096,62.22962,1343411.4
2016-04-27,HAS,61.917164,62.478176,61.867455,61.895863,1027258.5
2016-04-28,HAS,61.595848,62.1173,60.767235,60.945812,1204721.4
2016-04-29,HAS,60.902954,60.93153,60.16006,60.460075,993321.8
2016-05-02,HAS,61.024387,61.674416,60.517223,61.138676,1031386
2016-05-03,HAS,60.781517,61.124393,60.588654,60.638657,688345.2
2016-05-04,HAS,60.417217,60.888664,60.038628,60.20292,1044934.5
2016-05-05,HAS,60.210064,60.295784,59.545746,59.68147,1672970.6
2016-05-06,HAS,59.588604,60.838665,59.53846,60.781517,1201239.8
2016-05-09,HAS,60.495792,61.745853,60.495792,61.510128,1294396.9
2016-05-10,HAS,60.93153,61.752995,60.53865,61.66728,1263031.4
2016-05-11,HAS,61.29583,61.617275,60.255775,60.36007,1298103.9
2016-05-12,HAS,60.352924,61.010105,60.252922,60.93153,972020.44
2016-05-13,HAS,60.888664,61.224396,60.688656,60.795807,1206441.9
2016-05-16,HAS,60.6458,61.402977,60.388645,61.04582,857051
2016-05-17,HAS,60.874382,61.245827,60.156487,60.45293,1047756.75
2016-05-18,HAS,60.417217,61.067245,59.902905,60.6458,1194392.6
2016-05-19,HAS,60.374355,60.81009,59.86005,60.62437,691352.25
2016-05-20,HAS,60.82438,61.09582,60.102913,60.281494,1221474.4
2016-05-23,HAS,60.46722,60.860092,60.09577,60.6958,640726.5
2016-05-24,HAS,60.82438,62.267303,60.724377,61.94586,1189428.5
2016-05-25,HAS,61.78871,62.23159,61.595848,61.974438,1054960.9
2016-05-26,HAS,62.1173,62.36731,61.617275,61.967293,723601.1
2016-05-27,HAS,61.64585,62.54589,61.64585,62.34588,579191.1
2016-05-31,HAS,62.338734,62.603035,61.73871,62.353024,901281.9
2016-06-01,HAS,61.84586,62.260166,61.552986,62.23159,1240621.2
2016-06-02,HAS,61.888714,62.23159,61.502983,61.953007,954472.3
2016-06-03,HAS,61.567272,61.731564,60.952957,61.281544,1009261.44
2016-06-06,HAS,61.688705,62.103012,61.395832,61.602985,962787.9
2016-06-07,HAS,61.595848,62.313736,61.531555,62.110153,990561.1
2016-06-08,HAS,62.017292,62.417313,61.888714,62.224445,513077.9
2016-06-09,HAS,61.953007,62.260166,61.217255,62.195873,735367.5
2016-06-10,HAS,61.867287,62.028008,61.067245,61.374405,625414.06
2016-06-13,HAS,61.267254,61.431553,60.745804,60.76009,640712.5
2016-06-14,HAS,60.6458,61.067245,60.345856,61.031532,1692443.8
2016-06-15,HAS,61.138676,61.978004,61.04582,61.445835,1038678.2
2016-06-16,HAS,61.067245,61.61013,60.42436,61.352974,994745.56
2016-06-17,HAS,61.302975,61.374405,60.617226,61.017242,1101993
2016-06-20,HAS,61.967293,62.217304,61.46727,61.5387,842634.5
2016-06-21,HAS,61.63156,62.017292,61.210114,61.302975,1361175
2016-06-22,HAS,61.388695,62.024437,61.18154,61.33869,720454.06
2016-06-23,HAS,61.888714,61.903004,61.09582,61.574413,1728136.4
2016-06-24,HAS,59.61003,60.142204,58.809998,58.83857,3669413.8
2016-06-27,HAS,58.48855,58.588554,57.388496,57.581364,1377470.1
2016-06-28,HAS,57.788517,59.302803,57.631367,59.117153,1800634.6
2016-06-29,HAS,59.417168,59.702896,59.117153,59.338593,2555345
2016-06-30,HAS,59.102863,60.09577,58.988575,59.995766,3233108.2
2016-07-01,HAS,60.038628,60.18149,59.66718,59.93148,1465481.1
2016-07-05,HAS,59.52432,59.69918,58.388546,58.809998,2075728.4
2016-07-06,HAS,58.759995,59.431454,58.674274,59.295734,4827848
2016-07-07,HAS,59.460026,59.867188,58.881428,59.367165,1821279.5
2016-07-08,HAS,59.717182,60.674374,59.413597,60.51008,4315748.5
2016-07-11,HAS,60.68151,61.36012,60.68151,61.07439,1018131.44
2016-07-12,HAS,61.245827,62.14587,61.245827,61.61013,1516731.2
2016-07-13,HAS,61.731564,62.110153,60.702946,61.102962,1163476.6
2016-07-14,HAS,61.474407,61.5387,60.852955,60.902954,930786.9
2016-07-15,HAS,61.00296,61.245827,60.660084,61.07439,1985900.2
2016-07-18,HAS,59.64825,60.18149,56.095577,57.01705,11115874
2016-07-19,HAS,57.724228,58.50284,57.289204,57.917095,4604575.5
2016-07-20,HAS,58.21711,58.338543,57.668083,58.095676,3076203.8
2016-07-21,HAS,58.281395,58.417118,57.474216,57.817093,1804432.6
2016-07-22,HAS,57.745655,57.888523,57.34564,57.43136,1509780.6
2016-07-25,HAS,57.324207,58.03853,57.117054,57.9671,2427585.8
2016-07-26,HAS,57.99567,58.28854,57.438503,57.774227,1413416.2
2016-07-27,HAS,57.731373,58.188538,57.509933,57.831375,1685221.5
2016-07-28,HAS,57.817,58.29144,57.651665,58.219555,1379802.1
2016-07-29,HAS,58.032658,58.622112,57.91045,58.392082,1327010.8
2016-08-01,HAS,58.24831,58.708374,58.226746,58.24112,1227821.6
2016-08-02,HAS,58.30582,58.539444,57.687607,57.795437,1397629.2
2016-08-03,HAS,57.658855,58.20518,57.608536,58.09016,1266304
2016-08-04,HAS,57.91764,58.464684,57.838566,57.91764,966974
2016-08-05,HAS,58.219555,58.988724,58.054222,58.86652,1528228.4
2016-08-08,HAS,58.701187,59.10374,58.499905,58.75869,874078.25
2016-08-09,HAS,58.801826,59.262608,58.463966,58.59336,1037271.1
2016-08-10,HAS,58.68681,59.039043,58.21237,59.031857,912525.8
2016-08-11,HAS,59.09655,59.606934,58.902466,59.556614,939306.1
2016-08-12,HAS,59.513485,59.53505,59.031857,59.24751,863085.6
2016-08-15,HAS,59.240326,59.48473,58.701187,58.794636,1021078.56
2016-08-16,HAS,58.744316,58.837765,57.838566,58.118916,1339224.8
2016-08-17,HAS,58.15486,58.363327,57.79551,58.269875,918979.2
2016-08-18,HAS,58.20518,58.363327,57.86732,57.989525,922178.75
2016-08-19,HAS,57.737926,58.09735,57.658855,58.003902,857689.5
2016-08-22,HAS,57.773872,58.19799,57.773872,58.025467,1010652.2
2016-08-23,HAS,58.34895,59.29064,57.997433,59.04623,986293.75
2016-08-24,HAS,59.132496,59.132496,58.30582,58.3777,576364.7
2016-08-25,HAS,58.169235,58.341763,57.92483,58.09735,605248.4
2016-08-26,HAS,58.183617,59.04623,58.111725,58.48553,888600.06
2016-08-29,HAS,58.4424,58.77307,58.1908,58.650864,521400.4
2016-08-30,HAS,58.67962,59.125305,58.521477,59.10374,960446.9
2016-08-31,HAS,58.91684,59.102306,58.514286,58.75869,990951.2
2016-09-01,HAS,58.53585,58.888084,58.068596,58.672432,770405.5
2016-09-02,HAS,58.888084,59.628498,58.82339,59.59975,793884.7
2016-09-06,HAS,59.606934,59.843437,58.93129,59.455975,1120653
2016-09-07,HAS,59.4416,59.614124,58.87371,59.405655,772649.4
2016-09-08,HAS,59.362526,59.43441,58.420834,58.4424,1087308.1
2016-09-09,HAS,58.111725,58.2555,57.3785,57.457577,1252782.4
2016-09-12,HAS,57.004704,57.666042,56.846558,57.47914,1390213.2
2016-09-13,HAS,57.184418,57.34975,55.717964,55.998314,1826132.5
2016-09-14,HAS,56.113327,56.314606,55.581383,55.868923,1079118.6
2016-09-15,HAS,55.85454,56.1924,55.495117,55.890488,1377588.9
2016-09-16,HAS,55.531063,55.90486,55.207584,55.545437,2136423.2
2016-09-19,HAS,55.63889,56.249912,55.365726,55.588573,1024033.3
2016-09-20,HAS,55.933617,56.10197,55.545437,55.617325,801346.6
2016-09-21,HAS,55.861732,56.832176,55.80782,56.767483,858152.75
2016-09-22,HAS,57.2563,57.407257,56.609337,57.076588,1008348.5
2016-09-23,HAS,57.06221,58.295036,57.06221,57.622913,1099487.2
2016-09-26,HAS,57.493523,57.543842,56.781857,57.055023,1438037
2016-09-27,HAS,56.96876,57.773872,56.501507,57.414448,1433852.5
2016-09-28,HAS,57.615726,57.723553,57.044243,57.227547,1197983.6
2016-09-29,HAS,57.213165,57.745117,56.81061,57.069397,1275887.4
2016-09-30,HAS,57.033455,57.335373,56.68848,57.026268,1804370
2016-10-03,HAS,56.781857,58.075787,56.781857,57.896076,1566318.5
2016-10-04,HAS,56.91125,58.169235,56.91125,57.80981,1412720.1
2016-10-05,HAS,58.075787,58.082977,57.52946,57.824192,1234386.2
2016-10-06,HAS,57.92483,58.082977,57.615726,57.852947,1323350.8
2016-10-07,HAS,58.068596,58.068596,56.39368,57.004704,2207916.5
2016-10-10,HAS,57.42163,57.500706,56.97595,57.34975,1468367.4
2016-10-11,HAS,57.3785,57.3785,56.360615,56.566208,1549920
2016-10-12,HAS,56.46557,56.559017,55.63889,55.811413,2640016
2016-10-13,HAS,55.531063,55.531063,54.920044,55.07819,2181961.2
2016-10-14,HAS,55.423233,55.998314,54.73314,54.74752,4142170.8
2016-10-17,HAS,57.464767,59.53505,56.868122,58.8162,12958941
2016-10-18,HAS,59.0031,59.4416,57.752304,58.550224,3937535
2016-10-19,HAS,58.737125,58.841362,58.111725,58.15486,2251528
2016-10-20,HAS,58.183617,59.4416,57.939205,59.283455,2377635.2
2016-10-21,HAS,58.737125,59.570995,58.737125,59.52786,2252503.2
2016-10-24,HAS,59.944794,60.563004,59.834522,60.297028,2200326.8
2016-10-25,HAS,60.00949,60.336563,58.888084,59.8801,1703818.9
2016-10-26,HAS,59.86572,59.8801,59.06061,59.333775,884902.5
2016-10-27,HAS,59.405655,59.58537,58.981537,59.52786,1638840
2016-10-28,HAS,59.679752,60.55495,59.46276,60.22946,1541847
2016-10-31,HAS,60.359653,61.046795,60.22223,60.330727,1417511.9
2016-11-01,HAS,60.67791,60.706844,59.057713,59.46276,1744298.8
2016-11-02,HAS,59.404896,59.744846,58.52247,58.63096,1350082.4
2016-11-03,HAS,58.90582,59.18067,58.12465,58.79009,1662244.8
2016-11-04,HAS,59.253002,59.86058,58.638195,58.674362,1327542.8
2016-11-07,HAS,59.498928,59.86058,59.30363,59.76655,1274790.4
2016-11-08,HAS,59.665283,60.424755,59.57126,60.251163,972405.44
2016-11-09,HAS,59.115578,60.67791,58.26208,60.345192,1594560.8
2016-11-10,HAS,60.58388,61.220387,60.214996,60.685146,1530871
2016-11-11,HAS,60.648975,61.415684,60.431988,61.18422,1379532
2016-11-14,HAS,61.480778,63.448162,61.44461,63.07204,2873997.8
2016-11-15,HAS,62.999714,63.155228,61.524174,61.791798,1554529.1
2016-11-16,HAS,61.75563,62.225777,61.328884,61.712234,973599.94
2016-11-17,HAS,62.001556,62.345123,61.57119,62.16791,1018811.94
2016-11-18,HAS,62.298107,62.334347,60.9383,60.96,1012645.8
2016-11-21,HAS,61.263783,62.124516,61.114567,61.936455,1171461.6
2016-11-22,HAS,62.05219,62.67423,61.6833,62.39214,1483546.5
2016-11-23,HAS,62.175148,63.003334,62.175148,62.84782,1029439.56
2016-11-25,HAS,62.89845,63.621754,62.666992,63.607292,578795.94
2016-11-28,HAS,62.594666,62.74656,61.567574,61.806263,2659301
2016-11-29,HAS,61.574806,63.028645,61.574806,62.65253,1736770.9
2016-11-30,HAS,62.695927,63.014183,61.726696,61.762863,1527261.2
2016-12-01,HAS,61.661602,61.661602,60.435604,60.8515,1642698.2
2016-12-02,HAS,60.77917,61.292717,60.446453,60.74301,1218968.6
2016-12-05,HAS,61.220387,61.78456,60.927452,61.032326,1322066.5
2016-12-06,HAS,61.191456,61.466312,60.728542,61.07573,1331973.9
2016-12-07,HAS,61.08296,62.70316,60.81534,62.580196,1644638
2016-12-08,HAS,62.421074,63.194935,62.218544,62.732094,1272308.6
2016-12-09,HAS,62.63806,62.63806,61.673176,62.211315,1130705.5
2016-12-12,HAS,62.572968,63.339664,61.69777,62.131752,1681814.6
2016-12-13,HAS,61.878597,62.717625,61.24932,61.84243,1703621.5
2016-12-14,HAS,61.936455,62.435535,61.256554,61.538643,2004177.4
2016-12-15,HAS,61.704998,61.704998,59.57849,59.947372,2392159.8
2016-12-16,HAS,59.932907,61.13359,58.428436,58.493538,8571029
2016-12-19,HAS,57.93659,58.775623,56.960133,57.734066,3397026
2016-12-20,HAS,58.037853,58.638195,57.893192,58.565865,1536191
2016-12-21,HAS,58.500767,58.826256,57.763,57.871494,1207616.6
2016-12-22,HAS,57.632805,57.632805,55.94027,56.938435,2675319
2016-12-23,HAS,56.98183,57.43028,56.52615,56.678043,1282903.1
2016-12-27,HAS,56.923965,57.451977,56.367023,56.562313,1617696.2
2016-12-28,HAS,56.345325,56.417656,55.969204,56.1428,1282741.4
2016-12-29,HAS,56.265762,56.801003,55.83901,56.367023,1676115.8
2016-12-30,HAS,56.562313,56.88057,56.00537,56.265762,1451149.2
2017-01-03,HAS,56.49722,57.755764,56.49722,57.7196,2419519
2017-01-04,HAS,57.611107,58.985382,57.611107,58.544167,2601358.5
2017-01-05,HAS,58.334408,60.8949,57.36518,60.547714,4599355.5
2017-01-06,HAS,60.431988,60.67791,59.18791,59.940144,3035500
2017-01-09,HAS,60.026936,60.323494,59.433826,59.744846,1840546.1
2017-01-10,HAS,59.903976,60.178757,59.67252,59.932907,1358639
2017-01-11,HAS,59.708687,60.01804,59.130043,59.658054,1851690.9
2017-01-12,HAS,59.498928,60.699608,58.811787,60.359653,1826081.9
2017-01-13,HAS,60.50432,60.714077,60.22946,60.65621,1596944.2
2017-01-17,HAS,60.54048,61.639904,60.43994,61.603737,2286648
2017-01-18,HAS,61.712234,61.733932,60.844273,61.155293,2527381
2017-01-19,HAS,61.415684,61.676067,60.46092,60.59111,1270554.2
2017-01-20,HAS,60.79364,61.27102,60.48985,60.75024,1314151.4
2017-01-23,HAS,60.8515,61.191456,60.48262,60.699608,1340542.9
2017-01-24,HAS,60.79364,61.950924,60.79364,61.806263,1564585.8
2017-01-25,HAS,62.283646,63.006947,62.20408,62.75379,2037536.8
2017-01-26,HAS,58.674362,59.383198,58.023388,58.95645,5838280
2017-01-27,HAS,58.89135,59.765823,58.86965,59.737614,2280490.2
2017-01-30,HAS,59.679398,60.753624,59.366444,60.67648,1836225
2017-01-31,HAS,60.363525,60.53092,59.686676,60.050575,2512393.8
2017-02-01,HAS,60.02874,60.108795,59.53384,59.774006,1738094.8
2017-02-02,HAS,59.730343,60.09606,59.34461,59.99963,1324218.6
2017-02-03,HAS,60.254356,60.57459,59.83951,60.137905,2550680.5
2017-02-06,HAS,68.49303,70.11601,67.90351,68.63858,16945280
2017-02-07,HAS,68.616745,71.0112,67.8744,69.12621,8857318
2017-02-08,HAS,69.25721,70.39986,69.14076,70.31979,3448096.5
2017-02-09,HAS,70.24701,71.51338,70.17788,71.134926,2439590.8
2017-02-10,HAS,71.127655,71.32416,70.62547,71.05487,1894143.6
2017-02-13,HAS,71.51338,71.87728,71.31688,71.41877,2427116
2017-02-14,HAS,71.58617,71.749916,70.98937,71.1786,2718735.5
2017-02-15,HAS,70.92387,71.36782,70.86418,71.2077,1388574.4
2017-02-16,HAS,71.25138,71.46971,70.80742,71.06215,1229276
2017-02-17,HAS,70.96026,71.78995,70.465355,71.68806,2146926.8
2017-02-21,HAS,72.04467,72.29213,71.52066,71.964615,2148446.5
2017-02-22,HAS,71.92095,72.02284,71.549774,71.92095,1558859.4
2017-02-23,HAS,71.76083,72.0374,70.54541,70.63275,1426244.2
2017-02-24,HAS,70.50175,71.17132,70.23246,71.16404,1525501.2
2017-02-27,HAS,70.880196,71.04759,70.34891,70.98209,1487742.1
2017-02-28,HAS,70.97481,71.287766,70.4508,70.50175,1800173.8
2017-03-01,HAS,70.69097,71.749916,70.50902,71.27321,2063988.9
2017-03-02,HAS,71.23682,71.76811,70.80378,70.98209,1450856.9
2017-03-03,HAS,70.9457,71.25138,70.62547,71.142204,1412397
2017-03-06,HAS,70.96754,71.19315,70.60364,70.62547,1191636.4
2017-03-07,HAS,70.44352,71.15676,70.44352,70.74191,1404583
2017-03-08,HAS,70.763756,71.127655,70.53813,70.87292,1148660.1
2017-03-09,HAS,71.09126,71.229546,70.59272,70.85109,1375570.8
2017-03-10,HAS,71.23682,71.23682,70.763824,70.93842,1305040.2
2017-03-13,HAS,70.89476,71.25138,70.79286,71.09854,1255228.2
2017-03-14,HAS,71.23682,71.85399,70.95298,71.45516,1296342.8
2017-03-15,HAS,71.55705,72.65603,71.27321,72.423134,1741025.5
2017-03-16,HAS,72.5323,72.881645,72.059235,72.22662,1310407.1
2017-03-17,HAS,72.04467,73.18004,71.82634,72.9617,1842895.9
2017-03-20,HAS,72.939865,73.56577,72.43768,73.18004,1862250.1
2017-03-21,HAS,73.303764,73.507545,71.84817,71.87728,1124753.8
2017-03-22,HAS,71.797226,72.175674,71.345985,71.89184,2051114.5
2017-03-23,HAS,72.161125,72.94714,72.051956,72.728806,1371586.1
2017-03-24,HAS,72.78703,73.11454,72.575966,72.75792,1219328.1
2017-03-27,HAS,72.25574,72.56141,71.87,72.08835,1609620.8
2017-03-28,HAS,72.09562,72.77247,71.52794,72.34307,1271290.4
2017-03-29,HAS,72.08835,72.55414,71.9355,72.525024,1126006.9
2017-03-30,HAS,72.31396,72.56869,72.12473,72.474075,913795.4
2017-03-31,HAS,72.48863,73.17276,72.372185,72.64875,1154758
2017-04-03,HAS,72.70697,73.03448,72.21935,72.48135,1818134.9
2017-04-04,HAS,72.21935,72.641464,71.04031,71.21499,1189105.5
2017-04-05,HAS,71.331436,71.47699,70.108734,70.27612,2779586.2
2017-04-06,HAS,70.22518,70.50902,69.897675,70.18151,2196002.2
2017-04-07,HAS,70.37074,70.42896,69.533775,69.686615,1334288.8
2017-04-10,HAS,69.77395,69.97045,68.966095,69.70844,1106392.9
2017-04-11,HAS,69.45372,70.108734,69.04615,70.07962,1166537.4
2017-04-12,HAS,70.0214,70.58908,69.61019,70.20335,1300272.4
2017-04-13,HAS,69.948616,70.254295,69.47555,69.50466,1258637.1
2017-04-17,HAS,69.67933,70.00648,69.19171,69.744835,974783.5
2017-04-18,HAS,69.69389,70.00684,69.435524,69.642944,925637.94
2017-04-19,HAS,69.98501,70.23974,69.12621,69.51194,1350132.4
2017-04-20,HAS,69.88312,70.27612,69.51558,69.87584,1399316.4
2017-04-21,HAS,69.024315,70.24701,68.989456,69.890396,2744914.5
2017-04-24,HAS,74.439125,75.79283,72.54685,74.017006,7852411
2017-04-25,HAS,73.63127,74.81759,73.456604,73.92239,2354413
2017-04-26,HAS,73.77683,74.228065,73.43113,73.53666,1552144.6
2017-04-27,HAS,73.78551,73.95386,72.99503,73.57325,1755285.5
2017-04-28,HAS,73.41223,73.45615,72.09476,72.54124,2015753
2017-05-01,HAS,72.81205,72.81205,71.736115,72.2997,1799399.2
2017-05-02,HAS,72.753494,73.21095,72.449745,72.95111,1335292.5
2017-05-03,HAS,72.93648,73.134094,72.219185,72.51928,1129168
2017-05-04,HAS,72.680305,72.98039,72.39485,72.73154,1075011
2017-05-05,HAS,72.89988,73.353676,72.54855,73.339035,667471.4
2017-05-08,HAS,73.52202,73.75623,72.93648,73.00967,588128.75
2017-05-09,HAS,72.89988,74.07096,72.77545,74.063644,1494917.9
2017-05-10,HAS,74.01241,74.55403,73.719635,74.52476,1490289
2017-05-11,HAS,74.12219,74.305176,73.52202,74.202705,804304.8
2017-05-12,HAS,73.96849,74.32714,73.81479,74.19539,645762.94
2017-05-15,HAS,74.09292,74.52476,73.83675,74.13683,686850.4
2017-05-16,HAS,74.01972,74.07828,73.631805,73.93921,889082.44
2017-05-17,HAS,73.595215,73.98313,72.75716,72.80473,974339.6
2017-05-18,HAS,72.716896,73.06822,72.182594,72.84864,914009.8
2017-05-19,HAS,72.87792,74.3491,71.92378,73.961174,1023217.5
2017-05-22,HAS,73.69036,74.71506,73.55862,74.114876,1069418.9
2017-05-23,HAS,74.40033,74.458885,73.563736,73.90994,831213.25
2017-05-24,HAS,74.458885,76.20087,74.31616,76.09108,1600392.9
2017-05-25,HAS,76.39848,76.720535,76.10572,76.24478,1303853.6
2017-05-26,HAS,76.40581,76.69858,75.91542,76.27406,870983.6
2017-05-30,HAS,76.21551,76.58879,75.9081,76.29602,688007.6
2017-05-31,HAS,76.44972,77.13773,76.12768,77.04259,908576.2
2017-06-01,HAS,77.0865,77.89894,76.786415,77.562256,1019300.44
2017-06-02,HAS,77.67204,79.07734,77.291435,78.43324,1445660.1
2017-06-05,HAS,78.34541,78.96023,78.02344,78.90168,1431929.2
2017-06-06,HAS,78.74797,79.6702,78.14047,79.048065,921841.2
2017-06-07,HAS,79.17981,79.45062,78.894356,79.340836,866547.4
2017-06-08,HAS,79.12858,79.56041,78.82117,79.42135,717114.4
2017-06-09,HAS,80.08008,80.35821,78.806526,78.97487,987621
2017-06-12,HAS,78.66014,79.61164,78.40397,79.37011,968272.06
2017-06-13,HAS,79.43598,80.95839,78.96755,80.585106,1271760.2
2017-06-14,HAS,80.7315,80.86324,79.721436,80.00688,1186535.8
2017-06-15,HAS,79.64092,81.25116,79.311554,79.77267,2339012.2
2017-06-16,HAS,79.20177,80.76809,79.20177,80.24842,1806488.8
2017-06-19,HAS,81.500015,81.80926,80.70222,81.463425,943732.75
2017-06-20,HAS,81.34631,81.85134,81.02426,81.52197,964849.6
2017-06-21,HAS,81.66836,81.92453,80.914474,81.40487,741477.44
2017-06-22,HAS,81.8733,81.8733,80.68026,80.85592,665085.9
2017-06-23,HAS,83.06634,83.06634,80.75345,81.9099,2008688
2017-06-26,HAS,82.09288,82.14923,81.19993,81.85866,1111317.9
2017-06-27,HAS,81.639084,82.04164,80.724174,80.81932,1279841.6
2017-06-28,HAS,81.04623,81.94649,80.67294,81.11209,837399.6
2017-06-29,HAS,81.016945,81.16333,79.73608,80.55583,1156980.9
2017-06-30,HAS,81.2292,82.034325,80.85592,81.61713,1049608.1
2017-07-03,HAS,82.04164,82.22462,80.67294,81.053535,521708.12
2017-07-05,HAS,80.81932,82.707695,80.68758,81.97577,1013534.8
2017-07-06,HAS,81.43414,82.22462,80.760765,81.33167,879520
2017-07-07,HAS,81.6464,82.11484,81.35363,81.92453,633280.8
2017-07-10,HAS,81.99773,82.52471,81.29493,82.070915,584543.7
2017-07-11,HAS,82.30513,82.34173,81.36827,82.19535,722705.06
2017-07-12,HAS,82.8614,82.90531,82.11484,82.68574,566603.3
2017-07-13,HAS,82.53935,83.00779,81.77083,81.78547,950348.1
2017-07-14,HAS,82.15143,83.00779,81.9904,82.810165,619935.2
2017-07-17,HAS,82.93459,82.99315,82.42224,82.59058,637192.4
2017-07-18,HAS,82.605225,83.20445,82.18803,83.000465,637957.5
2017-07-19,HAS,83.16881,83.82754,82.6711,83.4689,798200.4
2017-07-20,HAS,83.62992,84.17155,82.22162,84.09836,875010
2017-07-21,HAS,84.03248,85.04986,83.966606,84.866875,1804958.5
2017-07-24,HAS,81.360954,81.675674,75.88614,76.85228,7809224
2017-07-25,HAS,78.601585,78.766266,76.354645,77.81843,4305734
2017-07-26,HAS,77.430504,78.09656,76.93279,77.6574,1559529.5
2017-07-27,HAS,77.79647,78.05996,76.85301,78.05264,1323238
2017-07-28,HAS,78.060005,78.1851,77.38301,77.80981,1774037.8
2017-07-31,HAS,77.78037,78.00114,77.41112,77.91283,1827556.1
2017-08-01,HAS,78.060005,78.58982,77.65528,77.96434,1650326.8
2017-08-02,HAS,77.6332,78.3985,75.98488,77.09602,2093226.4
2017-08-03,HAS,77.36093,77.7951,76.09526,76.48527,1371394.5
2017-08-04,HAS,76.750175,76.76489,75.67685,76.15412,1359540.4
2017-08-07,HAS,76.271866,76.42639,75.73469,75.808266,1121402.5
2017-08-08,HAS,75.786194,76.05479,74.5058,74.63825,1606827.9
2017-08-09,HAS,74.32184,74.35863,73.40201,73.585976,2141230
2017-08-10,HAS,73.26219,73.5639,71.87782,71.981804,1663160.6
2017-08-11,HAS,72.106895,72.379166,71.42991,71.78312,2059546
2017-08-14,HAS,72.46747,72.85011,72.11426,72.29086,1281691.2
2017-08-15,HAS,72.32765,72.59992,71.93029,72.35709,1233032.5
2017-08-16,HAS,72.29822,73.29163,72.20256,72.82068,1199364.4
2017-08-17,HAS,72.585205,72.87219,71.4667,71.49614,1134910.5
2017-08-18,HAS,71.17972,71.31217,69.99498,70.28197,1902176.4
2017-08-21,HAS,70.3114,70.39235,69.65649,69.78893,2350019.8
2017-08-22,HAS,69.90668,70.012344,69.4578,69.57554,3031210.8
2017-08-23,HAS,69.60497,69.60497,68.97214,69.111946,2196031.2
2017-08-24,HAS,69.29591,70.20102,69.214966,69.943474,2479895
2017-08-25,HAS,70.11272,70.68668,69.965546,70.05385,1342966.5
2017-08-28,HAS,70.12008,70.23781,69.52403,69.63441,1482796.1
2017-08-29,HAS,69.443085,70.07593,69.40703,69.78158,1575328.8
2017-08-30,HAS,69.87724,70.38499,69.55346,70.11272,1517968.6
2017-08-31,HAS,70.64253,72.34237,70.5947,72.29822,2293255
2017-09-01,HAS,72.44539,72.91634,71.97444,72.36445,1456429.8
2017-09-05,HAS,71.650665,71.71689,70.024414,70.28932,1873467
2017-09-06,HAS,70.38499,70.524796,67.80948,68.92062,4532261.5
2017-09-07,HAS,68.91327,69.317986,67.97137,68.19212,1907341.8
2017-09-08,HAS,68.01552,69.45044,67.379,69.23704,1843358
2017-09-11,HAS,69.89196,71.03254,69.590256,70.49537,2234379.5
2017-09-12,HAS,70.59839,70.7897,69.4946,69.84781,2286323
2017-09-13,HAS,69.649124,70.70141,69.55346,70.6131,894295.44
2017-09-14,HAS,70.1863,70.59103,69.64177,69.95818,1197114
2017-09-15,HAS,69.921394,70.60574,69.65649,69.78893,1976335.9
2017-09-18,HAS,70.03177,70.35555,67.964005,68.611565,2441883.8
2017-09-19,HAS,68.46439,71.286415,68.36873,69.899315,2664664
2017-09-20,HAS,70.34819,70.34819,69.33271,70.28932,1773403.1
2017-09-21,HAS,70.30404,70.39235,69.42837,69.78893,2324913.2
2017-09-22,HAS,69.90668,70.958954,69.708,70.74556,2104830.5
2017-09-25,HAS,70.76763,71.41519,70.274605,71.08405,1582691.5
2017-09-26,HAS,71.40783,71.88982,71.15764,71.687454,1232945.5
2017-09-27,HAS,71.82727,71.92948,71.209145,71.49614,1211453.6
2017-09-28,HAS,71.3416,71.71689,70.752914,71.38576,1400347
2017-09-29,HAS,71.378395,72.01859,71.24594,71.87142,1269459.2
2017-10-02,HAS,71.63595,71.92293,71.19443,71.856705,1390112.8
2017-10-03,HAS,71.90822,72.165764,71.29009,71.79784,1420940.6
2017-10-04,HAS,71.76104,72.07746,71.44462,71.878784,967450.7
2017-10-05,HAS,72.07011,72.54105,71.003105,71.069336,1873365.1
2017-10-06,HAS,70.92952,70.9516,70.296684,70.83386,1801539
2017-10-09,HAS,71.01047,71.56972,70.73084,71.09877,853431.6
2017-10-10,HAS,71.03254,71.29745,70.70141,70.78235,875378.75
2017-10-11,HAS,70.568954,71.2533,70.568954,71.09141,1234969
2017-10-12,HAS,70.96632,71.35632,70.80443,71.08405,1085100.8
2017-10-13,HAS,71.503494,71.94501,71.02518,71.09877,1315300.9
2017-10-16,HAS,71.08405,71.56236,70.8633,71.47405,1710855.9
2017-10-17,HAS,71.584435,71.584435,70.90745,71.05462,2048739.6
2017-10-18,HAS,71.01783,71.32689,70.8633,71.172356,1116625.9
2017-10-19,HAS,71.13556,71.40783,70.7382,71.13556,1191165.9
2017-10-20,HAS,71.61387,72.79861,71.45198,72.254074,3085226.5
2017-10-23,HAS,68.20684,68.758736,65.241325,66.04341,9812209
2017-10-24,HAS,67.45626,69.16346,67.33117,68.405525,6040534
2017-10-25,HAS,68.34665,69.49666,68.14061,69.465164,3710345.5
2017-10-26,HAS,69.862526,70.24517,69.340065,69.85516,2733353.8
2017-10-27,HAS,69.796295,71.59916,69.170815,71.481415,3500903.5
2017-10-30,HAS,71.34896,71.34896,70.20102,70.25253,2897102.2
2017-10-31,HAS,70.06746,70.14297,68.246376,68.54248,2626675.2
2017-11-01,HAS,68.77197,69.090294,66.86205,66.97309,2504759.2
2017-11-02,HAS,67.41726,67.43947,66.09956,66.33645,1895477.1
2017-11-03,HAS,65.995926,67.37284,65.95891,67.135956,1440341
2017-11-06,HAS,67.12115,67.557915,66.884254,67.37284,951702.6
2017-11-07,HAS,67.187775,67.46168,66.00333,66.54373,1839888.8
2017-11-08,HAS,66.49191,66.55113,65.30006,65.89229,2202866.5
2017-11-09,HAS,65.38149,66.54373,65.08538,65.655396,2212556
2017-11-10,HAS,65.75903,67.8022,65.707214,67.69856,1920773
2017-11-13,HAS,70.14149,73.41352,70.14149,71.681274,7548787.5
2017-11-14,HAS,71.2297,72.029205,70.80034,71.05203,3219009.5
2017-11-15,HAS,70.77072,70.985405,69.60108,70.14149,1924136.6
2017-11-16,HAS,69.51965,71.31483,69.21688,70.99281,1306605
2017-11-17,HAS,71.11866,71.73309,70.84475,70.985405,1459995.8
2017-11-20,HAS,70.72631,71.04463,69.9268,70.34136,1306089
2017-11-21,HAS,70.82995,71.14086,70.237724,70.36357,969241.94
2017-11-22,HAS,70.4524,70.7189,70.204414,70.34876,637286.25
2017-11-24,HAS,70.556046,70.66708,70.02304,70.06746,397159.4
2017-11-27,HAS,70.267334,70.48942,69.20133,69.36419,950654.4
2017-11-28,HAS,69.423416,69.72694,69.075485,69.423416,1001691.9
2017-11-29,HAS,69.379,69.527054,68.705345,68.727554,1322813.8
2017-11-30,HAS,68.80898,69.527054,68.51288,68.8608,1452123
2017-12-01,HAS,68.5795,68.74976,66.765816,67.987274,1282083.2
2017-12-04,HAS,68.342606,69.48264,67.69856,68.20936,1590643.6
2017-12-05,HAS,68.04649,68.29079,66.64737,67.44687,2212518.2
2017-12-06,HAS,67.38765,68.00208,67.18037,67.224785,1930850.2
2017-12-07,HAS,67.2618,67.81701,67.09154,67.624535,1382850.6
2017-12-08,HAS,67.77999,68.0687,67.38765,67.63194,1261422.1
2017-12-11,HAS,67.48389,68.5869,67.36544,67.86143,1161381.5
2017-12-12,HAS,67.8022,68.342606,67.202576,68.12052,1315268
2017-12-13,HAS,68.394424,71.06683,68.12793,70.65968,2936721.8
2017-12-14,HAS,70.87437,71.92926,70.65968,70.970604,1733874.8
2017-12-15,HAS,71.355545,71.696075,69.53446,69.6381,3153343.8
2017-12-18,HAS,69.874985,70.30398,67.38024,67.7726,2243091.8
2017-12-19,HAS,67.83181,68.08351,66.799126,67.86143,2029780.5
2017-12-20,HAS,68.17234,68.51288,67.246994,67.44687,1343057.5
2017-12-21,HAS,68.12793,69.66031,67.76519,68.727554,1478672.5
2017-12-22,HAS,68.616516,69.3716,68.53508,69.24945,1048177
2017-12-26,HAS,69.504845,69.51928,68.312996,68.697945,745571.06
2017-12-27,HAS,68.80898,69.053276,67.506096,67.86143,1399661.8
2017-12-28,HAS,67.942856,68.12793,67.04712,67.75038,1104082.9
2017-12-29,HAS,67.71337,67.8022,66.68439,67.28401,1155474.2
2018-01-02,HAS,67.77999,68.29079,67.15076,68.16494,1653055.2
2018-01-03,HAS,68.305595,68.305595,66.58814,67.580124,2265975
2018-01-04,HAS,67.76519,68.0687,67.02491,67.15076,1744513.9
2018-01-05,HAS,67.49869,68.683136,66.61775,68.40923,2221162.2
2018-01-08,HAS,68.17975,69.060684,67.86883,68.97185,1698097.6
2018-01-09,HAS,69.17172,70.4524,68.846,69.54186,1789536.1
2018-01-10,HAS,69.39381,69.72694,68.04649,68.335205,1675049.6
2018-01-11,HAS,68.17234,68.5647,67.06933,68.40923,1646567.1
2018-01-12,HAS,68.5647,69.41601,68.0539,68.43884,1795061
2018-01-16,HAS,68.53508,68.757164,67.587524,67.65415,2055033.1
2018-01-17,HAS,67.69856,68.95704,67.528305,67.82442,1873588.1
2018-01-18,HAS,67.29882,68.20936,65.366684,67.0101,2580644
2018-01-19,HAS,67.05453,68.646126,66.28463,68.52027,2512968.2
2018-01-22,HAS,68.357414,68.46845,66.39197,67.2618,2290071.2
2018-01-23,HAS,67.994675,72.147644,66.65477,70.00083,4872185
2018-01-24,HAS,69.897194,71.755295,69.03107,70.89657,3180204
2018-01-25,HAS,71.42957,71.7627,70.49312,70.73371,1992494.6
2018-01-26,HAS,70.7189,71.14827,67.71337,69.134705,3572853
2018-01-29,HAS,69.105095,69.95642,68.712746,69.73433,1263692.9
2018-01-30,HAS,69.60108,70.31175,69.12286,69.78615,1826073.6
2018-01-31,HAS,70.322395,70.68735,69.90532,70.43411,1271717
2018-02-01,HAS,70.26281,71.722595,69.60741,71.30551,1963023.1
2018-02-02,HAS,70.56818,71.037384,69.823395,70.09897,2448109.5
2018-02-05,HAS,70.01704,70.337296,67.99868,68.02102,2673081
2018-02-06,HAS,67.477325,70.26281,66.94853,69.95746,3615412
2018-02-07,HAS,68.89242,77.0031,68.5945,76.13171,9761997
2018-02-08,HAS,75.23052,75.60291,71.707695,71.85665,4514976.5
2018-02-09,HAS,72.76528,73.71861,70.784164,72.78763,3909183.8
2018-02-12,HAS,73.29408,73.97929,71.75238,71.96837,1762880.2
2018-02-13,HAS,71.81941,72.5344,70.55328,71.17145,2669141.8
2018-02-14,HAS,70.87354,72.45248,70.516045,72.02795,1839712
2018-02-15,HAS,72.07263,72.85466,71.21614,72.51206,1706035.5
2018-02-16,HAS,72.41524,74.99219,71.27572,73.62179,3451146.8
2018-02-20,HAS,73.37601,73.69626,72.43013,72.81742,1884659.4
2018-02-21,HAS,73.12278,74.67193,72.67405,73.78564,2573613.2
2018-02-22,HAS,73.58455,73.77819,72.22904,72.474815,1914849.4
2018-02-23,HAS,72.39289,72.78018,71.476814,72.59399,1732032.4
2018-02-26,HAS,72.84721,73.65903,72.50834,73.37601,1652716.6
2018-02-27,HAS,73.64413,74.88419,72.40779,72.42268,1315310.9
2018-02-28,HAS,72.7057,73.34622,71.164,71.1789,1877053.1
2018-03-01,HAS,71.54384,72.13967,70.17344,70.3075,1545212.8
2018-03-02,HAS,69.9798,71.44702,69.67444,71.23848,1192778.5
2018-03-05,HAS,71.052284,72.363106,70.59052,72.094986,1031338.2
2018-03-06,HAS,72.094986,72.22904,71.037384,71.402336,942288.06
2018-03-07,HAS,71.08952,71.77473,70.11386,70.17344,1546869.6
2018-03-08,HAS,70.02448,70.221855,69.309494,69.54782,1160127.4
2018-03-09,HAS,67.83482,68.631744,66.91129,68.11784,4294309.5
2018-03-12,HAS,68.52003,68.65408,67.02673,67.082596,2659051.5
2018-03-13,HAS,67.43264,67.70821,66.39739,66.54635,1817290.8
2018-03-14,HAS,66.82937,67.03046,65.22809,65.93562,2791887.5
2018-03-15,HAS,65.823906,66.017555,65.01955,65.65261,2292614.5
2018-03-16,HAS,65.70474,66.06969,65.10892,65.347244,2588894.2
2018-03-19,HAS,64.87804,65.01135,64.043434,64.386475,2062885.8
2018-03-20,HAS,64.438614,64.69184,63.552322,63.82789,2197051
2018-03-21,HAS,64.03643,64.915276,63.61935,64.49819,2268187.2
2018-03-22,HAS,63.99919,64.09601,62.9416,63.05332,2628152.5
2018-03-23,HAS,63.49274,64.00664,62.606445,62.725613,2130317.5
2018-03-26,HAS,63.17248,63.440605,62.52452,63.366127,1013440.3
2018-03-27,HAS,63.72362,64.05058,62.234055,62.613895,1220097.9
2018-03-28,HAS,62.79264,63.51136,62.308537,62.4277,1412677.5
2018-03-29,HAS,62.531967,63.202274,62.531967,62.7852,1455812.2
2018-04-02,HAS,62.539417,63.209724,62.11489,62.375565,1952853.8
2018-04-03,HAS,62.733063,63.05332,62.271297,62.747955,1420432.8
2018-04-04,HAS,62.375565,63.611908,62.142075,63.433155,1115292.9
2018-04-05,HAS,63.924713,64.263596,63.53601,63.604458,920569
2018-04-06,HAS,62.986286,63.745964,62.472385,62.88202,1374980.6
2018-04-09,HAS,63.29165,64.1258,62.822433,62.89691,1321232
2018-04-10,HAS,63.671486,64.30247,63.25441,64.118355,1458255.9
2018-04-11,HAS,63.61935,65.48131,63.61935,65.041885,1469561.2
2018-04-12,HAS,65.10147,65.324905,64.31945,64.669495,1309557.5
2018-04-13,HAS,64.81845,65.48131,64.51309,65.362144,1554187.2
2018-04-16,HAS,65.86115,66.04735,65.45897,65.57069,1531665.2
2018-04-17,HAS,66.166504,66.33036,64.05132,64.09601,1962738.5
2018-04-18,HAS,64.33434,64.33434,63.477097,63.671486,3092204.5
2018-04-19,HAS,63.649143,63.85768,62.152126,62.55431,3616483.5
2018-04-20,HAS,62.889465,63.790653,61.407345,61.67547,3725929
2018-04-23,HAS,59.02404,64.70673,58.837845,64.1407,12804658
2018-04-24,HAS,64.93762,65.25043,63.75341,64.24497,4058773.5
2018-04-25,HAS,64.364136,65.04933,63.99174,64.773766,2405917.2
2018-04-26,HAS,64.86314,65.24298,62.911808,63.909817,3280250
2018-04-27,HAS,64.09601,65.89839,64.05132,65.06423,2318615.2
2018-04-30,HAS,65.26678,66.57211,65.116745,66.08449,1957485.9
2018-05-01,HAS,66.016975,66.07699,64.26902,65.55936,2934766.5
2018-05-02,HAS,64.32153,65.55185,64.32153,64.989204,1564702.9
2018-05-03,HAS,64.82417,65.07173,63.99895,64.599106,1734256.6
2018-05-04,HAS,64.299034,65.3643,64.224014,65.16926,1194220.9
2018-05-07,HAS,65.13925,66.22703,64.749146,66.03948,1843679.1
2018-05-08,HAS,65.77691,66.88615,65.09423,65.491844,1510538.2
2018-05-09,HAS,65.28928,65.349304,64.41907,65.02672,1388665.5
2018-05-10,HAS,65.37181,65.82192,64.86168,65.24428,840731.8
2018-05-11,HAS,65.44682,65.99447,65.07923,65.45433,1177533.1
2018-05-14,HAS,65.45433,65.57436,64.77915,64.989204,1053117.1
2018-05-15,HAS,64.71914,65.67939,64.71914,65.39431,1012062.4
2018-05-16,HAS,65.53685,66.35456,65.41682,66.22703,1022295.75
2018-05-17,HAS,66.08449,66.924706,66.04698,66.5196,1082400.2
2018-05-18,HAS,66.45209,66.80468,66.146,66.54961,1164719.1
2018-05-21,HAS,66.65463,66.65463,65.31929,65.54436,1000281.44
2018-05-22,HAS,65.61187,66.42958,65.61187,65.68689,844473.5
2018-05-23,HAS,65.491844,65.91945,65.37931,65.82192,613228.94
2018-05-24,HAS,65.83693,66.091995,65.349304,65.85193,621008.3
2018-05-25,HAS,66.016975,66.34331,65.64188,65.7469,844570.8
2018-05-29,HAS,65.55185,65.64188,64.80166,65.25178,1375058.4
2018-05-30,HAS,65.41682,65.491844,65.034225,65.124245,932461.5
2018-05-31,HAS,65.23677,65.43182,64.82417,65.07923,1594071.4
2018-06-01,HAS,65.43182,65.7319,64.72664,65.3343,1325915
2018-06-04,HAS,65.52184,66.53461,65.44682,66.5046,993415.2
2018-06-05,HAS,66.339554,66.48959,65.22185,65.31179,1513060.2
2018-06-06,HAS,65.40182,66.34706,65.07923,66.339554,1254566.8
2018-06-07,HAS,66.35456,67.2848,66.20452,66.624626,874872.3
2018-06-08,HAS,66.63213,67.892456,66.63213,67.76492,864521.7
2018-06-11,HAS,67.79493,68.17753,67.55487,67.83994,591359.94
2018-06-12,HAS,67.94497,68.4626,67.64489,68.425095,1116177
2018-06-13,HAS,68.290054,68.68016,67.82494,68.08,1402336.8
2018-06-14,HAS,68.32757,69.032745,68.192535,68.725174,1685317.2
2018-06-15,HAS,68.73267,68.73267,67.76492,68.47761,2484794.2
2018-06-18,HAS,68.64265,68.95023,67.83994,68.350075,1533852.2
2018-06-19,HAS,67.73492,67.82494,66.1295,67.51736,2287765
2018-06-20,HAS,67.832436,68.69516,66.958466,68.492615,1301749.2
2018-06-21,HAS,68.53762,68.92764,67.967476,68.71767,1163891.4
2018-06-22,HAS,68.89771,69.182785,68.4626,68.77769,1307519.8
2018-06-25,HAS,68.41009,68.657646,67.6599,68.282555,1150625.4
2018-06-26,HAS,68.492615,68.71767,67.96372,68.23004,871893.1
2018-06-27,HAS,68.432594,68.60513,67.84744,68.22254,1760260.6
2018-06-28,HAS,68.30506,69.032745,68.23754,69.025246,1857275.8
2018-06-29,HAS,69.76044,69.76794,68.77769,69.250305,2380791.8
2018-07-02,HAS,68.8302,69.80545,68.79269,69.782936,3196252.8
2018-07-03,HAS,69.67042,70.023,69.475365,69.88797,1502207
2018-07-05,HAS,69.88797,71.5534,69.88797,71.500885,2573799.5
2018-07-06,HAS,71.84597,72.21357,71.59841,72.05603,1521960.6
2018-07-09,HAS,72.16106,72.79872,71.85347,72.573654,1313163.6
2018-07-10,HAS,72.60367,73.05378,72.37111,72.46113,1403160.5
2018-07-11,HAS,71.98851,72.86999,71.98851,72.56616,1075782
2018-07-12,HAS,72.851234,73.17381,72.7312,73.06879,1059013
2018-07-13,HAS,72.90375,73.16631,72.026024,72.408615,900577.75
2018-07-16,HAS,70.85571,71.37335,70.27057,70.7807,3292101.2
2018-07-17,HAS,70.51063,70.900734,70.1209,70.533134,2225401
2018-07-18,HAS,70.48062,70.7807,69.88047,70.24806,1097463.1
2018-07-19,HAS,70.240555,70.59315,69.359085,70.285576,1657361.8
2018-07-20,HAS,70.06052,70.55564,69.44536,70.465614,2172290.8
2018-07-23,HAS,78.60521,80.70575,75.07931,79.55045,13006570
2018-07-24,HAS,78.909035,79.49794,75.34187,75.852005,5287960
2018-07-25,HAS,75.776985,76.56468,75.43939,76.27211,1991655.8
2018-07-26,HAS,75.4319,76.45591,74.901955,75.66445,2332354.8
2018-07-27,HAS,75.72447,76.18209,74.79423,76.00204,2035307.2
2018-07-30,HAS,75.66445,75.90452,74.276596,74.41913,1418599.1
2018-07-31,HAS,74.57014,75.44592,72.60717,75.20433,1840714.8
2018-08-01,HAS,75.03068,75.03068,73.96615,74.60789,1039793.06
2018-08-02,HAS,74.600334,75.43837,74.19264,74.48709,1318651.9
2018-08-03,HAS,74.74378,75.87627,74.215294,75.14393,1051041
2018-08-06,HAS,75.008026,75.27227,74.55504,74.90233,1108981
2018-08-07,HAS,75.05333,75.18455,74.47954,74.713585,617713.4
2018-08-08,HAS,75.045784,75.07598,73.471634,73.7472,902172.3
2018-08-09,HAS,73.7623,74.50219,73.41508,74.237946,789088.3
2018-08-10,HAS,73.81515,74.27569,73.39991,73.8529,823506.1
2018-08-13,HAS,74.26059,74.26059,73.535805,73.9435,652589.44
2018-08-14,HAS,74.00389,74.53239,73.91141,74.086945,726201.25
2018-08-15,HAS,73.9133,74.66013,73.52825,74.52483,933800.6
2018-08-16,HAS,74.52483,74.56259,73.717,74.16999,886267.4
2018-08-17,HAS,74.22284,74.84193,74.0794,74.38894,1231902.1
2018-08-20,HAS,74.585236,75.44592,74.32854,75.23453,953341.3
2018-08-21,HAS,75.24208,76.570854,75.23453,75.59692,1381025.1
2018-08-22,HAS,75.37042,76.087585,75.08353,75.86871,667951.25
2018-08-23,HAS,75.86871,76.11786,75.10618,75.44592,652394.75
2018-08-24,HAS,75.73282,76.42741,75.302475,76.24621,745710.1
2018-08-27,HAS,76.555756,77.02007,76.41231,76.7898,899374.9
2018-08-28,HAS,76.61616,77.40134,76.61616,76.8955,975231.75
2018-08-29,HAS,76.12541,76.75205,75.23453,76.11786,809891.3
2018-08-30,HAS,76.17071,76.4576,75.27227,75.340225,705199.56
2018-08-31,HAS,75.58182,76.01216,74.04165,74.97783,1290014.4
2018-09-04,HAS,74.55504,75.12883,74.47954,74.96273,1468380.1
2018-09-05,HAS,74.93253,75.91402,74.93253,75.56672,1646895.6
2018-09-06,HAS,75.67997,76.7143,75.67997,76.276405,1191434
2018-09-07,HAS,76.095215,76.442505,75.68608,76.25376,1091800.5
2018-09-10,HAS,76.46516,77.79394,76.46516,77.68069,1418650.9
2018-09-11,HAS,77.50704,78.08294,76.41986,76.684105,800164
2018-09-12,HAS,76.5482,78.08838,76.41231,77.673134,1127603.8
2018-09-13,HAS,77.76373,78.36773,77.43154,78.02043,788949.25
2018-09-14,HAS,78.80562,79.975845,78.63953,79.71915,1621848.9
2018-09-17,HAS,79.5304,80.308044,79.48511,79.88525,1685774.5
2018-09-18,HAS,79.88525,81.32728,79.65875,81.25178,2042647.8
2018-09-19,HAS,81.38768,82.74665,80.97998,82.28611,2470476
2018-09-20,HAS,82.23326,82.45221,80.677986,80.79124,1418881.4
2018-09-21,HAS,81.10833,81.41787,80.62514,81.13098,2484659
2018-09-24,HAS,80.859184,81.010185,79.57571,80.18725,1096151.6
2018-09-25,HAS,80.292946,81.138535,79.621,79.6965,1331317
2018-09-26,HAS,79.57571,81.07058,79.53796,80.32314,976700.7
2018-09-27,HAS,80.345795,80.90071,79.960754,80.0136,911242.6
2018-09-28,HAS,79.9683,80.55719,79.16046,79.36431,1660269.4
2018-10-01,HAS,80.11175,81.21403,79.281265,79.794655,1916611.4
2018-10-02,HAS,81.206474,81.206474,79.205765,79.37941,1288475.2
2018-10-03,HAS,79.53796,79.6965,77.72598,78.16388,1653094.5
2018-10-04,HAS,78.07328,78.501205,76.01216,76.58595,1832640.4
2018-10-05,HAS,77.35604,78.44315,75.91402,76.73695,1338972.8
2018-10-08,HAS,76.5935,76.81245,75.72527,76.06501,1153809.5
2018-10-09,HAS,75.91402,76.699196,75.62712,76.02726,823029.3
2018-10-10,HAS,75.90646,75.90646,74.24549,74.26814,2099095
2018-10-11,HAS,74.011444,75.16657,73.7321,73.845345,1643384.4
2018-10-12,HAS,74.39649,75.29493,73.135666,74.22284,1251938.2
2018-10-15,HAS,73.90575,74.83438,73.46785,74.600334,1120703
2018-10-16,HAS,75.05333,77.06152,74.713585,76.9408,1331023
2018-10-17,HAS,76.6388,76.9408,75.57427,76.17071,873593
2018-10-18,HAS,75.59692,76.019714,73.96615,74.35874,1357374.4
2018-10-19,HAS,74.83438,75.64222,72.244774,74.019,4435135.5
2018-10-22,HAS,68.28411,72.29008,68.15274,71.731384,10058141
2018-10-23,HAS,70.591354,71.18779,68.326385,71.014145,4711421
2018-10-24,HAS,70.659294,71.217995,69.44377,69.49662,2466917
2018-10-25,HAS,69.67782,70.8405,69.413574,70.591354,1876838.5
2018-10-26,HAS,69.03608,71.03679,68.70388,69.99491,2045230.6
2018-10-29,HAS,70.71215,71.217995,68.90773,69.48152,1818624.2
2018-10-30,HAS,69.53437,70.591354,68.89263,69.338066,1780186.6
2018-10-31,HAS,69.8322,70.858475,68.3346,69.71817,3568704.5
2018-11-01,HAS,69.97664,74.17295,69.97664,74.15775,2694099.5
2018-11-02,HAS,74.40102,75.54132,73.91449,74.7203,1931342
2018-11-05,HAS,74.735504,75.26005,73.610405,74.40102,1559512.1
2018-11-06,HAS,74.13494,75.21443,74.13494,75.13081,870946.94
2018-11-07,HAS,75.21443,76.66642,75.10801,76.324326,1280015.6
2018-11-08,HAS,76.13428,76.643616,74.689896,74.803925,1374258.9
2018-11-09,HAS,74.659485,75.20683,73.51157,73.9829,1459758.5
2018-11-12,HAS,73.80805,73.88408,72.66016,72.72097,1112579.9
2018-11-13,HAS,72.97944,73.92969,72.454895,72.64494,887208.4
2018-11-14,HAS,73.13908,74.42382,72.80079,73.503975,1124212.4
2018-11-15,HAS,72.92622,74.56826,72.344666,74.16535,1460037.4
2018-11-16,HAS,73.73964,74.49224,73.496376,74.27938,1579950.1
2018-11-19,HAS,74.30979,74.52979,71.84673,72.13561,1676002.2
2018-11-20,HAS,71.70229,72.24964,71.05992,71.42862,1379264.1
2018-11-21,HAS,71.732704,72.561325,71.40734,71.61107,871841.44
2018-11-23,HAS,71.21577,73.39755,71.19296,73.00224,494031.53
2018-11-26,HAS,73.823265,74.7127,73.36714,74.14255,1770713.8
2018-11-27,HAS,73.73203,74.081726,71.93036,72.675354,1248129.4
2018-11-28,HAS,72.8274,73.70163,72.492905,73.34434,1159852.9
2018-11-29,HAS,72.94903,74.07413,72.53852,73.62561,1022240.8
2018-11-30,HAS,73.72444,74.081726,69.15562,69.17842,4928725
2018-12-03,HAS,69.53572,69.56613,67.353935,68.3194,5405123
2018-12-04,HAS,68.06853,68.60067,66.8598,67.2095,2194849.5
2018-12-06,HAS,66.40369,66.768585,64.89848,66.51011,2960861.2
2018-12-07,HAS,65.88675,66.882614,63.317265,63.803795,2091358.6
2018-12-10,HAS,63.537724,63.948235,62.19216,63.857006,1775549.4
2018-12-11,HAS,64.65522,65.324196,63.469303,63.75058,1442664.4
2018-12-12,HAS,64.61721,65.149345,64.25991,64.487976,1143812.4
2018-12-13,HAS,64.47277,64.90608,63.53012,63.67456,1392665.9
2018-12-14,HAS,63.112007,64.51078,62.724308,63.90262,1542155
2018-12-17,HAS,63.727776,64.9593,62.990376,63.545322,2254292.8
2018-12-18,HAS,63.76578,63.963436,62.199764,62.564667,1702420.1
2018-12-19,HAS,62.51905,62.890713,60.215637,61.1963,2326813
2018-12-20,HAS,60.877014,61.40155,59.303394,60.12441,1859688.8
2018-12-21,HAS,60.284058,61.65242,59.13615,59.379414,2609420.8
2018-12-24,HAS,59.44783,60.04839,58.413956,59.310993,829102.8
2018-12-26,HAS,59.93436,61.682827,59.43263,61.629612,1305929.8
2018-12-27,HAS,60.56533,61.910892,59.584667,61.87288,1109299.2
2018-12-28,HAS,61.918488,62.46964,61.39395,61.675224,985779.5
2018-12-31,HAS,61.79686,62.055325,60.922626,61.76645,1508934.9
2019-01-02,HAS,60.732574,61.61441,60.25365,60.800995,2313825.8
2019-01-03,HAS,60.496914,60.877014,58.794056,59.219772,1937187.9
2019-01-04,HAS,60.246044,62.57226,59.36421,61.41676,2726056.8
2019-01-07,HAS,61.38635,63.758183,61.044262,63.317265,2567193.8
2019-01-08,HAS,63.97864,65.24058,63.97864,64.928894,2483705.5
2019-01-09,HAS,64.928894,65.63588,63.57573,64.746445,1239784.2
2019-01-10,HAS,64.23711,65.035324,63.689762,64.80726,1280336.5
2019-01-11,HAS,64.678024,66.11481,64.54119,66.0768,1148569
2019-01-14,HAS,65.871544,66.70776,65.22157,65.74991,1310721.9
2019-01-15,HAS,65.64348,66.74958,65.37741,66.70776,1055291.2
2019-01-16,HAS,66.63935,66.8218,65.901955,66.19843,998920.75
2019-01-17,HAS,66.0768,67.39195,66.015976,67.1943,1170721
2019-01-18,HAS,67.429955,67.80246,66.8522,67.54399,1354966.6
2019-01-22,HAS,67.39955,67.886086,66.39608,67.70363,1126684
2019-01-23,HAS,67.76445,67.87848,66.776184,67.04986,1437159.2
2019-01-24,HAS,67.095474,68.07613,66.738174,67.962105,1071188.4
2019-01-25,HAS,68.38781,68.79072,67.90889,68.517044,1226717.9
2019-01-28,HAS,67.741646,69.0872,67.741646,68.973175,875894.3
2019-01-29,HAS,68.95036,69.11761,68.38781,68.89715,1165376.4
2019-01-30,HAS,69.16322,69.588936,68.44863,69.21644,983307.75
2019-01-31,HAS,69.3083,69.95131,68.39964,69.3236,1266825.6
2019-02-01,HAS,69.3083,69.66808,68.63466,69.49201,1899714.6
2019-02-04,HAS,69.33891,70.28048,69.151825,69.928345,1466147.9
2019-02-05,HAS,70.104416,70.410614,69.614494,70.043175,1358262.8
2019-02-06,HAS,69.98193,70.02021,69.247055,69.66042,1493443.8
2019-02-07,HAS,69.354225,69.37719,68.04522,69.0863,2712562
2019-02-08,HAS,68.63466,71.33687,65.48846,68.42797,8342798
2019-02-11,HAS,69.27002,69.41547,67.555305,68.03757,2223469.5
2019-02-12,HAS,68.42031,69.37719,68.236595,68.56576,1845790.4
2019-02-13,HAS,68.558105,69.10161,67.93805,68.87196,1758879.8
2019-02-14,HAS,68.61935,68.94851,68.019196,68.70355,1127307.5
2019-02-15,HAS,69.07864,69.07864,63.942146,66.13913,5862719.5
2019-02-19,HAS,66.1774,66.98118,65.687485,66.950554,2025645.5
2019-02-20,HAS,67.02711,67.02711,65.963066,66.537186,1707683.1
2019-02-21,HAS,66.330505,66.556404,65.901825,66.054924,1254574.9
2019-02-22,HAS,66.08555,66.27692,65.58797,65.83293,2280685.8
2019-02-25,HAS,66.223335,66.51422,65.54204,65.963066,1253140.5
2019-02-26,HAS,65.76404,66.062584,64.75357,64.79185,1183851
2019-02-27,HAS,64.416756,65.13632,64.416756,64.66937,1839726.4
2019-02-28,HAS,64.531586,65.159294,63.44457,64.99088,3172625.2
2019-03-01,HAS,65.67217,67.547646,65.60328,67.379234,2456880.5
2019-03-04,HAS,67.84619,68.925545,67.21848,67.869156,1796286.8
2019-03-05,HAS,68.05288,68.40501,67.70075,67.75433,929569.94
2019-03-06,HAS,67.68543,68.15239,67.333305,67.43282,865767.1
2019-03-07,HAS,67.164894,67.21289,66.008995,66.368774,1607210.1
2019-03-08,HAS,66.12382,66.81277,65.80231,66.6367,1056029.9
2019-03-11,HAS,66.76684,66.9563,66.45298,66.65967,1280053.6
2019-03-12,HAS,66.59843,66.85104,65.88651,66.330505,1543271.4
2019-03-13,HAS,66.46829,66.98884,66.29988,66.46829,1327917.9
2019-03-14,HAS,66.56015,66.858696,66.1774,66.223335,816405.9
2019-03-15,HAS,66.30754,66.79746,66.13913,66.38409,1820902
2019-03-18,HAS,66.45298,67.0539,66.10085,66.67498,907646.94
2019-03-19,HAS,66.72856,67.4711,66.29223,66.544846,740605.6
2019-03-20,HAS,66.35347,66.85886,65.45783,65.687485,806613.56
2019-03-21,HAS,65.20522,65.320045,64.523926,65.044464,1231686.5
2019-03-22,HAS,64.92964,65.06743,63.43692,63.926838,1437715.5
2019-03-25,HAS,63.758427,64.416756,63.56705,64.27131,853376.5
2019-03-26,HAS,64.638756,64.98322,64.27897,64.82247,813014.56
2019-03-27,HAS,64.85309,65.39659,64.30193,64.96792,1047283.94
2019-03-28,HAS,65.105705,65.641556,65.052124,65.49611,1016822.8
2019-03-29,HAS,65.69514,65.748726,65.03681,65.08274,1573332.9
2019-04-01,HAS,65.419556,65.72798,65.08274,65.58797,1209272.4
2019-04-02,HAS,65.50376,65.633896,65.03681,65.159294,743679.44
2019-04-03,HAS,65.38129,65.86355,64.76888,65.266464,973938.4
2019-04-04,HAS,65.2435,66.10468,65.06743,65.855896,1703163.1
2019-04-05,HAS,66.02431,66.34581,65.89417,66.261604,770648.75
2019-04-08,HAS,66.03961,66.33433,65.86332,66.23864,707043.2
2019-04-09,HAS,66.116165,66.116165,64.87605,65.18226,1772195.2
2019-04-10,HAS,65.18991,65.7028,64.92198,65.526726,743217
2019-04-11,HAS,65.748726,66.03961,65.34301,65.7181,689689.8
2019-04-12,HAS,65.9401,67.07304,65.86355,67.03476,1245672.1
2019-04-15,HAS,67.04242,67.39455,66.962036,67.29504,939995.8
2019-04-16,HAS,67.43282,68.67293,67.42517,68.64996,1321694.4
2019-04-17,HAS,68.57342,69.33126,66.75528,69.032715,1354752.6
2019-04-18,HAS,69.185814,69.185814,67.76964,67.96101,1532197.6
2019-04-22,HAS,67.68543,68.35908,67.30269,67.448135,1262343.6
2019-04-23,HAS,76.77957,78.74614,75.80738,77.04749,9638553
2019-04-24,HAS,77.30776,79.24447,76.97095,78.98421,4666803
2019-04-25,HAS,76.42744,78.83111,75.77837,77.68286,2028164.1
2019-04-26,HAS,78.08092,79.10668,77.9814,78.532555,1537085.9
2019-04-29,HAS,78.55553,79.30571,77.07812,77.86658,2202629.5
2019-04-30,HAS,78.05924,78.529335,77.54291,78.49851,1331583.4
2019-05-01,HAS,78.529335,79.49265,78.48309,78.67576,1289598
2019-05-02,HAS,78.62952,79.89339,78.59099,79.80091,2031373.5
2019-05-03,HAS,80.147705,80.91835,78.868416,80.72569,1527752.5
2019-05-06,HAS,79.33081,80.42514,78.43686,79.908806,1868337.4
2019-05-07,HAS,79.33852,79.94348,77.85116,77.98218,1781628.9
2019-05-08,HAS,77.75868,78.48309,77.25776,77.68932,888256.8
2019-05-09,HAS,77.28859,77.59685,76.26362,77.41959,1140153
2019-05-10,HAS,77.196106,77.86658,75.90912,77.59685,971804.4
2019-05-13,HAS,75.92453,75.92453,73.78212,73.95937,1770531.8
2019-05-14,HAS,74.32158,75.60086,73.990204,74.57589,976906.56
2019-05-15,HAS,74.560486,75.80123,74.15204,75.06141,1274823.5
2019-05-16,HAS,75.14618,75.90527,74.83021,75.73958,1102901.4
2019-05-17,HAS,75.40049,76.20968,74.59131,74.868744,1653668.1
2019-05-20,HAS,74.28305,74.47956,73.620285,74.090385,1163369.8
2019-05-21,HAS,74.16745,75.053696,73.87075,74.76086,837715.1
2019-05-22,HAS,74.5836,76.57574,74.52364,76.3484,1718421.2
2019-05-23,HAS,75.66251,76.302155,75.069115,75.46985,1916260.5
2019-05-24,HAS,75.68563,76.625824,75.46045,75.7704,691336.3
2019-05-28,HAS,76.09408,76.50252,75.38508,75.41591,1010964.75
2019-05-29,HAS,74.984344,75.31572,74.37553,74.86104,868042.75
2019-05-30,HAS,75.053696,76.01701,74.63754,75.53921,656975.75
2019-05-31,HAS,74.33699,74.91498,73.28891,73.31973,1101610.2
2019-06-03,HAS,73.37368,75.308014,72.88817,74.80709,1150075.8
2019-06-04,HAS,76.3561,79.508064,76.15704,79.407875,1826579.1
2019-06-05,HAS,79.646774,80.31385,78.58328,79.75467,907475.6
2019-06-06,HAS,79.65449,80.8567,79.36071,80.5022,919748.4
2019-06-07,HAS,80.910645,81.88167,80.348076,81.62735,955505.2
2019-06-10,HAS,81.85084,83.23031,81.09946,81.48863,1395111.4
2019-06-11,HAS,82.12057,82.9336,81.3345,81.4424,1586849.4
2019-06-12,HAS,81.5657,82.31323,81.3345,82.26699,815061.56
2019-06-13,HAS,82.544426,83.19948,82.29782,82.86039,1234378.5
2019-06-14,HAS,82.55984,83.00681,82.359474,82.814156,722555.4
2019-06-17,HAS,83.08388,83.08388,81.9279,82.143684,872515.6
2019-06-18,HAS,83.23031,83.677284,82.11286,83.137825,646493.7
2019-06-19,HAS,83.14553,83.40756,81.735245,82.713974,899775.7
2019-06-20,HAS,83.723526,83.89307,82.7525,83.153244,872802.4
2019-06-21,HAS,83.17636,83.322784,82.09745,82.667725,1353351.9
2019-06-24,HAS,83.02994,83.322784,81.88937,81.989555,741672.94
2019-06-25,HAS,81.8046,82.07048,80.74881,81.01083,1853854.8
2019-06-26,HAS,81.29597,82.59067,81.141846,81.23432,828773.4
2019-06-27,HAS,81.50405,82.43654,81.23509,81.62735,588752.9
2019-06-28,HAS,81.71212,82.56754,81.195786,81.4424,2312737
2019-07-01,HAS,82.228455,83.153244,81.61965,82.01267,1214002.2
2019-07-02,HAS,81.974144,82.16296,80.50991,80.67945,887020.2
2019-07-03,HAS,80.849,82.53672,80.849,81.989555,1022691.25
2019-07-05,HAS,81.558,82.51745,81.4424,82.398,935135.4
2019-07-08,HAS,81.94332,83.546196,81.94332,83.36131,1167925.6
2019-07-09,HAS,82.95287,83.78518,82.1591,83.39985,816456.5
2019-07-10,HAS,83.507744,83.73123,83.2149,83.4615,1028394.2
2019-07-11,HAS,83.708115,83.708115,82.0435,82.929756,970223.9
2019-07-12,HAS,83.23031,84.59435,83.222595,84.20903,1242243.2
2019-07-15,HAS,84.24757,86.12795,83.40756,84.49417,1032105.4
2019-07-16,HAS,84.61748,85.27253,84.34775,84.656006,1013354.94
2019-07-17,HAS,84.77161,84.77932,83.53086,83.7004,974807.06
2019-07-18,HAS,83.51545,84.656006,83.31508,84.2938,1300874.2
2019-07-19,HAS,84.44794,84.44794,82.95287,82.968285,1359802.4
2019-07-22,HAS,83.322784,83.95472,82.99141,83.62334,2100040.2
2019-07-23,HAS,89.295334,92.44729,88.23954,91.946365,5092448
2019-07-24,HAS,91.40691,93.96548,91.36838,93.88841,2227510.2
2019-07-25,HAS,93.92694,95.27566,93.54123,94.16585,1558664.1
2019-07-26,HAS,95.28329,95.81504,94.485664,95.306404,1564842
2019-07-29,HAS,95.437416,97.325516,95.352646,97.15597,1244054.8
2019-07-30,HAS,96.51633,97.77249,94.52805,95.85357,1579412.8
2019-07-31,HAS,95.396385,96.00235,93.23445,93.88536,1587843.6
2019-08-01,HAS,94.21855,94.686195,88.80597,88.980316,3190972
2019-08-02,HAS,88.65487,88.980316,86.48518,87.957466,2399822.2
2019-08-05,HAS,86.7099,86.75639,85.10588,86.33021,1935591
2019-08-06,HAS,86.523926,87.62427,85.93501,87.546776,1423745
2019-08-07,HAS,86.12099,88.29067,85.0776,88.15119,1071446
2019-08-08,HAS,89.0733,90.42935,88.538635,90.382866,1119875
2019-08-09,HAS,89.19729,90.01867,88.09695,88.74785,929422.8
2019-08-12,HAS,88.28292,88.619995,87.21358,87.67076,662009.75
2019-08-13,HAS,87.546776,93.73813,86.876114,90.08066,2098919.2
2019-08-14,HAS,88.492134,89.14304,87.814575,88.65487,1258976.5
2019-08-15,HAS,89.15854,89.15854,86.95786,87.67076,786693.7
2019-08-16,HAS,88.678116,89.05006,88.000084,88.62387,793648.25
2019-08-19,HAS,89.60023,90.06423,88.46114,89.0733,749721.9
2019-08-20,HAS,88.670364,89.12754,88.499886,88.639366,545669
2019-08-21,HAS,89.84819,90.35962,88.771095,89.4995,484096.16
2019-08-22,HAS,89.41425,89.631226,87.49641,88.60837,668023.5
2019-08-23,HAS,82.87421,84.22251,80.40231,80.68902,2643011.2
2019-08-26,HAS,81.74287,83.57935,81.19681,83.067924,1324174.4
2019-08-27,HAS,83.5716,84.11403,82.81222,83.114426,1108155.9
2019-08-28,HAS,82.74248,84.17602,79.846565,83.89706,719458.1
2019-08-29,HAS,84.83467,85.80328,84.408485,85.34609,652088.3
2019-08-30,HAS,86.043495,86.275955,85.12913,85.60181,876785.5
2019-09-03,HAS,85.09813,85.44683,83.757576,84.76493,931229.5
2019-09-04,HAS,85.46233,85.98151,84.299995,84.90441,800477.6
2019-09-05,HAS,86.252716,87.12059,85.27636,86.004745,882387.56
2019-09-06,HAS,85.834274,87.16708,85.64055,87.09734,874458.7
2019-09-09,HAS,87.3298,88.64712,86.624664,88.29067,749226.3
2019-09-10,HAS,88.90283,91.96364,88.50764,90.313126,1404971.9
2019-09-11,HAS,90.05741,91.13451,89.1198,91.04152,975029.44
2019-09-12,HAS,91.173256,93.753624,91.173256,92.70753,1097695
2019-09-13,HAS,92.738525,94.12944,92.70753,92.81601,776103.75
2019-09-16,HAS,91.88615,93.280945,91.54055,92.26584,559749.75
2019-09-17,HAS,92.99424,92.99424,91.83965,92.44407,952411.94
2019-09-18,HAS,92.45181,92.82376,91.61494,92.71528,1054993.2
2019-09-19,HAS,93.2422,94.04808,92.769516,93.69938,1345990.4
2019-09-20,HAS,93.06397,93.86986,90.97953,91.15,3241866
2019-09-23,HAS,91.22749,92.49831,90.88174,91.4987,694970.7
2019-09-24,HAS,92.289085,92.560295,90.20464,90.66183,775747.56
2019-09-25,HAS,90.723816,92.529305,90.36349,92.06437,686124.2
2019-09-26,HAS,91.8629,91.917145,90.855545,90.97178,647481.2
2019-09-27,HAS,91.777664,92.62229,91.29723,92.07212,699300.3
2019-09-30,HAS,92.26584,92.92449,91.92489,91.97138,877375.25
2019-10-01,HAS,92.17285,92.93224,90.33637,90.73931,842731.5
2019-10-02,HAS,90.28213,91.119,88.298416,89.352264,857496.2
2019-10-03,HAS,89.1198,90.35187,88.29067,90.35187,642431.44
2019-10-04,HAS,90.22014,91.803154,90.22014,91.62268,662118.1
2019-10-07,HAS,91.28174,91.59169,90.27438,91.173256,562578.5
2019-10-08,HAS,90.67732,91.5142,90.39062,90.42161,779500.4
2019-10-09,HAS,90.93304,92.12636,90.67732,91.5607,703466.06
2019-10-10,HAS,91.56844,92.75402,91.08026,92.560295,807602.5
2019-10-11,HAS,93.350685,94.61375,93.009735,93.98609,789617.94
2019-10-14,HAS,93.50566,94.2573,93.14712,93.68388,657011.6
2019-10-15,HAS,94.2263,94.90821,94.032585,94.505264,705599.3
2019-10-16,HAS,94.14107,94.985695,93.84661,94.52851,835419.44
2019-10-17,HAS,94.79972,95.2879,94.21081,94.83846,1035559.5
2019-10-18,HAS,94.76873,95.34989,94.16819,94.505264,1176072.9
2019-10-21,HAS,95.256905,95.256905,92.52155,93.11047,2674048
2019-10-22,HAS,78.27138,81.324425,76.597694,77.504234,8970053
2019-10-23,HAS,77.60497,78.84479,75.98158,77.0238,4144926.2
2019-10-24,HAS,76.93857,77.10905,74.08233,74.513176,3140620.2
2019-10-25,HAS,74.505424,74.68868,72.98664,74.39694,2903872.2
2019-10-28,HAS,74.59066,75.36555,74.50813,74.88512,1968749.2
2019-10-29,HAS,74.513176,76.69836,74.11023,76.43489,3307212.2
2019-10-30,HAS,76.109436,77.0238,75.28806,76.93857,1763538.9
2019-10-31,HAS,76.798134,77.19605,75.52636,75.92427,1474064.9
2019-11-01,HAS,76.29878,76.509445,75.12844,75.245476,1407451.2
2019-11-04,HAS,75.354706,76.6655,75.139206,76.22856,1156009
2019-11-05,HAS,74.95679,77.430115,74.73052,74.73832,3072071.2
2019-11-06,HAS,72.82675,74.64469,72.24158,74.01271,10777139
2019-11-07,HAS,74.636894,75.42493,73.94248,74.28579,2500350.8
2019-11-08,HAS,74.54327,74.90217,73.62259,74.53546,2550209
2019-11-11,HAS,74.223366,74.89436,73.973694,74.51986,933186.5
2019-11-12,HAS,74.69151,74.82415,73.341705,73.6538,1715211.4
2019-11-13,HAS,73.59918,73.87227,73.21156,73.341705,1477112.6
2019-11-14,HAS,73.341705,74.45354,72.95947,74.37942,1296918.6
2019-11-15,HAS,74.59008,75.050415,74.14535,74.44183,1630914.5
2019-11-18,HAS,74.13754,74.71492,73.76693,74.402824,1972355.8
2019-11-19,HAS,74.6681,74.69931,74.19996,74.31699,1497278.5
2019-11-20,HAS,74.20776,74.55107,73.341705,74.05172,1853127
2019-11-21,HAS,74.09073,75.53806,73.6694,74.44964,2226089.8
2019-11-22,HAS,74.82415,75.61998,74.55887,74.995804,1623501.4
2019-11-25,HAS,76.852745,77.97628,76.62648,77.391106,2627163.2
2019-11-26,HAS,77.99188,78.77212,76.99319,78.366394,3362603.2
2019-11-27,HAS,78.80332,80.129715,78.41321,79.52894,1626974.8
2019-11-29,HAS,79.716194,80.0673,78.95157,79.34949,836075.56
2019-12-02,HAS,80.0517,80.145325,78.07771,78.4054,1612239.4
2019-12-03,HAS,77.41451,77.99188,76.51725,77.42232,1286256.4
2019-12-04,HAS,77.54715,78.17914,77.54715,77.60177,894929.9
2019-12-05,HAS,78.10892,78.381996,77.58617,78.26496,1121191.1
2019-12-06,HAS,78.84234,79.19344,78.3586,78.80332,953065.25
2019-12-09,HAS,78.99838,79.09201,78.33519,78.56925,1035138.4
2019-12-10,HAS,78.62387,78.80722,77.45352,77.968475,987653.75
2019-12-11,HAS,77.750015,78.7253,77.711,78.31178,641337.06
2019-12-12,HAS,78.31178,80.35598,77.968475,80.17654,1493028.5
2019-12-13,HAS,80.27016,81.58875,79.49773,81.0816,1397779.8
2019-12-16,HAS,81.65897,81.86183,79.677185,79.786415,1681449.6
2019-12-17,HAS,80.15313,80.51983,79.3885,80.27796,965696.1
2019-12-18,HAS,80.19214,80.831924,79.661575,80.7695,1152281.9
2019-12-19,HAS,80.987976,81.674576,80.49642,81.440506,1040061.3
2019-12-20,HAS,81.69798,82.35338,80.7305,80.82412,6385978.5
2019-12-23,HAS,81.26886,82.166115,81.20378,82.0881,990078.6
2019-12-24,HAS,81.93205,82.13491,81.565346,82.00227,243775.27
2019-12-26,HAS,82.46261,82.50162,81.69018,81.893036,683165.7
2019-12-27,HAS,81.97106,82.70448,81.72139,82.51723,587267.1
2019-12-30,HAS,82.525024,82.899536,81.49512,82.06469,668388
2019-12-31,HAS,82.072495,82.91514,82.072495,82.40019,680743.3
2020-01-02,HAS,82.83712,82.844925,81.37418,82.181725,1256222.9
2020-01-03,HAS,81.0816,82.31436,80.86314,81.963264,907535.1
2020-01-06,HAS,81.409294,82.23634,80.63686,82.20513,999349
2020-01-07,HAS,81.93205,81.93205,80.17654,80.668076,1262372.4
2020-01-08,HAS,81.050385,82.61865,80.67588,81.88523,1180271.1
2020-01-09,HAS,81.838425,82.056885,80.60956,81.065994,875812.5
2020-01-10,HAS,81.23765,81.23765,79.20124,79.333885,1404967.4
2020-01-13,HAS,79.45872,81.896935,79.0764,81.81502,1154171.1
2020-01-14,HAS,81.74479,82.65767,80.757805,82.11931,2110662.2
2020-01-15,HAS,79.61867,80.62906,78.506836,80.38719,2527467
2020-01-16,HAS,80.87874,81.55754,80.4184,80.847534,1112805.1
2020-01-17,HAS,81.440506,82.28565,81.32347,82.02567,1492356.9
2020-01-21,HAS,81.92425,81.99447,80.473015,81.69798,972444.1
2020-01-22,HAS,81.92425,82.899536,81.729195,82.53283,1121546.1
2020-01-23,HAS,81.93205,82.72788,81.37809,82.29876,1048647.2
2020-01-24,HAS,82.142715,82.4314,81.43271,81.674576,1560373.9
2020-01-27,HAS,80.324776,81.19083,80.055595,80.86314,1193824.8
2020-01-28,HAS,81.12061,82.447,80.64467,81.91644,844526.9
2020-01-29,HAS,81.7604,82.290955,81.31567,81.370285,915285.44
2020-01-30,HAS,80.94619,81.43311,79.91738,80.82054,1485535.9
2020-01-31,HAS,80.76556,81.16216,79.57968,80.00378,1175329.6
2020-02-03,HAS,80.64776,80.95562,79.86241,79.92523,817757.25
2020-02-04,HAS,80.93049,82.34412,80.89907,81.60589,1262114.9
2020-02-05,HAS,82.42265,82.79177,81.382065,82.5169,1164376.5
2020-02-06,HAS,82.8546,82.8546,80.23937,80.490685,1994450.5
2020-02-07,HAS,80.32577,80.48284,77.88332,78.33097,2354364.5
2020-02-10,HAS,78.08752,79.430466,78.03254,79.24198,1424344.1
2020-02-11,HAS,84.73159,85.996,78.535164,78.6137,5151751
2020-02-12,HAS,78.51946,78.59799,75.998474,77.12153,3535295.5
2020-02-13,HAS,76.618904,76.830475,76.00633,76.17126,1749527.1
2020-02-14,HAS,76.39115,77.58489,76.17911,76.73671,1192939.5
2020-02-18,HAS,76.56393,76.67246,75.34727,76.50896,1477543.2
2020-02-19,HAS,76.35189,77.239334,75.613655,76.71315,1431446.8
2020-02-20,HAS,76.618904,77.74196,76.16341,77.65557,1706193.6
2020-02-21,HAS,76.99587,77.01158,70.5717,70.65809,4633626.5
2020-02-24,HAS,68.77324,69.55859,68.15282,68.39627,2909056.2
2020-02-25,HAS,68.679,68.84243,64.8936,65.19204,1993866.1
2020-02-26,HAS,65.7889,66.6685,64.79151,64.79151,2317700.8
2020-02-27,HAS,63.778404,64.972145,62.364777,62.44331,3016968.2
2020-02-28,HAS,60.472076,61.618687,59.39614,60.668415,2913742
2020-03-02,HAS,60.72339,62.459015,59.725994,62.27053,1892008.5
2020-03-03,HAS,61.602985,62.922375,59.191956,59.24693,3282212.5
2020-03-04,HAS,60.0794,61.14748,59.25478,61.13962,3014673.8
2020-03-05,HAS,59.513947,59.639606,57.723347,58.485138,1637818
2020-03-06,HAS,56.458927,57.99822,55.70499,57.13433,2292737.2
2020-03-09,HAS,53.780884,54.69974,51.911743,52.01384,2870930.5
2020-03-10,HAS,54.079315,54.295288,50.20753,52.814896,2556752.8
2020-03-11,HAS,51.008587,51.51121,48.59756,49.461445,3338737.5
2020-03-12,HAS,45.974483,46.484962,42.23621,42.244064,3243815.8
2020-03-13,HAS,44.317394,45.38547,40.853992,43.21005,3907856
2020-03-16,HAS,38.874905,39.597427,35.097363,35.128777,3168807.2
2020-03-17,HAS,36.04764,38.43024,35.04239,36.715187,3986413
2020-03-18,HAS,34.893173,37.979607,32.458584,36.770164,3192326.8
2020-03-19,HAS,36.770164,39.51096,35.364384,37.13928,3177231.5
2020-03-20,HAS,37.68117,39.715233,35.84345,36.212563,3487881
2020-03-23,HAS,40.901115,43.02156,38.66286,40.736187,4841854
2020-03-24,HAS,43.19434,49.634224,43.076534,49.56354,4208962
2020-03-25,HAS,50.12114,54.393456,49.115025,52.453636,3974842.5
2020-03-26,HAS,52.34369,55.932743,51.109737,53.631664,2239509
2020-03-27,HAS,50.309624,52.84953,50.03475,51.55048,1683854.6
2020-03-30,HAS,51.21278,57.01653,51.047855,56.136936,2345125.2
2020-03-31,HAS,55.602898,57.142185,55.190586,56.191914,3127723.8
2020-04-01,HAS,53.435326,56.6749,52.814896,55.037445,2983545
2020-04-02,HAS,54.848957,55.932743,53.608105,55.312317,1870032.4
2020-04-03,HAS,55.43797,56.66312,52.202324,52.57144,2073424.1
2020-04-06,HAS,55.75211,56.88302,54.77828,55.917034,1592495.6
2020-04-07,HAS,58.681477,59.356876,57.409203,58.43802,2443756.2
2020-04-08,HAS,58.94849,59.63175,57.071503,58.233826,1520380.1
2020-04-09,HAS,59.07415,61.453766,58.320213,59.427555,1920784.1
2020-04-13,HAS,58.979908,59.47468,56.718098,58.2888,1278040.2
2020-04-14,HAS,59.215515,60.267883,58.09246,58.634357,1664141.1
2020-04-15,HAS,55.73641,56.69846,55.033512,56.1762,2035103.6
2020-04-16,HAS,56.741657,57.99036,56.03877,57.338524,1718537.2
2020-04-17,HAS,60.089214,60.089214,58.13958,59.05844,1663849.6
2020-04-20,HAS,58.500843,60.762657,58.31236,59.435413,1331677.4
2020-04-21,HAS,57.786175,59.411854,56.600292,56.812336,1614210.6
2020-04-22,HAS,57.849003,58.78357,57.511303,58.233826,1002539.44
2020-04-23,HAS,58.20241,58.657917,57.079357,57.142185,1540167.4
2020-04-24,HAS,57.684074,59.105564,56.34898,58.79928,1960958.5
2020-04-27,HAS,59.451115,60.786217,59.37258,60.283592,1331483.9
2020-04-28,HAS,61.618687,63.21295,60.707684,61.14748,2453091
2020-04-29,HAS,59.616047,60.063694,56.898724,57.25999,4883515.5
2020-04-30,HAS,57.68807,58.639366,55.9361,57.244133,2347374.5
2020-05-01,HAS,56.00745,56.26906,54.09693,54.485382,2198026.5
2020-05-04,HAS,53.906677,54.778694,52.81269,54.754913,1412887.8
2020-05-05,HAS,55.88061,56.00745,53.224915,53.280407,1529794.1
2020-05-06,HAS,53.46274,54.647892,52.16264,52.233982,1550792
2020-05-07,HAS,53.07429,54.63997,52.971237,54.207916,1150475.5
2020-05-08,HAS,54.69149,55.428745,54.08108,55.25434,907363.4
2020-05-11,HAS,54.770763,55.064083,53.51046,54.38232,974744.44
2020-05-12,HAS,54.532944,54.548798,51.924812,51.956524,1033943.75
2020-05-13,HAS,52.16264,52.16264,49.15813,49.81611,1342012.5
2020-05-14,HAS,49.30788,51.393677,47.723263,51.2272,1343420.2
2020-05-15,HAS,50.89424,51.75041,49.824036,51.369892,1431907.8
2020-05-18,HAS,53.11393,55.087864,52.955383,54.112793,1595868.4
2020-05-19,HAS,54.437813,54.873825,53.40725,53.882893,1069917.5
2020-05-20,HAS,54.7232,54.96103,54.041443,54.588436,854535.56
2020-05-21,HAS,54.310978,54.67564,53.44688,54.540874,872180.56
2020-05-22,HAS,54.445744,54.6421,52.693775,52.868183,1274133.1
2020-05-26,HAS,54.58051,57.600872,53.98595,57.52159,2913016.5
2020-05-27,HAS,58.353977,59.424183,57.267914,58.14786,1390657.4
2020-05-28,HAS,58.71864,59.043667,57.58105,58.235065,1626169.4
2020-05-29,HAS,58.821693,58.900974,57.513668,58.274704,2071297.2
2020-06-01,HAS,58.31434,58.829624,57.355118,57.600872,940671.7
2020-06-02,HAS,57.965534,59.313198,57.799057,58.12408,1325222.8
2020-06-03,HAS,58.893044,61.27921,58.8584,61.192005,1648720.1
2020-06-04,HAS,60.748066,61.8262,60.002888,61.088947,1169326.5
2020-06-05,HAS,62.967754,65.15573,62.682365,64.10138,1456473
2020-06-08,HAS,64.8307,66.57871,64.64838,66.527176,1454579.5
2020-06-09,HAS,63.292778,63.847145,61.306953,62.79335,1400636.6
2020-06-10,HAS,62.69822,62.69822,60.224857,60.34377,1026549.25
2020-06-11,HAS,58.266773,58.40154,55.785484,56.34833,1159004.1
2020-06-12,HAS,58.330196,59.09297,57.18864,58.900974,1009830.1
2020-06-15,HAS,57.363045,60.470604,56.681286,59.860195,1080135.1
2020-06-16,HAS,61.88962,62.1433,59.891903,61.128586,859026.3
2020-06-17,HAS,61.30299,61.493248,60.145584,60.763924,692233.75
2020-06-18,HAS,59.860195,60.814182,59.424183,59.582733,952356.4
2020-06-19,HAS,60.755993,60.755993,56.435535,56.554443,4013891
2020-06-22,HAS,56.689213,58.013096,55.785484,57.981384,1519970
2020-06-23,HAS,59.241856,59.241856,57.965534,58.480812,880122.6
2020-06-24,HAS,57.7832,57.79113,55.634384,56.23735,1260439
2020-06-25,HAS,55.69828,56.150146,54.95706,55.777554,1559045.6
2020-06-26,HAS,55.571438,56.142216,55.051716,55.975742,4276012
2020-06-29,HAS,57.13315,58.49667,56.162037,58.49667,1276282.6
2020-06-30,HAS,58.1003,59.65408,57.394756,59.416252,1237929.9
2020-07-01,HAS,59.210144,60.185215,58.960426,59.210144,922895.5
2020-07-02,HAS,60.56574,61.02553,58.924755,59.138794,873638.8
2020-07-06,HAS,59.77299,60.423042,58.734493,59.329052,938288.8
2020-07-07,HAS,59.170506,59.194286,57.997246,58.298485,857725.75
2020-07-08,HAS,58.171642,58.61138,57.21242,58.07652,750960.06
2020-07-09,HAS,57.949677,58.258846,56.29284,56.681286,1491860.1
2020-07-10,HAS,56.689213,58.821693,56.602013,58.805843,845814
2020-07-13,HAS,59.4551,59.796772,57.680145,58.353977,818993.25
2020-07-14,HAS,58.38569,59.281487,57.949753,59.15465,744030.94
2020-07-15,HAS,59.77299,62.373196,59.569176,62.095734,965520.8
2020-07-16,HAS,61.83413,62.896404,61.120655,61.445686,756273.25
2020-07-17,HAS,61.699364,62.59516,61.081024,61.429825,995794.06
2020-07-20,HAS,61.02553,62.024384,60.795635,61.83413,962143.94
2020-07-21,HAS,62.646694,63.998325,62.309772,62.492107,1148939.1
2020-07-22,HAS,61.26335,63.340343,61.26335,62.745785,869298.2
2020-07-23,HAS,63.07081,64.05382,62.722004,63.26107,1082917.9
2020-07-24,HAS,63.609875,64.05382,61.057236,61.509098,2085776
2020-07-27,HAS,59.484825,59.772915,56.110584,56.950813,6508362
2020-07-28,HAS,56.927032,58.179573,56.411755,57.402687,1780358.9
2020-07-29,HAS,57.75942,59.12294,57.18071,58.686928,1416540.9
2020-07-30,HAS,58.132008,58.568016,57.48196,58.108227,960482.6
2020-07-31,HAS,58.03621,58.300266,56.86796,58.22025,1388804
2020-08-03,HAS,58.38028,59.94861,57.836166,59.908604,1391023.5
2020-08-04,HAS,59.4125,60.188663,59.157402,59.9006,1425367.6
2020-08-05,HAS,60.32469,61.94903,60.31669,61.901024,1227280.5
2020-08-06,HAS,61.917023,62.141075,61.244884,61.524944,884523.9
2020-08-07,HAS,61.196877,61.42092,60.484722,61.412918,679657
2020-08-10,HAS,61.74899,63.25331,61.376034,63.189293,984277.9
2020-08-11,HAS,63.73341,64.37354,62.78921,62.989254,830922.7
2020-08-12,HAS,63.46135,64.32153,62.781208,63.86944,915552.4
2020-08-13,HAS,63.477356,63.965458,62.957245,63.16529,595953.4
2020-08-14,HAS,63.493355,64.14949,62.869225,63.717403,591630.5
2020-08-17,HAS,63.813423,63.813423,62.39713,62.725197,683170
2020-08-18,HAS,62.581165,63.157288,62.02105,62.93324,578557
2020-08-19,HAS,63.16529,63.965458,62.641182,62.885227,454008.22
2020-08-20,HAS,62.445137,62.573162,61.18087,61.973034,624826
2020-08-21,HAS,61.885017,62.349113,61.07685,61.468933,738752.06
2020-08-24,HAS,61.724983,64.25352,61.23688,63.965458,646101.56
2020-08-25,HAS,64.53358,64.53358,63.093273,63.51736,565915.94
2020-08-26,HAS,63.853436,64.013466,62.765205,63.57337,603766.7
2020-08-27,HAS,63.58938,65.67782,63.537365,64.55758,822684.4
2020-08-28,HAS,64.81364,65.1017,63.613384,64.765625,861227.5
2020-08-31,HAS,64.485565,64.48957,62.813213,63.16529,937871.4
2020-09-01,HAS,62.869225,65.55779,62.41313,65.53379,889087.94
2020-09-02,HAS,66.35796,66.523994,64.73362,66.0619,807297.6
2020-09-03,HAS,66.13391,66.62202,63.421345,64.02147,944747.44
2020-09-04,HAS,64.58159,64.81364,62.573162,63.25731,766764.94
2020-09-08,HAS,61.997044,63.365334,61.739227,62.48514,1087163.8
2020-09-09,HAS,62.813213,63.613384,61.42892,62.709194,1829698.8
2020-09-10,HAS,63.25331,64.013466,62.573162,62.869225,1372843.6
2020-09-11,HAS,63.445347,63.445347,62.457138,62.93324,977523.06
2020-09-14,HAS,62.997257,64.35354,61.692978,61.756992,1374603.2
2020-09-15,HAS,61.957035,62.765205,61.128857,61.941032,1461553.8
2020-09-16,HAS,61.436924,64.02147,61.332905,62.821217,1381605.5
2020-09-17,HAS,61.789,64.48236,61.692978,64.34154,1571058.1
2020-09-18,HAS,64.245514,65.5898,63.621387,63.941456,2206680.8
2020-09-21,HAS,62.7492,62.83722,60.492725,60.868805,1333404.4
2020-09-22,HAS,60.908817,62.06506,60.212666,60.3727,895829
2020-09-23,HAS,62.349113,63.813423,61.436924,61.51694,1234114.1
2020-09-24,HAS,61.821007,61.973034,60.22867,60.940823,877951.5
2020-09-25,HAS,60.852806,61.797005,60.332695,61.58896,867002.56
2020-09-28,HAS,62.41313,62.93324,61.845013,62.61317,602919.4
2020-09-29,HAS,63.35733,65.53379,63.08527,65.00568,1176797.4
2020-09-30,HAS,67.238144,68.67045,65.84186,66.189926,1784419.5
2020-10-01,HAS,66.40597,67.69824,65.91786,66.37396,956405
2020-10-02,HAS,65.1097,67.31816,64.207825,66.38997,1015792.5
2020-10-05,HAS,66.574005,67.67824,66.281944,66.485985,1010697.3
2020-10-06,HAS,67.15012,68.0063,66.23793,66.45398,1019607.94
2020-10-07,HAS,67.44619,68.15034,66.942085,67.9583,651474.2
2020-10-08,HAS,68.26236,70.41481,68.03031,70.382805,927351.1
2020-10-09,HAS,70.53484,72.01515,70.50283,71.34301,1044955.1
2020-10-12,HAS,71.567055,71.743095,69.654655,70.20677,885611.1
2020-10-13,HAS,70.278786,70.278786,68.99412,69.52663,805034.4
2020-10-14,HAS,69.91871,70.52684,68.61443,68.69445,758625.4
2020-10-15,HAS,68.03031,69.64665,67.934296,69.46261,615143.06
2020-10-16,HAS,69.51862,70.294785,68.942505,70.09474,794900.25
2020-10-19,HAS,70.8229,71.11896,68.9105,69.25457,889762.75
2020-10-20,HAS,69.80669,70.486824,69.06253,69.34259,685190.8
2020-10-21,HAS,69.21456,70.23878,68.99852,69.57463,836596.44
2020-10-22,HAS,69.83069,71.94314,69.262566,71.87112,1459584.1
2020-10-23,HAS,73.57548,74.37564,72.815315,73.615486,2464445.2
2020-10-26,HAS,69.630646,70.333916,65.81384,66.73404,4937986
2020-10-27,HAS,67.286156,69.134544,66.149994,68.09432,2912354.8
2020-10-28,HAS,66.93408,67.654236,65.389755,67.24615,2145818.5
2020-10-29,HAS,66.74204,67.910286,65.773834,67.11012,1269719.1
2020-10-30,HAS,66.71483,67.3118,65.90006,66.73097,1485813.4
2020-11-02,HAS,67.3844,67.84422,66.1582,66.472824,1040946.6
2020-11-03,HAS,67.48928,68.83648,66.42039,68.33632,936165.3
2020-11-04,HAS,67.84422,68.27582,66.335686,66.45669,1040385.06
2020-11-05,HAS,67.731285,68.158844,66.97298,67.84422,1015046.3
2020-11-06,HAS,68.15078,68.94135,67.10205,68.037834,730038.94
2020-11-09,HAS,71.05493,71.57929,68.61867,68.89295,2160236.2
2020-11-10,HAS,69.15109,70.36116,68.36858,69.09463,1174920.6
2020-11-11,HAS,69.64319,70.53057,69.09463,69.80453,1217201
2020-11-12,HAS,69.68352,69.68352,67.231125,67.94103,869139.94
2020-11-13,HAS,68.43313,71.528465,68.42103,70.76451,1428661.4
2020-11-16,HAS,72.49087,73.362114,70.80969,73.32178,1105619.2
2020-11-17,HAS,72.991035,74.59638,72.01491,74.12849,795589.25
2020-11-18,HAS,74.16882,76.07266,73.40245,74.28177,1279654.8
2020-11-19,HAS,73.95101,74.66898,72.79742,74.01555,778831.06
2020-11-20,HAS,73.78967,75.34662,73.200775,75.04007,1032540.9
2020-11-23,HAS,75.201416,75.620895,74.11639,74.71739,842250.44
2020-11-24,HAS,75.37889,75.83064,74.06395,74.2979,1418947.9
2020-11-25,HAS,73.85421,74.49183,73.32985,74.33017,728416.3
2020-11-27,HAS,74.12849,75.18527,73.80354,74.47537,282487.25
2020-11-30,HAS,74.225296,75.22562,73.16044,75.048134,1516504.8
2020-12-01,HAS,76.10493,78.355644,75.66769,77.59734,2372597.8
2020-12-02,HAS,76.451805,76.61315,73.652534,75.77418,1477775.8
2020-12-03,HAS,75.74998,76.814835,74.507645,74.74966,1124652.1
2020-12-04,HAS,74.94327,75.5967,73.34195,73.46699,1831834
2020-12-07,HAS,73.1443,73.40245,72.11978,72.25693,1337876.5
2020-12-08,HAS,71.81323,73.49926,71.66802,72.37793,870141.56
2020-12-09,HAS,73.45086,73.846146,71.33727,71.60349,1694599.9
2020-12-10,HAS,71.1356,72.02298,70.748375,71.538956,971489.1
2020-12-11,HAS,71.1356,72.200455,70.603165,71.797104,1102581
2020-12-14,HAS,72.74095,73.66866,72.19238,72.69255,846313.9
2020-12-15,HAS,73.31371,74.83033,71.91004,74.41891,1259314.1
2020-12-16,HAS,74.37856,77.08911,74.217224,76.44375,1841669.1
2020-12-17,HAS,76.44375,77.500534,75.048134,75.193344,1158461.1
2020-12-18,HAS,75.62897,76.07266,74.217224,75.67737,2322682.8
2020-12-21,HAS,74.74159,76.47601,73.676735,75.50796,1358046.1
2020-12-22,HAS,75.58057,76.024254,74.41891,74.52377,723353.8
2020-12-23,HAS,75.01587,75.38292,74.08815,74.82226,832567.9
2020-12-24,HAS,75.201416,75.29822,74.225296,75.14494,249212.55
2020-12-28,HAS,75.435356,75.95165,74.886795,75.29822,590113.7
2020-12-29,HAS,75.65317,75.669304,74.386635,75.33048,569691.2
2020-12-30,HAS,75.27402,76.50828,75.02797,75.83064,628982.7
2020-12-31,HAS,75.62897,75.983925,74.862595,75.45956,693147.1
2021-01-04,HAS,75.620895,75.620895,72.91843,74.18496,1227177.4
2021-01-05,HAS,74.386635,76.048454,74.217224,75.16914,666551.4
2021-01-06,HAS,75.02393,77.024574,75.02393,76.22593,859880.06
2021-01-07,HAS,76.98424,77.11331,76.032326,76.46795,801850.5
2021-01-08,HAS,76.8471,78.67833,76.64598,78.46052,1126862.4
2021-01-11,HAS,77.84742,79.00093,77.548935,78.12977,716614.06
2021-01-12,HAS,78.25077,80.37241,77.867584,79.961,1045766.2
2021-01-13,HAS,79.63831,80.34821,79.24303,80.065865,794649.6
2021-01-14,HAS,80.29981,81.67122,79.856125,80.0336,1312780.8
2021-01-15,HAS,79.3963,79.50682,77.58927,78.41211,1262047.4
2021-01-19,HAS,78.718666,78.7953,76.44173,77.67801,953617.75
2021-01-20,HAS,77.37146,77.98456,75.92745,76.427605,824239
2021-01-21,HAS,76.548615,79.01714,76.08073,78.25077,875828.8
2021-01-22,HAS,78.073296,78.86388,77.024574,78.63799,542805.4
2021-01-25,HAS,78.62993,79.420494,76.8955,77.30692,790867.6
2021-01-26,HAS,78.12977,78.12977,75.08041,76.790634,1340570.1
2021-01-27,HAS,76.024254,76.9076,73.62026,75.25788,1441295.5
2021-01-28,HAS,75.73384,77.13751,75.314354,76.75029,1313867.9
2021-01-29,HAS,76.04039,76.8955,75.04007,75.68544,900814.3
2021-02-01,HAS,76.181114,76.823074,75.36852,76.6768,515392.22
2021-02-02,HAS,77.16436,78.39951,76.4249,77.59504,931598.94
2021-02-03,HAS,77.7413,78.76924,76.8962,78.415764,793957.8
2021-02-04,HAS,78.36701,79.51277,78.00946,78.71643,780140.44
2021-02-05,HAS,79.13085,80.00845,78.033844,79.04959,1531360
2021-02-08,HAS,80.94295,80.999825,75.09224,75.69356,3238583
2021-02-09,HAS,75.53104,75.81545,73.613304,73.73519,1668157
2021-02-10,HAS,73.81645,75.96984,72.93178,74.99472,1781445.4
2021-02-11,HAS,74.84033,75.25475,73.26389,73.66206,1315173.4
2021-02-12,HAS,73.5808,74.38122,73.33702,74.336525,882756.9
2021-02-16,HAS,74.43403,75.24663,72.63006,72.67069,1101327.2
2021-02-17,HAS,72.84134,74.108986,72.451294,73.84896,923862.06
2021-02-18,HAS,73.170685,74.66155,73.170685,74.29589,626474.1
2021-02-19,HAS,74.94597,75.116615,73.10137,73.13387,867712.56
2021-02-22,HAS,72.849464,74.734695,72.61381,74.56405,994820.8
2021-02-23,HAS,74.51529,74.954094,73.5808,74.25526,1046439.2
2021-02-24,HAS,74.03586,75.02723,73.42641,73.87334,1094999.5
2021-02-25,HAS,74.07649,76.4249,72.47567,74.62905,2314861.2
2021-02-26,HAS,74.97847,77.253746,74.75907,76.14861,3050505
2021-03-01,HAS,76.49803,78.15573,76.02672,77.24562,1230703.6
2021-03-02,HAS,77.54628,77.93633,75.864204,77.43252,927301.6
2021-03-03,HAS,77.603165,77.684425,75.47415,75.59605,759900.44
2021-03-04,HAS,75.612305,76.04298,73.393906,74.954094,1251615.5
2021-03-05,HAS,75.53916,77.27406,74.377144,77.02622,987236.5
2021-03-08,HAS,76.90433,79.837814,76.53874,79.05772,880862.94
2021-03-09,HAS,79.43964,80.406624,77.65192,77.8632,1436292.1
2021-03-10,HAS,78.40764,78.911446,77.318756,78.627045,813928.3
2021-03-11,HAS,78.480774,79.334,76.774315,77.09935,1142191.2
2021-03-12,HAS,77.29438,77.50565,76.408646,77.10748,939724.75
2021-03-15,HAS,77.37564,79.37463,77.188736,79.15523,883207.3
2021-03-16,HAS,79.50465,79.63466,78.28574,79.15523,849903
2021-03-17,HAS,78.57016,79.1471,75.37665,77.172485,1397415.6
2021-03-18,HAS,77.12373,79.18773,76.9287,77.62754,877416
2021-03-19,HAS,77.36247,78.302,76.61179,77.95258,3399479.2
2021-03-22,HAS,78.519775,79.66717,77.77381,78.70017,998825.25
2021-03-23,HAS,78.464516,79.08209,78.1151,78.61891,906974.25
2021-03-24,HAS,78.77331,79.79718,77.700676,77.7088,947974.8
2021-03-25,HAS,76.8962,80.34162,76.855576,79.91907,930568.94
2021-03-26,HAS,80.03283,80.84543,79.43972,80.04096,774069.75
2021-03-29,HAS,79.63466,80.16285,78.78143,79.553406,748803.94
2021-03-30,HAS,79.488396,79.9597,78.42389,78.72455,1197710.6
2021-03-31,HAS,78.82206,79.03334,77.69255,78.10698,1737006.5
2021-04-01,HAS,78.212616,79.08209,77.19687,77.57066,1081301.4
2021-04-05,HAS,77.76568,78.37399,77.09935,77.6438,998982.8
2021-04-06,HAS,77.586914,78.4564,77.237495,77.82256,923835
2021-04-07,HAS,78.05822,79.22836,77.968834,78.976456,742447.75
2021-04-08,HAS,79.21211,79.35025,77.14738,78.18011,2145764.2
2021-04-09,HAS,78.277626,78.68392,76.97747,77.391884,883567.9
2021-04-12,HAS,77.02622,79.04146,76.6768,78.911446,907867.7
2021-04-13,HAS,78.5214,81.641785,77.7413,80.31724,2120636.2
2021-04-14,HAS,79.84594,81.495514,79.13492,81.25173,1315985.5
2021-04-15,HAS,81.51989,81.55239,80.31724,80.45539,1040245.5
2021-04-16,HAS,80.85356,80.97545,79.61028,79.63466,1251102.4
2021-04-19,HAS,79.63466,80.1791,78.72455,79.64279,793408.94
2021-04-20,HAS,79.772804,79.84594,78.131355,78.60266,949184.5
2021-04-21,HAS,78.617615,80.00033,78.47265,79.38276,758421.2
2021-04-22,HAS,79.35838,80.41476,78.943954,80.02471,828751.1
2021-04-23,HAS,80.747925,81.674286,78.6311,78.943954,1094498.6
2021-04-26,HAS,78.99368,79.30149,77.67629,78.83831,1214976.2
2021-04-27,HAS,78.61891,81.13797,77.79006,79.91907,1546559.4
2021-04-28,HAS,80.13035,80.13035,78.63516,79.63466,866285.06
2021-04-29,HAS,80.29286,80.86169,79.65091,80.52039,931191.6
2021-04-30,HAS,80.3813,81.3877,80.2913,81.37134,1265695.2
2021-05-03,HAS,81.584076,82.2141,80.56131,81.2977,1023335.5
2021-05-04,HAS,81.36316,81.444984,80.03356,80.34857,818264.4
2021-05-05,HAS,80.27493,81.616806,80.21766,81.314064,653107
2021-05-06,HAS,81.649536,81.919464,80.757675,81.35498,778515.56
2021-05-07,HAS,81.616806,82.16092,81.09315,81.12588,713052.2
2021-05-10,HAS,81.62499,82.72139,81.05224,81.32225,855552.9
2021-05-11,HAS,81.19952,81.8459,80.04584,80.35676,834570.6
2021-05-12,HAS,80.32403,80.76586,77.38664,77.53392,862672.06
2021-05-13,HAS,77.68938,79.44854,77.68938,78.80215,672746.1
2021-05-14,HAS,78.597595,79.41581,78.07394,78.79397,890441.1
2021-05-17,HAS,78.84306,78.90025,77.623924,78.61396,865315.6
2021-05-18,HAS,78.56217,78.941246,77.66483,77.71393,784356.3
2021-05-19,HAS,77.21482,77.46028,75.88931,76.78116,911271.9
2021-05-20,HAS,76.5357,77.73029,76.2575,77.56665,694444.6
2021-05-21,HAS,77.4521,77.87757,76.86298,76.96117,734292.4
2021-05-24,HAS,77.28027,77.28027,76.64207,77.01026,534678.25
2021-05-25,HAS,77.26391,77.6321,76.822075,76.94481,598200.75
2021-05-26,HAS,77.16008,77.73029,76.94481,77.591194,529171.1
2021-05-27,HAS,77.71393,78.695786,77.53392,78.48305,1418335
2021-05-28,HAS,78.90034,78.90034,77.89393,78.52396,519520.84
2021-06-01,HAS,78.95761,79.17035,78.221214,78.78579,639603.2
2021-06-02,HAS,78.87579,79.08853,77.68529,78.10667,816973.75
2021-06-03,HAS,78.12712,78.34395,77.03481,78.19667,939341.56
2021-06-04,HAS,78.253944,78.40941,77.02663,77.92666,671193.94
2021-06-07,HAS,78.23759,78.26213,77.29664,77.525734,487861.62
2021-06-08,HAS,77.861206,79.20308,77.24755,78.85124,524631.94
2021-06-09,HAS,79.16216,79.20308,78.000305,78.05758,387893.84
2021-06-10,HAS,78.245766,78.945335,77.902115,78.728516,524316.6
2021-06-11,HAS,78.79397,79.886284,78.597595,79.75128,787270
2021-06-14,HAS,79.55491,79.88219,77.6812,78.1394,889221.4
2021-06-15,HAS,78.04121,78.09031,77.26391,77.828476,701050.44
2021-06-16,HAS,77.78757,77.78757,76.60116,76.91208,784740.06
2021-06-17,HAS,76.90389,77.02663,74.30197,75.14473,1128480.4
2021-06-18,HAS,74.49835,75.27565,74.08924,74.48198,1376634.5
2021-06-21,HAS,74.67017,75.8934,74.29379,75.40657,827517.44
2021-06-22,HAS,75.36402,76.24114,74.49835,75.987495,728291.5
2021-06-23,HAS,76.08568,76.38023,75.69294,75.85658,820920.1
2021-06-24,HAS,76.04477,76.73207,75.995674,76.24114,695158.4
2021-06-25,HAS,76.36388,76.66661,75.92973,76.5357,841483.25
2021-06-28,HAS,76.91208,77.378456,76.39661,76.59297,996308.3
2021-06-29,HAS,76.887535,77.41937,76.52751,76.91208,1107263.5
2021-06-30,HAS,77.0839,77.403,76.64207,77.33755,1010516.1
2021-07-01,HAS,77.64847,78.36849,77.60756,78.00848,694955.44
2021-07-02,HAS,78.26213,79.2358,78.16394,79.080345,839170.9
2021-07-06,HAS,78.92488,79.11208,77.378456,78.23759,608716.4
2021-07-07,HAS,78.34395,79.45672,78.16394,79.30944,609327.44
2021-07-08,HAS,78.703964,79.55491,78.04939,79.27671,722411.6
2021-07-09,HAS,79.88219,80.38949,79.54672,80.16857,526734.1
2021-07-12,HAS,79.84946,80.39357,79.54672,80.30766,417772.34
2021-07-13,HAS,80.31585,80.44676,79.59173,79.8331,587226.9
2021-07-14,HAS,79.89856,80.52858,79.61218,80.01311,763573.25
2021-07-15,HAS,79.96402,80.062195,77.32937,77.56665,1229768.1
2021-07-16,HAS,77.378456,77.60756,76.59297,76.94481,828773.8
2021-07-19,HAS,76.126595,76.46206,74.31016,75.11201,973953.5
2021-07-20,HAS,75.40657,77.23118,75.19792,76.91208,799268.06
2021-07-21,HAS,77.21482,77.963486,76.78116,77.09209,515593.97
2021-07-22,HAS,77.075714,77.075714,75.97932,76.29023,481376.75
2021-07-23,HAS,76.650246,76.650246,75.013824,75.61112,1350890.5
2021-07-26,HAS,80.266754,85.82234,79.26853,84.86511,4730479
2021-07-27,HAS,84.12872,84.652374,82.09955,82.942314,1828489.6
2021-07-28,HAS,82.96686,84.022354,81.616806,81.72317,1756996
2021-07-29,HAS,82.23865,82.4432,81.2977,82.22228,1186098.6
2021-07-30,HAS,82.271706,83.61448,81.70329,81.91748,1969687.6
2021-08-02,HAS,82.43646,83.69686,81.94219,82.09048,773916.4
2021-08-03,HAS,82.41999,83.0955,81.28316,82.69183,1091584.2
2021-08-04,HAS,82.65888,83.21082,81.67858,82.01633,672345.3
2021-08-05,HAS,82.057526,82.15638,81.06898,81.61268,616505.7
2021-08-06,HAS,81.736244,82.33761,80.46761,80.722984,696148.75
2021-08-09,HAS,80.96188,81.52206,80.66532,80.89598,448814.5
2021-08-10,HAS,80.78889,81.57973,80.55823,81.2914,411875.4
2021-08-11,HAS,81.15959,81.60444,80.508804,81.31611,571734.5
2021-08-12,HAS,81.538536,81.84334,81.06486,81.61268,823646.4
2021-08-13,HAS,81.82686,82.60122,81.58385,82.59299,641245.06
2021-08-16,HAS,82.255226,83.013115,81.95043,82.36233,665394.5
2021-08-17,HAS,81.88453,81.88453,79.2896,80.1628,658005.44
2021-08-18,HAS,79.86624,80.08043,79.00127,79.04246,563506.6
2021-08-19,HAS,79.37197,80.12985,77.67497,78.07862,771985.06
2021-08-20,HAS,78.34224,79.39668,78.18572,78.951836,562139.8
2021-08-23,HAS,79.14131,80.38523,79.14131,80.05572,539782.06
2021-08-24,HAS,79.85801,81.09781,79.82506,80.45114,491912.97
2021-08-25,HAS,80.73946,81.4232,80.47585,81.09369,492535.72
2021-08-26,HAS,81.01131,81.43144,80.49644,80.67356,464932.72
2021-08-27,HAS,80.45114,81.44792,80.32757,81.10192,444427.47
2021-08-30,HAS,81.54677,81.983376,80.88774,81.003075,392100.88
2021-08-31,HAS,81.19254,81.34082,80.51704,80.986595,776826.06
2021-09-01,HAS,81.17607,82.18932,80.776535,81.43144,473574.53
2021-09-02,HAS,81.62092,81.91748,81.09369,81.505585,298618.1
2021-09-03,HAS,81.62915,81.89277,81.06898,81.85158,302677.4
2021-09-07,HAS,82.2058,83.16139,81.958664,82.551796,797983.25
2021-09-08,HAS,82.560036,82.91426,80.6406,80.82184,528460
2021-09-09,HAS,80.90422,81.55501,80.484085,80.764175,635618.6
2021-09-10,HAS,81.02779,81.57149,80.534256,80.747696,438561.88
2021-09-13,HAS,80.96188,81.258446,80.022766,80.36875,493857.66
2021-09-14,HAS,80.5747,80.5747,79.66029,80.30286,526366
2021-09-15,HAS,80.09691,81.38202,79.709724,81.225494,606281
2021-09-16,HAS,80.91246,81.62915,80.54175,81.34082,607054.25
2021-09-17,HAS,80.8795,81.28316,79.520256,80.34404,1676635.2
2021-09-20,HAS,79.66029,80.13809,78.13629,78.75413,1008244.9
2021-09-21,HAS,79.240166,80.34404,76.47224,76.496956,953462.56
2021-09-22,HAS,76.496956,77.83972,75.31482,77.691444,1043556.1
2021-09-23,HAS,78.202194,79.10012,77.91387,77.971535,577795.5
2021-09-24,HAS,77.66673,78.5729,77.3784,77.7903,507323.5
2021-09-27,HAS,77.65849,78.688225,77.4196,77.49374,499155.12
2021-09-28,HAS,77.4196,77.67085,75.56608,76.216866,845701.8
2021-09-29,HAS,76.50931,76.80999,75.895584,75.9862,513504.7
2021-09-30,HAS,76.32396,76.3322,73.168846,73.49837,1736068
2021-10-01,HAS,73.54779,73.850945,71.36475,73.391266,1080009.6
2021-10-04,HAS,73.76198,73.76198,70.886955,71.38123,1224799.4
2021-10-05,HAS,71.65308,72.26268,70.911674,71.76841,1178210.9
2021-10-06,HAS,71.31532,72.50982,71.0929,72.419205,725434.25
2021-10-07,HAS,73.25123,74.34686,72.92171,73.5725,930809.9
2021-10-08,HAS,73.90202,74.767,73.90202,74.14092,844525.56
2021-10-11,HAS,72.49334,73.82788,72.33682,72.93819,1071997.9
2021-10-12,HAS,73.21828,73.687836,71.669556,72.53454,786423.2
2021-10-13,HAS,72.08145,73.08639,71.58718,72.69929,951719.4
2021-10-14,HAS,73.45718,75.80909,73.27594,75.25303,1295037.1
2021-10-15,HAS,75.81321,76.735855,75.50017,76.175674,1187838.4
2021-10-18,HAS,75.936775,76.87589,75.54136,76.29925,1070599.5
2021-10-19,HAS,76.60404,77.40312,75.8544,76.85118,798607.2
2021-10-20,HAS,76.81823,76.81823,74.81642,74.98118,862484.06
2021-10-21,HAS,74.81642,76.27453,74.75052,76.167435,1289266.2
2021-10-22,HAS,77.13126,77.32898,73.11942,73.72903,1703707.8
2021-10-25,HAS,73.75374,73.79905,72.50982,72.905235,1859664.1
2021-10-26,HAS,75.393074,77.53905,74.692856,75.26127,2575285.2
2021-10-27,HAS,75.15418,78.31752,74.65167,77.93034,1743778.8
2021-10-28,HAS,78.218666,79.63558,77.452545,79.56968,1593504.6
2021-10-29,HAS,78.947464,79.72731,77.81917,79.445244,1659143.5
2021-11-01,HAS,79.54479,79.68584,78.46628,78.77324,974727.7
2021-11-02,HAS,78.980644,79.030426,76.38391,77.52879,1151071.6
2021-11-03,HAS,77.462425,78.615616,76.898285,77.61176,932119.44
2021-11-04,HAS,77.86894,78.84791,77.49976,78.66539,758545.44
2021-11-05,HAS,78.92257,79.80198,78.831314,79.64435,815963.9
2021-11-08,HAS,79.64435,80.847305,78.81472,80.6399,722446.1
2021-11-09,HAS,80.6482,81.28702,80.30805,81.004944,607532.06
2021-11-10,HAS,80.963455,82.879906,80.49057,81.01324,682733.2
2021-11-11,HAS,80.963455,81.93413,80.34123,81.48613,591662.3
2021-11-12,HAS,81.842865,81.842865,80.780945,81.46953,804212.8
2021-11-15,HAS,81.92583,82.785904,81.577385,82.2079,739913
2021-11-16,HAS,82.2079,83.46479,82.2079,82.48168,798844.2
2021-11-17,HAS,82.14153,83.825676,82.14153,83.5519,794250.56
2021-11-18,HAS,83.69293,83.825676,82.04198,82.82183,650270.44
2021-11-19,HAS,82.96287,83.46064,82.382126,83.36109,765342.44
2021-11-22,HAS,83.410866,83.95842,82.79694,83.3196,697244.5
2021-11-23,HAS,83.27812,83.72612,81.801384,82.54805,728806.8
2021-11-24,HAS,82.116646,82.614426,81.428055,82.48168,473771
2021-11-26,HAS,81.51102,82.614426,81.07961,81.92583,731494.75
2021-11-29,HAS,82.32405,82.92968,81.20405,82.24109,616056.4
2021-11-30,HAS,81.577385,81.94242,79.95961,80.399315,1860924.1
2021-12-01,HAS,80.94687,82.564644,80.13383,80.19191,938538
2021-12-02,HAS,80.391014,82.17472,79.860054,81.85946,996553.1
2021-12-03,HAS,82.25768,82.722275,80.81413,81.61057,902430.25
2021-12-06,HAS,81.693535,83.04583,81.577385,81.81798,908542.6
2021-12-07,HAS,82.606125,83.38598,82.149826,83.05412,880342.06
2021-12-08,HAS,83.294716,83.941826,82.913086,83.73442,676365.25
2021-12-09,HAS,83.70123,83.9999,83.05412,83.30302,656323.75
2021-12-10,HAS,83.71783,84.74657,83.17027,83.64316,777562.4
2021-12-13,HAS,83.477234,83.792496,82.75131,83.44405,936439.44
2021-12-14,HAS,83.16197,83.784195,82.52316,83.294716,1258105.1
2021-12-15,HAS,83.244934,84.34834,82.55635,84.124344,978297.94
2021-12-16,HAS,84.53086,85.27753,83.900345,83.9916,1017454
2021-12-17,HAS,83.36109,83.560196,81.87605,82.00879,1881770.9
2021-12-20,HAS,81.18746,81.285355,78.89768,79.61946,1047383.06
2021-12-21,HAS,80.38272,80.97997,79.789536,80.07575,1106971.1
2021-12-22,HAS,80.29976,80.72701,79.594574,80.15872,907209.5
2021-12-23,HAS,80.15872,81.61057,79.85176,81.237236,665755.7
2021-12-27,HAS,81.39487,82.46509,80.83072,82.40701,503577.12
2021-12-28,HAS,82.48168,83.08316,81.618866,81.90924,457270.84
2021-12-29,HAS,82.12494,82.722275,81.91338,82.55635,423019.38
2021-12-30,HAS,82.763756,84.17412,82.763756,83.80908,523780.12
2021-12-31,HAS,83.70123,84.55575,83.65975,84.439606,484160
2022-01-03,HAS,84.80464,85.3439,83.70953,84.76316,816251.94
2022-01-04,HAS,85.02864,87.409676,84.895905,86.215004,1847917.1
2022-01-05,HAS,86.53027,87.71664,85.576195,85.71723,1141537.2
2022-01-06,HAS,85.71723,86.115456,84.86811,85.576195,687394.3
2022-01-07,HAS,85.576195,85.97441,84.663605,85.26923,717276.3
2022-01-10,HAS,84.439606,84.90419,83.23664,84.124344,1236583.4
2022-01-11,HAS,84.03309,84.26538,83.3196,83.9999,1259330.9
2022-01-12,HAS,84.588936,85.26923,83.84227,85.21116,1061638.9
2022-01-13,HAS,85.20286,85.49738,84.46449,84.63871,1281205.8
2022-01-14,HAS,84.35664,84.41471,82.08346,83.06242,1157873.5
2022-01-18,HAS,82.614426,83.46894,81.82213,83.07072,997312.5
2022-01-19,HAS,83.15368,83.5436,81.94657,82.24109,799607.1
2022-01-20,HAS,82.30746,83.365234,81.12524,81.428055,929658.1
2022-01-21,HAS,81.56079,81.56079,79.42036,79.57798,1528382.6
2022-01-24,HAS,78.53265,80.90538,77.66046,80.81413,1540859.2
2022-01-25,HAS,80.4159,80.515465,77.620056,79.295906,1250060.5
2022-01-26,HAS,77.98509,79.84346,73.47191,74.492355,2884471.2
2022-01-27,HAS,74.89887,75.7368,73.20643,73.39725,1591155.2
2022-01-28,HAS,72.899475,74.69147,71.32317,74.64169,1622573
2022-01-31,HAS,74.215355,77.57587,73.98129,77.308365,3359424.2
2022-02-01,HAS,77.534065,79.180885,77.22476,79.02205,1376428.5
2022-02-02,HAS,79.205956,79.98339,78.52466,79.857994,1416405.9
2022-02-03,HAS,79.24776,80.58527,78.10251,78.39509,1123288
2022-02-04,HAS,78.23626,79.08893,77.37524,78.51212,1686370.5
2022-02-07,HAS,78.445244,78.86322,75.243576,77.74305,2042604.9
2022-02-08,HAS,77.04922,77.40867,75.201775,77.14953,2692001.5
2022-02-09,HAS,77.9604,80.66887,77.74305,80.44316,1130622.2
2022-02-10,HAS,79.58213,81.7439,78.93845,79.35643,1356795.6
2022-02-11,HAS,79.03877,79.80784,78.5372,78.905014,1768360.1
2022-02-14,HAS,79.1976,79.88307,78.87158,79.04713,1446567
2022-02-15,HAS,80.07535,81.0534,79.66573,80.62707,1609735.2
2022-02-16,HAS,80.810974,81.33762,80.058624,81.12028,1346816.6
2022-02-17,HAS,85.80994,87.879326,82.14849,82.82561,4332169
2022-02-18,HAS,82.82561,83.080574,81.12864,81.90607,1429435.5
2022-02-22,HAS,81.37942,81.82247,78.579,78.75455,1852517.4
2022-02-23,HAS,78.579,79.91651,76.79843,77.02414,1094213.1
2022-02-24,HAS,75.02622,78.07743,74.951,77.893524,1155040
2022-02-25,HAS,77.74305,80.90293,77.74305,80.84441,1150764.6
2022-02-28,HAS,80.393005,83.469284,79.87472,81.12864,2431256.5
2022-03-01,HAS,80.71902,81.471375,78.63751,79.26447,857157.44
2022-03-02,HAS,79.32299,81.33762,79.272835,80.89457,743218.4
2022-03-03,HAS,81.546616,81.546616,78.37001,78.73783,800452.9
2022-03-04,HAS,78.319855,78.57064,76.3303,77.28328,1264328.1
2022-03-07,HAS,76.489136,77.28328,74.382545,74.507935,1171761.1
2022-03-08,HAS,74.20699,76.33448,73.05339,73.63855,1446471.2
2022-03-09,HAS,75.235214,76.0628,74.99279,75.1767,1332036.9
2022-03-10,HAS,74.49958,74.7629,73.67199,74.39091,1277503.5
2022-03-11,HAS,74.541374,74.616615,72.20908,72.28432,893940.9
2022-03-14,HAS,72.77753,74.344925,72.150566,72.59362,1930784.4
2022-03-15,HAS,72.58526,73.94785,72.49331,73.58003,1527586.5
2022-03-16,HAS,74.24043,75.68035,73.42121,75.19341,1260693.9
2022-03-17,HAS,75.14326,75.4024,74.3634,74.95935,1207572.1
2022-03-18,HAS,74.779625,75.08892,73.86426,74.67513,2928144.5
2022-03-21,HAS,74.73364,75.201775,73.83082,74.73364,1544389
2022-03-22,HAS,74.89247,75.6806,74.37419,74.541374,2071407
2022-03-23,HAS,74.248795,74.248795,71.097275,71.15579,1225793.4
2022-03-24,HAS,71.51525,71.916504,70.54555,71.47345,1860332.5
2022-03-25,HAS,71.51525,71.883064,70.679306,70.95516,1223886.5
2022-03-28,HAS,70.99696,70.99696,69.53823,70.07742,2022364.4
2022-03-29,HAS,71.18923,73.36269,71.18923,72.25925,3207713.8
2022-03-30,HAS,71.87471,72.3512,70.19445,70.637505,1905272
2022-03-31,HAS,70.82141,70.99696,67.84544,68.48076,3465409.5
2022-04-01,HAS,68.831856,70.604065,68.41388,70.5957,1892737.6
2022-04-04,HAS,70.52883,71.24775,70.29476,71.15579,1506083.9
2022-04-05,HAS,70.7211,71.590485,70.52047,71.097275,1792933.5
2022-04-06,HAS,70.55391,71.883064,69.977104,71.423294,1282478.8
2022-04-07,HAS,71.423294,71.53197,69.617645,70.78797,1829423.9
2022-04-08,HAS,70.77962,71.389854,70.1861,70.52047,948694.4
2022-04-11,HAS,70.33656,71.48181,69.80156,69.885155,1106474.8
2022-04-12,HAS,70.311485,71.13907,69.091,69.18296,920984.44
2022-04-13,HAS,69.67616,70.24795,69.55077,70.052345,856217.2
2022-04-14,HAS,70.311485,71.39822,70.311485,71.23939,1996060
2022-04-18,HAS,71.13071,71.264465,69.425385,69.82664,1231607.1
2022-04-19,HAS,69.78484,74.119225,69.7096,73.429565,2687266.8
2022-04-20,HAS,73.96458,74.39091,72.844406,74.14012,1775755.4
2022-04-21,HAS,74.62497,75.15162,73.65853,73.93949,1635092.1
2022-04-22,HAS,73.97293,74.4327,72.96143,73.5048,1576785.8
2022-04-25,HAS,73.53824,75.201775,72.77753,74.85068,1459261.5
2022-04-26,HAS,74.1652,74.81724,73.53824,73.78066,1474741
2022-04-27,HAS,74.181915,76.480774,74.1652,75.73678,2319024.2
2022-04-28,HAS,76.16312,77.3418,73.87262,75.61974,1632740.2
2022-04-29,HAS,75.451256,76.02413,73.98537,74.18755,1792706.1
2022-05-02,HAS,74.03591,75.594475,73.74105,75.54392,1265915.8
2022-05-03,HAS,75.85564,77.91117,75.84721,77.65009,1379846.8
2022-05-04,HAS,77.700645,79.377144,76.992966,79.31818,1244592.6
2022-05-05,HAS,78.33249,78.66105,76.60543,77.57427,1260541.1
2022-05-06,HAS,77.19516,78.07975,76.2853,77.439476,1311114
2022-05-09,HAS,76.58016,77.61639,74.54981,74.55824,1622705.2
2022-05-10,HAS,75.55235,75.72927,73.47146,74.65934,1673432.5
2022-05-11,HAS,74.634056,75.83037,73.29454,73.791595,1544978.6
2022-05-12,HAS,73.345085,75.45968,73.345085,75.409134,1156701.9
2022-05-13,HAS,76.1168,77.827,75.85564,77.59112,1065758.1
2022-05-16,HAS,77.27941,77.75961,76.60543,76.83289,844170.56
2022-05-17,HAS,77.035095,77.97865,76.588585,77.97865,877729.2
2022-05-18,HAS,77.355225,77.658516,76.17156,76.43694,1001700.94
2022-05-19,HAS,75.779816,76.54646,72.95756,73.092354,1341616.1
2022-05-20,HAS,73.378784,73.610466,68.00385,71.356865,3514482.5
2022-05-23,HAS,71.60961,71.96345,70.25745,71.57591,1564718.4
2022-05-24,HAS,71.00304,71.18838,68.673615,68.75365,1346987.2
2022-05-25,HAS,68.492485,70.64077,68.32399,70.404884,1043403.56
2022-05-26,HAS,70.80084,72.88174,70.80084,72.44365,1070626
2022-05-27,HAS,72.77221,73.56413,72.612144,73.36194,1074693.9
2022-05-31,HAS,73.345085,76.108376,72.317276,75.61132,2368909.8
2022-06-01,HAS,75.73769,77.11091,75.09742,75.35858,1428842.2
2022-06-02,HAS,75.89776,76.09995,74.87837,75.712425,964939.8
2022-06-03,HAS,75.38386,75.62817,74.086464,74.80256,685707.2
2022-06-06,HAS,75.24064,75.44283,74.28865,74.61721,560510.44
2022-06-07,HAS,73.934814,74.956474,73.29454,74.82783,861776
2022-06-08,HAS,74.62564,75.19852,74.03591,74.41502,744135.7
2022-06-09,HAS,74.36447,75.08899,73.53043,73.534645,780232.06
2022-06-10,HAS,72.54475,72.6332,71.52537,71.54221,817278.06
2022-06-13,HAS,70.14372,70.64077,68.02964,68.46721,1184536.9
2022-06-14,HAS,68.382965,68.54304,67.5405,68.02913,1294392.9
2022-06-15,HAS,68.07967,69.82358,68.07967,68.88002,1185575.5
2022-06-16,HAS,67.574196,68.045975,66.251526,66.56324,1335321.5
2022-06-17,HAS,66.54639,68.1218,65.98193,67.48995,2066106
2022-06-21,HAS,68.13865,69.84886,67.52365,69.46974,1073403.5
2022-06-22,HAS,68.930565,70.21111,68.711525,69.30968,967972.6
2022-06-23,HAS,69.65509,70.25324,69.3518,69.97523,771137.4
2022-06-24,HAS,70.43015,72.38047,70.43015,72.23303,1434385.5
2022-06-27,HAS,72.45207,72.80591,71.44954,72.15721,720500.3
2022-06-28,HAS,72.4942,72.87331,70.85982,70.927216,509498.3
2022-06-29,HAS,70.78399,71.07886,70.18584,70.67447,580663.2
2022-06-30,HAS,69.924675,69.966805,68.58516,68.98112,1035267.9
2022-07-01,HAS,68.66098,68.7031,67.169815,68.53461,1423595.8
2022-07-05,HAS,67.70899,69.225426,66.8918,69.225426,941401.8
2022-07-06,HAS,69.30968,69.74355,68.045975,69.2507,984122.8
2022-07-07,HAS,69.3181,71.5717,69.13697,71.30632,1172956.5
2022-07-08,HAS,71.01146,71.23892,70.05948,70.590225,956476.56
2022-07-11,HAS,70.09317,70.65762,69.267555,69.51187,1088760.9
2022-07-12,HAS,69.486595,70.396454,67.91119,68.37454,1030362.06
2022-07-13,HAS,66.757,69.01482,66.757,68.130226,1111534.5
2022-07-14,HAS,67.355156,67.5405,66.2768,66.88338,1326880.9
2022-07-15,HAS,67.27091,67.4731,65.53349,66.73173,1791154.8
2022-07-18,HAS,67.355156,67.687935,66.63063,66.908646,1875333.9
2022-07-19,HAS,66.81598,68.92349,64.962555,67.38043,3527232
2022-07-20,HAS,67.30461,68.92636,67.026596,68.51776,2186248.5
2022-07-21,HAS,68.745224,71.67701,67.80167,71.44112,1989971.1
2022-07-22,HAS,70.85982,70.85982,67.86906,68.349266,1497572.6
2022-07-25,HAS,68.42509,68.47563,65.82608,66.26838,2166453
2022-07-26,HAS,65.476456,66.243095,64.90358,65.324814,2040916.8
2022-07-27,HAS,65.17317,66.29365,64.81512,66.25995,1963454.9
2022-07-28,HAS,66.35262,67.38043,66.00721,67.10242,1349193.9
2022-07-29,HAS,67.229904,67.493385,66.54996,66.90693,3433037.8
2022-08-01,HAS,66.74544,68.36032,66.14623,67.55289,1502989.1
2022-08-02,HAS,67.45939,67.54013,66.74544,66.76244,876272.3
2022-08-03,HAS,66.88993,67.44239,66.08249,67.19591,1267503.1
2022-08-04,HAS,67.025925,67.229904,66.59245,67.06842,707147.7
2022-08-05,HAS,66.405464,66.83044,65.81476,66.21848,894061.9
2022-08-08,HAS,66.55846,67.08542,66.22698,66.37997,577059
2022-08-09,HAS,66.25248,66.46496,65.62353,66.26098,870144.75
2022-08-10,HAS,67.01742,67.2724,66.37147,66.677444,696465.7
2022-08-11,HAS,67.40839,67.960846,66.70295,66.838936,930518.75
2022-08-12,HAS,67.323395,68.530304,66.88993,68.48781,712711.6
2022-08-15,HAS,68.26682,68.75129,67.88436,68.52181,789229.2
2022-08-16,HAS,68.34332,70.085686,68.07984,70.05169,863153.6
2022-08-17,HAS,69.618225,69.84771,68.513306,69.05727,862297.1
2022-08-18,HAS,69.261246,71.05461,68.57281,70.20468,1099288
2022-08-19,HAS,70.13668,71.556076,69.59273,71.39459,1499307.8
2022-08-22,HAS,70.544655,70.68829,69.325,69.42274,1420362.9
2022-08-23,HAS,69.69472,70.29817,69.32075,69.9752,967988.6
2022-08-24,HAS,70.11969,70.87613,69.813705,70.61265,789188.06
2022-08-25,HAS,70.816635,71.50083,70.30667,70.85063,615192.5
2022-08-26,HAS,71.08011,71.182106,68.36882,68.36882,584161.94
2022-08-29,HAS,67.79086,68.411316,67.17041,67.89285,731844.9
2022-08-30,HAS,68.26682,68.36032,66.957924,67.08542,645041.8
2022-08-31,HAS,67.68037,67.68887,66.80434,66.99192,1457295.1
2022-09-01,HAS,66.60945,67.51463,66.303474,67.34889,960645.75
2022-09-02,HAS,68.045845,68.75979,66.54996,66.89843,661624.25
2022-09-06,HAS,66.31197,66.76244,64.96908,65.9805,1356568.6
2022-09-07,HAS,65.921005,67.45089,65.63203,67.37439,1348332.8
2022-09-08,HAS,67.127914,67.91836,66.37997,67.79936,927471.44
2022-09-09,HAS,68.52181,69.65647,68.38582,69.22725,831066.5
2022-09-12,HAS,69.69472,70.75289,69.63947,70.09419,1097614.9
2022-09-13,HAS,68.72579,69.163506,67.73986,67.90135,924467.7
2022-09-14,HAS,67.89285,68.623795,67.323395,68.47931,1393252.6
2022-09-15,HAS,68.700294,68.878784,66.17599,66.286476,1449754.5
2022-09-16,HAS,66.21848,66.21848,64.04265,64.42512,2095265.9
2022-09-19,HAS,63.51569,66.04424,63.43069,65.81052,945425.75
2022-09-20,HAS,65.105064,65.20706,63.651676,63.74517,1180868.2
2022-09-21,HAS,63.78767,65.78076,63.78767,63.88116,967562.75
2022-09-22,HAS,63.694176,64.10214,61.769073,62.079296,899647
2022-09-23,HAS,61.603336,61.603336,59.68248,60.336926,1214047.2
2022-09-26,HAS,60.17544,61.386597,60.07345,60.447422,1131103.4
2022-09-27,HAS,60.498417,60.974377,58.611557,59.01953,1041042.44
2022-09-28,HAS,59.24901,59.39775,58.246086,58.96853,1152081.4
2022-09-29,HAS,58.526566,58.62856,56.87769,57.702126,1126964.2
2022-09-30,HAS,57.574635,58.50107,57.175163,57.302654,1255277.5
2022-10-03,HAS,57.64263,59.176765,56.6907,58.62856,1964590
2022-10-04,HAS,59.88646,62.27903,56.665203,59.90346,5703859.5
2022-10-05,HAS,58.650654,58.85804,57.88061,58.042103,2187495.2
2022-10-06,HAS,57.90611,59.342503,57.78712,58.26309,1853994.6
2022-10-07,HAS,57.693626,58.98553,57.166668,58.62006,2319457
2022-10-10,HAS,58.934532,59.08752,56.554714,57.27716,1309921.6
2022-10-11,HAS,57.209164,58.484066,56.869194,57.591637,1437058.2
2022-10-12,HAS,57.532143,57.98261,57.13267,57.55764,1089039
2022-10-13,HAS,56.46122,58.790043,55.95551,57.872112,1610915
2022-10-14,HAS,58.756046,58.86654,56.434025,56.60571,2545662.2
2022-10-17,HAS,57.659626,58.008102,57.10938,57.549137,2600177
2022-10-18,HAS,57.999603,58.46707,55.619785,55.891766,3557826
2022-10-19,HAS,55.959755,56.89469,54.710358,55.10982,3048079.2
2022-10-20,HAS,55.143818,56.023506,54.0559,54.489372,2032110.5
2022-10-21,HAS,54.268387,55.78127,53.962414,55.66228,1914258
2022-10-24,HAS,55.696278,56.84369,55.58579,55.764275,1580959.8
2022-10-25,HAS,55.874763,56.996677,55.78127,56.92019,1149210.6
2022-10-26,HAS,56.89469,57.532143,55.69679,56.155243,1463809.8
2022-10-27,HAS,56.401726,57.253872,55.26434,55.339306,1460189.5
2022-10-28,HAS,55.31381,56.189243,55.07583,55.86627,2206875.5
2022-10-31,HAS,55.814724,56.441853,55.531223,56.055267,1463114.4
2022-11-01,HAS,56.854214,57.14665,55.61713,55.883453,990192.44
2022-11-02,HAS,55.952175,56.063858,53.79587,53.804466,1368716.2
2022-11-03,HAS,53.31479,53.64124,51.43339,52.584564,1938524
2022-11-04,HAS,53.203106,54.654957,52.584564,53.426468,1792694.4
2022-11-07,HAS,53.838825,54.11803,53.185925,53.624054,1639888.6
2022-11-08,HAS,53.74433,54.25119,52.322544,52.7392,1609812.5
2022-11-09,HAS,52.34402,52.481476,49.46609,49.792538,1899707.1
2022-11-10,HAS,51.252983,51.897297,51.08976,51.880116,2423577.5
2022-11-11,HAS,52.180798,54.58623,51.9918,54.474552,1582765
2022-11-14,HAS,49.921402,51.132713,49.08809,49.105274,5300022
2022-11-15,HAS,49.818314,50.6774,49.792538,50.43685,2447079.2
2022-11-16,HAS,49.95577,50.01075,47.378513,48.082962,2822100.5
2022-11-17,HAS,47.86819,50.2049,47.739326,50.187717,2125968.8
2022-11-18,HAS,50.857807,52.051933,50.857807,51.132713,2226286
2022-11-21,HAS,51.02103,51.43339,50.411083,50.814854,1471209.1
2022-11-22,HAS,51.1413,52.679066,51.02103,52.627518,1492616.8
2022-11-23,HAS,52.66188,54.053596,52.642982,53.400696,1219193.1
2022-11-25,HAS,53.409286,53.881783,53.33197,53.349148,593491.06
2022-11-28,HAS,52.53302,53.417877,52.455704,53.06565,1153546.5
2022-11-29,HAS,53.100018,54.216827,52.84229,53.409286,1249655.9
2022-11-30,HAS,53.289013,54.156693,51.82857,53.96769,3348093
2022-12-01,HAS,54.216827,55.290684,53.99346,54.345688,2933380.8
2022-12-02,HAS,54.130917,54.732277,53.821648,54.388645,1449538.4
2022-12-05,HAS,54.199646,54.71509,53.75292,54.328506,1645306
2022-12-06,HAS,54.526096,54.62489,51.20144,52.03475,2367968.2
2022-12-07,HAS,52.180798,53.056976,51.52789,51.579437,1482842.4
2022-12-08,HAS,52.404156,52.949673,51.437687,51.588028,2095069.8
2022-12-09,HAS,51.570843,51.92307,51.081165,51.10694,1630896.5
2022-12-12,HAS,51.167076,51.588028,50.771896,51.545074,1920125.4
2022-12-13,HAS,53.168743,53.91185,51.734074,52.12066,2259937
2022-12-14,HAS,51.983204,52.425636,50.952305,51.510708,2088632.6
2022-12-15,HAS,50.849213,51.158485,50.2994,50.87499,2139632.2
2022-12-16,HAS,50.668808,50.87928,49.15682,49.70663,3862234.5
2022-12-19,HAS,49.58636,49.749584,47.816647,48.031418,2829266.2
2022-12-20,HAS,47.773693,47.885372,46.94897,47.069244,3183791.5
2022-12-21,HAS,47.395695,49.826904,47.395695,49.56918,3090357
2022-12-22,HAS,49.16541,49.629314,47.971283,49.56918,2263913.5
2022-12-23,HAS,49.723816,50.04597,49.35441,50.00731,1334323.9
2022-12-27,HAS,50.058857,50.720352,49.544266,50.539944,1068338.4
2022-12-28,HAS,50.660217,51.081165,49.826904,50.015903,1243444.5
2022-12-29,HAS,50.4884,52.507248,50.36813,52.39557,1866879.1
2022-12-30,HAS,51.785614,52.507248,51.67823,52.412746,1483065.9
2023-01-03,HAS,52.902428,53.306194,52.59144,53.220287,1957437.1
2023-01-04,HAS,53.306194,53.959103,52.91102,53.357742,2019521.9
2023-01-05,HAS,53.177334,54.48314,52.9282,54.38005,1939613.5
2023-01-06,HAS,54.629185,56.102516,54.517506,55.720222,1626497.6
2023-01-09,HAS,55.745995,55.78895,54.607708,54.723686,1389611.8
2023-01-10,HAS,54.67214,55.462498,54.55187,55.393776,1536923.2
2023-01-11,HAS,55.86627,56.88858,55.840496,56.639446,2061189.5
2023-01-12,HAS,56.914352,56.914352,55.720222,56.59649,1210465.2
2023-01-13,HAS,55.934994,56.84133,55.75459,56.71676,1064250.4
2023-01-17,HAS,56.424675,56.613674,55.737404,56.20131,1604890.9
2023-01-18,HAS,56.27004,56.381718,54.98141,55.127453,1479988.2
2023-01-19,HAS,54.723686,54.90839,52.434227,52.868065,1764835.6
2023-01-20,HAS,52.915314,54.48314,52.893837,54.397232,1539600.5
2023-01-23,HAS,54.809593,55.91781,54.388645,55.849087,1791148.5
2023-01-24,HAS,55.728817,56.175537,54.680733,54.826775,1139473.4
2023-01-25,HAS,54.55187,55.088108,53.808758,55.067318,1106282.2
2023-01-26,HAS,55.771767,56.02339,54.500324,54.79241,1324645
2023-01-27,HAS,51.40762,52.996925,50.179127,50.350945,8154914.5
2023-01-30,HAS,50.136173,51.149895,49.938587,50.63444,4139300.5
2023-01-31,HAS,50.895267,51.799454,50.377968,51.442993,9370612
2023-02-01,HAS,50.930046,52.57323,50.512726,52.373264,2757684.8
2023-02-02,HAS,52.88622,55.633553,52.24285,54.99019,2936778.8
2023-02-03,HAS,53.7904,54.903248,53.625214,53.668686,1364219.2
2023-02-06,HAS,52.842743,53.01228,51.82119,52.625393,1682892.8
2023-02-07,HAS,52.416737,52.4689,51.026985,52.312405,1268557.9
2023-02-08,HAS,51.973335,52.35153,51.4343,51.616875,1712993.6
2023-02-09,HAS,51.460384,51.460384,49.35641,49.408577,2892492.2
2023-02-10,HAS,49.260777,50.28668,49.165142,49.886753,1471118.1
2023-02-13,HAS,50.078022,51.060455,49.8172,51.043068,1605271.2
2023-02-14,HAS,50.60836,50.92135,49.512905,50.52142,1530402
2023-02-15,HAS,49.999775,50.790936,49.434658,50.75616,2467159
2023-02-16,HAS,51.90378,53.329617,50.73008,50.825714,3083370
2023-02-17,HAS,50.75616,51.66904,50.573586,51.608185,2983091.8
2023-02-21,HAS,51.208256,51.30389,48.956482,49.026035,3151601.2
2023-02-22,HAS,49.112976,50.117146,49.026035,50.078022,2806604.2
2023-02-23,HAS,50.112797,50.408398,48.69566,49.617233,1676615
2023-02-24,HAS,48.75652,49.18253,47.800167,49.060814,2005401.1
2023-02-27,HAS,49.347717,49.591152,47.913193,48.069687,1847759.8
2023-02-28,HAS,48.113155,48.6348,47.608894,47.82625,2454662
2023-03-01,HAS,47.704533,48.01752,47.191578,47.365463,1822408.1
2023-03-02,HAS,47.035084,47.904495,46.79417,47.878414,1155914.8
2023-03-03,HAS,48.321815,48.452225,47.834946,48.35659,1167791.9
2023-03-06,HAS,48.617413,48.686966,47.009003,47.10464,1306913.8
2023-03-07,HAS,47.17419,47.226357,45.07022,45.200634,2382292.2
2023-03-08,HAS,45.209324,45.95702,44.957195,45.86138,2399233.8
2023-03-09,HAS,45.783134,46.374336,44.47033,44.52249,2638887
2023-03-10,HAS,44.696373,44.722454,42.322884,42.78367,2743999.8
2023-03-13,HAS,42.16639,42.46634,40.931828,41.410004,4085691
2023-03-14,HAS,41.966427,42.409824,40.6797,40.992687,3009275
2023-03-15,HAS,40.384098,41.22308,39.775513,41.157875,3591489.2
2023-03-16,HAS,40.51451,41.79254,40.010254,41.749073,3487783.2
2023-03-17,HAS,41.410004,41.78385,40.566673,41.731686,7828994.5
2023-03-20,HAS,42.19247,42.966244,41.93165,42.06206,2232642.5
2023-03-21,HAS,42.63587,43.52267,42.63587,43.235764,1635472.1
2023-03-22,HAS,43.4792,43.90521,42.53154,42.540237,1694605.4
2023-03-23,HAS,42.78367,43.001022,41.76646,42.288105,1774239.8
2023-03-24,HAS,42.07945,42.861916,42.0012,42.63587,1567917.1
2023-03-27,HAS,43.070576,43.80088,42.76628,43.6183,2032942.8
2023-03-28,HAS,43.59222,44.018234,43.31401,43.88782,1152939.2
2023-03-29,HAS,44.47902,45.339737,44.183422,45.209324,2068493.4
2023-03-30,HAS,45.744015,46.48736,45.400597,45.522312,2442170.8
2023-03-31,HAS,46.052654,46.74818,45.61795,46.678627,2427969.2
2023-04-03,HAS,46.60038,46.91337,45.670113,45.9831,1726262.5
2023-04-04,HAS,46.30478,46.400417,45.400597,45.531006,1610377
2023-04-05,HAS,45.209324,45.674458,44.83113,45.157158,1693212.5
2023-04-06,HAS,45.000664,45.40929,44.81809,45.148468,1072370.8
2023-04-10,HAS,44.922417,45.66142,44.86156,45.3919,1159103.1
2023-04-11,HAS,45.61795,46.139595,45.51362,45.565784,1366639.2
2023-04-12,HAS,46.035267,46.14829,44.426853,44.60074,1880519.9
2023-04-13,HAS,44.896336,45.9831,44.86156,45.765747,2620777
2023-04-14,HAS,46.078735,46.165676,45.43537,45.55709,2161680.8
2023-04-17,HAS,45.670113,46.243923,45.51362,46.139595,1919034.5
2023-04-18,HAS,46.23523,46.29609,45.61795,45.878773,1909982.4
2023-04-19,HAS,45.64403,45.704887,45.222366,45.64403,1857979.4
2023-04-20,HAS,45.296265,45.548393,44.322525,44.592045,2026711
2023-04-21,HAS,44.592045,45.048485,44.444244,44.939808,1472455.9
2023-04-24,HAS,44.965893,45.104996,44.37469,44.974583,2021872.1
2023-04-25,HAS,44.77462,44.922417,44.13995,44.37469,2083105.5
2023-04-26,HAS,44.279057,44.73984,44.244278,44.696373,3063970.5
2023-04-27,HAS,47.817554,51.347363,47.69584,51.234337,6472424.5
2023-04-28,HAS,52.263775,53.979504,51.83264,52.1054,3892078.2
2023-05-01,HAS,51.771053,51.903034,51.02317,51.59508,2461494.2
2023-05-02,HAS,51.559883,51.84584,50.97038,51.515892,1980316.1
2023-05-03,HAS,51.454304,53.205227,51.295925,52.55413,2254487.8
2023-05-04,HAS,52.47494,52.92367,51.507095,52.712505,2426489.8
2023-05-05,HAS,53.214024,53.49558,52.510136,53.12604,2072797.8
2023-05-08,HAS,53.12604,53.222824,51.91183,52.325367,2069412
2023-05-09,HAS,51.92943,52.606922,51.885437,52.48374,1335252.1
2023-05-10,HAS,53.205227,53.24042,52.290173,52.774094,1434924.6
2023-05-11,HAS,52.580524,52.976463,52.338562,52.809288,1576098
2023-05-12,HAS,53.011658,53.922314,52.79169,53.838726,1807823.1
2023-05-15,HAS,53.88272,55.132122,53.87392,54.868164,2259719.2
2023-05-16,HAS,54.410637,54.573414,53.51318,54.39304,1559485.1
2023-05-17,HAS,54.630604,54.736187,53.838818,54.542618,1871833.1
2023-05-18,HAS,54.44583,54.6526,53.82993,54.551414,1116282.5
2023-05-19,HAS,54.59541,55.176117,52.774094,53.073246,2230663.5
2023-05-22,HAS,53.196426,53.33281,52.633316,53.152435,1307413.6
2023-05-23,HAS,52.906075,53.95311,52.68611,53.486782,1401250
2023-05-24,HAS,53.574768,53.609962,52.756584,53.24922,1308174
2023-05-25,HAS,53.3636,53.3636,52.22858,52.54533,1496049
2023-05-26,HAS,52.48374,53.77274,52.22858,52.853283,1444810.2
2023-05-30,HAS,53.319607,53.425194,52.61572,53.17883,1301903.8
2023-05-31,HAS,52.809288,52.950066,51.806248,52.21978,3396798
2023-06-01,HAS,51.436703,52.954468,51.436703,52.809288,1926738.4
2023-06-02,HAS,53.407597,53.47798,52.70371,52.809288,1858475.4
2023-06-05,HAS,52.950066,53.095684,52.518932,52.69491,1510197.9
2023-06-06,HAS,53.073246,53.24042,52.518932,52.7389,1355325.8
2023-06-07,HAS,53.06445,54.08509,52.835686,53.794735,1355950.9
2023-06-08,HAS,53.68035,54.13788,53.13484,53.75074,976931
2023-06-09,HAS,53.88272,54.217068,52.976463,53.046852,1004725.1
2023-06-12,HAS,53.17883,54.43703,53.046852,54.357845,1212160
2023-06-13,HAS,54.357845,55.343292,54.111485,55.316895,1537863.6
2023-06-14,HAS,55.54566,56.196754,54.428234,54.47223,2416370
2023-06-15,HAS,54.20827,54.58661,53.80793,54.22587,1910405.1
2023-06-16,HAS,54.47223,54.78898,53.724346,54.067493,2667836.8
2023-06-20,HAS,53.75074,54.278656,53.451588,54.08509,1536348.5
2023-06-21,HAS,53.865124,53.917915,52.93247,52.967667,1579467.9
2023-06-22,HAS,52.853283,53.12164,52.650913,53.029255,991532.1
2023-06-23,HAS,52.62452,52.93247,51.947025,52.79169,2382548.8
2023-06-26,HAS,53.029255,53.70675,53.029255,53.653957,917773.94
2023-06-27,HAS,53.733143,55.149723,53.70675,55.07933,1125003.1
2023-06-28,HAS,55.08813,55.66884,54.78898,55.66444,1425056
2023-06-29,HAS,55.66884,56.30234,55.580853,56.161564,1534759.6
2023-06-30,HAS,56.80386,57.190998,56.407925,56.98863,1446685.6
2023-07-03,HAS,56.94464,57.33178,56.92264,57.00623,836031.56
2023-07-05,HAS,56.707073,56.847855,56.152763,56.522305,1591300.4
2023-07-06,HAS,55.739227,56.619087,55.2949,56.5751,1679021
2023-07-07,HAS,56.487106,57.38457,56.31114,56.80386,1840998.8
2023-07-10,HAS,56.82146,57.190998,56.25395,56.381527,2259965.8
2023-07-11,HAS,56.390324,57.05902,55.85273,57.023823,1564088.1
2023-07-12,HAS,57.45496,57.586933,56.830254,57.094215,1812001
2023-07-13,HAS,57.296585,57.798107,56.962234,57.516552,1299454.5
2023-07-14,HAS,57.49895,57.49895,56.179157,56.399124,1173258.5
2023-07-17,HAS,56.381527,56.715874,55.660038,56.31114,2329797.2
2023-07-18,HAS,56.469513,57.085415,55.369686,55.60725,1553643.4
2023-07-19,HAS,55.844814,56.940235,55.704037,56.847855,1735667.4
2023-07-20,HAS,56.75107,56.82146,55.523663,56.17036,1174472.2
2023-07-21,HAS,56.407925,56.663086,55.765625,56.275944,1174607.5
2023-07-24,HAS,56.5751,57.234997,56.24075,57.173405,1339397.1
2023-07-25,HAS,57.182198,57.182198,55.941597,56.011986,1294966.2
2023-07-26,HAS,55.87121,56.399124,55.616047,56.363926,1030126.9
2023-07-27,HAS,56.531105,56.839054,55.140923,55.325695,1719152.4
2023-07-28,HAS,56.135166,56.135166,54.903362,55.16732,1688081.5
2023-07-31,HAS,57.4185,57.970173,56.466415,57.44519,7112682
2023-08-01,HAS,57.08928,57.836704,57.053684,57.4363,1585661.1
2023-08-02,HAS,57.293926,57.400703,56.65461,57.276134,2662353.5
2023-08-03,HAS,58.726498,60.40821,57.382904,57.916782,4593272.5
2023-08-04,HAS,57.979073,57.996864,56.27956,56.724457,2671498.2
2023-08-07,HAS,56.653275,57.80111,56.395233,57.640945,1991031.9
2023-08-08,HAS,57.08928,58.512947,56.955807,58.441765,1913457.8
2023-08-09,HAS,58.459557,59.171394,58.254906,58.779884,1424978.1
2023-08-10,HAS,59.100212,59.287067,57.872295,57.916782,972620.2
2023-08-11,HAS,57.836704,58.67756,57.56976,58.521843,1013479
2023-08-14,HAS,58.2905,58.521843,57.325073,58.38838,1639710.6
2023-08-15,HAS,57.970173,58.32609,56.80454,56.9736,1624537.5
2023-08-16,HAS,56.733356,57.898987,56.724457,57.516376,1027287.8
2023-08-17,HAS,57.72103,58.352787,56.653275,56.662174,1004636.56
2023-08-18,HAS,56.128296,56.902416,55.87915,56.733356,855411.25
2023-08-21,HAS,56.59099,57.142662,56.07491,56.27956,1010359.2
2023-08-22,HAS,58.2727,60.942085,58.237106,60.248047,4516975.5
2023-08-23,HAS,59.5896,60.105682,59.00233,59.473923,1849374.5
2023-08-24,HAS,59.295967,59.44723,58.40617,58.682007,1925747.1
2023-08-25,HAS,60.595066,62.619354,60.39042,62.000946,3783368.5
2023-08-28,HAS,62.16111,63.0776,61.796288,62.864048,2346721.5
2023-08-29,HAS,62.864048,63.36233,62.1967,63.166576,1704963.9
2023-08-30,HAS,63.478,63.58478,62.837357,63.558086,1185946.8
2023-08-31,HAS,63.762745,64.63474,63.531395,64.06527,1604310.4
2023-09-01,HAS,64.40339,64.90168,64.07417,64.76821,1408864.2
2023-09-05,HAS,64.65254,64.874985,63.664864,64.63474,2487012
2023-09-06,HAS,64.63474,65.4667,64.47458,64.88388,2668196.5
2023-09-07,HAS,64.47458,64.53686,61.858574,62.597107,3186562.8
2023-09-08,HAS,62.49923,62.659393,61.93866,62.232292,2194419
2023-09-11,HAS,62.481434,63.10429,61.858574,62.063232,1576528.6
2023-09-12,HAS,62.30347,63.095398,62.054333,62.606007,1282110.5
2023-09-13,HAS,62.579315,62.819557,61.3336,61.55605,1983981.9
2023-09-14,HAS,61.82299,61.93866,60.59952,60.62176,1886945
2023-09-15,HAS,59.981113,60.230255,58.948948,59.055725,4376477
2023-09-18,HAS,59.144703,59.527313,58.535194,58.735397,1686203.4
2023-09-19,HAS,58.59303,59.18919,58.468456,58.97564,1062784.8
2023-09-20,HAS,58.957848,59.883236,58.95642,59.313766,1113987.5
2023-09-21,HAS,59.00233,59.669678,58.922253,59.162495,967109.94
2023-09-22,HAS,59.18919,59.50507,57.979073,58.04136,1160652.1
2023-09-25,HAS,58.04136,59.62964,57.898987,59.313766,1641226.8
2023-09-26,HAS,58.806576,59.11801,58.03246,58.076942,1028146.44
2023-09-27,HAS,59.20699,59.349354,57.578663,57.8278,2109165.8
2023-09-28,HAS,57.596462,58.41507,57.46299,58.352787,1293924.4
2023-09-29,HAS,58.824375,59.251472,58.441765,58.85107,1119509
2023-10-02,HAS,58.530743,58.64642,57.035885,57.19605,1634683.6
2023-10-03,HAS,56.991398,57.133762,55.79907,56.048214,2094573.6
2023-10-04,HAS,55.968132,56.32405,55.042744,55.425358,1686303.4
2023-10-05,HAS,55.300785,55.300785,53.267605,53.307644,1677580
2023-10-06,HAS,52.97842,53.14828,51.385685,52.284378,2039241.8
2023-10-09,HAS,52.248787,52.351112,51.465767,52.266586,1279316.5
2023-10-10,HAS,52.31997,53.450012,52.266586,52.996216,1908766.9
2023-10-11,HAS,53.085194,53.307644,51.45687,51.821686,2019051.8
2023-10-12,HAS,51.821686,51.906216,49.170094,49.508217,2735449
2023-10-13,HAS,49.285767,49.997604,48.831974,49.81965,1887233.8
2023-10-16,HAS,50.23785,51.083157,49.730667,50.558174,1530457.4
2023-10-17,HAS,50.36242,52.50238,50.086586,51.97295,2555587.5
2023-10-18,HAS,51.697113,51.93736,51.172134,51.61703,1182276.2
2023-10-19,HAS,51.563644,51.67042,50.264545,50.380215,1079148
2023-10-20,HAS,50.202255,50.50034,49.009933,49.88193,1580670.1
2023-10-23,HAS,49.49042,49.49042,48.05073,48.226913,1944106.4
2023-10-24,HAS,48.306995,49.156746,48.24471,48.92985,1587314.2
2023-10-25,HAS,48.59173,48.80528,47.8443,48.7163,2008831.4
2023-10-26,HAS,41.424427,44.738914,41.25981,43.039402,8668959
2023-10-27,HAS,43.021606,43.0483,40.502243,40.788223,4052883.2
2023-10-30,HAS,41.126347,42.105118,39.773857,40.076385,5401589
2023-10-31,HAS,40.022152,41.287533,39.12735,40.8085,5405073.5
2023-11-01,HAS,40.681957,41.829838,40.365616,41.603878,2501562.5
2023-11-02,HAS,42.028687,42.95964,41.748493,42.037724,2039281.9
2023-11-03,HAS,42.7608,43.230797,42.06484,42.426376,2209747.2
2023-11-06,HAS,42.570988,42.824066,41.242344,41.42311,2138315.8
2023-11-07,HAS,41.124844,41.603878,41.03446,41.07061,1761680.5
2023-11-08,HAS,41.106766,41.124844,39.751,39.805233,2609812.5
2023-11-09,HAS,40.04023,40.248116,39.064083,39.100235,1946250.1
2023-11-10,HAS,39.055042,39.199657,38.55793,38.96466,1868526.5
2023-11-13,HAS,38.865234,39.244846,38.585045,38.756775,2384284.5
2023-11-14,HAS,39.687733,41.322784,39.64254,40.78138,1966392
2023-11-15,HAS,40.86273,42.661377,40.799458,42.326954,3527872.8
2023-11-16,HAS,42.23657,42.44445,40.410805,40.79042,1662159.9
2023-11-17,HAS,41.25138,41.26946,40.392727,40.8085,1309223.4
2023-11-20,HAS,40.916958,40.944073,39.94985,40.374653,1504093.6
2023-11-21,HAS,40.085423,41.002827,39.53408,40.74523,2025251.8
2023-11-22,HAS,40.727154,41.5858,40.722633,41.233303,1484315.9
2023-11-24,HAS,41.38696,41.757534,41.160995,41.71234,533363.8
2023-11-27,HAS,41.47734,41.48638,40.880806,40.998306,1305623.2
2023-11-28,HAS,40.916958,41.6084,40.537342,41.314648,1646820.9
2023-11-29,HAS,41.576763,42.317913,41.576763,41.965416,1852652
2023-11-30,HAS,42.037724,42.35407,41.621956,41.94734,3325862
2023-12-01,HAS,41.72138,43.99906,41.454746,43.800217,2191167.8
2023-12-04,HAS,43.70983,45.101753,43.70983,44.315407,2889103.5
2023-12-05,HAS,44.206947,44.279255,43.239834,43.357334,1871464
2023-12-06,HAS,43.44772,43.981075,43.004837,43.244354,1271182.5
2023-12-07,HAS,43.402527,44.179832,42.8557,44.026176,1676155.6
2023-12-08,HAS,43.863483,44.496174,43.71887,44.01714,1691720.2
2023-12-11,HAS,44.10752,44.460022,43.520027,44.18887,1930803.9
2023-12-12,HAS,43.131374,44.30637,42.56177,43.71887,4111026.2
2023-12-13,HAS,43.71887,45.65309,43.230797,45.065598,3649815.5
2023-12-14,HAS,45.924248,46.918472,45.49944,46.358093,2723071.2
2023-12-15,HAS,46.240593,46.429222,45.065598,45.535595,3679324
2023-12-18,HAS,45.418095,47.51049,44.975212,46.972706,2549266.8
2023-12-19,HAS,47.189625,47.53309,46.38521,46.439438,2058326.1
2023-12-20,HAS,46.349052,46.855206,45.183098,45.192135,1968750.8
2023-12-21,HAS,45.662132,46.326458,45.580788,46.168285,1257065
2023-12-22,HAS,46.08694,46.76934,45.806747,46.114056,931780.5
2023-12-26,HAS,46.0779,46.556934,45.85194,46.457516,1053513
2023-12-27,HAS,46.48463,46.575012,45.607903,46.095978,934704.7
2023-12-28,HAS,45.915207,46.556934,45.716366,46.520782,1047963.3
2023-12-29,HAS,46.294823,46.624725,45.888092,46.150208,955268
2024-01-02,HAS,45.44521,46.24963,44.91194,45.101753,2005549.2
2024-01-03,HAS,44.64983,44.64983,43.24887,43.48387,2368386.8
2024-01-04,HAS,43.239834,43.772198,42.833103,43.70983,1606483.1
2024-01-05,HAS,43.61041,44.13464,43.375412,43.72791,1542016.1
2024-01-08,HAS,43.76406,45.210213,43.700794,45.065598,1855638.1
2024-01-09,HAS,44.658867,45.363865,44.374157,45.278,1760329.5
2024-01-10,HAS,45.39098,45.942326,45.22829,45.870018,1751870.1
2024-01-11,HAS,45.806747,45.806747,43.980984,44.74021,2384661.8
2024-01-12,HAS,45.056557,45.300594,43.5607,43.935795,1449783.2
2024-01-16,HAS,43.60137,43.61041,42.16426,42.58003,2259021.5
2024-01-17,HAS,42.055798,42.724644,41.757534,42.69753,2065649.2
2024-01-18,HAS,43.059067,43.149452,42.58003,43.07714,1464050.1
2024-01-19,HAS,43.14041,43.78666,42.543877,43.619446,1694631.1
2024-01-22,HAS,43.89964,44.115658,43.50195,43.72791,1679275.6
2024-01-23,HAS,44.215984,44.462734,43.31214,43.664642,1291897.4
2024-01-24,HAS,44.098484,44.11656,43.398006,43.49291,1215422.8
2024-01-25,HAS,44.18887,45.490402,43.94483,45.264442,1874374.9
2024-01-26,HAS,45.74348,46.520782,45.625977,46.1954,1746748.6
2024-01-29,HAS,46.150208,46.53886,45.85194,46.466553,1544751.1
2024-01-30,HAS,46.240593,46.36713,45.752518,45.806747,1297329.8
2024-01-31,HAS,45.806747,46.17335,44.743607,44.862755,2226553.8
2024-02-01,HAS,45.01856,45.88007,44.752773,45.779255,1138773.8
2024-02-02,HAS,45.430984,46.402477,44.84442,45.889233,1396115.4
2024-02-05,HAS,45.38516,45.38516,44.060814,45.03689,1665311.9
2024-02-06,HAS,45.046055,45.73343,44.835255,45.12854,1665550.9
2024-02-07,HAS,45.101044,46.164185,44.7986,45.73343,1885013.6
2024-02-08,HAS,46.090866,47.025696,46.035873,46.4483,1611495.2
2024-02-09,HAS,46.55828,46.83323,46.035873,46.365814,1574754.5
2024-02-12,HAS,46.28333,47.34647,46.10461,47.007366,3443432.2
2024-02-13,HAS,42.29655,46.4483,42.241558,46.374977,8200189
2024-02-14,HAS,46.28333,48.31338,45.95339,48.290466,4090532
2024-02-15,HAS,48.39128,48.655052,46.017544,46.787407,3152590.2
2024-02-16,HAS,46.292492,46.90655,46.19168,46.539948,1452252.9
2024-02-20,HAS,46.127525,46.420807,45.57762,45.999214,1799576.9
2024-02-21,HAS,45.7151,46.484962,45.582207,45.907566,1601063.2
2024-02-22,HAS,46.10003,46.159603,44.991062,45.971718,1824543.5
2024-02-23,HAS,46.182514,46.39331,45.449314,45.449314,1801972.9
2024-02-26,HAS,45.504307,45.522633,44.574055,44.60613,1536275.6
2024-02-27,HAS,44.734444,46.319992,44.65196,46.0817,2173880.5
2024-02-28,HAS,45.56846,46.74158,45.476807,46.210007,1309840.6
2024-02-29,HAS,46.71409,47.12651,46.072536,46.090866,2213492
2024-03-01,HAS,46.054203,46.59036,45.096462,46.054203,1444893.2
2024-03-04,HAS,45.889233,46.71409,45.889233,46.164185,1793587.8
2024-03-05,HAS,45.77009,46.549118,45.69677,46.494125,1422243
2024-03-06,HAS,46.805737,47.318886,46.292492,47.053192,1284150.5
2024-03-07,HAS,47.208996,47.845966,46.769073,47.07152,1725631.5
2024-03-08,HAS,47.45645,48.079674,46.640766,47.428955,1833824.5
2024-03-11,HAS,47.117348,48.739555,46.97987,48.18049,1965754.4
2024-03-12,HAS,48.08884,48.707478,47.44729,48.65707,1371970.4
2024-03-13,HAS,48.40045,49.106155,48.40045,48.611244,1405009
2024-03-14,HAS,48.4921,48.693638,48.08884,48.54709,1829718.6
2024-03-15,HAS,48.36379,49.353607,48.217148,48.8587,4302148.5
2024-03-18,HAS,48.80371,49.00534,48.52876,48.84037,1342410.1
2024-03-19,HAS,48.87703,49.876015,48.87703,49.821026,1403892.9
2024-03-20,HAS,49.69272,50.12347,49.4086,49.747704,1326738.6
2024-03-21,HAS,49.793533,51.424904,49.775204,51.37908,1838676.6
2024-03-22,HAS,51.406574,51.562378,50.132637,50.26095,1323277.6
2024-03-25,HAS,49.97683,51.32409,49.97683,51.250767,2828875.8
2024-03-26,HAS,51.47073,51.534885,49.533337,50.05015,1484629.2
2024-03-27,HAS,50.398422,51.883156,50.279278,51.764008,1416886.8
2024-03-28,HAS,51.773174,52.277252,51.47073,51.80067,1178276.2
2024-04-01,HAS,51.516552,51.70902,50.957485,51.562378,1237667.2
2024-04-02,HAS,51.32409,51.32409,50.56339,51.094963,1148093
2024-04-03,HAS,51.03997,51.23244,50.077644,50.81085,2184225.2
2024-04-04,HAS,51.406574,52.24059,50.710033,51.18661,1900362.2
2024-04-05,HAS,51.39741,52.231426,51.058304,51.70902,1656183.8
2024-04-08,HAS,52.24059,53.312897,52.158104,52.781326,2037299.2
2024-04-09,HAS,52.79049,53.60618,52.524708,52.543037,1278110.1
2024-04-10,HAS,51.608204,52.524708,51.131622,52.03896,1683092.6
2024-04-11,HAS,52.139774,52.139774,50.370926,51.534885,1767461.2
2024-04-12,HAS,51.333252,51.608204,50.80168,51.14079,1785982.8
2024-04-15,HAS,51.919815,52.25883,50.62755,50.948322,1306436.4
2024-04-16,HAS,50.682537,51.113293,50.27011,50.43508,1060385.5
2024-04-17,HAS,50.508404,50.93916,50.150967,50.242615,1179781.9
2024-04-18,HAS,50.847507,50.847507,49.729374,50.352596,1552113
2024-04-19,HAS,50.279278,51.012478,50.178463,50.655045,1621820.5
2024-04-22,HAS,50.893333,51.544052,50.56339,51.23244,1528814.6
2024-04-23,HAS,51.553215,53.38622,51.333252,53.2854,3479543.2
2024-04-24,HAS,58.19785,60.832794,57.90457,59.600098,7914271
2024-04-25,HAS,59.563435,59.820057,57.9339,59.54511,2591319
2024-04-26,HAS,59.178505,59.389305,58.188686,59.086857,2053262.1
2024-04-29,HAS,59.12352,59.279324,58.50946,58.91272,1807970.8
2024-04-30,HAS,58.662544,58.949787,56.693535,56.80009,1753689.8
2024-05-01,HAS,56.503582,56.957245,55.586258,55.910564,1298062.1
2024-05-02,HAS,56.7445,57.587696,55.739143,56.688904,1665238.8
2024-05-03,HAS,57.19853,57.606228,56.517483,56.96688,1433111.8
2024-05-06,HAS,57.26339,57.46724,56.336796,56.43872,1070492.6
2024-05-07,HAS,56.568443,56.957615,56.336796,56.67037,974799
2024-05-08,HAS,56.262672,57.189262,56.049553,56.818623,1002424.94
2024-05-09,HAS,56.83716,57.10587,56.37386,56.540646,797922.9
2024-05-10,HAS,56.624043,56.624043,55.32681,55.678917,903248.6
2024-05-13,HAS,56.10515,56.624043,55.68818,56.49432,892488.75
2024-05-14,HAS,57.1989,58.10909,57.087337,57.615494,1504953.5
2024-05-15,HAS,57.587696,57.659046,55.614056,56.068085,2214498.8
2024-05-16,HAS,56.049553,56.119045,54.817184,55.113693,1597764.6
2024-05-17,HAS,55.261948,55.771576,54.585537,55.71598,1523851.9
2024-05-20,HAS,56.46652,57.76375,56.281204,57.522835,2094777.2
2024-05-21,HAS,57.346783,58.24558,57.013206,57.89347,1572686.8
2024-05-22,HAS,57.207794,57.207794,55.539925,55.9013,2168098.8
2024-05-23,HAS,57.912003,58.050995,55.224884,55.91983,1915886.2
2024-05-24,HAS,56.086617,56.33216,55.55846,56.207073,1605960.2
2024-05-28,HAS,56.207073,57.23559,55.660385,57.21706,1678259.6
2024-05-29,HAS,56.55918,56.73523,55.39167,55.80864,1697516.1
2024-05-30,HAS,55.91983,56.19781,54.409485,55.8735,2466789
2024-05-31,HAS,56.03102,56.56381,55.058098,55.39167,15697380
2024-06-03,HAS,55.39167,55.4936,53.825825,54.363155,2224970.5
2024-06-04,HAS,53.91839,54.187103,53.149323,53.26978,2267689.5
2024-06-05,HAS,53.30684,54.28903,52.454376,54.270496,2242686
2024-06-06,HAS,54.159306,54.483612,53.936924,54.10371,1675713.8
2024-06-07,HAS,53.76087,54.55311,53.76087,54.159306,1222609.2
2024-06-10,HAS,54.01105,54.511414,53.492157,54.187103,1259366.5
2024-06-11,HAS,53.955456,54.44655,53.927658,54.10371,954512.8
2024-06-12,HAS,54.97471,55.187824,53.909126,54.029583,1596868.9
2024-06-13,HAS,54.177837,54.78012,53.538486,53.76087,1060734.4
2024-06-14,HAS,55.8735,57.1522,55.021038,56.985413,4538234.5
2024-06-17,HAS,56.679634,57.634026,56.383125,57.05954,2117987
2024-06-18,HAS,57.291187,57.300453,56.151478,56.207073,1727790.5
2024-06-20,HAS,56.244137,56.577713,55.929096,56.17001,1961407.9
2024-06-21,HAS,56.23487,57.708153,55.771576,57.68962,2377114
2024-06-24,HAS,57.68962,57.995396,57.054905,57.244854,1481235.5
2024-06-25,HAS,57.14293,57.221695,55.021038,55.03957,1341551.5
2024-06-26,HAS,54.835716,55.299015,53.58482,53.770134,1558400
2024-06-27,HAS,53.55702,54.020317,53.31611,53.890594,1123526.8
2024-06-28,HAS,54.16857,54.877415,53.8072,54.205635,5521986.5
2024-07-01,HAS,54.15004,54.30756,53.186386,53.297577,1116864.8
2024-07-02,HAS,53.047394,53.153954,52.000343,52.871346,1177646.6
2024-07-03,HAS,52.871346,53.241978,52.009613,52.843544,891881.2
2024-07-05,HAS,52.500706,52.621162,51.796497,52.435844,1232308.2
2024-07-08,HAS,52.50997,53.028862,52.408047,52.65823,1211616.2
2024-07-09,HAS,52.324654,53.177116,52.315388,52.389515,1574148
2024-07-10,HAS,52.60263,53.353172,52.472908,52.95474,982087
2024-07-11,HAS,53.232716,54.41875,53.204914,54.279762,1337779.6
2024-07-12,HAS,54.585537,55.845703,54.488247,55.35461,1195699.9
2024-07-15,HAS,55.595524,55.614056,54.66893,55.14149,1319538.6
2024-07-16,HAS,55.317547,57.57843,55.160023,57.5599,2179590.2
2024-07-17,HAS,57.430176,57.80081,56.095882,56.21634,1893493.5
2024-07-18,HAS,56.021755,57.0966,55.44727,55.836437,1120960.4
2024-07-19,HAS,55.641853,55.641853,54.224167,54.66893,1353061.5
2024-07-22,HAS,55.113693,56.827892,53.737705,55.45653,3840348
2024-07-23,HAS,55.0303,55.113693,53.872063,54.001785,1419020.4
2024-07-24,HAS,54.37242,55.576992,54.37242,55.058098,2432194.5
2024-07-25,HAS,59.718857,60.339676,56.07735,57.003944,4423747
2024-07-26,HAS,57.73595,59.199966,56.75376,59.162903,2253860.2
2024-07-29,HAS,59.50574,60.15945,58.57915,59.950504,1921361.1
2024-07-30,HAS,60.135826,60.965122,59.653996,60.701046,1753934.8
2024-07-31,HAS,60.701046,61.164345,59.468678,59.728123,2422066
2024-08-01,HAS,59.626198,60.789074,59.496475,60.23775,1295534.5
2024-08-02,HAS,59.413086,59.848576,58.023655,58.80153,1760064.8
2024-08-05,HAS,57.51357,58.638634,55.484333,58.23631,2355080.8
2024-08-06,HAS,58.393833,59.987568,58.25484,59.023914,1634614.8
2024-08-07,HAS,59.644733,60.18215,58.403095,58.467957,861855
2024-08-08,HAS,58.699604,59.54281,58.56988,59.32042,1180405.1
2024-08-09,HAS,59.227764,59.714226,58.94052,59.552067,1417235.4
2024-08-12,HAS,59.38528,59.51964,58.083424,58.458694,1072515.1
2024-08-13,HAS,58.62548,59.468678,58.56988,59.366753,945889.8
2024-08-14,HAS,59.50574,60.302612,59.50574,59.87638,1054808.4
2024-08-15,HAS,60.571323,61.34966,60.571323,61.19214,1472094.4
2024-08-16,HAS,60.98829,61.752724,60.83077,61.47011,1041486.4
2024-08-19,HAS,61.50718,61.68323,61.099483,61.460854,844337.06
2024-08-20,HAS,61.581306,61.581306,60.793705,61.04388,913928.6
2024-08-21,HAS,61.615177,62.355045,61.287388,62.345676,864957.44
2024-08-22,HAS,62.748394,63.094917,62.237976,62.579815,914703.2
2024-08-23,HAS,62.87014,63.750492,62.76244,63.703663,863054.75
2024-08-26,HAS,63.956535,64.836784,63.825417,64.162575,1013486.6
2024-08-27,HAS,63.666206,64.47632,63.216663,63.638103,1297071
2024-08-28,HAS,63.638103,63.703663,62.907604,63.422703,784328
2024-08-29,HAS,63.422703,64.462265,63.010624,63.71303,1264413.8
2024-08-30,HAS,63.86288,63.942486,62.954433,63.834785,1324291.4
2024-09-03,HAS,63.834785,63.9659,62.795223,62.991894,1451233.8
2024-09-04,HAS,63.057453,63.937798,62.991894,63.675568,1178400.6
2024-09-05,HAS,63.731766,63.81137,62.799904,63.49763,897137.5
2024-09-06,HAS,63.50699,63.937798,61.957012,62.28012,1082305.8
2024-09-09,HAS,62.308216,63.937798,62.008522,63.338413,1165810.6
2024-09-10,HAS,63.338413,63.450798,62.5564,63.310318,950493.3
2024-09-11,HAS,62.991894,63.24476,61.662,63.14174,1126801.2
2024-09-12,HAS,63.113644,63.783276,62.97316,63.03872,1738260.5
2024-09-13,HAS,63.46953,64.743225,63.41802,64.368614,1319413.9
2024-09-16,HAS,65.30516,66.80363,65.23023,65.36135,2306782
2024-09-17,HAS,65.65167,66.22297,65.2396,65.95137,1269497.2
2024-09-18,HAS,66.34471,67.618416,66.23233,66.64442,1336206.4
2024-09-19,HAS,67.665245,67.665245,66.35408,67.26253,1199742.9
2024-09-20,HAS,66.77553,67.18761,66.2417,66.69124,1441329.1
2024-09-23,HAS,66.99093,67.674614,66.69124,66.93474,1040922.6
2024-09-24,HAS,66.98157,67.562225,66.66314,67.38428,1147493.2
2024-09-25,HAS,67.075226,67.21102,66.00288,66.71933,1223874.1
2024-09-26,HAS,67.075226,67.815094,66.99562,67.42174,959004.4
2024-09-27,HAS,67.59032,68.17566,67.26356,67.52476,893668.4
2024-09-30,HAS,67.374916,67.908745,66.56022,67.730804,1628610.5
2024-10-01,HAS,68.292725,68.79846,67.44984,68.26463,2281606.5
2024-10-02,HAS,67.993034,68.48004,67.44515,67.768265,1372208
2024-10-03,HAS,68.086685,68.19907,67.06586,67.243805,1226416.5
2024-10-04,HAS,67.88065,67.964935,66.63505,67.721436,1378829.1
2024-10-07,HAS,67.42174,68.20844,67.42174,67.890015,2075869.1
2024-10-08,HAS,68.03986,68.34892,66.59759,67.53413,962352.9
2024-10-09,HAS,67.43111,67.936844,67.23462,67.655876,624276.6
2024-10-10,HAS,67.55286,67.95557,67.43111,67.74953,863543.75
2024-10-11,HAS,67.74953,68.19907,67.43111,67.55286,752362.56
2024-10-14,HAS,67.243805,67.412384,66.41028,67.0284,818663.8
2024-10-15,HAS,67.22507,68.41448,66.97688,67.09395,1243703.5
2024-10-16,HAS,67.09395,67.730804,66.895966,67.06586,1482395.1
2024-10-17,HAS,67.09395,67.346825,66.7568,67.25317,1382254.5
2024-10-18,HAS,67.32809,68.358284,66.73807,68.31146,1325512.9
2024-10-21,HAS,68.41448,68.554955,67.03776,67.374916,1242036.8
2024-10-22,HAS,67.2719,67.31825,66.36345,66.53203,1389239.8
2024-10-23,HAS,66.27916,67.25317,65.70787,65.86708,2322299.8
2024-10-24,HAS,65.97946,66.12922,61.680733,61.905502,3456995
2024-10-25,HAS,62.532986,64.115746,62.102177,62.205196,2420878.2
2024-10-28,HAS,62.43933,62.744556,60.875305,61.624542,2608501.2
2024-10-29,HAS,61.090714,62.22393,60.9034,61.460644,1791875.8
2024-10-30,HAS,61.081345,63.08555,60.75356,62.420605,1621005.9
2024-10-31,HAS,62.205196,62.43933,61.446598,61.465324,1209438.1
2024-11-01,HAS,61.718197,61.89604,60.875305,61.643272,1456127.2
2024-11-04,HAS,61.727562,62.795223,61.676052,61.86804,1292110.2
2024-11-05,HAS,61.86804,62.739025,61.530884,62.71093,1287590.4
2024-11-06,HAS,63.123013,63.453236,58.646053,59.46113,2451142.8
2024-11-07,HAS,60.069878,60.52878,59.564144,60.069878,1268334.5
2024-11-08,HAS,59.788918,60.464634,59.6578,60.294647,1132574.6
2024-11-11,HAS,60.58498,60.669266,59.94813,60.079247,1662097.5
2024-11-12,HAS,59.95749,60.125977,59.133335,59.395565,1460887.2
2024-11-13,HAS,59.339375,60.31338,58.665062,58.805546,1947888.9
2024-11-14,HAS,58.777447,59.43303,58.32454,59.058414,1186746.1
2024-11-15,HAS,58.880466,59.176468,58.196793,58.26235,1247799.4
2024-11-18,HAS,58.346638,58.501167,57.67233,57.775345,1584765.1
2024-11-19,HAS,57.316444,58.028214,56.979286,57.840904,1432307.8
2024-11-20,HAS,57.433575,58.617676,57.3199,58.589256,1657855.5
2024-11-21,HAS,58.636623,58.868706,58.248238,58.64609,1578681.4
2024-11-22,HAS,58.64609,59.299713,58.579784,59.223934,2224878
2024-11-25,HAS,59.744938,61.639496,59.678627,60.957455,2112126.8
2024-11-26,HAS,60.635384,60.673275,59.564957,60.625908,1722001.2
2024-11-27,HAS,61.080605,61.20375,60.133324,60.521706,1074488.2
2024-11-29,HAS,62.520466,62.79518,61.22269,61.715282,1575342.4
2024-12-02,HAS,61.715282,62.686245,60.86273,61.317425,1493395.1
2024-12-03,HAS,61.22269,62.008934,61.032864,61.876316,1193780.4
2024-12-04,HAS,61.89526,63.941387,61.82895,63.714043,2286003.5
2024-12-05,HAS,63.875076,64.25399,63.1362,63.562473,1759248.9
2024-12-06,HAS,63.704567,63.91297,62.40679,62.501526,1646797.5
2024-12-09,HAS,62.66256,63.200615,61.45951,61.554245,1286495.2
2024-12-10,HAS,61.487934,62.383114,61.383736,61.914207,1102241.4
2024-12-11,HAS,62.34048,62.520466,60.94798,60.98587,1850166.1
2024-12-12,HAS,60.341724,61.279533,59.991234,60.673275,2239073.2
2024-12-13,HAS,60.408035,60.625908,58.20087,58.503998,2081713.4
2024-12-16,HAS,58.447166,58.627148,56.94099,57.613556,2307569.5
2024-12-17,HAS,57.29148,57.618294,56.600063,56.97888,1850881.9
2024-12-18,HAS,56.855736,57.37674,54.989594,55.04643,1753234.9
2024-12-19,HAS,55.15063,55.55796,53.492893,53.53078,2002168.8
2024-12-20,HAS,53.473946,54.84589,53.450264,54.544373,6310285.5
2024-12-23,HAS,54.00442,54.307552,53.502365,53.786545,1578930.5
2024-12-24,HAS,53.805492,54.260185,53.142395,54.137043,734884.25
2024-12-26,HAS,53.644455,54.534897,53.483418,53.99495,1086730.6
2024-12-27,HAS,53.99495,54.33597,53.578148,53.710766,1202695.4
2024-12-30,HAS,53.53078,53.53078,52.630867,52.772957,1467796.5
2024-12-31,HAS,52.801376,53.3508,52.73535,52.962414,1074985.4
2025-01-02,HAS,53.54973,53.83391,52.839268,53.455,1768761.4
2025-01-03,HAS,53.729713,55.084324,53.436054,53.805492,1187691.2
2025-01-06,HAS,54.212822,54.989594,53.616035,53.890747,1398452.8
2025-01-07,HAS,54.317024,54.76225,53.75813,54.09915,2093387.8
2025-01-08,HAS,54.023365,54.155987,53.04767,54.09915,1308466.6
2025-01-10,HAS,53.86233,54.40228,53.672874,54.03284,1232921.9
2025-01-13,HAS,53.900223,54.563316,53.40764,54.373863,1334363.9
2025-01-14,HAS,54.28861,54.326496,53.360275,53.634983,1508048.6
2025-01-15,HAS,53.919167,54.49227,52.659286,53.199234,1266413.5
2025-01-16,HAS,53.256073,54.771717,52.81085,54.69594,1587647
2025-01-17,HAS,55.21694,55.21694,53.99495,54.317024,1240801.2
2025-01-21,HAS,54.800137,55.41587,54.557728,54.87592,1199097.6
2025-01-22,HAS,54.610683,54.866444,53.909695,54.23177,1000919.7
2025-01-23,HAS,53.99495,54.615417,53.805492,54.50648,1808651.5
2025-01-24,HAS,54.76225,54.771717,54.19388,54.392803,740890.94
2025-01-27,HAS,54.497005,55.78057,54.497005,55.633743,1409112.6
2025-01-28,HAS,55.510597,56.11212,55.141155,55.21694,977760.75
2025-01-29,HAS,55.321144,55.884773,54.863605,55.463234,780310.1
2025-01-30,HAS,55.614796,56.562077,55.614796,56.419987,1098986.8
2025-01-31,HAS,56.419987,56.419987,54.425964,54.790665,1396294.9
2025-02-03,HAS,53.511837,54.307552,52.578766,53.653927,1630784.2
2025-02-04,HAS,53.653927,54.25545,53.43643,54.137043,1294925.8
2025-02-05,HAS,55.62427,56.9031,54.951797,55.79478,2472772
2025-02-06,HAS,56.562077,56.89031,55.718998,56.50524,1451541.5
2025-02-07,HAS,56.63786,56.63786,55.55796,55.93687,1165526.8
2025-02-10,HAS,56.23053,57.158863,55.605324,56.277893,1365162.6
2025-02-11,HAS,56.126328,57.196754,56.102646,56.922043,1419878.2
2025-02-12,HAS,56.202114,56.618916,55.75689,56.571552,996071.06
2025-02-13,HAS,57.035717,57.28324,56.46735,57.07361,1296202
2025-02-14,HAS,56.91257,57.75565,56.91257,57.613556,1235276
2025-02-18,HAS,57.613556,58.049305,57.01677,58.02089,2140288.5
2025-02-19,HAS,57.594612,58.26718,57.026245,57.916687,2163147.5
2025-02-20,HAS,60.720634,66.34748,60.39856,65.41914,5861922.5
2025-02-21,HAS,65.14443,65.580185,63.543533,63.998222,3349361
2025-02-24,HAS,63.998222,64.12042,61.81948,63.515114,2227145.5
2025-02-25,HAS,63.429855,65.51388,63.259346,64.936035,2128443
2025-02-26,HAS,65.191795,65.33389,64.31083,64.43397,1362999.6
2025-02-27,HAS,63.91297,64.353455,62.416267,62.52994,2012995.5
2025-02-28,HAS,62.45416,62.672035,60.90062,61.677387,2356684.8
2025-03-03,HAS,61.67739,62.385994,60.767693,60.987934,1792681
2025-03-04,HAS,60.97836,61.13157,59.168545,59.187695,2428274.2
2025-03-05,HAS,59.187695,60.633633,58.938725,60.365513,1915044.2
2025-03-06,HAS,60.16442,61.217754,59.852535,60.81557,1434461.4
2025-03-07,HAS,60.643208,62.280663,60.29848,61.61993,2287182.2
2025-03-10,HAS,61.323086,62.922234,60.892178,61.217754,1799667.4
2025-03-11,HAS,61.217754,61.461933,59.992058,60.27933,2199309.2
2025-03-12,HAS,60.14527,60.875996,58.986603,59.235573,2206974.5
2025-03-13,HAS,59.082363,59.59131,56.593624,56.78418,2269437.5
2025-03-14,HAS,57.674725,57.674725,56.535213,57.253395,1986658.5
2025-03-17,HAS,57.033154,58.086483,56.994846,57.66515,1601004
2025-03-18,HAS,57.703453,57.961422,57.12412,57.41618,1567324.1
2025-03-19,HAS,57.569393,58.20139,57.128906,58.04818,1591060.1
2025-03-20,HAS,57.818363,58.948303,57.301273,57.818363,2868431
2025-03-21,HAS,57.492786,58.402485,56.324547,58.0003,5749461.5
2025-03-24,HAS,58.24927,59.20685,58.18224,58.986603,1227121
2025-03-25,HAS,59.120667,59.130238,58.029026,58.450363,1552263.2
2025-03-26,HAS,58.574844,59.35048,58.41206,58.88127,1370427.8
2025-03-27,HAS,59.00097,59.14939,58.220543,58.775936,784117.4
2025-03-28,HAS,58.76636,58.996178,57.86624,58.01945,926736
2025-03-31,HAS,57.942844,58.977028,57.34915,58.88127,1747341.5
2025-04-01,HAS,58.718483,59.532417,58.354412,59.503693,1216925.4
2025-04-02,HAS,59.082363,60.241024,58.83339,60.030357,1011295.5
2025-04-03,HAS,56.305393,56.515965,51.527096,52.657036,4292703
2025-04-04,HAS,50.598248,52.183033,48.951218,51.67073,3178999
2025-04-07,HAS,49.89922,53.21243,49.151352,50.914246,3684667
2025-04-08,HAS,52.66661,53.145397,48.26177,48.558613,3707845.2
2025-04-09,HAS,48.0511,53.193275,46.92116,52.838974,3552334.8
2025-04-10,HAS,51.527096,52.044186,47.677647,48.83631,2571102.8
2025-04-11,HAS,48.7214,49.951885,46.99777,49.83219,1901886
2025-04-14,HAS,50.579098,51.287704,50.071583,51.08661,1614961.1
2025-04-15,HAS,50.789764,51.412186,49.762188,50.2631,1513117.4
2025-04-16,HAS,50.2631,50.66528,49.152313,49.678978,1463292.6
2025-04-17,HAS,49.60237,50.722733,49.60237,50.41631,1510596.5
2025-04-21,HAS,49.707703,49.947098,48.405403,49.3534,2076780
2025-04-22,HAS,49.966248,50.53122,49.54013,49.88964,2244850.5
2025-04-23,HAS,51.38346,52.992184,50.090736,50.454613,4038092.2
2025-04-24,HAS,54.24661,58.957874,54.23703,57.808784,6398333
2025-04-25,HAS,59.22121,59.22121,57.310844,58.402485,4028473
2025-04-28,HAS,58.483875,59.98248,57.789635,58.737633,2452617
2025-04-29,HAS,58.464725,59.599453,58.07499,58.957874,2348864.2
2025-04-30,HAS,58.42163,59.398357,57.492786,59.273876,2365952.2
2025-05-01,HAS,59.08715,59.42709,58.096058,58.13436,1790971.5
2025-05-02,HAS,59.072784,60.09739,58.459938,59.130238,2610036.5
2025-05-05,HAS,58.684967,59.33133,57.770485,58.593998,1546769.1
2025-05-06,HAS,58.440784,59.044056,57.990726,58.33545,1600297
2025-05-07,HAS,58.804665,59.05363,58.06733,58.823814,1709280.8
2025-05-08,HAS,59.19727,60.154842,58.593998,59.158966,2729238.8
2025-05-09,HAS,59.19727,60.039936,58.842968,58.909996,1394353.9
2025-05-12,HAS,61.303932,63.262177,61.284782,62.778595,4387439.5
2025-05-13,HAS,62.88393,63.764896,62.385994,63.037148,2433457
2025-05-14,HAS,62.797752,62.984478,62.069992,62.443447,2718229.8
2025-05-15,HAS,62.49133,63.69787,62.113083,63.649994,2245478
2025-05-16,HAS,63.649994,64.40648,63.4106,64.3586,1590117.1
2025-05-19,HAS,63.82714,65.4215,63.74575,65.287445,3161453.5
2025-05-20,HAS,65.19169,65.95765,65.19169,65.45981,1990342.9
2025-05-21,HAS,65.13087,65.55656,64.09566,64.12469,1681501.6
2025-05-22,HAS,64.00859,64.49233,63.71834,64.24078,1166839.6
2025-05-23,HAS,62.63476,63.98924,62.63476,63.68932,1385707.9
2025-05-27,HAS,64.318184,65.24696,63.96989,65.18891,1361068.6
2025-05-28,HAS,65.18891,65.51786,63.9964,64.12469,1222196.8
2025-05-29,HAS,64.86965,65.41144,63.921513,64.62778,2524202.8
2025-05-30,HAS,64.5794,65.01476,63.85379,64.5407,2216849.2
2025-06-02,HAS,64.38591,64.38591,63.302326,63.418427,2005806.5
2025-06-03,HAS,63.321674,63.863373,62.741184,63.544197,1151293.1
2025-06-04,HAS,63.52485,63.85379,62.79924,63.302326,1519701.1
2025-06-05,HAS,63.060455,64.00859,62.944355,63.060455,1493767.9
2025-06-06,HAS,63.302326,64.53102,63.302326,64.16338,1280182.4
2025-06-09,HAS,64.366554,65.64363,64.144035,65.372734,1733862.2
2025-06-10,HAS,65.498505,66.75614,65.498505,66.611115,1946607.4
2025-06-11,HAS,66.99811,67.28835,66.49502,66.79494,2582645.2
2025-06-12,HAS,66.71754,67.443146,66.19509,67.239975,2273560.5
2025-06-13,HAS,66.67883,67.1916,65.23729,65.60493,1746230.5
2025-06-16,HAS,66.42729,67.53022,65.61461,67.50119,2051727.8
2025-06-17,HAS,66.91103,67.269,65.25664,65.305016,2989308.2
2025-06-18,HAS,65.101845,66.29184,64.9277,65.72103,2060260.2
2025-06-20,HAS,66.13705,66.611115,65.68233,66.39826,2429922
2025-06-23,HAS,66.09835,68.5364,65.98457,68.30421,2668615
2025-06-24,HAS,68.623474,70.64551,68.45901,70.21982,3382649
2025-06-25,HAS,70.08437,70.29722,68.8992,69.34908,1801251.8
2025-06-26,HAS,69.358765,70.20037,69.04917,69.958595,1289067.4
2025-06-27,HAS,70.427826,71.071205,69.958595,70.75193,4823600.5
2025-06-30,HAS,70.78096,71.56462,69.8812,71.419495,2342264.5
2025-07-01,HAS,72.67722,76.26658,72.51275,74.48641,5407076
2025-07-02,HAS,74.18166,75.724785,73.03519,75.676414,2258980.2
2025-07-03,HAS,75.550644,75.83121,74.75731,75.11528,1749875
2025-07-07,HAS,74.73796,75.40388,73.44192,74.06072,2036116.1
2025-07-08,HAS,74.08007,74.65572,73.25771,74.022026,4957391
2025-07-09,HAS,74.33162,74.496086,73.04003,74.18649,2187967
2025-07-10,HAS,74.40902,75.29426,73.963974,74.592834,1894412.1
2025-07-11,HAS,74.28324,74.28324,72.66755,72.9191,1797021.1
2025-07-14,HAS,72.85137,73.84788,72.37247,73.32544,1777460
2025-07-15,HAS,73.64471,73.664055,72.09673,72.40633,1681962.6
2025-07-16,HAS,72.90942,73.50926,72.17413,73.45121,1541700.5
2025-07-17,HAS,73.64471,75.39584,73.57698,74.67992,2057193.5
2025-07-18,HAS,74.796005,75.34747,73.934944,75.27975,1898440.1
2025-07-21,HAS,75.36682,75.46357,74.341286,75.1443,2429942.8
2025-07-22,HAS,75.38617,76.256905,74.85406,75.047554,4247110
2025-07-23,HAS,74.97983,75.36682,71.68071,74.341286,5532915
2025-07-24,HAS,73.993004,74.999176,72.42568,72.609505,4024923.8
2025-07-25,HAS,73.37381,73.64026,71.4582,72.54178,2627740.8
2025-07-28,HAS,73.25771,73.963974,72.232185,73.818855,3684777.8
2025-07-29,HAS,73.963974,74.90243,73.083565,73.818855,2940212.8
2025-07-30,HAS,73.9156,74.138115,72.861046,73.52861,1791426.1
2025-07-31,HAS,73.131935,73.35446,72.26121,72.71593,2277247.2
2025-08-01,HAS,72.232185,72.97714,71.64202,72.203156,2200879
2025-08-04,HAS,72.78365,74.514465,72.44502,74.38966,2411354.2
2025-08-05,HAS,74.44771,74.950806,73.33511,74.467064,2278710.8
2025-08-06,HAS,74.80568,75.0669,74.1478,74.544464,1611630.5
2025-08-07,HAS,74.80568,74.97983,73.81401,74.83471,2003527.4
2025-08-08,HAS,75.0669,75.73447,74.544464,74.97015,2187730.2
2025-08-11,HAS,74.88308,75.45873,74.76698,75.047554,1796224.2
2025-08-12,HAS,75.2217,75.75285,74.58316,75.705444,2203811.2
2025-08-13,HAS,76.15048,77.80759,75.92796,77.70813,3528255
2025-08-14,HAS,76.93414,78.201546,76.505066,77.93065,2010268.6
2025-08-15,HAS,78.298294,78.66593,77.52431,78.501465,1549275.9
2025-08-18,HAS,78.501465,79.16903,78.28861,78.859436,1397283.4
2025-08-19,HAS,78.90781,79.304474,77.30179,77.44691,1499189.1
2025-08-20,HAS,77.51523,78.2082,77.26147,77.778755,1231274.4
2025-08-21,HAS,77.28098,77.69091,76.617386,77.50547,1026014.44
2025-08-22,HAS,77.75923,80.08215,77.75923,79.88695,1188471.8
2025-08-25,HAS,79.47702,79.73079,78.94021,79.11589,879011.8
2025-08-26,HAS,79.14517,79.87718,78.803566,79.642944,2339335.5
2025-08-27,HAS,79.57462,80.218796,79.24766,79.6039,1046326.6
2025-08-28,HAS,79.6039,79.75518,78.92069,79.642944,1147141.5
2025-08-29,HAS,79.51606,80.04311,78.63765,79.22325,1015423.44
2025-09-02,HAS,77.98372,78.66692,77.29075,77.832436,1637304.4
2025-09-03,HAS,77.75923,78.56933,77.085785,77.13458,1645708.9
2025-09-04,HAS,77.46643,78.510765,76.89058,78.471725,1256603.8
2025-09-05,HAS,78.68645,79.32574,77.38834,77.817795,1395547.1
2025-09-08,HAS,77.87636,77.87636,76.51969,77.456665,1480305
2025-09-09,HAS,77.26147,77.26147,76.24641,76.75394,1171943.4
2025-09-10,HAS,76.48065,76.67195,75.28014,75.79744,1213022.6
2025-09-11,HAS,75.84624,78.18868,75.84624,78.03252,2057979.6
2025-09-12,HAS,77.59331,77.93491,76.48065,76.50017,1175608.2
2025-09-15,HAS,76.724655,76.724655,74.13821,74.17725,2155911.5
2025-09-16,HAS,74.33342,74.51885,72.31794,72.898674,2083328.6
2025-09-17,HAS,73.298836,74.030846,71.97145,72.14713,1628303.5
2025-09-18,HAS,72.65467,73.376915,72.00073,73.08411,1350329.6
2025-09-19,HAS,72.85963,72.94259,71.219925,72.37162,2334654.2
2025-09-22,HAS,72.37162,73.54284,71.93241,72.91819,1898422.9
2025-09-23,HAS,72.976746,73.72829,72.94259,73.02555,1528887.1
2025-09-24,HAS,73.14268,73.61604,72.5473,73.42572,1147661
2025-09-25,HAS,73.3574,73.71852,72.67428,72.77178,1557264.8
2025-09-26,HAS,73.18172,73.83565,72.56194,73.777084,1507469.5
2025-09-29,HAS,74.68478,75.28991,73.47452,75.10446,2416843.5
2025-09-30,HAS,74.98734,75.30943,73.284195,74.030846,1386432.5
2025-10-01,HAS,74.030846,74.40174,72.69371,73.5038,4432971.5
2025-10-02,HAS,73.70876,73.70876,72.18618,73.36716,1586138.2
2025-10-03,HAS,73.52332,74.42126,73.24027,74.069885,1268505.2
2025-10-06,HAS,74.01133,74.58717,72.8401,72.98651,1535919.8
2025-10-07,HAS,72.98651,73.53307,72.66442,73.03532,1357819.2
2025-10-08,HAS,73.03532,74.245575,72.37162,73.75756,1129634.6
2025-10-09,HAS,73.93325,74.07965,72.26426,72.84987,917014.25
2025-10-10,HAS,73.191475,73.191475,69.20933,69.24837,1803167.4
2025-10-13,HAS,70.22438,71.09303,69.604614,70.673355,1622478.8
2025-10-14,HAS,70.15606,71.79577,69.541176,71.38584,1392888.4
2025-10-15,HAS,71.92265,72.605865,71.54201,72.3521,1198631.4
2025-10-16,HAS,72.61562,72.74739,71.405365,72.61562,1269943.8
2025-10-17,HAS,72.48874,73.10364,72.176414,73.01579,1335688.5
2025-10-20,HAS,73.20123,73.44036,72.48874,72.99627,1241597.9
2025-10-21,HAS,72.72299,73.74293,72.2911,73.03532,1673590.6
2025-10-22,HAS,72.44971,74.02109,72.06905,73.3574,2219021
2025-10-23,HAS,69.29717,76.50017,67.833244,76.070724,4688558
2025-10-24,HAS,76.77346,78.12036,74.26997,74.86046,4535593.5
2025-10-27,HAS,75.670555,76.50505,75.32895,76.217125,2210017
2025-10-28,HAS,75.9048,76.407455,75.19719,76.070724,1520609.6
2025-10-29,HAS,75.78768,77.085785,75.21182,76.09024,2459528.2
2025-10-30,HAS,75.78768,76.54897,74.57742,74.714066,2184688.5
2025-10-31,HAS,74.33342,75.33383,74.001564,74.47981,2268393
2025-11-03,HAS,74.15774,74.47494,73.27443,74.030846,1640966.1
2025-11-04,HAS,73.6502,74.870224,73.56724,74.15774,1519006.1
2025-11-05,HAS,74.22605,76.100006,73.01599,75.02639,2943302.8
2025-11-06,HAS,75.13375,76.12929,74.31877,74.77262,1669526.1
2025-11-07,HAS,74.82143,75.338715,74.26509,74.73358,1779081.6
2025-11-10,HAS,75.299675,76.48553,74.767746,76.27569,2133912.8
2025-11-11,HAS,76.59778,77.13458,76.04144,76.54897,1313763.8
2025-11-12,HAS,77.085785,77.895874,76.949135,77.23218,1683803.6
2025-11-13,HAS,76.832016,77.69091,76.64169,77.0077,2011124.9
2025-11-14,HAS,76.9101,77.1053,75.69008,75.84624,1704859.6
2025-11-17,HAS,75.89504,76.10488,74.8224,75.19231,1505329.1
2025-11-18,HAS,74.77262,74.97271,73.56236,74.21629,1588331.9
2025-11-19,HAS,74.17689,75.86138,73.66464,75.32944,2597628
2025-11-20,HAS,76.275116,77.51633,75.55108,75.61511,2004268
2025-11-21,HAS,75.95989,78.11723,75.46735,78.018715,3005178.8
2025-11-24,HAS,78.08767,79.11216,77.06319,78.16648,2111910.5
2025-11-25,HAS,78.56052,81.08233,78.31425,80.35337,2790019.5
2025-11-26,HAS,80.34351,82.156075,79.79187,81.43696,1736432.1
2025-11-28,HAS,81.358154,81.663536,81.2695,81.368004,1038968.4
2025-12-01,HAS,80.92472,82.20533,80.776955,81.456665,1650049.8
2025-12-02,HAS,81.466515,81.59458,80.02829,80.432175,1253612.9
2025-12-03,HAS,80.52083,82.13637,80.50114,81.239944,1375836.9
2025-12-04,HAS,81.15128,81.30891,80.05784,80.62919,1052920.5
2025-12-05,HAS,80.550385,81.18577,79.722916,79.89038,1113317.4
2025-12-08,HAS,80.304115,81.54532,79.22052,79.91993,1579689.4
2025-12-09,HAS,79.58501,79.850975,78.230515,78.66888,1460020.5
2025-12-10,HAS,78.66888,81.19069,78.49156,80.93457,1464275.9
2025-12-11,HAS,80.85577,83.875046,80.634125,82.70772,2691364.2
2025-12-12,HAS,82.74712,83.653404,79.91993,80.33367,2274221.5
2025-12-15,HAS,81.131584,81.131584,79.69337,79.89038,2591873.2
2025-12-16,HAS,79.92978,80.52083,78.50633,79.21068,2449120
2025-12-17,HAS,79.072754,80.560234,78.28961,80.13665,1624222.5
2025-12-18,HAS,80.49128,81.27935,80.34845,80.80651,1879114.2
2025-12-19,HAS,80.80651,81.239944,80.28195,80.757256,1796688.9
2025-12-22,HAS,80.757256,80.92472,80.0874,80.34351,1066317.2
2025-12-23,HAS,80.57009,80.767105,79.79197,80.19576,1111451.5
2025-12-24,HAS,80.1662,80.71785,79.841125,80.412476,354624.28
2025-12-26,HAS,80.21546,81.338455,80.18098,81.3286,670066.1
2025-12-29,HAS,81.15128,81.74234,81.10332,81.59458,902889.75
2025-12-30,HAS,81.59458,81.673386,81.15128,81.43696,1750514.2
2025-12-31,HAS,81.59458,81.59458,80.757256,80.776955,938583.1
2026-01-02,HAS,80.776955,81.91473,80.432175,81.73249,982345.9
2026-01-05,HAS,81.574875,85.21969,81.4152,84.30356,1777604.2
2026-01-06,HAS,84.01296,86.07671,82.759834,85.9388,1790443.8
2026-01-07,HAS,85.98805,86.85493,85.032524,85.72208,1608454.4
2026-01-08,HAS,85.23939,87.86956,85.16058,87.81046,2552141.5
2026-01-09,HAS,87.60359,87.71195,84.89274,85.42656,2839394
2026-01-12,HAS,85.07193,85.712234,84.37252,85.34775,1749376.2
2026-01-13,HAS,85.19998,86.19492,84.66804,85.574326,2403879.2
2026-01-14,HAS,85.357605,85.72208,83.12155,84.14594,1513597.5
2026-01-15,HAS,84.43162,86.07671,83.771614,85.59402,1313172.1
2026-01-16,HAS,85.50536,85.75164,84.49072,84.91431,1349312.2
2026-01-20,HAS,84.2149,85.17043,83.33916,83.86027,2517460.2
2026-01-21,HAS,84.579384,86.60374,83.92922,86.58896,2129864.2
2026-01-22,HAS,86.94359,87.58389,86.67761,87.42628,1269832.8
2026-01-23,HAS,87.26866,87.6824,86.89433,87.35732,1728208.5
2026-01-26,HAS,87.35732,88.135544,87.13075,88.07644,1277867.6
2026-01-27,HAS,88.135544,88.77092,87.44598,88.352264,1175504.9
2026-01-28,HAS,88.51972,89.12063,87.75136,88.5345,1215839.5
2026-01-29,HAS,88.78569,89.448166,88.06658,89.11077,1673956.4
2026-01-30,HAS,88.92361,89.39645,86.58896,87.97792,2372229.2
2026-02-02,HAS,87.97792,92.53887,87.55434,92.44035,1861694.5
2026-02-03,HAS,92.52902,94.47949,92.3518,93.24813,2099034.5
2026-02-04,HAS,93.96724,95.957115,93.62247,95.14934,1838075.2
2026-02-05,HAS,94.47949,94.71591,92.9329,94.006645,2194676
2026-02-06,HAS,95.060684,95.169044,92.302444,92.44035,3165909
2026-02-09,HAS,92.56842,95.32665,91.886246,95.31681,4760057
2026-02-10,HAS,97.37563,103.77869,97.37563,102.44882,6171423
2026-02-11,HAS,102.24196,105.1184,101.96613,104.359886,3140767
2026-02-12,HAS,104.31063,105.38438,99.69758,100.05507,3273307
2026-02-13,HAS,100.26193,102.01046,99.44924,100.921936,2472156.8
2026-02-17,HAS,100.73478,101.63613,100.02551,100.70522,2007006.9
2026-02-18,HAS,100.86393,102.0145,100.01498,100.348145,1607281.6
2026-02-19,HAS,100.12002,100.75482,98.95952,100.17953,1502382.5
2026-02-20,HAS,100.17953,101.84589,98.88513,100.635796,2028575
2026-02-23,HAS,99.84229,100.348145,96.10292,97.4717,2053775.5
2026-02-24,HAS,98.17594,99.65384,98.002365,98.98928,1162937.4
2026-02-25,HAS,99.832375,99.872055,97.808945,98.93968,1589925.4
2026-02-26,HAS,99.25709,100.76473,98.87898,99.54473,1508343.6
2026-02-27,HAS,98.53301,99.43562,97.997406,98.78098,2123441.2
2026-03-02,HAS,96.906334,98.33464,95.10112,98.24538,1797558.8
2026-03-03,HAS,95.478035,97.38244,94.14892,96.83691,1318382
2026-03-04,HAS,97.33284,97.94781,95.55738,96.340965,1621775.2
2026-03-05,HAS,95.71609,95.9343,93.9307,94.59527,1132741.6
2026-03-06,HAS,93.35542,94.0299,91.46589,93.72241,1501471
2026-03-09,HAS,92.01638,95.269745,90.598,95.00193,1429166.2
2026-03-10,HAS,95.021774,95.80535,93.69266,94.2977,942933.5
2026-03-11,HAS,93.295906,94.411766,92.799965,93.504196,1187086
2026-03-12,HAS,96.82699,97.27333,93.54388,94.33738,2963939
2026-03-13,HAS,94.70438,95.267265,92.50736,92.64127,1362914.8
2026-03-16,HAS,92.790054,93.45461,92.04614,92.09573,1302822.5
2026-03-17,HAS,92.76029,93.742256,92.3933,92.52224,1775609.1
2026-03-18,HAS,91.976715,92.52224,90.31036,90.88564,1250050.6
2026-03-19,HAS,90.568245,91.15346,89.744995,90.61784,1712303.2
2026-03-20,HAS,90.29052,91.03939,89.506935,90.36987,2738108.8
2026-03-23,HAS,92.01638,93.79185,91.222885,92.2346,1849754.1
2026-03-24,HAS,91.18321,92.84758,90.88069,91.84776,894694.4
2026-03-25,HAS,91.95687,92.90907,90.60792,91.4411,979819.25
2026-03-26,HAS,90.4393,91.84776,90.052475,90.41947,1088403.6
2026-03-27,HAS,89.86401,90.4889,87.275215,87.87034,1836213.4
2026-03-30,HAS,89.06059,90.012794,88.1084,88.66384,2029882.2
2026-03-31,HAS,89.72515,93.36533,89.6954,92.839645,2084089.1
2026-04-01,HAS,90.85589,91.837845,87.70172,88.65392,3469045.5
2026-04-02,HAS,87.483505,89.72515,86.59093,89.42759,1743266.2
2026-04-06,HAS,89.18954,89.73507,88.3762,89.68548,1787759.2
2026-04-07,HAS,89.17466,89.79458,88.05384,88.67377,1483932.4
2026-04-08,HAS,91.20305,93.17689,91.20305,93.08761,1513159.6
2026-04-09,HAS,92.740456,93.31078,91.87752,92.30403,1806941.1
2026-04-10,HAS,92.19492,92.695724,89.88386,90.98484,1677324.9
2026-04-13,HAS,90.98484,92.10566,90.69203,91.73866,1363067
2026-04-14,HAS,91.5998,93.16696,91.37167,91.99655,1502413.9
2026-04-15,HAS,91.71883,93.42485,91.05427,93.16696,3061093.8
2026-04-16,HAS,92.3933,93.8464,91.37167,92.591675,1490091.4
2026-04-17,HAS,93.53396,97.2039,93.53396,96.36081,1495133.6
2026-04-20,HAS,96.01365,96.36081,94.163795,94.60518,1188193.4
2026-04-21,HAS,94.99201,95.26478,87.1066,90.3302,4224001
2026-04-22,HAS,90.865814,92.442894,88.782875,89.87393,2003874.9
2026-04-23,HAS,94.401855,98.39415,93.56371,95.79544,2888214.5
2026-04-24,HAS,96.6187,96.92618,94.059654,94.307625,1713692.9
2026-04-27,HAS,94.863075,95.90455,93.7125,93.92079,1492022
2026-04-28,HAS,94.71429,95.74584,94.01998,94.763885,1642981.2
2026-04-29,HAS,94.96226,94.96226,92.0015,93.256226,1284775.2
2026-04-30,HAS,93.17689,95.35901,92.58176,95.06145,1356192.9
2026-05-01,HAS,95.329254,95.527626,93.83162,94.49608,1238188.2
2026-05-04,HAS,94.069565,95.021774,92.69086,93.20664,896268.4
2026-05-05,HAS,93.7125,94.46632,93.17689,93.99023,910025.3
2026-05-06,HAS,95.30941,96.906334,95.05153,96.688126,1469278.8
2026-05-07,HAS,96.906334,98.022194,96.2021,96.598854,2574162
2026-05-08,HAS,97.19398,97.402275,95.55738,96.98569,1137103.6
2026-05-11,HAS,97.303085,97.600655,93.8216,94.41673,1480757.2
2026-05-12,HAS,94.39689,94.73413,93.16696,93.73233,2906271.8
2026-05-13,HAS,94.010056,94.63494,92.72062,93.246315,1253310.1
2026-05-14,HAS,96.688126,96.688126,94.39689,94.87299,2685712.5
2026-05-15,HAS,94.87299,95.568695,93.142166,94.47624,1589106.2
2026-05-18,HAS,95.120964,95.92438,92.62143,92.95867,2134971
2026-05-19,HAS,92.95867,96.66829,91.36175,96.390564,3061665.2
2026-05-20,HAS,88.286934,91.46094,86.42716,87.88026,5685592.5
2026-05-21,HAS,87.70669,90.34012,86.29326,89.34824,2523026.5
2026-05-22,HAS,89.34824,89.62596,87.13635,87.38432,2252728
2026-05-26,HAS,87.80091,89.23904,86.7892,87.275215,2044115
2026-05-27,HAS,88.13815,89.06059,87.09668,87.275215,2444395.5
2026-05-28,HAS,87.324814,87.33473,85.20715,85.67829,2535933.8
2026-05-29,HAS,85.301384,86.42716,85.13277,85.47,2019112.6
2026-06-01,HAS,84.63,85.16,82.62,85.07,2402975.8
2026-06-02,HAS,85.61,85.94,83.14,83.88,1744281
2026-06-03,HAS,84.35,85.3943,83.925,84.13,1644359
2026-06-04,HAS,85,85.44,83.69,84.47,2495991
2026-06-05,HAS,84.36,84.98,83.8,84.18,1510752.9
2026-06-08,HAS,84.6,84.79,83.28,83.54,1343022.8
2026-06-09,HAS,83.54,84.62,83.04,84.26,1437598.8
2026-06-10,HAS,83.79,84.2,82.16,82.29,1672786
2026-06-11,HAS,82.9,84.19,82.16,83.77,1660621.5
2026-06-12,HAS,84.2,84.745,83.365,83.9,1045752.06
2026-06-15,HAS,84.76,86.03,84.155,84.99,1874660.4
2026-06-16,HAS,85.07,86.67,84.8,84.96,1547143.2
2026-06-17,HAS,84.55,85.7,82.935,83.47,1681994.2
2026-06-18,HAS,85.37,86.585,84.3,84.74,5901717
2026-06-22,HAS,84.92,85,83.76,84.39,1599294.2
2026-06-23,HAS,84.06,84.36,82.4,82.87,2055221
2026-06-24,HAS,83.07,84.64,82.44,83.28,1625933.8
2026-06-25,HAS,83.83,84.92,83.45,84.88,1516382.6
2026-06-26,HAS,84.93,86.25,84.405,85.33,2656511.8
2026-06-29,HAS,85.08,85.9,84.2,84.44,1406813
2026-06-30,HAS,84,84.65,82.2101,82.59,2104190.8
2026-07-01,HAS,83.18,83.18,81.345,81.46,1519109
2026-07-02,HAS,81.71,82.48,79.73,80.15,2882550
2026-07-06,HAS,80.29,80.34,77.63,77.98,2781781.8
2026-07-07,HAS,78.1,78.64,76.3,76.73,2096177.4
2026-07-08,HAS,76.41,76.41,75.19,75.86,1887207.5
2026-07-09,HAS,76.76,77.91,76.1,77.39,1641949.4
2026-07-10,HAS,77.39,79.47,77.1805,78.96,1656043.9
2026-07-13,HAS,79.21,81.26,79.21,79.53,1504039.2
2026-07-14,HAS,79.56,80.05,77.885,78.42,1493264
2026-07-15,HAS,79.2,80.939,78.93,80.51,1939979.4
2026-07-16,HAS,80.8,82.25,80.8,82.09,1793346.4
2026-07-17,HAS,81.92,81.92,80.49,81.55,1709111.4
2026-07-20,HAS,82.745,83.395,81,81.59,5457176
2026-07-21,HAS,84.51,93.05,83.91,88.78,8055586
2026-07-22,HAS,88.92,89.99,87.78,89.04,2873279.5
2026-07-23,HAS,88.09,88.73,86.7,87.35,2512246
2026-07-24,HAS,87.43,89,87.25,88.79,1675680.6
2026-07-27,HAS,90.025,90.715,88.791,90.61,1493966.1
2026-07-28,HAS,92,96.44,91.4,96.34,4063064
2026-07-29,HAS,95.64,97,95.07,95.17,2000766
2026-07-30,HAS,94.49,95.22,93.0443,94.53,1263539.1
2026-07-31,HAS,94.97,95.35,93.675,93.94,2808826.5
2026-08-03,HAS,94.23,95.125,91.37,91.47,1884380.8
2026-08-04,HAS,90.58,91.87,89.1,91.51,2409563.2
