date,symbol,open,high,low,close,volume
1990-01-02,HSH-201408,5.0574355,5.0574355,4.88696,4.924844,3754281.8
1990-01-03,HSH-201408,4.88696,4.9816685,4.830135,4.905902,2179714
1990-01-04,HSH-201408,4.88696,4.924844,4.7733097,4.8111935,2398807.2
1990-01-05,HSH-201408,4.7733097,4.8490767,4.716485,4.8490767,1795640.8
1990-01-08,HSH-201408,4.7543683,4.830135,4.7354264,4.830135,2134839.5
1990-01-09,HSH-201408,4.830135,4.8490767,4.640718,4.697543,3956217
1990-01-10,HSH-201408,4.621776,4.65966,4.583893,4.65966,3310156
1990-01-11,HSH-201408,4.65966,4.6786013,4.6028347,4.640718,2371090.5
1990-01-12,HSH-201408,4.564951,4.640718,4.5460095,4.6028347,3081163.8
1990-01-15,HSH-201408,4.583893,4.640718,4.4891844,4.4891844,3234925
1990-01-16,HSH-201408,4.432359,4.5460095,4.356592,4.5460095,4013630
1990-01-17,HSH-201408,4.583893,4.6028347,4.4702425,4.5460095,2376370
1990-01-18,HSH-201408,4.5081263,4.5270677,4.375534,4.4702425,5237780.5
1990-01-19,HSH-201408,4.5081263,4.5460095,4.4702425,4.4891844,2430483.2
1990-01-22,HSH-201408,4.451301,4.5460095,4.318709,4.356592,2312357.8
1990-01-23,HSH-201408,4.4134173,4.451301,4.0914087,4.2618837,3701488.2
1990-01-24,HSH-201408,4.2618837,4.375534,4.11035,4.318709,2209410.2
1990-01-25,HSH-201408,4.356592,4.356592,4.0914087,4.11035,4402982.5
1990-01-26,HSH-201408,4.186117,4.2429423,3.9588165,4.129292,5483270.5
1990-01-29,HSH-201408,4.1671753,4.186117,4.0156417,4.0914087,2697750.8
1990-01-30,HSH-201408,4.11035,4.129292,4.0156417,4.0914087,2428503.5
1990-01-31,HSH-201408,4.0914087,4.2997675,4.0914087,4.2997675,2693791.2
1990-02-01,HSH-201408,4.2997675,4.356592,4.2429423,4.337651,2848212.2
1990-02-02,HSH-201408,4.375534,4.394476,4.337651,4.375534,2756483.5
1990-02-05,HSH-201408,4.394476,4.394476,4.318709,4.375534,1022215.2
1990-02-06,HSH-201408,4.337651,4.356592,4.2429423,4.2997675,1905847.4
1990-02-07,HSH-201408,4.2618837,4.318709,4.1671753,4.318709,4194448
1990-02-08,HSH-201408,4.356592,4.356592,4.1671753,4.1671753,2775621.2
1990-02-09,HSH-201408,4.1671753,4.2429423,4.1671753,4.186117,2134839.5
1990-02-12,HSH-201408,4.2050586,4.2429423,4.1671753,4.1671753,1397049.5
1990-02-13,HSH-201408,4.1671753,4.186117,4.11035,4.1482334,2851512
1990-02-14,HSH-201408,4.1482334,4.1482334,4.072467,4.129292,1808839.1
1990-02-15,HSH-201408,4.072467,4.129292,4.053525,4.11035,2359872
1990-02-16,HSH-201408,4.1482334,4.186117,4.072467,4.0914087,2379669.5
1990-02-20,HSH-201408,4.053525,4.0914087,3.9588165,4.072467,1975798.8
1990-02-21,HSH-201408,3.9777582,4.0156417,3.939875,3.9777582,2924763
1990-02-22,HSH-201408,3.9967,4.1671753,3.9777582,4.053525,3489654
1990-02-23,HSH-201408,4.028324,4.1046906,4.0092325,4.0474157,1397212.5
1990-02-26,HSH-201408,4.0092325,4.142874,3.990141,4.142874,2383249
1990-02-27,HSH-201408,4.123782,4.21924,4.123782,4.181057,2561338
1990-02-28,HSH-201408,4.21924,4.276515,4.2001486,4.2574234,2352476.5
1990-03-01,HSH-201408,4.238332,4.276515,4.1619654,4.2001486,3084474.2
1990-03-02,HSH-201408,4.181057,4.238332,4.123782,4.1619654,1805769.5
1990-03-05,HSH-201408,4.1619654,4.2001486,4.1046906,4.123782,2055225
1990-03-06,HSH-201408,4.142874,4.238332,4.1046906,4.21924,2510268.5
1990-03-07,HSH-201408,4.21924,4.3719726,4.2001486,4.352881,4401154
1990-03-08,HSH-201408,4.3719726,4.4292474,4.3337893,4.391064,1958323.6
1990-03-09,HSH-201408,4.391064,4.391064,4.352881,4.391064,2307299.5
1990-03-12,HSH-201408,4.3719726,4.410156,4.352881,4.410156,1980584.8
1990-03-13,HSH-201408,4.410156,4.410156,4.352881,4.352881,2174387.5
1990-03-14,HSH-201408,4.391064,4.4292474,4.3719726,4.410156,1847672.8
1990-03-15,HSH-201408,4.410156,4.4292474,4.391064,4.4292474,1471852.8
1990-03-16,HSH-201408,4.486522,4.5247054,4.448339,4.486522,3347679.2
1990-03-19,HSH-201408,4.4292474,4.505614,4.410156,4.505614,2901802.2
1990-03-20,HSH-201408,4.4674306,4.5247054,4.4292474,4.448339,2186172.8
1990-03-21,HSH-201408,4.448339,4.486522,4.391064,4.410156,3451128
1990-03-22,HSH-201408,4.391064,4.391064,4.276515,4.352881,2501756.8
1990-03-23,HSH-201408,4.352881,4.352881,4.295606,4.3146977,2129865.2
1990-03-26,HSH-201408,4.276515,4.352881,4.276515,4.295606,1992370.1
1990-03-27,HSH-201408,4.295606,4.3146977,4.2001486,4.3146977,3573564.2
1990-03-28,HSH-201408,4.3146977,4.3337893,4.276515,4.3146977,3337203.5
1990-03-29,HSH-201408,4.352881,4.391064,4.3146977,4.3719726,1970109
1990-03-30,HSH-201408,4.391064,4.410156,4.3146977,4.410156,1585122.5
1990-04-02,HSH-201408,4.352881,4.410156,4.3337893,4.3719726,1487566.5
1990-04-03,HSH-201408,4.3719726,4.5628886,4.3719726,4.5247054,3242266.2
1990-04-04,HSH-201408,4.5628886,4.5628886,4.4292474,4.486522,3758200.5
1990-04-05,HSH-201408,4.505614,4.5628886,4.4292474,4.486522,1907254
1990-04-06,HSH-201408,4.505614,4.505614,4.410156,4.486522,2226111.8
1990-04-09,HSH-201408,4.486522,4.486522,4.4292474,4.486522,2404855.5
1990-04-10,HSH-201408,4.4292474,4.6201634,4.410156,4.6201634,3125722.8
1990-04-11,HSH-201408,4.58198,4.639255,4.543797,4.6201634,3206910.5
1990-04-12,HSH-201408,4.58198,4.6583467,4.58198,4.6583467,2093854.6
1990-04-16,HSH-201408,4.6583467,4.715621,4.543797,4.58198,2112842
1990-04-17,HSH-201408,4.543797,4.6965294,4.505614,4.6583467,2567230.8
1990-04-18,HSH-201408,4.6965294,4.6965294,4.5247054,4.5628886,3004596.2
1990-04-19,HSH-201408,4.505614,4.5628886,4.4674306,4.486522,2500447.2
1990-04-20,HSH-201408,4.486522,4.543797,4.486522,4.486522,1938026.8
1990-04-23,HSH-201408,4.448339,4.486522,4.410156,4.4292474,1943264.6
1990-04-24,HSH-201408,4.4292474,4.4674306,4.410156,4.448339,1627680.6
1990-04-25,HSH-201408,4.486522,4.5247054,4.4674306,4.505614,2981025.5
1990-04-26,HSH-201408,4.4292474,4.448339,4.3337893,4.3719726,11902496
1990-04-27,HSH-201408,4.3337893,4.3337893,4.1619654,4.2001486,5146246.5
1990-04-30,HSH-201408,4.1619654,4.2001486,4.0665073,4.123782,5252314.5
1990-05-01,HSH-201408,4.123782,4.1619654,3.9710493,4.1046906,8144295.5
1990-05-02,HSH-201408,4.123782,4.181057,4.085599,4.142874,4377583.5
1990-05-03,HSH-201408,4.181057,4.238332,4.1619654,4.181057,2684429
1990-05-04,HSH-201408,4.2001486,4.276515,4.181057,4.2574234,3853792.2
1990-05-07,HSH-201408,4.2574234,4.276515,4.2001486,4.2574234,5239219.5
1990-05-08,HSH-201408,4.2574234,4.2574234,4.123782,4.181057,13145190
1990-05-09,HSH-201408,4.1619654,4.181057,4.1046906,4.123782,7219804.5
1990-05-10,HSH-201408,4.123782,4.2001486,4.085599,4.181057,5260171
1990-05-11,HSH-201408,4.238332,4.238332,4.1619654,4.21924,6318229
1990-05-14,HSH-201408,4.238332,4.3719726,4.2001486,4.3146977,7880436
1990-05-15,HSH-201408,4.3337893,4.505614,4.3146977,4.448339,8457261
1990-05-16,HSH-201408,4.448339,4.4674306,4.391064,4.4292474,5389809.5
1990-05-17,HSH-201408,4.4292474,4.4292474,4.238332,4.3146977,6396143
1990-05-18,HSH-201408,4.3146977,4.3146977,4.238332,4.295606,4467282.5
1990-05-21,HSH-201408,4.3146977,4.410156,4.276515,4.3146977,8753857
1990-05-22,HSH-201408,4.352881,4.486522,4.352881,4.486522,6878030.5
1990-05-23,HSH-201408,4.4674306,4.543797,4.448339,4.5247054,4720012
1990-05-24,HSH-201408,4.5247054,4.58198,4.505614,4.543797,4469901.5
1990-05-25,HSH-201408,4.49919,4.576099,4.422281,4.49919,2045918.2
1990-05-29,HSH-201408,4.4607353,4.6530085,4.4607353,4.633781,5154778
1990-05-30,HSH-201408,4.6530085,4.6530085,4.5376444,4.5376444,3862345.2
1990-05-31,HSH-201408,4.5184174,4.614554,4.49919,4.576099,4604129
1990-06-01,HSH-201408,4.5953264,4.6530085,4.556872,4.614554,2586165.5
1990-06-04,HSH-201408,4.576099,4.633781,4.556872,4.633781,3381908.8
1990-06-05,HSH-201408,4.6530085,4.691463,4.576099,4.5953264,4557320.5
1990-06-06,HSH-201408,4.5376444,4.614554,4.5376444,4.614554,3720619.8
1990-06-07,HSH-201408,4.6530085,4.6722355,4.49919,4.5184174,4299224
1990-06-08,HSH-201408,4.5184174,4.576099,4.479963,4.556872,4632734
1990-06-11,HSH-201408,4.5184174,4.6530085,4.5184174,4.614554,2861165
1990-06-12,HSH-201408,4.5953264,4.749145,4.556872,4.691463,5612460.5
1990-06-13,HSH-201408,4.6722355,4.7106905,4.614554,4.614554,4021624
1990-06-14,HSH-201408,4.633781,4.633781,4.5953264,4.633781,2097277.5
1990-06-15,HSH-201408,4.633781,4.633781,4.576099,4.633781,4149047
1990-06-18,HSH-201408,4.576099,4.5953264,4.479963,4.49919,3142015.8
1990-06-19,HSH-201408,4.49919,4.5184174,4.49919,4.5184174,2323518.2
1990-06-20,HSH-201408,4.49919,4.5184174,4.479963,4.5184174,4175051.5
1990-06-21,HSH-201408,4.5184174,4.556872,4.49919,4.556872,6722860.5
1990-06-22,HSH-201408,4.556872,4.5953264,4.4607353,4.4607353,5866006
1990-06-25,HSH-201408,4.479963,4.49919,4.441508,4.441508,3361105
1990-06-26,HSH-201408,4.4607353,4.49919,4.3838263,4.422281,3909803.8
1990-06-27,HSH-201408,4.4030533,4.4607353,4.3453712,4.441508,3693965
1990-06-28,HSH-201408,4.4607353,4.5184174,4.4030533,4.479963,5405073
1990-06-29,HSH-201408,4.479963,4.5184174,4.4607353,4.479963,5700226
1990-07-02,HSH-201408,4.4607353,4.49919,4.422281,4.479963,2055670.1
1990-07-03,HSH-201408,4.479963,4.5184174,4.422281,4.4607353,3220679.8
1990-07-05,HSH-201408,4.441508,4.441508,4.3838263,4.3838263,2710988
1990-07-06,HSH-201408,4.3645988,4.479963,4.3453712,4.4607353,3103658.8
1990-07-09,HSH-201408,4.4607353,4.5184174,4.441508,4.5184174,4342131.5
1990-07-10,HSH-201408,4.5376444,4.5376444,4.441508,4.4607353,4883029
1990-07-11,HSH-201408,4.4030533,4.4607353,4.3645988,4.4030533,5875107.5
1990-07-12,HSH-201408,4.4030533,4.49919,4.3838263,4.49919,5533146
1990-07-13,HSH-201408,4.479963,4.5953264,4.4607353,4.5376444,6382199
1990-07-16,HSH-201408,4.576099,4.633781,4.556872,4.576099,3897451.5
1990-07-17,HSH-201408,4.5953264,4.614554,4.4607353,4.5184174,3473575.2
1990-07-18,HSH-201408,4.4607353,4.49919,4.3453712,4.4030533,4126943
1990-07-19,HSH-201408,4.3838263,4.479963,4.3838263,4.479963,2919025.5
1990-07-20,HSH-201408,4.49919,4.5953264,4.479963,4.5376444,4015773
1990-07-23,HSH-201408,4.5184174,4.5376444,4.422281,4.4607353,5537697
1990-07-24,HSH-201408,4.49919,4.5184174,4.3645988,4.4030533,3580844.8
1990-07-25,HSH-201408,4.4030533,4.479963,4.3453712,4.4607353,3280490.5
1990-07-26,HSH-201408,4.441508,4.4607353,4.3838263,4.422281,3349403
1990-07-27,HSH-201408,4.441508,4.441508,4.326144,4.3838263,2876117.8
1990-07-30,HSH-201408,4.4030533,4.4030533,4.326144,4.4030533,1745564.2
1990-07-31,HSH-201408,4.422281,4.422281,4.2492347,4.3069167,5054010
1990-08-01,HSH-201408,4.268462,4.3069167,4.2492347,4.3069167,3664059.5
1990-08-02,HSH-201408,4.2300076,4.2876897,4.21078,4.2300076,3647156.5
1990-08-03,HSH-201408,4.1723256,4.1723256,3.99928,4.076189,6329539.5
1990-08-06,HSH-201408,3.9608252,3.9800527,3.826234,3.941598,5945970.5
1990-08-07,HSH-201408,3.9800527,4.056962,3.9608252,4.018507,4121092
1990-08-08,HSH-201408,3.99928,4.133871,3.9800527,4.0954165,4572273
1990-08-09,HSH-201408,4.191553,4.3069167,4.1146436,4.268462,7201346.5
1990-08-10,HSH-201408,4.268462,4.2876897,4.0954165,4.133871,3465774
1990-08-13,HSH-201408,4.056962,4.1723256,4.056962,4.1530986,1854133.8
1990-08-14,HSH-201408,4.1723256,4.2492347,4.133871,4.2300076,2726590.8
1990-08-15,HSH-201408,4.21078,4.268462,4.191553,4.2492347,3381908.8
1990-08-16,HSH-201408,4.21078,4.21078,4.0954165,4.0954165,1947100.5
1990-08-17,HSH-201408,4.0377345,4.056962,3.941598,4.0377345,3699166
1990-08-20,HSH-201408,4.0377345,4.1146436,3.99928,3.99928,2110280
1990-08-21,HSH-201408,3.99928,4.018507,3.8839161,3.9800527,4706197
1990-08-22,HSH-201408,4.0377345,4.0377345,3.9031434,3.941598,2049819
1990-08-23,HSH-201408,3.826234,3.8454614,3.7108703,3.7877796,5926467
1990-08-24,HSH-201408,3.7877796,3.9031434,3.7685523,3.8839161,3481376.8
1990-08-27,HSH-201408,4.076189,4.1146436,4.0377345,4.076189,3011992.2
1990-08-28,HSH-201408,4.0506063,4.0699873,3.9730828,4.0118446,1847825.2
1990-08-29,HSH-201408,3.9924636,4.0506063,3.9730828,4.0312257,4276119
1990-08-30,HSH-201408,4.0506063,4.0699873,3.91494,3.953702,2597919.8
1990-08-31,HSH-201408,3.953702,3.9924636,3.91494,3.9924636,1351202
1990-09-04,HSH-201408,3.934321,4.0312257,3.8955593,4.0312257,2098716.8
1990-09-05,HSH-201408,4.0312257,4.0893683,3.9924636,4.0699873,1451171.6
1990-09-06,HSH-201408,4.0118446,4.0312257,3.9730828,3.9924636,1777524
1990-09-07,HSH-201408,3.9730828,4.1668916,3.9730828,4.0893683,4370929
1990-09-10,HSH-201408,4.1668916,4.2056537,4.0312257,4.147511,2290271.2
1990-09-11,HSH-201408,4.108749,4.147511,4.0699873,4.12813,3038431
1990-09-12,HSH-201408,4.147511,4.1668916,4.0506063,4.0506063,2401850.2
1990-09-13,HSH-201408,4.0699873,4.0893683,3.9730828,3.9924636,2955875.2
1990-09-14,HSH-201408,3.9730828,3.9924636,3.91494,3.953702,2194171.5
1990-09-17,HSH-201408,3.934321,4.0699873,3.934321,4.0118446,2027770.5
1990-09-18,HSH-201408,4.0118446,4.0893683,3.9730828,4.0893683,1684649
1990-09-19,HSH-201408,4.108749,4.1668916,4.0699873,4.147511,2196751.2
1990-09-20,HSH-201408,4.108749,4.147511,4.0118446,4.108749,3338339.8
1990-09-21,HSH-201408,4.0312257,4.0893683,3.9924636,4.0506063,2758516
1990-09-24,HSH-201408,3.9924636,4.0118446,3.8374166,3.934321,3186773
1990-09-25,HSH-201408,3.8955593,3.9924636,3.8761783,3.9924636,3079708.8
1990-09-26,HSH-201408,3.953702,3.9924636,3.8761783,3.9924636,2867515
1990-09-27,HSH-201408,4.0506063,4.0699873,3.8567975,3.8955593,3772401.2
1990-09-28,HSH-201408,3.8180356,4.0312257,3.7986548,4.0312257,3406706
1990-10-01,HSH-201408,4.0312257,4.0893683,3.934321,4.0699873,6330333
1990-10-02,HSH-201408,4.0699873,4.108749,3.9924636,3.9924636,3186128
1990-10-03,HSH-201408,4.0118446,4.0699873,3.9730828,4.0312257,1941345.1
1990-10-04,HSH-201408,3.9924636,4.108749,3.9730828,4.108749,2117420.8
1990-10-05,HSH-201408,4.0118446,4.12813,3.9924636,4.0893683,2932656.5
1990-10-08,HSH-201408,4.108749,4.2056537,4.108749,4.1668916,1394414.6
1990-10-09,HSH-201408,4.0699873,4.1862726,4.0506063,4.0893683,6196180.5
1990-10-10,HSH-201408,4.108749,4.12813,4.0312257,4.0506063,3504740.8
1990-10-11,HSH-201408,4.0893683,4.0893683,3.9730828,3.9924636,2777865
1990-10-12,HSH-201408,4.0312257,4.147511,3.9924636,4.108749,3386067
1990-10-15,HSH-201408,4.108749,4.2637963,4.0893683,4.2056537,2748196.5
1990-10-16,HSH-201408,4.225034,4.2637963,4.0893683,4.12813,2237384.2
1990-10-17,HSH-201408,4.108749,4.2056537,4.108749,4.12813,1709157.6
1990-10-18,HSH-201408,4.12813,4.225034,4.108749,4.225034,2431518.8
1990-10-19,HSH-201408,4.283177,4.3607006,4.2444153,4.283177,4952042.5
1990-10-22,HSH-201408,4.2444153,4.3607006,4.225034,4.3413196,4481863
1990-10-23,HSH-201408,4.3413196,4.457605,4.321939,4.399462,2749486.5
1990-10-24,HSH-201408,4.4188433,4.5157475,4.4188433,4.5157475,4114232.8
1990-10-25,HSH-201408,4.476986,4.5351286,4.4382243,4.496367,6743756
1990-10-26,HSH-201408,4.457605,4.476986,4.399462,4.457605,2686925
1990-10-29,HSH-201408,4.476986,4.496367,4.399462,4.399462,2275437
1990-10-30,HSH-201408,4.4382243,4.476986,4.3607006,4.4382243,2236739.2
1990-10-31,HSH-201408,4.4188433,4.476986,4.399462,4.457605,1913611.6
1990-11-01,HSH-201408,4.457605,4.5351286,4.3800817,4.5157475,2615978.8
1990-11-02,HSH-201408,4.476986,4.496367,4.4382243,4.476986,1031944.25
1990-11-05,HSH-201408,4.476986,4.5545096,4.4382243,4.5157475,1619507.5
1990-11-06,HSH-201408,4.5545096,4.690176,4.5351286,4.6126523,6909512
1990-11-07,HSH-201408,4.5932713,4.6320333,4.57389,4.5932713,3566012.5
1990-11-08,HSH-201408,4.5932713,4.6320333,4.57389,4.6126523,2746906.8
1990-11-09,HSH-201408,4.6126523,4.7483187,4.6126523,4.7289376,3195802.5
1990-11-12,HSH-201408,4.7289376,4.8064613,4.690176,4.7095566,3557627.8
1990-11-13,HSH-201408,4.670795,4.690176,4.651414,4.670795,3727253.8
1990-11-14,HSH-201408,4.651414,4.7095566,4.651414,4.651414,3199027.2
1990-11-15,HSH-201408,4.6320333,4.690176,4.5932713,4.6126523,7254568
1990-11-16,HSH-201408,4.6320333,4.670795,4.6126523,4.6320333,2704339
1990-11-19,HSH-201408,4.651414,4.670795,4.6320333,4.670795,3555048
1990-11-20,HSH-201408,4.6320333,4.670795,4.6126523,4.651414,2541807.8
1990-11-21,HSH-201408,4.5932713,4.6320333,4.5157475,4.5545096,4639234.5
1990-11-23,HSH-201408,4.5545096,4.670795,4.5351286,4.6320333,1148038
1990-11-26,HSH-201408,4.57389,4.7289376,4.5351286,4.7095566,3872370.8
1990-11-27,HSH-201408,4.6876807,4.7658086,4.5900207,4.648617,7026289.5
1990-11-28,HSH-201408,4.6876807,4.7658086,4.648617,4.7462764,4808774.5
1990-11-29,HSH-201408,4.7072124,4.7462764,4.6681485,4.7267447,4119521.2
1990-11-30,HSH-201408,4.7462764,4.785341,4.7072124,4.7072124,3119239.8
1990-12-03,HSH-201408,4.7658086,4.9025326,4.7462764,4.883001,4205918
1990-12-04,HSH-201408,4.883001,4.9611287,4.8439364,4.9611287,3153798.5
1990-12-05,HSH-201408,4.9611287,5.0783205,4.9415965,5.0001926,3712497
1990-12-06,HSH-201408,5.0783205,5.0978527,4.9025326,4.9415965,4767176.5
1990-12-07,HSH-201408,4.922065,5.0001926,4.922065,5.0001926,2059440.6
1990-12-10,HSH-201408,4.9806604,5.058789,4.9415965,5.0001926,2008882.6
1990-12-11,HSH-201408,4.9806604,5.0783205,4.922065,5.0392566,2136877.8
1990-12-12,HSH-201408,5.019725,5.0978527,4.9611287,5.0978527,3898729.8
1990-12-13,HSH-201408,5.0978527,5.1173844,5.0392566,5.0783205,1868088
1990-12-14,HSH-201408,5.1173844,5.1369166,5.0392566,5.1369166,3473786.2
1990-12-17,HSH-201408,5.0783205,5.1759806,5.0392566,5.1173844,4054883.8
1990-12-18,HSH-201408,5.0783205,5.1173844,4.9611287,5.019725,3838572
1990-12-19,HSH-201408,4.9806604,5.058789,4.9611287,5.019725,3009804
1990-12-20,HSH-201408,4.9611287,5.0001926,4.922065,5.0001926,3574902.2
1990-12-21,HSH-201408,5.058789,5.0783205,5.0001926,5.058789,4388311
1990-12-24,HSH-201408,5.019725,5.0978527,5.0001926,5.0978527,631655.7
1990-12-26,HSH-201408,5.1173844,5.156449,5.058789,5.0783205,1480263
1990-12-27,HSH-201408,5.058789,5.0783205,5.0001926,5.0392566,951643.3
1990-12-28,HSH-201408,5.0001926,5.058789,4.9415965,5.0001926,1907766.5
1990-12-31,HSH-201408,4.9611287,4.9806604,4.9025326,4.9611287,1022040.6
1991-01-02,HSH-201408,4.9611287,4.9611287,4.883001,4.9025326,2814611.5
1991-01-03,HSH-201408,4.922065,4.922065,4.8048725,4.8244047,4378071.5
1991-01-04,HSH-201408,4.785341,4.8048725,4.7072124,4.7462764,2101679
1991-01-07,HSH-201408,4.6876807,4.7267447,4.648617,4.7072124,2649498
1991-01-08,HSH-201408,4.7267447,4.7267447,4.6876807,4.7072124,2731414.8
1991-01-09,HSH-201408,4.7462764,4.8244047,4.6290846,4.6876807,2396707.8
1991-01-10,HSH-201408,4.7072124,4.785341,4.6876807,4.7462764,1901366.8
1991-01-11,HSH-201408,4.7658086,4.8048725,4.7267447,4.7658086,1862328.2
1991-01-14,HSH-201408,4.7267447,4.7462764,4.6681485,4.7267447,2252713.2
1991-01-15,HSH-201408,4.6681485,4.7267447,4.648617,4.7267447,1764412
1991-01-16,HSH-201408,4.7462764,4.8634686,4.7267447,4.8244047,2732694.8
1991-01-17,HSH-201408,5.0392566,5.058789,4.9415965,4.9611287,5836575
1991-01-18,HSH-201408,4.9415965,5.1369166,4.922065,5.1173844,3335551.5
1991-01-21,HSH-201408,5.0783205,5.1759806,5.019725,5.1369166,2825491.2
1991-01-22,HSH-201408,5.0783205,5.1759806,5.0392566,5.0978527,2115118.5
1991-01-23,HSH-201408,5.1173844,5.2150445,5.1173844,5.1759806,2887568.8
1991-01-24,HSH-201408,5.1759806,5.293173,5.1759806,5.2736406,2967565.8
1991-01-25,HSH-201408,5.3127046,5.332237,5.1173844,5.1369166,2849170.2
1991-01-28,HSH-201408,5.1173844,5.156449,5.058789,5.1173844,1776571.5
1991-01-29,HSH-201408,5.1173844,5.156449,5.0978527,5.1173844,2176556.2
1991-01-30,HSH-201408,5.1173844,5.2150445,5.0978527,5.1369166,8366397.5
1991-01-31,HSH-201408,5.1369166,5.3127046,5.1369166,5.2736406,4378711.5
1991-02-01,HSH-201408,5.293173,5.293173,5.156449,5.2345767,3713137
1991-02-04,HSH-201408,5.2736406,5.293173,5.195513,5.2150445,2250153.2
1991-02-05,HSH-201408,5.195513,5.293173,5.1369166,5.254109,5316275
1991-02-06,HSH-201408,5.2345767,5.468961,5.195513,5.468961,6369674.5
1991-02-07,HSH-201408,5.4103646,5.468961,5.3713007,5.4103646,4281435
1991-02-08,HSH-201408,5.3517685,5.429897,5.3517685,5.390833,2812051.8
1991-02-11,HSH-201408,5.390833,5.527557,5.3713007,5.5080247,4156000
1991-02-12,HSH-201408,5.468961,5.5470886,5.390833,5.4494286,4196318.5
1991-02-13,HSH-201408,5.429897,5.468961,5.3713007,5.4103646,2657817.5
1991-02-14,HSH-201408,5.390833,5.429897,5.3127046,5.3517685,2216874.5
1991-02-15,HSH-201408,5.4103646,5.4494286,5.3713007,5.4494286,2953486.2
1991-02-19,HSH-201408,5.468961,5.468961,5.4103646,5.468961,2488864
1991-02-20,HSH-201408,5.468961,5.468961,5.332237,5.3713007,1765052
1991-02-21,HSH-201408,5.3517685,5.468961,5.3517685,5.429897,1637056.9
1991-02-22,HSH-201408,5.4103646,5.5861526,5.390833,5.468961,2109998.8
1991-02-25,HSH-201408,5.545257,5.604249,5.427273,5.505929,2794442
1991-02-26,HSH-201408,5.486265,5.486265,5.3879447,5.427273,1862537.6
1991-02-27,HSH-201408,5.427273,5.466601,5.407609,5.446937,1365437.1
1991-02-28,HSH-201408,5.486265,5.486265,5.407609,5.407609,1364165.8
1991-03-01,HSH-201408,5.407609,5.505929,5.407609,5.505929,2937469.8
1991-03-04,HSH-201408,5.6239133,5.643577,5.584585,5.604249,3578869.2
1991-03-05,HSH-201408,5.5649214,5.7222333,5.505929,5.7025695,4871203.5
1991-03-06,HSH-201408,5.8402176,5.8402176,5.7418976,5.7615614,4077241
1991-03-07,HSH-201408,5.7615614,5.820554,5.7025695,5.7418976,2188005
1991-03-08,HSH-201408,5.7615614,5.859882,5.7418976,5.820554,2190547.8
1991-03-11,HSH-201408,5.8008895,5.8992095,5.7812257,5.859882,2133336.5
1991-03-12,HSH-201408,5.918874,6.017194,5.8795457,5.918874,3404057.8
1991-03-13,HSH-201408,5.9385376,6.017194,5.8795457,5.918874,3394522.5
1991-03-14,HSH-201408,5.9778657,6.036858,5.8402176,5.859882,2385701
1991-03-15,HSH-201408,5.9778657,5.9778657,5.820554,5.918874,4225354
1991-03-18,HSH-201408,5.859882,5.958202,5.8402176,5.9385376,1345095.4
1991-03-19,HSH-201408,5.8992095,5.9385376,5.8008895,5.8992095,2115537.5
1991-03-20,HSH-201408,5.918874,6.174506,5.8992095,6.076186,3322055.2
1991-03-21,HSH-201408,6.135178,6.2531624,6.135178,6.174506,3340489.8
1991-03-22,HSH-201408,6.2138343,6.233498,6.1155143,6.135178,4437670.5
1991-03-25,HSH-201408,6.174506,6.272826,6.154842,6.233498,2505208.5
1991-03-26,HSH-201408,6.19417,6.3514824,6.19417,6.3514824,3497502.5
1991-03-27,HSH-201408,6.3318186,6.410475,6.2531624,6.2924905,1798334.1
1991-03-28,HSH-201408,6.2531624,6.3711467,6.233498,6.233498,2078668.2
1991-04-01,HSH-201408,6.2531624,6.272826,6.09585,6.19417,1749386.9
1991-04-02,HSH-201408,6.2531624,6.3908105,6.2531624,6.3711467,2497580.2
1991-04-03,HSH-201408,6.4301386,6.4694667,6.3121543,6.4301386,2270643.2
1991-04-04,HSH-201408,6.4498024,6.5284586,6.410475,6.4891305,2436555.2
1991-04-05,HSH-201408,6.548123,6.5677867,6.3711467,6.3711467,2302427
1991-04-08,HSH-201408,6.3318186,6.3711467,6.2531624,6.3711467,1794520
1991-04-09,HSH-201408,6.3121543,6.3121543,6.154842,6.2138343,2006836.6
1991-04-10,HSH-201408,6.2138343,6.2531624,6.09585,6.154842,2420663.2
1991-04-11,HSH-201408,6.2138343,6.233498,6.09585,6.09585,3421221
1991-04-12,HSH-201408,6.174506,6.272826,6.154842,6.272826,1559319
1991-04-15,HSH-201408,6.272826,6.272826,6.154842,6.2531624,1350180.9
1991-04-16,HSH-201408,6.2138343,6.3121543,6.154842,6.3121543,2135879.2
1991-04-17,HSH-201408,6.2924905,6.3318186,6.19417,6.3121543,2056419.5
1991-04-18,HSH-201408,6.135178,6.3121543,6.1155143,6.135178,3568698.2
1991-04-19,HSH-201408,6.1155143,6.135178,5.99753,6.056522,2938105.5
1991-04-22,HSH-201408,6.036858,6.233498,6.036858,6.19417,2256022.5
1991-04-23,HSH-201408,6.2138343,6.2531624,6.154842,6.174506,2242673.2
1991-04-24,HSH-201408,6.2138343,6.233498,6.1155143,6.2138343,1675648.1
1991-04-25,HSH-201408,6.174506,6.174506,5.8992095,5.918874,2749309
1991-04-26,HSH-201408,5.958202,6.174506,5.9385376,6.154842,3699012.5
1991-04-29,HSH-201408,6.154842,6.233498,6.09585,6.09585,2534449.8
1991-04-30,HSH-201408,6.1155143,6.2138343,6.1155143,6.135178,3268022.5
1991-05-01,HSH-201408,6.154842,6.2138343,6.135178,6.174506,2026542.6
1991-05-02,HSH-201408,6.19417,6.2531624,6.1155143,6.1155143,2472788.8
1991-05-03,HSH-201408,6.1155143,6.19417,6.09585,6.174506,1926741.1
1991-05-06,HSH-201408,6.135178,6.19417,6.1155143,6.174506,1864444.6
1991-05-07,HSH-201408,6.154842,6.174506,6.09585,6.1155143,1139771.2
1991-05-08,HSH-201408,6.09585,6.135178,6.056522,6.1155143,1461424.6
1991-05-09,HSH-201408,6.135178,6.19417,6.09585,6.154842,1502108
1991-05-10,HSH-201408,6.2138343,6.233498,5.9778657,5.9778657,1228766.2
1991-05-13,HSH-201408,6.036858,6.076186,5.99753,6.036858,1691540.1
1991-05-14,HSH-201408,6.056522,6.056522,5.918874,5.99753,2232502.5
1991-05-15,HSH-201408,6.036858,6.056522,5.9778657,6.017194,1402306.5
1991-05-16,HSH-201408,6.056522,6.076186,5.9385376,5.99753,1334288.9
1991-05-17,HSH-201408,5.9778657,6.036858,5.8992095,5.958202,2919670.8
1991-05-20,HSH-201408,5.9778657,5.99753,5.9385376,5.958202,1530077.9
1991-05-21,HSH-201408,5.958202,6.09585,5.958202,6.017194,1561861.8
1991-05-22,HSH-201408,6.017194,6.017194,5.918874,5.9778657,1240844.1
1991-05-23,HSH-201408,5.958202,6.09585,5.958202,6.036858,2780457.2
1991-05-24,HSH-201408,6.076186,6.154842,6.056522,6.154842,1851731.1
1991-05-28,HSH-201408,6.172251,6.2513824,6.152468,6.172251,1656737.5
1991-05-29,HSH-201408,6.192034,6.2513824,6.152468,6.2316,4017999.2
1991-05-30,HSH-201408,6.2711654,6.3898625,6.2316,6.350297,3023451.2
1991-05-31,HSH-201408,6.3700795,6.468994,6.2316,6.3898625,1617562.2
1991-06-03,HSH-201408,6.4096456,6.449211,6.211817,6.211817,2671505
1991-06-04,HSH-201408,6.2316,6.310731,6.152468,6.2316,2646862.5
1991-06-05,HSH-201408,6.2513824,6.2513824,6.0931196,6.152468,2081979.5
1991-06-06,HSH-201408,6.152468,6.172251,6.1129026,6.132685,1012871.94
1991-06-07,HSH-201408,6.053554,6.0931196,5.95464,5.95464,1516464.5
1991-06-10,HSH-201408,5.9942055,6.053554,5.9942055,6.033771,942735.44
1991-06-11,HSH-201408,6.033771,6.0931196,6.033771,6.0733366,1136716.5
1991-06-12,HSH-201408,6.0733366,6.0733366,5.9942055,6.033771,1192320.2
1991-06-13,HSH-201408,6.0733366,6.0931196,6.033771,6.0931196,1132293.5
1991-06-14,HSH-201408,6.192034,6.2909484,6.172251,6.2909484,2107253.8
1991-06-17,HSH-201408,6.2711654,6.2909484,6.211817,6.2513824,1532261
1991-06-18,HSH-201408,6.2316,6.2909484,6.0931196,6.2711654,2054177.6
1991-06-19,HSH-201408,6.2316,6.2711654,6.192034,6.2513824,1441905
1991-06-20,HSH-201408,6.211817,6.2316,6.152468,6.172251,1815334.5
1991-06-21,HSH-201408,6.152468,6.2909484,6.152468,6.2909484,2786503.5
1991-06-24,HSH-201408,6.2711654,6.2711654,6.192034,6.211817,1568909
1991-06-25,HSH-201408,6.2513824,6.2711654,6.211817,6.2513824,1920223.2
1991-06-26,HSH-201408,6.2316,6.2513824,6.172251,6.2513824,3176361.2
1991-06-27,HSH-201408,6.2513824,6.350297,6.2316,6.350297,1819125.6
1991-06-28,HSH-201408,6.310731,6.3898625,6.152468,6.3898625,2163489.5
1991-07-01,HSH-201408,6.429428,6.607474,6.4096456,6.5283427,3454379.8
1991-07-02,HSH-201408,6.4887767,6.5876913,6.449211,6.5876913,4346566.5
1991-07-03,HSH-201408,6.5283427,6.5481253,6.468994,6.5085597,3319161.8
1991-07-05,HSH-201408,6.4887767,6.5679083,6.4887767,6.4887767,576256.5
1991-07-08,HSH-201408,6.449211,6.8053026,6.429428,6.6470394,3357073.5
1991-07-09,HSH-201408,6.844868,6.8844337,6.6866055,6.7657366,3465753.2
1991-07-10,HSH-201408,6.7657366,6.825085,6.429428,6.4887767,3739980.8
1991-07-11,HSH-201408,6.5283427,6.5481253,6.3700795,6.429428,2666450.2
1991-07-12,HSH-201408,6.468994,6.5679083,6.4096456,6.5481253,1704127
1991-07-15,HSH-201408,6.5481253,6.6470394,6.4887767,6.5876913,1128502.4
1991-07-16,HSH-201408,6.5876913,6.607474,6.5085597,6.5283427,1904426.8
1991-07-17,HSH-201408,6.5481253,6.5876913,6.5085597,6.5085597,1355340.2
1991-07-18,HSH-201408,6.5085597,6.627257,6.5085597,6.5876913,1337016.2
1991-07-19,HSH-201408,6.5876913,6.627257,6.5283427,6.5679083,2009947.4
1991-07-22,HSH-201408,6.5283427,6.5876913,6.4887767,6.5481253,741803.94
1991-07-23,HSH-201408,6.5481253,6.5679083,6.449211,6.4887767,2860431.2
1991-07-24,HSH-201408,6.4887767,6.5283427,6.429428,6.5085597,1199902.6
1991-07-25,HSH-201408,6.5283427,6.607474,6.4887767,6.607474,1044464.94
1991-07-26,HSH-201408,6.5876913,6.6470394,6.5481253,6.5481253,907351.3
1991-07-29,HSH-201408,6.5481253,6.627257,6.5085597,6.607474,1422317.4
1991-07-30,HSH-201408,6.6470394,6.844868,6.6470394,6.7855196,2725845
1991-07-31,HSH-201408,6.8053026,6.864651,6.7657366,6.844868,1649155.2
1991-08-01,HSH-201408,6.825085,6.864651,6.7855196,6.825085,1530997.4
1991-08-02,HSH-201408,6.864651,6.904217,6.844868,6.844868,2050386.5
1991-08-05,HSH-201408,6.864651,6.8844337,6.8053026,6.864651,1444432.5
1991-08-06,HSH-201408,6.844868,6.924,6.825085,6.904217,1819125.6
1991-08-07,HSH-201408,6.9437823,7.003131,6.924,6.9833484,2667714
1991-08-08,HSH-201408,7.003131,7.003131,6.7657366,6.7657366,2151484
1991-08-09,HSH-201408,6.8053026,6.8844337,6.6470394,6.706388,6444974.5
1991-08-12,HSH-201408,6.6866055,6.706388,6.627257,6.6866055,1254242.5
1991-08-13,HSH-201408,6.726171,6.8053026,6.706388,6.745954,2195082.5
1991-08-14,HSH-201408,6.8053026,6.904217,6.745954,6.904217,3183311.8
1991-08-15,HSH-201408,6.924,6.9635653,6.8844337,6.9437823,2018793.4
1991-08-16,HSH-201408,6.9833484,7.003131,6.726171,6.844868,2636752.8
1991-08-19,HSH-201408,6.5679083,6.7855196,6.468994,6.726171,2923617.2
1991-08-20,HSH-201408,6.8053026,7.003131,6.7855196,6.904217,3067681.5
1991-08-21,HSH-201408,7.022914,7.141611,6.9635653,7.121828,3031033.5
1991-08-22,HSH-201408,7.121828,7.2009597,7.121828,7.141611,1391988.1
1991-08-23,HSH-201408,7.121828,7.2405252,7.1020455,7.1811767,1869674.4
1991-08-26,HSH-201408,7.141611,7.2009597,7.1020455,7.121828,1198638.9
1991-08-27,HSH-201408,7.0995555,7.1791024,7.059782,7.0995555,1932195
1991-08-28,HSH-201408,7.119442,7.2387624,7.039895,7.198989,2807779.8
1991-08-29,HSH-201408,7.2387624,7.278536,7.139329,7.198989,2208133
1991-08-30,HSH-201408,7.1791024,7.2188754,7.059782,7.2188754,1429346.5
1991-09-03,HSH-201408,7.2387624,7.258649,7.119442,7.119442,2235161
1991-09-04,HSH-201408,7.1592155,7.1592155,6.9603486,7.039895,1152151.4
1991-09-05,HSH-201408,7.039895,7.0796685,6.841028,6.8609147,2113220.2
1991-09-06,HSH-201408,6.920575,6.980235,6.7813683,6.7813683,2328188
1991-09-09,HSH-201408,6.7813683,6.8012547,6.741595,6.7813683,933412.3
1991-09-10,HSH-201408,6.7813683,6.8012547,6.7018213,6.721708,2160991
1991-09-11,HSH-201408,6.7813683,6.8012547,6.7018213,6.741595,1431232.2
1991-09-12,HSH-201408,6.7614813,6.9404616,6.741595,6.900688,3429426
1991-09-13,HSH-201408,6.900688,6.9404616,6.7813683,6.8012547,2281046
1991-09-16,HSH-201408,6.8012547,6.900688,6.741595,6.900688,1771283.5
1991-09-17,HSH-201408,6.900688,6.9603486,6.8808017,6.9404616,1193007.8
1991-09-18,HSH-201408,6.920575,7.000122,6.8609147,6.9404616,953526.25
1991-09-19,HSH-201408,6.920575,7.039895,6.900688,6.9603486,1350776.5
1991-09-20,HSH-201408,7.039895,7.039895,6.900688,6.9603486,2993205
1991-09-23,HSH-201408,6.9404616,6.9603486,6.8609147,6.8808017,1979965.5
1991-09-24,HSH-201408,6.8808017,6.980235,6.8012547,6.9603486,2203104.5
1991-09-25,HSH-201408,7.039895,7.139329,7.000122,7.119442,1628600.2
1991-09-26,HSH-201408,7.1592155,7.1592155,7.039895,7.059782,1632371.6
1991-09-27,HSH-201408,7.0796685,7.139329,7.039895,7.0995555,1680142.1
1991-09-30,HSH-201408,7.119442,7.139329,7.059782,7.139329,1469574.4
1991-10-01,HSH-201408,7.139329,7.2188754,7.0995555,7.1592155,1586486.6
1991-10-02,HSH-201408,7.1592155,7.198989,7.0796685,7.0995555,731644.44
1991-10-03,HSH-201408,7.0796685,7.2188754,7.039895,7.1592155,1729798.5
1991-10-04,HSH-201408,7.139329,7.1592155,7.0200086,7.0200086,2028993.2
1991-10-07,HSH-201408,7.039895,7.0796685,7.0200086,7.0796685,1761226.5
1991-10-08,HSH-201408,7.059782,7.0995555,7.039895,7.0796685,2211275.8
1991-10-09,HSH-201408,7.0995555,7.0995555,7.0200086,7.0200086,1316834.2
1991-10-10,HSH-201408,7.0200086,7.0995555,6.9404616,7.0796685,1561344.2
1991-10-11,HSH-201408,7.139329,7.139329,7.0200086,7.0796685,2101277.8
1991-10-14,HSH-201408,7.059782,7.0995555,6.980235,7.000122,1293577.5
1991-10-15,HSH-201408,7.0200086,7.039895,6.9404616,6.980235,2478414
1991-10-16,HSH-201408,6.9603486,6.980235,6.900688,6.9404616,1925280.8
1991-10-17,HSH-201408,6.920575,6.980235,6.920575,6.9404616,1749912.4
1991-10-18,HSH-201408,6.9404616,6.9603486,6.8012547,6.8211412,2951091.5
1991-10-21,HSH-201408,6.841028,6.841028,6.5626144,6.582501,3036575.8
1991-10-22,HSH-201408,6.5626144,6.6819344,6.5626144,6.6222744,2550070
1991-10-23,HSH-201408,6.662048,6.6819344,6.5626144,6.6023874,2094363.5
1991-10-24,HSH-201408,6.6222744,6.741595,6.6222744,6.7018213,1714084.5
1991-10-25,HSH-201408,6.721708,6.721708,6.582501,6.642161,1308034.4
1991-10-28,HSH-201408,6.6819344,6.841028,6.6819344,6.8012547,1561344.2
1991-10-29,HSH-201408,6.8012547,6.900688,6.721708,6.841028,1736084.1
1991-10-30,HSH-201408,6.841028,6.980235,6.7614813,6.980235,3360284.2
1991-10-31,HSH-201408,6.9404616,7.059782,6.900688,7.0200086,2162248
1991-11-01,HSH-201408,7.059782,7.139329,6.9603486,7.059782,2130191.5
1991-11-04,HSH-201408,7.119442,7.139329,6.980235,7.119442,2615440.2
1991-11-05,HSH-201408,7.1791024,7.2188754,7.0995555,7.139329,2881949.8
1991-11-06,HSH-201408,7.1791024,7.338196,7.139329,7.338196,1834139.5
1991-11-07,HSH-201408,7.437629,7.517176,7.3779693,7.4774027,2760637.8
1991-11-08,HSH-201408,7.517176,7.5569496,7.397856,7.4177427,1943509
1991-11-11,HSH-201408,7.457516,7.537063,7.4177427,7.537063,1121980.5
1991-11-12,HSH-201408,7.5569496,7.7955904,7.5569496,7.7757034,2518642
1991-11-13,HSH-201408,7.73593,7.7955904,7.6961565,7.7757034,2105677.8
1991-11-14,HSH-201408,7.835364,7.954684,7.815477,7.9149103,2312474
1991-11-15,HSH-201408,7.895024,7.9149103,7.6364965,7.6364965,2256532.2
1991-11-18,HSH-201408,7.6364965,7.7757034,7.5569496,7.73593,3303085.2
1991-11-19,HSH-201408,7.6961565,7.6961565,7.5569496,7.596723,2937263.2
1991-11-20,HSH-201408,7.6364965,7.67627,7.4177427,7.5569496,2074249.6
1991-11-21,HSH-201408,7.517176,7.875137,7.4972897,7.8552504,2147162.8
1991-11-22,HSH-201408,7.9149103,7.9944572,7.6961565,7.9149103,2942920.2
1991-11-25,HSH-201408,7.873134,7.873134,7.6923738,7.812881,2781370
1991-11-26,HSH-201408,7.8530498,7.9534726,7.6923738,7.7727118,2485122
1991-11-27,HSH-201408,7.8329654,7.9133034,7.7727118,7.9133034,2538645.8
1991-11-29,HSH-201408,7.9534726,7.9936414,7.893219,7.9133034,898079.44
1991-12-02,HSH-201408,7.8329654,8.134233,7.7727118,8.094064,2103609.5
1991-12-03,HSH-201408,8.073979,8.47567,8.053895,8.47567,2973060
1991-12-04,HSH-201408,8.355163,8.375248,8.033811,8.194487,6678649
1991-12-05,HSH-201408,8.094064,8.114149,7.9534726,8.053895,3133631.2
1991-12-06,HSH-201408,8.033811,8.094064,7.9936414,8.053895,2334508.5
1991-12-09,HSH-201408,8.073979,8.114149,7.9936414,8.033811,3246902.5
1991-12-10,HSH-201408,7.9936414,8.033811,7.9534726,7.9936414,1621273
1991-12-11,HSH-201408,8.033811,8.073979,7.9333878,8.033811,1920632.8
1991-12-12,HSH-201408,8.033811,8.114149,7.973557,7.9936414,1859018.2
1991-12-13,HSH-201408,8.033811,8.073979,7.973557,7.9936414,2892774.2
1991-12-16,HSH-201408,7.973557,8.094064,7.973557,8.073979,2116679.2
1991-12-17,HSH-201408,8.013726,8.375248,8.013726,8.314994,3572402
1991-12-18,HSH-201408,8.51584,8.556008,8.435501,8.51584,2525576
1991-12-19,HSH-201408,8.47567,8.535924,8.435501,8.51584,2250488.8
1991-12-20,HSH-201408,8.736769,8.736769,8.596177,8.656431,5235373.5
1991-12-23,HSH-201408,8.6966,8.797023,8.656431,8.736769,2910200.5
1991-12-24,HSH-201408,8.756853,8.837192,8.716684,8.817107,2061288.4
1991-12-26,HSH-201408,8.817107,8.977783,8.776938,8.977783,853268.8
1991-12-27,HSH-201408,8.997868,9.118375,8.977783,9.118375,1118398.2
1991-12-30,HSH-201408,9.09829,9.258966,9.038037,9.258966,2187007
1991-12-31,HSH-201408,9.218798,9.339305,9.118375,9.299136,2356291.5
1992-01-02,HSH-201408,9.158544,9.158544,8.837192,8.957699,4809673
1992-01-03,HSH-201408,8.897445,8.977783,8.756853,8.957699,2918913.8
1992-01-06,HSH-201408,8.87736,8.87736,8.656431,8.797023,4825854.5
1992-01-07,HSH-201408,8.756853,8.756853,8.47567,8.656431,5390343.5
1992-01-08,HSH-201408,8.596177,8.857276,8.596177,8.837192,3012891.5
1992-01-09,HSH-201408,8.837192,8.87736,8.716684,8.756853,3541283.5
1992-01-10,HSH-201408,8.656431,8.716684,8.556008,8.716684,3508920.2
1992-01-13,HSH-201408,8.676516,8.716684,8.495754,8.576093,2936962.5
1992-01-14,HSH-201408,8.556008,8.596177,8.495754,8.596177,3179064.2
1992-01-15,HSH-201408,8.556008,8.596177,8.2949095,8.355163,3729861.5
1992-01-16,HSH-201408,8.2949095,8.335078,7.873134,8.2949095,5279562
1992-01-17,HSH-201408,8.355163,8.435501,8.234655,8.2949095,3259972.2
1992-01-20,HSH-201408,8.335078,8.335078,8.134233,8.194487,1593266.4
1992-01-21,HSH-201408,8.194487,8.2949095,8.154318,8.214571,2297788.8
1992-01-22,HSH-201408,8.214571,8.636347,8.214571,8.576093,3164749.8
1992-01-23,HSH-201408,8.676516,8.756853,8.556008,8.596177,2264180.8
1992-01-24,HSH-201408,8.596177,8.797023,8.596177,8.716684,2027058
1992-01-27,HSH-201408,8.6966,8.776938,8.6162615,8.736769,2244265
1992-01-28,HSH-201408,8.736769,8.756853,8.596177,8.596177,1874577.4
1992-01-29,HSH-201408,8.596177,8.716684,8.314994,8.355163,3133009
1992-01-30,HSH-201408,8.395332,8.596177,8.314994,8.495754,2425997
1992-01-31,HSH-201408,8.51584,8.676516,8.51584,8.636347,1761928.5
1992-02-03,HSH-201408,8.596177,8.636347,8.435501,8.47567,1629986.1
1992-02-04,HSH-201408,8.4555855,8.495754,8.355163,8.375248,4189792.5
1992-02-05,HSH-201408,8.395332,8.495754,8.335078,8.4555855,3441704.2
1992-02-06,HSH-201408,8.47567,8.556008,8.395332,8.47567,1794914.1
1992-02-07,HSH-201408,8.4555855,8.495754,8.314994,8.355163,1952996
1992-02-10,HSH-201408,8.355163,8.435501,8.2949095,8.395332,1662971.8
1992-02-11,HSH-201408,8.395332,8.435501,8.314994,8.435501,1417758.1
1992-02-12,HSH-201408,8.435501,8.636347,8.314994,8.6162615,1599490
1992-02-13,HSH-201408,8.6162615,8.6162615,8.2949095,8.415417,1987848.8
1992-02-14,HSH-201408,8.355163,8.375248,8.214571,8.2949095,1503645.1
1992-02-18,HSH-201408,8.254741,8.314994,7.9534726,8.053895,2307746.8
1992-02-19,HSH-201408,8.053895,8.134233,7.9936414,7.9936414,2065644.9
1992-02-20,HSH-201408,8.114149,8.274825,8.114149,8.214571,3324076.5
1992-02-21,HSH-201408,8.254741,8.435501,8.214571,8.254741,3149190.5
1992-02-24,HSH-201408,8.2949095,8.47567,8.2949095,8.4555855,1529162.2
1992-02-25,HSH-201408,8.435405,8.69775,8.415225,8.5968485,2740283.2
1992-02-26,HSH-201408,8.556487,8.637209,8.495946,8.637209,2365538.5
1992-02-27,HSH-201408,8.576668,8.69775,8.536307,8.556487,1803730.8
1992-02-28,HSH-201408,8.556487,8.65739,8.536307,8.617028,2075033.8
1992-03-02,HSH-201408,8.677569,8.758291,8.5968485,8.617028,2607109.5
1992-03-03,HSH-201408,8.617028,8.637209,8.495946,8.556487,2761343.5
1992-03-04,HSH-201408,8.556487,8.556487,8.374864,8.395044,1868149.8
1992-03-05,HSH-201408,8.395044,8.4555855,8.354684,8.395044,1929471.6
1992-03-06,HSH-201408,8.435405,8.435405,8.233602,8.273962,2819568.2
1992-03-09,HSH-201408,8.294143,8.294143,8.15288,8.173059,1144055.9
1992-03-10,HSH-201408,8.19324,8.475766,8.19324,8.435405,2142549.8
1992-03-11,HSH-201408,8.395044,8.415225,8.314322,8.415225,1598705.1
1992-03-12,HSH-201408,8.374864,8.415225,8.314322,8.334503,1498979.6
1992-03-13,HSH-201408,8.395044,8.435405,8.334503,8.415225,1421553
1992-03-16,HSH-201408,8.395044,8.435405,8.334503,8.374864,1001590.94
1992-03-17,HSH-201408,8.435405,8.516127,8.374864,8.516127,1182459.5
1992-03-18,HSH-201408,8.556487,8.69775,8.556487,8.617028,1533666.8
1992-03-19,HSH-201408,8.69775,8.69775,8.536307,8.576668,1376955.2
1992-03-20,HSH-201408,8.556487,8.576668,8.334503,8.374864,3699134.8
1992-03-23,HSH-201408,8.334503,8.415225,8.273962,8.354684,1407925.9
1992-03-24,HSH-201408,8.374864,8.495946,8.374864,8.395044,1936285.2
1992-03-25,HSH-201408,8.354684,8.4555855,8.314322,8.395044,1785148.4
1992-03-26,HSH-201408,8.374864,8.435405,8.294143,8.415225,1406067.6
1992-03-27,HSH-201408,8.395044,8.435405,8.314322,8.334503,1072823.4
1992-03-30,HSH-201408,8.253781,8.314322,8.233602,8.233602,1829746.1
1992-03-31,HSH-201408,8.253781,8.395044,8.233602,8.294143,1100697
1992-04-01,HSH-201408,8.213421,8.4555855,8.173059,8.415225,1837798.5
1992-04-02,HSH-201408,8.415225,8.4555855,8.15288,8.19324,1617906.9
1992-04-03,HSH-201408,8.213421,8.253781,8.112518,8.173059,1440754.8
1992-04-06,HSH-201408,8.19324,8.253781,8.112518,8.213421,1926374.6
1992-04-07,HSH-201408,8.213421,8.213421,8.072158,8.092339,1599943.9
1992-04-08,HSH-201408,8.051977,8.051977,7.8501735,7.9107146,3061139.2
1992-04-09,HSH-201408,7.9510756,8.132699,7.9107146,8.112518,1879918.6
1992-04-10,HSH-201408,8.15288,8.334503,8.15288,8.334503,2169804
1992-04-13,HSH-201408,8.294143,8.395044,8.273962,8.395044,1390582.2
1992-04-14,HSH-201408,8.314322,8.4555855,8.294143,8.4555855,2402703.2
1992-04-15,HSH-201408,8.516127,8.5968485,8.334503,8.4555855,2309171.8
1992-04-16,HSH-201408,8.4555855,8.475766,8.374864,8.475766,1474203.1
1992-04-20,HSH-201408,8.435405,8.435405,8.19324,8.294143,3087154.8
1992-04-21,HSH-201408,8.314322,8.314322,8.173059,8.294143,1795678.5
1992-04-22,HSH-201408,8.314322,8.314322,8.233602,8.294143,1199183.6
1992-04-23,HSH-201408,8.273962,8.334503,7.9914365,8.112518,2452875.8
1992-04-24,HSH-201408,8.112518,8.112518,7.9510756,7.9510756,2571803
1992-04-27,HSH-201408,7.9308953,8.051977,7.9308953,8.011617,2184050.5
1992-04-28,HSH-201408,8.011617,8.051977,7.628189,7.8299932,6327923.5
1992-04-29,HSH-201408,7.8501735,7.8501735,7.708911,7.729091,3354121.8
1992-04-30,HSH-201408,7.769452,7.7896323,7.6887302,7.729091,2319082.5
1992-05-01,HSH-201408,7.729091,7.7492714,7.5272875,7.66855,3494728.5
1992-05-04,HSH-201408,7.64837,7.8501735,7.628189,7.809813,4237404.5
1992-05-05,HSH-201408,7.8501735,7.870354,7.769452,7.8299932,2796030.5
1992-05-06,HSH-201408,7.8905344,7.9308953,7.708911,7.769452,1874963.2
1992-05-07,HSH-201408,7.7896323,7.7896323,7.66855,7.729091,1730640.1
1992-05-08,HSH-201408,7.729091,7.7492714,7.64837,7.708911,1530569.6
1992-05-11,HSH-201408,7.6887302,7.809813,7.66855,7.729091,2236081
1992-05-12,HSH-201408,7.769452,7.809813,7.6887302,7.7492714,1616048.6
1992-05-13,HSH-201408,7.7896323,7.8299932,7.7492714,7.7896323,1549152
1992-05-14,HSH-201408,7.809813,7.809813,7.64837,7.769452,2437390.2
1992-05-15,HSH-201408,7.7492714,7.7896323,7.628189,7.628189,2141311
1992-05-18,HSH-201408,7.64837,7.708911,7.628189,7.64837,1726923.6
1992-05-19,HSH-201408,7.6887302,7.769452,7.64837,7.769452,1713296.5
1992-05-20,HSH-201408,7.7492714,7.870354,7.708911,7.8501735,1935046.4
1992-05-21,HSH-201408,7.8501735,7.8501735,7.729091,7.769452,2104765.5
1992-05-22,HSH-201408,7.7492714,7.8905344,7.729091,7.870354,1471725.4
1992-05-26,HSH-201408,7.910923,7.9312077,7.687794,7.728363,1705126.6
1992-05-27,HSH-201408,7.728363,7.809501,7.708079,7.7892165,1448772.1
1992-05-28,HSH-201408,7.7892165,8.052914,7.7486477,8.052914,4330910.5
1992-05-29,HSH-201408,8.113768,8.296327,8.093483,8.276043,4536733.5
1992-06-01,HSH-201408,8.255758,8.276043,8.154336,8.174621,1748263.1
1992-06-02,HSH-201408,8.134051,8.215189,8.113768,8.174621,1815432.9
1992-06-03,HSH-201408,8.194905,8.194905,8.113768,8.134051,1492525
1992-06-04,HSH-201408,8.154336,8.154336,8.052914,8.073198,1027266.4
1992-06-05,HSH-201408,8.113768,8.134051,7.951492,7.9920607,1903554.8
1992-06-08,HSH-201408,7.9920607,8.073198,7.9717765,8.052914,1270679.8
1992-06-09,HSH-201408,8.073198,8.073198,7.85007,7.890639,1587425.4
1992-06-10,HSH-201408,7.890639,7.890639,7.7892165,7.7892165,1372358.9
1992-06-11,HSH-201408,7.809501,7.85007,7.687794,7.768932,1250344
1992-06-12,HSH-201408,7.768932,7.8297853,7.687794,7.687794,1918960.6
1992-06-15,HSH-201408,7.687794,7.708079,7.6472254,7.708079,2315200.8
1992-06-16,HSH-201408,7.66751,7.809501,7.66751,7.728363,2360802.2
1992-06-17,HSH-201408,7.708079,7.708079,7.6066566,7.687794,1777842.5
1992-06-18,HSH-201408,7.6472254,7.708079,7.5863724,7.687794,2210440.5
1992-06-19,HSH-201408,7.66751,7.7892165,7.66751,7.708079,1796945.8
1992-06-22,HSH-201408,7.687794,7.7486477,7.6472254,7.728363,1766750.2
1992-06-23,HSH-201408,7.85007,7.9920607,7.8297853,7.951492,2528418.5
1992-06-24,HSH-201408,7.9312077,8.03263,7.910923,7.910923,1480816.5
1992-06-25,HSH-201408,7.9312077,7.9920607,7.910923,7.910923,1169000.8
1992-06-26,HSH-201408,7.870354,8.052914,7.870354,8.052914,2122935
1992-06-29,HSH-201408,8.03263,8.154336,8.03263,8.113768,1312583.9
1992-06-30,HSH-201408,8.174621,8.377464,8.154336,8.357181,2859337.8
1992-07-01,HSH-201408,8.357181,8.397749,8.235474,8.377464,2818049.8
1992-07-02,HSH-201408,8.418034,8.53974,8.316611,8.418034,1938680.2
1992-07-06,HSH-201408,8.418034,8.438318,8.276043,8.438318,2083495.9
1992-07-07,HSH-201408,8.478887,8.600594,8.438318,8.519456,2821131
1992-07-08,HSH-201408,8.499171,8.519456,8.377464,8.499171,1314432.6
1992-07-09,HSH-201408,8.458602,8.580309,8.438318,8.580309,2794016.5
1992-07-10,HSH-201408,8.580309,8.641162,8.53974,8.620877,1379753.6
1992-07-13,HSH-201408,8.580309,8.600594,8.519456,8.53974,873823.44
1992-07-14,HSH-201408,8.53974,8.53974,8.458602,8.519456,1712521.4
1992-07-15,HSH-201408,8.478887,8.519456,8.478887,8.519456,1747030.6
1992-07-16,HSH-201408,8.499171,8.580309,8.499171,8.580309,1197347.6
1992-07-17,HSH-201408,8.560024,8.560024,8.357181,8.499171,1578181.9
1992-07-20,HSH-201408,8.418034,8.458602,8.357181,8.438318,1660141.2
1992-07-21,HSH-201408,8.458602,8.519456,8.418034,8.519456,655675.7
1992-07-22,HSH-201408,8.478887,8.499171,8.357181,8.357181,1568938.2
1992-07-23,HSH-201408,8.276043,8.296327,8.215189,8.276043,1271296
1992-07-24,HSH-201408,8.215189,8.336896,8.215189,8.276043,1045753.44
1992-07-27,HSH-201408,8.235474,8.519456,8.235474,8.357181,1257738.9
1992-07-28,HSH-201408,8.296327,8.519456,8.276043,8.499171,1016174.06
1992-07-29,HSH-201408,8.499171,8.681731,8.478887,8.661447,2632562.5
1992-07-30,HSH-201408,8.600594,8.661447,8.580309,8.641162,2121086.2
1992-07-31,HSH-201408,8.620877,8.7223,8.600594,8.7223,1618853.5
1992-08-03,HSH-201408,8.7223,8.762869,8.641162,8.681731,938528.3
1992-08-04,HSH-201408,8.681731,8.762869,8.620877,8.762869,1244181.6
1992-08-05,HSH-201408,8.762869,8.803437,8.742584,8.762869,1093819.9
1992-08-06,HSH-201408,8.803437,8.90486,8.762869,8.803437,2085344.5
1992-08-07,HSH-201408,8.803437,8.925144,8.783153,8.844007,1617004.8
1992-08-10,HSH-201408,8.823722,8.925144,8.823722,8.884575,1075949
1992-08-11,HSH-201408,8.844007,8.86429,8.7223,8.803437,2078565.9
1992-08-12,HSH-201408,8.844007,8.86429,8.762869,8.803437,1292864.2
1992-08-13,HSH-201408,8.86429,8.925144,8.803437,8.86429,879985.8
1992-08-14,HSH-201408,8.884575,8.925144,8.86429,8.90486,1750111.9
1992-08-17,HSH-201408,8.86429,8.925144,8.844007,8.884575,1660141.2
1992-08-18,HSH-201408,8.884575,8.90486,8.844007,8.844007,825140.75
1992-08-19,HSH-201408,8.884575,8.90486,8.823722,8.823722,1286085.8
1992-08-20,HSH-201408,8.86429,8.945428,8.783153,8.925144,1864731.9
1992-08-21,HSH-201408,8.945428,8.985997,8.762869,8.925144,1517174.4
1992-08-24,HSH-201408,8.844007,8.925144,8.823722,8.86429,1484513.9
1992-08-25,HSH-201408,8.884575,8.925144,8.803437,8.90486,1454934.5
1992-08-26,HSH-201408,8.945614,8.986368,8.884482,8.965991,2556772.5
1992-08-27,HSH-201408,9.006745,9.0475,8.82335,8.945614,3149345
1992-08-28,HSH-201408,8.965991,9.149386,8.945614,9.088255,1801641.4
1992-08-31,HSH-201408,9.108632,9.169764,9.108632,9.108632,1148339.4
1992-09-01,HSH-201408,9.149386,9.210518,9.129009,9.210518,1266731.1
1992-09-02,HSH-201408,9.190141,9.332782,9.190141,9.251272,2471506
1992-09-03,HSH-201408,9.271649,9.332782,9.251272,9.271649,2316921.8
1992-09-04,HSH-201408,9.271649,9.312405,9.230895,9.292027,1580193.4
1992-09-08,HSH-201408,9.312405,9.312405,9.230895,9.230895,1290654.9
1992-09-09,HSH-201408,9.271649,9.332782,9.230895,9.332782,1329914.4
1992-09-10,HSH-201408,9.332782,9.353159,9.230895,9.353159,1380829
1992-09-11,HSH-201408,9.353159,9.373536,9.312405,9.332782,1608411.1
1992-09-14,HSH-201408,9.41429,9.4958,9.393913,9.41429,2380105
1992-09-15,HSH-201408,9.373536,9.393913,9.251272,9.292027,2335324.8
1992-09-16,HSH-201408,9.292027,9.455045,9.230895,9.393913,1847648.5
1992-09-17,HSH-201408,9.4958,9.516177,9.41429,9.455045,1891815.4
1992-09-18,HSH-201408,9.4958,9.516177,9.41429,9.455045,1837833.6
1992-09-21,HSH-201408,9.4958,9.4958,9.41429,9.475422,1079021.9
1992-09-22,HSH-201408,9.455045,9.455045,9.292027,9.353159,2270301.2
1992-09-23,HSH-201408,9.373536,9.393913,9.312405,9.393913,1175943.6
1992-09-24,HSH-201408,9.373536,9.455045,9.353159,9.373536,1545228
1992-09-25,HSH-201408,9.393913,9.393913,9.230895,9.292027,1589394.9
1992-09-28,HSH-201408,9.251272,9.393913,9.230895,9.393913,1022586.4
1992-09-29,HSH-201408,9.393913,9.536554,9.373536,9.434668,2705835.8
1992-09-30,HSH-201408,9.434668,9.536554,9.41429,9.475422,2483774.5
1992-10-01,HSH-201408,9.4958,9.4958,9.312405,9.455045,1538480.2
1992-10-02,HSH-201408,9.41429,9.455045,9.312405,9.312405,759425.25
1992-10-05,HSH-201408,9.230895,9.230895,9.067877,9.230895,1768516.1
1992-10-06,HSH-201408,9.149386,9.190141,9.108632,9.190141,1465482.1
1992-10-07,HSH-201408,9.169764,9.271649,9.006745,9.0271225,1285747.5
1992-10-08,HSH-201408,9.0271225,9.251272,9.0271225,9.210518,2158043.8
1992-10-09,HSH-201408,9.271649,9.271649,9.149386,9.169764,1020132.6
1992-10-12,HSH-201408,9.210518,9.312405,9.210518,9.271649,755744.7
1992-10-13,HSH-201408,9.271649,9.41429,9.210518,9.373536,1678342.1
1992-10-14,HSH-201408,9.373536,9.475422,9.312405,9.332782,973512
1992-10-15,HSH-201408,9.292027,9.434668,9.292027,9.434668,696855.5
1992-10-16,HSH-201408,9.434668,9.455045,9.251272,9.373536,1623746.9
1992-10-19,HSH-201408,9.332782,9.516177,9.312405,9.455045,1185758.5
1992-10-20,HSH-201408,9.455045,9.516177,9.41429,9.455045,1012158.06
1992-10-21,HSH-201408,9.4958,9.597686,9.455045,9.597686,1361199.2
1992-10-22,HSH-201408,9.597686,9.679194,9.597686,9.679194,1568538.2
1992-10-23,HSH-201408,9.699572,9.740327,9.455045,9.455045,1882000.5
1992-10-26,HSH-201408,9.455045,9.455045,9.353159,9.41429,1309671.1
1992-10-27,HSH-201408,9.373536,9.373536,9.251272,9.353159,1296175.8
1992-10-28,HSH-201408,9.332782,9.455045,9.332782,9.434668,1059392.1
1992-10-29,HSH-201408,9.455045,9.699572,9.434668,9.63844,2001005.8
1992-10-30,HSH-201408,9.699572,9.781081,9.658817,9.781081,1883227.4
1992-11-02,HSH-201408,9.740327,9.801458,9.679194,9.781081,1993644.6
1992-11-03,HSH-201408,9.781081,9.781081,9.536554,9.5569315,1640309.5
1992-11-04,HSH-201408,9.577309,9.597686,9.536554,9.5569315,1077181.5
1992-11-05,HSH-201408,9.597686,9.618063,9.5569315,9.618063,890085.7
1992-11-06,HSH-201408,9.597686,9.597686,9.536554,9.5569315,926891.44
1992-11-09,HSH-201408,9.577309,9.597686,9.41429,9.536554,2084432.1
1992-11-10,HSH-201408,9.597686,9.63844,9.5569315,9.577309,1729870.1
1992-11-11,HSH-201408,9.577309,9.658817,9.536554,9.63844,2218773.2
1992-11-12,HSH-201408,9.679194,9.71995,9.63844,9.679194,1106012.8
1992-11-13,HSH-201408,9.71995,9.882967,9.679194,9.882967,1734777.6
1992-11-16,HSH-201408,9.842213,9.86259,9.760704,9.8218355,1476523.9
1992-11-17,HSH-201408,9.760704,9.903344,9.679194,9.801458,1545841.4
1992-11-18,HSH-201408,9.801458,9.882967,9.760704,9.8218355,1588781.4
1992-11-19,HSH-201408,9.801458,9.801458,9.658817,9.71995,2109582.8
1992-11-20,HSH-201408,9.8218355,9.842213,9.760704,9.842213,1493699.9
1992-11-23,HSH-201408,9.781081,9.903344,9.740327,9.86259,1658098.9
1992-11-24,HSH-201408,9.842213,9.944099,9.801458,9.86259,1648897.5
1992-11-25,HSH-201408,9.86259,9.923722,9.8218355,9.882967,1748273
1992-11-27,HSH-201408,9.903344,10.005231,9.86259,9.903344,824448.75
1992-11-30,HSH-201408,9.923722,9.944099,9.781081,9.86259,2304039.8
1992-12-01,HSH-201408,9.86259,9.944099,9.801458,9.86259,1429903.2
1992-12-02,HSH-201408,9.86259,9.86259,9.781081,9.8218355,1360585.8
1992-12-03,HSH-201408,9.8218355,9.944099,9.781081,9.903344,1445239
1992-12-04,HSH-201408,9.923722,10.005231,9.903344,9.944099,1405979.5
1992-12-07,HSH-201408,9.944099,10.045985,9.903344,9.964477,1342182.9
1992-12-08,HSH-201408,9.944099,10.045985,9.944099,10.045985,1301083.1
1992-12-09,HSH-201408,10.005231,10.025608,9.903344,9.944099,1790599.6
1992-12-10,HSH-201408,9.944099,9.964477,9.86259,9.964477,1363653
1992-12-11,HSH-201408,9.923722,9.984854,9.923722,9.964477,1076568.1
1992-12-14,HSH-201408,9.923722,9.964477,9.903344,9.944099,1206001.6
1992-12-15,HSH-201408,9.923722,9.923722,9.842213,9.903344,2845084.2
1992-12-16,HSH-201408,9.923722,9.984854,9.923722,9.923722,1521917.6
1992-12-17,HSH-201408,9.944099,10.045985,9.882967,10.045985,2929124
1992-12-18,HSH-201408,10.107117,10.310889,10.066362,10.290512,4542442.5
1992-12-21,HSH-201408,10.270135,10.575794,10.270135,10.575794,3418027
1992-12-22,HSH-201408,10.392399,10.433153,10.066362,10.229381,3481823.8
1992-12-23,HSH-201408,10.229381,10.392399,10.107117,10.147872,2245457.2
1992-12-24,HSH-201408,10.229381,10.229381,10.147872,10.188626,794084
1992-12-28,HSH-201408,10.066362,10.188626,9.944099,10.147872,1147419.1
1992-12-29,HSH-201408,10.147872,10.392399,10.025608,10.147872,1627734.1
1992-12-30,HSH-201408,10.025608,10.066362,9.86259,9.86259,1906231
1992-12-31,HSH-201408,9.944099,9.944099,9.740327,9.781081,1535106.4
1993-01-04,HSH-201408,9.781081,9.8218355,9.455045,9.536554,3271417.5
1993-01-05,HSH-201408,9.536554,9.536554,9.251272,9.332782,8769583
1993-01-06,HSH-201408,9.332782,9.332782,9.088255,9.169764,4529254
1993-01-07,HSH-201408,9.169764,9.251272,9.088255,9.169764,3540713
1993-01-08,HSH-201408,9.088255,9.169764,8.965991,9.0475,2785888.2
1993-01-11,HSH-201408,9.088255,9.169764,9.0475,9.088255,2707982.8
1993-01-12,HSH-201408,9.129009,9.129009,9.006745,9.129009,2988320
1993-01-13,HSH-201408,9.088255,9.210518,9.088255,9.210518,2809812
1993-01-14,HSH-201408,9.210518,9.292027,9.129009,9.292027,2265087
1993-01-15,HSH-201408,9.292027,9.332782,9.169764,9.292027,4844863
1993-01-18,HSH-201408,9.292027,9.292027,9.129009,9.129009,1453827
1993-01-19,HSH-201408,9.129009,9.210518,8.843727,8.925237,3108552
1993-01-20,HSH-201408,8.965991,9.088255,8.925237,8.925237,2800610.8
1993-01-21,HSH-201408,8.925237,9.129009,8.802973,9.129009,3548074
1993-01-22,HSH-201408,9.169764,9.210518,8.965991,9.169764,3098123.8
1993-01-25,HSH-201408,9.169764,9.41429,9.129009,9.373536,2406175.8
1993-01-26,HSH-201408,9.373536,9.41429,9.129009,9.332782,2724852.2
1993-01-27,HSH-201408,9.373536,9.41429,8.884482,9.129009,4260878.5
1993-01-28,HSH-201408,9.088255,9.169764,9.0475,9.169764,1939049.5
1993-01-29,HSH-201408,9.088255,9.169764,9.006745,9.169764,2346979.8
1993-02-01,HSH-201408,9.292027,9.332782,9.169764,9.251272,1687236.8
1993-02-02,HSH-201408,9.292027,9.373536,9.210518,9.332782,2021555.6
1993-02-03,HSH-201408,9.332782,9.41429,9.251272,9.373536,2326430
1993-02-04,HSH-201408,9.41429,9.618063,9.41429,9.577309,3235532
1993-02-05,HSH-201408,9.577309,9.577309,9.251272,9.373536,2350967
1993-02-08,HSH-201408,9.373536,9.455045,9.292027,9.373536,1400458.8
1993-02-09,HSH-201408,9.332782,9.373536,9.251272,9.292027,1897336.2
1993-02-10,HSH-201408,9.292027,9.41429,9.210518,9.41429,1544307.9
1993-02-11,HSH-201408,9.373536,9.455045,9.251272,9.292027,1806855.5
1993-02-12,HSH-201408,9.210518,9.373536,9.210518,9.292027,1342796.4
1993-02-16,HSH-201408,9.210518,9.292027,9.088255,9.210518,2713810.5
1993-02-17,HSH-201408,9.169764,9.210518,9.0475,9.0475,1774650.5
1993-02-18,HSH-201408,9.169764,9.292027,9.129009,9.169764,1722815.8
1993-02-19,HSH-201408,9.169764,9.251272,9.088255,9.169764,1403832.5
1993-02-22,HSH-201408,9.129009,9.169764,9.088255,9.129009,1849182.1
1993-02-23,HSH-201408,9.176531,9.258464,9.094598,9.258464,2084927.2
1993-02-24,HSH-201408,9.217498,9.668131,9.217498,9.545231,2837673.8
1993-02-25,HSH-201408,9.627164,9.709098,9.545231,9.668131,1426770.1
1993-02-26,HSH-201408,9.627164,9.709098,9.504264,9.545231,1590012.6
1993-03-01,HSH-201408,9.627164,9.668131,9.463298,9.545231,1015460
1993-03-02,HSH-201408,9.586198,9.872964,9.504264,9.831998,1827705.9
1993-03-03,HSH-201408,9.831998,9.995864,9.791031,9.913931,1858828.8
1993-03-04,HSH-201408,9.954898,10.036831,9.831998,9.995864,1334927.1
1993-03-05,HSH-201408,9.995864,10.036831,9.831998,9.872964,1309906.8
1993-03-08,HSH-201408,9.913931,10.200697,9.913931,10.077797,2394325.2
1993-03-09,HSH-201408,9.995864,10.118764,9.954898,10.036831,1229048.4
1993-03-10,HSH-201408,10.036831,10.077797,9.954898,9.995864,1330960.5
1993-03-11,HSH-201408,9.995864,10.036831,9.872964,9.954898,1478641.5
1993-03-12,HSH-201408,9.791031,9.872964,9.668131,9.831998,1345606.5
1993-03-15,HSH-201408,9.831998,9.872964,9.709098,9.831998,980370.5
1993-03-16,HSH-201408,9.872964,9.954898,9.791031,9.791031,735049
1993-03-17,HSH-201408,9.791031,9.913931,9.668131,9.668131,1532343.8
1993-03-18,HSH-201408,9.668131,9.913931,9.668131,9.913931,1467351.9
1993-03-19,HSH-201408,10.118764,10.118764,9.750064,9.831998,2858117
1993-03-22,HSH-201408,9.750064,9.831998,9.627164,9.668131,1114320.9
1993-03-23,HSH-201408,9.586198,9.586198,9.422331,9.422331,2102624.8
1993-03-24,HSH-201408,9.422331,9.463298,9.299431,9.340398,2573129.2
1993-03-25,HSH-201408,9.340398,9.340398,9.012665,9.135564,4844183.5
1993-03-26,HSH-201408,9.176531,9.299431,9.094598,9.135564,1676363.4
1993-03-29,HSH-201408,9.094598,9.176531,9.094598,9.176531,1581469.1
1993-03-30,HSH-201408,9.135564,9.176531,9.012665,9.094598,2073637.6
1993-03-31,HSH-201408,9.094598,9.176531,8.971698,8.971698,2846217.2
1993-04-01,HSH-201408,9.012665,9.217498,9.012665,9.176531,3387816.2
1993-04-02,HSH-201408,9.094598,9.135564,8.930731,8.930731,3440298
1993-04-05,HSH-201408,8.930731,8.971698,8.684931,8.684931,4153377.8
1993-04-06,HSH-201408,8.725898,8.848798,8.562031,8.643965,6535498
1993-04-07,HSH-201408,8.643965,8.643965,8.357198,8.480098,4690705
1993-04-08,HSH-201408,8.398165,8.439131,8.111398,8.193331,4265969.5
1993-04-12,HSH-201408,8.357198,8.398165,8.111398,8.234298,3867474.5
1993-04-13,HSH-201408,8.316231,8.562031,8.234298,8.562031,2896257.8
1993-04-14,HSH-201408,8.562031,8.766865,8.521065,8.562031,2813568.8
1993-04-15,HSH-201408,8.521065,8.562031,8.398165,8.521065,2250305.8
1993-04-16,HSH-201408,8.521065,8.521065,8.152365,8.193331,4615339
1993-04-19,HSH-201408,8.193331,8.316231,7.9884977,8.234298,3358219
1993-04-20,HSH-201408,8.193331,8.357198,8.070432,8.193331,3385680.2
1993-04-21,HSH-201408,8.234298,8.275265,7.9884977,8.152365,3449146.5
1993-04-22,HSH-201408,8.152365,8.152365,7.824631,7.8655977,6951995.5
1993-04-23,HSH-201408,7.742698,7.9884977,7.619798,7.9065647,5936230
1993-04-26,HSH-201408,7.8655977,8.111398,7.824631,8.029465,2147173
1993-04-27,HSH-201408,8.111398,8.398165,8.111398,8.234298,3556856
1993-04-28,HSH-201408,8.275265,8.439131,8.234298,8.316231,2066009.5
1993-04-29,HSH-201408,8.398165,8.562031,8.316231,8.480098,1785598.5
1993-04-30,HSH-201408,8.562031,8.766865,8.316231,8.521065,1532343.8
1993-05-03,HSH-201408,8.521065,8.521065,8.234298,8.316231,1579638.4
1993-05-04,HSH-201408,8.234298,8.357198,8.152365,8.316231,2069671
1993-05-05,HSH-201408,8.398165,8.602998,8.398165,8.521065,3010680.2
1993-05-06,HSH-201408,8.521065,8.562031,8.316231,8.357198,1466741.6
1993-05-07,HSH-201408,8.357198,8.480098,8.316231,8.439131,1504882.4
1993-05-10,HSH-201408,8.439131,8.521065,8.275265,8.316231,2858422.2
1993-05-11,HSH-201408,8.316231,8.439131,8.275265,8.439131,1898495.2
1993-05-12,HSH-201408,8.357198,8.398165,8.275265,8.357198,1378255
1993-05-13,HSH-201408,8.275265,8.275265,8.111398,8.111398,4596726
1993-05-14,HSH-201408,8.152365,8.316231,8.111398,8.193331,2611575.2
1993-05-17,HSH-201408,8.316231,8.357198,8.152365,8.357198,1700163.1
1993-05-18,HSH-201408,8.439131,8.480098,8.234298,8.398165,1918328.4
1993-05-19,HSH-201408,8.357198,8.807831,8.193331,8.766865,2593267.5
1993-05-20,HSH-201408,8.684931,8.889765,8.684931,8.766865,1787734.4
1993-05-21,HSH-201408,8.766865,9.053631,8.684931,8.889765,2154191
1993-05-24,HSH-201408,8.807831,8.848798,8.602998,8.725898,1636086.6
1993-05-25,HSH-201408,8.691298,8.897252,8.691298,8.856061,1205967.9
1993-05-26,HSH-201408,8.81487,8.856061,8.650106,8.773679,1508825.4
1993-05-27,HSH-201408,8.81487,8.979634,8.773679,8.856061,1536137.2
1993-05-28,HSH-201408,8.856061,8.897252,8.608915,8.608915,1193829.2
1993-06-01,HSH-201408,8.691298,8.691298,8.526533,8.608915,1751597
1993-06-02,HSH-201408,8.608915,8.650106,8.526533,8.567724,1703042.6
1993-06-03,HSH-201408,8.567724,8.567724,8.197005,8.238196,6501726.5
1993-06-04,HSH-201408,8.279387,8.279387,8.114623,8.155814,4815374.5
1993-06-07,HSH-201408,8.238196,8.238196,8.155814,8.238196,1719429.8
1993-06-08,HSH-201408,8.197005,8.238196,7.9910507,8.114623,1872982.8
1993-06-09,HSH-201408,8.155814,8.279387,8.032242,8.238196,1833532.4
1993-06-10,HSH-201408,8.073433,8.197005,7.9498596,8.155814,2807350
1993-06-11,HSH-201408,8.197005,8.320579,8.197005,8.279387,1666020
1993-06-14,HSH-201408,8.279387,8.320579,8.155814,8.238196,1531281.8
1993-06-15,HSH-201408,8.238196,8.320579,8.197005,8.238196,1428407.4
1993-06-16,HSH-201408,8.238196,8.238196,8.073433,8.155814,1575891
1993-06-17,HSH-201408,8.114623,8.320579,8.114623,8.279387,2082373.2
1993-06-18,HSH-201408,8.279387,8.279387,8.114623,8.114623,2328786.5
1993-06-21,HSH-201408,8.155814,8.155814,8.073433,8.114623,1064856.9
1993-06-22,HSH-201408,8.114623,8.279387,8.073433,8.155814,2025928.9
1993-06-23,HSH-201408,8.238196,8.238196,8.032242,8.114623,1707594.6
1993-06-24,HSH-201408,8.114623,8.197005,7.9910507,8.197005,2324538
1993-06-25,HSH-201408,8.197005,8.197005,8.073433,8.114623,858501
1993-06-28,HSH-201408,8.197005,8.197005,8.032242,8.073433,1496079.9
1993-06-29,HSH-201408,8.073433,8.197005,8.073433,8.155814,2630430.2
1993-06-30,HSH-201408,8.114623,8.197005,8.073433,8.155814,1881176.4
1993-07-01,HSH-201408,8.155814,8.238196,8.073433,8.073433,2905976
1993-07-02,HSH-201408,8.073433,8.073433,7.9086685,7.9910507,2388265.5
1993-07-06,HSH-201408,8.073433,8.155814,7.9498596,7.9498596,1702739.2
1993-07-07,HSH-201408,7.9498596,8.114623,7.9498596,7.9910507,1235100.5
1993-07-08,HSH-201408,8.032242,8.155814,7.9498596,8.073433,1494866
1993-07-09,HSH-201408,8.032242,8.155814,7.9498596,7.9910507,1709112
1993-07-12,HSH-201408,7.9498596,8.073433,7.9086685,7.9086685,1871162
1993-07-13,HSH-201408,7.9910507,8.032242,7.9498596,7.9910507,1817752.2
1993-07-14,HSH-201408,7.9910507,8.073433,7.9910507,7.9910507,2145190.5
1993-07-15,HSH-201408,7.9910507,8.032242,7.9086685,7.9086685,2611615.2
1993-07-16,HSH-201408,7.9498596,8.032242,7.9086685,7.9086685,1728533.8
1993-07-19,HSH-201408,7.9086685,7.9910507,7.8674774,7.9086685,1873893.1
1993-07-20,HSH-201408,7.8674774,7.9086685,7.7027135,7.7850957,3095337.8
1993-07-21,HSH-201408,7.661523,7.8674774,7.661523,7.7027135,2839213.8
1993-07-22,HSH-201408,7.661523,7.8674774,7.661523,7.7850957,2882609
1993-07-23,HSH-201408,7.7439046,7.8262863,7.661523,7.661523,2164612.2
1993-07-26,HSH-201408,7.661523,7.7027135,7.455568,7.4967585,2936322.2
1993-07-27,HSH-201408,7.455568,7.5379496,7.4143767,7.455568,3045873
1993-07-28,HSH-201408,7.455568,7.4967585,7.331995,7.331995,2857421.5
1993-07-29,HSH-201408,7.331995,7.7850957,7.331995,7.5791407,2508134
1993-07-30,HSH-201408,7.5791407,7.7027135,7.4967585,7.5791407,2216504.5
1993-08-02,HSH-201408,7.5791407,7.7850957,7.5379496,7.7027135,1228727.8
1993-08-03,HSH-201408,7.620332,7.661523,7.4143767,7.4143767,1517322.4
1993-08-04,HSH-201408,7.4967585,7.5379496,7.1672306,7.2084217,3131450
1993-08-05,HSH-201408,7.2084217,7.2084217,6.920085,7.043658,3805748
1993-08-06,HSH-201408,7.084849,7.2084217,7.043658,7.043658,2989125.2
1993-08-09,HSH-201408,7.043658,7.290804,7.002467,7.1672306,4591417.5
1993-08-10,HSH-201408,7.1672306,7.3731856,7.12604,7.290804,5094865
1993-08-11,HSH-201408,7.3731856,7.5379496,7.331995,7.4967585,3387877.5
1993-08-12,HSH-201408,7.5791407,7.7027135,7.5791407,7.7027135,3934113.5
1993-08-13,HSH-201408,7.7027135,7.9910507,7.7027135,7.8674774,3414279
1993-08-16,HSH-201408,7.9086685,8.032242,7.8674774,7.9498596,3168776.2
1993-08-17,HSH-201408,7.9498596,8.197005,7.9086685,8.197005,2851048.8
1993-08-18,HSH-201408,8.155814,8.40296,8.114623,8.320579,3730792.2
1993-08-19,HSH-201408,8.36177,8.650106,8.320579,8.608915,6829468
1993-08-20,HSH-201408,8.608915,8.650106,8.526533,8.526533,5306380
1993-08-23,HSH-201408,8.567724,8.650106,8.485342,8.608915,2492657.2
1993-08-24,HSH-201408,8.608915,8.732489,8.567724,8.650106,2913866
1993-08-25,HSH-201408,8.650106,8.691298,8.485342,8.485342,3410030.5
1993-08-26,HSH-201408,8.533395,8.657667,8.49197,8.657667,3286420.8
1993-08-27,HSH-201408,8.616243,8.699091,8.574819,8.616243,2726362.2
1993-08-30,HSH-201408,8.616243,8.699091,8.616243,8.657667,2191953
1993-08-31,HSH-201408,8.616243,8.657667,8.574819,8.616243,2836503.2
1993-09-01,HSH-201408,8.616243,8.740516,8.574819,8.740516,1880541.2
1993-09-02,HSH-201408,8.740516,8.7819395,8.616243,8.740516,2041678.8
1993-09-03,HSH-201408,8.7819395,8.823364,8.699091,8.740516,2206437.2
1993-09-07,HSH-201408,8.740516,8.7819395,8.657667,8.657667,2144275.8
1993-09-08,HSH-201408,8.699091,8.7819395,8.616243,8.699091,4505212
1993-09-09,HSH-201408,8.699091,8.823364,8.49197,8.49197,1974387.2
1993-09-10,HSH-201408,8.49197,8.574819,8.367698,8.574819,1464118.4
1993-09-13,HSH-201408,8.574819,8.657667,8.49197,8.49197,1067913.2
1993-09-14,HSH-201408,8.49197,8.533395,8.367698,8.49197,1012692
1993-09-15,HSH-201408,8.450546,8.574819,8.284849,8.574819,1702505.4
1993-09-16,HSH-201408,8.574819,8.574819,8.243424,8.284849,2007882.1
1993-09-17,HSH-201408,7.953455,8.202001,7.953455,8.160576,4255358
1993-09-20,HSH-201408,8.243424,8.243424,7.8706064,7.9120307,3240252.2
1993-09-21,HSH-201408,7.9120307,7.9948792,7.5392127,7.7463336,3499762
1993-09-22,HSH-201408,7.829182,7.9120307,7.7463336,7.829182,2301792
1993-09-23,HSH-201408,7.8706064,7.9120307,7.787758,7.829182,2090261.4
1993-09-24,HSH-201408,7.787758,8.0363035,7.7463336,7.953455,2053749
1993-09-27,HSH-201408,7.9948792,8.202001,7.9120307,7.9948792,2984363.5
1993-09-28,HSH-201408,7.9948792,7.9948792,7.7049093,7.787758,1327724.9
1993-09-29,HSH-201408,7.787758,7.829182,7.663485,7.7049093,1494897.5
1993-09-30,HSH-201408,7.7049093,7.953455,7.622061,7.829182,1632196.4
1993-10-01,HSH-201408,7.953455,8.160576,7.8706064,7.953455,3368498.2
1993-10-04,HSH-201408,7.9948792,7.9948792,7.8706064,7.8706064,2045903.4
1993-10-05,HSH-201408,7.8706064,7.9120307,7.7463336,7.829182,1511494.1
1993-10-06,HSH-201408,7.9120307,7.9120307,7.7463336,7.787758,1438771
1993-10-07,HSH-201408,7.829182,8.0363035,7.829182,7.9948792,2093882.5
1993-10-08,HSH-201408,8.0363035,8.160576,7.953455,8.119152,1851874.5
1993-10-11,HSH-201408,8.202001,8.367698,8.160576,8.326273,2008485.6
1993-10-12,HSH-201408,8.4091215,8.450546,8.326273,8.4091215,2257434
1993-10-13,HSH-201408,8.367698,8.4091215,8.202001,8.367698,1159647
1993-10-14,HSH-201408,8.4091215,8.947637,8.367698,8.740516,4599963
1993-10-15,HSH-201408,8.823364,9.320455,8.823364,9.279031,7528502
1993-10-18,HSH-201408,9.279031,9.361879,9.07191,9.154758,2766194
1993-10-19,HSH-201408,9.113334,9.154758,8.740516,8.906213,2851892.8
1993-10-20,HSH-201408,8.906213,8.947637,8.7819395,8.823364,1345226.8
1993-10-21,HSH-201408,8.699091,8.906213,8.699091,8.823364,1553438.1
1993-10-22,HSH-201408,8.864788,8.947637,8.823364,8.823364,1270089.5
1993-10-25,HSH-201408,8.864788,8.864788,8.740516,8.7819395,1216678.8
1993-10-26,HSH-201408,8.740516,8.906213,8.616243,8.906213,1930330.9
1993-10-27,HSH-201408,8.7819395,8.864788,8.657667,8.740516,1520245
1993-10-28,HSH-201408,8.7819395,9.030485,8.740516,9.030485,2898664.8
1993-10-29,HSH-201408,9.030485,9.07191,8.7819395,8.7819395,1228749
1993-11-01,HSH-201408,8.7819395,8.947637,8.7819395,8.823364,1949945
1993-11-02,HSH-201408,8.823364,8.906213,8.657667,8.823364,1573957.5
1993-11-03,HSH-201408,8.7819395,8.906213,8.533395,8.657667,1548308.2
1993-11-04,HSH-201408,8.574819,8.740516,8.533395,8.740516,1169001.4
1993-11-05,HSH-201408,8.699091,8.906213,8.699091,8.7819395,1629782.2
1993-11-08,HSH-201408,8.699091,8.906213,8.699091,8.7819395,1391093.5
1993-11-09,HSH-201408,8.864788,8.906213,8.657667,8.7819395,1262847.4
1993-11-10,HSH-201408,8.7819395,9.07191,8.616243,9.07191,2319294
1993-11-11,HSH-201408,9.113334,9.237607,9.07191,9.154758,2242648
1993-11-12,HSH-201408,9.196182,9.320455,9.113334,9.196182,2733302.8
1993-11-15,HSH-201408,9.196182,9.237607,9.113334,9.237607,1492785.2
1993-11-16,HSH-201408,9.237607,9.279031,9.07191,9.07191,1940288.9
1993-11-17,HSH-201408,9.030485,9.196182,8.989061,9.07191,1393809.4
1993-11-18,HSH-201408,9.07191,9.237607,9.07191,9.113334,1459592.1
1993-11-19,HSH-201408,9.154758,9.154758,8.947637,8.947637,2206739
1993-11-22,HSH-201408,8.864788,8.906213,8.616243,8.906213,2506684.2
1993-11-23,HSH-201408,8.989061,9.030485,8.740516,8.7819395,1732379.2
1993-11-24,HSH-201408,8.79361,8.876961,8.710258,8.751933,1201234.6
1993-11-26,HSH-201408,8.835285,8.918637,8.79361,8.835285,519185.28
1993-11-29,HSH-201408,8.918637,8.960313,8.668582,8.751933,1294514
1993-11-30,HSH-201408,8.79361,8.79361,8.626905,8.668582,1767209.5
1993-12-01,HSH-201408,8.710258,8.835285,8.668582,8.710258,1424085.4
1993-12-02,HSH-201408,8.710258,8.751933,8.626905,8.626905,1701824
1993-12-03,HSH-201408,8.710258,8.751933,8.668582,8.668582,1396791.4
1993-12-06,HSH-201408,8.626905,8.751933,8.626905,8.668582,1263620.8
1993-12-07,HSH-201408,8.710258,9.043665,8.668582,8.960313,2129529.5
1993-12-08,HSH-201408,8.918637,9.127016,8.918637,9.043665,1633139.1
1993-12-09,HSH-201408,9.001988,9.127016,9.001988,9.043665,2012855.2
1993-12-10,HSH-201408,9.0853405,9.127016,8.960313,9.043665,2229407.5
1993-12-13,HSH-201408,9.001988,9.0853405,8.918637,9.0853405,1361099.2
1993-12-14,HSH-201408,9.0853405,9.127016,9.001988,9.043665,1320008.4
1993-12-15,HSH-201408,9.127016,9.127016,8.876961,8.876961,1644236.8
1993-12-16,HSH-201408,8.960313,9.001988,8.710258,8.751933,1898880.4
1993-12-17,HSH-201408,8.79361,8.79361,8.626905,8.626905,3560513.2
1993-12-20,HSH-201408,8.668582,8.79361,8.543554,8.668582,2509245.5
1993-12-21,HSH-201408,8.710258,8.751933,8.668582,8.668582,1692526
1993-12-22,HSH-201408,8.710258,8.79361,8.626905,8.751933,1845192.2
1993-12-23,HSH-201408,8.751933,8.751933,8.58523,8.58523,1466675.9
1993-12-27,HSH-201408,8.58523,8.626905,8.58523,8.626905,903700.3
1993-12-28,HSH-201408,8.626905,8.626905,8.543554,8.58523,1400390.6
1993-12-29,HSH-201408,8.58523,8.58523,8.460202,8.460202,1655034.4
1993-12-30,HSH-201408,8.418527,8.460202,8.37685,8.460202,1062065.4
1993-12-31,HSH-201408,8.501878,8.543554,8.335175,8.335175,1260321.5
1994-01-03,HSH-201408,8.418527,8.418527,8.293499,8.335175,1887782.9
1994-01-04,HSH-201408,8.335175,8.335175,8.043444,8.293499,1679928.8
1994-01-05,HSH-201408,8.251822,8.37685,8.168471,8.168471,2361678.2
1994-01-06,HSH-201408,8.210147,8.251822,8.043444,8.168471,2034750.4
1994-01-07,HSH-201408,8.251822,8.501878,8.210147,8.460202,1946869.9
1994-01-10,HSH-201408,8.37685,8.668582,8.37685,8.668582,2408168
1994-01-11,HSH-201408,8.58523,8.626905,8.460202,8.501878,1972064.2
1994-01-12,HSH-201408,8.58523,8.626905,8.043444,8.251822,3368855.8
1994-01-13,HSH-201408,8.251822,8.335175,8.210147,8.251822,2596826.2
1994-01-14,HSH-201408,8.251822,8.335175,8.001768,8.043444,2601925
1994-01-17,HSH-201408,8.043444,8.085119,7.9600916,8.085119,2187416.8
1994-01-18,HSH-201408,8.085119,8.126795,7.6683607,7.7933884,5868803.5
1994-01-19,HSH-201408,7.7517123,7.87674,7.6266847,7.835064,3675088
1994-01-20,HSH-201408,7.835064,7.9600916,7.7933884,7.918416,2057545.4
1994-01-21,HSH-201408,7.9600916,8.085119,7.918416,7.918416,3919834
1994-01-24,HSH-201408,7.87674,8.001768,7.835064,7.835064,2264199.8
1994-01-25,HSH-201408,7.918416,8.251822,7.918416,8.210147,4582387.5
1994-01-26,HSH-201408,8.168471,8.335175,8.168471,8.335175,2400669.5
1994-01-27,HSH-201408,8.043444,8.043444,7.6683607,7.835064,9382527
1994-01-28,HSH-201408,7.7100368,7.87674,7.6266847,7.7517123,5137265
1994-01-31,HSH-201408,7.6683607,7.7517123,7.334954,7.3766294,5244041.5
1994-02-01,HSH-201408,7.334954,7.4599814,7.0432224,7.4183054,6235622
1994-02-02,HSH-201408,7.4599814,7.543333,7.2516017,7.334954,5479489.5
1994-02-03,HSH-201408,7.334954,7.334954,7.0848985,7.2516017,6905674
1994-02-04,HSH-201408,7.209926,7.209926,7.001547,7.1265745,5838810
1994-02-07,HSH-201408,7.1265745,7.209926,7.001547,7.0848985,5652551
1994-02-08,HSH-201408,7.1265745,7.209926,7.0432224,7.1265745,3642395.2
1994-02-09,HSH-201408,7.1265745,7.209926,7.0432224,7.209926,3771966.5
1994-02-10,HSH-201408,7.209926,7.2932777,7.0432224,7.1265745,2974442.8
1994-02-11,HSH-201408,7.0432224,7.209926,7.001547,7.209926,2968744
1994-02-14,HSH-201408,7.209926,7.4183054,7.16825,7.334954,6459073
1994-02-15,HSH-201408,7.3766294,7.6266847,7.3766294,7.6266847,4511003.5
1994-02-16,HSH-201408,7.6266847,7.6683607,7.501657,7.543333,4374233.5
1994-02-17,HSH-201408,7.543333,7.585009,7.209926,7.4183054,5336721
1994-02-18,HSH-201408,7.501657,7.501657,7.2932777,7.2932777,2456457.2
1994-02-22,HSH-201408,7.4183054,7.4599814,7.2932777,7.334954,4218568
1994-02-23,HSH-201408,7.3467083,7.4306707,7.262746,7.3886895,3546231
1994-02-24,HSH-201408,7.304727,7.4306707,7.2207646,7.304727,3834753
1994-02-25,HSH-201408,7.304727,7.3886895,7.1787834,7.3886895,4497550
1994-02-28,HSH-201408,7.3886895,7.514633,7.3467083,7.514633,3319046
1994-03-01,HSH-201408,7.514633,7.514633,7.3467083,7.3886895,3986904.5
1994-03-02,HSH-201408,7.3467083,7.4306707,7.262746,7.4306707,3380680.8
1994-03-03,HSH-201408,7.4306707,7.4306707,7.2207646,7.2207646,3244607.8
1994-03-04,HSH-201408,7.304727,7.304727,7.136802,7.136802,2979310.5
1994-03-07,HSH-201408,7.4306707,7.472652,7.304727,7.3886895,4115533.5
1994-03-08,HSH-201408,7.4306707,7.5566144,7.3886895,7.514633,4859914.5
1994-03-09,HSH-201408,7.472652,7.5985956,7.472652,7.472652,3198158.5
1994-03-10,HSH-201408,7.472652,7.514633,7.3886895,7.3886895,2469856
1994-03-11,HSH-201408,7.3886895,7.514633,7.3886895,7.472652,2723541.2
1994-03-14,HSH-201408,7.472652,7.514633,7.3886895,7.4306707,1932710.8
1994-03-15,HSH-201408,7.4306707,7.4306707,7.304727,7.304727,2692277.2
1994-03-16,HSH-201408,7.2207646,7.472652,7.2207646,7.472652,3841601.5
1994-03-17,HSH-201408,7.5566144,7.5566144,7.304727,7.304727,3837135
1994-03-18,HSH-201408,7.304727,7.3886895,7.2207646,7.262746,6459142.5
1994-03-21,HSH-201408,7.304727,7.472652,7.262746,7.4306707,2691681.8
1994-03-22,HSH-201408,7.4306707,7.514633,7.3886895,7.4306707,2441272
1994-03-23,HSH-201408,7.4306707,7.4306707,7.262746,7.262746,2410901.2
1994-03-24,HSH-201408,7.262746,7.3467083,7.2207646,7.2207646,3917826
1994-03-25,HSH-201408,7.262746,7.3886895,7.2207646,7.262746,2318895.8
1994-03-28,HSH-201408,7.3886895,7.514633,7.304727,7.514633,3511691.8
1994-03-29,HSH-201408,7.514633,7.640577,7.3886895,7.3886895,3449163.8
1994-03-30,HSH-201408,7.472652,7.5985956,7.304727,7.472652,2883732
1994-03-31,HSH-201408,7.472652,7.514633,7.2207646,7.304727,2825670.2
1994-04-04,HSH-201408,7.094821,7.3467083,7.010859,7.262746,4193544.8
1994-04-05,HSH-201408,7.3886895,7.514633,7.3467083,7.4306707,2433232.5
1994-04-06,HSH-201408,7.3467083,7.4306707,7.3467083,7.3467083,2040497.1
1994-04-07,HSH-201408,7.3467083,7.3886895,7.262746,7.262746,2699721
1994-04-08,HSH-201408,7.262746,7.304727,7.1787834,7.2207646,1994345.5
1994-04-11,HSH-201408,7.262746,7.3467083,7.2207646,7.304727,1969929.9
1994-04-12,HSH-201408,7.304727,7.3467083,7.2207646,7.304727,2143817.2
1994-04-13,HSH-201408,7.2207646,7.262746,7.136802,7.262746,1406880.1
1994-04-14,HSH-201408,7.2207646,7.262746,7.136802,7.2207646,1875244.6
1994-04-15,HSH-201408,7.1787834,7.2207646,7.010859,7.05284,3835050.8
1994-04-18,HSH-201408,7.05284,7.094821,6.9268966,6.9268966,2370109
1994-04-19,HSH-201408,6.968878,7.094821,6.7589717,6.9268966,4080994.2
1994-04-20,HSH-201408,6.968878,7.010859,6.800953,6.968878,2876586
1994-04-21,HSH-201408,7.010859,7.5566144,7.010859,7.304727,3086799
1994-04-22,HSH-201408,7.262746,7.262746,7.010859,7.05284,1701952.8
1994-04-25,HSH-201408,7.05284,7.136802,7.010859,7.094821,1668604.4
1994-04-26,HSH-201408,7.05284,7.094821,6.8849154,6.8849154,2067294.9
1994-04-28,HSH-201408,6.8849154,7.05284,6.842934,6.9268966,3312793.2
1994-04-29,HSH-201408,6.9268966,7.094821,6.9268966,6.968878,3069231.8
1994-05-02,HSH-201408,6.9268966,7.094821,6.842934,7.05284,3702848.8
1994-05-03,HSH-201408,7.094821,7.1787834,6.968878,7.05284,2111362.2
1994-05-04,HSH-201408,7.010859,7.1787834,6.9268966,7.136802,2886114
1994-05-05,HSH-201408,7.136802,7.1787834,6.968878,7.136802,3259495.5
1994-05-06,HSH-201408,7.05284,7.1787834,7.05284,7.094821,2112255.5
1994-05-09,HSH-201408,7.094821,7.262746,7.094821,7.136802,2855147.8
1994-05-10,HSH-201408,7.262746,7.3467083,7.2207646,7.3467083,3602506.2
1994-05-11,HSH-201408,7.3467083,7.3886895,7.136802,7.1787834,3166894.5
1994-05-12,HSH-201408,7.2207646,7.4306707,7.2207646,7.3886895,4009236
1994-05-13,HSH-201408,7.3886895,7.5985956,7.3886895,7.514633,3159450.8
1994-05-16,HSH-201408,7.472652,7.5566144,7.3886895,7.3886895,1776390.8
1994-05-17,HSH-201408,7.4306707,7.640577,7.3886895,7.640577,1973502.9
1994-05-18,HSH-201408,7.640577,7.682558,7.472652,7.682558,2495760.5
1994-05-19,HSH-201408,7.682558,7.682558,7.5566144,7.5566144,2172103.8
1994-05-20,HSH-201408,7.5566144,7.5566144,7.2207646,7.262746,3976185.5
1994-05-23,HSH-201408,7.4306707,7.514633,7.3886895,7.4306707,2036626.4
1994-05-24,HSH-201408,7.3886895,7.472652,7.304727,7.472652,2021441
1994-05-25,HSH-201408,7.4422064,7.484492,7.357636,7.357636,1419229.6
1994-05-26,HSH-201408,7.357636,7.357636,7.2730656,7.3153505,2438793
1994-05-27,HSH-201408,7.23078,7.3153505,7.1884947,7.1884947,2643356
1994-05-31,HSH-201408,7.1884947,7.3153505,7.1884947,7.2730656,2731743.8
1994-06-01,HSH-201408,7.2730656,7.399921,7.2730656,7.399921,2672030.2
1994-06-02,HSH-201408,7.357636,7.569062,7.357636,7.526777,5170832
1994-06-03,HSH-201408,7.695918,7.822774,7.6536326,7.695918,6200742
1994-06-06,HSH-201408,7.822774,8.0342,7.7804885,7.9919147,6830985
1994-06-07,HSH-201408,7.94963,7.94963,7.738203,7.7804885,3492351.5
1994-06-08,HSH-201408,7.865059,7.865059,7.6536326,7.738203,2836981.2
1994-06-09,HSH-201408,7.695918,7.738203,7.569062,7.6536326,2130766
1994-06-10,HSH-201408,7.6536326,7.822774,7.569062,7.611347,2811558.8
1994-06-13,HSH-201408,7.526777,7.6536326,7.526777,7.526777,2346857.8
1994-06-14,HSH-201408,7.526777,7.695918,7.526777,7.6536326,3454808.8
1994-06-15,HSH-201408,7.611347,7.695918,7.526777,7.569062,2701000
1994-06-16,HSH-201408,7.611347,7.6536326,7.526777,7.569062,2256696.2
1994-06-17,HSH-201408,7.569062,7.695918,7.526777,7.611347,5205714.5
1994-06-20,HSH-201408,7.611347,7.738203,7.484492,7.611347,2580390.8
1994-06-21,HSH-201408,7.611347,7.611347,7.399921,7.4422064,2249010.5
1994-06-22,HSH-201408,7.526777,7.569062,7.399921,7.399921,1431349.8
1994-06-23,HSH-201408,7.357636,7.4422064,7.3153505,7.3153505,1611081.4
1994-06-24,HSH-201408,7.357636,7.357636,7.23078,7.23078,1499635.9
1994-06-27,HSH-201408,7.23078,7.3153505,7.1884947,7.1884947,3288970.8
1994-06-28,HSH-201408,7.23078,7.3153505,7.061639,7.1462097,2709277.2
1994-06-29,HSH-201408,7.23078,7.3153505,7.1884947,7.2730656,1161752.2
1994-06-30,HSH-201408,7.23078,7.23078,7.1039243,7.1884947,1993898
1994-07-01,HSH-201408,7.1884947,7.1884947,6.9770684,6.9770684,2680603
1994-07-05,HSH-201408,6.9770684,7.061639,6.934783,6.9770684,2200234.5
1994-07-06,HSH-201408,6.934783,7.019354,6.934783,7.019354,2197278.5
1994-07-07,HSH-201408,6.9770684,6.9770684,6.8502126,6.8502126,2721988.5
1994-07-08,HSH-201408,6.8502126,6.892498,6.765642,6.8079276,3446531.8
1994-07-11,HSH-201408,6.7233567,6.7233567,6.554216,6.6810718,5115848.5
1994-07-12,HSH-201408,6.6810718,6.6810718,6.5965014,6.6810718,2591032.8
1994-07-13,HSH-201408,6.6387863,6.6810718,6.554216,6.5965014,4781807.5
1994-07-14,HSH-201408,6.6387863,7.23078,6.6387863,7.1884947,7183058
1994-07-15,HSH-201408,7.1462097,7.23078,7.061639,7.1039243,3342181
1994-07-18,HSH-201408,7.1039243,7.1462097,7.061639,7.1039243,1204615.9
1994-07-19,HSH-201408,7.1039243,7.1462097,6.934783,7.019354,1753270.4
1994-07-20,HSH-201408,7.019354,7.061639,6.934783,7.019354,1898415.5
1994-07-21,HSH-201408,7.019354,7.061639,6.9770684,7.061639,2283892.5
1994-07-22,HSH-201408,7.061639,7.1039243,6.892498,6.934783,3036814.5
1994-07-25,HSH-201408,6.9770684,7.019354,6.934783,6.934783,1423959.4
1994-07-26,HSH-201408,6.934783,7.019354,6.934783,7.019354,1712180.4
1994-07-27,HSH-201408,6.9770684,7.061639,6.934783,6.934783,2239551
1994-07-28,HSH-201408,6.892498,6.934783,6.8502126,6.8502126,2118054.8
1994-07-29,HSH-201408,6.934783,7.23078,6.892498,6.9770684,2931281.2
1994-08-01,HSH-201408,7.019354,7.1039243,6.9770684,7.061639,1469779.1
1994-08-02,HSH-201408,7.061639,7.1039243,7.019354,7.019354,1680550
1994-08-03,HSH-201408,7.019354,7.019354,6.8502126,6.8502126,3704896
1994-08-04,HSH-201408,6.892498,6.9770684,6.8502126,6.892498,3021738.2
1994-08-05,HSH-201408,6.892498,7.019354,6.8502126,6.934783,1480716.8
1994-08-08,HSH-201408,6.9770684,7.1462097,6.934783,7.061639,1456476.6
1994-08-09,HSH-201408,6.9770684,7.1039243,6.9770684,7.019354,1870036.9
1994-08-10,HSH-201408,7.061639,7.2730656,7.061639,7.2730656,2728492
1994-08-11,HSH-201408,7.2730656,7.399921,7.23078,7.357636,3413423.2
1994-08-12,HSH-201408,7.399921,7.6536326,7.357636,7.569062,4524330.5
1994-08-15,HSH-201408,7.611347,7.695918,7.569062,7.6536326,4031250.8
1994-08-16,HSH-201408,7.611347,7.738203,7.611347,7.695918,2607291.2
1994-08-17,HSH-201408,7.695918,7.738203,7.6536326,7.695918,2489342.5
1994-08-18,HSH-201408,7.6536326,7.822774,7.569062,7.822774,4626020.5
1994-08-19,HSH-201408,7.822774,7.865059,7.738203,7.822774,2475448.8
1994-08-22,HSH-201408,7.738203,7.7804885,7.6536326,7.738203,1661335.2
1994-08-23,HSH-201408,7.7804885,7.7804885,7.6536326,7.695918,2920934.8
1994-08-24,HSH-201408,7.695918,7.7804885,7.6536326,7.7804885,3348684.2
1994-08-25,HSH-201408,7.738203,7.7804885,7.6536326,7.695918,2043560.6
1994-08-26,HSH-201408,7.750427,7.7930117,7.6226726,7.750427,1828705.8
1994-08-29,HSH-201408,7.7930117,7.835596,7.665257,7.707842,2436611
1994-08-30,HSH-201408,7.707842,7.707842,7.5800877,7.6226726,1583019.2
1994-08-31,HSH-201408,7.665257,7.878181,7.665257,7.878181,2671436.8
1994-09-01,HSH-201408,7.750427,7.7930117,7.5800877,7.5800877,1900621.1
1994-09-02,HSH-201408,7.707842,7.750427,7.494918,7.494918,2197382.2
1994-09-06,HSH-201408,7.494918,7.537503,7.4097486,7.4097486,1762954.5
1994-09-07,HSH-201408,7.494918,7.494918,7.3671637,7.4097486,2178302.8
1994-09-08,HSH-201408,7.4097486,7.707842,7.4097486,7.6226726,3638038.5
1994-09-09,HSH-201408,7.537503,7.6226726,7.494918,7.494918,1762954.5
1994-09-12,HSH-201408,7.5800877,7.6226726,7.4523335,7.494918,1914710.8
1994-09-13,HSH-201408,7.494918,7.5800877,7.494918,7.537503,2694625.8
1994-09-14,HSH-201408,7.494918,7.537503,7.4523335,7.494918,2257262.8
1994-09-15,HSH-201408,7.494918,7.9633503,7.494918,7.920766,5827202
1994-09-16,HSH-201408,7.920766,7.920766,7.750427,7.7930117,6759460
1994-09-19,HSH-201408,7.7930117,7.835596,7.707842,7.707842,2165387.2
1994-09-20,HSH-201408,7.665257,7.707842,7.494918,7.494918,1549850.1
1994-09-21,HSH-201408,7.537503,7.665257,7.494918,7.6226726,1912949.5
1994-09-22,HSH-201408,7.6226726,7.707842,7.6226726,7.665257,1413651.2
1994-09-23,HSH-201408,7.665257,7.707842,7.5800877,7.5800877,1579203.4
1994-09-26,HSH-201408,7.5800877,7.6226726,7.537503,7.537503,1060825.5
1994-09-27,HSH-201408,7.537503,7.5800877,7.494918,7.537503,1226377.6
1994-09-28,HSH-201408,7.537503,7.665257,7.494918,7.665257,2161277.8
1994-09-29,HSH-201408,7.665257,7.665257,7.537503,7.6226726,2666740.2
1994-09-30,HSH-201408,7.6226726,7.750427,7.5800877,7.665257,1971068.9
1994-10-03,HSH-201408,7.665257,7.7930117,7.6226726,7.750427,2405203
1994-10-04,HSH-201408,7.7930117,7.878181,7.665257,7.665257,2055312.6
1994-10-05,HSH-201408,7.665257,7.707842,7.6226726,7.665257,1455039.2
1994-10-06,HSH-201408,7.707842,7.707842,7.6226726,7.665257,1077556.8
1994-10-07,HSH-201408,7.665257,7.707842,7.665257,7.665257,1602979.5
1994-10-10,HSH-201408,7.665257,7.707842,7.6226726,7.6226726,1150646.4
1994-10-11,HSH-201408,7.665257,7.750427,7.6226726,7.750427,1797591.4
1994-10-12,HSH-201408,7.750427,7.7930117,7.707842,7.707842,2175073.8
1994-10-13,HSH-201408,7.750427,7.835596,7.707842,7.7930117,2574864.8
1994-10-14,HSH-201408,7.7930117,7.920766,7.707842,7.920766,2200317.5
1994-10-17,HSH-201408,7.878181,7.920766,7.7930117,7.835596,1939661
1994-10-18,HSH-201408,7.835596,7.878181,7.750427,7.835596,2937964
1994-10-19,HSH-201408,7.835596,7.9633503,7.7930117,7.835596,1857471.9
1994-10-20,HSH-201408,7.835596,7.835596,7.707842,7.7930117,2229964.2
1994-10-21,HSH-201408,7.750427,7.7930117,7.707842,7.7930117,1423337.8
1994-10-24,HSH-201408,7.750427,7.878181,7.707842,7.707842,2273113.5
1994-10-25,HSH-201408,7.665257,7.7930117,7.665257,7.7930117,1192327.9
1994-10-26,HSH-201408,7.9633503,8.261444,7.9633503,8.176274,5767908.5
1994-10-27,HSH-201408,8.218859,8.559537,8.176274,8.5169525,7085281
1994-10-28,HSH-201408,8.559537,8.559537,8.346613,8.5169525,4658356.5
1994-10-31,HSH-201408,8.5169525,8.602122,8.389198,8.389198,3008705.2
1994-11-01,HSH-201408,8.389198,8.5169525,8.389198,8.474368,2615665.8
1994-11-02,HSH-201408,8.431783,8.602122,8.389198,8.474368,4160525.8
1994-11-03,HSH-201408,8.474368,8.5169525,8.431783,8.474368,1662860.1
1994-11-04,HSH-201408,8.474368,8.5169525,8.261444,8.261444,2118128.5
1994-11-07,HSH-201408,8.3040285,8.474368,8.261444,8.474368,1211994.6
1994-11-08,HSH-201408,8.474368,8.644707,8.431783,8.559537,6302430.5
1994-11-09,HSH-201408,8.602122,8.644707,8.389198,8.389198,1993377.4
1994-11-10,HSH-201408,8.474368,8.687291,8.431783,8.5169525,4241540.5
1994-11-11,HSH-201408,8.559537,8.687291,8.5169525,8.644707,1651118.8
1994-11-14,HSH-201408,8.602122,8.7298765,8.559537,8.687291,2290138.5
1994-11-15,HSH-201408,8.7298765,8.7298765,8.474368,8.5169525,3108212.8
1994-11-16,HSH-201408,8.474368,8.559537,8.389198,8.559537,1771467
1994-11-17,HSH-201408,8.5169525,8.559537,8.474368,8.474368,2442481.8
1994-11-18,HSH-201408,8.5169525,8.602122,8.474368,8.5169525,2662337.2
1994-11-21,HSH-201408,8.602122,8.602122,8.431783,8.431783,1856297.8
1994-11-22,HSH-201408,8.389198,8.474368,8.346613,8.346613,2050322.6
1994-11-23,HSH-201408,8.3040285,8.431783,8.261444,8.346613,2838750.2
1994-11-25,HSH-201408,8.404933,8.576463,8.404933,8.490698,1287244
1994-11-28,HSH-201408,8.490698,8.53358,8.404933,8.447816,1653362.4
1994-11-29,HSH-201408,8.447816,8.490698,8.404933,8.447816,1531808.8
1994-11-30,HSH-201408,8.447816,8.490698,8.362051,8.362051,2105763.2
1994-12-01,HSH-201408,8.404933,8.447816,8.319168,8.362051,1902008
1994-12-02,HSH-201408,8.319168,8.404933,8.276286,8.319168,898389.06
1994-12-05,HSH-201408,8.362051,8.404933,8.276286,8.276286,1314061.6
1994-12-06,HSH-201408,8.276286,8.447816,8.233404,8.447816,1700584.6
1994-12-07,HSH-201408,8.404933,8.490698,8.362051,8.404933,1884226.8
1994-12-08,HSH-201408,8.404933,8.490698,8.362051,8.490698,1677848
1994-12-09,HSH-201408,8.447816,8.619345,8.404933,8.576463,2252968.5
1994-12-12,HSH-201408,8.490698,8.662227,8.447816,8.576463,5396747.5
1994-12-13,HSH-201408,8.576463,8.747992,8.576463,8.662227,2837417
1994-12-14,HSH-201408,8.662227,8.790874,8.576463,8.790874,2944978.8
1994-12-15,HSH-201408,8.70511,8.876638,8.70511,8.747992,2042217.2
1994-12-16,HSH-201408,8.876638,8.876638,8.70511,8.747992,4851650.5
1994-12-19,HSH-201408,8.70511,8.747992,8.576463,8.619345,1973715.9
1994-12-20,HSH-201408,8.576463,8.70511,8.53358,8.662227,2149196.2
1994-12-21,HSH-201408,8.70511,8.833756,8.662227,8.790874,2254134.5
1994-12-22,HSH-201408,8.833756,8.919521,8.790874,8.833756,1848081.4
1994-12-23,HSH-201408,8.833756,8.876638,8.833756,8.876638,1161609.5
1994-12-27,HSH-201408,8.876638,8.919521,8.833756,8.833756,917919.25
1994-12-28,HSH-201408,8.790874,8.876638,8.790874,8.790874,999246.5
1994-12-29,HSH-201408,8.747992,8.790874,8.662227,8.70511,1209123.2
1994-12-30,HSH-201408,8.70511,8.790874,8.662227,8.662227,1671143.6
1995-01-03,HSH-201408,8.619345,8.790874,8.576463,8.747992,1677556.5
1995-01-04,HSH-201408,8.790874,8.876638,8.747992,8.790874,1680762.9
1995-01-05,HSH-201408,8.790874,8.919521,8.70511,8.747992,2076030.8
1995-01-06,HSH-201408,8.662227,8.70511,8.619345,8.619345,1713118.9
1995-01-09,HSH-201408,8.70511,8.833756,8.619345,8.833756,2097601.5
1995-01-10,HSH-201408,8.833756,8.962403,8.790874,8.833756,3129495.5
1995-01-11,HSH-201408,8.833756,8.876638,8.747992,8.833756,1451356
1995-01-12,HSH-201408,8.790874,8.790874,8.662227,8.747992,2051545.1
1995-01-13,HSH-201408,8.70511,8.747992,8.619345,8.662227,3096556.5
1995-01-16,HSH-201408,8.70511,8.747992,8.662227,8.70511,1155196.6
1995-01-17,HSH-201408,8.662227,8.747992,8.662227,8.70511,1744600.4
1995-01-18,HSH-201408,8.619345,8.662227,8.447816,8.576463,2612965.5
1995-01-19,HSH-201408,8.490698,8.576463,8.490698,8.576463,999246.5
1995-01-20,HSH-201408,8.576463,8.619345,8.490698,8.53358,2186799
1995-01-23,HSH-201408,8.447816,8.490698,8.404933,8.404933,1045302.75
1995-01-24,HSH-201408,8.404933,8.490698,8.319168,8.404933,1818931.8
1995-01-25,HSH-201408,8.404933,8.490698,8.362051,8.362051,1374984.1
1995-01-26,HSH-201408,8.404933,8.790874,8.362051,8.70511,4404496.5
1995-01-27,HSH-201408,8.833756,8.876638,8.747992,8.747992,2712948.5
1995-01-30,HSH-201408,8.70511,8.919521,8.662227,8.833756,4585807
1995-01-31,HSH-201408,8.833756,9.133932,8.790874,9.048168,4858355
1995-02-01,HSH-201408,9.048168,9.133932,8.833756,8.919521,3108799.2
1995-02-02,HSH-201408,8.876638,8.919521,8.790874,8.876638,1338547.2
1995-02-03,HSH-201408,9.005285,9.176815,8.962403,9.133932,3483371
1995-02-06,HSH-201408,9.09105,9.176815,9.09105,9.09105,1231276.9
1995-02-07,HSH-201408,9.133932,9.176815,9.048168,9.133932,2619669.8
1995-02-08,HSH-201408,9.133932,9.262579,9.09105,9.219697,2359947.5
1995-02-09,HSH-201408,9.219697,9.305462,9.09105,9.262579,2301939.8
1995-02-10,HSH-201408,9.133932,9.176815,8.962403,9.133932,2310101.8
1995-02-13,HSH-201408,9.133932,9.176815,9.005285,9.005285,1809020.9
1995-02-14,HSH-201408,9.048168,9.048168,8.833756,8.919521,2228191.5
1995-02-15,HSH-201408,8.962403,9.09105,8.919521,8.919521,2250053.5
1995-02-16,HSH-201408,8.962403,9.005285,8.833756,8.876638,1907837.9
1995-02-17,HSH-201408,8.919521,8.962403,8.833756,8.833756,3149317.2
1995-02-21,HSH-201408,8.833756,8.919521,8.790874,8.919521,2310393.2
1995-02-22,HSH-201408,8.876638,8.919521,8.790874,8.876638,1992371.6
1995-02-23,HSH-201408,8.892179,9.064842,8.849012,9.021676,2807481.2
1995-02-24,HSH-201408,8.97851,9.151174,8.892179,9.108008,1699836.5
1995-02-27,HSH-201408,9.064842,9.064842,8.935345,8.935345,1433712.2
1995-02-28,HSH-201408,8.892179,9.108008,8.892179,9.108008,1916732.2
1995-03-01,HSH-201408,9.021676,9.151174,8.935345,8.97851,2559600.5
1995-03-02,HSH-201408,8.935345,9.021676,8.892179,8.935345,1007160.4
1995-03-03,HSH-201408,8.849012,8.892179,8.762681,8.849012,1945111.1
1995-03-06,HSH-201408,8.805846,8.805846,8.719515,8.762681,838335.06
1995-03-07,HSH-201408,8.676349,8.762681,8.633183,8.762681,2456220.5
1995-03-08,HSH-201408,8.805846,8.892179,8.762681,8.892179,1758042.2
1995-03-09,HSH-201408,8.892179,8.97851,8.762681,8.762681,1892407.5
1995-03-10,HSH-201408,8.805846,8.97851,8.762681,8.97851,1331200.8
1995-03-13,HSH-201408,8.97851,9.280672,8.935345,9.280672,3251118.5
1995-03-14,HSH-201408,9.323837,9.453336,9.280672,9.453336,5553861
1995-03-15,HSH-201408,9.367003,9.453336,9.280672,9.41017,2503711.5
1995-03-16,HSH-201408,9.41017,9.496501,9.367003,9.496501,2064997.4
1995-03-17,HSH-201408,9.582833,9.582833,9.496501,9.539667,3812614.8
1995-03-20,HSH-201408,9.539667,9.582833,9.41017,9.41017,1176564.9
1995-03-21,HSH-201408,9.453336,9.539667,9.367003,9.41017,1826962.4
1995-03-22,HSH-201408,9.367003,9.367003,9.237506,9.323837,2022429
1995-03-23,HSH-201408,9.367003,9.496501,9.323837,9.453336,2477070.2
1995-03-24,HSH-201408,9.496501,9.582833,9.280672,9.367003,2139130
1995-03-27,HSH-201408,9.41017,9.539667,9.280672,9.539667,1811325
1995-03-28,HSH-201408,9.582833,9.582833,9.41017,9.41017,1364792.1
1995-03-29,HSH-201408,9.41017,9.539667,9.367003,9.367003,2134786.2
1995-03-30,HSH-201408,9.367003,9.367003,9.151174,9.19434,2060653.6
1995-03-31,HSH-201408,9.151174,9.151174,8.97851,9.021676,2190964.8
1995-04-03,HSH-201408,9.108008,9.367003,9.108008,9.323837,1753119.4
1995-04-04,HSH-201408,9.367003,9.453336,9.237506,9.41017,1495972
1995-04-05,HSH-201408,9.453336,9.539667,9.367003,9.496501,1520007.1
1995-04-06,HSH-201408,9.496501,9.582833,9.453336,9.582833,2097140.8
1995-04-07,HSH-201408,9.625999,9.625999,9.582833,9.625999,1049149.5
1995-04-10,HSH-201408,9.582833,9.712331,9.496501,9.669165,2720607.2
1995-04-11,HSH-201408,9.669165,9.712331,9.496501,9.496501,1661901.5
1995-04-12,HSH-201408,9.41017,9.539667,9.41017,9.539667,1197704.2
1995-04-13,HSH-201408,9.496501,9.712331,9.453336,9.625999,1904859.4
1995-04-17,HSH-201408,9.669165,9.669165,9.367003,9.41017,1566340
1995-04-18,HSH-201408,9.453336,9.453336,9.323837,9.323837,1078397.1
1995-04-19,HSH-201408,9.367003,9.453336,9.237506,9.453336,1224345.6
1995-04-20,HSH-201408,9.453336,9.625999,9.41017,9.539667,1244326.8
1995-04-21,HSH-201408,9.582833,9.712331,9.496501,9.669165,2229479
1995-04-24,HSH-201408,9.669165,9.841828,9.669165,9.841828,1905438.6
1995-04-25,HSH-201408,9.755497,9.798662,9.669165,9.755497,1307455.2
1995-04-26,HSH-201408,9.625999,9.669165,9.539667,9.669165,1262280.6
1995-04-27,HSH-201408,9.367003,9.453336,9.151174,9.323837,5500868
1995-04-28,HSH-201408,9.41017,9.625999,9.280672,9.625999,2449270.5
1995-05-01,HSH-201408,9.582833,9.625999,9.19434,9.19434,2831516.5
1995-05-02,HSH-201408,9.19434,9.323837,9.19434,9.323837,3307876.2
1995-05-03,HSH-201408,9.280672,9.41017,9.280672,9.367003,2847153.8
1995-05-04,HSH-201408,9.367003,9.41017,9.280672,9.280672,2508344.8
1995-05-05,HSH-201408,9.41017,9.41017,9.280672,9.367003,2093955.4
1995-05-08,HSH-201408,9.41017,9.496501,9.280672,9.496501,1197125.1
1995-05-09,HSH-201408,9.453336,9.496501,9.280672,9.323837,1799741.8
1995-05-10,HSH-201408,9.323837,9.367003,9.19434,9.237506,2709313.5
1995-05-11,HSH-201408,9.367003,9.625999,9.323837,9.496501,3834043.5
1995-05-12,HSH-201408,9.496501,9.496501,9.367003,9.41017,2239614.2
1995-05-15,HSH-201408,9.41017,9.41017,9.237506,9.323837,1752250.6
1995-05-16,HSH-201408,9.323837,9.367003,9.280672,9.323837,1165271.2
1995-05-17,HSH-201408,9.280672,9.41017,9.237506,9.323837,1958142.2
1995-05-18,HSH-201408,9.323837,9.367003,9.19434,9.280672,2191833.5
1995-05-19,HSH-201408,9.237506,9.280672,9.19434,9.237506,2201968.8
1995-05-22,HSH-201408,9.237506,9.41017,9.19434,9.323837,2835570.8
1995-05-23,HSH-201408,9.323837,9.367003,9.237506,9.323837,2212683.2
1995-05-24,HSH-201408,9.280672,9.367003,9.151174,9.19434,2715974
1995-05-25,HSH-201408,9.253423,9.296866,9.123093,9.20998,2322567.5
1995-05-26,HSH-201408,9.20998,9.340309,9.20998,9.20998,1631149.1
1995-05-30,HSH-201408,9.253423,9.296866,9.166536,9.296866,2060732
1995-05-31,HSH-201408,9.383753,9.731299,9.296866,9.687856,4409771
1995-06-01,HSH-201408,9.644413,9.731299,9.470639,9.557526,2595337
1995-06-02,HSH-201408,9.557526,9.644413,9.4271965,9.470639,1572739.6
1995-06-05,HSH-201408,9.514083,9.557526,9.4271965,9.514083,2793008.2
1995-06-06,HSH-201408,9.514083,9.557526,9.340309,9.383753,2837319
1995-06-07,HSH-201408,9.4271965,9.687856,9.383753,9.644413,1784509.9
1995-06-08,HSH-201408,9.600969,9.644413,9.514083,9.600969,1276664.1
1995-06-09,HSH-201408,9.557526,9.644413,9.383753,9.4271965,1402402.6
1995-06-12,HSH-201408,9.4271965,9.644413,9.4271965,9.514083,1480953.4
1995-06-13,HSH-201408,9.600969,9.600969,9.514083,9.557526,1751708.5
1995-06-14,HSH-201408,9.600969,9.774742,9.557526,9.774742,2421547.2
1995-06-15,HSH-201408,9.774742,9.818186,9.687856,9.731299,1085898.1
1995-06-16,HSH-201408,9.818186,9.8616295,9.731299,9.774742,3180007
1995-06-19,HSH-201408,9.774742,9.948516,9.731299,9.905072,1540513.8
1995-06-20,HSH-201408,9.905072,9.948516,9.644413,9.644413,1921470
1995-06-21,HSH-201408,9.687856,9.818186,9.644413,9.731299,1649563.9
1995-06-22,HSH-201408,9.774742,9.991959,9.774742,9.991959,3045348.8
1995-06-23,HSH-201408,9.991959,10.035402,9.905072,9.991959,2738914.8
1995-06-26,HSH-201408,9.948516,9.991959,9.905072,9.948516,1496778.6
1995-06-27,HSH-201408,9.948516,10.078846,9.774742,9.774742,1769547.9
1995-06-28,HSH-201408,9.818186,9.905072,9.731299,9.818186,1339101.8
1995-06-29,HSH-201408,9.818186,9.8616295,9.774742,9.818186,1011951.2
1995-06-30,HSH-201408,9.818186,9.948516,9.774742,9.905072,2236823.8
1995-07-03,HSH-201408,9.905072,9.905072,9.818186,9.8616295,900311.44
1995-07-05,HSH-201408,9.818186,9.905072,9.774742,9.818186,1412185.5
1995-07-06,HSH-201408,9.818186,9.905072,9.774742,9.905072,1142869
1995-07-07,HSH-201408,9.905072,9.905072,9.731299,9.774742,2657487
1995-07-10,HSH-201408,9.818186,9.818186,9.687856,9.731299,2412915.2
1995-07-11,HSH-201408,9.731299,9.731299,9.557526,9.687856,2659788.8
1995-07-12,HSH-201408,9.687856,9.8616295,9.644413,9.8616295,1666540.1
1995-07-13,HSH-201408,9.8616295,9.8616295,9.731299,9.8616295,2142735.5
1995-07-14,HSH-201408,9.818186,9.818186,9.731299,9.774742,1477212.9
1995-07-17,HSH-201408,9.774742,9.774742,9.644413,9.644413,1238683.5
1995-07-18,HSH-201408,9.600969,9.774742,9.514083,9.731299,2582101.2
1995-07-19,HSH-201408,9.731299,9.948516,9.731299,9.948516,2906662.2
1995-07-20,HSH-201408,9.905072,10.122289,9.8616295,10.122289,2624973.2
1995-07-21,HSH-201408,10.035402,10.078846,9.905072,10.078846,2323430.8
1995-07-24,HSH-201408,10.035402,10.078846,9.905072,9.905072,1591729.9
1995-07-25,HSH-201408,9.8616295,10.035402,9.8616295,9.905072,1410746.9
1995-07-26,HSH-201408,9.948516,9.991959,9.8616295,9.948516,1963191.1
1995-07-27,HSH-201408,9.948516,9.991959,9.8616295,9.905072,1223146
1995-07-28,HSH-201408,9.905072,9.948516,9.818186,9.948516,843628.4
1995-07-31,HSH-201408,9.905072,10.078846,9.905072,9.948516,2157697.5
1995-08-01,HSH-201408,9.948516,9.948516,9.774742,9.948516,1262853
1995-08-02,HSH-201408,9.991959,10.122289,9.991959,10.035402,1848386.2
1995-08-03,HSH-201408,9.905072,10.035402,9.905072,10.035402,1632587.8
1995-08-04,HSH-201408,10.035402,10.035402,9.905072,9.948516,1157543.2
1995-08-07,HSH-201408,9.991959,10.078846,9.905072,9.905072,1252782.4
1995-08-08,HSH-201408,9.948516,9.948516,9.687856,9.774742,2717335
1995-08-09,HSH-201408,9.8616295,9.8616295,9.644413,9.687856,1763505.5
1995-08-10,HSH-201408,9.774742,9.774742,9.644413,9.644413,2018147.8
1995-08-11,HSH-201408,9.687856,9.687856,9.514083,9.557526,2154532.5
1995-08-14,HSH-201408,9.600969,9.600969,9.470639,9.600969,1625106.8
1995-08-15,HSH-201408,9.557526,9.600969,9.4271965,9.470639,1767533.8
1995-08-16,HSH-201408,9.470639,9.557526,9.4271965,9.557526,2836743.5
1995-08-17,HSH-201408,9.514083,9.557526,9.383753,9.383753,1293928
1995-08-18,HSH-201408,9.4271965,9.470639,9.340309,9.4271965,3234100.5
1995-08-21,HSH-201408,9.4271965,9.600969,9.4271965,9.4271965,1610720.1
1995-08-22,HSH-201408,9.4271965,9.557526,9.383753,9.514083,1243287.2
1995-08-23,HSH-201408,9.4271965,9.557526,9.4271965,9.470639,2203734.5
1995-08-24,HSH-201408,9.470639,9.600969,9.470639,9.557526,2475640.8
1995-08-25,HSH-201408,9.557526,9.644413,9.514083,9.644413,2683958.2
1995-08-28,HSH-201408,9.600969,9.644413,9.4271965,9.470639,2015558.2
1995-08-29,HSH-201408,9.470639,9.557526,9.383753,9.557526,1292201.6
1995-08-30,HSH-201408,9.52955,9.66069,9.52955,9.616977,1174979.5
1995-08-31,HSH-201408,9.616977,9.7481165,9.616977,9.704403,5893770.5
1995-09-01,HSH-201408,9.66069,9.79183,9.616977,9.79183,1546432
1995-09-05,HSH-201408,9.7481165,9.922971,9.7481165,9.879257,1844108.8
1995-09-06,HSH-201408,9.922971,9.922971,9.7481165,9.835544,1969927.9
1995-09-07,HSH-201408,9.79183,9.879257,9.79183,9.79183,1570166.1
1995-09-08,HSH-201408,9.79183,9.922971,9.7481165,9.922971,2554415.2
1995-09-11,HSH-201408,9.922971,10.010398,9.879257,9.922971,1517264.9
1995-09-12,HSH-201408,9.922971,10.0541115,9.922971,9.966684,1465507.4
1995-09-13,HSH-201408,9.922971,10.141539,9.922971,10.097825,2470631
1995-09-14,HSH-201408,10.097825,10.097825,10.010398,10.0541115,2544406.8
1995-09-15,HSH-201408,10.185252,10.272679,10.097825,10.228966,4794854.5
1995-09-18,HSH-201408,10.141539,10.40382,10.0541115,10.360106,2331944
1995-09-19,HSH-201408,10.360106,10.491247,10.272679,10.447534,2878685.5
1995-09-20,HSH-201408,10.40382,10.491247,10.316393,10.40382,2149792.2
1995-09-21,HSH-201408,10.40382,10.578674,10.360106,10.491247,3390826.8
1995-09-22,HSH-201408,10.40382,10.534961,10.360106,10.534961,1635935.2
1995-09-25,HSH-201408,10.491247,10.491247,10.316393,10.360106,1500107.6
1995-09-26,HSH-201408,10.316393,10.622388,10.316393,10.622388,3093722
1995-09-27,HSH-201408,10.534961,10.578674,10.316393,10.491247,1661956.9
1995-09-28,HSH-201408,10.491247,10.491247,10.40382,10.447534,1056023.2
1995-09-29,HSH-201408,10.491247,10.491247,10.360106,10.40382,1385154.8
1995-10-02,HSH-201408,10.360106,10.491247,10.360106,10.447534,1613344.9
1995-10-03,HSH-201408,10.447534,10.534961,10.40382,10.447534,2293054.5
1995-10-04,HSH-201408,10.447534,10.491247,10.40382,10.491247,2160944.2
1995-10-05,HSH-201408,10.491247,10.534961,10.40382,10.40382,1673395
1995-10-06,HSH-201408,10.316393,10.491247,10.316393,10.40382,2446611
1995-10-09,HSH-201408,10.360106,10.447534,10.316393,10.40382,1077755.6
1995-10-10,HSH-201408,10.272679,10.40382,10.228966,10.316393,1957917.9
1995-10-11,HSH-201408,10.316393,10.40382,10.228966,10.272679,2017110.1
1995-10-12,HSH-201408,10.228966,10.316393,10.185252,10.272679,2351674.8
1995-10-13,HSH-201408,10.316393,10.360106,10.272679,10.272679,2216419
1995-10-16,HSH-201408,10.316393,10.316393,10.185252,10.228966,728321.44
1995-10-17,HSH-201408,10.228966,10.228966,10.0541115,10.141539,1242464.4
1995-10-18,HSH-201408,10.141539,10.185252,10.097825,10.141539,2103467.8
1995-10-19,HSH-201408,10.141539,10.491247,10.0541115,10.491247,5945528
1995-10-20,HSH-201408,10.491247,10.491247,10.40382,10.447534,1770618.9
1995-10-23,HSH-201408,10.491247,10.491247,10.360106,10.447534,1732873.1
1995-10-24,HSH-201408,10.40382,10.491247,10.360106,10.360106,2269034.5
1995-10-25,HSH-201408,10.40382,10.491247,10.228966,10.316393,2648779.5
1995-10-26,HSH-201408,10.316393,10.447534,10.141539,10.185252,2411438.8
1995-10-27,HSH-201408,10.228966,10.272679,10.141539,10.185252,1520696.2
1995-10-30,HSH-201408,10.272679,10.40382,10.185252,10.272679,1765471.8
1995-10-31,HSH-201408,10.360106,10.491247,10.272679,10.272679,3552390
1995-11-01,HSH-201408,10.272679,10.447534,10.272679,10.447534,2076302.2
1995-11-02,HSH-201408,10.491247,10.491247,10.360106,10.447534,2681092.2
1995-11-03,HSH-201408,10.40382,10.447534,10.360106,10.360106,2094889.2
1995-11-06,HSH-201408,10.360106,10.40382,10.316393,10.316393,4745956.5
1995-11-07,HSH-201408,10.316393,10.447534,10.316393,10.360106,3059979.5
1995-11-08,HSH-201408,10.40382,10.491247,10.360106,10.491247,4350198
1995-11-09,HSH-201408,10.534961,10.753528,10.491247,10.753528,3528370
1995-11-10,HSH-201408,10.709814,10.797241,10.666101,10.666101,2422019
1995-11-13,HSH-201408,10.578674,10.709814,10.534961,10.666101,1524413.6
1995-11-14,HSH-201408,10.622388,10.753528,10.622388,10.753528,1321387.2
1995-11-15,HSH-201408,10.753528,10.840955,10.709814,10.840955,2043131.8
1995-11-16,HSH-201408,10.884668,11.059523,10.840955,11.059523,3600144
1995-11-17,HSH-201408,11.015809,11.14695,11.015809,11.14695,2486072.5
1995-11-20,HSH-201408,11.14695,11.14695,11.015809,11.059523,2008245.6
1995-11-21,HSH-201408,11.059523,11.14695,11.015809,11.14695,1591326.6
1995-11-22,HSH-201408,11.103236,11.14695,11.059523,11.059523,1164685.2
1995-11-24,HSH-201408,11.059523,11.14695,11.059523,11.103236,370594.66
1995-11-27,HSH-201408,11.14695,11.14695,11.059523,11.059523,1214155
1995-11-28,HSH-201408,11.103236,11.2780905,11.015809,11.2780905,2558418.5
1995-11-29,HSH-201408,11.21301,11.344928,11.21301,11.300956,1564611.1
1995-11-30,HSH-201408,11.300956,11.344928,11.256983,11.300956,1327815.9
1995-12-01,HSH-201408,11.256983,11.476846,11.256983,11.476846,3437084.5
1995-12-04,HSH-201408,11.388901,11.608764,11.388901,11.564791,1810502.9
1995-12-05,HSH-201408,11.520819,11.696709,11.520819,11.608764,2841827.2
1995-12-06,HSH-201408,11.608764,11.784654,11.608764,11.740682,2724424.5
1995-12-07,HSH-201408,11.696709,11.872599,11.696709,11.784654,2594514
1995-12-08,HSH-201408,11.828627,11.872599,11.740682,11.784654,1365907.8
1995-12-11,HSH-201408,11.696709,11.740682,11.608764,11.696709,1291429.5
1995-12-12,HSH-201408,11.608764,11.696709,11.564791,11.608764,1934728
1995-12-13,HSH-201408,11.608764,11.696709,11.476846,11.696709,2830740.8
1995-12-14,HSH-201408,11.696709,11.784654,11.564791,11.784654,2125187.5
1995-12-15,HSH-201408,11.828627,11.828627,11.696709,11.828627,4207450.5
1995-12-18,HSH-201408,11.652736,11.696709,11.564791,11.652736,1526519.1
1995-12-19,HSH-201408,11.564791,11.608764,11.388901,11.608764,2526005.5
1995-12-20,HSH-201408,11.608764,11.608764,11.256983,11.256983,2569214.2
1995-12-21,HSH-201408,11.300956,11.344928,11.125065,11.169038,1410822.1
1995-12-22,HSH-201408,11.169038,11.256983,11.125065,11.21301,1233438.9
1995-12-26,HSH-201408,11.21301,11.21301,11.081093,11.125065,883789.2
1995-12-27,HSH-201408,11.125065,11.300956,11.125065,11.300956,1250494.9
1995-12-28,HSH-201408,11.300956,11.388901,11.256983,11.344928,1944108.9
1995-12-29,HSH-201408,11.300956,11.344928,11.169038,11.256983,1284891.4
1996-01-02,HSH-201408,11.125065,11.432873,11.081093,11.432873,2132862.8
1996-01-03,HSH-201408,11.388901,11.564791,11.388901,11.388901,2243158.8
1996-01-04,HSH-201408,11.476846,11.476846,11.169038,11.344928,1976231.1
1996-01-05,HSH-201408,11.256983,11.256983,10.86123,11.03712,2765359
1996-01-08,HSH-201408,11.081093,11.125065,10.949175,11.03712,662913
1996-01-09,HSH-201408,11.081093,11.081093,10.905202,10.993147,1452041
1996-01-10,HSH-201408,10.905202,11.03712,10.729312,10.729312,1928758.4
1996-01-11,HSH-201408,10.905202,10.905202,10.729312,10.817257,1657282.5
1996-01-12,HSH-201408,10.817257,10.86123,10.553421,10.685339,3185791.5
1996-01-15,HSH-201408,10.641367,10.729312,10.509449,10.553421,2852060.8
1996-01-16,HSH-201408,10.641367,10.729312,10.553421,10.729312,3144857
1996-01-17,HSH-201408,10.773284,10.86123,10.685339,10.729312,2842111.5
1996-01-18,HSH-201408,10.817257,10.905202,10.729312,10.86123,3721352.5
1996-01-19,HSH-201408,10.817257,11.432873,10.773284,11.432873,5069351.5
1996-01-22,HSH-201408,11.344928,11.432873,11.256983,11.432873,2708221.2
1996-01-23,HSH-201408,11.344928,11.476846,11.300956,11.476846,2241737.5
1996-01-24,HSH-201408,11.520819,11.652736,11.256983,11.652736,6124270
1996-01-25,HSH-201408,11.564791,11.608764,11.432873,11.520819,2164416.5
1996-01-26,HSH-201408,11.564791,11.696709,11.520819,11.608764,2734942.5
1996-01-29,HSH-201408,11.432873,11.652736,11.432873,11.652736,1385522.2
1996-01-30,HSH-201408,11.608764,11.916572,11.520819,11.872599,2412014
1996-01-31,HSH-201408,11.872599,11.960545,11.828627,11.872599,1650175.8
1996-02-01,HSH-201408,11.872599,11.872599,11.652736,11.740682,2507812.2
1996-02-02,HSH-201408,11.740682,11.784654,11.564791,11.608764,1436406.2
1996-02-05,HSH-201408,11.520819,11.652736,11.476846,11.608764,1700206.9
1996-02-06,HSH-201408,11.608764,12.136435,11.564791,12.136435,3812318.2
1996-02-07,HSH-201408,12.092462,12.22438,12.004517,12.092462,3081749.5
1996-02-08,HSH-201408,12.092462,12.312325,11.960545,12.2683525,4208019
1996-02-09,HSH-201408,12.2683525,12.488215,12.180408,12.488215,4050534.8
1996-02-12,HSH-201408,12.4442425,12.488215,12.3562975,12.4442425,2353739
1996-02-13,HSH-201408,12.3562975,12.4442425,12.180408,12.2683525,3183801.5
1996-02-14,HSH-201408,12.2683525,12.2683525,12.04849,12.136435,2723003.2
1996-02-15,HSH-201408,12.04849,12.136435,12.004517,12.04849,2683774.2
1996-02-16,HSH-201408,12.004517,12.092462,11.916572,12.004517,3899020
1996-02-20,HSH-201408,11.916572,11.960545,11.740682,11.784654,2852345
1996-02-21,HSH-201408,11.784654,11.872599,11.652736,11.652736,3236959.8
1996-02-22,HSH-201408,11.564791,11.784654,11.564791,11.696709,3411784.5
1996-02-23,HSH-201408,11.828627,11.960545,11.784654,11.872599,4074697.5
1996-02-26,HSH-201408,11.960545,11.960545,11.740682,11.828627,1927621.4
1996-02-27,HSH-201408,11.784654,11.916572,11.740682,11.828627,1752512.2
1996-02-28,HSH-201408,11.984289,11.984289,11.5862875,11.630509,2357964.2
1996-02-29,HSH-201408,11.45362,11.5862875,11.320952,11.45362,4557355
1996-03-01,HSH-201408,11.542065,11.851622,11.497842,11.8074,3563799
1996-03-04,HSH-201408,11.895844,12.16118,11.851622,12.072735,2693483.8
1996-03-05,HSH-201408,12.028512,12.293847,11.984289,12.249624,3236476.8
1996-03-06,HSH-201408,12.205401,12.382292,12.205401,12.293847,2277971
1996-03-07,HSH-201408,12.205401,12.338069,12.16118,12.293847,2024706
1996-03-08,HSH-201408,12.16118,12.16118,11.895844,11.940067,3769576.8
1996-03-11,HSH-201408,11.8074,12.028512,11.718955,11.940067,2728816.2
1996-03-12,HSH-201408,11.851622,11.895844,11.718955,11.8074,2098480.8
1996-03-13,HSH-201408,11.8074,11.895844,11.630509,11.8074,1555204.9
1996-03-14,HSH-201408,11.763177,11.895844,11.763177,11.8074,1415570
1996-03-15,HSH-201408,11.8074,11.8074,11.674732,11.674732,2403472.8
1996-03-18,HSH-201408,11.763177,11.851622,11.718955,11.851622,1928318.4
1996-03-19,HSH-201408,11.851622,11.851622,11.5862875,11.718955,1755046.6
1996-03-20,HSH-201408,11.718955,11.718955,11.542065,11.674732,1823733.5
1996-03-21,HSH-201408,11.674732,11.8074,11.5862875,11.5862875,2127029.5
1996-03-22,HSH-201408,11.674732,11.763177,11.5862875,11.763177,1098140.9
1996-03-25,HSH-201408,11.763177,11.851622,11.718955,11.8074,1719996.6
1996-03-26,HSH-201408,11.763177,11.895844,11.674732,11.763177,2136640
1996-03-27,HSH-201408,11.718955,11.718955,11.45362,11.497842,3376111.8
1996-03-28,HSH-201408,11.409397,11.763177,11.365175,11.718955,3107583
1996-03-29,HSH-201408,11.718955,11.718955,11.542065,11.630509,1997005.1
1996-04-01,HSH-201408,11.630509,11.851622,11.542065,11.851622,1941320.8
1996-04-02,HSH-201408,11.895844,11.895844,11.718955,11.8074,1394370.4
1996-04-03,HSH-201408,11.674732,11.763177,11.630509,11.718955,936175.6
1996-04-04,HSH-201408,11.718955,11.718955,11.630509,11.674732,746509.6
1996-04-08,HSH-201408,11.497842,11.497842,11.365175,11.409397,1433943
1996-04-09,HSH-201408,11.365175,11.45362,11.27673,11.320952,2034881.8
1996-04-10,HSH-201408,11.232508,11.27673,10.878728,11.011395,4772743.5
1996-04-11,HSH-201408,10.92295,11.188285,10.74606,11.188285,4327834
1996-04-12,HSH-201408,11.188285,11.27673,11.09984,11.144063,1232970.5
1996-04-15,HSH-201408,11.232508,11.365175,11.09984,11.365175,1361581.5
1996-04-16,HSH-201408,11.320952,11.320952,11.144063,11.188285,3700890
1996-04-17,HSH-201408,11.09984,11.188285,10.92295,11.055617,1265759.2
1996-04-18,HSH-201408,11.055617,11.055617,10.834505,10.92295,1833344
1996-04-19,HSH-201408,10.878728,11.055617,10.878728,10.967173,1933123.6
1996-04-22,HSH-201408,11.011395,11.055617,10.92295,11.011395,1467014.4
1996-04-23,HSH-201408,11.011395,11.144063,10.92295,11.144063,2279949.5
1996-04-24,HSH-201408,11.188285,11.232508,11.055617,11.144063,1314094.4
1996-04-25,HSH-201408,11.09984,11.27673,11.011395,11.27673,2327719.2
1996-04-26,HSH-201408,11.232508,11.27673,10.92295,11.011395,2666348
1996-04-29,HSH-201408,10.92295,10.967173,10.878728,10.92295,1648483.2
1996-04-30,HSH-201408,10.92295,11.055617,10.878728,10.967173,2173103.5
1996-05-01,HSH-201408,10.92295,11.09984,10.92295,11.011395,1725367.2
1996-05-02,HSH-201408,10.92295,11.011395,10.834505,10.878728,2151903.8
1996-05-03,HSH-201408,10.878728,11.011395,10.790283,10.834505,2535475.8
1996-05-06,HSH-201408,10.92295,11.011395,10.74606,10.878728,1572729.9
1996-05-07,HSH-201408,10.92295,11.055617,10.834505,10.967173,1670248.1
1996-05-08,HSH-201408,10.834505,10.878728,10.657616,10.878728,2653911
1996-05-09,HSH-201408,10.834505,10.967173,10.834505,10.92295,2115157.8
1996-05-10,HSH-201408,11.232508,11.409397,11.188285,11.365175,3592630.5
1996-05-13,HSH-201408,11.320952,11.674732,11.232508,11.630509,1853130.2
1996-05-14,HSH-201408,11.718955,11.763177,11.542065,11.5862875,2061452
1996-05-15,HSH-201408,11.630509,11.674732,11.409397,11.409397,2005202.4
1996-05-16,HSH-201408,11.320952,11.365175,11.188285,11.232508,4298154.5
1996-05-17,HSH-201408,11.27673,11.497842,11.232508,11.45362,2650519
1996-05-20,HSH-201408,11.497842,11.5862875,11.45362,11.497842,1640851.4
1996-05-21,HSH-201408,11.542065,11.674732,11.497842,11.630509,1865002.1
1996-05-22,HSH-201408,11.674732,11.940067,11.674732,11.763177,2727403
1996-05-23,HSH-201408,11.8074,11.940067,11.763177,11.8074,1654701.8
1996-05-24,HSH-201408,11.8074,11.940067,11.718955,11.851622,1580927
1996-05-28,HSH-201408,11.8074,11.851622,11.630509,11.674732,2192889.8
1996-05-29,HSH-201408,11.697862,11.831298,11.653383,11.74234,1672716
1996-05-30,HSH-201408,11.74234,11.920255,11.697862,11.875776,1634776.4
1996-05-31,HSH-201408,11.920255,11.964733,11.831298,11.875776,2203589.8
1996-06-03,HSH-201408,11.7868185,11.7868185,11.608905,11.653383,1518990.2
1996-06-04,HSH-201408,11.697862,11.831298,11.653383,11.831298,1646298.8
1996-06-05,HSH-201408,11.831298,12.05369,11.74234,12.05369,2172113.8
1996-06-06,HSH-201408,12.05369,12.05369,11.74234,11.7868185,2485748
1996-06-07,HSH-201408,11.697862,11.964733,11.697862,11.964733,2018388.1
1996-06-10,HSH-201408,11.964733,12.009212,11.875776,11.875776,1221093.9
1996-06-11,HSH-201408,11.831298,11.831298,11.564426,11.564426,2748234
1996-06-12,HSH-201408,11.564426,11.608905,11.475469,11.564426,1402642
1996-06-13,HSH-201408,11.519947,11.608905,11.519947,11.519947,948209.6
1996-06-14,HSH-201408,11.519947,11.653383,11.519947,11.608905,2051269.1
1996-06-17,HSH-201408,11.608905,11.653383,11.475469,11.519947,1472900.6
1996-06-18,HSH-201408,11.519947,11.697862,11.519947,11.608905,1246668
1996-06-19,HSH-201408,11.608905,11.920255,11.564426,11.608905,2671792.8
1996-06-20,HSH-201408,11.519947,11.653383,11.386512,11.564426,2680785.8
1996-06-21,HSH-201408,11.608905,11.653383,11.475469,11.608905,3727919.5
1996-06-24,HSH-201408,11.653383,11.831298,11.608905,11.653383,2144291.5
1996-06-25,HSH-201408,11.697862,11.74234,11.564426,11.653383,3005661.5
1996-06-26,HSH-201408,11.608905,11.697862,11.342033,11.342033,2409868.8
1996-06-27,HSH-201408,11.386512,11.43099,11.297555,11.386512,2806970.2
1996-06-28,HSH-201408,11.43099,11.564426,11.297555,11.564426,2876666.8
1996-07-01,HSH-201408,11.475469,11.697862,11.475469,11.653383,1948129.5
1996-07-02,HSH-201408,11.653383,11.831298,11.608905,11.831298,2338767.2
1996-07-03,HSH-201408,11.7868185,11.831298,11.608905,11.653383,1437771.2
1996-07-05,HSH-201408,11.519947,11.564426,11.43099,11.43099,585675.44
1996-07-08,HSH-201408,11.342033,11.475469,11.253077,11.297555,1579974.6
1996-07-09,HSH-201408,11.342033,11.519947,11.342033,11.43099,1030552.7
1996-07-10,HSH-201408,11.386512,11.43099,11.208597,11.386512,1299221.4
1996-07-11,HSH-201408,11.386512,11.43099,11.208597,11.43099,1537538.5
1996-07-12,HSH-201408,11.253077,11.297555,11.11964,11.208597,1328730
1996-07-15,HSH-201408,11.11964,11.164119,10.941726,10.941726,2528465.2
1996-07-16,HSH-201408,10.986205,11.0306835,10.8082905,10.852769,4665450
1996-07-17,HSH-201408,10.941726,11.11964,10.941726,11.075162,2566686
1996-07-18,HSH-201408,11.0306835,11.208597,10.986205,11.164119,2569215.2
1996-07-19,HSH-201408,11.11964,11.164119,10.852769,10.941726,2033845
1996-07-22,HSH-201408,10.852769,10.897247,10.763812,10.852769,2660832.5
1996-07-23,HSH-201408,10.763812,11.075162,10.719334,10.986205,3256063
1996-07-24,HSH-201408,10.8082905,10.941726,10.674855,10.8082905,2142043.2
1996-07-25,HSH-201408,11.0306835,11.11964,10.986205,11.0306835,1444235.1
1996-07-26,HSH-201408,11.0306835,11.342033,11.0306835,11.297555,1795246.9
1996-07-29,HSH-201408,11.11964,11.253077,11.075162,11.164119,1392524.8
1996-07-30,HSH-201408,11.253077,11.297555,11.164119,11.253077,902963.1
1996-07-31,HSH-201408,11.208597,11.386512,11.164119,11.342033,1647141.9
1996-08-01,HSH-201408,11.342033,11.475469,11.297555,11.43099,2373615.5
1996-08-02,HSH-201408,11.475469,11.519947,11.297555,11.519947,1713747
1996-08-05,HSH-201408,11.564426,11.608905,11.386512,11.43099,1289385.2
1996-08-06,HSH-201408,11.386512,11.43099,11.342033,11.386512,744740.8
1996-08-07,HSH-201408,11.43099,11.43099,11.297555,11.43099,1450979.9
1996-08-08,HSH-201408,11.386512,11.608905,11.297555,11.43099,1832062.4
1996-08-09,HSH-201408,11.564426,11.608905,11.297555,11.386512,2246025.8
1996-08-12,HSH-201408,11.386512,11.43099,11.342033,11.342033,1720491.8
1996-08-13,HSH-201408,11.386512,11.43099,11.253077,11.253077,2312631
1996-08-14,HSH-201408,11.253077,11.342033,11.208597,11.208597,2166212.2
1996-08-15,HSH-201408,11.208597,11.253077,11.11964,11.11964,3709933.2
1996-08-16,HSH-201408,11.11964,11.342033,11.075162,11.253077,3400233.5
1996-08-19,HSH-201408,11.208597,11.253077,11.11964,11.253077,2576522.2
1996-08-20,HSH-201408,11.253077,11.297555,11.11964,11.208597,2999478.8
1996-08-21,HSH-201408,11.208597,11.475469,11.208597,11.386512,6623415.5
1996-08-22,HSH-201408,11.475469,11.74234,11.43099,11.653383,4040991.8
1996-08-23,HSH-201408,11.564426,11.653383,11.475469,11.653383,2729123.8
1996-08-26,HSH-201408,11.608905,11.697862,11.564426,11.697862,1275614.5
1996-08-27,HSH-201408,11.653383,11.697862,11.475469,11.519947,1937169.2
1996-08-28,HSH-201408,11.543213,11.543213,11.40899,11.453731,1532705.9
1996-08-29,HSH-201408,11.40899,11.453731,11.319508,11.364248,1403630
1996-08-30,HSH-201408,11.319508,11.40899,11.230025,11.274766,1232087.6
1996-09-03,HSH-201408,11.185284,11.40899,11.095801,11.364248,2182276
1996-09-04,HSH-201408,11.364248,11.7221775,11.364248,11.677436,4126795.2
1996-09-05,HSH-201408,11.632695,11.677436,11.587954,11.677436,2256871.8
1996-09-06,HSH-201408,11.543213,11.677436,11.364248,11.587954,4264252.5
1996-09-09,HSH-201408,11.677436,11.766918,11.632695,11.766918,1854557.4
1996-09-10,HSH-201408,11.7221775,11.901142,11.632695,11.81166,3162917
1996-09-11,HSH-201408,11.766918,11.945883,11.7221775,11.901142,2448809.2
1996-09-12,HSH-201408,11.945883,12.080107,11.901142,12.080107,2684889.5
1996-09-13,HSH-201408,12.080107,12.259071,12.035365,12.21433,2382315.5
1996-09-16,HSH-201408,12.259071,12.259071,12.124847,12.21433,2140927
1996-09-17,HSH-201408,12.169589,12.259071,12.035365,12.080107,2594927.5
1996-09-18,HSH-201408,12.080107,12.169589,11.990624,11.990624,2334820
1996-09-19,HSH-201408,11.990624,12.080107,11.945883,11.945883,2936615.2
1996-09-20,HSH-201408,11.990624,12.080107,11.945883,12.080107,3165711
1996-09-23,HSH-201408,11.990624,12.169589,11.945883,12.124847,1277627.4
1996-09-24,HSH-201408,12.080107,12.303812,12.035365,12.124847,2925998.8
1996-09-25,HSH-201408,12.169589,12.482777,12.124847,12.438036,3925079.2
1996-09-26,HSH-201408,12.348554,12.617,12.303812,12.617,4281295
1996-09-27,HSH-201408,12.572259,12.840706,12.527518,12.795964,3573892.2
1996-09-30,HSH-201408,12.706482,12.795964,12.617,12.795964,2166909.8
1996-10-01,HSH-201408,12.795964,12.795964,12.661741,12.751224,1574054.9
1996-10-02,HSH-201408,12.795964,12.840706,12.572259,12.706482,2115503
1996-10-03,HSH-201408,12.661741,12.751224,12.617,12.661741,1408938.4
1996-10-04,HSH-201408,12.706482,12.930188,12.706482,12.840706,1949548.2
1996-10-07,HSH-201408,12.885447,12.885447,12.795964,12.795964,1446934.6
1996-10-08,HSH-201408,12.751224,12.795964,12.661741,12.706482,2180879
1996-10-09,HSH-201408,12.706482,12.751224,12.617,12.751224,1483254.8
1996-10-10,HSH-201408,12.661741,12.706482,12.661741,12.706482,1222309.1
1996-10-11,HSH-201408,12.706482,12.930188,12.661741,12.885447,1807341.2
1996-10-14,HSH-201408,12.885447,12.974929,12.840706,12.930188,834243.5
1996-10-15,HSH-201408,12.974929,13.0196705,12.930188,13.0196705,2300176.2
1996-10-16,HSH-201408,13.0196705,13.064411,12.930188,13.064411,1710953.5
1996-10-17,HSH-201408,13.0196705,13.243376,13.0196705,13.198635,1952062.6
1996-10-18,HSH-201408,13.243376,13.243376,13.153893,13.243376,1461462.8
1996-10-21,HSH-201408,13.198635,13.243376,13.153893,13.243376,1786666.8
1996-10-22,HSH-201408,13.153893,13.198635,12.974929,13.064411,1710953.5
1996-10-23,HSH-201408,13.0196705,13.109153,12.885447,13.064411,1326519.8
1996-10-24,HSH-201408,13.064411,13.153893,12.930188,13.0196705,2325879.8
1996-10-25,HSH-201408,12.974929,13.064411,12.885447,12.930188,1299978.2
1996-10-28,HSH-201408,12.885447,12.974929,12.840706,12.840706,1955974.1
1996-10-29,HSH-201408,12.840706,12.930188,12.795964,12.795964,2452161.8
1996-10-30,HSH-201408,12.751224,12.795964,12.706482,12.795964,2454676.2
1996-10-31,HSH-201408,12.795964,12.930188,12.706482,12.706482,3195884.5
1996-11-01,HSH-201408,12.795964,13.243376,12.751224,13.198635,3822824.2
1996-11-04,HSH-201408,13.198635,13.332858,13.198635,13.288117,2613646.2
1996-11-05,HSH-201408,13.288117,13.42234,13.243376,13.332858,3108995.8
1996-11-06,HSH-201408,13.42234,13.511823,13.3776,13.511823,1999278.8
1996-11-07,HSH-201408,13.511823,14.003975,13.511823,13.959234,3342002.8
1996-11-08,HSH-201408,13.914493,13.959234,13.78027,13.869752,2041745.2
1996-11-11,HSH-201408,13.869752,14.003975,13.82501,14.003975,1409217.8
1996-11-12,HSH-201408,14.003975,14.048717,13.869752,13.959234,1840029.2
1996-11-13,HSH-201408,14.003975,14.048717,13.869752,14.003975,1092674.5
1996-11-14,HSH-201408,14.003975,14.317163,13.959234,14.317163,2305205.2
1996-11-15,HSH-201408,14.451386,14.496128,14.227681,14.272422,2551622.8
1996-11-18,HSH-201408,14.272422,14.272422,14.093457,14.272422,1456433.8
1996-11-19,HSH-201408,14.18294,14.272422,14.138199,14.272422,1975531
1996-11-20,HSH-201408,14.18294,14.272422,14.048717,14.138199,1631049.4
1996-11-21,HSH-201408,14.093457,14.138199,13.869752,13.914493,1919933.4
1996-11-22,HSH-201408,13.959234,14.093457,13.914493,14.003975,1437715
1996-11-25,HSH-201408,14.093457,14.227681,13.959234,14.227681,2140088.8
1996-11-26,HSH-201408,14.18294,14.451386,14.138199,14.272422,2168586
1996-11-27,HSH-201408,14.258028,14.347984,14.078116,14.123095,1848125.4
1996-11-29,HSH-201408,14.123095,14.213051,14.078116,14.123095,681722.06
1996-12-02,HSH-201408,14.033138,14.078116,13.8082485,13.943182,2250544.2
1996-12-03,HSH-201408,13.943182,14.078116,13.76327,13.76327,1903152.4
1996-12-04,HSH-201408,13.718292,13.853227,13.4934025,13.538381,2332806.8
1996-12-05,HSH-201408,13.538381,13.538381,13.178556,13.178556,2796922.5
1996-12-06,HSH-201408,13.043622,13.268513,12.908689,13.178556,2819711.5
1996-12-09,HSH-201408,13.178556,13.4934025,13.178556,13.4934025,1617457.1
1996-12-10,HSH-201408,13.448424,13.4934025,13.0886,13.0886,1972908.6
1996-12-11,HSH-201408,12.998644,13.223535,12.953667,13.178556,2465649.5
1996-12-12,HSH-201408,13.223535,13.358468,13.0886,13.178556,2991184
1996-12-13,HSH-201408,13.0886,13.31349,13.043622,13.133578,2404230.5
1996-12-16,HSH-201408,13.133578,13.223535,12.86371,12.953667,2213581.8
1996-12-17,HSH-201408,12.86371,13.0886,12.86371,13.043622,2520954.2
1996-12-18,HSH-201408,13.133578,13.448424,13.0886,13.268513,2310017.8
1996-12-19,HSH-201408,13.358468,13.403446,13.268513,13.403446,2769409
1996-12-20,HSH-201408,14.033138,14.033138,13.538381,13.673314,4854872.5
1996-12-23,HSH-201408,13.673314,13.76327,13.583359,13.718292,1443761.1
1996-12-24,HSH-201408,13.718292,13.76327,13.673314,13.718292,525256.7
1996-12-26,HSH-201408,13.718292,13.853227,13.718292,13.853227,1669427
1996-12-27,HSH-201408,13.853227,13.898205,13.76327,13.8082485,2024322.6
1996-12-30,HSH-201408,13.853227,13.898205,13.718292,13.718292,1298412.4
1996-12-31,HSH-201408,13.673314,13.718292,13.403446,13.403446,1233380.5
1997-01-02,HSH-201408,13.403446,13.448424,13.133578,13.31349,1908710.6
1997-01-03,HSH-201408,13.358468,13.448424,13.268513,13.403446,1473220
1997-01-06,HSH-201408,13.403446,13.673314,13.358468,13.583359,2654352.8
1997-01-07,HSH-201408,13.583359,13.628336,13.448424,13.583359,2663246
1997-01-08,HSH-201408,13.628336,13.673314,13.268513,13.358468,3151262.2
1997-01-09,HSH-201408,13.358468,13.4934025,13.31349,13.448424,2048223.2
1997-01-10,HSH-201408,13.448424,13.583359,13.358468,13.583359,2585986
1997-01-13,HSH-201408,13.628336,13.673314,13.448424,13.673314,2467594.8
1997-01-14,HSH-201408,13.628336,13.718292,13.583359,13.628336,1676374.9
1997-01-15,HSH-201408,13.628336,13.628336,13.448424,13.448424,1934556.6
1997-01-16,HSH-201408,13.4934025,13.538381,13.31349,13.31349,3123471
1997-01-17,HSH-201408,13.358468,13.628336,13.358468,13.628336,3968606.2
1997-01-20,HSH-201408,13.4934025,13.538381,13.403446,13.4934025,1259226.5
1997-01-21,HSH-201408,13.4934025,13.853227,13.448424,13.853227,4845701.5
1997-01-22,HSH-201408,13.853227,13.943182,13.628336,13.76327,2726054.5
1997-01-23,HSH-201408,13.98816,14.123095,13.628336,13.673314,2570145
1997-01-24,HSH-201408,13.76327,13.943182,13.76327,13.898205,2342255.8
1997-01-27,HSH-201408,13.853227,13.898205,13.718292,13.76327,2299179.2
1997-01-28,HSH-201408,13.898205,13.943182,13.583359,13.718292,2133542.8
1997-01-29,HSH-201408,13.718292,13.898205,13.673314,13.8082485,1812552.5
1997-01-30,HSH-201408,13.8082485,14.033138,13.8082485,14.033138,1502400.9
1997-01-31,HSH-201408,14.123095,14.303006,14.033138,14.213051,2549023.5
1997-02-03,HSH-201408,14.213051,14.213051,13.943182,14.123095,3170994.2
1997-02-04,HSH-201408,14.123095,14.482919,14.078116,14.482919,2920594
1997-02-05,HSH-201408,14.527897,14.572874,13.898205,13.98816,2446473.5
1997-02-06,HSH-201408,14.033138,14.213051,13.853227,13.898205,2368379.8
1997-02-07,HSH-201408,13.943182,14.168073,13.898205,14.123095,3173495.5
1997-02-10,HSH-201408,14.168073,14.303006,14.078116,14.168073,2393669.8
1997-02-11,HSH-201408,14.213051,14.258028,13.853227,13.943182,2357263.2
1997-02-12,HSH-201408,13.898205,14.213051,13.898205,14.213051,1662757.1
1997-02-13,HSH-201408,14.123095,14.303006,14.033138,14.033138,3514773.2
1997-02-14,HSH-201408,14.123095,14.347984,14.078116,14.168073,2139379
1997-02-18,HSH-201408,14.078116,14.347984,13.98816,14.303006,2820267.2
1997-02-19,HSH-201408,14.258028,14.347984,14.033138,14.123095,1633576.1
1997-02-20,HSH-201408,14.123095,14.213051,13.98816,14.168073,1265618.5
1997-02-21,HSH-201408,14.168073,14.303006,14.078116,14.168073,1978189
1997-02-24,HSH-201408,14.078116,14.392962,14.033138,14.347984,1599670.6
1997-02-25,HSH-201408,14.392962,14.437941,14.123095,14.303006,1769753.8
1997-02-26,HSH-201408,14.258028,14.347984,14.078116,14.213051,1759748.9
1997-02-27,HSH-201408,14.2438,14.289018,14.108145,14.153363,2325656.8
1997-02-28,HSH-201408,14.108145,14.2438,14.017708,14.017708,1776378.1
1997-03-03,HSH-201408,13.972489,14.017708,13.927271,13.972489,1463729
1997-03-04,HSH-201408,13.972489,14.108145,13.927271,13.972489,2063871.8
1997-03-05,HSH-201408,14.017708,14.289018,14.017708,14.2438,2790898.5
1997-03-06,HSH-201408,14.289018,14.379455,14.108145,14.334236,2369886.5
1997-03-07,HSH-201408,14.379455,14.469892,14.2438,14.334236,1944451.2
1997-03-10,HSH-201408,14.424673,14.51511,14.289018,14.51511,1344308.6
1997-03-11,HSH-201408,14.51511,14.695984,14.424673,14.424673,2393660
1997-03-12,HSH-201408,14.424673,14.469892,14.289018,14.334236,2141273.8
1997-03-13,HSH-201408,14.2438,14.379455,14.108145,14.198582,3381918.8
1997-03-14,HSH-201408,14.153363,14.334236,14.153363,14.153363,1831665.4
1997-03-17,HSH-201408,14.153363,14.831639,14.153363,14.741202,3606937.8
1997-03-18,HSH-201408,14.876858,15.057731,14.831639,15.012513,3814265
1997-03-19,HSH-201408,15.102949,15.193386,15.012513,15.193386,2769613
1997-03-20,HSH-201408,15.193386,15.193386,14.786421,14.831639,2285573.5
1997-03-21,HSH-201408,15.012513,15.012513,14.650765,14.650765,3151094.8
1997-03-24,HSH-201408,14.741202,15.238605,14.741202,15.238605,2793663
1997-03-25,HSH-201408,15.238605,15.3290415,15.102949,15.283823,3341835.8
1997-03-26,HSH-201408,15.283823,15.509915,15.283823,15.509915,2663185
1997-03-27,HSH-201408,15.645571,15.690789,15.238605,15.283823,3462914.8
1997-03-31,HSH-201408,15.238605,15.283823,14.650765,14.650765,3015088.2
1997-04-01,HSH-201408,14.5603285,14.786421,14.51511,14.786421,3870105
1997-04-02,HSH-201408,14.741202,14.786421,14.605547,14.605547,1990616.1
1997-04-03,HSH-201408,14.5603285,14.5603285,14.424673,14.51511,2386196.2
1997-04-04,HSH-201408,14.424673,14.831639,14.379455,14.786421,2128834.2
1997-04-07,HSH-201408,14.786421,15.057731,14.786421,14.967295,1894969.2
1997-04-08,HSH-201408,14.967295,15.012513,14.605547,14.695984,2892903.5
1997-04-09,HSH-201408,14.786421,14.786421,14.5603285,14.650765,3317232.8
1997-04-10,HSH-201408,14.650765,14.831639,14.5603285,14.786421,2615361.8
1997-04-11,HSH-201408,14.695984,14.695984,14.289018,14.289018,2097044
1997-04-14,HSH-201408,14.2438,14.379455,14.153363,14.289018,2213423.5
1997-04-15,HSH-201408,14.469892,14.786421,14.469892,14.695984,3515437.5
1997-04-16,HSH-201408,14.695984,14.876858,14.650765,14.831639,3483647.2
1997-04-17,HSH-201408,14.922076,14.922076,14.5603285,14.650765,2736993.5
1997-04-18,HSH-201408,14.605547,14.605547,14.424673,14.51511,3009006.5
1997-04-21,HSH-201408,14.5603285,14.650765,14.469892,14.650765,2921100
1997-04-22,HSH-201408,14.650765,14.922076,14.605547,14.922076,2672031
1997-04-23,HSH-201408,14.922076,15.148168,14.650765,14.695984,2040927.5
1997-04-24,HSH-201408,14.786421,15.238605,14.741202,14.876858,2693593
1997-04-25,HSH-201408,14.831639,14.831639,14.605547,14.650765,988535.4
1997-04-28,HSH-201408,14.5603285,14.922076,14.5603285,14.831639,1256678.4
1997-04-29,HSH-201408,14.876858,15.102949,14.876858,15.102949,2528837.2
1997-04-30,HSH-201408,15.012513,15.283823,14.967295,15.193386,2949296.5
1997-05-01,HSH-201408,15.148168,15.148168,14.831639,14.922076,2276174.5
1997-05-02,HSH-201408,14.967295,15.283823,14.967295,15.238605,2155095.5
1997-05-05,HSH-201408,15.283823,15.600352,15.238605,15.600352,2070229.8
1997-05-06,HSH-201408,15.600352,15.600352,15.37426,15.509915,2085433.8
1997-05-07,HSH-201408,15.419478,15.464697,15.193386,15.238605,1332421.9
1997-05-08,HSH-201408,15.102949,15.283823,15.057731,15.102949,1968224.8
1997-05-09,HSH-201408,15.193386,15.193386,14.922076,15.057731,1624061.9
1997-05-12,HSH-201408,15.148168,15.419478,15.148168,15.37426,1386326.9
1997-05-13,HSH-201408,15.464697,15.464697,15.102949,15.102949,1316941.4
1997-05-14,HSH-201408,15.238605,15.3290415,14.967295,14.967295,2039545.4
1997-05-15,HSH-201408,14.922076,15.102949,14.831639,15.057731,2227521.8
1997-05-16,HSH-201408,15.012513,15.238605,15.012513,15.057731,1980388
1997-05-19,HSH-201408,15.012513,15.057731,14.831639,14.967295,1427239.4
1997-05-20,HSH-201408,14.876858,15.102949,14.831639,15.102949,1090263.9
1997-05-21,HSH-201408,15.193386,15.37426,14.967295,15.193386,3005413
1997-05-22,HSH-201408,15.283823,15.509915,15.283823,15.3290415,2736440.8
1997-05-23,HSH-201408,15.3290415,15.419478,15.283823,15.419478,1439402.6
1997-05-27,HSH-201408,15.283823,15.37426,15.193386,15.238605,1302843.2
1997-05-28,HSH-201408,15.283823,15.3290415,14.876858,14.967295,2327591.8
1997-05-29,HSH-201408,14.998199,15.043649,14.861853,14.998199,2154058.5
1997-05-30,HSH-201408,14.816403,14.907301,14.770954,14.861853,2150758.2
1997-06-02,HSH-201408,14.861853,14.907301,14.725505,14.725505,2341081
1997-06-03,HSH-201408,14.725505,14.95275,14.680056,14.861853,2882621
1997-06-04,HSH-201408,14.816403,14.816403,14.634606,14.634606,1545960.6
1997-06-05,HSH-201408,14.725505,14.998199,14.725505,14.816403,2511326.5
1997-06-06,HSH-201408,14.907301,14.998199,14.816403,14.95275,1361413.4
1997-06-09,HSH-201408,14.998199,15.089098,14.861853,14.998199,1464550.8
1997-06-10,HSH-201408,14.95275,15.270894,14.907301,15.270894,1906803.9
1997-06-11,HSH-201408,15.270894,15.498139,15.270894,15.45269,2459895.2
1997-06-12,HSH-201408,15.498139,15.634487,15.407241,15.634487,2326229.2
1997-06-13,HSH-201408,15.634487,15.770834,15.498139,15.543589,2985758.5
1997-06-16,HSH-201408,15.543589,15.543589,15.361793,15.45269,2011041.4
1997-06-17,HSH-201408,15.361793,15.45269,15.270894,15.270894,2776458.2
1997-06-18,HSH-201408,15.270894,15.316343,15.134546,15.270894,1542660.1
1997-06-19,HSH-201408,15.361793,15.407241,15.179996,15.361793,1392492.1
1997-06-20,HSH-201408,15.316343,15.498139,15.270894,15.45269,3278118.5
1997-06-23,HSH-201408,15.270894,15.361793,14.95275,14.95275,2105377.8
1997-06-24,HSH-201408,14.998199,15.270894,14.907301,15.270894,3431036.8
1997-06-25,HSH-201408,15.24817,15.339067,14.975475,15.225445,2116379
1997-06-26,HSH-201408,15.270894,15.384517,15.043649,15.089098,2850992.2
1997-06-27,HSH-201408,15.111822,15.384517,15.089098,15.293618,2198889
1997-06-30,HSH-201408,15.407241,15.407241,15.066373,15.134546,1741784.1
1997-07-01,HSH-201408,15.111822,15.225445,14.998199,15.134546,2578709.5
1997-07-02,HSH-201408,15.225445,15.679935,15.202721,15.657211,3500070.2
1997-07-03,HSH-201408,15.725385,15.907181,15.725385,15.839007,2879045.5
1997-07-07,HSH-201408,15.8617325,15.95263,15.770834,15.793558,4296015.5
1997-07-08,HSH-201408,15.793558,16.066254,15.770834,16.043528,2572933.8
1997-07-09,HSH-201408,16.134426,16.157152,15.975355,15.975355,3156554
1997-07-10,HSH-201408,15.998079,16.293499,15.998079,16.248049,1946133.6
1997-07-11,HSH-201408,16.293499,16.361671,16.2026,16.2026,1856472.9
1997-07-14,HSH-201408,16.225325,16.316223,16.066254,16.179876,1849872
1997-07-15,HSH-201408,16.157152,16.293499,15.998079,16.225325,1967036.1
1997-07-16,HSH-201408,16.270775,16.45257,16.270775,16.407122,2376285.2
1997-07-17,HSH-201408,16.384398,16.407122,16.248049,16.293499,1807517
1997-07-18,HSH-201408,16.179876,16.2026,15.884457,15.998079,2352082.2
1997-07-21,HSH-201408,15.907181,15.975355,15.839007,15.95263,1213170.6
1997-07-22,HSH-201408,15.998079,16.134426,15.907181,16.111702,1874900
1997-07-23,HSH-201408,16.179876,16.316223,16.134426,16.293499,2502525.5
1997-07-24,HSH-201408,16.338947,16.361671,16.134426,16.361671,1522307.8
1997-07-25,HSH-201408,16.361671,16.361671,16.157152,16.157152,1693653.2
1997-07-28,HSH-201408,16.134426,16.270775,16.111702,16.2026,1139736.8
1997-07-29,HSH-201408,16.134426,16.407122,16.066254,16.293499,1591066
1997-07-30,HSH-201408,16.293499,16.338947,16.248049,16.316223,846826.6
1997-07-31,HSH-201408,16.270775,16.293499,15.8617325,15.929906,2346306.8
1997-08-01,HSH-201408,15.884457,16.066254,15.884457,16.020803,2478047.5
1997-08-04,HSH-201408,16.066254,16.225325,15.975355,15.975355,1826494.2
1997-08-05,HSH-201408,15.907181,15.907181,15.770834,15.839007,2015441.9
1997-08-06,HSH-201408,15.839007,16.316223,15.770834,16.248049,2691473
1997-08-07,HSH-201408,16.248049,16.270775,15.725385,15.770834,4039410
1997-08-08,HSH-201408,15.498139,15.770834,15.316343,15.384517,2766007
1997-08-11,HSH-201408,15.429966,15.543589,15.339067,15.498139,1656798.9
1997-08-12,HSH-201408,15.475415,15.520864,15.339067,15.361793,2147182.8
1997-08-13,HSH-201408,15.361793,15.384517,15.020924,15.043649,3152428.5
1997-08-14,HSH-201408,15.089098,15.111822,14.930026,15.043649,2220891.5
1997-08-15,HSH-201408,14.95275,15.020924,14.680056,14.680056,2738778.8
1997-08-18,HSH-201408,14.702781,14.702781,14.180116,14.361912,4827929.5
1997-08-19,HSH-201408,14.45281,14.884577,14.407361,14.793678,3601282.2
1997-08-20,HSH-201408,14.770954,15.157271,14.725505,15.157271,3145002.5
1997-08-21,HSH-201408,15.157271,15.157271,14.680056,14.748229,2434592.2
1997-08-22,HSH-201408,14.611882,14.816403,14.566433,14.816403,1667525.1
1997-08-25,HSH-201408,14.816403,14.884577,14.543709,14.543709,3836435.5
1997-08-26,HSH-201408,14.49826,14.930026,14.49826,14.907301,4586725.5
1997-08-27,HSH-201408,15.134546,15.339067,15.043649,15.134546,3977802.5
1997-08-28,HSH-201408,15.02857,15.097089,14.914371,14.98289,3831857.5
1997-08-29,HSH-201408,14.98289,15.02857,14.685973,14.708813,2309567.8
1997-09-02,HSH-201408,14.914371,15.234128,14.868691,15.234128,2452958
1997-09-03,HSH-201408,15.256968,15.325487,15.097089,15.119928,1901562.4
1997-09-04,HSH-201408,15.119928,15.348327,15.119928,15.348327,3968680.2
1997-09-05,HSH-201408,15.348327,15.394006,15.05141,15.142769,2369496
1997-09-08,HSH-201408,15.142769,15.302647,15.05141,15.2112875,2138265.8
1997-09-09,HSH-201408,15.2112875,15.325487,15.165608,15.302647,1690034.4
1997-09-10,HSH-201408,15.234128,15.599564,15.05141,15.234128,2738370.2
1997-09-11,HSH-201408,15.2112875,15.279807,15.02857,15.165608,2096671.6
1997-09-12,HSH-201408,15.256968,15.5538845,15.05141,15.5538845,2065476
1997-09-15,HSH-201408,16.673033,18.111938,16.490314,17.746502,26350144
1997-09-16,HSH-201408,17.815022,17.815022,17.403906,17.632303,14388552
1997-09-17,HSH-201408,17.540945,18.043419,17.495266,17.9749,5934823
1997-09-18,HSH-201408,17.95206,18.248978,17.906382,17.99774,5102120
1997-09-19,HSH-201408,17.906382,18.454535,17.906382,18.248978,8268471.5
1997-09-22,HSH-201408,18.271818,18.431696,18.248978,18.363176,4283646
1997-09-23,HSH-201408,18.294657,18.386017,18.0891,18.248978,3811881.5
1997-09-24,HSH-201408,18.203299,18.477375,18.111938,18.386017,4714364
1997-09-25,HSH-201408,18.386017,19.09405,18.363176,18.97985,10501966
1997-09-26,HSH-201408,18.93417,18.95701,18.637253,18.751453,3960744.5
1997-09-29,HSH-201408,18.751453,18.842812,18.637253,18.774292,2552017.8
1997-09-30,HSH-201408,18.865652,18.865652,18.637253,18.819971,2876561.2
1997-10-01,HSH-201408,18.728613,18.97985,18.728613,18.88849,4009453.5
1997-10-02,HSH-201408,18.88849,19.185408,18.751453,19.139729,2849196.5
1997-10-03,HSH-201408,19.276768,19.368126,18.93417,19.139729,3891238.5
1997-10-06,HSH-201408,19.139729,19.299606,19.116888,19.299606,2640678.8
1997-10-07,HSH-201408,19.368126,19.390966,19.231087,19.390966,2871088.2
1997-10-08,HSH-201408,19.390966,19.596523,19.208248,19.550844,4294318.5
1997-10-09,HSH-201408,19.505165,19.528006,19.253927,19.299606,3002438
1997-10-10,HSH-201408,19.139729,19.162569,18.797132,18.911331,2937310.5
1997-10-13,HSH-201408,18.95701,19.413805,18.911331,19.368126,4107692.2
1997-10-14,HSH-201408,19.459486,19.596523,19.413805,19.550844,3870441.5
1997-10-15,HSH-201408,19.436646,19.505165,19.139729,19.162569,3785337.8
1997-10-16,HSH-201408,19.09405,19.185408,18.865652,18.93417,3248719
1997-10-17,HSH-201408,18.751453,18.911331,18.568735,18.819971,2730160.8
1997-10-20,HSH-201408,18.911331,18.911331,18.431696,18.545895,4341385.5
1997-10-21,HSH-201408,18.568735,19.208248,18.568735,19.208248,4019578.2
1997-10-22,HSH-201408,19.208248,19.322447,19.071209,19.09405,3028434.5
1997-10-23,HSH-201408,18.93417,19.436646,18.88849,19.208248,3339022
1997-10-24,HSH-201408,18.865652,19.368126,18.660093,19.09405,3758246.8
1997-10-27,HSH-201408,18.774292,18.93417,17.837862,17.8607,3944873
1997-10-28,HSH-201408,17.495266,18.271818,17.358227,18.248978,5522713
1997-10-29,HSH-201408,18.294657,18.728613,18.134779,18.271818,3964302
1997-10-30,HSH-201408,18.111938,18.728613,18.0891,18.226137,3153490.5
1997-10-31,HSH-201408,18.363176,18.797132,18.180458,18.682934,1965595.4
1997-11-03,HSH-201408,18.705772,18.95701,18.637253,18.705772,3261854
1997-11-04,HSH-201408,18.660093,18.93417,18.660093,18.842812,1196104.4
1997-11-05,HSH-201408,18.819971,19.09405,18.751453,18.842812,1516269.5
1997-11-06,HSH-201408,18.797132,18.93417,18.728613,18.819971,2168093
1997-11-07,HSH-201408,18.591574,18.705772,18.317497,18.523054,2885317.8
1997-11-10,HSH-201408,18.728613,18.865652,18.614414,18.797132,2758893.5
1997-11-11,HSH-201408,18.819971,18.88849,18.705772,18.819971,2697870.8
1997-11-12,HSH-201408,18.705772,19.299606,18.705772,19.00269,3022414.2
1997-11-13,HSH-201408,18.95701,19.550844,18.95701,19.208248,3565053.2
1997-11-14,HSH-201408,19.276768,19.459486,19.185408,19.368126,3497462.8
1997-11-17,HSH-201408,19.733562,19.939121,19.733562,19.939121,3812976
1997-11-18,HSH-201408,19.91628,19.96196,19.505165,19.596523,2775038.8
1997-11-19,HSH-201408,19.528006,19.596523,19.459486,19.528006,2026892
1997-11-20,HSH-201408,19.596523,19.665043,19.345287,19.390966,2699239
1997-11-21,HSH-201408,19.528006,19.528006,19.253927,19.368126,3283472
1997-11-24,HSH-201408,19.459486,19.756403,19.413805,19.710722,2624533.8
1997-11-25,HSH-201408,19.779242,20.00764,19.779242,19.847761,3690656.5
1997-11-26,HSH-201408,19.656927,19.656927,19.358747,19.358747,2343112.5
1997-11-28,HSH-201408,19.427559,19.427559,19.335812,19.404621,810920.25
1997-12-01,HSH-201408,19.427559,19.656927,19.335812,19.633991,2339025.2
1997-12-02,HSH-201408,19.656927,19.725739,19.267,19.267,1724567.9
1997-12-03,HSH-201408,19.221127,19.404621,18.90001,19.358747,3080189
1997-12-04,HSH-201408,19.381685,19.427559,19.106441,19.106441,2516141.5
1997-12-05,HSH-201408,19.03763,19.335812,19.03763,19.335812,2545842.8
1997-12-08,HSH-201408,19.450495,19.633991,19.358747,19.473433,3111525
1997-12-09,HSH-201408,19.519306,19.519306,19.244062,19.358747,2209049.2
1997-12-10,HSH-201408,19.542242,19.633991,19.175253,19.542242,3030596.2
1997-12-11,HSH-201408,19.633991,19.725739,19.381685,19.633991,3688651.5
1997-12-12,HSH-201408,19.633991,20.138603,19.633991,19.93217,2380170.8
1997-12-15,HSH-201408,19.93217,20.322098,19.86336,20.138603,2313684
1997-12-16,HSH-201408,20.551466,20.620277,20.046854,20.207413,3193270.8
1997-12-17,HSH-201408,20.23035,20.276224,19.978045,20.092728,1530012.5
1997-12-18,HSH-201408,20.16154,20.52853,20.115665,20.23035,4996860
1997-12-19,HSH-201408,20.207413,20.505592,19.86336,20.29916,3155122.8
1997-12-22,HSH-201408,20.322098,20.849646,20.29916,20.803772,4130080
1997-12-23,HSH-201408,20.803772,20.918457,20.505592,20.59734,3632246.8
1997-12-24,HSH-201408,20.59734,20.59734,20.322098,20.39091,1590232
1997-12-26,HSH-201408,20.436783,20.872583,20.436783,20.757898,828904.3
1997-12-29,HSH-201408,21.010204,21.216637,20.872583,20.895521,2960022.2
1997-12-30,HSH-201408,20.849646,21.079016,20.757898,21.033142,1862718.6
1997-12-31,HSH-201408,21.033142,21.056078,20.574404,20.666151,2069263.5
1998-01-02,HSH-201408,20.574404,20.872583,20.436783,20.849646,2167086.2
1998-01-05,HSH-201408,21.033142,21.101952,20.253286,20.436783,2962474.8
1998-01-06,HSH-201408,20.253286,20.59734,20.253286,20.59734,2438210.5
1998-01-07,HSH-201408,20.505592,21.010204,20.459719,20.987268,2668461.5
1998-01-08,HSH-201408,20.987268,21.147827,20.780836,21.056078,2454559.5
1998-01-09,HSH-201408,21.010204,21.331322,20.551466,20.734962,5741021
1998-01-12,HSH-201408,20.23035,20.551466,19.86336,20.322098,3835794.2
1998-01-13,HSH-201408,20.551466,21.239574,20.505592,21.216637,3544778.8
1998-01-14,HSH-201408,21.010204,21.331322,21.010204,21.285448,2845305.5
1998-01-15,HSH-201408,21.285448,21.721249,21.285448,21.629501,3128691.5
1998-01-16,HSH-201408,21.721249,21.996492,21.652437,21.996492,2925961.5
1998-01-20,HSH-201408,21.812996,21.835934,20.918457,21.331322,5177246
1998-01-21,HSH-201408,21.400133,21.537754,20.941395,21.056078,2599795
1998-01-22,HSH-201408,21.056078,21.056078,20.482656,20.505592,5622489
1998-01-23,HSH-201408,20.52853,20.52853,19.93217,20.413845,6018685
1998-01-26,HSH-201408,20.505592,20.712025,20.322098,20.413845,2696527.8
1998-01-27,HSH-201408,20.436783,20.895521,20.367971,20.367971,1900321.8
1998-01-28,HSH-201408,20.551466,20.780836,20.207413,20.345034,3160300
1998-01-29,HSH-201408,20.253286,20.712025,20.23035,20.367971,2015856.1
1998-01-30,HSH-201408,20.39091,20.39091,20.023918,20.023918,2075803.1
1998-02-02,HSH-201408,20.138603,20.23035,19.909233,20.023918,3311257.5
1998-02-03,HSH-201408,19.93217,20.023918,19.86336,20.00098,2015311.1
1998-02-04,HSH-201408,19.955107,20.16154,19.840424,19.93217,2243382.5
1998-02-05,HSH-201408,19.886297,19.978045,19.519306,19.909233,3124331.8
1998-02-06,HSH-201408,19.955107,20.023918,19.817486,20.00098,2519684
1998-02-09,HSH-201408,20.138603,20.345034,20.069792,20.184477,2601157.5
1998-02-10,HSH-201408,20.184477,20.345034,19.955107,19.955107,2409326.8
1998-02-11,HSH-201408,20.046854,20.276224,20.00098,20.092728,2336028
1998-02-12,HSH-201408,20.046854,20.16154,19.978045,20.138603,2253192
1998-02-13,HSH-201408,20.00098,20.046854,19.886297,20.023918,1826205.4
1998-02-17,HSH-201408,20.046854,20.16154,19.794548,19.909233,1893237.1
1998-02-18,HSH-201408,19.978045,20.092728,19.817486,20.023918,2543390.2
1998-02-19,HSH-201408,20.184477,20.551466,19.86336,20.52853,6341854
1998-02-20,HSH-201408,20.574404,20.96433,20.322098,20.895521,4360058.5
1998-02-23,HSH-201408,21.101952,21.26251,20.987268,21.1937,3840426.8
1998-02-24,HSH-201408,21.147827,21.239574,20.803772,20.872583,3064384.8
1998-02-25,HSH-201408,20.734962,21.079016,20.734962,21.010204,2809064.8
1998-02-26,HSH-201408,20.979805,21.117983,20.79557,20.910717,2266394
1998-02-27,HSH-201408,20.749512,20.887688,20.473158,20.8186,3844809.5
1998-03-02,HSH-201408,20.726482,21.117983,20.680424,20.910717,2029197.5
1998-03-03,HSH-201408,20.979805,21.094954,20.864658,20.933746,2090260.6
1998-03-04,HSH-201408,20.680424,20.864658,20.588305,20.8186,1843022.6
1998-03-05,HSH-201408,20.38104,20.611334,20.38104,20.450129,2335327.5
1998-03-06,HSH-201408,20.588305,21.164042,20.542246,21.071922,1989845.6
1998-03-09,HSH-201408,21.117983,21.164042,21.002834,21.025864,2070991.9
1998-03-10,HSH-201408,21.025864,21.463423,21.002834,21.394335,4086891.2
1998-03-11,HSH-201408,21.394335,21.555542,21.256159,21.53251,2325829
1998-03-12,HSH-201408,21.440393,21.6016,21.348276,21.555542,1543134.5
1998-03-13,HSH-201408,21.555542,21.670689,21.325247,21.62463,2450126.5
1998-03-16,HSH-201408,21.716747,21.739777,21.578571,21.670689,1711940.4
1998-03-17,HSH-201408,21.762806,22.085218,21.64766,22.085218,3679803.2
1998-03-18,HSH-201408,22.085218,22.131277,21.924011,21.9931,1895401.2
1998-03-19,HSH-201408,22.03916,22.131277,21.900982,22.131277,1469315.9
1998-03-20,HSH-201408,22.200365,22.614895,22.131277,22.545807,3596214.5
1998-03-23,HSH-201408,22.430658,22.730042,22.36157,22.614895,2737530.5
1998-03-24,HSH-201408,22.660954,22.845188,22.522778,22.75307,2011014.2
1998-03-25,HSH-201408,22.79913,22.914278,22.730042,22.914278,3638280.2
1998-03-26,HSH-201408,22.845188,22.914278,22.7761,22.845188,3567175.5
1998-03-27,HSH-201408,22.868217,22.960337,22.522778,22.79913,2859928.2
1998-03-30,HSH-201408,22.707012,23.029425,22.707012,22.891247,2846087.2
1998-03-31,HSH-201408,22.822159,23.006395,22.660954,22.75307,2679724
1998-04-01,HSH-201408,22.660954,23.21366,22.637924,23.144571,2631959
1998-04-02,HSH-201408,23.259718,23.328806,23.1676,23.282747,2728574.5
1998-04-03,HSH-201408,23.21366,23.21366,22.868217,23.029425,1474201
1998-04-06,HSH-201408,22.960337,23.144571,22.845188,22.845188,1565660.1
1998-04-07,HSH-201408,23.1676,23.443954,23.121542,23.19063,3056144.5
1998-04-08,HSH-201408,23.21366,23.236689,22.79913,22.822159,2238983.5
1998-04-09,HSH-201408,22.868217,23.21366,22.868217,23.19063,2193661
1998-04-13,HSH-201408,23.19063,23.19063,22.707012,22.845188,1732566.1
1998-04-14,HSH-201408,22.75307,22.914278,22.75307,22.822159,1891059
1998-04-15,HSH-201408,22.79913,22.79913,22.637924,22.707012,2060136.1
1998-04-16,HSH-201408,22.660954,22.660954,22.476719,22.522778,1775446
1998-04-17,HSH-201408,22.683983,22.707012,22.430658,22.707012,1371886.2
1998-04-20,HSH-201408,22.637924,22.730042,22.292482,22.3846,1269842.9
1998-04-21,HSH-201408,22.108248,22.154306,21.924011,22.108248,2218086.2
1998-04-22,HSH-201408,22.01613,22.568836,22.01613,22.430658,2442256
1998-04-23,HSH-201408,21.94704,22.937307,21.94704,22.637924,3776961.5
1998-04-24,HSH-201408,22.637924,22.660954,22.200365,22.246424,2999152.2
1998-04-27,HSH-201408,21.924011,21.924011,20.910717,20.979805,4599279
1998-04-28,HSH-201408,21.164042,21.509481,21.117983,21.23313,4491536.5
1998-04-29,HSH-201408,21.256159,21.394335,21.164042,21.371305,2592064.2
1998-04-30,HSH-201408,21.463423,22.154306,21.463423,21.924011,5420511
1998-05-01,HSH-201408,21.97007,22.06219,21.53251,22.03916,1451404.1
1998-05-04,HSH-201408,22.03916,22.3846,22.03916,22.338541,2705777.5
1998-05-05,HSH-201408,22.3846,22.3846,21.924011,21.94704,1221806.5
1998-05-06,HSH-201408,22.01613,22.177336,21.900982,22.03916,1201180.8
1998-05-07,HSH-201408,21.97007,22.200365,21.854923,21.877953,1494012.6
1998-05-08,HSH-201408,22.108248,22.476719,22.108248,22.338541,2356224.8
1998-05-11,HSH-201408,22.430658,22.637924,22.246424,22.269453,1663632.5
1998-05-12,HSH-201408,22.085218,22.269453,22.01613,22.269453,1499440.5
1998-05-13,HSH-201408,22.154306,22.269453,22.108248,22.154306,1885902.5
1998-05-14,HSH-201408,22.108248,22.223394,21.97007,22.154306,2360024.2
1998-05-15,HSH-201408,21.739777,21.97007,21.739777,21.762806,3315866.8
1998-05-18,HSH-201408,21.739777,21.924011,21.64766,21.808865,1742607.6
1998-05-19,HSH-201408,21.97007,22.085218,21.900982,22.085218,1701356
1998-05-20,HSH-201408,21.9931,22.315512,21.877953,22.292482,1793900.8
1998-05-21,HSH-201408,22.3846,22.45369,22.200365,22.338541,1748578.2
1998-05-22,HSH-201408,22.338541,22.338541,22.085218,22.154306,1029389.6
1998-05-26,HSH-201408,22.200365,22.269453,21.854923,21.877953,1252202.4
1998-05-27,HSH-201408,21.716747,21.924011,21.62463,21.808865,1538520.9
1998-05-28,HSH-201408,21.940184,22.078897,21.847706,21.940184,1810449
1998-05-29,HSH-201408,21.940184,21.940184,21.778347,21.778347,1780171.2
1998-06-01,HSH-201408,21.778347,21.847706,21.570274,21.824587,2353016
1998-06-02,HSH-201408,22.00954,22.471926,22.00954,22.078897,2205411.8
1998-06-03,HSH-201408,22.055779,22.379448,21.847706,21.870825,2150263
1998-06-04,HSH-201408,21.500917,21.986422,21.454678,21.870825,1813693
1998-06-05,HSH-201408,21.940184,22.425688,21.778347,22.402569,1267071
1998-06-08,HSH-201408,22.402569,22.402569,21.847706,21.917063,1141364.1
1998-06-09,HSH-201408,21.824587,22.425688,21.70899,22.263853,1738809.6
1998-06-10,HSH-201408,22.33321,22.356329,21.963303,22.055779,1218139.9
1998-06-11,HSH-201408,22.055779,22.286972,21.893944,21.893944,1682309.1
1998-06-12,HSH-201408,21.870825,21.940184,21.477797,21.824587,1984005.5
1998-06-15,HSH-201408,21.639633,21.73211,21.315962,21.315962,2005902.9
1998-06-16,HSH-201408,21.362202,21.593393,21.154127,21.547155,2438713
1998-06-17,HSH-201408,21.570274,22.33321,21.500917,22.125137,1391426.1
1998-06-18,HSH-201408,22.171375,22.171375,21.570274,21.73211,1868571.5
1998-06-19,HSH-201408,21.292843,21.570274,21.223486,21.223486,3812026.5
1998-06-22,HSH-201408,21.223486,21.40844,21.10789,21.10789,1997252
1998-06-23,HSH-201408,21.177246,21.292843,21.038532,21.200367,1580932.6
1998-06-24,HSH-201408,21.10789,21.500917,20.992292,21.177246,2311384
1998-06-25,HSH-201408,21.08477,21.315962,21.08477,21.08477,2025907.8
1998-06-26,HSH-201408,21.154127,21.223486,20.876696,20.946054,1367095.8
1998-06-29,HSH-201408,20.992292,21.38532,20.946054,20.992292,1921016.9
1998-06-30,HSH-201408,20.830458,20.992292,20.506788,20.691742,2861520.5
1998-07-01,HSH-201408,20.78422,21.524036,20.737982,21.500917,3178085.5
1998-07-02,HSH-201408,21.685871,21.893944,21.292843,21.362202,1874248.6
1998-07-06,HSH-201408,21.223486,21.593393,21.131008,21.524036,1048908.8
1998-07-07,HSH-201408,21.454678,21.801468,21.362202,21.70899,1713397.9
1998-07-08,HSH-201408,21.616512,21.685871,21.315962,21.38532,3337854.8
1998-07-09,HSH-201408,21.154127,21.200367,20.853577,20.899817,3071572.5
1998-07-10,HSH-201408,20.807339,21.339083,20.807339,21.154127,2380860.8
1998-07-13,HSH-201408,21.061651,21.061651,20.71486,20.71486,2556309.5
1998-07-14,HSH-201408,20.853577,20.899817,20.691742,20.71486,2117011.5
1998-07-15,HSH-201408,20.71486,21.223486,20.691742,20.807339,1646624.6
1998-07-16,HSH-201408,20.78422,21.223486,20.78422,21.200367,977269.4
1998-07-17,HSH-201408,21.200367,21.500917,21.10789,21.131008,1694203.9
1998-07-20,HSH-201408,20.992292,20.992292,20.71486,20.78422,1762599.2
1998-07-21,HSH-201408,20.7611,20.807339,20.506788,20.529907,2816644.5
1998-07-22,HSH-201408,20.506788,20.622385,20.41431,20.506788,1542004
1998-07-23,HSH-201408,20.391191,20.41431,20.067522,20.16,2376265
1998-07-24,HSH-201408,20.067522,20.13688,19.697615,19.882568,2190813.5
1998-07-27,HSH-201408,19.998165,20.206238,19.882568,20.16,3102391
1998-07-28,HSH-201408,20.16,20.16,19.096514,19.582018,3506545.2
1998-07-29,HSH-201408,19.48954,19.48954,18.957798,19.16587,4399739.5
1998-07-30,HSH-201408,19.327705,19.48954,19.004036,19.004036,3521954.5
1998-07-31,HSH-201408,18.980917,18.980917,18.217981,18.54165,4620335
1998-08-03,HSH-201408,18.54165,19.651375,18.54165,19.258348,3192143
1998-08-04,HSH-201408,19.327705,19.397064,18.934679,19.004036,2915317.5
1998-08-05,HSH-201408,19.096514,19.350824,18.957798,19.258348,2697155.2
1998-08-06,HSH-201408,18.495413,18.911558,18.217981,18.518532,5009891
1998-08-07,HSH-201408,18.426054,18.495413,18.102385,18.125504,3263512
1998-08-10,HSH-201408,18.217981,18.726604,18.148623,18.680367,2294082.5
1998-08-11,HSH-201408,18.310457,18.587889,18.009907,18.587889,2735273
1998-08-12,HSH-201408,18.495413,18.634129,18.333578,18.611008,3008584
1998-08-13,HSH-201408,18.657248,18.680367,18.148623,18.379816,4173467.5
1998-08-14,HSH-201408,18.819082,18.819082,17.824953,18.148623,2347068.5
1998-08-17,HSH-201408,18.056147,18.148623,17.686237,17.963669,2386537.8
1998-08-18,HSH-201408,17.94055,18.056147,17.755596,17.871193,3132668.8
1998-08-19,HSH-201408,17.871193,18.171743,17.801834,17.801834,1943184.6
1998-08-20,HSH-201408,17.894312,17.91743,17.270092,17.478165,3372187.5
1998-08-21,HSH-201408,17.154495,17.293211,17.108255,17.270092,3411386.5
1998-08-24,HSH-201408,17.455046,18.171743,17.362568,18.102385,3077790.2
1998-08-25,HSH-201408,18.449173,18.657248,18.079266,18.26422,3311632
1998-08-26,HSH-201408,17.894312,18.379816,17.894312,18.287338,2534412.2
1998-08-27,HSH-201408,18.171743,18.26422,17.293211,17.755596,2680935
1998-08-28,HSH-201408,17.817854,17.910776,17.144167,17.422934,3921824.5
1998-08-31,HSH-201408,17.21386,17.539087,16.47048,16.8654,2629616
1998-09-01,HSH-201408,16.842169,17.469395,16.81894,17.469395,4910015.5
1998-09-02,HSH-201408,17.469395,18.189543,17.469395,18.119852,5581544
1998-09-03,HSH-201408,17.934008,18.305696,17.63201,18.236004,4746438
1998-09-04,HSH-201408,18.398619,18.770308,18.073391,18.630924,3992582.5
1998-09-08,HSH-201408,19.141996,19.60661,18.770308,19.560148,4154007.5
1998-09-09,HSH-201408,19.467224,19.490456,19.141996,19.397533,2572848
1998-09-10,HSH-201408,18.90969,19.211689,18.747078,18.90969,2422722.8
1998-09-11,HSH-201408,18.723846,19.60661,18.654154,19.60661,2785122.2
1998-09-14,HSH-201408,19.769222,20.303526,19.65307,20.117682,2804224.2
1998-09-15,HSH-201408,19.978298,20.41968,19.955067,20.233833,2500475.8
1998-09-16,HSH-201408,20.233833,20.373217,20.047989,20.373217,1940599.5
1998-09-17,HSH-201408,20.140911,20.140911,19.885376,20.07122,2194037
1998-09-18,HSH-201408,20.09445,20.187372,19.769222,19.931837,2715978.5
1998-09-21,HSH-201408,19.65307,20.373217,19.420763,20.326756,2418956
1998-09-22,HSH-201408,20.373217,20.41968,20.02476,20.41968,1558560
1998-09-23,HSH-201408,20.41968,20.44291,20.164143,20.396448,2230357.8
1998-09-24,HSH-201408,20.41968,20.41968,19.838915,19.931837,2043911.6
1998-09-25,HSH-201408,20.02476,20.48937,20.001528,20.257065,2064896.9
1998-09-28,HSH-201408,20.349987,20.48937,20.210604,20.48937,1962122.9
1998-09-29,HSH-201408,20.582293,20.83783,20.210604,20.559063,1520356
1998-09-30,HSH-201408,20.46614,20.698446,19.862144,20.07122,2199148.8
1998-10-01,HSH-201408,19.838915,20.605524,19.815683,20.09445,2908612.5
1998-10-02,HSH-201408,20.187372,21.186287,20.187372,21.023674,3331815.5
1998-10-05,HSH-201408,21.186287,22.11551,20.977213,22.06905,4230415.5
1998-10-06,HSH-201408,21.929667,22.092281,21.557978,21.790283,3834654.8
1998-10-07,HSH-201408,21.697361,22.347816,21.67413,22.208433,4260817
1998-10-08,HSH-201408,22.11551,22.696276,21.511517,22.603354,4898715.5
1998-10-09,HSH-201408,22.394278,22.765966,21.859974,22.603354,3864518.5
1998-10-12,HSH-201408,22.53366,22.90535,22.371048,22.53366,2780010.5
1998-10-13,HSH-201408,22.301355,22.440739,22.208433,22.301355,4399912
1998-10-14,HSH-201408,22.11551,22.347816,22.06905,22.185204,5195469
1998-10-15,HSH-201408,21.976128,21.999357,21.627668,21.859974,2679388.8
1998-10-16,HSH-201408,21.883205,21.883205,20.88429,21.163057,3642020.8
1998-10-19,HSH-201408,21.070135,22.06905,20.90752,21.976128,3191644.5
1998-10-20,HSH-201408,21.929667,21.929667,20.90752,21.023674,3581486.2
1998-10-21,HSH-201408,21.139826,21.139826,20.88429,20.930752,1439374.4
1998-10-22,HSH-201408,20.721676,21.186287,20.721676,21.023674,1939523.4
1998-10-23,HSH-201408,20.930752,21.186287,20.768137,20.814598,1510132.4
1998-10-26,HSH-201408,20.90752,21.557978,20.88429,21.093365,2979101.5
1998-10-27,HSH-201408,21.279211,21.743822,21.186287,21.6509,1784286.1
1998-10-28,HSH-201408,21.697361,22.301355,21.697361,22.208433,3164740.2
1998-10-29,HSH-201408,22.045818,22.301355,21.743822,22.161972,3409030.5
1998-10-30,HSH-201408,22.254894,22.41751,22.092281,22.185204,2069470.6
1998-11-02,HSH-201408,22.254894,22.649815,22.161972,22.394278,2409001.5
1998-11-03,HSH-201408,22.41751,22.556892,21.976128,22.301355,2283628
1998-11-04,HSH-201408,22.301355,22.510431,21.743822,22.254894,2532491.8
1998-11-05,HSH-201408,22.301355,22.765966,22.278126,22.765966,1974229.8
1998-11-06,HSH-201408,22.742737,22.88212,22.06905,22.53366,2317796.2
1998-11-09,HSH-201408,22.53366,22.53366,22.231665,22.347816,1578738.1
1998-11-10,HSH-201408,22.324587,22.789198,22.324587,22.394278,1828140
1998-11-11,HSH-201408,22.394278,22.858889,22.301355,22.812428,1404398.9
1998-11-12,HSH-201408,22.765966,22.835659,22.045818,22.161972,1948401.8
1998-11-13,HSH-201408,22.161972,22.556892,22.138742,22.4872,1738011
1998-11-16,HSH-201408,22.510431,22.649815,22.231665,22.347816,1986874.8
1998-11-17,HSH-201408,22.301355,22.324587,21.6509,21.743822,2635534.8
1998-11-18,HSH-201408,21.72059,22.092281,21.72059,22.022589,2387747.2
1998-11-19,HSH-201408,22.161972,22.254894,21.952896,22.208433,1738011
1998-11-20,HSH-201408,22.371048,22.719505,22.278126,22.696276,2019966.9
1998-11-23,HSH-201408,22.696276,22.812428,22.4872,22.603354,1513091.9
1998-11-24,HSH-201408,22.324587,22.603354,22.254894,22.371048,1938985.2
1998-11-25,HSH-201408,22.301355,22.394278,21.999357,22.06905,1473542.8
1998-11-27,HSH-201408,21.883205,22.022589,21.488285,21.581207,1267187.5
1998-11-30,HSH-201408,21.511517,22.278126,21.418594,21.697361,2084806
1998-12-01,HSH-201408,21.743822,22.301355,21.72059,22.022589,1440988.6
1998-12-02,HSH-201408,21.929667,21.929667,21.279211,21.488285,1935756.8
1998-12-03,HSH-201408,21.488285,21.581207,21.25598,21.557978,2754720.5
1998-12-04,HSH-201408,21.557978,21.790283,21.488285,21.743822,1903471.8
1998-12-07,HSH-201408,21.6509,21.6509,21.046904,21.325672,2617778
1998-12-08,HSH-201408,21.325672,21.581207,21.279211,21.441824,1906431.2
1998-12-09,HSH-201408,21.232748,21.232748,20.814598,20.814598,3592248
1998-12-10,HSH-201408,20.86106,20.86106,20.07122,20.07122,4428968.5
1998-12-11,HSH-201408,20.07122,20.605524,19.420763,20.41968,4242522.5
1998-12-14,HSH-201408,20.257065,21.093365,20.164143,20.86106,2896236.5
1998-12-15,HSH-201408,21.000443,21.000443,20.373217,20.535831,2319679.5
1998-12-16,HSH-201408,20.559063,20.675215,20.257065,20.46614,1474887.9
1998-12-17,HSH-201408,20.628754,20.814598,20.512602,20.744907,1471121.4
1998-12-18,HSH-201408,20.46614,20.744907,20.349987,20.698446,2754182.2
1998-12-21,HSH-201408,20.582293,20.977213,20.512602,20.559063,2127852.8
1998-12-22,HSH-201408,20.675215,21.557978,20.117682,21.232748,2366223.8
1998-12-23,HSH-201408,21.465055,22.11551,21.093365,22.11551,2465500.2
1998-12-24,HSH-201408,21.929667,21.976128,21.743822,21.929667,889183.6
1998-12-28,HSH-201408,21.929667,21.976128,21.465055,21.743822,1137374.8
1998-12-29,HSH-201408,21.976128,22.022589,21.465055,22.022589,1281850.4
1998-12-30,HSH-201408,22.022589,22.208433,21.325672,21.418594,2057767.2
1998-12-31,HSH-201408,21.232748,21.557978,20.953981,20.953981,2108078.2
1999-01-04,HSH-201408,21.046904,21.372133,20.535831,21.046904,2920046.8
1999-01-05,HSH-201408,20.90752,21.093365,20.628754,20.814598,2507605.5
1999-01-06,HSH-201408,20.814598,20.953981,20.257065,20.768137,4181046.2
1999-01-07,HSH-201408,20.628754,20.90752,20.44291,20.535831,4244674.5
1999-01-08,HSH-201408,20.628754,20.768137,19.188457,19.838915,10881939
1999-01-11,HSH-201408,18.770308,19.420763,18.770308,19.049074,6763849
1999-01-12,HSH-201408,19.28138,19.60661,19.234919,19.32784,7437126.5
1999-01-13,HSH-201408,18.770308,19.60661,18.770308,19.28138,4513447.5
1999-01-14,HSH-201408,19.32784,19.65307,19.141996,19.60661,4321620.5
1999-01-15,HSH-201408,20.257065,20.396448,19.792454,20.117682,3397058
1999-01-19,HSH-201408,20.303526,20.44291,19.792454,19.885376,3800486.5
1999-01-20,HSH-201408,19.885376,19.885376,19.234919,19.28138,5352993
1999-01-21,HSH-201408,18.956152,18.956152,18.44508,18.49154,8342049
1999-01-22,HSH-201408,18.584463,19.049074,18.49154,18.630924,4007648.8
1999-01-25,HSH-201408,18.584463,18.90969,18.49154,18.677385,2778799.8
1999-01-26,HSH-201408,18.584463,19.234919,18.538002,19.141996,3132455.2
1999-01-27,HSH-201408,19.234919,19.28138,18.677385,19.002613,5937755.5
1999-01-28,HSH-201408,18.86323,19.32784,18.816769,19.141996,2691226.5
1999-01-29,HSH-201408,18.677385,19.049074,18.538002,18.956152,2823326.2
1999-02-01,HSH-201408,18.584463,18.677385,17.65524,17.841084,9268629
1999-02-02,HSH-201408,17.748161,18.02693,17.7017,17.841084,4085671
1999-02-03,HSH-201408,17.748161,18.352158,17.748161,18.259235,4002940.5
1999-02-04,HSH-201408,18.212774,18.723846,18.119852,18.584463,4912168
1999-02-05,HSH-201408,18.538002,18.677385,18.166313,18.538002,3144427.8
1999-02-08,HSH-201408,18.352158,18.44508,18.073391,18.166313,4244943.5
1999-02-09,HSH-201408,17.65524,17.841084,17.469395,17.7017,3562788
1999-02-10,HSH-201408,17.515856,18.02693,17.515856,18.02693,3865056.5
1999-02-11,HSH-201408,18.02693,19.141996,17.887547,18.86323,6724165
1999-02-12,HSH-201408,18.723846,19.234919,18.677385,18.677385,2650197.8
1999-02-16,HSH-201408,19.32784,19.792454,19.141996,19.467224,2817676.2
1999-02-17,HSH-201408,19.513685,19.792454,19.374302,19.60661,2712884.5
1999-02-18,HSH-201408,19.885376,19.885376,19.374302,19.65307,2294658.8
1999-02-19,HSH-201408,19.513685,20.164143,19.420763,19.792454,2742075.5
1999-02-22,HSH-201408,19.699532,20.44291,19.65307,19.838915,2291161.2
1999-02-23,HSH-201408,19.745993,20.396448,19.60661,19.699532,2768979.8
1999-02-24,HSH-201408,19.699532,20.303526,19.699532,19.885376,1895535
1999-02-25,HSH-201408,19.792017,19.838696,19.418583,19.745337,3484682.8
1999-02-26,HSH-201408,19.55862,20.398848,19.55862,20.305489,2332405
1999-03-01,HSH-201408,20.118773,20.165451,19.698658,19.885376,2692843.2
1999-03-02,HSH-201408,19.885376,20.305489,19.792017,19.978733,2620675.2
1999-03-03,HSH-201408,19.978733,20.352167,19.885376,20.25881,1800450.8
1999-03-04,HSH-201408,20.352167,20.492207,20.165451,20.398848,1474021.1
1999-03-05,HSH-201408,20.538885,20.632244,20.305489,20.632244,2206412.2
1999-03-08,HSH-201408,20.445526,20.445526,19.932055,20.072092,1636700.4
1999-03-09,HSH-201408,19.698658,20.305489,19.65198,19.885376,3163876.8
1999-03-10,HSH-201408,19.978733,20.165451,19.885376,19.932055,1781705.8
1999-03-11,HSH-201408,19.932055,20.025414,19.55862,19.698658,2432021
1999-03-12,HSH-201408,20.072092,20.072092,19.51194,19.838696,3370740.5
1999-03-15,HSH-201408,19.65198,19.932055,19.605299,19.745337,1765638.6
1999-03-16,HSH-201408,19.932055,20.492207,19.792017,20.21213,2241893.8
1999-03-17,HSH-201408,19.885376,20.398848,19.792017,20.025414,2323969.8
1999-03-18,HSH-201408,20.21213,20.772282,20.025414,20.165451,2663521
1999-03-19,HSH-201408,20.165451,20.165451,19.418583,19.838696,3458841.5
1999-03-22,HSH-201408,19.745337,19.792017,19.185186,19.371902,2165039.5
1999-03-23,HSH-201408,19.55862,19.55862,18.671713,19.231865,2973749.5
1999-03-24,HSH-201408,19.418583,19.51194,18.998468,19.278545,1596800.4
1999-03-25,HSH-201408,19.278545,19.745337,19.138506,19.605299,2066361
1999-03-26,HSH-201408,19.418583,19.55862,18.95179,19.51194,2098495
1999-03-29,HSH-201408,19.65198,19.65198,19.325224,19.65198,1304513.4
1999-03-30,HSH-201408,19.045149,19.231865,18.85843,18.95179,2362397
1999-03-31,HSH-201408,18.671713,18.85843,18.064882,18.484997,3585369.8
1999-04-01,HSH-201408,18.298279,18.391638,17.878166,18.158241,2415418.2
1999-04-05,HSH-201408,18.158241,18.484997,17.831486,18.2516,1957640.4
1999-04-06,HSH-201408,18.158241,18.34496,17.55141,17.738129,2805045.2
1999-04-07,HSH-201408,17.598091,17.738129,17.224655,17.318014,3926929.2
1999-04-08,HSH-201408,17.224655,17.598091,17.177977,17.411373,2588541.2
1999-04-09,HSH-201408,17.504732,17.691448,17.177977,17.271336,2078411.2
1999-04-12,HSH-201408,17.271336,17.458052,17.177977,17.364695,2480757.8
1999-04-13,HSH-201408,17.784807,18.204922,17.64477,18.204922,5131425
1999-04-14,HSH-201408,18.438318,18.811752,18.34496,18.718393,3354003.8
1999-04-15,HSH-201408,18.578356,18.765072,17.924845,17.924845,2661780.2
1999-04-16,HSH-201408,18.204922,18.718393,17.784807,18.578356,3287727.2
1999-04-19,HSH-201408,18.578356,19.278545,18.391638,18.531675,2072386.1
1999-04-20,HSH-201408,18.391638,18.811752,18.2516,18.765072,2004904.4
1999-04-21,HSH-201408,18.85843,19.371902,18.484997,19.325224,1607377.9
1999-04-22,HSH-201408,18.484997,18.484997,16.757864,17.924845,13989209
1999-04-23,HSH-201408,17.738129,17.784807,17.364695,17.55141,9846980
1999-04-26,HSH-201408,17.504732,17.971525,17.411373,17.831486,2741044.5
1999-04-27,HSH-201408,17.831486,17.878166,16.94458,17.224655,7035642.5
1999-04-28,HSH-201408,17.177977,17.458052,16.851221,16.94458,6423754
1999-04-29,HSH-201408,16.477787,16.757864,16.057674,16.057674,7292582
1999-04-30,HSH-201408,16.104353,16.617825,16.104353,16.524467,5596165.5
1999-05-03,HSH-201408,16.431108,17.03794,16.384428,16.991259,3165215.5
1999-05-04,HSH-201408,16.804543,16.897902,16.197712,16.384428,5195827.5
1999-05-05,HSH-201408,16.24439,16.617825,16.24439,16.431108,6163467.5
1999-05-06,HSH-201408,16.384428,16.524467,16.29107,16.477787,5145484
1999-05-07,HSH-201408,16.571146,17.131298,16.24439,16.991259,5075190.5
1999-05-10,HSH-201408,17.03794,17.364695,16.851221,17.177977,4946252
1999-05-11,HSH-201408,17.364695,18.298279,17.318014,18.298279,5737823.5
1999-05-12,HSH-201408,18.111563,18.531675,17.924845,18.2516,6519085.5
1999-05-13,HSH-201408,18.484997,18.765072,18.298279,18.484997,3504231
1999-05-14,HSH-201408,18.018204,18.531675,18.018204,18.438318,3156244.8
1999-05-17,HSH-201408,18.578356,18.718393,18.391638,18.484997,3073231.5
1999-05-18,HSH-201408,18.438318,18.625034,17.504732,17.924845,3628215.5
1999-05-19,HSH-201408,17.924845,17.971525,17.598091,17.691448,2008251.6
1999-05-20,HSH-201408,17.738129,18.2516,17.55141,18.111563,3998963.5
1999-05-21,HSH-201408,17.924845,18.34496,17.738129,18.064882,2000619.8
1999-05-24,HSH-201408,18.111563,18.298279,17.784807,17.924845,2216454.2
1999-05-25,HSH-201408,17.738129,18.578356,17.691448,18.298279,4095232
1999-05-26,HSH-201408,18.204922,18.2516,17.831486,18.204922,4188421
1999-05-27,HSH-201408,18.01724,18.158,17.6888,17.735722,3449096.5
1999-05-28,HSH-201408,17.9234,18.25184,17.87648,18.01724,3068927.2
1999-06-01,HSH-201408,18.01724,18.29876,18.01724,18.158,2733248.8
1999-06-02,HSH-201408,18.20492,18.3926,18.20492,18.29876,2546760.8
1999-06-03,HSH-201408,18.25184,18.486439,17.9234,17.97032,2109313
1999-06-04,HSH-201408,18.01724,18.580278,18.01724,18.486439,2296600.2
1999-06-07,HSH-201408,18.3926,18.580278,18.34568,18.43952,1897249.5
1999-06-08,HSH-201408,18.43952,18.721039,18.3926,18.67412,3119012.5
1999-06-09,HSH-201408,18.6272,18.721039,18.25184,18.3926,1945070.4
1999-06-10,HSH-201408,18.20492,18.25184,17.6888,17.9234,2084803.1
1999-06-11,HSH-201408,17.735722,18.01724,17.313442,17.454203,3291514
1999-06-14,HSH-201408,17.641882,17.641882,17.125763,17.219603,3775450.5
1999-06-15,HSH-201408,17.266521,17.829561,17.266521,17.594961,2823961.8
1999-06-16,HSH-201408,17.594961,17.9234,17.501122,17.78264,1430896.1
1999-06-17,HSH-201408,17.6888,18.20492,17.6888,18.01724,1267053.1
1999-06-18,HSH-201408,18.01724,18.25184,17.97032,18.01724,2940783.2
1999-06-21,HSH-201408,18.11108,18.29876,18.064161,18.25184,1735138.1
1999-06-22,HSH-201408,18.11108,18.25184,17.97032,18.11108,1532265.8
1999-06-23,HSH-201408,18.11108,18.158,17.641882,17.78264,4083289
1999-06-24,HSH-201408,17.594961,17.78264,17.454203,17.454203,2030588.4
1999-06-25,HSH-201408,17.360361,17.548042,17.172682,17.266521,2390244
1999-06-28,HSH-201408,17.219603,17.313442,16.938084,17.172682,3242094.8
1999-06-29,HSH-201408,17.125763,17.360361,17.078842,17.266521,3018442.2
1999-06-30,HSH-201408,16.938084,17.125763,16.844244,17.031923,3428582.8
1999-07-01,HSH-201408,16.985003,17.078842,16.515804,16.703484,5922194.5
1999-07-02,HSH-201408,16.656563,17.172682,16.609644,16.891163,2502403.2
1999-07-06,HSH-201408,16.938084,17.594961,16.891163,17.501122,2373460
1999-07-07,HSH-201408,17.641882,17.6888,17.313442,17.454203,1531599.8
1999-07-08,HSH-201408,17.266521,17.548042,17.172682,17.266521,1740466.2
1999-07-09,HSH-201408,17.266521,17.78264,17.266521,17.78264,1963985.5
1999-07-12,HSH-201408,17.78264,17.9234,17.548042,17.6888,2033785.4
1999-07-13,HSH-201408,17.594961,17.78264,16.938084,17.078842,2395971.8
1999-07-14,HSH-201408,17.125763,17.219603,16.891163,17.078842,3155111.2
1999-07-15,HSH-201408,17.125763,17.313442,16.938084,17.266521,1580353
1999-07-16,HSH-201408,17.125763,17.641882,17.078842,17.641882,2148875.2
1999-07-19,HSH-201408,17.454203,17.501122,17.266521,17.313442,1323399.1
1999-07-20,HSH-201408,17.172682,17.313442,16.985003,17.078842,3736421.2
1999-07-21,HSH-201408,17.078842,17.172682,16.891163,17.031923,1486709.4
1999-07-22,HSH-201408,17.031923,17.078842,16.609644,16.797323,2681698
1999-07-23,HSH-201408,16.797323,16.891163,16.562723,16.656563,1239213.1
1999-07-26,HSH-201408,16.609644,16.844244,16.468884,16.562723,1867677.8
1999-07-27,HSH-201408,16.562723,16.703484,16.375044,16.515804,2439530
1999-07-28,HSH-201408,16.515804,16.891163,16.515804,16.797323,3136729
1999-07-29,HSH-201408,16.609644,16.750402,16.515804,16.562723,1861683.5
1999-07-30,HSH-201408,16.844244,16.891163,16.515804,16.515804,1879799.5
1999-08-02,HSH-201408,16.421965,16.421965,16.140444,16.187365,2081339.8
1999-08-03,HSH-201408,16.187365,16.328125,15.905845,16.234285,2419549.2
1999-08-04,HSH-201408,16.375044,16.515804,16.281204,16.328125,1776565
1999-08-05,HSH-201408,16.468884,16.750402,16.281204,16.562723,1707298.1
1999-08-06,HSH-201408,16.515804,16.703484,16.468884,16.562723,1904709
1999-08-09,HSH-201408,16.750402,16.797323,16.421965,16.468884,1596604.1
1999-08-10,HSH-201408,16.468884,16.750402,16.328125,16.515804,2418883.2
1999-08-11,HSH-201408,16.375044,16.468884,16.187365,16.328125,1968781
1999-08-12,HSH-201408,16.328125,16.468884,16.140444,16.281204,2459244.5
1999-08-13,HSH-201408,16.468884,16.656563,16.281204,16.515804,1681855.8
1999-08-16,HSH-201408,16.421965,16.515804,16.281204,16.468884,1930284.5
1999-08-17,HSH-201408,16.468884,16.562723,16.140444,16.281204,1651218.5
1999-08-18,HSH-201408,16.187365,16.468884,16.140444,16.234285,2263432
1999-08-19,HSH-201408,16.093525,16.234285,15.905845,15.905845,2253042
1999-08-20,HSH-201408,16.140444,16.234285,15.952765,15.999685,1915099
1999-08-23,HSH-201408,15.905845,16.234285,15.905845,16.187365,2095992.5
1999-08-24,HSH-201408,16.140444,16.562723,15.999685,16.468884,2486152
1999-08-25,HSH-201408,16.140444,16.891163,16.140444,16.891163,2678501.2
1999-08-26,HSH-201408,16.891163,17.266521,16.750402,17.172682,2723658
1999-08-27,HSH-201408,17.266521,17.360361,16.938084,16.985003,2296334
1999-08-30,HSH-201408,16.937822,17.173725,16.7491,16.890642,1783970.9
1999-08-31,HSH-201408,17.032183,17.032183,16.513197,16.79628,2259670
1999-09-01,HSH-201408,16.890642,17.220905,16.79628,17.220905,2222578.5
1999-09-02,HSH-201408,17.173725,18.306059,17.079365,18.070156,5456696
1999-09-03,HSH-201408,18.4476,18.4476,18.070156,18.35324,2635884.2
1999-09-07,HSH-201408,18.258879,18.258879,17.69271,17.69271,1976846.9
1999-09-08,HSH-201408,17.503988,17.739891,17.362448,17.362448,1760656.1
1999-09-09,HSH-201408,17.834253,17.834253,17.268085,17.362448,1866102.1
1999-09-10,HSH-201408,17.69271,17.739891,17.409628,17.456808,1598513.1
1999-09-13,HSH-201408,17.503988,17.928614,17.409628,17.881433,1359272.6
1999-09-14,HSH-201408,17.834253,17.834253,17.409628,17.69271,1092478.5
1999-09-15,HSH-201408,17.834253,18.022976,17.315268,17.315268,1986252.2
1999-09-16,HSH-201408,17.268085,17.55117,17.032183,17.362448,1449749.5
1999-09-17,HSH-201408,17.315268,17.456808,17.173725,17.173725,1483529.4
1999-09-20,HSH-201408,17.173725,17.315268,17.079365,17.220905,899734.94
1999-09-21,HSH-201408,17.079365,17.079365,16.79628,16.985003,1376758.6
1999-09-22,HSH-201408,17.079365,17.409628,16.843462,17.173725,1801721.9
1999-09-23,HSH-201408,17.220905,17.315268,17.032183,17.173725,2271989.5
1999-09-24,HSH-201408,17.126545,17.55117,16.985003,17.503988,2300603
1999-09-27,HSH-201408,17.69271,17.69271,17.126545,17.409628,1901736.5
1999-09-28,HSH-201408,17.456808,17.59835,17.173725,17.59835,2658536.5
1999-09-29,HSH-201408,17.456808,17.928614,17.173725,17.928614,1822784.5
1999-09-30,HSH-201408,17.55117,18.070156,17.55117,17.64553,2966131.5
1999-10-01,HSH-201408,17.64553,17.64553,17.268085,17.315268,2470297
1999-10-04,HSH-201408,17.409628,18.022976,17.315268,17.975794,2343788.2
1999-10-05,HSH-201408,18.022976,18.589142,17.881433,18.589142,4007211.5
1999-10-06,HSH-201408,18.494781,18.730684,18.494781,18.683502,2405254.2
1999-10-07,HSH-201408,18.541962,18.919405,18.541962,18.777864,3384868.5
1999-10-08,HSH-201408,18.777864,19.155308,18.730684,19.060947,2155813.5
1999-10-11,HSH-201408,19.013767,19.060947,18.40042,18.494781,1710980
1999-10-12,HSH-201408,18.306059,18.589142,18.164516,18.541962,2445657.5
1999-10-13,HSH-201408,18.589142,18.825045,17.975794,18.211697,2995142.2
1999-10-14,HSH-201408,18.306059,18.825045,17.834253,18.777864,2906387.5
1999-10-15,HSH-201408,18.777864,18.777864,18.164516,18.40042,2426714.2
1999-10-18,HSH-201408,18.117336,18.4476,17.787073,18.4476,2002678.5
1999-10-19,HSH-201408,18.4476,18.4476,18.022976,18.211697,2398101
1999-10-20,HSH-201408,18.211697,18.730684,18.117336,18.589142,1444318.2
1999-10-21,HSH-201408,18.40042,18.777864,18.35324,18.683502,1909949.6
1999-10-22,HSH-201408,18.825045,19.155308,18.730684,18.825045,1889416.9
1999-10-25,HSH-201408,18.636322,18.730684,18.258879,18.40042,1528569.1
1999-10-26,HSH-201408,18.306059,18.4476,17.739891,17.928614,1487635.9
1999-10-27,HSH-201408,18.306059,19.579933,18.117336,19.34403,3380762
1999-10-28,HSH-201408,19.627113,20.287642,19.532753,20.193281,5550087.5
1999-10-29,HSH-201408,20.287642,20.759447,20.240461,20.429184,4665586.5
1999-11-01,HSH-201408,20.09892,20.382004,19.815836,20.004559,2197939
1999-11-02,HSH-201408,20.382004,20.570726,20.004559,20.004559,2829290
1999-11-03,HSH-201408,20.09892,20.382004,20.004559,20.240461,2063614.6
1999-11-04,HSH-201408,20.146101,20.334824,20.09892,20.146101,1455313.2
1999-11-05,HSH-201408,20.193281,20.476364,20.051739,20.240461,1741580.5
1999-11-08,HSH-201408,20.004559,20.382004,20.004559,20.382004,1991418.6
1999-11-09,HSH-201408,20.334824,20.334824,19.627113,19.815836,1612687.4
1999-11-10,HSH-201408,19.674295,20.051739,19.39121,19.957378,2386841
1999-11-11,HSH-201408,19.863018,19.910198,19.013767,19.155308,2573226
1999-11-12,HSH-201408,19.013767,19.863018,19.013767,19.815836,1929422.8
1999-11-15,HSH-201408,19.721476,19.910198,19.39121,19.438393,1405902
1999-11-16,HSH-201408,19.438393,20.09892,19.438393,20.09892,1601957.4
1999-11-17,HSH-201408,19.721476,19.863018,19.485573,19.627113,1577318
1999-11-18,HSH-201408,19.485573,19.579933,19.29685,19.485573,1229584.8
1999-11-19,HSH-201408,19.485573,19.532753,19.29685,19.39121,874565.6
1999-11-22,HSH-201408,19.155308,19.20249,18.211697,18.589142,1631895.5
1999-11-23,HSH-201408,18.4476,18.683502,18.258879,18.40042,1029952.75
1999-11-24,HSH-201408,18.494781,19.155308,18.306059,18.966587,2054209.2
1999-11-26,HSH-201408,18.777864,19.013767,18.541962,18.589142,872313.7
1999-11-29,HSH-201408,18.264648,18.40697,17.837683,18.312088,2896514.2
1999-11-30,HSH-201408,18.312088,19.023699,18.122326,18.596733,2230023.5
1999-12-01,HSH-201408,18.35953,18.40697,17.885122,17.885122,2540016
1999-12-02,HSH-201408,17.932564,18.122326,17.790241,17.932564,1821618.4
1999-12-03,HSH-201408,18.074886,19.023699,18.027445,18.691614,2225412.5
1999-12-06,HSH-201408,18.217207,18.549292,18.169767,18.312088,1106250.8
1999-12-07,HSH-201408,18.312088,18.45441,17.69536,17.69536,2330148.5
1999-12-08,HSH-201408,18.027445,18.027445,17.315836,17.458157,1334298.9
1999-12-09,HSH-201408,17.458157,17.64792,17.220953,17.363276,1701731.8
1999-12-10,HSH-201408,17.220953,17.315836,16.88887,17.078632,1853895.5
1999-12-13,HSH-201408,16.88887,17.03119,16.604225,16.604225,1287793.4
1999-12-14,HSH-201408,15.987497,17.126072,15.987497,16.983751,2890585.8
1999-12-15,HSH-201408,17.126072,17.220953,16.604225,16.746548,2122257.2
1999-12-16,HSH-201408,17.126072,17.126072,16.604225,16.983751,2083919.9
1999-12-17,HSH-201408,16.93631,17.078632,16.604225,16.793987,3917922
1999-12-20,HSH-201408,16.604225,16.88887,16.414463,16.651667,1801856.9
1999-12-21,HSH-201408,16.509344,16.88887,16.27214,16.793987,2707725.8
1999-12-22,HSH-201408,17.03119,17.078632,16.367022,16.509344,2640536.5
1999-12-23,HSH-201408,16.509344,16.793987,16.509344,16.651667,1263816.1
1999-12-27,HSH-201408,16.651667,16.983751,16.604225,16.793987,1894867.9
1999-12-28,HSH-201408,16.699106,16.793987,16.367022,16.793987,1566562.9
1999-12-29,HSH-201408,16.699106,16.746548,16.2247,16.2247,1710295.1
1999-12-30,HSH-201408,16.319582,16.983751,16.319582,16.88887,2217903
1999-12-31,HSH-201408,16.793987,16.88887,16.556786,16.746548,697845.7
2000-01-03,HSH-201408,16.414463,16.699106,15.987497,16.12982,2570317
2000-01-04,HSH-201408,15.987497,16.17726,15.607972,15.987497,2527237
2000-01-05,HSH-201408,16.319582,16.414463,15.655413,15.797734,3278438.8
2000-01-06,HSH-201408,15.560532,16.12982,15.560532,15.892616,2323166.2
2000-01-07,HSH-201408,16.034937,16.082378,15.655413,15.750294,3029180
2000-01-10,HSH-201408,16.082378,16.12982,15.607972,15.607972,2635003.2
2000-01-11,HSH-201408,15.418209,15.845175,15.418209,15.750294,3462879.8
2000-01-12,HSH-201408,15.46565,15.750294,15.086125,15.181006,3661944.2
2000-01-13,HSH-201408,15.228447,15.46565,15.133566,15.181006,2629997
2000-01-14,HSH-201408,15.940057,15.987497,15.2758875,15.2758875,4015017.2
2000-01-18,HSH-201408,15.2758875,15.370769,14.801481,15.086125,4225675
2000-01-19,HSH-201408,14.991243,15.323328,14.896362,14.943803,3505696.5
2000-01-20,HSH-201408,15.038684,15.086125,14.374516,14.516837,3446543.5
2000-01-21,HSH-201408,14.754041,14.848922,14.184752,14.2796335,2909293.2
2000-01-24,HSH-201408,14.421956,14.659159,14.089871,14.089871,2492720.2
2000-01-25,HSH-201408,14.089871,14.232193,13.710346,13.805227,2776495.8
2000-01-26,HSH-201408,13.99499,14.374516,13.757787,14.2796335,2820498.2
2000-01-27,HSH-201408,14.421956,14.611718,13.710346,13.99499,2934192.8
2000-01-28,HSH-201408,13.94755,13.94755,13.425702,13.805227,3923982.2
2000-01-31,HSH-201408,13.757787,14.184752,13.710346,13.99499,3702784.8
2000-02-01,HSH-201408,14.042431,14.137312,13.805227,13.900108,3443513.5
2000-02-02,HSH-201408,13.852668,13.94755,13.473143,13.852668,4961726.5
2000-02-03,HSH-201408,13.757787,14.089871,13.568025,14.089871,3324680.8
2000-02-04,HSH-201408,13.94755,13.99499,13.662906,13.757787,3291613.2
2000-02-07,HSH-201408,13.568025,13.805227,13.520584,13.805227,2298398.5
2000-02-08,HSH-201408,13.852668,13.94755,13.568025,13.757787,2839074
2000-02-09,HSH-201408,13.473143,13.568025,13.2833805,13.330821,3697251.8
2000-02-10,HSH-201408,13.662906,13.805227,13.330821,13.425702,3504774.2
2000-02-11,HSH-201408,13.330821,13.568025,13.2833805,13.330821,2599959.5
2000-02-14,HSH-201408,13.188499,13.23594,12.429449,12.761534,4403529
2000-02-15,HSH-201408,12.761534,12.903855,12.429449,12.666652,5455765
2000-02-16,HSH-201408,12.52433,12.571771,12.097364,12.239686,5200841
2000-02-17,HSH-201408,12.334567,12.856415,12.334567,12.808974,3994597
2000-02-18,HSH-201408,12.714092,12.808974,12.239686,12.382009,3902639.8
2000-02-22,HSH-201408,12.239686,12.856415,12.239686,12.619211,2619984.5
2000-02-23,HSH-201408,12.334567,12.808974,12.334567,12.382009,3106118.2
2000-02-24,HSH-201408,12.429449,12.429449,11.622958,11.81272,4582041.5
2000-02-25,HSH-201408,12.002483,12.049924,11.433195,11.433195,4308278.5
2000-02-28,HSH-201408,11.345116,11.775943,11.249376,11.440855,3709811.2
2000-02-29,HSH-201408,11.392985,11.680203,11.297246,11.392985,4021856.2
2000-03-01,HSH-201408,11.392985,11.440855,11.105767,11.201507,4613306
2000-03-02,HSH-201408,11.105767,11.249376,10.818549,10.866419,3076712.2
2000-03-03,HSH-201408,10.770679,11.392985,10.72281,11.153637,3500127.5
2000-03-06,HSH-201408,10.962158,11.201507,10.579201,10.67494,3347499.5
2000-03-07,HSH-201408,10.770679,10.818549,10.244113,10.435592,4237546
2000-03-08,HSH-201408,10.579201,11.440855,10.579201,11.153637,5022359
2000-03-09,HSH-201408,10.9142885,11.249376,10.9142885,10.962158,3981251.2
2000-03-10,HSH-201408,10.962158,11.440855,10.962158,11.153637,4298127
2000-03-13,HSH-201408,10.962158,11.440855,10.9142885,11.249376,3209494.5
2000-03-14,HSH-201408,11.297246,11.536594,11.249376,11.249376,4090271.2
2000-03-15,HSH-201408,11.201507,12.015291,11.201507,11.680203,4587062.5
2000-03-16,HSH-201408,12.111031,13.355642,12.063161,13.212033,7355255
2000-03-17,HSH-201408,13.020555,13.882209,12.924815,13.451382,7483729
2000-03-20,HSH-201408,13.594991,13.69073,13.499251,13.64286,3437718.5
2000-03-21,HSH-201408,13.403512,13.7386,13.403512,13.64286,3285612.8
2000-03-22,HSH-201408,13.69073,13.7386,13.403512,13.499251,3257672.2
2000-03-23,HSH-201408,13.499251,14.121557,13.403512,13.786469,3759425
2000-03-24,HSH-201408,13.786469,14.265166,13.786469,14.265166,3906177.8
2000-03-27,HSH-201408,13.834339,13.977948,13.307773,13.499251,5702591
2000-03-28,HSH-201408,13.259903,13.355642,13.212033,13.355642,4794135.5
2000-03-29,HSH-201408,13.307773,13.786469,13.212033,13.64286,3226990
2000-03-30,HSH-201408,13.7386,14.408775,13.69073,14.073688,3332093
2000-03-31,HSH-201408,14.265166,14.695993,13.786469,13.786469,4136751.5
2000-04-03,HSH-201408,14.073688,14.169427,13.403512,13.547121,4341343.5
2000-04-04,HSH-201408,13.594991,14.504515,13.355642,13.977948,4693341
2000-04-05,HSH-201408,13.977948,14.121557,13.547121,13.594991,3139904.8
2000-04-06,HSH-201408,13.69073,13.834339,13.259903,13.451382,2472076
2000-04-07,HSH-201408,13.068424,13.212033,12.637597,12.924815,5146002
2000-04-10,HSH-201408,12.972685,13.068424,12.685467,12.829076,2099319.2
2000-04-11,HSH-201408,12.829076,13.212033,12.781206,13.020555,2453405.5
2000-04-12,HSH-201408,13.164164,13.64286,13.020555,13.499251,4205819.5
2000-04-13,HSH-201408,13.64286,13.786469,13.403512,13.451382,4030865.2
2000-04-14,HSH-201408,13.116294,13.307773,12.446118,12.589727,3094468.8
2000-04-17,HSH-201408,12.685467,12.924815,12.493988,12.8769455,2804358.2
2000-04-18,HSH-201408,12.733336,12.8769455,12.685467,12.829076,2304302.8
2000-04-19,HSH-201408,12.829076,13.116294,12.589727,12.589727,2365928.5
2000-04-20,HSH-201408,12.781206,12.781206,12.015291,12.015291,3870273
2000-04-24,HSH-201408,12.015291,12.589727,11.967422,12.541858,3492816
2000-04-25,HSH-201408,12.446118,12.685467,12.25464,12.589727,2617000.8
2000-04-26,HSH-201408,12.446118,12.493988,11.871682,11.919552,3501563.5
2000-04-27,HSH-201408,11.871682,12.063161,11.632334,11.632334,3653669.2
2000-04-28,HSH-201408,11.584464,11.680203,11.440855,11.488725,4356097
2000-05-01,HSH-201408,11.345116,11.440855,11.153637,11.392985,5350594
2000-05-02,HSH-201408,11.392985,11.728073,11.392985,11.584464,5435590.5
2000-05-03,HSH-201408,12.063161,12.924815,12.063161,12.493988,8072958.5
2000-05-04,HSH-201408,12.685467,13.259903,12.637597,13.020555,5442379.5
2000-05-05,HSH-201408,12.8769455,13.307773,12.685467,13.164164,4216134
2000-05-08,HSH-201408,12.829076,13.355642,12.829076,13.164164,3093424.2
2000-05-09,HSH-201408,13.116294,13.212033,12.8769455,12.972685,1927890.2
2000-05-10,HSH-201408,13.116294,13.403512,13.020555,13.355642,3000072
2000-05-11,HSH-201408,13.355642,13.547121,13.259903,13.451382,3502216.5
2000-05-12,HSH-201408,13.64286,13.69073,13.259903,13.499251,2038607.5
2000-05-15,HSH-201408,13.403512,13.834339,13.355642,13.64286,2619612
2000-05-16,HSH-201408,13.499251,13.786469,13.355642,13.64286,2899799.8
2000-05-17,HSH-201408,13.403512,13.786469,13.307773,13.307773,2739468.5
2000-05-18,HSH-201408,13.355642,13.594991,13.068424,13.068424,2516597.8
2000-05-19,HSH-201408,13.020555,13.355642,12.924815,13.259903,2862328.2
2000-05-22,HSH-201408,13.7386,13.7386,13.259903,13.403512,2913378.2
2000-05-23,HSH-201408,13.403512,13.64286,13.403512,13.499251,2928262.2
2000-05-24,HSH-201408,13.69073,14.169427,13.547121,13.7386,3069661.8
2000-05-25,HSH-201408,13.547121,13.7386,13.499251,13.64286,2297644
2000-05-26,HSH-201408,13.594991,14.456645,13.594991,14.360906,3158966.8
2000-05-30,HSH-201408,14.850788,14.850788,13.934669,14.561487,5932574
2000-05-31,HSH-201408,14.36862,14.561487,13.693584,13.886452,4980106
2000-06-01,HSH-201408,13.693584,14.079319,13.693584,13.934669,4675751.5
2000-06-02,HSH-201408,13.741801,14.079319,13.597151,13.597151,4343917.5
2000-06-05,HSH-201408,13.597151,13.645368,13.114982,13.163198,4792153
2000-06-06,HSH-201408,12.825681,13.500717,12.825681,13.404284,4011435.2
2000-06-07,HSH-201408,13.500717,13.982885,13.500717,13.741801,5375714.5
2000-06-08,HSH-201408,13.741801,14.031102,13.693584,13.790018,3998602.5
2000-06-09,HSH-201408,13.886452,14.320403,13.886452,13.982885,4391230
2000-06-12,HSH-201408,13.790018,14.223969,13.741801,14.031102,2447925.5
2000-06-13,HSH-201408,13.934669,14.223969,13.934669,13.982885,3630733.2
2000-06-14,HSH-201408,14.175753,14.416837,14.079319,14.223969,3398708.5
2000-06-15,HSH-201408,14.079319,14.272186,13.934669,14.079319,3671953.2
2000-06-16,HSH-201408,13.886452,14.223969,13.645368,13.693584,6755289.5
2000-06-19,HSH-201408,13.838235,14.223969,13.838235,14.079319,4127836.2
2000-06-20,HSH-201408,14.079319,14.272186,13.934669,13.934669,3561773.8
2000-06-21,HSH-201408,13.934669,14.223969,13.886452,13.982885,3418670.2
2000-06-22,HSH-201408,13.934669,14.127536,13.886452,14.079319,2717800.2
2000-06-23,HSH-201408,14.175753,14.175753,13.886452,13.982885,2493034.2
2000-06-26,HSH-201408,14.320403,14.320403,13.934669,13.982885,2942695.5
2000-06-27,HSH-201408,14.51327,14.947222,14.272186,14.609704,4171519.2
2000-06-28,HSH-201408,14.7543545,14.802571,14.320403,14.51327,2433926.2
2000-06-29,HSH-201408,14.51327,14.7543545,14.320403,14.465054,2275527.2
2000-06-30,HSH-201408,14.465054,14.99544,14.36862,14.899005,3933661.5
2000-07-03,HSH-201408,14.899005,14.99544,14.561487,14.850788,1168937.9
2000-07-05,HSH-201408,14.947222,15.043656,14.706138,14.802571,2041947.1
2000-07-06,HSH-201408,14.899005,14.899005,14.51327,14.657921,1214565.1
2000-07-07,HSH-201408,14.899005,14.947222,14.657921,14.7543545,1928786.5
2000-07-10,HSH-201408,14.657921,14.706138,14.320403,14.465054,1837013.6
2000-07-11,HSH-201408,14.51327,14.850788,14.36862,14.609704,1906361.8
2000-07-12,HSH-201408,14.657921,14.899005,14.657921,14.850788,2046872.8
2000-07-13,HSH-201408,14.899005,15.718692,14.7543545,15.574041,6098231.5
2000-07-14,HSH-201408,15.863342,16.05621,15.381174,15.574041,3377709.5
2000-07-17,HSH-201408,15.429391,15.429391,15.188307,15.236524,4657215.5
2000-07-18,HSH-201408,15.236524,15.236524,14.850788,15.188307,2118683.8
2000-07-19,HSH-201408,15.188307,15.477608,15.188307,15.332957,1791775.2
2000-07-20,HSH-201408,15.429391,15.429391,15.236524,15.28474,1977265.4
2000-07-21,HSH-201408,15.332957,15.332957,14.657921,14.802571,1571027.8
2000-07-24,HSH-201408,14.706138,14.899005,14.561487,14.899005,1628839.4
2000-07-25,HSH-201408,14.802571,14.899005,14.561487,14.802571,1282098.6
2000-07-26,HSH-201408,14.706138,14.802571,14.561487,14.609704,2024577.6
2000-07-27,HSH-201408,14.850788,14.947222,14.465054,14.51327,1224027.6
2000-07-28,HSH-201408,14.223969,14.561487,14.223969,14.416837,1216639.1
2000-07-31,HSH-201408,14.51327,14.706138,14.223969,14.223969,1318263.4
2000-08-01,HSH-201408,14.465054,14.561487,14.320403,14.465054,976707.4
2000-08-02,HSH-201408,14.320403,14.947222,14.320403,14.7543545,1858660.6
2000-08-03,HSH-201408,14.7543545,14.899005,14.320403,14.609704,1836624.8
2000-08-04,HSH-201408,14.609704,14.850788,14.609704,14.706138,1699872.8
2000-08-07,HSH-201408,14.609704,14.802571,14.609704,14.657921,1556250.8
2000-08-08,HSH-201408,14.272186,14.657921,14.272186,14.609704,2125553.8
2000-08-09,HSH-201408,14.079319,14.609704,14.079319,14.51327,2120369
2000-08-10,HSH-201408,14.609704,14.899005,14.36862,14.465054,1508419.9
2000-08-11,HSH-201408,14.561487,14.706138,14.36862,14.51327,1907787.6
2000-08-14,HSH-201408,14.320403,14.51327,14.272186,14.36862,1970395.4
2000-08-15,HSH-201408,14.320403,14.561487,14.127536,14.36862,2043761.9
2000-08-16,HSH-201408,14.561487,14.657921,14.320403,14.465054,2497571
2000-08-17,HSH-201408,14.465054,14.802571,14.465054,14.706138,2275527.2
2000-08-18,HSH-201408,14.465054,14.706138,14.465054,14.657921,2669710
2000-08-21,HSH-201408,14.657921,14.899005,14.609704,14.609704,1831958.2
2000-08-22,HSH-201408,14.51327,14.706138,14.320403,14.609704,2661155
2000-08-23,HSH-201408,14.561487,14.802571,14.465054,14.7543545,1651134.5
2000-08-24,HSH-201408,14.802571,14.850788,14.561487,14.7543545,1717501.4
2000-08-25,HSH-201408,14.802571,14.802571,14.609704,14.706138,1399018.2
2000-08-28,HSH-201408,14.7543545,14.899005,14.609704,14.706138,1585804.6
2000-08-29,HSH-201408,14.7543545,14.850788,14.706138,14.7543545,1573360.9
2000-08-30,HSH-201408,14.713565,15.053482,14.713565,14.859244,1730347.1
2000-08-31,HSH-201408,14.810684,14.956364,14.422208,14.470767,8019652
2000-09-01,HSH-201408,14.665006,14.810684,14.470767,14.665006,3052047
2000-09-05,HSH-201408,14.616446,14.810684,14.567886,14.665006,1917745.6
2000-09-06,HSH-201408,14.665006,15.296281,14.665006,15.102042,2809046.8
2000-09-07,HSH-201408,15.150601,15.296281,15.102042,15.199162,1892518.9
2000-09-08,HSH-201408,15.3934,15.3934,15.102042,15.3934,2709041
2000-09-11,HSH-201408,15.3934,15.3934,15.247721,15.34484,1644499
2000-09-12,HSH-201408,15.441959,15.927556,15.3934,15.587638,4548275
2000-09-13,HSH-201408,15.733317,15.927556,15.636198,15.927556,2685744.8
2000-09-14,HSH-201408,15.781877,15.976115,15.733317,15.830437,3355025.2
2000-09-15,HSH-201408,15.733317,15.878996,15.539079,15.733317,3760454.5
2000-09-18,HSH-201408,15.878996,15.878996,15.34484,15.684757,2440942.8
2000-09-19,HSH-201408,15.636198,15.976115,15.636198,15.927556,2274781
2000-09-20,HSH-201408,15.830437,15.830437,15.004923,15.102042,5515127.5
2000-09-21,HSH-201408,15.102042,15.684757,14.956364,15.441959,2117500
2000-09-22,HSH-201408,15.441959,15.781877,15.34484,15.733317,2463724
2000-09-25,HSH-201408,15.830437,15.830437,15.3934,15.441959,1775909.6
2000-09-26,HSH-201408,15.539079,15.684757,15.199162,15.296281,2476466
2000-09-27,HSH-201408,15.199162,15.296281,14.762125,15.199162,2999148.2
2000-09-28,HSH-201408,15.296281,15.539079,15.199162,15.49052,2210041
2000-09-29,HSH-201408,15.684757,15.781877,15.49052,15.781877,2383796.5
2000-10-02,HSH-201408,15.49052,15.684757,15.3934,15.49052,2014405.1
2000-10-03,HSH-201408,15.441959,15.636198,15.247721,15.539079,1344095.1
2000-10-04,HSH-201408,15.539079,15.539079,15.150601,15.199162,2825521.5
2000-10-05,HSH-201408,15.3934,15.49052,15.247721,15.441959,2114668.5
2000-10-06,HSH-201408,15.49052,15.636198,15.3934,15.49052,2866836.8
2000-10-09,HSH-201408,15.441959,15.49052,15.296281,15.3934,1022583.1
2000-10-10,HSH-201408,15.3934,15.49052,15.34484,15.34484,1802294.8
2000-10-11,HSH-201408,15.34484,15.49052,15.053482,15.247721,1796374.2
2000-10-12,HSH-201408,15.199162,15.3934,14.956364,15.053482,1851589.9
2000-10-13,HSH-201408,15.102042,15.150601,14.762125,14.810684,956041.25
2000-10-16,HSH-201408,14.859244,15.150601,14.762125,15.150601,1147043.5
2000-10-17,HSH-201408,15.102042,15.34484,15.053482,15.296281,1624935.5
2000-10-18,HSH-201408,15.199162,15.539079,15.102042,15.441959,2923725.5
2000-10-19,HSH-201408,15.441959,15.684757,15.247721,15.636198,2636964.5
2000-10-20,HSH-201408,15.49052,15.587638,15.247721,15.296281,2251227.5
2000-10-23,HSH-201408,15.34484,15.34484,15.053482,15.053482,2320987
2000-10-24,HSH-201408,15.34484,15.441959,15.199162,15.3934,3601886.8
2000-10-25,HSH-201408,15.102042,15.830437,15.004923,15.733317,7536483
2000-10-26,HSH-201408,15.636198,15.878996,15.539079,15.830437,6715713.5
2000-10-27,HSH-201408,15.684757,16.073235,15.636198,15.878996,3084481.5
2000-10-30,HSH-201408,15.976115,16.70451,15.781877,16.70451,4443764
2000-10-31,HSH-201408,16.70451,16.801628,16.267473,16.753069,2287265.5
2000-11-01,HSH-201408,16.65595,17.092987,16.55883,16.753069,4101401.5
2000-11-02,HSH-201408,16.70451,16.995867,16.65595,16.898748,1956872.8
2000-11-03,HSH-201408,17.044428,17.044428,16.70451,16.753069,2142083.2
2000-11-06,HSH-201408,16.753069,16.898748,16.753069,16.753069,2049156.2
2000-11-07,HSH-201408,16.70451,16.85019,16.65595,16.70451,1348342.5
2000-11-08,HSH-201408,16.60739,16.801628,16.316032,16.461712,2058551.9
2000-11-09,HSH-201408,16.073235,16.65595,16.073235,16.55883,2066789.2
2000-11-10,HSH-201408,16.55883,17.044428,16.364592,16.85019,2975980.8
2000-11-13,HSH-201408,16.753069,17.092987,16.753069,16.947308,3692368.2
2000-11-14,HSH-201408,17.044428,17.044428,16.55883,16.898748,3771523.5
2000-11-15,HSH-201408,16.995867,17.675701,16.898748,17.675701,4569640.5
2000-11-16,HSH-201408,17.335785,17.675701,17.092987,17.190105,2213258.8
2000-11-17,HSH-201408,17.092987,17.724262,16.995867,17.141546,2584966.8
2000-11-20,HSH-201408,16.947308,18.064178,16.947308,17.9185,3359143.8
2000-11-21,HSH-201408,18.161299,18.792574,17.86994,18.695454,5115618.5
2000-11-22,HSH-201408,18.646894,18.841133,18.452656,18.598335,2106173.8
2000-11-24,HSH-201408,18.404097,18.404097,17.9185,18.064178,829907.6
2000-11-27,HSH-201408,17.578583,18.306976,17.530024,18.11274,1768959.5
2000-11-28,HSH-201408,18.306976,18.452656,17.9185,18.452656,1685170.8
2000-11-29,HSH-201408,18.370573,18.761436,18.370573,18.71258,1718120
2000-11-30,HSH-201408,18.321716,18.761436,18.272858,18.761436,2383953.8
2000-12-01,HSH-201408,18.663721,18.90801,18.517147,18.90801,2087047
2000-12-04,HSH-201408,18.859152,19.787453,18.810295,19.689737,4522041.5
2000-12-05,HSH-201408,19.543163,19.640879,19.005726,19.543163,4667361
2000-12-06,HSH-201408,19.347733,19.494305,18.95687,19.250015,2183116.2
2000-12-07,HSH-201408,19.103443,19.592022,19.103443,19.445448,1710828.5
2000-12-08,HSH-201408,19.347733,19.640879,18.90801,19.445448,2623040
2000-12-11,HSH-201408,19.445448,19.592022,18.71258,18.90801,2144100.2
2000-12-12,HSH-201408,18.90801,19.298874,18.663721,19.103443,2434355
2000-12-13,HSH-201408,19.005726,19.201159,18.663721,19.005726,2313468.8
2000-12-14,HSH-201408,18.810295,19.103443,18.566006,18.810295,2536181
2000-12-15,HSH-201408,18.370573,18.71258,18.077427,18.077427,8258258.5
2000-12-18,HSH-201408,18.223999,18.95687,18.077427,18.95687,2800340
2000-12-19,HSH-201408,19.054585,19.39659,18.95687,19.005726,2665638
2000-12-20,HSH-201408,18.71258,19.494305,18.46829,18.95687,2537716
2000-12-21,HSH-201408,19.054585,19.1523,18.810295,19.054585,3154555.8
2000-12-22,HSH-201408,19.103443,19.201159,18.810295,19.201159,1721318
2000-12-26,HSH-201408,19.201159,19.347733,19.054585,19.298874,2057497
2000-12-27,HSH-201408,19.298874,19.39659,19.201159,19.250015,2461986.2
2000-12-28,HSH-201408,19.445448,19.445448,19.103443,19.347733,1927400.4
2000-12-29,HSH-201408,19.347733,19.39659,19.103443,19.201159,1739866.8
2001-01-02,HSH-201408,19.1523,19.347733,19.005726,19.250015,2511492
2001-01-03,HSH-201408,19.201159,19.347733,17.784279,18.077427,3463999
2001-01-04,HSH-201408,17.197985,17.393415,16.269684,17.197985,5597993.5
2001-01-05,HSH-201408,17.100267,17.73542,16.953693,17.588846,2871848.2
2001-01-08,HSH-201408,17.588846,17.73542,17.2957,17.686563,1834017.2
2001-01-09,HSH-201408,17.73542,17.784279,17.05141,17.588846,1869963.4
2001-01-10,HSH-201408,17.686563,17.784279,17.2957,17.588846,1197989.2
2001-01-11,HSH-201408,17.344557,17.393415,16.660547,16.758263,2123249
2001-01-12,HSH-201408,16.709404,16.807121,15.976536,16.416258,3944090.2
2001-01-16,HSH-201408,16.611689,17.002552,16.3674,16.904837,2694036.8
2001-01-17,HSH-201408,16.904837,17.002552,16.709404,16.807121,2348647.5
2001-01-18,HSH-201408,16.904837,17.344557,16.709404,17.344557,2530040.8
2001-01-19,HSH-201408,17.344557,17.49113,16.953693,17.442274,3068592.2
2001-01-22,HSH-201408,17.2957,17.588846,17.246841,17.588846,2401990.8
2001-01-23,HSH-201408,17.588846,17.930853,17.344557,17.833138,3663685.2
2001-01-24,HSH-201408,17.442274,17.442274,16.807121,17.002552,4374931.5
2001-01-25,HSH-201408,17.002552,17.05141,16.807121,17.05141,3983618
2001-01-26,HSH-201408,16.855978,17.197985,16.855978,17.149126,3840345.5
2001-01-29,HSH-201408,16.92438,17.084633,16.627323,16.689861,3253183.8
2001-01-30,HSH-201408,16.619507,16.791485,16.416258,16.424074,3799410.5
2001-01-31,HSH-201408,16.424074,16.611689,16.416258,16.603872,2517888.2
2001-02-01,HSH-201408,16.533516,16.744583,16.220825,16.744583,2528889.5
2001-02-02,HSH-201408,16.69768,16.705498,16.424074,16.46316,1940320.5
2001-02-05,HSH-201408,16.470978,16.510065,16.345901,16.478796,3479221.8
2001-02-06,HSH-201408,16.416258,16.572603,16.267729,16.416258,1221143.1
2001-02-07,HSH-201408,16.416258,16.611689,16.338085,16.502247,2854706.8
2001-02-08,HSH-201408,16.564785,16.807121,16.447527,16.596054,1551565.6
2001-02-09,HSH-201408,16.650774,16.807121,16.46316,16.510065,1449867.6
2001-02-12,HSH-201408,16.533516,16.689861,16.439709,16.627323,1823399.8
2001-02-13,HSH-201408,16.465115,16.650774,16.322449,16.49443,2459683.8
2001-02-14,HSH-201408,16.416258,16.416258,16.017576,16.40844,2311422
2001-02-15,HSH-201408,16.25991,16.330267,15.947221,16.142653,1838878.4
2001-02-16,HSH-201408,16.06448,16.533516,16.06448,16.369354,1833505.6
2001-02-20,HSH-201408,16.807121,17.104176,16.728947,17.033821,2739577
2001-02-21,HSH-201408,17.033821,17.190166,16.611689,16.611689,1560136.4
2001-02-22,HSH-201408,16.689861,17.174532,16.46316,17.174532,3047741
2001-02-23,HSH-201408,17.158897,17.588846,16.822756,17.205801,2318457.8
2001-02-26,HSH-201408,17.11981,17.393415,17.080725,17.229254,2664742.5
2001-02-27,HSH-201408,17.262697,17.547949,16.934164,17.39057,2027440.4
2001-02-28,HSH-201408,17.453522,17.484997,16.81613,17.067938,3077124.2
2001-03-01,HSH-201408,16.918427,17.067938,16.800392,16.871212,3031502.2
2001-03-02,HSH-201408,16.871212,16.918427,16.540712,16.88695,2485438
2001-03-05,HSH-201408,16.800392,16.957771,16.517105,16.524975,2271943
2001-03-06,HSH-201408,16.524975,16.524975,16.131523,16.24169,4135322.5
2001-03-07,HSH-201408,16.273167,16.336119,16.170868,16.265297,2192263.5
2001-03-08,HSH-201408,16.446283,16.81613,16.422678,16.81613,1945092.2
2001-03-09,HSH-201408,16.682356,17.012856,16.674486,16.839735,2538557.5
2001-03-12,HSH-201408,16.800392,17.154497,16.619404,16.981379,2768191.8
2001-03-13,HSH-201408,16.7217,17.03646,16.40694,16.981379,2618364
2001-03-14,HSH-201408,16.839735,16.918427,16.611534,16.698093,3179805.2
2001-03-15,HSH-201408,16.64301,16.910557,16.532845,16.831867,3042177
2001-03-16,HSH-201408,16.650879,16.997118,16.650879,16.989248,5240286.5
2001-03-19,HSH-201408,16.981379,17.272533,16.918427,17.03646,2653946.5
2001-03-20,HSH-201408,16.997118,17.099651,16.800392,16.942034,2767302.2
2001-03-21,HSH-201408,16.918427,17.107283,16.745308,16.776783,2910521.8
2001-03-22,HSH-201408,16.279068,16.64301,15.8954525,16.517105,3588622.8
2001-03-23,HSH-201408,16.343987,16.7217,16.029226,16.587927,2714055.5
2001-03-26,HSH-201408,16.524975,16.587927,16.422678,16.532845,1588631.8
2001-03-27,HSH-201408,16.532845,16.587927,16.288904,16.548582,3151974.5
2001-03-28,HSH-201408,16.524975,17.099415,16.509235,17.012856,4826004.5
2001-03-29,HSH-201408,16.981379,17.115152,16.800392,16.910557,4843668.5
2001-03-30,HSH-201408,16.918427,17.004986,16.72957,16.981379,4747596
2001-04-02,HSH-201408,16.997118,17.154497,16.918427,16.949903,4073053
2001-04-03,HSH-201408,16.918427,16.981379,16.776783,16.88695,5273454.5
2001-04-04,HSH-201408,16.957771,18.090912,16.934164,17.744675,11997785
2001-04-05,HSH-201408,17.870579,18.295507,17.547949,17.563686,11284356
2001-04-06,HSH-201408,17.398438,17.70533,17.185974,17.343355,2101401
2001-04-09,HSH-201408,17.343355,17.776152,17.21745,17.225319,2078780.8
2001-04-10,HSH-201408,17.484997,17.484997,16.776783,16.81613,3622934.5
2001-04-11,HSH-201408,16.627272,16.650879,16.249557,16.619404,4147014
2001-04-12,HSH-201408,16.57219,16.71383,16.40694,16.666618,1995416
2001-04-16,HSH-201408,16.682356,16.71383,16.462023,16.524975,1572619.6
2001-04-17,HSH-201408,16.430546,16.64301,16.430546,16.524975,4137610
2001-04-18,HSH-201408,16.540712,16.540712,16.178738,16.493498,3644792.2
2001-04-19,HSH-201408,15.934797,16.31251,15.934797,16.23382,3450994.8
2001-04-20,HSH-201408,16.060701,16.163,15.627905,15.627905,3143079
2001-04-23,HSH-201408,15.627905,15.958405,15.580689,15.722333,2024644.5
2001-04-24,HSH-201408,15.777416,15.848237,15.446917,15.627905,2279440.8
2001-04-25,HSH-201408,15.66725,16.084309,15.659381,15.942666,3119315
2001-04-26,HSH-201408,15.675119,15.926928,15.675119,15.690857,4178275.8
2001-04-27,HSH-201408,15.738071,15.926928,15.738071,15.8954525,2694612.2
2001-04-30,HSH-201408,15.950536,15.966274,15.635775,15.66725,3676181
2001-05-01,HSH-201408,15.502001,15.840368,15.486262,15.620036,2695756
2001-05-02,HSH-201408,15.659381,15.682988,15.42331,15.564953,2686987.5
2001-05-03,HSH-201408,15.580689,15.887584,15.313143,15.8325,2020196.8
2001-05-04,HSH-201408,15.698727,15.958405,15.627905,15.90332,1085393.5
2001-05-07,HSH-201408,15.738071,15.942666,15.698727,15.90332,1423427.2
2001-05-08,HSH-201408,15.974142,16.288904,15.856107,16.139393,2147531.2
2001-05-09,HSH-201408,15.942666,16.328249,15.541346,15.66725,2668052.5
2001-05-10,HSH-201408,15.8954525,15.934797,15.502001,15.730202,2557238.5
2001-05-11,HSH-201408,15.730202,15.730202,15.045597,15.281667,2996809.5
2001-05-14,HSH-201408,15.281667,15.478394,15.108549,15.321012,1592444.1
2001-05-15,HSH-201408,15.33675,15.33675,14.92756,14.951168,2553044.8
2001-05-16,HSH-201408,14.951168,15.698727,14.872477,15.462655,2880530.8
2001-05-17,HSH-201408,15.620036,15.643642,15.195107,15.226584,1954369.1
2001-05-18,HSH-201408,15.226584,15.612166,15.195107,15.533476,2510345.8
2001-05-21,HSH-201408,15.580689,15.659381,15.439049,15.580689,2172820.2
2001-05-22,HSH-201408,15.730202,15.75381,15.42331,15.439049,2204844.5
2001-05-23,HSH-201408,15.620036,15.643642,15.383964,15.462655,2531568.2
2001-05-24,HSH-201408,15.462655,15.572823,15.399702,15.439049,1646580.4
2001-05-25,HSH-201408,15.462655,15.470524,15.108549,15.2580595,1726386.9
2001-05-29,HSH-201408,15.155763,15.3524885,15.116417,15.187238,1577575.8
2001-05-30,HSH-201408,15.310131,15.65899,14.548986,14.675844,5594680.5
2001-05-31,HSH-201408,14.628273,15.238774,14.477629,14.937488,5473600
2001-06-01,HSH-201408,15.222918,15.222918,14.97713,15.214989,3784273.2
2001-06-04,HSH-201408,15.135703,15.175345,15.03263,15.127774,3241302.5
2001-06-05,HSH-201408,15.143631,15.341846,15.111917,15.26256,3218726
2001-06-06,HSH-201408,15.26256,15.349775,15.048488,15.254631,2412909.5
2001-06-07,HSH-201408,15.254631,15.587633,15.222918,15.476633,2613575.2
2001-06-08,HSH-201408,15.183274,15.540062,15.183274,15.325989,1624498.1
2001-06-11,HSH-201408,15.302202,15.365631,15.127774,15.15156,2892186.8
2001-06-12,HSH-201408,15.103988,15.349775,15.072274,15.31806,2004388.5
2001-06-13,HSH-201408,15.381489,15.405275,15.199131,15.31806,1752515.6
2001-06-14,HSH-201408,15.310131,15.436989,15.26256,15.389418,1553237.1
2001-06-15,HSH-201408,15.26256,15.452847,15.167417,15.26256,3689174.8
2001-06-18,HSH-201408,15.143631,15.333918,15.143631,15.26256,1751002.1
2001-06-19,HSH-201408,15.26256,15.333918,15.191203,15.222918,1996442.6
2001-06-20,HSH-201408,15.20706,15.579704,15.20706,15.460775,1801200.1
2001-06-21,HSH-201408,15.270489,15.421133,15.143631,15.199131,2305198
2001-06-22,HSH-201408,15.254631,15.26256,14.969201,15.15156,1699038.4
2001-06-25,HSH-201408,15.143631,15.183274,14.905772,15.0009165,1770803.9
2001-06-26,HSH-201408,14.86613,14.929559,14.588629,14.691701,5525437.5
2001-06-27,HSH-201408,14.667915,14.747201,14.588629,14.707558,1422697.1
2001-06-28,HSH-201408,14.667915,15.111917,14.667915,14.945416,2113613.2
2001-06-29,HSH-201408,15.09606,15.09606,14.731344,15.016774,1562696.5
2001-07-02,HSH-201408,15.016774,15.540062,14.826488,15.452847,3943948.5
2001-07-03,HSH-201408,15.452847,15.579704,15.357704,15.452847,1541255.1
2001-07-05,HSH-201408,15.516275,15.619348,15.214989,15.37356,2172261.8
2001-07-06,HSH-201408,15.310131,15.555919,15.310131,15.421133,2506620.8
2001-07-09,HSH-201408,15.3973465,15.436989,15.135703,15.222918,1388517
2001-07-10,HSH-201408,15.214989,15.222918,15.0009165,15.09606,1267562.6
2001-07-11,HSH-201408,15.183274,15.286346,14.985059,15.119845,2221450.8
2001-07-12,HSH-201408,15.143631,15.230845,14.945416,15.159489,2825844.8
2001-07-13,HSH-201408,15.191203,15.421133,15.064345,15.135703,1853416.1
2001-07-16,HSH-201408,15.302202,15.421133,15.143631,15.357704,2730998.2
2001-07-17,HSH-201408,15.286346,15.801705,15.278418,15.706561,2414801.2
2001-07-18,HSH-201408,15.71449,15.960277,15.666919,15.95235,1789092
2001-07-19,HSH-201408,16.150564,16.150564,15.785848,15.896848,1691092.4
2001-07-20,HSH-201408,16.015778,16.047491,15.817563,15.888921,1327093.9
2001-07-23,HSH-201408,15.873063,15.880992,15.563847,15.698633,1331634.4
2001-07-24,HSH-201408,15.857205,15.857205,15.500418,15.65899,1324066.9
2001-07-25,HSH-201408,15.611419,15.785848,15.500418,15.71449,1017203.2
2001-07-26,HSH-201408,15.754134,15.849277,15.468704,15.809634,983023.1
2001-07-27,HSH-201408,15.76999,15.849277,15.579704,15.698633,1091869.6
2001-07-30,HSH-201408,15.682776,15.82549,15.421133,15.76999,1130464
2001-07-31,HSH-201408,15.76999,16.039562,15.698633,15.991992,1127184.8
2001-08-01,HSH-201408,15.896848,16.015778,15.635204,15.762061,1184824.1
2001-08-02,HSH-201408,15.421133,15.730348,15.3973465,15.698633,1292913.9
2001-08-03,HSH-201408,15.500418,15.619348,15.42906,15.540062,1123779.4
2001-08-06,HSH-201408,15.191203,15.444918,15.111917,15.167417,1603687.4
2001-08-07,HSH-201408,15.214989,15.254631,15.072274,15.183274,2199126.5
2001-08-08,HSH-201408,15.183274,15.37356,15.111917,15.230845,1476174.4
2001-08-09,HSH-201408,15.111917,15.310131,15.064345,15.278418,1433039.4
2001-08-10,HSH-201408,15.246702,15.413204,15.072274,15.381489,1745326.5
2001-08-13,HSH-201408,15.199131,15.611419,15.191203,15.484562,1421940.4
2001-08-14,HSH-201408,15.381489,15.619348,15.222918,15.294275,1817848.6
2001-08-15,HSH-201408,15.381489,15.460775,15.238774,15.294275,2186514
2001-08-16,HSH-201408,15.333918,15.460775,15.15156,15.444918,2794187.2
2001-08-17,HSH-201408,15.444918,16.198135,15.365631,16.015778,3054888.8
2001-08-20,HSH-201408,16.213993,16.499422,16.102991,16.483566,2976060.2
2001-08-21,HSH-201408,16.475637,17.046495,16.372564,16.951351,4828341.5
2001-08-22,HSH-201408,16.90378,17.760069,16.768995,17.664927,5713869.5
2001-08-23,HSH-201408,17.601498,17.664927,17.117853,17.427069,4204398
2001-08-24,HSH-201408,17.24471,17.720427,17.220924,17.569784,2686349.8
2001-08-27,HSH-201408,17.442926,18.03757,17.442926,17.87107,2343666.5
2001-08-28,HSH-201408,17.878998,17.878998,17.680784,17.767998,3489896.2
2001-08-29,HSH-201408,17.724108,17.843811,17.213373,17.357018,2036906.8
2001-08-30,HSH-201408,17.237314,17.676226,17.237314,17.492682,1771626.5
2001-08-31,HSH-201408,17.309135,17.620365,17.261253,17.556522,2450052.2
2001-09-04,HSH-201408,17.47672,17.80391,17.47672,17.740068,2386269.8
2001-09-05,HSH-201408,17.716127,17.795929,17.237314,17.795929,2661324.2
2001-09-06,HSH-201408,17.636326,18.027357,17.45278,17.867752,2462458
2001-09-07,HSH-201408,17.716127,17.795929,17.516623,17.604404,2306698.2
2001-09-10,HSH-201408,17.357018,17.891693,17.325094,17.859772,2152316.8
2001-09-17,HSH-201408,17.716127,17.795929,17.237314,17.572483,3737984
2001-09-18,HSH-201408,17.396917,17.548542,17.229334,17.516623,3040636.2
2001-09-19,HSH-201408,17.43682,17.4448,16.527071,16.742538,4937572.5
2001-09-20,HSH-201408,16.12008,16.343527,15.721068,16.319586,5069899
2001-09-21,HSH-201408,15.521563,15.832791,15.481661,15.681167,3842116.2
2001-09-24,HSH-201408,15.880672,16.327566,15.80885,16.295645,3467064.8
2001-09-25,HSH-201408,16.279684,16.335546,15.960475,16.303625,1913727.5
2001-09-26,HSH-201408,16.359488,16.527071,16.247765,16.45525,2682627
2001-09-27,HSH-201408,16.45525,16.83032,16.43929,16.83032,2022872.1
2001-09-28,HSH-201408,16.83032,17.037807,16.7585,16.997906,2250058.2
2001-10-01,HSH-201408,16.76648,17.037807,16.694656,16.878202,2223618
2001-10-02,HSH-201408,17.029827,17.309135,16.886183,17.261253,3049282.8
2001-10-03,HSH-201408,17.237314,17.237314,16.77446,16.989927,2031142.5
2001-10-04,HSH-201408,16.359488,17.037807,16.359488,16.910124,2396545.2
2001-10-05,HSH-201408,16.7585,16.950024,16.543032,16.654757,2069612.6
2001-10-08,HSH-201408,16.678696,16.7186,16.47919,16.606874,3172211.2
2001-10-09,HSH-201408,16.598894,16.950024,16.598894,16.8383,2801295
2001-10-10,HSH-201408,16.950024,16.958004,16.798399,16.950024,3440499
2001-10-11,HSH-201408,16.950024,16.950024,16.686676,16.886183,2109085
2001-10-12,HSH-201408,16.854263,16.942043,16.391409,16.43929,2016230.8
2001-10-15,HSH-201408,16.43929,16.750519,16.415348,16.598894,2290784
2001-10-16,HSH-201408,16.598894,16.710617,16.43929,16.630816,2441531.2
2001-10-17,HSH-201408,16.487171,16.742538,16.43929,16.646776,1847313.4
2001-10-18,HSH-201408,16.614855,16.79042,16.566973,16.694656,2380881.5
2001-10-19,HSH-201408,16.702637,16.910124,16.678696,16.854263,2432258.5
2001-10-22,HSH-201408,16.910124,17.15751,16.80638,17.077707,2732876
2001-10-23,HSH-201408,17.15751,17.277214,17.037807,17.20539,2512456.5
2001-10-24,HSH-201408,17.269234,17.516623,17.189432,17.325094,2587266.2
2001-10-25,HSH-201408,17.317116,17.604404,17.253275,17.604404,2581878
2001-10-26,HSH-201408,17.612385,17.700167,17.420858,17.644306,2310958.8
2001-10-29,HSH-201408,17.636326,17.684206,17.46076,17.596424,1757341.1
2001-10-30,HSH-201408,17.580463,17.732088,17.4448,17.668245,1998812.6
2001-10-31,HSH-201408,17.47672,17.947554,17.428839,17.78795,3092890.2
2001-11-01,HSH-201408,17.77199,18.107159,17.708147,17.963514,2382260
2001-11-02,HSH-201408,18.083218,18.314646,17.875732,18.043318,2074875.6
2001-11-05,HSH-201408,17.891693,18.14706,17.891693,18.035337,3672823
2001-11-06,HSH-201408,18.035337,18.370508,17.995436,18.362528,2923471.8
2001-11-07,HSH-201408,18.163021,18.633856,18.163021,18.386469,7276976.5
2001-11-08,HSH-201408,18.362528,18.506172,18.15504,18.19494,3415061.2
2001-11-09,HSH-201408,17.995436,18.11514,17.875732,18.043318,2576740.2
2001-11-12,HSH-201408,17.971495,18.043318,17.716127,17.81987,1651454.6
2001-11-13,HSH-201408,17.82785,18.011396,17.684206,17.795929,2501304
2001-11-14,HSH-201408,17.931593,18.099178,17.78795,17.78795,2219733.5
2001-11-15,HSH-201408,17.75603,17.843811,17.596424,17.676226,2066981
2001-11-16,HSH-201408,17.700167,18.15504,17.660265,18.051298,2933622
2001-11-19,HSH-201408,18.011396,18.210901,17.955534,18.083218,1874505.6
2001-11-20,HSH-201408,17.955534,18.274744,17.891693,18.163021,1449956.9
2001-11-21,HSH-201408,18.274744,18.386469,18.1311,18.163021,2172617
2001-11-23,HSH-201408,18.171001,18.306665,18.099178,18.298685,605495.75
2001-11-26,HSH-201408,18.19494,18.346565,18.099178,18.330605,1664486.8
2001-11-27,HSH-201408,17.915634,18.051298,17.396917,17.396917,2640021.8
2001-11-28,HSH-201408,17.404898,17.628345,17.388939,17.564503,2365217.8
2001-11-29,HSH-201408,17.500223,17.869831,17.500223,17.813587,2403485.8
2001-11-30,HSH-201408,17.652887,17.741272,17.564503,17.580572,1975607.6
2001-12-03,HSH-201408,17.476118,18.038567,17.339521,17.877867,2141506.8
2001-12-04,HSH-201408,17.837692,18.319792,17.781446,18.19123,2676790.2
2001-12-05,HSH-201408,18.19123,18.472456,18.070707,18.40014,2376354.5
2001-12-06,HSH-201408,18.343897,18.343897,17.990356,18.086777,1886870.8
2001-12-07,HSH-201408,17.934113,17.950182,17.435944,17.620747,2552708
2001-12-10,HSH-201408,17.660921,17.685028,17.476118,17.476118,1525451.9
2001-12-11,HSH-201408,17.596642,17.604677,17.202927,17.275242,1572122.6
2001-12-12,HSH-201408,17.315416,17.419872,17.106508,17.371662,1795769.4
2001-12-13,HSH-201408,17.283278,17.636818,17.130611,17.331488,1882514.9
2001-12-14,HSH-201408,17.178822,17.668957,17.178822,17.452011,1842440.1
2001-12-17,HSH-201408,17.339521,17.668957,17.283278,17.556467,1604730
2001-12-18,HSH-201408,17.452011,17.837692,17.443977,17.612713,2266211.2
2001-12-19,HSH-201408,17.419872,17.998392,17.403803,17.877867,2386311
2001-12-20,HSH-201408,17.837692,18.295687,17.676992,17.837692,2060735.2
2001-12-21,HSH-201408,18.062672,18.118916,17.676992,17.837692,3129684
2001-12-24,HSH-201408,17.757341,17.910007,17.717167,17.741272,526447.06
2001-12-26,HSH-201408,17.757341,17.877867,17.628782,17.628782,1294586.8
2001-12-27,HSH-201408,17.829657,18.038567,17.572538,18.014462,1511761.8
2001-12-28,HSH-201408,17.918041,18.038567,17.765377,17.918041,1699938.5
2001-12-31,HSH-201408,17.773413,17.958218,17.668957,17.861797,1737897.5
2002-01-02,HSH-201408,17.685028,17.813587,17.339521,17.813587,1592657.9
2002-01-03,HSH-201408,17.620747,17.757341,17.435944,17.644852,2112135.2
2002-01-04,HSH-201408,17.492188,17.596642,17.114542,17.235067,2092471.4
2002-01-07,HSH-201408,17.050262,17.259172,17.002052,17.114542,1221033.5
2002-01-08,HSH-201408,16.994017,17.435944,16.953842,17.363628,1663722
2002-01-09,HSH-201408,17.227034,17.347557,16.913668,17.114542,2529310.5
2002-01-10,HSH-201408,17.034193,17.275242,16.953842,17.034193,1905539.1
2002-01-11,HSH-201408,17.042227,17.323452,16.994017,17.194893,1087990.5
2002-01-14,HSH-201408,17.267206,17.821623,17.154718,17.411837,1884008.4
2002-01-15,HSH-201408,17.612713,17.765377,17.443977,17.580572,1577225.4
2002-01-16,HSH-201408,17.636818,17.660921,17.363628,17.395767,986434.8
2002-01-17,HSH-201408,17.347557,17.468082,17.218998,17.299347,1600374.1
2002-01-18,HSH-201408,17.106508,17.556467,17.106508,17.427908,1595520.4
2002-01-22,HSH-201408,17.435944,17.821623,17.363628,17.773413,2375981.2
2002-01-23,HSH-201408,17.693062,17.789482,17.275242,17.588606,1799876.4
2002-01-24,HSH-201408,16.752968,17.146683,16.479778,16.857422,5467333
2002-01-25,HSH-201408,16.672617,17.443977,16.672617,17.259172,4674177.5
2002-01-28,HSH-201408,17.034193,17.235067,16.752968,17.090437,2477785.8
2002-01-29,HSH-201408,16.905634,17.074368,16.873493,16.994017,3225514.8
2002-01-30,HSH-201408,16.913668,17.154718,16.913668,17.026157,2457624
2002-01-31,HSH-201408,17.002052,17.050262,16.769037,16.994017,2419665
2002-02-01,HSH-201408,16.801178,17.170788,16.801178,17.138647,1377349.8
2002-02-04,HSH-201408,17.066332,17.243101,16.953842,17.066332,1687990.8
2002-02-05,HSH-201408,17.251137,17.259172,17.058296,17.074368,1743995.8
2002-02-06,HSH-201408,17.066332,17.154718,16.752968,17.066332,2234475.2
2002-02-07,HSH-201408,16.953842,17.194893,16.728863,16.841352,3012944.8
2002-02-08,HSH-201408,16.672617,17.018122,16.672617,17.018122,2244929.5
2002-02-11,HSH-201408,16.937773,17.130611,16.873493,17.074368,956565.44
2002-02-12,HSH-201408,16.994017,17.130611,16.881527,16.969913,1434101.5
2002-02-13,HSH-201408,16.994017,17.034193,16.736897,16.929737,1637959.6
2002-02-14,HSH-201408,16.833319,16.969913,16.736897,16.873493,1719727
2002-02-15,HSH-201408,16.953842,17.652887,16.825283,17.387732,3283262.2
2002-02-19,HSH-201408,17.114542,17.468082,17.114542,17.235067,1563659.8
2002-02-20,HSH-201408,17.042227,17.299347,16.953842,17.146683,2321718.5
2002-02-21,HSH-201408,17.074368,17.210962,17.034193,17.098473,2411575.5
2002-02-22,HSH-201408,16.913668,17.548431,16.873493,17.315416,2571749.8
2002-02-25,HSH-201408,17.508259,17.869831,17.427908,17.676992,4260611.5
2002-02-26,HSH-201408,17.837692,17.861797,17.51629,17.596642,2616678.2
2002-02-27,HSH-201408,17.596642,17.758451,17.434834,17.588552,1664068.9
2002-02-28,HSH-201408,17.313478,17.475286,16.908957,16.925138,4912482.5
2002-03-01,HSH-201408,16.925138,17.394382,16.868505,17.192122,2430779
2002-03-04,HSH-201408,17.062675,17.192122,16.75524,17.030313,2475399.8
2002-03-05,HSH-201408,16.876596,17.119308,16.828053,16.852324,2082589.1
2002-03-06,HSH-201408,16.74715,16.852324,16.512527,16.633883,4835107
2002-03-07,HSH-201408,16.625792,16.917048,16.383081,16.787601,3314541.5
2002-03-08,HSH-201408,16.58534,16.908957,16.512527,16.666245,2512728
2002-03-11,HSH-201408,16.706697,16.73906,16.455894,16.56916,2144019.8
2002-03-12,HSH-201408,16.56916,16.836143,16.455894,16.811872,2095196.6
2002-03-13,HSH-201408,16.730968,16.811872,16.56107,16.641973,1641573.1
2002-03-14,HSH-201408,16.58534,16.868505,16.56916,16.819963,1859238.2
2002-03-15,HSH-201408,16.941319,16.98986,16.601522,16.844234,2671063.5
2002-03-18,HSH-201408,16.900866,16.957499,16.593431,16.633883,1168296.8
2002-03-19,HSH-201408,16.74715,16.981771,16.706697,16.981771,3511070.5
2002-03-20,HSH-201408,16.868505,16.97368,16.828053,16.868505,1098955.4
2002-03-21,HSH-201408,16.682426,16.97368,16.682426,16.908957,1570130.5
2002-03-22,HSH-201408,16.925138,16.925138,16.528708,16.722878,2013865.8
2002-03-25,HSH-201408,16.58534,16.819963,16.58534,16.617702,1300057.6
2002-03-26,HSH-201408,16.633883,17.070766,16.633883,16.97368,2107309.8
2002-03-27,HSH-201408,16.94941,17.022224,16.884687,16.97368,2222260.5
2002-03-28,HSH-201408,16.98986,16.98986,16.77951,16.795692,1415750.2
2002-04-01,HSH-201408,16.706697,16.819963,16.58534,16.77142,1176949
2002-04-02,HSH-201408,16.811872,17.224483,16.682426,16.98986,4102758.5
2002-04-03,HSH-201408,16.957499,16.997952,16.58534,16.73906,2258105.5
2002-04-04,HSH-201408,16.77142,17.070766,16.706697,17.030313,2380472.5
2002-04-05,HSH-201408,17.135489,17.216394,17.006042,17.15976,1869620.9
2002-04-08,HSH-201408,17.062675,17.55619,17.062675,17.483377,3079695.5
2002-04-09,HSH-201408,17.57237,17.57237,17.353931,17.491468,1481754.2
2002-04-10,HSH-201408,17.491468,17.693727,17.451015,17.620914,2352909
2002-04-11,HSH-201408,17.434834,17.717999,17.434834,17.54001,1992729.6
2002-04-12,HSH-201408,17.55619,18.025434,17.515738,17.920258,4100904.5
2002-04-15,HSH-201408,18.082067,18.122519,17.734179,17.806993,1740579.2
2002-04-16,HSH-201408,17.790812,17.93644,17.709908,17.887897,1931175.2
2002-04-17,HSH-201408,17.798903,17.887897,17.637094,17.774632,1686811.9
2002-04-18,HSH-201408,17.717999,17.847445,17.661366,17.75036,1937726.2
2002-04-19,HSH-201408,17.76654,18.001163,17.596642,17.887897,1694351.6
2002-04-22,HSH-201408,17.798903,18.073977,17.76654,17.912169,1350858.6
2002-04-23,HSH-201408,17.823174,18.162971,17.823174,17.863626,2151188.8
2002-04-24,HSH-201408,17.798903,17.96071,17.515738,17.685637,3766805.2
2002-04-25,HSH-201408,17.483377,17.75036,17.418653,17.451015,2073566
2002-04-26,HSH-201408,17.661366,17.661366,17.256845,17.36202,2465511.5
2002-04-29,HSH-201408,17.16785,17.386292,16.98986,17.070766,2249082.5
2002-04-30,HSH-201408,16.997952,17.289207,16.997952,17.135489,2670322
2002-05-01,HSH-201408,17.175941,17.240664,17.030313,17.224483,3228760.8
2002-05-02,HSH-201408,17.200212,17.256845,16.98986,17.046494,4026371.8
2002-05-03,HSH-201408,17.192122,17.264936,16.997952,17.046494,2148098.8
2002-05-06,HSH-201408,17.18403,17.192122,16.641973,16.641973,2637567
2002-05-07,HSH-201408,16.56916,17.078857,16.56107,16.787601,4093859.2
2002-05-08,HSH-201408,16.98986,17.006042,16.674335,16.77951,2379607.5
2002-05-09,HSH-201408,16.74715,16.98986,16.674335,16.868505,2326952.5
2002-05-10,HSH-201408,16.98986,17.014133,16.625792,16.682426,3072897.2
2002-05-13,HSH-201408,16.868505,16.868505,16.58534,16.763329,2891324.2
2002-05-14,HSH-201408,16.706697,16.98986,16.609613,16.714787,3640112
2002-05-15,HSH-201408,16.674335,16.74715,16.552979,16.706697,3655809.8
2002-05-16,HSH-201408,16.74715,16.941319,16.706697,16.876596,2284927.5
2002-05-17,HSH-201408,16.844234,16.941319,16.625792,16.941319,2443263
2002-05-20,HSH-201408,16.981771,16.981771,16.690516,16.795692,2024990
2002-05-21,HSH-201408,16.94941,16.96559,16.504436,16.504436,4662433.5
2002-05-22,HSH-201408,16.504436,16.73906,16.472076,16.730968,2798869.2
2002-05-23,HSH-201408,16.690516,16.74715,16.56916,16.641973,2940642
2002-05-24,HSH-201408,16.641973,16.94941,16.625792,16.908957,3675215.2
2002-05-28,HSH-201408,16.97368,16.98986,16.75524,16.884687,3597221.8
2002-05-29,HSH-201408,16.787601,17.054585,16.787601,16.997952,2956216
2002-05-30,HSH-201408,16.908318,17.046844,16.908318,17.014248,3352728.5
2002-05-31,HSH-201408,17.014248,17.35649,17.014248,17.177221,3312721.8
2002-06-03,HSH-201408,17.038694,17.18537,16.647562,16.647562,2062443.5
2002-06-04,HSH-201408,16.66386,16.851278,16.647562,16.76979,2639721.5
2002-06-05,HSH-201408,16.851278,16.94906,16.7209,16.867575,2025995.5
2002-06-06,HSH-201408,16.883871,16.883871,16.704603,16.786089,4101570.2
2002-06-07,HSH-201408,16.745346,16.94906,16.712751,16.867575,2339424
2002-06-10,HSH-201408,16.794237,16.997952,16.7209,16.932764,1446631.2
2002-06-11,HSH-201408,17.006102,17.022398,16.712751,16.712751,1739442.8
2002-06-12,HSH-201408,16.712751,16.90017,16.704603,16.802387,2029677.1
2002-06-13,HSH-201408,16.802387,16.83498,16.590523,16.631266,1812829.8
2002-06-14,HSH-201408,16.525335,16.533484,16.044567,16.48459,2806989.8
2002-06-17,HSH-201408,16.419401,16.7209,16.386808,16.688305,3014633.2
2002-06-18,HSH-201408,16.582375,16.66386,16.37866,16.525335,3344751.8
2002-06-19,HSH-201408,16.533484,16.761642,16.460146,16.509037,1578310.5
2002-06-20,HSH-201408,16.419401,17.030546,16.419401,16.867575,3606637.8
2002-06-21,HSH-201408,16.54163,16.94906,16.54163,16.688305,4941593
2002-06-24,HSH-201408,16.623117,16.843128,16.54163,16.704603,4493908
2002-06-25,HSH-201408,16.704603,16.745346,16.215687,16.215687,3145698.8
2002-06-26,HSH-201408,16.215687,16.745346,16.052717,16.419401,3687265.2
2002-06-27,HSH-201408,16.704603,17.144627,16.517185,17.112032,3340824.8
2002-06-28,HSH-201408,16.989803,17.112032,16.818682,16.818682,3174292.8
2002-07-01,HSH-201408,16.826832,17.087585,16.704603,16.704603,2749065.8
2002-07-02,HSH-201408,16.786089,16.940912,16.639414,16.688305,2648802.8
2002-07-03,HSH-201408,16.509037,16.859426,16.223837,16.337915,3309285.5
2002-07-05,HSH-201408,16.337915,16.54163,16.248281,16.492739,1707780.8
2002-07-08,HSH-201408,16.500889,16.574226,16.256432,16.362362,1930396.1
2002-07-09,HSH-201408,16.4357,16.655712,16.060863,16.060863,2149084.2
2002-07-10,HSH-201408,16.166796,16.289024,15.74307,15.808258,2380290
2002-07-11,HSH-201408,15.653435,15.783813,15.368235,15.482315,2988371
2002-07-12,HSH-201408,15.327491,15.425275,14.58597,14.789684,5231336.5
2002-07-15,HSH-201408,14.58597,15.034143,14.186689,14.691902,3590070.5
2002-07-16,HSH-201408,14.887468,14.9934,14.47189,14.651158,2707831.5
2002-07-17,HSH-201408,14.854874,15.417127,14.814131,14.814131,2961863.2
2002-07-18,HSH-201408,14.789684,15.058588,14.447444,14.504484,2971190
2002-07-19,HSH-201408,14.268175,14.504484,13.803706,13.8363,4065735.8
2002-07-22,HSH-201408,13.909637,14.251878,13.159967,13.4451685,3782864.5
2002-07-23,HSH-201408,13.608141,14.01557,13.241453,13.811855,2508165
2002-07-24,HSH-201408,13.420722,14.276324,13.363682,14.162243,3483671.5
2002-07-25,HSH-201408,14.162243,14.577821,13.7711115,14.422999,2933269.5
2002-07-26,HSH-201408,14.3333645,14.58597,14.154096,14.496337,1808043.6
2002-07-29,HSH-201408,14.740793,14.911913,14.553376,14.838575,2098891.5
2002-07-30,HSH-201408,14.634861,15.074885,14.58597,14.936359,2943332.5
2002-07-31,HSH-201408,14.814131,15.270452,14.814131,15.270452,2172401.2
2002-08-01,HSH-201408,15.156372,15.376384,14.952657,15.197114,2815457.5
2002-08-02,HSH-201408,15.400828,15.604544,15.303046,15.531206,3781637.2
2002-08-05,HSH-201408,15.523057,15.531206,15.188965,15.188965,2607200.5
2002-08-06,HSH-201408,15.39268,15.580098,14.9934,15.034143,2053853.1
2002-08-07,HSH-201408,15.042291,15.57195,15.017845,15.57195,2688564.2
2002-08-08,HSH-201408,15.441572,15.726771,15.360086,15.67788,1986356.8
2002-08-09,HSH-201408,15.580098,15.906042,15.580098,15.881596,1490319.8
2002-08-12,HSH-201408,15.57195,16.158648,15.490463,16.011972,2121963
2002-08-13,HSH-201408,16.109756,16.280876,15.832705,15.881596,2354887
2002-08-14,HSH-201408,15.91419,16.134201,15.808258,16.109756,4152622
2002-08-15,HSH-201408,16.02827,16.207539,15.930487,16.166796,2522032.5
2002-08-16,HSH-201408,16.166796,16.280876,15.979379,16.069012,2392684.8
2002-08-19,HSH-201408,16.069012,16.248281,15.9712305,16.1505,1593896
2002-08-20,HSH-201408,15.979379,16.093458,15.74307,15.897893,1481606.6
2002-08-21,HSH-201408,15.824555,16.044567,15.482315,15.718624,2629658.5
2002-08-22,HSH-201408,15.628989,16.093458,15.628989,15.979379,1680291.4
2002-08-23,HSH-201408,15.775664,16.011972,15.539354,15.539354,2188109.5
2002-08-26,HSH-201408,15.482315,15.726771,15.294898,15.441572,2502642.5
2002-08-27,HSH-201408,15.563801,15.67788,15.384531,15.628989,2124172
2002-08-28,HSH-201408,15.637138,15.67788,15.400828,15.531206,1111481.1
2002-08-29,HSH-201408,15.1533985,15.342302,15.112331,15.194464,2149460.5
2002-08-30,HSH-201408,15.046626,15.473714,15.030199,15.145185,2156157
2002-09-03,HSH-201408,15.112331,15.120545,14.718097,14.718097,1702011.4
2002-09-04,HSH-201408,14.907001,15.309448,14.767376,15.268383,2576089.5
2002-09-05,HSH-201408,15.063052,15.210891,14.865935,15.128758,1815121.6
2002-09-06,HSH-201408,15.1533985,15.186251,15.021987,15.030199,1303142.4
2002-09-09,HSH-201408,14.635964,15.030199,14.635964,14.882362,3235757.5
2002-09-10,HSH-201408,14.8987875,14.98092,14.6770315,14.964493,3023660.5
2002-09-11,HSH-201408,15.1533985,15.186251,14.95628,15.038412,967707.7
2002-09-12,HSH-201408,15.071266,15.071266,14.49634,14.578472,2729379
2002-09-13,HSH-201408,14.594899,15.227318,14.537407,15.219105,3077719.5
2002-09-16,HSH-201408,15.128758,15.317662,15.00556,15.293023,1992275
2002-09-17,HSH-201408,15.588698,15.588698,14.931642,15.030199,1993127.2
2002-09-18,HSH-201408,14.907001,15.013774,14.635964,14.816656,2329536
2002-09-19,HSH-201408,14.504553,14.783803,14.49634,14.553832,2325396.2
2002-09-20,HSH-201408,14.693457,15.161611,14.635964,15.104118,4278222.5
2002-09-23,HSH-201408,14.907001,15.145185,14.833082,15.063052,2476494
2002-09-24,HSH-201408,14.783803,15.210891,14.775589,15.095904,2858317.2
2002-09-25,HSH-201408,15.26017,15.728323,15.128758,15.6297655,4267508
2002-09-26,HSH-201408,15.728323,15.925441,15.522993,15.835096,2208268
2002-09-27,HSH-201408,15.728323,15.810456,15.28481,15.309448,3247202.5
2002-09-30,HSH-201408,15.202678,15.202678,14.80023,15.021987,2862335.2
2002-10-01,HSH-201408,15.26017,15.646191,15.046626,15.621552,1911795
2002-10-02,HSH-201408,15.752963,16.04864,15.711897,15.810456,3670422.2
2002-10-03,HSH-201408,15.794029,16.20469,15.777602,16.081491,3655811.8
2002-10-04,HSH-201408,15.974721,16.253971,15.818669,16.032213,3863160.2
2002-10-07,HSH-201408,15.826882,16.262182,15.810456,15.958294,3711575.5
2002-10-08,HSH-201408,16.368956,16.442875,16.106133,16.344315,4823562.5
2002-10-09,HSH-201408,17.24777,17.765202,17.239557,17.633791,16117423
2002-10-10,HSH-201408,17.822697,17.888403,17.576298,17.73235,6804392.5
2002-10-11,HSH-201408,17.863762,17.863762,17.52702,17.822697,6035510.5
2002-10-14,HSH-201408,17.847336,17.937681,17.658432,17.666645,3516159
2002-10-15,HSH-201408,17.904827,17.945894,17.576298,17.798056,4477657
2002-10-16,HSH-201408,17.83912,18.578314,17.83912,18.561886,5731123.5
2002-10-17,HSH-201408,18.602951,18.75079,18.47154,18.561886,3479145.5
2002-10-18,HSH-201408,18.479753,18.997187,18.405834,18.98076,4263855.5
2002-10-21,HSH-201408,18.972548,19.489979,18.857561,19.38321,3606379.2
2002-10-22,HSH-201408,19.103958,19.342142,18.709724,18.964334,3061282.8
2002-10-23,HSH-201408,18.890415,19.095745,18.652231,18.84935,3178167.5
2002-10-24,HSH-201408,19.079319,19.218943,18.570099,18.644018,3142493.2
2002-10-25,HSH-201408,18.644018,18.939693,18.512608,18.72615,3393186.5
2002-10-28,HSH-201408,18.734364,18.84935,18.331915,18.397621,2735588.5
2002-10-29,HSH-201408,18.331915,19.103958,18.315489,18.93148,4638739
2002-10-30,HSH-201408,18.890415,19.05468,18.520819,18.709724,3374436.2
2002-10-31,HSH-201408,18.553673,18.84935,18.553673,18.75079,1938581
2002-11-01,HSH-201408,18.75079,18.988974,18.594738,18.98076,2324665.8
2002-11-04,HSH-201408,18.972548,19.046467,18.49618,18.578314,3089895
2002-11-05,HSH-201408,18.635805,19.021826,18.602951,18.890415,2083225.9
2002-11-06,HSH-201408,18.882202,19.046467,18.742577,19.030039,3408771
2002-11-07,HSH-201408,18.816496,18.972548,18.701511,18.906841,2484895.2
2002-11-08,HSH-201408,19.284649,19.284649,18.947906,19.013613,3338883.8
2002-11-11,HSH-201408,19.079319,19.087532,18.75079,18.800068,2301288.8
2002-11-12,HSH-201408,18.890415,18.93148,18.47154,18.54546,2439967.5
2002-11-13,HSH-201408,18.479753,18.685083,18.405834,18.652231,3466483
2002-11-14,HSH-201408,18.759003,18.972548,18.660444,18.947906,2002137.1
2002-11-15,HSH-201408,18.947906,19.26001,18.92327,19.194305,3169157.5
2002-11-18,HSH-201408,19.301077,19.301077,18.915054,18.915054,3159782.5
2002-11-19,HSH-201408,18.898628,19.161451,18.816496,18.915054,2989934.2
2002-11-20,HSH-201408,18.915054,19.457129,18.857561,19.391422,2577307
2002-11-21,HSH-201408,19.399635,19.399635,18.988974,19.284649,2779420.2
2002-11-22,HSH-201408,19.284649,19.399635,19.18609,19.21073,2835062.2
2002-11-25,HSH-201408,19.218943,19.563898,19.177877,19.506407,3283485.2
2002-11-26,HSH-201408,19.580326,19.580326,19.276436,19.391422,3152964
2002-11-27,HSH-201408,19.54437,19.61051,19.263275,19.503033,1670758.9
2002-11-29,HSH-201408,19.354218,19.445162,19.172335,19.288078,1201572.4
2002-12-02,HSH-201408,19.188868,19.345951,18.734156,19.122728,2896401.5
2002-12-03,HSH-201408,19.056587,19.21367,18.998716,19.180601,2349198.5
2002-12-04,HSH-201408,19.031786,19.469963,19.031786,19.420359,2792137.8
2002-12-05,HSH-201408,19.420359,19.420359,19.064856,19.164066,1647172.6
2002-12-06,HSH-201408,19.015251,19.420359,19.015251,19.403822,2412579.2
2002-12-09,HSH-201408,19.246742,19.345951,18.990448,18.990448,2415119.2
2002-12-10,HSH-201408,18.990448,19.106194,18.69282,19.056587,2612276.8
2002-12-11,HSH-201408,19.064856,19.064856,17.816463,18.188501,8239612.5
2002-12-12,HSH-201408,18.06449,18.072756,17.502298,17.576706,4802419
2002-12-13,HSH-201408,17.59324,18.56054,17.444426,18.4944,5179558.5
2002-12-16,HSH-201408,18.353851,18.535736,18.229837,18.486132,3981856.5
2002-12-17,HSH-201408,18.271175,18.461329,17.990082,18.06449,4062654.8
2002-12-18,HSH-201408,18.147163,18.229837,17.940477,18.147163,3064166.8
2002-12-19,HSH-201408,18.02315,18.262909,17.990082,18.188501,2108255
2002-12-20,HSH-201408,18.477863,18.89124,18.295979,18.742424,4505110
2002-12-23,HSH-201408,18.734156,18.924309,18.477863,18.65148,1951980.5
2002-12-24,HSH-201408,18.65148,18.676283,18.4944,18.535736,634169.94
2002-12-26,HSH-201408,18.618412,18.800295,18.477863,18.544004,1094405.8
2002-12-27,HSH-201408,18.626678,18.643213,18.238106,18.312513,1230238.9
2002-12-30,HSH-201408,18.45306,18.684551,18.329048,18.684551,1469005.1
2002-12-31,HSH-201408,18.634947,18.676283,18.246372,18.610144,1538917.4
2003-01-02,HSH-201408,18.800295,19.015251,18.709352,18.973913,2463501.5
2003-01-03,HSH-201408,18.998716,19.015251,18.833366,19.015251,1751799.1
2003-01-06,HSH-201408,18.932575,19.122728,18.932575,19.064856,2269368
2003-01-07,HSH-201408,19.015251,19.015251,18.643213,18.808563,2280254
2003-01-08,HSH-201408,18.841635,18.990448,18.775492,18.932575,2333716.2
2003-01-09,HSH-201408,18.89124,19.089659,18.684551,19.015251,1819534.2
2003-01-10,HSH-201408,19.015251,19.056587,18.742424,18.800295,1694224.2
2003-01-13,HSH-201408,18.800295,18.874702,18.486132,18.767227,2087087.9
2003-01-14,HSH-201408,18.213305,18.461329,18.072756,18.238106,4126761.2
2003-01-15,HSH-201408,18.171965,18.205036,18.02315,18.188501,2545993.2
2003-01-16,HSH-201408,18.312513,18.593609,18.221571,18.486132,3232295
2003-01-17,HSH-201408,18.486132,18.577072,18.370386,18.444794,1560810.4
2003-01-21,HSH-201408,18.444794,18.601875,18.271175,18.353851,2100635
2003-01-22,HSH-201408,18.271175,18.312513,17.973545,18.12236,2597520.2
2003-01-23,HSH-201408,18.312513,18.329048,17.775126,17.857801,3142062.2
2003-01-24,HSH-201408,17.857801,17.86607,16.890503,16.96491,4619655
2003-01-27,HSH-201408,16.973179,16.973179,16.402721,16.50193,6036044.5
2003-01-28,HSH-201408,16.675549,16.783026,16.460592,16.617676,4004596
2003-01-29,HSH-201408,16.435791,16.435791,15.997614,16.13816,5115814.5
2003-01-30,HSH-201408,16.17123,16.23737,15.848799,15.923206,4583126.5
2003-01-31,HSH-201408,15.981078,16.568071,15.898403,16.485395,3109646
2003-02-03,HSH-201408,16.650745,16.873968,16.410988,16.60941,2817780.2
2003-02-04,HSH-201408,16.60941,17.270807,16.60941,17.204668,4325128.5
2003-02-05,HSH-201408,17.361752,17.361752,17.064121,17.13026,3960689.2
2003-02-06,HSH-201408,17.113726,17.345215,16.948376,17.055853,3836226
2003-02-07,HSH-201408,17.055853,17.138529,16.63421,16.807829,2261868.8
2003-02-10,HSH-201408,17.031052,17.072388,16.683817,16.956644,1699304.4
2003-02-11,HSH-201408,16.956644,17.072388,16.617676,16.758224,1679830.6
2003-02-12,HSH-201408,16.716885,16.8657,16.493664,16.543268,2310734.8
2003-02-13,HSH-201408,16.493664,16.650745,16.33658,16.625944,2425763.5
2003-02-14,HSH-201408,16.551537,16.683817,16.286976,16.683817,2164620.5
2003-02-18,HSH-201408,16.659014,16.824364,16.592873,16.733421,1621651
2003-02-19,HSH-201408,16.625944,16.683817,16.394453,16.510199,2286059.8
2003-02-20,HSH-201408,16.518465,16.659014,16.286976,16.419256,4363471
2003-02-21,HSH-201408,16.543268,16.816095,16.452326,16.63421,2302751.8
2003-02-24,HSH-201408,16.477129,16.543268,16.286976,16.30351,1762564.1
2003-02-25,HSH-201408,16.295242,16.510199,16.196033,16.452326,1691200.4
2003-02-26,HSH-201408,16.452326,16.452326,16.204302,16.262173,1397641.2
2003-02-27,HSH-201408,16.458002,16.624666,16.249674,16.541334,2303926.2
2003-02-28,HSH-201408,16.458002,16.599667,16.333006,16.499668,1975479.8
2003-03-03,HSH-201408,16.524668,16.666332,15.799682,15.916347,4767576
2003-03-04,HSH-201408,16.024677,16.08301,15.599686,15.599686,2904418.5
2003-03-05,HSH-201408,15.708017,15.8330145,15.499688,15.8330145,2895778.2
2003-03-06,HSH-201408,15.66635,15.708017,15.458021,15.599686,2738575
2003-03-07,HSH-201408,15.383023,15.958012,15.324691,15.841348,3400268.5
2003-03-10,HSH-201408,15.791349,15.816348,15.383023,15.474689,1530150.8
2003-03-11,HSH-201408,15.53302,15.816348,15.499688,15.691351,1911878.5
2003-03-12,HSH-201408,15.683018,15.916347,15.558021,15.916347,3032461
2003-03-13,HSH-201408,15.8330145,16.041344,15.8330145,15.916347,2264805.5
2003-03-14,HSH-201408,15.983012,15.983012,15.724685,15.8330145,3100982.5
2003-03-17,HSH-201408,15.908013,16.274673,15.758016,16.249674,2323726.8
2003-03-18,HSH-201408,16.249674,16.258007,15.916347,16.124676,2022520.8
2003-03-19,HSH-201408,16.233006,16.616333,16.166342,16.583,2714094.5
2003-03-20,HSH-201408,16.533,16.566332,16.141342,16.441336,1509630.4
2003-03-21,HSH-201408,16.649664,16.87466,16.458002,16.824661,2067161.6
2003-03-24,HSH-201408,16.807995,16.807995,16.508001,16.524668,1797036.1
2003-03-25,HSH-201408,16.549667,16.832994,16.516335,16.782995,2562051.5
2003-03-26,HSH-201408,16.782995,16.782995,16.533,16.624666,1727434.8
2003-03-27,HSH-201408,16.566332,16.649664,16.383003,16.549667,1156583.2
2003-03-28,HSH-201408,15.999679,15.999679,15.158029,15.574687,11170545
2003-03-31,HSH-201408,15.58302,15.658019,15.258026,15.58302,3356947.5
2003-04-01,HSH-201408,15.658019,15.799682,15.499688,15.708017,3156903.5
2003-04-02,HSH-201408,15.999679,16.349672,15.66635,15.999679,5922719
2003-04-03,HSH-201408,15.983012,16.099676,15.783016,15.891347,3771556
2003-04-04,HSH-201408,16.166342,16.199675,15.89968,16.099676,2152123.2
2003-04-07,HSH-201408,16.291338,16.666332,16.291338,16.449669,2876458
2003-04-08,HSH-201408,16.566332,16.608,16.21634,16.491335,3428469
2003-04-09,HSH-201408,16.566332,16.682999,16.258007,16.37467,3251585.5
2003-04-10,HSH-201408,16.408003,16.491335,16.208008,16.483002,2003680.4
2003-04-11,HSH-201408,16.508001,16.657997,16.34134,16.499668,2027200.8
2003-04-14,HSH-201408,16.541334,16.624666,16.358004,16.591333,2045441.1
2003-04-15,HSH-201408,16.616333,16.624666,16.408003,16.574665,1526310.8
2003-04-16,HSH-201408,16.549667,16.549667,15.999679,16.116343,2251725.2
2003-04-17,HSH-201408,15.983012,16.241339,15.983012,16.233006,2556771.5
2003-04-21,HSH-201408,16.191341,16.274673,15.916347,15.999679,1741835
2003-04-22,HSH-201408,15.999679,16.408003,15.87468,16.39967,2506130.5
2003-04-23,HSH-201408,16.316338,16.449669,16.166342,16.449669,1857637.4
2003-04-24,HSH-201408,15.999679,15.999679,14.699703,14.8330345,15476351
2003-04-25,HSH-201408,14.791369,14.799703,14.049718,14.133048,8821498
2003-04-28,HSH-201408,14.166382,14.358044,13.541394,13.749723,7214905
2003-04-29,HSH-201408,13.808055,14.099716,13.76639,14.074717,6990140.5
2003-04-30,HSH-201408,14.08305,14.241381,13.941385,13.983052,4634733.5
2003-05-01,HSH-201408,13.916388,13.999718,13.758057,13.858054,4580252
2003-05-02,HSH-201408,13.8330555,13.991385,13.749723,13.874721,4318047
2003-05-05,HSH-201408,13.933052,14.008051,13.858054,13.983052,3454269.5
2003-05-06,HSH-201408,14.041385,14.183048,13.974719,14.166382,5844717.5
2003-05-07,HSH-201408,14.166382,14.749703,14.166382,14.508041,5609753
2003-05-08,HSH-201408,14.333046,14.666372,14.333046,14.466376,3843917.2
2003-05-09,HSH-201408,14.649705,14.808036,14.591373,14.733037,4636413.5
2003-05-12,HSH-201408,14.816369,14.908032,14.74137,14.766369,4771176
2003-05-13,HSH-201408,14.766369,14.916367,14.58304,14.683039,5991480.5
2003-05-14,HSH-201408,14.666372,14.716371,14.541375,14.574706,4013000.8
2003-05-15,HSH-201408,14.624705,14.69137,14.533041,14.574706,3326347
2003-05-16,HSH-201408,13.999718,14.683039,13.999718,14.599707,3475030
2003-05-19,HSH-201408,14.58304,14.60804,14.416376,14.55804,4752575.5
2003-05-20,HSH-201408,14.499708,14.599707,14.399711,14.4747095,3834437.2
2003-05-21,HSH-201408,14.416376,14.499708,14.299712,14.391377,3534911.2
2003-05-22,HSH-201408,14.358044,14.549706,14.299712,14.416376,4044321.5
2003-05-23,HSH-201408,14.416376,14.549706,14.324712,14.549706,2421648.8
2003-05-27,HSH-201408,14.766369,14.908032,14.508041,14.891368,3603912.5
2003-05-28,HSH-201408,14.8330345,14.974698,14.791369,14.933033,2960579.5
2003-05-29,HSH-201408,15.046512,15.063324,14.84477,14.903612,2915223.8
2003-05-30,HSH-201408,15.029699,15.315499,15.012889,15.315499,3769150.8
2003-06-02,HSH-201408,15.374342,15.51724,15.340717,15.466805,3550375
2003-06-03,HSH-201408,15.525646,15.651735,15.340717,15.567677,3620683
2003-06-04,HSH-201408,15.525646,15.80304,15.391152,15.718983,2557497.8
2003-06-05,HSH-201408,15.676952,15.685358,15.492023,15.64333,2600919.8
2003-06-06,HSH-201408,15.80304,15.828258,15.567677,15.668546,3687898
2003-06-09,HSH-201408,15.618112,15.761011,15.601299,15.718983,2351808.2
2003-06-10,HSH-201408,15.761011,15.794636,15.433183,15.618112,1993130.4
2003-06-11,HSH-201408,15.676952,15.811446,15.601299,15.811446,2364418.5
2003-06-12,HSH-201408,15.861882,16.055218,15.761011,16.055218,2104600
2003-06-13,HSH-201408,16.021593,16.063623,15.870287,16.055218,1748896.4
2003-06-16,HSH-201408,16.080433,16.39145,16.055218,16.383045,2133270.5
2003-06-17,HSH-201408,16.408264,16.41667,15.996376,16.265364,2817554
2003-06-18,HSH-201408,16.164492,16.341017,16.114058,16.298986,1911520.8
2003-06-19,HSH-201408,16.231739,16.298986,16.063623,16.08884,1556292.9
2003-06-20,HSH-201408,16.063623,16.122463,15.84507,15.920723,2998142
2003-06-23,HSH-201408,15.962751,15.971158,15.676952,15.887099,1713326
2003-06-24,HSH-201408,15.761011,16.004782,15.761011,15.937533,1897839.9
2003-06-25,HSH-201408,15.996376,16.021593,15.727386,15.92913,3078205
2003-06-26,HSH-201408,15.996376,15.996376,15.777823,15.920723,1410085.6
2003-06-27,HSH-201408,15.870287,15.878693,15.449993,15.500429,2664208.8
2003-06-30,HSH-201408,15.584489,15.887099,15.483618,15.811446,3418086.5
2003-07-01,HSH-201408,15.887099,16.13087,15.70217,16.08884,2963047.5
2003-07-02,HSH-201408,16.114058,16.483917,16.038404,16.467104,2712151.5
2003-07-03,HSH-201408,16.341017,16.39145,15.971158,16.231739,1781611.6
2003-07-07,HSH-201408,16.240145,16.551163,16.198116,16.525946,2234866.2
2003-07-08,HSH-201408,16.39145,16.483917,16.282175,16.450293,2467322.8
2003-07-09,HSH-201408,16.43348,16.483917,16.1729,16.29058,1996818.2
2003-07-10,HSH-201408,16.181305,16.240145,15.853477,15.971158,3038233
2003-07-11,HSH-201408,16.013187,16.231739,15.937533,16.18971,1594718.5
2003-07-14,HSH-201408,16.47551,16.483917,16.08884,16.164492,2124824
2003-07-15,HSH-201408,16.223333,16.408264,16.114058,16.408264,3429388.2
2003-07-16,HSH-201408,16.47551,16.727686,16.357828,16.727686,3234762.2
2003-07-17,HSH-201408,16.55957,16.57638,16.080433,16.181305,4003272.8
2003-07-18,HSH-201408,16.265364,16.383045,16.097246,16.256958,2328610
2003-07-21,HSH-201408,16.256958,16.256958,15.819852,15.903911,1802311.4
2003-07-22,HSH-201408,15.887099,16.206522,15.811446,16.105652,1908070.8
2003-07-23,HSH-201408,16.181305,16.265364,16.055218,16.256958,1129805.4
2003-07-24,HSH-201408,16.27377,16.399858,16.063623,16.097246,1191191
2003-07-25,HSH-201408,16.038404,16.324205,16.038404,16.324205,1909498.4
2003-07-28,HSH-201408,16.39145,16.39145,16.164492,16.206522,1507517.5
2003-07-29,HSH-201408,16.156086,16.181305,15.84507,15.920723,2010737.1
2003-07-30,HSH-201408,16.055218,16.47551,15.979564,16.47551,2707987.8
2003-07-31,HSH-201408,15.634923,15.971158,15.567677,15.710576,5829258
2003-08-01,HSH-201408,15.618112,15.903911,15.584489,15.761011,4372657.5
2003-08-04,HSH-201408,15.718983,15.962751,15.449993,15.903911,2978037
2003-08-05,HSH-201408,15.903911,15.962751,15.718983,15.853477,2299463.8
2003-08-06,HSH-201408,15.811446,16.004782,15.752605,15.94594,2208099.2
2003-08-07,HSH-201408,15.971158,16.139277,15.887099,16.097246,2705965.2
2003-08-08,HSH-201408,16.139277,16.256958,16.07203,16.156086,1632906
2003-08-11,HSH-201408,16.18971,16.315798,15.98797,16.097246,1522388
2003-08-12,HSH-201408,16.097246,16.13087,15.870287,16.055218,1955537.6
2003-08-13,HSH-201408,15.971158,16.029999,15.861882,15.912317,1711184.6
2003-08-14,HSH-201408,15.92913,16.282175,15.92913,16.240145,1726055.2
2003-08-15,HSH-201408,16.240145,16.265364,16.105652,16.265364,1039035.5
2003-08-18,HSH-201408,16.256958,16.47551,16.248552,16.357828,1597692.5
2003-08-19,HSH-201408,16.324205,16.39145,16.08884,16.164492,1620771.6
2003-08-20,HSH-201408,16.164492,16.1729,16.013187,16.097246,1382961.8
2003-08-21,HSH-201408,16.105652,16.1729,15.971158,15.98797,1775068.5
2003-08-22,HSH-201408,16.021593,16.08884,15.718983,15.794636,2754978.8
2003-08-25,HSH-201408,15.836664,15.971158,15.752605,15.769417,2193823.5
2003-08-26,HSH-201408,15.651735,15.66014,15.424776,15.567677,3055839.8
2003-08-27,HSH-201408,15.492023,15.592893,15.35753,15.483618,4811398
2003-08-28,HSH-201408,15.598061,15.928673,15.44547,15.90324,3123434.5
2003-08-29,HSH-201408,15.911717,16.157557,15.86933,16.089739,2646862.5
2003-09-02,HSH-201408,16.08126,16.29319,16.064308,16.276237,3673143.8
2003-09-03,HSH-201408,16.276237,16.445782,16.20842,16.242329,4367948
2003-09-04,HSH-201408,16.23596,16.337858,16.08311,16.08311,2457720
2003-09-05,HSH-201408,16.057634,16.142551,15.862329,15.896294,1841817.9
2003-09-08,HSH-201408,15.921769,16.210484,15.921769,16.108583,2415089.8
2003-09-09,HSH-201408,16.108583,16.117077,15.921769,15.972718,2572657
2003-09-10,HSH-201408,15.972718,16.24445,15.938753,16.218975,3068440.5
2003-09-11,HSH-201408,16.218975,16.46523,16.218975,16.46523,3476372.5
2003-09-12,HSH-201408,16.422775,16.50769,16.269926,16.46523,2075813.6
2003-09-15,HSH-201408,16.473724,16.499199,16.261433,16.28691,1496536
2003-09-16,HSH-201408,16.278418,16.388807,16.218975,16.380318,1472747.8
2003-09-17,HSH-201408,16.388807,16.388807,16.159534,16.176517,1220498.8
2003-09-18,HSH-201408,16.252941,16.337858,16.185009,16.329367,1800483
2003-09-19,HSH-201408,16.261433,16.371826,15.964227,16.03216,2276953.2
2003-09-22,HSH-201408,15.938753,16.100092,15.794395,15.887802,2284843.5
2003-09-23,HSH-201408,15.964227,16.117077,15.930261,16.057634,2611518.8
2003-09-24,HSH-201408,16.091602,16.151043,15.955736,15.981211,2069572.1
2003-09-25,HSH-201408,16.066126,16.176517,15.913278,16.02367,1761738.9
2003-09-26,HSH-201408,15.913278,16.100092,15.836853,16.015177,2042604.4
2003-09-29,HSH-201408,15.989702,16.066126,15.777411,15.802887,1888334.4
2003-09-30,HSH-201408,15.802887,15.802887,15.522664,15.590597,3453290.8
2003-10-01,HSH-201408,15.667022,15.930261,15.616071,15.887802,2179916.2
2003-10-02,HSH-201408,16.006685,16.320875,15.913278,16.320875,2365629
2003-10-03,HSH-201408,16.44825,16.482216,16.03216,16.03216,2017520.8
2003-10-06,HSH-201408,16.049143,16.218975,15.964227,16.151043,1265719.9
2003-10-07,HSH-201408,16.151043,16.354841,16.091602,16.34635,1815321.1
2003-10-08,HSH-201408,16.337858,16.34635,16.168026,16.28691,1257358.8
2003-10-09,HSH-201408,16.312382,16.422775,16.049143,16.125568,2093949.1
2003-10-10,HSH-201408,16.168026,16.201992,15.930261,16.015177,1490059
2003-10-13,HSH-201408,16.117077,16.176517,16.02367,16.159534,779475.25
2003-10-14,HSH-201408,16.117077,16.227468,16.006685,16.185009,1150194.1
2003-10-15,HSH-201408,16.24445,16.516182,16.201992,16.46523,2723158.5
2003-10-16,HSH-201408,16.371826,16.388807,16.142551,16.1935,1899286.4
2003-10-17,HSH-201408,16.269926,16.28691,15.964227,16.117077,1936146.4
2003-10-20,HSH-201408,16.218975,16.227468,15.989702,16.049143,1939679.2
2003-10-21,HSH-201408,16.049143,16.24445,15.989702,16.049143,1617832.1
2003-10-22,HSH-201408,16.006685,16.040651,15.794395,15.862329,2485983.2
2003-10-23,HSH-201408,15.862329,16.23596,15.76892,16.23596,2243626.2
2003-10-24,HSH-201408,16.13406,16.13406,15.794395,16.049143,1965116.1
2003-10-27,HSH-201408,16.117077,16.218975,15.981211,16.049143,1842171.2
2003-10-28,HSH-201408,16.100092,16.414282,16.057634,16.380318,2886496
2003-10-29,HSH-201408,16.46523,16.711489,16.2954,16.601097,3120962.8
2003-10-30,HSH-201408,16.601097,16.711489,16.55864,16.702997,2260702
2003-10-31,HSH-201408,16.66054,16.92378,16.584116,16.92378,2643432.8
2003-11-03,HSH-201408,16.898304,16.92378,16.694506,16.88132,2393727.2
2003-11-04,HSH-201408,16.804897,16.82188,16.609589,16.643557,2160367.8
2003-11-05,HSH-201408,16.643557,16.702997,16.45674,16.635065,1975243.8
2003-11-06,HSH-201408,16.55864,16.864338,16.533165,16.855846,2233616.5
2003-11-07,HSH-201408,16.813387,16.940763,16.804897,16.864338,2526493.8
2003-11-10,HSH-201408,16.940763,16.983221,16.838863,16.949253,2508593.8
2003-11-11,HSH-201408,16.864338,17.13607,16.855846,17.03417,2504472
2003-11-12,HSH-201408,17.068136,17.19551,17.03417,17.170036,1837225.1
2003-11-13,HSH-201408,17.178528,17.331377,17.09361,17.18702,2200642.8
2003-11-14,HSH-201408,17.127579,17.280428,17.07663,17.254951,2715032.8
2003-11-17,HSH-201408,17.271935,17.280428,17.09361,17.212494,1916715.4
2003-11-18,HSH-201408,17.322886,17.484226,17.127579,17.13607,2924887
2003-11-19,HSH-201408,17.365343,17.51819,17.280428,17.467241,2430516.8
2003-11-20,HSH-201408,17.314392,17.441769,17.153053,17.170036,2059562.2
2003-11-21,HSH-201408,17.13607,17.314392,17.119085,17.24646,1736302
2003-11-24,HSH-201408,17.314392,17.526684,17.19551,17.475735,1878089
2003-11-25,HSH-201408,17.56065,17.611599,17.416292,17.526684,2119621.5
2003-11-26,HSH-201408,17.73878,17.747347,17.515972,17.69593,2363276.5
2003-11-28,HSH-201408,17.653084,17.678791,17.524542,17.610235,1010215.56
2003-12-01,HSH-201408,17.524542,17.69593,17.490263,17.653084,2416722.2
2003-12-02,HSH-201408,17.584528,17.678791,17.447418,17.498833,2998322.5
2003-12-03,HSH-201408,17.498833,17.961584,17.490263,17.867321,2938225.5
2003-12-04,HSH-201408,17.867321,18.115833,17.841612,18.098696,2556871
2003-12-05,HSH-201408,18.098696,18.158682,18.047277,18.141542,1949714.9
2003-12-08,HSH-201408,18.064417,18.141542,18.047277,18.098696,2023465.1
2003-12-09,HSH-201408,18.098696,18.167252,18.00443,18.081556,1872463.8
2003-12-10,HSH-201408,18.00443,18.03871,17.618805,17.73878,2178200.8
2003-12-11,HSH-201408,17.73021,18.064417,17.69593,17.961584,1643744.5
2003-12-12,HSH-201408,17.995863,18.107264,17.918737,17.953016,2618018.5
2003-12-15,HSH-201408,18.167252,18.415766,18.107264,18.201529,3296824.5
2003-12-16,HSH-201408,18.150112,18.210098,18.107264,18.167252,2333169.8
2003-12-17,HSH-201408,18.081556,18.124403,18.013,18.081556,2308664
2003-12-18,HSH-201408,18.03871,18.210098,18.013,18.158682,3485868
2003-12-19,HSH-201408,18.158682,18.287224,17.781626,17.841612,4624096.5
2003-12-22,HSH-201408,17.867321,18.02157,17.798765,18.00443,3927436.2
2003-12-23,HSH-201408,17.995863,18.107264,17.953016,18.081556,2198738.8
2003-12-24,HSH-201408,17.961584,18.03871,17.867321,17.995863,1097735.6
2003-12-26,HSH-201408,17.935877,18.02157,17.910168,17.961584,686857.9
2003-12-29,HSH-201408,18.055847,18.390057,18.03871,18.390057,2362109.8
2003-12-30,HSH-201408,18.252945,18.535738,18.252945,18.501461,1836288.8
2003-12-31,HSH-201408,18.552877,18.63857,18.484322,18.604292,1915757.1
2004-01-02,HSH-201408,18.741405,18.852808,18.415766,18.492891,3118983.8
2004-01-05,HSH-201408,18.604292,18.724266,18.304363,18.66428,2973350.2
2004-01-06,HSH-201408,18.544308,18.792822,18.475752,18.741405,1977021.1
2004-01-07,HSH-201408,18.65571,18.681417,18.295794,18.501461,2389649.2
2004-01-08,HSH-201408,18.458614,18.5186,18.35578,18.467182,2658044.5
2004-01-09,HSH-201408,18.33864,18.467182,18.33007,18.415766,2336320.5
2004-01-12,HSH-201408,18.34721,18.37292,18.047277,18.287224,2406219.8
2004-01-13,HSH-201408,18.218668,18.304363,17.910168,18.00443,2463166.2
2004-01-14,HSH-201408,18.03014,18.192959,18.00443,18.081556,1895452.4
2004-01-15,HSH-201408,18.124403,18.150112,17.978724,18.150112,1769890.2
2004-01-16,HSH-201408,18.150112,18.167252,17.867321,17.953016,3279437.2
2004-01-20,HSH-201408,17.995863,18.424335,17.918737,18.424335,3102880
2004-01-21,HSH-201408,18.424335,18.441475,18.18439,18.424335,3252481
2004-01-22,HSH-201408,17.995863,17.995863,17.396,17.558819,8252914
2004-01-23,HSH-201408,17.481695,17.601667,17.284597,17.40457,4387092
2004-01-26,HSH-201408,17.438848,17.584528,17.370293,17.473125,3588908.2
2004-01-27,HSH-201408,17.438848,17.54168,17.438848,17.507402,3813893.5
2004-01-28,HSH-201408,17.438848,18.047277,17.396,17.764486,4188713
2004-01-29,HSH-201408,17.781626,18.227238,17.72164,18.192959,3690198.2
2004-01-30,HSH-201408,18.192959,18.36435,18.107264,18.270084,3237544.2
2004-02-02,HSH-201408,18.270084,18.295794,18.081556,18.201529,2433409.5
2004-02-03,HSH-201408,18.090126,18.287224,18.090126,18.235807,2502608.8
2004-02-04,HSH-201408,18.210098,18.381489,18.013,18.03871,2832151
2004-02-05,HSH-201408,18.081556,18.210098,17.961584,18.17582,2420923.2
2004-02-06,HSH-201408,18.158682,18.210098,18.055847,18.150112,1386318.8
2004-02-09,HSH-201408,18.081556,18.167252,17.935877,18.107264,1849125.1
2004-02-10,HSH-201408,18.124403,18.424335,18.064417,18.424335,2266421
2004-02-11,HSH-201408,18.33864,18.689987,18.227238,18.441475,2613350.8
2004-02-12,HSH-201408,18.467182,18.467182,18.304363,18.424335,1629974.8
2004-02-13,HSH-201408,18.424335,18.527168,18.34721,18.501461,2747315
2004-02-17,HSH-201408,18.51003,18.64714,18.424335,18.595724,1550156.4
2004-02-18,HSH-201408,18.604292,18.630001,18.244377,18.287224,2238531.2
2004-02-19,HSH-201408,18.312933,18.81853,18.312933,18.66428,3049667.8
2004-02-20,HSH-201408,18.767113,18.809961,18.33864,18.5186,2601914.8
2004-02-23,HSH-201408,18.475752,18.67285,18.35578,18.544308,2758750.8
2004-02-24,HSH-201408,18.570015,18.715696,18.450045,18.66428,3140338.5
2004-02-25,HSH-201408,18.63857,18.67285,18.450045,18.544308,2679399.2
2004-02-26,HSH-201408,18.671812,18.836056,18.62859,18.775543,2450500.2
2004-02-27,HSH-201408,18.801477,18.931143,18.715033,18.861988,2504871
2004-03-01,HSH-201408,18.931143,19.08674,18.818766,18.991652,2546748
2004-03-02,HSH-201408,18.991652,19.04352,18.836056,18.983007,1819337.1
2004-03-03,HSH-201408,19.008942,19.052164,18.88792,19.017586,1863065
2004-03-04,HSH-201408,19.008942,19.095385,18.939787,19.060808,2328339.8
2004-03-05,HSH-201408,19.060808,19.36336,19.017586,19.294205,2431065.8
2004-03-08,HSH-201408,19.320139,19.36336,19.18183,19.18183,1559051.8
2004-03-09,HSH-201408,19.30285,19.57947,19.216406,19.553537,3755744.8
2004-03-10,HSH-201408,19.449804,19.691847,19.406584,19.475739,3527966.2
2004-03-11,HSH-201408,19.475739,19.622692,19.328783,19.42387,3150147.5
2004-03-12,HSH-201408,19.36336,19.57947,19.10403,19.328783,2519331.2
2004-03-15,HSH-201408,19.449804,19.493025,19.112675,19.129963,2034622
2004-03-16,HSH-201408,19.259628,19.320139,18.775543,18.957075,1946125
2004-03-17,HSH-201408,19.233696,19.259628,19.017586,19.233696,2470513.2
2004-03-18,HSH-201408,19.190474,19.22505,18.931143,18.983007,2211847.5
2004-03-19,HSH-201408,18.896566,19.034876,18.654524,18.715033,2548136.2
2004-03-22,HSH-201408,18.645878,18.913853,18.498924,18.853342,3148643.5
2004-03-23,HSH-201408,18.827412,18.836056,18.542147,18.697744,2464266.5
2004-03-24,HSH-201408,18.715033,18.853342,18.455704,18.58537,1770287.8
2004-03-25,HSH-201408,18.58537,18.844698,18.516214,18.844698,1557200.8
2004-03-26,HSH-201408,18.844698,18.844698,18.594013,18.680456,2115137
2004-03-29,HSH-201408,18.671812,18.801477,18.62859,18.740967,1761958.6
2004-03-30,HSH-201408,18.810122,18.818766,18.619946,18.792833,1778732.6
2004-03-31,HSH-201408,18.879276,18.965721,18.689102,18.896566,1935597.9
2004-04-01,HSH-201408,18.983007,19.276917,18.983007,19.10403,3185430.5
2004-04-02,HSH-201408,19.268272,19.268272,19.052164,19.155895,1568422
2004-04-05,HSH-201408,19.147251,19.155895,18.853342,19.034876,1576172.8
2004-04-06,HSH-201408,18.913853,19.10403,18.818766,19.017586,1573396.4
2004-04-07,HSH-201408,18.974365,19.18183,18.792833,19.147251,1944621.1
2004-04-08,HSH-201408,19.173185,19.18183,18.861988,18.974365,1195577.6
2004-04-12,HSH-201408,18.974365,19.10403,18.827412,19.078096,1268226.1
2004-04-13,HSH-201408,19.095385,19.095385,18.827412,18.88792,1351980.2
2004-04-14,HSH-201408,18.827412,19.121319,18.792833,19.112675,1712215.2
2004-04-15,HSH-201408,19.147251,19.207762,18.870632,18.983007,1608332.4
2004-04-16,HSH-201408,19.08674,19.276917,18.957075,19.233696,1441287
2004-04-19,HSH-201408,19.233696,19.38065,19.017586,19.38065,1696598.1
2004-04-20,HSH-201408,19.30285,19.389294,19.138607,19.16454,1319242.1
2004-04-21,HSH-201408,19.10403,19.536247,19.10403,19.233696,1739516.2
2004-04-22,HSH-201408,19.406584,19.88202,19.337427,19.873377,3473248.2
2004-04-23,HSH-201408,19.8388,20.17593,19.795578,20.124063,3268953.2
2004-04-26,HSH-201408,20.13271,20.31424,20.011686,20.23644,3549367.5
2004-04-27,HSH-201408,20.210506,20.530348,20.158642,20.210506,3782583
2004-04-28,HSH-201408,20.124063,20.17593,19.97711,20.003042,2472133
2004-04-29,HSH-201408,20.106775,20.31424,19.88202,20.003042,2933821.2
2004-04-30,HSH-201408,19.925243,20.227797,19.795578,19.951176,3188207
2004-05-03,HSH-201408,20.063553,20.271019,20.046265,20.201864,3258889
2004-05-04,HSH-201408,20.288305,20.35746,20.03762,20.227797,4316226
2004-05-05,HSH-201408,20.124063,20.210506,20.011686,20.11542,3050545
2004-05-06,HSH-201408,20.253729,20.452549,20.11542,20.262375,4071557.8
2004-05-07,HSH-201408,20.227797,20.227797,19.994398,20.028976,2825080
2004-05-10,HSH-201408,19.88202,20.03762,19.743711,19.925243,2445410.2
2004-05-11,HSH-201408,19.873377,19.873377,19.70049,19.847445,2086794.8
2004-05-12,HSH-201408,19.726423,19.97711,19.544893,19.890667,2443443.8
2004-05-13,HSH-201408,19.795578,19.8388,19.510315,19.622692,2747341.2
2004-05-14,HSH-201408,19.683203,19.873377,19.536247,19.8388,2772097.2
2004-05-17,HSH-201408,19.665913,19.804222,19.631334,19.726423,1480387.6
2004-05-18,HSH-201408,19.8388,19.959822,19.743711,19.752357,1910494.9
2004-05-19,HSH-201408,19.88202,19.925243,19.544893,19.544893,2255575.5
2004-05-20,HSH-201408,19.622692,19.639978,19.397938,19.553537,1735467.4
2004-05-21,HSH-201408,19.709133,19.804222,19.570824,19.639978,1643268.5
2004-05-24,HSH-201408,19.8388,19.8388,19.527603,19.778288,2079275.5
2004-05-25,HSH-201408,19.709133,19.88202,19.475739,19.804222,2256848
2004-05-26,HSH-201408,19.804222,19.994398,19.735067,19.933887,2070599.2
2004-05-27,HSH-201408,20.106012,20.271603,20.062437,20.254171,2264773.5
2004-05-28,HSH-201408,20.106012,20.175734,19.957853,19.957853,2770211.2
2004-06-01,HSH-201408,20.027575,20.062437,19.8707,19.957853,2088300.6
2004-06-02,HSH-201408,19.940422,20.193165,19.80098,20.158304,2153129.8
2004-06-03,HSH-201408,20.175734,20.20188,20.010145,20.175734,2329029
2004-06-04,HSH-201408,20.14959,20.20188,19.914278,20.036291,1619351
2004-06-07,HSH-201408,20.193165,20.297749,20.114727,20.254171,1831852.8
2004-06-08,HSH-201408,20.18445,20.297749,20.027575,20.254171,2313653.5
2004-06-09,HSH-201408,20.262886,20.376184,20.20188,20.315178,1799610.4
2004-06-10,HSH-201408,20.306461,20.323893,20.132158,20.18445,2305851
2004-06-14,HSH-201408,20.18445,20.18445,19.774836,19.8707,2515828.5
2004-06-15,HSH-201408,19.992716,20.140875,19.888132,20.097298,2940602.8
2004-06-16,HSH-201408,20.106012,20.132158,19.992716,20.027575,1823361.9
2004-06-17,HSH-201408,20.027575,20.036291,19.879417,19.888132,1350625.6
2004-06-18,HSH-201408,19.896847,20.027575,19.81841,19.957853,1939939.5
2004-06-21,HSH-201408,20.00143,20.193165,19.93171,20.114727,1449303.6
2004-06-22,HSH-201408,20.088581,20.297749,20.036291,20.245457,1831967.5
2004-06-23,HSH-201408,20.21931,20.23674,19.957853,20.14959,2233104.8
2004-06-24,HSH-201408,20.167019,20.167019,19.766119,19.922995,1870291.2
2004-06-25,HSH-201408,19.984,20.00143,19.670252,19.774836,2806469.5
2004-06-28,HSH-201408,19.940422,19.984,19.809694,19.844557,1478333.2
2004-06-29,HSH-201408,19.879417,19.984,19.83584,19.896847,1438976.9
2004-06-30,HSH-201408,19.992716,20.088581,19.93171,20.036291,1914696.4
2004-07-01,HSH-201408,20.097298,20.167019,19.8707,20.158304,2375384.8
2004-07-02,HSH-201408,20.132158,20.21931,20.071152,20.193165,1777006.1
2004-07-06,HSH-201408,20.175734,20.21931,20.106012,20.123444,2638028.5
2004-07-07,HSH-201408,20.132158,20.21931,20.097298,20.132158,1921121.9
2004-07-08,HSH-201408,19.984,20.175734,19.93171,20.079868,2030011.9
2004-07-09,HSH-201408,20.106012,20.193165,20.01886,20.193165,1745337.5
2004-07-12,HSH-201408,20.132158,20.289034,20.132158,20.21931,1376098.4
2004-07-13,HSH-201408,20.167019,20.20188,19.809694,19.853271,2259151.2
2004-07-14,HSH-201408,19.757404,19.957853,19.705112,19.757404,1966215.4
2004-07-15,HSH-201408,19.731258,19.81841,19.495949,19.705112,2871872.5
2004-07-16,HSH-201408,19.8707,19.896847,19.696398,19.827126,2258118.5
2004-07-19,HSH-201408,19.853271,19.905563,19.809694,19.861988,1798233.4
2004-07-20,HSH-201408,19.8707,20.097298,19.827126,19.992716,2140164
2004-07-21,HSH-201408,19.992716,20.106012,19.853271,19.93171,1951299
2004-07-22,HSH-201408,19.8707,19.922995,19.635391,19.687683,3052820.2
2004-07-23,HSH-201408,19.739973,19.78355,19.321644,19.408796,2261216.5
2004-07-26,HSH-201408,19.43494,19.513378,19.260637,19.40008,1806265.4
2004-07-27,HSH-201408,19.40008,19.4698,19.260637,19.312927,1980558.1
2004-07-28,HSH-201408,19.173485,19.391365,19.060186,19.295496,1706899
2004-07-29,HSH-201408,19.408796,19.417511,19.21706,19.286781,1100259.1
2004-07-30,HSH-201408,19.286781,19.286781,19.051472,19.138622,2291967.2
2004-08-02,HSH-201408,19.12991,19.12991,18.946888,19.03404,2604065
2004-08-03,HSH-201408,18.990465,19.03404,18.807446,18.868452,2872102
2004-08-04,HSH-201408,18.912027,18.929457,18.63314,18.65057,4058073
2004-08-05,HSH-201408,18.65057,18.65057,18.267101,18.502413,9111531
2004-08-06,HSH-201408,18.301962,18.458836,18.197378,18.45012,3013693.2
2004-08-09,HSH-201408,18.45012,18.63314,18.319393,18.563417,2995334.5
2004-08-10,HSH-201408,18.476267,18.606995,18.441406,18.606995,3527162.8
2004-08-11,HSH-201408,18.519842,18.65057,18.389114,18.624426,2306080.5
2004-08-12,HSH-201408,18.519842,18.589565,18.28453,18.310678,2713987.8
2004-08-13,HSH-201408,18.3804,18.397831,18.16252,18.23224,3149662.2
2004-08-16,HSH-201408,18.188665,18.362968,18.04922,18.336824,3374785.8
2004-08-17,HSH-201408,18.43269,18.737722,18.397831,18.737722,4117165
2004-08-18,HSH-201408,18.659286,18.81616,18.65057,18.720293,4234890
2004-08-19,HSH-201408,18.659286,18.912027,18.659286,18.859735,2828729.5
2004-08-20,HSH-201408,18.894598,19.173485,18.833591,19.164768,2119395.8
2004-08-23,HSH-201408,19.173485,19.321644,19.042757,19.051472,2620014.2
2004-08-24,HSH-201408,19.060186,19.34779,19.060186,19.295496,2002359.1
2004-08-25,HSH-201408,19.4698,19.591814,19.356503,19.373934,3402094.2
2004-08-26,HSH-201408,19.339073,19.487232,19.234491,19.356503,3204738.2
2004-08-27,HSH-201408,19.391365,19.635391,19.373934,19.5831,1942578.6
2004-08-30,HSH-201408,19.668787,19.668787,19.282091,19.29088,2870323.8
2004-08-31,HSH-201408,19.334824,19.493017,19.326035,19.449074,2409952.2
2004-09-01,HSH-201408,19.536959,19.703943,19.484228,19.554537,2110244.2
2004-09-02,HSH-201408,19.607267,19.941235,19.580904,19.809406,1784138.4
2004-09-03,HSH-201408,19.888502,20.178524,19.862137,20.064274,1566582.8
2004-09-07,HSH-201408,20.152159,20.160948,19.818193,19.853348,2176580.5
2004-09-08,HSH-201408,19.818193,19.879715,19.71273,19.818193,3286546.8
2004-09-09,HSH-201408,19.870926,19.976387,19.686365,19.923656,2224711.2
2004-09-10,HSH-201408,19.818193,19.879715,19.598478,19.730309,1958000.9
2004-09-13,HSH-201408,19.71273,19.71273,19.598478,19.677576,3061140
2004-09-14,HSH-201408,19.677576,19.879715,19.668787,19.791828,1892347.2
2004-09-15,HSH-201408,19.941235,20.073061,19.826982,19.950022,2397436
2004-09-16,HSH-201408,19.950022,20.099428,19.923656,20.046696,1955611.4
2004-09-17,HSH-201408,20.055485,20.1961,20.02033,20.099428,2570729.5
2004-09-20,HSH-201408,20.099428,20.099428,19.686365,19.809406,2106489.5
2004-09-21,HSH-201408,19.809406,19.844559,19.536959,19.598478,2220956.5
2004-09-22,HSH-201408,19.563326,19.580904,19.40513,19.47544,1829538.4
2004-09-23,HSH-201408,19.47544,19.580904,19.440287,19.46665,2006700.6
2004-09-24,HSH-201408,19.545748,19.739096,19.47544,19.616056,1920793.4
2004-09-27,HSH-201408,19.730309,19.77425,19.52817,19.563326,1984171.2
2004-09-28,HSH-201408,19.642424,19.844559,19.598478,19.809406,1961186.9
2004-09-29,HSH-201408,19.818193,19.958809,19.739096,19.958809,1562486.5
2004-09-30,HSH-201408,19.879715,20.09064,19.879715,20.09064,3033262.8
2004-10-01,HSH-201408,20.1961,20.477335,20.160948,20.380661,3688546.8
2004-10-04,HSH-201408,20.371872,20.38945,20.292776,20.38945,2043908
2004-10-05,HSH-201408,20.38945,20.433392,20.240046,20.424604,2948607.2
2004-10-06,HSH-201408,20.424604,20.424604,20.046696,20.187313,2387878
2004-10-07,HSH-201408,20.231256,20.319141,19.976387,20.037907,2055627.9
2004-10-08,HSH-201408,19.985176,20.09064,19.888502,19.914867,1533016.4
2004-10-11,HSH-201408,19.89729,19.950022,19.791828,19.826982,1382479.8
2004-10-12,HSH-201408,19.77425,19.906078,19.686365,19.765463,1554749.1
2004-10-13,HSH-201408,19.906078,19.906078,19.677576,19.791828,2436805.2
2004-10-14,HSH-201408,19.791828,19.967598,19.703943,19.72152,2203775
2004-10-15,HSH-201408,19.730309,19.985176,19.65121,19.747885,2394022.5
2004-10-18,HSH-201408,19.686365,19.941235,19.642424,19.862137,2682352
2004-10-19,HSH-201408,19.862137,19.932446,19.703943,19.703943,1360291.8
2004-10-20,HSH-201408,19.739096,19.78304,19.572115,19.677576,1378383.5
2004-10-21,HSH-201408,19.677576,19.739096,19.510595,19.616056,1863901.2
2004-10-22,HSH-201408,19.668787,19.756674,19.563326,19.572115,3113936
2004-10-25,HSH-201408,19.554537,19.730309,19.422709,19.72152,2314828.5
2004-10-26,HSH-201408,19.77425,20.169737,19.616056,20.125793,4047195
2004-10-27,HSH-201408,19.993965,20.336718,19.914867,20.336718,2399598
2004-10-28,HSH-201408,20.248833,20.336718,20.213678,20.25762,2328710.2
2004-10-29,HSH-201408,20.231256,20.459759,20.169737,20.459759,2334399.5
2004-11-01,HSH-201408,20.477335,20.486124,20.319141,20.486124,3924535.5
2004-11-02,HSH-201408,20.486124,20.574009,20.380661,20.477335,3873560.2
2004-11-03,HSH-201408,20.477335,20.521278,20.292776,20.345507,2655612.8
2004-11-04,HSH-201408,20.345507,20.477335,20.319141,20.433392,3634954.5
2004-11-05,HSH-201408,20.486124,20.5037,20.319141,20.486124,2518730
2004-11-08,HSH-201408,20.51249,20.521278,20.231256,20.459759,2200134
2004-11-09,HSH-201408,20.468548,20.538857,20.354296,20.45097,2675980
2004-11-10,HSH-201408,20.45097,20.969494,20.45097,20.899187,4115124.2
2004-11-11,HSH-201408,20.978283,21.154055,20.793722,21.154055,3145909.2
2004-11-12,HSH-201408,21.083746,21.470442,21.066168,21.373768,2300605.5
2004-11-15,HSH-201408,21.391346,21.391346,21.154055,21.30346,2251450.8
2004-11-16,HSH-201408,21.23315,21.338614,21.101322,21.206785,1845240.6
2004-11-17,HSH-201408,21.18042,21.444077,21.18042,21.400133,2352832.5
2004-11-18,HSH-201408,21.435287,21.444077,21.197998,21.382557,2003173.2
2004-11-19,HSH-201408,21.400133,21.400133,21.048592,21.1189,1355399
2004-11-22,HSH-201408,21.1189,21.224361,21.039803,21.224361,1385665.6
2004-11-23,HSH-201408,21.136477,21.24194,20.881609,20.960707,2768828
2004-11-24,HSH-201408,20.960707,21.074957,20.899187,20.943129,1377928.4
2004-11-26,HSH-201408,20.943129,21.162842,20.943129,21.004648,724920
2004-11-29,HSH-201408,21.046741,21.179668,20.825197,20.869505,1675960.1
2004-11-30,HSH-201408,20.896091,20.958124,20.683409,20.807474,2069785.9
2004-12-01,HSH-201408,20.825197,21.046741,20.78089,20.869505,2363180.5
2004-12-02,HSH-201408,20.78089,21.259424,20.78089,21.1265,1882464.8
2004-12-03,HSH-201408,21.108774,21.321457,21.091051,21.108774,1451513.2
2004-12-06,HSH-201408,21.091051,21.1265,20.913816,20.975847,1400507.8
2004-12-07,HSH-201408,20.922678,20.958124,20.621376,20.754303,2210276.8
2004-12-08,HSH-201408,20.727716,20.975847,20.674547,20.834059,2115600.5
2004-12-09,HSH-201408,20.382109,20.958124,20.382109,20.913816,2873461.2
2004-12-10,HSH-201408,21.268288,21.321457,20.88723,21.28601,2998267
2004-12-13,HSH-201408,21.374628,21.401213,21.108774,21.330318,2959900
2004-12-14,HSH-201408,21.374628,21.640482,21.179668,21.63162,2964188
2004-12-15,HSH-201408,21.489832,21.667068,21.365767,21.658205,2231830
2004-12-16,HSH-201408,21.57845,21.702515,21.454384,21.702515,2944101.8
2004-12-17,HSH-201408,21.356905,21.667068,21.179668,21.4278,4257268
2004-12-20,HSH-201408,21.551863,21.613895,21.1265,21.241701,1884608.8
2004-12-21,HSH-201408,21.268288,21.480968,21.223978,21.445522,2009527.1
2004-12-22,HSH-201408,21.489832,21.53414,21.250563,21.268288,2783863.2
2004-12-23,HSH-201408,21.356905,21.445522,21.179668,21.28601,1427477.5
2004-12-27,HSH-201408,21.356905,21.516417,21.206255,21.206255,1518317
2004-12-28,HSH-201408,21.348043,21.472107,21.28601,21.472107,1428831.6
2004-12-29,HSH-201408,21.52528,21.551863,21.356905,21.356905,991448
2004-12-30,HSH-201408,21.365767,21.489832,21.321457,21.472107,1123137
2004-12-31,HSH-201408,21.489832,21.489832,21.27715,21.392351,979712.2
2005-01-03,HSH-201408,21.445522,21.57845,21.206255,21.259424,2385975
2005-01-04,HSH-201408,21.401213,21.551863,21.321457,21.543001,3468488.2
2005-01-05,HSH-201408,21.53414,21.53414,21.144222,21.144222,2273131
2005-01-06,HSH-201408,21.117636,21.197393,20.966986,21.046741,2045073
2005-01-07,HSH-201408,21.153084,21.215117,20.922678,21.108774,1277959.1
2005-01-10,HSH-201408,20.975847,21.303734,20.9404,21.27715,1705751
2005-01-11,HSH-201408,21.330318,21.401213,20.869505,20.869505,1733172
2005-01-12,HSH-201408,20.913816,21.215117,20.860645,21.18853,1554539.9
2005-01-13,HSH-201408,21.1265,21.250563,20.958124,21.011293,1987409.8
2005-01-14,HSH-201408,21.03788,21.179668,20.958124,21.13536,1646282.1
2005-01-18,HSH-201408,21.108774,21.53414,20.896091,21.53414,1958408.8
2005-01-19,HSH-201408,21.53414,21.667068,21.33918,21.516417,1991359.2
2005-01-20,HSH-201408,21.658205,21.844303,21.560726,21.746824,3011131
2005-01-21,HSH-201408,21.844303,21.950645,21.63162,21.906334,2835771.5
2005-01-24,HSH-201408,21.906334,22.154465,21.764545,22.110157,5597404.5
2005-01-25,HSH-201408,21.170807,21.170807,20.027637,20.29349,12267392
2005-01-26,HSH-201408,20.160563,20.18715,19.708612,20.018776,6026099
2005-01-27,HSH-201408,20.027637,20.701134,19.947882,20.585928,5014226
2005-01-28,HSH-201408,20.470726,20.78089,20.408693,20.64796,4319558
2005-01-31,HSH-201408,20.64796,20.816336,20.550482,20.807474,3455398.2
2005-02-01,HSH-201408,20.825197,20.98471,20.709995,20.949263,3464877
2005-02-02,HSH-201408,20.993572,21.046741,20.825197,21.03788,2256204.2
2005-02-03,HSH-201408,20.913816,20.975847,20.78089,20.807474,2123048.2
2005-02-04,HSH-201408,20.816336,20.922678,20.550482,20.64796,4161463.5
2005-02-07,HSH-201408,20.64796,20.772028,20.488451,20.69227,3404279.8
2005-02-08,HSH-201408,20.69227,20.69227,20.559345,20.577066,2558513.5
2005-02-09,HSH-201408,20.515034,20.639101,20.3378,20.355522,1979397.8
2005-02-10,HSH-201408,21.268288,21.808857,20.603653,21.197393,13421786
2005-02-11,HSH-201408,21.206255,21.206255,20.718855,20.88723,4504058
2005-02-14,HSH-201408,20.975847,20.98471,20.665686,20.772028,2176423.5
2005-02-15,HSH-201408,20.825197,20.922678,20.594791,20.603653,3995808.5
2005-02-16,HSH-201408,20.603653,20.73658,20.550482,20.568205,2800225.5
2005-02-17,HSH-201408,20.913816,21.153084,20.683409,20.79861,5237996
2005-02-18,HSH-201408,20.860645,20.860645,20.34666,20.355522,4281755.5
2005-02-22,HSH-201408,20.39097,20.603653,20.116255,20.116255,4465691
2005-02-23,HSH-201408,20.249182,20.249182,19.84154,19.965605,5123008
2005-02-24,HSH-201408,20.027637,20.151701,19.752922,20.125116,5314278.5
2005-02-25,HSH-201408,20.292732,20.292732,19.979849,20.185457,2200563.2
2005-02-28,HSH-201408,20.203337,20.203337,20.015606,20.024546,2908989.8
2005-03-01,HSH-201408,20.024546,20.113941,19.93515,20.042425,4925874.5
2005-03-02,HSH-201408,19.97091,20.087122,19.908333,20.015606,2751151.5
2005-03-03,HSH-201408,20.051365,20.078182,19.95303,20.015606,2752717.5
2005-03-04,HSH-201408,20.024546,20.087122,19.96197,20.051365,2009278
2005-03-07,HSH-201408,20.069244,20.087122,19.899393,19.997728,2073375.2
2005-03-08,HSH-201408,20.024546,20.024546,19.702724,19.792118,2323836
2005-03-09,HSH-201408,19.801058,19.845757,19.443478,19.532873,4729219.5
2005-03-10,HSH-201408,19.738482,19.738482,19.550753,19.658026,4389716.5
2005-03-11,HSH-201408,19.675905,19.729542,19.532873,19.57757,3053963.8
2005-03-14,HSH-201408,19.58651,19.613329,19.264687,19.434538,2946240
2005-03-15,HSH-201408,19.443478,19.452417,18.907104,19.076956,4304477
2005-03-16,HSH-201408,18.951803,18.98756,18.701496,18.781952,4794659.5
2005-03-17,HSH-201408,18.862408,19.068016,18.764072,18.9965,3571105
2005-03-18,HSH-201408,18.9965,19.059076,18.853468,19.041197,5254415
2005-03-21,HSH-201408,19.094835,19.228928,18.951803,19.166351,3590569.2
2005-03-22,HSH-201408,19.255747,19.291506,19.041197,19.094835,3946516.2
2005-03-23,HSH-201408,19.166351,19.541813,19.166351,19.380901,5065255.5
2005-03-24,HSH-201408,19.506054,19.55969,19.389841,19.425598,3115712
2005-03-28,HSH-201408,19.452417,19.738482,19.452417,19.57757,2632017.8
2005-03-29,HSH-201408,19.57757,19.801058,19.514994,19.640146,3471883
2005-03-30,HSH-201408,19.532873,19.77424,19.532873,19.649086,4153462.2
2005-03-31,HSH-201408,19.666965,19.845757,19.57757,19.809998,3570545.8
2005-04-01,HSH-201408,19.890453,19.94409,19.532873,19.675905,3730733.2
2005-04-04,HSH-201408,19.783178,19.863634,19.613329,19.7653,3121976.2
2005-04-05,HSH-201408,19.7653,19.818937,19.666965,19.756361,1980753
2005-04-06,HSH-201408,19.756361,19.801058,19.666965,19.756361,2188705.8
2005-04-07,HSH-201408,19.729542,19.783178,19.541813,19.684845,2523287
2005-04-08,HSH-201408,19.631207,19.7653,19.59545,19.711662,1308010.6
2005-04-11,HSH-201408,19.684845,19.729542,19.55969,19.693785,1360026.8
2005-04-12,HSH-201408,19.702724,19.792118,19.57757,19.747421,1851887.1
2005-04-13,HSH-201408,19.711662,19.756361,19.264687,19.371962,2804621.8
2005-04-14,HSH-201408,19.479237,19.649086,19.39878,19.541813,2288934.8
2005-04-15,HSH-201408,19.470297,19.532873,19.363022,19.416658,3044903
2005-04-18,HSH-201408,19.443478,19.488174,19.219988,19.309385,2694772.8
2005-04-19,HSH-201408,19.39878,19.514994,19.282566,19.425598,2630675.2
2005-04-20,HSH-201408,19.345142,19.443478,19.175291,19.246807,3741695.8
2005-04-21,HSH-201408,19.309385,19.425598,19.202108,19.39878,2357059.2
2005-04-22,HSH-201408,19.425598,19.497114,19.273626,19.425598,2019233.8
2005-04-25,HSH-201408,19.39878,19.59545,19.371962,19.541813,1665076.4
2005-04-26,HSH-201408,19.130592,19.139532,18.326036,19.068016,6255922
2005-04-27,HSH-201408,18.907104,19.103775,18.773012,19.050137,4587154
2005-04-28,HSH-201408,18.862408,18.96968,18.585283,18.64786,4469362.5
2005-04-29,HSH-201408,18.665737,19.202108,18.62998,19.121653,4240491.5
2005-05-02,HSH-201408,19.121653,19.211048,18.862408,18.933924,2563893.2
2005-05-03,HSH-201408,19.01438,19.684845,18.9965,19.255747,4589503
2005-05-04,HSH-201408,19.327265,19.514994,19.309385,19.488174,1905245.6
2005-05-05,HSH-201408,19.461357,19.488174,19.041197,19.264687,1712394.4
2005-05-06,HSH-201408,19.380901,19.425598,19.228928,19.264687,1789244
2005-05-09,HSH-201408,18.9965,19.041197,18.808771,19.041197,2969395.5
2005-05-10,HSH-201408,18.862408,18.951803,18.567404,18.62104,3950990.8
2005-05-11,HSH-201408,18.540585,18.692556,18.406492,18.60316,2687949
2005-05-12,HSH-201408,18.594221,18.665737,18.424372,18.60316,2583581
2005-05-13,HSH-201408,18.594221,18.6121,18.218761,18.361795,1666866.2
2005-05-16,HSH-201408,18.397552,18.540585,18.352856,18.406492,1669662.8
2005-05-17,HSH-201408,18.326036,18.495888,18.290277,18.460129,2067334.8
2005-05-18,HSH-201408,18.495888,18.737253,18.433311,18.692556,2084226
2005-05-19,HSH-201408,18.98756,18.98756,18.567404,18.674677,2125503.2
2005-05-20,HSH-201408,18.674677,18.933924,18.62104,18.933924,2626648.2
2005-05-23,HSH-201408,18.96968,18.97862,18.826649,18.844528,1745505.8
2005-05-24,HSH-201408,18.764072,18.916044,18.63892,18.916044,3047923.2
2005-05-25,HSH-201408,18.826649,18.898165,18.531645,18.585283,3575915.2
2005-05-26,HSH-201408,18.683617,18.683617,18.513765,18.62104,1923591.1
2005-05-27,HSH-201408,18.618784,18.64586,18.465357,18.600735,1797431.2
2005-05-31,HSH-201408,18.546583,18.564634,18.266806,18.311932,2684512.8
2005-06-01,HSH-201408,18.275831,18.57366,18.275831,18.546583,2704678.8
2005-06-02,HSH-201408,18.429258,18.546583,18.393156,18.465357,2143798.5
2005-06-03,HSH-201408,18.420233,18.672935,18.402182,18.447308,1831558.4
2005-06-06,HSH-201408,18.348032,18.402182,18.266806,18.311932,2180917.2
2005-06-07,HSH-201408,18.357058,18.50146,18.20363,18.357058,3079300.5
2005-06-08,HSH-201408,18.357058,18.411207,18.140455,18.18558,2232883.5
2005-06-09,HSH-201408,18.095327,18.20363,18.023127,18.032152,3253924.5
2005-06-10,HSH-201408,18.032152,18.059229,17.842627,18.014103,2139255.8
2005-06-13,HSH-201408,17.923853,18.104353,17.869701,17.896776,3175587.5
2005-06-14,HSH-201408,17.932878,17.996054,17.88775,17.932878,2200529.2
2005-06-15,HSH-201408,17.923853,18.032152,17.869701,17.996054,2701576.2
2005-06-16,HSH-201408,17.959951,18.023127,17.869701,17.950926,1935712.2
2005-06-17,HSH-201408,18.095327,18.095327,17.7975,17.914827,3887934
2005-06-20,HSH-201408,17.833601,17.905802,17.698225,17.74335,2578142.8
2005-06-21,HSH-201408,17.770426,17.905802,17.698225,17.851652,2357425
2005-06-22,HSH-201408,17.842627,17.896776,17.553823,17.562847,3061904.5
2005-06-23,HSH-201408,17.571873,17.644073,17.364296,17.445522,4043057
2005-06-24,HSH-201408,17.400396,17.490646,17.364296,17.427471,2543018.5
2005-06-27,HSH-201408,17.427471,17.535772,17.427471,17.517723,3011157.2
2005-06-28,HSH-201408,17.589924,17.716274,17.490646,17.698225,2686839.5
2005-06-29,HSH-201408,17.698225,17.770426,17.63505,17.716274,5182545.5
2005-06-30,HSH-201408,17.6892,18.023127,17.6892,17.878725,6354499
2005-07-01,HSH-201408,17.869701,17.932878,17.698225,17.734324,3405501.8
2005-07-05,HSH-201408,17.734324,17.7614,17.607973,17.6892,2623571.5
2005-07-06,HSH-201408,17.6531,17.806524,17.499672,17.508698,7391052.5
2005-07-07,HSH-201408,17.328196,17.463572,17.237944,17.382345,3814139.8
2005-07-08,HSH-201408,17.382345,17.616999,17.28307,17.499672,2980132.8
2005-07-11,HSH-201408,17.544798,17.671148,17.472597,17.6531,3629654.5
2005-07-12,HSH-201408,17.6531,17.824575,17.454546,17.779451,2193327
2005-07-13,HSH-201408,17.698225,17.824575,17.6892,17.779451,1890837.4
2005-07-14,HSH-201408,17.950926,17.968977,17.81555,17.941902,3290710.8
2005-07-15,HSH-201408,17.950926,18.086304,17.941902,18.07728,2911103
2005-07-18,HSH-201408,18.059229,18.095327,17.905802,17.923853,2436980.8
2005-07-19,HSH-201408,17.932878,18.050203,17.644073,17.7253,3096364
2005-07-20,HSH-201408,17.7253,17.734324,17.328196,17.63505,5268860.5
2005-07-21,HSH-201408,17.598948,17.607973,17.463572,17.553823,2792544.8
2005-07-22,HSH-201408,17.517723,17.571873,17.373322,17.553823,2229781
2005-07-25,HSH-201408,17.598948,17.6892,17.508698,17.616999,2402299.8
2005-07-26,HSH-201408,17.6531,17.680174,17.400396,17.562847,3910981
2005-07-27,HSH-201408,17.517723,17.6892,17.481623,17.644073,1860256
2005-07-28,HSH-201408,17.644073,17.88775,17.644073,17.842627,3755636.2
2005-07-29,HSH-201408,17.878725,18.023127,17.81555,17.987028,3257027
2005-08-01,HSH-201408,17.987028,18.176554,17.923853,17.932878,4000841.2
2005-08-02,HSH-201408,17.987028,18.13143,17.860678,17.914827,2920742.8
2005-08-03,HSH-201408,18.050203,18.420233,17.978003,18.366083,5524037.5
2005-08-04,HSH-201408,17.779451,18.907589,17.517723,18.835388,10754117
2005-08-05,HSH-201408,18.546583,18.681961,18.095327,18.384132,7936642
2005-08-08,HSH-201408,18.519508,18.600735,18.420233,18.492434,4742439.5
2005-08-09,HSH-201408,18.483408,18.53756,18.375107,18.411207,3614585.2
2005-08-10,HSH-201408,18.411207,18.555609,17.950926,18.068254,8718129
2005-08-11,HSH-201408,18.068254,18.13143,17.932878,17.996054,5753176
2005-08-12,HSH-201408,17.878725,18.041178,17.878725,17.923853,3754639.2
2005-08-15,HSH-201408,17.905802,18.18558,17.851652,17.996054,2276539.5
2005-08-16,HSH-201408,17.941902,17.968977,17.770426,17.788475,2466454.2
2005-08-17,HSH-201408,17.74335,17.905802,17.74335,17.842627,1769398.4
2005-08-18,HSH-201408,17.878725,17.914827,17.833601,17.88775,2080087.4
2005-08-19,HSH-201408,17.978003,18.050203,17.869701,18.014103,2118979
2005-08-22,HSH-201408,17.996054,18.104353,17.81555,17.878725,4191864.2
2005-08-23,HSH-201408,17.833601,17.923853,17.806524,17.824575,2647394
2005-08-24,HSH-201408,17.779451,17.851652,17.626024,17.6531,2788001.8
2005-08-25,HSH-201408,17.734324,17.752375,17.517723,17.544798,3440736.8
2005-08-26,HSH-201408,17.463572,17.472597,17.33722,17.33722,4385657
2005-08-29,HSH-201408,17.328196,17.436497,17.255995,17.382345,2434432.5
2005-08-30,HSH-201408,17.325354,17.462133,17.243286,17.380066,3935579
2005-08-31,HSH-201408,17.370947,17.453014,17.21593,17.325354,5228430
2005-09-01,HSH-201408,17.28888,17.81776,17.142982,17.170338,4918623.5
2005-09-02,HSH-201408,17.234169,17.389185,17.22505,17.261524,3189851
2005-09-06,HSH-201408,17.297998,17.36183,17.179457,17.36183,3193470
2005-09-07,HSH-201408,17.36183,17.41654,17.243286,17.41654,4007190.8
2005-09-08,HSH-201408,17.690098,17.690098,17.252405,17.462133,3767351.5
2005-09-09,HSH-201408,17.507727,17.562439,17.389185,17.462133,2315923.8
2005-09-12,HSH-201408,17.462133,17.562439,17.370947,17.507727,2795163.5
2005-09-13,HSH-201408,17.598911,17.671862,17.325354,17.35271,3110891.5
2005-09-14,HSH-201408,17.380066,17.443895,17.206814,17.234169,4168948
2005-09-15,HSH-201408,17.170338,17.279762,17.106508,17.261524,2507510
2005-09-16,HSH-201408,17.334473,17.35271,17.115627,17.316236,4645665.5
2005-09-19,HSH-201408,17.243286,17.535082,17.161219,17.28888,3740922
2005-09-20,HSH-201408,17.197695,17.325354,17.09739,17.179457,3945229.5
2005-09-21,HSH-201408,17.09739,17.124746,17.006203,17.015322,3598904.8
2005-09-22,HSH-201408,16.997084,17.106508,16.951492,17.02444,3674793.5
2005-09-23,HSH-201408,17.02444,17.115627,17.006203,17.079151,2762263.8
2005-09-26,HSH-201408,17.070032,17.115627,16.960611,17.070032,3451842.8
2005-09-27,HSH-201408,17.079151,17.09739,16.969728,17.03356,2887502.2
2005-09-28,HSH-201408,17.09739,17.21593,17.02444,17.179457,2387645.2
2005-09-29,HSH-201408,17.115627,17.252405,17.006203,17.206814,2039565.8
2005-09-30,HSH-201408,17.124746,17.28888,17.03356,17.279762,3286905.2
2005-10-03,HSH-201408,17.325354,17.35271,17.161219,17.297998,3063625.5
2005-10-04,HSH-201408,17.307117,17.453014,17.1521,17.21593,2773559.5
2005-10-05,HSH-201408,17.115627,17.297998,17.042679,17.060915,2784635.8
2005-10-06,HSH-201408,17.060915,17.206814,16.915016,16.969728,3251154.2
2005-10-07,HSH-201408,17.051798,17.21593,16.978848,17.115627,3397777.5
2005-10-10,HSH-201408,17.142982,17.22505,16.997084,17.060915,2702386.2
2005-10-11,HSH-201408,17.060915,17.161219,16.915016,16.942373,2465508
2005-10-12,HSH-201408,16.869425,17.079151,16.778238,16.860306,2699864
2005-10-13,HSH-201408,16.778238,16.878544,16.69617,16.76,2343998.2
2005-10-14,HSH-201408,16.741764,16.960611,16.687052,16.869425,2410017
2005-10-17,HSH-201408,16.805593,16.9059,16.70529,16.842068,1961703
2005-10-18,HSH-201408,16.851187,16.89678,16.778238,16.805593,2205600
2005-10-19,HSH-201408,16.732645,16.869425,16.659697,16.805593,2436994.8
2005-10-20,HSH-201408,16.732645,16.814713,16.614103,16.668816,2476694
2005-10-21,HSH-201408,16.677935,16.778238,16.541153,16.550272,2854054.2
2005-10-24,HSH-201408,16.541153,16.63234,16.532036,16.559391,2754587.2
2005-10-25,HSH-201408,16.559391,16.659697,16.413494,16.5138,4296270
2005-10-26,HSH-201408,16.413494,16.62322,16.331427,16.377018,3269687.8
2005-10-27,HSH-201408,16.139936,16.349665,16.094341,16.149054,3432761
2005-10-28,HSH-201408,16.203766,16.222004,16.003157,16.121698,4433791
2005-10-31,HSH-201408,16.076105,16.313189,16.04875,16.276714,4689202.5
2005-11-01,HSH-201408,16.185528,16.185528,15.866377,16.094341,4786257
2005-11-02,HSH-201408,15.820785,16.03963,15.784309,15.939325,8637722
2005-11-03,HSH-201408,16.139936,16.860306,16.085224,16.294952,5473971.5
2005-11-04,HSH-201408,16.258478,16.44085,16.04875,16.167292,3636191
2005-11-07,HSH-201408,16.130817,16.231121,16.003157,16.03963,3266288.2
2005-11-08,HSH-201408,15.957563,16.139936,15.893733,16.066988,3915729.5
2005-11-09,HSH-201408,16.057869,16.258478,16.03963,16.17641,2310769.5
2005-11-10,HSH-201408,16.222004,16.541153,16.158173,16.495562,3492967.5
2005-11-11,HSH-201408,16.44085,16.57763,16.422613,16.541153,2645469.8
2005-11-14,HSH-201408,16.57763,16.595867,16.358782,16.468204,2021470.9
2005-11-15,HSH-201408,16.395256,16.495562,16.313189,16.358782,2976989.5
2005-11-16,HSH-201408,16.358782,16.413494,16.167292,16.194647,3400409.5
2005-11-17,HSH-201408,16.121698,16.285833,16.057869,16.167292,5285456
2005-11-18,HSH-201408,16.404375,16.413494,16.149054,16.377018,3132495.8
2005-11-21,HSH-201408,16.294952,16.404375,16.24024,16.377018,2827186
2005-11-22,HSH-201408,16.322308,16.449968,16.24936,16.422613,7234438
2005-11-23,HSH-201408,16.431732,16.595867,16.413494,16.50468,2155811.5
2005-11-25,HSH-201408,16.56851,16.595867,16.459085,16.5138,1549578.6
2005-11-28,HSH-201408,16.541153,16.641459,16.486443,16.63234,4718812.5
2005-11-29,HSH-201408,16.759094,16.814404,16.639254,16.713001,5072017
2005-11-30,HSH-201408,16.731438,16.786749,16.60238,16.648472,5242545
2005-12-01,HSH-201408,16.685347,16.961899,16.519415,16.749876,4214169.5
2005-12-02,HSH-201408,16.703783,16.77753,16.620817,16.713001,3392337.2
2005-12-05,HSH-201408,16.694565,16.759094,16.556288,16.620817,3303818.8
2005-12-06,HSH-201408,16.639254,16.713001,16.593163,16.611599,3158891.5
2005-12-07,HSH-201408,16.60238,16.648472,16.491758,16.611599,3596059.5
2005-12-08,HSH-201408,16.593163,16.703783,16.510197,16.565506,3761380.8
2005-12-09,HSH-201408,16.593163,16.639254,16.510197,16.547071,2496522.2
2005-12-12,HSH-201408,16.547071,16.611599,16.500977,16.593163,3593890
2005-12-13,HSH-201408,16.556288,16.66691,16.519415,16.611599,2827273
2005-12-14,HSH-201408,16.593163,16.89737,16.574724,16.786749,3822671
2005-12-15,HSH-201408,16.740656,17.109394,16.740656,16.832842,5995710.5
2005-12-16,HSH-201408,17.229235,17.625626,17.201578,17.42282,15342862
2005-12-19,HSH-201408,17.450476,17.515005,17.284544,17.284544,3766153.8
2005-12-20,HSH-201408,17.330635,17.441257,17.137049,17.173922,4808089
2005-12-21,HSH-201408,17.238453,17.36751,17.210796,17.349073,3457207.2
2005-12-22,HSH-201408,17.36751,17.450476,17.3122,17.42282,2931954.8
2005-12-23,HSH-201408,17.441257,17.55188,17.42282,17.524223,3168871.5
2005-12-27,HSH-201408,17.60719,17.727028,17.450476,17.496567,2578749
2005-12-28,HSH-201408,17.515005,17.690155,17.505785,17.533442,3254352.5
2005-12-29,HSH-201408,17.505785,17.60719,17.395166,17.487349,3501683.5
2005-12-30,HSH-201408,17.4136,17.533442,17.376728,17.42282,2867084.8
2006-01-03,HSH-201408,18.104982,18.104982,17.3122,17.468912,3332999.5
2006-01-04,HSH-201408,17.43204,17.579533,17.330635,17.330635,5315334
2006-01-05,HSH-201408,17.330635,17.4136,17.293762,17.376728,3295466
2006-01-06,HSH-201408,17.42282,17.496567,17.256887,17.42282,3006913.2
2006-01-09,HSH-201408,17.42282,17.42282,17.293762,17.404383,2831069.8
2006-01-10,HSH-201408,17.358292,17.36751,17.229235,17.266106,2479599.8
2006-01-11,HSH-201408,17.284544,17.349073,17.063301,17.100174,3738817.2
2006-01-12,HSH-201408,17.054083,17.146267,17.017208,17.137049,2949745.2
2006-01-13,HSH-201408,17.173922,17.339853,17.118612,17.146267,2286942
2006-01-17,HSH-201408,17.063301,17.339853,17.063301,17.284544,5104777.5
2006-01-18,HSH-201408,17.238453,17.284544,17.100174,17.238453,2957555.8
2006-01-19,HSH-201408,17.238453,17.330635,17.137049,17.19236,2669545.5
2006-01-20,HSH-201408,17.201578,17.275326,17.044865,17.08174,2959725.2
2006-01-23,HSH-201408,17.044865,17.08174,16.878933,16.94346,2547398.8
2006-01-24,HSH-201408,16.915808,17.017208,16.805185,16.823622,4017498.2
2006-01-25,HSH-201408,16.823622,16.95268,16.77753,16.934244,3379970.5
2006-01-26,HSH-201408,16.998774,17.19236,16.95268,17.137049,4738337.5
2006-01-27,HSH-201408,17.137049,17.24767,17.017208,17.146267,3980724
2006-01-30,HSH-201408,17.19236,17.19236,16.90659,16.934244,5697612
2006-01-31,HSH-201408,16.869715,17.007992,16.77753,16.851278,3835797
2006-02-01,HSH-201408,16.814404,16.961899,16.786749,16.84206,7715744.5
2006-02-02,HSH-201408,16.84206,16.989555,16.639254,16.713001,4331326.5
2006-02-03,HSH-201408,16.60238,16.620817,16.13224,16.178331,7503127
2006-02-06,HSH-201408,16.399576,16.547071,16.362701,16.464106,5288648.5
2006-02-07,HSH-201408,16.381138,16.41801,16.150679,16.159897,4070435.8
2006-02-08,HSH-201408,16.159897,16.31661,16.030838,16.270517,4210807
2006-02-09,HSH-201408,16.270517,16.42723,16.233644,16.307392,3945034.8
2006-02-10,HSH-201408,16.242863,16.556288,16.224426,16.510197,2827490
2006-02-13,HSH-201408,16.500977,16.528633,16.178331,16.19677,3131121
2006-02-14,HSH-201408,16.178331,16.537851,16.159897,16.454885,3382465.5
2006-02-15,HSH-201408,16.381138,16.620817,16.307392,16.583944,3477167.2
2006-02-16,HSH-201408,16.583944,16.593163,16.42723,16.519415,2346605.2
2006-02-17,HSH-201408,16.464106,16.537851,16.399576,16.473324,1999474.2
2006-02-21,HSH-201408,16.408792,16.519415,16.353483,16.42723,3011144
2006-02-22,HSH-201408,16.37192,16.565506,16.344265,16.556288,2712719.8
2006-02-23,HSH-201408,16.500977,16.547071,16.408792,16.445667,2093850.5
2006-02-24,HSH-201408,16.408792,16.528633,16.344265,16.510197,2366131.2
2006-02-27,HSH-201408,16.452402,16.797297,16.452402,16.750689,3556089.8
2006-02-28,HSH-201408,16.704082,16.713404,16.44308,16.471045,3389270.8
2006-03-01,HSH-201408,16.452402,16.55494,16.359186,16.37783,7720559.5
2006-03-02,HSH-201408,16.340546,16.44308,16.256653,16.275293,2661596
2006-03-03,HSH-201408,16.18208,16.321901,16.172758,16.275293,2390823.5
2006-03-06,HSH-201408,16.24733,16.331224,16.172758,16.303259,2147943.5
2006-03-07,HSH-201408,16.293938,16.331224,16.154116,16.238008,2397689.2
2006-03-08,HSH-201408,16.18208,16.349867,16.163437,16.340546,2384386.8
2006-03-09,HSH-201408,16.340546,16.461723,16.303259,16.36851,2023606.9
2006-03-10,HSH-201408,16.424438,16.601545,16.359186,16.592224,2885487.8
2006-03-13,HSH-201408,16.56426,16.638832,16.452402,16.49901,2293306.8
2006-03-14,HSH-201408,16.471045,16.862547,16.471045,16.834581,3343784.2
2006-03-15,HSH-201408,16.778654,16.843904,16.56426,16.769333,3293148.5
2006-03-16,HSH-201408,16.769333,16.853226,16.750689,16.82526,2291912
2006-03-17,HSH-201408,16.909155,17.030334,16.862547,16.946442,3706495.2
2006-03-20,HSH-201408,16.983727,17.048977,16.769333,16.843904,2111468.5
2006-03-21,HSH-201408,16.918476,16.965084,16.778654,16.862547,1905278
2006-03-22,HSH-201408,16.881191,17.01169,16.787975,16.983727,1570459.8
2006-03-23,HSH-201408,16.927797,16.965084,16.778654,16.881191,1695976.4
2006-03-24,HSH-201408,16.853226,16.881191,16.76001,16.82526,1881247.5
2006-03-27,HSH-201408,16.797297,16.899832,16.741367,16.797297,1702198.5
2006-03-28,HSH-201408,16.787975,16.871868,16.582905,16.62951,2793871.2
2006-03-29,HSH-201408,16.56426,16.82526,16.56426,16.704082,3092322
2006-03-30,HSH-201408,16.732048,16.918476,16.638832,16.82526,1869554
2006-03-31,HSH-201408,16.787975,16.82526,16.62019,16.666796,2480616.2
2006-04-03,HSH-201408,16.685438,16.918476,16.610867,16.899832,3060460
2006-04-04,HSH-201408,16.918476,17.021013,16.871868,17.021013,3996685.2
2006-04-05,HSH-201408,17.002369,17.01169,16.834581,16.927797,2739266.2
2006-04-06,HSH-201408,16.890512,16.899832,16.657476,16.797297,3155187.5
2006-04-07,HSH-201408,16.843904,16.965084,16.694761,16.713404,2790760.2
2006-04-10,HSH-201408,16.732048,16.750689,16.545618,16.582905,2202977.8
2006-04-11,HSH-201408,16.56426,16.62019,16.433758,16.489689,2918744.2
2006-04-12,HSH-201408,16.44308,16.49901,16.331224,16.349867,2555604.2
2006-04-13,HSH-201408,16.340546,16.396473,16.31258,16.331224,2024894.2
2006-04-17,HSH-201408,16.31258,16.387152,16.200722,16.275293,2005798.5
2006-04-18,HSH-201408,16.275293,16.536295,16.24733,16.461723,2895035.5
2006-04-19,HSH-201408,16.424438,16.536295,16.340546,16.433758,1893477.2
2006-04-20,HSH-201408,16.433758,16.62019,16.405796,16.601545,2030901.9
2006-04-21,HSH-201408,16.704082,16.750689,16.49901,16.657476,2267130.5
2006-04-24,HSH-201408,16.573582,16.704082,16.55494,16.638832,1487747.5
2006-04-25,HSH-201408,16.638832,16.685438,16.517653,16.592224,1699087.4
2006-04-26,HSH-201408,16.582905,16.732048,16.573582,16.676117,1975331.2
2006-04-27,HSH-201408,16.56426,16.80662,16.56426,16.76001,2000220
2006-04-28,HSH-201408,16.676117,16.80662,16.508331,16.657476,4070064.2
2006-05-01,HSH-201408,16.592224,16.769333,16.508331,16.508331,2727358.2
2006-05-02,HSH-201408,16.55494,16.853226,16.517653,16.843904,4103213.5
2006-05-03,HSH-201408,16.834581,16.853226,16.676117,16.722725,2967449
2006-05-04,HSH-201408,16.750689,16.909155,16.722725,16.881191,2691741.5
2006-05-05,HSH-201408,16.853226,17.543015,16.81594,17.291334,9041488
2006-05-08,HSH-201408,17.19812,17.496408,17.06762,17.421837,3432397
2006-05-09,HSH-201408,16.778654,17.235407,16.648153,17.104906,7363642
2006-05-10,HSH-201408,16.871868,17.104906,16.843904,17.039656,3482174.5
2006-05-11,HSH-201408,16.965084,16.974403,16.592224,16.638832,3030207.2
2006-05-12,HSH-201408,16.508331,16.778654,16.49901,16.694761,3365240.2
2006-05-15,HSH-201408,16.741367,16.81594,16.62951,16.722725,3173532.2
2006-05-16,HSH-201408,16.657476,16.732048,16.517653,16.545618,3343248
2006-05-17,HSH-201408,16.536295,16.536295,16.331224,16.331224,6701407.5
2006-05-18,HSH-201408,16.079544,16.480368,16.079544,16.200722,3081379.5
2006-05-19,HSH-201408,16.256653,16.396473,16.18208,16.31258,2703327.8
2006-05-22,HSH-201408,16.200722,16.396473,16.154116,16.172758,4542414.5
2006-05-23,HSH-201408,16.191402,16.24733,15.902435,15.9117565,5263223
2006-05-24,HSH-201408,16.004972,16.107508,15.818542,15.921079,6742924.5
2006-05-25,HSH-201408,15.977007,15.986328,15.8651495,15.9304,3564994
2006-05-26,HSH-201408,15.986328,16.11683,15.958365,16.032936,4036593.2
2006-05-30,HSH-201408,16.0782,16.0782,15.814159,15.82359,3197551
2006-05-31,HSH-201408,15.908461,16.03105,15.851879,16.00276,5334448
2006-06-01,HSH-201408,16.03105,16.502552,15.9839,16.47426,8325424.5
2006-06-02,HSH-201408,16.41768,16.42711,16.24794,16.40825,8094142.5
2006-06-05,HSH-201408,16.31395,16.47426,16.304522,16.455402,6306555
2006-06-06,HSH-201408,16.445972,16.47426,16.23851,16.31395,4856082.5
2006-06-07,HSH-201408,16.285662,16.493122,16.2668,16.42711,4924269
2006-06-08,HSH-201408,16.493122,16.530842,16.285662,16.40825,4336041.5
2006-06-09,HSH-201408,16.370531,16.493122,16.21022,16.304522,5302210.5
2006-06-12,HSH-201408,16.304522,16.42711,16.25737,16.276232,2791825.8
2006-06-13,HSH-201408,16.2668,16.295092,15.842448,15.92732,5381107.5
2006-06-14,HSH-201408,15.917889,16.0782,15.861309,16.03105,3048771
2006-06-15,HSH-201408,16.02162,16.25737,15.95561,16.18193,3090870.5
2006-06-16,HSH-201408,16.09706,16.24794,16.04048,16.14421,3256405.5
2006-06-19,HSH-201408,16.08763,16.219652,15.97447,16.059341,2979418
2006-06-20,HSH-201408,16.04991,16.09706,15.946179,15.97447,2266058.8
2006-06-21,HSH-201408,16.00276,16.01219,15.74815,15.814159,4884396
2006-06-22,HSH-201408,15.74815,15.870739,15.691568,15.776439,4606772.5
2006-06-23,HSH-201408,15.757578,15.814159,15.65385,15.672709,2559589
2006-06-26,HSH-201408,15.2766485,15.568978,15.088047,15.418098,5993830.5
2006-06-27,HSH-201408,15.418098,15.418098,15.012607,15.059757,7711429
2006-06-28,HSH-201408,15.059757,15.238927,15.012607,15.191778,3830635
2006-06-29,HSH-201408,15.323798,15.352089,14.984317,15.172917,5909207.5
2006-06-30,HSH-201408,15.220067,15.2766485,15.106908,15.106908,7367527.5
2006-07-03,HSH-201408,15.182347,15.295507,15.059757,15.286077,9129876
2006-07-05,HSH-201408,15.267218,15.2766485,15.144627,15.248358,3888535
2006-07-06,HSH-201408,15.182347,15.257788,15.154057,15.229497,3400625.8
2006-07-07,HSH-201408,15.257788,15.2766485,15.135197,15.229497,3520349.5
2006-07-10,HSH-201408,15.2766485,15.710429,15.191778,15.578409,5907829
2006-07-11,HSH-201408,15.644419,15.74815,15.446387,15.672709,5038796.5
2006-07-12,HSH-201408,15.65385,15.710429,15.521828,15.672709,5380895
2006-07-13,HSH-201408,15.568978,15.672709,15.484108,15.512399,4452902.5
2006-07-14,HSH-201408,15.436959,15.474678,15.342658,15.399238,5230418.5
2006-07-17,HSH-201408,15.418098,15.634989,15.418098,15.568978,2829789.8
2006-07-18,HSH-201408,15.512399,15.644419,15.342658,15.446387,2985356.5
2006-07-19,HSH-201408,15.512399,15.65385,15.465248,15.634989,3225440.8
2006-07-20,HSH-201408,15.587839,15.729289,15.512399,15.606698,2367543
2006-07-21,HSH-201408,15.65385,15.719859,15.418098,15.66328,3784505.8
2006-07-24,HSH-201408,15.66328,15.767009,15.559548,15.767009,2575283.5
2006-07-25,HSH-201408,15.7953,15.946179,15.66328,15.842448,3011973.8
2006-07-26,HSH-201408,15.757578,15.757578,15.521828,15.597269,2246228.5
2006-07-27,HSH-201408,15.587839,15.682138,15.370947,15.4086685,2806354
2006-07-28,HSH-201408,15.427528,16.00276,15.427528,15.97447,3461601
2006-07-31,HSH-201408,15.88017,16.03105,15.74815,15.936749,2768708.2
2006-08-01,HSH-201408,15.842448,15.97447,15.83302,15.908461,3566691
2006-08-02,HSH-201408,15.92732,16.03105,15.785869,15.97447,3301262.2
2006-08-03,HSH-201408,15.97447,16.00276,15.870739,15.908461,5323313
2006-08-04,HSH-201408,15.97447,16.0782,15.89903,16.059341,5597331.5
2006-08-07,HSH-201408,15.97447,16.0782,15.946179,16.03105,4387049
2006-08-08,HSH-201408,15.7953,15.8896,15.493539,15.66328,6852152.5
2006-08-09,HSH-201408,15.634989,15.73872,15.484108,15.597269,5994785
2006-08-10,HSH-201408,15.512399,15.946179,15.512399,15.88017,4433496.5
2006-08-11,HSH-201408,15.7953,15.946179,15.700998,15.82359,7085344
2006-08-14,HSH-201408,15.936749,16.13478,15.936749,16.04991,4726072
2006-08-15,HSH-201408,16.04991,16.12535,16.03105,16.068771,11704842
2006-08-16,HSH-201408,16.068771,16.09706,15.700998,15.96504,7595734.5
2006-08-17,HSH-201408,15.870739,16.02162,15.74815,16.00276,8425955
2006-08-18,HSH-201408,16.02162,16.02162,15.870739,15.92732,3970295.2
2006-08-21,HSH-201408,15.842448,15.917889,15.710429,15.73872,3180371.8
2006-08-22,HSH-201408,15.776439,15.870739,15.719859,15.814159,4424058.5
2006-08-23,HSH-201408,15.82359,15.842448,15.700998,15.729289,2005614.1
2006-08-24,HSH-201408,15.785869,15.82359,15.597269,15.616128,2093100.6
2006-08-25,HSH-201408,15.616128,15.757578,15.474678,15.719859,6646214.5
2006-08-28,HSH-201408,15.65385,15.83302,15.578409,15.776439,2393311.8
2006-08-29,HSH-201408,15.719859,15.82359,15.65385,15.767009,3442089
2006-08-30,HSH-201408,15.785869,15.842448,15.729289,15.776439,1894585.9
2006-08-31,HSH-201408,15.776439,15.842448,15.672709,15.682138,3757888.5
2006-09-01,HSH-201408,15.757578,15.776439,15.682138,15.74815,2753331.8
2006-09-05,HSH-201408,15.66328,15.73872,15.474678,15.729289,2969343.8
2006-09-06,HSH-201408,15.900921,16.47672,15.590876,16.36599,10369848
2006-09-07,HSH-201408,16.36599,16.598524,15.889849,15.889849,13695847
2006-09-08,HSH-201408,16.011652,16.155602,15.911994,16.055944,4502005.5
2006-09-11,HSH-201408,16.067095,16.334694,16.067095,16.323545,3013463.2
2006-09-12,HSH-201408,16.278944,16.546543,16.234344,16.546543,4471405.5
2006-09-13,HSH-201408,16.591143,16.724943,16.223194,16.691494,4393468
2006-09-14,HSH-201408,16.702642,16.780693,16.557693,16.713793,5321991.5
2006-09-15,HSH-201408,16.981392,17.371641,16.479643,16.724943,5895446
2006-09-18,HSH-201408,16.724943,16.758392,16.624594,16.680344,5017506
2006-09-19,HSH-201408,16.724943,16.836443,16.624594,16.702642,4107099.2
2006-09-20,HSH-201408,16.847591,17.081741,16.836443,16.947943,8102808
2006-09-21,HSH-201408,16.959093,17.092892,16.836443,17.070593,5497238.5
2006-09-22,HSH-201408,17.003693,17.137491,16.925642,17.092892,3983601
2006-09-25,HSH-201408,17.115192,17.41624,16.936792,17.338192,5897419
2006-09-26,HSH-201408,17.271292,17.828789,17.081741,17.78419,7255181.5
2006-09-27,HSH-201408,17.70614,17.917988,17.594639,17.83994,5322350
2006-09-28,HSH-201408,17.828789,18.029488,17.72844,17.87339,4554544.5
2006-09-29,HSH-201408,17.78419,17.97374,17.72844,17.917988,4907460.5
2006-10-02,HSH-201408,17.917988,18.01834,17.85109,17.917988,4116875
2006-10-03,HSH-201408,17.929138,18.274788,17.83994,17.906837,5007640.5
2006-10-04,HSH-201408,18.397438,18.508938,18.174437,18.207888,7830161.5
2006-10-05,HSH-201408,18.174437,18.453186,18.074087,18.386288,4483872
2006-10-06,HSH-201408,18.397438,18.486637,18.25249,18.386288,4264499
2006-10-09,HSH-201408,18.297087,18.341688,18.118689,18.25249,2890951.5
2006-10-10,HSH-201408,18.297087,18.297087,18.107538,18.174437,8110879.5
2006-10-11,HSH-201408,18.163288,18.263638,18.118689,18.25249,1954087.4
2006-10-12,HSH-201408,18.263638,18.375137,18.263638,18.330538,1657494.5
2006-10-13,HSH-201408,18.787685,19.044134,18.330538,18.430887,2187630.8
2006-10-16,HSH-201408,18.363987,18.508938,18.363987,18.497787,1818122.8
2006-10-17,HSH-201408,18.386288,18.620438,18.352837,18.508938,2980548.2
2006-10-18,HSH-201408,18.642736,18.821135,18.620438,18.720787,3330953
2006-10-19,HSH-201408,18.676186,18.809986,18.631586,18.776537,4847101.5
2006-10-20,HSH-201408,18.832285,18.832285,18.709637,18.765387,8627653
2006-10-23,HSH-201408,18.765387,18.899187,18.754236,18.843435,7643344.5
2006-10-24,HSH-201408,18.776537,18.899187,18.743086,18.843435,5783428
2006-10-25,HSH-201408,18.843435,19.021835,18.798836,18.999537,4497414.5
2006-10-26,HSH-201408,18.954935,19.155636,18.954935,19.111034,4869433.5
2006-10-27,HSH-201408,19.055285,19.177935,18.966085,19.032984,4004139.2
2006-10-30,HSH-201408,18.999537,19.211384,18.988386,19.166784,3600460.8
2006-10-31,HSH-201408,19.155636,19.189083,19.044134,19.066435,5331139.5
2006-11-01,HSH-201408,18.843435,18.966085,18.776537,18.888037,5138672
2006-11-02,HSH-201408,18.888037,18.899187,18.464336,18.631586,5087282
2006-11-03,HSH-201408,18.564686,18.598137,18.074087,18.196737,12269190
2006-11-06,HSH-201408,18.230188,18.352837,18.062939,18.107538,9454382
2006-11-07,HSH-201408,18.397438,18.508938,18.163288,18.163288,6711772
2006-11-08,HSH-201408,18.096388,18.263638,17.83994,18.207888,14713862
2006-11-09,HSH-201408,18.174437,18.352837,18.129839,18.297087,3963780.2
2006-11-10,HSH-201408,18.285936,18.341688,18.029488,18.241339,3130683.2
2006-11-13,HSH-201408,18.241339,18.375137,18.096388,18.196737,2692924
2006-11-14,HSH-201408,18.196737,18.25249,18.107538,18.15214,2974898
2006-11-15,HSH-201408,18.207888,18.363987,18.14099,18.263638,3641268
2006-11-16,HSH-201408,18.285936,18.363987,18.207888,18.285936,2053280.5
2006-11-17,HSH-201408,18.341688,18.631586,18.241339,18.564686,5596880
2006-11-20,HSH-201408,18.453186,18.520088,18.285936,18.285936,2958485.5
2006-11-21,HSH-201408,18.319387,18.408587,18.297087,18.363987,6193563.5
2006-11-22,HSH-201408,18.330538,18.520088,18.297087,18.453186,2841265.2
2006-11-24,HSH-201408,18.386288,18.453186,18.274788,18.330538,1096685.4
2006-11-27,HSH-201408,18.219038,18.285936,17.996038,18.062939,3078665.2
2006-11-28,HSH-201408,18.051788,18.397438,17.996038,18.386288,3824945.8
2006-11-29,HSH-201408,18.375069,18.655518,18.26289,18.655518,4279108.5
2006-11-30,HSH-201408,18.576992,18.689173,18.520903,18.59943,3931452.5
2006-12-01,HSH-201408,18.565775,18.655518,18.509686,18.588211,2403549.8
2006-12-04,HSH-201408,18.633083,18.969624,18.565775,18.879879,3145393.8
2006-12-05,HSH-201408,18.935968,19.059366,18.879879,18.99206,2902034.8
2006-12-06,HSH-201408,19.003277,19.070585,18.891098,19.025711,6033433
2006-12-07,HSH-201408,19.115458,19.272509,18.801353,19.03693,8306656.5
2006-12-08,HSH-201408,18.958405,19.126675,18.958405,19.025711,2596989
2006-12-11,HSH-201408,19.03693,19.182766,18.958405,19.182766,2345696.2
2006-12-12,HSH-201408,19.205202,19.227636,19.03693,19.160328,2252275
2006-12-13,HSH-201408,19.182766,19.238853,19.070585,19.10424,2043770.5
2006-12-14,HSH-201408,19.059366,19.182766,19.03693,19.115458,2571226.8
2006-12-15,HSH-201408,19.14911,19.171547,18.958405,19.003277,6538604
2006-12-18,HSH-201408,19.003277,19.070585,18.958405,19.014496,2574703.5
2006-12-19,HSH-201408,18.947186,19.070585,18.947186,19.03693,3152703.5
2006-12-20,HSH-201408,19.025711,19.160328,18.99206,19.081802,2840704.8
2006-12-21,HSH-201408,19.081802,19.160328,18.958405,19.081802,2288110.2
2006-12-22,HSH-201408,19.081802,19.126675,18.958405,19.070585,1883403.1
2006-12-26,HSH-201408,19.070585,19.115458,18.969624,19.070585,1862633
2006-12-27,HSH-201408,19.093021,19.137892,19.03693,19.093021,1763149.9
2006-12-28,HSH-201408,19.070585,19.171547,18.969624,19.126675,2127564.5
2006-12-29,HSH-201408,19.126675,19.160328,19.03693,19.10424,3179000.5
2007-01-03,HSH-201408,19.070585,19.216417,18.924751,18.947186,5849799.5
2007-01-04,HSH-201408,18.879879,18.98084,18.666737,18.879879,4172494
2007-01-05,HSH-201408,18.879879,18.947186,18.778917,18.891098,3279553.2
2007-01-08,HSH-201408,18.891098,18.891098,18.610647,18.734047,4408632.5
2007-01-09,HSH-201408,18.846224,19.14911,18.82379,19.093021,3855235.8
2007-01-10,HSH-201408,19.025711,19.171547,18.98084,19.171547,2834821.2
2007-01-11,HSH-201408,19.14911,19.182766,19.03693,19.093021,2871458.8
2007-01-12,HSH-201408,19.126675,19.182766,18.958405,18.99206,3471388
2007-01-16,HSH-201408,18.891098,19.014496,18.790134,18.969624,3345964.5
2007-01-17,HSH-201408,18.913534,19.025711,18.82379,18.857443,3067126.8
2007-01-18,HSH-201408,18.857443,19.003277,18.801353,18.958405,2500269.5
2007-01-19,HSH-201408,19.081802,19.081802,18.801353,18.99206,2350866.5
2007-01-22,HSH-201408,19.171547,19.407124,19.115458,19.283728,5004817.5
2007-01-23,HSH-201408,19.328598,19.351034,19.137892,19.193983,3372529
2007-01-24,HSH-201408,19.182766,19.272509,19.126675,19.227636,2902302.2
2007-01-25,HSH-201408,19.193983,19.238853,19.03693,19.04815,2377252.8
2007-01-26,HSH-201408,19.115458,19.216417,18.969624,19.182766,3556162.5
2007-01-29,HSH-201408,19.137892,19.37347,19.070585,19.272509,2809683
2007-01-30,HSH-201408,19.283728,19.362253,19.216417,19.339817,1970852
2007-01-31,HSH-201408,19.351034,19.407124,19.193983,19.238853,2700216
2007-02-01,HSH-201408,19.216417,19.42956,19.182766,19.42956,2017117
2007-02-02,HSH-201408,19.463215,19.59783,19.37347,19.530523,2484402
2007-02-05,HSH-201408,19.440779,19.519304,19.317379,19.463215,2007757
2007-02-06,HSH-201408,19.451996,19.519304,19.407124,19.485651,1444287.1
2007-02-07,HSH-201408,19.37347,19.395908,18.879879,19.070585,4713054
2007-02-08,HSH-201408,19.070585,19.351034,18.958405,19.205202,3272154.5
2007-02-09,HSH-201408,19.250072,19.306162,19.126675,19.216417,3810040.5
2007-02-12,HSH-201408,19.306162,19.395908,19.238853,19.328598,5573931
2007-02-13,HSH-201408,19.37347,19.530523,19.306162,19.530523,2386355
2007-02-14,HSH-201408,19.564177,19.620266,19.407124,19.54174,3307276.8
2007-02-15,HSH-201408,19.474434,19.575396,19.294945,19.474434,2681407
2007-02-16,HSH-201408,19.351034,19.485651,19.306162,19.485651,5425035.5
2007-02-20,HSH-201408,19.418343,19.575396,19.339817,19.508085,1676146.8
2007-02-21,HSH-201408,19.463215,19.55296,19.272509,19.351034,2739795.2
2007-02-22,HSH-201408,19.317379,19.42956,19.227636,19.37347,1944465.8
2007-02-23,HSH-201408,19.317379,19.37347,19.227636,19.351034,1430826.6
2007-02-26,HSH-201408,19.328598,19.407124,19.182766,19.238853,2813159.8
2007-02-27,HSH-201408,19.182434,19.306557,18.054056,18.573109,3615010.2
2007-02-28,HSH-201408,18.584393,18.787502,18.516691,18.573109,5334114.5
2007-03-01,HSH-201408,18.505407,18.821354,18.336151,18.708515,3373207.8
2007-03-02,HSH-201408,18.606962,18.674664,18.392569,18.403852,2382799.8
2007-03-05,HSH-201408,18.3023,18.674664,18.24588,18.527975,3862267.8
2007-03-06,HSH-201408,18.573109,18.731083,18.383091,18.708515,3717458.2
2007-03-07,HSH-201408,18.674664,18.90034,18.505407,18.640814,4419084.5
2007-03-08,HSH-201408,18.697231,18.764935,18.550543,18.584393,2645211.8
2007-03-09,HSH-201408,18.618246,18.911625,18.539259,18.843922,3421547
2007-03-12,HSH-201408,18.843922,18.90034,18.776218,18.798786,1697834.5
2007-03-13,HSH-201408,18.652098,18.776218,18.42642,18.44899,4932919
2007-03-14,HSH-201408,18.44899,18.652098,18.3023,18.584393,3141587.8
2007-03-15,HSH-201408,18.539259,18.798786,18.527975,18.764935,2173827.2
2007-03-16,HSH-201408,18.776218,18.787502,18.618246,18.742369,4430073.5
2007-03-19,HSH-201408,18.674664,18.832638,18.573109,18.719799,6731783.5
2007-03-20,HSH-201408,18.742369,18.889055,18.640814,18.866488,2099561.5
2007-03-21,HSH-201408,18.877771,19.092165,18.753653,19.069597,1862407
2007-03-22,HSH-201408,19.295273,19.295273,18.979326,19.103449,2498452.5
2007-03-23,HSH-201408,19.047028,19.148582,19.001894,19.058311,1688617.8
2007-03-26,HSH-201408,18.99061,19.035746,18.855204,19.024462,1829705.1
2007-03-27,HSH-201408,18.922909,19.069597,18.776218,18.945477,1989492
2007-03-28,HSH-201408,18.843922,19.103449,18.798786,19.013178,2712210.5
2007-03-29,HSH-201408,18.956758,19.069597,18.776218,18.922909,2359048.8
2007-03-30,HSH-201408,18.922909,19.261421,18.855204,19.092165,3202560
2007-04-02,HSH-201408,19.047028,19.17115,18.855204,19.013178,3116153
2007-04-03,HSH-201408,19.069597,19.35169,19.024462,19.35169,2884581.8
2007-04-04,HSH-201408,19.37426,19.408112,19.103449,19.137299,1840428.5
2007-04-05,HSH-201408,19.069597,19.205002,19.024462,19.17115,1546201
2007-04-09,HSH-201408,19.182434,19.238853,19.137299,19.17115,1157944.8
2007-04-10,HSH-201408,19.103449,19.137299,19.035746,19.069597,1630747.1
2007-04-11,HSH-201408,19.035746,19.069597,18.821354,18.90034,2618023
2007-04-12,HSH-201408,18.90034,19.035746,18.821354,19.013178,2115425
2007-04-13,HSH-201408,18.956758,19.080881,18.776218,18.968042,2016787.8
2007-04-16,HSH-201408,19.069597,19.159866,18.81007,18.866488,3713470.2
2007-04-17,HSH-201408,18.877771,19.159866,18.81007,19.103449,2507757.8
2007-04-18,HSH-201408,19.577368,19.577368,18.889055,18.934193,2331398.5
2007-04-19,HSH-201408,19.216288,19.216288,18.832638,18.945477,2430035.8
2007-04-20,HSH-201408,19.17115,19.182434,18.934193,19.024462,3672083.5
2007-04-23,HSH-201408,18.956758,19.114733,18.866488,18.979326,2759712.2
2007-04-24,HSH-201408,18.968042,19.058311,18.843922,19.001894,3245780.5
2007-04-25,HSH-201408,18.527975,19.092165,18.527975,18.968042,3286358.2
2007-04-26,HSH-201408,19.159866,19.159866,18.539259,18.573109,9287385
2007-04-27,HSH-201408,18.618246,18.764935,18.505407,18.685947,4118346
2007-04-30,HSH-201408,18.731083,18.787502,18.494123,18.516691,4106778
2007-05-01,HSH-201408,18.516691,18.798786,18.42642,18.798786,3175441.5
2007-05-02,HSH-201408,18.753653,18.90034,18.640814,18.798786,2939641.2
2007-05-03,HSH-201408,18.776218,18.855204,18.595676,18.764935,2044182.9
2007-05-04,HSH-201408,18.708515,18.90034,18.663382,18.843922,2036816.5
2007-05-07,HSH-201408,18.889055,18.945477,18.787502,18.889055,1942433.2
2007-05-08,HSH-201408,18.956758,19.205002,18.911625,19.17115,4049243.2
2007-05-09,HSH-201408,19.17115,19.408112,19.080881,19.283989,6076507
2007-05-10,HSH-201408,19.362974,19.396828,18.866488,19.205002,5115925
2007-05-11,HSH-201408,19.261421,19.362974,19.035746,19.261421,4410576.5
2007-05-14,HSH-201408,19.272705,19.532232,19.238853,19.396828,6783539.5
2007-05-15,HSH-201408,19.396828,19.769192,19.362974,19.577368,5107683
2007-05-16,HSH-201408,19.633785,19.769192,19.588652,19.690207,4109879.8
2007-05-17,HSH-201408,19.611217,19.949732,19.520947,19.82561,5057877.5
2007-05-18,HSH-201408,19.859463,20.085136,19.769192,20.06257,3654093
2007-05-21,HSH-201408,19.938448,20.085136,19.814325,19.870747,3922672.2
2007-05-22,HSH-201408,19.893312,20.06257,19.848179,19.938448,5976274.5
2007-05-23,HSH-201408,19.938448,20.085136,19.859463,19.927164,4036057
2007-05-24,HSH-201408,19.870747,20.017435,19.870747,19.927164,3319276.2
2007-05-25,HSH-201408,19.938448,20.186691,19.938448,20.141558,5241503.5
2007-05-29,HSH-201408,20.085136,20.265676,19.983582,20.220543,3563166
2007-05-30,HSH-201408,20.164125,20.27696,20.085136,20.27696,3349496.5
2007-05-31,HSH-201408,20.288244,20.29953,20.186691,20.197975,4497338.5
2007-06-01,HSH-201408,20.265676,20.48007,20.24311,20.44622,3898514.5
2007-06-04,HSH-201408,20.35595,20.42365,20.265676,20.322098,3351180.5
2007-06-05,HSH-201408,20.265676,20.3898,20.141558,20.310814,2938907.5
2007-06-06,HSH-201408,20.310812,20.356201,20.163305,20.25408,3463789
2007-06-07,HSH-201408,20.197344,20.242733,19.959063,19.993103,3616871.5
2007-06-08,HSH-201408,19.947714,20.027142,19.811552,19.879635,4570618.5
2007-06-11,HSH-201408,19.890982,20.265427,19.834246,20.061184,7948656.5
2007-06-12,HSH-201408,19.947714,20.07253,19.947714,20.049837,3616166.5
2007-06-13,HSH-201408,20.07253,20.242733,20.027142,20.185999,3717869
2007-06-14,HSH-201408,20.197344,20.265427,19.97041,20.231386,2571909.2
2007-06-15,HSH-201408,20.276773,20.412933,20.117916,20.310812,3308238.8
2007-06-18,HSH-201408,20.265427,20.356201,20.117916,20.151958,2061805.4
2007-06-19,HSH-201408,20.083878,20.174652,19.959063,20.151958,3888048.8
2007-06-20,HSH-201408,20.174652,20.20869,19.92502,19.936367,4810686
2007-06-21,HSH-201408,19.902328,20.027142,19.766165,19.981756,3356181.8
2007-06-22,HSH-201408,19.85694,19.993103,19.675392,19.743471,3985521
2007-06-25,HSH-201408,19.675392,19.834246,19.630003,19.698086,2962327
2007-06-26,HSH-201408,19.743471,19.811552,19.595964,19.743471,3641724.2
2007-06-27,HSH-201408,19.686739,19.777514,19.50519,19.664043,3105979.5
2007-06-28,HSH-201408,19.630003,19.890982,19.516537,19.78886,2641444.2
2007-06-29,HSH-201408,19.78886,20.038488,19.607311,19.743471,4595119
2007-07-02,HSH-201408,19.766165,19.845592,19.743471,19.811552,3410734.5
2007-07-03,HSH-201408,19.800207,19.902328,19.630003,19.822899,1426126.1
2007-07-05,HSH-201408,19.834246,19.902328,19.732124,19.743471,1633056.2
2007-07-06,HSH-201408,19.754818,19.78886,19.550575,19.698086,2043391.4
2007-07-09,HSH-201408,19.743471,19.845592,19.516537,19.675392,2702518.5
2007-07-10,HSH-201408,19.595964,19.595964,19.062662,19.074009,7125342.5
2007-07-11,HSH-201408,19.119396,19.584618,19.119396,19.561922,4892559
2007-07-12,HSH-201408,19.561922,19.698086,19.4598,19.698086,3643486.8
2007-07-13,HSH-201408,19.630003,19.686739,19.493843,19.618658,2957920.5
2007-07-16,HSH-201408,19.561922,19.652697,19.471148,19.539228,2012281.4
2007-07-17,HSH-201408,19.50519,19.652697,19.380373,19.403069,2963120.2
2007-07-18,HSH-201408,19.32364,19.4598,19.187477,19.35768,3538347.2
2007-07-19,HSH-201408,19.346333,19.448454,19.278252,19.346333,2326378
2007-07-20,HSH-201408,19.346333,19.346333,19.153437,19.198824,2912709.5
2007-07-23,HSH-201408,19.17613,19.39172,19.17613,19.32364,2263892.8
2007-07-24,HSH-201408,19.164783,19.403069,18.869766,18.915154,6064164.5
2007-07-25,HSH-201408,18.96054,19.130745,18.847075,18.937849,3895451.5
2007-07-26,HSH-201408,18.813032,18.869766,18.268385,18.35916,5945643
2007-07-27,HSH-201408,18.325119,18.3932,18.154917,18.154917,4135759.5
2007-07-30,HSH-201408,17.564882,18.325119,17.564882,18.17761,4057964
2007-07-31,HSH-201408,18.268385,18.29108,17.96202,17.984715,3597306.5
2007-08-01,HSH-201408,17.92798,18.835726,17.92798,18.302425,4269829.5
2007-08-02,HSH-201408,18.313772,18.381855,18.086836,18.188957,3491666.2
2007-08-03,HSH-201408,18.200306,18.268385,17.996061,18.086836,4467770.5
2007-08-06,HSH-201408,18.257038,18.381855,18.200306,18.336466,8091251.5
2007-08-07,HSH-201408,18.234344,18.540709,18.120876,18.472628,6804502
2007-08-08,HSH-201408,18.483976,18.552055,18.064142,18.245691,4943322
2007-08-09,HSH-201408,18.245691,18.245691,17.496801,17.508148,6054294
2007-08-10,HSH-201408,17.303905,17.723738,16.736565,17.621616,5460207
2007-08-13,HSH-201408,17.655657,18.42724,17.587576,18.336466,5038503
2007-08-14,HSH-201408,18.336466,18.438587,18.086836,18.154917,5654887
2007-08-15,HSH-201408,18.665525,18.665525,18.041449,18.075489,5198636
2007-08-16,HSH-201408,17.996061,18.268385,17.82586,18.041449,6353761
2007-08-17,HSH-201408,18.438587,18.57475,18.154917,18.472628,5070053.5
2007-08-20,HSH-201408,18.438587,18.64283,18.268385,18.563402,3373024.2
2007-08-21,HSH-201408,18.64283,18.813032,18.506668,18.778992,3260207.8
2007-08-22,HSH-201408,18.881113,19.062662,18.790339,18.994581,4008523
2007-08-23,HSH-201408,19.017275,19.10805,18.654177,18.903807,3277922
2007-08-24,HSH-201408,18.869766,19.017275,18.778992,19.017275,2115041.2
2007-08-27,HSH-201408,19.017275,19.017275,18.824379,18.858421,1414052.2
2007-08-28,HSH-201408,18.722258,18.813032,18.381855,18.3932,2749227.8
2007-08-29,HSH-201408,18.540709,18.903807,18.449934,18.869766,2083050
2007-08-30,HSH-201408,18.755613,18.915428,18.641459,18.824104,2221459.8
2007-08-31,HSH-201408,18.915428,19.109491,18.675705,18.972507,2253609
2007-09-04,HSH-201408,19.052416,19.063831,18.881184,18.972507,2320185.2
2007-09-05,HSH-201408,18.778444,19.006752,18.572966,18.698534,4972727
2007-09-06,HSH-201408,18.721365,18.835522,18.401733,18.424564,5061028
2007-09-07,HSH-201408,18.173424,18.378902,18.139177,18.230501,3685964
2007-09-10,HSH-201408,18.276163,18.344656,18.162008,18.241917,2933300.8
2007-09-11,HSH-201408,18.367487,18.45881,18.230501,18.413147,3554300.5
2007-09-12,HSH-201408,18.33324,18.53872,18.219086,18.413147,3850302.2
2007-09-13,HSH-201408,18.45881,18.66429,18.33324,18.595797,3158784.5
2007-09-14,HSH-201408,18.515886,18.584381,18.321825,18.447395,3267233.8
2007-09-17,HSH-201408,18.401733,18.595797,18.378902,18.481642,5016089
2007-09-18,HSH-201408,18.584381,18.60721,18.356071,18.43598,4867956.5
2007-09-19,HSH-201408,18.493057,18.926846,18.45881,18.789858,3652150
2007-09-20,HSH-201408,18.732782,18.846937,18.630043,18.641459,3126635
2007-09-21,HSH-201408,18.721365,18.904013,18.618626,18.767029,4919378
2007-09-24,HSH-201408,18.698534,18.938261,18.550135,18.892597,3278359
2007-09-25,HSH-201408,18.835522,18.904013,18.675705,18.858353,2958004.2
2007-09-26,HSH-201408,18.858353,19.041,18.778444,18.904013,5002861.5
2007-09-27,HSH-201408,18.938261,19.041,18.801273,19.041,3412650.5
2007-09-28,HSH-201408,18.972507,19.063831,18.835522,19.052416,2903341.5
2007-10-01,HSH-201408,19.006752,19.21223,18.995337,19.063831,3396970
2007-10-02,HSH-201408,19.029585,19.155155,18.881184,19.098076,3903475.8
2007-10-03,HSH-201408,19.08666,19.223646,19.018167,19.132324,3813072
2007-10-04,HSH-201408,19.14374,19.21223,18.938261,18.972507,4876454
2007-10-05,HSH-201408,18.915428,19.08666,18.915428,18.961092,3965584.5
2007-10-08,HSH-201408,18.995337,19.018167,18.789858,18.824104,2587980
2007-10-09,HSH-201408,18.858353,18.961092,18.778444,18.904013,3361754.8
2007-10-10,HSH-201408,18.869768,18.904013,18.378902,18.481642,5694467
2007-10-11,HSH-201408,18.515886,18.652874,18.264748,18.287579,3676415.5
2007-10-12,HSH-201408,18.33324,18.515886,18.253332,18.515886,3549570
2007-10-15,HSH-201408,18.447395,18.53872,18.321825,18.367487,3053576.2
2007-10-16,HSH-201408,18.310411,18.572966,18.276163,18.43598,3283089.5
2007-10-17,HSH-201408,18.550135,18.595797,18.424564,18.45881,4010173
2007-10-18,HSH-201408,18.413147,18.53872,18.378902,18.413147,2955639
2007-10-19,HSH-201408,18.321825,18.390318,18.10493,18.139177,4778604
2007-10-22,HSH-201408,18.025023,18.321825,17.990776,18.253332,3480716
2007-10-23,HSH-201408,18.276163,18.413147,18.253332,18.378902,3005921.8
2007-10-24,HSH-201408,18.264748,18.390318,18.20767,18.378902,3230704.2
2007-10-25,HSH-201408,18.595797,18.66429,18.310411,18.50447,3608087
2007-10-26,HSH-201408,18.595797,18.595797,18.401733,18.470226,2778773.8
2007-10-29,HSH-201408,18.50447,18.53872,18.33324,18.493057,3393290.8
2007-10-30,HSH-201408,18.45881,18.675705,18.356071,18.493057,2740492.2
2007-10-31,HSH-201408,18.527304,18.926846,18.481642,18.881184,3047006.2
2007-11-01,HSH-201408,18.904013,18.904013,18.33324,18.378902,3745181.8
2007-11-02,HSH-201408,18.43598,18.618626,18.264748,18.584381,4221991
2007-11-05,HSH-201408,18.356071,18.721365,18.33324,18.53872,3402262.8
2007-11-06,HSH-201408,18.550135,18.66429,18.287579,18.618626,3909257.5
2007-11-07,HSH-201408,18.721365,18.812689,18.0821,18.0821,5887538
2007-11-08,HSH-201408,18.150593,18.33324,18.047853,18.287579,6181525.5
2007-11-09,HSH-201408,18.127762,18.321825,18.070684,18.070684,5853111.5
2007-11-12,HSH-201408,18.070684,18.264748,17.888037,17.888037,5507549.5
2007-11-13,HSH-201408,18.002192,18.298994,17.922283,18.264748,5830422.5
2007-11-14,HSH-201408,18.33324,18.401733,18.150593,18.162008,4244854.5
2007-11-15,HSH-201408,18.070684,18.241917,18.025023,18.059269,5324355
2007-11-16,HSH-201408,18.173424,18.264748,17.933699,18.047853,6201586
2007-11-19,HSH-201408,17.95653,18.219086,17.95653,18.047853,6380991.5
2007-11-20,HSH-201408,18.10493,18.481642,18.013607,18.401733,5074693.5
2007-11-21,HSH-201408,18.253332,18.390318,18.150593,18.150593,4605330.5
2007-11-23,HSH-201408,18.196255,18.424564,18.18484,18.401733,1440326.5
2007-11-26,HSH-201408,18.298994,18.641459,18.219086,18.298994,4999948
2007-11-27,HSH-201408,18.356071,18.744198,18.298994,18.70995,5525310.5
2007-11-28,HSH-201408,18.812689,19.235064,18.675705,19.177984,5030543
2007-11-29,HSH-201408,19.252651,19.287115,19.034393,19.229677,3662317.2
2007-11-30,HSH-201408,19.401985,19.401985,19.195213,19.333063,4267422.5
2007-12-03,HSH-201408,19.149267,19.413473,18.999933,19.18373,2634744.5
2007-12-04,HSH-201408,19.103315,19.160753,18.942495,18.942495,3461312
2007-12-05,HSH-201408,19.080343,19.172241,19.022905,19.149267,4584904.5
2007-12-06,HSH-201408,19.068855,19.26414,19.045881,19.241165,4459374
2007-12-07,HSH-201408,19.241165,19.34455,19.160753,19.26414,4610498
2007-12-10,HSH-201408,19.26414,19.367525,19.13778,19.333063,3596505.2
2007-12-11,HSH-201408,19.13778,19.367525,19.057367,19.149267,6073684
2007-12-12,HSH-201408,19.390497,19.470911,19.045881,19.206701,7011418
2007-12-13,HSH-201408,19.080343,19.229677,19.022905,19.13778,2901735.8
2007-12-14,HSH-201408,19.172241,19.172241,18.80465,18.83911,4856161.5
2007-12-17,HSH-201408,18.747211,18.827621,18.42557,18.46003,6900948
2007-12-18,HSH-201408,18.551928,18.655313,18.46003,18.563416,3992857.5
2007-12-19,HSH-201408,18.528954,18.63234,18.471518,18.551928,5483639
2007-12-20,HSH-201408,18.609365,18.63234,18.402596,18.437056,4536242
2007-12-21,HSH-201408,18.42557,18.747211,18.42557,18.712751,6461147
2007-12-24,HSH-201408,18.597878,18.83911,18.597878,18.67829,988573.25
2007-12-26,HSH-201408,18.586391,18.724237,18.586391,18.701263,2326228.8
2007-12-27,HSH-201408,18.655313,18.712751,18.609365,18.643826,2861500.8
2007-12-28,HSH-201408,18.586391,18.735723,18.586391,18.643826,2558870
2007-12-31,HSH-201408,18.551928,18.63234,18.414082,18.448542,3355281.8
2008-01-02,HSH-201408,18.46003,18.471518,18.29921,18.391108,4130227
2008-01-03,HSH-201408,18.37962,18.471518,18.287722,18.322184,4397566.5
2008-01-04,HSH-201408,18.207312,18.42557,18.207312,18.29921,4570976
2008-01-07,HSH-201408,18.37962,18.46003,18.184336,18.345158,5717376
2008-01-08,HSH-201408,18.414082,18.437056,18.195824,18.276234,4406620
2008-01-09,HSH-201408,18.276234,18.276234,17.87418,18.138388,5145786.5
2008-01-10,HSH-201408,18.057976,18.264746,18.00054,18.184336,4141034.5
2008-01-11,HSH-201408,18.04649,18.115414,17.564024,17.609972,5378218
2008-01-14,HSH-201408,17.701872,17.724846,17.41469,17.472126,3980321.8
2008-01-15,HSH-201408,17.334278,17.391716,17.012636,17.11602,4104285.2
2008-01-16,HSH-201408,17.058584,17.265354,16.978174,17.03561,6584162.5
2008-01-17,HSH-201408,17.047098,17.093046,16.78289,16.828838,4872353.5
2008-01-18,HSH-201408,16.90925,16.9552,16.438272,16.541656,6272600
2008-01-22,HSH-201408,16.265963,16.449759,15.967294,16.001757,7142084.5
2008-01-23,HSH-201408,15.645651,16.242989,15.61119,16.208527,8568447
2008-01-24,HSH-201408,16.288939,16.35786,15.932833,16.139605,4828652.5
2008-01-25,HSH-201408,16.254477,16.27745,15.978782,16.139605,4173927.5
2008-01-28,HSH-201408,16.128117,16.484222,16.093655,16.461246,4398350
2008-01-29,HSH-201408,16.449759,16.495708,16.35786,16.449759,2860472.8
2008-01-30,HSH-201408,16.449759,16.668018,16.254477,16.300425,3299306.5
2008-01-31,HSH-201408,16.116629,16.3234,15.829447,16.139605,6939879
2008-02-01,HSH-201408,16.128117,16.392324,16.059193,16.311913,5136907
2008-02-04,HSH-201408,16.311913,16.817352,16.220015,16.564632,5414693
2008-02-05,HSH-201408,16.794376,16.794376,16.047707,16.047707,4987524.5
2008-02-06,HSH-201408,15.978782,16.128117,15.714575,15.783498,5500538
2008-02-07,HSH-201408,15.737549,16.013243,15.726062,15.94432,5534217
2008-02-08,HSH-201408,15.886884,16.013243,15.588215,15.680113,6303939
2008-02-11,HSH-201408,15.703088,15.760524,15.473343,15.588215,3945239.5
2008-02-12,HSH-201408,15.599702,15.760524,15.530779,15.634164,5021823
2008-02-13,HSH-201408,15.726062,15.749037,15.530779,15.622677,8562528
2008-02-14,HSH-201408,15.645651,15.680113,15.507804,15.553753,11361888
2008-02-15,HSH-201408,15.346982,15.530779,15.23211,15.266571,8988391
2008-02-19,HSH-201408,15.461855,15.461855,15.071288,15.128724,14671990
2008-02-20,HSH-201408,15.048314,15.197647,14.898979,15.036826,6386465
2008-02-21,HSH-201408,15.0598,15.0598,14.921953,14.956416,8677786
2008-02-22,HSH-201408,15.013851,15.094263,14.887492,15.082775,5921950.5
2008-02-25,HSH-201408,15.0598,15.117237,14.887492,14.933441,9088763
2008-02-26,HSH-201408,14.933441,14.990877,14.876004,14.990877,8116642.5
2008-02-27,HSH-201408,14.933441,15.140212,14.85303,15.082775,3871369.8
2008-02-28,HSH-201408,15.123306,15.123306,14.984346,15.053826,4838189.5
2008-02-29,HSH-201408,14.995927,15.019087,14.602211,14.625371,6420136
2008-03-03,HSH-201408,14.625371,15.076986,14.625371,14.972768,7440068.5
2008-03-04,HSH-201408,14.868548,14.984346,14.78749,14.880129,6285133
2008-03-05,HSH-201408,15.019087,15.042246,14.833809,14.949607,4256684.5
2008-03-06,HSH-201408,14.938027,14.949607,14.741169,14.741169,4925445.5
2008-03-07,HSH-201408,14.76433,14.76433,14.416933,14.463253,7046281.5
2008-03-10,HSH-201408,14.474833,14.5211525,14.266395,14.277975,6836175.5
2008-03-11,HSH-201408,14.5211525,14.5674715,14.266395,14.451673,7127830
2008-03-12,HSH-201408,14.451673,15.088566,14.416933,14.984346,8677389
2008-03-13,HSH-201408,14.961187,15.5865,14.833809,15.470701,10311086
2008-03-14,HSH-201408,15.609659,15.609659,14.833809,14.914868,9797954
2008-03-17,HSH-201408,14.648531,14.984346,14.648531,14.833809,5991002
2008-03-18,HSH-201408,15.076986,15.354903,14.984346,15.354903,5993851.5
2008-03-19,HSH-201408,14.995927,15.158046,14.903288,15.030666,8162529.5
2008-03-20,HSH-201408,15.053826,15.435962,14.984346,15.412803,7118217
2008-03-24,HSH-201408,15.412803,15.482282,15.169625,15.308583,4542366.5
2008-03-25,HSH-201408,15.308583,15.435962,15.192784,15.412803,5693071
2008-03-26,HSH-201408,15.366484,15.528601,15.366484,15.482282,4302985.5
2008-03-27,HSH-201408,15.551761,15.887577,15.528601,15.748619,8246382
2008-03-28,HSH-201408,15.841258,15.910736,15.702299,15.818097,7065625.5
2008-03-31,HSH-201408,15.864417,16.281292,15.725458,16.188652,7850090.5
2008-04-01,HSH-201408,16.327612,16.698168,16.200233,16.698168,8238264.5
2008-04-02,HSH-201408,16.675007,16.848705,16.61711,16.790806,6384443.5
2008-04-03,HSH-201408,16.767647,16.790806,16.628687,16.732906,4230619
2008-04-04,HSH-201408,16.744488,16.790806,16.52447,16.663427,4818449.5
2008-04-07,HSH-201408,16.744488,16.790806,16.57079,16.605528,3630324.2
2008-04-08,HSH-201408,16.582369,16.605528,16.39709,16.45499,4088821
2008-04-09,HSH-201408,16.43183,16.57079,16.234974,16.339191,3994174
2008-04-10,HSH-201408,16.327612,16.55921,16.281292,16.385511,4271983.5
2008-04-11,HSH-201408,16.234974,16.304451,16.072855,16.130754,4431571
2008-04-14,HSH-201408,16.096014,16.45499,16.026535,16.269712,4155833.8
2008-04-15,HSH-201408,16.339191,16.43183,16.258133,16.35077,2709357.8
2008-04-16,HSH-201408,16.50131,16.51289,16.269712,16.489729,3820596.8
2008-04-17,HSH-201408,16.489729,16.547628,16.40867,16.489729,3147963.8
2008-04-18,HSH-201408,16.663427,16.756067,16.200233,16.35077,5661723.5
2008-04-21,HSH-201408,16.292871,16.292871,16.119175,16.223392,3740803
2008-04-22,HSH-201408,16.188652,16.188652,15.933896,16.014956,3381386.2
2008-04-23,HSH-201408,16.049694,16.142334,15.818097,15.922317,2141821
2008-04-24,HSH-201408,16.084435,16.327612,15.899156,16.223392,3848403.8
2008-04-25,HSH-201408,16.327612,16.39709,16.107594,16.292871,2728537.5
2008-04-28,HSH-201408,16.39709,16.44341,16.246552,16.35077,2416262.8
2008-04-29,HSH-201408,16.36235,16.906605,16.35077,16.802387,6757850
2008-04-30,HSH-201408,16.871864,17.068724,16.802387,16.802387,4805927.5
2008-05-01,HSH-201408,16.825546,17.28874,16.802387,17.27716,4015676.8
2008-05-02,HSH-201408,17.3698,17.3698,16.848705,16.976084,6271488.5
2008-05-05,HSH-201408,16.732906,17.091883,16.732906,17.091883,5221131
2008-05-06,HSH-201408,17.091883,17.091883,15.818097,16.049694,10012343
2008-05-07,HSH-201408,16.281292,16.44341,15.864417,15.933896,6183491
2008-05-08,HSH-201408,16.026535,16.061275,15.818097,16.014956,6549557.5
2008-05-09,HSH-201408,16.038115,16.049694,15.748619,15.818097,3904708.2
2008-05-12,HSH-201408,15.818097,15.875997,15.667559,15.864417,4399654.5
2008-05-13,HSH-201408,15.875997,15.980216,15.794938,15.887577,4368617
2008-05-14,HSH-201408,15.922317,16.142334,15.887577,16.026535,3947559.2
2008-05-15,HSH-201408,15.957056,16.107594,15.922317,16.096014,4680537.5
2008-05-16,HSH-201408,16.084435,16.211813,15.875997,16.130754,3586531
2008-05-19,HSH-201408,16.165493,16.258133,16.026535,16.223392,4236577.5
2008-05-20,HSH-201408,16.107594,16.258133,16.038115,16.084435,4603766.5
2008-05-21,HSH-201408,15.945477,16.211813,15.6444,15.69072,5560198
2008-05-22,HSH-201408,15.748619,15.875997,15.69072,15.852837,4420085.5
2008-05-23,HSH-201408,15.748619,15.829678,15.551761,15.63282,3037599.8
2008-05-27,HSH-201408,15.609659,15.945477,15.5865,15.864417,4855583
2008-05-28,HSH-201408,15.899156,15.957056,15.829678,15.957056,3402543.5
2008-05-29,HSH-201408,16.009565,16.102915,15.472801,15.939551,3207533.8
2008-05-30,HSH-201408,15.85787,16.13792,15.846201,16.079576,3277978
2008-06-02,HSH-201408,16.05624,16.05624,15.881207,15.916215,3893295.2
2008-06-03,HSH-201408,15.939551,15.96289,15.682838,15.904546,4581970.5
2008-06-04,HSH-201408,15.846201,16.05624,15.729513,16.04457,4201811
2008-06-05,HSH-201408,16.102915,16.161259,16.021233,16.114584,3691474.5
2008-06-06,HSH-201408,16.009565,16.05624,15.461132,15.484469,4525495
2008-06-09,HSH-201408,15.507807,15.612826,15.297769,15.391119,3582465.8
2008-06-10,HSH-201408,15.309438,15.402787,15.204418,15.321107,4846180
2008-06-11,HSH-201408,15.391119,15.391119,14.936037,14.982712,5993858
2008-06-12,HSH-201408,14.959373,15.262762,14.959373,15.087731,3301202.5
2008-06-13,HSH-201408,15.146074,15.309438,15.076062,15.216087,4244122
2008-06-16,HSH-201408,15.0994,15.0994,14.912699,15.052724,5445128.5
2008-06-17,HSH-201408,15.0994,15.2277565,14.982712,15.052724,5271417
2008-06-18,HSH-201408,14.971043,15.076062,14.784343,14.854355,4213894.5
2008-06-19,HSH-201408,14.877693,14.982712,14.737668,14.936037,4897770.5
2008-06-20,HSH-201408,14.924368,14.982712,14.690992,14.761004,6382759
2008-06-23,HSH-201408,14.796012,14.8310175,14.585974,14.7026615,4264628
2008-06-24,HSH-201408,14.620979,14.737668,14.527629,14.667654,3911206.2
2008-06-25,HSH-201408,14.737668,15.006049,14.632648,14.889361,3924061
2008-06-26,HSH-201408,14.761004,14.807679,14.5042925,14.51596,5229596
2008-06-27,HSH-201408,14.585974,14.644318,14.177566,14.212573,7639702.5
2008-06-30,HSH-201408,14.200904,14.480954,14.14256,14.294254,4344328
2008-07-01,HSH-201408,14.130891,14.294254,14.060879,14.294254,3923804
2008-07-02,HSH-201408,14.352598,14.352598,14.119223,14.14256,3385615.8
2008-07-03,HSH-201408,14.22424,14.282585,14.125056,14.177566,2691359.8
2008-07-07,HSH-201408,14.235909,14.352598,14.1075535,14.14256,4248516.5
2008-07-08,HSH-201408,14.189235,14.597642,14.060879,14.574305,3790542.5
2008-07-09,HSH-201408,14.620979,15.19275,14.620979,15.087731,6246583.5
2008-07-10,HSH-201408,15.111068,15.169413,14.796012,14.877693,5085279.5
2008-07-11,HSH-201408,14.737668,14.761004,14.352598,14.51596,5404250.5
2008-07-14,HSH-201408,14.655987,14.772674,14.51596,14.655987,3045220.2
2008-07-15,HSH-201408,14.457617,14.796012,14.457617,14.620979,5291299.5
2008-07-16,HSH-201408,14.667654,15.134406,14.527629,15.076062,4329159
2008-07-17,HSH-201408,15.122737,15.391119,14.947706,15.367782,3904264.8
2008-07-18,HSH-201408,15.414456,15.542812,15.251093,15.426126,3715470.2
2008-07-21,HSH-201408,15.461132,15.461132,14.842687,15.017718,4659271
2008-07-22,HSH-201408,14.936037,15.402787,14.936037,15.367782,5732819.5
2008-07-23,HSH-201408,15.3561125,15.85787,15.3561125,15.811195,4240889.5
2008-07-24,HSH-201408,15.787857,15.939551,15.5544815,15.636163,3645797.2
2008-07-25,HSH-201408,15.729513,15.729513,15.461132,15.531145,3248926.2
2008-07-28,HSH-201408,15.5544815,15.612826,15.309438,15.321107,2660004.2
2008-07-29,HSH-201408,15.3561125,15.589488,15.2277565,15.566151,4000247.2
2008-07-30,HSH-201408,15.601157,16.114584,15.566151,16.102915,4071377.2
2008-07-31,HSH-201408,16.032902,16.102915,15.892877,15.939551,5159237.5
2008-08-01,HSH-201408,15.367782,16.301285,15.169413,16.196264,4827583
2008-08-04,HSH-201408,16.14959,16.277946,16.009565,16.14959,3189537
2008-08-05,HSH-201408,16.231272,16.62801,16.196264,16.62801,3403612.5
2008-08-06,HSH-201408,16.593004,17.129768,16.289616,16.943068,6668650
2008-08-07,HSH-201408,15.321107,16.791372,15.321107,16.312952,5707966.5
2008-08-08,HSH-201408,16.41797,17.38648,16.394634,17.38648,4533465
2008-08-11,HSH-201408,17.328136,17.584848,17.18811,17.38648,3415953
2008-08-12,HSH-201408,17.258123,17.444824,17.141436,17.164774,3416724.2
2008-08-13,HSH-201408,17.19978,17.19978,16.81471,16.861385,4275683
2008-08-14,HSH-201408,16.803041,17.013079,16.686354,16.744698,4747112
2008-08-15,HSH-201408,16.81471,16.838047,16.499653,16.546328,7004932
2008-08-18,HSH-201408,16.522991,16.686354,16.34796,16.41797,4102657.2
2008-08-19,HSH-201408,16.301285,16.42964,16.091246,16.114584,5430474
2008-08-20,HSH-201408,16.05624,16.324621,15.927882,16.219603,3182509.5
2008-08-21,HSH-201408,16.14959,16.14959,15.776189,15.881207,4802302
2008-08-22,HSH-201408,15.904546,15.986226,15.67117,15.986226,4892457
2008-08-25,HSH-201408,15.892877,15.916215,15.566151,15.647832,3291090
2008-08-26,HSH-201408,15.682838,15.822865,15.484469,15.764521,3201277.5
2008-08-27,HSH-201408,15.7528515,15.904546,15.57782,15.869539,2146925.8
2008-08-28,HSH-201408,15.939551,16.231272,15.892877,16.13792,3121920.5
2008-08-29,HSH-201408,16.132044,16.21435,15.849849,15.873365,4245517.5
2008-09-02,HSH-201408,16.002703,16.44951,16.002703,16.049736,5495725
2008-09-03,HSH-201408,15.920398,16.096767,15.767543,15.779302,6058998.5
2008-09-04,HSH-201408,15.649963,15.96743,15.602931,15.696995,5075808.5
2008-09-05,HSH-201408,15.614688,16.002703,15.591172,15.849849,6044200.5
2008-09-08,HSH-201408,16.190834,16.237865,15.96743,16.21435,5252450.5
2008-09-09,HSH-201408,16.167316,16.496542,16.132044,16.132044,4609948.5
2008-09-10,HSH-201408,16.21435,16.237865,15.990947,16.096767,3461812.5
2008-09-11,HSH-201408,16.073252,16.284897,15.908639,16.237865,4606036.5
2008-09-12,HSH-201408,16.08501,16.696428,16.08501,16.68467,5177304.5
2008-09-15,HSH-201408,16.08501,16.625881,16.073252,16.261381,4923861.5
2008-09-16,HSH-201408,16.049736,16.284897,15.638205,15.873365,5643964
2008-09-17,HSH-201408,15.638205,15.802816,15.167882,15.261947,6499037.5
2008-09-18,HSH-201408,15.555898,15.591172,14.991512,15.261947,6415435.5
2008-09-19,HSH-201408,15.520624,15.885124,14.709319,15.849849,5802971.5
2008-09-22,HSH-201408,15.873365,15.873365,15.203157,15.250189,3626367
2008-09-23,HSH-201408,15.30898,15.708753,15.273705,15.332496,2750031.2
2008-09-24,HSH-201408,15.226672,15.438318,15.109093,15.226672,3499566.2
2008-09-25,HSH-201408,15.473592,15.779302,15.285463,15.673479,3333269
2008-09-26,HSH-201408,15.673479,15.696995,15.414802,15.626447,4099915
2008-09-29,HSH-201408,15.438318,15.755785,14.779866,14.838657,6788711.5
2008-09-30,HSH-201408,15.297221,15.320737,14.650529,14.850415,6705024
2008-10-01,HSH-201408,14.744593,15.591172,14.662287,15.532382,5947500.5
2008-10-02,HSH-201408,15.461833,15.685237,15.344254,15.508865,6516727.5
2008-10-03,HSH-201408,15.638205,15.802816,15.391286,15.48535,5950137
2008-10-06,HSH-201408,15.214914,15.932156,14.497674,15.932156,9528877
2008-10-07,HSH-201408,15.755785,15.873365,14.22724,14.22724,8506769
2008-10-08,HSH-201408,14.015594,14.156691,13.451207,13.462965,9097768
2008-10-09,HSH-201408,13.474724,13.627579,12.369468,12.369468,7187672.5
2008-10-10,HSH-201408,11.828597,12.345951,10.887953,11.275969,13708908
2008-10-13,HSH-201408,12.216613,12.686934,11.464097,12.569353,7393233.5
2008-10-14,HSH-201408,12.9103365,13.286595,12.710451,13.216046,7343480.5
2008-10-15,HSH-201408,13.004402,13.004402,11.981451,12.052,5610540
2008-10-16,HSH-201408,11.758049,12.099031,11.534646,11.922662,6914412.5
2008-10-17,HSH-201408,11.7227745,13.7216425,11.640468,13.486482,12146744
2008-10-20,HSH-201408,13.709885,14.0979,13.039676,13.686369,4959411.5
2008-10-21,HSH-201408,13.604062,13.86274,13.404175,13.462965,5376487.5
2008-10-22,HSH-201408,13.239563,13.239563,12.369468,12.686934,5841871
2008-10-23,HSH-201408,12.686934,13.180773,12.22837,12.9103365,5632652.5
2008-10-24,HSH-201408,11.769807,12.4635315,11.769807,12.028483,5327925
2008-10-27,HSH-201408,11.840355,12.181338,11.6522255,11.699258,4507465.5
2008-10-28,HSH-201408,11.910903,13.121982,11.675742,13.121982,4750193
2008-10-29,HSH-201408,13.027918,13.509997,12.7574835,12.945612,6401232.5
2008-10-30,HSH-201408,13.274837,13.43945,12.886821,13.227804,3792636.2
2008-10-31,HSH-201408,12.922095,13.815707,12.89858,13.145498,4020395
2008-11-03,HSH-201408,13.216046,13.427691,13.098467,13.216046,3301228
2008-11-04,HSH-201408,13.780434,14.109658,13.580546,13.945045,4915356.5
2008-11-05,HSH-201408,13.392418,13.392418,11.957935,11.993209,6807630.5
2008-11-06,HSH-201408,11.910903,11.993209,10.9114685,11.193663,7087741
2008-11-07,HSH-201408,11.228936,11.758049,11.228936,11.758049,4390949.5
2008-11-10,HSH-201408,11.981451,11.981451,11.370033,11.699258,4924572.5
2008-11-11,HSH-201408,11.522888,11.534646,11.064323,11.299484,4548629
2008-11-12,HSH-201408,11.08784,11.640468,11.040808,11.146629,5697714
2008-11-13,HSH-201408,11.346517,11.969694,10.899712,11.934419,5876230
2008-11-14,HSH-201408,11.699258,11.711017,10.594002,11.134872,6182063.5
2008-11-17,HSH-201408,10.993775,11.228936,10.699824,10.840921,4590547.5
2008-11-18,HSH-201408,10.793889,11.20542,10.676308,11.08784,6034164.5
2008-11-19,HSH-201408,11.005533,11.146629,10.335324,10.370599,7344926.5
2008-11-20,HSH-201408,10.405873,10.582244,9.559294,9.6416,7542408
2008-11-21,HSH-201408,9.676873,10.017858,9.124246,10.017858,7993418.5
2008-11-24,HSH-201408,10.158955,10.934985,10.017858,10.793889,5738622.5
2008-11-25,HSH-201408,11.111356,11.111356,9.994341,10.288293,7026571
2008-11-26,HSH-201408,10.204938,10.943217,9.216595,10.931311,4574249.5
2008-11-28,HSH-201408,10.77651,11.109926,10.728879,10.931311,2416494.2
2008-12-01,HSH-201408,10.764602,10.824141,10.347831,10.526447,6734020
2008-12-02,HSH-201408,10.693155,10.836049,10.312107,10.836049,5996937
2008-12-03,HSH-201408,10.574079,11.026572,10.312107,10.990849,4925511
2008-12-04,HSH-201408,10.824141,10.990849,10.276384,10.395461,10300354
2008-12-05,HSH-201408,10.288293,11.014665,10.181123,11.014665,6034979.5
2008-12-08,HSH-201408,11.324266,11.336174,10.859864,11.324266,5429827
2008-12-09,HSH-201408,11.229005,11.312358,10.716971,10.752694,4331046.5
2008-12-10,HSH-201408,10.859864,11.121835,10.859864,11.109926,3702800
2008-12-11,HSH-201408,10.895587,11.276635,10.77651,10.955126,5777139
2008-12-12,HSH-201408,10.633617,11.371898,10.633617,11.312358,5176126.5
2008-12-15,HSH-201408,11.395712,11.395712,10.955126,11.121835,3768303.5
2008-12-16,HSH-201408,11.19328,11.645775,11.086112,11.633868,3865803
2008-12-17,HSH-201408,11.514791,11.645775,11.30045,11.467159,3874910.8
2008-12-18,HSH-201408,11.526698,11.788668,11.336174,11.419528,4436524
2008-12-19,HSH-201408,11.943468,11.943468,11.336174,11.431437,5477275
2008-12-22,HSH-201408,11.443343,11.526698,11.169465,11.419528,3319352
2008-12-23,HSH-201408,11.479067,11.526698,11.086112,11.121835,2750226.8
2008-12-24,HSH-201408,11.14565,11.181374,11.002757,11.133742,764376.44
2008-12-26,HSH-201408,11.121835,11.252819,11.0742035,11.217096,1356680
2008-12-29,HSH-201408,11.19328,11.229005,10.88368,11.109926,2319078.8
2008-12-30,HSH-201408,11.181374,11.431437,11.169465,11.419528,2143310.8
2008-12-31,HSH-201408,11.431437,11.705314,11.40762,11.657683,2524491.2
2009-01-02,HSH-201408,11.693406,12.098269,11.598144,12.062547,1714682.2
2009-01-05,HSH-201408,12.014915,12.229256,11.895838,11.955377,4735741
2009-01-06,HSH-201408,12.062547,12.598394,12.050638,12.491225,5283143
2009-01-07,HSH-201408,12.336424,12.443594,12.062547,12.145901,8640091
2009-01-08,HSH-201408,12.122086,12.288794,12.003008,12.110177,4134871.8
2009-01-09,HSH-201408,12.157808,12.181623,11.872023,11.943468,3400055.8
2009-01-12,HSH-201408,11.907745,11.955377,11.669591,11.860115,5068969.5
2009-01-13,HSH-201408,11.824391,12.086361,11.681499,11.836299,4323824.5
2009-01-14,HSH-201408,11.455251,11.788668,11.443343,11.669591,5223323
2009-01-15,HSH-201408,11.598144,11.776761,11.419528,11.752945,6119546.5
2009-01-16,HSH-201408,12.026823,12.026823,11.645775,11.883929,3999413.8
2009-01-20,HSH-201408,11.955377,12.003008,11.693406,11.8482065,6934394
2009-01-21,HSH-201408,12.026823,12.026823,11.502882,11.788668,6943715.5
2009-01-22,HSH-201408,11.514791,12.003008,11.514791,11.931561,4093050.2
2009-01-23,HSH-201408,11.633868,11.836299,11.431437,11.741036,3640487.5
2009-01-26,HSH-201408,11.776761,12.122086,11.669591,11.860115,4412990.5
2009-01-27,HSH-201408,11.883929,12.288794,11.860115,12.25307,3086058.5
2009-01-28,HSH-201408,12.419779,12.598394,12.324517,12.550764,4282254.5
2009-01-29,HSH-201408,12.455502,12.669842,12.288794,12.384055,3425921.2
2009-01-30,HSH-201408,12.455502,12.550764,11.8482065,11.943468,6353091.5
2009-02-02,HSH-201408,11.907745,12.098269,11.741036,12.062547,5334427
2009-02-03,HSH-201408,12.098269,12.479317,11.860115,12.419779,4076736.5
2009-02-04,HSH-201408,11.907745,12.038731,11.467159,11.526698,7069308
2009-02-05,HSH-201408,11.419528,11.574329,11.109926,11.109926,9175456
2009-02-06,HSH-201408,11.14565,11.419528,11.086112,11.383805,6462600.5
2009-02-09,HSH-201408,11.312358,11.467159,11.121835,11.30045,3542568
2009-02-10,HSH-201408,11.229005,11.30045,10.526447,10.609801,5291681.5
2009-02-11,HSH-201408,10.252568,10.752575,10.1454,10.621709,5072220.5
2009-02-12,HSH-201408,10.538355,10.77651,10.383554,10.752694,7693312
2009-02-13,HSH-201408,10.693155,10.800324,10.538355,10.621709,4035860.5
2009-02-17,HSH-201408,10.395461,10.395461,10.026321,10.1334915,5301507.5
2009-02-18,HSH-201408,10.252568,10.252568,9.680997,9.811982,6608639.5
2009-02-19,HSH-201408,9.990599,10.002506,9.692905,9.764351,5485181
2009-02-20,HSH-201408,9.633367,9.752443,9.3594885,9.538104,5779095.5
2009-02-23,HSH-201408,9.60955,9.716721,9.4428425,9.466658,5501217.5
2009-02-24,HSH-201408,9.5261965,9.847706,9.419026,9.811982,6249353.5
2009-02-25,HSH-201408,9.752443,9.764351,9.240411,9.34758,7405942.5
2009-02-26,HSH-201408,9.420043,9.661582,9.34758,9.371735,6056407.5
2009-02-27,HSH-201408,9.214734,9.46835,9.142272,9.31135,5213612.5
2009-03-02,HSH-201408,9.178503,9.2630415,8.94904,8.997348,6370927.5
2009-03-03,HSH-201408,8.985271,9.166426,8.683347,8.767886,5696697.5
2009-03-04,HSH-201408,8.876578,9.202657,8.719578,9.021502,5001417
2009-03-05,HSH-201408,8.755809,8.864502,8.27273,8.357268,11804498
2009-03-06,HSH-201408,8.51427,8.622962,8.381422,8.5505,6220099.5
2009-03-09,HSH-201408,8.478038,8.51427,8.212345,8.248575,4991977.5
2009-03-10,HSH-201408,8.333115,8.610885,8.296884,8.598808,3983890
2009-03-11,HSH-201408,8.562577,8.671269,8.321037,8.42973,5425198.5
2009-03-12,HSH-201408,8.490115,8.816194,8.441807,8.779963,3820409.5
2009-03-13,HSH-201408,9.093965,9.456273,8.936963,9.275119,8051352.5
2009-03-16,HSH-201408,9.335504,9.721967,9.238888,9.577043,7880448.5
2009-03-17,HSH-201408,9.601197,9.709889,9.504581,9.697813,4888723
2009-03-18,HSH-201408,9.649505,9.878968,9.444197,9.673659,5010939
2009-03-19,HSH-201408,9.782352,9.915198,9.697813,9.770275,5469001
2009-03-20,HSH-201408,9.842736,9.975584,9.637428,9.697813,6380208
2009-03-23,HSH-201408,9.891044,10.132585,9.734044,10.132585,3812460.5
2009-03-24,HSH-201408,10.035969,10.325816,9.939352,10.205046,4159815.8
2009-03-25,HSH-201408,10.289585,10.313739,9.975584,10.180892,5078092
2009-03-26,HSH-201408,9.806505,10.349969,9.806505,10.26543,2937821.2
2009-03-27,HSH-201408,10.168816,10.168816,9.927276,9.963507,4385700
2009-03-30,HSH-201408,10.50697,10.603586,9.721967,9.818583,7245356
2009-03-31,HSH-201408,9.891044,9.915198,9.709889,9.758198,7649265
2009-04-01,HSH-201408,9.649505,9.963507,9.480427,9.927276,6164334.5
2009-04-02,HSH-201408,9.987661,10.349969,9.975584,10.217123,4709705
2009-04-03,HSH-201408,10.205046,10.374124,10.10843,10.217123,3889715
2009-04-06,HSH-201408,10.144661,10.3016615,10.0722,10.180892,3225724.2
2009-04-07,HSH-201408,10.048045,10.144661,9.963507,9.975584,3215374
2009-04-08,HSH-201408,10.035969,10.482817,9.951429,10.458662,6014170.5
2009-04-09,HSH-201408,10.519048,10.724356,10.374124,10.50697,5252059
2009-04-13,HSH-201408,10.519048,10.519048,10.253354,10.349969,2913477.2
2009-04-14,HSH-201408,10.253354,10.386201,10.048045,10.156738,2985515.2
2009-04-15,HSH-201408,10.120507,10.3378935,10.120507,10.289585,2978394.2
2009-04-16,HSH-201408,10.386201,10.446585,10.205046,10.386201,3307615.8
2009-04-17,HSH-201408,10.434509,10.567355,10.3016615,10.410355,3549066.8
2009-04-20,HSH-201408,10.168816,10.446585,10.156738,10.168816,3965065
2009-04-21,HSH-201408,10.241277,10.386201,10.120507,10.3378935,3311755.8
2009-04-22,HSH-201408,10.26543,10.3378935,10.10843,10.120507,3281036.2
2009-04-23,HSH-201408,10.096353,10.217123,9.83066,9.963507,4540705.5
2009-04-24,HSH-201408,10.023891,10.10843,9.842736,9.903121,3605041
2009-04-27,HSH-201408,9.734044,10.023891,9.673659,9.673659,4809067.5
2009-04-28,HSH-201408,9.758198,9.963507,9.613275,9.854814,3740671
2009-04-29,HSH-201408,9.903121,10.156738,9.866891,9.999737,2279047
2009-04-30,HSH-201408,10.084276,10.3378935,10.011814,10.048045,4376394.5
2009-05-01,HSH-201408,10.180892,10.180892,9.903121,9.999737,4800787.5
2009-05-04,HSH-201408,10.120507,10.567355,9.987661,10.519048,4083886
2009-05-05,HSH-201408,10.700202,10.90551,10.458662,10.5794325,4731316.5
2009-05-06,HSH-201408,10.676048,10.845125,10.519048,10.8209715,6697263.5
2009-05-07,HSH-201408,11.26782,11.605975,10.881357,11.291974,7851869.5
2009-05-08,HSH-201408,11.412744,11.473128,11.062511,11.098742,6021788
2009-05-11,HSH-201408,11.134974,11.171205,10.941742,10.977973,6144252.5
2009-05-12,HSH-201408,11.02628,11.183282,10.941742,11.050434,4675785
2009-05-13,HSH-201408,10.929665,11.14705,10.929665,11.014203,5370052
2009-05-14,HSH-201408,11.014203,11.291974,10.917587,11.26782,4502451
2009-05-15,HSH-201408,11.219512,11.376513,11.086666,11.134974,4027497.8
2009-05-18,HSH-201408,11.195358,11.485206,11.110819,11.473128,4980741.5
2009-05-19,HSH-201408,11.38859,11.569744,11.38859,11.521437,2871656.5
2009-05-20,HSH-201408,11.581821,11.775053,11.533514,11.6180525,4806380.5
2009-05-21,HSH-201408,11.521437,11.63013,11.364435,11.509359,4408553.5
2009-05-22,HSH-201408,11.509359,11.66636,11.424821,11.448974,2918859.5
2009-05-26,HSH-201408,11.376513,11.485206,11.207435,11.26782,6773496
2009-05-27,HSH-201408,11.243667,11.352359,11.02628,11.074589,8296364
2009-05-28,HSH-201408,11.1846,11.2212715,10.866787,11.001246,10900301
2009-05-29,HSH-201408,11.001246,11.062365,10.927904,10.989022,6849042
2009-06-01,HSH-201408,10.903458,11.123483,10.646762,11.001246,8249692.5
2009-06-02,HSH-201408,10.964576,11.367955,10.964576,11.343507,8060550
2009-06-03,HSH-201408,11.294613,11.294613,10.989022,11.135706,7133141.5
2009-06-04,HSH-201408,11.172378,11.270166,11.111259,11.172378,5705353.5
2009-06-05,HSH-201408,11.172378,11.209048,10.87901,11.001246,3360955.5
2009-06-08,HSH-201408,11.001246,11.14793,10.903458,11.086811,3211899.8
2009-06-09,HSH-201408,11.123483,11.123483,10.866787,11.037917,4313684
2009-06-10,HSH-201408,11.135706,11.1846,10.927904,11.025694,3988020.8
2009-06-11,HSH-201408,11.074589,11.294613,10.964576,11.123483,6509208
2009-06-12,HSH-201408,11.086811,11.160153,10.940128,11.013471,4637747
2009-06-15,HSH-201408,10.940128,10.952353,10.793446,10.830115,3055726.5
2009-06-16,HSH-201408,10.87901,10.87901,10.695657,10.7323265,4011009
2009-06-17,HSH-201408,10.658986,11.111259,10.658986,11.013471,6734264
2009-06-18,HSH-201408,11.196824,11.196824,10.854564,11.111259,3683691.8
2009-06-19,HSH-201408,11.160153,11.172378,11.025694,11.074589,5184394.5
2009-06-22,HSH-201408,11.001246,11.074589,10.927904,10.927904,3902285
2009-06-23,HSH-201408,10.866787,11.160153,10.866787,11.135706,6287015
2009-06-24,HSH-201408,11.233495,11.526862,11.135706,11.429073,13317264
2009-06-25,HSH-201408,11.404626,11.539084,11.294613,11.514638,6220321.5
2009-06-26,HSH-201408,11.441296,11.771334,11.392402,11.710216,8073885
2009-06-29,HSH-201408,11.710216,11.881347,11.575756,11.844675,6450060
2009-06-30,HSH-201408,11.8691225,11.930241,11.636875,11.930241,7839175.5
2009-07-01,HSH-201408,12.003582,12.33362,11.918017,12.174713,6923572.5
2009-07-02,HSH-201408,11.942465,12.003582,11.685769,11.685769,3841978
2009-07-06,HSH-201408,11.612427,12.113595,11.612427,12.113595,4908616.5
2009-07-07,HSH-201408,12.003582,12.370291,11.99136,12.19916,13015634
2009-07-08,HSH-201408,12.150265,12.394738,12.028029,12.174713,8180400
2009-07-09,HSH-201408,12.174713,12.260278,11.954688,12.052476,4735427
2009-07-10,HSH-201408,12.028029,12.186936,11.954688,12.028029,4457522
2009-07-13,HSH-201408,12.040254,12.260278,11.99136,12.223607,3514756.2
2009-07-14,HSH-201408,12.211384,12.370291,12.113595,12.358067,4625852
2009-07-15,HSH-201408,12.455855,12.651434,12.296949,12.651434,5508930
2009-07-16,HSH-201408,12.63921,12.871458,12.590316,12.834787,5510321
2009-07-17,HSH-201408,12.736999,12.8959055,12.688105,12.798118,3862280.5
2009-07-20,HSH-201408,12.834787,12.847012,12.67588,12.847012,2836233.2
2009-07-21,HSH-201408,12.969247,13.018142,12.749223,12.920353,4492701
2009-07-22,HSH-201408,12.847012,13.140378,12.834787,12.993694,3407504.8
2009-07-23,HSH-201408,13.018142,13.38485,12.90813,13.238167,5896125.5
2009-07-24,HSH-201408,13.091483,13.2748375,13.042589,13.2748375,2544339
2009-07-27,HSH-201408,13.348179,13.348179,12.920353,13.11593,3779734.5
2009-07-28,HSH-201408,13.018142,13.201496,12.993694,13.140378,2294494.5
2009-07-29,HSH-201408,13.177049,13.360403,13.054813,13.311509,3700871.5
2009-07-30,HSH-201408,13.38485,13.445968,13.11593,13.140378,5970458.5
2009-07-31,HSH-201408,13.152602,13.201496,12.969247,13.0059185,4747746.5
2009-08-03,HSH-201408,13.07926,13.201496,12.871458,13.140378,3539105
2009-08-04,HSH-201408,13.140378,13.348179,13.07926,13.299285,3968417
2009-08-05,HSH-201408,13.201496,13.409298,13.018142,13.11593,4388639
2009-08-06,HSH-201408,13.140378,13.335956,12.969247,13.054813,5958225
2009-08-07,HSH-201408,13.07926,13.225943,13.0059185,13.152602,3958487.8
2009-08-10,HSH-201408,13.128154,13.262614,13.030365,13.164825,5185130.5
2009-08-11,HSH-201408,13.177049,13.2748375,13.018142,13.201496,6020225.5
2009-08-12,HSH-201408,12.700329,13.07926,11.832452,11.881347,20139096
2009-08-13,HSH-201408,11.893569,12.076924,11.416849,11.587979,11890680
2009-08-14,HSH-201408,11.6002035,11.636875,11.380178,11.551309,8553032
2009-08-17,HSH-201408,11.514638,11.526862,11.209048,11.245719,5765319.5
2009-08-18,HSH-201408,11.306837,11.539084,11.257942,11.441296,5989721
2009-08-19,HSH-201408,11.380178,11.649097,11.294613,11.551309,4545875.5
2009-08-20,HSH-201408,11.575756,11.673545,11.477967,11.575756,7616000.5
2009-08-21,HSH-201408,11.636875,11.856899,11.575756,11.79578,4308707.5
2009-08-24,HSH-201408,11.881347,11.966911,11.710216,11.881347,5193720.5
2009-08-25,HSH-201408,11.905793,12.113595,11.844675,12.052476,6116361.5
2009-08-26,HSH-201408,12.052476,12.0647,11.8691225,11.942465,5973114
2009-08-27,HSH-201408,11.966911,11.99136,11.820229,11.966911,3748238.8
2009-08-28,HSH-201408,12.028029,12.19916,11.918017,11.99136,5748876.5
2009-08-31,HSH-201408,11.954688,11.954688,11.75911,11.844675,4057067.5
2009-09-01,HSH-201408,11.905793,11.918017,11.661322,11.75911,7484615.5
2009-09-02,HSH-201408,11.75911,11.808004,11.649097,11.79578,4893635
2009-09-03,HSH-201408,11.84524,11.869969,11.523761,11.573219,11442302
2009-09-04,HSH-201408,11.597949,11.746324,11.511397,11.597949,17609402
2009-09-08,HSH-201408,11.746324,11.820511,11.610313,11.647407,15855974
2009-09-09,HSH-201408,11.684501,11.894698,11.585584,11.882333,11353182
2009-09-10,HSH-201408,11.907063,11.993614,11.771053,11.832874,6942751
2009-09-11,HSH-201408,11.882333,12.191446,11.857604,12.11726,7235362.5
2009-09-14,HSH-201408,12.030707,12.475832,12.030707,12.463468,7388114
2009-09-15,HSH-201408,12.451102,12.463468,12.327457,12.364551,5661669.5
2009-09-16,HSH-201408,12.414009,12.5252905,12.315093,12.475832,4337573
2009-09-17,HSH-201408,12.463468,12.537655,12.302728,12.488196,3952994.5
2009-09-18,HSH-201408,12.611841,13.217705,12.438739,13.20534,11751579
2009-09-21,HSH-201408,13.168246,13.20534,12.982779,13.118788,6820450
2009-09-22,HSH-201408,13.155883,13.168246,13.056966,13.106424,3838150
2009-09-23,HSH-201408,13.155883,13.464996,13.106424,13.353715,6398857.5
2009-09-24,HSH-201408,13.316622,13.390808,13.032236,13.032236,4571698.5
2009-09-25,HSH-201408,13.737016,14.046129,13.601006,13.8606615,13704178
2009-09-28,HSH-201408,13.811203,13.922484,13.613371,13.613371,7991879.5
2009-09-29,HSH-201408,13.601006,13.712287,13.353715,13.563912,7399379
2009-09-30,HSH-201408,13.514455,13.823568,13.390808,13.77411,7073043
2009-10-01,HSH-201408,13.74938,13.786473,13.304257,13.353715,5628833.5
2009-10-02,HSH-201408,13.291892,13.427902,13.155883,13.254799,5585322
2009-10-05,HSH-201408,13.291892,13.514455,13.168246,13.47736,5141634.5
2009-10-06,HSH-201408,13.489725,13.699923,13.47736,13.563912,4792329.5
2009-10-07,HSH-201408,13.576276,13.688299,13.551548,13.675194,4452228
2009-10-08,HSH-201408,13.699923,13.761745,13.514455,13.563912,5670808.5
2009-10-09,HSH-201408,13.539183,13.675194,13.539183,13.6381,3875191.2
2009-10-12,HSH-201408,13.576276,13.786473,13.526818,13.576276,4508210.5
2009-10-13,HSH-201408,13.526818,13.737016,13.526818,13.662828,4568625.5
2009-10-14,HSH-201408,13.761745,13.823568,13.613371,13.823568,3593741.5
2009-10-15,HSH-201408,13.811203,13.835932,13.551548,13.613371,6179682.5
2009-10-16,HSH-201408,13.563912,13.835932,13.551548,13.724652,3339142.8
2009-10-19,HSH-201408,13.77411,14.281056,13.77411,14.2192335,5290384
2009-10-20,HSH-201408,14.2192335,14.243963,13.91012,13.947213,4432106
2009-10-21,HSH-201408,13.88539,14.305785,13.873026,14.169775,5409254.5
2009-10-22,HSH-201408,14.243963,14.5778055,14.107952,14.466524,9262690
2009-10-23,HSH-201408,14.503617,14.503617,14.107952,14.194504,4354303
2009-10-26,HSH-201408,14.2192335,14.540712,14.132682,14.2192335,4912587
2009-10-27,HSH-201408,14.256327,14.379972,13.91012,14.243963,3185558.5
2009-10-28,HSH-201408,14.2192335,14.281056,13.8606615,13.8606615,3975397.2
2009-10-29,HSH-201408,13.873026,14.305785,13.873026,14.293422,3427298
2009-10-30,HSH-201408,14.243963,14.355243,13.947213,13.959578,5038436
2009-11-02,HSH-201408,13.922484,14.145045,13.88539,14.058495,4242612.5
2009-11-03,HSH-201408,13.971943,14.070859,13.823568,14.033766,3834388.5
2009-11-04,HSH-201408,14.058495,14.194504,13.959578,14.095588,4672401
2009-11-05,HSH-201408,14.56544,14.72618,14.31815,14.614899,8803500
2009-11-06,HSH-201408,14.404701,14.639628,14.404701,14.45416,5994152
2009-11-09,HSH-201408,14.602535,14.788003,14.503617,14.676722,5187248.5
2009-11-10,HSH-201408,14.651993,14.886919,14.651993,14.775638,5451795.5
2009-11-11,HSH-201408,14.800367,14.86219,14.701451,14.800367,6337877
2009-11-12,HSH-201408,14.775638,14.86219,14.639628,14.639628,5520459.5
2009-11-13,HSH-201408,14.676722,14.800367,14.59017,14.763273,3680642.5
2009-11-16,HSH-201408,14.825096,14.886919,14.664357,14.812732,4000630.5
2009-11-17,HSH-201408,14.75091,15.097116,14.75091,15.084752,4153082.5
2009-11-18,HSH-201408,15.121845,15.307314,15.047659,15.307314,5215393.5
2009-11-19,HSH-201408,15.208398,15.307314,14.961107,15.084752,4173220.8
2009-11-20,HSH-201408,15.072387,15.443324,15.072387,15.443324,6604756
2009-11-23,HSH-201408,15.554605,15.591699,15.257856,15.307314,4594020.5
2009-11-24,HSH-201408,15.29495,15.517511,15.196033,15.492782,5008512
2009-11-25,HSH-201408,15.591699,15.591699,15.332043,15.3815,2935650.5
2009-11-27,HSH-201408,15.032205,15.219328,14.907456,15.144479,1873528.2
2009-11-30,HSH-201408,15.206852,15.219328,14.982306,15.144479,6293137.5
2009-12-01,HSH-201408,15.219328,15.344076,15.132004,15.281702,5548600
2009-12-02,HSH-201408,15.356552,15.593574,15.319126,15.344076,4901981
2009-12-03,HSH-201408,15.306652,15.356552,15.206852,15.219328,3164043.8
2009-12-04,HSH-201408,15.443875,15.481299,15.107054,15.244278,3679640.8
2009-12-07,HSH-201408,15.181903,15.356552,15.181903,15.356552,3477726.8
2009-12-08,HSH-201408,15.256752,15.281702,15.01973,15.144479,3204187.8
2009-12-09,HSH-201408,15.107054,15.156953,14.982306,15.132004,3575912.2
2009-12-10,HSH-201408,15.132004,15.269227,15.119529,15.206852,3848460.5
2009-12-11,HSH-201408,15.206852,15.593574,15.181903,15.231803,4402911
2009-12-14,HSH-201408,15.393976,15.393976,15.244278,15.369025,4753881.5
2009-12-15,HSH-201408,15.294177,15.443875,15.281702,15.406451,3636353.8
2009-12-16,HSH-201408,15.406451,15.468824,15.231803,15.294177,4286702
2009-12-17,HSH-201408,15.281702,15.306652,14.907456,15.032205,3500240
2009-12-18,HSH-201408,15.119529,15.144479,14.757758,14.89498,5451765
2009-12-21,HSH-201408,15.007255,15.231803,14.9448805,15.107054,2947207.8
2009-12-22,HSH-201408,15.107054,15.306652,15.082105,15.306652,2808769.2
2009-12-23,HSH-201408,15.256752,15.45635,15.244278,15.45635,1890762.9
2009-12-24,HSH-201408,15.506249,15.5561495,15.406451,15.5311985,694757.4
2009-12-28,HSH-201408,15.5311985,15.655948,15.443875,15.655948,2889491.8
2009-12-29,HSH-201408,15.680897,15.693372,15.468824,15.543674,1573564.9
2009-12-30,HSH-201408,15.4314,15.5187235,15.344076,15.381501,2317159
2009-12-31,HSH-201408,15.4314,15.4314,15.169428,15.194378,1586551
2010-01-04,HSH-201408,15.256752,15.4314,15.21309,15.344076,2818570.5
2010-01-05,HSH-201408,15.406451,15.593574,15.169428,15.418925,4741055.5
2010-01-06,HSH-201408,15.4314,15.481299,15.269227,15.356552,2582474.2
2010-01-07,HSH-201408,15.281702,15.306652,15.044681,15.144479,3710262.5
2010-01-08,HSH-201408,15.119529,15.156953,14.870031,14.9698305,4225941
2010-01-11,HSH-201408,14.9698305,15.082105,14.882507,15.032205,2937348
2010-01-12,HSH-201408,14.994781,15.09458,14.9448805,15.09458,2901816.5
2010-01-13,HSH-201408,15.156953,15.356552,15.107054,15.281702,2996747.2
2010-01-14,HSH-201408,15.294177,15.443875,15.194378,15.306652,2888609.8
2010-01-15,HSH-201408,15.294177,15.294177,14.9698305,15.09458,3058207.8
2010-01-19,HSH-201408,15.119529,15.331601,15.044681,15.331601,2346479.5
2010-01-20,HSH-201408,15.219328,15.231803,14.857556,15.06963,2932378
2010-01-21,HSH-201408,15.082105,15.231803,14.795182,14.845081,3471301.8
2010-01-22,HSH-201408,14.845081,14.882507,14.55816,14.595585,3585451.5
2010-01-25,HSH-201408,15.107054,15.144479,14.857556,14.9698305,4993884
2010-01-26,HSH-201408,14.919931,15.01973,14.795182,14.932406,3364607.2
2010-01-27,HSH-201408,15.032205,15.194378,14.932406,15.169428,4133439.2
2010-01-28,HSH-201408,15.231803,15.306652,14.9698305,15.181903,3908575.8
2010-01-29,HSH-201408,15.231803,15.256752,15.06963,15.144479,4624902
2010-02-01,HSH-201408,15.256752,15.281702,14.9698305,15.082105,3459551.8
2010-02-02,HSH-201408,15.119529,15.468824,15.032205,15.45635,4122772.2
2010-02-03,HSH-201408,15.369025,15.543674,15.269227,15.5187235,4068503
2010-02-04,HSH-201408,15.593574,15.718323,15.331601,15.369025,7590306.5
2010-02-05,HSH-201408,15.356552,15.630998,15.082105,15.593574,7062204
2010-02-08,HSH-201408,15.643473,15.655948,15.369025,15.5311985,5483122
2010-02-09,HSH-201408,15.593574,15.967819,15.568624,15.780696,7207777
2010-02-10,HSH-201408,15.805646,16.179892,15.743272,16.129993,5637178
2010-02-11,HSH-201408,16.080093,16.167418,15.718323,16.167418,5248155.5
2010-02-12,HSH-201408,16.055143,16.217316,15.880495,16.192366,4876047
2010-02-16,HSH-201408,16.129993,16.901064,16.117517,16.753736,7729544
2010-02-17,HSH-201408,16.778685,17.115507,16.76621,17.078081,6751659.5
2010-02-18,HSH-201408,17.015707,17.340054,17.015707,17.32758,7561608.5
2010-02-19,HSH-201408,17.30263,17.464802,17.20283,17.414904,6789861
2010-02-22,HSH-201408,17.452328,17.452328,17.078081,17.103031,5824114
2010-02-23,HSH-201408,17.140455,17.140455,16.866009,16.978283,4900175.5
2010-02-24,HSH-201408,17.028181,17.365004,17.028181,17.340054,5370241
2010-02-25,HSH-201408,17.226885,17.264608,16.975397,17.113716,6597945.5
2010-02-26,HSH-201408,17.12629,17.23946,16.987972,17.050844,5186980
2010-03-01,HSH-201408,17.164013,17.352629,17.050844,17.264608,5545646
2010-03-02,HSH-201408,17.302332,17.490946,17.113716,17.4658,7717365.5
2010-03-03,HSH-201408,17.453224,17.541245,17.365204,17.390352,4746322
2010-03-04,HSH-201408,17.516096,17.591541,17.352629,17.490946,16348097
2010-03-05,HSH-201408,17.578966,17.654413,17.490946,17.541245,5632251
2010-03-08,HSH-201408,17.55382,17.641838,17.4658,17.4658,4431475
2010-03-09,HSH-201408,17.428074,17.591541,17.365204,17.428074,6127385
2010-03-10,HSH-201408,17.516096,17.541245,17.340054,17.377777,9155768
2010-03-11,HSH-201408,17.352629,17.604116,17.289757,17.566393,8017375
2010-03-12,HSH-201408,17.566393,17.767584,17.566393,17.641838,9633456
2010-03-15,HSH-201408,17.453224,17.604116,17.377777,17.490946,7252610.5
2010-03-16,HSH-201408,17.591541,17.704712,17.52867,17.629265,5970876.5
2010-03-17,HSH-201408,17.629265,17.79273,17.591541,17.616692,8064421
2010-03-18,HSH-201408,17.679564,17.81788,17.629265,17.717285,8357407
2010-03-19,HSH-201408,17.704712,17.742434,17.365204,17.440649,8957564
2010-03-22,HSH-201408,17.365204,17.566393,17.289757,17.478373,6301231
2010-03-23,HSH-201408,17.4658,17.666988,17.289757,17.629265,7884372
2010-03-24,HSH-201408,17.604116,17.654413,17.440649,17.453224,6307434
2010-03-25,HSH-201408,17.55382,17.578966,17.289757,17.302332,5133220
2010-03-26,HSH-201408,17.340054,17.4155,17.176588,17.277182,4362127.5
2010-03-29,HSH-201408,17.314907,17.478373,17.314907,17.4155,4639596.5
2010-03-30,HSH-201408,17.478373,17.641838,17.4658,17.516096,4655025
2010-03-31,HSH-201408,17.516096,17.654413,17.377777,17.516096,6593412.5
2010-04-01,HSH-201408,17.604116,17.830456,17.591541,17.767584,4791731.5
2010-04-05,HSH-201408,17.79273,17.943624,17.767584,17.868177,3997497
2010-04-06,HSH-201408,17.830456,17.893326,17.72986,17.855604,4742981.5
2010-04-07,HSH-201408,17.880753,17.893326,17.641838,17.692137,4869747.5
2010-04-08,HSH-201408,17.604116,17.679564,17.453224,17.591541,8087086
2010-04-09,HSH-201408,17.604116,17.704712,17.55382,17.55382,5828921
2010-04-12,HSH-201408,17.81788,18.056793,17.755009,17.868177,11646644
2010-04-13,HSH-201408,17.855604,17.943624,17.780157,17.843029,6310376.5
2010-04-14,HSH-201408,17.81788,17.918476,17.742434,17.855604,5140536.5
2010-04-15,HSH-201408,17.755009,17.93105,17.679564,17.717285,6732743.5
2010-04-16,HSH-201408,17.679564,17.79273,17.428074,17.55382,8824892
2010-04-19,HSH-201408,17.516096,17.805305,17.516096,17.780157,4665522.5
2010-04-20,HSH-201408,17.843029,17.968773,17.755009,17.956198,4154642
2010-04-21,HSH-201408,17.956198,17.981348,17.805305,17.868177,4133010.8
2010-04-22,HSH-201408,17.604116,17.81788,17.4658,17.81788,4628940
2010-04-23,HSH-201408,17.805305,17.805305,17.641838,17.767584,3809336.2
2010-04-26,HSH-201408,17.742434,17.843029,17.692137,17.692137,2846663.8
2010-04-27,HSH-201408,17.604116,17.641838,17.23946,17.264608,8484243
2010-04-28,HSH-201408,17.340054,17.566393,17.23946,17.478373,5315257
2010-04-29,HSH-201408,17.578966,17.968773,17.578966,17.93105,5082482
2010-04-30,HSH-201408,18.031645,18.031645,17.780157,17.880753,8173531.5
2010-05-03,HSH-201408,17.905901,18.006496,17.666988,17.830456,7539146
2010-05-04,HSH-201408,17.717285,17.742434,17.503521,17.55382,7459221.5
2010-05-05,HSH-201408,17.55382,17.666988,17.440649,17.604116,7365061.5
2010-05-06,HSH-201408,17.541245,17.604116,16.132915,16.937675,16882040
2010-05-07,HSH-201408,16.950249,17.15144,16.648464,16.899952,20152106
2010-05-10,HSH-201408,17.23946,17.566393,17.113716,17.4658,10841817
2010-05-11,HSH-201408,17.365204,18.031645,17.264608,18.01907,11757131
2010-05-12,HSH-201408,17.805305,18.069368,17.805305,18.04422,9247791
2010-05-13,HSH-201408,18.031645,18.937,17.905901,18.698086,17455428
2010-05-14,HSH-201408,18.547194,18.62264,18.371153,18.484322,13896437
2010-05-17,HSH-201408,18.547194,18.760958,18.42145,18.73581,10817034
2010-05-18,HSH-201408,18.836403,18.899277,18.534618,18.572344,11640809
2010-05-19,HSH-201408,18.509472,18.786106,18.459173,18.723236,9194783
2010-05-20,HSH-201408,18.559769,18.559769,18.182537,18.182537,15416914
2010-05-21,HSH-201408,17.968773,18.30828,17.880753,18.295706,11837572
2010-05-24,HSH-201408,18.195112,18.195112,18.01907,18.056793,10884523
2010-05-25,HSH-201408,17.717285,17.905901,17.578966,17.868177,11858329
2010-05-26,HSH-201408,17.968773,18.119665,17.629265,17.629265,15070578
2010-05-27,HSH-201408,17.895414,18.022152,17.794024,18.022152,8111375.5
2010-05-28,HSH-201408,18.009478,18.161564,17.870068,17.958782,10308111
2010-06-01,HSH-201408,17.857393,18.110868,17.756002,17.88274,8682711
2010-06-02,HSH-201408,17.920761,18.326323,17.756002,18.326323,7376158.5
2010-06-03,HSH-201408,18.491083,18.630495,18.427713,18.529104,4846847
2010-06-04,HSH-201408,18.275629,18.377018,17.996803,18.047499,12048867
2010-06-07,HSH-201408,18.022152,18.389692,18.009478,18.047499,8888885
2010-06-08,HSH-201408,18.161564,18.300976,18.060173,18.288301,6278698
2010-06-09,HSH-201408,18.31365,18.68119,18.31365,18.377018,7497432
2010-06-10,HSH-201408,18.61782,18.78258,18.567125,18.744558,5915508
2010-06-11,HSH-201408,18.605148,18.668516,18.351671,18.541779,5316635
2010-06-14,HSH-201408,18.871298,19.061403,18.68119,18.731884,12224189
2010-06-15,HSH-201408,18.896645,18.921993,18.61782,18.807928,7691454.5
2010-06-16,HSH-201408,18.693863,18.769907,18.554453,18.706537,5906969
2010-06-17,HSH-201408,18.78258,18.960014,18.5798,18.94734,7682854
2010-06-18,HSH-201408,18.934666,19.01071,18.706537,18.731884,6432243
2010-06-21,HSH-201408,18.88397,18.985361,18.541779,18.605148,7325345
2010-06-22,HSH-201408,18.592474,19.112099,18.592474,18.807928,11356257
2010-06-23,HSH-201408,18.858624,18.934666,18.61782,18.757233,6138093
2010-06-24,HSH-201408,18.68119,18.871298,18.630495,18.719212,5489511
2010-06-25,HSH-201408,18.78258,18.78258,18.427713,18.478409,10872819
2010-06-28,HSH-201408,18.529104,18.630495,18.402367,18.41504,4774401.5
2010-06-29,HSH-201408,18.186913,18.300976,18.060173,18.110868,6906927.5
2010-06-30,HSH-201408,18.060173,18.136217,17.819372,17.870068,6827231
2010-07-01,HSH-201408,17.819372,17.908089,17.667284,17.768677,7829140
2010-07-02,HSH-201408,17.768677,17.908089,17.654612,17.730654,5423864
2010-07-06,HSH-201408,17.794024,18.060173,17.730654,17.844719,5849522.5
2010-07-07,HSH-201408,17.819372,18.199585,17.756002,18.136217,5819641
2010-07-08,HSH-201408,18.21226,18.364344,18.14889,18.237608,7375921.5
2010-07-09,HSH-201408,18.199585,18.377018,18.14889,18.224934,4577078
2010-07-12,HSH-201408,18.161564,18.262955,18.060173,18.085522,7470842
2010-07-13,HSH-201408,18.123543,18.288301,18.110868,18.110868,6408651
2010-07-14,HSH-201408,18.047499,18.25028,18.047499,18.110868,6458202
2010-07-15,HSH-201408,18.14889,18.25028,18.060173,18.237608,5745314.5
2010-07-16,HSH-201408,18.136217,18.31365,18.009478,18.060173,6687178.5
2010-07-19,HSH-201408,18.110868,18.136217,17.895414,17.971457,5217217.5
2010-07-20,HSH-201408,17.832045,18.440388,17.794024,18.377018,8110758.5
2010-07-21,HSH-201408,18.440388,18.807928,18.377018,18.605148,13045016
2010-07-22,HSH-201408,18.757233,18.858624,18.605148,18.693863,4962913.5
2010-07-23,HSH-201408,18.630495,18.909319,18.605148,18.820602,4590728.5
2010-07-26,HSH-201408,18.769907,18.998035,18.76357,18.985361,3592971.2
2010-07-27,HSH-201408,18.960014,19.175468,18.909319,19.15012,5982181
2010-07-28,HSH-201408,19.086752,19.162794,18.94734,18.94734,4734647
2010-07-29,HSH-201408,18.985361,19.061403,18.61782,18.731884,5693633
2010-07-30,HSH-201408,18.5798,18.871298,18.491083,18.744558,3904746.5
2010-08-02,HSH-201408,18.960014,19.365576,18.915655,19.31488,6528987.5
2010-08-03,HSH-201408,19.327555,19.390923,19.036057,19.04873,6227174.5
2010-08-04,HSH-201408,19.175468,19.51766,18.921993,19.416271,5714779
2010-08-05,HSH-201408,19.340229,19.352901,18.985361,19.023382,7034587.5
2010-08-06,HSH-201408,18.909319,19.099424,18.706537,18.807928,5327602.5
2010-08-09,HSH-201408,18.858624,18.94734,18.402367,18.78258,6846167.5
2010-08-10,HSH-201408,18.655842,18.820602,18.529104,18.693863,8058431.5
2010-08-11,HSH-201408,18.440388,18.503757,18.288301,18.338997,7399287
2010-08-12,HSH-201408,17.743328,18.275629,17.477179,18.21226,10369655
2010-08-13,HSH-201408,18.136217,18.706537,18.072847,18.440388,8495396
2010-08-16,HSH-201408,18.338997,18.84595,18.21226,18.719212,8779762
2010-08-17,HSH-201408,18.858624,19.04873,18.776243,18.921993,10352080
2010-08-18,HSH-201408,18.88397,19.074078,18.871298,18.921993,7128640
2010-08-19,HSH-201408,18.833275,19.01071,18.795254,18.921993,7126651.5
2010-08-20,HSH-201408,18.769907,18.84595,18.655842,18.757233,7756392
2010-08-23,HSH-201408,18.820602,18.934666,18.68119,18.68119,7029380
2010-08-24,HSH-201408,18.453062,18.668516,18.41504,18.61782,8914528
2010-08-25,HSH-201408,18.51643,18.655842,18.41504,18.529104,7955622
2010-08-26,HSH-201408,18.554453,18.731884,18.465734,18.554453,5693332.5
2010-08-27,HSH-201408,18.605148,18.706537,18.427713,18.693863,4877856
2010-08-30,HSH-201408,18.655842,18.693863,18.161564,18.174238,6661219
2010-08-31,HSH-201408,18.161564,18.567125,18.098194,18.300976,9177117
2010-09-01,HSH-201408,18.491083,18.706537,18.427713,18.503757,7103312
2010-09-02,HSH-201408,18.631456,18.656996,18.350517,18.452677,5724267.5
2010-09-03,HSH-201408,18.388826,18.580378,18.286667,18.542068,5349953
2010-09-07,HSH-201408,18.439907,18.490986,18.171736,18.171736,9791450
2010-09-08,HSH-201408,18.286667,18.427137,18.171736,18.210047,5131551
2010-09-09,HSH-201408,18.376057,18.503757,18.273897,18.401596,4918003
2010-09-10,HSH-201408,18.503757,18.516527,18.280281,18.312206,4084098.2
2010-09-13,HSH-201408,18.388826,18.388826,17.839716,18.005726,7368666
2010-09-14,HSH-201408,17.916336,17.967415,17.673706,17.724787,8093175.5
2010-09-15,HSH-201408,17.775866,18.133427,17.699245,18.044037,5462090.5
2010-09-16,HSH-201408,17.967415,18.120655,17.903566,17.980186,5743296.5
2010-09-17,HSH-201408,18.031265,18.146196,17.826946,17.980186,3620590
2010-09-20,HSH-201408,17.992956,18.171736,17.903566,18.107887,4674392
2010-09-21,HSH-201408,18.069576,18.171736,17.967415,18.069576,5518942.5
2010-09-22,HSH-201408,18.056807,18.197277,17.890797,17.903566,3874779
2010-09-23,HSH-201408,17.85223,17.85223,17.597086,17.609856,4359803.5
2010-09-24,HSH-201408,17.750326,17.788637,17.469385,17.571547,7000929.5
2010-09-27,HSH-201408,17.609856,17.660936,17.405535,17.469385,5642122
2010-09-28,HSH-201408,17.456615,17.520466,17.213984,17.367226,8642587
2010-09-29,HSH-201408,17.316145,17.494925,17.303375,17.405535,4005240.8
2010-09-30,HSH-201408,17.431074,17.494925,17.124596,17.150135,5656452
2010-10-01,HSH-201408,17.162905,17.265066,16.881966,17.150135,7733818
2010-10-04,HSH-201408,19.218878,19.346579,18.248356,18.388826,27526168
2010-10-05,HSH-201408,18.427137,18.452677,18.171736,18.350517,9012673
2010-10-06,HSH-201408,18.286667,18.376057,18.069576,18.197277,5799443.5
2010-10-07,HSH-201408,18.261127,18.299309,17.878025,17.916336,4839894.5
2010-10-08,HSH-201408,17.903566,18.286667,17.890797,18.184505,5303438
2010-10-11,HSH-201408,18.261127,18.618687,18.222816,18.414368,6346662.5
2010-10-12,HSH-201408,18.273897,18.669767,18.222816,18.567608,6352927.5
2010-10-13,HSH-201408,18.631456,18.976248,18.580378,18.899628,6457704
2010-10-14,HSH-201408,18.899628,18.976248,18.708076,18.912397,4395843.5
2010-10-15,HSH-201408,18.963478,19.116718,18.746387,18.989017,5951361.5
2010-10-18,HSH-201408,19.078407,19.078407,18.631456,18.720846,4988168
2010-10-19,HSH-201408,18.529297,18.708076,18.363287,18.388826,3005868.8
2010-10-20,HSH-201408,18.439907,18.720846,18.439907,18.503757,3303049.2
2010-10-21,HSH-201408,18.567608,18.708076,18.439907,18.554836,2390055.2
2010-10-22,HSH-201408,18.542068,18.695307,18.452677,18.516527,2965148.5
2010-10-25,HSH-201408,18.554836,18.733618,18.478218,18.516527,2196159.8
2010-10-26,HSH-201408,18.439907,19.103949,18.184505,18.912397,7472330
2010-10-27,HSH-201408,18.733618,18.746387,18.490986,18.529297,4075715.2
2010-10-28,HSH-201408,18.593147,18.733618,18.490986,18.567608,1995768.4
2010-10-29,HSH-201408,18.529297,18.810236,18.299437,18.299437,4442159.5
2010-11-01,HSH-201408,18.337746,18.452677,18.146196,18.210047,3912680.2
2010-11-02,HSH-201408,18.337746,18.874086,18.337746,18.810236,5469138.5
2010-11-03,HSH-201408,18.797468,18.874086,18.490986,18.669767,3256769
2010-11-04,HSH-201408,18.746387,18.989017,18.720846,18.899628,2784021
2010-11-05,HSH-201408,18.874086,18.899628,18.644228,18.784697,2247686.8
2010-11-08,HSH-201408,18.708076,19.001787,18.682537,18.899628,2966312
2010-11-09,HSH-201408,18.963478,19.844608,18.925167,19.423199,12715173
2010-11-10,HSH-201408,19.346579,19.678598,19.269958,19.678598,6216044
2010-11-11,HSH-201408,19.525358,19.831839,19.474277,19.72968,4405553.5
2010-11-12,HSH-201408,19.601978,19.665829,19.448738,19.512589,5036797.5
2010-11-15,HSH-201408,19.512589,19.576439,19.155027,19.180569,5270783
2010-11-16,HSH-201408,19.065638,19.218878,18.708076,19.027327,5555818
2010-11-17,HSH-201408,19.065638,19.665829,19.027327,19.563667,7280255.5
2010-11-18,HSH-201408,19.653059,19.72968,19.461508,19.653059,5249796.5
2010-11-19,HSH-201408,19.601978,19.627518,19.295498,19.538128,3226542
2010-11-22,HSH-201408,19.576439,19.627518,19.23165,19.397657,4346744
2010-11-23,HSH-201408,19.269958,19.435968,19.194359,19.23165,3548077
2010-11-24,HSH-201408,19.346579,19.653059,19.308268,19.525358,3591302.5
2010-11-26,HSH-201408,19.474277,19.601978,19.384888,19.48705,961314.2
2010-11-29,HSH-201408,19.339077,19.467749,19.223274,19.403412,3598123.5
2010-11-30,HSH-201408,19.236141,19.570684,19.223274,19.300476,3770269.5
2010-12-01,HSH-201408,19.403412,19.80229,19.326212,19.71222,3561906.8
2010-12-02,HSH-201408,19.71222,19.725088,19.28761,19.506348,5083087
2010-12-03,HSH-201408,19.41628,19.622152,19.300476,19.609283,2567112.8
2010-12-06,HSH-201408,19.519217,19.982428,19.364813,19.905226,4623772
2010-12-07,HSH-201408,20.072496,20.419905,19.93096,20.214033,5936667
2010-12-08,HSH-201408,20.175432,20.65151,20.021029,20.05963,7747580.5
2010-12-09,HSH-201408,20.136831,20.445639,20.136831,20.381304,3780994.8
2010-12-10,HSH-201408,20.381304,20.690111,20.304102,20.587175,6196090.5
2010-12-13,HSH-201408,20.65151,20.664377,20.2269,20.445639,5009297
2010-12-14,HSH-201408,20.497107,20.986052,20.497107,20.921717,7209656.5
2010-12-15,HSH-201408,20.895983,21.050388,20.741581,20.78018,5159717
2010-12-16,HSH-201408,20.754446,21.166191,20.728712,21.088987,5365981.5
2010-12-17,HSH-201408,20.973185,22.671627,20.96032,22.208416,14803857
2010-12-20,HSH-201408,21.706604,22.800297,21.642267,22.761696,13412790
2010-12-21,HSH-201408,22.748829,22.761696,22.423937,22.555824,6179659
2010-12-22,HSH-201408,22.607292,22.697361,22.440022,22.517223,2920731
2010-12-23,HSH-201408,22.452888,22.607292,22.324219,22.542957,3154429.8
2010-12-27,HSH-201408,22.49149,22.62016,22.362818,22.53009,3190568.8
2010-12-28,HSH-201408,22.568691,22.671627,22.504356,22.581556,1782935.2
2010-12-29,HSH-201408,22.684492,22.697361,22.504356,22.504356,2712679
2010-12-30,HSH-201408,22.594425,22.633026,22.504356,22.542957,1519237.1
2010-12-31,HSH-201408,22.568691,22.607292,22.47862,22.53009,1706227.2
2011-01-03,HSH-201408,22.65876,22.65876,22.49149,22.49149,5416878.5
2011-01-04,HSH-201408,22.53009,22.555824,22.298485,22.40142,3916690.8
2011-01-05,HSH-201408,22.324219,22.542957,22.221283,22.465754,5182566
2011-01-06,HSH-201408,22.427155,22.607292,21.745203,22.465754,11616878
2011-01-07,HSH-201408,22.388554,22.49149,22.208416,22.427155,5009021.5
2011-01-10,HSH-201408,23.031902,23.443645,22.787428,23.430779,10311344
2011-01-11,HSH-201408,23.585182,23.610918,23.006166,23.173439,9854449
2011-01-12,HSH-201408,23.430779,23.595476,23.160572,23.392178,5648058.5
2011-01-13,HSH-201408,23.52085,23.649517,23.392178,23.585182,4809907
2011-01-14,HSH-201408,23.52085,23.662384,23.430779,23.610918,3021237.8
2011-01-18,HSH-201408,23.688118,23.700985,23.353577,23.417913,5191115
2011-01-19,HSH-201408,23.417913,23.662384,23.353577,23.507982,4288883.5
2011-01-20,HSH-201408,23.430779,23.59805,23.430779,23.507982,3923174
2011-01-21,HSH-201408,23.688118,24.215664,23.546581,24.061262,9065527
2011-01-24,HSH-201408,24.37007,24.563074,23.533716,23.623785,12970053
2011-01-25,HSH-201408,23.572315,26.068512,23.263508,25.270758,34109156
2011-01-26,HSH-201408,24.357203,24.897615,23.59805,23.829657,27900424
2011-01-27,HSH-201408,23.76532,23.881123,22.015411,22.697361,32782972
2011-01-28,HSH-201408,22.285618,22.542957,21.899609,22.092613,15226299
2011-01-31,HSH-201408,22.311352,22.337086,21.80954,21.835272,9819162
2011-02-01,HSH-201408,21.861006,22.182682,21.71947,22.118347,10221742
2011-02-02,HSH-201408,21.732336,22.002544,21.668003,21.861006,4217227.5
2011-02-03,HSH-201408,21.783806,21.938208,21.732336,21.822405,3990911.8
2011-02-04,HSH-201408,21.873875,21.912476,21.71947,21.899609,3452246.2
2011-02-07,HSH-201408,21.899609,22.002544,21.71947,21.770939,4338803
2011-02-08,HSH-201408,21.603668,22.349953,21.552198,22.066877,14362728
2011-02-09,HSH-201408,21.97681,21.97681,21.616533,21.75807,7184668
2011-02-10,HSH-201408,21.68087,21.912476,21.642267,21.873875,4414243.5
2011-02-11,HSH-201408,21.770939,21.97681,21.770939,21.873875,3460018.2
2011-02-14,HSH-201408,21.873875,21.912476,21.526464,21.539331,10259902
2011-02-15,HSH-201408,21.539331,21.822405,21.166191,21.732336,10110294
2011-02-16,HSH-201408,21.75807,21.899609,21.577934,21.835272,5100231.5
2011-02-17,HSH-201408,21.68087,22.221283,21.68087,21.822405,16018438
2011-02-18,HSH-201408,21.848139,21.899609,21.783806,21.886742,5011042
2011-02-22,HSH-201408,21.68087,22.182682,21.642267,21.873875,6403876.5
2011-02-23,HSH-201408,21.80954,22.169813,21.783806,21.873875,7294250
2011-02-24,HSH-201408,21.822405,22.14408,21.693737,21.835272,8367329.5
2011-02-25,HSH-201408,21.906525,22.346987,21.854706,22.204483,7850181
2011-02-28,HSH-201408,22.256304,22.321077,22.08789,22.178576,9837660
2011-03-01,HSH-201408,22.256304,22.398808,21.867659,21.880615,6730182.5
2011-03-02,HSH-201408,21.932434,22.139711,21.841751,22.010162,4759326
2011-03-03,HSH-201408,22.1138,22.230394,21.997208,22.152666,7484740.5
2011-03-04,HSH-201408,22.126757,22.178576,21.582655,21.802887,6365957.5
2011-03-07,HSH-201408,21.802887,21.867659,21.453106,21.556746,3707707
2011-03-08,HSH-201408,21.582655,21.958345,21.388334,21.932434,4151788.8
2011-03-09,HSH-201408,21.867659,22.049288,21.751068,22.010162,4750250
2011-03-10,HSH-201408,21.91948,22.010162,21.634476,21.712204,4227939
2011-03-11,HSH-201408,21.802887,22.230394,21.789932,22.08789,4588489.5
2011-03-14,HSH-201408,21.997208,22.334032,21.958345,22.036074,5966757.5
2011-03-15,HSH-201408,21.699247,21.958345,21.479017,21.867659,6665467.5
2011-03-16,HSH-201408,21.802887,22.074938,21.59561,21.738113,10199613
2011-03-17,HSH-201408,21.91948,21.945389,21.37538,21.59561,7443660.5
2011-03-18,HSH-201408,21.828796,22.191528,21.738113,21.997208,10292626
2011-03-21,HSH-201408,22.204483,22.385853,22.023117,22.359941,4664518
2011-03-22,HSH-201408,22.372898,22.657902,22.24335,22.657902,6180519.5
2011-03-23,HSH-201408,22.619036,22.929953,22.515398,22.826315,7292419
2011-03-24,HSH-201408,22.968815,23.189047,22.897564,23.059498,4318531
2011-03-25,HSH-201408,23.03359,23.318596,23.020636,23.111319,3779513.8
2011-03-28,HSH-201408,23.13723,23.292685,23.124273,23.163137,2605525.8
2011-03-29,HSH-201408,23.098364,23.253822,22.942905,23.214956,3045177.5
2011-03-30,HSH-201408,23.253822,23.253822,22.929953,22.929953,5857119
2011-03-31,HSH-201408,22.994726,23.098364,22.826315,22.891088,3276302.2
2011-04-01,HSH-201408,22.981771,23.292685,22.942905,23.189047,5091847.5
2011-04-04,HSH-201408,23.227913,23.409279,23.150185,23.35746,3133655.2
2011-04-05,HSH-201408,23.30564,23.629509,23.214956,23.35746,5722410.5
2011-04-06,HSH-201408,23.448143,23.707237,23.396322,23.564737,3230279.2
2011-04-07,HSH-201408,23.512917,23.772013,23.461098,23.746103,3233321.2
2011-04-08,HSH-201408,23.784967,23.966333,23.68133,23.772013,3398732.8
2011-04-11,HSH-201408,23.733147,23.966333,23.6036,23.901562,3412525.5
2011-04-12,HSH-201408,23.862696,23.901562,23.707237,23.810875,2909274.8
2011-04-13,HSH-201408,23.823832,23.87565,23.668375,23.784967,2960916
2011-04-14,HSH-201408,23.733147,23.901562,23.642464,23.797922,4431191
2011-04-15,HSH-201408,23.888605,24.154179,23.862696,24.0052,3801501.8
2011-04-18,HSH-201408,23.823832,24.0052,23.564737,23.784967,8239776.5
2011-04-19,HSH-201408,23.836786,24.1477,23.797922,24.121792,4083253.5
2011-04-20,HSH-201408,24.290203,24.49748,24.19952,24.419752,4000801.2
2011-04-21,HSH-201408,24.49748,24.49748,24.121792,24.32907,2519691
2011-04-25,HSH-201408,24.22543,24.419752,23.992245,24.121792,1864872.2
2011-04-26,HSH-201408,24.186565,24.639982,24.186565,24.562252,4554305
2011-04-27,HSH-201408,24.652939,24.989763,24.47157,24.976807,4890713
2011-04-28,HSH-201408,24.899076,24.963852,24.678846,24.821348,4328181.5
2011-04-29,HSH-201408,24.769531,24.931465,24.691801,24.873169,2047325.4
2011-05-02,HSH-201408,25.002714,25.01567,24.71771,25.002714,2892613
2011-05-03,HSH-201408,24.873169,25.093401,24.627028,24.963852,5561764
2011-05-04,HSH-201408,25.002714,25.132263,24.756577,24.795439,2946810
2011-05-05,HSH-201408,24.639982,25.572725,24.22543,24.976807,6303243.5
2011-05-06,HSH-201408,25.106354,25.378405,24.782484,24.976807,3940449
2011-05-09,HSH-201408,24.924988,25.002714,24.575207,24.601118,11372850
2011-05-10,HSH-201408,24.575207,24.730665,24.39384,24.52339,6951037
2011-05-11,HSH-201408,24.5493,24.743622,24.39384,24.47157,7892875.5
2011-05-12,HSH-201408,24.614073,24.691801,24.432707,24.52339,6531068
2011-05-13,HSH-201408,24.562252,25.248856,24.562252,24.950897,7214153
2011-05-16,HSH-201408,25.04158,25.2359,24.976807,25.01567,6307672
2011-05-17,HSH-201408,24.963852,25.248856,24.795439,25.17113,6962120
2011-05-18,HSH-201408,25.197039,25.352495,25.06749,25.339539,8131899.5
2011-05-19,HSH-201408,25.326584,25.6375,25.261812,25.469088,4797852.5
2011-05-20,HSH-201408,25.36545,25.650454,25.24238,25.39136,3019929
2011-05-23,HSH-201408,25.222946,25.533861,25.132263,25.41727,3242224.5
2011-05-24,HSH-201408,25.404314,25.469088,25.222946,25.248856,3461658
2011-05-25,HSH-201408,25.080446,25.2359,24.976807,25.080446,3192722.2
2011-05-26,HSH-201408,25.01567,25.209991,24.937943,25.158173,4089766
2011-05-27,HSH-201408,25.295008,25.555647,25.09953,25.334105,2656472
2011-05-31,HSH-201408,25.412296,25.51655,25.229849,25.477455,4231985
2011-06-01,HSH-201408,25.451393,25.490486,25.086496,25.112562,4433106
2011-06-02,HSH-201408,25.09953,25.125593,24.69554,24.721601,5257772
2011-06-03,HSH-201408,24.51309,24.721601,24.356709,24.421867,3818462.5
2011-06-06,HSH-201408,24.369741,24.630379,24.304579,24.4349,2310936.5
2011-06-07,HSH-201408,24.473997,24.760698,24.421867,24.4349,3960575
2011-06-08,HSH-201408,24.395803,24.4349,24.265486,24.356709,2195220.8
2011-06-09,HSH-201408,24.343676,24.747665,24.23942,24.604313,2328585.5
2011-06-10,HSH-201408,24.552187,24.591284,24.16123,24.17426,3011599.2
2011-06-13,HSH-201408,24.356709,24.473997,24.122133,24.356709,2964484.2
2011-06-14,HSH-201408,24.51309,24.98224,24.278515,24.917082,5241120.5
2011-06-15,HSH-201408,24.799795,25.034369,24.421867,24.447931,4699144.5
2011-06-16,HSH-201408,24.4349,24.851921,24.343676,24.773731,4585117
2011-06-17,HSH-201408,24.851921,25.177721,24.747665,24.799795,6343948.5
2011-06-20,HSH-201408,24.760698,25.034369,24.69554,25.008307,3659085
2011-06-21,HSH-201408,25.09953,25.177721,24.864954,24.90405,3560558
2011-06-22,HSH-201408,24.799795,24.90405,24.604313,24.617346,2510369.5
2011-06-23,HSH-201408,24.421867,24.56522,24.122133,24.539156,4467329.5
2011-06-24,HSH-201408,24.552187,24.69554,24.213356,24.23942,4265134
2011-06-27,HSH-201408,24.304579,24.617346,24.265486,24.526123,2755996.5
2011-06-28,HSH-201408,24.57825,24.760698,24.487028,24.56522,1921278.6
2011-06-29,HSH-201408,24.630379,24.747665,24.50006,24.656443,2175269.8
2011-06-30,HSH-201408,24.747665,24.851921,24.630379,24.747665,2366338.8
2011-07-01,HSH-201408,24.891018,25.242882,24.721601,25.177721,3497175.2
2011-07-05,HSH-201408,25.086496,25.177721,24.96921,25.09953,2377081.5
2011-07-06,HSH-201408,25.086496,25.347137,25.021338,25.321072,2523107.2
2011-07-07,HSH-201408,25.451393,25.71203,25.399263,25.646872,4017665.5
2011-07-08,HSH-201408,25.477455,25.646872,25.3732,25.56868,3053112.5
2011-07-11,HSH-201408,25.295008,25.529583,25.086496,25.38623,3567694.2
2011-07-12,HSH-201408,25.321072,25.56868,25.164688,25.229849,2604139
2011-07-13,HSH-201408,25.295008,25.412296,25.112562,25.321072,3802962.2
2011-07-14,HSH-201408,25.321072,25.698997,25.242882,25.412296,5929582.5
2011-07-15,HSH-201408,25.399263,25.477455,25.125593,25.412296,2477143.5
2011-07-18,HSH-201408,25.295008,25.321072,24.864954,25.229849,3014054.8
2011-07-19,HSH-201408,25.295008,25.646872,25.203785,25.529583,2581732.5
2011-07-20,HSH-201408,25.542616,25.594742,25.242882,25.281975,2034001.6
2011-07-21,HSH-201408,25.412296,25.698997,25.3732,25.672935,2398490.5
2011-07-22,HSH-201408,25.659903,25.672935,25.464424,25.529583,1166057.6
2011-07-25,HSH-201408,25.281975,25.672935,25.177721,25.38623,2400869.2
2011-07-26,HSH-201408,25.43836,25.71203,25.295008,25.51655,3789533.8
2011-07-27,HSH-201408,25.347137,25.607775,25.190752,25.30804,4051351.8
2011-07-28,HSH-201408,25.347137,25.399263,25.034369,25.060432,2499319.8
2011-07-29,HSH-201408,24.956177,25.112562,24.708569,24.90405,2647877.8
2011-08-01,HSH-201408,25.021338,25.034369,24.591284,24.943144,4804271
2011-08-02,HSH-201408,24.447931,25.203785,24.38277,24.90405,5536011
2011-08-03,HSH-201408,24.864954,24.96921,24.604313,24.812828,4351537
2011-08-04,HSH-201408,24.552187,24.708569,23.809366,23.835432,6448077.5
2011-08-05,HSH-201408,24.056973,24.343676,23.535694,24.09607,7188872.5
2011-08-08,HSH-201408,23.70511,23.926655,22.323723,22.323723,8896752
2011-08-09,HSH-201408,22.49314,23.327183,22.206438,23.314152,9723720
2011-08-10,HSH-201408,22.96229,23.327183,22.519205,22.558298,7665854
2011-08-11,HSH-201408,21.03356,22.532236,20.759892,22.271597,12736163
2011-08-12,HSH-201408,22.28463,22.89713,22.08915,22.64952,4429883
2011-08-15,HSH-201408,22.610428,23.496601,22.597395,23.392345,7095640
2011-08-16,HSH-201408,23.10564,23.574791,22.884098,23.431438,4879854.5
2011-08-17,HSH-201408,23.652983,24.09607,23.652983,23.796335,6997113
2011-08-18,HSH-201408,23.379313,23.69208,22.41495,22.936226,9284875
2011-08-19,HSH-201408,22.792873,23.209896,22.441011,22.480108,4929194.5
2011-08-22,HSH-201408,22.923195,22.97532,22.349787,22.41495,2869256.8
2011-08-23,HSH-201408,22.49314,23.131704,22.336756,23.079576,5363358.5
2011-08-24,HSH-201408,22.949259,23.092607,22.714684,23.027449,2723691.2
2011-08-25,HSH-201408,23.066545,23.183834,22.584364,22.610428,3264055.8
2011-08-26,HSH-201408,22.467075,22.96229,22.154308,22.884098,2958038.5
2011-08-29,HSH-201408,23.066545,23.70511,23.014418,23.69208,4128700.2
2011-08-30,HSH-201408,23.574791,23.783302,23.314152,23.652983,2818305
2011-08-31,HSH-201408,23.835432,24.070004,23.418407,23.509632,7750876
2011-09-01,HSH-201408,23.54242,23.68669,23.371916,23.437496,3301423.8
2011-09-02,HSH-201408,23.148952,23.385033,22.991568,23.017796,3708421.2
2011-09-06,HSH-201408,22.532522,23.12272,22.243979,22.991568,4313733
2011-09-07,HSH-201408,23.227644,23.42438,23.1883,23.280107,3717265.8
2011-09-08,HSH-201408,23.266993,23.476841,23.12272,23.266993,3165402
2011-09-09,HSH-201408,23.017796,23.07026,22.519405,22.650562,4662860.5
2011-09-12,HSH-201408,22.50629,22.637445,22.191517,22.519405,3236081.5
2011-09-13,HSH-201408,22.519405,22.637445,22.139053,22.584982,4448611
2011-09-14,HSH-201408,22.689907,23.044027,22.348906,22.86041,3770866.2
2011-09-15,HSH-201408,23.1883,23.201416,22.755486,22.965336,2500847.5
2011-09-16,HSH-201408,23.148952,23.201416,22.847296,22.952219,6152466
2011-09-19,HSH-201408,22.558754,22.755486,22.217749,22.584982,6281549.5
2011-09-20,HSH-201408,22.729256,23.3588,22.637445,22.899755,6666207
2011-09-21,HSH-201408,23.004683,23.004683,22.427597,22.440714,2668511
2011-09-22,HSH-201408,21.968554,22.217749,21.680012,22.112825,5393748.5
2011-09-23,HSH-201408,22.03413,22.480059,21.850513,22.427597,3527415
2011-09-26,HSH-201408,22.440714,23.083376,22.335789,23.030912,3869299
2011-09-27,HSH-201408,23.266993,23.581766,22.821064,22.899755,3926406.8
2011-09-28,HSH-201408,22.873528,22.97845,22.230865,22.257093,3422120
2011-09-29,HSH-201408,22.545637,22.650562,21.850513,22.086594,5274958.5
2011-09-30,HSH-201408,21.942322,22.165285,21.430815,21.443932,5168825
2011-10-03,HSH-201408,21.365238,21.53574,20.801268,20.958654,6520273.5
2011-10-04,HSH-201408,20.748806,21.312775,20.538958,21.234083,4727211.5
2011-10-05,HSH-201408,21.273428,21.339006,20.919308,21.247198,3450712
2011-10-06,HSH-201408,21.168503,21.719357,21.089811,21.627548,3616393.2
2011-10-07,HSH-201408,21.798052,21.955437,21.430815,21.575087,2945129.2
2011-10-10,HSH-201408,21.902975,22.03413,21.784935,21.91609,3816003.5
2011-10-11,HSH-201408,22.335789,22.703024,22.060362,22.676794,3762403
2011-10-12,HSH-201408,22.755486,23.266993,22.689907,23.083376,4662327
2011-10-13,HSH-201408,22.97845,23.135836,22.821064,22.965336,3199560
2011-10-14,HSH-201408,23.148952,23.293224,23.030912,23.293224,2890918.8
2011-10-17,HSH-201408,23.044027,23.293224,22.834179,22.873528,3198035
2011-10-18,HSH-201408,22.847296,23.437496,22.584982,23.21453,3879439.8
2011-10-19,HSH-201408,23.227644,23.30634,22.663677,22.689907,3512470.8
2011-10-20,HSH-201408,22.768602,22.834179,22.335789,22.637445,3673577.2
2011-10-21,HSH-201408,22.899755,23.30634,22.899755,23.30634,4269129.5
2011-10-24,HSH-201408,23.345684,23.3588,23.09649,23.148952,3329710.8
2011-10-25,HSH-201408,23.017796,23.135836,22.716139,22.768602,4002728.5
2011-10-26,HSH-201408,23.057144,23.201416,22.86041,23.09649,3572704.8
2011-10-27,HSH-201408,23.503073,23.883423,23.345684,23.712921,3500805.2
2011-10-28,HSH-201408,23.699806,24.027695,23.555534,23.830961,3286860.8
2011-10-31,HSH-201408,23.555534,23.66046,23.30634,23.345684,3133531.5
2011-11-01,HSH-201408,22.873528,23.030912,22.598099,22.807947,3607701.2
2011-11-02,HSH-201408,22.965336,23.162067,22.74237,23.09649,3142528.2
2011-11-03,HSH-201408,23.21453,24.683472,23.057144,24.526087,6920638
2011-11-04,HSH-201408,23.87031,24.381815,23.699806,24.290007,5782676
2011-11-07,HSH-201408,24.171967,24.39493,24.15885,24.39493,2247255.5
2011-11-08,HSH-201408,24.526087,24.631012,24.250658,24.60478,2443739.8
2011-11-09,HSH-201408,24.198198,24.290007,23.98835,24.080158,4746883
2011-11-10,HSH-201408,24.355583,24.355583,23.935886,24.237543,2321899.8
2011-11-11,HSH-201408,24.5392,24.945784,24.473623,24.591663,2556430.2
2011-11-14,HSH-201408,24.355583,24.499855,24.224426,24.473623,2589063.2
2011-11-15,HSH-201408,24.408047,24.447392,23.975233,24.329351,2015393.4
2011-11-16,HSH-201408,24.093273,24.27689,23.87031,23.909655,2326245.8
2011-11-17,HSH-201408,23.830961,24.080158,23.621113,23.87031,3216715
2011-11-18,HSH-201408,23.87031,23.975233,23.712921,23.791615,3093655
2011-11-21,HSH-201408,23.607998,23.66046,23.201416,23.280107,3111649
2011-11-22,HSH-201408,23.293224,23.621113,23.135836,23.45061,2174822.5
2011-11-23,HSH-201408,23.293224,23.463724,23.109608,23.227644,2601262.5
2011-11-25,HSH-201408,23.148952,23.463724,23.148952,23.266993,678507.4
2011-11-28,HSH-201408,23.673574,23.98835,23.56865,23.896538,3852830
2011-11-29,HSH-201408,24.061525,24.325502,23.969133,24.246311,2786376.5
2011-11-30,HSH-201408,24.774265,25.209827,24.681873,25.025042,5760648
2011-12-01,HSH-201408,25.064638,25.38141,24.959047,25.130634,2873278
2011-12-02,HSH-201408,25.236225,25.434208,24.972248,24.972248,2512034.8
2011-12-05,HSH-201408,25.289019,25.289019,24.58948,24.787464,4024059
2011-12-06,HSH-201408,24.866657,25.183428,24.734667,24.998646,3546593.5
2011-12-07,HSH-201408,24.945848,25.15703,24.774265,24.998646,2730083.8
2011-12-08,HSH-201408,24.893055,24.93265,24.549885,24.58948,2536506.5
2011-12-09,HSH-201408,24.721468,25.05144,24.681873,24.866657,2163444
2011-12-12,HSH-201408,24.734667,24.879856,24.351902,24.483889,3303845.5
2011-12-13,HSH-201408,24.510286,24.668674,24.101122,24.180315,2733720.5
2011-12-14,HSH-201408,24.167116,24.378298,24.14072,24.193514,2476274
2011-12-15,HSH-201408,24.417894,24.549885,24.259508,24.285906,2448696
2011-12-16,HSH-201408,24.365099,24.734667,24.233112,24.312304,3775174
2011-12-19,HSH-201408,24.325502,24.483889,24.193514,24.246311,5890204.5
2011-12-20,HSH-201408,24.470692,24.81386,24.417894,24.70827,2905856.5
2011-12-21,HSH-201408,24.774265,24.879856,24.629076,24.734667,3062082.2
2011-12-22,HSH-201408,24.774265,24.945848,24.563084,24.866657,2914114.8
2011-12-23,HSH-201408,24.879856,24.959047,24.81386,24.906254,2423769.5
2011-12-27,HSH-201408,24.800663,25.091038,24.800663,24.959047,1707419.9
2011-12-28,HSH-201408,24.998646,25.03824,24.774265,24.972248,1902285.2
2011-12-29,HSH-201408,24.959047,25.143831,24.893055,25.077839,2148367
2011-12-30,HSH-201408,25.05144,25.183428,24.91945,24.972248,2088892.2
2012-01-03,HSH-201408,25.170229,25.209827,24.800663,24.800663,3546745.2
2012-01-04,HSH-201408,24.774265,25.104237,24.563084,24.91945,3240203.5
2012-01-05,HSH-201408,24.761066,25.025042,24.642275,24.906254,2707506.2
2012-01-06,HSH-201408,24.893055,25.104237,24.747866,24.945848,4162328.5
2012-01-09,HSH-201408,25.011845,25.05144,24.91945,24.972248,3084811.5
2012-01-10,HSH-201408,25.15703,25.183428,24.93265,24.959047,3353774
2012-01-11,HSH-201408,24.893055,25.196629,24.827059,25.077839,3472951
2012-01-12,HSH-201408,25.130634,25.209827,24.998646,25.03824,1636050.1
2012-01-13,HSH-201408,24.985447,25.341816,24.985447,25.143831,3230884.5
2012-01-17,HSH-201408,25.328617,25.341816,25.05144,25.05144,2419299.5
2012-01-18,HSH-201408,25.03824,25.434208,24.945848,25.40781,4978990
2012-01-19,HSH-201408,25.473803,25.658588,25.355013,25.605791,4863601
2012-01-20,HSH-201408,25.566196,25.64539,25.196629,25.39461,3282101
2012-01-23,HSH-201408,25.315418,25.5266,25.26262,25.328617,1776819.9
2012-01-24,HSH-201408,25.209827,25.289019,25.05144,25.117435,2126547
2012-01-25,HSH-201408,25.011845,25.39461,24.972248,25.289019,2196477.2
2012-01-26,HSH-201408,25.368212,25.513401,25.209827,25.30222,2527869.5
2012-01-27,HSH-201408,25.26262,25.328617,25.091038,25.170229,2338535
2012-01-30,HSH-201408,25.011845,25.130634,24.840258,25.077839,1968124.2
2012-01-31,HSH-201408,25.104237,25.30222,24.985447,25.27582,3451737
2012-02-01,HSH-201408,25.355013,25.487001,25.064638,25.104237,4388408.5
2012-02-02,HSH-201408,25.40781,26.344927,25.26262,26.199741,11604637
2012-02-03,HSH-201408,26.305332,26.701298,26.041355,26.397724,4906862.5
2012-02-06,HSH-201408,26.265736,26.410923,26.226141,26.318531,3032382.5
2012-02-07,HSH-201408,26.318531,26.410923,26.133745,26.146946,3324680.5
2012-02-08,HSH-201408,26.173344,26.424122,26.10735,26.384525,4323933.5
2012-02-09,HSH-201408,26.331732,26.410923,26.146946,26.358128,2454075.2
2012-02-10,HSH-201408,26.160145,26.278934,26.028154,26.133745,2062829.4
2012-02-13,HSH-201408,26.569307,26.608906,26.265736,26.450521,2589768.8
2012-02-14,HSH-201408,26.331732,26.754093,26.331732,26.727695,3863060.2
2012-02-15,HSH-201408,26.767294,26.965275,26.661703,26.714497,2867671.5
2012-02-16,HSH-201408,26.727695,26.872885,26.648502,26.740894,3863515
2012-02-17,HSH-201408,26.780493,26.820087,26.635303,26.780493,3202245.8
2012-02-21,HSH-201408,26.780493,26.79369,26.503315,26.569307,2270271.5
2012-02-22,HSH-201408,26.595707,26.727695,26.503315,26.635303,3392868.2
2012-02-23,HSH-201408,26.582508,26.79369,26.503315,26.79369,1959790.1
2012-02-24,HSH-201408,26.79369,26.820087,26.622105,26.754093,4688055.5
2012-02-27,HSH-201408,26.595707,26.806889,26.490116,26.674898,3387186
2012-02-28,HSH-201408,26.827555,27.000122,26.72136,26.761183,3088050
2012-02-29,HSH-201408,26.774458,27.305433,26.548794,26.880653,6926567
2012-03-01,HSH-201408,26.893929,27.398354,26.84083,27.066494,4876756.5
2012-03-02,HSH-201408,28.194818,29.256771,27.969152,28.978008,17141570
2012-03-05,HSH-201408,28.938183,29.004557,28.168268,28.194818,8291827
2012-03-06,HSH-201408,28.022253,28.393934,27.504549,27.570923,10330790
2012-03-07,HSH-201408,27.823133,28.38066,27.770039,28.301014,7892637.5
2012-03-08,HSH-201408,28.194818,29.057653,28.075348,28.858538,15251616
2012-03-09,HSH-201408,28.739069,28.858538,28.101898,28.38066,8386746.5
2012-03-12,HSH-201408,28.473581,28.486855,28.075348,28.221367,6237119.5
2012-03-13,HSH-201408,28.447033,28.792168,28.314287,28.593052,7216674.5
2012-03-14,HSH-201408,28.473581,28.672697,28.234642,28.407207,4320347
2012-03-15,HSH-201408,28.486855,28.486855,27.862959,28.221367,8159919
2012-03-16,HSH-201408,28.261192,28.553228,28.247917,28.393934,6105211.5
2012-03-19,HSH-201408,28.274464,28.632874,28.234642,28.553228,4959698
2012-03-20,HSH-201408,28.367386,28.685972,28.287739,28.672697,4766619.5
2012-03-21,HSH-201408,28.725794,29.017832,28.672697,28.951458,4796527
2012-03-22,HSH-201408,28.699247,28.765617,28.393934,28.685972,2754852.2
2012-03-23,HSH-201408,28.646149,28.646149,28.407207,28.473581,2647578
2012-03-26,HSH-201408,28.752342,28.80544,28.539953,28.646149,2864160.2
2012-03-27,HSH-201408,28.672697,28.911636,28.593052,28.699247,4079884
2012-03-28,HSH-201408,28.659422,28.778893,28.221367,28.473581,4238610.5
2012-03-29,HSH-201408,28.447033,28.539953,28.208094,28.447033,5158276
2012-03-30,HSH-201408,28.672697,28.672697,28.513403,28.579777,3293483
2012-04-02,HSH-201408,28.579777,29.044378,28.539953,28.951458,5681388
2012-04-03,HSH-201408,28.938183,28.938183,28.659422,28.911636,4849862.5
2012-04-04,HSH-201408,28.778893,28.871813,28.619598,28.672697,3452887.8
2012-04-05,HSH-201408,28.566502,28.659422,28.38066,28.553228,5901662
2012-04-09,HSH-201408,28.38066,28.38066,28.008978,28.101898,4967231.5
2012-04-10,HSH-201408,28.035526,28.367386,27.862959,27.862959,6130222
2012-04-11,HSH-201408,28.221367,28.407207,28.0488,28.168268,4110394
2012-04-12,HSH-201408,28.194818,28.354113,27.982428,28.287739,3030043.5
2012-04-13,HSH-201408,28.739069,28.83199,28.407207,28.539953,4470787
2012-04-16,HSH-201408,28.685972,28.739069,28.367386,28.593052,2807585.2
2012-04-17,HSH-201408,28.672697,28.83199,28.420483,28.752342,3696288.5
2012-04-18,HSH-201408,28.646149,28.871813,28.526678,28.778893,4555461.5
2012-04-19,HSH-201408,28.725794,28.83199,28.553228,28.778893,3704123.2
2012-04-20,HSH-201408,28.83199,28.991283,28.712519,28.792168,5112699.5
2012-04-23,HSH-201408,28.539953,28.593052,28.168268,28.433758,4363211.5
2012-04-24,HSH-201408,28.513403,28.911636,28.447033,28.818714,4873969
2012-04-25,HSH-201408,28.924911,29.057653,28.818714,29.031107,4136007.2
2012-04-26,HSH-201408,29.017832,29.283318,28.911636,29.203672,3816595.2
2012-04-27,HSH-201408,29.349691,29.349691,29.070929,29.243496,3603327.5
2012-04-30,HSH-201408,29.177124,29.362967,29.057653,29.256771,2989891
2012-05-01,HSH-201408,29.216948,29.376238,28.964733,29.243496,5126485.5
2012-05-02,HSH-201408,29.163849,29.668278,29.017832,29.628452,10468423
2012-05-03,HSH-201408,29.216948,29.628452,28.739069,29.362967,15183816
2012-05-04,HSH-201408,28.991283,29.230223,28.924911,29.150574,7888946
2012-05-07,HSH-201408,29.004557,29.216948,29.004557,29.216948,7159421.5
2012-05-08,HSH-201408,29.017832,29.097477,28.818714,29.084204,7091471
2012-05-09,HSH-201408,28.818714,29.057653,28.646149,28.712519,8200071.5
2012-05-10,HSH-201408,28.978008,29.017832,28.659422,29.004557,9705526
2012-05-11,HSH-201408,28.991283,28.991283,28.38066,28.433758,10839363
2012-05-14,HSH-201408,28.301014,28.38066,28.062075,28.168268,5283856
2012-05-15,HSH-201408,28.194818,28.247917,27.902782,28.008978,4052689
2012-05-16,HSH-201408,28.0488,28.234642,27.889507,28.088623,6859747
2012-05-17,HSH-201408,28.168268,28.234642,27.531097,27.610744,7808264.5
2012-05-18,HSH-201408,27.690392,27.982428,27.358532,27.411629,5907161
2012-05-21,HSH-201408,27.478003,27.730213,27.411629,27.663843,3926280.2
2012-05-22,HSH-201408,27.809862,28.101898,27.557648,27.663843,5201215.5
2012-05-23,HSH-201408,27.570923,27.823133,27.159414,27.398354,6715032
2012-05-24,HSH-201408,27.424904,27.677118,27.305433,27.650568,9875025
2012-05-25,HSH-201408,27.756763,28.327562,27.62402,28.128447,10543681
2012-05-29,HSH-201408,28.247917,28.539953,28.154995,28.513403,8791134
2012-05-30,HSH-201408,28.500128,28.500128,27.862959,27.942604,6256103.5
2012-05-31,HSH-201408,28.022253,28.035526,27.637293,27.743488,7605844.5
2012-06-01,HSH-201408,27.823133,27.876232,27.093044,27.132868,11195612
2012-06-04,HSH-201408,27.185965,27.371807,26.880653,27.132868,8073964
2012-06-05,HSH-201408,27.066494,27.517824,26.880653,27.252337,9213601
2012-06-06,HSH-201408,27.265612,27.385078,26.787733,27.278885,12792596
2012-06-07,HSH-201408,27.278885,27.451452,26.880653,26.933752,8981199
2012-06-08,HSH-201408,26.933752,27.026672,26.588617,26.72136,12834858
2012-06-11,HSH-201408,26.867378,26.880653,25.831974,25.84525,14100227
2012-06-12,HSH-201408,25.8718,25.951445,25.261177,25.261177,23216874
2012-06-13,HSH-201408,25.42047,25.699232,25.115158,25.194805,16678724
2012-06-14,HSH-201408,25.327549,25.51339,25.154984,25.300999,9258801
2012-06-15,HSH-201408,25.274452,25.367373,24.876219,25.08861,8843942
2012-06-18,HSH-201408,25.048788,25.208078,24.716928,24.7302,11940204
2012-06-19,HSH-201408,24.743475,24.916042,24.2125,24.703653,17846762
2012-06-20,HSH-201408,24.650555,25.672684,24.650555,25.526665,16941034
2012-06-21,HSH-201408,25.51339,25.63286,25.300999,25.500114,11413325
2012-06-22,HSH-201408,25.539938,25.606312,25.42047,25.460293,11598719
2012-06-25,HSH-201408,25.287725,25.380648,24.99569,25.035513,12334798
2012-06-26,HSH-201408,25.08861,25.101883,24.862944,24.929317,14015251
2012-06-27,HSH-201408,24.96914,25.128433,24.54436,24.7302,25286498
2012-06-28,HSH-201408,24.624004,25.128433,24.345243,24.557634,139997920
2012-06-29,HSH-201408,27.482891,28.544006,26.581907,27.965216,8783734
2012-07-02,HSH-201408,27.916985,28.69835,27.54077,28.69835,4366970.5
2012-07-03,HSH-201408,29.228909,29.354313,28.389664,28.929867,6674956.5
2012-07-05,HSH-201408,28.843048,29.315727,28.679058,28.679058,4250762.5
2012-07-06,HSH-201408,27.965216,28.78517,27.695114,28.515066,3607835.2
2012-07-09,HSH-201408,28.158148,28.158148,27.59865,27.752995,6605398
2012-07-10,HSH-201408,27.299606,27.656528,27.135616,27.415365,3995644.2
2012-07-11,HSH-201408,27.280315,27.299606,26.96198,27.010212,2635980.8
2012-07-12,HSH-201408,26.952333,27.174204,26.286724,26.585766,3035814.8
2012-07-13,HSH-201408,26.595413,26.875162,26.527887,26.759403,1774425.1
2012-07-16,HSH-201408,26.315664,26.653292,26.286724,26.296371,2038354.9
2012-07-17,HSH-201408,26.605059,26.605059,25.543943,25.630762,4297619
2012-07-18,HSH-201408,25.659702,26.006975,25.61147,25.756168,4114029
2012-07-19,HSH-201408,25.678995,25.99733,25.283487,25.312428,3623177.8
2012-07-20,HSH-201408,25.206316,25.650055,24.897627,25.457125,4122115
2012-07-23,HSH-201408,24.646818,25.283487,24.646818,25.177378,2822265.8
2012-07-24,HSH-201408,25.225609,25.746521,24.579292,24.685406,2705850.5
2012-07-25,HSH-201408,24.936214,24.936214,24.154848,24.56,3931994.2
2012-07-26,HSH-201408,24.598587,24.873318,24.347776,24.444242,3151137.2
2012-07-27,HSH-201408,24.357424,24.78187,24.000502,24.637173,3211215
2012-07-30,HSH-201408,24.637173,24.72399,24.415302,24.598587,3273724.8
2012-07-31,HSH-201408,24.473183,24.849396,23.479591,24.704699,3148912.8
2012-08-01,HSH-201408,24.916922,25.225609,23.547117,24.270605,2985537.5
2012-08-02,HSH-201408,24.241665,24.328484,23.450651,23.595348,3247705
2012-08-03,HSH-201408,24.482828,25.090559,23.508532,24.531061,4168971.2
2012-08-06,HSH-201408,24.521414,24.791517,24.367071,24.376717,2474160.5
2012-08-07,HSH-201408,24.376717,24.61788,24.11626,24.347776,2160575.2
2012-08-08,HSH-201408,24.42495,24.569647,24.125908,24.270605,4026951
2012-08-09,HSH-201408,24.444242,25.929804,23.749695,24.839748,5590108
2012-08-10,HSH-201408,24.868689,24.868689,24.029442,24.42495,2491057.8
2012-08-13,HSH-201408,24.260958,24.579292,23.942623,23.990858,1641112.6
2012-08-14,HSH-201408,24.154848,24.608232,24.019796,24.550354,2562793.5
2012-08-15,HSH-201408,24.45389,25.023033,24.42495,24.849396,2154459.2
2012-08-16,HSH-201408,24.666111,24.936214,24.569647,24.598587,1214636.9
2012-08-17,HSH-201408,24.550354,24.704699,24.299545,24.656466,1238272.4
2012-08-20,HSH-201408,24.521414,24.955507,24.45389,24.878336,1078007
2012-08-21,HSH-201408,24.936214,25.148438,24.72399,24.955507,959207.56
2012-08-22,HSH-201408,25.042324,25.042324,24.550354,24.714346,942310.25
2012-08-23,HSH-201408,24.521414,25.100204,24.511768,24.936214,1678639.1
2012-08-24,HSH-201408,24.984446,25.19667,24.887981,25.1195,930181.5
2012-08-27,HSH-201408,25.177378,25.225609,24.994093,25.1195,784221.9
2012-08-28,HSH-201408,24.154848,25.437834,24.154848,25.109852,770227.2
2012-08-29,HSH-201408,25.129143,25.36066,25.03268,25.148438,1253614.8
2012-08-30,HSH-201408,25.114511,25.318066,24.91096,25.056355,2023939
2012-08-31,HSH-201408,25.153284,25.4053,25.056355,25.269598,1151555
2012-09-04,HSH-201408,25.221134,25.57008,25.046661,25.473152,1590532.5
2012-09-05,HSH-201408,25.521616,25.928722,25.318066,25.618547,1924691.9
2012-09-06,HSH-201408,25.676704,26.103195,25.53131,25.812405,1495309
2012-09-07,HSH-201408,25.783327,25.79302,25.36653,25.59916,1222018.4
2012-09-10,HSH-201408,25.589466,25.802713,25.395609,25.521616,976583.06
2012-09-11,HSH-201408,25.541002,25.667011,25.095125,25.095125,1698033
2012-09-12,HSH-201408,25.104818,25.259905,24.74618,24.74618,1305608.8
2012-09-13,HSH-201408,24.755873,25.76394,24.736486,25.676704,1871457.5
2012-09-14,HSH-201408,25.608854,26.258284,25.608854,26.219511,3188699.5
2012-09-17,HSH-201408,25.938416,26.374598,25.822098,26.238897,1437638.4
2012-09-18,HSH-201408,26.103195,26.364906,25.977186,26.267977,1544004
2012-09-19,HSH-201408,26.20982,26.393984,26.074116,26.20982,1853919
2012-09-20,HSH-201408,26.103195,26.423063,26.103195,26.287363,1353556.9
2012-09-21,HSH-201408,26.461834,26.558765,26.122581,26.500608,1764000.4
2012-09-24,HSH-201408,25.938416,26.510302,25.938416,26.171045,2701852.2
2012-09-25,HSH-201408,26.171045,26.31644,25.76394,25.773634,3097190
2012-09-26,HSH-201408,25.773634,25.948109,25.482845,25.579773,2618802.5
2012-09-27,HSH-201408,25.686398,26.112888,25.492537,25.996572,1013517
2012-09-28,HSH-201408,25.822098,26.025652,25.734861,25.957802,1089345.1
2012-10-01,HSH-201408,25.880257,26.05473,25.76394,25.948109,1829384.8
2012-10-02,HSH-201408,25.744555,26.306747,25.744555,26.083809,1118644.6
2012-10-03,HSH-201408,26.064423,26.171045,25.473152,25.50223,1406172.2
2012-10-04,HSH-201408,25.541002,25.62824,25.376223,25.53131,1432067.4
2012-10-05,HSH-201408,25.69609,26.05473,25.550695,25.57008,882184.8
2012-10-08,HSH-201408,25.444073,25.86087,25.444073,25.715477,772930.5
2012-10-09,HSH-201408,25.773634,25.899643,25.279291,25.414993,1332510.8
2012-10-10,HSH-201408,25.463459,25.463459,25.192055,25.259905,1017643.7
2012-10-11,HSH-201408,25.444073,26.180738,25.424686,25.686398,1537091.8
2012-10-12,HSH-201408,25.79302,25.812405,25.473152,25.521616,685341.4
2012-10-15,HSH-201408,25.618547,25.686398,25.43438,25.637934,631900.6
2012-10-16,HSH-201408,25.686398,25.996572,25.53131,25.996572,921285.3
2012-10-17,HSH-201408,26.045038,26.297054,25.977186,26.24859,1429797.6
2012-10-18,HSH-201408,26.355213,26.490915,26.064423,26.461834,1734348
2012-10-19,HSH-201408,26.41337,26.432756,25.705784,25.754248,778501.56
2012-10-22,HSH-201408,25.667011,25.948109,25.172668,25.482845,1277109.9
2012-10-23,HSH-201408,25.279291,25.473152,25.017582,25.43438,1649338
2012-10-24,HSH-201408,25.424686,25.463459,24.969116,25.201748,1001859.06
2012-10-25,HSH-201408,25.318066,25.376223,24.629862,24.91096,3615709.5
2012-10-26,HSH-201408,25.066048,25.066048,24.193678,24.697712,2422578
2012-10-31,HSH-201408,24.765564,25.259905,24.52324,25.211441,1624577.8
2012-11-01,HSH-201408,25.977186,26.655695,25.91903,26.655695,4287329.5
2012-11-02,HSH-201408,26.77201,26.96587,26.05473,26.34552,2445687.5
2012-11-05,HSH-201408,26.364906,26.616922,26.161352,26.53938,1308988.5
2012-11-06,HSH-201408,26.636309,26.86894,26.374598,26.80109,1327765
2012-11-07,HSH-201408,26.568459,26.733238,25.851177,26.025652,1379967.8
2012-11-08,HSH-201408,25.98688,26.24859,25.424686,25.511923,1171569.5
2012-11-09,HSH-201408,25.33745,25.618547,25.24052,25.36653,658621
2012-11-12,HSH-201408,25.376223,25.657318,25.250212,25.395609,907254.5
2012-11-13,HSH-201408,25.347143,25.657318,25.211441,25.541002,1200224.2
2012-11-14,HSH-201408,25.637934,25.637934,25.356836,25.482845,1323638.4
2012-11-15,HSH-201408,25.288984,25.76394,25.24052,25.62824,1859750
2012-11-16,HSH-201408,25.62824,25.98688,25.250212,25.957802,1346025.6
2012-11-19,HSH-201408,26.083809,26.258284,25.870564,26.064423,1186735.1
2012-11-20,HSH-201408,26.045038,26.122581,25.773634,25.996572,802745.9
2012-11-21,HSH-201408,25.870564,26.31644,25.76394,26.306747,648820.06
2012-11-23,HSH-201408,25.928722,26.626616,25.783327,26.529688,281647.12
2012-11-26,HSH-201408,26.180738,26.549072,26.180738,26.529688,710204.7
2012-11-27,HSH-201408,26.41337,27.38267,26.122581,26.578152,2354693.8
2012-11-28,HSH-201408,26.490915,26.99495,26.355213,26.96587,819871.7
2012-11-29,HSH-201408,26.941528,27.223892,26.941528,27.155735,1061752.9
2012-11-30,HSH-201408,27.145998,27.189814,26.81495,27.116789,1015785.75
2012-12-03,HSH-201408,27.107052,27.253103,26.980474,27.184946,963670.7
2012-12-04,HSH-201408,27.243366,27.292051,26.941528,27.02916,981438.44
2012-12-05,HSH-201408,27.155735,27.253103,26.863634,27.194683,749430.4
2012-12-06,HSH-201408,27.097317,27.749676,26.941528,27.554941,2420628.2
2012-12-07,HSH-201408,27.506258,27.613363,27.048634,27.360209,1472363.1
2012-12-10,HSH-201408,27.311523,27.369946,27.077843,27.126526,1019541.6
2012-12-11,HSH-201408,27.243366,27.613363,27.145998,27.59389,1427547.2
2012-12-12,HSH-201408,27.584152,27.76915,27.408892,27.515995,837858.44
2012-12-13,HSH-201408,27.399155,27.876253,27.399155,27.691257,1568288.5
2012-12-14,HSH-201408,27.175209,27.71073,27.175209,27.6231,888183.3
2012-12-17,HSH-201408,27.59389,27.983358,27.408892,27.847044,1287930.5
2012-12-18,HSH-201408,27.720467,27.905464,27.418629,27.65231,1339916.1
2012-12-19,HSH-201408,27.515995,27.76915,27.46731,27.477047,896339.06
2012-12-20,HSH-201408,27.554941,27.778887,27.389418,27.71073,984725
2012-12-21,HSH-201408,27.477047,27.647442,27.223892,27.496521,2223379.2
2012-12-24,HSH-201408,27.292051,27.46731,27.272577,27.399155,175726.38
2012-12-26,HSH-201408,27.399155,27.399155,27.116789,27.155735,919610.7
2012-12-27,HSH-201408,27.194683,27.214157,26.707848,27.02916,786711.9
2012-12-28,HSH-201408,26.912317,27.009686,26.6689,26.766268,641488.56
2012-12-31,HSH-201408,26.688374,27.428364,26.581268,27.399155,1043779.75
2013-01-02,HSH-201408,27.944412,28.5773,27.847044,28.567562,2091693.2
2013-01-03,HSH-201408,28.518879,28.567562,27.301788,27.847044,3155782.8
2013-01-04,HSH-201408,27.944412,28.470194,27.856781,28.402037,1784583
2013-01-07,HSH-201408,28.402037,28.518879,28.236513,28.499405,1257530.1
2013-01-08,HSH-201408,28.489668,28.625982,28.178093,28.314407,1041212.1
2013-01-09,HSH-201408,28.431248,28.918085,28.42151,28.703876,3444997
2013-01-10,HSH-201408,28.820717,28.966768,28.42151,28.509142,1920871
2013-01-11,HSH-201408,28.528614,28.859663,28.42151,28.801243,1711765.9
2013-01-14,HSH-201408,28.72335,29.034925,28.528614,29.034925,1257917.4
2013-01-15,HSH-201408,28.898611,29.268606,28.772032,29.210186,1616251.2
2013-01-16,HSH-201408,29.132292,29.297817,28.966768,29.268606,1218068.2
2013-01-17,HSH-201408,29.385447,29.46334,29.190712,29.317291,921128.7
2013-01-18,HSH-201408,29.356237,29.40492,29.190712,29.219923,1402358.1
2013-01-22,HSH-201408,29.385447,29.697021,29.28808,29.40492,1241792.9
2013-01-23,HSH-201408,29.492552,29.88202,29.424393,29.79439,1773285.5
2013-01-24,HSH-201408,29.891758,30.105965,29.784653,29.784653,1915838.5
2013-01-25,HSH-201408,30.037807,30.047544,29.784653,29.969652,1270858
2013-01-28,HSH-201408,29.969652,30.174122,29.658075,29.774916,1556683
2013-01-29,HSH-201408,29.706758,29.891758,29.628866,29.697021,1148640.4
2013-01-30,HSH-201408,29.64834,29.823599,29.414656,29.46334,1270344.5
2013-01-31,HSH-201408,31.157532,31.167267,29.64834,30.164385,4745125.5
2013-02-01,HSH-201408,30.41754,30.904377,30.261753,30.719378,3089128
2013-02-04,HSH-201408,30.719378,30.962797,30.573328,30.89464,1903514.1
2013-02-05,HSH-201408,30.904377,31.254898,30.797272,30.982271,1578661.6
2013-02-06,HSH-201408,30.923851,31.40095,30.904377,31.235428,1986088
2013-02-07,HSH-201408,31.274372,31.410685,31.079638,31.362001,1863151.4
2013-02-08,HSH-201408,31.37174,31.527529,31.284111,31.410685,785582.1
2013-02-11,HSH-201408,31.430159,31.459372,31.332792,31.362001,871134.5
2013-02-12,HSH-201408,31.449633,31.576212,31.323055,31.430159,962130.1
2013-02-13,HSH-201408,31.40095,31.605421,31.235428,31.37174,1155727
2013-02-14,HSH-201408,31.469107,31.731998,31.352266,31.439898,1753771.8
2013-02-15,HSH-201408,31.51779,31.644367,31.147795,31.274372,1481267.5
2013-02-19,HSH-201408,31.37174,31.469107,31.313223,31.459372,1775154.8
2013-02-20,HSH-201408,31.469107,31.731998,31.19648,31.712524,2392039.5
2013-02-21,HSH-201408,31.624895,31.970549,31.556738,31.683315,3945105.2
2013-02-22,HSH-201408,31.916996,31.955944,31.605421,31.829365,1232446.8
2013-02-25,HSH-201408,32.384357,32.520676,31.51779,31.537264,1736392.2
2013-02-26,HSH-201408,31.576212,31.751472,31.332792,31.449633,1867465
2013-02-27,HSH-201408,31.552265,31.94325,31.444746,31.933474,1300403.8
2013-02-28,HSH-201408,31.913927,32.060543,31.650013,31.669563,1191460.8
2013-03-01,HSH-201408,31.591366,31.9628,31.27858,31.913927,1683554.8
2013-03-04,HSH-201408,31.913927,32.011673,31.698887,32.0019,897589.6
2013-03-05,HSH-201408,32.15829,32.383106,32.03122,32.295135,1054063.2
2013-03-06,HSH-201408,32.39288,32.52972,32.13874,32.256035,613020.2
2013-03-07,HSH-201408,32.334232,32.959805,32.13874,32.705666,1262768.4
2013-03-08,HSH-201408,32.754536,32.959805,32.64702,32.852283,880244.56
2013-03-11,HSH-201408,32.764313,32.920704,32.4613,32.5004,832160.56
2013-03-12,HSH-201408,32.39288,32.744762,32.324455,32.62747,747962.4
2013-03-13,HSH-201408,32.61769,33.067326,32.559048,33.028225,651385.06
2013-03-14,HSH-201408,33.106422,33.32146,33.018448,33.194393,652919.7
2013-03-15,HSH-201408,33.0771,33.174843,32.930477,33.00868,1085555.1
2013-03-18,HSH-201408,32.764313,33.106422,32.71544,33.00868,786429.56
2013-03-19,HSH-201408,33.038,33.32146,32.803413,33.14552,682690.9
2013-03-20,HSH-201408,33.262814,33.477856,33.047775,33.458305,658444.25
2013-03-21,HSH-201408,33.301914,33.507175,32.813183,33.00868,1503543.5
2013-03-22,HSH-201408,33.194393,33.507175,33.155293,33.32146,1382944.6
2013-03-25,HSH-201408,33.48763,33.79064,33.155293,33.477856,622739.25
2013-03-26,HSH-201408,33.604923,33.76132,33.536503,33.722218,383035.28
2013-03-27,HSH-201408,33.624474,33.995907,33.477856,33.995907,635527.56
2013-03-28,HSH-201408,33.95681,34.396664,33.82974,34.357567,745826.2
2013-04-01,HSH-201408,34.181625,34.298916,33.653797,33.741768,784692.44
2013-04-02,HSH-201408,33.947033,34.181625,32.842506,33.047775,2080299
2013-04-03,HSH-201408,33.086872,33.311687,32.7952,32.871834,1911069.9
2013-04-04,HSH-201408,32.940254,33.0771,32.37333,32.56882,1826374.5
2013-04-05,HSH-201408,32.28536,32.666565,31.659786,32.451527,1380166
2013-04-08,HSH-201408,32.471077,33.155293,32.4613,33.155293,819372.25
2013-04-09,HSH-201408,33.194393,33.80042,33.0771,33.66357,2013288.4
2013-04-10,HSH-201408,33.673347,34.30869,33.673347,34.20117,1077746.1
2013-04-11,HSH-201408,34.162075,34.582382,34.02523,34.45531,773538.94
2013-04-12,HSH-201408,34.396664,34.748547,34.357567,34.56283,1153095.9
2013-04-15,HSH-201408,34.572605,34.689903,33.927483,34.00568,1640790.6
2013-04-16,HSH-201408,34.269596,34.377113,34.04478,34.250046,1301951.8
2013-04-17,HSH-201408,34.1132,34.210945,33.79064,33.91771,1330597.5
2013-04-18,HSH-201408,33.927483,34.250046,33.927483,34.035004,804230.9
2013-04-19,HSH-201408,34.30869,34.30869,33.907932,33.927483,1274840.5
2013-04-22,HSH-201408,33.986134,34.38689,33.84929,34.1914,802491.7
2013-04-23,HSH-201408,34.269596,34.816967,34.269596,34.816967,775648.5
2013-04-24,HSH-201408,34.816967,34.99291,34.338017,34.41621,790828.75
2013-04-25,HSH-201408,34.396664,34.856068,34.396664,34.856068,1040456.44
2013-04-26,HSH-201408,34.856068,35.090656,34.719223,34.856068,1124040.8
2013-04-29,HSH-201408,34.99291,35.07111,34.641026,34.728996,1169874.1
2013-04-30,HSH-201408,34.904938,35.10043,34.728996,35.10043,2163218.5
2013-05-01,HSH-201408,35.2275,35.364346,34.768097,34.768097,1686419.2
2013-05-02,HSH-201408,34.377113,34.377113,32.519947,33.986134,5271071
2013-05-03,HSH-201408,34.162075,34.592155,34.103424,34.122974,1771129
2013-05-06,HSH-201408,34.064327,34.20117,33.73199,33.81996,1572756.9
2013-05-07,HSH-201408,33.927483,34.484634,33.859062,34.289146,988689.4
2013-05-08,HSH-201408,34.289146,34.606815,34.17185,34.25982,734000.56
2013-05-09,HSH-201408,34.34779,34.53351,34.162075,34.230495,679723.94
2013-05-10,HSH-201408,34.30869,34.53351,34.27937,34.396664,366785.97
2013-05-13,HSH-201408,34.445538,35.090656,34.357567,34.95381,652203.5
2013-05-14,HSH-201408,34.94404,35.65758,34.924488,35.35457,1347478.1
2013-05-15,HSH-201408,35.35457,35.931267,35.276375,35.82375,1470220.2
2013-05-16,HSH-201408,35.853073,36.439545,35.765102,35.941044,1400989.5
2013-05-17,HSH-201408,36.156086,36.156086,35.432766,35.774876,1564094.5
2013-05-20,HSH-201408,35.70645,35.813972,35.11998,35.168854,1128030.8
2013-05-21,HSH-201408,35.2666,35.422993,34.875618,35.2275,1069306.9
2013-05-22,HSH-201408,35.17863,35.46209,34.621475,34.680126,908378.8
2013-05-23,HSH-201408,34.592155,34.807194,34.24027,34.680126,993190.9
2013-05-24,HSH-201408,34.60193,34.660576,34.30869,34.611702,592865.8
2013-05-28,HSH-201408,34.807194,35.002686,34.406437,34.60193,895662.1
2013-05-29,HSH-201408,34.797417,35.07111,34.04478,34.30869,1451932.9
2013-05-30,HSH-201408,34.43131,34.529404,34.127216,34.401882,678628.56
2013-05-31,HSH-201408,34.22531,34.558834,33.960453,33.980072,1184600.9
2013-06-03,HSH-201408,33.950645,34.235123,33.430744,34.18607,1730096.1
2013-06-04,HSH-201408,34.137024,34.4215,33.86236,34.117405,1413696.4
2013-06-05,HSH-201408,34.07817,34.107597,33.352264,33.391506,1488864.4
2013-06-06,HSH-201408,33.391506,33.519024,32.950077,33.136456,1027018.75
2013-06-07,HSH-201408,33.293407,34.274357,33.293407,34.254738,2365872.2
2013-06-10,HSH-201408,34.2155,34.235123,33.165886,33.254173,1416485.5
2013-06-11,HSH-201408,32.999123,33.352264,32.802933,33.116837,1251339.2
2013-06-12,HSH-201408,33.20512,33.420933,32.82255,32.89122,702788.8
2013-06-13,HSH-201408,32.753887,32.88141,32.175125,32.49884,1730863.8
2013-06-14,HSH-201408,32.400745,32.636173,32.096653,32.56751,1093634.9
2013-06-17,HSH-201408,32.72446,32.989315,32.48903,32.547886,1132984.5
2013-06-18,HSH-201408,32.439983,32.94027,32.08684,32.90103,1680844.8
2013-06-19,HSH-201408,32.959885,33.67598,32.74408,32.753887,1506398.4
2013-06-20,HSH-201408,32.64598,32.68522,31.498272,31.674843,1632228.6
2013-06-21,HSH-201408,31.792557,31.975014,31.35113,31.880842,1397260.2
2013-06-24,HSH-201408,31.566938,31.92008,31.14513,31.615986,1159285.6
2013-06-25,HSH-201408,31.792557,32.243793,31.645412,32.096653,1945666.9
2013-06-26,HSH-201408,32.32227,32.48903,32.10646,32.165318,2966617
2013-06-27,HSH-201408,32.371315,32.77841,32.30265,32.34189,1137417
2013-06-28,HSH-201408,32.233986,32.64598,32.155506,32.449795,1766237.6
2013-07-01,HSH-201408,32.56751,32.783314,32.449795,32.51846,1597025
2013-07-02,HSH-201408,32.538074,32.74408,32.165318,32.224174,1064124.6
2013-07-03,HSH-201408,32.165318,32.30265,31.963732,32.1457,703213.94
2013-07-05,HSH-201408,32.233986,32.528267,32.077034,32.390938,632550.75
2013-07-08,HSH-201408,32.439983,32.56751,32.332077,32.400745,1508029.5
2013-07-09,HSH-201408,32.420364,32.979504,32.371315,32.88141,1944483.4
2013-07-10,HSH-201408,32.950077,33.02855,32.73427,32.950077,682604.3
2013-07-11,HSH-201408,33.26398,33.60731,33.26398,33.568077,1556101.2
2013-07-12,HSH-201408,33.617123,33.734837,33.391506,33.67598,590055.1
2013-07-15,HSH-201408,33.64655,34.029118,33.63674,33.970264,880953.06
2013-07-16,HSH-201408,34.05855,34.28417,33.744648,33.852547,912177.94
2013-07-17,HSH-201408,33.989883,34.05855,33.764263,34.03893,664996.9
2013-07-18,HSH-201408,34.029118,34.235123,33.911407,34.0095,907488.56
2013-07-19,HSH-201408,34.029118,34.17626,33.950645,34.07817,669453.75
2013-07-22,HSH-201408,34.08798,34.35774,33.99969,34.303787,427919.3
2013-07-23,HSH-201408,34.293976,34.470547,34.137024,34.323406,769051.2
2013-07-24,HSH-201408,34.44112,34.48036,34.0095,34.137024,1285999.6
2013-07-25,HSH-201408,34.08798,34.60788,33.9016,34.46074,490239.56
2013-07-26,HSH-201408,34.117405,34.46074,34.029118,34.401882,443855.9
2013-07-29,HSH-201408,34.313595,34.6275,34.26455,34.401882,374943.03
2013-07-30,HSH-201408,34.529404,34.80407,34.235123,34.26455,629390.5
2013-07-31,HSH-201408,34.28417,34.76483,34.28417,34.53921,661343.25
2013-08-01,HSH-201408,34.833496,35.32397,34.81388,35.078735,1231300.5
2013-08-02,HSH-201408,34.98064,35.078735,34.137024,34.333214,1175290.5
2013-08-05,HSH-201408,34.048737,34.107597,33.558266,33.82312,1241451.9
2013-08-06,HSH-201408,33.66617,33.881977,33.379536,33.66617,1016406.56
2013-08-07,HSH-201408,33.63674,33.66617,33.165886,33.185505,1156684
2013-08-08,HSH-201408,33.21493,33.45036,32.51846,33.293407,2112444.2
2013-08-09,HSH-201408,33.254173,33.293407,32.08684,32.12608,1795302.4
2013-08-12,HSH-201408,31.871035,32.959885,31.831795,32.92065,1327286.1
2013-08-13,HSH-201408,33.008934,33.04817,32.508648,32.528267,1223509.1
2013-08-14,HSH-201408,32.47922,32.67541,32.155506,32.175125,830318.44
2013-08-15,HSH-201408,31.880842,32.224174,31.704271,32.12608,1620165.8
2013-08-16,HSH-201408,32.018173,32.28303,31.939701,32.165318,991896.6
2013-08-19,HSH-201408,32.077034,32.194744,31.880842,31.988747,582904.94
2013-08-20,HSH-201408,31.949509,32.28303,31.929888,32.224174,897804.06
2013-08-21,HSH-201408,32.135887,32.135887,31.763128,31.929888,1049799.8
2013-08-22,HSH-201408,31.978935,32.08684,31.841602,31.861223,651919.75
2013-08-23,HSH-201408,31.89065,32.28303,31.851416,32.28303,676589.75
2013-08-26,HSH-201408,32.233986,32.390938,31.821983,31.900461,1006066.56
2013-08-27,HSH-201408,31.674843,32.077034,31.645412,31.772938,1380296
2013-08-28,HSH-201408,31.74351,31.851416,31.625797,31.753317,1204955.6
2013-08-29,HSH-201408,31.777979,32.379612,31.630035,31.935783,1707119.8
2013-08-30,HSH-201408,31.96537,32.142902,31.797705,31.866743,1245081.1
2013-09-03,HSH-201408,31.975231,32.290844,31.176346,31.344013,2024980.5
2013-09-04,HSH-201408,31.235523,31.600447,31.15662,31.54127,1528975.9
2013-09-05,HSH-201408,31.531406,31.560995,30.890324,30.97909,1564766.9
2013-09-06,HSH-201408,31.107307,31.304562,30.762108,30.97909,978422.9
2013-09-09,HSH-201408,30.97909,31.590582,30.97909,31.15662,808491.6
2013-09-10,HSH-201408,31.205933,31.58072,31.038265,31.136894,1559900.1
2013-09-11,HSH-201408,31.146757,31.33415,31.127031,31.146757,932290
2013-09-12,HSH-201408,31.097445,31.422916,31.097445,31.255249,700408.8
2013-09-13,HSH-201408,31.353876,31.44264,31.127031,31.22566,630550.44
2013-09-16,HSH-201408,31.630035,31.866743,31.383465,31.44264,617572.44
2013-09-17,HSH-201408,31.353876,31.590582,31.284836,31.373602,702132.5
2013-09-18,HSH-201408,31.43278,31.866743,31.067854,31.708939,2706733.5
2013-09-19,HSH-201408,31.807566,31.96537,31.58072,31.630035,658433
2013-09-20,HSH-201408,31.620173,31.6399,31.205933,31.521544,1024657.2
2013-09-23,HSH-201408,31.413054,31.44264,30.919912,31.205933,969804.6
2013-09-24,HSH-201408,31.176346,31.284836,30.870598,30.88046,1070181.8
2013-09-25,HSH-201408,30.860737,30.969227,30.436636,30.436636,1489027.9
2013-09-26,HSH-201408,30.446499,30.722656,30.24924,30.545124,1012186.06
2013-09-27,HSH-201408,30.446499,30.564852,30.20979,30.436636,905826.94
2013-09-30,HSH-201408,30.121025,30.505674,30.1013,30.318281,1557365.4
2013-10-01,HSH-201408,30.298555,30.69307,30.27883,30.515537,1399296.9
2013-10-02,HSH-201408,30.338007,30.446499,30.121025,30.407045,752828
2013-10-03,HSH-201408,30.318281,30.426773,30.091436,30.199928,1375875.5
2013-10-04,HSH-201408,30.17034,30.604303,30.17034,30.45636,568296.4
2013-10-07,HSH-201408,30.328144,30.535261,30.150614,30.338007,510807.72
2013-10-08,HSH-201408,30.288692,30.38732,29.982944,30.012533,1200671.9
2013-10-09,HSH-201408,29.992807,30.436636,29.933632,30.357733,1917100.5
2013-10-10,HSH-201408,30.59444,31.43278,30.5254,31.265112,1889116.6
2013-10-11,HSH-201408,31.22566,31.994957,31.176346,31.975231,1836190.5
2013-10-14,HSH-201408,31.945644,31.96537,31.462366,31.462366,3013846.8
2013-10-15,HSH-201408,31.413054,31.560995,31.097445,31.127031,980349.3
2013-10-16,HSH-201408,31.235523,31.54127,31.146757,31.344013,811127.8
2013-10-17,HSH-201408,31.205933,31.89633,31.166483,31.856878,826640.6
2013-10-18,HSH-201408,32.044273,32.044273,31.235523,31.314425,1006508.2
2013-10-21,HSH-201408,31.40319,31.40319,31.018541,31.146757,768036.6
2013-10-22,HSH-201408,31.19607,31.768114,31.166483,31.560995,1371617.1
2013-10-23,HSH-201408,31.472229,31.935783,31.284836,31.916058,1355800.1
2013-10-24,HSH-201408,32.014683,32.13304,31.58072,31.758251,843167.3
2013-10-25,HSH-201408,31.827291,31.985096,31.699074,31.96537,455955.22
2013-10-28,HSH-201408,31.925919,32.231667,31.758251,31.89633,996876.06
2013-10-29,HSH-201408,31.945644,32.350018,31.886469,32.340157,1952181.8
2013-10-30,HSH-201408,32.438786,32.45851,31.7188,31.827291,1915174.1
2013-10-31,HSH-201408,31.807566,33.454655,31.7188,32.379612,3950597.8
2013-11-01,HSH-201408,32.350018,32.65577,31.491955,31.817427,2600273
2013-11-04,HSH-201408,31.847017,32.07386,31.521544,31.708939,1405380.2
2013-11-05,HSH-201408,31.669487,32.428925,31.44264,31.975231,1893273.6
2013-11-06,HSH-201408,32.123177,32.468372,32.024548,32.21194,1835075.2
2013-11-07,HSH-201408,32.20208,32.399334,31.551132,31.551132,1426266.9
2013-11-08,HSH-201408,31.610308,31.886469,31.482092,31.610308,1022832.1
2013-11-11,HSH-201408,31.620173,31.659622,31.40319,31.511683,794195.5
2013-11-12,HSH-201408,31.472229,31.797705,31.265112,31.7188,797034.44
2013-11-13,HSH-201408,31.600447,32.192215,31.54127,32.192215,1130914.9
2013-11-14,HSH-201408,32.142902,32.59659,31.827291,32.557137,991705.1
2013-11-15,HSH-201408,32.547276,32.567,32.16263,32.231667,1101410.1
2013-11-18,HSH-201408,32.32043,32.52755,32.21194,32.28098,1519343.8
2013-11-19,HSH-201408,32.192215,32.290844,31.916058,32.03441,787706.44
2013-11-20,HSH-201408,31.985096,32.507824,31.837152,32.21194,981160.44
2013-11-21,HSH-201408,32.88261,33.484245,32.793846,33.395477,1609277.5
2013-11-22,HSH-201408,33.385612,33.385612,32.507824,33.29685,1876645.5
2013-11-25,HSH-201408,33.3363,33.356026,32.97138,33.01083,806565.2
2013-11-26,HSH-201408,33.070004,33.65191,32.922066,33.3363,805551.25
2013-11-27,HSH-201408,33.261944,33.47014,33.05375,33.21237,692344.4
2013-11-29,HSH-201408,33.27186,33.311512,33.01409,33.133057,315206.3
2013-12-02,HSH-201408,33.182632,33.460228,32.815807,32.815807,2384170.2
2013-12-03,HSH-201408,32.706753,33.123146,32.60761,33.073574,1202827.4
2013-12-04,HSH-201408,32.885204,33.142975,32.736496,32.815807,810962.8
2013-12-05,HSH-201408,32.736496,32.82572,32.280445,32.379585,1064237.4
2013-12-06,HSH-201408,32.56795,32.82572,32.46881,32.50847,992319.94
2013-12-09,HSH-201408,32.4589,33.03392,32.4589,32.94469,708987.25
2013-12-10,HSH-201408,32.84555,32.86538,32.43907,32.4589,363924.62
2013-12-11,HSH-201408,32.3201,32.518383,32.12182,32.280445,821553.75
2013-12-12,HSH-201408,32.20113,32.27053,31.973106,32.17139,790587.9
2013-12-13,HSH-201408,32.21105,32.369675,32.10199,32.240788,682056.06
2013-12-16,HSH-201408,32.31019,32.617527,32.230873,32.29036,641104.44
2013-12-17,HSH-201408,32.240788,32.3895,31.784739,31.81448,908802.9
2013-12-18,HSH-201408,31.824392,32.56795,31.754993,32.53821,730370.9
2013-12-19,HSH-201408,32.60761,32.716667,32.300274,32.3895,1202524.8
2013-12-20,HSH-201408,32.399414,32.746407,32.2507,32.736496,1307223.6
2013-12-23,HSH-201408,32.786064,33.024006,32.746407,32.94469,1133128.9
2013-12-24,HSH-201408,32.86538,33.192543,32.86538,33.004177,586535.94
2013-12-26,HSH-201408,32.93478,33.103317,32.86538,33.043835,777374.44
2013-12-27,HSH-201408,33.182632,33.242115,32.96452,33.05375,368766.2
2013-12-30,HSH-201408,32.994263,33.291687,32.994263,33.123146,464387.16
2013-12-31,HSH-201408,33.133057,33.410656,32.93478,33.152885,625772.8
2014-01-02,HSH-201408,33.06366,33.291687,33.004177,33.093403,1014006.1
2014-01-03,HSH-201408,33.06366,33.390827,33.024006,33.20246,588855.8
2014-01-06,HSH-201408,33.311512,33.529625,32.96452,33.489967,1973443.8
2014-01-07,HSH-201408,33.648594,33.737823,33.133057,33.142975,1551924.6
2014-01-08,HSH-201408,33.073574,33.08349,32.448982,32.756325,1198288.4
2014-01-09,HSH-201408,32.795982,32.855465,32.429153,32.805893,2481606.8
2014-01-10,HSH-201408,32.94469,33.648594,32.766235,33.618855,1865214.5
2014-01-13,HSH-201408,33.539543,34.10465,33.539543,33.787395,2295105.5
2014-01-14,HSH-201408,33.906364,34.263275,33.836964,34.23353,1918169.1
2014-01-15,HSH-201408,34.20379,34.382244,33.886536,33.985676,1324774.4
2014-01-16,HSH-201408,33.876617,34.372326,33.856792,34.223618,1210594
2014-01-17,HSH-201408,34.10465,34.649925,34.025333,34.293015,2484834.5
2014-01-21,HSH-201408,34.322758,34.511127,33.70808,34.005505,2144613.2
2014-01-22,HSH-201408,34.09473,34.46155,34.055073,34.154217,963472.25
2014-01-23,HSH-201408,33.936104,34.11456,33.60894,34.0749,1057075.9
2014-01-24,HSH-201408,33.886536,34.025333,33.549454,33.569283,1309846.1
2014-01-27,HSH-201408,33.80722,33.955933,33.371,33.69817,1070390.2
2014-01-28,HSH-201408,33.787395,33.926193,33.60894,33.876617,1239139.1
2014-01-29,HSH-201408,33.717995,33.787395,33.123146,33.20246,1397397.9
2014-01-30,HSH-201408,35.04649,36.087475,34.709408,35.433144,5966628.5
2014-01-31,HSH-201408,35.383568,36.07756,35.21503,35.31417,3311330.8
2014-02-03,HSH-201408,35.373657,35.413315,34.80855,34.85812,2266863
2014-02-04,HSH-201408,35.036575,35.04649,34.649925,34.798634,1527817.6
2014-02-05,HSH-201408,34.798634,35.21503,34.699493,35.1258,1055462
2014-02-06,HSH-201408,35.175373,35.35383,35.06632,35.1258,902347.44
2014-02-07,HSH-201408,35.21503,35.57194,35.006836,35.135715,738843.6
2014-02-10,HSH-201408,35.185287,35.562023,34.996918,35.48271,917679.06
2014-02-11,HSH-201408,35.403397,35.750397,35.324085,35.631424,1148359.6
2014-02-12,HSH-201408,35.661167,35.74048,35.433144,35.64134,971541.5
2014-02-13,HSH-201408,35.512455,35.70082,35.324085,35.59177,923327.56
2014-02-14,HSH-201408,35.62151,35.730568,35.472797,35.651253,1530137.6
2014-02-18,HSH-201408,35.64134,35.948673,35.59177,35.780136,1066759
2014-02-19,HSH-201408,35.88919,36.037903,35.680996,35.790047,1957406
2014-02-20,HSH-201408,35.809875,36.474125,35.77022,36.33533,1780991.4
2014-02-21,HSH-201408,36.493954,36.523697,36.09739,36.19653,1242770.2
2014-02-24,HSH-201408,36.34524,36.76164,36.285755,36.50387,1124353.5
2014-02-25,HSH-201408,36.48404,36.89052,36.394814,36.791378,1097825.8
2014-02-26,HSH-201408,36.831036,36.999577,36.65258,36.801292,1387109.5
2014-02-27,HSH-201408,36.68674,37.1848,36.66682,37.174835,809548.94
2014-02-28,HSH-201408,37.174835,37.86215,37.174835,37.40394,1978094.2
2014-03-03,HSH-201408,37.164875,37.473667,36.895924,37.334213,1058015.4
2014-03-04,HSH-201408,37.354134,37.60316,37.30433,37.443787,1401150.1
2014-03-05,HSH-201408,37.473667,37.52347,37.204716,37.374058,584071.9
2014-03-06,HSH-201408,37.50355,37.563316,37.12503,37.423862,1266426.1
2014-03-07,HSH-201408,37.52347,37.543396,37.14495,37.413902,767485.3
2014-03-10,HSH-201408,37.413902,37.413902,36.975613,37.14495,1103684
2014-03-11,HSH-201408,37.14495,37.204716,36.76643,36.8262,901305.9
2014-03-12,HSH-201408,36.73655,37.334213,36.567207,37.174835,817981.75
2014-03-13,HSH-201408,37.274445,37.344173,36.746506,36.86604,531868.8
2014-03-14,HSH-201408,36.746506,37.393982,36.68674,37.025417,654345.25
2014-03-17,HSH-201408,37.21468,37.423862,36.73655,37.12503,807741.9
2014-03-18,HSH-201408,37.22464,37.74262,37.115067,37.682854,846392.25
2014-03-19,HSH-201408,37.553356,37.593204,36.746506,36.995533,899800
2014-03-20,HSH-201408,36.885963,37.413902,36.6967,37.364094,692895.2
2014-03-21,HSH-201408,37.324253,37.692814,37.234604,37.553356,1192036.8
2014-03-24,HSH-201408,37.64301,37.802383,37.105106,37.22464,511991.5
2014-03-25,HSH-201408,37.354134,37.652966,37.06526,37.15491,704038.5
2014-03-26,HSH-201408,37.28441,37.30433,36.83616,36.84612,562989.9
2014-03-27,HSH-201408,36.85608,36.965652,36.57717,36.636932,698316.25
2014-03-28,HSH-201408,36.77639,37.03538,36.59709,36.84612,978807.3
2014-03-31,HSH-201408,37.015457,37.24456,36.79631,37.115067,805834.5
2014-04-01,HSH-201408,37.105106,37.254524,36.68674,36.935772,1102588.8
2014-04-02,HSH-201408,37.0553,37.0553,36.77639,36.975613,1205087.5
2014-04-03,HSH-201408,36.95569,36.965652,36.77639,36.905884,1426047
2014-04-04,HSH-201408,37.085186,37.085186,36.328144,36.39787,668901.9
2014-04-07,HSH-201408,36.3381,36.447674,35.830086,35.85001,1108001.9
2014-04-08,HSH-201408,35.840046,35.87989,35.40176,35.50137,1265815.8
2014-04-09,HSH-201408,35.521294,35.740437,35.441605,35.56114,1612786.4
2014-04-10,HSH-201408,35.50137,35.91974,35.04316,35.05312,1059671.9
2014-04-11,HSH-201408,35.162693,35.441605,34.62479,34.833977,898596.3
2014-04-14,HSH-201408,35.01328,35.182613,34.724403,35.083004,950552.4
2014-04-15,HSH-201408,35.122845,35.182613,34.460434,34.824013,678471.06
2014-04-16,HSH-201408,35.033195,35.610943,35.01328,35.56114,665028.8
2014-04-17,HSH-201408,35.5711,35.999424,35.41172,35.969543,768343.7
2014-04-21,HSH-201408,35.989464,36.079113,35.62588,35.710552,470256.2
2014-04-22,HSH-201408,35.511333,35.969543,35.41182,35.780277,476899
2014-04-23,HSH-201408,35.810165,35.95958,35.710552,35.810165,425261.16
2014-04-24,HSH-201408,35.969543,35.969543,35.53125,35.77032,543167.75
2014-04-25,HSH-201408,35.700592,35.79024,35.40674,35.481445,415292.38
2014-04-28,HSH-201408,35.50137,35.929695,35.33203,35.610943,620445.4
2014-04-29,HSH-201408,35.69063,35.69063,35.17763,35.222458,595623.8
2014-04-30,HSH-201408,35.212498,35.56114,35.152832,35.511333,632467.1
2014-05-01,HSH-201408,35.49141,35.5711,35.192577,35.451565,509380.34
2014-05-02,HSH-201408,35.511333,35.541214,35.292187,35.441605,732134.8
2014-05-05,HSH-201408,35.222458,35.466507,34.863857,35.162693,1119995.5
2014-05-06,HSH-201408,35.660748,36.95569,35.242382,36.37795,2102183
2014-05-07,HSH-201408,36.507442,36.84612,36.188686,36.8262,976600.75
2014-05-08,HSH-201408,36.73655,36.925808,36.40783,36.567207,800336.1
2014-05-09,HSH-201408,36.507442,36.806274,36.48752,36.806274,812522.5
2014-05-12,HSH-201408,35.76036,36.079113,34.086895,35.620903,22336992
2014-05-13,HSH-201408,35.34199,36.895924,35.023235,36.417793,13468006
2014-05-14,HSH-201408,36.517403,36.537323,36.009388,36.417793,4573845
2014-05-15,HSH-201408,36.178726,36.6967,35.720516,36.636932,3609109.5
2014-05-16,HSH-201408,36.527363,36.85608,36.328144,36.47756,1855093.9
2014-05-19,HSH-201408,36.457634,36.68674,36.158802,36.21857,1721918.9
2014-05-20,HSH-201408,36.258415,36.258415,35.451565,35.50137,4543863.5
2014-05-21,HSH-201408,35.541214,35.730473,35.10293,35.640823,4133184
2014-05-22,HSH-201408,35.53125,36.158802,35.371872,36.089073,4012987.5
2014-05-23,HSH-201408,36.3381,37.0553,36.268375,36.876003,6076853.5
2014-05-27,HSH-201408,44.575935,45.34294,44.446438,45.01422,41819630
2014-05-28,HSH-201408,44.864807,44.98434,44.755234,44.815002,10029621
2014-05-29,HSH-201408,51.87,52.93,51.56,52.76,25021110
2014-05-30,HSH-201408,52.6,53.42,52.6,53.28,7758315
2014-06-02,HSH-201408,53,53.86,52.86,53.57,4253470
2014-06-03,HSH-201408,58.29,58.89,57.79,58.65,14413581
2014-06-04,HSH-201408,58.5,59.47,58.5,59.24,5228797
2014-06-05,HSH-201408,58.85,59.03,58.35,58.67,5614778
2014-06-06,HSH-201408,58.56,59,58.5,58.92,2236046
2014-06-09,HSH-201408,61.65,62.16,61.62,62.06,36267076
2014-06-10,HSH-201408,62.02,62.17,61.94,61.97,11069130
2014-06-11,HSH-201408,61.88,61.95,61.59,61.91,8470117
2014-06-12,HSH-201408,61.81,62.04,61.8,61.87,4696209
2014-06-13,HSH-201408,61.82,61.92,61.81,61.82,2445795
2014-06-16,HSH-201408,61.89,62.03,61.88,61.97,2276004
2014-06-17,HSH-201408,61.9,62.19,61.85,62,3694325
2014-06-18,HSH-201408,61.97,62.13,61.94,62.09,1957360
2014-06-19,HSH-201408,62.05,62.18,61.92,61.99,1657668
2014-06-20,HSH-201408,62.08,62.11,61.97,62.08,1381969
2014-06-23,HSH-201408,62.08,62.125,62,62.12,1765910
2014-06-24,HSH-201408,62.03,62.12,62.01,62.08,1080085
2014-06-25,HSH-201408,62.03,62.165,62,62.1,2034676
2014-06-26,HSH-201408,62.06,62.11,62,62.02,1841262
2014-06-27,HSH-201408,62.01,62.22,62,62,3292378
2014-06-30,HSH-201408,62.01,62.32,62,62.3,1968082
2014-07-01,HSH-201408,62.65,62.68,62.63,62.63,15328751
2014-07-02,HSH-201408,62.75,62.81,62.72,62.77,8303297
2014-07-03,HSH-201408,62.79,62.81,62.68,62.68,3612831
2014-07-07,HSH-201408,62.76,62.77,62.71,62.73,4423669
2014-07-08,HSH-201408,62.73,62.78,62.72,62.77,3311728
2014-07-09,HSH-201408,62.77,62.85,62.73,62.8,3368496
2014-07-10,HSH-201408,62.77,62.82,62.77,62.82,1655328
2014-07-11,HSH-201408,62.79,62.83,62.72,62.78,2114913
2014-07-14,HSH-201408,62.82,62.82,62.72,62.79,1305114
2014-07-15,HSH-201408,62.75,62.81,62.75,62.81,1901351
2014-07-16,HSH-201408,62.81,62.81,62.74,62.79,3515711
2014-07-17,HSH-201408,62.79,62.82,62.75,62.77,2040192
2014-07-18,HSH-201408,62.77,62.82,62.75,62.76,2324438
2014-07-21,HSH-201408,62.76,62.81,62.76,62.8,1094977
2014-07-22,HSH-201408,62.81,62.81,62.78,62.79,1554043
2014-07-23,HSH-201408,62.8,62.84,62.78,62.8,1818028
2014-07-24,HSH-201408,62.78,62.83,62.78,62.8,2362236
2014-07-25,HSH-201408,62.82,62.82,62.77,62.78,3106365
2014-07-28,HSH-201408,62.78,62.82,62.78,62.79,1276676
2014-07-29,HSH-201408,62.79,62.81,62.78,62.78,1898260
2014-07-30,HSH-201408,62.79,62.8,62.76,62.79,1767311
2014-07-31,HSH-201408,62.78,62.81,62.76,62.77,1243718
2014-08-01,HSH-201408,62.77,62.83,62.77,62.83,1850206
2014-08-04,HSH-201408,62.82,62.84,62.8,62.84,727355
2014-08-05,HSH-201408,62.81,62.88,62.81,62.81,1849461
2014-08-06,HSH-201408,62.8,62.85,62.8,62.85,1393761
2014-08-07,HSH-201408,62.84,62.86,62.75,62.75,1045669
2014-08-08,HSH-201408,62.78,62.81,62.77,62.77,1037516
2014-08-11,HSH-201408,62.78,62.895,62.78,62.85,1127950
2014-08-12,HSH-201408,62.85,62.9,62.67,62.67,5794294
2014-08-13,HSH-201408,62.78,62.82,62.77,62.78,2719667
2014-08-14,HSH-201408,62.78,62.8,62.73,62.73,7745827
2014-08-15,HSH-201408,62.8,62.8,62.74,62.75,1837214
2014-08-18,HSH-201408,62.78,62.8,62.78,62.78,2324868
2014-08-19,HSH-201408,62.79,62.8,62.78,62.78,1353567
2014-08-20,HSH-201408,62.78,62.81,62.78,62.79,1176373
2014-08-21,HSH-201408,62.84,62.93,62.84,62.88,1023943
2014-08-22,HSH-201408,62.87,62.9,62.84,62.84,793829
2014-08-25,HSH-201408,62.86,62.895,62.77,62.77,1567950
2014-08-26,HSH-201408,62.82,62.98,62.78,62.93,1845601
2014-08-27,HSH-201408,62.94,62.98,59.2,62.96,8081008
2014-08-28,HSH-201408,62.99,63.005,62.96,62.96,11223504
