date,symbol,open,high,low,close,volume
1990-01-02,TEX,7.9586825,8.477727,7.3963842,8.391219,76464.54
1990-01-03,TEX,8.304712,8.477727,8.131698,8.304712,80513.33
1990-01-04,TEX,8.04519,8.304712,8.04519,8.304712,87434.695
1990-01-05,TEX,8.304712,8.304712,8.304712,8.304712,1444.9628
1990-01-08,TEX,8.304712,8.304712,8.131698,8.131698,33335.293
1990-01-09,TEX,8.131698,8.564235,8.131698,8.564235,137433.3
1990-01-10,TEX,8.04519,8.564235,8.04519,8.564235,41672.727
1990-01-11,TEX,8.304712,8.564235,8.304712,8.564235,36022.92
1990-01-12,TEX,8.2182045,8.477727,7.9586825,8.131698,68829.36
1990-01-15,TEX,7.7856674,8.04519,7.7856674,8.04519,29477.24
1990-01-16,TEX,7.9154286,8.04519,7.7856674,7.9586825,36017.145
1990-01-17,TEX,8.131698,8.304712,8.131698,8.304712,39880.973
1990-01-18,TEX,8.2182045,8.2182045,8.131698,8.131698,33812.13
1990-01-19,TEX,8.304712,8.304712,8.131698,8.131698,6357.8364
1990-01-22,TEX,8.2182045,8.304712,8.131698,8.2182045,13293.658
1990-01-23,TEX,8.131698,8.304712,8.131698,8.304712,4334.888
1990-01-24,TEX,8.131698,8.131698,7.8721747,7.8721747,44504.855
1990-01-25,TEX,8.131698,8.131698,8.131698,8.131698,6646.829
1990-01-26,TEX,8.2182045,8.2182045,8.04519,8.04519,63289.37
1990-01-29,TEX,8.2182045,8.304712,8.131698,8.261458,30344.219
1990-01-30,TEX,8.174951,8.304712,8.04519,8.2182045,44504.855
1990-01-31,TEX,8.04519,8.2182045,8.04519,8.2182045,3178.9182
1990-02-01,TEX,8.2182045,8.304712,8.131698,8.261458,89298.7
1990-02-02,TEX,8.131698,8.564235,8.131698,8.564235,32945.152
1990-02-05,TEX,8.910264,9.256293,8.564235,9.083279,173193.23
1990-02-06,TEX,9.256293,9.256293,9.083279,9.083279,111825.67
1990-02-07,TEX,9.083279,9.256293,8.910264,9.126533,150926.36
1990-02-08,TEX,9.169786,9.169786,8.996772,8.996772,187989.66
1990-02-09,TEX,9.169786,9.169786,9.083279,9.083279,13871.643
1990-02-12,TEX,8.996772,9.169786,8.996772,9.169786,75366.37
1990-02-13,TEX,9.040025,9.169786,8.910264,9.083279,49706.72
1990-02-14,TEX,9.040025,9.169786,8.910264,9.083279,104037.32
1990-02-15,TEX,8.996772,9.169786,8.996772,9.169786,35410.258
1990-02-16,TEX,9.126533,9.515816,9.126533,9.515816,61844.406
1990-02-20,TEX,9.256293,9.515816,9.256293,9.515816,26876.309
1990-02-21,TEX,9.342801,9.429309,9.342801,9.429309,33884.38
1990-02-22,TEX,9.299547,9.602324,9.299547,9.602324,25922.633
1990-02-23,TEX,9.515816,9.602324,9.472562,9.55907,365864.6
1990-02-26,TEX,9.602324,9.775338,9.429309,9.602324,290726.53
1990-02-27,TEX,9.429309,9.602324,9.429309,9.602324,22934.45
1990-02-28,TEX,9.429309,9.429309,9.169786,9.169786,277432.84
1990-03-01,TEX,9.169786,9.429309,9.169786,9.429309,114441.055
1990-03-02,TEX,9.342801,9.429309,9.256293,9.342801,79704.15
1990-03-05,TEX,9.256293,9.342801,9.256293,9.342801,20425.994
1990-03-06,TEX,9.256293,9.515816,9.256293,9.515816,42097.547
1990-03-07,TEX,9.602324,9.602324,9.472562,9.472562,57694.477
1990-03-08,TEX,9.429309,9.602324,9.429309,9.602324,12715.673
1990-03-09,TEX,9.775338,9.948353,9.602324,9.818592,133225.56
1990-03-12,TEX,10.121367,10.207875,9.991607,10.034861,36413.062
1990-03-13,TEX,10.034861,10.121367,9.948353,10.034861,40655.473
1990-03-14,TEX,10.034861,10.121367,10.034861,10.121367,113574.08
1990-03-15,TEX,10.034861,10.121367,10.034861,10.121367,13727.146
1990-03-16,TEX,10.121367,10.121367,10.034861,10.034861,16328.08
1990-03-19,TEX,10.034861,10.121367,9.948353,9.991607,112418.11
1990-03-20,TEX,9.948353,10.121367,9.948353,10.121367,44981.69
1990-03-21,TEX,10.207875,10.38089,10.034861,10.207875,102129.97
1990-03-22,TEX,10.251129,10.38089,10.121367,10.207875,110684.15
1990-03-23,TEX,10.38089,10.38089,10.207875,10.207875,30922.203
1990-03-26,TEX,10.294383,10.294383,10.207875,10.207875,67046.27
1990-03-27,TEX,10.294383,10.38089,10.207875,10.38089,8678.446
1990-03-28,TEX,10.38089,10.38089,10.207875,10.294383,35401.59
1990-03-29,TEX,10.121367,10.294383,10.121367,10.121367,10692.725
1990-03-30,TEX,10.121367,10.294383,10.121367,10.294383,13412.145
1990-04-02,TEX,10.294383,10.294383,9.948353,10.0781145,42192.914
1990-04-03,TEX,10.034861,10.38089,10.034861,10.294383,103126.99
1990-04-04,TEX,10.467398,10.467398,10.294383,10.38089,17339.553
1990-04-05,TEX,10.38089,10.38089,10.207875,10.207875,27454.293
1990-04-06,TEX,10.121367,10.207875,9.948353,9.991607,46961.293
1990-04-09,TEX,9.861846,10.034861,9.861846,9.948353,47683.773
1990-04-10,TEX,10.121367,10.121367,9.861846,10.121367,15732.755
1990-04-11,TEX,10.121367,10.207875,10.034861,10.207875,43637.875
1990-04-12,TEX,10.055312,10.315364,10.055312,10.22868,18169.5
1990-04-16,TEX,10.315364,10.402047,10.141996,10.315364,405064.5
1990-04-17,TEX,10.575415,11.008834,10.402047,10.748782,179341.62
1990-04-18,TEX,10.748782,10.835466,10.662099,10.835466,17015.88
1990-04-19,TEX,10.662099,10.662099,10.402047,10.662099,67832.8
1990-04-20,TEX,10.662099,10.662099,10.402047,10.402047,50891.906
1990-04-23,TEX,10.662099,10.662099,10.315364,10.575415,108685.336
1990-04-24,TEX,10.488731,10.488731,10.488731,10.488731,6921.7144
1990-04-25,TEX,10.488731,10.488731,10.315364,10.315364,19504.814
1990-04-26,TEX,10.488731,10.575415,10.402047,10.402047,72678
1990-04-27,TEX,10.575415,10.575415,10.315364,10.315364,14420.238
1990-04-30,TEX,10.445389,10.488731,10.22868,10.402047,160497.25
1990-05-01,TEX,10.402047,10.402047,10.315364,10.315364,9228.952
1990-05-02,TEX,10.402047,10.402047,10.315364,10.3587055,15285.452
1990-05-03,TEX,10.402047,10.402047,10.315364,10.402047,28436.709
1990-05-04,TEX,10.402047,10.402047,10.315364,10.3587055,18169.5
1990-05-07,TEX,10.402047,10.402047,10.22868,10.402047,38184.79
1990-05-08,TEX,10.402047,10.402047,10.22868,10.402047,7668.6826
1990-05-09,TEX,10.402047,10.402047,10.272021,10.402047,16704.404
1990-05-10,TEX,10.402047,10.402047,10.22868,10.402047,4326.0713
1990-05-11,TEX,10.402047,10.402047,10.141996,10.315364,42283.023
1990-05-14,TEX,10.141996,10.315364,10.141996,10.141996,24370.203
1990-05-15,TEX,10.055312,10.315364,10.055312,10.22868,34896.977
1990-05-16,TEX,10.055312,10.22868,10.055312,10.22868,24947.012
1990-05-17,TEX,10.055312,10.22868,10.055312,10.22868,48495.26
1990-05-18,TEX,10.22868,10.22868,9.968629,10.141996,55864.004
1990-05-21,TEX,9.968629,10.141996,9.968629,10.055312,54162.414
1990-05-22,TEX,10.141996,10.315364,9.968629,10.22868,87328.96
1990-05-23,TEX,10.141996,10.488731,10.141996,10.488731,70587.06
1990-05-24,TEX,10.488731,10.488731,10.315364,10.488731,33599.156
1990-05-25,TEX,10.618756,10.618756,10.293693,10.510402,54681.543
1990-05-29,TEX,10.618756,10.618756,10.402047,10.618756,12055.319
1990-05-30,TEX,11.0521755,11.0521755,10.727111,10.94382,71812.79
1990-05-31,TEX,11.0521755,11.377239,10.835465,11.377239,37031.17
1990-06-01,TEX,11.0521755,11.702303,11.0521755,11.539771,125721.41
1990-06-04,TEX,11.702303,11.702303,11.648126,11.702303,17188.924
1990-06-05,TEX,11.8106575,11.8106575,11.485594,11.702303,139045.7
1990-06-06,TEX,11.702303,11.702303,11.485594,11.485594,21503.459
1990-06-07,TEX,11.702303,11.702303,11.485594,11.702303,9344.314
1990-06-08,TEX,11.702303,11.702303,11.485594,11.485594,34804.688
1990-06-11,TEX,11.485594,11.593948,11.377239,11.593948,38039.434
1990-06-12,TEX,11.593948,11.593948,11.377239,11.593948,34050.22
1990-06-13,TEX,11.593948,11.593948,11.377239,11.485594,12689.81
1990-06-14,TEX,11.485594,11.485594,11.16053,11.16053,17758.812
1990-06-15,TEX,11.0521755,11.377239,11.0521755,11.16053,24752.05
1990-06-18,TEX,11.377239,11.377239,10.510402,10.94382,57277.188
1990-06-19,TEX,10.618756,10.835465,10.510402,10.510402,283494.97
1990-06-20,TEX,10.510402,10.727111,10.510402,10.727111,282763.56
1990-06-21,TEX,10.402047,10.727111,10.402047,10.727111,7277.0293
1990-06-22,TEX,10.402047,10.727111,10.293693,10.293693,106709.766
1990-06-25,TEX,10.185338,10.402047,9.426855,9.426855,133766.75
1990-06-26,TEX,9.426855,9.643564,9.3185005,9.643564,31479.957
1990-06-27,TEX,9.643564,9.751919,9.426855,9.53521,151873.95
1990-06-28,TEX,9.53521,9.643564,9.53521,9.643564,64487.305
1990-06-29,TEX,9.643564,9.643564,9.53521,9.53521,51566.773
1990-07-02,TEX,9.53521,9.643564,9.3185005,9.3185005,48816.543
1990-07-03,TEX,9.3185005,9.643564,9.210146,9.210146,56162.79
1990-07-05,TEX,9.210146,9.3185005,9.101791,9.101791,22207.168
1990-07-06,TEX,8.993437,9.3185005,8.993437,9.210146,64390.402
1990-07-09,TEX,8.993437,9.3185005,8.993437,8.993437,77262.484
1990-07-10,TEX,8.993437,9.3185005,8.993437,9.155969,92289.52
1990-07-11,TEX,9.3185005,9.968629,9.101791,9.968629,85021.73
1990-07-12,TEX,10.076983,10.185338,9.968629,10.076983,76247.3
1990-07-13,TEX,10.076983,10.293693,9.968629,10.131161,55373.715
1990-07-16,TEX,10.293693,10.510402,10.076983,10.510402,31752.21
1990-07-17,TEX,10.510402,10.510402,10.293693,10.510402,16409.078
1990-07-18,TEX,10.293693,10.510402,9.968629,9.968629,63319.844
1990-07-19,TEX,9.968629,9.968629,9.3185005,9.53521,94654.445
1990-07-20,TEX,9.3185005,9.643564,9.3185005,9.3185005,73024.086
1990-07-23,TEX,9.210146,9.426855,8.993437,8.993437,20965.873
1990-07-24,TEX,8.885082,9.101791,8.776728,8.993437,104460.21
1990-07-25,TEX,8.776728,8.885082,8.776728,8.776728,88136.5
1990-07-26,TEX,8.776728,8.885082,8.560018,8.776728,61633.254
1990-07-27,TEX,8.560018,8.885082,8.560018,8.668373,18400.225
1990-07-30,TEX,8.668373,8.885082,8.668373,8.776728,91966.516
1990-07-31,TEX,8.776728,8.993437,8.776728,8.885082,29128.88
1990-08-01,TEX,8.993437,8.993437,8.885082,8.885082,4153.029
1990-08-02,TEX,8.668373,8.885082,8.560018,8.885082,20857.434
1990-08-03,TEX,8.668373,8.668373,8.018245,8.126599,43556.043
1990-08-06,TEX,8.126599,8.451663,7.90989,8.018245,31551.482
1990-08-07,TEX,8.234954,8.234954,8.018245,8.126599,5941.138
1990-08-08,TEX,8.018245,8.234954,8.018245,8.234954,22112.57
1990-08-09,TEX,8.234954,8.234954,7.6931806,7.6931806,29301.924
1990-08-10,TEX,7.6931806,7.90989,7.1514072,7.1514072,28898.158
1990-08-13,TEX,7.1514072,7.4764714,6.8263435,7.2597623,57258.73
1990-08-14,TEX,7.1514072,7.1514072,6.934698,6.9888754,92058.805
1990-08-15,TEX,7.1514072,7.1514072,6.609634,6.717989,52547.348
1990-08-16,TEX,6.717989,6.934698,6.717989,6.717989,223282.97
1990-08-17,TEX,6.717989,6.934698,6.717989,6.934698,301382.97
1990-08-20,TEX,6.934698,7.0430527,6.8263435,6.8263435,10516.392
1990-08-21,TEX,6.8263435,6.934698,6.717989,6.717989,177368.94
1990-08-22,TEX,6.8263435,6.8263435,6.28457,6.28457,209381.86
1990-08-23,TEX,6.28457,6.392925,5.6344423,5.6344423,104663.24
1990-08-24,TEX,5.6344423,6.28457,5.6344423,6.0678606,174715.61
1990-08-27,TEX,6.1762156,6.609634,5.959506,6.0678606,213403.38
1990-08-28,TEX,6.28457,6.392925,6.28457,6.28457,23187.744
1990-08-29,TEX,6.28457,6.717989,6.28457,6.717989,111986.414
1990-08-30,TEX,6.609634,6.717989,6.5012794,6.717989,61084.13
1990-08-31,TEX,6.5012794,6.5012794,6.1762156,6.5012794,30713.955
1990-09-04,TEX,6.5012794,6.5012794,6.1762156,6.1762156,16930.514
1990-09-05,TEX,6.1762156,6.230393,5.959506,5.959506,131480.27
1990-09-06,TEX,6.0678606,6.0678606,5.5260878,5.6344423,244825.66
1990-09-07,TEX,5.5260878,5.8511515,5.2010236,5.4177327,42162.47
1990-09-10,TEX,5.2010236,5.5260878,5.2010236,5.309378,154008.14
1990-09-11,TEX,4.9843144,5.2010236,4.5508957,4.6592503,228732.67
1990-09-12,TEX,4.8759594,5.4177327,4.6592503,5.2010236,114914.305
1990-09-13,TEX,5.2010236,5.2010236,4.6592503,4.767605,107471.16
1990-09-14,TEX,4.767605,4.9843144,4.6592503,4.6592503,44875.78
1990-09-17,TEX,4.6592503,4.8759594,4.6592503,4.6592503,54402.367
1990-09-18,TEX,4.6592503,4.8759594,4.5508957,4.5508957,234761.48
1990-09-19,TEX,4.6592503,4.8759594,4.5508957,4.767605,18822.45
1990-09-20,TEX,4.5508957,4.6592503,4.2258315,4.2258315,147236.4
1990-09-21,TEX,4.117477,4.442541,4.0091224,4.0091224,115186.555
1990-09-24,TEX,4.0091224,4.2258315,3.9007678,3.9007678,81387.83
1990-09-25,TEX,3.9007678,4.117477,3.792413,3.8465903,71293.66
1990-09-26,TEX,3.792413,4.0091224,3.792413,3.9007678,54162.414
1990-09-27,TEX,3.9007678,3.9007678,3.3589945,3.467349,116250.195
1990-09-28,TEX,3.467349,3.6840584,3.142285,3.6840584,123580.29
1990-10-01,TEX,3.9007678,4.5508957,3.9007678,4.442541,235566.7
1990-10-02,TEX,4.5508957,4.6592503,4.3341866,4.5508957,196848.94
1990-10-03,TEX,4.6592503,4.6592503,4.442541,4.5508957,171946.92
1990-10-04,TEX,4.5508957,4.6592503,4.442541,4.442541,131339.53
1990-10-05,TEX,4.3341866,4.442541,4.2258315,4.3341866,109478.45
1990-10-08,TEX,4.3341866,4.442541,4.3341866,4.3341866,4845.2
1990-10-09,TEX,4.5508957,4.5508957,4.117477,4.3341866,525729.56
1990-10-10,TEX,4.0091224,4.117477,3.792413,4.117477,51739.816
1990-10-11,TEX,3.792413,3.9007678,3.5757036,3.5757036,59122.977
1990-10-12,TEX,3.792413,3.792413,3.5757036,3.5757036,32243.652
1990-10-15,TEX,3.9007678,3.9007678,3.5757036,3.5757036,21542.682
1990-10-16,TEX,3.6840584,3.9007678,3.5757036,3.5757036,119226.53
1990-10-17,TEX,3.5757036,3.792413,3.5757036,3.5757036,57046.465
1990-10-18,TEX,3.5757036,3.792413,3.5757036,3.5757036,19927.615
1990-10-19,TEX,4.0091224,4.0091224,3.792413,3.9007678,12343.724
1990-10-22,TEX,3.792413,4.117477,3.792413,4.0091224,360503.66
1990-10-23,TEX,4.117477,4.117477,3.467349,3.467349,29071.201
1990-10-24,TEX,3.792413,3.792413,3.2506397,3.2506397,163871.6
1990-10-25,TEX,3.467349,3.5757036,3.304817,3.3589945,29532.648
1990-10-26,TEX,3.3589945,3.5757036,3.3589945,3.3589945,6287.224
1990-10-29,TEX,3.3589945,3.5757036,3.3589945,3.5757036,56758.06
1990-10-30,TEX,3.3589945,3.5757036,3.3589945,3.5757036,151181.78
1990-10-31,TEX,3.3589945,3.5757036,3.3589945,3.3589945,67486.72
1990-11-01,TEX,3.5757036,3.5757036,3.2506397,3.2506397,25458.066
1990-11-02,TEX,2.9255757,3.3589945,2.9255757,3.3589945,41703.33
1990-11-05,TEX,3.3589945,3.3589945,3.142285,3.142285,5075.924
1990-11-06,TEX,3.3589945,3.3589945,3.142285,3.142285,35358.426
1990-11-07,TEX,3.142285,3.2506397,3.142285,3.1964624,17881.096
1990-11-08,TEX,3.3589945,3.467349,3.2506397,3.2506397,16035.305
1990-11-09,TEX,3.2506397,3.467349,3.2506397,3.304817,22571.71
1990-11-12,TEX,3.4131718,5.092669,3.3589945,4.2258315,661600.56
1990-11-13,TEX,4.2258315,4.5508957,3.9007678,3.9007678,47240.7
1990-11-14,TEX,4.117477,4.442541,4.0091224,4.2258315,19304.662
1990-11-15,TEX,4.442541,4.442541,4.0091224,4.0091224,7152.4385
1990-11-16,TEX,4.3341866,4.442541,4.0091224,4.117477,144091.64
1990-11-19,TEX,4.442541,4.442541,4.0091224,4.0091224,12579.0625
1990-11-20,TEX,4.2258315,4.2258315,3.792413,3.792413,11478.51
1990-11-21,TEX,3.792413,4.0091224,3.792413,4.0091224,2191.8762
1990-11-23,TEX,3.792413,4.117477,3.792413,3.792413,6460.2666
1990-11-26,TEX,3.792413,3.9007678,3.792413,3.9007678,7902.2905
1990-11-27,TEX,3.5757036,3.9007678,3.5757036,3.5757036,4499.1143
1990-11-28,TEX,3.5757036,3.9007678,3.5757036,3.5757036,59801.305
1990-11-29,TEX,3.5757036,3.9007678,3.5757036,3.7382357,6460.2666
1990-11-30,TEX,3.9007678,4.0091224,3.792413,3.9007678,74062.34
1990-12-03,TEX,3.9007678,4.0091224,3.9007678,4.0091224,10786.338
1990-12-04,TEX,4.0091224,4.0091224,3.792413,3.9007678,11997.639
1990-12-05,TEX,3.954945,4.117477,3.9007678,4.0091224,70947.57
1990-12-06,TEX,4.117477,4.280009,4.0091224,4.0091224,123612.59
1990-12-07,TEX,4.2258315,4.2258315,4.0091224,4.117477,34216.34
1990-12-10,TEX,4.117477,4.117477,3.9007678,4.117477,49720.98
1990-12-11,TEX,4.0632997,4.117477,3.9007678,3.9007678,132347.8
1990-12-12,TEX,3.9007678,4.117477,3.9007678,3.9007678,3057.0906
1990-12-13,TEX,4.0091224,4.2258315,4.0091224,4.171654,49056.496
1990-12-14,TEX,4.117477,4.171654,4.0091224,4.0632997,68524.98
1990-12-17,TEX,4.0091224,4.117477,4.0091224,4.117477,20361.377
1990-12-18,TEX,4.117477,4.117477,4.0091224,4.0091224,311315.66
1990-12-19,TEX,4.0091224,4.2258315,4.0091224,4.2258315,24918.172
1990-12-20,TEX,4.0091224,4.171654,4.0091224,4.0632997,14023.394
1990-12-21,TEX,4.0091224,4.2258315,4.0091224,4.117477,20130.652
1990-12-24,TEX,4.117477,4.2258315,4.117477,4.117477,2018.8334
1990-12-26,TEX,4.3341866,4.3341866,4.117477,4.117477,53754.035
1990-12-27,TEX,4.117477,4.3341866,4.117477,4.2258315,4672.157
1990-12-28,TEX,4.117477,4.3341866,4.117477,4.3341866,48788.86
1990-12-31,TEX,4.3341866,4.442541,4.0091224,4.0091224,72331.914
1991-01-02,TEX,4.2258315,4.3341866,4.117477,4.117477,4095.3477
1991-01-03,TEX,4.0091224,4.2258315,3.9007678,4.0091224,70716.85
1991-01-04,TEX,4.117477,4.3341866,4.117477,4.3341866,10382.571
1991-01-07,TEX,4.117477,4.2258315,4.0091224,4.0091224,23307.72
1991-01-08,TEX,3.9007678,4.117477,3.9007678,4.0091224,84214.195
1991-01-09,TEX,4.0091224,4.2258315,4.0091224,4.2258315,3922.305
1991-01-10,TEX,4.0091224,4.0091224,4.0091224,4.0091224,2148.0388
1991-01-11,TEX,4.2258315,4.2258315,4.0091224,4.0091224,8075.3335
1991-01-14,TEX,4.0091224,4.117477,4.0091224,4.117477,69648.6
1991-01-15,TEX,4.117477,4.2258315,4.0091224,4.0091224,51899.016
1991-01-16,TEX,4.2258315,4.2258315,4.2258315,4.2258315,692.17145
1991-01-17,TEX,4.6592503,4.6592503,4.2258315,4.442541,39961.363
1991-01-18,TEX,4.3341866,4.3341866,4.0091224,4.0091224,7498.524
1991-01-21,TEX,4.0091224,4.3341866,4.0091224,4.0091224,9690.4
1991-01-22,TEX,4.2258315,4.2258315,4.0091224,4.0091224,23206.201
1991-01-23,TEX,4.3341866,4.3341866,4.0091224,4.0091224,2307.238
1991-01-24,TEX,4.0091224,4.6592503,4.0091224,4.605073,42245.53
1991-01-25,TEX,4.605073,4.767605,4.442541,4.5508957,21803.4
1991-01-28,TEX,4.5508957,4.8759594,4.5508957,4.6592503,382666.97
1991-01-29,TEX,4.767605,4.767605,4.5508957,4.5508957,11651.553
1991-01-30,TEX,4.5508957,5.4177327,4.5508957,5.309378,153604.38
1991-01-31,TEX,5.309378,5.4177327,5.2010236,5.4177327,171035.56
1991-02-01,TEX,5.5260878,5.742797,5.2010236,5.742797,116457.84
1991-02-04,TEX,5.742797,5.742797,5.5260878,5.742797,49028.812
1991-02-05,TEX,5.5260878,5.742797,5.5260878,5.5260878,5883.457
1991-02-06,TEX,5.5260878,5.959506,5.5260878,5.742797,252008.1
1991-02-07,TEX,6.0678606,6.0678606,5.742797,5.742797,49490.258
1991-02-08,TEX,5.6344423,5.6886196,4.9843144,5.092669,167966.94
1991-02-11,TEX,5.092669,5.4177327,5.092669,5.4177327,94402.95
1991-02-12,TEX,5.309378,5.8511515,5.309378,5.5260878,128593.92
1991-02-13,TEX,5.742797,6.0678606,5.6344423,5.8511515,147663.23
1991-02-14,TEX,6.28457,6.717989,6.0678606,6.392925,94093.79
1991-02-15,TEX,6.392925,6.717989,6.392925,6.392925,6125.7173
1991-02-19,TEX,6.609634,6.609634,6.392925,6.392925,16286.794
1991-02-20,TEX,6.609634,6.609634,6.392925,6.5012794,17601.92
1991-02-21,TEX,6.392925,6.5012794,6.392925,6.392925,15343.134
1991-02-22,TEX,6.392925,6.6638117,6.392925,6.609634,378878.5
1991-02-25,TEX,6.609634,6.609634,6.392925,6.609634,41587.97
1991-02-26,TEX,6.609634,6.609634,6.392925,6.392925,5952.6743
1991-02-27,TEX,6.392925,7.1514072,6.392925,7.1514072,194209.47
1991-02-28,TEX,7.1514072,7.4764714,7.1514072,7.368117,64660.348
1991-03-01,TEX,7.4764714,7.4764714,7.1514072,7.368117,168543.75
1991-03-04,TEX,7.4764714,7.584826,7.2597623,7.368117,180522.92
1991-03-05,TEX,7.584826,7.584826,7.368117,7.584826,14535.601
1991-03-06,TEX,7.2597623,7.584826,7.1514072,7.1514072,140423.12
1991-03-07,TEX,7.2597623,7.2597623,6.934698,7.1514072,22610.934
1991-03-08,TEX,6.934698,7.368117,6.934698,7.2597623,103576.53
1991-03-11,TEX,7.1514072,7.368117,7.0430527,7.1514072,98129.15
1991-03-12,TEX,7.1514072,7.2597623,6.8263435,6.934698,178665.6
1991-03-13,TEX,6.8263435,7.0430527,6.8263435,6.9888754,191558.45
1991-03-14,TEX,6.8263435,7.0430527,6.8263435,6.934698,7671.567
1991-03-15,TEX,6.717989,6.934698,6.717989,6.934698,100814.77
1991-03-18,TEX,6.8263435,6.8263435,6.28457,6.28457,23607.66
1991-03-19,TEX,6.28457,6.28457,5.959506,5.959506,15458.495
1991-03-20,TEX,5.959506,6.1762156,5.959506,6.1762156,11074.743
1991-03-21,TEX,6.28457,6.3387475,6.1762156,6.230393,13612.705
1991-03-22,TEX,6.1762156,6.230393,6.1762156,6.1762156,1384.3429
1991-03-25,TEX,6.1762156,6.230393,6.1762156,6.230393,11074.743
1991-03-26,TEX,6.1762156,6.1762156,6.0678606,6.0678606,87444.33
1991-03-27,TEX,6.1220384,6.1220384,6.0136833,6.0678606,19611.523
1991-03-28,TEX,6.0136833,6.0678606,6.0136833,6.0136833,5998.8193
1991-04-01,TEX,6.0678606,6.0678606,6.0136833,6.0136833,2768.6858
1991-04-02,TEX,6.0136833,6.0678606,6.0136833,6.0678606,6460.2666
1991-04-03,TEX,6.0678606,6.0678606,6.0136833,6.0136833,2076.5144
1991-04-04,TEX,6.0678606,6.0678606,6.0136833,6.0678606,2307.238
1991-04-05,TEX,6.0678606,6.0678606,6.0136833,6.0136833,5768.095
1991-04-08,TEX,6.0136833,6.0678606,6.0136833,6.0136833,72678
1991-04-09,TEX,5.959506,6.0136833,5.9053288,5.9053288,49605.62
1991-04-10,TEX,5.9053288,6.0136833,5.9053288,5.9053288,6229.543
1991-04-11,TEX,6.0136833,6.0136833,6.0136833,6.0136833,1845.7905
1991-04-12,TEX,5.9053288,5.9053288,5.6886196,5.6886196,10844.02
1991-04-15,TEX,5.580265,5.580265,5.2010236,5.2010236,26763.963
1991-04-16,TEX,5.1468463,5.1468463,4.767605,4.930137,261179.36
1991-04-17,TEX,4.9843144,6.0136833,4.9843144,5.959506,118592.04
1991-04-18,TEX,5.959506,6.1762156,5.959506,6.1762156,137280.67
1991-04-19,TEX,6.1220384,6.392925,6.0678606,6.392925,80753.336
1991-04-22,TEX,6.392925,6.392925,6.1762156,6.230393,39453.773
1991-04-23,TEX,6.230393,6.230393,6.0678606,6.0678606,26994.686
1991-04-24,TEX,6.0678606,6.0678606,5.959506,5.959506,63910.496
1991-04-25,TEX,5.8511515,5.8511515,5.6886196,5.6886196,10844.02
1991-04-26,TEX,5.6344423,5.6344423,5.6344423,5.6344423,2999.4097
1991-04-29,TEX,5.580265,5.6344423,5.580265,5.6344423,5998.8193
1991-04-30,TEX,5.6886196,5.6886196,5.5260878,5.6886196,80984.06
1991-05-01,TEX,5.6886196,5.6886196,5.1468463,5.2010236,36685.086
1991-05-02,TEX,5.2010236,5.4177327,5.2010236,5.4177327,144663.83
1991-05-03,TEX,5.3635554,5.3635554,5.3635554,5.3635554,692.17145
1991-05-06,TEX,5.309378,5.309378,5.309378,5.309378,1845.7905
1991-05-07,TEX,5.309378,5.309378,5.1468463,5.1468463,43145.35
1991-05-08,TEX,5.2010236,5.2010236,5.2010236,5.2010236,40838.113
1991-05-09,TEX,5.2010236,5.2010236,5.2010236,5.2010236,25610.344
1991-05-10,TEX,5.1468463,5.1468463,5.1468463,5.1468463,461.44763
1991-05-13,TEX,5.092669,5.092669,5.0384917,5.092669,8536.781
1991-05-14,TEX,5.0098968,5.0098968,4.9009857,4.9009857,2984.0935
1991-05-15,TEX,4.9009857,4.9009857,4.792075,4.792075,12165.919
1991-05-16,TEX,4.792075,4.792075,4.6831646,4.6831646,16756.832
1991-05-17,TEX,4.6831646,4.6831646,4.5742536,4.5742536,41777.31
1991-05-20,TEX,4.5197983,4.5197983,4.3019767,4.3019767,33972.758
1991-05-21,TEX,4.3019767,4.3019767,4.1386104,4.1386104,27775.023
1991-05-22,TEX,4.1386104,4.1386104,4.1386104,4.1386104,9411.372
1991-05-23,TEX,4.1386104,4.2475214,3.9207888,3.975244,261452.5
1991-05-24,TEX,4.0296993,4.1930656,4.0296993,4.1386104,35809.12
1991-05-28,TEX,4.1386104,4.1386104,4.084155,4.084155,29152.297
1991-05-29,TEX,4.1386104,4.3019767,4.1386104,4.3019767,78504.61
1991-05-30,TEX,4.3019767,5.0098968,4.3019767,5.0098968,424889
1991-05-31,TEX,5.0098968,5.717817,5.0098968,5.6089063,267650.22
1991-06-03,TEX,5.6089063,5.881183,5.6089063,5.881183,268568.4
1991-06-04,TEX,5.881183,5.9356384,5.881183,5.9356384,117756.914
1991-06-05,TEX,5.990094,5.990094,5.717817,5.826728,110181.914
1991-06-06,TEX,5.717817,5.826728,5.6633615,5.6633615,196720.62
1991-06-07,TEX,5.499995,5.554451,5.2277184,5.554451,79422.8
1991-06-10,TEX,5.6089063,5.6089063,5.554451,5.554451,18822.744
1991-06-11,TEX,5.6089063,5.6633615,5.6089063,5.6633615,12395.465
1991-06-12,TEX,5.6633615,5.717817,5.6089063,5.717817,5968.187
1991-06-13,TEX,5.717817,5.772272,5.6633615,5.717817,39940.94
1991-06-14,TEX,5.6633615,5.6633615,5.554451,5.554451,4131.822
1991-06-17,TEX,5.6633615,5.6633615,5.6633615,5.6633615,5279.55
1991-06-18,TEX,5.554451,5.554451,5.44554,5.44554,3443.1848
1991-06-19,TEX,5.44554,5.44554,5.2821736,5.2821736,8722.734
1991-06-20,TEX,5.336629,5.336629,5.064352,5.118808,39940.94
1991-06-21,TEX,5.118808,5.118808,5.118808,5.118808,229.54565
1991-06-24,TEX,5.118808,5.118808,4.9009857,4.9009857,38563.668
1991-06-25,TEX,5.0098968,5.064352,4.73762,4.73762,19052.29
1991-06-26,TEX,4.73762,4.73762,4.628709,4.628709,35809.12
1991-06-27,TEX,4.628709,4.628709,4.4108872,4.4108872,22036.383
1991-06-28,TEX,4.356432,4.356432,4.1386104,4.356432,35809.12
1991-07-01,TEX,4.356432,4.356432,4.2475214,4.2475214,17445.469
1991-07-02,TEX,4.3019767,4.3019767,4.1930656,4.2475214,25938.658
1991-07-03,TEX,4.3019767,4.3019767,4.1930656,4.1930656,38104.58
1991-07-05,TEX,4.2475214,4.2475214,4.1930656,4.1930656,3443.1848
1991-07-08,TEX,4.1930656,4.2475214,4.1930656,4.2475214,9411.372
1991-07-09,TEX,4.2475214,4.3019767,4.2475214,4.3019767,1606.8196
1991-07-10,TEX,4.2475214,4.3019767,4.2475214,4.2475214,16986.379
1991-07-11,TEX,4.2475214,4.2475214,4.1930656,4.1930656,3213.6392
1991-07-12,TEX,4.2475214,4.2475214,4.1386104,4.1930656,23184.111
1991-07-15,TEX,4.1930656,4.1930656,3.975244,3.975244,22265.928
1991-07-16,TEX,4.0296993,4.1386104,4.0296993,4.084155,28922.752
1991-07-17,TEX,4.084155,4.1386104,4.084155,4.1386104,5968.187
1991-07-18,TEX,4.1386104,4.2475214,4.1386104,4.1930656,40629.58
1991-07-19,TEX,4.1386104,4.1386104,4.084155,4.1386104,23184.111
1991-07-22,TEX,4.084155,4.084155,3.9207888,3.9207888,42236.4
1991-07-23,TEX,3.9207888,3.9207888,3.8663335,3.9207888,9411.372
1991-07-24,TEX,3.9207888,3.9207888,3.9207888,3.9207888,1836.3652
1991-07-25,TEX,3.8663335,3.8663335,3.7029672,3.7029672,5968.187
1991-07-26,TEX,3.7029672,3.7029672,3.4306903,3.4851456,27315.932
1991-07-29,TEX,3.4851456,3.4851456,3.3762348,3.3762348,21806.836
1991-07-30,TEX,3.3762348,3.3762348,3.267324,3.3762348,60600.05
1991-07-31,TEX,3.3762348,3.8663335,3.267324,3.7029672,333759.38
1991-08-01,TEX,3.7029672,3.8663335,3.7029672,3.8663335,75750.06
1991-08-02,TEX,3.8663335,3.8663335,3.811878,3.811878,33972.758
1991-08-05,TEX,3.811878,3.8663335,3.5940564,3.7029672,53943.227
1991-08-06,TEX,3.811878,4.1386104,3.811878,4.084155,167109.23
1991-08-07,TEX,4.1386104,4.5742536,4.1386104,4.4108872,192129.7
1991-08-08,TEX,4.5197983,4.5197983,4.356432,4.4108872,101459.18
1991-08-09,TEX,4.4108872,4.4108872,4.356432,4.356432,53254.59
1991-08-12,TEX,4.4108872,4.4653425,4.4108872,4.4653425,55779.594
1991-08-13,TEX,4.4653425,4.4653425,4.356432,4.356432,25020.477
1991-08-14,TEX,4.356432,4.356432,4.2475214,4.2475214,57156.867
1991-08-15,TEX,4.3019767,4.3019767,4.1386104,4.1386104,46138.676
1991-08-16,TEX,4.1386104,4.2475214,4.084155,4.2475214,15609.1045
1991-08-19,TEX,4.0296993,4.2475214,3.9207888,4.1386104,190063.8
1991-08-20,TEX,4.1930656,4.2475214,4.1386104,4.1386104,53025.043
1991-08-21,TEX,4.2475214,4.356432,4.1930656,4.356432,79422.8
1991-08-22,TEX,4.356432,4.356432,4.2475214,4.2475214,20888.654
1991-08-23,TEX,4.2475214,4.356432,4.2475214,4.356432,45679.586
1991-08-26,TEX,4.356432,4.356432,4.2475214,4.2475214,33284.117
1991-08-27,TEX,4.1386104,4.2475214,4.1386104,4.1930656,42695.492
1991-08-28,TEX,4.1930656,4.2475214,4.1386104,4.2475214,27775.023
1991-08-29,TEX,4.2475214,4.356432,4.2475214,4.356432,14461.376
1991-08-30,TEX,4.356432,4.356432,4.3019767,4.356432,73225.06
1991-09-03,TEX,4.356432,4.356432,4.3019767,4.3019767,29152.297
1991-09-04,TEX,4.3019767,4.356432,4.2475214,4.356432,144384.22
1991-09-05,TEX,4.356432,4.628709,4.356432,4.5742536,232988.83
1991-09-06,TEX,4.5742536,4.628709,4.5742536,4.5742536,79422.8
1991-09-09,TEX,4.5742536,4.628709,4.5742536,4.5742536,25709.113
1991-09-10,TEX,4.5742536,4.628709,4.5742536,4.5742536,116609.19
1991-09-11,TEX,4.6831646,4.9009857,4.6831646,4.8465304,36956.848
1991-09-12,TEX,4.9009857,5.6089063,4.8465304,5.3910847,115002.37
1991-09-13,TEX,5.3910847,5.3910847,5.2277184,5.2277184,28693.207
1991-09-16,TEX,5.2821736,5.6089063,5.2821736,5.554451,60140.96
1991-09-17,TEX,5.499995,5.6089063,5.3910847,5.44554,35809.12
1991-09-18,TEX,5.499995,5.499995,5.3910847,5.44554,13772.739
1991-09-19,TEX,5.3910847,5.44554,5.2821736,5.2821736,9870.463
1991-09-20,TEX,5.336629,5.44554,5.2821736,5.2821736,18134.105
1991-09-23,TEX,5.336629,5.499995,5.336629,5.44554,18134.105
1991-09-24,TEX,5.499995,5.6633615,5.499995,5.6633615,11706.828
1991-09-25,TEX,5.717817,5.826728,5.717817,5.826728,19281.834
1991-09-26,TEX,5.772272,5.881183,5.6633615,5.6633615,81259.16
1991-09-27,TEX,5.717817,5.772272,5.6633615,5.717817,45679.586
1991-09-30,TEX,5.717817,5.826728,5.717817,5.772272,24102.293
1991-10-01,TEX,5.772272,5.881183,5.717817,5.717817,181570.61
1991-10-02,TEX,5.6633615,5.717817,5.499995,5.499995,150811.48
1991-10-03,TEX,5.499995,5.499995,5.336629,5.336629,22036.383
1991-10-04,TEX,5.2821736,5.2821736,5.0098968,5.0098968,26627.295
1991-10-07,TEX,4.9554415,4.9554415,4.8465304,4.9009857,8263.644
1991-10-08,TEX,4.9554415,5.118808,4.9554415,5.064352,11706.828
1991-10-09,TEX,5.118808,5.118808,5.064352,5.064352,4590.913
1991-10-10,TEX,5.064352,5.064352,5.064352,5.064352,229.54565
1991-10-11,TEX,5.118808,5.2821736,5.118808,5.2277184,10559.1
1991-10-14,TEX,5.2821736,5.336629,5.2821736,5.336629,8263.644
1991-10-15,TEX,5.336629,5.499995,5.336629,5.499995,25709.113
1991-10-16,TEX,5.554451,5.554451,5.499995,5.554451,4361.367
1991-10-17,TEX,5.772272,5.772272,5.499995,5.554451,59911.414
1991-10-18,TEX,5.499995,5.554451,5.44554,5.44554,46368.223
1991-10-21,TEX,5.554451,5.6089063,5.499995,5.6089063,14231.83
1991-10-22,TEX,5.6633615,5.6633615,5.6089063,5.6089063,3443.1848
1991-10-23,TEX,5.6633615,5.6633615,5.3910847,5.44554,68634.15
1991-10-24,TEX,5.44554,5.554451,5.44554,5.554451,155402.4
1991-10-25,TEX,5.717817,5.717817,5.6089063,5.6633615,35350.03
1991-10-28,TEX,5.717817,5.772272,5.717817,5.717817,32595.482
1991-10-29,TEX,5.717817,5.717817,5.6633615,5.6633615,5738.641
1991-10-30,TEX,5.6633615,5.990094,5.554451,5.990094,245154.75
1991-10-31,TEX,5.9356384,5.9356384,5.717817,5.881183,29152.297
1991-11-01,TEX,5.826728,5.881183,5.826728,5.826728,144384.22
1991-11-04,TEX,5.826728,5.826728,5.717817,5.826728,17675.016
1991-11-05,TEX,5.772272,5.9356384,5.772272,5.881183,67486.42
1991-11-06,TEX,5.881183,5.9356384,5.881183,5.9356384,19970.47
1991-11-07,TEX,5.9356384,5.990094,5.9356384,5.9356384,51647.77
1991-11-08,TEX,5.9356384,6.15346,5.9356384,6.15346,31447.754
1991-11-11,TEX,6.2079153,6.3712816,6.2079153,6.3712816,19740.926
1991-11-12,TEX,6.4257374,6.6980143,6.4257374,6.6980143,45220.492
1991-11-13,TEX,6.6980143,7.242568,6.6980143,6.970291,165961.5
1991-11-14,TEX,7.0247464,7.0247464,6.7524695,6.7524695,22954.564
1991-11-15,TEX,6.6980143,6.6980143,6.589103,6.589103,60600.05
1991-11-18,TEX,6.534648,6.534648,5.990094,6.4257374,72536.42
1991-11-19,TEX,6.3712816,6.3712816,5.990094,6.2079153,32365.936
1991-11-20,TEX,6.15346,6.15346,5.826728,5.826728,41088.67
1991-11-21,TEX,5.826728,5.826728,5.6633615,5.717817,69552.33
1991-11-22,TEX,5.990094,6.3168263,5.881183,5.881183,148975.12
1991-11-25,TEX,5.9356384,6.15346,5.881183,6.15346,22265.928
1991-11-26,TEX,6.0445495,6.0445495,5.881183,5.990094,40170.49
1991-11-27,TEX,5.990094,6.2079153,5.990094,6.0990047,74372.79
1991-11-29,TEX,6.0990047,6.15346,6.0990047,6.15346,41088.67
1991-12-02,TEX,5.9356384,6.0990047,5.9356384,6.0990047,65650.055
1991-12-03,TEX,6.0445495,6.0990047,5.9356384,5.9356384,16297.741
1991-12-04,TEX,5.881183,5.990094,5.881183,5.9356384,63813.69
1991-12-05,TEX,5.9356384,5.9356384,5.554451,5.554451,19740.926
1991-12-06,TEX,5.499995,5.499995,5.336629,5.3910847,82406.89
1991-12-09,TEX,5.554451,5.554451,5.44554,5.554451,108345.55
1991-12-10,TEX,5.44554,5.44554,5.44554,5.44554,31906.846
1991-12-11,TEX,5.3910847,5.44554,5.173263,5.173263,20200.018
1991-12-12,TEX,5.2277184,5.2277184,5.064352,5.064352,14920.467
1991-12-13,TEX,5.0098968,5.0098968,5.0098968,5.0098968,17675.016
1991-12-16,TEX,5.0098968,5.0098968,5.0098968,5.0098968,13084.102
1991-12-17,TEX,5.064352,5.064352,5.064352,5.064352,3213.6392
1991-12-18,TEX,5.064352,5.064352,4.792075,4.9009857,30988.662
1991-12-19,TEX,4.8465304,4.9009857,4.8465304,4.9009857,6427.2783
1991-12-20,TEX,4.8465304,4.9554415,4.792075,4.8465304,45679.586
1991-12-23,TEX,4.8465304,5.064352,4.792075,5.064352,17445.469
1991-12-24,TEX,5.118808,5.6633615,5.118808,5.6633615,46597.766
1991-12-26,TEX,5.772272,5.9356384,5.772272,5.881183,117068.28
1991-12-27,TEX,5.9356384,5.9356384,5.826728,5.9356384,11936.374
1991-12-30,TEX,5.990094,5.990094,5.826728,5.826728,15150.013
1991-12-31,TEX,5.772272,5.881183,5.554451,5.6633615,82177.34
1992-01-02,TEX,5.6633615,5.772272,5.554451,5.772272,23872.748
1992-01-03,TEX,6.0990047,6.15346,5.717817,5.717817,176520.61
1992-01-06,TEX,5.6633615,5.881183,5.6089063,5.881183,72765.97
1992-01-07,TEX,5.881183,6.0990047,5.881183,6.0990047,51188.68
1992-01-08,TEX,6.15346,6.3168263,6.15346,6.3168263,19511.38
1992-01-09,TEX,6.3168263,6.4257374,6.2079153,6.4257374,24331.838
1992-01-10,TEX,6.4801927,6.4801927,6.262371,6.262371,10559.1
1992-01-13,TEX,6.262371,6.3712816,6.262371,6.3168263,29611.389
1992-01-14,TEX,6.3712816,6.534648,6.3712816,6.534648,34431.848
1992-01-15,TEX,6.534648,6.915836,6.534648,6.7524695,45679.586
1992-01-16,TEX,6.806925,7.514845,6.806925,7.4603896,59222.777
1992-01-17,TEX,7.4059343,7.4059343,7.297024,7.297024,24331.838
1992-01-20,TEX,7.297024,7.297024,7.1336575,7.1336575,10100.009
1992-01-21,TEX,7.242568,7.242568,6.7524695,6.806925,25479.566
1992-01-22,TEX,6.806925,6.915836,6.806925,6.806925,6656.8237
1992-01-23,TEX,6.8613806,6.8613806,6.806925,6.806925,9640.917
1992-01-24,TEX,6.8613806,6.915836,6.8613806,6.8613806,7115.915
1992-01-27,TEX,6.8613806,6.8613806,6.7524695,6.8613806,9181.826
1992-01-28,TEX,6.7524695,6.8613806,6.7524695,6.8613806,6197.7324
1992-01-29,TEX,6.8613806,6.8613806,6.7524695,6.8613806,25020.477
1992-01-30,TEX,6.806925,6.915836,6.806925,6.8613806,11936.374
1992-01-31,TEX,6.8613806,6.915836,6.8613806,6.8613806,9181.826
1992-02-03,TEX,6.8613806,6.8613806,6.7524695,6.8613806,8952.28
1992-02-04,TEX,6.806925,6.806925,6.806925,6.806925,229.54565
1992-02-05,TEX,6.806925,6.806925,6.806925,6.806925,62436.418
1992-02-06,TEX,6.6980143,6.806925,6.6980143,6.806925,1147.7283
1992-02-07,TEX,6.7524695,6.7524695,6.6980143,6.6980143,5050.0044
1992-02-10,TEX,6.6980143,6.7524695,6.534648,6.534648,54172.773
1992-02-11,TEX,6.6435585,6.6980143,6.589103,6.6980143,6656.8237
1992-02-12,TEX,6.6980143,6.6980143,6.262371,6.4257374,30070.48
1992-02-13,TEX,6.4257374,6.4257374,6.4257374,6.4257374,3213.6392
1992-02-14,TEX,6.534648,6.7524695,6.534648,6.589103,16068.195
1992-02-18,TEX,6.6980143,7.0247464,6.6980143,7.0247464,45220.492
1992-02-19,TEX,7.0247464,7.0247464,6.915836,6.915836,27775.023
1992-02-20,TEX,6.8613806,6.970291,6.8613806,6.970291,5738.641
1992-02-21,TEX,7.1881127,7.1881127,7.1336575,7.1881127,27315.932
1992-02-24,TEX,7.242568,7.242568,7.1881127,7.242568,5050.0044
1992-02-25,TEX,7.242568,7.242568,6.970291,7.0792017,11477.282
1992-02-26,TEX,6.970291,7.0247464,6.970291,6.970291,41547.76
1992-02-27,TEX,7.0247464,7.1881127,7.0247464,7.1881127,64043.234
1992-02-28,TEX,7.297024,7.5693007,7.297024,7.514845,81718.25
1992-03-02,TEX,7.5693007,8.113854,7.5693007,8.059399,48893.223
1992-03-03,TEX,8.059399,8.059399,7.732667,7.732667,46827.312
1992-03-04,TEX,7.732667,7.896033,7.732667,7.896033,14690.922
1992-03-05,TEX,7.8415775,7.896033,7.514845,7.5693007,27315.932
1992-03-06,TEX,7.623756,7.623756,7.514845,7.5693007,11018.191
1992-03-09,TEX,7.4603896,7.4603896,7.351479,7.351479,7115.915
1992-03-10,TEX,7.4059343,7.4059343,7.297024,7.297024,7575.0063
1992-03-11,TEX,7.1881127,7.242568,7.1881127,7.1881127,15609.1045
1992-03-12,TEX,7.0792017,7.0792017,6.915836,6.915836,18593.197
1992-03-13,TEX,6.970291,6.970291,6.806925,6.915836,9640.917
1992-03-16,TEX,6.8613806,6.915836,6.8613806,6.8613806,2065.911
1992-03-17,TEX,6.915836,6.915836,6.915836,6.915836,1836.3652
1992-03-18,TEX,7.0247464,7.242568,7.0247464,7.1881127,25709.113
1992-03-19,TEX,7.1881127,7.5693007,7.1881127,7.4603896,15838.649
1992-03-20,TEX,7.5693007,7.623756,7.514845,7.514845,123036.47
1992-03-23,TEX,7.5693007,7.5693007,7.5693007,7.5693007,3213.6392
1992-03-24,TEX,7.514845,7.514845,7.4603896,7.514845,50729.59
1992-03-25,TEX,7.4603896,7.4603896,7.4059343,7.4603896,5968.187
1992-03-26,TEX,7.514845,7.514845,7.4059343,7.4059343,8722.734
1992-03-27,TEX,7.4059343,7.4059343,7.297024,7.4059343,29381.844
1992-03-30,TEX,7.4603896,7.4603896,7.4059343,7.4059343,3672.7305
1992-03-31,TEX,7.4059343,7.4059343,6.8613806,7.0792017,127856.93
1992-04-01,TEX,7.0792017,7.0792017,7.0792017,7.0792017,459.0913
1992-04-02,TEX,7.0792017,7.0792017,6.915836,6.915836,5050.0044
1992-04-03,TEX,6.970291,6.970291,6.806925,6.915836,6656.8237
1992-04-06,TEX,6.806925,6.915836,6.7524695,6.915836,4361.367
1992-04-07,TEX,6.8613806,7.0792017,6.806925,6.806925,44531.855
1992-04-08,TEX,6.6980143,6.915836,6.6980143,6.806925,11018.191
1992-04-09,TEX,6.7524695,6.7524695,6.534648,6.534648,27545.479
1992-04-10,TEX,6.6435585,6.970291,6.6435585,6.7524695,73454.61
1992-04-13,TEX,6.8613806,7.0792017,6.8613806,7.0792017,9411.372
1992-04-14,TEX,7.0247464,7.0792017,7.0247464,7.0792017,2754.5479
1992-04-15,TEX,7.0792017,7.0792017,7.0247464,7.0247464,1377.2739
1992-04-16,TEX,7.0792017,7.0792017,6.970291,6.970291,2065.911
1992-04-20,TEX,7.0247464,7.0247464,6.8613806,6.915836,6656.8237
1992-04-21,TEX,7.0247464,7.0792017,6.970291,7.0792017,6886.3696
1992-04-22,TEX,7.0792017,7.0792017,6.8613806,6.8613806,5050.0044
1992-04-23,TEX,6.970291,6.970291,6.970291,6.970291,3213.6392
1992-04-27,TEX,6.915836,6.970291,6.8613806,6.8613806,10100.009
1992-04-28,TEX,6.915836,6.915836,6.806925,6.806925,4820.4585
1992-04-29,TEX,6.7524695,6.7524695,6.589103,6.589103,10100.009
1992-04-30,TEX,6.4801927,6.4801927,6.3712816,6.3712816,3672.7305
1992-05-01,TEX,6.3168263,6.3168263,6.15346,6.15346,8263.644
1992-05-04,TEX,6.262371,6.3168263,6.2079153,6.2079153,8493.189
1992-05-05,TEX,6.15346,6.15346,6.0445495,6.0990047,14002.284
1992-05-06,TEX,6.0990047,6.0990047,5.881183,5.990094,40400.035
1992-05-07,TEX,5.990094,5.990094,5.826728,5.826728,2295.4565
1992-05-08,TEX,5.772272,5.772272,5.554451,5.772272,17215.924
1992-05-11,TEX,5.826728,5.881183,5.826728,5.826728,2525.0022
1992-05-12,TEX,5.826728,5.826728,5.826728,5.826728,688.63696
1992-05-13,TEX,5.826728,5.826728,5.772272,5.772272,1377.2739
1992-05-14,TEX,5.6633615,5.6633615,5.554451,5.554451,12854.557
1992-05-15,TEX,5.499995,5.6633615,5.499995,5.6633615,5050.0044
1992-05-18,TEX,5.554451,5.6089063,5.554451,5.6089063,2065.911
1992-05-19,TEX,5.6089063,5.6089063,5.6089063,5.6089063,688.63696
1992-05-20,TEX,5.6089063,5.6089063,5.499995,5.499995,918.1826
1992-05-21,TEX,5.3910847,5.44554,5.3910847,5.44554,4131.822
1992-05-26,TEX,5.3910847,5.3910847,5.118808,5.118808,7804.5522
1992-05-27,TEX,5.118808,5.118808,5.064352,5.064352,3443.1848
1992-05-28,TEX,5.118808,5.173263,5.118808,5.173263,14002.284
1992-05-29,TEX,5.173263,5.2277184,5.118808,5.2277184,11706.828
1992-06-01,TEX,5.2277184,5.336629,5.2277184,5.336629,19511.38
1992-06-02,TEX,5.2821736,5.44554,5.2821736,5.44554,12854.557
1992-06-03,TEX,5.44554,5.6633615,5.44554,5.6633615,64502.33
1992-06-04,TEX,5.717817,6.0990047,5.717817,6.0990047,72077.336
1992-06-05,TEX,6.0990047,6.0990047,6.0445495,6.0990047,210952.45
1992-06-08,TEX,6.0990047,6.0990047,6.0990047,6.0990047,5738.641
1992-06-09,TEX,6.0990047,6.0990047,6.0990047,6.0990047,2754.5479
1992-06-10,TEX,5.990094,5.990094,5.772272,5.772272,12165.919
1992-06-11,TEX,5.6633615,5.6633615,5.6633615,5.6633615,2295.4565
1992-06-12,TEX,5.717817,5.717817,5.6633615,5.6633615,918.1826
1992-06-15,TEX,5.717817,5.717817,5.6633615,5.6633615,4361.367
1992-06-16,TEX,5.717817,5.717817,5.064352,5.064352,27315.932
1992-06-17,TEX,5.0098968,5.0098968,4.1386104,4.356432,253877.48
1992-06-18,TEX,4.356432,4.4108872,4.356432,4.4108872,57386.414
1992-06-19,TEX,4.4108872,4.9009857,4.356432,4.9009857,852762.06
1992-06-22,TEX,5.0098968,5.2277184,4.8465304,4.8465304,24102.293
1992-06-23,TEX,4.9554415,5.0098968,4.9009857,5.0098968,30759.117
1992-06-24,TEX,5.064352,5.064352,5.0098968,5.064352,29611.389
1992-06-25,TEX,5.064352,5.064352,5.0098968,5.0098968,4361.367
1992-06-26,TEX,5.0098968,5.064352,4.9554415,4.9554415,43613.67
1992-06-29,TEX,4.9009857,4.9554415,4.8465304,4.9554415,15609.1045
1992-06-30,TEX,4.9554415,5.0098968,4.9009857,4.9009857,42465.945
1992-07-01,TEX,4.9554415,4.9554415,4.9009857,4.9554415,5968.187
1992-07-02,TEX,4.9009857,4.9009857,4.4653425,4.5742536,61518.234
1992-07-06,TEX,4.5197983,4.628709,4.5197983,4.5742536,2984.0935
1992-07-07,TEX,4.628709,4.628709,4.5197983,4.5197983,17215.924
1992-07-08,TEX,4.5742536,4.5742536,4.5197983,4.5742536,20200.018
1992-07-09,TEX,4.5742536,4.6831646,4.5742536,4.5742536,32825.027
1992-07-10,TEX,4.5742536,4.628709,4.5742536,4.628709,7804.5522
1992-07-13,TEX,4.628709,4.628709,4.5742536,4.5742536,5050.0044
1992-07-14,TEX,4.5742536,4.5742536,4.5742536,4.5742536,4590.913
1992-07-15,TEX,4.628709,4.628709,4.4653425,4.4653425,2065.911
1992-07-16,TEX,4.5197983,4.5197983,4.5197983,4.5197983,459.0913
1992-07-17,TEX,4.4653425,4.5197983,4.4653425,4.4653425,7575.0063
1992-07-20,TEX,4.4653425,4.4653425,4.3019767,4.356432,12165.919
1992-07-21,TEX,4.356432,4.4108872,4.356432,4.4108872,11018.191
1992-07-22,TEX,4.4108872,4.4108872,4.356432,4.4108872,75061.43
1992-07-23,TEX,4.4108872,4.4108872,4.356432,4.4108872,12165.919
1992-07-24,TEX,4.3019767,4.356432,4.3019767,4.356432,9640.917
1992-07-27,TEX,4.356432,4.356432,4.2475214,4.3019767,10788.6455
1992-07-28,TEX,4.3019767,4.3019767,4.2475214,4.3019767,11936.374
1992-07-29,TEX,4.3019767,4.73762,4.3019767,4.73762,123266.016
1992-07-30,TEX,4.792075,5.064352,4.73762,5.064352,14461.376
1992-07-31,TEX,5.173263,5.173263,5.118808,5.173263,34202.3
1992-08-03,TEX,5.2277184,5.44554,5.2277184,5.336629,23643.201
1992-08-04,TEX,5.336629,5.336629,5.336629,5.336629,1147.7283
1992-08-05,TEX,5.2821736,5.336629,5.2277184,5.2821736,14231.83
1992-08-06,TEX,5.2821736,5.2821736,5.2821736,5.2821736,229.54565
1992-08-07,TEX,5.336629,5.336629,5.2277184,5.2277184,4590.913
1992-08-10,TEX,5.2821736,5.2821736,5.064352,5.064352,14690.922
1992-08-11,TEX,5.118808,5.118808,4.8465304,4.9009857,10559.1
1992-08-12,TEX,4.9554415,5.0098968,4.9554415,4.9554415,3213.6392
1992-08-13,TEX,4.8465304,4.8465304,4.6831646,4.6831646,25938.658
1992-08-14,TEX,4.6831646,4.6831646,4.4653425,4.4653425,16986.379
1992-08-17,TEX,4.4653425,4.4653425,4.4653425,4.4653425,48434.133
1992-08-18,TEX,4.4653425,4.4653425,4.3019767,4.3019767,88834.164
1992-08-19,TEX,4.2475214,4.2475214,4.1930656,4.1930656,35120.484
1992-08-20,TEX,4.1386104,4.1930656,4.084155,4.1386104,41547.76
1992-08-21,TEX,3.975244,3.975244,3.7574224,3.8663335,77356.88
1992-08-24,TEX,3.811878,3.811878,3.7029672,3.811878,66109.15
1992-08-25,TEX,3.811878,3.811878,3.648512,3.811878,441416.28
1992-08-26,TEX,3.811878,3.811878,3.7574224,3.7574224,81259.16
1992-08-27,TEX,3.811878,3.811878,3.7574224,3.7574224,18134.105
1992-08-28,TEX,3.7574224,3.7574224,3.7029672,3.7574224,46368.223
1992-08-31,TEX,3.7574224,3.7574224,3.7029672,3.7029672,21118.2
1992-09-01,TEX,3.7574224,3.7574224,3.5940564,3.7029672,19281.834
1992-09-02,TEX,3.648512,3.7574224,3.5396008,3.7574224,124413.74
1992-09-03,TEX,3.7574224,4.0296993,3.7574224,4.0296993,44761.402
1992-09-04,TEX,4.2475214,4.4653425,4.1930656,4.4108872,57845.504
1992-09-08,TEX,4.4108872,4.73762,4.4108872,4.5197983,51877.316
1992-09-09,TEX,4.5742536,4.5742536,4.2475214,4.3019767,31677.299
1992-09-10,TEX,4.356432,4.4108872,4.2475214,4.4108872,20429.562
1992-09-11,TEX,4.4108872,4.4653425,4.3019767,4.4108872,55550.047
1992-09-14,TEX,4.4108872,4.4108872,4.2475214,4.3019767,49352.312
1992-09-15,TEX,4.3019767,4.4108872,4.3019767,4.4108872,38104.58
1992-09-16,TEX,4.4108872,4.4653425,4.4108872,4.4653425,25709.113
1992-09-17,TEX,4.4108872,4.4653425,4.4108872,4.4653425,9411.372
1992-09-18,TEX,4.4653425,4.4653425,4.356432,4.4108872,27315.932
1992-09-21,TEX,4.4653425,4.8465304,4.4653425,4.792075,61059.14
1992-09-22,TEX,4.8465304,4.9554415,4.8465304,4.9009857,25938.658
1992-09-23,TEX,4.8465304,4.8465304,4.6831646,4.73762,19740.926
1992-09-24,TEX,4.73762,4.73762,4.6831646,4.6831646,9870.463
1992-09-25,TEX,4.6831646,4.792075,4.628709,4.628709,8263.644
1992-09-28,TEX,4.5197983,4.628709,4.5197983,4.5197983,5738.641
1992-09-29,TEX,4.5197983,4.5742536,4.4653425,4.4653425,11477.282
1992-09-30,TEX,4.5742536,4.5742536,4.4108872,4.4108872,8493.189
1992-10-01,TEX,4.4653425,4.5197983,4.4653425,4.4653425,3902.2761
1992-10-02,TEX,4.5742536,4.5742536,3.8663335,3.8663335,123266.016
1992-10-05,TEX,3.4306903,3.4851456,2.886136,3.1584132,353270.75
1992-10-06,TEX,3.1584132,3.267324,2.9405916,3.2128687,425577.62
1992-10-07,TEX,3.1039577,3.267324,3.1039577,3.267324,48204.586
1992-10-08,TEX,3.267324,3.5396008,3.267324,3.4851456,86997.805
1992-10-09,TEX,3.4851456,3.4851456,3.3217793,3.4306903,38104.58
1992-10-12,TEX,3.4306903,3.4851456,3.3762348,3.4306903,18363.652
1992-10-13,TEX,3.4306903,3.811878,3.4306903,3.7029672,86309.164
1992-10-14,TEX,3.648512,3.648512,3.5396008,3.5396008,25250.021
1992-10-15,TEX,3.5940564,3.5940564,3.4851456,3.5396008,25479.566
1992-10-16,TEX,3.4851456,3.648512,3.4851456,3.648512,25709.113
1992-10-19,TEX,3.648512,3.7029672,3.648512,3.648512,57615.957
1992-10-20,TEX,3.7029672,3.7029672,3.4851456,3.4851456,14461.376
1992-10-21,TEX,3.5396008,3.5396008,3.4306903,3.5396008,32136.39
1992-10-22,TEX,3.5396008,3.5396008,3.4851456,3.4851456,11706.828
1992-10-23,TEX,3.5396008,3.5396008,3.4306903,3.4306903,78045.52
1992-10-26,TEX,3.4851456,3.4851456,3.4306903,3.4851456,10329.554
1992-10-27,TEX,3.4851456,3.4851456,3.4851456,3.4851456,41318.215
1992-10-28,TEX,3.4851456,3.5396008,3.4851456,3.5396008,71159.15
1992-10-29,TEX,3.4851456,3.4851456,3.4306903,3.4851456,41318.215
1992-10-30,TEX,3.4851456,3.4851456,3.4306903,3.4306903,28234.115
1992-11-02,TEX,3.4306903,3.7029672,3.4306903,3.648512,72995.516
1992-11-03,TEX,3.648512,3.8663335,3.648512,3.8663335,64961.418
1992-11-04,TEX,3.9207888,4.4108872,3.9207888,4.3019767,196491.08
1992-11-05,TEX,4.356432,5.499995,4.356432,5.118808,299557.06
1992-11-06,TEX,5.173263,5.554451,4.628709,4.73762,316773
1992-11-09,TEX,4.792075,5.0098968,4.792075,4.792075,132447.84
1992-11-10,TEX,4.8465304,4.8465304,4.4108872,4.628709,69093.24
1992-11-11,TEX,4.5742536,4.5742536,4.1930656,4.2475214,111559.19
1992-11-12,TEX,4.1386104,4.2475214,3.7574224,4.084155,239875.2
1992-11-13,TEX,4.0296993,4.0296993,3.9207888,4.0296993,80570.52
1992-11-16,TEX,3.975244,3.975244,3.7574224,3.8663335,99393.266
1992-11-17,TEX,3.9207888,4.1930656,3.9207888,4.1386104,67027.33
1992-11-18,TEX,4.3019767,4.4108872,4.3019767,4.356432,66568.234
1992-11-19,TEX,4.356432,4.356432,4.1930656,4.2475214,25250.021
1992-11-20,TEX,4.1930656,4.2475214,3.9207888,3.9207888,401934.44
1992-11-23,TEX,3.811878,3.811878,3.7029672,3.7029672,102606.91
1992-11-24,TEX,3.7574224,3.7574224,3.7029672,3.7029672,25250.021
1992-11-25,TEX,3.7029672,3.7029672,3.4851456,3.4851456,122347.83
1992-11-27,TEX,3.5396008,3.7029672,3.4851456,3.648512,254795.67
1992-11-30,TEX,3.7029672,3.7029672,3.5940564,3.648512,41547.76
1992-12-01,TEX,3.648512,3.648512,3.5396008,3.5396008,63584.145
1992-12-02,TEX,3.5396008,3.5940564,3.5396008,3.5940564,503852.7
1992-12-03,TEX,3.5940564,3.5940564,3.5396008,3.5940564,52336.406
1992-12-04,TEX,3.7029672,4.1930656,3.7029672,3.8663335,219675.19
1992-12-07,TEX,3.9207888,4.0296993,3.811878,4.0296993,194425.17
1992-12-08,TEX,4.0296993,4.1930656,3.7574224,3.811878,160911.5
1992-12-09,TEX,3.9207888,3.975244,3.7574224,3.811878,119593.28
1992-12-10,TEX,3.8663335,3.9207888,3.811878,3.811878,25479.566
1992-12-11,TEX,3.811878,3.8663335,3.7029672,3.811878,76897.79
1992-12-14,TEX,3.811878,3.9207888,3.811878,3.8663335,10788.6455
1992-12-15,TEX,3.8663335,4.084155,3.8663335,3.975244,50729.59
1992-12-16,TEX,4.084155,4.1386104,4.0296993,4.084155,50959.133
1992-12-17,TEX,4.1386104,4.1386104,4.0296993,4.084155,36497.758
1992-12-18,TEX,4.084155,4.084155,3.975244,4.0296993,78504.61
1992-12-21,TEX,4.0296993,4.084155,3.9207888,4.0296993,44531.855
1992-12-22,TEX,4.084155,4.356432,4.084155,4.3019767,84013.71
1992-12-23,TEX,4.356432,4.356432,4.1386104,4.1386104,97786.445
1992-12-24,TEX,4.1930656,4.1930656,4.084155,4.1386104,34202.3
1992-12-28,TEX,4.1930656,4.356432,4.0296993,4.3019767,110641
1992-12-29,TEX,4.356432,4.4108872,4.2475214,4.356432,130152.38
1992-12-30,TEX,4.4108872,4.4108872,4.2475214,4.3019767,101229.63
1992-12-31,TEX,4.3019767,4.4108872,4.3019767,4.4108872,44302.31
1993-01-04,TEX,4.4108872,4.5197983,4.356432,4.356432,69552.33
1993-01-05,TEX,4.3019767,4.356432,4.1930656,4.2475214,49581.86
1993-01-06,TEX,4.2475214,4.2475214,4.1386104,4.1386104,19970.47
1993-01-07,TEX,4.1930656,4.1930656,3.975244,4.0296993,106279.63
1993-01-08,TEX,4.084155,4.084155,4.0296993,4.084155,29611.389
1993-01-11,TEX,4.084155,4.084155,4.0296993,4.084155,11247.736
1993-01-12,TEX,4.1386104,4.5197983,4.1386104,4.356432,95031.9
1993-01-13,TEX,4.4108872,4.5197983,4.356432,4.356432,28463.66
1993-01-14,TEX,4.4108872,4.4653425,4.3019767,4.356432,18134.105
1993-01-15,TEX,4.356432,4.4653425,4.356432,4.356432,36038.668
1993-01-18,TEX,4.4108872,4.5197983,4.3019767,4.3019767,27775.023
1993-01-19,TEX,4.356432,4.4108872,4.2475214,4.4108872,42236.4
1993-01-20,TEX,4.2475214,4.2475214,4.1930656,4.1930656,29611.389
1993-01-21,TEX,4.2475214,4.2475214,4.084155,4.1386104,30529.57
1993-01-22,TEX,4.1930656,4.1930656,4.1386104,4.1386104,20429.562
1993-01-25,TEX,4.1930656,4.1930656,4.084155,4.084155,26627.295
1993-01-26,TEX,4.1386104,4.1386104,4.084155,4.1386104,16297.741
1993-01-27,TEX,4.1386104,4.1386104,4.0296993,4.0296993,10788.6455
1993-01-28,TEX,4.084155,4.084155,4.0296993,4.0296993,12625.011
1993-01-29,TEX,4.084155,4.084155,4.0296993,4.084155,12395.465
1993-02-01,TEX,4.084155,4.2475214,4.084155,4.2475214,64961.418
1993-02-02,TEX,4.1930656,4.4108872,4.1930656,4.356432,35350.03
1993-02-03,TEX,4.356432,4.356432,4.3019767,4.3019767,27315.932
1993-02-04,TEX,4.356432,4.4653425,4.2475214,4.4653425,94572.805
1993-02-05,TEX,4.4653425,4.5197983,4.356432,4.356432,39481.85
1993-02-08,TEX,4.4108872,4.5197983,4.3019767,4.5197983,25250.021
1993-02-09,TEX,4.4653425,4.73762,4.4653425,4.6831646,72765.97
1993-02-10,TEX,4.73762,4.792075,4.5742536,4.6831646,48434.133
1993-02-11,TEX,4.628709,4.9009857,4.5742536,4.9009857,81718.25
1993-02-12,TEX,4.9009857,4.9009857,4.628709,4.6831646,75750.06
1993-02-16,TEX,4.6831646,4.73762,4.5197983,4.628709,82636.43
1993-02-17,TEX,4.5742536,4.73762,4.5742536,4.6831646,19511.38
1993-02-18,TEX,4.628709,4.6831646,4.4653425,4.5742536,31677.299
1993-02-19,TEX,4.5197983,4.628709,4.5197983,4.628709,25020.477
1993-02-22,TEX,4.5742536,4.628709,4.5742536,4.5742536,9870.463
1993-02-23,TEX,4.5197983,4.73762,4.5197983,4.6831646,36956.848
1993-02-24,TEX,4.628709,4.6831646,4.5197983,4.6831646,32136.39
1993-02-25,TEX,4.73762,4.792075,4.6831646,4.792075,16986.379
1993-02-26,TEX,4.73762,4.8465304,4.628709,4.8465304,44531.855
1993-03-01,TEX,4.9009857,4.9009857,4.73762,4.73762,24790.93
1993-03-02,TEX,4.792075,4.792075,4.73762,4.792075,43384.13
1993-03-03,TEX,4.8465304,5.173263,4.8465304,4.9554415,64502.33
1993-03-04,TEX,4.9554415,5.064352,4.9554415,5.0098968,12395.465
1993-03-05,TEX,5.0098968,5.0098968,4.9009857,4.9009857,10788.6455
1993-03-08,TEX,4.8465304,5.118808,4.8465304,4.8465304,94113.72
1993-03-09,TEX,4.9009857,4.9009857,4.6831646,4.6831646,21577.291
1993-03-10,TEX,4.628709,4.628709,4.5742536,4.5742536,7575.0063
1993-03-11,TEX,4.5742536,4.628709,4.5742536,4.5742536,28922.752
1993-03-12,TEX,4.5197983,4.628709,4.5197983,4.5742536,28234.115
1993-03-15,TEX,4.5742536,4.628709,4.5742536,4.628709,16986.379
1993-03-16,TEX,4.5742536,4.628709,4.5742536,4.5742536,23643.201
1993-03-17,TEX,4.5742536,4.8465304,4.5742536,4.792075,28922.752
1993-03-18,TEX,4.792075,4.792075,4.6831646,4.73762,9181.826
1993-03-19,TEX,4.792075,4.792075,4.6831646,4.6831646,18822.744
1993-03-22,TEX,4.628709,4.628709,4.5197983,4.628709,43384.13
1993-03-23,TEX,4.628709,4.73762,4.5742536,4.73762,15150.013
1993-03-24,TEX,4.73762,4.73762,4.5197983,4.628709,14690.922
1993-03-25,TEX,4.5742536,4.6831646,4.5742536,4.6831646,7345.461
1993-03-26,TEX,4.628709,4.628709,4.5742536,4.5742536,4590.913
1993-03-29,TEX,4.5742536,4.6831646,4.5197983,4.5742536,16068.195
1993-03-30,TEX,4.628709,4.628709,4.5197983,4.5742536,5509.0957
1993-03-31,TEX,4.5197983,4.5742536,4.5197983,4.5197983,15838.649
1993-04-01,TEX,4.5197983,4.6831646,4.5197983,4.5742536,25938.658
1993-04-02,TEX,4.5197983,4.5742536,4.4653425,4.5197983,17215.924
1993-04-05,TEX,4.4653425,4.4653425,3.648512,3.648512,147368.31
1993-04-06,TEX,3.5940564,3.975244,3.5396008,3.7029672,134054.66
1993-04-07,TEX,3.7574224,3.7574224,3.1584132,3.3217793,140481.94
1993-04-08,TEX,3.3217793,3.3762348,2.886136,3.2128687,224495.64
1993-04-12,TEX,3.2128687,3.5940564,3.2128687,3.5940564,63813.69
1993-04-13,TEX,3.4851456,3.5396008,3.4306903,3.5396008,52795.5
1993-04-14,TEX,3.4851456,3.811878,3.4851456,3.811878,56009.137
1993-04-15,TEX,3.811878,4.084155,3.811878,3.9207888,98934.17
1993-04-16,TEX,3.8663335,3.9207888,3.811878,3.9207888,15150.013
1993-04-19,TEX,3.8663335,3.975244,3.811878,3.8663335,52106.863
1993-04-20,TEX,3.8663335,3.8663335,3.7574224,3.7574224,17445.469
1993-04-21,TEX,3.7574224,3.7574224,3.7029672,3.7029672,7804.5522
1993-04-22,TEX,3.7574224,3.9207888,3.7574224,3.9207888,47515.95
1993-04-23,TEX,3.9207888,3.975244,3.8663335,3.8663335,65650.055
1993-04-26,TEX,3.811878,3.811878,3.5396008,3.5396008,29611.389
1993-04-27,TEX,3.7029672,3.7574224,3.7029672,3.7574224,27775.023
1993-04-28,TEX,3.7029672,3.7574224,3.648512,3.648512,6656.8237
1993-04-29,TEX,3.7029672,3.7029672,3.5940564,3.5940564,4820.4585
1993-04-30,TEX,3.5940564,3.5940564,3.4851456,3.5940564,48893.223
1993-05-03,TEX,3.5396008,3.5940564,3.4306903,3.4851456,21806.836
1993-05-04,TEX,3.4851456,3.5940564,3.4306903,3.5396008,40859.125
1993-05-05,TEX,3.5396008,3.5396008,3.4851456,3.5396008,96638.72
1993-05-06,TEX,3.5396008,3.5940564,3.4851456,3.5940564,88375.08
1993-05-07,TEX,3.5396008,3.5396008,3.4851456,3.4851456,22495.473
1993-05-10,TEX,3.5396008,3.5396008,3.4851456,3.4851456,21347.746
1993-05-11,TEX,3.4851456,3.4851456,3.0495024,3.0495024,103066
1993-05-12,TEX,3.1039577,3.1039577,2.995047,2.995047,107886.45
1993-05-13,TEX,2.995047,3.3762348,2.886136,3.3762348,508214.06
1993-05-14,TEX,3.3762348,3.3762348,3.2128687,3.2128687,203836.53
1993-05-17,TEX,3.2128687,3.2128687,3.0495024,3.1039577,145302.39
1993-05-18,TEX,3.0495024,3.267324,3.0495024,3.2128687,193966.08
1993-05-19,TEX,3.1584132,3.267324,3.0495024,3.267324,74143.24
1993-05-20,TEX,3.267324,3.7574224,3.267324,3.5396008,151959.22
1993-05-21,TEX,3.5396008,3.5396008,3.3762348,3.4306903,19740.926
1993-05-24,TEX,3.3762348,3.4306903,3.3762348,3.3762348,21577.291
1993-05-25,TEX,3.3762348,3.3762348,3.1039577,3.267324,94113.72
1993-05-26,TEX,3.267324,3.5396008,3.2128687,3.5396008,73225.06
1993-05-27,TEX,3.4851456,3.4851456,3.3217793,3.4306903,56927.32
1993-05-28,TEX,3.4306903,3.4306903,3.3762348,3.4306903,89063.71
1993-06-01,TEX,3.3762348,3.3762348,3.2128687,3.267324,51418.227
1993-06-02,TEX,3.267324,3.267324,3.1039577,3.1584132,28004.568
1993-06-03,TEX,3.267324,3.267324,3.1584132,3.2128687,24331.838
1993-06-04,TEX,3.267324,3.267324,3.2128687,3.2128687,35809.12
1993-06-07,TEX,3.267324,3.267324,3.1039577,3.1039577,44531.855
1993-06-08,TEX,3.1039577,3.1584132,3.1039577,3.1584132,17445.469
1993-06-09,TEX,3.1584132,3.4306903,3.0495024,3.4306903,90211.44
1993-06-10,TEX,3.4851456,3.4851456,3.3762348,3.3762348,63584.145
1993-06-11,TEX,3.4306903,3.4306903,3.3217793,3.3217793,44761.402
1993-06-14,TEX,3.3217793,3.3762348,3.3217793,3.3762348,20429.562
1993-06-15,TEX,3.3217793,3.3762348,3.3217793,3.3217793,3213.6392
1993-06-16,TEX,3.3217793,3.3762348,3.2128687,3.267324,43154.582
1993-06-17,TEX,3.267324,3.3217793,3.267324,3.3217793,43613.67
1993-06-18,TEX,3.267324,3.3217793,3.267324,3.267324,14690.922
1993-06-21,TEX,3.2128687,3.267324,3.2128687,3.267324,44302.31
1993-06-22,TEX,3.267324,3.267324,3.2128687,3.267324,68634.15
1993-06-23,TEX,3.2128687,3.267324,3.2128687,3.2128687,25709.113
1993-06-24,TEX,3.267324,3.267324,3.2128687,3.2128687,8493.189
1993-06-25,TEX,3.2128687,3.267324,3.2128687,3.267324,15150.013
1993-06-28,TEX,3.2128687,3.2128687,3.2128687,3.2128687,5738.641
1993-06-29,TEX,3.267324,3.267324,3.2128687,3.2128687,25479.566
1993-06-30,TEX,3.2128687,3.4306903,3.2128687,3.4306903,57845.504
1993-07-01,TEX,3.3762348,3.4851456,3.3762348,3.4306903,69093.24
1993-07-02,TEX,3.4306903,3.4851456,3.4306903,3.4851456,47286.402
1993-07-06,TEX,3.4306903,3.4306903,3.3762348,3.3762348,60140.96
1993-07-07,TEX,3.267324,3.4306903,3.267324,3.4306903,44761.402
1993-07-08,TEX,3.3762348,3.4306903,3.3762348,3.3762348,5968.187
1993-07-09,TEX,3.4306903,3.5396008,3.4306903,3.5396008,87456.89
1993-07-12,TEX,3.4851456,3.5396008,3.4851456,3.5396008,30529.57
1993-07-13,TEX,3.4851456,3.5396008,3.4851456,3.5396008,11247.736
1993-07-14,TEX,3.5396008,3.5396008,3.4851456,3.5396008,39711.4
1993-07-15,TEX,3.3762348,3.4306903,3.3762348,3.4306903,30988.662
1993-07-16,TEX,3.3217793,3.3762348,3.1039577,3.2128687,59911.414
1993-07-19,TEX,3.2128687,3.2128687,3.1039577,3.1584132,14690.922
1993-07-20,TEX,3.1584132,3.3762348,3.1584132,3.3217793,60600.05
1993-07-21,TEX,3.267324,3.3217793,3.267324,3.267324,8952.28
1993-07-22,TEX,3.267324,3.3217793,3.267324,3.267324,17215.924
1993-07-23,TEX,3.267324,3.3217793,3.267324,3.267324,19970.47
1993-07-26,TEX,3.3762348,3.3762348,3.3217793,3.3762348,19052.29
1993-07-27,TEX,3.3217793,3.3762348,3.3217793,3.3217793,24102.293
1993-07-28,TEX,3.267324,3.3217793,3.267324,3.267324,16527.287
1993-07-29,TEX,3.3217793,3.3217793,3.267324,3.3217793,6886.3696
1993-07-30,TEX,3.267324,3.3217793,3.267324,3.3217793,8952.28
1993-08-02,TEX,3.3217793,3.3217793,3.267324,3.267324,18593.197
1993-08-03,TEX,3.267324,3.3217793,3.267324,3.267324,14002.284
1993-08-04,TEX,3.3217793,3.3762348,3.267324,3.3762348,42925.035
1993-08-05,TEX,3.3762348,3.4851456,3.3762348,3.4851456,90670.53
1993-08-06,TEX,3.4306903,3.5396008,3.3762348,3.4306903,69781.875
1993-08-09,TEX,3.3762348,3.4306903,3.267324,3.267324,44531.855
1993-08-10,TEX,3.3217793,3.3217793,3.267324,3.3217793,56009.137
1993-08-11,TEX,3.267324,3.267324,3.267324,3.267324,54631.863
1993-08-12,TEX,3.3217793,3.3217793,3.1584132,3.1584132,43843.22
1993-08-13,TEX,3.1584132,3.2128687,3.0495024,3.0495024,72306.88
1993-08-16,TEX,3.1039577,3.1039577,3.0495024,3.0495024,45679.586
1993-08-17,TEX,2.995047,3.0495024,2.995047,2.995047,92277.35
1993-08-18,TEX,2.995047,2.995047,2.886136,2.9405916,64043.234
1993-08-19,TEX,2.9405916,2.9405916,2.8316808,2.886136,32365.936
1993-08-20,TEX,2.886136,2.886136,2.7772255,2.7772255,42465.945
1993-08-23,TEX,2.8316808,2.8316808,2.7772255,2.7772255,79193.25
1993-08-24,TEX,2.72277,3.3217793,2.72277,3.1584132,211411.55
1993-08-25,TEX,3.2128687,3.2128687,3.0495024,3.1584132,110411.45
1993-08-26,TEX,3.1039577,3.1584132,2.886136,2.886136,27086.387
1993-08-27,TEX,2.886136,2.995047,2.886136,2.9405916,17904.56
1993-08-30,TEX,2.9405916,2.995047,2.886136,2.995047,51877.316
1993-08-31,TEX,3.0495024,3.1039577,2.995047,3.0495024,33284.117
1993-09-01,TEX,3.0495024,3.1039577,3.0495024,3.1039577,5279.55
1993-09-02,TEX,3.0495024,3.1039577,3.0495024,3.0495024,36956.848
1993-09-03,TEX,3.0495024,3.0495024,3.0495024,3.0495024,5968.187
1993-09-07,TEX,3.0495024,3.1584132,3.0495024,3.1584132,35120.484
1993-09-08,TEX,3.1584132,3.1584132,2.995047,3.0495024,54402.32
1993-09-09,TEX,3.0495024,3.1039577,3.0495024,3.0495024,66109.15
1993-09-10,TEX,3.0495024,3.1584132,3.0495024,3.0495024,34202.3
1993-09-13,TEX,3.1039577,3.1039577,3.0495024,3.0495024,117527.375
1993-09-14,TEX,3.1039577,3.1039577,2.995047,3.0495024,16068.195
1993-09-15,TEX,3.0495024,3.1039577,3.0495024,3.0495024,13313.647
1993-09-16,TEX,3.0495024,3.1039577,3.0495024,3.1039577,16986.379
1993-09-17,TEX,3.0495024,3.1039577,3.0495024,3.1039577,8722.734
1993-09-20,TEX,3.1584132,3.1584132,3.0495024,3.0495024,23643.201
1993-09-21,TEX,3.0495024,3.1039577,3.0495024,3.1039577,46138.676
1993-09-22,TEX,3.1584132,3.1584132,3.0495024,3.1039577,40859.125
1993-09-23,TEX,3.0495024,3.0495024,2.995047,2.995047,352811.66
1993-09-24,TEX,2.995047,2.995047,2.995047,2.995047,19970.47
1993-09-27,TEX,3.0495024,3.0495024,2.995047,2.995047,42925.035
1993-09-28,TEX,2.995047,2.995047,2.8316808,2.8316808,277061.6
1993-09-29,TEX,2.8316808,2.9405916,2.8316808,2.9405916,296343.44
1993-09-30,TEX,2.9405916,2.9405916,2.886136,2.886136,120511.47
1993-10-01,TEX,2.886136,2.886136,2.886136,2.886136,11706.828
1993-10-04,TEX,2.8316808,2.886136,2.8316808,2.8316808,72765.97
1993-10-05,TEX,2.8316808,2.886136,2.8316808,2.8316808,29611.389
1993-10-06,TEX,2.8316808,2.886136,2.8316808,2.8316808,28234.115
1993-10-07,TEX,2.8316808,2.886136,2.8316808,2.886136,2754.5479
1993-10-08,TEX,2.886136,2.886136,2.8316808,2.886136,11477.282
1993-10-11,TEX,2.8316808,2.886136,2.8316808,2.8316808,20888.654
1993-10-12,TEX,2.8316808,2.886136,2.8316808,2.886136,4361.367
1993-10-13,TEX,2.8316808,2.886136,2.8316808,2.8316808,105131.91
1993-10-14,TEX,2.8316808,2.886136,2.8316808,2.8316808,35350.03
1993-10-15,TEX,2.8316808,2.9405916,2.8316808,2.9405916,141629.67
1993-10-18,TEX,2.9405916,2.995047,2.886136,2.995047,76897.79
1993-10-19,TEX,2.9405916,3.3762348,2.9405916,3.0495024,109722.82
1993-10-20,TEX,3.267324,3.3217793,3.2128687,3.267324,321134.38
1993-10-21,TEX,3.3217793,3.4306903,3.267324,3.3762348,96409.17
1993-10-22,TEX,3.4306903,3.7574224,3.4306903,3.5940564,184095.61
1993-10-25,TEX,3.648512,3.7574224,3.5940564,3.5940564,100311.445
1993-10-26,TEX,3.648512,3.648512,3.3762348,3.3762348,40400.035
1993-10-27,TEX,3.4306903,3.4306903,3.3762348,3.4306903,3902.2761
1993-10-28,TEX,3.4306903,3.4306903,3.3217793,3.3762348,18822.744
1993-10-29,TEX,3.3762348,3.3762348,3.3217793,3.3217793,8952.28
1993-11-01,TEX,3.3762348,3.3762348,3.3217793,3.3762348,21577.291
1993-11-02,TEX,3.3217793,3.3217793,3.1584132,3.1584132,22265.928
1993-11-03,TEX,3.2128687,3.2128687,2.9405916,2.995047,50040.953
1993-11-04,TEX,3.0495024,3.1584132,3.0495024,3.1584132,23413.656
1993-11-05,TEX,3.1584132,3.1584132,3.1584132,3.1584132,1377.2739
1993-11-08,TEX,3.1584132,3.4306903,3.1584132,3.4306903,17904.56
1993-11-09,TEX,3.3762348,3.3762348,3.2128687,3.267324,104672.81
1993-11-10,TEX,3.3217793,3.3217793,3.1584132,3.1584132,17904.56
1993-11-11,TEX,3.1584132,3.267324,3.1584132,3.2128687,10100.009
1993-11-12,TEX,3.2128687,3.7574224,3.2128687,3.7029672,219216.1
1993-11-15,TEX,3.5940564,3.975244,3.5396008,3.811878,301393.44
1993-11-16,TEX,3.7574224,4.0296993,3.7574224,3.975244,159993.31
1993-11-17,TEX,3.9207888,3.975244,3.8663335,3.8663335,57615.957
1993-11-18,TEX,3.811878,3.811878,3.7029672,3.7029672,21806.836
1993-11-19,TEX,3.7029672,3.7574224,3.5940564,3.5940564,92277.35
1993-11-22,TEX,3.5940564,3.7029672,3.5940564,3.648512,72765.97
1993-11-23,TEX,3.5940564,3.648512,3.4851456,3.648512,60370.504
1993-11-24,TEX,3.648512,3.7029672,3.5940564,3.648512,187768.34
1993-11-26,TEX,3.7029672,3.7574224,3.7029672,3.7029672,12395.465
1993-11-29,TEX,3.7029672,3.7574224,3.648512,3.648512,16297.741
1993-11-30,TEX,3.648512,3.7029672,3.648512,3.648512,28234.115
1993-12-01,TEX,3.648512,3.648512,3.5396008,3.5396008,19740.926
1993-12-02,TEX,3.4851456,3.4851456,3.267324,3.3217793,36727.305
1993-12-03,TEX,3.267324,3.3762348,3.0495024,3.3762348,182488.8
1993-12-06,TEX,3.3217793,3.3217793,3.2128687,3.2128687,12165.919
1993-12-07,TEX,3.267324,3.267324,3.1584132,3.1584132,158845.6
1993-12-08,TEX,3.1584132,3.2128687,3.1584132,3.2128687,110870.55
1993-12-09,TEX,3.2128687,3.2128687,3.1584132,3.1584132,36956.848
1993-12-10,TEX,3.1584132,3.2128687,3.1039577,3.2128687,49811.406
1993-12-13,TEX,3.1584132,3.2128687,3.1039577,3.2128687,20888.654
1993-12-14,TEX,3.2128687,3.3217793,3.2128687,3.267324,48663.676
1993-12-15,TEX,3.2128687,3.2128687,3.1039577,3.1584132,13543.193
1993-12-16,TEX,3.1039577,3.1584132,2.995047,2.995047,28234.115
1993-12-17,TEX,3.0495024,3.0495024,2.886136,3.0495024,77815.98
1993-12-20,TEX,3.0495024,3.1584132,3.0495024,3.1584132,53713.684
1993-12-21,TEX,3.2128687,3.2128687,3.1039577,3.1584132,30070.48
1993-12-22,TEX,3.1584132,3.1584132,3.1039577,3.1039577,46368.223
1993-12-23,TEX,3.1039577,3.1039577,2.995047,3.0495024,33284.117
1993-12-27,TEX,2.995047,2.995047,2.7772255,2.7772255,101459.18
1993-12-28,TEX,2.7772255,2.8316808,2.7772255,2.8316808,94343.26
1993-12-29,TEX,2.8316808,2.8316808,2.7772255,2.8316808,73225.06
1993-12-30,TEX,2.8316808,2.995047,2.8316808,2.995047,201081.98
1993-12-31,TEX,2.995047,3.0495024,2.995047,2.995047,94343.26
1994-01-03,TEX,2.995047,3.0495024,2.995047,2.995047,17215.924
1994-01-04,TEX,3.0495024,3.1039577,2.886136,2.9405916,43154.582
1994-01-05,TEX,2.9405916,2.9405916,2.886136,2.886136,13772.739
1994-01-06,TEX,2.8316808,2.886136,2.8316808,2.886136,44990.945
1994-01-07,TEX,2.8316808,2.886136,2.8316808,2.8316808,6427.2783
1994-01-10,TEX,2.8316808,2.886136,2.8316808,2.886136,11018.191
1994-01-11,TEX,2.8316808,2.8316808,2.7772255,2.8316808,78275.06
1994-01-12,TEX,2.7772255,2.7772255,2.72277,2.72277,151959.22
1994-01-13,TEX,2.7772255,2.7772255,2.72277,2.72277,25479.566
1994-01-14,TEX,2.6683145,2.8316808,2.6683145,2.8316808,110641
1994-01-17,TEX,2.7772255,2.8316808,2.7772255,2.7772255,88375.08
1994-01-18,TEX,2.8316808,2.995047,2.8316808,2.9405916,99163.72
1994-01-19,TEX,2.9405916,3.267324,2.9405916,3.2128687,184784.25
1994-01-20,TEX,3.3217793,3.7029672,3.3217793,3.5940564,297720.72
1994-01-21,TEX,3.7029672,3.7574224,3.5940564,3.5940564,172159.23
1994-01-24,TEX,3.648512,3.7029672,3.5396008,3.648512,88834.164
1994-01-25,TEX,3.7029672,4.084155,3.7029672,3.9207888,144154.67
1994-01-26,TEX,4.0296993,4.084155,3.9207888,4.084155,197868.34
1994-01-27,TEX,4.084155,4.1930656,4.084155,4.1930656,104213.73
1994-01-28,TEX,4.3019767,4.3019767,4.0296993,4.2475214,121888.74
1994-01-31,TEX,4.1930656,4.2475214,4.1386104,4.1930656,55320.5
1994-02-01,TEX,4.1386104,4.2475214,4.1386104,4.1386104,147368.31
1994-02-02,TEX,4.1930656,4.1930656,3.9207888,4.0296993,45220.492
1994-02-03,TEX,3.975244,3.975244,3.7029672,3.8663335,72765.97
1994-02-04,TEX,3.7574224,3.8663335,3.5396008,3.5396008,48893.223
1994-02-07,TEX,3.4851456,3.4851456,2.995047,3.4306903,149434.22
1994-02-08,TEX,3.4306903,3.5396008,3.4306903,3.4851456,34431.848
1994-02-09,TEX,3.4851456,3.5396008,3.4851456,3.5396008,17904.56
1994-02-10,TEX,3.5940564,3.648512,3.5396008,3.5940564,44531.855
1994-02-11,TEX,3.648512,3.648512,3.5940564,3.648512,6656.8237
1994-02-14,TEX,3.5940564,3.7029672,3.5940564,3.7029672,8034.0977
1994-02-15,TEX,3.7029672,3.7029672,3.648512,3.648512,12625.011
1994-02-16,TEX,3.7029672,3.7029672,3.5940564,3.648512,23872.748
1994-02-17,TEX,3.648512,3.648512,3.4851456,3.4851456,21118.2
1994-02-18,TEX,3.5396008,3.648512,3.4851456,3.648512,24102.293
1994-02-22,TEX,3.5940564,3.5940564,3.5396008,3.5940564,5509.0957
1994-02-23,TEX,3.5396008,3.648512,3.5396008,3.648512,17675.016
1994-02-24,TEX,3.5940564,3.7574224,3.5940564,3.7029672,48663.676
1994-02-25,TEX,3.7574224,3.811878,3.648512,3.648512,27545.479
1994-02-28,TEX,3.648512,3.7574224,3.5396008,3.7574224,60600.05
1994-03-01,TEX,3.7029672,3.811878,3.648512,3.7029672,91129.625
1994-03-02,TEX,3.648512,3.7029672,3.5940564,3.7029672,14920.467
1994-03-03,TEX,3.648512,3.7029672,3.4851456,3.648512,1790456
1994-03-04,TEX,3.5940564,3.9207888,3.5940564,3.8663335,282341.16
1994-03-07,TEX,3.9207888,3.9207888,3.811878,3.8663335,219904.73
1994-03-08,TEX,3.9207888,4.0296993,3.9207888,3.9207888,125561.47
1994-03-09,TEX,4.0296993,4.0296993,3.8663335,3.8663335,84243.25
1994-03-10,TEX,3.9207888,3.9207888,3.648512,3.648512,88604.62
1994-03-11,TEX,3.7029672,3.7029672,3.5940564,3.648512,123725.1
1994-03-14,TEX,3.5940564,3.5940564,3.5396008,3.5940564,70470.516
1994-03-15,TEX,3.5940564,3.7029672,3.5940564,3.5940564,177209.23
1994-03-16,TEX,3.5940564,3.5940564,3.5396008,3.5940564,74831.88
1994-03-17,TEX,3.5940564,3.7029672,3.5940564,3.7029672,70011.42
1994-03-18,TEX,3.7029672,3.7029672,3.5940564,3.648512,113166.01
1994-03-21,TEX,3.5940564,3.5940564,3.5396008,3.5396008,83325.07
1994-03-22,TEX,3.5940564,3.8663335,3.5940564,3.8663335,116150.1
1994-03-23,TEX,3.9207888,3.9207888,3.7574224,3.8663335,134054.66
1994-03-24,TEX,3.811878,3.9207888,3.7029672,3.7029672,67256.875
1994-03-25,TEX,3.7574224,3.811878,3.7029672,3.7029672,51418.227
1994-03-28,TEX,3.7574224,3.7574224,3.5940564,3.5940564,15150.013
1994-03-29,TEX,3.5396008,3.5396008,3.4306903,3.5396008,73454.61
1994-03-30,TEX,3.4851456,3.5396008,3.3762348,3.4851456,268797.97
1994-03-31,TEX,3.4851456,3.5396008,3.4851456,3.4851456,64502.33
1994-04-04,TEX,3.4306903,3.4851456,3.3217793,3.4306903,19740.926
1994-04-05,TEX,3.4306903,3.4306903,3.267324,3.267324,11706.828
1994-04-06,TEX,3.267324,3.3217793,3.2128687,3.3217793,27775.023
1994-04-07,TEX,3.3762348,3.4306903,3.3217793,3.3217793,32136.39
1994-04-08,TEX,3.3217793,3.3217793,3.1584132,3.2128687,24102.293
1994-04-11,TEX,3.1584132,3.267324,3.1584132,3.2128687,8263.644
1994-04-12,TEX,3.2128687,3.267324,3.1584132,3.2128687,19052.29
1994-04-13,TEX,3.1584132,3.1584132,3.0495024,3.0495024,16527.287
1994-04-14,TEX,3.0495024,3.0495024,2.8316808,3.0495024,39252.305
1994-04-15,TEX,3.1039577,3.267324,3.1039577,3.1039577,28922.752
1994-04-18,TEX,3.1584132,3.2128687,2.995047,2.995047,18822.744
1994-04-19,TEX,2.9405916,3.0495024,2.9405916,3.0495024,21806.836
1994-04-20,TEX,2.995047,3.0495024,2.886136,2.995047,18593.197
1994-04-21,TEX,2.9405916,2.995047,2.8316808,2.886136,37186.395
1994-04-22,TEX,2.9405916,2.9405916,2.886136,2.886136,20659.107
1994-04-25,TEX,2.886136,2.995047,2.886136,2.995047,16297.741
1994-04-26,TEX,2.9405916,3.1039577,2.9405916,3.1039577,13313.647
1994-04-28,TEX,3.1584132,3.2128687,3.1584132,3.2128687,16986.379
1994-04-29,TEX,3.1584132,3.3762348,3.1584132,3.3217793,20200.018
1994-05-02,TEX,3.3217793,3.3217793,3.2128687,3.2128687,7115.915
1994-05-03,TEX,3.2128687,3.2128687,3.1039577,3.1039577,23413.656
1994-05-04,TEX,3.1039577,3.1039577,3.0495024,3.1039577,46138.676
1994-05-05,TEX,3.0495024,3.1039577,3.0495024,3.0495024,5509.0957
1994-05-06,TEX,3.0495024,3.1039577,2.995047,3.1039577,5738.641
1994-05-09,TEX,3.0495024,3.1039577,3.0495024,3.1039577,25938.658
1994-05-10,TEX,3.0495024,3.1039577,2.995047,3.0495024,20200.018
1994-05-11,TEX,2.995047,3.0495024,2.886136,2.9405916,11477.282
1994-05-12,TEX,2.886136,2.9405916,2.886136,2.886136,3902.2761
1994-05-13,TEX,2.886136,2.995047,2.886136,2.995047,37645.49
1994-05-16,TEX,2.9405916,3.0495024,2.9405916,3.0495024,7575.0063
1994-05-17,TEX,3.0495024,3.0495024,2.9405916,2.9405916,36727.305
1994-05-18,TEX,2.9405916,3.0495024,2.9405916,2.995047,14231.83
1994-05-19,TEX,2.9405916,3.0495024,2.9405916,2.995047,6427.2783
1994-05-20,TEX,3.0495024,3.0495024,2.8316808,2.886136,16068.195
1994-05-23,TEX,2.886136,2.886136,2.6683145,2.72277,77586.43
1994-05-24,TEX,2.7772255,2.8316808,2.72277,2.7772255,12854.557
1994-05-25,TEX,2.72277,2.7772255,2.4504929,2.559404,135891.03
1994-05-26,TEX,2.559404,2.6683145,2.559404,2.6683145,19511.38
1994-05-27,TEX,2.6683145,2.72277,2.6683145,2.6683145,12165.919
1994-05-31,TEX,2.6683145,2.6683145,2.559404,2.6138592,7804.5522
1994-06-01,TEX,2.6138592,2.6138592,2.5049484,2.5049484,3672.7305
1994-06-02,TEX,2.5049484,2.5049484,2.3960376,2.5049484,75979.61
1994-06-03,TEX,2.4504929,2.4504929,2.3960376,2.4504929,12165.919
1994-06-06,TEX,2.5049484,2.5049484,2.4504929,2.5049484,24102.293
1994-06-07,TEX,2.559404,2.559404,2.5049484,2.559404,20200.018
1994-06-08,TEX,2.5049484,2.5049484,2.5049484,2.5049484,8722.734
1994-06-09,TEX,2.5049484,2.6138592,2.5049484,2.6138592,18593.197
1994-06-10,TEX,2.559404,2.72277,2.5049484,2.6138592,28004.568
1994-06-13,TEX,2.6683145,2.6683145,2.559404,2.6138592,9181.826
1994-06-14,TEX,2.6683145,2.6683145,2.6138592,2.6138592,5279.55
1994-06-15,TEX,2.6683145,2.72277,2.559404,2.559404,69093.24
1994-06-16,TEX,2.5049484,2.559404,2.5049484,2.559404,10559.1
1994-06-17,TEX,2.559404,2.559404,2.3960376,2.4504929,44761.402
1994-06-20,TEX,2.3960376,2.3960376,2.3960376,2.3960376,13313.647
1994-06-21,TEX,2.3960376,2.4504929,2.3960376,2.3960376,3443.1848
1994-06-22,TEX,2.3960376,2.3960376,2.2871268,2.3415823,15609.1045
1994-06-23,TEX,2.2871268,2.4504929,2.2871268,2.3960376,205213.81
1994-06-24,TEX,2.3415823,2.4504929,2.3415823,2.4504929,23413.656
1994-06-27,TEX,2.5049484,2.5049484,2.3415823,2.3960376,25250.021
1994-06-28,TEX,2.3415823,2.3960376,2.2326713,2.2326713,18822.744
1994-06-29,TEX,2.2871268,2.3415823,2.2326713,2.3415823,76438.7
1994-06-30,TEX,2.2871268,2.3415823,2.2326713,2.3415823,44990.945
1994-07-01,TEX,2.2871268,2.3415823,2.1237607,2.178216,30070.48
1994-07-05,TEX,2.178216,2.178216,2.0693052,2.1237607,75750.06
1994-07-06,TEX,2.0693052,2.0693052,1.9603944,2.0693052,84243.25
1994-07-07,TEX,2.0693052,2.0693052,2.0148497,2.0148497,24102.293
1994-07-08,TEX,2.0693052,2.0693052,2.0148497,2.0148497,11247.736
1994-07-11,TEX,2.0148497,2.0693052,1.9603944,2.0148497,65420.51
1994-07-12,TEX,2.0693052,2.0693052,1.9603944,2.0148497,40629.58
1994-07-13,TEX,2.0148497,2.0148497,1.9603944,2.0148497,21577.291
1994-07-14,TEX,1.9603944,1.9603944,1.7970282,1.9603944,50729.59
1994-07-15,TEX,1.9603944,1.9603944,1.8514836,1.9603944,62206.87
1994-07-18,TEX,1.9603944,2.0148497,1.905939,2.0148497,29840.934
1994-07-19,TEX,1.9603944,2.0148497,1.9603944,2.0148497,126709.195
1994-07-20,TEX,2.0693052,2.2326713,1.9603944,2.2326713,109952.37
1994-07-21,TEX,2.2871268,2.4504929,2.2871268,2.4504929,45220.492
1994-07-22,TEX,2.559404,2.886136,2.5049484,2.72277,160222.86
1994-07-25,TEX,2.886136,2.995047,2.7772255,2.7772255,109722.82
1994-07-26,TEX,2.7772255,2.7772255,2.6683145,2.72277,50270.496
1994-07-27,TEX,2.72277,2.7772255,2.6683145,2.72277,36956.848
1994-07-28,TEX,2.72277,2.7772255,2.559404,2.6683145,77586.43
1994-07-29,TEX,2.72277,2.7772255,2.72277,2.72277,55550.047
1994-08-01,TEX,2.6683145,2.6683145,2.6683145,2.6683145,33513.664
1994-08-02,TEX,2.6683145,2.6683145,2.6138592,2.6138592,19740.926
1994-08-03,TEX,2.6683145,2.9405916,2.6683145,2.7772255,243777.48
1994-08-04,TEX,2.8316808,2.886136,2.7772255,2.7772255,81029.62
1994-08-05,TEX,2.8316808,2.886136,2.8316808,2.8316808,51188.68
1994-08-08,TEX,2.886136,2.886136,2.8316808,2.8316808,29840.934
1994-08-09,TEX,2.886136,3.0495024,2.8316808,3.0495024,104443.27
1994-08-10,TEX,3.1039577,3.2128687,2.886136,2.886136,144613.77
1994-08-11,TEX,2.886136,2.9405916,2.7772255,2.9405916,60370.504
1994-08-12,TEX,2.995047,2.995047,2.8316808,2.886136,32825.027
1994-08-15,TEX,2.8316808,2.9405916,2.8316808,2.8316808,23872.748
1994-08-16,TEX,2.8316808,2.886136,2.72277,2.72277,45220.492
1994-08-17,TEX,2.7772255,2.7772255,2.6683145,2.72277,56468.23
1994-08-18,TEX,2.7772255,2.7772255,2.72277,2.7772255,40170.49
1994-08-19,TEX,2.7772255,2.7772255,2.6138592,2.6683145,128316.016
1994-08-22,TEX,2.6683145,2.72277,2.6683145,2.6683145,90440.984
1994-08-23,TEX,2.6683145,2.6683145,2.6138592,2.6683145,79422.8
1994-08-24,TEX,2.6683145,2.72277,2.6683145,2.72277,53484.137
1994-08-25,TEX,2.7772255,2.7772255,2.72277,2.72277,8034.0977
1994-08-26,TEX,2.72277,2.886136,2.72277,2.8316808,82636.43
1994-08-29,TEX,2.886136,2.886136,2.7772255,2.7772255,49581.86
1994-08-30,TEX,2.7772255,2.8316808,2.7772255,2.8316808,19511.38
1994-08-31,TEX,2.8316808,2.886136,2.7772255,2.8316808,92965.984
1994-09-01,TEX,2.8316808,2.8316808,2.6683145,2.72277,33284.117
1994-09-02,TEX,2.72277,2.72277,2.6683145,2.6683145,19052.29
1994-09-06,TEX,2.6683145,2.72277,2.6683145,2.6683145,5509.0957
1994-09-07,TEX,2.72277,2.72277,2.6683145,2.6683145,29840.934
1994-09-08,TEX,2.6683145,2.6683145,2.6683145,2.6683145,13543.193
1994-09-09,TEX,2.6138592,2.6138592,2.559404,2.6138592,39940.94
1994-09-12,TEX,2.559404,2.6683145,2.559404,2.6138592,56697.773
1994-09-13,TEX,2.6138592,2.6138592,2.5049484,2.5049484,33284.117
1994-09-14,TEX,2.559404,2.6683145,2.559404,2.6683145,59681.867
1994-09-15,TEX,2.72277,2.8316808,2.6683145,2.7772255,41318.215
1994-09-16,TEX,2.72277,2.7772255,2.72277,2.7772255,17904.56
1994-09-19,TEX,2.72277,2.7772255,2.6683145,2.72277,49811.406
1994-09-20,TEX,2.6683145,2.6683145,2.5049484,2.559404,68863.695
1994-09-21,TEX,2.559404,2.559404,2.5049484,2.5049484,16986.379
1994-09-22,TEX,2.6138592,2.72277,2.6138592,2.72277,62665.96
1994-09-23,TEX,2.72277,2.72277,2.6683145,2.6683145,14002.284
1994-09-26,TEX,2.6683145,2.72277,2.6683145,2.6683145,23643.201
1994-09-27,TEX,2.72277,2.72277,2.6138592,2.6138592,5738.641
1994-09-28,TEX,2.6683145,2.8316808,2.6138592,2.7772255,35579.574
1994-09-29,TEX,2.72277,3.1584132,2.72277,3.1039577,81259.16
1994-09-30,TEX,3.1584132,3.2128687,2.995047,3.1039577,131529.66
1994-10-03,TEX,3.1039577,3.4306903,3.0495024,3.3762348,118445.555
1994-10-04,TEX,3.3762348,3.3762348,3.1039577,3.1039577,143695.58
1994-10-05,TEX,3.1039577,3.2128687,3.0495024,3.2128687,28463.66
1994-10-06,TEX,3.2128687,3.2128687,3.1039577,3.1584132,20429.562
1994-10-07,TEX,3.0495024,3.1584132,3.0495024,3.1039577,170093.33
1994-10-10,TEX,3.1039577,3.1039577,2.995047,3.0495024,24790.93
1994-10-11,TEX,3.0495024,3.0495024,2.995047,2.995047,54402.32
1994-10-12,TEX,2.995047,3.0495024,2.9405916,3.0495024,40170.49
1994-10-13,TEX,3.2128687,3.4851456,3.2128687,3.267324,154484.22
1994-10-14,TEX,3.3217793,3.3217793,3.2128687,3.2128687,109493.27
1994-10-17,TEX,3.267324,3.267324,3.1584132,3.1584132,18134.105
1994-10-18,TEX,3.1584132,3.2128687,3.1584132,3.2128687,135661.48
1994-10-19,TEX,3.267324,3.4306903,3.2128687,3.267324,255943.39
1994-10-20,TEX,3.2128687,3.4306903,3.2128687,3.267324,60829.598
1994-10-21,TEX,3.3217793,3.4306903,3.3217793,3.3762348,56468.23
1994-10-24,TEX,3.3762348,3.4306903,3.3217793,3.4306903,78275.06
1994-10-25,TEX,3.4306903,3.4306903,2.995047,3.0495024,95031.9
1994-10-26,TEX,2.995047,3.3762348,2.995047,3.267324,127168.29
1994-10-27,TEX,3.267324,3.3217793,3.267324,3.267324,25938.658
1994-10-28,TEX,3.3217793,3.3762348,3.3217793,3.3762348,33054.574
1994-10-31,TEX,3.3762348,3.4306903,3.3217793,3.3762348,221970.64
1994-11-01,TEX,3.3762348,3.3762348,3.267324,3.267324,29381.844
1994-11-02,TEX,3.3217793,3.3217793,3.267324,3.267324,31906.846
1994-11-03,TEX,3.3762348,3.4306903,3.3762348,3.3762348,47515.95
1994-11-04,TEX,3.3762348,3.3762348,3.3217793,3.3762348,23872.748
1994-11-07,TEX,3.4306903,3.4306903,3.3762348,3.3762348,3902.2761
1994-11-08,TEX,3.3217793,3.4306903,3.3217793,3.3762348,34202.3
1994-11-09,TEX,3.3762348,3.3762348,3.3217793,3.3217793,8263.644
1994-11-10,TEX,3.3217793,3.3762348,3.3217793,3.3217793,11477.282
1994-11-11,TEX,3.3217793,3.4306903,3.3217793,3.3762348,38104.58
1994-11-14,TEX,3.3762348,3.4851456,3.3762348,3.4306903,51647.77
1994-11-15,TEX,3.4851456,3.5396008,3.4851456,3.4851456,95720.54
1994-11-16,TEX,3.5396008,3.7029672,3.5396008,3.7029672,132677.39
1994-11-17,TEX,3.7574224,3.811878,3.648512,3.648512,99393.266
1994-11-18,TEX,3.811878,3.811878,3.648512,3.811878,115002.37
1994-11-21,TEX,3.7574224,3.811878,3.5940564,3.648512,42236.4
1994-11-22,TEX,3.648512,3.648512,3.4851456,3.4851456,75520.516
1994-11-23,TEX,3.4306903,3.4306903,3.3217793,3.3217793,45909.13
1994-11-25,TEX,3.267324,3.267324,3.2128687,3.267324,19740.926
1994-11-28,TEX,3.267324,3.267324,3.1584132,3.2128687,28004.568
1994-11-29,TEX,3.1584132,3.2128687,3.1584132,3.2128687,23872.748
1994-11-30,TEX,3.2128687,3.2128687,3.1584132,3.1584132,43843.22
1994-12-01,TEX,3.1584132,3.2128687,3.0495024,3.0495024,52336.406
1994-12-02,TEX,3.1039577,3.1039577,3.0495024,3.1039577,28693.207
1994-12-05,TEX,3.1039577,3.1039577,3.0495024,3.1039577,12625.011
1994-12-06,TEX,3.0495024,3.0495024,2.8316808,2.8316808,80800.07
1994-12-07,TEX,2.8316808,2.8316808,2.5049484,2.6138592,157238.77
1994-12-08,TEX,2.6138592,2.8316808,2.6138592,2.72277,56009.137
1994-12-09,TEX,2.72277,2.72277,2.6138592,2.6138592,45220.492
1994-12-12,TEX,2.6138592,2.6683145,2.6138592,2.6138592,43384.13
1994-12-13,TEX,2.6138592,2.6683145,2.6138592,2.6683145,40859.125
1994-12-14,TEX,2.6683145,2.7772255,2.6138592,2.72277,68863.695
1994-12-15,TEX,2.7772255,2.9405916,2.72277,2.886136,61288.688
1994-12-16,TEX,2.886136,2.9405916,2.886136,2.9405916,52106.863
1994-12-19,TEX,2.886136,2.9405916,2.8316808,2.9405916,89981.89
1994-12-20,TEX,2.9405916,3.0495024,2.886136,3.0495024,22495.473
1994-12-21,TEX,2.995047,3.1039577,2.995047,3.0495024,41777.31
1994-12-22,TEX,2.995047,3.0495024,2.995047,3.0495024,46368.223
1994-12-23,TEX,2.995047,2.995047,2.9405916,2.9405916,12625.011
1994-12-27,TEX,2.9405916,2.995047,2.8316808,2.8316808,23643.201
1994-12-28,TEX,2.886136,2.9405916,2.8316808,2.8316808,39940.94
1994-12-29,TEX,2.886136,2.886136,2.7772255,2.8316808,43613.67
1994-12-30,TEX,2.886136,3.0495024,2.7772255,3.0495024,78963.7
1995-01-03,TEX,2.995047,3.1039577,2.9405916,2.9405916,40170.49
1995-01-04,TEX,2.886136,2.886136,2.8316808,2.8316808,13084.102
1995-01-05,TEX,2.7772255,2.886136,2.7772255,2.8316808,25020.477
1995-01-06,TEX,2.7772255,2.886136,2.72277,2.886136,39940.94
1995-01-09,TEX,2.8316808,2.8316808,2.7772255,2.7772255,4590.913
1995-01-10,TEX,2.7772255,2.886136,2.7772255,2.7772255,11936.374
1995-01-11,TEX,2.72277,2.7772255,2.72277,2.72277,12165.919
1995-01-12,TEX,2.7772255,2.886136,2.7772255,2.886136,26856.842
1995-01-13,TEX,2.8316808,2.9405916,2.8316808,2.9405916,6197.7324
1995-01-16,TEX,2.995047,3.1039577,2.995047,3.0495024,45450.04
1995-01-17,TEX,2.995047,3.0495024,2.995047,3.0495024,4590.913
1995-01-18,TEX,3.0495024,3.0495024,2.995047,3.0495024,13313.647
1995-01-19,TEX,2.995047,3.0495024,2.886136,2.9405916,70240.97
1995-01-20,TEX,2.9405916,2.9405916,2.886136,2.886136,5738.641
1995-01-23,TEX,2.8316808,2.886136,2.8316808,2.886136,6197.7324
1995-01-24,TEX,2.9405916,2.9405916,2.886136,2.886136,5509.0957
1995-01-25,TEX,2.886136,2.9405916,2.8316808,2.9405916,6886.3696
1995-01-26,TEX,2.9405916,2.995047,2.886136,2.886136,11936.374
1995-01-27,TEX,2.9405916,2.9405916,2.886136,2.886136,918.1826
1995-01-30,TEX,2.8316808,2.8316808,2.72277,2.72277,18363.652
1995-01-31,TEX,2.72277,2.72277,2.6138592,2.6683145,103984.18
1995-02-01,TEX,2.72277,2.886136,2.72277,2.886136,23872.748
1995-02-02,TEX,2.9405916,2.9405916,2.886136,2.886136,2065.911
1995-02-03,TEX,2.886136,2.886136,2.72277,2.8316808,23413.656
1995-02-06,TEX,2.7772255,2.7772255,2.72277,2.72277,5509.0957
1995-02-07,TEX,2.7772255,2.7772255,2.72277,2.7772255,18593.197
1995-02-08,TEX,2.7772255,2.8316808,2.7772255,2.7772255,18593.197
1995-02-09,TEX,2.7772255,2.7772255,2.72277,2.72277,30988.662
1995-02-10,TEX,2.72277,2.72277,2.6138592,2.6138592,20888.654
1995-02-13,TEX,2.6138592,2.8316808,2.6138592,2.8316808,43613.67
1995-02-14,TEX,2.7772255,2.7772255,2.7772255,2.7772255,11477.282
1995-02-15,TEX,2.72277,2.886136,2.72277,2.8316808,80340.98
1995-02-16,TEX,2.7772255,2.8316808,2.7772255,2.8316808,7345.461
1995-02-17,TEX,2.8316808,2.8316808,2.72277,2.7772255,15379.559
1995-02-21,TEX,2.72277,2.72277,2.6138592,2.72277,24331.838
1995-02-22,TEX,2.6683145,2.6683145,2.559404,2.6683145,63813.69
1995-02-23,TEX,2.72277,2.7772255,2.72277,2.7772255,18822.744
1995-02-24,TEX,2.8316808,2.8316808,2.72277,2.8316808,14002.284
1995-02-27,TEX,2.7772255,2.7772255,2.72277,2.7772255,14002.284
1995-02-28,TEX,2.72277,2.8316808,2.72277,2.7772255,17904.56
1995-03-01,TEX,2.72277,2.7772255,2.72277,2.7772255,5738.641
1995-03-02,TEX,2.72277,2.7772255,2.72277,2.7772255,35809.12
1995-03-03,TEX,2.8316808,2.8316808,2.72277,2.7772255,14461.376
1995-03-06,TEX,2.8316808,2.995047,2.7772255,2.9405916,40170.49
1995-03-07,TEX,2.9405916,2.9405916,2.886136,2.9405916,59222.777
1995-03-08,TEX,2.9405916,2.9405916,2.886136,2.9405916,8263.644
1995-03-09,TEX,2.886136,2.9405916,2.886136,2.9405916,6886.3696
1995-03-10,TEX,2.886136,2.9405916,2.8316808,2.9405916,5509.0957
1995-03-13,TEX,2.886136,2.886136,2.8316808,2.886136,19740.926
1995-03-14,TEX,2.886136,2.886136,2.7772255,2.8316808,6427.2783
1995-03-15,TEX,2.7772255,2.7772255,2.6683145,2.72277,28463.66
1995-03-16,TEX,2.6138592,2.7772255,2.6138592,2.72277,146909.22
1995-03-17,TEX,2.6683145,2.886136,2.6683145,2.7772255,76438.7
1995-03-20,TEX,2.72277,2.886136,2.72277,2.886136,10100.009
1995-03-21,TEX,2.886136,2.886136,2.8316808,2.8316808,17904.56
1995-03-22,TEX,2.886136,2.886136,2.72277,2.7772255,46138.676
1995-03-23,TEX,2.72277,2.7772255,2.72277,2.7772255,25938.658
1995-03-24,TEX,2.72277,2.7772255,2.72277,2.7772255,19740.926
1995-03-27,TEX,2.72277,2.7772255,2.72277,2.7772255,25938.658
1995-03-28,TEX,2.8316808,2.886136,2.7772255,2.886136,12854.557
1995-03-29,TEX,2.886136,2.9405916,2.8316808,2.886136,62436.418
1995-03-30,TEX,2.886136,2.9405916,2.8316808,2.8316808,29840.934
1995-03-31,TEX,2.7772255,2.886136,2.7772255,2.886136,17215.924
1995-04-03,TEX,2.9405916,2.9405916,2.7772255,2.8316808,16756.832
1995-04-04,TEX,2.886136,2.886136,2.8316808,2.8316808,3672.7305
1995-04-05,TEX,2.886136,2.886136,2.72277,2.7772255,16756.832
1995-04-06,TEX,2.8316808,2.8316808,2.72277,2.7772255,17904.56
1995-04-07,TEX,2.72277,2.72277,2.6683145,2.72277,47745.496
1995-04-10,TEX,2.6683145,2.72277,2.6683145,2.72277,11018.191
1995-04-11,TEX,2.6683145,2.72277,2.6138592,2.6138592,38563.668
1995-04-12,TEX,2.6683145,2.72277,2.6683145,2.6683145,38334.125
1995-04-13,TEX,2.6683145,2.72277,2.6138592,2.6683145,10559.1
1995-04-17,TEX,2.6683145,2.72277,2.6683145,2.6683145,19970.47
1995-04-18,TEX,2.6683145,2.6683145,2.559404,2.6138592,82406.89
1995-04-19,TEX,2.6138592,2.6683145,2.6138592,2.6683145,204525.17
1995-04-20,TEX,2.6683145,2.7772255,2.6683145,2.7772255,31218.209
1995-04-21,TEX,2.7772255,2.8316808,2.72277,2.7772255,86997.805
1995-04-24,TEX,2.8316808,2.886136,2.7772255,2.8316808,20659.107
1995-04-25,TEX,2.7772255,2.7772255,2.72277,2.72277,142088.75
1995-04-26,TEX,2.7772255,2.886136,2.7772255,2.886136,92047.805
1995-04-27,TEX,2.886136,2.9405916,2.7772255,2.8316808,82406.89
1995-04-28,TEX,2.886136,2.886136,2.7772255,2.8316808,96638.72
1995-05-01,TEX,2.7772255,2.7772255,2.6683145,2.72277,57845.504
1995-05-02,TEX,2.6683145,2.7772255,2.6683145,2.7772255,44072.766
1995-05-03,TEX,2.7772255,2.7772255,2.72277,2.72277,28234.115
1995-05-04,TEX,2.7772255,2.7772255,2.72277,2.7772255,18822.744
1995-05-05,TEX,2.72277,2.7772255,2.72277,2.7772255,135202.39
1995-05-08,TEX,2.8316808,2.8316808,2.72277,2.72277,18822.744
1995-05-09,TEX,2.7772255,2.7772255,2.72277,2.7772255,28234.115
1995-05-10,TEX,2.72277,2.7772255,2.72277,2.7772255,40400.035
1995-05-11,TEX,2.72277,2.7772255,2.6683145,2.72277,25709.113
1995-05-12,TEX,2.6683145,2.72277,2.6138592,2.72277,61518.234
1995-05-15,TEX,2.6683145,2.72277,2.6138592,2.72277,31218.209
1995-05-16,TEX,2.6683145,2.72277,2.6138592,2.6683145,35350.03
1995-05-17,TEX,2.6683145,2.8316808,2.6683145,2.72277,50959.133
1995-05-18,TEX,2.7772255,2.7772255,2.6683145,2.6683145,52795.5
1995-05-19,TEX,2.6683145,2.72277,2.6138592,2.6138592,24331.838
1995-05-22,TEX,2.6138592,2.6683145,2.6138592,2.6138592,16756.832
1995-05-23,TEX,2.6138592,2.6138592,2.6138592,2.6138592,20659.107
1995-05-24,TEX,2.6138592,2.72277,2.6138592,2.6683145,63813.69
1995-05-25,TEX,2.72277,2.72277,2.6138592,2.6138592,104443.27
1995-05-26,TEX,2.6138592,2.6683145,2.6138592,2.6683145,41777.31
1995-05-30,TEX,2.6683145,2.6683145,2.6138592,2.6138592,11018.191
1995-05-31,TEX,2.6138592,2.6683145,2.6138592,2.6683145,22725.02
1995-06-01,TEX,2.6138592,2.72277,2.559404,2.6138592,48434.133
1995-06-02,TEX,2.559404,2.559404,2.559404,2.559404,10329.554
1995-06-05,TEX,2.559404,2.559404,2.559404,2.559404,23413.656
1995-06-06,TEX,2.559404,2.6138592,2.559404,2.559404,12165.919
1995-06-07,TEX,2.6138592,2.6138592,2.5049484,2.559404,25250.021
1995-06-08,TEX,2.559404,2.559404,2.5049484,2.559404,26168.203
1995-06-09,TEX,2.5049484,2.559404,2.5049484,2.559404,4820.4585
1995-06-12,TEX,2.5049484,2.559404,2.5049484,2.5049484,57845.504
1995-06-13,TEX,2.4504929,2.5049484,2.4504929,2.5049484,29840.934
1995-06-14,TEX,2.4504929,2.4504929,2.2871268,2.3415823,51647.77
1995-06-15,TEX,2.2871268,2.3415823,2.178216,2.2871268,83784.164
1995-06-16,TEX,2.3415823,2.3415823,2.2871268,2.3415823,16527.287
1995-06-19,TEX,2.2871268,2.2871268,2.178216,2.2871268,42006.855
1995-06-20,TEX,2.2326713,2.2871268,2.2326713,2.2326713,53943.227
1995-06-21,TEX,2.2326713,2.2871268,2.2326713,2.2871268,5279.55
1995-06-22,TEX,2.2326713,2.2326713,2.178216,2.2326713,10329.554
1995-06-23,TEX,2.178216,2.2326713,2.0693052,2.1237607,75979.61
1995-06-26,TEX,2.0693052,2.0693052,2.0693052,2.0693052,27315.932
1995-06-27,TEX,2.0693052,2.1237607,2.0693052,2.0693052,16756.832
1995-06-28,TEX,2.1237607,2.178216,2.0148497,2.1237607,81718.25
1995-06-29,TEX,2.0693052,2.1237607,2.0148497,2.1237607,59911.414
1995-06-30,TEX,2.0693052,2.0693052,1.9603944,2.0148497,108804.64
1995-07-03,TEX,2.0148497,2.0148497,1.9603944,2.0148497,20429.562
1995-07-05,TEX,2.1237607,2.1237607,2.0148497,2.1237607,25938.658
1995-07-06,TEX,2.0148497,2.1237607,2.0148497,2.1237607,28922.752
1995-07-07,TEX,2.0693052,2.1237607,2.0148497,2.1237607,65879.6
1995-07-10,TEX,2.178216,2.178216,2.1237607,2.178216,46138.676
1995-07-11,TEX,2.1237607,2.1237607,2.0693052,2.1237607,90211.44
1995-07-12,TEX,2.0693052,2.1237607,2.0148497,2.1237607,84013.71
1995-07-13,TEX,2.0693052,2.1237607,2.0148497,2.0693052,46597.766
1995-07-14,TEX,2.0148497,2.0693052,2.0148497,2.0693052,62206.87
1995-07-17,TEX,2.0693052,2.0693052,2.0148497,2.0693052,37186.395
1995-07-18,TEX,2.0148497,2.1237607,2.0148497,2.1237607,20659.107
1995-07-19,TEX,2.0693052,2.1237607,2.0148497,2.1237607,20659.107
1995-07-20,TEX,2.1237607,2.1237607,2.0693052,2.0693052,8493.189
1995-07-21,TEX,2.0693052,2.0693052,2.0148497,2.0693052,33743.21
1995-07-24,TEX,2.1237607,2.1237607,2.0693052,2.0693052,40170.49
1995-07-25,TEX,2.0693052,2.1237607,2.0693052,2.1237607,118904.65
1995-07-26,TEX,2.0693052,2.1237607,2.0148497,2.0148497,49352.312
1995-07-27,TEX,2.0148497,2.0693052,1.9603944,2.0693052,34431.848
1995-07-28,TEX,2.0148497,2.0693052,1.9603944,2.0693052,44302.31
1995-07-31,TEX,2.0693052,2.0693052,2.0148497,2.0693052,25250.021
1995-08-01,TEX,2.0148497,2.0693052,2.0148497,2.0148497,20659.107
1995-08-02,TEX,2.0693052,2.0693052,2.0148497,2.0148497,40400.035
1995-08-03,TEX,2.0693052,2.0693052,2.0148497,2.0693052,11706.828
1995-08-04,TEX,2.0148497,2.0148497,1.9603944,1.9603944,20429.562
1995-08-07,TEX,2.0148497,2.0693052,1.905939,1.905939,74831.88
1995-08-08,TEX,1.9603944,1.9603944,1.7970282,1.8514836,38563.668
1995-08-09,TEX,1.8514836,1.905939,1.7425728,1.8514836,158616.05
1995-08-10,TEX,1.8514836,1.8514836,1.7970282,1.8514836,39022.76
1995-08-11,TEX,1.7970282,1.8514836,1.5792066,1.7425728,190293.34
1995-08-14,TEX,1.6881174,1.6881174,1.633662,1.6881174,46368.223
1995-08-15,TEX,1.633662,1.6881174,1.361385,1.5247512,461616.3
1995-08-16,TEX,1.4702958,1.633662,1.4158404,1.633662,209116.08
1995-08-17,TEX,1.633662,1.7970282,1.633662,1.7970282,280045.7
1995-08-18,TEX,1.7970282,1.7970282,1.6881174,1.6881174,166879.69
1995-08-21,TEX,1.7425728,1.7425728,1.6881174,1.6881174,32825.027
1995-08-22,TEX,1.633662,1.6881174,1.633662,1.6881174,105131.91
1995-08-23,TEX,1.6881174,1.8514836,1.6881174,1.7970282,60600.05
1995-08-24,TEX,1.8514836,2.0148497,1.8514836,1.8514836,108804.64
1995-08-25,TEX,1.905939,1.905939,1.8514836,1.905939,11477.282
1995-08-28,TEX,1.905939,1.9603944,1.905939,1.9603944,62665.96
1995-08-29,TEX,1.905939,1.9603944,1.8514836,1.905939,61059.14
1995-08-30,TEX,1.905939,1.9603944,1.905939,1.9603944,95950.08
1995-08-31,TEX,1.905939,1.9603944,1.905939,1.9603944,35350.03
1995-09-01,TEX,2.0148497,2.0148497,1.9603944,1.9603944,30988.662
1995-09-05,TEX,1.905939,1.905939,1.905939,1.905939,9181.826
1995-09-06,TEX,1.905939,1.9603944,1.905939,1.905939,12854.557
1995-09-07,TEX,1.905939,1.905939,1.905939,1.905939,20888.654
1995-09-08,TEX,1.8514836,1.905939,1.8514836,1.8514836,63354.598
1995-09-11,TEX,1.905939,2.0148497,1.905939,2.0148497,95720.54
1995-09-12,TEX,2.0148497,2.178216,1.9603944,2.178216,165043.33
1995-09-13,TEX,2.1237607,2.4504929,2.1237607,2.2871268,271093.4
1995-09-14,TEX,2.2871268,2.5049484,2.2326713,2.3960376,153336.5
1995-09-15,TEX,2.4504929,2.4504929,2.3960376,2.3960376,95720.54
1995-09-18,TEX,2.2871268,2.3415823,2.2326713,2.2871268,44302.31
1995-09-19,TEX,2.2871268,2.2871268,2.178216,2.2871268,82177.34
1995-09-20,TEX,2.2871268,2.2871268,2.2326713,2.2326713,36268.21
1995-09-21,TEX,2.2871268,2.2871268,2.178216,2.178216,126709.195
1995-09-22,TEX,2.2326713,2.2326713,2.178216,2.178216,35809.12
1995-09-25,TEX,2.1237607,2.1237607,2.0693052,2.1237607,26856.842
1995-09-26,TEX,2.0693052,2.1237607,2.0148497,2.0148497,41777.31
1995-09-27,TEX,1.9603944,2.0693052,1.8514836,2.0693052,99393.266
1995-09-28,TEX,2.0148497,2.178216,2.0148497,2.0693052,77127.336
1995-09-29,TEX,2.0693052,2.1237607,2.0693052,2.1237607,36497.758
1995-10-02,TEX,2.1237607,2.1237607,2.0693052,2.1237607,64043.234
1995-10-03,TEX,2.1237607,2.1237607,2.0693052,2.1237607,406066.25
1995-10-04,TEX,2.0693052,2.1237607,2.0693052,2.1237607,63584.145
1995-10-05,TEX,2.0693052,2.1237607,1.9603944,1.9603944,55320.5
1995-10-06,TEX,1.905939,2.0693052,1.905939,2.0693052,13772.739
1995-10-09,TEX,2.0148497,2.1237607,2.0148497,2.0693052,39252.305
1995-10-10,TEX,2.0148497,2.0693052,2.0148497,2.0693052,2525.0022
1995-10-11,TEX,2.0148497,2.0693052,2.0148497,2.0693052,10788.6455
1995-10-12,TEX,2.0693052,2.3415823,2.0148497,2.2326713,79652.34
1995-10-13,TEX,2.178216,2.2326713,2.1237607,2.1237607,24790.93
1995-10-16,TEX,2.0693052,2.1237607,2.0693052,2.1237607,4590.913
1995-10-17,TEX,2.1237607,2.1237607,1.9603944,2.0148497,626889.2
1995-10-18,TEX,1.9603944,2.1237607,1.8514836,2.1237607,867682.56
1995-10-19,TEX,2.1237607,2.2326713,2.1237607,2.2326713,58993.23
1995-10-20,TEX,2.2871268,2.2871268,2.178216,2.2326713,63354.598
1995-10-23,TEX,2.178216,2.2326713,2.178216,2.178216,22725.02
1995-10-24,TEX,2.178216,2.2326713,2.1237607,2.2326713,40170.49
1995-10-25,TEX,2.2326713,2.2326713,2.178216,2.178216,30070.48
1995-10-26,TEX,2.2326713,2.2326713,2.0693052,2.2326713,28234.115
1995-10-27,TEX,2.1237607,2.2326713,2.1237607,2.178216,20888.654
1995-10-30,TEX,2.178216,2.178216,2.1237607,2.1237607,5968.187
1995-10-31,TEX,2.1237607,2.1237607,2.0693052,2.1237607,15609.1045
1995-11-01,TEX,2.0693052,2.178216,2.0693052,2.1237607,28693.207
1995-11-02,TEX,2.178216,2.2326713,2.1237607,2.2326713,102147.81
1995-11-03,TEX,2.2326713,2.2871268,2.2326713,2.2871268,23413.656
1995-11-06,TEX,2.2326713,2.2871268,2.1237607,2.2326713,45909.13
1995-11-07,TEX,2.2326713,2.3960376,2.178216,2.178216,67027.33
1995-11-08,TEX,2.178216,2.178216,2.178216,2.178216,78734.16
1995-11-09,TEX,2.178216,2.178216,2.1237607,2.178216,53254.59
1995-11-10,TEX,2.1237607,2.178216,2.1237607,2.1237607,30988.662
1995-11-13,TEX,2.0693052,2.0693052,1.9603944,2.0693052,36268.21
1995-11-14,TEX,1.9603944,1.9603944,1.8514836,1.905939,114772.83
1995-11-15,TEX,1.8514836,1.905939,1.8514836,1.905939,42465.945
1995-11-16,TEX,1.9603944,2.0693052,1.9603944,2.0148497,219904.73
1995-11-17,TEX,2.0693052,2.0693052,1.9603944,2.0148497,123495.56
1995-11-20,TEX,2.0148497,2.1237607,2.0148497,2.1237607,79422.8
1995-11-21,TEX,2.1237607,2.1237607,2.0148497,2.0693052,37415.94
1995-11-22,TEX,2.0148497,2.0148497,1.9603944,1.9603944,38563.668
1995-11-24,TEX,1.9603944,2.0693052,1.905939,2.0693052,42925.035
1995-11-27,TEX,2.0148497,2.0693052,2.0148497,2.0148497,44072.766
1995-11-28,TEX,2.0693052,2.0693052,2.0148497,2.0693052,9870.463
1995-11-29,TEX,2.0148497,2.0148497,1.905939,1.9603944,20659.107
1995-11-30,TEX,1.9603944,2.0148497,1.9603944,2.0148497,101000.086
1995-12-01,TEX,1.9603944,2.0693052,1.9603944,1.9603944,1415148.9
1995-12-04,TEX,2.0693052,2.1237607,2.0148497,2.0693052,64961.418
1995-12-05,TEX,2.0693052,2.1237607,2.0148497,2.0693052,25938.658
1995-12-06,TEX,2.0148497,2.0693052,1.8514836,1.905939,85850.07
1995-12-07,TEX,1.905939,1.905939,1.8514836,1.905939,51418.227
1995-12-08,TEX,1.8514836,1.9603944,1.8514836,1.905939,52106.863
1995-12-11,TEX,1.905939,1.9603944,1.905939,1.905939,40400.035
1995-12-12,TEX,1.905939,1.9603944,1.905939,1.9603944,14461.376
1995-12-13,TEX,1.905939,1.905939,1.8514836,1.8514836,38334.125
1995-12-14,TEX,1.905939,1.905939,1.8514836,1.8514836,5279.55
1995-12-15,TEX,1.8514836,1.8514836,1.7970282,1.8514836,28693.207
1995-12-18,TEX,1.7970282,1.8514836,1.7970282,1.7970282,12625.011
1995-12-19,TEX,1.7970282,1.8514836,1.7425728,1.8514836,126938.74
1995-12-20,TEX,1.8514836,1.8514836,1.7425728,1.7970282,100311.445
1995-12-21,TEX,1.7425728,1.905939,1.7425728,1.905939,81488.7
1995-12-22,TEX,1.9603944,1.9603944,1.7970282,1.8514836,982225.8
1995-12-26,TEX,1.8514836,1.905939,1.7970282,1.8514836,70470.516
1995-12-27,TEX,1.8514836,1.8514836,1.7970282,1.7970282,56009.137
1995-12-28,TEX,1.8514836,1.8514836,1.7970282,1.7970282,61977.324
1995-12-29,TEX,1.7970282,2.0693052,1.7425728,2.0693052,170093.33
1996-01-02,TEX,2.0148497,2.0148497,1.9603944,1.9603944,32825.027
1996-01-03,TEX,2.0148497,2.0693052,2.0148497,2.0693052,33743.21
1996-01-04,TEX,2.0148497,2.1237607,2.0148497,2.0693052,57615.957
1996-01-05,TEX,2.0693052,2.0693052,2.0148497,2.0693052,96638.72
1996-01-08,TEX,2.0693052,2.0693052,2.0693052,2.0693052,2065.911
1996-01-09,TEX,2.0693052,2.0693052,2.0693052,2.0693052,28693.207
1996-01-10,TEX,2.0693052,2.0693052,2.0693052,2.0693052,162747.86
1996-01-11,TEX,2.0148497,2.178216,2.0148497,2.178216,188456.98
1996-01-12,TEX,2.1237607,2.178216,2.1237607,2.178216,47515.95
1996-01-15,TEX,2.1237607,2.178216,2.1237607,2.1237607,42006.855
1996-01-16,TEX,2.0693052,2.0693052,1.9603944,2.0148497,60829.598
1996-01-17,TEX,2.0148497,2.0148497,1.8514836,1.8514836,118445.555
1996-01-18,TEX,1.8514836,1.905939,1.7970282,1.905939,21347.746
1996-01-19,TEX,1.8514836,1.8514836,1.7970282,1.7970282,23184.111
1996-01-22,TEX,1.7970282,1.905939,1.7970282,1.905939,14690.922
1996-01-23,TEX,1.905939,1.905939,1.8514836,1.8514836,33743.21
1996-01-24,TEX,1.905939,1.905939,1.8514836,1.8514836,20888.654
1996-01-25,TEX,1.8514836,1.8514836,1.7970282,1.8514836,10559.1
1996-01-26,TEX,1.8514836,1.8514836,1.8514836,1.8514836,32136.39
1996-01-29,TEX,1.905939,1.905939,1.905939,1.905939,4590.913
1996-01-30,TEX,1.8514836,1.9603944,1.7970282,1.9603944,95261.445
1996-01-31,TEX,1.9603944,1.9603944,1.905939,1.9603944,46597.766
1996-02-01,TEX,1.9603944,2.0148497,1.9603944,1.9603944,22954.564
1996-02-02,TEX,2.0148497,2.0148497,1.9603944,1.9603944,31218.209
1996-02-05,TEX,1.9603944,2.1237607,1.9603944,2.0693052,767371.1
1996-02-06,TEX,2.1237607,2.3960376,2.1237607,2.3415823,160452.4
1996-02-07,TEX,2.3960376,2.3960376,2.2326713,2.2871268,107197.82
1996-02-08,TEX,2.2871268,2.3415823,2.2871268,2.2871268,70700.06
1996-02-09,TEX,2.3415823,2.3415823,2.2871268,2.3415823,27086.387
1996-02-12,TEX,2.3960376,2.3960376,2.3415823,2.3415823,59681.867
1996-02-13,TEX,2.3415823,2.3415823,2.2326713,2.2326713,32136.39
1996-02-14,TEX,2.178216,2.178216,2.178216,2.178216,9181.826
1996-02-15,TEX,2.2326713,2.2326713,2.178216,2.178216,6886.3696
1996-02-16,TEX,2.1237607,2.1237607,2.0693052,2.1237607,16068.195
1996-02-20,TEX,2.1237607,2.1237607,2.0148497,2.0693052,14690.922
1996-02-21,TEX,2.1237607,2.178216,2.0693052,2.1237607,81488.7
1996-02-22,TEX,2.1237607,2.1237607,2.0148497,2.1237607,19511.38
1996-02-23,TEX,2.1237607,2.178216,2.0693052,2.178216,59222.777
1996-02-26,TEX,2.178216,2.2871268,2.178216,2.2871268,66568.234
1996-02-27,TEX,2.3415823,2.3415823,2.1237607,2.1237607,77586.43
1996-02-28,TEX,2.1237607,2.178216,2.1237607,2.1237607,28463.66
1996-02-29,TEX,2.178216,2.178216,2.0148497,2.1237607,28922.752
1996-03-01,TEX,2.1237607,2.1237607,2.0148497,2.0148497,80800.07
1996-03-04,TEX,2.0148497,2.0693052,2.0148497,2.0693052,12625.011
1996-03-05,TEX,2.1237607,2.1237607,2.0693052,2.1237607,27086.387
1996-03-06,TEX,2.0148497,2.1237607,2.0148497,2.1237607,38334.125
1996-03-07,TEX,2.0693052,2.1237607,2.0693052,2.1237607,19970.47
1996-03-08,TEX,2.0693052,2.1237607,2.0693052,2.1237607,33513.664
1996-03-11,TEX,2.0693052,2.1237607,2.0148497,2.0693052,32595.482
1996-03-12,TEX,2.0148497,2.3415823,1.9603944,2.2871268,94572.805
1996-03-13,TEX,2.3415823,2.3415823,2.2326713,2.2326713,21806.836
1996-03-14,TEX,2.178216,2.2326713,2.178216,2.2326713,114084.19
1996-03-15,TEX,2.2871268,2.3415823,2.2326713,2.3415823,117068.28
1996-03-18,TEX,2.3415823,2.3415823,2.3415823,2.3415823,82177.34
1996-03-19,TEX,2.3415823,2.4504929,2.3415823,2.4504929,203147.9
1996-03-20,TEX,2.4504929,2.559404,2.3960376,2.5049484,192588.8
1996-03-21,TEX,2.5049484,2.6138592,2.5049484,2.5049484,185702.44
1996-03-22,TEX,2.5049484,2.886136,2.5049484,2.8316808,669584.7
1996-03-25,TEX,2.995047,3.1039577,2.886136,2.886136,378750.3
1996-03-26,TEX,2.8316808,2.9405916,2.8316808,2.9405916,1202589.6
1996-03-27,TEX,2.9405916,2.9405916,2.886136,2.886136,89293.26
1996-03-28,TEX,2.886136,2.886136,2.72277,2.886136,88604.62
1996-03-29,TEX,2.886136,2.9405916,2.886136,2.9405916,56468.23
1996-04-01,TEX,2.886136,2.9405916,2.7772255,2.9405916,154254.67
1996-04-02,TEX,2.995047,2.995047,2.886136,2.9405916,103066
1996-04-03,TEX,2.9405916,2.995047,2.9405916,2.995047,135431.94
1996-04-04,TEX,2.995047,2.995047,2.9405916,2.995047,26856.842
1996-04-08,TEX,2.9405916,2.9405916,2.8316808,2.9405916,86309.164
1996-04-09,TEX,2.886136,2.9405916,2.886136,2.9405916,32136.39
1996-04-10,TEX,2.995047,2.995047,2.9405916,2.9405916,26168.203
1996-04-11,TEX,2.995047,3.1584132,2.995047,3.1584132,106509.18
1996-04-12,TEX,3.1584132,3.267324,3.1039577,3.1584132,163895.6
1996-04-15,TEX,3.1584132,3.1584132,3.0495024,3.1039577,126938.74
1996-04-16,TEX,3.1039577,3.1584132,3.0495024,3.1584132,182947.88
1996-04-17,TEX,3.2128687,3.2128687,3.0495024,3.0495024,38793.215
1996-04-18,TEX,3.0495024,3.0495024,2.9405916,2.9405916,79193.25
1996-04-19,TEX,2.9405916,2.995047,2.9405916,2.9405916,21806.836
1996-04-22,TEX,2.9405916,2.995047,2.886136,2.995047,151270.58
1996-04-23,TEX,2.995047,3.1039577,2.995047,3.1039577,181341.06
1996-04-24,TEX,3.1039577,3.1039577,3.0495024,3.1039577,153106.95
1996-04-25,TEX,3.1039577,3.5940564,3.1039577,3.4851456,427873.1
1996-04-26,TEX,3.5396008,3.5396008,3.3217793,3.4851456,165731.95
1996-04-29,TEX,3.4851456,3.5396008,3.4851456,3.5396008,103295.54
1996-04-30,TEX,3.4851456,3.5396008,3.4306903,3.4306903,80340.98
1996-05-01,TEX,3.4306903,3.4306903,3.267324,3.3217793,56927.32
1996-05-02,TEX,3.3217793,3.3762348,3.3217793,3.3762348,28004.568
1996-05-03,TEX,3.4306903,3.4306903,3.267324,3.3217793,122577.375
1996-05-06,TEX,3.3762348,3.3762348,3.267324,3.3217793,41318.215
1996-05-07,TEX,3.3762348,3.3762348,3.267324,3.3217793,162059.23
1996-05-08,TEX,3.3217793,3.3217793,3.267324,3.3217793,73225.06
1996-05-09,TEX,3.267324,3.4306903,3.267324,3.3762348,342252.56
1996-05-10,TEX,3.3217793,3.5396008,3.3217793,3.5396008,184095.61
1996-05-13,TEX,3.5396008,3.5396008,3.4306903,3.4306903,25020.477
1996-05-14,TEX,3.4306903,3.4851456,3.4306903,3.4306903,41318.215
1996-05-15,TEX,3.267324,3.4306903,3.267324,3.4306903,65420.51
1996-05-16,TEX,3.4306903,3.4306903,3.3762348,3.3762348,11247.736
1996-05-17,TEX,3.3762348,3.5396008,3.3762348,3.5396008,310804.8
1996-05-20,TEX,3.4851456,3.4851456,3.4306903,3.4851456,98015.99
1996-05-21,TEX,3.4851456,3.4851456,3.4306903,3.4306903,44072.766
1996-05-22,TEX,3.4306903,3.4851456,3.4306903,3.4851456,53025.043
1996-05-23,TEX,3.4851456,3.5396008,3.4851456,3.4851456,31906.846
1996-05-24,TEX,3.4851456,3.5396008,3.4851456,3.5396008,51877.316
1996-05-28,TEX,3.5396008,3.5940564,3.5396008,3.5940564,67715.97
1996-05-29,TEX,3.648512,3.9207888,3.5396008,3.9207888,301622.97
1996-05-30,TEX,3.975244,4.0296993,3.8663335,3.9207888,125791.016
1996-05-31,TEX,3.9207888,3.9207888,3.811878,3.9207888,61288.688
1996-06-03,TEX,3.9207888,4.0296993,3.9207888,3.975244,32825.027
1996-06-04,TEX,3.975244,4.0296993,3.975244,3.975244,115002.37
1996-06-05,TEX,3.975244,3.975244,3.8663335,3.8663335,44302.31
1996-06-06,TEX,3.8663335,3.8663335,3.7574224,3.811878,37645.49
1996-06-07,TEX,3.7574224,3.7574224,3.7029672,3.7574224,39022.76
1996-06-10,TEX,3.7574224,3.8663335,3.7029672,3.8663335,20659.107
1996-06-11,TEX,3.8663335,3.8663335,3.8663335,3.8663335,8263.644
1996-06-12,TEX,3.8663335,3.8663335,3.7574224,3.811878,31447.754
1996-06-13,TEX,3.811878,3.811878,3.7574224,3.7574224,13772.739
1996-06-14,TEX,3.7029672,3.7574224,3.648512,3.7574224,37415.94
1996-06-17,TEX,3.7574224,3.8663335,3.7574224,3.811878,62895.508
1996-06-18,TEX,3.811878,3.811878,3.5940564,3.7574224,68863.695
1996-06-19,TEX,3.7029672,3.7029672,3.4306903,3.648512,160222.86
1996-06-20,TEX,3.5940564,3.7029672,3.5396008,3.5940564,82636.43
1996-06-21,TEX,3.5940564,3.648512,3.5396008,3.648512,106738.73
1996-06-24,TEX,3.7029672,3.7029672,3.648512,3.648512,15379.559
1996-06-25,TEX,3.5940564,3.7029672,3.5940564,3.648512,90440.984
1996-06-26,TEX,3.648512,3.648512,3.5396008,3.5940564,51647.77
1996-06-27,TEX,3.5396008,3.5396008,3.3217793,3.5396008,204295.62
1996-06-28,TEX,3.648512,3.811878,3.648512,3.811878,171700.14
1996-07-01,TEX,3.9207888,3.9207888,3.811878,3.811878,78275.06
1996-07-02,TEX,3.9207888,3.9207888,3.8663335,3.9207888,105820.55
1996-07-03,TEX,3.975244,3.975244,3.8663335,3.9207888,223807
1996-07-05,TEX,3.8663335,3.8663335,3.7574224,3.811878,58993.23
1996-07-08,TEX,3.811878,3.8663335,3.7574224,3.8663335,70700.06
1996-07-09,TEX,3.8663335,3.8663335,3.811878,3.8663335,140941.03
1996-07-10,TEX,3.9207888,3.9207888,3.7574224,3.7574224,84472.8
1996-07-11,TEX,3.811878,3.811878,3.7029672,3.7574224,172618.33
1996-07-12,TEX,3.7029672,3.7574224,3.648512,3.7029672,117297.83
1996-07-15,TEX,3.811878,3.8663335,3.648512,3.7029672,63584.145
1996-07-16,TEX,3.7574224,3.7574224,3.267324,3.5396008,1003114.5
1996-07-17,TEX,3.5940564,3.8663335,3.4851456,3.811878,204525.17
1996-07-18,TEX,3.8663335,3.9207888,3.648512,3.7574224,669355.1
1996-07-19,TEX,3.7574224,3.7574224,3.648512,3.7574224,469420.84
1996-07-22,TEX,3.811878,3.811878,3.648512,3.7029672,14461.376
1996-07-23,TEX,3.648512,3.7029672,3.5940564,3.648512,419839
1996-07-24,TEX,3.5396008,3.5940564,3.4306903,3.5940564,87686.44
1996-07-25,TEX,3.648512,3.975244,3.648512,3.975244,567895.94
1996-07-26,TEX,4.0296993,4.084155,3.7574224,3.811878,448302.66
1996-07-29,TEX,3.8663335,3.8663335,3.7029672,3.7029672,31906.846
1996-07-30,TEX,3.648512,3.7574224,3.648512,3.7029672,29152.297
1996-07-31,TEX,3.7029672,3.7574224,3.5940564,3.7574224,75979.61
1996-08-01,TEX,3.7029672,3.7029672,3.5396008,3.5940564,31677.299
1996-08-02,TEX,3.648512,3.648512,3.4306903,3.4306903,49352.312
1996-08-05,TEX,3.4306903,3.4306903,3.267324,3.4306903,53025.043
1996-08-06,TEX,3.4306903,3.4851456,3.4306903,3.4851456,18134.105
1996-08-07,TEX,3.4306903,3.4851456,3.3762348,3.4851456,8034.0977
1996-08-08,TEX,3.4306903,3.4306903,3.267324,3.3762348,43154.582
1996-08-09,TEX,3.3217793,3.4306903,3.3217793,3.4306903,15150.013
1996-08-12,TEX,3.4851456,3.4851456,3.267324,3.267324,9411.372
1996-08-13,TEX,3.267324,3.3217793,3.267324,3.3217793,20200.018
1996-08-14,TEX,3.267324,3.3217793,3.2128687,3.3217793,43384.13
1996-08-15,TEX,3.267324,3.267324,3.1584132,3.2128687,105131.91
1996-08-16,TEX,3.2128687,3.2128687,3.1039577,3.2128687,99163.72
1996-08-19,TEX,3.267324,3.3762348,3.267324,3.3217793,65190.965
1996-08-20,TEX,3.3217793,3.3762348,3.3217793,3.3762348,80111.43
1996-08-21,TEX,3.4306903,3.4306903,3.3762348,3.4306903,87456.89
1996-08-22,TEX,3.3762348,3.4306903,3.3762348,3.4306903,33054.574
1996-08-23,TEX,3.3762348,3.3762348,3.3217793,3.3762348,39711.4
1996-08-26,TEX,3.4306903,3.4306903,3.4306903,3.4306903,6656.8237
1996-08-27,TEX,3.3762348,3.4851456,3.3762348,3.4306903,9181.826
1996-08-28,TEX,3.4851456,3.4851456,3.267324,3.3217793,79652.34
1996-08-29,TEX,3.3762348,3.3762348,3.3217793,3.3217793,7115.915
1996-08-30,TEX,3.3217793,3.4306903,3.3217793,3.4306903,5050.0044
1996-09-03,TEX,3.3762348,3.4306903,3.3762348,3.3762348,6427.2783
1996-09-04,TEX,3.3762348,3.4306903,3.3762348,3.3762348,12395.465
1996-09-05,TEX,3.3762348,3.3762348,3.3217793,3.3217793,63584.145
1996-09-06,TEX,3.3762348,3.3762348,3.267324,3.3217793,48434.133
1996-09-09,TEX,3.267324,3.267324,3.1584132,3.2128687,37186.395
1996-09-10,TEX,3.267324,3.267324,3.1584132,3.2128687,112477.37
1996-09-11,TEX,3.1584132,3.3217793,3.1584132,3.267324,50040.953
1996-09-12,TEX,3.267324,3.3217793,3.267324,3.3217793,10329.554
1996-09-13,TEX,3.3217793,3.3217793,3.267324,3.3217793,48893.223
1996-09-16,TEX,3.267324,3.3762348,3.2128687,3.267324,78275.06
1996-09-17,TEX,3.267324,3.3762348,3.267324,3.267324,103525.086
1996-09-18,TEX,3.3217793,3.4306903,3.3217793,3.3762348,46368.223
1996-09-19,TEX,3.4306903,3.4306903,3.3762348,3.4306903,43384.13
1996-09-20,TEX,3.4306903,3.4851456,3.4306903,3.4851456,123954.65
1996-09-23,TEX,3.4851456,3.4851456,3.3762348,3.3762348,39711.4
1996-09-24,TEX,3.4851456,3.5396008,3.4306903,3.5396008,55779.594
1996-09-25,TEX,3.4851456,3.4851456,3.3762348,3.4306903,44302.31
1996-09-26,TEX,2.9405916,3.1584132,2.8316808,2.995047,464370.84
1996-09-27,TEX,3.0495024,3.1584132,2.995047,3.1584132,80111.43
1996-09-30,TEX,3.1584132,3.1584132,3.1039577,3.1584132,13543.193
1996-10-01,TEX,3.1584132,3.1584132,3.0495024,3.1039577,55320.5
1996-10-02,TEX,3.0495024,3.1039577,3.0495024,3.1039577,6886.3696
1996-10-03,TEX,3.1584132,3.1584132,3.0495024,3.1584132,51647.77
1996-10-04,TEX,3.1584132,3.1584132,3.0495024,3.1039577,26856.842
1996-10-07,TEX,3.0495024,3.0495024,2.9405916,2.9405916,43154.582
1996-10-08,TEX,2.9405916,3.1039577,2.886136,2.995047,128545.56
1996-10-09,TEX,3.0495024,3.1039577,3.0495024,3.0495024,50729.59
1996-10-10,TEX,3.0495024,3.0495024,2.9405916,2.9405916,469879.94
1996-10-11,TEX,2.9405916,3.1039577,2.886136,3.1039577,44302.31
1996-10-14,TEX,3.0495024,3.2128687,3.0495024,3.1039577,45909.13
1996-10-15,TEX,3.0495024,3.1584132,3.0495024,3.1584132,88604.62
1996-10-16,TEX,3.1039577,3.1584132,3.0495024,3.1584132,22495.473
1996-10-17,TEX,3.1584132,3.2128687,3.1584132,3.1584132,2984.0935
1996-10-18,TEX,3.267324,3.267324,3.2128687,3.2128687,16068.195
1996-10-21,TEX,3.2128687,3.3217793,3.2128687,3.2128687,47056.86
1996-10-22,TEX,3.2128687,3.267324,3.2128687,3.2128687,6656.8237
1996-10-23,TEX,3.267324,3.267324,3.2128687,3.2128687,8034.0977
1996-10-24,TEX,3.267324,3.3217793,3.2128687,3.267324,30070.48
1996-10-25,TEX,3.2128687,3.267324,3.2128687,3.267324,25709.113
1996-10-28,TEX,3.3217793,3.3217793,3.2128687,3.2128687,7345.461
1996-10-29,TEX,3.2128687,3.267324,2.886136,3.0495024,215772.9
1996-10-30,TEX,3.1039577,3.2128687,3.1039577,3.1584132,51418.227
1996-10-31,TEX,3.1584132,3.1584132,3.1039577,3.1584132,42006.855
1996-11-01,TEX,3.1039577,3.1039577,2.995047,3.0495024,23184.111
1996-11-04,TEX,2.995047,3.0495024,2.9405916,2.995047,70011.42
1996-11-05,TEX,2.995047,3.0495024,2.995047,2.995047,12395.465
1996-11-06,TEX,2.9405916,2.995047,2.886136,2.995047,80111.43
1996-11-07,TEX,2.9405916,2.995047,2.9405916,2.995047,13543.193
1996-11-08,TEX,2.9405916,2.995047,2.9405916,2.9405916,10788.6455
1996-11-11,TEX,2.995047,3.3217793,2.995047,3.3217793,596359.6
1996-11-12,TEX,3.3217793,3.4306903,3.3217793,3.4306903,133595.56
1996-11-13,TEX,3.4306903,3.4306903,3.3762348,3.4306903,80340.98
1996-11-14,TEX,3.4851456,3.4851456,3.4306903,3.4306903,65650.055
1996-11-15,TEX,3.4851456,3.4851456,3.4306903,3.4306903,259616.12
1996-11-18,TEX,3.4306903,3.4306903,3.3762348,3.3762348,29152.297
1996-11-19,TEX,3.4306903,3.4851456,3.3762348,3.4306903,20888.654
1996-11-20,TEX,3.4306903,3.4306903,3.3217793,3.4306903,137268.3
1996-11-21,TEX,3.4851456,3.4851456,3.4306903,3.4851456,83554.62
1996-11-22,TEX,3.4851456,3.7029672,3.4851456,3.5940564,129234.2
1996-11-25,TEX,3.648512,3.648512,3.5940564,3.648512,14231.83
1996-11-26,TEX,3.5940564,3.8663335,3.5940564,3.8663335,57156.867
1996-11-27,TEX,3.9207888,3.9207888,3.8663335,3.8663335,90440.984
1996-11-29,TEX,3.8663335,3.8663335,3.811878,3.8663335,20659.107
1996-12-02,TEX,3.811878,3.975244,3.811878,3.975244,51647.77
1996-12-03,TEX,3.975244,4.084155,3.975244,4.0296993,115920.555
1996-12-04,TEX,4.0296993,4.0296993,3.9207888,4.0296993,67256.875
1996-12-05,TEX,4.0296993,4.084155,3.975244,4.084155,43384.13
1996-12-06,TEX,4.0296993,4.0296993,3.9207888,4.0296993,95261.445
1996-12-09,TEX,3.975244,3.975244,3.9207888,3.975244,25479.566
1996-12-10,TEX,3.9207888,3.975244,3.8663335,3.975244,72306.88
1996-12-11,TEX,3.9207888,3.975244,3.811878,3.975244,131529.66
1996-12-12,TEX,3.975244,4.084155,3.975244,4.0296993,56927.32
1996-12-13,TEX,4.0296993,4.1386104,4.0296993,4.1386104,16068.195
1996-12-16,TEX,4.084155,4.1386104,4.0296993,4.0296993,62436.418
1996-12-17,TEX,4.0296993,4.0296993,3.8663335,3.8663335,43843.22
1996-12-18,TEX,3.811878,3.8663335,3.811878,3.8663335,63813.69
1996-12-19,TEX,3.8663335,3.975244,3.811878,3.975244,174225.14
1996-12-20,TEX,3.975244,4.3019767,3.975244,4.2475214,329857.1
1996-12-23,TEX,4.3019767,4.356432,4.2475214,4.2475214,297032.06
1996-12-24,TEX,4.2475214,4.3019767,4.2475214,4.3019767,110870.55
1996-12-26,TEX,4.2475214,4.3019767,4.2475214,4.2475214,67945.516
1996-12-27,TEX,4.3019767,4.356432,4.3019767,4.3019767,93425.08
1996-12-30,TEX,4.3019767,4.356432,4.3019767,4.356432,104213.73
1996-12-31,TEX,4.3019767,4.4108872,4.3019767,4.4108872,65650.055
1997-01-02,TEX,4.356432,4.4108872,4.356432,4.356432,148516.03
1997-01-03,TEX,4.356432,4.356432,4.1930656,4.3019767,179963.78
1997-01-06,TEX,4.3019767,4.3019767,4.3019767,4.3019767,18134.105
1997-01-07,TEX,4.2475214,4.3019767,4.1930656,4.1930656,206361.53
1997-01-08,TEX,4.1930656,4.3019767,4.1930656,4.3019767,120741.01
1997-01-09,TEX,4.2475214,4.3019767,4.2475214,4.3019767,39711.4
1997-01-10,TEX,4.2475214,4.4108872,4.2475214,4.356432,241482.02
1997-01-13,TEX,4.4108872,4.4108872,4.356432,4.4108872,366354.84
1997-01-14,TEX,4.4108872,4.4108872,4.356432,4.356432,176520.61
1997-01-15,TEX,4.356432,4.4108872,4.3019767,4.356432,80570.52
1997-01-16,TEX,4.3019767,4.356432,4.3019767,4.356432,88375.08
1997-01-17,TEX,4.3019767,4.356432,4.3019767,4.356432,26627.295
1997-01-20,TEX,4.4108872,4.4108872,4.3019767,4.3019767,10788.6455
1997-01-21,TEX,4.2475214,4.3019767,4.1930656,4.2475214,165502.4
1997-01-22,TEX,4.2475214,4.3019767,4.2475214,4.3019767,67486.42
1997-01-23,TEX,4.3019767,4.3019767,4.2475214,4.3019767,114772.83
1997-01-24,TEX,4.2475214,4.356432,4.1930656,4.3019767,118904.65
1997-01-27,TEX,4.1930656,4.3019767,4.1930656,4.2475214,60370.504
1997-01-28,TEX,4.3019767,4.3019767,4.1386104,4.2475214,80111.43
1997-01-29,TEX,4.1930656,4.2475214,4.1930656,4.2475214,10100.009
1997-01-30,TEX,4.1930656,4.2475214,4.1930656,4.2475214,392982.16
1997-01-31,TEX,4.3019767,4.3019767,4.2475214,4.3019767,13543.193
1997-02-03,TEX,4.3019767,4.356432,4.3019767,4.3019767,200852.44
1997-02-04,TEX,4.356432,4.4108872,4.356432,4.4108872,89293.26
1997-02-05,TEX,4.356432,4.4108872,4.356432,4.4108872,1606.8196
1997-02-06,TEX,4.356432,4.356432,4.3019767,4.3019767,16068.195
1997-02-07,TEX,4.3019767,4.356432,4.3019767,4.3019767,140022.84
1997-02-10,TEX,4.3019767,4.3019767,4.1930656,4.3019767,69322.79
1997-02-11,TEX,4.1930656,4.2475214,4.1930656,4.2475214,38563.668
1997-02-12,TEX,4.3019767,4.356432,4.3019767,4.356432,159304.69
1997-02-13,TEX,4.356432,4.356432,4.3019767,4.356432,116609.19
1997-02-14,TEX,4.356432,4.356432,4.3019767,4.356432,95720.54
1997-02-18,TEX,4.3019767,4.3019767,4.2475214,4.3019767,7115.915
1997-02-19,TEX,4.2475214,4.2475214,4.1930656,4.2475214,6886.3696
1997-02-20,TEX,4.1930656,4.2475214,4.1386104,4.2475214,47286.402
1997-02-21,TEX,4.1930656,4.2475214,4.1930656,4.2475214,14690.922
1997-02-24,TEX,4.3019767,4.6831646,4.3019767,4.628709,408361.72
1997-02-25,TEX,4.6831646,4.9554415,4.6831646,4.9009857,258927.48
1997-02-26,TEX,4.9554415,5.0098968,4.9009857,4.9009857,62206.87
1997-02-27,TEX,4.9554415,5.2821736,4.9554415,5.2277184,180193.33
1997-02-28,TEX,5.2277184,5.2821736,5.2277184,5.2277184,117756.914
1997-03-03,TEX,5.2821736,5.2821736,5.2277184,5.2277184,113166.01
1997-03-04,TEX,5.2277184,5.2277184,5.173263,5.173263,84702.34
1997-03-05,TEX,5.173263,5.173263,5.118808,5.118808,73684.16
1997-03-06,TEX,5.118808,5.44554,5.118808,5.336629,274766.16
1997-03-07,TEX,5.336629,5.336629,5.118808,5.118808,86997.805
1997-03-10,TEX,5.2277184,5.2277184,5.118808,5.173263,15379.559
1997-03-11,TEX,5.2277184,5.2821736,5.2277184,5.2821736,65190.965
1997-03-12,TEX,5.2821736,5.336629,5.2277184,5.2277184,82636.43
1997-03-13,TEX,5.2277184,5.2821736,5.118808,5.173263,128545.56
1997-03-14,TEX,5.118808,5.118808,5.0098968,5.064352,31906.846
1997-03-17,TEX,5.0098968,5.0098968,4.9009857,4.9009857,44990.945
1997-03-18,TEX,4.9554415,4.9554415,4.9009857,4.9554415,61977.324
1997-03-19,TEX,4.9554415,5.064352,4.9554415,5.064352,132218.3
1997-03-20,TEX,5.064352,5.064352,5.0098968,5.0098968,57386.414
1997-03-21,TEX,5.0098968,5.2277184,5.0098968,5.2277184,86997.805
1997-03-24,TEX,5.2277184,5.336629,5.173263,5.336629,193047.89
1997-03-25,TEX,5.3910847,5.499995,5.3910847,5.499995,53025.043
1997-03-26,TEX,5.44554,5.554451,5.44554,5.554451,109952.37
1997-03-27,TEX,5.6089063,5.772272,5.6089063,5.717817,59222.777
1997-03-31,TEX,5.772272,5.881183,5.717817,5.717817,537366.4
1997-04-01,TEX,5.717817,5.826728,5.717817,5.826728,29152.297
1997-04-02,TEX,5.772272,5.826728,5.772272,5.826728,97097.81
1997-04-03,TEX,5.826728,6.0445495,5.826728,6.0445495,140941.03
1997-04-04,TEX,6.0445495,6.0990047,5.9356384,5.990094,192359.25
1997-04-07,TEX,5.990094,5.990094,5.772272,5.772272,27086.387
1997-04-08,TEX,5.881183,6.0990047,5.881183,6.0445495,514641.34
1997-04-09,TEX,6.0990047,6.15346,6.0445495,6.0445495,64502.33
1997-04-10,TEX,6.0990047,6.0990047,5.990094,6.0445495,82177.34
1997-04-11,TEX,5.990094,5.990094,5.990094,5.990094,18822.744
1997-04-14,TEX,5.990094,5.990094,5.9356384,5.9356384,27545.479
1997-04-15,TEX,5.9356384,5.990094,5.881183,5.9356384,313559.34
1997-04-16,TEX,5.990094,5.990094,5.826728,5.881183,23413.656
1997-04-17,TEX,5.881183,5.9356384,5.826728,5.826728,60829.598
1997-04-18,TEX,5.772272,5.881183,5.772272,5.881183,144154.67
1997-04-21,TEX,5.881183,5.881183,5.826728,5.826728,133366.02
1997-04-22,TEX,5.881183,5.881183,5.826728,5.826728,43384.13
1997-04-23,TEX,5.826728,5.9356384,5.826728,5.881183,35350.03
1997-04-24,TEX,5.881183,5.990094,5.826728,5.990094,178586.52
1997-04-25,TEX,5.990094,6.0990047,5.990094,6.0990047,55090.957
1997-04-28,TEX,6.0990047,6.2079153,6.0445495,6.0445495,125102.375
1997-04-29,TEX,6.15346,6.4257374,6.15346,6.3712816,136120.56
1997-04-30,TEX,6.4801927,6.534648,6.3168263,6.4801927,193736.53
1997-05-01,TEX,6.4801927,6.915836,6.4801927,6.806925,175602.42
1997-05-02,TEX,6.8613806,7.1881127,6.8613806,7.0792017,198327.44
1997-05-05,TEX,7.1336575,7.1336575,6.806925,6.970291,87227.34
1997-05-06,TEX,6.970291,6.970291,6.806925,6.8613806,33054.574
1997-05-07,TEX,6.8613806,6.915836,6.6980143,6.915836,82406.89
1997-05-08,TEX,6.915836,6.915836,6.589103,6.6980143,107197.82
1997-05-09,TEX,6.6980143,6.7524695,6.6435585,6.6435585,75750.06
1997-05-12,TEX,6.6980143,6.6980143,6.6435585,6.6435585,43843.22
1997-05-13,TEX,6.7524695,6.806925,6.6980143,6.806925,32825.027
1997-05-14,TEX,6.8613806,7.0247464,6.806925,6.970291,106050.086
1997-05-15,TEX,6.915836,6.915836,6.8613806,6.915836,20429.562
1997-05-16,TEX,6.915836,6.970291,6.8613806,6.915836,31447.754
1997-05-19,TEX,6.970291,6.970291,6.6980143,6.6980143,68634.15
1997-05-20,TEX,6.6435585,6.806925,6.6435585,6.806925,10329.554
1997-05-21,TEX,6.8613806,6.8613806,6.6980143,6.806925,30759.117
1997-05-22,TEX,6.7524695,6.7524695,6.589103,6.6980143,24790.93
1997-05-23,TEX,6.6980143,6.915836,6.6980143,6.7524695,92736.445
1997-05-27,TEX,6.6435585,6.6980143,6.4257374,6.6980143,201770.62
1997-05-28,TEX,6.6435585,6.6435585,6.534648,6.589103,104443.27
1997-05-29,TEX,6.534648,6.7524695,6.4801927,6.7524695,181341.06
1997-05-30,TEX,6.6435585,6.8613806,6.589103,6.8613806,54631.863
1997-06-02,TEX,6.915836,7.1336575,6.8613806,7.1336575,260763.86
1997-06-03,TEX,7.242568,7.732667,7.242568,7.732667,439120.8
1997-06-04,TEX,7.732667,7.7871222,7.514845,7.514845,119134.195
1997-06-05,TEX,7.4603896,7.514845,7.4059343,7.514845,92277.35
1997-06-06,TEX,7.514845,7.5693007,7.4603896,7.4603896,57156.867
1997-06-09,TEX,7.514845,7.514845,7.4059343,7.4059343,19511.38
1997-06-10,TEX,7.4603896,7.4603896,7.351479,7.4059343,25020.477
1997-06-11,TEX,7.297024,7.351479,7.242568,7.297024,18593.197
1997-06-12,TEX,7.242568,7.242568,7.0792017,7.0792017,66797.78
1997-06-13,TEX,7.0792017,7.1336575,7.0247464,7.0792017,46827.312
1997-06-16,TEX,7.1336575,7.242568,7.1336575,7.242568,128086.47
1997-06-17,TEX,7.297024,7.5693007,7.297024,7.514845,47745.496
1997-06-18,TEX,7.678211,8.16831,7.678211,8.113854,320445.72
1997-06-19,TEX,8.277221,8.495043,8.16831,8.3316765,648236.94
1997-06-20,TEX,8.440587,8.440587,8.113854,8.16831,161370.6
1997-06-23,TEX,8.277221,8.3316765,8.16831,8.222765,80111.43
1997-06-24,TEX,8.304448,8.304448,8.113854,8.16831,35120.484
1997-06-25,TEX,8.16831,8.277221,7.950488,8.277221,313788.9
1997-06-26,TEX,8.304448,8.3316765,8.16831,8.16831,40629.58
1997-06-27,TEX,8.059399,8.16831,8.059399,8.16831,100770.54
1997-06-30,TEX,8.222765,8.495043,8.222765,8.386131,173306.97
1997-07-01,TEX,8.41336,8.76732,8.386131,8.712864,193736.53
1997-07-02,TEX,8.8217745,9.094051,8.8217745,9.094051,96179.625
1997-07-03,TEX,9.202963,9.420784,9.148507,9.420784,113395.55
1997-07-07,TEX,9.529695,9.638606,9.47524,9.58415,528873.2
1997-07-08,TEX,9.58415,9.58415,9.529695,9.58415,275454.78
1997-07-09,TEX,9.693061,10.0197935,9.693061,9.801971,563075.5
1997-07-10,TEX,9.856427,9.910883,9.529695,9.638606,576159.56
1997-07-11,TEX,9.58415,9.693061,9.502467,9.556923,100770.54
1997-07-14,TEX,9.529695,9.556923,8.658408,8.712864,345007.12
1997-07-15,TEX,8.8217745,9.311873,8.6856365,9.284646,334218.47
1997-07-16,TEX,9.339101,9.339101,8.712864,9.066824,312411.62
1997-07-17,TEX,9.801971,10.673258,9.529695,9.58415,1886406.1
1997-07-18,TEX,9.58415,9.747517,9.47524,9.502467,232759.28
1997-07-21,TEX,9.529695,9.556923,8.930685,8.957913,446925.38
1997-07-22,TEX,8.712864,8.985141,8.549498,8.849003,408361.72
1997-07-23,TEX,8.76732,8.87623,8.549498,8.549498,6313882.5
1997-07-24,TEX,8.495043,8.603953,8.495043,8.495043,850466.6
1997-07-25,TEX,8.576725,8.930685,8.576725,8.576725,1009771.3
1997-07-28,TEX,8.76732,8.76732,8.576725,8.603953,402393.53
1997-07-29,TEX,8.603953,8.603953,8.16831,8.222765,1335267
1997-07-30,TEX,8.222765,8.41336,8.16831,8.304448,1281323.8
1997-07-31,TEX,8.3316765,8.386131,8.277221,8.386131,414100.34
1997-08-01,TEX,8.386131,8.467814,8.277221,8.3316765,454729.94
1997-08-04,TEX,8.3316765,8.930685,8.3316765,8.76732,547925.44
1997-08-05,TEX,8.712864,8.87623,8.549498,8.87623,754057.44
1997-08-06,TEX,8.8217745,9.366329,8.8217745,9.366329,1122248.6
1997-08-07,TEX,9.366329,10.0197935,9.366329,9.93811,1826035.6
1997-08-08,TEX,9.856427,9.93811,9.638606,9.883655,372093.5
1997-08-11,TEX,9.883655,9.93811,9.665833,9.774744,361075.3
1997-08-12,TEX,9.774744,9.801971,9.339101,9.366329,286932.06
1997-08-13,TEX,9.366329,9.58415,9.284646,9.420784,360616.22
1997-08-14,TEX,9.529695,9.58415,9.23019,9.420784,432693.56
1997-08-15,TEX,9.366329,9.47524,9.284646,9.420784,213018.36
1997-08-18,TEX,9.393557,9.448011,9.257418,9.339101,155631.95
1997-08-19,TEX,9.420784,9.638606,9.420784,9.556923,179045.61
1997-08-20,TEX,9.556923,9.556923,9.094051,9.094051,321823
1997-08-21,TEX,9.039597,9.257418,8.985141,9.148507,555959.56
1997-08-22,TEX,9.1757345,9.58415,9.148507,9.448011,216920.64
1997-08-25,TEX,9.556923,9.801971,9.502467,9.638606,464600.4
1997-08-26,TEX,9.58415,9.638606,9.420784,9.47524,56927.32
1997-08-27,TEX,9.47524,9.58415,9.47524,9.556923,350975.28
1997-08-28,TEX,9.665833,9.665833,9.529695,9.638606,131759.2
1997-08-29,TEX,9.638606,9.638606,9.311873,9.420784,137956.94
1997-09-02,TEX,9.366329,9.556923,9.311873,9.529695,67486.42
1997-09-03,TEX,9.529695,9.910883,9.502467,9.856427,227250.19
1997-09-04,TEX,9.910883,9.965338,9.801971,9.883655,522216.34
1997-09-05,TEX,9.910883,9.910883,9.801971,9.910883,131988.75
1997-09-08,TEX,9.93811,10.29207,9.8292,10.29207,262600.22
1997-09-09,TEX,10.29207,10.400981,9.801971,9.910883,292900.25
1997-09-10,TEX,9.801971,9.8292,9.693061,9.747517,473552.7
1997-09-11,TEX,9.693061,9.747517,9.529695,9.638606,282341.16
1997-09-12,TEX,9.58415,9.720289,9.529695,9.693061,121200.1
1997-09-15,TEX,9.693061,9.856427,9.638606,9.638606,168716.05
1997-09-16,TEX,9.638606,9.638606,8.8217745,9.039597,2812852.5
1997-09-17,TEX,9.148507,9.202963,9.066824,9.094051,249286.58
1997-09-18,TEX,9.12128,9.529695,9.12128,9.420784,185013.8
1997-09-19,TEX,9.311873,9.366329,9.202963,9.311873,136350.11
1997-09-22,TEX,9.257418,9.311873,9.148507,9.148507,68634.15
1997-09-23,TEX,9.1757345,9.257418,9.148507,9.202963,101229.63
1997-09-24,TEX,9.202963,9.202963,9.094051,9.148507,118904.65
1997-09-25,TEX,9.094051,9.148507,8.903458,9.094051,116150.1
1997-09-26,TEX,9.12128,9.12128,8.930685,9.012368,84931.89
1997-09-29,TEX,8.930685,8.985141,8.903458,8.957913,327332.1
1997-09-30,TEX,9.066824,9.366329,8.985141,9.039597,410886.72
1997-10-01,TEX,9.039597,9.12128,8.985141,9.012368,141629.67
1997-10-02,TEX,8.8217745,8.87623,8.658408,8.6856365,283029.78
1997-10-03,TEX,8.658408,8.87623,8.658408,8.87623,145531.94
1997-10-06,TEX,8.930685,9.012368,8.76732,9.012368,149663.77
1997-10-07,TEX,9.039597,9.12128,8.930685,9.12128,101000.086
1997-10-08,TEX,9.202963,9.23019,8.985141,9.12128,78734.16
1997-10-09,TEX,9.039597,9.448011,8.985141,9.420784,274766.16
1997-10-10,TEX,9.366329,9.529695,9.339101,9.529695,81947.8
1997-10-13,TEX,9.47524,9.747517,9.47524,9.747517,193966.08
1997-10-14,TEX,9.747517,10.074249,9.747517,10.047021,405836.72
1997-10-15,TEX,10.047021,10.29207,9.910883,10.210387,325954.8
1997-10-16,TEX,10.210387,10.264843,10.074249,10.074249,185931.97
1997-10-17,TEX,9.856427,9.856427,9.529695,9.693061,166650.14
1997-10-20,TEX,9.693061,9.910883,9.529695,9.910883,194425.17
1997-10-21,TEX,10.0197935,10.128704,9.910883,9.965338,253418.39
1997-10-22,TEX,9.965338,11.108902,9.93811,11.108902,1030889.5
1997-10-23,TEX,10.455437,10.89108,10.128704,10.754941,813280.25
1997-10-24,TEX,10.782169,10.972763,10.074249,10.482664,346613.94
1997-10-27,TEX,10.0197935,10.264843,9.420784,9.420784,241941.11
1997-10-28,TEX,9.039597,10.0197935,8.495043,9.039597,345466.2
1997-10-29,TEX,10.0197935,10.0197935,9.611378,9.665833,285095.7
1997-10-30,TEX,9.58415,9.58415,9.094051,9.12128,279357.06
1997-10-31,TEX,9.23019,9.284646,9.148507,9.1757345,74831.88
1997-11-03,TEX,10.0197935,10.074249,9.638606,9.638606,389309.4
1997-11-04,TEX,9.638606,9.638606,9.094051,9.23019,272700.22
1997-11-05,TEX,9.366329,9.47524,9.257418,9.339101,328020.72
1997-11-06,TEX,9.339101,9.339101,9.202963,9.23019,53254.59
1997-11-07,TEX,9.202963,9.202963,9.094051,9.148507,212329.72
1997-11-10,TEX,9.148507,9.148507,9.12128,9.148507,86768.26
1997-11-11,TEX,9.094051,9.094051,8.87623,8.903458,157009.22
1997-11-12,TEX,8.849003,8.849003,8.358904,8.467814,364977.6
1997-11-13,TEX,8.440587,8.603953,8.195538,8.603953,353041.22
1997-11-14,TEX,8.603953,9.039597,8.603953,9.039597,91588.71
1997-11-17,TEX,9.039597,9.148507,9.039597,9.094051,74831.88
1997-11-18,TEX,9.066824,9.066824,8.712864,8.930685,112247.82
1997-11-19,TEX,8.8217745,8.8217745,8.603953,8.712864,221970.64
1997-11-20,TEX,8.76732,8.985141,8.712864,8.903458,104902.36
1997-11-21,TEX,8.985141,9.339101,8.985141,9.311873,107427.37
1997-11-24,TEX,9.257418,9.257418,8.603953,8.8217745,262600.22
1997-11-25,TEX,8.87623,8.87623,8.794547,8.849003,58534.14
1997-11-26,TEX,8.76732,8.8217745,8.6856365,8.8217745,209575.17
1997-11-28,TEX,8.712864,8.930685,8.712864,8.930685,25479.566
1997-12-01,TEX,9.039597,9.148507,8.985141,8.985141,129463.74
1997-12-02,TEX,9.039597,9.039597,8.6856365,8.849003,132218.3
1997-12-03,TEX,8.849003,8.849003,8.658408,8.712864,154943.31
1997-12-04,TEX,8.930685,9.257418,8.930685,8.930685,291982.06
1997-12-05,TEX,9.039597,9.58415,8.794547,9.47524,528643.6
1997-12-08,TEX,9.58415,9.992566,9.58415,9.747517,344318.47
1997-12-09,TEX,9.801971,10.264843,9.774744,10.264843,241711.56
1997-12-10,TEX,10.237616,10.782169,10.237616,10.509892,527955
1997-12-11,TEX,10.237616,10.509892,9.965338,10.509892,811214.3
1997-12-12,TEX,10.455437,10.618803,10.346526,10.455437,266272.94
1997-12-15,TEX,10.455437,10.89108,10.0197935,10.074249,651221
1997-12-16,TEX,10.074249,10.18316,9.856427,9.856427,703327.9
1997-12-17,TEX,9.965338,10.237616,9.965338,10.101477,477225.4
1997-12-18,TEX,10.101477,10.101477,9.747517,9.801971,442334.47
1997-12-19,TEX,9.774744,9.774744,9.393557,9.556923,484341.3
1997-12-22,TEX,9.529695,9.965338,9.529695,9.910883,365666.22
1997-12-23,TEX,9.801971,9.883655,9.720289,9.856427,66568.234
1997-12-24,TEX,9.856427,9.856427,9.611378,9.693061,50270.496
1997-12-26,TEX,9.747517,9.747517,9.638606,9.693061,2754.5479
1997-12-29,TEX,9.747517,9.801971,9.420784,9.58415,116609.19
1997-12-30,TEX,9.58415,9.801971,9.556923,9.774744,104672.81
1997-12-31,TEX,9.693061,10.346526,9.638606,10.237616,159763.77
1998-01-02,TEX,10.346526,10.346526,10.074249,10.074249,182947.88
1998-01-05,TEX,10.101477,10.210387,10.074249,10.18316,166191.05
1998-01-06,TEX,10.18316,10.591576,10.155932,10.455437,315166.2
1998-01-07,TEX,10.455437,10.455437,10.210387,10.29207,313559.34
1998-01-08,TEX,10.237616,10.237616,9.693061,9.693061,223347.92
1998-01-09,TEX,9.58415,9.665833,9.094051,9.148507,335136.66
1998-01-12,TEX,8.930685,9.257418,8.87623,9.012368,899359.9
1998-01-13,TEX,9.094051,9.148507,8.985141,8.985141,419609.44
1998-01-14,TEX,8.87623,8.930685,8.76732,8.76732,502934.53
1998-01-15,TEX,8.8217745,9.148507,8.8217745,9.066824,120970.555
1998-01-16,TEX,9.094051,9.148507,8.712864,8.930685,240334.3
1998-01-20,TEX,8.985141,9.066824,8.87623,8.985141,104213.73
1998-01-21,TEX,9.039597,9.12128,8.930685,9.094051,340875.28
1998-01-22,TEX,9.148507,9.339101,9.094051,9.23019,145072.84
1998-01-23,TEX,9.23019,9.284646,9.066824,9.066824,206361.53
1998-01-26,TEX,9.148507,9.202963,8.87623,8.87623,127397.836
1998-01-27,TEX,8.76732,9.039597,8.712864,8.930685,137497.84
1998-01-28,TEX,8.985141,9.094051,8.903458,9.012368,89981.89
1998-01-29,TEX,9.12128,9.47524,9.039597,9.257418,132218.3
1998-01-30,TEX,9.420784,9.448011,9.094051,9.1757345,198327.44
1998-02-02,TEX,9.284646,9.311873,9.039597,9.202963,389309.4
1998-02-03,TEX,9.148507,9.910883,9.148507,9.910883,469420.84
1998-02-04,TEX,9.910883,10.0197935,9.774744,9.856427,137268.3
1998-02-05,TEX,9.747517,10.0197935,9.747517,9.774744,95490.99
1998-02-06,TEX,9.801971,10.29207,9.801971,10.210387,377373.03
1998-02-09,TEX,10.210387,10.836624,10.128704,10.564347,530250.44
1998-02-10,TEX,10.673258,10.754941,10.373754,10.509892,133595.56
1998-02-11,TEX,10.455437,10.564347,9.747517,10.128704,541727.75
1998-02-12,TEX,10.074249,10.564347,10.0197935,10.455437,123725.1
1998-02-13,TEX,10.482664,10.482664,10.29207,10.482664,395966.25
1998-02-17,TEX,10.455437,10.700486,10.29207,10.455437,189375.16
1998-02-18,TEX,10.400981,10.455437,10.319298,10.346526,66568.234
1998-02-19,TEX,10.346526,10.346526,10.264843,10.264843,62665.96
1998-02-20,TEX,10.155932,10.210387,10.0197935,10.18316,128086.47
1998-02-23,TEX,10.237616,10.400981,10.074249,10.237616,136120.56
1998-02-24,TEX,10.237616,10.264843,10.128704,10.128704,126479.66
1998-02-25,TEX,10.237616,10.400981,10.237616,10.400981,186620.61
1998-02-26,TEX,10.455437,10.509892,10.346526,10.373754,236661.56
1998-02-27,TEX,10.428209,10.428209,10.346526,10.400981,26856.842
1998-03-02,TEX,10.400981,10.455437,10.237616,10.346526,56697.773
1998-03-03,TEX,10.29207,10.428209,9.801971,9.910883,256861.58
1998-03-04,TEX,9.801971,10.128704,9.665833,9.693061,928282.6
1998-03-05,TEX,9.58415,9.856427,9.529695,9.801971,266272.94
1998-03-06,TEX,9.8292,10.455437,9.8292,10.237616,266732.03
1998-03-09,TEX,10.264843,10.482664,9.883655,9.965338,283718.4
1998-03-10,TEX,9.910883,10.074249,9.8292,9.856427,272470.7
1998-03-11,TEX,9.965338,10.673258,9.965338,10.564347,626659.6
1998-03-12,TEX,10.564347,10.727714,10.53712,10.700486,212329.72
1998-03-13,TEX,10.700486,10.99999,10.700486,10.809397,294047.97
1998-03-16,TEX,10.754941,10.99999,10.754941,10.972763,231841.11
1998-03-17,TEX,11.081674,11.217813,11.054446,11.217813,242170.66
1998-03-18,TEX,11.653456,11.762366,11.517317,11.680683,790096.1
1998-03-19,TEX,11.707911,11.871277,11.680683,11.816822,270863.88
1998-03-20,TEX,11.816822,11.844049,11.707911,11.816822,219216.1
1998-03-23,TEX,11.816822,11.816822,11.544544,11.544544,205902.45
1998-03-24,TEX,11.490089,11.762366,11.490089,11.735139,110411.45
1998-03-25,TEX,11.653456,11.871277,11.462862,11.680683,366813.94
1998-03-26,TEX,11.653456,11.95296,11.653456,11.844049,243777.48
1998-03-27,TEX,11.871277,11.898505,11.816822,11.844049,121200.1
1998-03-30,TEX,11.789594,11.816822,11.435634,11.544544,298179.8
1998-03-31,TEX,11.599,11.789594,11.544544,11.789594,137038.75
1998-04-01,TEX,11.789594,12.633653,11.680683,12.55197,473093.6
1998-04-02,TEX,12.633653,12.688108,12.470286,12.633653,702409.7
1998-04-03,TEX,12.633653,12.715336,12.470286,12.688108,225413.83
1998-04-06,TEX,12.797019,12.987613,12.688108,12.715336,617477.8
1998-04-07,TEX,12.742563,12.742563,12.524742,12.579197,381504.88
1998-04-08,TEX,12.524742,12.688108,12.497514,12.688108,312870.72
1998-04-09,TEX,12.579197,12.797019,12.579197,12.633653,281652.5
1998-04-13,TEX,12.742563,12.797019,12.55197,12.606425,117297.83
1998-04-14,TEX,12.633653,12.715336,12.497514,12.688108,93884.17
1998-04-15,TEX,12.742563,12.987613,12.742563,12.90593,137956.94
1998-04-16,TEX,12.878702,12.960385,12.715336,12.742563,174913.78
1998-04-17,TEX,12.688108,12.824246,12.524742,12.55197,132218.3
1998-04-20,TEX,12.55197,12.688108,12.361376,12.388603,114543.28
1998-04-21,TEX,12.524742,12.606425,12.524742,12.606425,326413.9
1998-04-22,TEX,12.633653,12.66088,12.633653,12.633653,169863.78
1998-04-23,TEX,12.633653,12.66088,12.524742,12.66088,146909.22
1998-04-24,TEX,12.688108,12.688108,12.415831,12.443059,302541.16
1998-04-27,TEX,12.524742,12.769792,11.980188,12.769792,1023084.94
1998-04-28,TEX,12.769792,13.341573,12.688108,13.150979,951466.7
1998-04-29,TEX,13.150979,13.287117,13.01484,13.069296,597736.9
1998-04-30,TEX,13.178206,13.3960285,13.178206,13.341573,455189.03
1998-05-01,TEX,13.314345,13.341573,13.178206,13.232662,286243.44
1998-05-04,TEX,13.25989,13.25989,12.960385,13.069296,204754.72
1998-05-05,TEX,13.0420685,13.096523,12.90593,12.90593,240104.75
1998-05-06,TEX,13.069296,13.123752,12.933157,13.01484,287391.16
1998-05-07,TEX,13.01484,13.0420685,12.851475,12.90593,314248
1998-05-08,TEX,12.960385,13.01484,12.851475,12.960385,54861.41
1998-05-11,TEX,13.01484,13.0420685,12.960385,12.960385,90670.53
1998-05-12,TEX,12.987613,13.069296,12.960385,12.987613,680373.3
1998-05-13,TEX,13.069296,13.232662,13.0420685,13.178206,197409.25
1998-05-14,TEX,13.178206,13.3960285,13.123752,13.341573,209804.72
1998-05-15,TEX,13.3960285,13.3960285,13.069296,13.178206,31447.754
1998-05-18,TEX,13.205435,13.287117,13.069296,13.232662,205213.81
1998-05-19,TEX,13.178206,13.5321665,13.178206,13.477712,280734.34
1998-05-20,TEX,13.423256,13.722761,13.423256,13.641078,208197.9
1998-05-21,TEX,13.695533,13.695533,13.559395,13.641078,227938.83
1998-05-22,TEX,13.586622,13.586622,13.341573,13.504939,90440.984
1998-05-26,TEX,13.423256,13.61385,13.423256,13.504939,107656.91
1998-05-27,TEX,13.450483,13.450483,13.069296,13.3960285,662698.3
1998-05-28,TEX,13.287117,13.5321665,13.25989,13.504939,267420.7
1998-05-29,TEX,13.559395,13.61385,13.3960285,13.423256,61518.234
1998-06-01,TEX,13.423256,13.423256,12.987613,13.123752,173077.42
1998-06-02,TEX,13.123752,13.150979,12.90593,12.933157,84013.71
1998-06-03,TEX,12.933157,12.960385,12.878702,12.933157,66109.15
1998-06-04,TEX,12.90593,12.90593,12.579197,12.633653,327332.1
1998-06-05,TEX,12.633653,12.66088,12.470286,12.66088,148745.58
1998-06-08,TEX,12.66088,12.742563,12.633653,12.633653,142318.3
1998-06-09,TEX,12.742563,12.742563,12.606425,12.633653,71618.24
1998-06-10,TEX,12.688108,12.688108,12.470286,12.470286,73684.16
1998-06-11,TEX,12.361376,12.415831,12.143554,12.252465,232070.66
1998-06-12,TEX,12.1980095,12.1980095,12.034643,12.143554,108345.55
1998-06-15,TEX,12.143554,12.1980095,12.034643,12.034643,107197.82
1998-06-16,TEX,12.034643,12.089099,11.789594,11.844049,205672.9
1998-06-17,TEX,11.871277,12.170782,11.871277,12.089099,138186.48
1998-06-18,TEX,12.170782,12.170782,11.816822,11.925733,97327.35
1998-06-19,TEX,11.871277,11.925733,11.707911,11.871277,206591.08
1998-06-22,TEX,11.871277,12.252465,11.871277,12.225237,136579.66
1998-06-23,TEX,12.252465,12.388603,12.252465,12.361376,51647.77
1998-06-24,TEX,12.388603,12.415831,12.334148,12.334148,147368.31
1998-06-25,TEX,12.361376,12.55197,12.143554,12.143554,190522.89
1998-06-26,TEX,12.170782,12.30692,12.089099,12.143554,72765.97
1998-06-29,TEX,12.089099,12.361376,12.089099,12.252465,71159.15
1998-06-30,TEX,12.1980095,12.415831,12.089099,12.415831,81947.8
1998-07-01,TEX,12.361376,12.579197,12.361376,12.55197,66568.234
1998-07-02,TEX,12.633653,12.742563,12.633653,12.715336,86768.26
1998-07-06,TEX,12.824246,12.851475,12.633653,12.66088,250893.39
1998-07-07,TEX,12.66088,12.878702,12.524742,12.878702,124413.74
1998-07-08,TEX,12.878702,12.878702,12.606425,12.606425,84243.25
1998-07-09,TEX,12.633653,12.633653,12.361376,12.415831,70929.6
1998-07-10,TEX,12.470286,12.470286,12.089099,12.30692,110181.914
1998-07-13,TEX,12.30692,12.524742,12.30692,12.415831,100540.99
1998-07-14,TEX,12.415831,12.415831,12.089099,12.361376,474700.4
1998-07-15,TEX,12.415831,12.470286,12.1980095,12.30692,267879.78
1998-07-16,TEX,12.252465,12.30692,12.089099,12.170782,257550.22
1998-07-17,TEX,12.170782,12.170782,11.871277,12.007416,215772.9
1998-07-20,TEX,12.007416,12.089099,11.871277,12.034643,113625.09
1998-07-21,TEX,11.980188,12.089099,11.980188,12.034643,182488.8
1998-07-22,TEX,11.980188,12.089099,11.871277,11.95296,143006.94
1998-07-23,TEX,11.898505,11.898505,11.653456,11.653456,211411.55
1998-07-24,TEX,11.653456,11.762366,11.517317,11.707911,83325.07
1998-07-27,TEX,11.762366,11.762366,11.163357,11.326723,275913.88
1998-07-28,TEX,11.272267,11.272267,10.727714,10.89108,417773.1
1998-07-29,TEX,10.99999,11.462862,10.564347,10.782169,892243.94
1998-07-30,TEX,10.455437,10.564347,9.774744,9.856427,595211.9
1998-07-31,TEX,10.047021,10.237616,8.8217745,9.12128,791243.9
1998-08-03,TEX,9.148507,9.801971,9.094051,9.148507,817182.5
1998-08-04,TEX,9.202963,9.257418,8.222765,8.3316765,854368.9
1998-08-05,TEX,8.440587,9.039597,8.3316765,9.039597,263747.94
1998-08-06,TEX,8.930685,10.18316,8.930685,9.883655,357173.03
1998-08-07,TEX,9.965338,10.128704,9.801971,9.856427,544482.25
1998-08-10,TEX,9.8292,10.0197935,9.202963,9.366329,589702.75
1998-08-11,TEX,9.148507,9.148507,8.849003,9.094051,145991.03
1998-08-12,TEX,9.148507,9.420784,9.148507,9.366329,468043.56
1998-08-13,TEX,9.366329,9.58415,9.366329,9.58415,387932.16
1998-08-14,TEX,9.529695,10.0197935,9.529695,9.801971,337891.2
1998-08-17,TEX,9.910883,10.237616,9.693061,10.0197935,478373.12
1998-08-18,TEX,10.0197935,10.319298,9.965338,10.264843,269716.12
1998-08-19,TEX,10.373754,10.373754,9.529695,9.693061,136120.56
1998-08-20,TEX,9.638606,9.665833,9.58415,9.665833,104443.27
1998-08-21,TEX,9.665833,9.665833,8.957913,9.202963,142088.75
1998-08-24,TEX,9.148507,9.58415,9.148507,9.47524,194654.7
1998-08-25,TEX,9.58415,9.693061,9.339101,9.366329,298179.8
1998-08-26,TEX,9.257418,9.257418,8.631181,8.87623,217609.28
1998-08-27,TEX,8.76732,8.76732,8.16831,8.386131,154713.77
1998-08-28,TEX,8.495043,8.576725,7.732667,7.950488,127856.93
1998-08-31,TEX,7.950488,7.950488,6.806925,6.8613806,291982.06
1998-09-01,TEX,6.915836,7.1881127,6.806925,7.1336575,265813.88
1998-09-02,TEX,7.1881127,7.705439,7.1881127,7.5693007,238727.47
1998-09-03,TEX,7.514845,7.514845,7.2153406,7.242568,610361.9
1998-09-04,TEX,7.269796,7.269796,6.8341527,6.8613806,448532.2
1998-09-08,TEX,6.915836,7.514845,6.915836,7.351479,547695.94
1998-09-09,TEX,7.351479,7.732667,7.2153406,7.324251,224266.1
1998-09-10,TEX,7.269796,7.732667,7.2153406,7.5693007,347991.22
1998-09-11,TEX,7.5693007,7.678211,7.4059343,7.4059343,194195.62
1998-09-14,TEX,7.3787065,7.3787065,7.1881127,7.269796,242859.3
1998-09-15,TEX,7.297024,7.514845,7.1881127,7.1881127,405836.72
1998-09-16,TEX,7.1881127,7.514845,7.1881127,7.4059343,129693.29
1998-09-17,TEX,7.297024,7.514845,7.242568,7.4603896,106279.63
1998-09-18,TEX,7.5693007,7.5693007,7.297024,7.324251,508673.16
1998-09-21,TEX,7.242568,7.514845,7.242568,7.4059343,238038.84
1998-09-22,TEX,7.3787065,7.514845,7.351479,7.433162,109034.18
1998-09-23,TEX,7.3787065,7.4059343,7.1881127,7.242568,435907.2
1998-09-24,TEX,7.242568,7.242568,6.970291,7.0247464,113166.01
1998-09-25,TEX,7.0792017,7.0792017,6.0990047,6.262371,1108475.9
1998-09-28,TEX,6.4801927,6.7524695,6.235143,6.534648,659255.1
1998-09-29,TEX,6.561876,6.6435585,6.3168263,6.589103,267420.7
1998-09-30,TEX,6.534648,6.534648,6.3168263,6.50742,204066.08
1998-10-01,TEX,6.452965,6.50742,6.3712816,6.4257374,128086.47
1998-10-02,TEX,6.3712816,6.616331,6.3168263,6.452965,290834.34
1998-10-05,TEX,6.4257374,6.7796974,6.4257374,6.6435585,450598.1
1998-10-06,TEX,6.6435585,6.7252417,6.4257374,6.50742,79881.88
1998-10-07,TEX,6.4801927,6.616331,6.3168263,6.3168263,224036.55
1998-10-08,TEX,6.3168263,6.3168263,5.9356384,6.0990047,218297.9
1998-10-09,TEX,6.0445495,6.4801927,6.0445495,6.3168263,200393.34
1998-10-12,TEX,6.262371,6.262371,5.826728,6.0990047,207968.36
1998-10-13,TEX,6.1262326,6.2079153,6.071777,6.180688,85390.984
1998-10-14,TEX,6.1262326,6.4257374,5.8539553,6.4257374,298409.34
1998-10-15,TEX,6.806925,7.4059343,6.806925,7.2153406,404688.97
1998-10-16,TEX,7.4059343,7.896033,7.4059343,7.8143497,1023314.5
1998-10-19,TEX,7.7598944,8.277221,7.7598944,8.16831,445318.56
1998-10-20,TEX,8.222765,8.6856365,8.222765,8.304448,418461.72
1998-10-21,TEX,8.358904,8.440587,8.277221,8.277221,151041.03
1998-10-22,TEX,8.141082,8.603953,8.141082,8.576725,90211.44
1998-10-23,TEX,8.576725,8.603953,8.440587,8.467814,124643.29
1998-10-26,TEX,8.495043,8.849003,8.440587,8.76732,139563.75
1998-10-27,TEX,8.8217745,9.393557,8.8217745,9.257418,166879.69
1998-10-28,TEX,9.202963,9.284646,9.039597,9.23019,160681.95
1998-10-29,TEX,9.148507,9.47524,9.148507,9.448011,145531.94
1998-10-30,TEX,9.58415,9.910883,9.420784,9.47524,425348.1
1998-11-02,TEX,9.366329,9.774744,9.311873,9.747517,374618.5
1998-11-03,TEX,9.883655,10.428209,9.883655,10.400981,496048.16
1998-11-04,TEX,10.455437,10.618803,10.29207,10.53712,373241.22
1998-11-05,TEX,10.564347,10.618803,10.346526,10.509892,133136.47
1998-11-06,TEX,10.53712,10.53712,10.373754,10.373754,199934.27
1998-11-09,TEX,10.400981,10.455437,10.237616,10.373754,146909.22
1998-11-10,TEX,10.373754,10.53712,10.319298,10.319298,96638.72
1998-11-11,TEX,10.400981,10.455437,10.128704,10.155932,165502.4
1998-11-12,TEX,10.128704,10.29207,10.101477,10.18316,65190.965
1998-11-13,TEX,10.237616,10.346526,9.856427,9.856427,205672.9
1998-11-16,TEX,9.856427,10.509892,9.856427,10.237616,188916.06
1998-11-17,TEX,10.237616,10.727714,10.237616,10.700486,338579.84
1998-11-18,TEX,10.754941,11.108902,10.754941,10.918307,291293.44
1998-11-19,TEX,11.081674,11.544544,11.027219,11.490089,491686.78
1998-11-20,TEX,11.544544,11.626227,11.408406,11.626227,277291.16
1998-11-23,TEX,11.626227,12.034643,11.599,11.980188,523364.1
1998-11-24,TEX,12.1980095,12.606425,12.143554,12.388603,409968.53
1998-11-25,TEX,12.334148,12.361376,11.980188,12.170782,260763.86
1998-11-27,TEX,12.1980095,12.361376,12.1980095,12.225237,206132
1998-11-30,TEX,12.252465,12.443059,12.034643,12.1980095,284177.5
1998-12-01,TEX,11.898505,11.925733,11.326723,11.490089,423052.62
1998-12-02,TEX,11.490089,11.653456,11.490089,11.544544,263059.3
1998-12-03,TEX,11.653456,12.089099,11.435634,11.762366,246072.94
1998-12-04,TEX,11.789594,12.034643,11.789594,12.034643,109722.82
1998-12-07,TEX,12.007416,12.061871,11.925733,12.061871,155631.95
1998-12-08,TEX,12.061871,12.252465,12.061871,12.143554,143695.58
1998-12-09,TEX,12.034643,12.30692,12.034643,12.061871,199245.62
1998-12-10,TEX,12.061871,12.061871,11.108902,11.217813,592457.3
1998-12-11,TEX,11.24504,11.24504,10.99999,11.027219,68634.15
1998-12-14,TEX,11.027219,11.163357,10.727714,10.89108,405836.72
1998-12-15,TEX,10.836624,10.89108,10.509892,10.53712,438661.75
1998-12-16,TEX,10.53712,10.591576,10.18316,10.400981,262829.78
1998-12-17,TEX,10.509892,10.618803,9.992566,10.074249,474241.3
1998-12-18,TEX,10.673258,11.544544,10.64603,11.435634,841973.44
1998-12-21,TEX,11.435634,11.707911,11.326723,11.381179,137956.94
1998-12-22,TEX,11.217813,11.435634,11.217813,11.326723,395277.6
1998-12-23,TEX,11.435634,11.707911,11.381179,11.544544,212788.81
1998-12-24,TEX,11.544544,11.544544,11.326723,11.517317,86079.62
1998-12-28,TEX,11.571773,11.735139,11.490089,11.680683,64961.418
1998-12-29,TEX,11.626227,11.707911,11.517317,11.599,183636.52
1998-12-30,TEX,11.599,12.089099,11.599,12.007416,182947.88
1998-12-31,TEX,12.089099,12.524742,12.034643,12.443059,196491.08
1999-01-04,TEX,12.361376,12.415831,11.871277,11.980188,314707.1
1999-01-05,TEX,12.143554,12.1980095,11.816822,12.116326,162288.78
1999-01-06,TEX,12.1980095,12.1980095,12.007416,12.061871,224495.64
1999-01-07,TEX,12.089099,12.089099,11.871277,11.980188,119593.28
1999-01-08,TEX,11.925733,12.089099,11.844049,12.034643,154254.67
1999-01-11,TEX,12.116326,12.116326,11.599,11.762366,157697.86
1999-01-12,TEX,11.735139,11.762366,11.299496,11.3539505,99393.266
1999-01-13,TEX,11.163357,11.163357,10.99999,11.081674,185013.8
1999-01-14,TEX,11.136129,11.272267,10.945536,10.945536,131529.66
1999-01-15,TEX,11.136129,11.517317,11.081674,11.490089,127627.38
1999-01-19,TEX,11.517317,11.653456,11.326723,11.544544,143695.58
1999-01-20,TEX,11.490089,11.735139,11.490089,11.490089,193506.98
1999-01-21,TEX,11.381179,11.435634,10.99999,11.299496,111329.64
1999-01-22,TEX,11.190584,11.326723,11.054446,11.054446,36268.21
1999-01-25,TEX,10.945536,10.972763,10.564347,10.727714,124643.29
1999-01-26,TEX,10.673258,10.727714,10.455437,10.618803,187079.7
1999-01-27,TEX,10.618803,10.618803,10.455437,10.564347,97556.9
1999-01-28,TEX,10.782169,10.99999,10.782169,10.918307,103525.086
1999-01-29,TEX,10.972763,10.972763,10.673258,10.727714,78045.52
1999-02-01,TEX,10.673258,10.782169,10.618803,10.727714,72077.336
1999-02-02,TEX,10.836624,11.054446,10.673258,11.054446,109952.37
1999-02-03,TEX,11.163357,11.735139,11.163357,11.653456,442793.56
1999-02-04,TEX,11.653456,11.653456,11.381179,11.490089,89752.35
1999-02-05,TEX,11.490089,11.735139,11.462862,11.462862,76438.7
1999-02-08,TEX,11.490089,11.490089,10.99999,11.054446,173536.52
1999-02-09,TEX,11.163357,11.326723,10.836624,10.945536,186620.61
1999-02-10,TEX,10.89108,10.918307,10.782169,10.8638525,403311.72
1999-02-11,TEX,11.108902,11.108902,10.618803,10.64603,124413.74
1999-02-12,TEX,10.618803,10.673258,10.428209,10.428209,66797.78
1999-02-16,TEX,10.509892,10.564347,10.29207,10.319298,115920.555
1999-02-17,TEX,10.400981,10.455437,10.237616,10.319298,78504.61
1999-02-18,TEX,10.264843,10.400981,10.237616,10.346526,411804.9
1999-02-19,TEX,10.455437,10.727714,10.400981,10.618803,145531.94
1999-02-22,TEX,10.618803,10.945536,10.618803,10.89108,233907.02
1999-02-23,TEX,10.89108,10.918307,10.809397,10.918307,91588.71
1999-02-24,TEX,10.972763,11.163357,10.972763,11.054446,167338.78
1999-02-25,TEX,11.081674,11.163357,10.99999,11.081674,269027.5
1999-02-26,TEX,11.081674,11.326723,10.99999,11.163357,120511.47
1999-03-01,TEX,11.272267,11.326723,11.054446,11.163357,283488.88
1999-03-02,TEX,11.272267,11.408406,11.108902,11.163357,187997.89
1999-03-03,TEX,11.054446,11.108902,10.89108,11.027219,354877.56
1999-03-04,TEX,11.027219,11.217813,11.027219,11.217813,100540.99
1999-03-05,TEX,11.217813,11.272267,10.836624,10.99999,120970.555
1999-03-08,TEX,10.945536,10.945536,10.673258,10.836624,258697.95
1999-03-09,TEX,10.836624,10.836624,10.400981,10.482664,314248
1999-03-10,TEX,10.53712,10.53712,10.047021,10.128704,337432.1
1999-03-11,TEX,10.18316,10.346526,10.128704,10.237616,491686.78
1999-03-12,TEX,10.18316,10.237616,9.638606,9.693061,265584.3
1999-03-15,TEX,9.638606,9.93811,9.638606,9.720289,263059.3
1999-03-16,TEX,9.693061,10.0197935,9.665833,9.965338,262600.22
1999-03-17,TEX,10.155932,10.455437,10.155932,10.264843,344548.03
1999-03-18,TEX,10.29207,10.400981,10.210387,10.319298,115691.01
1999-03-19,TEX,10.428209,10.618803,10.237616,10.237616,256632.03
1999-03-22,TEX,10.346526,10.400981,10.047021,10.155932,123725.1
1999-03-23,TEX,10.155932,10.237616,10.128704,10.155932,114543.28
1999-03-24,TEX,10.155932,10.210387,9.965338,10.0197935,117527.375
1999-03-25,TEX,9.965338,10.18316,9.965338,10.128704,394588.97
1999-03-26,TEX,10.074249,10.128704,10.0197935,10.0197935,61518.234
1999-03-29,TEX,10.128704,10.18316,10.0197935,10.128704,135661.48
1999-03-30,TEX,10.074249,10.29207,10.0197935,10.264843,245843.39
1999-03-31,TEX,10.346526,10.53712,10.29207,10.509892,193966.08
1999-04-01,TEX,10.564347,10.564347,10.29207,10.373754,108345.55
1999-04-05,TEX,10.373754,10.455437,10.264843,10.319298,79422.8
1999-04-06,TEX,10.373754,10.564347,10.346526,10.346526,137497.84
1999-04-07,TEX,10.400981,10.400981,10.128704,10.346526,88145.53
1999-04-08,TEX,10.455437,10.455437,10.264843,10.346526,171700.14
1999-04-09,TEX,10.29207,10.700486,10.210387,10.400981,142318.3
1999-04-12,TEX,10.346526,10.8638525,10.346526,10.618803,153106.95
1999-04-13,TEX,10.782169,11.272267,10.727714,10.836624,226561.56
1999-04-14,TEX,10.782169,11.381179,10.727714,11.24504,285784.34
1999-04-15,TEX,12.1980095,12.252465,11.925733,11.980188,583505.06
1999-04-16,TEX,12.089099,12.633653,12.089099,12.579197,1147269.1
1999-04-19,TEX,12.633653,13.722761,12.633653,13.3960285,2323231.5
1999-04-20,TEX,13.450483,13.504939,12.797019,12.960385,853450.75
1999-04-21,TEX,12.851475,13.25989,12.851475,12.987613,583275.5
1999-04-22,TEX,13.069296,13.069296,12.742563,12.769792,179275.16
1999-04-23,TEX,12.742563,12.742563,12.633653,12.66088,210263.81
1999-04-26,TEX,12.633653,12.797019,12.524742,12.797019,492604.97
1999-04-27,TEX,14.185632,14.185632,13.341573,13.450483,951237.2
1999-04-28,TEX,13.477712,13.504939,13.178206,13.287117,244925.2
1999-04-29,TEX,13.287117,13.831672,13.25989,13.804443,666600.56
1999-04-30,TEX,13.8861265,13.8861265,13.504939,13.777216,435907.2
1999-05-03,TEX,13.8861265,14.076721,13.804443,13.858899,467125.4
1999-05-04,TEX,13.8861265,14.811869,13.8861265,14.566819,1583176.4
1999-05-05,TEX,14.457909,14.457909,14.267315,14.376225,501327.7
1999-05-06,TEX,14.376225,14.648502,14.348998,14.539592,446007.2
1999-05-07,TEX,14.539592,15.02969,14.485136,14.948008,485029.97
1999-05-10,TEX,14.948008,15.247512,14.866324,15.084146,365436.7
1999-05-11,TEX,15.084146,15.465334,15.056918,15.410878,628496
1999-05-12,TEX,15.410878,15.410878,15.165829,15.193056,188456.98
1999-05-13,TEX,15.220284,15.247512,14.648502,14.757413,395736.7
1999-05-14,TEX,14.702958,14.702958,14.430681,14.430681,160681.95
1999-05-17,TEX,14.376225,14.702958,14.376225,14.67573,264666.12
1999-05-18,TEX,14.67573,14.702958,14.539592,14.67573,272700.22
1999-05-19,TEX,14.67573,14.757413,14.457909,14.457909,129234.2
1999-05-20,TEX,14.267315,14.267315,13.61385,13.995038,478602.7
1999-05-21,TEX,13.995038,14.103949,13.8861265,13.96781,153795.58
1999-05-24,TEX,13.995038,14.430681,13.96781,14.376225,523823.16
1999-05-25,TEX,14.267315,14.457909,14.103949,14.185632,623675.5
1999-05-26,TEX,14.185632,14.212859,13.831672,13.96781,360157.12
1999-05-27,TEX,13.995038,13.995038,13.641078,13.722761,233907.02
1999-05-28,TEX,13.722761,13.722761,13.287117,13.477712,155402.4
1999-06-01,TEX,13.450483,13.668305,13.287117,13.61385,266502.5
1999-06-02,TEX,13.559395,13.641078,13.3960285,13.61385,229775.19
1999-06-03,TEX,13.61385,13.641078,13.3688,13.3688,268109.3
1999-06-04,TEX,13.3688,13.777216,13.3688,13.559395,369568.5
1999-06-07,TEX,13.559395,13.940582,13.423256,13.940582,404000.34
1999-06-08,TEX,13.8861265,14.185632,13.8861265,14.049493,230693.38
1999-06-09,TEX,13.995038,14.103949,13.96781,13.995038,237809.3
1999-06-10,TEX,13.995038,13.995038,13.61385,13.695533,255025.22
1999-06-11,TEX,13.722761,13.777216,13.341573,13.450483,101229.63
1999-06-14,TEX,13.450483,13.559395,13.287117,13.423256,201770.62
1999-06-15,TEX,13.504939,14.158403,13.504939,14.103949,687718.75
1999-06-16,TEX,14.702958,14.702958,13.8861265,13.940582,584423.25
1999-06-17,TEX,13.341573,13.477712,13.287117,13.341573,2275486
1999-06-18,TEX,13.3960285,13.3960285,13.287117,13.314345,591998.25
1999-06-21,TEX,13.3688,13.423256,13.287117,13.341573,201541.08
1999-06-22,TEX,13.314345,13.314345,13.123752,13.123752,712739.25
1999-06-23,TEX,13.123752,13.123752,12.688108,12.742563,585341.4
1999-06-24,TEX,12.797019,12.797019,11.871277,12.252465,1427544.4
1999-06-25,TEX,12.252465,12.715336,12.252465,12.606425,847023.44
1999-06-28,TEX,12.688108,12.769792,12.524742,12.579197,339498
1999-06-29,TEX,12.633653,12.797019,12.606425,12.742563,312641.2
1999-06-30,TEX,12.688108,13.3960285,12.497514,13.25989,827282.5
1999-07-01,TEX,13.3960285,13.3960285,12.90593,13.123752,201770.62
1999-07-02,TEX,13.232662,13.287117,13.069296,13.205435,238727.47
1999-07-06,TEX,13.096523,13.178206,12.960385,13.150979,208657
1999-07-07,TEX,13.069296,13.287117,12.633653,12.90593,206361.53
1999-07-08,TEX,12.797019,12.797019,12.579197,12.579197,164584.23
1999-07-09,TEX,12.688108,13.0420685,12.633653,13.0420685,218068.36
1999-07-12,TEX,12.960385,13.096523,12.797019,13.096523,240793.39
1999-07-13,TEX,13.069296,13.069296,12.878702,12.960385,170781.97
1999-07-14,TEX,12.987613,13.287117,12.987613,13.232662,303918.44
1999-07-15,TEX,13.287117,13.3960285,13.123752,13.25989,228397.92
1999-07-16,TEX,13.178206,13.341573,13.096523,13.232662,443252.66
1999-07-19,TEX,13.178206,13.314345,13.123752,13.25989,398032.16
1999-07-20,TEX,13.314345,13.314345,13.096523,13.25989,162518.31
1999-07-21,TEX,13.178206,13.287117,13.150979,13.287117,187309.25
1999-07-22,TEX,13.314345,13.61385,13.25989,13.559395,217150.19
1999-07-23,TEX,13.668305,13.749989,13.559395,13.668305,477914.03
1999-07-26,TEX,13.61385,13.61385,13.559395,13.586622,144154.67
1999-07-27,TEX,13.777216,13.8861265,13.3688,13.3960285,292441.16
1999-07-28,TEX,13.450483,13.504939,13.069296,13.178206,196491.08
1999-07-29,TEX,13.01484,13.123752,12.824246,13.123752,409968.53
1999-07-30,TEX,13.069296,13.123752,12.960385,13.069296,227250.19
1999-08-02,TEX,12.851475,12.987613,12.824246,12.851475,157468.31
1999-08-03,TEX,12.851475,13.232662,12.579197,13.123752,306443.44
1999-08-04,TEX,13.069296,13.123752,12.90593,12.987613,239645.66
1999-08-05,TEX,12.987613,12.987613,12.742563,12.90593,241252.48
1999-08-06,TEX,12.960385,12.960385,12.797019,12.797019,172159.23
1999-08-09,TEX,12.797019,12.90593,12.143554,12.143554,454041.28
1999-08-10,TEX,11.980188,11.980188,11.381179,11.571773,914050.75
1999-08-11,TEX,11.653456,11.871277,11.653456,11.707911,191670.61
1999-08-12,TEX,11.762366,11.816822,11.408406,11.435634,452204.94
1999-08-13,TEX,11.490089,11.490089,11.326723,11.435634,510739.06
1999-08-16,TEX,11.435634,11.435634,11.326723,11.381179,266043.4
1999-08-17,TEX,11.381179,11.381179,11.217813,11.326723,274077.5
1999-08-18,TEX,11.381179,11.462862,11.326723,11.408406,345007.12
1999-08-19,TEX,11.462862,11.490089,11.3539505,11.408406,179734.25
1999-08-20,TEX,11.272267,11.272267,10.564347,10.64603,337891.2
1999-08-23,TEX,10.673258,12.089099,10.673258,12.061871,1228987.4
1999-08-24,TEX,12.089099,12.524742,11.925733,12.252465,360616.22
1999-08-25,TEX,12.252465,12.470286,12.252465,12.361376,135431.94
1999-08-26,TEX,12.30692,12.30692,11.816822,11.871277,295195.72
1999-08-27,TEX,11.980188,11.980188,11.490089,11.571773,220363.83
1999-08-30,TEX,11.626227,11.816822,11.544544,11.735139,143695.58
1999-08-31,TEX,11.680683,11.762366,11.517317,11.707911,247450.2
1999-09-01,TEX,11.653456,11.925733,11.599,11.871277,171700.14
1999-09-02,TEX,11.925733,11.925733,11.735139,11.816822,85850.07
1999-09-03,TEX,11.816822,12.1980095,11.816822,12.143554,114084.19
1999-09-07,TEX,12.1980095,12.1980095,11.95296,11.980188,122118.28
1999-09-08,TEX,11.925733,11.980188,11.544544,11.599,207968.36
1999-09-09,TEX,11.707911,12.415831,11.707911,12.30692,600261.9
1999-09-10,TEX,12.524742,12.524742,12.252465,12.279693,317691.2
1999-09-13,TEX,12.361376,12.361376,12.089099,12.143554,149893.31
1999-09-14,TEX,12.1980095,12.252465,11.980188,12.034643,168486.5
1999-09-15,TEX,11.980188,12.143554,11.980188,11.980188,76897.79
1999-09-16,TEX,11.980188,11.980188,11.653456,11.653456,134972.84
1999-09-17,TEX,11.762366,11.762366,11.544544,11.653456,158386.5
1999-09-20,TEX,11.762366,12.252465,11.762366,12.1980095,243547.94
1999-09-21,TEX,12.1980095,12.30692,12.170782,12.252465,151041.03
1999-09-22,TEX,12.252465,12.470286,12.143554,12.443059,189145.61
1999-09-23,TEX,12.524742,13.069296,12.497514,12.90593,377832.12
1999-09-24,TEX,12.851475,12.851475,12.524742,12.633653,128316.016
1999-09-27,TEX,12.960385,13.287117,12.851475,13.150979,678307.4
1999-09-28,TEX,13.150979,13.178206,12.90593,13.178206,296802.53
1999-09-29,TEX,13.178206,13.559395,13.178206,13.559395,543564.1
1999-09-30,TEX,13.586622,13.722761,13.559395,13.722761,614034.6
1999-10-01,TEX,13.722761,13.722761,13.341573,13.504939,111559.19
1999-10-04,TEX,13.61385,13.61385,13.341573,13.559395,324348
1999-10-05,TEX,13.61385,13.695533,13.3960285,13.61385,196261.53
1999-10-06,TEX,13.61385,13.641078,13.3960285,13.559395,151270.58
1999-10-07,TEX,13.559395,13.61385,13.504939,13.559395,197179.72
1999-10-08,TEX,13.61385,13.61385,13.477712,13.5321665,282111.6
1999-10-11,TEX,13.559395,13.559395,13.341573,13.3960285,246991.12
1999-10-12,TEX,13.341573,13.341573,13.123752,13.178206,210952.45
1999-10-13,TEX,13.096523,13.123752,12.90593,12.987613,303459.34
1999-10-14,TEX,12.960385,13.0420685,12.90593,12.933157,151729.67
1999-10-15,TEX,12.824246,13.0420685,12.769792,12.987613,488932.22
1999-10-18,TEX,12.987613,12.987613,12.688108,12.769792,175372.88
1999-10-19,TEX,12.742563,12.742563,12.1980095,12.1980095,325036.62
1999-10-20,TEX,12.1980095,12.1980095,11.789594,11.898505,232300.2
1999-10-21,TEX,11.898505,11.898505,11.599,11.599,131529.66
1999-10-22,TEX,11.599,11.762366,11.381179,11.408406,193966.08
1999-10-25,TEX,11.408406,11.599,10.89108,11.217813,383570.78
1999-10-26,TEX,11.217813,11.490089,10.809397,11.190584,450827.66
1999-10-27,TEX,11.108902,11.980188,11.054446,11.980188,348220.75
1999-10-28,TEX,12.143554,12.1980095,10.89108,11.599,969830.4
1999-10-29,TEX,11.707911,11.816822,11.326723,11.517317,507525.44
1999-11-01,TEX,11.490089,11.816822,11.490089,11.517317,181570.61
1999-11-02,TEX,11.517317,11.517317,11.163357,11.272267,383111.7
1999-11-03,TEX,11.435634,11.707911,11.326723,11.653456,285554.78
1999-11-04,TEX,11.762366,11.95296,11.653456,11.735139,350975.28
1999-11-05,TEX,11.707911,11.707911,11.326723,11.544544,85161.44
1999-11-08,TEX,11.544544,11.571773,11.381179,11.571773,180193.33
1999-11-09,TEX,11.571773,11.571773,11.490089,11.544544,145761.48
1999-11-10,TEX,11.544544,11.762366,11.299496,11.680683,266272.94
1999-11-11,TEX,11.762366,11.925733,11.544544,11.844049,293129.78
1999-11-12,TEX,11.844049,12.034643,11.816822,11.925733,227938.83
1999-11-15,TEX,11.980188,12.361376,11.95296,12.30692,424889
1999-11-16,TEX,12.1980095,12.524742,12.1980095,12.1980095,314707.1
1999-11-17,TEX,12.1980095,12.361376,12.089099,12.143554,202918.36
1999-11-18,TEX,12.143554,12.851475,11.980188,12.633653,376684.4
1999-11-19,TEX,12.633653,12.851475,12.1980095,12.1980095,371863.94
1999-11-22,TEX,12.143554,12.1980095,11.816822,12.089099,218297.9
1999-11-23,TEX,12.170782,12.170782,11.762366,12.007416,263288.84
1999-11-24,TEX,12.007416,12.007416,10.99999,11.217813,611280.06
1999-11-26,TEX,11.217813,11.490089,11.163357,11.3539505,95031.9
1999-11-29,TEX,11.544544,11.844049,11.544544,11.816822,547236.8
1999-11-30,TEX,11.816822,12.1980095,11.816822,12.1980095,1095391.9
1999-12-01,TEX,12.143554,12.30692,11.925733,12.252465,449450.38
1999-12-02,TEX,12.1980095,12.1980095,11.871277,12.034643,290375.25
1999-12-03,TEX,12.034643,12.252465,12.034643,12.143554,297491.16
1999-12-06,TEX,12.361376,12.415831,11.680683,11.762366,508214.06
1999-12-07,TEX,11.762366,12.252465,11.653456,12.252465,331693.47
1999-12-08,TEX,12.1980095,12.361376,12.089099,12.361376,296802.53
1999-12-09,TEX,12.30692,12.361376,12.143554,12.279693,307361.62
1999-12-10,TEX,12.334148,12.415831,12.1980095,12.361376,194884.25
1999-12-13,TEX,12.30692,12.334148,11.381179,11.816822,324118.47
1999-12-14,TEX,11.762366,11.762366,11.408406,11.462862,423511.72
1999-12-15,TEX,11.544544,11.544544,11.24504,11.326723,232300.2
1999-12-16,TEX,11.326723,11.326723,10.918307,11.054446,442104.9
1999-12-17,TEX,11.054446,11.735139,11.054446,11.735139,409509.44
1999-12-20,TEX,11.735139,11.735139,11.571773,11.599,114313.734
1999-12-21,TEX,11.544544,11.680683,11.490089,11.599,103525.086
1999-12-22,TEX,11.599,11.599,11.326723,11.326723,292670.7
1999-12-23,TEX,11.326723,11.326723,11.272267,11.299496,123495.56
1999-12-27,TEX,11.3539505,11.599,11.326723,11.490089,163206.95
1999-12-28,TEX,11.544544,12.497514,11.462862,12.225237,377143.5
1999-12-29,TEX,12.143554,12.170782,11.925733,11.925733,107427.37
1999-12-30,TEX,11.980188,12.497514,11.980188,12.1980095,237809.3
1999-12-31,TEX,12.1980095,12.334148,11.762366,12.089099,209116.08
2000-01-03,TEX,12.089099,12.089099,11.490089,11.544544,248138.84
2000-01-04,TEX,11.490089,11.571773,11.217813,11.490089,292670.7
2000-01-05,TEX,11.381179,11.762366,11.381179,11.680683,49581.86
2000-01-06,TEX,11.789594,11.95296,11.680683,11.898505,161829.69
2000-01-07,TEX,11.980188,12.470286,11.980188,12.470286,251352.48
2000-01-10,TEX,12.579197,12.579197,12.143554,12.1980095,468273.12
2000-01-11,TEX,12.1980095,12.1980095,11.544544,11.571773,320445.72
2000-01-12,TEX,11.435634,11.544544,11.326723,11.517317,137268.3
2000-01-13,TEX,11.571773,11.925733,11.544544,11.925733,168027.42
2000-01-14,TEX,11.95296,12.30692,11.707911,12.30692,316773
2000-01-18,TEX,12.252465,12.361376,12.116326,12.1980095,218068.36
2000-01-19,TEX,12.143554,12.170782,11.762366,11.762366,472404.94
2000-01-20,TEX,11.762366,11.762366,11.544544,11.626227,630332.4
2000-01-21,TEX,11.571773,11.653456,10.89108,11.108902,215084.27
2000-01-24,TEX,11.108902,11.108902,10.29207,10.428209,977175.8
2000-01-25,TEX,10.428209,10.428209,9.965338,10.18316,494900.4
2000-01-26,TEX,10.237616,10.29207,9.93811,10.0197935,813739.3
2000-01-27,TEX,10.0197935,10.0197935,9.311873,9.58415,991407.6
2000-01-28,TEX,9.58415,9.58415,9.366329,9.529695,980848.56
2000-01-31,TEX,9.638606,10.047021,9.611378,9.910883,530939.06
2000-02-01,TEX,10.0197935,10.074249,9.529695,9.801971,748777.9
2000-02-02,TEX,9.720289,9.965338,9.638606,9.856427,418461.72
2000-02-03,TEX,9.801971,10.0197935,9.58415,9.720289,413870.8
2000-02-04,TEX,9.638606,9.693061,9.257418,9.420784,450368.56
2000-02-07,TEX,9.58415,9.58415,9.094051,9.529695,408361.72
2000-02-08,TEX,9.638606,9.693061,9.366329,9.58415,1233578.4
2000-02-09,TEX,9.58415,9.611378,9.393557,9.420784,297720.72
2000-02-10,TEX,9.420784,9.420784,9.148507,9.148507,190752.44
2000-02-11,TEX,9.148507,9.1757345,8.712864,8.712864,342482.1
2000-02-14,TEX,8.740091,8.903458,8.549498,8.603953,641580.06
2000-02-15,TEX,8.658408,9.039597,8.631181,8.8217745,641809.6
2000-02-16,TEX,8.87623,9.12128,8.576725,8.6856365,637448.25
2000-02-17,TEX,8.740091,8.740091,8.195538,8.304448,298409.34
2000-02-18,TEX,8.41336,8.658408,8.277221,8.277221,217838.83
2000-02-22,TEX,8.277221,8.277221,7.7871222,8.032171,499950.44
2000-02-23,TEX,8.032171,8.032171,7.678211,7.678211,841514.4
2000-02-24,TEX,7.650984,7.8415775,7.514845,7.732667,626889.2
2000-02-25,TEX,7.950488,8.249993,4.8465304,5.772272,5592191
2000-02-28,TEX,5.826728,6.0445495,5.118808,5.2277184,3025870.8
2000-02-29,TEX,5.336629,5.336629,4.982669,5.173263,2408393
2000-03-01,TEX,5.173263,5.2821736,4.8737583,5.2277184,2430199.8
2000-03-02,TEX,5.2277184,5.336629,5.2004905,5.254946,1548974
2000-03-03,TEX,5.3094015,6.262371,5.3094015,6.15346,1674994.6
2000-03-06,TEX,6.4257374,6.7524695,6.1262326,6.1262326,882143.94
2000-03-07,TEX,6.1262326,6.262371,5.6905894,5.717817,476995.84
2000-03-08,TEX,5.6905894,5.717817,5.173263,5.2277184,1611180.9
2000-03-09,TEX,5.2821736,5.3910847,5.173263,5.173263,1081389.5
2000-03-10,TEX,5.2277184,5.554451,5.2004905,5.2277184,946416.7
2000-03-13,TEX,5.2004905,5.499995,5.064352,5.064352,1327003.4
2000-03-14,TEX,5.064352,5.44554,5.064352,5.336629,1222330.6
2000-03-15,TEX,5.3910847,5.826728,5.336629,5.826728,1354548.9
2000-03-16,TEX,5.881183,6.15346,5.881183,5.990094,910607.56
2000-03-17,TEX,6.15346,6.2079153,5.7995,5.7995,327791.2
2000-03-20,TEX,6.0445495,6.15346,5.908411,6.0173216,627577.8
2000-03-21,TEX,5.9628663,6.4801927,5.9356384,6.452965,895916.7
2000-03-22,TEX,6.4801927,6.589103,6.3712816,6.3985095,814198.44
2000-03-23,TEX,6.452965,6.6435585,6.3985095,6.561876,806164.3
2000-03-24,TEX,6.589103,6.6435585,6.4257374,6.452965,398491.25
2000-03-27,TEX,6.50742,6.534648,6.452965,6.452965,275225.22
2000-03-28,TEX,6.4801927,6.50742,6.15346,6.3168263,618396
2000-03-29,TEX,6.3168263,6.4257374,6.262371,6.3712816,300704.8
2000-03-30,TEX,6.3985095,6.4801927,5.990094,5.990094,717559.7
2000-03-31,TEX,6.0445495,6.534648,6.0445495,6.262371,788718.9
2000-04-03,TEX,6.3712816,6.6435585,6.3712816,6.4801927,432464
2000-04-04,TEX,6.534648,6.8613806,6.534648,6.8613806,852991.6
2000-04-05,TEX,6.6435585,6.806925,6.0990047,6.3168263,716412
2000-04-06,TEX,6.344054,6.3712816,6.15346,6.3712816,568814.1
2000-04-07,TEX,6.4257374,6.534648,6.344054,6.3712816,195802.44
2000-04-10,TEX,6.3712816,6.3712816,6.262371,6.262371,155402.4
2000-04-11,TEX,6.235143,6.534648,6.15346,6.4257374,372093.5
2000-04-12,TEX,6.4257374,6.4801927,6.262371,6.344054,308050.25
2000-04-13,TEX,6.452965,6.50742,6.3168263,6.3168263,274995.7
2000-04-14,TEX,6.3168263,6.3168263,5.5816784,5.6089063,838071.2
2000-04-17,TEX,5.554451,6.0445495,5.3910847,5.6361337,615641.44
2000-04-18,TEX,5.6905894,5.881183,5.6633615,5.826728,616100.5
2000-04-19,TEX,5.826728,5.8539553,5.6633615,5.6905894,694834.7
2000-04-20,TEX,5.6905894,5.9356384,5.6633615,5.881183,369109.4
2000-04-24,TEX,5.826728,5.826728,5.6905894,5.772272,336513.9
2000-04-25,TEX,5.772272,6.344054,5.772272,6.3168263,496966.34
2000-04-26,TEX,6.806925,7.0519743,6.806925,6.8613806,2020690.4
2000-04-27,TEX,6.9430633,6.9430633,6.589103,6.7524695,348909.38
2000-04-28,TEX,6.7524695,6.8613806,6.7524695,6.806925,292441.16
2000-05-01,TEX,6.806925,7.242568,6.806925,7.0519743,712968.8
2000-05-02,TEX,6.997519,7.0519743,6.888608,6.888608,325725.28
2000-05-03,TEX,6.7796974,6.888608,6.7524695,6.8341527,448532.2
2000-05-04,TEX,6.9430633,7.0792017,6.888608,6.997519,147597.86
2000-05-05,TEX,6.970291,7.0247464,6.9430633,7.0247464,238038.84
2000-05-08,TEX,7.0247464,7.242568,6.970291,7.2153406,521757.25
2000-05-09,TEX,7.2153406,7.351479,7.0792017,7.160885,342711.66
2000-05-10,TEX,7.160885,7.1881127,6.806925,6.970291,409738.97
2000-05-11,TEX,6.970291,7.0792017,6.970291,7.0792017,456566.28
2000-05-12,TEX,7.1336575,7.160885,6.888608,6.915836,736841.56
2000-05-15,TEX,6.915836,6.9430633,6.806925,6.9430633,137268.3
2000-05-16,TEX,6.970291,7.0792017,6.915836,6.970291,507525.44
2000-05-17,TEX,6.970291,7.0247464,6.8613806,6.997519,303000.25
2000-05-18,TEX,6.997519,7.1336575,6.9430633,7.0792017,192588.8
2000-05-19,TEX,7.1336575,7.1336575,6.915836,6.970291,189375.16
2000-05-22,TEX,7.0792017,7.0792017,6.888608,7.0247464,214854.73
2000-05-23,TEX,7.0792017,7.0792017,7.0247464,7.0519743,69322.79
2000-05-24,TEX,7.0519743,7.1064296,6.997519,7.1064296,208886.55
2000-05-25,TEX,7.1064296,7.160885,7.0792017,7.1064296,179045.61
2000-05-26,TEX,7.1336575,7.160885,7.0247464,7.160885,189834.25
2000-05-30,TEX,7.0792017,7.242568,7.0792017,7.2153406,202688.81
2000-05-31,TEX,7.1336575,7.160885,6.915836,6.9430633,109722.82
2000-06-01,TEX,7.0247464,7.4059343,6.997519,7.4059343,342482.1
2000-06-02,TEX,7.351479,7.514845,7.351479,7.4876175,178586.52
2000-06-05,TEX,7.514845,7.514845,7.2153406,7.351479,201541.08
2000-06-06,TEX,7.297024,7.514845,7.297024,7.4059343,108116
2000-06-07,TEX,7.4603896,7.4603896,7.1881127,7.242568,116379.64
2000-06-08,TEX,7.242568,7.242568,7.0519743,7.0792017,148975.12
2000-06-09,TEX,6.970291,6.970291,6.7252417,6.7252417,206132
2000-06-12,TEX,6.7796974,6.915836,6.6707864,6.806925,195113.8
2000-06-13,TEX,6.8613806,6.8613806,6.6435585,6.806925,160452.4
2000-06-14,TEX,6.8613806,6.8613806,6.6435585,6.7524695,194425.17
2000-06-15,TEX,6.6980143,6.806925,6.6707864,6.7524695,149663.77
2000-06-16,TEX,6.7524695,6.7524695,6.6435585,6.6707864,120511.47
2000-06-19,TEX,6.7252417,6.7796974,6.50742,6.534648,155861.5
2000-06-20,TEX,6.50742,6.50742,6.0990047,6.0990047,220593.38
2000-06-21,TEX,6.0990047,6.2079153,5.990094,6.0990047,540350.44
2000-06-22,TEX,6.15346,6.2079153,5.990094,6.0173216,181111.52
2000-06-23,TEX,6.071777,6.071777,5.908411,5.908411,185702.44
2000-06-26,TEX,5.9628663,6.2079153,5.9356384,6.2079153,144154.67
2000-06-27,TEX,6.3168263,6.534648,6.262371,6.534648,235284.3
2000-06-28,TEX,6.616331,6.616331,6.4257374,6.4801927,190293.34
2000-06-29,TEX,6.4801927,6.534648,6.4257374,6.4801927,94113.72
2000-06-30,TEX,6.4257374,6.4257374,6.15346,6.15346,240104.75
2000-07-03,TEX,6.0990047,6.3712816,6.0990047,6.3712816,244695.66
2000-07-05,TEX,6.3712816,6.50742,6.3712816,6.4801927,114543.28
2000-07-06,TEX,6.50742,6.534648,6.3168263,6.3712816,338120.75
2000-07-07,TEX,6.3712816,6.3712816,6.2079153,6.2079153,97556.9
2000-07-10,TEX,6.180688,6.180688,6.0990047,6.180688,92047.805
2000-07-11,TEX,6.2079153,6.616331,6.1262326,6.589103,208197.9
2000-07-12,TEX,6.6435585,6.7524695,6.589103,6.6980143,295425.25
2000-07-13,TEX,6.6707864,6.7524695,6.561876,6.6435585,79652.34
2000-07-14,TEX,6.6435585,6.806925,6.589103,6.6707864,132447.84
2000-07-17,TEX,6.6707864,6.6707864,6.452965,6.589103,208657
2000-07-18,TEX,6.616331,6.6435585,6.534648,6.534648,91818.26
2000-07-19,TEX,6.589103,6.589103,6.3712816,6.3712816,59681.867
2000-07-20,TEX,6.3168263,6.6980143,6.3168263,6.6707864,477684.5
2000-07-21,TEX,6.589103,6.589103,6.4257374,6.4801927,109263.73
2000-07-24,TEX,6.4801927,6.589103,6.4257374,6.534648,81947.8
2000-07-25,TEX,6.534648,6.534648,6.4801927,6.50742,157697.86
2000-07-26,TEX,6.50742,6.616331,6.4801927,6.616331,224954.73
2000-07-27,TEX,6.616331,6.6435585,6.4801927,6.616331,355336.66
2000-07-28,TEX,6.6435585,6.7252417,6.589103,6.7252417,310116.16
2000-07-31,TEX,6.6980143,7.1881127,6.6980143,7.1881127,326184.38
2000-08-01,TEX,7.1881127,7.242568,7.1336575,7.1336575,496277.7
2000-08-02,TEX,7.160885,7.514845,7.160885,7.4059343,714346.06
2000-08-03,TEX,7.4059343,7.4059343,7.242568,7.351479,275225.22
2000-08-04,TEX,7.3787065,7.3787065,7.297024,7.351479,145072.84
2000-08-07,TEX,7.351479,7.678211,7.297024,7.678211,297950.25
2000-08-08,TEX,7.623756,7.732667,7.5693007,7.678211,146220.58
2000-08-09,TEX,7.623756,7.705439,7.596528,7.678211,155402.4
2000-08-10,TEX,7.623756,7.678211,7.5693007,7.650984,107886.45
2000-08-11,TEX,7.596528,7.7871222,7.596528,7.705439,114772.83
2000-08-14,TEX,7.7871222,7.8143497,7.623756,7.650984,279586.6
2000-08-15,TEX,7.650984,7.7871222,7.514845,7.514845,269716.12
2000-08-16,TEX,7.4059343,7.678211,7.4059343,7.596528,186620.61
2000-08-17,TEX,7.596528,7.705439,7.542073,7.705439,64272.78
2000-08-18,TEX,7.732667,7.732667,7.4603896,7.596528,81488.7
2000-08-21,TEX,7.5693007,7.650984,7.514845,7.542073,104443.27
2000-08-22,TEX,7.514845,7.950488,7.514845,7.896033,161370.6
2000-08-23,TEX,7.950488,8.16831,7.950488,8.059399,171929.69
2000-08-24,TEX,8.086627,8.249993,7.950488,8.195538,143695.58
2000-08-25,TEX,8.249993,8.495043,8.195538,8.358904,212788.81
2000-08-28,TEX,8.3316765,8.3316765,8.059399,8.086627,137268.3
2000-08-29,TEX,8.032171,8.059399,7.8688054,7.950488,140252.39
2000-08-30,TEX,8.032171,8.16831,7.896033,8.16831,157009.22
2000-08-31,TEX,8.086627,8.086627,7.896033,7.977716,129693.29
2000-09-01,TEX,7.977716,7.977716,7.4059343,7.732667,551827.75
2000-09-05,TEX,7.732667,7.732667,7.514845,7.678211,223118.38
2000-09-06,TEX,7.650984,7.7871222,7.650984,7.7598944,742121.06
2000-09-07,TEX,7.8415775,8.004944,7.7871222,7.9232607,83095.52
2000-09-08,TEX,7.977716,7.977716,7.8415775,7.8415775,132906.94
2000-09-11,TEX,7.8688054,7.896033,7.623756,7.623756,83325.07
2000-09-12,TEX,7.623756,7.9232607,7.596528,7.8688054,168256.95
2000-09-13,TEX,7.8415775,7.9232607,7.7871222,7.8688054,330316.2
2000-09-14,TEX,7.7598944,8.004944,7.7598944,7.8688054,179275.16
2000-09-15,TEX,7.7871222,7.8143497,7.732667,7.732667,260304.77
2000-09-18,TEX,7.678211,7.678211,7.4059343,7.4603896,899130.3
2000-09-19,TEX,7.4603896,7.4603896,6.970291,7.160885,518773.16
2000-09-20,TEX,7.1064296,7.1336575,6.9430633,7.1336575,511886.78
2000-09-21,TEX,7.0792017,7.1336575,6.915836,6.915836,417084.44
2000-09-22,TEX,6.915836,6.915836,6.7524695,6.7796974,173077.42
2000-09-25,TEX,6.7524695,6.7524695,6.452965,6.534648,476536.78
2000-09-26,TEX,6.15346,6.15346,5.881183,5.881183,1269617
2000-09-27,TEX,5.881183,5.908411,5.418312,5.472768,851843.9
2000-09-28,TEX,5.472768,5.881183,5.2277184,5.881183,496507.25
2000-09-29,TEX,5.881183,5.881183,5.6905894,5.6905894,124184.195
2000-10-02,TEX,5.6905894,5.7995,5.336629,5.336629,456107.22
2000-10-03,TEX,5.3910847,5.6633615,5.363857,5.554451,293588.88
2000-10-04,TEX,5.554451,5.990094,5.554451,5.9356384,456566.28
2000-10-05,TEX,5.9356384,5.9356384,5.772272,5.8539553,171700.14
2000-10-06,TEX,5.8539553,5.908411,5.717817,5.772272,240334.3
2000-10-09,TEX,5.772272,5.881183,5.772272,5.7995,218068.36
2000-10-10,TEX,5.7995,5.7995,5.554451,5.6361337,184095.61
2000-10-11,TEX,5.5816784,5.6633615,5.363857,5.44554,242400.2
2000-10-12,TEX,5.44554,5.499995,5.254946,5.254946,325036.62
2000-10-13,TEX,5.254946,5.3910847,5.254946,5.3094015,129004.66
2000-10-16,TEX,5.336629,5.554451,5.336629,5.418312,115461.46
2000-10-17,TEX,5.418312,5.44554,5.2277184,5.2277184,254566.12
2000-10-18,TEX,5.118808,5.3910847,5.09158,5.336629,89522.805
2000-10-19,TEX,5.2821736,5.499995,5.2821736,5.499995,147597.86
2000-10-20,TEX,5.499995,5.527223,5.3910847,5.527223,76438.7
2000-10-23,TEX,5.499995,5.554451,5.472768,5.527223,109034.18
2000-10-24,TEX,5.527223,5.554451,5.44554,5.499995,121429.65
2000-10-25,TEX,5.499995,5.499995,5.3910847,5.44554,107197.82
2000-10-26,TEX,5.3910847,5.44554,5.064352,5.09158,379668.5
2000-10-27,TEX,5.09158,5.09158,5.0371246,5.064352,256172.94
2000-10-30,TEX,5.118808,5.336629,5.09158,5.254946,614034.6
2000-10-31,TEX,5.3094015,5.44554,5.2004905,5.363857,635611.9
2000-11-01,TEX,5.418312,5.554451,5.254946,5.254946,447384.47
2000-11-02,TEX,5.3094015,5.472768,5.2821736,5.472768,204525.17
2000-11-03,TEX,5.44554,5.44554,5.2821736,5.3910847,344548.03
2000-11-06,TEX,5.336629,5.554451,5.2821736,5.3094015,118675.1
2000-11-07,TEX,5.3094015,5.336629,5.2277184,5.254946,151270.58
2000-11-08,TEX,5.3094015,5.418312,5.2277184,5.363857,130381.93
2000-11-09,TEX,5.363857,5.418312,5.336629,5.418312,130841.02
2000-11-10,TEX,5.3910847,5.3910847,5.3094015,5.336629,122806.92
2000-11-13,TEX,5.336629,5.6089063,5.336629,5.6089063,281882.06
2000-11-14,TEX,5.6089063,5.8539553,5.5816784,5.826728,282111.6
2000-11-15,TEX,5.772272,5.826728,5.6633615,5.7450447,206820.62
2000-11-16,TEX,5.7995,5.826728,5.6905894,5.6905894,130841.02
2000-11-17,TEX,5.7450447,6.2895985,5.7450447,6.2895985,321363.9
2000-11-20,TEX,6.262371,6.2895985,6.1262326,6.2079153,352582.12
2000-11-21,TEX,6.2079153,6.3168263,6.15346,6.2895985,229086.56
2000-11-22,TEX,6.15346,6.180688,6.071777,6.180688,175372.88
2000-11-24,TEX,6.0445495,6.15346,5.990094,6.15346,102147.81
2000-11-27,TEX,6.15346,6.15346,5.8539553,5.8539553,235054.75
2000-11-28,TEX,5.826728,5.826728,5.527223,5.6633615,416625.34
2000-11-29,TEX,5.6361337,5.6361337,5.527223,5.5816784,485259.5
2000-11-30,TEX,5.6361337,5.6633615,5.499995,5.6633615,299097.97
2000-12-01,TEX,5.6361337,5.7995,5.6089063,5.772272,104443.27
2000-12-04,TEX,5.717817,5.990094,5.6905894,5.908411,239416.11
2000-12-05,TEX,5.9628663,5.990094,5.717817,5.826728,291752.53
2000-12-06,TEX,5.990094,5.990094,5.772272,5.772272,235054.75
2000-12-07,TEX,5.7450447,5.826728,5.6089063,5.6089063,263977.5
2000-12-08,TEX,5.6633615,5.6633615,5.2277184,5.2277184,732709.7
2000-12-11,TEX,5.2277184,5.5816784,5.2277184,5.5816784,408132.16
2000-12-12,TEX,5.6089063,5.8539553,5.5816784,5.7995,259845.67
2000-12-13,TEX,5.772272,5.8539553,5.717817,5.717817,180422.88
2000-12-14,TEX,5.6905894,5.7995,5.6633615,5.7450447,405607.16
2000-12-15,TEX,5.6905894,5.908411,5.6633615,5.881183,362223.03
2000-12-18,TEX,5.881183,5.908411,5.6633615,5.6633615,383800.3
2000-12-19,TEX,5.6633615,5.9356384,5.6633615,5.9356384,371175.3
2000-12-20,TEX,5.9356384,6.15346,5.7995,6.0445495,418920.8
2000-12-21,TEX,6.0173216,6.0990047,5.908411,5.990094,120511.47
2000-12-22,TEX,6.0990047,6.616331,6.0173216,6.589103,369338.94
2000-12-26,TEX,6.589103,6.7252417,6.4257374,6.6980143,212329.72
2000-12-27,TEX,6.6435585,7.4059343,6.6435585,7.4059343,334677.56
2000-12-28,TEX,7.4059343,7.4876175,7.324251,7.4059343,387013.97
2000-12-29,TEX,7.351479,7.3787065,7.0247464,7.0519743,217379.73
2001-01-02,TEX,7.1336575,7.1336575,6.6435585,6.806925,162288.78
2001-01-03,TEX,6.7524695,6.7796974,6.2895985,6.7796974,231152.47
2001-01-04,TEX,6.7524695,7.623756,6.7252417,7.542073,540120.94
2001-01-05,TEX,7.542073,7.542073,7.1881127,7.2153406,555041.4
2001-01-08,TEX,7.242568,7.351479,7.242568,7.269796,67256.875
2001-01-09,TEX,7.1881127,7.297024,7.1881127,7.297024,99163.72
2001-01-10,TEX,7.4059343,7.4059343,7.1336575,7.1881127,174454.69
2001-01-11,TEX,7.269796,7.269796,7.0792017,7.160885,286243.44
2001-01-12,TEX,7.160885,7.1881127,7.0792017,7.160885,123036.47
2001-01-16,TEX,7.1336575,7.4059343,7.0792017,7.4059343,129693.29
2001-01-17,TEX,7.4059343,7.596528,7.4059343,7.4059343,173077.42
2001-01-18,TEX,7.4059343,7.4876175,7.2153406,7.4876175,224725.19
2001-01-19,TEX,7.433162,7.514845,7.324251,7.324251,262370.7
2001-01-22,TEX,7.351479,7.4876175,7.324251,7.4059343,131988.75
2001-01-23,TEX,7.4059343,7.732667,7.3787065,7.678211,443252.66
2001-01-24,TEX,7.7598944,7.896033,7.623756,7.705439,252041.12
2001-01-25,TEX,7.705439,7.950488,7.623756,7.7871222,130381.93
2001-01-26,TEX,7.732667,7.7598944,7.623756,7.705439,143925.12
2001-01-29,TEX,7.798013,7.994053,7.798013,7.9809833,292441.16
2001-01-30,TEX,7.9809833,8.015835,7.915637,8.015835,306902.53
2001-01-31,TEX,8.015835,8.264152,7.8633595,7.9025674,446925.38
2001-02-01,TEX,7.885142,7.97227,7.6803894,7.798013,369338.94
2001-02-02,TEX,7.8415775,8.211874,7.8415775,8.129102,412952.62
2001-02-05,TEX,8.124745,8.255439,8.094251,8.233656,181800.16
2001-02-06,TEX,8.16831,8.582171,8.16831,8.329498,384718.5
2001-02-07,TEX,8.329498,8.451478,8.224943,8.451478,154484.22
2001-02-08,TEX,8.473261,8.712864,8.455834,8.468904,261911.58
2001-02-09,TEX,8.468904,8.468904,8.211874,8.255439,529791.4
2001-02-12,TEX,8.259794,8.386131,8.255439,8.342567,418691.25
2001-02-13,TEX,8.342567,8.669299,8.342567,8.599597,1306573.9
2001-02-14,TEX,8.556032,8.582171,8.390488,8.516824,227020.64
2001-02-15,TEX,8.516824,8.865339,8.516824,8.756429,435218.56
2001-02-16,TEX,8.756429,8.756429,8.473261,8.473261,154713.77
2001-02-20,TEX,7.994053,7.994053,7.6586075,7.950488,1446367.1
2001-02-21,TEX,7.954845,8.190092,7.950488,8.150884,422364
2001-02-22,TEX,8.041973,8.0463295,7.8023696,7.837221,356713.94
2001-02-23,TEX,7.8415775,7.8633595,7.5801916,7.8633595,375766.22
2001-02-26,TEX,7.845934,8.233656,7.845934,8.233656,159993.31
2001-02-27,TEX,8.032171,8.190092,7.885142,7.9984093,244007.03
2001-02-28,TEX,7.8894987,8.063756,7.872072,8.037618,251811.58
2001-03-01,TEX,8.037618,8.124745,8.028904,8.072469,246302.48
2001-03-02,TEX,8.181379,8.434052,8.094251,8.434052,226332.02
2001-03-05,TEX,8.440587,8.538607,8.329498,8.346924,89293.26
2001-03-06,TEX,8.407913,8.451478,8.211874,8.316429,236432.02
2001-03-07,TEX,8.316429,8.381775,8.299003,8.381775,187079.7
2001-03-08,TEX,8.495043,8.495043,8.3207855,8.342567,367043.5
2001-03-09,TEX,8.299003,8.407913,8.294647,8.386131,159075.14
2001-03-12,TEX,8.342567,8.346924,8.150884,8.150884,150811.48
2001-03-13,TEX,8.15524,8.342567,8.094251,8.342567,140022.84
2001-03-14,TEX,8.268508,8.277221,8.102963,8.102963,271552.5
2001-03-15,TEX,8.059399,8.063756,7.9123697,7.950488,174225.14
2001-03-16,TEX,8.015835,8.102963,7.5976176,7.6281123,537595.94
2001-03-19,TEX,7.632469,7.684746,7.5714784,7.632469,333988.9
2001-03-20,TEX,7.689102,7.710885,7.536627,7.5801916,217838.83
2001-03-21,TEX,7.351479,7.584548,7.1314793,7.2055387,194654.7
2001-03-22,TEX,7.1881127,7.1881127,6.8003902,7.11841,340645.75
2001-03-23,TEX,7.1009836,7.3841524,7.1009836,7.340588,299097.97
2001-03-26,TEX,7.318805,7.4277163,7.30138,7.397221,205902.45
2001-03-27,TEX,7.36237,7.6673203,7.297024,7.6281123,199245.62
2001-03-28,TEX,7.6281123,7.6281123,7.4494987,7.466924,123036.47
2001-03-29,TEX,7.4930634,7.4930634,7.3667264,7.4059343,149663.77
2001-03-30,TEX,7.4059343,7.6673203,7.2665286,7.5584097,169634.23
2001-04-02,TEX,7.5584097,7.798013,7.5159345,7.523558,153106.95
2001-04-03,TEX,7.5192018,7.5192018,7.3449445,7.379796,145072.84
2001-04-04,TEX,7.371083,7.379796,7.297024,7.318805,186850.16
2001-04-05,TEX,7.340588,7.7544484,7.3275185,7.7544484,152188.77
2001-04-06,TEX,7.7370234,7.7370234,7.536627,7.5801916,122806.92
2001-04-09,TEX,7.5801916,7.8415775,7.5801916,7.6281123,172159.23
2001-04-10,TEX,7.645538,7.8415775,7.6281123,7.8415775,160911.5
2001-04-11,TEX,7.8415775,7.8633595,7.6934586,7.6934586,72306.88
2001-04-12,TEX,7.710885,7.750093,7.6150427,7.6193995,181570.61
2001-04-16,TEX,7.689102,7.710885,7.6586075,7.6978154,110411.45
2001-04-17,TEX,7.7413797,7.7631617,7.5801916,7.6281123,111329.64
2001-04-18,TEX,7.645538,7.8633595,7.641182,7.7893,453123.12
2001-04-19,TEX,7.8415775,7.906924,7.7893,7.906924,283259.34
2001-04-20,TEX,7.906924,8.037618,7.867716,7.97227,233218.38
2001-04-23,TEX,7.976627,8.190092,7.97227,8.059399,347073.03
2001-04-24,TEX,8.233656,8.272864,8.207518,8.238012,225184.28
2001-04-25,TEX,8.238012,8.643161,8.238012,8.630092,329857.1
2001-04-26,TEX,8.538607,8.560389,8.255439,8.329498,478373.12
2001-04-27,TEX,8.268508,8.625735,8.268508,8.603953,447154.94
2001-04-30,TEX,8.603953,8.691082,8.538607,8.538607,573175.5
2001-05-01,TEX,8.538607,8.887121,8.490685,8.887121,740973.4
2001-05-02,TEX,8.935042,9.074448,8.878408,8.935042,437973.1
2001-05-03,TEX,8.908904,8.965537,8.704151,8.708508,272241.12
2001-05-04,TEX,8.712864,9.0613785,8.712864,9.02217,366584.4
2001-05-07,TEX,9.0613785,9.370686,9.000388,9.322764,479061.78
2001-05-08,TEX,9.497022,9.58415,9.453458,9.58415,802491.56
2001-05-09,TEX,9.58415,9.758408,9.58415,9.597219,877093.94
2001-05-10,TEX,9.597219,9.6887045,9.58415,9.675635,519461.8
2001-05-11,TEX,9.675635,9.736626,9.605932,9.662566,202229.72
2001-05-14,TEX,9.666923,9.666923,9.453458,9.575438,91588.71
2001-05-15,TEX,9.497022,9.497022,9.344547,9.418606,190752.44
2001-05-16,TEX,9.418606,9.932665,9.405537,9.889101,336973
2001-05-17,TEX,9.889101,10.673258,9.889101,10.459793,1096310
2001-05-18,TEX,10.39009,10.455437,10.259397,10.368308,185931.97
2001-05-21,TEX,10.368308,10.603556,10.368308,10.564347,182947.88
2001-05-22,TEX,10.542565,10.542565,10.429298,10.472863,183177.42
2001-05-23,TEX,10.455437,10.520783,10.381377,10.433655,201770.62
2001-05-24,TEX,10.411872,10.411872,10.150486,10.272467,168256.95
2001-05-25,TEX,10.26811,10.26811,9.954447,9.954447,265125.22
2001-05-29,TEX,10.015437,10.02415,9.588507,9.679992,392982.16
2001-05-30,TEX,9.679992,9.736626,9.492665,9.536229,291293.44
2001-05-31,TEX,9.571081,9.693061,9.571081,9.579794,197868.34
2001-06-01,TEX,9.627715,9.627715,9.5405855,9.579794,165961.5
2001-06-04,TEX,9.627715,9.758408,9.597219,9.740982,84243.25
2001-06-05,TEX,9.740982,9.758408,9.627715,9.758408,75520.516
2001-06-06,TEX,9.758408,9.78019,9.627715,9.627715,74143.24
2001-06-07,TEX,9.801971,9.832467,9.693061,9.78019,125102.375
2001-06-08,TEX,9.801971,9.845536,9.801971,9.815042,66109.15
2001-06-11,TEX,9.910883,9.910883,9.649497,9.745338,137038.75
2001-06-12,TEX,9.671279,9.671279,9.213854,9.21821,370027.6
2001-06-13,TEX,9.226923,9.610289,9.170289,9.47524,204525.17
2001-06-14,TEX,9.479596,9.497022,9.453458,9.457813,318150.28
2001-06-15,TEX,9.366329,9.366329,9.170289,9.187716,257779.77
2001-06-18,TEX,9.192072,9.200785,9.039597,9.065735,89522.805
2001-06-19,TEX,9.104942,9.135438,8.843556,8.865339,385407.16
2001-06-20,TEX,8.887121,8.930685,8.799993,8.813062,612198.25
2001-06-21,TEX,8.865339,8.887121,8.756429,8.756429,334677.56
2001-06-22,TEX,8.865339,8.948112,8.769497,8.891478,153795.58
2001-06-25,TEX,8.8217745,8.9132595,8.778211,8.878408,145531.94
2001-06-26,TEX,8.8217745,9.200785,8.799993,9.074448,197179.72
2001-06-27,TEX,9.074448,9.335834,9.074448,9.309695,157697.86
2001-06-28,TEX,9.104942,9.148507,8.90019,9.08316,614952.8
2001-06-29,TEX,9.039597,9.235636,9.009102,9.235636,795375.7
2001-07-02,TEX,9.235636,9.244349,9.179002,9.196428,126709.195
2001-07-03,TEX,9.213854,9.257418,9.213854,9.235636,74831.88
2001-07-05,TEX,9.239992,9.318408,9.144151,9.231279,161370.6
2001-07-06,TEX,9.235636,9.314052,9.235636,9.300982,357632.12
2001-07-09,TEX,9.300982,9.518804,9.2792,9.497022,248827.48
2001-07-10,TEX,9.501378,9.549299,9.235636,9.366329,261222.95
2001-07-11,TEX,9.366329,9.558012,9.366329,9.40118,114543.28
2001-07-12,TEX,9.38811,9.801971,9.38811,9.714843,278209.3
2001-07-13,TEX,9.58415,9.693061,9.58415,9.693061,89981.89
2001-07-16,TEX,9.627715,9.649497,9.396824,9.396824,83095.52
2001-07-17,TEX,9.431675,9.976229,9.431675,9.976229,343400.28
2001-07-18,TEX,9.967516,9.980585,9.801971,9.832467,374159.4
2001-07-19,TEX,9.810685,9.876031,9.801971,9.819398,75979.61
2001-07-20,TEX,9.823753,9.845536,9.649497,9.649497,105591
2001-07-23,TEX,9.653853,9.653853,9.405537,9.405537,106738.73
2001-07-24,TEX,9.361972,9.418606,9.200785,9.344547,182029.7
2001-07-25,TEX,9.322764,9.335834,8.969893,9.296626,226332.02
2001-07-26,TEX,9.335834,9.453458,9.235636,9.235636,365895.75
2001-07-27,TEX,9.239992,9.47524,9.239992,9.444745,171470.6
2001-07-30,TEX,9.46217,9.518804,9.457813,9.4839525,359698.03
2001-07-31,TEX,9.505734,9.601577,9.453458,9.514447,244236.56
2001-08-01,TEX,9.510091,9.518804,9.366329,9.366329,111788.734
2001-08-02,TEX,9.366329,9.370686,9.318408,9.361972,87227.34
2001-08-03,TEX,9.375042,9.396824,9.1528635,9.183358,108575.09
2001-08-06,TEX,9.139794,9.226923,9.122369,9.122369,272241.12
2001-08-07,TEX,9.148507,9.148507,9.0613785,9.078804,98245.54
2001-08-08,TEX,9.078804,9.078804,8.887121,8.904547,189834.25
2001-08-09,TEX,8.887121,8.97425,8.843556,8.952467,252959.31
2001-08-10,TEX,8.965537,9.100586,8.930685,8.987319,162059.23
2001-08-13,TEX,8.996032,9.09623,8.948112,9.026526,205443.36
2001-08-14,TEX,9.02217,9.08316,9.000388,9.026526,139793.3
2001-08-15,TEX,9.026526,9.431675,9.026526,9.370686,353729.84
2001-08-16,TEX,9.344547,9.562368,9.322764,9.523161,272929.78
2001-08-17,TEX,9.47524,9.544942,9.453458,9.501378,134054.66
2001-08-20,TEX,9.501378,9.893456,9.501378,9.884745,464370.84
2001-08-21,TEX,9.884745,9.884745,9.627715,9.671279,300245.72
2001-08-22,TEX,9.671279,9.78019,9.671279,9.732269,505229.97
2001-08-23,TEX,9.732269,9.732269,9.505734,9.610289,456566.28
2001-08-24,TEX,9.605932,9.84118,9.605932,9.762764,128775.11
2001-08-27,TEX,9.828111,9.945734,9.801971,9.871675,154025.12
2001-08-28,TEX,9.845536,9.897813,9.819398,9.897813,232300.2
2001-08-29,TEX,9.889101,9.915239,9.762764,9.902169,138186.48
2001-08-30,TEX,9.893456,9.910883,9.884745,9.889101,477684.5
2001-08-31,TEX,9.867318,9.993655,9.653853,9.653853,177438.78
2001-09-04,TEX,9.649497,9.758408,9.58415,9.614645,155631.95
2001-09-05,TEX,9.653853,9.693061,9.58415,9.614645,143006.94
2001-09-06,TEX,9.510091,9.671279,9.436031,9.47524,194425.17
2001-09-07,TEX,9.47524,9.758408,9.47524,9.649497,320675.28
2001-09-10,TEX,9.653853,9.653853,9.47524,9.562368,240563.84
2001-09-17,TEX,9.148507,9.235636,8.952467,9.017815,397802.6
2001-09-18,TEX,9.148507,9.183358,9.0613785,9.1528635,462304.94
2001-09-19,TEX,9.196428,9.261774,8.952467,9.104942,459091.3
2001-09-20,TEX,9.126725,9.126725,8.002766,8.002766,724675.6
2001-09-21,TEX,7.950488,7.950488,6.6871233,7.0138555,1237480.6
2001-09-24,TEX,7.1881127,7.5758348,7.1227665,7.5584097,785505.2
2001-09-25,TEX,7.536627,7.536627,7.1445484,7.353657,689096.06
2001-09-26,TEX,7.353657,7.4059343,7.30138,7.318805,522675.44
2001-09-27,TEX,7.340588,7.6673203,7.318805,7.60633,221052.45
2001-09-28,TEX,7.6673203,7.850291,7.623756,7.7588053,236891.11
2001-10-01,TEX,7.7370234,7.7370234,6.9746475,7.0138555,466895.84
2001-10-02,TEX,7.0792017,7.135835,6.8962317,7.1227665,459091.3
2001-10-03,TEX,7.127123,7.514845,6.970291,7.506132,293818.44
2001-10-04,TEX,7.5584097,7.623756,7.340588,7.4059343,479520.88
2001-10-05,TEX,7.36237,7.4277163,7.297024,7.401578,230922.92
2001-10-08,TEX,7.4233603,7.4712806,7.3841524,7.397221,88145.53
2001-10-09,TEX,7.4059343,7.419004,7.2098947,7.244746,187538.8
2001-10-10,TEX,7.275242,7.8415775,7.270885,7.8415775,311723
2001-10-11,TEX,7.885142,8.055042,7.885142,7.976627,323888.9
2001-10-12,TEX,7.950488,8.007122,7.60633,7.885142,319298
2001-10-15,TEX,7.9287066,8.037618,7.7893,8.015835,97097.81
2001-10-16,TEX,7.97227,8.277221,7.9635577,8.277221,168256.95
2001-10-17,TEX,8.233656,8.238012,8.0463295,8.102963,174454.69
2001-10-18,TEX,8.081181,8.16831,8.041973,8.098607,122347.83
2001-10-19,TEX,8.098607,8.150884,8.059399,8.063756,303000.25
2001-10-22,TEX,8.146528,8.190092,8.098607,8.124745,428332.2
2001-10-23,TEX,8.190092,8.220588,8.120389,8.142172,148286.48
2001-10-24,TEX,7.9287066,8.037618,7.645538,7.7195973,425118.53
2001-10-25,TEX,7.6760335,7.6760335,7.4059343,7.497419,338579.84
2001-10-26,TEX,7.601974,7.689102,7.5671225,7.6150427,164584.23
2001-10-29,TEX,7.689102,7.6978154,7.283954,7.30138,173536.52
2001-10-30,TEX,7.318805,7.340588,7.048707,7.0574203,336973
2001-10-31,TEX,7.0138555,7.2098947,7.009499,7.0617757,225643.38
2001-11-01,TEX,7.1227665,7.353657,7.1227665,7.2273207,142777.39
2001-11-02,TEX,7.2229643,7.371083,7.2229643,7.30138,77127.336
2001-11-05,TEX,7.36237,7.4277163,6.8744497,6.918014,284636.6
2001-11-06,TEX,6.9485087,7.1009836,6.9485087,7.0574203,274995.7
2001-11-07,TEX,7.048707,7.3275185,7.048707,7.283954,190752.44
2001-11-08,TEX,7.297024,7.4712806,7.297024,7.436429,264207.03
2001-11-09,TEX,7.4277163,7.5279145,7.3362317,7.4146476,119363.734
2001-11-12,TEX,7.4059343,7.6586075,7.3667264,7.462568,128545.56
2001-11-13,TEX,7.462568,7.689102,7.462568,7.5714784,249975.22
2001-11-14,TEX,7.562766,7.710885,7.562766,7.6673203,128086.47
2001-11-15,TEX,7.632469,7.710885,7.5192018,7.689102,297032.06
2001-11-16,TEX,7.6673203,7.6673203,7.514845,7.5409837,141170.58
2001-11-19,TEX,7.562766,7.7936563,7.562766,7.684746,254336.58
2001-11-20,TEX,7.6673203,7.702172,7.36237,7.379796,122806.92
2001-11-21,TEX,7.275242,7.5409837,7.275242,7.4451423,166879.69
2001-11-23,TEX,7.440786,7.6193995,7.397221,7.5889044,68634.15
2001-11-26,TEX,7.601974,7.662964,7.536627,7.6193995,184784.25
2001-11-27,TEX,7.645538,7.906924,7.645538,7.845934,748089.25
2001-11-28,TEX,7.850291,7.9417753,7.8197956,7.8197956,242859.3
2001-11-29,TEX,7.8197956,7.9461317,7.784944,7.92435,130611.48
2001-11-30,TEX,7.92435,8.059399,7.872072,8.03326,205672.9
2001-12-03,TEX,8.03326,8.116033,7.8415775,8.055042,245843.39
2001-12-04,TEX,8.037618,8.272864,8.024548,8.211874,117527.375
2001-12-05,TEX,7.623756,7.8415775,7.5801916,7.806726,5772614
2001-12-06,TEX,7.8633595,7.885142,7.4059343,7.6368256,1329987.5
2001-12-07,TEX,7.6673203,7.7544484,7.649894,7.745736,524970.9
2001-12-10,TEX,7.710885,7.750093,7.601974,7.750093,363600.3
2001-12-11,TEX,7.710885,7.710885,7.5801916,7.6673203,418002.62
2001-12-12,TEX,7.645538,7.710885,7.4930634,7.536627,302770.72
2001-12-13,TEX,7.5584097,7.5801916,7.48435,7.497419,500409.5
2001-12-14,TEX,7.4494987,7.4712806,7.0574203,7.192469,990030.4
2001-12-17,TEX,7.2795973,7.475637,7.0356374,7.1619744,491916.3
2001-12-18,TEX,7.2055387,7.349301,7.1706867,7.30138,288997.97
2001-12-19,TEX,7.297024,7.3275185,6.961578,7.153261,1346055.6
2001-12-20,TEX,7.166331,7.3667264,7.0574203,7.3449445,362682.12
2001-12-21,TEX,7.36237,7.4146476,7.1227665,7.36237,409968.53
2001-12-24,TEX,7.4059343,7.5104885,7.3449445,7.5017757,178586.52
2001-12-26,TEX,7.536627,7.5801916,7.4494987,7.5801916,288997.97
2001-12-27,TEX,7.5801916,7.798013,7.5584097,7.771875,439809.47
2001-12-28,TEX,7.645538,7.767518,7.641182,7.732667,369798.03
2001-12-31,TEX,7.710885,7.732667,7.536627,7.641182,243088.84
2002-01-02,TEX,7.671677,7.671677,7.514845,7.632469,320445.72
2002-01-03,TEX,7.60633,7.745736,7.5322714,7.72831,249286.58
2002-01-04,TEX,7.710885,7.885142,7.689102,7.8328643,254795.67
2002-01-07,TEX,7.798013,7.828508,7.5584097,7.784944,448532.2
2002-01-08,TEX,7.7195973,7.7195973,7.6150427,7.6760335,284407.06
2002-01-09,TEX,7.671677,7.684746,7.6150427,7.6150427,185931.97
2002-01-10,TEX,7.6150427,7.6673203,7.231677,7.6673203,372323.03
2002-01-11,TEX,7.645538,7.645538,7.4277163,7.5801916,208886.55
2002-01-14,TEX,7.623756,7.623756,7.462568,7.536627,326413.9
2002-01-15,TEX,7.536627,7.536627,7.0269246,7.214251,662239.2
2002-01-16,TEX,7.231677,7.231677,6.970291,7.0356374,375995.78
2002-01-17,TEX,7.2098947,7.231677,7.135835,7.2055387,322970.72
2002-01-18,TEX,7.196826,7.253459,6.970291,6.983361,345466.2
2002-01-22,TEX,6.8831625,6.9485087,6.761183,6.8570237,296113.88
2002-01-23,TEX,6.769895,6.8613806,6.534648,6.848311,1511558.1
2002-01-24,TEX,6.8918753,7.070489,6.8700933,7.0574203,335136.66
2002-01-25,TEX,7.0138555,7.1445484,6.970291,7.0922713,153566.03
2002-01-28,TEX,7.1881127,7.1881127,7.148905,7.166331,129922.836
2002-01-29,TEX,7.166331,7.31445,7.11841,7.2665286,409738.97
2002-01-30,TEX,7.231677,7.270885,7.153261,7.2186074,247909.3
2002-01-31,TEX,7.253459,7.30138,7.231677,7.297024,225184.28
2002-02-01,TEX,7.297024,7.379796,7.1140532,7.270885,319068.44
2002-02-04,TEX,7.297024,7.323162,7.0748453,7.166331,138416.03
2002-02-05,TEX,7.1227665,7.1445484,6.7524695,6.835242,333988.9
2002-02-06,TEX,6.839598,6.926727,6.839598,6.926727,211182
2002-02-07,TEX,6.839598,6.9223704,6.7916775,6.8047466,187538.8
2002-02-08,TEX,6.796034,6.9485087,6.735044,6.9485087,358320.75
2002-02-11,TEX,6.817816,7.0225687,6.7524695,6.918014,197638.8
2002-02-12,TEX,6.918014,6.961578,6.8831625,6.9223704,188686.52
2002-02-13,TEX,6.904945,7.0792017,6.8831625,7.0792017,1116739.6
2002-02-14,TEX,7.0574203,7.1881127,7.0269246,7.1009836,253877.48
2002-02-15,TEX,7.0356374,7.1881127,6.8526673,6.8831625,340186.66
2002-02-19,TEX,6.904945,6.970291,6.887519,6.9005885,138186.48
2002-02-20,TEX,6.878806,7.0138555,6.7916775,6.7916775,420757.2
2002-02-21,TEX,6.835242,7.4451423,6.835242,7.283954,1668567.4
2002-02-22,TEX,7.2883105,7.8197956,7.253459,7.8197956,965009.94
2002-02-25,TEX,7.8415775,9.017815,7.798013,9.017815,2175404
2002-02-26,TEX,8.930685,9.104942,8.756429,9.017815,1620592.2
2002-02-27,TEX,9.02217,9.02217,8.79128,8.939399,571568.7
2002-02-28,TEX,8.97425,9.017815,8.769497,8.878408,289916.16
2002-03-01,TEX,8.843556,9.40118,8.843556,9.366329,821773.44
2002-03-04,TEX,9.453458,9.758408,9.453458,9.736626,716412
2002-03-05,TEX,9.714843,9.736626,9.558012,9.693061,665223.3
2002-03-06,TEX,9.627715,10.124348,9.627715,10.093853,1042825.9
2002-03-07,TEX,10.180982,10.180982,9.749695,9.758408,747630.2
2002-03-08,TEX,10.0197935,10.185338,9.6320715,9.984942,1031578.1
2002-03-11,TEX,9.989299,10.063358,9.78019,10.059002,458861.75
2002-03-12,TEX,10.059002,10.194051,9.954447,10.067715,686341.5
2002-03-13,TEX,10.067715,10.106922,9.9631605,10.006724,727659.7
2002-03-14,TEX,10.011081,10.146131,9.989299,9.993655,587636.9
2002-03-15,TEX,9.78019,9.989299,9.723556,9.945734,343400.28
2002-03-18,TEX,9.945734,9.945734,9.736626,9.736626,329857.1
2002-03-19,TEX,9.740982,10.011081,9.497022,9.967516,454270.84
2002-03-20,TEX,9.967516,10.089497,9.937021,9.941378,1165173.8
2002-03-21,TEX,9.941378,9.967516,9.714843,9.867318,459550.38
2002-03-22,TEX,9.871675,10.363952,9.815042,10.0197935,525430
2002-03-25,TEX,10.0197935,10.0764265,9.675635,9.727913,233447.92
2002-03-26,TEX,9.714843,9.719199,9.518804,9.601577,392063.97
2002-03-27,TEX,9.619001,9.749695,9.5405855,9.571081,241941.11
2002-03-28,TEX,9.575438,9.932665,9.571081,9.845536,547466.4
2002-04-01,TEX,9.845536,10.006724,9.714843,9.815042,443711.75
2002-04-02,TEX,9.727913,10.0197935,9.714843,9.884745,534611.8
2002-04-03,TEX,9.884745,10.0197935,9.693061,9.845536,388161.7
2002-04-04,TEX,9.823753,9.889101,9.801971,9.845536,137956.94
2002-04-05,TEX,9.867318,10.150486,9.867318,9.976229,311493.44
2002-04-08,TEX,9.993655,9.998012,9.893456,9.998012,288997.97
2002-04-09,TEX,9.993655,10.20712,9.976229,10.03722,465059.47
2002-04-10,TEX,10.059002,10.586129,10.059002,10.533853,800884.75
2002-04-11,TEX,10.577417,10.782169,10.568704,10.668901,588784.56
2002-04-12,TEX,10.803951,10.808308,10.237616,10.503358,782062
2002-04-15,TEX,10.43801,10.446724,10.146131,10.172269,266732.03
2002-04-16,TEX,10.172269,10.586129,10.172269,10.586129,255254.77
2002-04-17,TEX,10.564347,10.568704,10.159199,10.159199,322511.62
2002-04-18,TEX,9.47524,9.693061,9.47524,9.671279,5497388.5
2002-04-19,TEX,9.710487,9.793259,9.58415,9.793259,713427.9
2002-04-22,TEX,9.801971,9.836823,9.235636,9.366329,754975.6
2002-04-23,TEX,9.531873,10.455437,9.4839525,10.233258,2137070
2002-04-24,TEX,10.320388,10.716823,10.106922,10.673258,1806065.1
2002-04-25,TEX,10.651477,10.8867235,10.507714,10.782169,1677978.8
2002-04-26,TEX,10.825733,10.978209,10.590486,10.668901,905098.5
2002-04-29,TEX,10.673258,10.760387,10.455437,10.4990015,737759.7
2002-04-30,TEX,10.4990015,10.912862,10.455437,10.912862,827512.06
2002-05-01,TEX,10.912862,11.261376,10.520783,11.261376,821084.8
2002-05-02,TEX,11.261376,11.261376,10.782169,11.08712,637677.8
2002-05-03,TEX,11.108902,11.152466,10.7952385,10.847515,469420.84
2002-05-06,TEX,10.8867235,11.152466,10.455437,10.477219,358550.3
2002-05-07,TEX,10.477219,10.651477,10.285536,10.455437,479979.94
2002-05-08,TEX,10.564347,10.803951,10.281179,10.459793,529561.8
2002-05-09,TEX,10.459793,10.612268,10.237616,10.237616,256402.48
2002-05-10,TEX,10.302961,10.346526,9.945734,10.150486,294277.53
2002-05-13,TEX,10.194051,10.490288,10.185338,10.468506,232070.66
2002-05-14,TEX,10.455437,10.69504,10.407516,10.651477,777012
2002-05-15,TEX,10.564347,10.847515,10.4990015,10.725535,539432.25
2002-05-16,TEX,10.673258,10.69504,10.481575,10.629694,245613.84
2002-05-17,TEX,10.782169,10.899793,10.411872,10.899793,514641.34
2002-05-20,TEX,10.847515,10.952069,10.586129,10.651477,432004.9
2002-05-21,TEX,10.655832,10.782169,10.455437,10.455437,498573.16
2002-05-22,TEX,10.782169,11.283158,10.742961,11.095832,1325626.1
2002-05-23,TEX,11.156822,11.649099,11.156822,11.636029,1354319.4
2002-05-24,TEX,11.548902,11.980188,11.479198,11.50098,981537.2
2002-05-28,TEX,11.505337,11.505337,10.99999,11.056624,744187
2002-05-29,TEX,11.0348425,11.0348425,10.873653,10.952069,748318.8
2002-05-30,TEX,10.912862,11.235238,10.89108,11.004347,407902.62
2002-05-31,TEX,11.004347,11.152466,10.89108,11.065337,689096.06
2002-06-03,TEX,11.021772,11.026129,10.738605,10.869298,488702.7
2002-06-04,TEX,10.869298,11.021772,10.803951,10.899793,646400.56
2002-06-05,TEX,10.899793,11.130683,10.899793,11.095832,839678
2002-06-06,TEX,11.065337,11.13504,10.89108,10.978209,995998.56
2002-06-07,TEX,11.043555,11.043555,10.738605,10.803951,831643.9
2002-06-10,TEX,10.803951,10.965139,10.747317,10.838802,305295.72
2002-06-11,TEX,10.838802,10.869298,10.69504,10.773456,392293.5
2002-06-12,TEX,10.782169,10.782169,9.941378,10.468506,784357.5
2002-06-13,TEX,10.468506,10.520783,10.346526,10.455437,617248.25
2002-06-14,TEX,10.433655,10.433655,10.106922,10.281179,420298.1
2002-06-17,TEX,10.324744,10.716823,10.324744,10.612268,861484.8
2002-06-18,TEX,10.612268,10.668901,10.368308,10.385734,195572.89
2002-06-19,TEX,10.377021,10.586129,10.041575,10.041575,516936.8
2002-06-20,TEX,10.045932,10.172269,9.937021,9.976229,440727.66
2002-06-21,TEX,10.08514,10.08514,9.884745,10.054645,444629.9
2002-06-24,TEX,10.041575,10.141774,9.714843,9.998012,461616.3
2002-06-25,TEX,10.072071,10.281179,9.801971,9.836823,381963.97
2002-06-26,TEX,9.801971,9.976229,9.605932,9.971872,469420.84
2002-06-27,TEX,9.980585,10.063358,9.693061,9.889101,582357.3
2002-06-28,TEX,9.823753,9.845536,9.671279,9.797615,586948.25
2002-07-01,TEX,9.797615,9.797615,9.466526,9.466526,570650.5
2002-07-02,TEX,9.46217,9.671279,9.239992,9.239992,301852.53
2002-07-03,TEX,9.148507,9.213854,8.669299,8.926329,868141.6
2002-07-05,TEX,8.943755,9.2792,8.8217745,9.213854,667289.2
2002-07-08,TEX,9.20514,9.231279,8.908904,8.978606,358091.22
2002-07-09,TEX,8.978606,9.497022,8.97425,9.235636,435907.2
2002-07-10,TEX,9.235636,9.287912,8.939399,8.943755,327332.1
2002-07-11,TEX,8.930685,8.935042,8.582171,8.691082,315166.2
2002-07-12,TEX,8.625735,8.756429,8.447122,8.551676,451286.75
2002-07-15,TEX,8.542963,8.542963,8.068112,8.451478,582357.3
2002-07-16,TEX,8.342567,8.386131,8.059399,8.29029,478373.12
2002-07-17,TEX,8.312072,8.887121,8.312072,8.560389,813968.9
2002-07-18,TEX,8.495043,8.556032,8.059399,8.120389,762321.1
2002-07-19,TEX,8.03326,8.342567,7.954845,8.081181,353041.22
2002-07-22,TEX,8.081181,8.342567,7.6193995,8.124745,700573.3
2002-07-23,TEX,8.129102,8.3207855,7.458212,7.562766,1068994.1
2002-07-24,TEX,7.623756,8.233656,7.4059343,8.198805,805934.75
2002-07-25,TEX,8.190092,8.386131,7.732667,8.10732,651221
2002-07-26,TEX,8.10732,8.364349,8.10732,8.190092,576159.56
2002-07-29,TEX,8.190092,8.721577,8.16831,8.678013,570191.4
2002-07-30,TEX,8.647517,8.660586,8.299003,8.560389,390686.7
2002-07-31,TEX,8.529894,8.647517,8.386131,8.508112,340645.75
2002-08-01,TEX,8.473261,8.473261,8.172667,8.194448,276602.5
2002-08-02,TEX,8.194448,8.211874,7.6673203,7.8807855,630791.44
2002-08-05,TEX,7.885142,7.97227,7.689102,7.767518,245154.75
2002-08-06,TEX,7.8633595,8.124745,7.8633595,8.102963,712280.1
2002-08-07,TEX,8.124745,8.124745,7.798013,7.906924,563305
2002-08-08,TEX,7.7544484,8.277221,7.7544484,8.233656,339268.47
2002-08-09,TEX,8.16831,8.172667,7.9984093,8.085538,221511.55
2002-08-12,TEX,8.072469,8.072469,7.7152405,7.9679146,310804.8
2002-08-13,TEX,7.97227,8.059399,7.7762313,7.798013,438661.75
2002-08-14,TEX,7.8023696,7.8415775,7.5889044,7.8415775,443023.1
2002-08-15,TEX,7.8415775,8.142172,7.811083,8.059399,301622.97
2002-08-16,TEX,8.059399,8.059399,7.850291,7.906924,136120.56
2002-08-19,TEX,7.798013,8.190092,7.798013,8.181379,569502.75
2002-08-20,TEX,8.190092,8.3207855,8.081181,8.277221,465748.12
2002-08-21,TEX,8.277221,8.277221,7.906924,8.190092,286243.44
2002-08-22,TEX,8.16831,8.699795,8.120389,8.682369,673946
2002-08-23,TEX,8.6170225,8.621379,8.386131,8.495043,450598.1
2002-08-26,TEX,8.495043,8.647517,8.416626,8.625735,419609.44
2002-08-27,TEX,8.712864,8.799993,8.582171,8.799993,342482.1
2002-08-28,TEX,8.799993,8.799993,8.538607,8.538607,405836.72
2002-08-29,TEX,8.516824,8.516824,8.333854,8.429696,162288.78
2002-08-30,TEX,8.386131,8.795636,8.386131,8.560389,224495.64
2002-09-03,TEX,8.547319,8.647517,8.299003,8.582171,454959.47
2002-09-04,TEX,8.582171,8.647517,8.460191,8.634448,505689.06
2002-09-05,TEX,8.590883,8.590883,8.333854,8.333854,172618.33
2002-09-06,TEX,8.712864,8.734646,8.399201,8.695437,436825.38
2002-09-09,TEX,8.695437,8.878408,8.547319,8.547319,377832.12
2002-09-10,TEX,8.656231,9.004745,8.656231,9.004745,589014.1
2002-09-11,TEX,9.192072,9.192072,9.039597,9.170289,381275.3
2002-09-12,TEX,9.126725,9.235636,9.0613785,9.144151,430627.62
2002-09-13,TEX,9.08316,9.270488,8.882765,9.270488,484800.4
2002-09-16,TEX,9.257418,9.427319,9.087518,9.366329,379898.06
2002-09-17,TEX,9.366329,9.518804,8.752072,8.752072,462304.94
2002-09-18,TEX,8.7651415,8.843556,8.451478,8.538607,411804.9
2002-09-19,TEX,8.538607,8.625735,8.081181,8.102963,691391.5
2002-09-20,TEX,8.233656,8.364349,8.050686,8.146528,397343.53
2002-09-23,TEX,8.129102,8.312072,7.7239537,7.8328643,459550.38
2002-09-24,TEX,7.8328643,7.8328643,7.166331,7.297024,880537.1
2002-09-25,TEX,7.4494987,7.5584097,7.1140532,7.3841524,1101360
2002-09-26,TEX,7.4059343,7.6673203,7.3885083,7.4930634,923462.1
2002-09-27,TEX,7.4930634,7.710885,7.318805,7.318805,417543.53
2002-09-30,TEX,7.318805,7.536627,7.1881127,7.36237,451286.75
2002-10-01,TEX,7.4494987,7.5889044,7.253459,7.4538555,672798.3
2002-10-02,TEX,7.514845,7.7631617,7.4059343,7.5584097,974421.25
2002-10-03,TEX,7.4494987,7.6586075,7.3841524,7.440786,364059.4
2002-10-04,TEX,7.440786,7.440786,6.809103,6.817816,703098.3
2002-10-07,TEX,6.8613806,6.918014,6.3603907,6.534648,506836.78
2002-10-08,TEX,6.4475193,6.613064,5.9247475,6.5782123,802262.06
2002-10-09,TEX,6.3386087,6.5694995,6.273262,6.3603907,924609.9
2002-10-10,TEX,6.273262,6.3995986,6.1861334,6.2384105,419150.34
2002-10-11,TEX,6.4475193,6.9005885,6.4475193,6.774252,556648.2
2002-10-14,TEX,6.774252,6.7916775,6.6217766,6.6871233,664075.56
2002-10-15,TEX,6.8613806,7.401578,6.8613806,7.2098947,664993.75
2002-10-16,TEX,7.1009836,7.253459,6.822172,6.839598,575470.94
2002-10-17,TEX,7.0792017,7.2098947,6.9136577,7.0138555,725134.7
2002-10-18,TEX,7.0138555,7.253459,7.000786,7.1445484,335366.2
2002-10-21,TEX,7.1227665,7.2578154,7.1009836,7.127123,266502.5
2002-10-22,TEX,7.1445484,7.1445484,6.904945,6.9485087,813280.25
2002-10-23,TEX,6.970291,7.1445484,6.7524695,6.7524695,612886.9
2002-10-24,TEX,4.792075,5.0098968,4.2867293,4.6831646,13588184
2002-10-25,TEX,4.726729,4.9663324,4.7049465,4.9358373,2230954.2
2002-10-28,TEX,5.031679,5.2887087,4.9663324,5.184154,1060041.8
2002-10-29,TEX,5.1797976,5.314847,5.0578175,5.2277184,1168846.5
2002-10-30,TEX,5.2495008,5.2495008,5.075243,5.1754413,787571.1
2002-10-31,TEX,5.219005,5.2712827,5.0447483,5.0795994,972355.4
2002-11-01,TEX,5.0795994,5.44554,5.0795994,5.3801937,1388292.1
2002-11-04,TEX,5.4368267,5.44554,5.336629,5.44554,767600.6
2002-11-05,TEX,5.3584113,5.44554,5.3584113,5.419401,659714.2
2002-11-06,TEX,5.4281144,5.4891043,5.4019756,5.484748,1801703.8
2002-11-07,TEX,5.44554,5.4934607,5.3801937,5.44554,751762
2002-11-08,TEX,5.44554,5.4760346,5.075243,5.2277184,810755.25
2002-11-11,TEX,5.2277184,5.3801937,5.1580157,5.2277184,446007.2
2002-11-12,TEX,5.26257,5.4629655,5.26257,5.4019756,645482.4
2002-11-13,TEX,5.3845496,5.5195994,5.297421,5.3976192,341104.84
2002-11-14,TEX,5.419401,5.5021734,5.3714805,5.4019756,406984.44
2002-11-15,TEX,5.4019756,5.4019756,5.314847,5.314847,363600.3
2002-11-18,TEX,5.3845496,5.3976192,5.0970254,5.118808,2592488.5
2002-11-19,TEX,5.123164,5.1405897,5.0098968,5.053461,855516.6
2002-11-20,TEX,5.0883126,5.105738,4.979402,5.0273223,837612.06
2002-11-21,TEX,5.0447483,5.3801937,5.0098968,5.314847,1198687.4
2002-11-22,TEX,5.314847,5.3801937,5.2277184,5.2277184,360157.12
2002-11-25,TEX,5.2712827,5.3976192,5.075243,5.301778,1412394.4
2002-11-26,TEX,5.301778,5.3584113,5.118808,5.2930646,424200.34
2002-11-27,TEX,5.314847,5.4498963,5.2930646,5.4498963,1138087.4
2002-11-29,TEX,5.44554,5.4891043,5.3801937,5.3845496,296802.53
2002-12-02,TEX,5.4498963,5.5980153,5.4498963,5.510886,1865517.5
2002-12-03,TEX,5.510886,5.510886,5.2712827,5.3801937,490768.6
2002-12-04,TEX,5.336629,5.4411836,5.2712827,5.2930646,498343.6
2002-12-05,TEX,5.314847,5.4281144,5.184154,5.2320747,287161.6
2002-12-06,TEX,5.1885104,5.2712827,5.1754413,5.2495008,355107.12
2002-12-09,TEX,5.2277184,5.2887087,5.053461,5.1885104,734316.5
2002-12-10,TEX,5.1885104,5.3584113,5.101382,5.3584113,841973.44
2002-12-11,TEX,5.3496985,5.354055,5.184154,5.354055,714805.1
2002-12-12,TEX,5.327916,5.327916,5.192867,5.2712827,292441.16
2002-12-13,TEX,5.2364316,5.2712827,5.114451,5.1580157,495359.5
2002-12-16,TEX,5.1580157,5.314847,5.062174,5.0839562,809148.44
2002-12-17,TEX,5.0839562,5.0839562,4.940194,4.9881144,565141.4
2002-12-18,TEX,4.9881144,4.9881144,4.6831646,4.839996,1734906
2002-12-19,TEX,4.831283,4.8356395,4.726729,4.8051443,494211.78
2002-12-20,TEX,4.792075,4.792075,4.726729,4.726729,890866.7
2002-12-23,TEX,4.70059,4.70059,4.5611844,4.5742536,1093785
2002-12-24,TEX,4.5742536,4.6003923,4.526333,4.5742536,664993.75
2002-12-26,TEX,4.5742536,4.748511,4.5655403,4.6831646,808230.25
2002-12-27,TEX,4.6831646,4.6831646,4.5089073,4.569897,746712
2002-12-30,TEX,4.596036,4.6396,4.5306892,4.596036,771732.5
2002-12-31,TEX,4.5742536,4.8574214,4.5611844,4.8530655,1134644.1
2003-01-02,TEX,4.861778,4.9140553,4.748511,4.9140553,682209.7
2003-01-03,TEX,4.979402,4.979402,4.8095007,4.8443522,450139.03
2003-01-06,TEX,4.8574214,5.223362,4.8574214,5.031679,965928.06
2003-01-07,TEX,5.0970254,5.1754413,5.053461,5.0883126,1337562.5
2003-01-08,TEX,5.1754413,5.1754413,4.9663324,4.9663324,625511.9
2003-01-09,TEX,5.0098968,5.105738,4.931481,4.992471,607836.9
2003-01-10,TEX,5.022966,5.0273223,4.8356395,4.975045,533005
2003-01-13,TEX,4.975045,5.0055404,4.861778,4.8966293,721002.9
2003-01-14,TEX,4.879204,4.8879166,4.7354417,4.8443522,514641.34
2003-01-15,TEX,4.8487086,4.8487086,4.596036,4.6831646,562157.3
2003-01-16,TEX,4.687521,4.792075,4.6396,4.6744514,402623.06
2003-01-17,TEX,4.6396,4.6396,4.4653425,4.478412,390916.25
2003-01-21,TEX,4.539402,4.539402,4.2693033,4.356432,624364.2
2003-01-22,TEX,4.3999963,4.3999963,4.1429667,4.225739,1197539.6
2003-01-23,TEX,4.225739,4.2475214,4.1386104,4.225739,936316.7
2003-01-24,TEX,4.4653425,5.101382,4.4435606,5.01861,3262991.5
2003-01-27,TEX,4.983758,5.171085,4.88356,5.062174,1191801
2003-01-28,TEX,5.062174,5.0970254,4.879204,4.9271245,1041907.7
2003-01-29,TEX,4.861778,4.8966293,4.661382,4.8574214,572945.94
2003-01-30,TEX,4.861778,4.892273,4.7180157,4.7572236,335595.75
2003-01-31,TEX,4.7615805,5.075243,4.726729,4.9184117,657189.2
2003-02-03,TEX,4.9140553,5.053461,4.9140553,4.992471,514182.25
2003-02-04,TEX,4.979402,4.979402,4.8356395,4.9271245,406754.88
2003-02-05,TEX,4.9532633,5.184154,4.922768,5.0578175,728807.44
2003-02-06,TEX,5.0491047,5.075243,4.922768,4.931481,588325.5
2003-02-07,TEX,4.9271245,4.931481,4.7964315,4.839996,540350.44
2003-02-10,TEX,4.8095007,4.8095007,4.6657386,4.7702928,475389.03
2003-02-11,TEX,4.779006,5.0098968,4.7702928,5.0098968,751302.94
2003-02-12,TEX,4.9881144,5.0273223,4.8051443,4.82257,497195.88
2003-02-13,TEX,4.792075,4.8356395,4.635244,4.7702928,426954.9
2003-02-14,TEX,4.7746496,4.9445505,4.7441545,4.922768,407213.97
2003-02-18,TEX,4.9358373,4.9445505,4.8269267,4.8748474,349368.47
2003-02-19,TEX,4.879204,4.909699,4.748511,4.8356395,387702.6
2003-02-20,TEX,4.8138576,4.9184117,4.748511,4.861778,568584.56
2003-02-21,TEX,4.9271245,5.070887,4.8356395,5.01861,557566.4
2003-02-24,TEX,5.0360355,5.0578175,4.9663324,5.0403914,628955.06
2003-02-25,TEX,5.022966,5.2277184,5.0098968,5.1362333,687489.2
2003-02-26,TEX,5.1100945,5.2320747,5.0403914,5.0447483,736612
2003-02-27,TEX,5.1100945,5.301778,5.0578175,5.2930646,552745.94
2003-02-28,TEX,5.301778,5.314847,5.062174,5.26257,488932.22
2003-03-03,TEX,5.306134,5.3192034,5.123164,5.144946,520839.06
2003-03-04,TEX,5.101382,5.223362,4.992471,5.184154,561468.7
2003-03-05,TEX,5.118808,5.118808,5.0055404,5.0970254,638136.9
2003-03-06,TEX,5.075243,5.092669,4.983758,5.01861,512345.88
2003-03-07,TEX,4.975045,5.210293,4.975045,5.1754413,297032.06
2003-03-10,TEX,5.1797976,5.1797976,5.0491047,5.0970254,356713.94
2003-03-11,TEX,5.031679,5.0883126,4.9009857,4.9358373,373700.3
2003-03-12,TEX,4.922768,4.922768,4.7572236,4.8661346,314477.53
2003-03-13,TEX,4.922768,5.166728,4.9184117,5.118808,513952.72
2003-03-14,TEX,5.1405897,5.1754413,4.9663324,4.992471,546089.1
2003-03-17,TEX,4.9968276,5.219005,4.9663324,5.219005,648925.56
2003-03-18,TEX,5.184154,5.284352,5.184154,5.2320747,527495.9
2003-03-19,TEX,5.245144,5.3889065,5.2364316,5.3758373,306902.53
2003-03-20,TEX,5.340986,5.497817,5.2320747,5.454253,451516.28
2003-03-21,TEX,5.619797,5.8506885,5.510886,5.837619,804787.06
2003-03-24,TEX,5.75049,5.75049,5.3889065,5.4629655,613575.5
2003-03-25,TEX,5.4673223,5.645936,5.4019756,5.615441,409968.53
2003-03-26,TEX,5.593659,5.593659,5.44554,5.4803915,237809.3
2003-03-27,TEX,5.4673223,5.523956,5.3801937,5.4673223,276602.5
2003-03-28,TEX,5.4629655,5.619797,5.4019756,5.497817,312870.72
2003-03-31,TEX,5.4760346,5.4760346,5.2277184,5.3845496,400786.7
2003-04-01,TEX,5.4716787,5.602371,5.3758373,5.5980153,370257.12
2003-04-02,TEX,5.685144,6.142569,5.685144,5.8986087,1621510.5
2003-04-03,TEX,5.876827,6.0554404,5.8332624,5.9639554,679684.7
2003-04-04,TEX,5.9465294,6.0336585,5.815837,5.815837,351204.84
2003-04-07,TEX,5.7940545,6.212272,5.728708,6.1251435,1801015.1
2003-04-08,TEX,6.212272,6.212272,6.059797,6.107718,798130.25
2003-04-09,TEX,6.0990047,6.242767,6.0990047,6.159995,569502.75
2003-04-10,TEX,6.203559,6.364747,6.164351,6.347321,508902.7
2003-04-11,TEX,6.351678,6.4213805,6.151282,6.1774206,1043973.6
2003-04-14,TEX,6.1774206,6.31247,6.1294994,6.25148,550909.56
2003-04-15,TEX,6.242767,6.2906876,6.0772223,6.1687074,403311.72
2003-04-16,TEX,6.1687074,6.194846,6.0031633,6.0554404,310575.25
2003-04-17,TEX,6.0554404,6.1382127,5.9465294,6.1251435,435448.1
2003-04-21,TEX,6.1251435,6.1992025,5.990094,6.164351,504311.78
2003-04-22,TEX,6.142569,6.4475193,6.0990047,6.4475193,652368.75
2003-04-23,TEX,6.403955,6.5302916,6.351678,6.4910836,378979.88
2003-04-24,TEX,7.1009836,7.262172,6.992073,7.1009836,1660992.4
2003-04-25,TEX,7.1881127,7.231677,6.970291,7.0792017,1245973.8
2003-04-28,TEX,7.1009836,7.270885,7.1009836,7.1881127,669814.2
2003-04-29,TEX,7.244746,7.283954,7.039994,7.039994,671191.5
2003-04-30,TEX,6.9223704,7.31445,6.9223704,7.2098947,697359.7
2003-05-01,TEX,7.2578154,7.340588,7.1881127,7.318805,478602.7
2003-05-02,TEX,7.318805,7.9025674,7.318805,7.798013,1714017.4
2003-05-05,TEX,7.8415775,7.9199934,7.7544484,7.771875,859878
2003-05-06,TEX,7.806726,8.015835,7.7544484,7.950488,561009.56
2003-05-07,TEX,7.885142,7.9679146,7.850291,7.906924,681061.94
2003-05-08,TEX,7.906924,7.906924,7.684746,7.7370234,426725.38
2003-05-09,TEX,7.732667,7.9287066,7.7239537,7.885142,386325.3
2003-05-12,TEX,7.950488,8.216231,7.876429,8.203161,884439.4
2003-05-13,TEX,8.203161,8.246726,8.076825,8.16831,1082996.4
2003-05-14,TEX,8.172667,8.172667,8.024548,8.050686,383800.3
2003-05-15,TEX,8.089894,8.312072,8.089894,8.277221,430627.62
2003-05-16,TEX,8.194448,8.255439,7.9287066,8.068112,440727.66
2003-05-19,TEX,8.059399,8.059399,7.906924,7.91128,640432.4
2003-05-20,TEX,7.906924,7.91128,7.5584097,7.60633,1700474.1
2003-05-21,TEX,7.536627,7.732667,7.4930634,7.623756,591309.56
2003-05-22,TEX,7.5714784,7.732667,7.514845,7.645538,342482.1
2003-05-23,TEX,7.649894,7.710885,7.5801916,7.6803894,277291.16
2003-05-27,TEX,7.710885,7.7762313,7.4059343,7.732667,2491488.5
2003-05-28,TEX,7.767518,7.8328643,7.689102,7.710885,456795.84
2003-05-29,TEX,7.710885,7.8328643,7.5976176,7.645538,664764.2
2003-05-30,TEX,7.645538,7.876429,7.632469,7.732667,735234.7
2003-06-02,TEX,7.7762313,8.081181,7.7762313,8.015835,752221.06
2003-06-03,TEX,8.015835,8.03326,7.9417753,8.015835,356025.3
2003-06-04,TEX,7.994053,8.538607,7.994053,8.451478,827971.1
2003-06-05,TEX,8.364349,8.6170225,8.190092,8.569101,476766.3
2003-06-06,TEX,8.612666,8.769497,8.359993,8.386131,705164.25
2003-06-09,TEX,8.390488,8.390488,8.203161,8.329498,332841.2
2003-06-10,TEX,8.312072,8.390488,8.299003,8.35128,475618.6
2003-06-11,TEX,8.35128,8.60831,8.3207855,8.529894,328709.38
2003-06-12,TEX,8.603953,8.756429,8.560389,8.725933,595441.44
2003-06-13,TEX,8.778211,8.782567,8.625735,8.678013,668666.5
2003-06-16,TEX,8.712864,9.0613785,8.686726,8.987319,1059123.6
2003-06-17,TEX,8.97425,9.235636,8.943755,9.170289,862173.44
2003-06-18,TEX,9.139794,9.257418,8.908904,8.943755,446236.75
2003-06-19,TEX,8.943755,9.013458,8.651875,8.721577,368879.84
2003-06-20,TEX,8.743359,8.943755,8.743359,8.843556,770584.75
2003-06-23,TEX,8.869696,8.895834,8.664943,8.739002,546089.1
2003-06-24,TEX,8.734646,8.904547,8.538607,8.712864,500639.06
2003-06-25,TEX,8.71722,8.752072,8.603953,8.6736555,311493.44
2003-06-26,TEX,8.651875,8.712864,8.651875,8.712864,479061.78
2003-06-27,TEX,8.712864,8.887121,8.560389,8.71722,729955.2
2003-06-30,TEX,8.712864,8.712864,8.499399,8.503756,467354.94
2003-07-01,TEX,7.231677,7.8415775,7.2011824,7.7893,3237282.2
2003-07-02,TEX,7.8415775,7.994053,7.7893,7.8415775,1127069.1
2003-07-03,TEX,7.8197956,7.8197956,7.6673203,7.6803894,442104.9
2003-07-07,TEX,7.6803894,7.9984093,7.6673203,7.950488,1067387.2
2003-07-08,TEX,7.97227,8.059399,7.867716,7.994053,637907.4
2003-07-09,TEX,7.9896965,8.342567,7.9896965,8.194448,818330.25
2003-07-10,TEX,8.163954,8.163954,7.950488,8.028904,267650.22
2003-07-11,TEX,7.9853396,8.2293,7.9853396,8.142172,273159.3
2003-07-14,TEX,8.142172,8.142172,7.893855,7.9287066,968223.56
2003-07-15,TEX,7.933062,7.950488,7.745736,7.7762313,887653
2003-07-16,TEX,7.8197956,8.037618,7.8197956,8.037618,839448.44
2003-07-17,TEX,7.9984093,8.251082,7.9984093,8.129102,601409.6
2003-07-18,TEX,8.146528,8.272864,8.0463295,8.146528,376913.97
2003-07-21,TEX,8.177023,8.277221,8.146528,8.246726,245154.75
2003-07-22,TEX,8.211874,8.277221,8.111676,8.264152,426495.8
2003-07-23,TEX,8.35128,8.499399,8.277221,8.451478,298179.8
2003-07-24,TEX,8.473261,8.678013,8.473261,8.6736555,639973.25
2003-07-25,TEX,8.647517,8.865339,8.647517,8.830488,660632.4
2003-07-28,TEX,8.843556,9.039597,8.843556,8.939399,1121789.6
2003-07-29,TEX,8.943755,8.952467,8.756429,8.917616,1050630.4
2003-07-30,TEX,8.9132595,9.039597,8.908904,9.013458,421445.8
2003-07-31,TEX,9.017815,9.640783,8.996032,9.344547,1104803.2
2003-08-01,TEX,9.344547,9.366329,8.978606,9.0613785,643875.56
2003-08-04,TEX,8.996032,9.118012,8.952467,9.074448,703327.9
2003-08-05,TEX,8.97425,9.148507,8.956824,9.048309,518084.53
2003-08-06,TEX,9.043953,9.070091,8.926329,8.996032,567436.8
2003-08-07,TEX,8.996032,9.013458,8.895834,9.009102,465518.56
2003-08-08,TEX,9.009102,9.122369,8.97425,9.048309,368420.78
2003-08-11,TEX,8.97425,9.235636,8.97425,9.235636,510050.44
2003-08-12,TEX,9.213854,9.453458,9.161576,9.453458,456566.28
2003-08-13,TEX,9.453458,9.58415,9.431675,9.58415,543564.1
2003-08-14,TEX,9.505734,9.636428,9.492665,9.623359,1159435.1
2003-08-15,TEX,9.58415,9.78019,9.5405855,9.640783,135431.94
2003-08-18,TEX,9.727913,10.054645,9.706131,9.976229,495129.97
2003-08-19,TEX,9.976229,10.063358,9.867318,9.998012,747400.6
2003-08-20,TEX,9.998012,9.998012,9.775833,9.845536,1068994.1
2003-08-21,TEX,9.910883,10.237616,9.910883,10.089497,753368.8
2003-08-22,TEX,10.106922,10.124348,9.714843,9.745338,986816.75
2003-08-25,TEX,9.710487,9.775833,9.3924675,9.510091,578455.06
2003-08-26,TEX,9.38811,9.536229,9.261774,9.531873,456336.75
2003-08-27,TEX,9.488309,9.684348,9.431675,9.684348,510050.44
2003-08-28,TEX,9.684348,10.0197935,9.497022,9.932665,372552.6
2003-08-29,TEX,9.998012,10.128704,9.989299,10.063358,342941.2
2003-09-02,TEX,9.932665,9.976229,9.34019,9.714843,1593735.5
2003-09-03,TEX,9.714843,9.823753,9.523161,9.793259,811673.44
2003-09-04,TEX,9.793259,9.923952,9.649497,9.758408,583964.1
2003-09-05,TEX,9.714843,9.740982,9.409893,9.505734,421904.9
2003-09-08,TEX,9.47524,9.945734,9.47524,9.889101,606000.5
2003-09-09,TEX,9.932665,10.080783,9.867318,9.923952,685423.3
2003-09-10,TEX,9.923952,9.923952,9.366329,9.366329,680602.9
2003-09-11,TEX,9.3924675,9.440388,9.183358,9.409893,749925.6
2003-09-12,TEX,9.38811,9.553656,9.257418,9.553656,463223.12
2003-09-15,TEX,9.553656,9.627715,9.353259,9.414249,317232.1
2003-09-16,TEX,9.453458,9.614645,9.444745,9.588507,736382.44
2003-09-17,TEX,9.58415,9.740982,9.58415,9.693061,227479.73
2003-09-18,TEX,9.605932,9.771477,9.58415,9.749695,335136.66
2003-09-19,TEX,9.749695,9.893456,9.714843,9.714843,488014.06
2003-09-22,TEX,9.6320715,9.6320715,8.71722,8.8217745,1772781
2003-09-23,TEX,8.8217745,9.043953,8.486329,9.004745,1149335
2003-09-24,TEX,8.969893,8.978606,8.643161,8.678013,454270.84
2003-09-25,TEX,8.682369,8.682369,8.294647,8.294647,877093.94
2003-09-26,TEX,8.33821,8.407913,8.076825,8.163954,984291.75
2003-09-29,TEX,8.185736,8.255439,8.037618,8.146528,769437
2003-09-30,TEX,8.10732,8.224943,7.885142,8.072469,1788619.8
2003-10-01,TEX,8.124745,8.499399,8.124745,8.359993,926675.8
2003-10-02,TEX,8.381775,8.603953,8.316429,8.582171,515329.97
2003-10-03,TEX,8.634448,8.708508,8.516824,8.573459,572027.75
2003-10-06,TEX,8.538607,8.778211,8.538607,8.725933,380127.6
2003-10-07,TEX,8.660586,8.660586,8.547319,8.603953,531398.2
2003-10-08,TEX,8.625735,9.017815,8.625735,9.004745,1199376
2003-10-09,TEX,9.048309,9.58415,9.048309,9.2792,1196391.9
2003-10-10,TEX,9.2792,9.300982,8.930685,9.08316,530480
2003-10-13,TEX,9.170289,9.213854,8.939399,9.091874,669584.7
2003-10-14,TEX,9.039597,9.322764,9.039597,9.287912,363600.3
2003-10-15,TEX,9.344547,9.470883,9.192072,9.396824,448761.75
2003-10-16,TEX,9.366329,9.370686,9.017815,9.222567,839448.44
2003-10-17,TEX,9.300982,9.322764,9.009102,9.030883,573405
2003-10-20,TEX,9.104942,9.179002,9.02217,9.052666,538284.56
2003-10-21,TEX,8.996032,9.104942,8.921972,8.952467,766223.4
2003-10-22,TEX,8.865339,8.865339,8.682369,8.708508,731102.9
2003-10-23,TEX,8.708508,8.712864,8.538607,8.6736555,510050.44
2003-10-24,TEX,8.691082,8.769497,8.603953,8.699795,777930.2
2003-10-27,TEX,8.756429,9.38811,8.756429,9.2792,774716.56
2003-10-28,TEX,9.2792,9.34019,9.15722,9.34019,516248.16
2003-10-29,TEX,9.213854,9.5405855,9.213854,9.47524,722150.6
2003-10-30,TEX,9.5405855,9.810685,9.5405855,9.745338,815346.1
2003-10-31,TEX,9.78019,9.884745,9.758408,9.828111,874339.4
2003-11-03,TEX,9.797615,10.146131,9.78019,10.146131,1139051.4
2003-11-04,TEX,10.146131,10.146131,9.954447,10.011081,506044.88
2003-11-05,TEX,9.954447,10.098209,9.801971,10.02415,459779.94
2003-11-06,TEX,10.02415,10.403159,9.95009,10.285536,579143.7
2003-11-07,TEX,10.372664,10.372664,10.211476,10.233258,613575.5
2003-11-10,TEX,10.233258,10.233258,9.9283085,9.976229,509820.88
2003-11-11,TEX,9.932665,9.989299,9.810685,9.862962,399868.53
2003-11-12,TEX,9.758408,10.324744,9.758408,10.324744,764387
2003-11-13,TEX,10.302961,10.673258,10.220189,10.590486,910378.06
2003-11-14,TEX,10.590486,10.673258,10.054645,10.119991,680143.75
2003-11-17,TEX,10.119991,10.324744,10.08514,10.324744,789407.5
2003-11-18,TEX,10.302961,10.407516,10.194051,10.198407,621609.6
2003-11-19,TEX,10.198407,10.368308,10.124348,10.324744,478832.22
2003-11-20,TEX,10.281179,10.51207,10.241972,10.4990015,705393.75
2003-11-21,TEX,10.520783,10.729892,10.459793,10.69504,929889.44
2003-11-24,TEX,10.716823,10.895436,10.703753,10.89108,695752.9
2003-11-25,TEX,10.89108,11.104545,10.869298,11.0914755,742809.75
2003-11-26,TEX,11.0914755,11.0914755,10.843159,10.965139,802262.06
2003-11-28,TEX,10.969496,11.248307,10.956427,11.235238,316773
2003-12-01,TEX,11.34415,11.531475,11.283158,11.531475,701032.44
2003-12-02,TEX,11.544544,11.653456,11.509693,11.531475,584652.75
2003-12-03,TEX,11.457416,11.910485,11.379001,11.601178,620461.9
2003-12-04,TEX,11.601178,11.601178,11.287515,11.3877125,458632.22
2003-12-05,TEX,11.3877125,11.431277,11.121971,11.239594,395277.6
2003-12-08,TEX,11.174248,11.557614,11.117615,11.557614,549532.3
2003-12-09,TEX,11.557614,11.622961,11.169891,11.191674,475848.12
2003-12-10,TEX,11.130683,11.174248,10.751675,10.873653,799507.5
2003-12-11,TEX,10.847515,11.370288,10.847515,11.196031,1284537.5
2003-12-12,TEX,11.196031,11.7188015,11.196031,11.666525,609214.1
2003-12-15,TEX,11.762366,11.762366,11.27009,11.27009,591998.25
2003-12-16,TEX,11.313654,11.740584,11.178604,11.705733,693227.9
2003-12-17,TEX,11.675238,11.801575,11.518406,11.788505,697359.7
2003-12-18,TEX,11.962762,12.363554,11.897415,12.311276,1089194.1
2003-12-19,TEX,12.311276,12.916821,12.285138,12.838405,1721362.9
2003-12-22,TEX,12.838405,12.895039,12.6772175,12.725138,1434889.9
2003-12-23,TEX,12.681574,12.890682,12.646722,12.75999,1153237.4
2003-12-24,TEX,12.755633,12.755633,12.48989,12.516028,427873.1
2003-12-26,TEX,12.546524,12.655435,12.537811,12.611871,155631.95
2003-12-29,TEX,12.568306,12.755633,12.55088,12.74692,473552.7
2003-12-30,TEX,12.638009,12.698999,12.559593,12.620584,611280.06
2003-12-31,TEX,12.633653,12.633653,12.30692,12.407118,740514.25
2004-01-02,TEX,12.459395,12.716425,12.459395,12.603158,496048.16
2004-01-05,TEX,12.603158,12.629296,12.459395,12.559593,826134.8
2004-01-06,TEX,12.598802,12.598802,12.354841,12.359198,588784.56
2004-01-07,TEX,12.468108,12.659791,12.44197,12.511672,1074044.1
2004-01-08,TEX,12.590088,12.6772175,12.524742,12.659791,630561.9
2004-01-09,TEX,12.5290985,12.668504,12.420188,12.424544,751532.44
2004-01-12,TEX,12.459395,12.755633,12.420188,12.755633,737759.7
2004-01-13,TEX,13.679196,13.940582,13.422167,13.879593,4718311
2004-01-14,TEX,13.914444,14.201967,13.748899,14.1148405,1632528.6
2004-01-15,TEX,14.1148405,14.132265,13.953651,14.005929,762550.6
2004-01-16,TEX,13.984146,14.005929,13.79682,13.901374,513952.72
2004-01-20,TEX,13.9188,13.936226,13.461374,13.548504,1434660.2
2004-01-21,TEX,13.679196,13.679196,13.461374,13.570286,1104114.6
2004-01-22,TEX,13.583355,13.744542,13.504939,13.53979,1597867.2
2004-01-23,TEX,13.583355,13.766325,13.504939,13.766325,1111001
2004-01-26,TEX,13.6922655,13.984146,13.570286,13.940582,775864.3
2004-01-27,TEX,13.831672,14.005929,13.79682,13.940582,813050.7
2004-01-28,TEX,13.940582,13.940582,13.204345,13.317613,1052925.9
2004-01-29,TEX,13.330682,13.404741,12.712069,12.895039,953991.7
2004-01-30,TEX,12.8689,12.982167,12.781772,12.860188,519232.25
2004-02-02,TEX,12.895039,13.18692,12.864544,13.060583,723987
2004-02-03,TEX,12.842761,12.890682,12.68593,12.694642,517166.34
2004-02-04,TEX,11.936624,12.372267,11.348505,12.341772,5854562
2004-02-05,TEX,14.049493,15.221373,13.41781,14.158403,6104996
2004-02-06,TEX,14.158403,15.095037,13.80989,14.964343,2068435.9
2004-02-09,TEX,14.9687,14.986127,14.123551,14.641968,1584324.1
2004-02-10,TEX,14.594048,14.607116,14.302167,14.432859,1026528.1
2004-02-11,TEX,14.476423,15.5786,14.476423,15.521968,2544743
2004-02-12,TEX,15.417413,15.735432,15.3346405,15.600384,2050531.2
2004-02-13,TEX,15.5742445,15.5742445,15.177809,15.282364,637448.25
2004-02-17,TEX,15.195235,15.596026,14.8554325,15.465334,1517296.8
2004-02-18,TEX,15.465334,15.966324,15.312859,15.866124,1493424
2004-02-19,TEX,15.792066,15.900976,15.391274,15.600384,3012786.8
2004-02-20,TEX,15.700582,15.77464,15.077611,15.338997,1450269.4
2004-02-23,TEX,15.338997,15.465334,14.938206,15.020977,1055221.4
2004-02-24,TEX,15.129888,15.129888,14.550484,14.916424,1304737.5
2004-02-25,TEX,14.833651,15.02969,14.620186,15.0035515,1433742.1
2004-02-26,TEX,14.990482,15.156027,14.898997,15.060185,1524183.1
2004-02-27,TEX,14.511275,15.356422,14.511275,15.260581,1311623.9
2004-03-01,TEX,15.365136,15.975036,15.365136,15.905333,1485389.9
2004-03-02,TEX,15.900976,16.075235,15.835629,15.900976,997146.3
2004-03-03,TEX,15.879195,16.136225,15.835629,16.101372,974421.25
2004-03-04,TEX,16.075235,16.541372,16.075235,16.454245,1375208
2004-03-05,TEX,16.367115,16.645926,16.184145,16.227709,980159.94
2004-03-08,TEX,16.271273,16.388897,15.992461,16.158007,1207869.2
2004-03-09,TEX,16.20157,16.293056,15.630878,15.635234,748318.8
2004-03-10,TEX,15.6788,15.783353,15.025334,15.112462,1409180.8
2004-03-11,TEX,15.112462,15.670086,14.824938,15.269294,1238628.4
2004-03-12,TEX,15.378204,15.839987,15.373849,15.6875105,799048.4
2004-03-15,TEX,15.6875105,15.839987,15.291076,15.299788,636989.2
2004-03-16,TEX,15.3346405,15.613452,15.317215,15.495829,672339.2
2004-03-17,TEX,15.495829,15.596026,15.273651,15.434838,1181471.5
2004-03-18,TEX,15.42177,15.556818,15.325928,15.369492,895916.7
2004-03-19,TEX,15.45662,15.596026,15.291076,15.443552,872273.44
2004-03-22,TEX,15.443552,15.443552,14.877215,14.951274,861255.25
2004-03-23,TEX,14.964343,15.055829,14.833651,14.994838,1150941.9
2004-03-24,TEX,14.9687,14.9687,14.716026,14.7987995,1164714.6
2004-03-25,TEX,14.89464,15.177809,14.811869,15.138601,887423.5
2004-03-26,TEX,15.116819,15.561175,14.999195,15.382562,1243678.4
2004-03-29,TEX,15.535036,16.144938,15.535036,16.022957,893391.7
2004-03-30,TEX,16.027313,16.53266,16.014244,16.380184,967075.8
2004-03-31,TEX,16.33662,16.33662,15.796422,16.10573,751302.94
2004-04-01,TEX,16.101372,16.288698,16.101372,16.24949,569273.2
2004-04-02,TEX,16.33662,17.077213,16.33662,16.841967,1479880.8
2004-04-05,TEX,16.841967,16.942163,16.772263,16.902956,691850.56
2004-04-06,TEX,16.767908,16.929094,16.598005,16.698204,907393.94
2004-04-07,TEX,16.554441,16.641571,16.188501,16.506521,1156221.4
2004-04-08,TEX,16.61543,16.61543,16.15365,16.34969,802491.56
2004-04-12,TEX,16.323551,16.663353,16.227709,16.589294,1123166.9
2004-04-13,TEX,16.554441,16.589294,16.014244,16.271273,614493.7
2004-04-14,TEX,16.118797,16.271273,15.726719,15.922758,917953.06
2004-04-15,TEX,15.922758,15.970679,15.587313,15.704937,1039612.25
2004-04-16,TEX,15.835629,16.754837,15.82256,16.423748,1015739.5
2004-04-19,TEX,16.423748,16.719986,16.279985,16.584936,913362.1
2004-04-20,TEX,16.554441,16.772263,16.184145,16.184145,961107.6
2004-04-21,TEX,16.192858,16.423748,16.005531,16.423748,938841.7
2004-04-22,TEX,15.683155,16.56751,15.683155,16.070877,2477945.2
2004-04-23,TEX,16.162361,16.423748,15.883551,16.33662,1435119.4
2004-04-26,TEX,16.380184,16.432463,15.78771,15.796422,1421576.2
2004-04-27,TEX,15.604739,15.835629,15.465334,15.513254,1697490.1
2004-04-28,TEX,15.513254,15.513254,14.768305,14.829295,1490669.5
2004-04-29,TEX,14.768305,15.138601,14.419789,14.472068,1018034.94
2004-04-30,TEX,14.515631,14.585334,14.210681,14.310879,883521.2
2004-05-03,TEX,14.376225,14.781374,14.3195915,14.646324,1116051
2004-05-04,TEX,14.60276,14.898997,14.3195915,14.659394,963862.2
2004-05-05,TEX,14.702958,14.707314,14.254246,14.450284,1128676
2004-05-06,TEX,14.276028,14.293454,13.748899,14.241176,1167469.1
2004-05-07,TEX,14.1148405,14.197612,13.683553,13.818602,1193637.4
2004-05-10,TEX,13.61385,13.61385,12.816623,13.112861,1987635.8
2004-05-11,TEX,13.112861,13.282761,12.938603,13.243553,1599703.6
2004-05-12,TEX,13.243553,13.256622,12.62494,13.060583,1630003.6
2004-05-13,TEX,12.951672,13.152068,12.8253355,12.977811,1474371.8
2004-05-14,TEX,12.99088,13.112861,12.729494,12.829693,1258139.8
2004-05-17,TEX,12.80791,12.864544,12.459395,12.594444,954221.25
2004-05-18,TEX,12.768702,12.790484,12.48989,12.633653,1300605.6
2004-05-19,TEX,12.655435,13.047514,12.5290985,12.5857315,1533824
2004-05-20,TEX,12.611871,12.755633,12.468108,12.50296,818330.25
2004-05-21,TEX,12.50296,12.598802,12.250287,12.39405,1624724.1
2004-05-24,TEX,12.350485,12.485534,12.206722,12.2546425,1846465.2
2004-05-25,TEX,12.285138,12.768702,12.2546425,12.755633,3379141.5
2004-05-26,TEX,12.755633,12.764345,12.333058,12.520386,1436955.8
2004-05-27,TEX,12.546524,12.877613,12.537811,12.834048,2228429.2
2004-05-28,TEX,12.781772,12.916821,12.516028,12.847117,1333660.2
2004-06-01,TEX,12.838405,12.838405,12.407118,12.664147,2079454
2004-06-02,TEX,12.694642,13.025731,12.56395,12.847117,1362583
2004-06-03,TEX,12.790484,12.973454,12.633653,12.75999,1055221.4
2004-06-04,TEX,12.982167,13.047514,12.773058,12.986524,1244826
2004-06-07,TEX,13.069296,13.330682,13.051869,13.291474,775175.6
2004-06-08,TEX,13.243553,13.343751,13.069296,13.291474,928512.1
2004-06-09,TEX,13.287117,13.374247,13.012663,13.030087,1193866.9
2004-06-10,TEX,13.060583,13.199988,12.986524,13.117217,821543.9
2004-06-14,TEX,13.0083065,13.073652,12.651079,12.651079,876634.8
2004-06-15,TEX,12.720781,13.1564245,12.720781,13.1564245,844957.56
2004-06-16,TEX,13.1564245,13.548504,13.030087,13.435236,1637808.2
2004-06-17,TEX,13.504939,13.587711,13.208701,13.41781,1045350.9
2004-06-18,TEX,13.439592,13.822958,13.439592,13.757612,974421.25
2004-06-21,TEX,13.766325,13.788107,13.639988,13.67484,675782.4
2004-06-22,TEX,13.644344,13.653058,13.243553,13.570286,903032.56
2004-06-23,TEX,13.596424,13.962364,13.41781,13.923156,662927.8
2004-06-24,TEX,13.853454,14.598403,13.849097,14.5287,1763140.1
2004-06-25,TEX,14.485136,14.5287,14.367513,14.506918,1060960
2004-06-28,TEX,14.54177,14.572266,14.328304,14.398007,639055.06
2004-06-29,TEX,14.398007,14.676819,14.398007,14.554839,493523.16
2004-06-30,TEX,14.620186,14.920779,14.276028,14.868503,1229905.6
2004-07-01,TEX,14.868503,15.012264,14.811869,14.990482,1326544.2
2004-07-02,TEX,15.034046,15.034046,14.646324,14.707314,595211.9
2004-07-06,TEX,14.707314,14.707314,14.184543,14.594048,838989.4
2004-07-07,TEX,14.550484,14.66375,14.506918,14.598403,622757.4
2004-07-08,TEX,14.563552,14.563552,14.241176,14.376225,777930.2
2004-07-09,TEX,14.419789,14.589691,14.358799,14.524344,500868.6
2004-07-12,TEX,14.463354,14.4677105,14.193256,14.358799,511657.25
2004-07-13,TEX,14.376225,14.511275,14.28474,14.485136,356025.3
2004-07-14,TEX,14.450284,14.711671,14.363156,14.54177,549302.75
2004-07-15,TEX,14.524344,14.563552,14.380581,14.437215,524282.25
2004-07-16,TEX,14.437215,14.450284,14.2281065,14.241176,738907.44
2004-07-19,TEX,14.28474,14.28474,14.027711,14.079988,660173.3
2004-07-20,TEX,14.084345,14.363156,14.079988,14.350086,731102.9
2004-07-21,TEX,14.458997,14.515631,13.914444,13.923156,728118.8
2004-07-22,TEX,15.356422,16.205927,14.85979,16.009888,5521032
2004-07-23,TEX,16.005531,16.005531,15.513254,15.5742445,1573076.4
2004-07-26,TEX,15.5742445,15.892263,15.487115,15.5742445,1398621.6
2004-07-27,TEX,15.5742445,15.931472,15.5742445,15.879195,1165862.4
2004-07-28,TEX,15.900976,16.959589,15.805135,16.706917,2462795.2
2004-07-29,TEX,16.641571,17.11642,16.449886,16.968304,1291653.4
2004-07-30,TEX,16.946522,17.02058,16.820185,16.950876,927364.44
2004-08-02,TEX,16.907312,17.19048,16.811472,17.090282,1057746.4
2004-08-03,TEX,17.077213,17.207907,16.902956,16.902956,898900.75
2004-08-04,TEX,16.815826,16.815826,16.205927,16.554441,1001966.75
2004-08-05,TEX,16.554441,16.554441,15.900976,16.014244,1185832.9
2004-08-06,TEX,15.861769,15.861769,15.530681,15.639591,1770715.1
2004-08-09,TEX,15.600384,15.709294,15.465334,15.665729,1169994.1
2004-08-10,TEX,15.792066,16.432463,15.792066,16.362759,1116510
2004-08-11,TEX,16.253849,16.253849,15.818205,16.022957,1121330.5
2004-08-12,TEX,15.94454,15.94454,15.491472,15.587313,547236.8
2004-08-13,TEX,15.59167,15.731076,15.474047,15.643947,562386.8
2004-08-16,TEX,15.643947,16.009888,15.609097,15.922758,601409.6
2004-08-17,TEX,15.900976,16.33662,15.892263,16.293056,1298998.9
2004-08-18,TEX,16.271273,16.493452,16.10573,16.236422,1235644.2
2004-08-19,TEX,16.227709,16.362759,15.975036,16.210283,787341.56
2004-08-20,TEX,16.210283,16.554441,16.210283,16.380184,604852.8
2004-08-23,TEX,16.436817,16.672066,16.406322,16.436817,584423.25
2004-08-24,TEX,16.641571,16.71563,16.53266,16.611076,655123.25
2004-08-25,TEX,16.698204,16.950876,16.47167,16.916025,519461.8
2004-08-26,TEX,16.916025,16.916025,16.319193,16.554441,749696.06
2004-08-27,TEX,16.589294,16.680779,16.510878,16.598005,568125.5
2004-08-30,TEX,16.489094,16.663353,16.419392,16.515234,443941.28
2004-08-31,TEX,16.489094,16.593649,15.352067,15.739789,2180454
2004-09-01,TEX,15.735432,16.467312,15.731076,16.175432,1146810
2004-09-02,TEX,16.144938,16.680779,16.144938,16.61543,494900.4
2004-09-03,TEX,16.550085,16.780975,16.550085,16.61543,455648.12
2004-09-07,TEX,16.598005,17.0685,16.571867,16.977016,604164.1
2004-09-08,TEX,16.977016,17.090282,16.820185,16.916025,439120.8
2004-09-09,TEX,16.942163,17.120777,16.76355,17.072857,448073.1
2004-09-10,TEX,17.029293,17.21662,16.78969,17.194838,389998.06
2004-09-13,TEX,17.164343,17.38652,17.02058,17.125135,567895.94
2004-09-14,TEX,17.098995,17.242758,16.88553,17.20355,509132.25
2004-09-15,TEX,17.207907,17.295034,16.946522,17.277609,511427.72
2004-09-16,TEX,17.25147,17.5085,17.19048,17.373451,752680.2
2004-09-17,TEX,17.373451,17.586916,17.35167,17.44751,1415837.5
2004-09-20,TEX,17.425728,17.430084,17.077213,17.181767,811214.3
2004-09-21,TEX,17.207907,17.421371,17.151272,17.347311,690473.3
2004-09-22,TEX,17.316816,17.316816,16.846321,16.876818,573405
2004-09-23,TEX,16.902956,17.769886,16.859392,17.75246,1680962.8
2004-09-24,TEX,17.75246,17.904934,17.578203,17.682758,1720903.8
2004-09-27,TEX,17.656618,17.708897,17.538994,17.586916,934021.25
2004-09-28,TEX,17.595629,18.297014,17.512857,18.279589,2369140.8
2004-09-29,TEX,18.279589,19.076817,18.148895,19.041964,2542906.8
2004-09-30,TEX,19.037607,19.133448,18.763153,18.906916,1046269.06
2004-10-01,TEX,18.915627,19.028894,18.798004,18.994043,1048564.5
2004-10-04,TEX,19.089884,19.31642,18.793648,18.872063,1350876.1
2004-10-05,TEX,18.872063,19.081171,18.732658,19.081171,1264337.4
2004-10-06,TEX,19.081171,19.325132,18.972261,19.320776,1016887.25
2004-10-07,TEX,19.294638,19.294638,18.784935,18.872063,692768.75
2004-10-08,TEX,18.885132,19.020182,18.362362,18.414639,714116.5
2004-10-11,TEX,18.392857,18.549688,18.222956,18.392857,628036.9
2004-10-12,TEX,18.34929,18.689095,18.026917,18.654242,920707.6
2004-10-13,TEX,18.628103,18.649885,17.329885,17.621767,1376126.1
2004-10-14,TEX,17.621767,17.778599,17.356026,17.469292,998982.7
2004-10-15,TEX,17.512857,18.288301,17.451866,18.161964,1125691.9
2004-10-18,TEX,18.144539,18.236025,17.748104,18.16632,637677.8
2004-10-19,TEX,18.297014,18.54533,17.456223,17.53464,1086669.1
2004-10-20,TEX,17.53464,17.639194,17.242758,17.512857,992096.3
2004-10-21,TEX,17.556421,18.079193,17.186125,17.913649,1345596.6
2004-10-22,TEX,17.870085,17.922361,17.443153,17.599985,838759.8
2004-10-25,TEX,17.578203,17.791668,17.486717,17.634836,656271
2004-10-26,TEX,17.700184,17.796024,17.347311,17.403946,1240005.6
2004-10-27,TEX,17.382164,17.756817,17.229689,17.512857,1469551.2
2004-10-28,TEX,16.968304,16.972658,14.245533,16.293056,9449247
2004-10-29,TEX,16.293056,16.554441,16.057808,16.554441,1962156.2
2004-11-01,TEX,16.554441,16.802757,16.502165,16.61543,1282242
2004-11-02,TEX,16.61543,17.286322,16.61543,16.968304,1907753.9
2004-11-03,TEX,17.199194,17.926718,17.199194,17.822163,1728019.6
2004-11-04,TEX,17.735035,18.031271,17.591272,17.86137,1180782.9
2004-11-05,TEX,17.86137,18.122757,17.708897,17.865726,656730.1
2004-11-08,TEX,17.870085,17.93543,17.639194,17.66969,1036857.7
2004-11-09,TEX,17.66969,18.209885,17.329885,18.122757,1937824.4
2004-11-10,TEX,18.122757,18.209885,17.81345,17.992064,957434.9
2004-11-11,TEX,17.970282,18.24038,17.761173,18.218597,827971.1
2004-11-12,TEX,18.209885,18.310083,17.918005,18.209885,731102.9
2004-11-15,TEX,18.227312,18.71523,18.227312,18.506123,642039.2
2004-11-16,TEX,18.427708,18.48434,18.087906,18.323153,580520.94
2004-11-17,TEX,18.35365,19.098598,18.340578,19.024538,1107557.8
2004-11-18,TEX,19.1683,19.298994,18.737013,19.211864,1019641.75
2004-11-19,TEX,19.211864,19.211864,18.466915,18.575825,647089.2
2004-11-22,TEX,18.684736,19.342558,18.649885,19.338202,817871.1
2004-11-23,TEX,19.390478,19.68236,19.211864,19.673647,1544383.1
2004-11-24,TEX,19.6083,19.799984,19.521172,19.66929,696671.06
2004-11-26,TEX,19.686716,19.821766,19.686716,19.725924,129922.836
2004-11-29,TEX,19.778202,19.799984,19.416616,19.699785,535530
2004-11-30,TEX,19.699785,20.196419,19.603943,19.969885,1259517
2004-12-01,TEX,20.004734,20.540577,20.004734,20.540577,907393.94
2004-12-02,TEX,20.409883,20.409883,20.057013,20.118004,926446.25
2004-12-03,TEX,20.104935,20.126717,19.908894,20.030874,732021.06
2004-12-06,TEX,20.065725,20.070082,19.686716,19.691072,850925.75
2004-12-07,TEX,19.712854,19.821766,19.477608,19.569092,598884.6
2004-12-08,TEX,19.564735,19.569092,19.342558,19.53424,564223.2
2004-12-09,TEX,19.508102,19.56038,19.277212,19.56038,827512.06
2004-12-10,TEX,19.56038,19.97424,19.447111,19.904537,518773.16
2004-12-13,TEX,19.81741,20.087507,19.442757,20.08315,726512
2004-12-14,TEX,19.97424,20.131071,19.625725,19.908894,701491.5
2004-12-15,TEX,19.908894,20.248695,19.90018,20.248695,607607.3
2004-12-16,TEX,20.222557,20.327112,19.93939,20.039587,751762
2004-12-17,TEX,19.930676,20.239983,19.882755,20.126717,843809.8
2004-12-20,TEX,20.157211,20.40117,19.830479,20.052656,394588.97
2004-12-21,TEX,20.043943,20.392458,19.96117,20.27919,428332.2
2004-12-22,TEX,20.196419,20.396814,19.991667,20.070082,627577.8
2004-12-23,TEX,20.126717,20.152853,19.778202,19.908894,521527.72
2004-12-27,TEX,20.052656,20.213844,19.738995,19.786913,432234.47
2004-12-28,TEX,19.860973,20.801962,19.860973,20.706121,1053155.4
2004-12-29,TEX,20.701765,20.701765,20.327112,20.45345,894539.4
2004-12-30,TEX,20.497011,20.701765,20.40117,20.653843,388620.78
2004-12-31,TEX,20.910873,21.01107,20.697407,20.758398,626889.2
2005-01-03,TEX,21.041567,21.202753,19.778202,19.943745,1784717.4
2005-01-04,TEX,20.17028,20.239983,19.08553,19.46018,1458303.5
2005-01-05,TEX,19.56038,19.799984,19.298994,19.320776,1657778.6
2005-01-06,TEX,19.603943,19.66929,19.508102,19.53424,1782422
2005-01-07,TEX,19.53424,19.538597,19.31642,19.31642,879848.5
2005-01-10,TEX,19.29028,19.573448,19.238003,19.238003,1289587.5
2005-01-11,TEX,19.272856,19.495033,18.845924,19.159588,1350646.6
2005-01-12,TEX,19.207508,19.342558,18.91127,19.198795,840366.6
2005-01-13,TEX,19.124737,19.377409,18.915627,19.028894,722609.7
2005-01-14,TEX,19.028894,19.420975,18.91127,19.390478,1000359.94
2005-01-18,TEX,19.390478,19.525528,19.163944,19.264143,885816.7
2005-01-19,TEX,19.177013,19.320776,19.002756,19.129093,882373.5
2005-01-20,TEX,19.133448,19.133448,18.806717,18.819786,706541.5
2005-01-21,TEX,18.837212,18.946123,18.48434,18.68038,728807.44
2005-01-24,TEX,18.671667,18.858994,18.366716,18.392857,692309.7
2005-01-25,TEX,17.978994,18.845924,17.978994,18.527905,620002.8
2005-01-26,TEX,18.5584,18.967905,18.5584,18.841568,606689.1
2005-01-27,TEX,18.689095,18.750084,18.03563,18.5584,765764.3
2005-01-28,TEX,18.5584,18.684736,18.340578,18.471272,567207.3
2005-01-31,TEX,18.732658,18.80236,18.462559,18.754438,922084.9
2005-02-01,TEX,18.732658,18.819786,18.58454,18.676023,760255.2
2005-02-02,TEX,18.297014,18.297014,16.39761,17.356026,11488301
2005-02-03,TEX,17.626123,17.774242,17.290678,17.652262,2680863.8
2005-02-04,TEX,17.695826,17.86137,17.538994,17.586916,946416.7
2005-02-07,TEX,17.621767,17.878798,17.604342,17.865726,1131660
2005-02-08,TEX,17.86137,18.114044,17.687113,18.074837,1212460.1
2005-02-09,TEX,18.1184,18.297014,18.013845,18.20553,1483094.4
2005-02-10,TEX,18.24038,18.344934,17.878798,18.175035,1321264.8
2005-02-11,TEX,18.087906,18.135826,17.730679,18.122757,742350.6
2005-02-14,TEX,18.079193,18.100975,17.835232,18.079193,980848.56
2005-02-15,TEX,17.974638,18.048698,17.76553,17.83959,1418821.6
2005-02-16,TEX,17.843945,18.384144,17.621767,18.227312,979241.75
2005-02-17,TEX,18.16632,18.340578,17.913649,18.079193,666600.56
2005-02-18,TEX,18.122757,18.144539,17.774242,18.03563,738677.9
2005-02-22,TEX,17.970282,17.974638,17.5085,17.778599,858500.75
2005-02-23,TEX,17.817808,18.153252,17.804737,18.079193,951007.6
2005-02-24,TEX,18.079193,19.116024,17.926718,18.906916,2133397.2
2005-02-25,TEX,19.25543,19.887112,19.142162,19.860973,2052826.8
2005-02-28,TEX,20.039587,20.126717,19.564735,19.691072,1350417
2005-03-01,TEX,19.647507,20.013449,19.551666,19.96117,1032266.8
2005-03-02,TEX,19.808697,19.85226,19.577805,19.71721,793998.4
2005-03-03,TEX,19.843548,20.388102,19.778202,20.17028,1397014.9
2005-03-04,TEX,20.235626,21.272457,19.996023,21.202753,2671452.2
2005-03-07,TEX,21.106913,21.350872,21.006716,21.128695,1619215
2005-03-08,TEX,21.13305,21.172258,20.806318,21.041567,1080930.5
2005-03-09,TEX,21.03721,21.089487,20.649488,20.745329,951925.8
2005-03-10,TEX,20.736616,20.784536,20.35325,20.475231,1029741.75
2005-03-11,TEX,20.370676,20.736616,20.283548,20.627705,715034.7
2005-03-14,TEX,20.562359,20.801962,20.558002,20.640776,487325.4
2005-03-15,TEX,20.58414,21.03721,20.510082,20.693052,891325.75
2005-03-16,TEX,20.627705,20.841171,20.562359,20.653843,824068.9
2005-03-17,TEX,20.727903,20.78018,20.444735,20.59721,614264.1
2005-03-18,TEX,20.788895,20.801962,20.444735,20.588497,1240235.1
2005-03-21,TEX,20.588497,20.649488,20.375032,20.510082,544482.25
2005-03-22,TEX,20.492657,20.693052,20.427309,20.479586,853221.2
2005-03-23,TEX,20.322756,20.427309,19.996023,19.996023,1448203.5
2005-03-24,TEX,20.104935,20.257408,20.013449,20.061369,553664.1
2005-03-28,TEX,20.148499,20.165924,19.891468,19.908894,949859.9
2005-03-29,TEX,19.821766,19.969885,18.641172,18.750084,1656171.9
2005-03-30,TEX,18.750084,18.963549,18.676023,18.741371,1473453.5
2005-03-31,TEX,18.763153,19.068104,18.697805,18.86335,783668.9
2005-04-01,TEX,18.928698,19.102953,18.519192,18.610678,1115591.9
2005-04-04,TEX,18.61939,18.662954,18.379786,18.527905,928512.1
2005-04-05,TEX,18.471272,18.723944,18.445133,18.649885,470798.12
2005-04-06,TEX,18.658598,19.081171,18.658598,18.732658,544711.8
2005-04-07,TEX,18.732658,19.015825,18.606321,18.933052,575700.5
2005-04-08,TEX,18.95048,18.954834,18.427708,18.519192,608066.44
2005-04-11,TEX,18.523548,18.606321,18.109688,18.222956,578914.1
2005-04-12,TEX,18.122757,18.789291,18.031271,18.71959,966157.6
2005-04-13,TEX,18.645529,18.654242,17.61741,17.730679,1001278.1
2005-04-14,TEX,17.66533,17.66533,16.75048,16.828897,1697490.1
2005-04-15,TEX,16.833252,17.003153,16.131866,16.293056,1755335.6
2005-04-18,TEX,16.340975,16.70256,15.940185,16.314838,1479421.8
2005-04-19,TEX,16.61979,17.029293,16.476025,16.876818,1383930.8
2005-04-20,TEX,17.643549,18.087906,17.090282,17.146917,1518444.5
2005-04-21,TEX,17.469292,17.643549,16.937807,17.5085,1180323.8
2005-04-22,TEX,17.425728,17.469292,17.011866,17.39959,991178.1
2005-04-25,TEX,17.425728,17.639194,17.072857,17.36038,671650.56
2005-04-26,TEX,17.36038,17.36038,16.794044,16.868105,539202.75
2005-04-27,TEX,16.83761,16.98137,16.428104,16.794044,634464.2
2005-04-28,TEX,16.83761,17.016224,16.371471,16.371471,698507.44
2005-04-29,TEX,16.375828,16.576223,15.818205,16.284344,1458762.6
2005-05-02,TEX,16.293056,16.632858,16.293056,16.632858,536677.75
2005-05-03,TEX,16.641571,16.916025,15.948897,16.088303,733857.44
2005-05-04,TEX,16.10573,16.820185,16.10573,16.815826,695982.44
2005-05-05,TEX,16.737411,17.08157,16.611076,16.706917,804787.06
2005-05-06,TEX,16.794044,16.815826,16.358402,16.528303,589243.7
2005-05-09,TEX,16.537016,16.802757,16.380184,16.728699,439809.47
2005-05-10,TEX,16.61979,16.75048,16.528303,16.61979,655352.8
2005-05-11,TEX,17.011866,17.338598,16.371471,16.637213,1987176.6
2005-05-12,TEX,16.637213,16.663353,15.905333,16.001175,936316.7
2005-05-13,TEX,15.992461,16.162361,15.613452,15.818205,539202.75
2005-05-16,TEX,15.796422,16.053452,15.748502,15.896621,569273.2
2005-05-17,TEX,15.796422,16.070877,15.630878,15.90969,805246.1
2005-05-18,TEX,16.075235,16.58058,16.075235,16.476025,1014362.25
2005-05-19,TEX,16.454245,16.61543,16.401966,16.550085,827741.6
2005-05-20,TEX,16.554441,16.554441,16.118797,16.232065,519002.72
2005-05-23,TEX,16.232065,16.576223,16.205927,16.462957,1008623.56
2005-05-24,TEX,16.375828,16.432463,16.144938,16.362759,561009.56
2005-05-25,TEX,16.367115,16.380184,16.040382,16.070877,614264.1
2005-05-26,TEX,16.131866,16.493452,16.131866,16.47167,663846
2005-05-27,TEX,16.493452,16.554441,16.293056,16.38454,309657.1
2005-05-31,TEX,16.314838,17.21662,16.24949,17.21662,995539.5
2005-06-01,TEX,17.9485,19.163944,17.9485,18.80236,2934282
2005-06-02,TEX,18.828499,18.832855,18.148895,18.209885,1145203.2
2005-06-03,TEX,18.079193,18.597607,17.970282,18.127113,1037087.25
2005-06-06,TEX,17.425728,17.86137,17.207907,17.643549,2173338.2
2005-06-07,TEX,17.66969,18.283945,17.66969,18.105331,1243219.2
2005-06-08,TEX,18.100975,18.17939,17.826519,17.90058,879848.5
2005-06-09,TEX,17.9485,18.310083,17.88751,18.222956,603475.5
2005-06-10,TEX,18.209885,18.501766,18.122757,18.405926,875257.56
2005-06-13,TEX,18.318796,18.649885,18.218597,18.501766,884209.8
2005-06-14,TEX,18.432064,18.432064,17.93543,18.005135,811673.44
2005-06-15,TEX,18.07048,18.16632,17.608698,18.079193,731562
2005-06-16,TEX,18.013845,18.236025,17.878798,18.231667,672798.3
2005-06-17,TEX,18.371073,18.44949,18.109688,18.31444,872732.56
2005-06-20,TEX,18.31444,18.31444,18.000776,18.19246,501327.7
2005-06-21,TEX,18.209885,18.44949,18.16632,18.375431,879618.94
2005-06-22,TEX,18.384144,18.488697,18.092262,18.297014,701491.5
2005-06-23,TEX,18.24038,18.24038,17.464935,17.525925,1030659.94
2005-06-24,TEX,17.53464,17.787312,17.30375,17.674044,3604096.2
2005-06-27,TEX,17.656618,17.75246,17.290678,17.482363,853450.75
2005-06-28,TEX,17.46058,17.63048,17.369093,17.552065,759107.44
2005-06-29,TEX,17.469292,17.682758,17.342957,17.491076,656959.6
2005-06-30,TEX,17.543352,17.621767,17.085926,17.164343,925298.5
2005-07-01,TEX,17.273252,17.586916,17.273252,17.58256,723757.44
2005-07-05,TEX,17.586916,17.778599,17.338598,17.75246,455418.56
2005-07-06,TEX,17.75246,17.87444,17.578203,17.687113,574552.75
2005-07-07,TEX,17.599985,17.626123,17.046719,17.338598,1182619.1
2005-07-08,TEX,17.382164,18.03563,17.334244,17.748104,978323.56
2005-07-11,TEX,17.748104,18.31444,17.748104,18.24038,828430.25
2005-07-12,TEX,18.275232,18.297014,18.127113,18.227312,478832.22
2005-07-13,TEX,18.209885,18.562757,18.026917,18.057411,627348.25
2005-07-14,TEX,18.079193,18.305727,17.86137,18.079193,981078.1
2005-07-15,TEX,18.122757,18.397211,18.087906,18.366716,475618.6
2005-07-18,TEX,18.305727,18.80236,18.305727,18.66731,1580880.9
2005-07-19,TEX,18.77622,19.281567,18.750084,19.268497,709066.5
2005-07-20,TEX,19.22929,19.799984,19.063745,19.765131,976946.25
2005-07-21,TEX,19.804338,19.843548,19.177013,19.35127,516018.62
2005-07-22,TEX,19.438398,19.603943,19.102953,19.59523,717789.25
2005-07-25,TEX,19.59523,19.782557,19.338202,19.338202,363141.22
2005-07-26,TEX,19.329489,19.338202,19.220577,19.272856,295425.25
2005-07-27,TEX,19.272856,19.272856,18.806717,19.015825,982684.94
2005-07-28,TEX,19.015825,19.56038,18.91127,19.538597,1037087.25
2005-07-29,TEX,19.843548,21.093843,19.821766,21.093843,3619246.2
2005-08-01,TEX,22.496614,22.762358,22.169882,22.217804,13641439
2005-08-02,TEX,22.261366,22.348495,22.056616,22.17424,3254268.8
2005-08-03,TEX,22.20909,22.213448,21.812654,22.07404,2941168.5
2005-08-04,TEX,22.653446,22.662159,21.78216,22.217804,5421638.5
2005-08-05,TEX,22.23523,22.631664,22.026121,22.479189,2507786.2
2005-08-08,TEX,22.50097,22.705723,22.156813,22.213448,1599474.1
2005-08-09,TEX,22.322357,22.322357,21.83008,22.13503,2258958.8
2005-08-10,TEX,22.243942,22.740576,22.239584,22.631664,1734446.9
2005-08-11,TEX,22.6883,22.6883,22.226517,22.396416,1059123.6
2005-08-12,TEX,22.396416,22.426912,21.99998,22.296219,846793.9
2005-08-15,TEX,22.296219,22.387703,21.834436,22.152456,931496.25
2005-08-16,TEX,21.673248,21.681963,21.237606,21.55127,1979372.1
2005-08-17,TEX,21.433645,21.438002,20.758398,21.067705,1388751.1
2005-08-18,TEX,21.067705,21.072062,20.518793,20.906517,1061878.1
2005-08-19,TEX,20.932655,21.285526,20.73226,21.22018,688177.9
2005-08-22,TEX,21.368298,21.538198,20.640776,20.998003,952844
2005-08-23,TEX,20.998003,20.998003,20.492657,20.73226,998523.56
2005-08-24,TEX,20.693052,20.693052,20.344538,20.479586,815805.25
2005-08-25,TEX,20.475231,20.6582,20.148499,20.540577,1082537.2
2005-08-26,TEX,20.562359,20.714834,20.388102,20.479586,739137
2005-08-29,TEX,20.479586,20.727903,20.431667,20.58414,786423.4
2005-08-30,TEX,20.039587,20.27919,19.882755,20.118004,1349039.8
2005-08-31,TEX,20.17028,21.294239,20.139784,21.250675,1301523.9
2005-09-01,TEX,21.385725,21.825724,21.02414,21.381369,1279717
2005-09-02,TEX,21.468496,21.55127,20.937012,21.106913,711591.5
2005-09-06,TEX,21.302954,21.302954,20.884735,21.12434,1434660.2
2005-09-07,TEX,21.167904,21.172258,20.932655,21.076418,1573765
2005-09-08,TEX,21.076418,21.115625,20.889091,20.998003,1084373.6
2005-09-09,TEX,21.346516,21.886715,21.128695,21.86929,1646990
2005-09-12,TEX,21.956417,22.64909,21.78216,22.383348,2236004.2
2005-09-13,TEX,22.17424,22.392061,21.760378,22.196022,1187898.8
2005-09-14,TEX,22.143744,22.191664,21.812654,21.925922,519920.9
2005-09-15,TEX,21.891071,21.956417,21.259388,21.673248,940219
2005-09-16,TEX,21.760378,22.08711,21.651466,21.960773,730184.7
2005-09-19,TEX,22.08711,22.178595,21.99998,22.043545,982914.44
2005-09-20,TEX,22.008694,22.043545,21.573051,21.651466,794916.56
2005-09-21,TEX,21.607903,21.73424,21.237606,21.542557,735923.4
2005-09-22,TEX,21.542557,21.546911,20.832457,21.058992,1959860.8
2005-09-23,TEX,21.054636,21.054636,20.292261,20.91523,812362.06
2005-09-26,TEX,20.910873,21.03721,20.388102,20.64513,1225773.8
2005-09-27,TEX,20.627705,20.649488,20.388102,20.59721,1082078.1
2005-09-28,TEX,20.562359,20.562359,20.070082,20.318398,1023314.5
2005-09-29,TEX,20.248695,20.6582,19.917608,20.59721,1290505.6
2005-09-30,TEX,20.59721,21.668894,20.59721,21.533844,1239776
2005-10-03,TEX,21.934635,23.049881,21.934635,22.792852,3439512
2005-10-04,TEX,22.653446,23.424536,22.561962,22.814634,2276863.2
2005-10-05,TEX,22.797209,22.797209,22.130674,22.23523,749466.56
2005-10-06,TEX,22.23523,22.23523,21.368298,21.708101,1335955.6
2005-10-07,TEX,21.956417,22.169882,21.803942,21.91721,856664.4
2005-10-10,TEX,21.956417,21.99998,21.69503,21.76909,1294178.4
2005-10-11,TEX,21.878002,22.047903,21.472853,21.83008,1249417
2005-10-12,TEX,22.762358,22.827703,21.590477,21.878002,2696013.8
2005-10-13,TEX,21.629684,22.200377,21.433645,22.091467,2313131.5
2005-10-14,TEX,22.130674,22.662159,22.026121,22.631664,966157.6
2005-10-17,TEX,22.89305,23.067308,22.657803,23.045527,1021707.7
2005-10-18,TEX,23.049881,23.11087,22.762358,22.958397,1094014.5
2005-10-19,TEX,22.849485,23.293842,22.63602,23.193644,1205114.6
2005-10-20,TEX,23.132652,23.263348,22.57503,22.823347,856664.4
2005-10-21,TEX,22.435625,22.43998,21.39008,21.908497,2978125.2
2005-10-24,TEX,22.008694,23.080376,22.008694,22.96711,998753.1
2005-10-25,TEX,22.96711,22.96711,22.239584,22.496614,1103655.5
2005-10-26,TEX,22.566317,23.420177,22.339783,22.932257,1255155.6
2005-10-27,TEX,22.932257,23.089088,21.725525,21.891071,1034103.1
2005-10-28,TEX,23.00196,23.411467,22.727505,22.727505,3055023
2005-10-31,TEX,23.189287,23.999584,23.00196,23.947308,2009901.8
2005-11-01,TEX,23.947308,24.50493,23.759981,24.287107,1651351.4
2005-11-02,TEX,24.30889,24.396019,24.056217,24.252256,1416985.2
2005-11-03,TEX,24.252256,24.609486,24.030079,24.030079,853680.25
2005-11-04,TEX,24.030079,24.11285,23.594435,23.94295,996457.7
2005-11-07,TEX,23.94295,24.592058,23.925524,24.269682,907623.5
2005-11-08,TEX,24.178198,24.805523,23.925524,24.400375,714346.06
2005-11-09,TEX,24.36988,24.91879,24.021366,24.435226,819248.44
2005-11-10,TEX,24.396019,24.683544,24.030079,24.500574,520380
2005-11-11,TEX,24.500574,24.500574,24.095427,24.413445,355336.66
2005-11-14,TEX,24.522356,24.866514,24.496216,24.809881,505459.53
2005-11-15,TEX,24.70097,24.805523,24.365524,24.400375,1203737.4
2005-11-16,TEX,24.30889,25.140968,24.252256,25.10176,782750.7
2005-11-17,TEX,25.106117,25.89463,24.740177,25.720375,2369829.2
2005-11-18,TEX,25.720375,25.916414,25.319582,25.81186,1381864.8
2005-11-21,TEX,25.672453,26.182156,25.515621,26.05582,820166.6
2005-11-22,TEX,25.716017,26.565521,25.594038,26.443542,827053
2005-11-23,TEX,26.352058,26.574234,26.138592,26.269285,439579.9
2005-11-25,TEX,26.269285,26.97067,26.182156,26.752848,453582.2
2005-11-28,TEX,26.670076,26.670076,25.589682,25.877207,1204655.6
2005-11-29,TEX,26.090672,26.508888,25.855423,25.855423,1348580.6
2005-11-30,TEX,25.903343,26.914036,25.903343,26.844334,1062566.8
2005-12-01,TEX,26.953243,27.184135,26.587303,26.988096,776093.8
2005-12-02,TEX,26.992453,27.009878,26.635225,26.874828,426495.8
2005-12-05,TEX,26.870472,26.93582,26.670076,26.900967,405836.72
2005-12-06,TEX,26.957602,27.149284,26.513245,26.883541,843809.8
2005-12-07,TEX,26.966314,26.966314,26.230076,26.456612,449679.94
2005-12-08,TEX,26.530672,26.735422,25.70295,26.090672,744416.56
2005-12-09,TEX,26.138592,26.500175,25.986116,26.474037,444400.38
2005-12-12,TEX,26.561167,26.596016,26.15166,26.356413,316543.44
2005-12-13,TEX,26.308493,27.197205,26.047108,27.15364,767830.2
2005-12-14,TEX,27.097008,27.15364,26.622156,26.765917,479979.94
2005-12-15,TEX,26.805126,26.813839,26.21265,26.57859,309886.62
2005-12-16,TEX,26.704927,26.704927,26.051462,26.308493,568814.1
2005-12-19,TEX,26.256216,26.282354,25.328295,25.511267,987046.3
2005-12-20,TEX,25.450275,26.077602,25.406712,25.96869,643416.44
2005-12-21,TEX,26.138592,26.552454,25.541761,25.868494,725823.3
2005-12-22,TEX,25.855423,26.312849,25.768295,26.138592,403541.25
2005-12-23,TEX,26.125523,26.247503,25.898989,26.138592,160681.95
2005-12-27,TEX,26.138592,26.160374,25.389284,25.389284,371634.4
2005-12-28,TEX,25.463345,25.881561,25.411068,25.794434,442104.9
2005-12-29,TEX,25.72473,25.912058,25.61582,25.685522,241711.56
2005-12-30,TEX,25.61582,25.929483,24.984137,25.877207,601639.1
2006-01-03,TEX,26.077602,26.60473,25.768295,26.504532,1062107.8
2006-01-04,TEX,26.452255,26.8879,26.169086,26.792057,533234.56
2006-01-05,TEX,26.857403,27.009878,26.42176,26.71364,476766.3
2006-01-06,TEX,26.813839,27.711264,26.683146,27.624134,1248728.4
2006-01-09,TEX,27.61978,27.8376,27.380175,27.406313,1071519.1
2006-01-10,TEX,27.2277,27.780968,27.097008,27.611067,997375.8
2006-01-11,TEX,27.663343,27.663343,27.009878,27.42374,1015509.94
2006-01-12,TEX,27.419382,27.61978,27.288689,27.41067,638596
2006-01-13,TEX,27.401958,27.449877,27.053442,27.240768,463223.12
2006-01-17,TEX,26.7877,27.236412,26.269285,27.16671,1442005.8
2006-01-18,TEX,26.83562,27.2277,26.700571,27.10572,1014591.75
2006-01-19,TEX,27.184135,28.225323,27.101362,28.12948,1036398.6
2006-01-20,TEX,28.042355,28.560766,27.815817,28.242748,1791603.8
2006-01-23,TEX,28.242748,28.547699,28.112055,28.456213,691161.94
2006-01-24,TEX,28.491066,29.47562,28.451857,29.100967,949400.8
2006-01-25,TEX,29.061758,29.662943,28.77859,29.48869,1710803.8
2006-01-26,TEX,29.819775,30.416607,29.401558,30.281559,1359828.4
2006-01-27,TEX,29.667301,30.752052,29.667301,30.625717,1357992
2006-01-30,TEX,30.47324,30.847893,30.316408,30.80433,1283848.9
2006-01-31,TEX,30.582151,30.908884,30.43839,30.712845,671421
2006-02-01,TEX,30.712845,32.228886,30.704134,31.801952,1722740.1
2006-02-02,TEX,31.910864,32.15047,31.553637,31.571062,1721362.9
2006-02-03,TEX,31.483932,31.80631,30.84354,31.375021,1416985.2
2006-02-06,TEX,31.322746,31.771458,31.19641,31.65819,831184.8
2006-02-07,TEX,31.662548,31.984922,31.170273,31.370668,1431217.1
2006-02-08,TEX,31.36631,31.36631,30.17265,30.68235,1368321.6
2006-02-09,TEX,30.68235,31.492647,30.251064,30.407896,1139005.5
2006-02-10,TEX,30.351261,31.022152,29.72829,30.664925,1102507.8
2006-02-13,TEX,30.664925,30.74334,29.850271,29.985321,922084.9
2006-02-14,TEX,29.933044,31.231262,29.628096,31.035221,875716.6
2006-02-15,TEX,30.930668,32.115616,30.92631,31.984922,811902.94
2006-02-16,TEX,32.420567,33.98017,32.39007,33.313637,2719197.8
2006-02-17,TEX,33.29185,33.731853,33.060963,33.583733,1481487.6
2006-02-21,TEX,33.67522,34.28512,33.413834,33.779774,1479880.8
2006-02-22,TEX,33.98017,34.280766,33.76235,34.093437,754287
2006-02-23,TEX,34.167496,34.367893,33.81027,34.27205,575011.9
2006-02-24,TEX,34.3069,34.507298,34.154427,34.415813,1103196.4
2006-02-27,TEX,34.415813,34.803535,34.346107,34.54215,895228
2006-02-28,TEX,34.54215,34.633633,33.805912,34.48116,704475.6
2006-03-01,TEX,34.546505,35.570267,34.44195,35.29146,827512.06
2006-03-02,TEX,35.29146,35.561554,34.472446,34.960365,1082766.9
2006-03-03,TEX,34.960365,34.99522,34.346107,34.629276,746941.56
2006-03-06,TEX,34.690266,34.794823,33.570663,34.058586,846334.8
2006-03-07,TEX,33.993237,34.154427,32.377003,33.17859,884439.4
2006-03-08,TEX,32.76037,33.056606,31.348885,32.237595,1351564.8
2006-03-09,TEX,32.36829,32.921555,32.11126,32.494625,1201441.9
2006-03-10,TEX,29.95047,30.62136,29.25344,30.495024,6483287.5
2006-03-13,TEX,30.538588,31.209478,29.95047,30.92631,1375208
2006-03-14,TEX,30.84354,32.12433,30.84354,31.788885,1357073.9
2006-03-15,TEX,31.919575,32.55126,31.910864,32.39007,1759697
2006-03-16,TEX,32.477203,32.67324,32.141754,32.39007,1123166.9
2006-03-17,TEX,32.39007,32.87799,32.237595,32.66017,1153237.4
2006-03-20,TEX,32.73423,33.348488,32.66017,33.043537,934480.3
2006-03-21,TEX,32.934624,33.104527,32.12433,32.250664,1346744.4
2006-03-22,TEX,31.993637,32.938984,31.993637,32.677597,898671.2
2006-03-23,TEX,32.590466,33.034824,32.263733,32.68195,632627.8
2006-03-24,TEX,32.68631,32.986904,32.424923,32.634033,473093.6
2006-03-27,TEX,32.89106,33.744923,32.725517,33.470467,1067616.8
2006-03-28,TEX,34.110863,34.75997,33.8669,34.19799,1711262.8
2006-03-29,TEX,33.98888,34.629276,33.622944,34.267696,935628.06
2006-03-30,TEX,34.450665,34.751255,34.12393,34.50294,883750.75
2006-03-31,TEX,34.50294,34.851456,34.328686,34.520367,1576290
2006-04-03,TEX,36.354424,38.001156,36.062542,37.670067,4759629
2006-04-04,TEX,37.857395,38.014225,36.53304,37.77898,2861286.5
2006-04-05,TEX,37.77898,37.77898,37.138584,37.465317,1972944.9
2006-04-06,TEX,37.456604,37.83561,36.790066,37.02967,1431905.8
2006-04-07,TEX,37.03403,37.31284,36.306503,36.903336,1171601
2006-04-10,TEX,36.925117,37.02967,36.319576,36.498188,1171830.5
2006-04-11,TEX,36.389275,36.659374,35.483135,35.80116,1584324.1
2006-04-12,TEX,35.84908,36.476406,35.809868,36.110466,778159.75
2006-04-13,TEX,35.940563,36.4067,35.66175,36.132248,677618.75
2006-04-17,TEX,36.02769,36.846703,36.02769,36.729076,917723.5
2006-04-18,TEX,36.964325,38.737392,36.964325,38.415016,2584913.5
2006-04-19,TEX,38.467297,39.207886,38.454224,39.077194,1315985.2
2006-04-20,TEX,39.055412,39.055412,37.992443,38.493435,589702.75
2006-04-21,TEX,38.663334,39.02056,38.136208,38.489075,958812.2
2006-04-24,TEX,38.624126,38.74175,37.84868,38.358383,603475.5
2006-04-25,TEX,38.358383,38.38452,37.177788,37.67878,991178.1
2006-04-26,TEX,37.90096,38.79403,37.90096,38.45858,994391.75
2006-04-27,TEX,38.03165,38.036007,36.08868,36.354424,1916017.5
2006-04-28,TEX,37.574226,38.763535,37.574226,37.70492,2430429.2
2006-05-01,TEX,38.140564,39.312443,38.140564,38.641552,1945399.4
2006-05-02,TEX,39.077194,39.1164,38.641552,38.767887,1244826
2006-05-03,TEX,38.767887,39.761154,38.3366,39.52591,1158287.4
2006-05-04,TEX,39.613037,41.56036,39.556404,41.13343,2382913.5
2006-05-05,TEX,42.25739,44.93224,41.73897,44.352833,4406128.5
2006-05-08,TEX,44.352833,44.352833,42.436005,43.729862,2222231.5
2006-05-09,TEX,43.62531,44.68828,43.62531,44.191647,832791.6
2006-05-10,TEX,44.017387,44.28313,43.085114,43.681942,1256762.4
2006-05-11,TEX,43.99996,44.86689,42.967487,43.05026,1202819.2
2006-05-12,TEX,42.9762,42.9762,41.13343,41.778183,1622887.8
2006-05-15,TEX,40.950462,40.95482,39.098976,39.260166,3180584.5
2006-05-16,TEX,38.401947,40.4364,38.340958,39.80036,2053285.9
2006-05-17,TEX,39.80036,40.253433,37.64393,37.792046,2820657
2006-05-18,TEX,38.053432,39.69581,38.053432,38.179768,2021379
2006-05-19,TEX,38.3366,38.602345,35.818584,36.750862,3171861.8
2006-05-22,TEX,36.750862,36.785713,34.855812,36.454624,2532577.2
2006-05-23,TEX,37.31284,39.03363,37.31284,37.944523,2390488.5
2006-05-24,TEX,37.639572,39.024918,36.702938,38.28868,2654236.2
2006-05-25,TEX,38.85937,38.942146,37.722343,38.820164,2398752
2006-05-26,TEX,38.990067,40.079174,38.990067,39.796005,1162419.1
2006-05-30,TEX,39.796005,39.94848,38.815807,39.199177,2291095
2006-05-31,TEX,39.199177,40.240364,38.872444,39.86135,5695257
2006-06-01,TEX,40.13145,40.63244,39.360363,40.54531,2406786.2
2006-06-02,TEX,41.124718,41.137787,40.32749,40.885113,2073256.2
2006-06-05,TEX,40.885113,41.16828,38.72868,38.90294,1791603.8
2006-06-06,TEX,38.11878,38.641552,36.655018,37.02967,3177141.2
2006-06-07,TEX,37.02967,37.879173,36.80749,37.386898,3253350.5
2006-06-08,TEX,37.225708,37.452248,35.19997,36.964325,2987077.5
2006-06-09,TEX,37.269276,38.28868,36.14096,36.376205,1965140.2
2006-06-12,TEX,36.81185,36.816208,34.167496,34.38532,2263779.2
2006-06-13,TEX,33.348488,34.94294,32.716805,34.72076,4662072
2006-06-14,TEX,34.790466,35.975414,34.685913,35.77502,2452236.2
2006-06-15,TEX,36.289078,37.43482,36.053833,37.365116,1714246.9
2006-06-16,TEX,37.365116,37.365116,36.02334,36.367496,1800556.1
2006-06-19,TEX,36.733433,36.89898,35.796803,36.32393,2074863.1
2006-06-20,TEX,36.75957,37.247494,36.537395,36.68987,1468633
2006-06-21,TEX,36.68987,38.310463,36.441555,38.0665,2482765.8
2006-06-22,TEX,38.096996,38.489075,37.60472,38.140564,1537037.6
2006-06-23,TEX,38.140564,39.33858,37.49145,39.260166,1498703.5
2006-06-26,TEX,39.30373,40.14452,38.69383,39.26888,1830626.5
2006-06-27,TEX,39.125114,40.057392,39.12076,39.75244,3395898.2
2006-06-28,TEX,40.0966,40.27521,39.321156,40.06175,1980979
2006-06-29,TEX,40.62373,42.836796,40.62373,42.205112,3299489.2
2006-06-30,TEX,42.32274,43.26808,42.078773,42.997982,2266304.2
2006-07-03,TEX,44.069668,44.069668,43.028477,43.285507,1197310.1
2006-07-05,TEX,43.25937,43.263725,42.279175,43.11125,1819378.8
2006-07-06,TEX,43.19838,43.742935,42.69739,43.285507,1096310
2006-07-07,TEX,43.39442,43.485905,42.475212,42.8063,1461287.6
2006-07-10,TEX,43.241943,44.339764,43.05462,43.825706,2074404
2006-07-11,TEX,43.681942,44.034817,43.146103,43.79521,2853022.8
2006-07-12,TEX,43.79521,43.79521,42.945705,43.46412,1860926.6
2006-07-13,TEX,42.997982,43.19838,40.73264,40.837193,3308212
2006-07-14,TEX,40.83284,41.06373,38.131847,38.759174,4028755.8
2006-07-17,TEX,38.763535,39.451847,36.855415,36.986107,2357663.2
2006-07-18,TEX,37.195213,38.092644,36.22809,37.517593,2255974.8
2006-07-19,TEX,38.005512,39.713234,37.90096,39.30373,1816968.6
2006-07-20,TEX,39.530262,39.843925,37.073235,37.20393,1770026.5
2006-07-21,TEX,37.77898,37.866104,36.149673,36.81185,2161746.2
2006-07-24,TEX,36.890266,38.293037,36.855415,38.075214,1913377.8
2006-07-25,TEX,38.11007,38.685116,37.482742,38.371452,1383930.8
2006-07-26,TEX,39.03363,39.077194,37.160366,37.482742,2053056.2
2006-07-27,TEX,38.554424,39.103333,36.210663,36.515614,2428133.8
2006-07-28,TEX,36.742146,38.502144,36.54175,38.249474,1970075.5
2006-07-31,TEX,38.476006,39.295013,38.101353,39.06848,1659385.5
2006-08-01,TEX,38.90294,39.12076,37.273632,38.232048,1806753.8
2006-08-02,TEX,38.075214,39.42571,38.075214,39.164326,2352843
2006-08-03,TEX,38.946503,40.540955,38.293037,40.253433,1885602.8
2006-08-04,TEX,41.037586,41.778183,39.19046,39.678383,1503179.6
2006-08-07,TEX,39.678383,40.03561,39.051056,39.46056,972584.94
2006-08-08,TEX,39.46056,39.495415,36.75957,37.02096,2624280.8
2006-08-09,TEX,37.37819,37.386898,35.217396,35.33938,2656187.5
2006-08-10,TEX,35.217396,35.400368,34.389675,34.86888,1891226.6
2006-08-11,TEX,34.43324,34.44195,32.838783,33.73621,2757187.5
2006-08-14,TEX,34.067295,35.574623,33.7972,34.276405,2433069
2006-08-15,TEX,34.450665,35.923138,34.43324,35.74017,2656991
2006-08-16,TEX,35.50492,37.343334,35.47007,37.20393,1994292.6
2006-08-17,TEX,37.212643,37.60472,35.9667,36.402344,1676601.4
2006-08-18,TEX,37.02967,37.352047,36.245514,37.317196,1548400.1
2006-08-21,TEX,37.36076,37.37819,36.193237,36.489475,1218772.6
2006-08-22,TEX,36.280365,37.05581,35.879574,37.02967,1751777.6
2006-08-23,TEX,36.907692,37.508877,35.435215,35.696606,970978.06
2006-08-24,TEX,36.114822,36.280365,34.903732,35.47007,1286029.5
2006-08-25,TEX,35.766304,35.984127,35.13898,35.33066,653975.56
2006-08-28,TEX,35.287098,36.20195,35.243534,35.923138,1134414.6
2006-08-29,TEX,35.80116,36.079967,35.06928,35.992844,1061189.5
2006-08-30,TEX,36.306503,36.498188,35.22611,35.45264,896261
2006-08-31,TEX,35.757595,38.415016,35.705315,38.27561,3014393.5
2006-09-01,TEX,38.11007,38.406307,36.881554,38.144917,1108820.2
2006-09-05,TEX,38.258186,40.079174,38.249474,39.64353,1878486.9
2006-09-06,TEX,39.556404,40.3667,38.737392,38.850662,1597982
2006-09-07,TEX,38.72868,38.737392,37.195213,37.66571,1365337.5
2006-09-08,TEX,38.075214,38.43244,37.37819,37.54373,1403901.1
2006-09-11,TEX,37.33462,37.352047,35.19997,35.417793,2213394
2006-09-12,TEX,35.47007,36.62888,35.400368,35.93185,1587078.6
2006-09-13,TEX,35.984127,37.23007,35.984127,36.68987,1327233
2006-09-14,TEX,36.47205,36.515614,35.74888,35.949276,1261812.4
2006-09-15,TEX,36.167095,36.81185,36.07126,36.524323,1069453.1
2006-09-18,TEX,36.08868,38.27561,36.062542,37.78769,1523953.5
2006-09-19,TEX,38.101353,38.711254,37.23878,37.93581,1695883.2
2006-09-20,TEX,38.162342,38.772243,37.909668,38.005512,1417673.9
2006-09-21,TEX,37.770264,37.81383,36.663734,37.29977,1882848.1
2006-09-22,TEX,37.212643,37.221355,35.897,36.20195,1841185.6
2006-09-25,TEX,36.59403,37.87482,36.114822,37.43918,1609344.5
2006-09-26,TEX,37.37819,38.772243,37.37819,38.69383,1175159
2006-09-27,TEX,38.42373,39.42571,38.205906,38.54571,983832.6
2006-09-28,TEX,38.493435,39.774223,38.44987,39.608677,1082307.8
2006-09-29,TEX,39.992046,40.044323,39.207886,39.39957,797212.06
2006-10-02,TEX,39.39957,41.081154,39.30373,40.82848,1900293.6
2006-10-03,TEX,40.82848,41.116005,39.69581,40.514816,1609115
2006-10-04,TEX,40.514816,41.16828,40.236008,41.124718,1147039.6
2006-10-05,TEX,41.481945,42.571053,41.325115,42.205112,1354778.4
2006-10-06,TEX,41.42967,41.935017,40.636795,41.813034,1287177.2
2006-10-09,TEX,41.699768,44.20036,41.647488,43.573032,1946432.4
2006-10-10,TEX,42.79759,44.87125,42.492638,44.53145,2003015.4
2006-10-11,TEX,43.634026,44.11323,43.05897,43.477192,1843481.1
2006-10-12,TEX,43.86927,45.524715,43.83442,45.463726,1794358.4
2006-10-13,TEX,45.463726,45.463726,44.5663,44.766697,1266288.6
2006-10-16,TEX,46.047485,48.591644,45.96907,48.28669,2934626.2
2006-10-17,TEX,47.920753,47.97303,46.21303,47.389267,2587668
2006-10-18,TEX,47.920753,48.39996,46.6661,47.310852,1517526.2
2006-10-19,TEX,47.310852,48.31283,46.72709,48.182137,1271912.5
2006-10-20,TEX,45.56828,46.18689,42.98927,43.825706,4515392.5
2006-10-23,TEX,43.73858,45.219765,43.703724,44.888676,1239546.5
2006-10-24,TEX,44.435608,45.193623,44.017387,45.193623,1213722.6
2006-10-25,TEX,45.916794,46.70095,45.35917,46.404713,1409180.8
2006-10-26,TEX,49.22768,49.262535,46.178177,47.136593,2251613.2
2006-10-27,TEX,46.178177,46.709663,44.17422,44.62729,1892718.6
2006-10-30,TEX,44.636,45.289467,44.32234,44.766697,857008.7
2006-10-31,TEX,44.827686,45.411446,44.54016,45.097782,970519
2006-11-01,TEX,45.96907,46.021347,44.81897,45.228477,1442694.4
2006-11-02,TEX,44.87125,44.87125,44.095806,44.304913,822117.75
2006-11-03,TEX,44.435608,44.84511,43.851845,44.453033,753827.94
2006-11-06,TEX,44.87125,46.72709,44.775406,46.047485,1687963.9
2006-11-07,TEX,46.178177,46.78808,45.36788,45.7861,825216.6
2006-11-08,TEX,45.237186,46.97105,45.02808,46.718376,837841.6
2006-11-09,TEX,47.0059,47.310852,45.864513,45.942932,780570
2006-11-10,TEX,45.916794,46.343723,45.69897,45.908077,724101.75
2006-11-13,TEX,45.681545,47.91204,45.446297,47.82491,1291997.6
2006-11-14,TEX,47.624516,48.09501,47.049465,47.833626,1279717
2006-11-15,TEX,47.624516,49.27996,47.624516,49.262535,1390358
2006-11-16,TEX,48.966297,49.663322,48.443523,48.52194,1169879.4
2006-11-17,TEX,48.12986,48.7659,46.72709,48.722332,999212.2
2006-11-20,TEX,48.73105,50.491047,48.73105,49.86372,1214985.1
2006-11-21,TEX,49.619762,50.70887,47.920753,50.36035,1750515.1
2006-11-22,TEX,50.22966,50.92669,49.297386,49.933426,1341005.6
2006-11-24,TEX,49.22768,50.491047,49.20154,50.177383,547695.94
2006-11-27,TEX,50.177383,50.71758,47.82491,47.97303,1409295.5
2006-11-28,TEX,47.920753,48.051445,46.953625,47.58966,1743858.2
2006-11-29,TEX,48.051445,48.88788,47.964314,48.365105,1544727.5
2006-11-30,TEX,48.70491,49.881145,48.37382,48.809464,1641825.2
2006-12-01,TEX,49.01857,49.489067,47.615803,48.774612,1349384.1
2006-12-04,TEX,49.5762,50.848274,49.114414,50.83085,1519362.6
2006-12-05,TEX,51.214214,52.32946,50.952827,52.033226,1654450.2
2006-12-06,TEX,51.92867,52.30332,51.62372,51.90253,1235644.2
2006-12-07,TEX,51.885105,52.277184,50.944115,51.066097,861829.1
2006-12-08,TEX,51.022533,52.887085,50.430058,52.207478,1552532
2006-12-11,TEX,52.05936,53.20946,51.414608,52.956787,1975240.2
2006-12-12,TEX,52.956787,52.956787,50.822136,51.179363,1635053.6
2006-12-13,TEX,51.362335,51.954807,50.92669,50.92669,852303
2006-12-14,TEX,51.144512,51.84154,51.05738,51.179363,909000.75
2006-12-15,TEX,51.84154,52.29461,50.03798,50.64788,2225330.2
2006-12-18,TEX,53.287876,56.56391,53.148468,55.76233,7686106.5
2006-12-19,TEX,55.605495,57.28708,54.167873,57.217377,23485390
2006-12-20,TEX,57.22609,57.95797,56.85161,57.62688,3499193.8
2006-12-21,TEX,57.635597,57.661736,56.372227,56.61619,2399785
2006-12-22,TEX,56.61619,56.64233,54.97817,55.152428,2358581.5
2006-12-26,TEX,55.317974,56.267677,55.161144,56.093414,1078405.5
2006-12-27,TEX,56.502922,57.923122,56.276386,57.757576,1294867
2006-12-28,TEX,57.757576,57.757576,56.56391,57.025692,1809393.6
2006-12-29,TEX,57.025692,57.68787,56.136982,56.267677,1346514.8
2007-01-03,TEX,54.716785,54.716785,50.99639,51.458176,5363219.5
2007-01-04,TEX,51.46689,52.207478,49.785305,51.188076,3326805
2007-01-05,TEX,50.665306,51.10966,50.247086,50.517185,2274567.8
2007-01-08,TEX,50.970253,52.277184,49.794018,51.493023,2873108
2007-01-09,TEX,51.484314,51.824116,50.055405,51.615005,2017361.9
2007-01-10,TEX,51.19679,51.19679,49.044712,49.62847,2880109.2
2007-01-11,TEX,48.330257,50.01184,47.70293,49.454216,2971583.2
2007-01-12,TEX,49.314808,51.022533,49.245106,50.909264,2307507.8
2007-01-16,TEX,50.99639,51.362335,49.654613,50.107677,1395522.8
2007-01-17,TEX,50.090256,51.19679,49.855007,50.891838,1432250.1
2007-01-18,TEX,50.430058,50.883125,49.95956,50.125107,1453024
2007-01-19,TEX,50.125107,51.11837,50.064114,50.482334,1110541.9
2007-01-22,TEX,50.700153,50.700153,48.809464,49.454216,1211197.6
2007-01-23,TEX,49.47164,51.53659,49.34095,51.144512,1641480.9
2007-01-24,TEX,51.53659,51.85025,50.447483,51.641144,1260664.8
2007-01-25,TEX,51.588867,52.277184,50.674015,50.848274,1392653.5
2007-01-26,TEX,51.005108,51.641144,50.142532,50.412632,1537382
2007-01-29,TEX,50.74372,50.74372,48.870453,49.323524,1574568.4
2007-01-30,TEX,50.16867,50.5956,49.506493,50.081543,2092997.2
2007-01-31,TEX,50.090256,50.090256,48.70491,49.567482,2668583
2007-02-01,TEX,49.663322,50.412632,48.983723,50.377777,1755794.6
2007-02-02,TEX,50.447483,52.181343,50.151245,51.771835,1924166.4
2007-02-05,TEX,51.46689,51.78926,50.64788,51.013817,1359598.9
2007-02-06,TEX,51.144512,52.02451,50.604317,51.580154,1761303.8
2007-02-07,TEX,51.493023,53.505695,51.19679,52.826096,2145563.2
2007-02-08,TEX,52.451443,52.46015,50.935402,51.46689,1857139.1
2007-02-09,TEX,52.007084,52.285896,50.5956,50.92669,1132004.4
2007-02-12,TEX,51.10095,52.129066,51.10095,51.4756,1230745.8
2007-02-13,TEX,51.824116,52.80867,51.824116,52.712826,1585701.4
2007-02-14,TEX,53.02649,53.93263,52.677975,52.974213,2307774
2007-02-15,TEX,55.326687,58.698566,55.326687,57.234806,3976993.2
2007-02-16,TEX,58.245495,60.371433,57.28708,58.01896,2960106
2007-02-20,TEX,58.219357,59.787674,58.201935,59.09064,1872633.4
2007-02-21,TEX,58.9948,62.79361,58.681137,62.37539,3813441.8
2007-02-22,TEX,62.37539,62.384106,60.51955,61.521534,1637119.6
2007-02-23,TEX,61.591236,62.296978,61.138165,61.878757,1029627
2007-02-26,TEX,62.950443,63.386086,59.552425,59.8748,1973404
2007-02-27,TEX,58.17579,58.50688,55.23956,56.72074,3476124.5
2007-02-28,TEX,56.633614,58.1148,55.12629,57.400345,2087832.5
2007-03-01,TEX,55.936584,56.851437,52.852234,56.502922,2775895.5
2007-03-02,TEX,55.76233,56.468067,54.29857,54.498962,1492391
2007-03-05,TEX,53.531834,55.875595,52.66055,54.42926,1752351.5
2007-03-06,TEX,55.378963,56.72074,55.378963,56.311237,1880897
2007-03-07,TEX,56.04114,57.76629,55.936584,57.13896,1592128.6
2007-03-08,TEX,57.818565,59.51757,57.574608,58.663715,1849449.2
2007-03-09,TEX,59.56114,60.11876,58.49817,59.17777,1495489.9
2007-03-12,TEX,58.942524,60.127476,58.4546,60.02292,1746268.5
2007-03-13,TEX,59.17777,59.65698,57.278366,57.731438,1888701.6
2007-03-14,TEX,58.10609,58.59401,56.895004,58.341335,1297621.5
2007-03-15,TEX,57.783714,59.02094,57.783714,58.637577,1215214.6
2007-03-16,TEX,59.59599,61.164303,58.864105,59.569855,2382913.5
2007-03-19,TEX,60.597973,62.053017,59.90094,61.643513,1713328.8
2007-03-20,TEX,61.260143,61.94846,60.685097,61.800343,1147269.1
2007-03-21,TEX,61.800343,62.689053,60.929058,62.689053,1205573.8
2007-03-22,TEX,62.73262,62.950443,61.9049,62.36668,1214755.6
2007-03-23,TEX,62.41024,63.77816,61.922325,62.7152,1086669.1
2007-03-26,TEX,62.933018,62.941727,61.408268,62.906876,1015050.9
2007-03-27,TEX,62.384106,62.662914,61.643513,61.84391,1266173.8
2007-03-28,TEX,61.85262,62.924305,61.312428,61.582523,960878.06
2007-03-29,TEX,62.558365,62.898167,61.42569,62.19242,826479.1
2007-03-30,TEX,62.67163,63.821728,62.34925,62.523514,1503179.6
2007-04-02,TEX,62.357967,62.933018,61.512817,62.593212,1190194.2
2007-04-03,TEX,62.593212,63.603905,62.166283,62.73262,1001737.2
2007-04-04,TEX,62.73262,63.142124,62.018166,62.976578,832676.8
2007-04-05,TEX,62.73262,62.906876,62.201134,62.73262,737415.4
2007-04-09,TEX,63.168262,64.09183,63.03757,63.412224,979471.3
2007-04-10,TEX,63.15955,63.51678,62.175,62.82846,1330790.9
2007-04-11,TEX,62.63678,63.33381,62.384106,62.628063,1094244.1
2007-04-12,TEX,62.75876,64.44034,61.9049,64.0744,1292801.1
2007-04-13,TEX,64.03955,64.649445,63.7346,64.431625,916805.3
2007-04-16,TEX,64.82371,66.514,64.82371,66.505295,1410672.8
2007-04-17,TEX,66.82767,67.94292,66.80153,67.11519,1179405.5
2007-04-18,TEX,67.02806,67.50727,66.35718,67.04549,1090800.9
2007-04-19,TEX,66.9845,67.69024,65.34648,66.73182,1296359
2007-04-20,TEX,68.02133,68.83163,67.15876,67.56826,1300146.5
2007-04-23,TEX,67.56826,69.88588,67.47242,69.0843,1481487.6
2007-04-24,TEX,69.18014,69.90331,68.160736,69.14529,1213952.1
2007-04-25,TEX,69.267265,70.635185,68.39598,70.06014,1297621.5
2007-04-26,TEX,69.87717,70.14727,67.263306,68.42212,2149695
2007-04-27,TEX,68.43083,69.45024,68.091034,69.215,1432594.4
2007-04-30,TEX,69.215,70.04271,67.82964,67.82964,1771767.6
2007-05-01,TEX,68.160736,69.371826,66.1742,67.21975,1643087.8
2007-05-02,TEX,67.41143,70.12113,67.41143,69.685486,1874765.9
2007-05-03,TEX,69.79004,70.347664,69.19756,69.79004,1049056.9
2007-05-04,TEX,69.8336,70.19955,68.8839,69.711624,1169649.9
2007-05-07,TEX,70.33024,70.861725,69.54608,69.6942,834857.5
2007-05-08,TEX,69.6942,69.6942,67.873215,69.24985,990374.7
2007-05-09,TEX,69.03202,70.861725,68.52667,70.71361,1650203.6
2007-05-10,TEX,70.7833,72.23836,69.79004,70.36509,1916279.2
2007-05-11,TEX,71.09697,71.91598,71.09697,71.74172,1604681.4
2007-05-14,TEX,73.19677,73.6237,71.69816,72.23836,1346629.5
2007-05-15,TEX,72.31677,72.70885,70.896576,71.14925,1580423
2007-05-16,TEX,71.462906,72.229645,69.31954,69.70291,2377316
2007-05-17,TEX,69.31084,69.31084,68.064896,69.110435,1734217.4
2007-05-18,TEX,69.12786,69.711624,67.35044,67.71638,1860352.8
2007-05-21,TEX,67.78609,69.79004,67.7251,69.24113,2914311.5
2007-05-22,TEX,69.70291,70.26054,68.83163,70.26054,1894899.4
2007-05-23,TEX,70.87915,71.689445,69.70291,69.70291,1505475.1
2007-05-24,TEX,69.90331,71.41935,68.26529,68.343704,1448088.8
2007-05-25,TEX,69.10172,70.7746,69.049446,70.574196,807885.94
2007-05-29,TEX,70.3738,71.34093,69.87717,70.922714,1481845.8
2007-05-30,TEX,70.13856,73.66727,69.72034,73.6237,1432594.4
2007-05-31,TEX,74.05934,74.49499,73.54529,73.85895,2438858.2
2007-06-01,TEX,74.21618,75.374985,74.19004,75.000336,1231627.1
2007-06-04,TEX,75.4534,75.7932,74.72152,75.05261,1133037.4
2007-06-05,TEX,75.061325,75.33142,74.39043,74.88706,1473224
2007-06-06,TEX,74.88706,74.88706,72.88311,73.24033,1155475.4
2007-06-07,TEX,71.88984,74.521126,71.55004,71.66331,1402753.5
2007-06-08,TEX,71.31479,71.61103,69.79875,71.593605,1469780.8
2007-06-11,TEX,69.95558,72.97895,69.95558,72.290634,771043.8
2007-06-12,TEX,72.14252,72.830826,70.74845,71.462906,874568.94
2007-06-13,TEX,71.70687,72.69142,71.1841,72.578156,1062911.1
2007-06-14,TEX,72.229645,73.39716,72.15122,72.578156,1124085
2007-06-15,TEX,73.58013,74.75638,73.36231,73.97221,1304163.6
2007-06-18,TEX,74.643105,75.34013,73.885086,73.91994,992670.2
2007-06-19,TEX,73.91994,74.46014,72.61301,74.46014,969371.25
2007-06-20,TEX,74.91321,75.07875,71.942116,72.107666,999441.75
2007-06-21,TEX,71.018555,73.179344,71.018555,73.179344,1238169.2
2007-06-22,TEX,73.179344,73.98964,72.386475,72.75241,1516378.5
2007-06-25,TEX,72.830826,74.28588,72.75241,72.97024,1155991.9
2007-06-26,TEX,73.71083,73.74568,71.70687,72.02924,1013444.06
2007-06-27,TEX,71.27123,71.27123,68.19558,70.704895,1585127.5
2007-06-28,TEX,70.922714,71.42806,70.286674,70.58292,1196391.9
2007-06-29,TEX,71.306076,72.14252,70.216965,70.83559,1148793.4
2007-07-02,TEX,72.098946,74.60825,71.82014,74.46014,1362353.4
2007-07-03,TEX,74.46885,74.91321,73.501724,73.8938,459779.94
2007-07-05,TEX,73.90251,74.37301,72.996376,73.693405,666256.25
2007-07-06,TEX,73.85895,74.24231,72.92667,73.77182,524856.1
2007-07-09,TEX,75.58409,81.40429,75.58409,80.76825,3222935.8
2007-07-10,TEX,79.28706,79.79241,77.98013,78.45063,1991997.1
2007-07-11,TEX,79.71399,82.04904,78.6336,79.36547,1834069.8
2007-07-12,TEX,80.28904,81.25617,79.36547,81.25617,1475404.6
2007-07-13,TEX,81.36944,81.43914,78.61617,80.41102,1550810.4
2007-07-16,TEX,83.62607,84.4625,81.927055,82.01418,2315427
2007-07-17,TEX,82.68508,83.03359,81.13419,81.46528,1767501.5
2007-07-18,TEX,81.169044,81.927055,79.7227,81.30845,1223707.9
2007-07-19,TEX,82.214584,82.60666,81.09062,81.988045,885128
2007-07-20,TEX,80.16706,80.593994,78.24152,79.25221,2014492.6
2007-07-23,TEX,80.89894,80.89894,78.685875,79.104095,926216.7
2007-07-24,TEX,78.10211,78.7033,77.10013,77.15241,1319560.4
2007-07-25,TEX,76.93459,77.74489,71.7243,76.93459,3264651
2007-07-26,TEX,75.819336,77.413795,70.59162,73.07479,3966204.5
2007-07-27,TEX,73.10093,75.880325,72.11637,72.447464,2658368.2
2007-07-30,TEX,74.66924,79.104095,73.90251,77.788445,3254447.8
2007-07-31,TEX,79.156364,79.7227,75.000336,75.14845,2377501.8
2007-08-01,TEX,75.73221,76.803894,73.86766,75.67122,2619230.5
2007-08-02,TEX,75.889046,76.49895,74.11162,75.33142,1930596
2007-08-03,TEX,75.30528,75.71479,71.66331,71.794,2596502.2
2007-08-06,TEX,72.36905,72.674,68.43955,72.674,2367189.5
2007-08-07,TEX,71.619736,72.85697,70.05143,71.40192,2266648.5
2007-08-08,TEX,71.619736,72.75241,67.873215,68.796776,2803900
2007-08-09,TEX,67.420135,68.13459,62.750042,64.80628,4801177
2007-08-10,TEX,63.168262,67.69895,61.42569,66.39202,3141709.8
2007-08-13,TEX,68.11717,69.72034,67.50727,68.221725,1905802.8
2007-08-14,TEX,68.55281,69.458954,65.172226,65.52074,1860697
2007-08-15,TEX,65.34648,66.68826,62.2278,62.898167,2317148.5
2007-08-16,TEX,61.94846,63.79559,57.71401,59.953213,3551645
2007-08-17,TEX,62.845886,63.603905,60.371433,63.142124,3035167.2
2007-08-20,TEX,64.63203,66.42687,63.17698,65.80826,2478863.5
2007-08-21,TEX,65.34648,65.86925,64.178955,64.875984,2358466.8
2007-08-22,TEX,65.94767,68.160736,65.69499,67.77737,1402753.5
2007-08-23,TEX,68.63994,68.82291,65.94767,67.21975,1607049.1
2007-08-24,TEX,67.08905,70.034,66.9845,70.00786,1273863.6
2007-08-27,TEX,69.70291,69.92073,67.46371,67.67281,1492046.8
2007-08-28,TEX,67.21975,68.343704,65.78212,65.78212,1377962.5
2007-08-29,TEX,66.566284,67.167465,65.390045,67.03677,1275929.5
2007-08-30,TEX,66.54885,68.38727,66.339745,67.481125,1164714.6
2007-08-31,TEX,68.57024,70.05143,68.57024,69.59836,1144973.8
2007-09-04,TEX,69.72034,72.43004,69.02331,72.229645,1701851.5
2007-09-05,TEX,72.53459,73.71083,70.896576,71.95954,1966861.9
2007-09-06,TEX,72.63915,73.19677,70.46964,72.2732,1857712.9
2007-09-07,TEX,70.05143,71.689445,67.0542,67.78609,2512951
2007-09-10,TEX,68.221725,68.221725,65.62529,66.74054,1667534.4
2007-09-11,TEX,67.00192,68.98846,66.13064,68.186874,1983389.1
2007-09-12,TEX,67.742516,68.944016,66.65341,67.03677,1430643.2
2007-09-13,TEX,67.5247,67.969055,66.48786,66.853806,1121789.6
2007-09-14,TEX,66.20905,66.87123,65.738556,66.383316,1087013.4
2007-09-17,TEX,65.799545,67.23717,65.581726,65.7647,1137054.4
2007-09-18,TEX,66.35718,71.55875,66.33103,71.09697,2077732.5
2007-09-19,TEX,71.34964,75.32271,71.34964,73.8938,2228993.8
2007-09-20,TEX,73.536575,74.12905,71.27994,72.003105,1353061.4
2007-09-21,TEX,72.83954,73.58013,72.003105,72.830826,1542661.5
2007-09-24,TEX,72.830826,73.58013,71.53261,73.58013,1626560.5
2007-09-25,TEX,72.75241,75.51439,72.49103,75.36627,2527527.2
2007-09-26,TEX,75.80192,77.19598,75.435974,76.43796,1879175.5
2007-09-27,TEX,77.06528,79.3132,76.82132,78.31993,2017321.8
2007-09-28,TEX,78.0237,79.47003,76.92587,77.56191,1439710.2
2007-10-01,TEX,77.317955,78.89499,76.59479,78.45063,2209950.8
2007-10-02,TEX,78.24152,78.41577,76.22884,76.84746,1379798.9
2007-10-03,TEX,76.66449,76.6732,73.57143,74.3033,1378536.4
2007-10-04,TEX,73.432014,75.1136,73.03123,74.956764,956631.5
2007-10-05,TEX,76.08073,76.333405,74.773796,75.28786,1237251
2007-10-08,TEX,76.324684,76.76033,75.36627,76.464096,1449236.5
2007-10-09,TEX,76.76904,78.19795,75.23558,78.180534,1641710.5
2007-10-10,TEX,77.99756,79.06924,76.09815,77.07399,1388980.8
2007-10-11,TEX,77.93656,78.337364,74.72152,75.69736,1445563.8
2007-10-12,TEX,75.53182,77.16112,75.53182,76.82132,757959.75
2007-10-15,TEX,77.02172,77.02172,74.05934,75.41855,1443842.1
2007-10-16,TEX,75.061325,75.4534,73.54529,74.19875,1446826.2
2007-10-17,TEX,75.36627,75.7235,72.4039,73.850235,1733414
2007-10-18,TEX,73.37974,75.17459,72.73499,74.59954,1231627.1
2007-10-19,TEX,73.68469,74.04192,70.79202,71.02727,2068894.9
2007-10-22,TEX,70.12113,70.48707,66.818954,69.85974,2293275.8
2007-10-23,TEX,71.08826,71.750435,68.70965,71.593605,1915558.4
2007-10-24,TEX,71.39321,72.604294,70.3738,72.25578,1990964.1
2007-10-25,TEX,68.83163,68.83163,63.49935,67.20232,6571777
2007-10-26,TEX,67.20232,67.5944,64.693016,65.25935,3085323
2007-10-29,TEX,65.607864,66.95836,65.581726,66.16549,1704835.5
2007-10-30,TEX,65.86925,65.98252,63.61262,64.18767,1713328.8
2007-10-31,TEX,64.05698,65.451035,63.542915,64.60597,2475076
2007-11-01,TEX,63.447075,64.56232,61.974598,62.680344,2690389.8
2007-11-02,TEX,63.51678,64.0047,61.78292,63.821728,2704736.5
2007-11-05,TEX,62.30569,63.386086,61.78292,62.689053,2261970.2
2007-11-06,TEX,63.168262,64.144104,62.296978,64.05698,1548271.6
2007-11-07,TEX,63.97856,64.05698,60.580544,60.693813,2384290.8
2007-11-08,TEX,60.772224,61.164303,58.37619,59.48272,3158433.2
2007-11-09,TEX,58.43718,58.93381,56.781734,56.921143,3310163
2007-11-12,TEX,56.80787,56.955994,52.712826,52.81738,3887774.5
2007-11-13,TEX,53.165897,56.773026,53.165897,56.328667,2981224
2007-11-14,TEX,56.781734,57.34807,55.361538,55.70134,2494015.8
2007-11-15,TEX,55.37025,56.58134,53.235596,53.993618,2544743
2007-11-16,TEX,54.24629,54.42926,51.63243,52.102924,3209392.5
2007-11-19,TEX,51.4059,51.710846,48.966297,49.28867,3215016.2
2007-11-20,TEX,49.663322,50.909264,49.053425,50.09897,3119066.2
2007-11-21,TEX,49.663322,52.068073,49.157978,51.066097,3888732.8
2007-11-23,TEX,51.510452,52.73025,51.414608,52.486294,1362123.9
2007-11-26,TEX,52.590847,53.383717,49.358376,49.506493,2826280.8
2007-11-27,TEX,50.220947,51.44946,49.76788,50.53461,3116426.5
2007-11-28,TEX,51.013817,54.516388,51.013817,54.15045,3128822
2007-11-29,TEX,54.019756,56.206688,53.706093,55.4051,3015073
2007-11-30,TEX,56.633614,57.818565,55.37025,56.154404,2912934.2
2007-12-03,TEX,56.415794,56.415794,53.645103,53.767082,2186284.5
2007-12-04,TEX,53.915203,53.915203,52.277184,53.409855,3087848
2007-12-05,TEX,54.777775,55.317974,53.714806,55.317974,1897986.8
2007-12-06,TEX,55.76233,58.463314,55.387676,58.402325,2297292.8
2007-12-07,TEX,58.62886,59.125496,57.722725,58.10609,1590866.1
2007-12-10,TEX,59.683117,60.711235,58.245495,58.637577,2302606.8
2007-12-11,TEX,58.811832,58.89896,54.62094,55.335396,2508474.8
2007-12-12,TEX,56.999554,58.768265,55.335396,55.980152,3788306.5
2007-12-13,TEX,55.805897,56.729458,54.812626,56.729458,2165189.2
2007-12-14,TEX,56.6249,56.6249,54.891045,55.317974,1765894.6
2007-12-17,TEX,55.18728,55.283123,52.99164,53.061344,2092681.6
2007-12-18,TEX,53.45342,54.7255,51.275204,52.63441,3223509.5
2007-12-19,TEX,52.74768,53.375004,50.970253,51.588867,3049743.5
2007-12-20,TEX,52.068073,54.542526,51.667282,54.542526,2454761.2
2007-12-21,TEX,54.46411,58.37619,54.46411,58.03639,3827700
2007-12-24,TEX,58.55044,58.71599,57.13025,57.94926,749696.06
2007-12-26,TEX,58.14965,58.986088,57.260944,58.576588,800999.56
2007-12-27,TEX,58.245495,58.5156,56.537773,56.755596,1188837.6
2007-12-28,TEX,57.635597,57.940544,56.30253,57.321934,909245.25
2007-12-31,TEX,57.025692,57.64431,56.049854,57.13025,1237136.2
2008-01-02,TEX,57.71401,57.71401,54.03718,54.594807,1647563.9
2008-01-03,TEX,54.67322,55.544506,53.39243,53.923916,1977765.2
2008-01-04,TEX,53.523125,53.523125,50.56946,50.917976,1848301.5
2008-01-07,TEX,51.188076,51.4756,46.613823,47.73778,3310851.8
2008-01-08,TEX,47.93818,48.774612,45.385307,45.516003,2699571.5
2008-01-09,TEX,45.463726,45.48115,42.64947,45.16749,3220755
2008-01-10,TEX,44.914814,47.52867,43.921547,46.91877,3555095
2008-01-11,TEX,46.953625,48.61778,45.707684,46.117188,3698783.8
2008-01-14,TEX,49.872433,50.09897,47.485107,49.43679,5064415
2008-01-15,TEX,48.914017,49.445503,47.70293,48.12986,2870422.5
2008-01-16,TEX,47.659367,48.2257,44.52273,47.284714,4164163.5
2008-01-17,TEX,47.485107,48.06887,42.59719,42.858578,4327515
2008-01-18,TEX,44.453033,45.707684,42.963135,44.365902,3307064.2
2008-01-22,TEX,40.52353,46.00392,40.514816,45.411446,4230985.5
2008-01-23,TEX,43.99996,45.742535,41.412243,45.48115,4110822.8
2008-01-24,TEX,45.742535,47.746494,45.585705,46.552834,2827342.5
2008-01-25,TEX,48.748474,49.40194,47.136593,47.711643,2641799.5
2008-01-28,TEX,48.783325,48.783325,46.343723,48.277977,1864369.8
2008-01-29,TEX,49.16669,50.508472,48.356396,49.785305,2586290.8
2008-01-30,TEX,50.299362,50.299362,47.946888,48.478374,3271921.8
2008-01-31,TEX,48.12986,51.4756,46.613823,51.05738,2990520.8
2008-02-01,TEX,51.310055,53.444706,51.031242,52.765106,3242561.8
2008-02-04,TEX,53.287876,54.011044,51.10966,51.858967,2543480.5
2008-02-05,TEX,51.03996,51.03996,48.635204,48.89659,2192234.5
2008-02-06,TEX,49.13184,49.92471,47.572235,47.868473,2592564.2
2008-02-07,TEX,47.694218,48.582928,46.753227,47.82491,3066041.2
2008-02-08,TEX,47.4764,49.1057,47.223724,47.79877,1978798.2
2008-02-11,TEX,48.600353,49.01857,47.33699,48.879166,1349613.6
2008-02-12,TEX,49.22768,51.676,49.22768,49.994415,2697161.2
2008-02-13,TEX,50.386494,51.344906,50.090256,50.917976,1954581.2
2008-02-14,TEX,51.03996,52.9655,51.03996,52.4253,3157974.2
2008-02-15,TEX,52.32946,52.6954,51.022533,52.102924,2263434.8
2008-02-19,TEX,52.81738,53.93263,52.40788,53.29659,2415738.5
2008-02-20,TEX,52.765106,54.88233,52.277184,54.202724,2683273.8
2008-02-21,TEX,58.158367,59.674404,56.903713,58.140945,6483541
2008-02-22,TEX,58.280346,59.186485,57.156387,58.93381,3923164.8
2008-02-25,TEX,59.186485,60.4847,57.679157,60.205887,3172605.5
2008-02-26,TEX,59.42173,62.645493,59.05579,61.75678,3692493
2008-02-27,TEX,61.28628,62.863316,60.11876,61.225292,2469911.2
2008-02-28,TEX,60.894207,61.408268,60.11876,60.972626,1803310.6
2008-02-29,TEX,60.162327,60.162327,58.19322,58.768265,2283979.2
2008-03-03,TEX,58.56787,60.040348,58.158367,59.108067,2542562.5
2008-03-04,TEX,57.68787,57.905693,55.993744,57.5049,2634054.8
2008-03-05,TEX,57.809853,59.142918,57.47005,58.3057,2222717
2008-03-06,TEX,57.809853,58.47203,56.72074,57.234806,2174945
2008-03-07,TEX,56.11956,57.870842,54.96946,56.154404,2817902.5
2008-03-10,TEX,55.919163,56.154404,52.590847,52.773815,2924386.2
2008-03-11,TEX,54.647083,56.60748,54.072033,56.60748,1947355.1
2008-03-12,TEX,56.633614,59.42173,56.633614,58.22807,3104490
2008-03-13,TEX,57.06926,60.28431,56.11956,59.41302,2567123.8
2008-03-14,TEX,60.685097,60.685097,56.64233,58.01025,1987061.9
2008-03-17,TEX,55.58807,57.051834,53.706093,55.37025,3278520.2
2008-03-18,TEX,57.496185,57.496185,52.791245,56.476784,4253595.5
2008-03-19,TEX,56.293816,57.278366,52.02451,52.190056,3443529
2008-03-20,TEX,52.451443,52.451443,48.940155,51.310055,4095438.8
2008-03-24,TEX,51.484314,55.0653,51.310055,54.542526,1968762.5
2008-03-25,TEX,53.749657,57.18252,53.645103,56.64233,2198473.5
2008-03-26,TEX,57.278366,57.278366,54.934605,55.84074,1502605.9
2008-03-27,TEX,55.910446,55.910446,53.56669,53.810646,1909016.4
2008-03-28,TEX,54.411835,55.18728,53.584114,53.7758,1449695.5
2008-03-31,TEX,53.679955,55.10015,53.679955,54.4554,1277765.9
2008-04-01,TEX,54.315994,57.88827,54.315994,57.64431,2157499.5
2008-04-02,TEX,58.158367,59.41302,57.64431,58.59401,2166681.5
2008-04-03,TEX,58.358765,60.624107,57.435196,59.613415,2842463.8
2008-04-04,TEX,59.822525,60.554405,58.37619,58.724705,2517771.5
2008-04-07,TEX,59.247475,60.136185,58.367474,58.95995,2178503
2008-04-08,TEX,58.663715,58.663715,57.382923,58.262924,1361435.2
2008-04-09,TEX,59.142918,59.142918,56.71203,57.478764,1695883.2
2008-04-10,TEX,57.252228,58.37619,56.74688,58.14965,2026888.1
2008-04-11,TEX,57.339355,57.853416,56.19797,56.66847,1583979.8
2008-04-14,TEX,56.032425,58.079952,56.032425,57.19995,1398277.4
2008-04-15,TEX,58.0451,58.280346,56.860153,57.774998,1988209.6
2008-04-16,TEX,58.419754,59.822525,58.10609,59.71797,2473613.8
2008-04-17,TEX,59.247475,59.587276,58.10609,58.768265,1535775.1
2008-04-18,TEX,60.24074,62.845886,60.24074,62.514797,4260039
2008-04-21,TEX,62.497375,62.79361,60.310444,62.575787,2169436
2008-04-22,TEX,62.540936,62.575787,60.11876,61.190445,2400129.2
2008-04-23,TEX,61.495396,62.28826,60.53698,61.565098,1948873.5
2008-04-24,TEX,63.09856,63.603905,58.463314,60.580544,4318039.5
2008-04-25,TEX,60.615395,61.617374,59.343315,61.173016,1864599.2
2008-04-28,TEX,61.896187,64.03955,61.077175,63.203117,2574125
2008-04-29,TEX,62.8546,63.081135,59.805096,61.164303,2311610.8
2008-04-30,TEX,61.91361,62.776188,60.42371,60.711235,3008081
2008-05-01,TEX,60.93777,61.66965,59.264896,61.477966,2416312.2
2008-05-02,TEX,62.2447,63.386086,61.992027,62.976578,1817772
2008-05-05,TEX,63.142124,63.595192,62.2447,62.906876,1643053.4
2008-05-06,TEX,63.27282,65.85183,62.42767,65.172226,3141705.2
2008-05-07,TEX,64.90212,65.91282,62.27084,62.65421,2716084
2008-05-08,TEX,62.73262,63.961136,62.384106,62.889454,2209491.8
2008-05-09,TEX,62.8546,62.8546,61.530247,62.061733,1627363.9
2008-05-12,TEX,62.41024,63.342518,61.42569,63.21183,1303475
2008-05-13,TEX,63.508064,63.926285,62.035587,63.246677,1455089.9
2008-05-14,TEX,62.723904,63.56034,61.54767,62.279552,2047104.1
2008-05-15,TEX,62.784897,63.51678,61.774208,63.447075,1219117
2008-05-16,TEX,63.603905,64.72787,63.22925,64.44906,1900286.8
2008-05-19,TEX,64.94569,66.435585,64.19638,64.849846,2772682
2008-05-20,TEX,64.48391,65.18093,63.603905,64.84113,1647313.8
2008-05-21,TEX,64.83242,65.91282,63.072422,63.403507,2393472.5
2008-05-22,TEX,63.22925,63.28153,61.82648,62.227272,1788045.9
2008-05-23,TEX,61.774208,62.19242,60.554405,61.582523,1027102
2008-05-27,TEX,61.60866,61.60866,59.96193,60.998764,1573879.8
2008-05-28,TEX,61.138165,63.15955,61.138165,63.124695,1255729.5
2008-05-29,TEX,63.046284,63.072422,61.617374,61.957176,1610227.1
2008-05-30,TEX,62.323116,62.540936,61.164303,62.166283,1871141.4
2008-06-02,TEX,61.861336,62.28826,61.14688,61.9049,1504671.8
2008-06-03,TEX,61.373417,62.941727,61.338562,62.140144,1835217.5
2008-06-04,TEX,61.573807,62.69777,61.173016,61.652225,1708049.1
2008-06-05,TEX,61.382122,62.28826,61.033615,61.800343,2145907.5
2008-06-06,TEX,61.39955,61.521534,58.59401,58.698566,2814257.2
2008-06-09,TEX,59.29975,59.39559,57.060543,57.95797,2968369.5
2008-06-10,TEX,57.88827,58.10609,55.988865,57.539753,2038824.5
2008-06-11,TEX,57.59203,57.59203,54.812626,54.986885,2338381.5
2008-06-12,TEX,55.361538,56.415794,54.83005,55.361538,2077962
2008-06-13,TEX,56.18926,56.886288,55.378963,56.023716,1617215.6
2008-06-16,TEX,55.76233,56.790447,55.326687,56.10213,1032271.4
2008-06-17,TEX,56.52906,56.877575,55.19599,55.291832,1140038.5
2008-06-18,TEX,54.891045,55.047874,53.45342,54.44669,1771518.5
2008-06-19,TEX,54.490253,55.082726,53.845497,54.85619,1487914.9
2008-06-20,TEX,54.33342,54.55995,53.148468,53.56669,2323116.8
2008-06-23,TEX,53.505695,54.315994,53.183323,53.51441,1690603.8
2008-06-24,TEX,53.20946,53.5754,52.190056,52.46015,2167140.5
2008-06-25,TEX,52.84352,52.84352,50.98768,51.554016,2648383
2008-06-26,TEX,49.855007,49.855007,45.7861,46.7358,7375617.5
2008-06-27,TEX,46.613823,46.613823,43.99996,44.723133,6218191
2008-06-30,TEX,43.96511,45.820953,43.96511,44.75798,4521705
2008-07-01,TEX,44.32234,45.35917,41.935017,45.158775,7591189.5
2008-07-02,TEX,45.35917,45.411446,40.994022,41.142143,3985136.2
2008-07-03,TEX,41.882736,41.882736,38.90294,40.009468,4086142
2008-07-07,TEX,40.244717,42.44036,40.087887,41.473232,5462612.5
2008-07-08,TEX,41.725906,41.725906,39.66967,40.915607,4262548
2008-07-09,TEX,40.601944,41.35125,37.177788,37.500168,5323622.5
2008-07-10,TEX,38.22333,38.3366,36.637592,37.866104,5672647
2008-07-11,TEX,37.474026,39.09462,36.29779,37.979374,5102685
2008-07-14,TEX,38.57185,39.05977,37.82254,37.953236,3489093.8
2008-07-15,TEX,37.717987,38.24076,36.20195,37.16908,4044669
2008-07-16,TEX,38.772243,42.2661,38.075214,42.23125,5780974
2008-07-17,TEX,43.0067,44.60115,41.73462,43.10254,5831607
2008-07-18,TEX,43.590458,43.991253,40.76749,41.22927,3097489
2008-07-21,TEX,41.647488,42.388084,40.9069,42.213825,3010606
2008-07-22,TEX,42.59719,43.093822,41.725906,43.093822,3341955
2008-07-23,TEX,43.782143,43.99996,42.963135,43.668873,3538542.5
2008-07-24,TEX,46.396,46.396,40.52353,40.7065,5931230
2008-07-25,TEX,41.882736,43.11125,41.37739,42.841152,3636232.5
2008-07-28,TEX,42.727886,43.56432,41.490658,41.490658,2635069.2
2008-07-29,TEX,41.69105,43.032833,41.089867,42.69303,2593980.5
2008-07-30,TEX,42.666897,43.555607,41.969864,43.015408,2560237.5
2008-07-31,TEX,42.666897,42.684322,41.07244,41.237988,3085897
2008-08-01,TEX,41.203133,41.220562,39.06848,39.39957,3577009.8
2008-08-04,TEX,39.451847,39.678383,37.81383,37.918385,3661138.2
2008-08-05,TEX,38.136208,39.06848,37.93581,39.06848,4174976.2
2008-08-06,TEX,39.138184,41.06373,38.66769,40.61066,3575031.2
2008-08-07,TEX,40.68036,40.68036,38.833233,38.955215,2655498.8
2008-08-08,TEX,38.929077,41.73462,38.685116,41.142143,2753629.5
2008-08-11,TEX,41.359966,42.553627,40.479965,42.344517,2642759
2008-08-12,TEX,42.59719,43.38135,41.969864,42.71046,2956892.2
2008-08-13,TEX,41.307686,43.651447,41.29026,43.250656,3013360.5
2008-08-14,TEX,42.71917,44.514023,42.71046,43.973824,2412754.2
2008-08-15,TEX,43.6863,44.96709,43.6863,44.636,1487111.5
2008-08-18,TEX,44.79283,45.219765,43.29422,43.573032,2358352
2008-08-19,TEX,43.56432,43.83442,41.386105,41.98729,2506064.5
2008-08-20,TEX,42.675606,43.146103,41.603924,42.222538,1877798.1
2008-08-21,TEX,41.743332,42.544914,41.29026,41.97858,1561828.6
2008-08-22,TEX,42.475212,43.276794,41.847885,42.449074,1248154.5
2008-08-25,TEX,42.43165,42.71046,41.3164,41.542934,1187439.6
2008-08-26,TEX,41.542934,42.004715,40.776203,41.455807,1295442
2008-08-27,TEX,41.264126,42.666897,41.264126,42.152836,1304591.8
2008-08-28,TEX,42.666897,44.35719,42.518776,43.912834,1634135.5
2008-08-29,TEX,43.86927,44.191647,43.128677,43.816994,1234152.1
2008-09-02,TEX,44.034817,47.215008,42.910854,43.16353,1941497.1
2008-09-03,TEX,43.285507,43.285507,40.53224,41.22927,1939201.6
2008-09-04,TEX,36.149673,36.5069,32.34215,33.12631,12154563
2008-09-05,TEX,32.9172,33.56195,31.57542,33.378983,5887159.5
2008-09-08,TEX,35.191257,35.888287,32.533833,32.67324,7243932.5
2008-09-09,TEX,32.577396,32.69938,30.773834,30.869677,5195880.5
2008-09-10,TEX,30.930668,31.810665,30.730272,31.192053,2721952.2
2008-09-11,TEX,30.747698,32.141754,30.224924,31.993637,3118148
2008-09-12,TEX,31.923933,32.385715,30.84354,32.02849,3593192.8
2008-09-15,TEX,31.09621,32.324722,29.902548,30.137796,3718474.2
2008-09-16,TEX,29.527895,30.712845,28.32552,30.285913,4468516
2008-09-17,TEX,29.919975,30.564728,29.153242,29.179382,4333363
2008-09-18,TEX,29.763144,29.876411,26.879185,29.458195,4976205.5
2008-09-19,TEX,31.192053,31.862944,28.35166,28.909283,6362727.5
2008-09-22,TEX,29.336212,30.137796,28.194828,29.249084,2823777.5
2008-09-23,TEX,30.015818,30.320766,28.735025,29.353638,3008195.8
2008-09-24,TEX,29.841558,30.163935,28.47364,28.970272,3630723.5
2008-09-25,TEX,29.005125,29.562748,28.255817,28.944136,2748514.2
2008-09-26,TEX,28.36037,29.78928,28.238392,29.78057,2947825.2
2008-09-29,TEX,29.249084,29.737005,24.587702,25.511267,5157317
2008-09-30,TEX,25.711662,26.870472,25.110474,26.591661,4251874
2008-10-01,TEX,26.46968,26.521957,24.683544,25.641958,3485614
2008-10-02,TEX,25.61582,25.763939,22.609882,22.749289,3640249.8
2008-10-03,TEX,22.23523,23.45503,20.344538,20.623348,5527689
2008-10-06,TEX,19.211864,20.283548,17.242758,20.144142,5989190.5
2008-10-07,TEX,20.257408,21.215824,18.323153,18.514835,4522085
2008-10-08,TEX,17.512857,19.142162,16.728699,17.957212,4816216.5
2008-10-09,TEX,18.03563,19.1683,16.449886,16.70256,3643336
2008-10-10,TEX,15.691868,17.382164,14.655037,16.606718,4434787.5
2008-10-13,TEX,18.80236,20.422953,17.43444,20.422953,3838678
2008-10-14,TEX,22.191664,22.766712,19.603943,20.196419,4756835.5
2008-10-15,TEX,19.926321,19.926321,16.798403,16.815826,3978670
2008-10-16,TEX,17.033648,18.053053,16.005531,17.721966,3724493
2008-10-17,TEX,17.730679,18.758797,16.894243,17.730679,3580223.5
2008-10-20,TEX,17.730679,18.5584,16.990086,18.488697,2323690.5
2008-10-21,TEX,18.58454,18.58454,15.064543,15.177809,5768398.5
2008-10-22,TEX,14.986127,15.203948,13.35682,14.567908,7044136
2008-10-23,TEX,13.940582,14.149691,11.309297,12.546524,10323407
2008-10-24,TEX,10.324744,11.710089,10.281179,11.056624,7074686.5
2008-10-27,TEX,10.952069,11.509693,10.106922,10.603556,5719893
2008-10-28,TEX,10.978209,11.74494,10.159199,11.7188015,4710980.5
2008-10-29,TEX,11.649099,13.121573,11.457416,12.337415,4186536.2
2008-10-30,TEX,13.409098,15.02969,13.069296,14.768305,7421753.5
2008-10-31,TEX,14.071275,15.238799,13.635632,14.54177,7444624.5
2008-11-03,TEX,14.803156,15.1865225,13.635632,13.670484,4004423.8
2008-11-04,TEX,14.167117,15.561175,13.958009,15.308501,5281235
2008-11-05,TEX,14.811869,15.352067,13.635632,13.940582,21710110
2008-11-06,TEX,14.341373,14.402365,12.56395,12.607514,3728324
2008-11-07,TEX,12.8253355,13.504939,12.598802,13.104147,2969058.2
2008-11-10,TEX,13.696622,13.844741,12.363554,12.5290985,2431691.8
2008-11-11,TEX,12.0498905,12.363554,11.178604,11.640386,2785307
2008-11-12,TEX,11.300585,11.466128,9.95009,10.0197935,3931877
2008-11-13,TEX,10.115635,11.474842,9.627715,11.466128,3599505.2
2008-11-14,TEX,11.178604,11.518406,10.52514,10.559991,2908687.8
2008-11-17,TEX,10.43801,10.673258,9.784546,10.255041,3297538
2008-11-18,TEX,10.13306,10.769099,9.906527,10.289892,3476354
2008-11-19,TEX,10.289892,10.289892,8.860983,8.895834,3375515.8
2008-11-20,TEX,8.712864,8.965537,8.076825,8.129102,3800969.5
2008-11-21,TEX,8.704151,8.782567,7.815439,8.7651415,3941923.2
2008-11-24,TEX,9.40118,10.34217,9.104942,10.150486,3358482.5
2008-11-25,TEX,10.368308,10.725535,9.662566,10.368308,3400259.8
2008-11-26,TEX,10.002367,12.581375,9.862962,12.354841,3894930.5
2008-11-28,TEX,12.206722,12.633653,12.041178,12.424544,1460960.5
2008-12-01,TEX,11.988901,12.015039,10.141774,10.202764,2643971
2008-12-02,TEX,10.568704,12.076029,10.4990015,11.893059,4676074.5
2008-12-03,TEX,11.527119,12.145732,11.013061,11.68395,3352393.8
2008-12-04,TEX,11.379001,11.675238,10.481575,10.812664,2758220.5
2008-12-05,TEX,10.34217,11.840782,10.34217,11.823356,3098256.8
2008-12-08,TEX,12.790484,14.428502,12.790484,13.949295,5679074
2008-12-09,TEX,13.827315,15.308501,13.3045435,14.768305,4845250.5
2008-12-10,TEX,15.09068,15.465334,14.63761,15.3346405,4111059.2
2008-12-11,TEX,15.203948,16.371471,14.315236,14.550484,5024248
2008-12-12,TEX,13.295831,15.012264,13.112861,14.890285,3591684.8
2008-12-15,TEX,15.1516695,15.438498,13.618206,13.827315,2833283
2008-12-16,TEX,13.984146,15.195235,13.522366,15.134245,3376685.2
2008-12-17,TEX,14.777017,15.861769,14.611473,15.508897,3483426.5
2008-12-18,TEX,15.674442,15.674442,14.027711,14.358799,2538889.8
2008-12-19,TEX,14.54177,15.21266,14.149691,14.63761,2543364.8
2008-12-22,TEX,14.620186,15.0035515,13.199988,13.679196,2653547.8
2008-12-23,TEX,13.844741,14.506918,13.435236,13.618206,1511691.2
2008-12-24,TEX,13.687909,13.801177,13.252266,13.748899,660010.3
2008-12-26,TEX,13.783751,14.106127,13.618206,14.097414,741891.56
2008-12-29,TEX,14.350086,14.350086,13.679196,13.818602,1269272.6
2008-12-30,TEX,13.914444,14.4110775,13.531077,14.4110775,2072020.2
2008-12-31,TEX,14.419789,15.360779,14.210681,15.09068,2247711
2009-01-02,TEX,15.09068,16.380184,15.09068,16.327908,2797128.5
2009-01-05,TEX,16.319193,16.98137,15.587313,16.711273,3753301
2009-01-06,TEX,16.990086,18.392857,16.902956,17.826519,3405992.5
2009-01-07,TEX,17.425728,17.46058,15.927115,16.127512,2791045.5
2009-01-08,TEX,15.718007,15.744144,14.750879,15.45662,5272434
2009-01-09,TEX,15.491472,15.491472,14.27167,14.655037,4010277.2
2009-01-12,TEX,14.646324,14.803156,13.17385,13.4526615,4044479.5
2009-01-13,TEX,13.409098,14.053849,13.1564245,13.653058,2590422.8
2009-01-14,TEX,13.374247,13.374247,12.633653,12.834048,3111491.2
2009-01-15,TEX,12.773058,13.252266,11.901772,13.0083065,3334954
2009-01-16,TEX,13.269691,13.504939,12.389692,13.043158,2614371.2
2009-01-20,TEX,12.964742,12.973454,11.762366,11.919198,2391840.5
2009-01-21,TEX,12.13702,12.921177,11.988901,12.903751,2536922.5
2009-01-22,TEX,12.6772175,12.816623,11.910485,12.250287,3053493
2009-01-23,TEX,11.962762,12.8689,11.579396,12.494247,3222476.5
2009-01-26,TEX,11.980188,12.956029,11.805931,12.145732,2751678.5
2009-01-27,TEX,12.232861,12.8253355,12.13702,12.311276,2662614.8
2009-01-28,TEX,12.982167,13.278404,12.607514,12.816623,2970506.5
2009-01-29,TEX,12.598802,12.633653,10.6471195,10.952069,5728731.5
2009-01-30,TEX,10.969496,10.969496,9.915239,10.316031,4978041.5
2009-02-02,TEX,10.011081,10.316031,9.523161,10.263754,4299619.5
2009-02-03,TEX,10.202764,10.786526,9.897813,10.464149,4219664
2009-02-04,TEX,10.464149,11.544544,10.455437,10.969496,4182092.2
2009-02-05,TEX,10.803951,11.814644,10.629694,11.736228,3828591.8
2009-02-06,TEX,11.788505,12.537811,11.771079,12.450683,4144676.2
2009-02-09,TEX,12.44197,13.217415,12.293851,12.74692,4801291.5
2009-02-10,TEX,12.607514,13.243553,11.544544,11.779793,4949873
2009-02-11,TEX,11.919198,12.415831,11.50098,11.86692,4797116
2009-02-12,TEX,9.183358,9.479596,7.536627,8.233656,22584796
2009-02-13,TEX,8.416626,8.839201,8.146528,8.42534,6674197
2009-02-17,TEX,8.259794,8.259794,6.926727,7.0138555,8028319
2009-02-18,TEX,7.1793995,7.3362317,6.639202,7.048707,6137622.5
2009-02-19,TEX,7.109697,7.371083,6.7001925,6.769895,3840155.2
2009-02-20,TEX,6.8308854,7.310093,6.7263308,7.127123,6418952.5
2009-02-23,TEX,7.2491026,7.36237,6.5782123,6.5956383,5965203
2009-02-24,TEX,6.6740537,7.48435,6.5259347,7.318805,4546667
2009-02-25,TEX,7.54534,8.259794,7.1619744,7.353657,8621849
2009-02-26,TEX,7.4233603,7.710885,6.8570237,6.8744497,4846802.5
2009-02-27,TEX,6.6740537,7.876429,6.6740537,7.771875,8308460
2009-03-02,TEX,7.5279145,7.649894,6.708905,6.735044,6453957
2009-03-03,TEX,6.9528656,7.127123,6.508509,6.7786083,4625230
2009-03-04,TEX,7.0051427,7.867716,6.970291,7.5104885,4493177
2009-03-05,TEX,7.196826,7.318805,6.656628,6.769895,4201874.5
2009-03-06,TEX,6.865737,7.1881127,6.395242,6.6479154,3858644
2009-03-09,TEX,6.534648,7.1445484,6.4213805,6.8831625,3517213.2
2009-03-10,TEX,7.1881127,8.102963,7.1619744,8.085538,5492064.5
2009-03-11,TEX,8.277221,8.782567,7.91128,8.120389,5278402
2009-03-12,TEX,8.068112,8.60831,7.6586075,8.582171,3426607
2009-03-13,TEX,8.712864,8.930685,8.137815,8.364349,4590426.5
2009-03-16,TEX,8.477616,8.921972,8.303359,8.355637,5114736
2009-03-17,TEX,8.364349,8.564745,8.041973,8.547319,3177485.8
2009-03-18,TEX,8.486329,8.895834,8.137815,8.773853,5087884
2009-03-19,TEX,8.573459,8.991675,8.277221,8.6170225,5256368
2009-03-20,TEX,8.686726,8.7651415,7.771875,7.9461317,2877125.2
2009-03-23,TEX,8.521181,9.09623,8.233656,9.0613785,3921672.8
2009-03-24,TEX,8.817418,9.40118,8.590883,9.113656,3396701.8
2009-03-25,TEX,9.09623,9.58415,8.42534,8.939399,3301555
2009-03-26,TEX,9.148507,9.549299,8.843556,9.531873,6258791.5
2009-03-27,TEX,9.331477,9.619001,9.174645,9.5405855,3446002.5
2009-03-30,TEX,9.165934,9.165934,7.91128,8.216231,5431394.5
2009-03-31,TEX,8.233656,8.451478,7.97227,8.059399,4207721
2009-04-01,TEX,7.9199934,8.529894,7.7544484,8.486329,2963051
2009-04-02,TEX,8.921972,9.444745,8.712864,9.183358,4176353.5
2009-04-03,TEX,9.148507,9.976229,8.991675,9.775833,3703028
2009-04-06,TEX,9.793259,9.793259,9.296626,9.662566,2005884.6
2009-04-07,TEX,9.383755,9.409893,8.982963,9.087518,1797249.5
2009-04-08,TEX,9.165934,9.409893,8.939399,9.192072,1417444.4
2009-04-09,TEX,9.531873,10.533853,9.444745,10.464149,4434100
2009-04-13,TEX,10.307318,10.925931,9.932665,10.777813,2937610.5
2009-04-14,TEX,10.7952385,11.1263275,10.289892,10.403159,2112853
2009-04-15,TEX,10.298605,10.969496,10.202764,10.786526,2637823.8
2009-04-16,TEX,10.455437,11.143753,10.455437,10.943357,3854234.5
2009-04-17,TEX,11.013061,11.34415,10.742961,11.065337,4560498
2009-04-20,TEX,10.803951,10.803951,9.758408,9.845536,4458465
2009-04-21,TEX,9.523161,10.559991,9.244349,10.542565,6997493.5
2009-04-22,TEX,9.558012,10.908506,9.523161,10.1679125,10315896
2009-04-23,TEX,10.246328,10.507714,9.984942,10.255041,3931543
2009-04-24,TEX,10.411872,11.457416,10.324744,11.309297,6517834
2009-04-27,TEX,11.13504,11.161179,10.559991,10.812664,3317508.5
2009-04-28,TEX,10.760387,10.960783,10.455437,10.751675,2227166.8
2009-04-29,TEX,10.917218,11.919198,10.769099,11.762366,4333592.5
2009-04-30,TEX,12.023752,12.80791,11.858208,12.023752,4552276
2009-05-01,TEX,12.023752,13.365534,12.023752,12.982167,3651923.2
2009-05-04,TEX,13.23484,13.574642,12.956029,13.504939,4653008.5
2009-05-05,TEX,13.478801,14.062562,13.295831,13.966722,3512851.8
2009-05-06,TEX,14.2281065,14.472068,13.696622,14.445929,4131936.5
2009-05-07,TEX,14.672463,14.803156,13.287117,13.435236,4304783
2009-05-08,TEX,13.409098,15.613452,13.409098,15.596026,5063653
2009-05-11,TEX,15.195235,15.247512,13.905731,13.958009,4360821
2009-05-12,TEX,14.210681,14.480781,12.903751,13.321969,4294799
2009-05-13,TEX,12.450683,12.834048,12.110881,12.13702,3970680.8
2009-05-14,TEX,11.936624,12.694642,11.762366,12.56395,3714163.2
2009-05-15,TEX,12.50296,13.025731,12.354841,12.572663,2814470.8
2009-05-18,TEX,12.799197,13.565928,12.607514,13.461374,3658154.2
2009-05-19,TEX,13.409098,14.140978,13.165137,13.949295,3799507.2
2009-05-20,TEX,14.193256,15.073254,13.870879,13.940582,3923689.2
2009-05-21,TEX,13.661771,13.836028,12.694642,12.956029,3313194.2
2009-05-22,TEX,13.095434,13.374247,12.773058,13.017018,1977535.8
2009-05-26,TEX,12.816623,13.6007805,12.607514,13.382958,3278437.5
2009-05-27,TEX,13.339395,13.80989,13.278404,13.409098,3563552.8
2009-05-28,TEX,12.102168,12.250287,11.187318,11.86692,14588812
2009-05-29,TEX,12.285138,12.293851,11.518406,11.692663,26721468
2009-06-01,TEX,12.041178,12.956029,11.805931,12.520386,10875304
2009-06-02,TEX,12.511672,12.651079,12.128306,12.346128,6790763.5
2009-06-03,TEX,12.180583,12.311276,11.7188015,11.988901,4162514.2
2009-06-04,TEX,12.076029,12.80791,11.997614,12.712069,6965231
2009-06-05,TEX,13.208701,13.592068,12.790484,13.199988,5947968.5
2009-06-08,TEX,12.755633,13.034445,12.485534,12.738207,3837773.8
2009-06-09,TEX,12.764345,12.938603,12.372267,12.703356,3340118.8
2009-06-10,TEX,12.912464,13.147712,12.1980095,12.56395,3637380.2
2009-06-11,TEX,12.607514,12.80791,12.485534,12.555237,2273957.2
2009-06-12,TEX,12.424544,12.651079,12.363554,12.607514,2306924.5
2009-06-15,TEX,12.293851,12.433257,11.74494,11.927911,3120551.5
2009-06-16,TEX,12.058604,12.337415,11.265734,11.405139,4001898.8
2009-06-17,TEX,11.544544,11.544544,10.8300905,11.230882,3874351.8
2009-06-18,TEX,11.265734,11.274446,10.734248,10.960783,2301033.2
2009-06-19,TEX,11.056624,11.31801,10.89108,11.039199,3127899.2
2009-06-22,TEX,10.960783,10.960783,9.906527,10.106922,4162236.5
2009-06-23,TEX,10.220189,10.542565,10.063358,10.420586,5335214.5
2009-06-24,TEX,10.533853,10.960783,10.464149,10.673258,2881257
2009-06-25,TEX,10.603556,11.07405,10.472863,11.047912,2668290.2
2009-06-26,TEX,10.960783,11.117615,10.725535,10.803951,2666746.5
2009-06-29,TEX,10.847515,11.13504,10.638407,10.716823,2777617
2009-06-30,TEX,10.673258,10.856229,10.350883,10.516426,2620952.2
2009-07-01,TEX,10.638407,10.943357,10.533853,10.586129,2778535.2
2009-07-02,TEX,10.429298,10.507714,10.028506,10.028506,2454009.5
2009-07-06,TEX,9.984942,10.002367,9.436031,9.636428,1921985.8
2009-07-07,TEX,9.653853,9.697417,9.348903,9.409893,3149136.8
2009-07-08,TEX,9.444745,9.479596,8.930685,9.235636,4135035.2
2009-07-09,TEX,9.314052,9.610289,9.235636,9.235636,2202146.2
2009-07-10,TEX,9.200785,9.348903,9.009102,9.235636,2323690.5
2009-07-13,TEX,9.322764,9.679992,8.921972,9.64514,2158762
2009-07-14,TEX,9.64514,9.889101,9.34019,9.810685,2194686
2009-07-15,TEX,10.072071,10.638407,9.976229,10.594842,3376501.8
2009-07-16,TEX,10.568704,11.239594,10.472863,11.108902,3399571
2009-07-17,TEX,11.030485,11.50098,11.030485,11.31801,2634380.8
2009-07-20,TEX,11.788505,12.363554,11.666525,12.006327,5937702
2009-07-21,TEX,12.546524,12.703356,11.614247,11.901772,4269276
2009-07-22,TEX,11.675238,12.13702,11.579396,11.832069,2834315
2009-07-23,TEX,10.786526,12.555237,10.681972,12.5290985,7743782
2009-07-24,TEX,12.415831,12.581375,11.797217,12.328702,3195390.2
2009-07-27,TEX,12.1980095,12.8689,12.1980095,12.8253355,3640132.5
2009-07-28,TEX,12.56395,12.773058,12.31999,12.694642,2535102.2
2009-07-29,TEX,12.616226,12.616226,12.128306,12.241574,2266992.8
2009-07-30,TEX,12.5290985,13.1564245,12.44197,12.956029,2837805.2
2009-07-31,TEX,12.860188,13.391672,12.790484,13.226128,1730020.1
2009-08-03,TEX,13.4526615,14.106127,13.409098,13.844741,3429284.5
2009-08-04,TEX,13.740187,14.079988,13.548504,13.888305,3803577.2
2009-08-05,TEX,13.958009,13.958009,13.391672,13.504939,3334494.8
2009-08-06,TEX,13.696622,13.844741,13.330682,13.775038,2856236.5
2009-08-07,TEX,13.984146,14.8554325,13.801177,14.750879,3190799.2
2009-08-10,TEX,14.63761,14.707314,13.844741,13.966722,4142216.8
2009-08-11,TEX,13.8970175,14.053849,13.287117,13.478801,2426068
2009-08-12,TEX,13.382958,14.280383,13.35682,14.027711,4008441
2009-08-13,TEX,14.193256,14.262959,13.722761,13.8970175,2373731.5
2009-08-14,TEX,13.905731,13.905731,13.095434,13.23484,2468534
2009-08-17,TEX,12.851475,12.860188,12.424544,12.659791,3286639.2
2009-08-18,TEX,12.773058,13.138999,12.755633,13.086722,2634725
2009-08-19,TEX,12.799197,13.269691,12.555237,12.99088,2415049.8
2009-08-20,TEX,12.921177,13.722761,12.912464,13.574642,3588487
2009-08-21,TEX,13.687909,14.742166,13.635632,14.550484,6521506.5
2009-08-24,TEX,14.646324,15.230085,14.315236,14.358799,4690306
2009-08-25,TEX,14.567908,14.907711,14.341373,14.489492,3252202.8
2009-08-26,TEX,14.4110775,14.777017,14.210681,14.63761,4443085.5
2009-08-27,TEX,14.550484,14.803156,14.123551,14.733453,2739283
2009-08-28,TEX,14.803156,15.221373,14.733453,14.872858,3109081
2009-08-31,TEX,14.707314,14.72474,14.132265,14.358799,4103472.8
2009-09-01,TEX,14.254246,14.8554325,13.818602,13.940582,4205276.5
2009-09-02,TEX,13.8970175,13.992859,13.522366,13.592068,2749162.8
2009-09-03,TEX,13.757612,14.010285,13.487513,13.992859,1824314
2009-09-04,TEX,13.940582,14.515631,13.940582,14.472068,1545416.1
2009-09-08,TEX,14.742166,15.047116,14.620186,14.925136,2293735
2009-09-09,TEX,15.09068,15.508897,14.716026,15.247512,2373157.8
2009-09-10,TEX,15.247512,15.622166,14.933936,15.561175,2321391.8
2009-09-11,TEX,15.5786,16.040382,15.439195,15.587313,3145403.2
2009-09-14,TEX,15.386917,16.371471,15.177809,16.31048,4014791.2
2009-09-15,TEX,16.319193,16.772263,16.258204,16.545729,4311647.5
2009-09-16,TEX,16.685135,17.530283,16.61543,17.15563,4563562.5
2009-09-17,TEX,17.234045,17.486717,16.78969,17.207907,4125520.8
2009-09-18,TEX,17.329885,17.425728,16.58058,17.033648,2877125.2
2009-09-21,TEX,16.693848,16.798403,16.284344,16.345333,3717950.8
2009-09-22,TEX,16.545729,17.52157,16.545729,17.469292,4327968.5
2009-09-23,TEX,17.486717,17.913649,17.21662,17.329885,3603708.2
2009-09-24,TEX,17.338598,17.573847,16.624144,16.868105,4639347
2009-09-25,TEX,17.19048,17.504145,16.624144,17.199194,5107046.5
2009-09-28,TEX,17.390875,18.061766,17.077213,17.748104,3780846.5
2009-09-29,TEX,17.774242,18.514835,17.774242,18.183748,3229296.5
2009-09-30,TEX,18.16632,18.532263,17.591272,18.061766,4075927.2
2009-10-01,TEX,18.04434,18.19246,16.902956,16.946522,6206340.5
2009-10-02,TEX,16.624144,16.632858,15.752858,15.778997,6346593
2009-10-05,TEX,15.857413,16.929094,15.857413,16.859392,3590438.2
2009-10-06,TEX,17.146917,17.321173,16.589294,17.059788,3269304
2009-10-07,TEX,16.937807,17.469292,16.929094,17.373451,3292080.5
2009-10-08,TEX,17.39959,18.218597,17.286322,18.148895,4947627
2009-10-09,TEX,18.07048,19.133448,17.817808,19.098598,4555218.5
2009-10-12,TEX,19.1683,19.25543,18.445133,18.5584,4228460.5
2009-10-13,TEX,18.610678,18.906916,18.236025,18.872063,2645858
2009-10-14,TEX,19.098598,20.100576,18.959192,20.057013,4331123.5
2009-10-15,TEX,19.699785,20.327112,19.68236,20.26612,2699234.2
2009-10-16,TEX,20.553646,20.693052,19.752062,20.13543,3535691.8
2009-10-19,TEX,20.144142,21.32909,20.144142,21.006716,4481310.5
2009-10-20,TEX,21.825724,22.313644,20.483944,20.788895,7813556
2009-10-21,TEX,20.762754,21.302954,20.370676,20.553646,5591158
2009-10-22,TEX,19.386122,20.649488,19.307707,20.475231,8212684
2009-10-23,TEX,20.841171,21.773447,20.492657,20.632063,4744552.5
2009-10-26,TEX,20.675625,21.747307,20.309685,20.370676,3692504.5
2009-10-27,TEX,20.50137,20.86731,19.473251,19.508102,3358138
2009-10-28,TEX,19.438398,19.586517,17.98335,18.087906,5002718
2009-10-29,TEX,18.31444,19.142162,18.31444,18.854637,3343405.8
2009-10-30,TEX,18.845924,18.854637,17.312462,17.61741,5040707.5
2009-11-02,TEX,17.739391,18.49741,17.225332,17.643549,3088898.2
2009-11-03,TEX,17.390875,18.43642,17.225332,18.34929,2911238
2009-11-04,TEX,18.575825,18.92434,18.105331,18.175035,2032913.6
2009-11-05,TEX,17.678402,18.41028,17.573847,18.375431,4114745.8
2009-11-06,TEX,17.965925,18.732658,17.756817,17.88751,4128263.8
2009-11-09,TEX,18.218597,18.92434,18.053053,18.88949,4617999.5
2009-11-10,TEX,18.77622,19.551666,18.506123,18.845924,3384421
2009-11-11,TEX,19.150875,19.786913,18.967905,19.238003,3864171.5
2009-11-12,TEX,19.29028,19.508102,18.71523,18.758797,2156581.2
2009-11-13,TEX,18.837212,19.072458,18.236025,18.366716,6712139.5
2009-11-16,TEX,18.58454,19.551666,18.462559,19.264143,2816180.8
2009-11-17,TEX,19.055035,19.220577,18.68038,19.150875,1744776.5
2009-11-18,TEX,19.203154,19.490677,19.020182,19.203154,2476797.5
2009-11-19,TEX,18.967905,18.967905,18.270876,18.384144,2154400.8
2009-11-20,TEX,18.209885,18.209885,17.52157,17.687113,2119579.8
2009-11-23,TEX,18.04434,18.244738,17.042362,17.19048,4739084.5
2009-11-24,TEX,17.094639,17.260183,16.589294,17.007511,3092668.5
2009-11-25,TEX,17.024937,17.46058,16.920382,17.347311,1400458
2009-11-27,TEX,16.554441,16.920382,16.162361,16.537016,1430070.5
2009-11-30,TEX,16.441175,16.650284,16.092659,16.406322,2868746.8
2009-12-01,TEX,16.58058,17.181767,16.58058,16.920382,3007073.2
2009-12-02,TEX,16.946522,17.25147,16.719986,16.859392,2362943
2009-12-03,TEX,16.920382,17.077213,16.545729,16.589294,2292013.2
2009-12-04,TEX,16.815826,17.25147,16.33662,16.667707,2111246
2009-12-07,TEX,16.502165,17.007511,16.502165,16.82454,2201960.2
2009-12-08,TEX,16.685135,16.737411,16.301767,16.354046,2049337.6
2009-12-09,TEX,16.449886,16.519588,15.979393,16.197214,1858631.1
2009-12-10,TEX,16.345333,16.563154,15.892263,16.049095,2513295.2
2009-12-11,TEX,16.092659,16.258204,15.935829,16.240778,1224188.8
2009-12-14,TEX,16.371471,16.423748,16.092659,16.266916,1750170.8
2009-12-15,TEX,16.110085,16.24949,15.9619665,16.06652,2014263.1
2009-12-16,TEX,16.223352,17.007511,16.127512,16.841967,2783495.8
2009-12-17,TEX,16.737411,17.077213,16.61543,16.833252,2396112.2
2009-12-18,TEX,17.033648,17.033648,16.641571,16.737411,2290750.8
2009-12-21,TEX,18.079193,18.323153,17.138203,18.244738,13331509
2009-12-22,TEX,18.331867,18.706432,18.065252,18.689095,3365499.5
2009-12-23,TEX,18.750084,18.793648,18.201172,18.427708,1707590.1
2009-12-24,TEX,18.445133,18.628103,18.323153,18.506123,498881.88
2009-12-28,TEX,18.532263,18.532263,17.791668,17.904934,1940693.6
2009-12-29,TEX,17.88751,17.974638,17.643549,17.678402,1608311.6
2009-12-30,TEX,17.49543,17.730679,17.43444,17.608698,1029282.7
2009-12-31,TEX,17.626123,17.66969,17.260183,17.260183,1176191.9
2010-01-04,TEX,17.739391,18.297014,17.512857,18.270876,5982449.5
2010-01-05,TEX,18.418993,18.741371,18.201172,18.601965,3052727.5
2010-01-06,TEX,18.610678,18.994043,18.506123,18.811073,2667091
2010-01-07,TEX,18.671667,19.943745,18.61939,19.68236,4483944.5
2010-01-08,TEX,19.455826,19.908894,19.185726,19.830479,2758500.5
2010-01-11,TEX,19.874043,20.815031,19.874043,20.59721,4424944.5
2010-01-12,TEX,20.370676,20.727903,20.144142,20.396814,5344383
2010-01-13,TEX,20.527508,20.701765,19.847904,20.588497,2183667.8
2010-01-14,TEX,20.544933,20.640776,19.804338,20.213844,2998554.8
2010-01-15,TEX,20.0483,20.50137,19.760777,19.943745,2194105.2
2010-01-19,TEX,19.86533,20.370676,19.856617,20.318398,1674765
2010-01-20,TEX,20.13543,20.13543,19.473251,19.874043,1609688.9
2010-01-21,TEX,19.725924,19.882755,19.098598,19.22929,2539807.8
2010-01-22,TEX,18.837212,19.386122,18.540976,18.697805,2873337.8
2010-01-25,TEX,19.028894,19.246717,18.462559,18.654242,1880782.2
2010-01-26,TEX,18.610678,18.959192,18.340578,18.375431,1129249.9
2010-01-27,TEX,18.297014,18.375431,17.425728,18.087906,3048022
2010-01-28,TEX,18.218597,18.244738,17.382164,17.88751,2103556.2
2010-01-29,TEX,17.974638,18.209885,16.937807,17.033648,2423887.2
2010-02-01,TEX,17.112064,17.59075,17.0685,17.530283,1448588
2010-02-02,TEX,17.626123,17.88751,17.120777,17.469292,2389205.2
2010-02-03,TEX,17.43444,17.713253,17.19048,17.295034,1641940
2010-02-04,TEX,17.12949,17.12949,16.197214,16.205927,2851367.8
2010-02-05,TEX,16.15365,16.162361,15.09068,15.805135,3983076
2010-02-08,TEX,15.700582,16.179789,15.45662,15.657016,2522132.8
2010-02-09,TEX,16.040382,16.24949,15.761571,16.06652,2487930.5
2010-02-10,TEX,15.988106,16.24949,15.639591,16.014244,1667649.1
2010-02-11,TEX,15.988106,16.641571,15.831274,16.61543,2381880.5
2010-02-12,TEX,16.240778,16.476025,16.057808,16.362759,2930724
2010-02-16,TEX,16.728699,17.312462,16.519588,17.30375,2557253.2
2010-02-17,TEX,17.608698,17.774242,17.347311,17.573847,3469913
2010-02-18,TEX,16.946522,18.13147,16.815826,17.181767,4875549.5
2010-02-19,TEX,17.486717,18.105331,17.138203,17.896223,3657810
2010-02-22,TEX,18.04434,18.25345,17.76553,17.896223,2709212.5
2010-02-23,TEX,17.774242,18.07048,16.990086,17.207907,2796325
2010-02-24,TEX,17.199194,17.730679,16.754837,16.88553,3207326.5
2010-02-25,TEX,16.598005,16.894243,16.118797,16.798403,2924870.8
2010-02-26,TEX,16.841967,17.024937,16.476025,16.963945,1771289
2010-03-01,TEX,17.112064,17.347311,16.990086,17.12949,2397833.8
2010-03-02,TEX,17.199194,17.547707,17.164343,17.408302,2557464.5
2010-03-03,TEX,17.478004,18.915627,17.295034,18.58454,9845943
2010-03-04,TEX,18.741371,19.211864,18.645529,19.133448,2730336.5
2010-03-05,TEX,19.368696,19.943745,19.264143,19.795626,3348079.5
2010-03-08,TEX,19.786913,19.952457,19.438398,19.760777,2356826.8
2010-03-09,TEX,19.612658,19.839191,19.464539,19.56038,2447989.5
2010-03-10,TEX,19.586517,19.926321,19.298994,19.438398,2169780.2
2010-03-11,TEX,19.473251,19.795626,19.1683,19.708498,2473962.8
2010-03-12,TEX,19.86533,20.039587,19.647507,20.004734,1567222.9
2010-03-15,TEX,19.908894,20.039587,19.386122,19.647507,1357992
2010-03-16,TEX,19.708498,20.10929,19.551666,20.057013,1458647.9
2010-03-17,TEX,20.17028,20.736616,20.07444,20.440378,2835118.2
2010-03-18,TEX,20.35325,20.53622,19.86533,19.969885,1358336.4
2010-03-19,TEX,20.022161,20.030874,19.037607,19.22929,2610622.8
2010-03-22,TEX,18.98533,19.438398,18.837212,19.325132,1440169.4
2010-03-23,TEX,19.394835,20.08315,19.325132,19.943745,1999686.9
2010-03-24,TEX,19.830479,19.86533,19.438398,19.490677,1505934.2
2010-03-25,TEX,19.795626,19.86533,19.055035,19.089884,1940903.8
2010-03-26,TEX,19.1683,19.377409,18.61939,18.793648,2744677.2
2010-03-29,TEX,18.967905,19.40355,18.872063,19.40355,1283619.2
2010-03-30,TEX,19.473251,19.586517,19.124737,19.298994,1152893
2010-03-31,TEX,19.194439,19.978598,19.072458,19.786913,2905703.5
2010-04-01,TEX,19.978598,20.588497,19.96117,20.588497,2663992
2010-04-05,TEX,20.693052,21.39008,20.693052,21.302954,3692127
2010-04-06,TEX,21.241962,21.84315,21.146122,21.564339,3866926
2010-04-07,TEX,21.555626,21.790873,21.32909,21.564339,2419640.8
2010-04-08,TEX,21.35523,21.991268,21.180971,21.956417,2597997.8
2010-04-09,TEX,22.034834,23.010674,22.034834,22.792852,5821736.5
2010-04-12,TEX,22.749289,22.810278,22.374636,22.461763,2633003.2
2010-04-13,TEX,22.418198,22.758001,22.23523,22.45305,1464845.5
2010-04-14,TEX,22.63602,22.670872,22.243942,22.609882,2985585.5
2010-04-15,TEX,22.845129,23.60315,22.714436,23.289484,3751235
2010-04-16,TEX,23.115229,23.559586,22.252655,22.749289,4202038.5
2010-04-19,TEX,22.566317,22.583744,21.163548,21.790873,3835707.8
2010-04-20,TEX,21.904139,22.662159,21.904139,22.662159,2775895.5
2010-04-21,TEX,22.731863,22.845129,22.304932,22.749289,2686163.8
2010-04-22,TEX,21.956417,23.57701,21.956417,23.411467,5274551.5
2010-04-23,TEX,23.385326,24.239187,23.306911,24.169485,2743414.8
2010-04-26,TEX,24.439583,25.014631,24.117208,24.221762,2276289.5
2010-04-27,TEX,24.779385,24.779385,22.914831,23.010674,4095256.2
2010-04-28,TEX,23.289484,23.57701,22.762358,22.949684,2433974.8
2010-04-29,TEX,23.237207,24.578989,23.123941,24.256613,2981339
2010-04-30,TEX,24.265326,24.61384,23.019386,23.106516,2171272.2
2010-05-03,TEX,23.359188,24.631268,23.141367,24.561563,3932797.5
2010-05-04,TEX,24.073643,24.073643,22.78414,23.019386,2752464.8
2010-05-05,TEX,22.435625,23.629288,21.337803,22.81899,3588716.8
2010-05-06,TEX,22.644733,23.315624,19.1683,21.50335,5864354
2010-05-07,TEX,21.372656,21.520775,19.53424,19.647507,5024524.5
2010-05-10,TEX,21.677605,22.008694,21.23325,21.790873,3770861.2
2010-05-11,TEX,21.163548,22.17424,21.02414,21.642754,1836250.4
2010-05-12,TEX,21.799585,22.96711,21.799585,22.653446,2729756.8
2010-05-13,TEX,22.609882,23.289484,22.313644,22.69701,2554498.8
2010-05-14,TEX,22.383348,22.383348,20.86731,21.35523,4753890.5
2010-05-17,TEX,21.546911,21.747307,19.603943,20.274836,3902277.2
2010-05-18,TEX,20.562359,21.032852,19.551666,19.647507,2883182.8
2010-05-19,TEX,19.490677,19.935032,18.488697,19.298994,3528139.5
2010-05-20,TEX,18.445133,18.732658,17.76553,17.974638,3840512.2
2010-05-21,TEX,17.608698,18.732658,17.312462,18.453846,4565895
2010-05-24,TEX,18.375431,18.750084,17.931074,18.000776,2078306.2
2010-05-25,TEX,17.12949,18.096619,16.719986,18.053053,4015786.2
2010-05-26,TEX,18.41028,19.264143,18.201172,18.68038,4002587.5
2010-05-27,TEX,19.368696,19.656221,19.046322,19.603943,2770386.5
2010-05-28,TEX,19.569092,19.76949,18.61939,18.959192,2364205.5
2010-06-01,TEX,18.636816,19.656221,18.340578,18.514835,3559798.5
2010-06-02,TEX,18.723944,19.177013,18.331867,19.177013,3098062.8
2010-06-03,TEX,19.760777,19.908894,19.089884,19.691072,2846366
2010-06-04,TEX,19.011469,19.508102,18.04434,18.25345,3584814.5
2010-06-07,TEX,18.026917,18.183748,16.815826,16.876818,3955320.5
2010-06-08,TEX,17.033648,17.234045,16.179789,16.563154,4702587
2010-06-09,TEX,16.815826,17.547707,16.502165,16.61543,2427445.2
2010-06-10,TEX,17.21662,17.782955,17.164343,17.756817,2479207.8
2010-06-11,TEX,17.417015,18.244738,17.382164,17.774242,2622673.8
2010-06-14,TEX,18.16632,18.5584,17.80038,17.913649,2351006.5
2010-06-15,TEX,18.105331,18.706518,17.957212,18.645529,2056958.5
2010-06-16,TEX,18.479984,19.49939,18.279589,19.342558,4430783
2010-06-17,TEX,19.31642,19.447111,18.741371,19.037607,1752695.8
2010-06-18,TEX,19.133448,19.31642,18.750084,19.055035,1662254.9
2010-06-21,TEX,19.516815,19.874043,19.046322,19.220577,2559893
2010-06-22,TEX,19.377409,19.74335,18.392857,18.453846,2227855.2
2010-06-23,TEX,18.40157,18.741371,17.870085,18.471272,2227855.2
2010-06-24,TEX,18.297014,18.323153,17.695826,17.76553,2042152.9
2010-06-25,TEX,17.922361,18.236025,17.486717,18.209885,2133282.5
2010-06-28,TEX,18.13147,18.41028,17.634836,17.904934,2102638.2
2010-06-29,TEX,17.390875,17.390875,16.423748,16.58058,3141707.5
2010-06-30,TEX,16.510878,17.007511,16.266916,16.327908,2476223.8
2010-07-01,TEX,16.284344,16.502165,15.240454,15.430481,6556055.5
2010-07-02,TEX,15.561175,15.770284,15.0384035,15.552463,3114248
2010-07-06,TEX,15.892263,16.266916,15.0035515,15.073254,3081637.8
2010-07-07,TEX,14.777017,15.54375,14.6289,15.42177,4037708
2010-07-08,TEX,15.683155,15.970679,15.482759,15.78771,2971009.2
2010-07-09,TEX,15.726719,16.406322,15.648303,16.284344,1726068.5
2010-07-12,TEX,16.171076,16.371471,15.657016,15.857413,1328725
2010-07-13,TEX,16.188501,16.76355,16.188501,16.641571,1651695.8
2010-07-14,TEX,16.554441,16.650284,16.110085,16.537016,2481044.2
2010-07-15,TEX,16.519588,16.519588,15.900976,16.118797,2157499.5
2010-07-16,TEX,15.94454,16.005531,15.203948,15.230085,2513524.8
2010-07-19,TEX,15.3346405,15.648303,15.142957,15.482759,3580797.2
2010-07-20,TEX,15.1516695,16.319193,15.0035515,16.205927,2944267.2
2010-07-21,TEX,16.519588,17.425728,16.423748,16.58058,5256021.5
2010-07-22,TEX,17.077213,17.512857,16.876818,17.373451,4605489
2010-07-23,TEX,17.417015,18.427708,17.295034,18.418993,5382157
2010-07-26,TEX,18.375431,18.741371,18.305727,18.58454,2329314.5
2010-07-27,TEX,18.80236,18.80236,17.739391,17.965925,2930609.2
2010-07-28,TEX,17.86137,18.061766,17.591272,17.965925,2892504.8
2010-07-29,TEX,18.183748,18.244738,16.76355,16.937807,5003521.5
2010-07-30,TEX,16.510878,17.30375,16.319193,17.199194,4596441.5
2010-08-02,TEX,17.713253,18.262161,17.43444,18.201172,3472911
2010-08-03,TEX,18.105331,18.384144,17.739391,18.148895,1978339.1
2010-08-04,TEX,18.331867,18.689095,18.157608,18.628103,2171265.5
2010-08-05,TEX,18.445133,18.837212,18.34929,18.49741,1863681.1
2010-08-06,TEX,18.122757,18.49741,17.782955,18.25345,1819149.2
2010-08-09,TEX,18.471272,18.601965,18.000776,18.514835,2486668
2010-08-10,TEX,18.148895,18.384144,18.026917,18.19246,2886192.2
2010-08-11,TEX,17.599985,17.843945,16.920382,17.103352,3990539.8
2010-08-12,TEX,16.641571,16.929094,16.493452,16.667707,2372469
2010-08-13,TEX,16.61543,16.955233,16.537016,16.641571,2132134.8
2010-08-16,TEX,16.441175,17.199194,16.327908,16.98137,1524527.4
2010-08-17,TEX,17.425728,17.52157,17.15563,17.30375,2580896.5
2010-08-18,TEX,17.286322,17.530283,17.033648,17.25147,1769911.8
2010-08-19,TEX,17.094639,17.390875,16.528303,16.746124,2263320
2010-08-20,TEX,16.598005,17.573847,16.528303,17.512857,3828307.2
2010-08-23,TEX,17.80038,17.826519,16.911669,17.024937,4293371.5
2010-08-24,TEX,16.563154,16.754837,16.223352,16.406322,1908443.6
2010-08-25,TEX,16.162361,16.423748,15.718007,16.327908,2493312.2
2010-08-26,TEX,16.388897,16.641571,15.726719,15.78771,1752336.5
2010-08-27,TEX,16.083946,16.510878,15.526323,16.476025,1877453.9
2010-08-30,TEX,16.388897,16.493452,15.813848,15.813848,1345137.5
2010-08-31,TEX,15.726719,16.232065,15.517611,15.866124,1439480.8
2010-09-01,TEX,16.380184,16.990086,16.371471,16.911669,1708508.2
2010-09-02,TEX,16.876818,17.512857,16.76355,17.49543,1745465.1
2010-09-03,TEX,17.904934,18.148895,17.66969,17.791668,1454056.9
2010-09-07,TEX,17.61741,17.86137,17.512857,17.565134,1268010.1
2010-09-08,TEX,17.704538,18.209885,17.704538,17.86137,1537726.2
2010-09-09,TEX,18.218597,18.244738,17.626123,18.00949,2854400.2
2010-09-10,TEX,18.105331,18.19246,17.66969,17.965925,1934840.2
2010-09-13,TEX,18.297014,18.723944,18.227312,18.654242,1569747.9
2010-09-14,TEX,18.61939,18.750084,18.340578,18.540976,1605901.4
2010-09-15,TEX,18.462559,18.593252,18.25345,18.532263,1599359.2
2010-09-16,TEX,18.471272,18.967905,18.418993,18.880775,1454286.5
2010-09-17,TEX,19.055035,19.264143,18.697805,19.211864,2018394.9
2010-09-20,TEX,19.368696,19.691072,19.055035,19.68236,2021493.8
2010-09-21,TEX,19.656221,20.013449,19.53424,19.603943,1811918.6
2010-09-22,TEX,19.464539,19.86533,19.1683,19.359983,1562402.5
2010-09-23,TEX,19.124737,19.394835,18.5584,18.662954,1593371.6
2010-09-24,TEX,19.159588,19.952457,19.124737,19.90018,2114459.8
2010-09-27,TEX,19.830479,19.874043,19.264143,19.630083,1887094.8
2010-09-28,TEX,19.778202,19.856617,19.194439,19.656221,2801834.2
2010-09-29,TEX,19.464539,20.0483,19.438398,19.752062,1592013.9
2010-09-30,TEX,19.952457,20.152853,19.577805,19.969885,3061183
2010-10-01,TEX,20.039587,20.370676,19.96117,20.327112,2492726.8
2010-10-04,TEX,20.248695,20.527508,19.795626,20.022161,2124445
2010-10-05,TEX,20.318398,20.998003,20.318398,20.710478,2080601.8
2010-10-06,TEX,20.762754,21.224537,20.605923,20.762754,1802507.2
2010-10-07,TEX,21.015429,21.067705,20.475231,20.693052,1418362.6
2010-10-08,TEX,20.788895,21.69503,20.675625,20.96315,3070173
2010-10-11,TEX,20.98929,21.163548,20.701765,20.832457,3668598.5
2010-10-12,TEX,20.762754,21.35523,20.091864,21.189684,2450055.5
2010-10-13,TEX,21.35523,21.41622,20.937012,20.96315,2485806
2010-10-14,TEX,20.823744,21.128695,20.640776,20.858597,1394489.9
2010-10-15,TEX,21.163548,21.259388,20.693052,20.849884,2225674.5
2010-10-18,TEX,21.05028,21.555626,20.806318,21.433645,2410690.8
2010-10-19,TEX,20.971863,21.346516,20.693052,20.919586,2017236.9
2010-10-20,TEX,20.980576,21.63404,20.858597,21.573051,2574239.8
2010-10-21,TEX,20.361963,20.78018,19.1683,19.804338,10004518
2010-10-22,TEX,19.847904,20.118004,19.68236,20.004734,3312343.8
2010-10-25,TEX,20.187706,20.344538,19.612658,19.68236,2567353.2
2010-10-26,TEX,19.438398,19.926321,19.272856,19.377409,2184126.8
2010-10-27,TEX,19.063745,19.40355,18.77622,19.368696,1958024.4
2010-10-28,TEX,19.542953,19.725924,19.142162,19.203154,2112281.2
2010-10-29,TEX,19.046322,19.752062,19.037607,19.56038,1959286.9
2010-11-01,TEX,19.708498,20.483944,19.664934,19.891468,3098636.8
2010-11-02,TEX,20.187706,20.605923,20.144142,20.300972,1915099.4
2010-11-03,TEX,20.300972,20.59721,19.926321,20.544933,1611180.9
2010-11-04,TEX,20.90216,21.651466,20.86731,21.520775,2619575
2010-11-05,TEX,21.590477,21.78216,21.468496,21.520775,1661681
2010-11-08,TEX,21.47721,21.538198,20.980576,21.058992,2993045.8
2010-11-09,TEX,21.146122,21.607903,20.701765,20.849884,1866550.5
2010-11-10,TEX,20.937012,21.69503,20.806318,21.642754,1626330.9
2010-11-11,TEX,21.398794,22.052258,21.23325,21.982555,2014033.5
2010-11-12,TEX,21.729883,21.912853,20.893448,21.276814,1726183.2
2010-11-15,TEX,22.400772,22.87998,21.817013,21.895426,4043310
2010-11-16,TEX,21.825724,21.834436,20.937012,21.442358,1960067.4
2010-11-17,TEX,21.529486,21.546911,21.207111,21.47721,1221642
2010-11-18,TEX,21.808298,22.27008,21.712458,21.982555,1337218.1
2010-11-19,TEX,21.860577,22.243942,21.712458,22.165525,1510984.2
2010-11-22,TEX,21.930279,22.23523,21.703743,22.182951,1553679.8
2010-11-23,TEX,21.799585,21.84315,21.372656,21.433645,1235759
2010-11-24,TEX,21.625328,22.278793,21.625328,22.226517,1399310.2
2010-11-26,TEX,21.956417,22.165525,21.78216,21.84315,426610.6
2010-11-29,TEX,21.63404,21.738596,21.224537,21.512062,1485160.4
2010-11-30,TEX,21.180971,21.616615,21.08513,21.154835,1745235.6
2010-12-01,TEX,21.764734,22.217804,21.660181,22.104536,1395981.9
2010-12-02,TEX,22.20909,23.228495,22.165525,23.106516,2443513.5
2010-12-03,TEX,22.827703,23.777407,22.627308,23.707703,2156122.2
2010-12-06,TEX,23.655426,24.082355,23.60315,23.88196,1495145.6
2010-12-07,TEX,24.300177,24.439583,23.411467,23.481169,2232331.5
2010-12-08,TEX,23.57701,23.655426,22.984535,23.00196,1570780.9
2010-12-09,TEX,23.202356,23.376614,22.87998,23.193644,1260549.9
2010-12-10,TEX,23.33305,23.568296,22.958397,23.446316,963517.9
2010-12-13,TEX,23.42889,24.06493,23.106516,23.681564,1857253.9
2010-12-14,TEX,23.707703,24.413445,23.51602,24.256613,3135593.5
2010-12-15,TEX,24.178198,24.76196,23.908098,23.94295,2196896.5
2010-12-16,TEX,23.94295,24.404732,23.88196,24.06493,1777716.2
2010-12-17,TEX,24.099781,25.00592,24.038792,24.744534,2891717.5
2010-12-20,TEX,24.831661,25.267305,24.63998,25.232452,2064189.2
2010-12-21,TEX,25.302158,26.591661,25.171463,26.591661,2468763.5
2010-12-22,TEX,26.539383,26.757204,26.225721,26.670076,2031019.9
2010-12-23,TEX,26.443542,26.914036,26.443542,26.879185,1691292.4
2010-12-27,TEX,26.826908,26.896612,26.487106,26.8879,1085636.1
2010-12-28,TEX,26.870472,27.157997,26.704927,27.001165,1204540.8
2010-12-29,TEX,27.036016,27.088295,26.792057,26.826908,1251023.8
2010-12-30,TEX,26.826908,27.210274,26.809483,26.98374,1422838.8
2010-12-31,TEX,26.975025,27.314829,26.975025,27.044731,960992.9
2011-01-03,TEX,27.393244,27.942154,27.34968,27.401958,2523165.8
2011-01-04,TEX,27.271263,27.401958,25.851067,26.277998,4607899.5
2011-01-05,TEX,25.946909,26.504532,25.302158,26.138592,3371337
2011-01-06,TEX,26.147305,26.26057,25.28473,25.485126,2638742
2011-01-07,TEX,25.61582,25.912058,24.648693,25.1279,2640808
2011-01-10,TEX,24.971067,25.241167,24.561563,25.093048,2720804.5
2011-01-11,TEX,25.328295,25.67681,24.88394,25.258593,2526723.8
2011-01-12,TEX,25.668097,25.938196,25.51998,25.729088,1880438
2011-01-13,TEX,25.999186,27.445522,25.999186,27.2277,4054762
2011-01-14,TEX,27.279976,27.855026,27.157997,27.611067,2981453.8
2011-01-18,TEX,27.523937,28.59562,27.25384,28.456213,3436872.2
2011-01-19,TEX,28.308096,28.464926,27.097008,27.323542,3518131.5
2011-01-20,TEX,27.149284,27.454235,26.391266,26.975025,4015671.5
2011-01-21,TEX,27.245127,27.41067,26.922749,27.175423,2937725.2
2011-01-24,TEX,27.088295,27.71562,26.966314,27.61978,1909819.8
2011-01-25,TEX,27.340967,27.689482,27.097008,27.558788,1834987.9
2011-01-26,TEX,27.62849,29.005125,27.62849,28.334234,1579733.1
2011-01-27,TEX,28.54334,28.75245,27.820175,28.35166,1191112.4
2011-01-28,TEX,28.35166,28.665323,27.358393,27.663343,1768021.4
2011-01-31,TEX,27.785322,28.525917,27.77661,28.255817,1602343.4
2011-02-01,TEX,29.623737,30.930668,29.493044,30.46017,6395142
2011-02-02,TEX,30.285913,32.141754,30.076807,31.287893,4609276.5
2011-02-03,TEX,31.200768,31.871658,30.677994,31.81938,3019328.8
2011-02-04,TEX,31.793242,32.67324,31.618984,31.976212,3239692.5
2011-02-07,TEX,31.6974,31.967497,30.991657,31.862944,4999160
2011-02-08,TEX,31.984922,31.984922,31.383736,31.793242,1874699.2
2011-02-09,TEX,31.671259,31.82809,30.991657,31.418589,2731444
2011-02-10,TEX,30.076807,31.88908,29.832848,31.418589,5054021.5
2011-02-11,TEX,31.218193,31.915222,30.625717,31.85423,2406441.8
2011-02-14,TEX,31.950071,33.46611,31.950071,32.67324,2437436.2
2011-02-15,TEX,32.533833,32.716805,31.958786,32.13304,1938283.5
2011-02-16,TEX,32.385715,33.265717,32.350864,33.12631,2324723.5
2011-02-17,TEX,33.021755,33.474823,32.90849,33.37027,1955499.4
2011-02-18,TEX,33.448685,33.544525,32.986904,33.257,1521887.6
2011-02-22,TEX,32.61225,32.95205,30.651855,30.860962,3958897
2011-02-23,TEX,30.97423,30.97423,28.665323,29.763144,4558741
2011-02-24,TEX,29.710865,30.294628,28.656609,29.362352,3996905
2011-02-25,TEX,29.615026,30.24235,29.405916,29.78928,2886995.5
2011-02-28,TEX,30.102943,30.17265,29.02255,29.405916,2681018.5
2011-03-01,TEX,29.623737,29.71958,28.665323,28.75245,2774164.8
2011-03-02,TEX,28.247103,29.222946,28.116413,29.08354,2398158.8
2011-03-03,TEX,29.527895,31.174625,29.501759,30.956804,2440773.8
2011-03-04,TEX,30.87839,31.078785,30.111658,30.477598,2085385.5
2011-03-07,TEX,30.338192,30.939379,29.71958,30.137796,2355814.2
2011-03-08,TEX,30.12037,30.756409,29.606312,30.57344,1564930.9
2011-03-09,TEX,30.39047,30.57344,29.893837,30.259775,1595313.6
2011-03-10,TEX,29.466906,29.54532,28.735025,28.883144,1955960.8
2011-03-11,TEX,28.41265,29.867697,28.316807,29.649876,2014766.9
2011-03-14,TEX,29.222946,30.669195,29.127104,30.39047,2842830
2011-03-15,TEX,29.144531,30.24235,28.909283,29.972254,1911271.6
2011-03-16,TEX,29.946112,31.314032,29.693441,30.277203,3120221
2011-03-17,TEX,31.392448,32.00235,30.887104,31.88908,3769839.8
2011-03-18,TEX,32.67324,33.13502,32.246307,32.316013,3459995.5
2011-03-21,TEX,33.013042,33.311718,32.899773,33.056606,1554579.5
2011-03-22,TEX,33.056606,33.099297,32.237595,32.542545,1551065.2
2011-03-23,TEX,32.455418,32.594822,31.88908,32.34215,2227150.5
2011-03-24,TEX,32.664528,32.742943,31.88908,32.09819,2580633.8
2011-03-25,TEX,32.237595,32.76908,31.61027,32.586113,1936778.8
2011-03-28,TEX,32.79522,33.013042,32.13304,32.185318,1567688.9
2011-03-29,TEX,32.246307,32.289875,31.63641,32.00235,1724093.2
2011-03-30,TEX,32.263733,32.33344,31.732248,31.784527,2119103.5
2011-03-31,TEX,31.740963,32.324722,31.740963,32.27245,2547737.5
2011-04-01,TEX,32.49898,32.960766,32.15047,32.289875,4272923.5
2011-04-04,TEX,32.446705,32.821358,32.36829,32.76037,2122953
2011-04-05,TEX,32.742943,33.29185,32.49027,33.12631,2416259.5
2011-04-06,TEX,33.335415,33.483536,31.30532,31.375021,3006072.5
2011-04-07,TEX,31.497004,32.00235,30.869764,31.070072,2374467.2
2011-04-08,TEX,31.244331,31.409874,29.527895,29.928686,3301463.2
2011-04-11,TEX,30.076807,30.259775,29.501759,29.667301,1693932.1
2011-04-12,TEX,29.2578,29.397203,28.491066,28.75245,2903753.5
2011-04-13,TEX,28.970272,29.230787,28.186113,28.80473,2961301.8
2011-04-14,TEX,28.517202,29.188095,28.377798,29.031261,3369605
2011-04-15,TEX,28.961561,29.231657,28.656609,28.761162,2173409.2
2011-04-18,TEX,28.316807,28.36037,27.027304,27.61978,3206457.8
2011-04-19,TEX,27.724333,28.32552,27.724333,28.299381,1694229.4
2011-04-20,TEX,28.691462,28.857004,28.125124,28.47364,3105303.8
2011-04-21,TEX,29.972254,30.852251,29.893837,30.399181,5057191.5
2011-04-25,TEX,30.399181,30.46017,29.676016,30.111658,2071439.5
2011-04-26,TEX,30.399181,30.930668,30.155222,30.712845,1951138
2011-04-27,TEX,30.808687,30.887104,29.676016,30.503735,1771519.8
2011-04-28,TEX,30.46017,30.477598,29.676016,29.876411,1418260.4
2011-04-29,TEX,30.024529,30.608292,29.850271,30.303339,1413312.5
2011-05-02,TEX,30.564728,31.113636,29.153242,29.54532,3274354
2011-05-03,TEX,29.405916,29.641163,28.525917,28.708887,2410648.2
2011-05-04,TEX,28.656609,28.75245,27.672056,27.828888,2372050.2
2011-05-05,TEX,27.550076,27.950869,27.114433,27.576214,2212156.8
2011-05-06,TEX,28.133839,28.342945,27.724333,27.846312,2204096.2
2011-05-09,TEX,27.811462,28.482351,27.689482,28.011858,1082908
2011-05-10,TEX,28.273245,28.41265,27.846312,27.985718,1038037.56
2011-05-11,TEX,27.959581,27.959581,26.71364,26.948889,2032169.9
2011-05-12,TEX,26.77463,27.71562,26.225721,27.637203,3824535.8
2011-05-13,TEX,27.65463,28.011858,27.184135,27.271263,2256710.2
2011-05-16,TEX,27.009878,27.314829,26.034037,26.173445,2905048.2
2011-05-17,TEX,25.999186,26.103739,25.032057,25.241167,3518845.2
2011-05-18,TEX,25.31087,26.095028,25.145327,25.816216,2069813.1
2011-05-19,TEX,26.077602,26.269285,25.563543,25.824928,1501765.6
2011-05-20,TEX,25.763939,25.824928,25.084335,25.580969,1386925.1
2011-05-23,TEX,24.779385,24.88394,24.291464,24.596415,2457347
2011-05-24,TEX,24.666117,24.997208,24.012653,24.143345,2415049.8
2011-05-25,TEX,23.960377,24.448296,23.664139,24.256613,2924937.2
2011-05-26,TEX,24.204336,24.822948,24.047504,24.631268,2344769.8
2011-05-27,TEX,24.805523,25.441563,24.805523,25.31087,2021149.4
2011-05-31,TEX,25.720375,26.095028,25.28473,25.833641,2327019
2011-06-01,TEX,25.70295,26.060175,24.221762,24.30889,1956325.8
2011-06-02,TEX,24.413445,24.910078,24.073643,24.143345,1718952.6
2011-06-03,TEX,23.559586,23.977802,23.254635,23.359188,1823813.6
2011-06-06,TEX,23.33305,23.620575,22.644733,22.81899,2641726
2011-06-07,TEX,23.054237,23.097803,22.548891,22.548891,1924548.6
2011-06-08,TEX,22.479189,22.853842,21.96513,22.226517,2779338.8
2011-06-09,TEX,22.304932,22.766712,22.052258,22.54018,1947121
2011-06-10,TEX,22.217804,22.261366,21.564339,21.808298,2649989.8
2011-06-13,TEX,21.764734,22.008694,21.424932,21.764734,2562188.5
2011-06-14,TEX,22.113249,23.141367,22.052258,22.888695,2521559
2011-06-15,TEX,22.45305,22.853842,22.1481,22.200377,1951369.9
2011-06-16,TEX,22.217804,23.176218,22.156813,22.705723,3232347
2011-06-17,TEX,23.123941,23.219782,22.723148,22.96711,2232051.5
2011-06-20,TEX,22.845129,23.097803,22.670872,22.792852,1289811.2
2011-06-21,TEX,23.054237,23.873247,22.897408,23.79483,1438792.1
2011-06-22,TEX,23.725128,24.256613,23.533445,23.568296,1841989
2011-06-23,TEX,22.888695,23.359188,22.287506,23.324337,3121042.8
2011-06-24,TEX,23.42889,23.51602,22.662159,22.731863,1656631
2011-06-27,TEX,22.705723,22.932257,22.339783,22.653446,1251597.6
2011-06-28,TEX,22.871267,23.585722,22.78414,23.411467,1604868.4
2011-06-29,TEX,23.681564,23.960377,23.237207,23.690277,1240694.2
2011-06-30,TEX,23.777407,25.023344,23.611862,24.7881,2479553.2
2011-07-01,TEX,24.840376,26.025326,24.544138,25.903343,2524201
2011-07-05,TEX,25.868494,25.877207,25.345722,25.650671,2025281.2
2011-07-06,TEX,25.563543,25.641958,24.692257,24.962355,2545202.2
2011-07-07,TEX,25.363148,25.781364,25.188889,25.24988,2132823.5
2011-07-08,TEX,24.683544,24.718395,24.06493,24.169485,2981109.2
2011-07-11,TEX,23.594435,23.751266,22.853842,23.010674,2318066.8
2011-07-12,TEX,22.923544,23.176218,22.592457,22.63602,1844399.2
2011-07-13,TEX,22.932257,23.768694,22.871267,23.219782,2145678
2011-07-14,TEX,23.350475,23.864534,22.853842,22.993248,2129495
2011-07-15,TEX,23.176218,23.446316,22.845129,23.411467,1594895.8
2011-07-18,TEX,23.254635,23.33305,22.17424,22.426912,2207311
2011-07-19,TEX,22.662159,23.202356,22.200377,22.670872,2040890.4
2011-07-20,TEX,22.51404,23.916813,22.418198,23.707703,4570962
2011-07-21,TEX,22.06097,22.827703,21.076418,21.189684,8055350
2011-07-22,TEX,20.823744,21.259388,20.6582,21.119982,4714523.5
2011-07-25,TEX,20.832457,21.555626,20.788895,21.111269,2279732.5
2011-07-26,TEX,21.006716,21.015429,20.239983,20.388102,2660434
2011-07-27,TEX,20.100576,20.23127,19.211864,19.464539,4953251
2011-07-28,TEX,19.342558,19.68236,19.107311,19.150875,2212868.2
2011-07-29,TEX,18.793648,19.612658,18.601965,19.35127,2679914.5
2011-08-01,TEX,19.734636,20.039587,18.567112,18.828499,2219591.8
2011-08-02,TEX,18.567112,18.941767,17.268896,17.295034,2893767.2
2011-08-03,TEX,17.425728,17.46058,16.205927,17.260183,5202308
2011-08-04,TEX,16.772263,16.772263,15.552463,15.613452,6400651
2011-08-05,TEX,15.892263,16.746124,15.195235,16.022957,9512027
2011-08-08,TEX,15.203948,15.45662,13.557217,14.062562,5514949
2011-08-09,TEX,14.768305,14.794442,12.964742,14.341373,5968492
2011-08-10,TEX,13.966722,14.419789,13.670484,13.792463,6937099
2011-08-11,TEX,13.975434,14.811869,13.731474,14.506918,6414194
2011-08-12,TEX,15.02969,15.203948,14.428502,14.716026,3602259.8
2011-08-15,TEX,14.907711,15.404344,14.898997,15.1865225,3067533.2
2011-08-16,TEX,15.020977,15.116819,14.045137,14.201967,4538691.5
2011-08-17,TEX,14.54177,14.559195,13.801177,13.923156,3633478
2011-08-18,TEX,13.3045435,13.3045435,12.276425,12.450683,3102197
2011-08-19,TEX,12.224148,12.790484,11.823356,11.927911,4030562.2
2011-08-22,TEX,12.433257,12.494247,11.596822,11.692663,2500755.2
2011-08-23,TEX,11.762366,12.389692,11.544544,12.38098,3932576
2011-08-24,TEX,12.337415,12.799197,12.023752,12.755633,3163418
2011-08-25,TEX,12.895039,13.0083065,12.232861,12.311276,2015755.1
2011-08-26,TEX,12.163158,13.086722,11.893059,12.450683,5266925
2011-08-29,TEX,12.738207,13.740187,12.738207,13.705335,3450185.8
2011-08-30,TEX,13.644344,14.463354,13.504939,14.053849,4169696.8
2011-08-31,TEX,14.280383,14.567908,13.783751,14.053849,4046201.2
2011-09-01,TEX,13.958009,14.27167,13.35682,13.400385,2949225.5
2011-09-02,TEX,13.025731,13.182563,12.590088,12.8253355,3311652.8
2011-09-06,TEX,11.945336,12.633653,11.945336,12.276425,4860973.5
2011-09-07,TEX,12.616226,12.912464,12.555237,12.799197,5489010.5
2011-09-08,TEX,12.668504,13.069296,12.398405,12.590088,2892849
2011-09-09,TEX,12.372267,12.407118,11.561971,11.893059,4345528.5
2011-09-12,TEX,11.631674,12.0498905,11.047912,11.34415,4492208.5
2011-09-13,TEX,11.300585,11.788505,11.283158,11.588109,4368989.5
2011-09-14,TEX,11.771079,12.171871,11.431277,11.954049,4431716
2011-09-15,TEX,12.328702,12.616226,12.180583,12.302564,5925491.5
2011-09-16,TEX,12.38098,12.511672,11.74494,11.823356,3342643.8
2011-09-19,TEX,11.509693,11.875633,11.335436,11.771079,4585166.5
2011-09-20,TEX,11.823356,11.936624,10.986921,11.047912,4020836.2
2011-09-21,TEX,11.056624,11.248307,10.255041,10.272467,3774222.8
2011-09-22,TEX,9.714843,10.072071,9.09623,9.314052,5662891
2011-09-23,TEX,9.2792,9.5405855,9.165934,9.514447,4610195
2011-09-26,TEX,9.697417,9.915239,9.2792,9.880388,4285387.5
2011-09-27,TEX,10.220189,10.856229,10.124348,10.359595,5757349
2011-09-28,TEX,10.359595,10.4990015,9.64514,9.671279,2993160.5
2011-09-29,TEX,9.941378,10.115635,9.235636,9.627715,3425395
2011-09-30,TEX,9.331477,9.531873,8.895834,8.939399,3725755.5
2011-10-03,TEX,8.843556,9.148507,8.346924,8.373062,5781336.5
2011-10-04,TEX,8.224943,9.148507,8.102963,9.052666,5657704.5
2011-10-05,TEX,9.087518,9.793259,8.921972,9.723556,5458595.5
2011-10-06,TEX,9.740982,10.516426,9.671279,10.507714,5630984.5
2011-10-07,TEX,10.638407,10.769099,9.95009,10.185338,6502798.5
2011-10-10,TEX,10.4990015,10.978209,10.420586,10.777813,3630035
2011-10-11,TEX,10.673258,11.291872,10.620981,11.056624,4118508
2011-10-12,TEX,11.265734,11.614247,11.1263275,11.379001,5745527.5
2011-10-13,TEX,11.352861,11.710089,11.204742,11.431277,5212293
2011-10-14,TEX,11.7188015,11.910485,11.413852,11.840782,3177370.8
2011-10-17,TEX,11.788505,11.893059,10.934645,11.039199,3488061
2011-10-18,TEX,10.908506,11.884347,10.673258,11.771079,3735052
2011-10-19,TEX,11.945336,12.258999,11.666525,11.893059,6635935
2011-10-20,TEX,11.927911,11.945336,11.248307,11.762366,3225805
2011-10-21,TEX,12.032465,12.328702,11.779793,12.145732,2637135.2
2011-10-24,TEX,12.712069,13.095434,12.511672,13.017018,4193225.2
2011-10-25,TEX,12.842761,12.842761,12.041178,12.084743,3997034.8
2011-10-26,TEX,12.633653,13.138999,12.328702,13.017018,7064717
2011-10-27,TEX,14.1148405,16.127512,13.722761,15.447907,12914697
2011-10-28,TEX,14.864145,15.71365,14.829295,15.561175,7321426
2011-10-31,TEX,15.21266,15.21266,14.480781,14.498205,5158120.5
2011-11-01,TEX,13.888305,14.245619,13.35682,13.583355,5465855
2011-11-02,TEX,13.984146,14.463354,13.687909,14.384938,4154205.8
2011-11-03,TEX,14.785729,14.9687,14.079988,14.72474,4391667.5
2011-11-04,TEX,14.454641,14.881572,14.158403,14.768305,2730364
2011-11-07,TEX,14.63761,15.012264,14.210681,14.689889,2787258
2011-11-08,TEX,14.811869,15.012264,14.315236,14.959988,2955056
2011-11-09,TEX,14.245533,14.358799,13.461374,13.557217,3893585.5
2011-11-10,TEX,13.984146,14.053849,13.409098,13.548504,2516509
2011-11-11,TEX,13.8970175,14.759592,13.844741,14.402365,4161487
2011-11-14,TEX,14.332662,14.489492,13.8970175,14.201967,2253679.2
2011-11-15,TEX,14.053849,14.550484,13.62692,14.332662,3343562
2011-11-16,TEX,14.132265,14.838008,14.106127,14.17583,3783256.5
2011-11-17,TEX,14.201967,14.201967,13.086722,13.23484,4334166
2011-11-18,TEX,13.400385,13.487513,12.956029,12.982167,3239118.8
2011-11-21,TEX,12.790484,12.80791,12.067317,12.520386,3055023
2011-11-22,TEX,12.476821,12.598802,12.093455,12.293851,3160384.5
2011-11-23,TEX,12.084743,12.110881,11.283158,11.413852,3602145
2011-11-25,TEX,11.230882,11.474842,11.013061,11.039199,2011852.9
2011-11-28,TEX,11.74494,12.1980095,11.553258,11.997614,2840512.8
2011-11-29,TEX,12.041178,12.232861,11.701377,12.032465,2501359
2011-11-30,TEX,12.929891,13.470088,12.80791,13.44395,4586665
2011-12-01,TEX,13.330682,14.437215,13.191277,14.193256,11481185
2011-12-02,TEX,14.559195,14.6289,14.036425,14.158403,4135955.8
2011-12-05,TEX,14.559195,15.177809,14.232463,14.689889,5156995.5
2011-12-06,TEX,14.698602,14.698602,14.210681,14.428502,2223052
2011-12-07,TEX,14.219394,14.559195,13.879593,14.480781,2359270.2
2011-12-08,TEX,14.27167,14.54177,13.41781,13.470088,3165935
2011-12-09,TEX,13.565928,14.062562,13.4526615,13.975434,2528560
2011-12-12,TEX,13.653058,13.731474,12.860188,13.078009,2421591.8
2011-12-13,TEX,13.295831,13.409098,12.076029,12.206722,3827261.8
2011-12-14,TEX,11.980188,12.006327,11.196031,11.239594,6706979.5
2011-12-15,TEX,11.483555,11.5706835,10.978209,11.013061,3810572.5
2011-12-16,TEX,11.222169,11.7188015,11.0348425,11.161179,5803905.5
2011-12-19,TEX,11.248307,11.300585,10.716823,10.734248,4804606
2011-12-20,TEX,11.187318,11.840782,11.100188,11.779793,3869910
2011-12-21,TEX,11.788505,11.901772,11.248307,11.805931,3133527.8
2011-12-22,TEX,11.884347,12.328702,11.884347,12.171871,2717246.5
2011-12-23,TEX,12.232861,12.267713,11.692663,11.74494,2056958.5
2011-12-27,TEX,11.692663,11.832069,11.544544,11.553258,1513353.1
2011-12-28,TEX,11.492268,11.596822,10.882367,11.004347,2393472.5
2011-12-29,TEX,11.021772,11.483555,10.986921,11.405139,1816968.6
2011-12-30,TEX,11.370288,11.945336,11.265734,11.771079,2815721.8
2012-01-03,TEX,12.398405,13.086722,12.311276,12.572663,4222674.5
2012-01-04,TEX,12.546524,13.0083065,12.285138,12.938603,3630379.2
2012-01-05,TEX,12.729494,13.260979,12.50296,13.191277,4016130.8
2012-01-06,TEX,13.147712,13.3045435,12.860188,13.043158,3429642.8
2012-01-09,TEX,13.130285,13.339395,12.964742,12.982167,3135364
2012-01-10,TEX,13.365534,13.557217,13.365534,13.4526615,2771878.5
2012-01-11,TEX,13.374247,14.27167,13.339395,14.210681,4770417.5
2012-01-12,TEX,14.332662,14.942561,14.079988,14.872858,6322605.5
2012-01-13,TEX,14.60276,14.898997,14.332662,14.63761,3562286.8
2012-01-17,TEX,15.0384035,15.247512,14.698602,14.716026,2927567.8
2012-01-18,TEX,14.733453,15.726719,14.594048,15.665729,5029689.5
2012-01-19,TEX,16.31048,16.467312,16.022957,16.33662,5427838.5
2012-01-20,TEX,16.31048,16.327908,15.892263,16.171076,3741364.5
2012-01-23,TEX,16.240778,16.685135,16.101372,16.301767,2378781.5
2012-01-24,TEX,16.118797,16.88553,15.94454,16.815826,3605473.5
2012-01-25,TEX,17.234045,18.427708,17.138203,18.270876,7648592
2012-01-26,TEX,18.506123,19.542953,17.608698,17.713253,7449562
2012-01-27,TEX,17.660976,18.392857,17.556421,18.201172,4042218.5
2012-01-30,TEX,18.018204,18.053053,17.512857,17.782955,4249578.5
2012-01-31,TEX,18.13147,18.16632,16.990086,17.25147,5112893
2012-02-01,TEX,18.209885,19.133448,18.157608,18.758797,6433076.5
2012-02-02,TEX,18.828499,19.29028,18.506123,19.133448,5677467.5
2012-02-03,TEX,19.778202,20.004734,19.542953,19.874043,4844675.5
2012-02-06,TEX,19.62137,20.300972,19.429686,20.23127,3197341.2
2012-02-07,TEX,20.10929,20.118004,19.028894,19.107311,6762874
2012-02-08,TEX,19.481964,19.813053,18.86335,19.40355,4910440.5
2012-02-09,TEX,20.213844,20.344538,19.377409,20.126717,4377894.5
2012-02-10,TEX,19.647507,19.908894,19.098598,19.577805,3410015.5
2012-02-13,TEX,19.98731,20.675625,19.691072,20.675625,5111985
2012-02-14,TEX,20.422953,20.693052,20.091864,20.510082,3236224
2012-02-15,TEX,20.6582,21.102556,20.233013,20.50137,5841869
2012-02-16,TEX,21.23325,22.435625,20.771467,21.878002,7387113
2012-02-17,TEX,22.113249,22.470476,21.642754,22.357208,5132985
2012-02-21,TEX,22.557604,23.324337,22.45305,23.010674,5757808.5
2012-02-22,TEX,22.993248,23.272058,22.348495,22.426912,4327509.5
2012-02-23,TEX,22.51404,22.627308,21.660181,22.418198,4470057
2012-02-24,TEX,22.496614,22.888695,22.069685,22.27008,3149940.2
2012-02-27,TEX,21.991268,22.63602,21.468496,22.522753,4018655.8
2012-02-28,TEX,22.444338,22.714436,22.261366,22.60117,2954252.5
2012-02-29,TEX,22.583744,22.78414,21.773447,22.121962,3523781.8
2012-03-01,TEX,22.33107,22.63602,21.921566,22.078398,3490241.5
2012-03-02,TEX,21.938992,22.052258,21.041567,21.337803,4527673
2012-03-05,TEX,21.058992,21.23325,19.917608,20.309685,8873317
2012-03-06,TEX,19.62137,19.638796,18.88949,19.081171,6881549
2012-03-07,TEX,19.31642,20.588497,19.307707,19.656221,6790993
2012-03-08,TEX,19.926321,20.457804,19.542953,20.379389,3430603.2
2012-03-09,TEX,20.35325,21.285526,20.257408,20.675625,3168074.2
2012-03-12,TEX,20.754042,20.884735,19.917608,20.022161,2858072.8
2012-03-13,TEX,20.41424,21.2681,20.275532,21.2681,3695014.8
2012-03-14,TEX,21.146122,21.930279,20.937012,21.817013,4687011
2012-03-15,TEX,21.912853,22.731863,21.799585,22.627308,5205866
2012-03-16,TEX,22.566317,22.826832,22.23523,22.496614,3530025.2
2012-03-19,TEX,22.348495,22.63602,22.06097,22.243942,2825936.5
2012-03-20,TEX,21.808298,21.86929,21.08513,21.39008,3566888
2012-03-21,TEX,21.512062,21.729883,20.87602,21.32909,3652179.2
2012-03-22,TEX,20.90216,20.90216,20.178993,20.492657,3391561
2012-03-23,TEX,20.361963,21.119982,19.996023,20.90216,2851530.8
2012-03-26,TEX,21.294239,21.564339,20.788895,20.96315,3728969
2012-03-27,TEX,20.919586,21.058992,20.510082,20.518793,2823296.8
2012-03-28,TEX,20.449091,20.605923,19.464539,19.795626,4807604
2012-03-29,TEX,19.49939,19.882755,19.063745,19.76949,5131148.5
2012-03-30,TEX,20.039587,20.161566,19.31642,19.603943,2741234.2
2012-04-02,TEX,19.473251,20.222557,19.246717,20.10929,4517460.5
2012-04-03,TEX,20.126717,20.510082,20.065725,20.26612,3856367
2012-04-04,TEX,19.882755,19.978598,19.29028,19.68236,4090388.8
2012-04-05,TEX,19.49939,20.26612,19.49939,20.08315,3648857.8
2012-04-09,TEX,19.438398,19.481964,18.967905,19.386122,3547857.5
2012-04-10,TEX,19.298994,19.438398,18.262161,18.358004,5225913
2012-04-11,TEX,18.98533,19.473251,18.723944,19.238003,4638658.5
2012-04-12,TEX,19.264143,20.68434,19.264143,20.379389,3730002
2012-04-13,TEX,20.205132,20.327112,19.377409,19.420975,4153513.8
2012-04-16,TEX,19.86533,20.152853,19.002756,19.333845,3739987.2
2012-04-17,TEX,20.248695,20.71919,19.813053,20.483944,5037379.5
2012-04-18,TEX,20.422953,21.86929,20.327112,21.651466,8321235
2012-04-19,TEX,21.764734,22.078398,20.756655,21.102556,5451825
2012-04-20,TEX,21.381369,21.764734,21.294239,21.407507,4963924.5
2012-04-23,TEX,20.666912,20.771467,19.908894,20.510082,4819538
2012-04-24,TEX,20.59721,21.381369,20.379389,21.302954,3912376
2012-04-25,TEX,21.642754,21.84315,20.640776,20.823744,6156819.5
2012-04-26,TEX,20.553646,20.736616,19.438398,20.344538,7751778.5
2012-04-27,TEX,20.649488,20.710478,20.118004,20.466516,3787618
2012-04-30,TEX,20.379389,20.457804,19.586517,19.725924,3472566.5
2012-05-01,TEX,19.874043,20.736616,19.773844,20.196419,3388810
2012-05-02,TEX,20.065725,20.954437,20.065725,20.937012,4106947
2012-05-03,TEX,20.998003,21.224537,20.004734,20.08315,3892635
2012-05-04,TEX,19.656221,19.725924,18.915627,19.037607,4313277.5
2012-05-07,TEX,18.88949,19.525528,18.819786,19.124737,3510097.2
2012-05-08,TEX,18.837212,18.959192,17.992064,18.872063,4265823.5
2012-05-09,TEX,18.462559,18.86335,17.974638,18.575825,3772035.2
2012-05-10,TEX,19.002756,19.150875,18.31444,18.453846,2798449.5
2012-05-11,TEX,18.201172,18.811073,18.026917,18.358004,2415853.2
2012-05-14,TEX,17.992064,18.375431,17.704538,17.957212,3289274.2
2012-05-15,TEX,17.913649,18.07048,17.016224,17.103352,4405806
2012-05-16,TEX,17.260183,17.408302,16.136225,16.179789,6623539.5
2012-05-17,TEX,16.21464,16.21464,14.524344,14.54177,10496142
2012-05-18,TEX,14.681176,14.811869,14.045137,14.184543,5834506.5
2012-05-21,TEX,14.384938,15.325928,14.27167,15.099393,5996858.5
2012-05-22,TEX,15.177809,15.639591,14.890285,15.012264,5101537.5
2012-05-23,TEX,14.681176,15.047116,14.123551,15.020977,4872795
2012-05-24,TEX,15.526323,15.857413,14.611473,14.9687,7121092.5
2012-05-25,TEX,15.177809,15.203948,14.63761,14.750879,2095063.1
2012-05-29,TEX,15.386917,16.441175,15.386917,16.380184,7540725
2012-05-30,TEX,15.857413,15.892263,14.994838,15.439195,5933296
2012-05-31,TEX,15.360779,15.45662,14.289097,14.489492,7399681.5
2012-06-01,TEX,13.836028,14.158403,13.269691,13.757612,7428969.5
2012-06-04,TEX,13.722761,13.923156,12.973454,13.635632,4696159.5
2012-06-05,TEX,13.592068,14.402365,13.531077,14.245533,4344610.5
2012-06-06,TEX,14.533057,15.82256,14.472068,15.813848,12197711
2012-06-07,TEX,16.188501,16.711273,15.42177,15.517611,5970941.5
2012-06-08,TEX,15.308501,15.596026,14.489492,15.465334,5315437
2012-06-11,TEX,15.78771,15.94454,14.132265,14.17583,5617097
2012-06-12,TEX,14.289097,15.099393,14.184543,15.073254,4128263.8
2012-06-13,TEX,14.916424,14.959988,14.428502,14.672463,5488551
2012-06-14,TEX,14.672463,15.54375,14.550484,15.465334,5659448
2012-06-15,TEX,15.552463,16.057808,15.500186,15.979393,3966180.5
2012-06-18,TEX,15.726719,16.327908,15.491472,16.24949,4092579.8
2012-06-19,TEX,16.371471,17.077213,16.327908,16.67642,5117720
2012-06-20,TEX,16.641571,16.807116,16.049095,16.415035,4882511.5
2012-06-21,TEX,16.467312,16.53658,15.1516695,15.291076,4880659.5
2012-06-22,TEX,15.517611,15.665729,15.055829,15.230085,5390167
2012-06-25,TEX,14.60276,14.733453,13.653058,14.045137,5922852.5
2012-06-26,TEX,14.062562,14.215038,13.714047,14.088701,3015811
2012-06-27,TEX,14.097414,14.428502,13.914444,14.323949,5402543
2012-06-28,TEX,14.079988,14.620186,13.992859,14.585334,5690781
2012-06-29,TEX,15.317215,15.813848,15.1516695,15.535036,5257628.5
2012-07-02,TEX,15.517611,15.604739,14.681176,15.012264,5476819
2012-07-03,TEX,15.081967,16.31048,15.047116,16.223352,3372830.2
2012-07-05,TEX,16.083946,16.563154,15.778997,16.127512,3291606.5
2012-07-06,TEX,15.778997,15.778997,15.264938,15.508897,2980076.5
2012-07-09,TEX,15.404344,15.552463,15.0035515,15.378204,2756384.2
2012-07-10,TEX,15.561175,15.813848,14.1148405,14.350086,5674024
2012-07-11,TEX,14.350086,14.472068,13.679196,13.80989,5251545.5
2012-07-12,TEX,13.574642,14.123551,13.35682,13.966722,3602489.5
2012-07-13,TEX,14.027711,14.576621,13.984146,14.454641,3310277.8
2012-07-16,TEX,14.323949,14.323949,13.844741,13.992859,2902392.5
2012-07-17,TEX,14.149691,14.393652,13.35682,14.27167,4854890.5
2012-07-18,TEX,14.167117,14.646324,13.870879,13.958009,4834231.5
2012-07-19,TEX,13.984146,14.184543,12.964742,13.278404,7701649
2012-07-20,TEX,13.165137,13.504939,13.034445,13.278404,3938314.8
2012-07-23,TEX,12.773058,13.217415,12.424544,12.790484,4348398
2012-07-24,TEX,12.8253355,12.938603,12.311276,12.537811,5745298
2012-07-25,TEX,13.3045435,13.400385,12.241574,12.293851,6117162
2012-07-26,TEX,13.949295,16.083946,13.949295,15.883551,19267928
2012-07-27,TEX,16.014244,16.902956,15.813848,16.685135,7564218
2012-07-30,TEX,16.78969,16.82454,15.988106,16.571867,5774106
2012-07-31,TEX,16.528303,17.094639,16.388897,16.990086,6097191.5
2012-08-01,TEX,17.103352,17.512857,16.67642,16.78969,7127277.5
2012-08-02,TEX,16.598005,16.82454,15.752858,16.205927,6005603
2012-08-03,TEX,16.545729,17.094639,16.476025,16.719986,3380863
2012-08-06,TEX,16.728699,17.530283,16.70256,17.347311,3795539.5
2012-08-07,TEX,17.626123,18.540976,17.49543,18.471272,6654292
2012-08-08,TEX,18.201172,19.25543,18.183748,18.514835,8088270.5
2012-08-09,TEX,18.549688,19.220577,18.514835,19.028894,4406128.5
2012-08-10,TEX,18.994043,19.1683,18.645529,19.133448,3648628
2012-08-13,TEX,18.994043,19.159588,18.305727,18.80236,3208015.2
2012-08-14,TEX,19.011469,19.150875,18.375431,18.462559,3061679.8
2012-08-15,TEX,18.323153,18.427708,17.931074,18.375431,4848922.5
2012-08-16,TEX,18.41028,18.967905,18.175035,18.86335,2644595.5
2012-08-17,TEX,19.185726,19.31642,19.081171,19.203154,3031839
2012-08-20,TEX,19.098598,19.185726,18.654242,18.959192,1752351.5
2012-08-21,TEX,19.037607,19.603943,18.819786,18.967905,2566320.2
2012-08-22,TEX,18.906916,18.941767,18.25345,18.662954,2875288.8
2012-08-23,TEX,18.636816,18.636816,17.9485,18.026917,2329658.8
2012-08-24,TEX,18.00949,18.157608,17.61741,17.88751,3204113
2012-08-27,TEX,18.00949,18.19246,17.643549,17.66969,2308999.8
2012-08-28,TEX,17.599985,17.774242,17.382164,17.739391,3875419.2
2012-08-29,TEX,17.748104,19.020182,17.687113,18.880775,4416114
2012-08-30,TEX,18.654242,19.342558,18.575825,19.002756,3791061.2
2012-08-31,TEX,19.307707,19.438398,18.662954,19.22929,3609742
2012-09-04,TEX,19.325132,19.429686,18.34929,19.063745,3384191.5
2012-09-05,TEX,18.793648,18.837212,17.835232,18.16632,3758900.8
2012-09-06,TEX,18.43642,19.429686,18.43642,19.194439,4136543.5
2012-09-07,TEX,19.342558,20.693052,19.333845,20.35325,4573467.5
2012-09-10,TEX,20.178993,20.475231,19.691072,19.691072,3480715.5
2012-09-11,TEX,19.734636,20.431667,19.656221,20.013449,3167615.2
2012-09-12,TEX,20.013449,21.32909,19.996023,21.154835,5245098.5
2012-09-13,TEX,21.093843,22.17424,20.579784,21.904139,4731739
2012-09-14,TEX,22.121962,22.827703,22.121962,22.261366,3903062.2
2012-09-17,TEX,22.130674,22.20909,21.093843,21.23325,3725066.8
2012-09-18,TEX,21.119982,21.259388,20.701765,20.96315,3252073
2012-09-19,TEX,21.180971,21.956417,21.08513,21.47721,3087860.8
2012-09-20,TEX,21.172258,21.172258,20.475231,20.614635,3072353.8
2012-09-21,TEX,20.954437,21.176355,20.405527,20.640776,2742827.2
2012-09-24,TEX,20.327112,20.6582,20.057013,20.405527,2277374
2012-09-25,TEX,20.396814,20.396814,19.272856,19.298994,3748331.2
2012-09-26,TEX,19.264143,19.377409,18.532263,19.072458,3959088.5
2012-09-27,TEX,19.429686,19.95969,19.1683,19.813053,2747728
2012-09-28,TEX,19.603943,19.813053,19.40355,19.673647,1747186.8
2012-10-01,TEX,19.839191,20.344538,19.155231,19.31642,2943970
2012-10-02,TEX,19.473251,19.603943,19.089884,19.603943,1547137.6
2012-10-03,TEX,19.734636,19.86533,19.40355,19.551666,1832577.6
2012-10-04,TEX,19.673647,20.614635,19.525528,20.544933,2842922.8
2012-10-05,TEX,20.919586,21.555626,20.632063,20.788895,4002013.5
2012-10-08,TEX,20.431667,20.98929,20.309685,20.666912,1663746.9
2012-10-09,TEX,20.222557,20.560965,19.795626,19.908894,2363030.2
2012-10-10,TEX,19.74335,19.926321,19.30335,19.464539,2361027.2
2012-10-11,TEX,19.86533,20.10929,19.603943,19.691072,2258614.5
2012-10-12,TEX,19.664934,19.90018,19.150875,19.542953,1897309.5
2012-10-15,TEX,19.795626,19.813053,19.394835,19.752062,1660803
2012-10-16,TEX,20.013449,20.379389,19.891468,20.283548,1600621.8
2012-10-17,TEX,20.396814,21.442358,20.361963,21.294239,2653892
2012-10-18,TEX,21.172258,21.581764,21.032852,21.154835,1417905.8
2012-10-19,TEX,20.910873,21.015429,20.300972,20.562359,2360344.5
2012-10-22,TEX,20.405527,21.093843,20.08315,20.632063,1800326.5
2012-10-23,TEX,20.13543,20.388102,19.76949,20.187706,1585701.4
2012-10-24,TEX,20.327112,20.605923,19.795626,19.908894,2803872.5
2012-10-25,TEX,19.142162,19.159588,18.209885,19.072458,7435368
2012-10-26,TEX,19.020182,19.577805,18.811073,19.203154,2771878.5
2012-10-31,TEX,19.264143,19.691072,19.107311,19.647507,2623133
2012-11-01,TEX,19.778202,20.571072,19.49939,20.440378,3723460
2012-11-02,TEX,20.701765,20.762754,20.196419,20.26612,1991079
2012-11-05,TEX,19.969885,20.771467,19.908894,20.68434,1577896.8
2012-11-06,TEX,20.841171,21.137407,20.649488,20.954437,2095981.4
2012-11-07,TEX,20.309685,20.388102,19.40355,19.542953,3266319.8
2012-11-08,TEX,19.551666,19.752062,18.976618,19.159588,2149121.2
2012-11-09,TEX,18.906916,19.908894,18.828499,19.56038,2168288.2
2012-11-12,TEX,19.638796,19.996023,19.577805,19.734636,1149564.6
2012-11-13,TEX,19.53424,19.882755,19.220577,19.281567,1786553.8
2012-11-14,TEX,19.481964,19.586517,18.366716,18.41028,2529643.5
2012-11-15,TEX,18.366716,18.784935,17.782955,18.297014,3495016.2
2012-11-16,TEX,18.331867,18.819786,18.00949,18.610678,1834299.2
2012-11-19,TEX,19.150875,19.86533,19.028894,19.786913,2374535
2012-11-20,TEX,19.752062,20.300972,19.656221,20.004734,2098735.8
2012-11-21,TEX,19.935032,20.797607,19.935032,20.701765,3400718.8
2012-11-23,TEX,20.832457,20.998003,20.649488,20.928299,1225085.1
2012-11-26,TEX,20.788895,21.35523,20.788895,21.207111,2436971.5
2012-11-27,TEX,21.067705,21.329004,20.649488,20.797607,3185877.8
2012-11-28,TEX,20.544933,20.954437,20.222557,20.762754,2190146.8
2012-11-29,TEX,20.86731,21.294239,20.693052,21.05028,4688699.5
2012-11-30,TEX,21.180971,21.207111,20.736616,21.076418,2742078.8
2012-12-03,TEX,21.224537,21.363943,20.710478,20.762754,2723653.2
2012-12-04,TEX,20.893448,21.180971,20.710478,21.137407,2693488.8
2012-12-05,TEX,21.137407,21.78216,21.015429,21.32909,3169222
2012-12-06,TEX,21.224537,21.294239,20.640776,21.08513,2761663.8
2012-12-07,TEX,21.259388,21.773447,21.207111,21.660181,2988914
2012-12-10,TEX,21.651466,22.731863,21.485922,22.618593,4217692.5
2012-12-11,TEX,22.758001,22.958397,22.33107,22.383348,4671521.5
2012-12-12,TEX,22.6883,23.237207,22.618593,22.932257,4163613.8
2012-12-13,TEX,22.923544,23.15008,22.121962,22.461763,3901587.5
2012-12-14,TEX,22.261366,22.69701,22.026121,22.200377,4426558.5
2012-12-17,TEX,22.435625,22.897408,22.365921,22.758001,2791504.8
2012-12-18,TEX,22.758001,23.716415,22.731863,23.69899,3922017
2012-12-19,TEX,23.786118,24.073643,23.21107,23.45503,3077427.8
2012-12-20,TEX,23.481169,23.524733,22.984535,23.45503,1785406
2012-12-21,TEX,22.304932,23.33305,21.991268,23.33305,4638914.5
2012-12-24,TEX,23.324337,23.524733,22.914831,23.289484,728233.56
2012-12-26,TEX,23.411467,23.934237,23.237207,23.245922,1281668.1
2012-12-27,TEX,23.315624,23.472456,22.731863,23.3679,1324019.2
2012-12-28,TEX,23.359188,23.420177,22.871267,22.932257,1527970.6
2012-12-31,TEX,22.914831,24.683544,22.862642,24.491861,2748749.5
2013-01-02,TEX,25.772652,26.138592,25.328295,25.833641,4185076.2
2013-01-03,TEX,25.990473,26.129879,25.1279,25.319582,4380419.5
2013-01-04,TEX,25.380571,25.89463,25.232452,25.772652,2341939.5
2013-01-07,TEX,25.589682,25.929483,25.511267,25.842354,1595801.4
2013-01-08,TEX,25.824928,25.903343,25.415424,25.580969,1237710.1
2013-01-09,TEX,25.70295,25.929483,25.485126,25.580969,1427120.9
2013-01-10,TEX,25.824928,25.955622,25.354435,25.563543,2123526.8
2013-01-11,TEX,25.650671,25.92077,25.267305,25.650671,1935643.6
2013-01-14,TEX,25.502554,25.650671,24.857801,25.00592,2136496
2013-01-15,TEX,24.840376,25.206316,24.7881,25.136612,2132938.2
2013-01-16,TEX,25.10176,25.31087,24.94493,25.276018,2468648.8
2013-01-17,TEX,25.441563,25.659386,25.306513,25.511267,1990726.6
2013-01-18,TEX,25.563543,25.729088,25.223742,25.729088,1946202.8
2013-01-22,TEX,25.746511,25.763939,25.258593,25.415424,2519148.8
2013-01-23,TEX,25.441563,25.450275,24.988495,25.06691,1933577.8
2013-01-24,TEX,24.97978,25.537403,24.631268,24.770672,3145349.2
2013-01-25,TEX,25.354435,28.029108,25.354435,27.924728,9392947
2013-01-28,TEX,28.229681,28.926708,27.602354,28.75245,5308223.5
2013-01-29,TEX,28.75245,29.11839,28.255817,28.508492,2153217.5
2013-01-30,TEX,28.430077,28.74374,27.820175,27.863739,2591800
2013-01-31,TEX,27.77661,28.369085,27.384531,28.212254,3512737
2013-02-01,TEX,28.621758,29.161957,28.403934,28.674034,2720132
2013-02-04,TEX,28.32552,28.717598,27.77661,27.881165,2697161.2
2013-02-05,TEX,28.194828,28.621758,28.003143,28.47364,2253121.5
2013-02-06,TEX,28.238392,28.900568,28.238392,28.717598,1885258.4
2013-02-07,TEX,28.647898,28.952847,28.220966,28.700172,2266189.5
2013-02-08,TEX,28.726313,29.26651,28.665323,29.196806,2257925.8
2013-02-11,TEX,29.371063,29.371063,28.80473,28.99641,1514542.2
2013-02-12,TEX,29.188095,30.712845,29.179382,30.355618,4065483
2013-02-13,TEX,30.547302,31.1572,30.529877,30.69542,2926133.2
2013-02-14,TEX,30.51245,30.852251,30.320766,30.495024,1799178.8
2013-02-15,TEX,30.582151,30.599577,30.216213,30.42532,2230036
2013-02-19,TEX,30.442745,30.57344,30.041954,30.416607,2828236.5
2013-02-20,TEX,29.919975,31.017794,28.194828,28.308096,8671964
2013-02-21,TEX,28.26453,28.342945,26.722353,27.645916,5116651.5
2013-02-22,TEX,27.872452,28.560766,27.863739,28.29067,2530052.2
2013-02-25,TEX,28.578194,28.717598,26.992453,26.992453,3403484.8
2013-02-26,TEX,27.236412,28.247103,26.65265,28.046707,3623607.5
2013-02-27,TEX,27.933443,28.944136,27.933443,28.717598,1851888.2
2013-02-28,TEX,28.674034,29.2578,28.517202,28.586908,1651695.8
2013-03-01,TEX,28.29067,28.691462,27.375818,28.403934,2173564.2
2013-03-04,TEX,28.14255,28.36037,27.393244,27.820175,1722166.2
2013-03-05,TEX,28.273245,29.710865,28.273245,29.231657,2986347.5
2013-03-06,TEX,29.501759,29.671658,28.665323,28.961561,2149284
2013-03-07,TEX,28.99641,29.580173,28.761162,29.188095,1448547.9
2013-03-08,TEX,29.641163,30.094233,29.562748,30.076807,2349321.8
2013-03-11,TEX,29.876411,30.216213,29.632448,29.954826,1158861.2
2013-03-12,TEX,29.78928,29.9374,29.249084,29.423342,1709426.5
2013-03-13,TEX,29.440767,30.033243,29.240372,29.832848,1080012.2
2013-03-14,TEX,30.068092,30.320766,29.78057,30.015818,1359501.4
2013-03-15,TEX,29.867697,30.36433,29.693441,29.885122,1638913.5
2013-03-18,TEX,29.222946,31.331457,28.796015,30.887104,3254957.2
2013-03-19,TEX,30.930668,31.244331,30.129086,30.677994,3295794.5
2013-03-20,TEX,31.061361,32.045914,30.17265,31.941359,4528591.5
2013-03-21,TEX,31.61027,31.88908,31.12235,31.139776,3258332.8
2013-03-22,TEX,31.514427,31.540567,30.434034,30.677994,2641513.8
2013-03-25,TEX,30.826113,30.965519,29.397203,29.649876,3130084.5
2013-03-26,TEX,29.867697,30.63443,29.867697,30.477598,2281533.5
2013-03-27,TEX,30.05938,30.590866,29.188095,30.46017,2258930
2013-03-28,TEX,30.45146,30.660566,29.776213,29.989676,2308943.5
2013-04-01,TEX,29.876411,30.015818,28.447502,28.647898,3495256
2013-04-02,TEX,28.87443,29.179382,27.767899,28.046707,2408479
2013-04-03,TEX,27.924728,28.203539,26.40869,27.25384,5595404.5
2013-04-04,TEX,27.210274,27.811462,26.940176,27.741758,4158219.5
2013-04-05,TEX,26.060175,27.149284,25.755226,27.10572,4961171.5
2013-04-08,TEX,27.184135,27.65463,26.548096,27.070868,1867698.1
2013-04-09,TEX,27.114433,28.229681,26.966314,27.802748,2721837.5
2013-04-10,TEX,27.933443,28.133839,27.25384,27.506512,2476537
2013-04-11,TEX,27.497799,27.523937,26.83562,27.236412,3179666.2
2013-04-12,TEX,27.10572,27.428095,26.356413,26.539383,2051793.8
2013-04-15,TEX,26.28671,26.37384,24.491861,24.544138,4685688
2013-04-16,TEX,25.171463,25.389284,24.709682,24.91879,3157519.8
2013-04-17,TEX,24.430872,24.657318,23.803543,24.143345,3123422
2013-04-18,TEX,24.239187,24.55285,23.463743,23.716415,3098981
2013-04-19,TEX,23.873247,24.343742,23.437603,24.056217,2534184
2013-04-22,TEX,24.012653,25.180176,23.664139,24.79681,3018525.2
2013-04-23,TEX,25.040771,25.52869,24.779385,25.032057,2562069.2
2013-04-24,TEX,25.049484,25.92077,25.040771,25.729088,2463254.2
2013-04-25,TEX,25.92077,26.8879,25.31087,25.406712,3979147.5
2013-04-26,TEX,25.450275,25.55483,25.023344,25.197603,1838316.4
2013-04-29,TEX,25.180176,25.43285,24.901365,25.328295,1782863.9
2013-04-30,TEX,25.276018,25.37186,24.657404,24.91879,2260641.2
2013-05-01,TEX,24.814236,24.84473,23.781763,24.012653,2714217.8
2013-05-02,TEX,24.221762,24.483149,24.091068,24.396019,1798377.6
2013-05-03,TEX,25.032057,26.617798,25.032057,25.999186,3711284.8
2013-05-06,TEX,25.999186,27.279976,25.763939,27.2277,3036897
2013-05-07,TEX,27.401958,28.055422,27.34968,27.71562,2237381.5
2013-05-08,TEX,27.663343,28.055422,27.506512,27.985718,1682225.2
2013-05-09,TEX,27.863739,28.046707,27.445522,27.663343,1590521.8
2013-05-10,TEX,27.698195,27.759186,26.966314,27.454235,2074297.2
2013-05-13,TEX,27.384531,27.454235,26.853046,27.218987,1494457
2013-05-14,TEX,27.175423,27.933443,27.10572,27.916018,1730774.2
2013-05-15,TEX,27.663343,27.859383,27.144928,27.750471,2236176.2
2013-05-16,TEX,27.497799,28.787304,27.497799,27.889875,3263221
2013-05-17,TEX,28.186113,29.397203,28.14255,28.665323,2545227.5
2013-05-20,TEX,28.464926,29.362352,28.41265,29.318789,1763369.6
2013-05-21,TEX,29.24917,30.312054,29.222946,30.259775,3536415.8
2013-05-22,TEX,30.63443,31.375021,29.26651,29.493044,4919354
2013-05-23,TEX,28.761162,29.9374,28.377798,29.632448,2783034.5
2013-05-24,TEX,29.153242,29.301363,28.630472,29.109678,2081864.2
2013-05-28,TEX,29.676016,30.17265,29.65859,30.137796,1882274.4
2013-05-29,TEX,29.737005,30.686708,29.632448,30.468885,2098621
2013-05-30,TEX,30.564728,31.052647,30.198786,30.721558,2085996.1
2013-05-31,TEX,30.521162,32.34215,30.321636,31.253042,3813847
2013-06-03,TEX,31.767101,31.767101,29.53661,31.026508,3961376
2013-06-04,TEX,30.97423,31.584131,30.024529,30.285913,2601978
2013-06-05,TEX,30.007103,30.233639,28.255817,28.29067,6013124
2013-06-06,TEX,28.098986,28.517202,27.489084,28.316807,3260129
2013-06-07,TEX,28.456213,29.75443,28.32552,28.883144,2836725.2
2013-06-10,TEX,28.978985,29.301363,28.41265,29.283936,1912230
2013-06-11,TEX,28.369085,28.865719,28.098986,28.14255,2219132.5
2013-06-12,TEX,28.75245,28.865719,27.201561,27.393244,2613951
2013-06-13,TEX,27.16671,28.308096,26.948889,28.220966,2064763.1
2013-06-14,TEX,28.186113,28.395224,27.497799,27.65463,1462550.1
2013-06-17,TEX,23.359188,25.563543,23.272058,25.51998,16645504
2013-06-18,TEX,25.458988,26.103739,25.145327,25.720375,4709990
2013-06-19,TEX,25.755226,26.051462,25.49384,25.511267,3099421.8
2013-06-20,TEX,24.91879,25.110474,24.134634,24.30889,4175241.5
2013-06-21,TEX,24.413445,24.448296,22.592457,23.237207,6223538
2013-06-24,TEX,22.60117,23.132652,22.304932,22.662159,2776354.5
2013-06-25,TEX,23.106516,23.424536,22.949684,23.045527,2205420.8
2013-06-26,TEX,23.298199,23.402754,22.81899,22.975822,1986717.6
2013-06-27,TEX,23.26326,23.707703,22.940971,23.463743,2118614.5
2013-06-28,TEX,23.385326,23.57701,22.871267,22.914831,2751251.5
2013-07-01,TEX,23.045527,23.716415,22.993248,23.45503,2568271.5
2013-07-02,TEX,23.350475,23.855822,23.272058,23.69899,2133626.8
2013-07-03,TEX,23.45503,23.816612,23.385326,23.611862,1237131.6
2013-07-05,TEX,23.951662,24.091068,23.568296,24.091068,1488713.8
2013-07-08,TEX,24.18691,24.430872,23.803543,23.855822,1661052
2013-07-09,TEX,24.18691,24.657404,23.986515,24.465721,1903507.2
2013-07-10,TEX,24.483149,24.753246,23.786118,23.873247,2262975.8
2013-07-11,TEX,24.526712,25.040771,24.430872,24.692257,2813032.5
2013-07-12,TEX,24.67483,25.093048,24.63998,24.805523,2022192.8
2013-07-15,TEX,24.901365,25.145327,24.378593,24.439583,1768285.4
2013-07-16,TEX,24.55285,24.70097,23.855822,23.864534,2143612
2013-07-17,TEX,24.108494,24.831661,24.099781,24.709682,2550252.2
2013-07-18,TEX,24.770672,25.833641,24.73582,25.415424,1868501.6
2013-07-19,TEX,25.345722,25.476414,24.927504,25.302158,1237595.4
2013-07-22,TEX,25.28473,25.868494,25.180176,25.267305,971207.6
2013-07-23,TEX,25.458988,25.851067,25.415424,25.650671,1922100.5
2013-07-24,TEX,25.7378,25.833641,24.779385,24.953642,2164845
2013-07-25,TEX,24.657404,26.060175,24.448296,24.683544,2845333
2013-07-26,TEX,24.605127,25.110474,24.483149,24.822948,1614050.2
2013-07-29,TEX,24.631268,25.075623,24.326317,24.509285,1095321.9
2013-07-30,TEX,24.753246,25.397999,24.317602,25.075623,1906850.6
2013-07-31,TEX,25.319582,26.04275,25.093048,25.685522,2056289.4
2013-08-01,TEX,26.060175,26.853046,25.946909,26.40869,2389546
2013-08-02,TEX,26.356413,26.922749,25.94778,26.731068,1611469
2013-08-05,TEX,26.591661,26.905323,26.548096,26.757204,1242530.6
2013-08-06,TEX,26.757204,26.80077,26.338987,26.426117,2229051.2
2013-08-07,TEX,26.208294,26.443542,25.898989,25.938196,1684462.2
2013-08-08,TEX,26.234434,27.08176,26.16473,26.940176,1542349.4
2013-08-09,TEX,26.948889,27.323542,26.71364,27.001165,987849.7
2013-08-12,TEX,26.757204,27.332254,26.670076,26.77463,1344448.9
2013-08-13,TEX,26.940176,27.480373,26.818195,27.10572,1699605.4
2013-08-14,TEX,27.131857,27.53265,26.931461,26.957602,1632643.4
2013-08-15,TEX,26.49582,27.489084,26.382553,27.419382,3659072.5
2013-08-16,TEX,27.306116,28.159975,27.245127,27.89859,2162549.5
2013-08-19,TEX,27.828888,27.855026,26.757204,26.844334,1698867.4
2013-08-20,TEX,26.844334,27.567501,26.391266,27.323542,1598713.1
2013-08-21,TEX,27.245127,27.480373,26.3477,26.513245,2184382.8
2013-08-22,TEX,26.722353,27.192848,26.67879,26.98374,1357762.5
2013-08-23,TEX,27.036016,27.185268,26.513245,26.853046,1007692.75
2013-08-26,TEX,26.86176,27.323542,26.73978,27.001165,1274440.9
2013-08-27,TEX,26.504532,26.696215,25.720375,25.868494,1606521.1
2013-08-28,TEX,25.659386,26.234434,25.598394,26.034037,1277995.4
2013-08-29,TEX,25.912058,26.243147,25.424137,25.537403,1572884.6
2013-08-30,TEX,25.563543,25.833641,25.171463,25.267305,1365911.4
2013-09-03,TEX,25.763939,25.868494,24.448296,24.63998,4294154
2013-09-04,TEX,24.622553,25.15404,24.396019,24.997208,3389356.2
2013-09-05,TEX,25.511267,26.37384,25.363148,25.67681,5208850
2013-09-06,TEX,25.946909,26.914036,25.521286,26.37384,3177042.5
2013-09-09,TEX,26.539383,27.367105,26.539383,27.157997,2753744.2
2013-09-10,TEX,27.480373,27.759186,27.044731,27.332254,2504390
2013-09-11,TEX,27.279976,27.47166,26.635225,27.218987,2071419.9
2013-09-12,TEX,27.279976,27.741758,27.114433,27.2277,1559533.1
2013-09-13,TEX,27.271263,27.909483,27.157997,27.8376,2362286.5
2013-09-16,TEX,28.203539,28.87443,28.011858,28.81344,3281929
2013-09-17,TEX,28.75245,28.99641,28.464926,28.700172,2823411.5
2013-09-18,TEX,28.717598,29.623737,28.491066,29.484331,2586910.5
2013-09-19,TEX,29.527895,30.216213,29.301363,29.946112,3735749.8
2013-09-20,TEX,30.12037,30.381756,29.841558,29.946112,5520064.5
2013-09-23,TEX,29.815422,29.972254,29.100967,29.432053,3117459.5
2013-09-24,TEX,29.440767,30.224924,29.20552,29.632448,1622123.4
2013-09-25,TEX,29.623737,30.277203,29.388489,29.65859,1821903.9
2013-09-26,TEX,29.632448,30.050669,29.47562,29.702154,1507541
2013-09-27,TEX,29.336212,29.649876,29.292648,29.606312,1285914.8
2013-09-30,TEX,29.144531,29.702154,28.900568,29.27522,1959172.1
2013-10-01,TEX,29.100967,30.18136,29.100967,29.580173,2172205.5
2013-10-02,TEX,29.96354,30.442745,29.54532,29.980965,3561979.2
2013-10-03,TEX,29.972254,30.072449,29.144531,29.388489,2936710.5
2013-10-04,TEX,29.432053,30.529877,29.379778,30.312054,1953327.9
2013-10-07,TEX,29.797995,30.146507,29.580173,29.954826,2740775
2013-10-08,TEX,29.96354,30.608292,28.900568,29.310074,2610785.8
2013-10-09,TEX,29.353638,29.615026,28.334234,29.231657,3536507.8
2013-10-10,TEX,29.815422,30.590866,29.815422,30.303339,2172447.5
2013-10-11,TEX,30.163935,30.373045,29.78057,30.050669,1680388.9
2013-10-14,TEX,29.493044,29.893837,29.127104,29.893837,3871183
2013-10-15,TEX,29.649876,29.737005,29.013836,29.240372,2172008
2013-10-16,TEX,29.54532,29.54532,28.891857,29.26651,2568887.8
2013-10-17,TEX,29.039976,29.127104,28.508492,28.717598,3539708.8
2013-10-18,TEX,28.99641,29.928686,28.604334,29.702154,2886882
2013-10-21,TEX,29.771854,30.309702,29.75443,29.832848,2422171.5
2013-10-22,TEX,30.076807,30.87839,29.989676,30.721558,3544414.2
2013-10-23,TEX,30.285913,30.285913,29.562748,29.684727,3646732
2013-10-24,TEX,30.660566,31.85423,30.608292,31.009083,4994711.5
2013-10-25,TEX,31.322746,31.322746,30.442745,30.991657,2790229.5
2013-10-28,TEX,30.965519,31.218193,30.407896,31.052647,1565830.8
2013-10-29,TEX,31.009083,31.009083,30.007103,30.582151,2567514
2013-10-30,TEX,30.477598,30.773834,30.028885,30.373045,1492195.9
2013-10-31,TEX,30.050669,30.721558,29.806707,30.45146,2452747
2013-11-01,TEX,30.582151,30.712845,29.980965,30.190075,1912743
2013-11-04,TEX,30.277203,31.923933,30.277203,31.85423,2531902.2
2013-11-05,TEX,31.688684,31.732248,30.956804,31.36631,1514197.9
2013-11-06,TEX,31.627695,31.654009,30.895815,31.192053,1405205
2013-11-07,TEX,31.009083,31.3576,29.632448,29.641163,2615328.2
2013-11-08,TEX,29.693441,30.399096,29.624609,30.312054,2034828
2013-11-11,TEX,30.329481,30.599577,30.068092,30.373045,1267665.9
2013-11-12,TEX,30.277203,30.477598,29.954826,30.259775,1278251.4
2013-11-13,TEX,29.928686,31.235617,29.928686,31.12235,1759265.4
2013-11-14,TEX,31.104925,31.253042,30.564728,31.061361,1532693.5
2013-11-15,TEX,31.000372,31.104925,30.224924,30.69542,2507151.5
2013-11-18,TEX,30.765123,30.948093,30.251064,30.39047,1215219.2
2013-11-19,TEX,30.320766,30.407896,29.606312,29.841558,1569977.5
2013-11-20,TEX,29.989676,30.18136,29.597599,29.667301,1314051.2
2013-11-21,TEX,29.737005,30.64314,29.737005,30.590866,1504969
2013-11-22,TEX,30.782549,31.192053,30.521162,31.104925,1739983.5
2013-11-25,TEX,31.113636,31.453438,30.817398,31.36631,1739956
2013-11-26,TEX,31.36631,31.453438,30.97423,31.261757,1181641.4
2013-11-27,TEX,31.226904,31.61027,31.078785,31.540567,1074847.5
2013-11-29,TEX,31.453438,32.15918,31.401163,31.64512,827976.9
2013-12-02,TEX,31.557995,32.46413,31.270468,32.089478,2677879.5
2013-12-03,TEX,31.88908,32.054626,31.270468,31.57542,1720559.4
2013-12-04,TEX,31.4273,32.202744,31.314032,31.6974,1381635.2
2013-12-05,TEX,31.627695,31.915222,31.462152,31.775816,1239326.1
2013-12-06,TEX,33.082745,33.43126,32.647102,32.925915,2665369.2
2013-12-09,TEX,33.169872,33.945316,33.16116,33.73621,2200769
2013-12-10,TEX,33.692642,34.302544,33.483536,33.49225,1952296.1
2013-12-11,TEX,33.335415,33.457397,32.49898,32.716805,1382668.2
2013-12-12,TEX,32.716805,33.144306,32.577213,33.039608,1864417
2013-12-13,TEX,33.109406,33.58053,32.961086,33.519455,1735919.9
2013-12-16,TEX,34.060375,34.22614,33.641598,34.077824,2197036.2
2013-12-17,TEX,34.025475,34.50532,33.842262,34.47915,1686164.5
2013-12-18,TEX,34.452976,35.020065,33.981853,35.020065,2451841
2013-12-19,TEX,34.897923,35.10731,34.57512,34.863026,1501636.6
2013-12-20,TEX,34.958996,35.12476,34.60129,34.63619,2356045
2013-12-23,TEX,34.897923,35.918686,34.749607,35.82272,1367428.1
2013-12-24,TEX,35.77037,36.040833,35.696213,35.848892,571776.1
2013-12-26,TEX,36.05828,36.48578,35.953587,36.014656,1002008.06
2013-12-27,TEX,36.206596,36.634098,36.206596,36.320015,721534.06
2013-12-30,TEX,36.442158,36.533764,35.96231,36.29384,1093639.9
2013-12-31,TEX,36.346188,36.9569,36.311287,36.634098,947012.25
2014-01-02,TEX,36.459606,36.68644,35.735474,35.86634,1315742.5
2014-01-03,TEX,36.040833,36.37236,35.76165,36.014656,971633.75
2014-01-06,TEX,36.110626,36.110626,34.610016,34.69726,2394068
2014-01-07,TEX,34.740883,35.177105,34.66236,34.819405,1374204.4
2014-01-08,TEX,35.063686,35.892513,35.063686,35.718025,1692593.5
2014-01-09,TEX,35.944862,36.285114,35.51736,35.90124,1424882.5
2014-01-10,TEX,35.988483,36.42471,35.82272,36.084454,1971693.2
2014-01-13,TEX,36.049553,36.180332,35.273075,35.325424,2337334.5
2014-01-14,TEX,35.465015,36.206596,35.386497,36.1368,1303972.1
2014-01-15,TEX,36.363636,37.358227,36.285114,36.83476,2245749.8
2014-01-16,TEX,36.791134,37.009247,36.42471,36.695168,1721248.5
2014-01-17,TEX,36.808582,36.939453,36.43343,36.76496,1579163.2
2014-01-21,TEX,37.11394,37.218636,36.45088,36.9569,1436194.4
2014-01-22,TEX,36.83476,36.91328,35.97976,36.1368,2078751.8
2014-01-23,TEX,36.040833,36.224045,34.98517,35.194557,2918829.2
2014-01-24,TEX,34.98517,34.98517,33.00471,33.08323,3054719.2
2014-01-27,TEX,33.990578,34.391903,32.298027,33.13558,2732082.2
2014-01-28,TEX,34.740883,35.23818,33.938232,34.208687,2909684.8
2014-01-29,TEX,33.641598,34.50532,33.344967,33.789913,2020636
2014-01-30,TEX,34.121445,34.845577,33.80736,34.73216,1612236.9
2014-01-31,TEX,35.77037,35.997208,35.020065,35.77037,4012617
2014-02-03,TEX,35.86634,36.363636,34.261036,34.487873,3861299
2014-02-04,TEX,34.548943,36.407257,34.304657,36.197872,3825557.2
2014-02-05,TEX,35.90124,35.918686,33.99494,34.52277,3430835.8
2014-02-06,TEX,34.583843,35.691853,34.4617,35.255627,1727208.8
2014-02-07,TEX,35.61333,35.96231,35.255627,35.735474,1607052.6
2014-02-10,TEX,35.595882,36.171696,35.212006,36.023384,2248005.5
2014-02-11,TEX,35.997208,37.236084,35.639503,37.009247,2732479
2014-02-12,TEX,37.166286,38.601463,37.096493,38.283024,3027711.5
2014-02-13,TEX,37.951492,38.378994,37.53272,38.213226,1809547.2
2014-02-14,TEX,38.073635,38.701797,37.977665,38.265575,2050376.5
2014-02-18,TEX,38.509857,38.6669,37.872707,38.33537,3791460
2014-02-19,TEX,36.093178,37.506546,35.56971,36.77369,7529422
2014-02-20,TEX,36.477055,38.047462,36.35491,37.73338,2689329
2014-02-21,TEX,37.66358,37.759552,36.695168,36.747513,2452638.8
2014-02-24,TEX,36.93073,38.038734,36.93073,37.550167,2767273
2014-02-25,TEX,37.428024,37.73338,36.922,37.550167,1983604.5
2014-02-26,TEX,37.698483,38.466236,37.52399,38.038734,1794742.9
2014-02-27,TEX,37.899143,38.701797,37.71593,38.509857,1629896.4
2014-02-28,TEX,38.49241,38.946083,38.22195,38.850113,1916790.2
2014-03-03,TEX,38.099808,38.7367,37.73338,38.43134,2029625.6
2014-03-04,TEX,38.911182,39.34741,38.69307,39.03333,2315698.8
2014-03-05,TEX,39.050774,39.661488,38.134705,38.274296,2723027.2
2014-03-06,TEX,38.632412,39.20888,38.49266,38.98179,1757889.1
2014-03-07,TEX,39.26129,39.49712,38.45772,38.64988,1695129.5
2014-03-10,TEX,38.422787,38.597473,37.35718,38.248096,1481272.5
2014-03-11,TEX,38.53633,39.20888,37.767704,37.889984,2542007.2
2014-03-12,TEX,37.435795,37.645416,36.693363,37.226166,3690030
2014-03-13,TEX,37.479465,37.662888,35.706375,36.143097,2702750.2
2014-03-14,TEX,36.01208,36.632225,35.73258,35.811188,2137745.2
2014-03-17,TEX,36.21297,36.92046,36.21297,36.440067,2158019
2014-03-18,TEX,36.50994,37.09515,36.352722,37.068947,2003473.4
2014-03-19,TEX,37.007805,37.068947,36.25664,36.527412,2024090.6
2014-03-20,TEX,36.40513,36.92046,36.15183,36.55361,1118224.5
2014-03-21,TEX,36.85932,38.379112,36.85932,38.17822,3469371
2014-03-24,TEX,38.16075,38.335438,37.121353,37.53187,3598084.5
2014-03-25,TEX,37.92492,38.77216,37.88125,38.204426,2460490.8
2014-03-26,TEX,38.483925,38.973053,36.885525,36.885525,2947070.8
2014-03-27,TEX,36.789444,37.025272,36.29158,36.440067,2133738.2
2014-03-28,TEX,36.59729,37.92492,36.59729,37.80264,2426945.5
2014-03-31,TEX,38.186954,38.815834,38.05594,38.69355,1553849.6
2014-04-01,TEX,38.501396,38.64988,37.986065,38.43152,2850608.8
2014-04-02,TEX,38.545067,38.94685,38.082138,38.597473,1797254
2014-04-03,TEX,38.65861,39.02546,38.038467,38.43152,1686589.8
2014-04-04,TEX,38.973053,39.0604,37.40959,37.689095,2245810.8
2014-04-07,TEX,37.2349,37.427055,35.52295,35.968407,3023067.5
2014-04-08,TEX,35.968407,36.56235,35.54042,36.352722,2373519
2014-04-09,TEX,36.40513,37.566807,36.32652,37.558075,1389867.6
2014-04-10,TEX,37.53187,37.636684,35.78586,36.07322,1809140.2
2014-04-11,TEX,35.584095,36.12563,35.32206,35.47928,1586132.1
2014-04-14,TEX,35.933468,36.239178,34.69318,35.18231,2227636.8
2014-04-15,TEX,35.339527,35.985878,34.73685,35.828655,2017143.4
2014-04-16,TEX,36.25664,36.57982,35.79372,36.571083,1173779.2
2014-04-17,TEX,36.667164,37.051476,36.361458,36.745773,1326122.2
2014-04-21,TEX,36.649693,36.75451,36.05575,36.56235,850193.44
2014-04-22,TEX,36.7021,37.654156,36.50994,37.461994,1556852.6
2014-04-23,TEX,37.383385,37.872517,37.15638,37.558075,1311339.4
2014-04-24,TEX,38.038467,38.117077,36.824383,37.226166,1563457.5
2014-04-25,TEX,36.999073,37.13882,36.317787,36.32652,1071279.2
2014-04-28,TEX,36.4226,36.483738,35.217247,36.239178,1574714.1
2014-04-29,TEX,36.518677,37.61048,36.46627,37.50567,2155126
2014-04-30,TEX,37.427055,37.959858,36.929195,37.811375,2517244.5
2014-05-01,TEX,36.737038,39.02546,36.737038,37.400856,3715705.2
2014-05-02,TEX,37.549343,37.549343,35.453075,35.69764,3750021.2
2014-05-05,TEX,35.112434,35.557888,34.61457,35.138638,2347757.8
2014-05-06,TEX,34.894073,35.313324,34.55343,34.77179,1901630.5
2014-05-07,TEX,34.859135,34.885338,34.156013,34.859135,2511789
2014-05-08,TEX,34.684444,35.57536,34.666977,34.885338,1429514.1
2014-05-09,TEX,34.73685,34.946476,34.370003,34.5709,1180542.1
2014-05-12,TEX,35.016354,36.143097,34.95521,35.924736,1339812.9
2014-05-13,TEX,35.95094,36.28285,35.60156,35.723846,891132.5
2014-05-14,TEX,35.706375,35.706375,35.016354,35.156105,1289562.4
2014-05-15,TEX,34.946476,34.95521,33.68872,34.43988,1838723.1
2014-05-16,TEX,34.39621,34.684444,34.006653,34.55343,1377400.9
2014-05-19,TEX,34.41368,35.287125,34.23899,35.199776,1328731.5
2014-05-20,TEX,35.00762,35.13584,34.02936,34.23899,1462690.9
2014-05-21,TEX,34.343803,34.49229,33.872143,34.090504,1231848.2
2014-05-22,TEX,34.13418,34.28266,33.88088,34.081768,1471478
2014-05-23,TEX,34.090504,34.69973,33.85467,34.40494,1126890.1
2014-05-27,TEX,34.745586,35.016354,34.27393,34.3176,1462020
2014-05-28,TEX,34.291393,34.588364,34.090504,34.18658,1581514.9
2014-05-29,TEX,34.326332,34.588364,34.116707,34.483555,1271600.1
2014-05-30,TEX,34.378742,34.378742,33.400486,33.59264,1824805.9
2014-06-02,TEX,33.59264,34.16038,33.33934,34.15164,1469446.9
2014-06-03,TEX,33.898346,34.431145,33.863407,34.291393,1288752.9
2014-06-04,TEX,34.10797,34.649506,33.98569,34.41368,1306042
2014-06-05,TEX,34.41368,35.627766,34.36127,35.339527,1571025.2
2014-06-06,TEX,35.374508,36.23154,35.36576,35.6631,2896747.5
2014-06-09,TEX,35.55816,36.71253,35.505684,36.32774,1895032.5
2014-06-10,TEX,36.205307,36.38021,35.785534,35.820515,1131297.4
2014-06-11,TEX,35.55816,35.57565,34.902264,35.269566,1357028
2014-06-12,TEX,35.173367,35.245075,33.91405,34.15892,1663395.8
2014-06-13,TEX,34.150173,34.307587,33.398083,33.494278,2586698.8
2014-06-16,TEX,33.415573,33.97527,33.346485,33.555496,1660848.1
2014-06-17,TEX,33.564243,33.93154,33.29314,33.71291,2084062.1
2014-06-18,TEX,33.704166,33.774128,33.22318,33.651695,2246105.8
2014-06-19,TEX,33.887817,34.290096,33.817852,34.08021,2052854.4
2014-06-20,TEX,34.307587,35.208347,34.132683,35.14713,3634277.5
2014-06-23,TEX,35.2958,35.549416,35.09466,35.217094,1443646.6
2014-06-24,TEX,35.07717,35.488197,34.644283,34.69238,1327610.9
2014-06-25,TEX,34.569942,34.95474,34.34257,34.596184,1302730
2014-06-26,TEX,34.69238,34.96348,34.403786,34.937244,737446.6
2014-06-27,TEX,35.217094,36.205307,35.16462,35.951694,2969660.2
2014-06-30,TEX,35.855495,36.23154,35.619373,35.942947,1517135.6
2014-07-01,TEX,36.240284,36.87869,36.109108,36.34523,2220934.2
2014-07-02,TEX,36.318993,36.852455,36.318993,36.41519,1057354.2
2014-07-03,TEX,36.765003,37.193516,36.52888,37.001125,1536484.5
2014-07-07,TEX,36.756256,36.93116,35.942947,36.047894,1029457.94
2014-07-08,TEX,36.039146,36.301502,35.74006,36.205307,1931475.2
2014-07-09,TEX,36.590096,36.62508,36.266525,36.36272,1555460.5
2014-07-10,TEX,35.566902,35.654354,34.97223,34.989716,2967014.2
2014-07-11,TEX,35.103405,35.112152,34.456257,34.70987,2058628.9
2014-07-14,TEX,35.252075,35.257324,34.718616,34.74485,1393896.1
2014-07-15,TEX,34.849792,34.849792,34.10645,34.150173,2360594.2
2014-07-16,TEX,34.52622,34.529716,33.69542,34.403786,2795661.5
2014-07-17,TEX,34.290096,34.504356,33.503025,33.590477,1998494.5
2014-07-18,TEX,33.80911,34.12394,33.669186,34.10645,1810550
2014-07-21,TEX,33.887817,34.72736,33.79162,34.64865,1803836.6
2014-07-22,TEX,34.97223,35.890476,34.85854,35.40074,3491115.2
2014-07-23,TEX,35.505684,35.82926,35.120895,35.40074,2294744.8
2014-07-24,TEX,34.088955,34.132683,32.287434,32.724697,7446401.5
2014-07-25,TEX,32.40987,32.47109,31.692762,31.9901,4011893
2014-07-28,TEX,32.14751,32.182495,31.421658,31.54409,2853982.5
2014-07-29,TEX,31.552837,31.710249,30.660824,30.757017,4136378
2014-07-30,TEX,30.92318,31.30797,30.573368,31.176792,2449822.2
2014-07-31,TEX,30.625841,30.634584,29.427744,30.179832,3699674.2
2014-08-01,TEX,30.039907,30.389719,29.239721,29.891241,2801646.5
2014-08-04,TEX,29.891241,30.25854,29.349037,29.934967,2260127
2014-08-05,TEX,29.865005,30.730783,29.786299,30.311012,2759565.5
2014-08-06,TEX,29.996183,30.520899,29.821278,30.25854,1867850.9
2014-08-07,TEX,30.915382,31.38831,30.433699,30.556309,3656312
2014-08-08,TEX,30.58258,31.195635,30.58258,31.073025,1583689.2
2014-08-11,TEX,31.975086,32.237827,31.537191,31.651045,3700770
2014-08-12,TEX,31.64229,32.123974,31.318245,31.51092,2783987.5
2014-08-13,TEX,31.75614,32.13273,31.747383,31.83496,2221953
2014-08-14,TEX,31.931297,32.237827,31.721111,32.194035,2627843.8
2014-08-15,TEX,32.404224,32.605656,32.043137,32.412983,1854937
2014-08-18,TEX,32.84212,33.10486,32.43926,32.96473,2132524
2014-08-19,TEX,32.96473,33.332565,32.693237,32.824604,1772809.9
2014-08-20,TEX,32.824604,33.069824,32.71951,32.92094,1321923.2
2014-08-21,TEX,33.01728,33.21871,32.693237,32.850876,1550463.2
2014-08-22,TEX,32.649445,32.84212,32.491802,32.737026,1497033.8
2014-08-25,TEX,33.043552,33.043552,32.701996,32.728268,1574117.2
2014-08-26,TEX,32.763298,33.034794,32.705322,32.728268,957341.5
2014-08-27,TEX,32.824604,32.912186,32.561867,32.693237,915049.4
2014-08-28,TEX,32.43926,32.9297,32.106457,32.614418,1269154.9
2014-08-29,TEX,32.780815,32.87715,32.518078,32.763298,1028608.6
2014-09-02,TEX,32.81585,33.166077,32.39547,32.535595,1791662.6
2014-09-03,TEX,32.772057,32.96473,32.299133,32.404224,1119896.5
2014-09-04,TEX,32.448013,32.87715,32.360435,32.518078,1312644.8
2014-09-05,TEX,32.535595,32.544353,32.080185,32.325405,883875.25
2014-09-08,TEX,32.325405,32.42174,32.08894,32.159004,1278662.9
2014-09-09,TEX,32.14149,32.150246,30.784016,30.810287,3479649.8
2014-09-10,TEX,30.687677,30.784016,30.100897,30.407425,2401434.5
2014-09-11,TEX,30.109657,30.740223,30.030836,30.696434,2159035
2014-09-12,TEX,30.608856,30.722712,30.276056,30.38991,1490628.1
2014-09-15,TEX,28.042793,29.233868,28.025276,28.4369,7003859
2014-09-16,TEX,28.699635,29.159422,28.112854,28.901066,3618178.2
2014-09-17,TEX,28.866034,29.242624,28.813488,28.857277,2366394
2014-09-18,TEX,28.88355,29.198835,28.675987,28.92734,1363588.5
2014-09-19,TEX,29.084982,29.12877,28.401867,28.769697,2062868.1
2014-09-22,TEX,28.577024,28.594542,27.893908,28.244225,2618848.5
2014-09-23,TEX,28.26174,28.550749,27.946455,28.13037,2630193.8
2014-09-24,TEX,28.21795,28.471928,27.972729,28.445656,1981568.9
2014-09-25,TEX,28.25298,28.34056,27.780054,28.060308,1724007.1
2014-09-26,TEX,28.034033,28.31429,27.885149,28.244225,1335642.2
2014-09-29,TEX,27.876392,28.50696,27.604897,28.34056,1955176.8
2014-09-30,TEX,28.235468,28.419382,27.604897,27.823845,2057549.5
2014-10-01,TEX,27.639929,27.972729,27.280855,27.368433,2283151.5
2014-10-02,TEX,27.47353,28.121614,27.114454,28.00776,3700795.2
2014-10-03,TEX,28.191675,28.498203,27.788813,27.911425,1864932.5
2014-10-06,TEX,27.902666,28.034033,27.21079,27.50856,1843452.5
2014-10-07,TEX,26.84296,26.921782,25.940897,25.949654,3361598.5
2014-10-08,TEX,25.940897,26.685318,25.336601,26.606495,2977517.8
2014-10-09,TEX,26.457611,26.55395,25.362875,25.43294,2499016
2014-10-10,TEX,24.408264,24.889948,23.821486,23.979126,4616429
2014-10-13,TEX,24.119255,24.583422,23.59378,23.63757,3403528.8
2014-10-14,TEX,23.917822,24.71479,23.742664,23.996643,3246025.2
2014-10-15,TEX,23.54999,24.1718,22.875633,23.269737,4618870.5
2014-10-16,TEX,22.735504,24.42578,22.709232,24.311928,4097420
2014-10-17,TEX,24.67976,25.28055,24.42578,24.434538,2776925.2
2014-10-20,TEX,24.224348,24.627213,23.76018,24.241863,2339662.8
2014-10-21,TEX,24.5046,25.371632,24.443384,25.25778,2488863
2014-10-22,TEX,25.29281,25.774496,24.59218,24.618454,2609783.5
2014-10-23,TEX,25.152685,26.151087,25.152685,25.792013,2104942
2014-10-24,TEX,25.783255,26.054749,25.450453,25.879591,1043717.25
2014-10-27,TEX,25.55555,25.713192,25.120281,25.669401,1029155.56
2014-10-28,TEX,26.037233,26.825443,25.993444,26.702833,2216650.5
2014-10-29,TEX,26.799171,27.13197,26.291212,26.781654,2300497
2014-10-30,TEX,24.12801,24.233107,22.770536,23.979126,8527190
2014-10-31,TEX,24.320686,25.231506,23.822361,25.196476,5764878
2014-11-03,TEX,25.196476,25.774496,24.758581,25.43294,3587792
2014-11-04,TEX,25.178959,25.266539,24.163042,24.285652,2081905.8
2014-11-05,TEX,24.55715,24.855091,24.206831,24.250622,2493498.8
2014-11-06,TEX,24.320812,25.176252,24.272558,25.154318,1850509.2
2014-11-07,TEX,25.321018,25.566683,25.022713,25.338566,2071478.8
2014-11-10,TEX,25.391209,25.882538,25.263988,25.733385,2385837.2
2014-11-11,TEX,25.733385,26.00537,25.509655,25.891312,1673525.5
2014-11-12,TEX,25.742159,26.31245,25.715836,25.76848,2115404.2
2014-11-13,TEX,25.742159,25.97905,24.645441,24.794594,2436136.2
2014-11-14,TEX,24.706856,24.99639,24.52261,24.724405,2239547.2
2014-11-17,TEX,24.61912,25.075354,24.408548,24.812141,2029396.4
2014-11-18,TEX,25.443851,26.286129,25.382435,26.066786,2952993.2
2014-11-19,TEX,25.926407,26.04573,25.443851,25.645647,1492938.9
2014-11-20,TEX,25.478947,26.303677,25.364887,26.163298,1871699.8
2014-11-21,TEX,26.751139,27.277563,26.751139,26.98803,3207926.8
2014-11-24,TEX,26.996803,27.51884,26.672174,27.084541,1534657.6
2014-11-25,TEX,27.040672,27.374075,26.654627,27.163504,1709383.6
2014-11-26,TEX,26.94416,26.94416,26.33,26.575665,1329880.8
2014-11-28,TEX,26.356321,26.36948,25.062193,25.18064,1602099.9
2014-12-01,TEX,25.005163,25.210382,24.101467,24.276943,3067484.8
2014-12-02,TEX,24.276943,24.627893,24.162886,24.303265,2234213.2
2014-12-03,TEX,24.469965,25.435078,24.469965,24.829689,2346425.2
2014-12-04,TEX,24.584024,24.899878,24.399775,24.592798,2246558
2014-12-05,TEX,24.513834,25.057806,24.320812,24.680534,1768776.8
2014-12-08,TEX,24.487513,24.886719,23.794388,23.934769,3441870.2
2014-12-09,TEX,23.443438,24.52261,23.399569,24.45242,2312960.8
2014-12-10,TEX,24.206753,24.33836,23.390795,23.443438,2224614.2
2014-12-11,TEX,23.513628,24.12779,23.513628,23.610138,1803292.2
2014-12-12,TEX,23.267963,23.768066,23.013525,23.232868,2238596.8
2014-12-15,TEX,23.425892,23.768066,22.820503,22.90824,1883711.8
2014-12-16,TEX,22.873144,23.610138,22.478327,22.513422,2388448.5
2014-12-17,TEX,22.504646,23.101261,22.285303,22.943335,2325650.8
2014-12-18,TEX,23.522402,23.864578,23.14513,23.70665,2863391.8
2014-12-19,TEX,23.70665,24.698082,23.618914,24.540155,3447832.2
2014-12-22,TEX,24.469965,24.540155,24.022505,24.066374,1716517.4
2014-12-23,TEX,24.233076,24.73318,24.154112,24.61912,1713903.9
2014-12-24,TEX,24.557703,24.654215,24.258694,24.531382,457384.1
2014-12-26,TEX,24.706856,25.101675,24.706856,24.943748,712943.25
2014-12-29,TEX,25.075354,25.391209,24.9262,25.119223,1347776.1
2014-12-30,TEX,25.075354,25.294697,24.671762,25.101675,978368.2
2014-12-31,TEX,25.101675,25.119223,24.461191,24.461191,1875196.5
2015-01-02,TEX,24.566477,25.031487,24.013731,24.961296,1402760.8
2015-01-05,TEX,24.513834,24.566477,23.127584,23.346928,2673388.5
2015-01-06,TEX,23.399569,23.434664,22.166859,22.592384,2364592
2015-01-07,TEX,22.241436,22.548517,22.000158,22.364267,2211692.8
2015-01-08,TEX,22.627481,22.671349,22.118603,22.513422,4218014.5
2015-01-09,TEX,22.504646,22.504646,21.671143,21.715012,3021571.8
2015-01-12,TEX,21.583405,21.741333,20.934149,20.934149,2640049.2
2015-01-13,TEX,21.135944,21.355288,20.109417,20.460365,4082791.8
2015-01-14,TEX,19.881298,20.355082,19.675116,20.25857,3893490.5
2015-01-15,TEX,20.56565,20.679708,19.846205,19.890072,1966068.9
2015-01-16,TEX,19.890072,20.135738,19.705824,19.79356,2711791.8
2015-01-20,TEX,19.784786,19.828657,19.504028,19.802336,1749384.8
2015-01-21,TEX,19.723372,20.18838,19.661955,19.81111,3427674.5
2015-01-22,TEX,20.153284,20.741125,19.969036,20.56565,2398683.5
2015-01-23,TEX,20.32876,20.556877,19.86375,20.030453,1401455.6
2015-01-26,TEX,20.056774,20.66216,19.872524,20.635841,1633909.5
2015-01-27,TEX,19.942715,20.004131,19.3461,19.705824,3414880.5
2015-01-28,TEX,19.960262,20.091867,19.433838,19.776014,2728465.2
2015-01-29,TEX,19.776014,20.232248,19.306618,20.214703,2898503.5
2015-01-30,TEX,20.135738,20.179605,19.688276,19.723372,3338754.5
2015-02-02,TEX,19.881298,20.66216,19.76724,20.600744,2218828.8
2015-02-03,TEX,20.907827,21.750107,20.811316,21.723785,4084967.5
2015-02-04,TEX,21.460571,21.679914,20.635841,20.77622,3090671
2015-02-05,TEX,20.969242,21.289484,20.59197,21.223682,1816686.8
2015-02-06,TEX,21.478119,22.03964,21.311419,21.776426,2450006
2015-02-09,TEX,21.679914,22.101055,21.679914,21.925581,3522425.2
2015-02-10,TEX,22.13615,22.13615,21.434252,21.802748,2126744.8
2015-02-11,TEX,21.644821,21.85539,21.135944,21.671143,1325077.8
2015-02-12,TEX,21.916807,22.03964,21.697462,21.899258,1409214
2015-02-13,TEX,22.127377,22.451742,21.864164,22.06596,2906829.2
2015-02-17,TEX,21.978222,22.390589,21.881712,22.3204,3488009
2015-02-18,TEX,21.715012,24.54893,21.715012,23.513628,9733405
2015-02-19,TEX,23.00475,23.171452,22.162472,22.267756,4800646
2015-02-20,TEX,22.171246,24.026892,21.900137,23.961088,5514152.5
2015-02-23,TEX,23.680328,23.890898,23.452211,23.583817,3668200
2015-02-24,TEX,23.70665,24.009344,23.586449,23.838257,2567528.2
2015-02-25,TEX,23.689102,24.610344,23.56627,24.347134,3372839.2
2015-02-26,TEX,24.29449,24.50506,23.934769,24.013731,2059717.6
2015-02-27,TEX,24.154112,24.408548,23.996183,24.048826,2827786.8
2015-03-02,TEX,23.925995,24.083921,23.425892,23.443438,2926990.8
2015-03-03,TEX,23.364473,23.864578,23.285511,23.680328,1607243.6
2015-03-04,TEX,23.408342,23.531176,22.671349,23.110035,3045212.8
2015-03-05,TEX,22.86437,23.14513,22.645027,23.11881,1739314.9
2015-03-06,TEX,22.8462,23.49694,22.485657,22.520834,2564933.2
2015-03-09,TEX,22.547215,22.76697,22.309784,22.309784,1817204.5
2015-03-10,TEX,22.098732,22.643946,21.799746,22.46807,4066534.5
2015-03-11,TEX,22.564802,22.564802,22.010796,22.18667,3222447.8
2015-03-12,TEX,22.415308,23.039665,22.16908,22.925346,2260800.5
2015-03-13,TEX,22.811028,22.925346,22.230639,22.60877,2145939.8
2015-03-16,TEX,22.714296,22.749472,22.11632,22.441689,2791971.2
2015-03-17,TEX,22.362545,22.819822,22.318575,22.670328,1944341.1
2015-03-18,TEX,22.459278,23.82231,22.30099,23.576084,2739135
2015-03-19,TEX,23.347446,23.461765,22.86379,23.00449,2255697
2015-03-20,TEX,23.206747,23.54091,23.070444,23.488146,1756014.6
2015-03-23,TEX,23.523323,23.998186,23.381742,23.558498,2124899.8
2015-03-24,TEX,23.435385,23.479355,22.951727,23.35624,2044531.5
2015-03-25,TEX,23.558498,23.70799,23.162779,23.233128,1683206.1
2015-03-26,TEX,23.127602,23.703594,23.105618,23.241922,1263703.2
2015-03-27,TEX,23.153984,23.162779,22.626358,22.907759,2192584
2015-03-30,TEX,23.039665,23.971804,23.013285,23.690405,2098726.8
2015-03-31,TEX,23.435385,23.49694,23.162779,23.382622,1635276.8
2015-04-01,TEX,23.347446,23.628849,22.828613,23.013285,2633921.8
2015-04-02,TEX,22.951727,23.35624,22.811028,22.872583,1781699.9
2015-04-06,TEX,22.79344,23.8399,22.643946,23.602467,2778296.8
2015-04-07,TEX,23.549704,23.575119,23.092428,23.233128,1440114.6
2015-04-08,TEX,23.382622,23.417797,23.00449,23.039665,1243469.6
2015-04-09,TEX,22.916552,23.417797,22.881378,23.28589,1593665.5
2015-04-10,TEX,23.40021,23.541174,23.101221,23.435385,1422853.5
2015-04-13,TEX,23.391417,23.435385,22.978107,23.048458,1527358.2
2015-04-14,TEX,23.197952,23.391417,22.8462,23.321066,1259767.5
2015-04-15,TEX,23.42659,25.1062,23.28589,24.78083,3609062.8
2015-04-16,TEX,24.613749,24.640131,24.086123,24.305967,2045799.4
2015-04-17,TEX,23.971804,24.21803,23.716784,23.980598,1535674.4
2015-04-20,TEX,24.10371,24.429081,24.094917,24.209236,1756225
2015-04-21,TEX,24.28838,24.367523,23.338654,23.514528,1740782.1
2015-04-22,TEX,23.373829,23.743166,23.162779,23.382622,1755630.2
2015-04-23,TEX,23.479355,23.971804,23.303478,23.68161,1348772.6
2015-04-24,TEX,23.699198,23.760754,23.288002,23.461765,1978638.2
2015-04-27,TEX,23.567291,24.305967,23.567291,24.244411,2156449.5
2015-04-28,TEX,24.481842,24.697289,23.8399,24.552193,2660400.8
2015-04-29,TEX,24.429081,25.370014,24.297173,24.851181,3362656.2
2015-04-30,TEX,23.523323,24.165266,22.362545,24.147678,9441368
2015-05-01,TEX,24.305967,24.78083,23.96301,24.534605,3663279.5
2015-05-04,TEX,24.657719,24.877563,24.402699,24.517017,2454700.5
2015-05-05,TEX,24.543398,25.246899,24.297173,24.490637,2467931.5
2015-05-06,TEX,24.75445,24.75445,24.262,24.72807,2882640
2015-05-07,TEX,24.578575,24.675304,24.191648,24.341143,2140651.8
2015-05-08,TEX,24.719275,24.80721,24.270792,24.648924,1720690.6
2015-05-11,TEX,24.719275,25.194138,24.65332,24.833593,1848841.8
2015-05-12,TEX,24.73686,24.842386,24.17406,24.587366,1840438
2015-05-13,TEX,24.789625,25.132582,24.675304,24.9655,2104717.2
2015-05-14,TEX,25.17655,25.66003,25.097406,25.290869,2233980.5
2015-05-15,TEX,25.20293,25.299664,24.481842,24.912737,2767223
2015-05-18,TEX,24.851181,25.044643,24.622543,25.000675,2035301.1
2015-05-19,TEX,24.903944,25.018263,24.200443,24.52581,1740377.4
2015-05-20,TEX,24.631336,25.071026,24.367523,25.035849,2199245.8
2015-05-21,TEX,25.1062,25.78332,25.035849,25.370014,2089384.9
2015-05-22,TEX,25.352425,25.545887,25.097406,25.264488,1227590.1
2015-05-26,TEX,25.009468,25.009468,24.481842,24.73686,1824559.8
2015-05-27,TEX,24.833593,25.308456,24.52581,24.73686,1642305.6
2015-05-28,TEX,24.28838,24.367523,22.714296,22.872583,7197266
2015-05-29,TEX,22.854996,22.872583,21.623869,21.74698,5732883.5
2015-06-01,TEX,21.79095,22.097853,21.360056,21.95803,2378039.2
2015-06-02,TEX,21.949238,22.577991,21.74698,22.18667,2788224.2
2015-06-03,TEX,22.221846,22.362545,21.861301,22.072351,1879283.8
2015-06-04,TEX,21.870094,22.072351,21.685425,21.949238,2528587
2015-06-05,TEX,21.755775,22.239433,21.650251,22.107525,1329738.8
2015-06-08,TEX,22.037008,22.107527,21.472862,21.754934,1761515.2
2015-06-09,TEX,21.904787,22.292639,21.737305,21.816639,2251584
2015-06-10,TEX,22.16923,22.49864,22.037008,22.222118,2421820.2
2015-06-11,TEX,22.20449,22.345438,21.940044,22.142786,1021497.56
2015-06-12,TEX,21.975306,22.248564,21.825453,21.93123,1480849.9
2015-06-15,TEX,21.596268,21.613897,21.252491,21.50812,1680542.2
2015-06-16,TEX,21.120268,21.199602,19.612938,20.855825,4348446.5
2015-06-17,TEX,20.326937,20.899899,20.326937,20.84701,3164988.2
2015-06-18,TEX,20.970419,20.988047,20.494417,20.79412,1728898.5
2015-06-19,TEX,20.79412,21.464046,20.79412,21.252491,3046098.5
2015-06-22,TEX,21.464046,21.684416,21.252491,21.446417,1391817.8
2015-06-23,TEX,21.402344,21.887157,21.30538,21.799007,1779635.9
2015-06-24,TEX,21.702047,22.116343,21.54338,21.675602,1690558.4
2015-06-25,TEX,21.516935,21.737305,20.917528,20.961603,1732500.4
2015-06-26,TEX,20.97923,21.32301,20.926344,21.005676,2442199.8
2015-06-29,TEX,20.758862,20.917528,20.344566,20.44153,1899626
2015-06-30,TEX,20.705973,20.81175,20.344566,20.494417,1779390.8
2015-07-01,TEX,20.64427,20.688343,19.833307,19.87738,2682620.2
2015-07-02,TEX,20.282864,20.921053,20.071308,20.371012,3065945.8
2015-07-06,TEX,19.947899,20.564936,19.859753,20.080122,1789106.2
2015-07-07,TEX,20.044863,20.450344,19.648197,20.432714,2878588.2
2015-07-08,TEX,20.229975,20.318121,19.445456,19.762789,2083606.4
2015-07-09,TEX,20.194714,20.291677,19.683456,19.7099,1535996.9
2015-07-10,TEX,19.912642,20.027233,19.57327,19.683456,1603063.5
2015-07-13,TEX,19.824493,20.503233,19.683456,20.432714,1653023.9
2015-07-14,TEX,20.344566,20.82938,20.282864,20.767675,1331763.1
2015-07-15,TEX,20.767675,20.776491,20.194714,20.326937,1708555.4
2015-07-16,TEX,20.758862,20.758862,20.291677,20.44153,843048.9
2015-07-17,TEX,20.300493,20.423899,19.912642,20.15064,1043601.25
2015-07-20,TEX,20.15064,20.201765,19.736343,19.903826,1603737.4
2015-07-21,TEX,19.868568,20.481195,19.74516,20.088938,1677332.9
2015-07-22,TEX,19.886196,20.018417,19.736343,19.89501,2034114.6
2015-07-23,TEX,19.269161,19.868568,18.77553,19.436642,4035880.2
2015-07-24,TEX,19.330864,19.392567,18.934196,18.943012,2444436.8
2015-07-27,TEX,17.96457,18.467014,17.717754,18.23783,3331988
2015-07-28,TEX,18.784346,19.89501,18.295124,18.916567,4349206.5
2015-07-29,TEX,18.82842,19.903738,18.77553,19.427828,4237346
2015-07-30,TEX,18.140865,19.815678,18.070347,19.762789,5917373
2015-07-31,TEX,19.833307,20.080122,19.277975,19.533604,2959032.5
2015-08-03,TEX,19.136938,19.480717,18.634493,18.890123,3250099.8
2015-08-04,TEX,18.943012,19.06642,18.594828,18.757902,1942263.4
2015-08-05,TEX,19.04879,19.33968,18.69179,18.77553,1978803.1
2015-08-06,TEX,18.642935,19.04956,18.49266,18.78437,2460011.2
2015-08-07,TEX,18.704813,19.137959,18.377655,18.421944,2203697.2
2015-08-10,TEX,18.625256,19.420828,18.51034,19.297073,3153584.2
2015-08-11,TEX,23.531292,23.89372,22.488207,23.672728,18820754
2015-08-12,TEX,23.672728,23.964437,23.27494,23.319138,5717060.5
2015-08-13,TEX,23.195383,23.487093,22.267214,22.550085,3343575.8
2015-08-14,TEX,22.444008,23.06261,22.37329,22.779917,2428512.2
2015-08-17,TEX,22.762238,22.762238,22.267214,22.302572,1992177.6
2015-08-18,TEX,22.134619,22.38213,21.931305,21.948984,2451697.5
2015-08-19,TEX,21.904787,21.948984,21.18877,21.392084,2325046.2
2015-08-20,TEX,21.16225,21.374405,20.481594,20.490433,2106178
2015-08-21,TEX,20.269442,20.340158,19.509226,19.509226,2884488
2015-08-24,TEX,17.688248,19.465029,17.529133,18.589897,3607790.5
2015-08-25,TEX,18.987684,19.420828,18.5236,18.528019,3666380.8
2015-08-26,TEX,19.11144,19.650661,18.771112,19.518066,3544027
2015-08-27,TEX,19.827456,20.737944,19.69486,20.25176,3912285
2015-08-28,TEX,20.092646,20.64955,19.836296,20.260601,1851843.8
2015-08-31,TEX,20.119165,21.056173,19.730219,20.62303,2140292.2
2015-09-01,TEX,20.05729,20.313639,19.646242,19.765577,1601858
2015-09-02,TEX,20.172203,20.207563,19.703701,19.853973,1959988.8
2015-09-03,TEX,19.862814,19.915854,19.208675,19.438509,2226035
2015-09-04,TEX,19.12028,19.292654,18.793211,19.093761,1165972.4
2015-09-08,TEX,19.420828,19.646242,19.199837,19.40315,2053408.1
2015-09-09,TEX,19.164478,19.465029,18.837408,18.881607,1946899
2015-09-10,TEX,18.916965,19.04956,18.430782,18.572218,1482291.8
2015-09-11,TEX,18.474981,18.49266,18.121393,18.271667,1969834.1
2015-09-14,TEX,18.262829,18.289347,17.971117,17.997637,1225751.5
2015-09-15,TEX,18.068356,18.333546,17.944597,18.19211,2655313
2015-09-16,TEX,18.315866,18.474627,18.156752,18.298187,2451591.2
2015-09-17,TEX,16.813118,17.90924,16.690067,17.564491,3856353.2
2015-09-18,TEX,17.325819,17.679407,17.184385,17.210903,3155151
2015-09-21,TEX,17.2993,17.2993,16.68936,16.733559,1649103.9
2015-09-22,TEX,16.512568,16.600964,15.973345,16.11478,2118297.2
2015-09-23,TEX,16.362291,16.362291,15.637437,15.734673,1380226.1
2015-09-24,TEX,15.354567,15.381084,14.709267,14.877221,3993991.2
2015-09-25,TEX,15.080534,15.288268,14.700427,15.168932,2849477.8
2015-09-28,TEX,14.903741,15.248489,14.620871,15.0451765,1990364.2
2015-09-29,TEX,15.062856,15.646276,14.92584,15.619757,2251668.2
2015-09-30,TEX,15.849589,15.999865,15.53136,15.858429,2364055.5
2015-10-01,TEX,16.008703,16.185497,15.540199,15.619757,1808103.6
2015-10-02,TEX,15.407604,16.185497,15.283849,16.15898,1543219.1
2015-10-05,TEX,16.503727,17.175545,16.39774,17.069468,1638593.4
2015-10-06,TEX,17.184385,17.683826,17.087147,17.2993,1559638.2
2015-10-07,TEX,17.529133,17.988798,17.118086,17.2993,1793425.5
2015-10-08,TEX,17.502613,18.271667,17.263943,18.17443,1989806.5
2015-10-09,TEX,18.20979,18.528019,18.032995,18.18327,1417799.8
2015-10-12,TEX,18.18327,18.18327,17.741285,17.962278,1132378.5
2015-10-13,TEX,17.794323,17.997637,17.405376,17.431896,908662.8
2015-10-14,TEX,17.458414,17.502613,17.104828,17.237423,1421261.4
2015-10-15,TEX,16.556765,16.592125,16.070581,16.388811,2298314.5
2015-10-16,TEX,16.150139,16.795437,16.150139,16.477207,2985204
2015-10-19,TEX,16.371132,16.539085,16.13246,16.212017,1430235.8
2015-10-20,TEX,16.15898,17.224163,16.0971,17.04295,2070336.4
2015-10-21,TEX,17.193224,17.953438,16.45953,17.670568,3016304.8
2015-10-22,TEX,17.458414,18.320286,16.799856,16.901514,3461274.2
2015-10-23,TEX,17.104828,17.785484,16.928032,17.714767,2216594.8
2015-10-26,TEX,17.652887,17.741285,17.113667,17.184385,1496297.9
2015-10-27,TEX,16.945713,16.945713,16.061743,16.176657,2118642.2
2015-10-28,TEX,16.238537,16.954552,16.238537,16.954552,1693649.5
2015-10-29,TEX,16.662842,17.149025,16.574532,17.02527,883638.2
2015-10-30,TEX,17.122507,17.812002,16.906816,17.732445,1168185.1
2015-11-02,TEX,17.679407,18.687134,17.679407,18.581059,2616551.5
2015-11-03,TEX,18.563377,20.066128,18.563377,19.597624,2869417.5
2015-11-04,TEX,19.606462,20.119165,19.41199,19.96005,2530590.5
2015-11-05,TEX,19.889334,19.98657,18.879398,19.297073,2914596.5
2015-11-06,TEX,19.128656,19.474354,18.969103,19.270481,1571216.8
2015-11-09,TEX,19.270481,19.270481,17.923141,18.10929,2068275.2
2015-11-10,TEX,18.002918,19.004559,17.94087,19.004559,1561901.6
2015-11-11,TEX,19.004559,19.004559,18.34862,18.641132,817921.44
2015-11-12,TEX,18.268843,18.268843,16.766382,16.859455,2263774.8
2015-11-13,TEX,16.974688,17.2672,16.735357,17.249474,1043472.5
2015-11-16,TEX,17.125376,17.85223,16.987984,17.834503,722249.75
2015-11-17,TEX,17.861094,17.923141,17.382435,17.52426,676132.1
2015-11-18,TEX,17.754726,18.34862,17.719269,18.242249,932599.06
2015-11-19,TEX,18.082695,18.118153,17.479939,17.807909,1417895.5
2015-11-20,TEX,17.816774,18.10929,17.604036,17.781317,1062330.8
2015-11-23,TEX,17.790182,18.020647,17.107647,17.143105,1128186.5
2015-11-24,TEX,17.293795,17.604036,17.072193,17.2672,1284197.2
2015-11-25,TEX,17.320387,17.719269,17.2672,17.630629,681683.75
2015-11-27,TEX,17.595173,17.976328,17.400162,17.56858,393646.62
2015-11-30,TEX,17.781317,18.277706,17.541988,18.153608,1418495.6
2015-12-01,TEX,17.932007,18.552492,17.932007,18.481579,1302084.1
2015-12-02,TEX,18.313162,19.359121,18.252975,19.084335,2896891.5
2015-12-03,TEX,19.040014,19.164112,18.508171,18.80955,1338878.8
2015-12-04,TEX,18.70318,18.969103,18.392939,18.915918,1579852.8
2015-12-07,TEX,18.70318,19.181839,18.401802,19.066607,1302985.5
2015-12-08,TEX,18.517035,18.694317,17.85223,17.869959,1968384.4
2015-12-09,TEX,17.85223,18.508171,16.948095,17.107647,1970305.6
2015-12-10,TEX,17.054464,17.688246,17.054464,17.50653,1049861.2
2015-12-11,TEX,17.24061,17.258337,16.74422,16.788542,762853
2015-12-14,TEX,16.664444,16.823997,16.15033,16.504892,967645
2015-12-15,TEX,16.531485,16.593533,15.964184,16.203514,1411959.1
2015-12-16,TEX,16.017368,16.779678,15.911,16.575806,1541246.4
2015-12-17,TEX,16.531485,16.806269,16.442842,16.52262,921071.6
2015-12-18,TEX,16.52262,16.708765,16.08828,16.123737,1238281.5
2015-12-21,TEX,16.247833,16.336475,15.866679,16.318747,1007361.56
2015-12-22,TEX,16.354204,16.939232,16.121521,16.91264,1084531.5
2015-12-23,TEX,17.045599,17.479939,16.89491,17.471075,723635.1
2015-12-24,TEX,17.364706,17.590296,17.302746,17.52426,242774.58
2015-12-28,TEX,17.072193,17.43562,16.394093,16.4783,1069491
2015-12-29,TEX,16.753086,17.214018,16.496029,17.081057,1147070.6
2015-12-30,TEX,16.91264,17.125376,16.575806,16.823997,701944.2
2015-12-31,TEX,16.726494,17.036736,16.380795,16.380795,1056121.4
2016-01-04,TEX,16.079416,16.558077,15.95532,16.460571,1509750.6
2016-01-05,TEX,16.141464,16.371931,15.786902,15.928727,1232164.8
2016-01-06,TEX,15.778038,16.52262,15.689399,16.38966,1738544
2016-01-07,TEX,15.71599,15.84895,14.935952,15.308244,1586611.5
2016-01-08,TEX,15.379156,15.529845,14.829583,14.980272,1178916
2016-01-11,TEX,15.04232,15.130961,14.47502,14.58139,1619924.6
2016-01-12,TEX,14.847312,14.944904,13.898857,14.554797,1634349.1
2016-01-13,TEX,14.980272,15.068913,14.155914,14.200235,1430979.8
2016-01-14,TEX,14.377516,14.86504,13.9697695,14.138186,2186070
2016-01-15,TEX,13.455653,14.120459,13.340421,13.748167,2050606.2
2016-01-19,TEX,13.774759,13.889993,12.790849,12.81744,2842376
2016-01-20,TEX,12.675615,13.2074585,12.072859,13.047906,2482017.8
2016-01-21,TEX,13.074498,13.641799,12.950401,13.225187,1676832
2016-01-22,TEX,13.641799,14.171427,13.482245,13.730439,915620.4
2016-01-25,TEX,13.358148,13.757031,13.056769,13.304964,1595021.9
2016-01-26,TEX,13.952041,21.256031,13.668391,18.171337,21941484
2016-01-27,TEX,18.933647,20.387354,18.924782,20.254393,13564132
2016-01-28,TEX,19.979607,20.325306,19.066607,19.500946,4581942
2016-01-29,TEX,19.412306,20.059381,19.181839,19.855509,3054590
2016-02-01,TEX,19.492083,19.855509,19.013424,19.46549,2367613
2016-02-02,TEX,19.252752,19.447763,18.587948,19.102062,2334621.5
2016-02-03,TEX,19.146383,19.367987,18.22452,18.428396,2600735.2
2016-02-04,TEX,18.543627,18.969103,18.384073,18.80955,3594959.5
2016-02-05,TEX,18.72091,19.204445,18.46385,18.791822,1901533.5
2016-02-08,TEX,18.410667,18.499308,17.949736,18.41953,1032373.8
2016-02-09,TEX,18.04724,18.277706,17.125376,17.736998,3214931.8
2016-02-10,TEX,17.595173,18.189066,17.56858,17.878822,1290240.8
2016-02-11,TEX,17.56858,18.313162,17.41789,17.745861,2295595.2
2016-02-12,TEX,18.056105,18.392939,17.577444,18.206793,1560474.5
2016-02-16,TEX,18.747501,18.747501,17.878822,18.118153,1808083.2
2016-02-17,TEX,19.181839,19.57186,18.649998,18.8716,5548295.5
2016-02-18,TEX,18.933647,19.953014,18.534763,19.580723,3040497.2
2016-02-19,TEX,19.438898,21.42445,19.022285,20.325306,4879133
2016-02-22,TEX,20.617819,20.803965,20.33417,20.608955,2092457.2
2016-02-23,TEX,20.378489,20.51145,19.873238,19.979607,1151488.4
2016-02-24,TEX,19.545267,20.413946,18.765228,19.79346,3669943
2016-02-25,TEX,19.81119,19.961878,18.61454,19.261616,3227214
2016-02-26,TEX,19.500946,20.09484,18.889326,19.775732,2127249.2
2016-02-29,TEX,19.855509,20.254393,19.243887,19.83778,2025429.2
2016-03-01,TEX,20.280983,20.662138,19.695955,20.617819,2406213.8
2016-03-02,TEX,20.475994,21.114206,20.396217,20.830557,1392029.2
2016-03-03,TEX,20.60009,21.052158,18.738636,20.36076,5577962.5
2016-03-04,TEX,20.440536,20.670738,18.357481,19.695955,2410286.5
2016-03-07,TEX,19.536404,19.961878,19.102062,19.394577,1448858.8
2016-03-08,TEX,19.305653,19.43015,18.576466,18.718746,1301252.6
2016-03-09,TEX,19.101126,19.26119,18.612038,19.19005,1183174.6
2016-03-10,TEX,18.94106,19.314545,18.78544,19.216728,1218478.5
2016-03-11,TEX,19.545752,19.661354,18.54979,19.11891,1464284
2016-03-14,TEX,19.08334,19.581322,18.83435,19.376795,870223.9
2016-03-15,TEX,19.074448,21.72353,18.612038,20.81738,5228973
2016-03-16,TEX,21.137512,21.786665,20.719563,21.430965,3245921.5
2016-03-17,TEX,21.715525,22.109018,21.422071,21.751095,1775140.9
2016-03-18,TEX,21.857805,22.391357,21.470982,22.213507,2337302.5
2016-03-21,TEX,22.169044,22.186829,21.66217,21.9823,1064381.5
2016-03-22,TEX,21.786665,21.9823,21.488768,21.715525,865077.94
2016-03-23,TEX,21.510998,21.510998,21.075264,21.110834,992632.4
2016-03-24,TEX,22.338001,22.453604,21.813343,22.275753,3455078.2
2016-03-28,TEX,22.36468,22.453604,22.062332,22.409142,1868154
2016-03-29,TEX,22.338001,22.569206,22.177937,22.40025,1868484.6
2016-03-30,TEX,22.284645,22.391268,21.841,22.062332,1382047.5
2016-03-31,TEX,22.062332,22.23129,21.759987,22.12458,1654826.2
2016-04-01,TEX,21.475428,21.831127,21.164188,21.502106,1977849.6
2016-04-04,TEX,21.404287,21.404287,20.63953,21.013016,1582499.1
2016-04-05,TEX,20.719563,20.941875,20.49725,20.523928,1007922.8
2016-04-06,TEX,20.541714,20.932985,20.194904,20.897413,1393525.6
2016-04-07,TEX,21.350933,21.617706,20.541714,20.692886,1878888.9
2016-04-08,TEX,21.048586,21.48432,20.692886,20.906307,1994923.5
2016-04-11,TEX,21.350933,21.368717,20.98634,21.12862,888215.4
2016-04-12,TEX,21.119726,21.586584,20.98634,21.235329,1007432.5
2016-04-13,TEX,21.6266,21.822237,21.368717,21.617706,827472.2
2016-04-14,TEX,21.608814,21.777773,21.359825,21.59103,1106458.5
2016-04-15,TEX,21.59103,21.920053,21.528782,21.644384,1943643.2
2016-04-18,TEX,21.537674,21.617706,21.035248,21.297577,1955724.2
2016-04-19,TEX,21.386501,21.635492,21.253115,21.270899,1203488.4
2016-04-20,TEX,21.17308,21.791111,21.17308,21.528782,1436449.4
2016-04-21,TEX,21.573246,22.035656,21.439857,21.759987,1086125.6
2016-04-22,TEX,21.751095,22.026764,21.742203,21.795559,1113501.5
2016-04-25,TEX,21.644384,21.706633,21.448751,21.582138,1752091.2
2016-04-26,TEX,21.786665,21.786665,21.110834,21.110834,1241651.9
2016-04-27,TEX,20.683994,21.635492,20.5595,21.181974,2741329.8
2016-04-28,TEX,21.217545,21.493212,20.897413,20.959661,1283815.5
2016-04-29,TEX,20.98634,21.546568,20.906307,21.24422,1841132.4
2016-05-02,TEX,21.24422,21.285128,20.799595,21.181974,1599849.8
2016-05-03,TEX,21.084156,21.24422,20.781813,20.808489,1613156.4
2016-05-04,TEX,20.648422,21.013016,20.648422,20.737349,992245.56
2016-05-05,TEX,20.959661,20.968554,20.381647,20.48836,897116.1
2016-05-06,TEX,20.417217,20.701778,20.239368,20.3194,1085098.9
2016-05-09,TEX,20.346077,21.235329,20.274937,20.81738,1431251.8
2016-05-10,TEX,21.199759,21.92272,21.164188,21.893377,1144727.8
2016-05-11,TEX,21.973408,22.382463,21.502106,21.866697,1912029.1
2016-05-12,TEX,21.928946,22.05344,20.257153,20.48836,3053358.5
2016-05-13,TEX,20.372755,20.470573,20.03484,20.168228,2196346.8
2016-05-16,TEX,21.973408,22.4713,21.430965,22.177937,7448809.5
2016-05-17,TEX,22.551422,22.551422,21.857805,22.071226,2849864.8
2016-05-18,TEX,21.902267,22.257969,21.608814,21.69774,1547725
2016-05-19,TEX,21.608814,22.040102,21.582138,22.000086,1054475.4
2016-05-20,TEX,22.035656,22.080118,21.6266,21.928946,2302345
2016-05-23,TEX,21.786665,22.49362,21.69774,21.902267,1622475.5
2016-05-24,TEX,22.213507,22.275753,21.795559,22.115688,930699.44
2016-05-25,TEX,22.23129,22.453604,22.062332,22.409142,1275315
2016-05-26,TEX,22.489176,22.733719,21.564352,21.635492,2011429.5
2016-05-27,TEX,17.696108,18.594252,17.180342,18.576466,22415062
2016-05-31,TEX,18.487543,18.869919,18.434187,18.83435,5554306.5
2016-06-01,TEX,18.638714,18.985523,18.469757,18.83435,3460056.5
2016-06-02,TEX,18.94106,19.145588,18.745424,19.029985,2222429.5
2016-06-03,TEX,18.967737,19.0122,18.4164,18.434187,1930272.5
2016-06-06,TEX,18.47865,19.065556,18.38083,18.869919,2403192.5
2016-06-07,TEX,18.869919,19.00331,18.60759,18.932169,1111815.8
2016-06-08,TEX,19.37826,19.592384,18.95001,19.03923,1851242.5
2016-06-09,TEX,18.7002,18.94109,18.307638,18.85187,2095342.1
2016-06-10,TEX,18.4147,18.985699,18.392395,18.825106,1960993.4
2016-06-13,TEX,18.834028,19.003542,18.664513,18.807262,2264042.5
2016-06-14,TEX,18.735888,18.816183,18.503918,18.682356,1739069.6
2016-06-15,TEX,18.709122,18.880957,18.60206,18.825106,1490051.8
2016-06-16,TEX,18.735888,18.771576,18.379013,18.75373,1173170.2
2016-06-17,TEX,18.744808,19.226587,18.70466,18.985699,1694874.8
2016-06-20,TEX,19.226587,19.324728,19.012465,19.324728,1481012.2
2016-06-21,TEX,19.369337,19.628073,19.128448,19.503166,2298450.2
2016-06-22,TEX,19.538853,19.851118,19.458557,19.628073,1469642.4
2016-06-23,TEX,19.824352,20.065243,19.690525,20.065243,1775040.9
2016-06-24,TEX,19.351496,19.351496,18.254107,18.593138,7953618.5
2016-06-27,TEX,18.325483,18.352247,17.11211,17.25486,2057053
2016-06-28,TEX,17.522514,17.576048,16.87122,17.094267,1916086.8
2016-06-29,TEX,17.30839,17.6385,17.005047,17.584967,1260691.4
2016-06-30,TEX,17.64742,18.1292,17.39761,18.12028,1169905.2
2016-07-01,TEX,18.1292,18.789417,18.1292,18.628824,1516783.9
2016-07-05,TEX,18.450388,18.530685,17.54928,17.799093,1676032.2
2016-07-06,TEX,17.656343,17.857084,17.433298,17.69203,1368730.5
2016-07-07,TEX,17.522514,17.870468,17.388687,17.424376,1875340.6
2016-07-08,TEX,17.611734,18.150255,17.59389,18.013218,1315648.5
2016-07-11,TEX,18.12028,18.615442,18.013218,18.468231,1343887
2016-07-12,TEX,18.762653,19.128448,18.664513,18.95001,730364.1
2016-07-13,TEX,19.048153,19.128448,18.816183,18.985699,820106.75
2016-07-14,TEX,19.199823,19.360416,18.932167,19.173058,1057865.8
2016-07-15,TEX,19.18198,19.436253,19.048153,19.342573,1212038.9
2016-07-18,TEX,19.271198,19.431791,19.110605,19.387182,857720
2016-07-19,TEX,19.217669,19.315807,19.074917,19.155212,736988.3
2016-07-20,TEX,19.074917,19.369337,18.93306,19.199823,1368668.9
2016-07-21,TEX,19.931416,20.118773,19.431791,19.601305,1723515.6
2016-07-22,TEX,19.538853,20.074165,19.440714,19.833275,864868.75
2016-07-25,TEX,19.690525,20.14554,19.67268,20.047398,1964612.5
2016-07-26,TEX,20.14554,20.63624,20.092009,20.422115,1718234.2
2016-07-27,TEX,20.502413,20.73438,20.399813,20.62732,999677.1
2016-07-28,TEX,20.511335,21.573036,20.288288,21.010958,2414853.2
2016-07-29,TEX,20.96635,21.64887,20.869637,21.537348,1643949.2
2016-08-01,TEX,21.421364,21.483816,21.002037,21.189396,2317978.8
2016-08-02,TEX,19.940336,21.492739,19.940336,20.832521,3162542.2
2016-08-03,TEX,20.73438,21.20724,20.63624,21.028803,1475475.2
2016-08-04,TEX,20.903896,21.617645,20.903896,21.421364,1589907.8
2016-08-05,TEX,21.225084,22.050354,21.198318,21.858534,1707032.5
2016-08-08,TEX,21.786955,22.037481,21.73327,21.87643,1745265
2016-08-09,TEX,21.56327,21.992746,21.501532,21.616955,1407010.9
2016-08-10,TEX,21.751165,21.795902,21.089056,21.205374,1070984.2
2016-08-11,TEX,21.232214,21.446953,21.10695,21.25011,799519.2
2016-08-12,TEX,21.268005,21.393269,21.089056,21.10695,663390.5
2016-08-15,TEX,21.268005,21.724323,21.259058,21.63485,716688.56
2016-08-16,TEX,21.66169,21.715376,21.464848,21.554323,610530.56
2016-08-17,TEX,21.536427,21.697481,21.35748,21.491692,878771.1
2016-08-18,TEX,21.169582,21.59011,21.10695,21.473795,2976597.2
2016-08-19,TEX,21.25011,21.871956,21.196426,21.688534,951718.5
2016-08-22,TEX,21.473795,21.643797,21.25011,21.429058,957292.2
2016-08-23,TEX,21.554323,21.956865,21.554323,21.724323,918275.3
2016-08-24,TEX,21.679586,21.849586,21.330637,21.339584,991079.56
2016-08-25,TEX,21.330637,21.482742,21.25333,21.330637,670647.4
2016-08-26,TEX,21.375374,21.813797,21.330637,21.491692,1241285.9
2016-08-29,TEX,21.464848,21.94801,21.464848,21.84064,1029575.6
2016-08-30,TEX,21.921165,22.135904,21.639322,21.822744,939145
2016-08-31,TEX,21.742218,21.956957,21.536427,21.724323,915299
2016-09-01,TEX,21.778008,21.956957,21.169582,21.500639,952158.8
2016-09-02,TEX,21.715376,21.885376,21.572218,21.813797,775220.56
2016-09-06,TEX,21.813797,22.010641,21.73327,21.956957,535404.94
2016-09-07,TEX,21.90327,22.475906,21.858534,22.404327,978341.8
2016-09-08,TEX,22.538538,22.610117,22.305904,22.502748,709836.3
2016-09-09,TEX,22.314854,22.466959,21.554323,21.572218,1203447
2016-09-12,TEX,21.205374,22.135904,20.883266,22.064325,1224838.8
2016-09-13,TEX,21.73327,21.94801,20.93695,21.089056,1375357
2016-09-14,TEX,21.1159,21.411163,20.80274,20.93695,1017663.8
2016-09-15,TEX,20.97274,21.90327,20.93695,21.786955,890211.3
2016-09-16,TEX,21.545374,21.675112,21.21432,21.572218,1292731
2016-09-19,TEX,21.697481,21.939062,21.39506,21.56327,940228
2016-09-20,TEX,21.608006,21.751165,21.294846,21.294846,1085552.6
2016-09-21,TEX,21.545374,21.795902,21.429058,21.643797,765852.5
2016-09-22,TEX,21.858534,22.091167,21.760113,22.055378,921034.75
2016-09-23,TEX,21.84064,22.091167,20.605896,20.614845,1412982.5
2016-09-26,TEX,20.614845,21.035372,20.265894,20.79379,1226128.5
2016-09-27,TEX,20.62379,21.089056,20.471684,21.053268,863871.9
2016-09-28,TEX,21.160635,21.760113,21.017477,21.724323,922032.8
2016-09-29,TEX,21.786955,22.265642,21.536427,21.73327,1010424.8
2016-09-30,TEX,22.171694,22.954594,22.073273,22.73538,1470539.9
2016-10-03,TEX,22.574327,22.726433,22.28801,22.359589,1068153.2
2016-10-04,TEX,22.413273,22.592222,21.84064,21.956957,831689.4
2016-10-05,TEX,22.180641,22.645906,22.046429,22.359589,1384550.8
2016-10-06,TEX,22.368536,22.641434,22.189589,22.279062,1472202.9
2016-10-07,TEX,22.296957,22.296957,21.706429,21.849586,1052054.8
2016-10-10,TEX,22.064325,22.466959,22.017618,22.091167,696452.56
2016-10-11,TEX,22.064325,22.350641,21.73327,21.80485,927385.2
2016-10-12,TEX,21.688534,21.867481,21.52748,21.59011,728020.4
2016-10-13,TEX,21.375374,21.643797,21.276953,21.375374,748479.9
2016-10-14,TEX,22.440117,23.129068,22.279062,22.4938,1797827.8
2016-10-17,TEX,22.466959,22.583275,22.064325,22.073273,816203.4
2016-10-18,TEX,22.753277,22.753277,21.94801,21.956957,672367.4
2016-10-19,TEX,22.091167,22.198536,21.786955,22.055378,557592.4
2016-10-20,TEX,21.76906,22.08222,21.536427,21.94801,1057597.1
2016-10-21,TEX,21.643797,22.180641,21.625902,22.1538,440890.47
2016-10-24,TEX,22.010641,22.171694,21.429058,21.464848,1349722.9
2016-10-25,TEX,21.366426,21.599058,21.026424,21.133795,630102.7
2016-10-26,TEX,21.017477,21.268005,20.87432,21.124847,665025.6
2016-10-27,TEX,21.160635,21.177637,20.901161,21.14274,681915.44
2016-10-28,TEX,21.160635,21.679586,21.098003,21.303795,843648.2
2016-10-31,TEX,21.348532,21.688534,21.259058,21.366426,899908
2016-11-01,TEX,20.713264,21.697481,20.086946,20.185368,2435596.2
2016-11-02,TEX,19.943789,20.248,19.576942,20.113789,1892390.2
2016-11-03,TEX,20.069052,20.377737,19.997473,20.158525,892841.1
2016-11-04,TEX,20.069052,20.722212,20.069052,20.435896,2649889.5
2016-11-07,TEX,20.910109,21.344057,20.713264,21.1159,973410.8
2016-11-08,TEX,21.062054,21.403069,20.855652,21.196665,960824.5
2016-11-09,TEX,22.058172,24.52603,21.83382,24.328602,3383167
2016-11-10,TEX,24.5709,25.199083,24.373472,24.8132,2097900.8
2016-11-11,TEX,24.76833,25.073446,24.54398,25.019602,1378888.5
2016-11-14,TEX,25.154213,25.917006,25.03755,25.27985,1831149
2016-11-15,TEX,25.252926,25.59394,24.974731,25.54907,2817721
2016-11-16,TEX,25.288824,25.701628,25.23507,25.59394,1362317.4
2016-11-17,TEX,25.59394,25.88111,25.459332,25.77342,853758.9
2016-11-18,TEX,25.540096,25.755474,24.920889,25.611889,1709257.2
2016-11-21,TEX,25.827267,25.88102,25.432407,25.584967,1327787.8
2016-11-22,TEX,25.827267,26.383656,25.683681,26.329811,1598906.6
2016-11-23,TEX,26.536213,27.828474,26.464422,27.783604,2074815.4
2016-11-25,TEX,27.756683,27.765657,27.469513,27.738733,314720.28
2016-11-28,TEX,27.631046,28.21436,27.002863,27.110552,2065916.4
2016-11-29,TEX,26.787487,27.119526,25.930468,26.670824,922074.9
2016-11-30,TEX,27.245163,27.68489,27.08363,27.388748,1157584.4
2016-12-01,TEX,27.738733,27.846424,26.774025,26.814407,1962424.4
2016-12-02,TEX,26.697746,26.940046,26.491344,26.652878,1434153.5
2016-12-05,TEX,27.011837,27.35285,26.715694,26.778513,1093782.5
2016-12-06,TEX,26.70672,27.945137,26.670824,27.900267,1649253
2016-12-07,TEX,28.016928,28.88741,27.900267,28.806643,1331176.4
2016-12-08,TEX,28.860489,29.057919,28.474604,29.02202,915748.9
2016-12-09,TEX,29.06689,29.407904,28.506014,28.55537,1186969.2
2016-12-12,TEX,28.537422,28.537422,27.092604,27.146448,2538341.8
2016-12-13,TEX,27.433617,29.766865,27.334902,29.659176,4625174
2016-12-14,TEX,29.560461,29.721994,28.519476,28.654085,2008136.2
2016-12-15,TEX,28.447683,29.192526,28.313072,28.654085,1084417.8
2016-12-16,TEX,28.609215,28.66306,27.8195,27.855398,3513582.2
2016-12-19,TEX,28.52845,28.954716,27.990007,28.28615,1860091.4
2016-12-20,TEX,28.313072,28.842539,28.007954,28.66306,1833888
2016-12-21,TEX,28.609215,29.120735,28.519476,28.851515,996086.2
2016-12-22,TEX,28.681007,29.030993,28.600243,28.716904,904022.8
2016-12-23,TEX,28.636137,29.030993,28.549627,28.941254,607038.1
2016-12-27,TEX,28.860489,29.21945,28.734852,29.004072,500837.28
2016-12-28,TEX,29.192526,29.452774,28.564344,28.725876,645662.94
2016-12-29,TEX,28.905357,29.139582,28.645111,28.779722,697779.94
2016-12-30,TEX,29.004072,29.004072,28.097694,28.295124,924212.2
2017-01-03,TEX,28.833567,29.497644,28.492554,28.66306,1509242.4
2017-01-04,TEX,28.88741,29.2374,28.43871,29.174578,1260225
2017-01-05,TEX,29.138685,29.6861,28.322046,28.384863,1954510.5
2017-01-06,TEX,28.7528,28.905357,28.191923,28.19641,1723012.5
2017-01-09,TEX,28.187435,28.429735,27.756683,28.0618,906624.75
2017-01-10,TEX,28.429735,29.11176,28.08872,28.55537,902095
2017-01-11,TEX,28.66306,28.779722,28.348969,28.761774,674659.94
2017-01-12,TEX,28.734852,28.734852,27.90924,28.160513,1023993.4
2017-01-13,TEX,28.357943,28.869461,28.357943,28.698956,676871.9
2017-01-17,TEX,28.806643,28.806643,27.981123,28.232306,715216.94
2017-01-18,TEX,28.474604,28.977152,28.268202,28.501528,962360
2017-01-19,TEX,28.519476,28.681007,27.604124,27.720785,1990749.5
2017-01-20,TEX,27.86437,28.519476,27.86437,28.339994,896445.4
2017-01-23,TEX,27.891293,28.384863,27.666943,28.052826,774238.4
2017-01-24,TEX,28.474604,29.551489,28.335508,29.147657,1045491
2017-01-25,TEX,29.641228,29.6861,28.977152,29.443802,4575242
2017-01-26,TEX,30.098906,30.395046,29.120735,29.59636,1603706
2017-01-27,TEX,29.551489,30.009163,29.407904,29.713022,1661551.9
2017-01-30,TEX,29.318163,29.318163,28.052826,28.52845,1550557.1
2017-01-31,TEX,28.474604,28.891897,28.08872,28.537422,1192677.9
2017-02-01,TEX,28.806643,29.155733,28.474604,28.79767,1495218.6
2017-02-02,TEX,28.66306,28.725876,28.287945,28.492554,1727287
2017-02-03,TEX,28.82459,29.39893,28.79767,29.300217,1232795.9
2017-02-06,TEX,29.02202,29.156633,28.37589,28.46563,876157.94
2017-02-07,TEX,28.618189,28.672033,27.783604,27.891293,1106001.1
2017-02-08,TEX,27.810526,27.90924,27.307981,27.756683,1563846.6
2017-02-09,TEX,27.738733,28.357943,27.738733,28.106668,846116.9
2017-02-10,TEX,28.357943,29.255344,28.24128,29.210474,1972107.9
2017-02-13,TEX,29.50662,29.82071,29.084839,29.093811,1452027.2
2017-02-14,TEX,28.923306,29.389956,28.582294,29.084839,1202497.4
2017-02-15,TEX,28.977152,29.372007,28.788698,29.29124,1088212
2017-02-16,TEX,29.255344,29.372007,28.55537,28.716904,1310016.5
2017-02-17,TEX,28.851515,28.968176,28.492554,28.716904,1223713
2017-02-21,TEX,28.79767,28.923306,28.582294,28.833567,1043458.44
2017-02-22,TEX,29.73097,29.883528,27.954111,28.187435,2675369.2
2017-02-23,TEX,27.998981,28.295124,26.688772,26.841331,2650879.8
2017-02-24,TEX,26.545187,27.312468,26.006746,27.236189,1770967.5
2017-02-27,TEX,27.496435,28.025904,27.209267,27.90924,1834651.2
2017-02-28,TEX,27.837448,28.223333,27.718094,28.034878,2137070.5
2017-03-01,TEX,28.806643,29.39893,28.564344,29.2374,2075399.2
2017-03-02,TEX,29.02202,29.255344,28.52845,28.546396,1558644.9
2017-03-03,TEX,28.52845,28.986124,28.420761,28.968176,1315959.1
2017-03-06,TEX,28.591269,29.027584,28.491297,28.896385,1035433.06
2017-03-07,TEX,28.546396,28.882925,28.447683,28.537422,1140426
2017-03-08,TEX,28.474447,28.852308,27.925652,28.015617,1506916
2017-03-09,TEX,27.979631,28.15057,26.315248,26.756084,3077964.8
2017-03-10,TEX,27.169931,27.39485,26.39172,27.214914,2199400.2
2017-03-13,TEX,27.187923,27.39341,26.891035,27.169931,1150512.9
2017-03-14,TEX,26.981,27.142942,26.369228,27.016989,1468486.2
2017-03-15,TEX,27.313879,28.36649,27.187923,27.970634,2537241
2017-03-16,TEX,28.033611,28.267525,27.273394,27.322876,1222061.6
2017-03-17,TEX,27.49381,28.447458,27.480316,28.024614,2931235.8
2017-03-20,TEX,27.898663,28.0696,27.484814,27.727724,1383450.2
2017-03-21,TEX,27.988628,28.141573,26.621136,26.864046,1843641.9
2017-03-22,TEX,26.711102,27.007992,26.468191,26.729094,1343235.4
2017-03-23,TEX,26.675114,27.106955,26.522171,26.927021,1017079
2017-03-24,TEX,27.061972,27.268894,26.648127,26.989998,1391040.9
2017-03-27,TEX,26.189295,26.729094,25.793442,26.603142,1520495.5
2017-03-28,TEX,26.585148,27.007992,26.585148,26.936018,3157124
2017-03-29,TEX,26.900032,27.871672,26.783075,27.691738,1729447.4
2017-03-30,TEX,27.691738,28.38898,27.565784,28.240534,1908625.9
2017-03-31,TEX,28.141573,28.429464,28.024614,28.24953,1398870.4
2017-04-03,TEX,28.267525,28.447458,27.421837,27.49381,1392538.1
2017-04-04,TEX,27.43983,27.646755,27.214914,27.601772,1007745.5
2017-04-05,TEX,27.898663,28.76234,27.880669,27.970634,2492311
2017-04-06,TEX,28.123579,29.403353,28.015617,29.131207,2259829.2
2017-04-07,TEX,29.149199,29.608028,29.000753,29.257158,1355060.9
2017-04-10,TEX,29.293146,29.850939,29.293146,29.527058,1350992.6
2017-04-11,TEX,29.473076,29.706991,29.077225,29.697992,1213665.1
2017-04-12,TEX,29.365118,29.49467,28.474447,28.582409,1499026.4
2017-04-13,TEX,28.429464,28.541924,27.7907,27.943644,1300748.5
2017-04-17,TEX,28.123579,28.672375,27.817692,28.528427,3226821
2017-04-18,TEX,28.240534,28.717358,27.988628,28.672375,1098967.1
2017-04-19,TEX,28.852308,29.374117,28.726355,28.888296,1517590
2017-04-20,TEX,29.041237,29.302141,28.690367,29.194181,1534219.5
2017-04-21,TEX,28.996254,29.320135,28.73985,29.194181,1331496.6
2017-04-24,TEX,29.644016,29.931908,29.428093,29.769968,1972693
2017-04-25,TEX,31.371374,32.774857,31.038498,32.08211,4063254
2017-04-26,TEX,32.00114,32.495956,31.938164,32.055122,2330462.2
2017-04-27,TEX,32.02813,32.316025,31.893183,32.03713,1535112
2017-04-28,TEX,31.35338,31.722242,30.957527,31.470337,2517976
2017-05-01,TEX,31.542313,32.044952,31.308397,31.623283,1467542.5
2017-05-02,TEX,31.965153,32.379,31.06558,31.236425,2438303.2
2017-05-03,TEX,31.938164,31.938164,29.688997,29.778963,3489340.2
2017-05-04,TEX,29.92291,30.057861,29.374117,29.940903,1829973.5
2017-05-05,TEX,30.09385,30.210806,29.724985,29.98589,2102310
2017-05-08,TEX,29.940903,30.111843,28.942272,29.563046,2105171
2017-05-09,TEX,29.599033,29.832945,29.22117,29.653011,1627482.9
2017-05-10,TEX,29.608028,30.064608,29.49107,30.00388,1375186.1
2017-05-11,TEX,29.32913,29.626022,28.114582,29.347124,3269276.5
2017-05-12,TEX,29.113213,29.31114,28.906288,29.293146,2872353
2017-05-15,TEX,29.554047,30.462711,29.554047,30.09385,2103494.8
2017-05-16,TEX,30.192812,30.192812,29.554047,29.931908,1599206.9
2017-05-17,TEX,29.257158,29.527058,28.68587,28.717358,1639880.8
2017-05-18,TEX,28.519432,28.960266,28.15057,28.645386,2683750.8
2017-05-19,TEX,29.041237,29.74298,28.82532,29.437092,1858177.2
2017-05-22,TEX,29.688997,30.075855,29.47317,29.82395,1896087.9
2017-05-23,TEX,29.850939,30.453712,29.24816,30.408731,2899584
2017-05-24,TEX,30.417728,30.615654,30.147827,30.354753,1703010.9
2017-05-25,TEX,30.51669,30.606659,29.482075,29.518063,817361.7
2017-05-26,TEX,29.500069,29.706991,29.239164,29.608028,1064576.6
2017-05-30,TEX,29.688997,30.584166,29.680002,30.408731,1933121.6
2017-05-31,TEX,30.381742,30.525688,29.22117,29.49107,1899968.2
2017-06-01,TEX,29.81495,30.723616,29.58104,30.453712,1531478.4
2017-06-02,TEX,30.399736,30.67863,30.066856,30.201807,1157800
2017-06-05,TEX,30.08485,30.381742,29.940903,30.09385,1158103.5
2017-06-06,TEX,29.832945,30.570671,29.563046,30.372744,3982259.5
2017-06-07,TEX,30.426853,30.940882,30.273544,30.544085,1617898.9
2017-06-08,TEX,30.444887,31.563124,30.363724,31.229458,2155183.2
2017-06-09,TEX,31.373747,33.51102,31.373747,32.54609,2843580.5
2017-06-12,TEX,32.510017,33.249496,31.995989,33.14128,3632712.5
2017-06-13,TEX,33.24048,33.844685,33.19773,33.538074,1608804.9
2017-06-14,TEX,33.547092,33.75451,32.284565,32.64529,2074714.6
2017-06-15,TEX,31.427853,32.681362,31.319637,31.833664,2571184.2
2017-06-16,TEX,31.842684,32.1493,31.581161,31.968937,2047647.8
2017-06-19,TEX,32.582165,33.321644,32.36573,33.213425,2742874.5
2017-06-20,TEX,32.77154,32.82565,32.248493,32.311623,1228082.4
2017-06-21,TEX,32.248493,32.248493,31.130259,31.202402,1661873
2017-06-22,TEX,31.202402,31.617233,30.850698,31.35571,1539476.1
2017-06-23,TEX,31.445889,32.09519,31.157312,31.878754,2799479
2017-06-26,TEX,32.08617,32.803104,31.725449,32.654305,1903576.5
2017-06-27,TEX,32.72645,32.924847,31.977953,32.02304,1193905.2
2017-06-28,TEX,32.401802,33.159317,32.08617,32.879757,1025606.94
2017-06-29,TEX,32.942883,33.73647,32.13126,32.843685,1609851.8
2017-06-30,TEX,33.033066,34.178356,33.033066,33.817635,1705684.1
2017-07-03,TEX,33.952904,34.259518,33.529057,33.529057,1624095.4
2017-07-05,TEX,33.574146,34.10621,33.474945,33.979958,1534374.1
2017-07-06,TEX,33.862724,34.01603,32.996994,33.00601,1989430
2017-07-07,TEX,33.024044,33.628254,32.27555,33.55611,1561042.9
2017-07-10,TEX,33.502003,33.952904,33.249496,33.520035,1437002.5
2017-07-11,TEX,33.69138,34.187374,33.42084,34.11523,1462943.9
2017-07-12,TEX,34.367733,34.97194,34.178356,34.19639,1453955.2
2017-07-13,TEX,34.1513,34.75551,34.0521,34.7014,1369986.9
2017-07-14,TEX,34.77355,35.206413,34.674347,34.908813,1072779.1
2017-07-17,TEX,34.809616,35.098194,34.6022,34.917835,1751403.6
2017-07-18,TEX,34.845688,34.881763,34.29559,34.42184,1212147.6
2017-07-19,TEX,34.57515,35.170338,34.48046,35.02605,938385.06
2017-07-20,TEX,35.179356,35.679855,34.732964,34.863724,1403780.2
2017-07-21,TEX,34.6022,34.782562,34.124245,34.65631,1031725.8
2017-07-24,TEX,34.7014,35.11623,34.65631,35.02605,1317441
2017-07-25,TEX,35.67535,35.981964,35.19739,35.29659,1818580.1
2017-07-26,TEX,35.35972,35.413826,34.29559,34.412823,1558551.2
2017-07-27,TEX,34.6022,34.92685,34.358715,34.917835,1081985.1
2017-07-28,TEX,34.65631,34.962925,34.548096,34.890778,1085398.2
2017-07-31,TEX,35.053104,35.774544,35.053104,35.504005,1987217.8
2017-08-01,TEX,35.161324,35.67535,34.92685,35.07114,2563588.2
2017-08-02,TEX,35.783566,36.288578,33.23146,33.907814,3291836.8
2017-08-03,TEX,34.097195,35.47695,34.06112,35.170338,2164426
2017-08-04,TEX,35.368736,35.891693,35.242485,35.56713,1538205.2
2017-08-07,TEX,35.576168,35.72075,34.89844,35.50388,1354415.1
2017-08-08,TEX,35.512913,36.136425,35.27797,35.413513,1067794.4
2017-08-09,TEX,35.196644,35.296043,34.663498,35.015915,1208808
2017-08-10,TEX,34.699642,34.943623,34.211678,34.247826,2385211.2
2017-08-11,TEX,34.00384,34.618317,33.814075,34.41048,2621685.8
2017-08-14,TEX,34.63639,35.521954,34.518917,35.386406,1846593.1
2017-08-15,TEX,35.350258,35.368332,35.00688,35.106277,775128.06
2017-08-16,TEX,35.169533,35.332188,34.817112,34.970734,1026562.1
2017-08-17,TEX,34.79904,35.22375,34.067097,34.076134,1396792.9
2017-08-18,TEX,33.67853,34.42855,33.443584,33.91348,1687471.6
2017-08-21,TEX,33.777935,34.132156,33.746307,33.777935,1112943.1
2017-08-22,TEX,34.030952,35.03399,33.872814,34.979767,1158887.4
2017-08-23,TEX,34.509876,35.02495,34.30204,34.31108,1123649.8
2017-08-24,TEX,34.536987,34.67253,33.967697,33.994804,954640.5
2017-08-25,TEX,34.220715,34.645424,34.021915,34.211678,1199570.9
2017-08-28,TEX,34.365295,34.45566,33.93155,34.148426,969201.6
2017-08-29,TEX,33.768894,34.99784,33.63335,34.681572,1221010.9
2017-08-30,TEX,34.663498,35.296043,34.52795,35.106277,981058.2
2017-08-31,TEX,35.368332,35.40439,34.771935,34.835186,966233.6
2017-09-01,TEX,34.970734,35.576168,34.970734,35.296043,836725.8
2017-09-05,TEX,35.42255,35.42255,34.320114,34.600243,1381395
2017-09-06,TEX,34.970734,35.115314,34.55506,34.55506,1152864
2017-09-07,TEX,34.618317,34.78097,33.97673,34.473736,1109016.8
2017-09-08,TEX,34.34722,35.820152,34.139385,35.738823,1918251.4
2017-09-11,TEX,36.07317,36.47077,35.87437,36.190643,2266777.5
2017-09-12,TEX,36.506916,37.853333,36.19968,37.70875,1833823.6
2017-09-13,TEX,38.440697,38.775043,37.202713,38.61239,2969182.8
2017-09-14,TEX,38.61239,39.037098,38.015987,38.675644,2221373.2
2017-09-15,TEX,38.702755,39.461803,38.670853,39.281082,2696472.5
2017-09-18,TEX,39.48892,40.193752,39.362408,39.967842,1605997.5
2017-09-19,TEX,40.013023,40.482914,39.841335,40.06724,1168661.2
2017-09-20,TEX,40.184715,40.184715,39.470844,39.588318,1800335.6
2017-09-21,TEX,38.883476,39.26301,38.25997,39.235897,1722640.6
2017-09-22,TEX,39.000954,39.16361,38.639496,38.820225,1300338.1
2017-09-25,TEX,38.75697,39.561207,38.693714,39.479877,1026893
2017-09-26,TEX,39.525063,39.913624,39.434696,39.62446,1283741.9
2017-09-27,TEX,39.92266,40.59135,39.705788,40.266045,869296.44
2017-09-28,TEX,40.211826,40.64557,39.85037,40.54617,976608.4
2017-09-29,TEX,40.455807,40.754005,40.22086,40.681717,1323771.2
2017-10-02,TEX,40.681717,41.070282,40.437733,40.889553,887098.94
2017-10-03,TEX,40.889553,41.070282,40.482914,40.754005,906240.5
2017-10-04,TEX,40.744972,41.133533,40.528095,40.582317,691159.56
2017-10-05,TEX,40.65461,41.187756,40.564243,41.052208,830332.75
2017-10-06,TEX,40.84437,41.39559,40.6275,41.29619,1862185.8
2017-10-09,TEX,41.404625,41.404625,40.54617,40.79919,1006565.1
2017-10-10,TEX,41.305225,41.504025,40.979916,41.124496,1241638.6
2017-10-11,TEX,41.504025,42.18175,41.359444,41.404625,1109265.8
2017-10-12,TEX,41.178715,41.707344,41.178715,41.4227,943720.2
2017-10-13,TEX,41.684753,41.829334,41.106426,41.314262,990213.44
2017-10-16,TEX,41.76608,42.290188,41.639572,41.928734,2202628
2017-10-17,TEX,41.93777,41.955845,41.5221,41.594387,648621.44
2017-10-18,TEX,41.83837,42.010063,41.51306,41.66668,570799.2
2017-10-19,TEX,41.449806,41.449806,40.609425,41.34137,960521.2
2017-10-20,TEX,41.684753,41.751892,41.151608,41.4227,649163.7
2017-10-23,TEX,41.46788,41.910664,41.19679,41.594387,846707.7
2017-10-24,TEX,42.272114,42.723934,42.083256,42.371517,1018115.1
2017-10-25,TEX,42.127533,42.16368,41.494987,41.83837,1186145.1
2017-10-26,TEX,42.001026,42.50923,41.675716,42.254044,938621.9
2017-10-27,TEX,42.199825,42.669716,42.029217,42.498024,671448.06
2017-10-30,TEX,42.172714,42.380554,41.784153,42.154644,819019.56
2017-10-31,TEX,42.85948,44.15168,42.326336,42.570316,2028536.9
2017-11-01,TEX,41.576313,41.78867,39.18168,40.528095,2977182.8
2017-11-02,TEX,40.67268,41.56728,40.65461,40.961845,2147581.5
2017-11-03,TEX,41.19679,41.757042,41.19679,41.71186,1659867.6
2017-11-06,TEX,41.657642,42.26308,41.214863,42.1185,1167746.1
2017-11-07,TEX,42.30826,42.56128,41.93777,42.272114,996880.94
2017-11-08,TEX,42.027714,42.217804,40.52511,40.79666,1261710.8
2017-11-09,TEX,40.353123,40.79666,39.84622,40.081566,1359356.1
2017-11-10,TEX,40.081566,40.715195,39.85527,40.325966,1547999.4
2017-11-13,TEX,40.09967,40.860027,39.936737,40.389328,1764702.2
2017-11-14,TEX,40.108723,40.669937,38.696636,38.778103,1864865.2
2017-11-15,TEX,38.588013,38.651375,37.72809,38.5156,2216411.2
2017-11-16,TEX,38.95914,40.0001,38.95914,39.84622,1458989.9
2017-11-17,TEX,39.619923,40.959507,39.619923,40.570366,1240867.5
2017-11-20,TEX,40.62468,42.04582,40.62468,41.31262,1638102.6
2017-11-21,TEX,41.747105,41.991505,40.81024,40.850975,1049011.6
2017-11-22,TEX,41.194942,41.439342,40.778557,40.995804,797213.2
2017-11-24,TEX,41.185894,41.58417,40.959595,41.249256,511546.56
2017-11-27,TEX,41.185894,41.65659,40.927914,41.01391,1021698.94
2017-11-28,TEX,41.104427,41.2221,39.85527,41.07727,1695448.9
2017-11-29,TEX,41.02296,42.462204,40.968647,42.272114,1661855.8
2017-11-30,TEX,41.90099,43.394543,41.90099,42.326424,2161390.5
2017-12-01,TEX,42.29927,42.29927,39.529404,41.4665,1480794.4
2017-12-04,TEX,42.163494,43.267815,41.928143,41.9372,2594054.8
2017-12-05,TEX,42.136333,42.480305,41.55702,41.638485,1173719.9
2017-12-06,TEX,41.502705,41.910038,40.82382,41.02296,926940.4
2017-12-07,TEX,40.941494,41.665638,40.869167,41.55702,1034605.7
2017-12-08,TEX,42.00961,42.1997,41.683743,41.928143,830754.44
2017-12-11,TEX,41.991505,42.471252,41.493656,42.40789,2008751.9
2017-12-12,TEX,42.54367,42.54367,41.891933,42.118233,931476.44
2017-12-13,TEX,41.90099,43.6661,41.75616,43.48506,1452749.2
2017-12-14,TEX,43.4217,43.4217,41.63939,41.846676,1963793.1
2017-12-15,TEX,41.9734,42.525566,41.48913,41.575123,2445967.8
2017-12-18,TEX,42.054867,43.14109,41.919094,42.760914,1500315.2
2017-12-19,TEX,42.706604,42.9329,42.244957,42.59798,683993.2
2017-12-20,TEX,43.03247,43.512215,42.49841,43.023415,1110099.8
2017-12-21,TEX,43.1773,43.6842,42.815224,43.48506,600558.25
2017-12-22,TEX,43.611786,43.97386,42.978157,43.910496,586698.1
2017-12-26,TEX,44.010067,44.010067,43.466957,43.792824,452799.44
2017-12-27,TEX,43.901447,44.236362,43.611786,43.982914,375256.12
2017-12-28,TEX,44.26352,44.26352,43.584633,43.892395,695719
2017-12-29,TEX,43.9286,44.154896,43.548424,43.647995,455961.22
2018-01-02,TEX,43.83808,44.191105,43.503166,43.982914,688531.5
2018-01-03,TEX,44.037224,44.28162,43.56653,43.83808,568846.5
2018-01-04,TEX,44.01912,44.26352,42.914795,43.050575,1089206.8
2018-01-05,TEX,43.21351,43.358337,42.308323,42.49841,846399.9
2018-01-08,TEX,42.54367,43.014366,42.29927,42.806175,1144754.5
2018-01-09,TEX,42.98721,43.313076,42.29927,42.923843,1215613
2018-01-10,TEX,42.878586,43.34928,42.362633,43.068676,1535917.9
2018-01-11,TEX,43.59368,43.81093,43.21351,43.647995,874627.25
2018-01-12,TEX,43.946705,44.200157,43.675148,44.173,976058.5
2018-01-16,TEX,44.444553,45.168705,43.57558,43.982914,1154701.6
2018-01-17,TEX,44.218258,44.621067,43.512215,44.399296,807779
2018-01-18,TEX,44.607487,45.168705,44.07343,44.227314,905436.44
2018-01-19,TEX,44.571285,45.15368,44.363087,45.069134,789063.5
2018-01-22,TEX,44.99672,45.078186,43.982914,44.634647,1046597.75
2018-01-23,TEX,44.589386,44.833786,43.910496,44.6618,794354.1
2018-01-24,TEX,45.014824,45.1506,43.982914,44.444553,810874.5
2018-01-25,TEX,44.879047,45.4131,42.616085,43.647995,2198665.8
2018-01-26,TEX,43.6661,44.688953,43.113937,44.652752,1106810.9
2018-01-29,TEX,44.616543,45.105343,43.367386,43.448853,1041802.06
2018-01-30,TEX,42.88764,43.4217,42.281166,43.122986,860249
2018-01-31,TEX,43.548424,44.046276,42.34453,42.56177,1381364.9
2018-02-01,TEX,42.398838,43.1773,42.326424,42.56177,1042932.2
2018-02-02,TEX,42.226856,42.516514,40.88718,40.959595,1469089.5
2018-02-05,TEX,40.20829,41.23115,39.15828,39.366474,2298237.8
2018-02-06,TEX,38.361717,40.13588,38.08111,39.85527,2396591
2018-02-07,TEX,39.674236,40.398384,39.03155,39.10397,1522097.5
2018-02-08,TEX,39.17638,39.339314,37.54705,37.556103,1998275.6
2018-02-09,TEX,38.099213,39.094913,37.18498,38.443184,2231855.5
2018-02-12,TEX,38.841465,39.601818,38.48844,39.131123,1539318.4
2018-02-13,TEX,38.841465,39.61087,38.660427,38.886723,1679791.4
2018-02-14,TEX,39.230694,39.375523,36.008236,37.94533,5134680.5
2018-02-15,TEX,38.352665,39.285007,37.981537,39.14018,2378548.5
2018-02-16,TEX,39.122074,39.538456,37.085407,37.139717,2708218.2
2018-02-20,TEX,36.85911,38.78715,36.85911,38.234993,2182934
2018-02-21,TEX,38.207836,39.936737,38.207836,39.384575,2392123.5
2018-02-22,TEX,39.52035,40.316917,38.71474,38.778103,2134818
2018-02-23,TEX,38.93198,39.705917,38.814312,39.55656,1363493.4
2018-02-26,TEX,39.71044,39.728546,37.97249,38.48844,2597127
2018-02-27,TEX,38.52465,39.683285,38.52465,38.78715,1841541.8
2018-02-28,TEX,38.832413,39.185436,37.501793,37.58326,1999857.6
2018-03-01,TEX,37.45653,38.162575,36.04535,36.23453,4065581.2
2018-03-02,TEX,33.147854,35.68237,32.903454,35.38366,4276436.5
2018-03-05,TEX,35.021584,36.12591,34.831497,35.71858,2200592.5
2018-03-06,TEX,35.981083,37.311703,35.944874,36.641865,2641470.5
2018-03-07,TEX,35.96298,36.29699,34.831497,35.501335,2329813.5
2018-03-08,TEX,35.682835,36.50866,35.138336,36.191036,2612975.5
2018-03-09,TEX,36.43606,37.633957,36.41791,37.261883,2196902
2018-03-12,TEX,37.07131,37.33448,36.218258,36.218258,2370148.8
2018-03-13,TEX,36.209187,36.771835,35.900635,36.07306,1658898.9
2018-03-14,TEX,36.209187,36.23641,35.28354,35.392437,1167605.4
2018-03-15,TEX,35.592087,35.89156,35.174633,35.220013,928608.8
2018-03-16,TEX,35.201862,36.009537,34.949215,35.238163,2460766
2018-03-19,TEX,34.70274,35.26539,34.602913,35.102036,1456078.6
2018-03-20,TEX,35.210938,35.828033,35.102036,35.238163,1231176.9
2018-03-21,TEX,35.16556,35.696445,34.66644,35.410587,2025018.5
2018-03-22,TEX,34.793488,34.929615,33.368713,33.423164,1732853.9
2018-03-23,TEX,33.57744,33.686337,32.461216,32.533813,1861062.4
2018-03-26,TEX,33.223515,33.668186,32.588264,33.57744,1450747.5
2018-03-27,TEX,33.695415,34.185463,32.969418,33.48669,1689531.4
2018-03-28,TEX,33.441315,33.740788,32.66994,33.241665,1481750.4
2018-03-29,TEX,33.568367,34.303436,33.368713,33.949512,1464142.6
2018-04-02,TEX,33.86784,34.05841,32.17082,32.524742,893855.06
2018-04-03,TEX,32.715317,33.46854,32.63364,33.30519,1085102.8
2018-04-04,TEX,32.579193,33.668186,32.261566,33.550217,1115425.8
2018-04-05,TEX,33.713566,34.439564,33.659115,33.99489,1705153.5
2018-04-06,TEX,33.622814,33.89506,32.28879,32.769768,1316957.8
2018-04-09,TEX,32.99664,33.45039,32.68809,32.751617,1346420.1
2018-04-10,TEX,33.46854,34.121937,33.30519,33.94044,1315113.1
2018-04-11,TEX,33.604664,34.239914,33.522987,33.84969,1261729
2018-04-12,TEX,34.176388,34.984062,33.949512,34.63921,1987491.2
2018-04-13,TEX,35.501335,35.501335,34.72996,35.047585,2598132.5
2018-04-16,TEX,35.183712,35.682835,34.993137,35.446888,1460684.8
2018-04-17,TEX,35.601162,36.41791,35.601162,35.973236,1511887
2018-04-18,TEX,36.762756,37.016857,36.218258,36.56311,1614387.5
2018-04-19,TEX,36.43606,36.59941,35.737286,35.991386,1256822.1
2018-04-20,TEX,36.154736,36.29086,35.46504,35.76451,1066273
2018-04-23,TEX,35.918785,36.09121,35.619312,35.85526,583842.4
2018-04-24,TEX,36.52681,36.635708,32.588264,33.25074,2501686
2018-04-25,TEX,33.178143,33.99489,32.914967,33.586514,1429297.4
2018-04-26,TEX,33.713566,33.949512,32.728928,33.060165,1634606.8
2018-04-27,TEX,33.03294,33.758938,32.878666,33.48669,1242441.9
2018-04-30,TEX,33.640965,33.84969,33.132763,33.14184,1179240.8
2018-05-01,TEX,32.987564,33.314262,32.03469,32.878666,1927050.4
2018-05-02,TEX,34.66644,34.938686,33.023865,34.03119,3309599.2
2018-05-03,TEX,33.92229,34.884235,33.223515,34.548462,2303278
2018-05-04,TEX,34.82071,35.72821,34.348812,35.410587,2641383.2
2018-05-07,TEX,36.14566,37.18928,35.968697,36.808136,2183894.8
2018-05-08,TEX,36.70831,37.14391,35.637463,36.172886,2821487.2
2018-05-09,TEX,36.354385,37.31633,36.163807,37.19836,2036326.5
2018-05-10,TEX,37.252808,37.461533,36.926105,36.980556,1214110.1
2018-05-11,TEX,37.062233,37.579506,36.499584,36.717384,1485725
2018-05-14,TEX,36.971485,37.79731,36.971485,37.50691,1243986.9
2018-05-15,TEX,37.243732,37.742855,37.13483,37.58858,1296340.6
2018-05-16,TEX,37.633957,38.323654,37.633957,38.24198,2362488
2018-05-17,TEX,38.296432,39.11318,38.051407,38.11493,1700722.6
2018-05-18,TEX,38.151234,38.40533,37.833607,37.92436,1414185.5
2018-05-21,TEX,38.396255,39.104103,38.305504,38.922604,1617963.2
2018-05-22,TEX,39.158554,39.29014,38.38718,38.40533,1222054
2018-05-23,TEX,38.015106,38.38718,37.461533,37.94251,1405550.8
2018-05-24,TEX,37.80638,38.214756,37.494205,37.860832,1072774.4
2018-05-25,TEX,37.570435,37.815456,36.68562,36.926105,1909200.1
2018-05-29,TEX,36.662933,37.20743,36.082134,36.52681,1290305.4
2018-05-30,TEX,36.898884,37.425236,36.771835,37.252808,1201504.1
2018-05-31,TEX,37.261883,37.261883,35.446888,35.918785,1507764.8
2018-06-01,TEX,36.299934,36.681084,35.900635,36.27271,1008755.56
2018-06-04,TEX,36.50866,36.817207,35.89156,36.045837,811045
2018-06-05,TEX,35.737286,36.027687,35.074814,35.664684,1839391.8
2018-06-06,TEX,35.918785,37.398006,35.837112,37.252808,1891968.1
2018-06-07,TEX,37.46204,38.130684,37.193676,37.78954,1972434.2
2018-06-08,TEX,37.643986,38.399048,37.5985,38.262592,1502456
2018-06-11,TEX,38.308075,38.41724,37.643986,38.180717,1759987.4
2018-06-12,TEX,38.280785,38.76293,37.898705,38.471825,1179730.6
2018-06-13,TEX,38.453632,38.699253,37.39836,37.97148,1498538.4
2018-06-14,TEX,36.54323,37.12545,35.89733,36.379482,3102824.2
2018-06-15,TEX,36.133858,36.79795,35.96101,36.35219,2090113
2018-06-18,TEX,36.03379,36.597813,36.03379,36.333996,1639644.1
2018-06-19,TEX,35.6881,36.18844,35.096786,36.115665,1424518.4
2018-06-20,TEX,36.25212,36.461357,35.46977,36.3158,1474515.4
2018-06-21,TEX,37.07996,37.20732,35.71539,36.170246,2123879.5
2018-06-22,TEX,36.770657,37.762245,36.397675,37.580307,2828389.8
2018-06-25,TEX,37.143642,37.56211,36.333996,37.007183,1828724.4
2018-06-26,TEX,37.089058,37.707664,36.92531,37.134544,1516428.6
2018-06-27,TEX,37.2619,38.107937,37.1209,37.37107,1516436.2
2018-06-28,TEX,37.316486,37.689472,36.770657,37.40746,3116660.2
2018-06-29,TEX,37.75315,38.86282,37.516624,38.38085,1840848
2018-07-02,TEX,37.898705,38.408146,37.298294,38.344467,1076005.8
2018-07-03,TEX,38.508213,38.90849,38.04426,38.089745,647430.6
2018-07-05,TEX,38.44453,39.28147,38.080647,39.235985,1646991.5
2018-07-06,TEX,38.990364,39.336056,38.599186,38.872097,1217472.1
2018-07-09,TEX,39.217793,40.50049,39.054043,40.409515,1125105.8
2018-07-10,TEX,39.527096,40.191185,39.135918,40.127506,1865357.9
2018-07-11,TEX,39.399734,39.709038,39.09043,39.263275,1611750.8
2018-07-12,TEX,39.85459,39.95466,39.37244,39.772717,1606762.4
2018-07-13,TEX,40.17299,41.146385,40.1366,41.07361,1870508.9
2018-07-16,TEX,41.155483,41.36472,39.608967,39.863686,2291131
2018-07-17,TEX,39.781815,40.26396,39.608967,40.127506,799495.94
2018-07-18,TEX,40.000145,40.655136,39.73633,40.27306,1385122.5
2018-07-19,TEX,39.354244,39.981953,38.872097,39.91827,2017134
2018-07-20,TEX,39.73633,39.800007,39.063137,39.108627,1062822.5
2018-07-23,TEX,38.93578,39.4998,38.68106,39.163208,2000166.1
2018-07-24,TEX,39.654453,40.01834,39.072235,39.226887,1349401.4
2018-07-25,TEX,39.272373,39.69994,38.735645,39.59987,1774087.5
2018-07-26,TEX,39.809105,40.773403,39.59987,39.754524,1231854.6
2018-07-27,TEX,40.04563,40.17299,39.41793,39.963757,1495778.1
2018-07-30,TEX,40.291256,40.69153,38.60828,38.65377,1421214.1
2018-07-31,TEX,39.09043,40.327644,38.2353,40.1366,2124878.8
2018-08-01,TEX,36.379482,38.080647,35.315117,36.08837,4927617.5
2018-08-02,TEX,35.588028,37.534817,35.551643,37.35288,3052679.8
2018-08-03,TEX,37.298294,37.75315,36.397675,36.706978,1562555.1
2018-08-06,TEX,36.679688,37.161835,36.343094,36.58872,1450239.6
2018-08-07,TEX,36.86163,37.35288,36.25212,36.3158,1516600
2018-08-08,TEX,36.197243,36.34316,35.321724,35.349083,1638439.2
2018-08-09,TEX,35.294365,35.330845,34.701565,34.938686,1584497.2
2018-08-10,TEX,34.537403,34.865723,34.272926,34.546524,1886346.2
2018-08-13,TEX,34.674206,34.89308,34.405163,34.564766,1267683.4
2018-08-14,TEX,34.701565,34.984283,34.512962,34.655964,886204.9
2018-08-15,TEX,34.291164,34.355003,33.069084,33.671,1720898.8
2018-08-16,TEX,33.889885,34.719803,33.889885,34.409725,1257364.2
2018-08-17,TEX,34.218204,35.066364,34.199963,34.975163,891286
2018-08-20,TEX,35.768604,36.124283,35.276123,35.495003,1509348.1
2018-08-21,TEX,35.540604,36.306683,35.455513,35.978363,1162615.2
2018-08-22,TEX,36.11516,36.26108,35.330845,35.385563,1076205.1
2018-08-23,TEX,35.267002,35.321724,34.345882,34.592125,960076.7
2018-08-24,TEX,34.78364,35.203163,34.555645,35.148445,680034.7
2018-08-27,TEX,35.412926,35.955563,35.25788,35.795963,690904.25
2018-08-28,TEX,35.932762,36.33404,35.640923,35.914524,943326.6
2018-08-29,TEX,35.932762,36.324924,35.640923,36.21548,775442.7
2018-08-30,TEX,36.11516,36.15164,35.321724,35.36732,839244.3
2018-08-31,TEX,35.212284,35.686523,35.16158,35.339962,854742.1
2018-09-04,TEX,35.084606,35.376442,34.628605,34.874844,685598.3
2018-09-05,TEX,34.236446,35.248764,34.0814,35.111965,922857.3
2018-09-06,TEX,35.175804,35.230526,34.537403,34.883965,722542.44
2018-09-07,TEX,34.637722,34.920444,34.291164,34.573883,882699.4
2018-09-10,TEX,34.838364,34.984283,34.382366,34.409725,1214441
2018-09-11,TEX,34.263805,34.637722,33.652767,34.345882,1436789.9
2018-09-12,TEX,34.37324,35.121082,34.063164,34.984283,989346.44
2018-09-13,TEX,35.111965,35.732124,34.89308,35.148445,733291.3
2018-09-14,TEX,34.975163,35.66828,34.838364,35.4038,1020462.7
2018-09-17,TEX,35.531483,36.635,35.412926,36.124283,1354553
2018-09-18,TEX,36.233723,37.24604,36.179,37.0454,1539667.1
2018-09-19,TEX,37.17308,38.2766,37.117176,38.103317,1740163
2018-09-20,TEX,38.42252,38.97884,38.231,38.74172,1344910.4
2018-09-21,TEX,38.87852,38.97884,38.17628,38.249237,2917924
2018-09-24,TEX,38.048603,38.21276,37.28252,37.5014,826514
2018-09-25,TEX,37.547,37.64732,36.972443,37.0454,1182195.4
2018-09-26,TEX,36.89036,37.756763,36.65324,37.29164,1096764.2
2018-09-27,TEX,37.40108,37.66556,36.92684,37.118362,1123501.1
2018-09-28,TEX,36.91772,36.94508,36.338604,36.39788,1503236.2
2018-10-01,TEX,36.66236,36.84932,36.005722,36.470844,1756251.9
2018-10-02,TEX,36.315804,36.576363,35.795963,35.932762,1469890.8
2018-10-03,TEX,36.023964,37.21868,35.905403,36.98156,2355038.8
2018-10-04,TEX,36.92684,37.72028,36.206364,36.562042,976958.25
2018-10-05,TEX,36.44348,36.60764,35.440285,35.905403,780346.2
2018-10-08,TEX,35.704765,36.47996,35.521454,36.407,733076.44
2018-10-09,TEX,36.179,36.197243,35.166683,35.303482,959838.75
2018-10-10,TEX,35.312603,35.394684,34.108765,34.172604,1353065
2018-10-11,TEX,33.935482,34.902203,33.607162,34.017563,1005327.8
2018-10-12,TEX,34.172604,34.592125,32.795486,33.096447,1097876.1
2018-10-15,TEX,33.059967,33.598045,33.059967,33.114685,668649.8
2018-10-16,TEX,33.488605,33.953724,32.822845,33.816925,1183673.4
2018-10-17,TEX,33.37916,33.844284,33.045647,33.598045,1465447.8
2018-10-18,TEX,33.132927,33.196766,31.190369,31.45485,1842659.9
2018-10-19,TEX,31.482208,31.682848,30.127888,30.260128,1771111.5
2018-10-22,TEX,30.497248,30.779968,29.88621,29.968288,1521154
2018-10-23,TEX,28.29021,29.12013,27.907171,28.94685,2300966.2
2018-10-24,TEX,28.955969,29.229568,27.359972,27.41469,2241435.5
2018-10-25,TEX,27.75213,28.591171,27.75213,28.14429,1708517.1
2018-10-26,TEX,28.26741,28.26741,26.849253,27.505892,1304765.6
2018-10-29,TEX,27.95277,29.03805,27.624453,28.162529,1754066.5
2018-10-30,TEX,28.08957,29.339008,27.82509,29.247808,1654592.8
2018-10-31,TEX,29.804129,30.665968,29.785889,30.451647,1876889
2018-11-01,TEX,30.716127,33.488605,30.551968,32.831966,3286695.2
2018-11-02,TEX,26.147013,29.44845,26.119652,28.43613,5258757.5
2018-11-05,TEX,28.34493,28.96509,27.369091,28.42701,2603305.2
2018-11-06,TEX,28.34493,29.541838,28.162529,28.91037,2687052.2
2018-11-07,TEX,29.18397,29.822369,28.91037,29.585247,2006370.5
2018-11-08,TEX,29.448025,29.566952,28.62469,29.07295,1579533.1
2018-11-09,TEX,28.780207,29.141562,27.590942,27.801352,2481761.8
2018-11-12,TEX,27.837944,28.130686,27.50861,27.590942,1218455.1
2018-11-13,TEX,27.773907,28.35939,27.2982,27.426275,1580393.4
2018-11-14,TEX,27.792202,28.322798,27.45372,27.865387,1344511.8
2018-11-15,TEX,27.700722,28.56065,27.34394,28.450872,1350378.5
2018-11-16,TEX,28.31365,29.109543,28.31365,28.67043,1252164.5
2018-11-19,TEX,28.231318,28.56065,27.883684,28.240465,1456286.9
2018-11-20,TEX,27.792202,28.185575,27.417126,27.783056,1237346.4
2018-11-21,TEX,27.279903,28.880838,27.279903,28.267908,1151347.9
2018-11-23,TEX,27.874537,29.07295,27.874537,28.615541,638936.2
2018-11-26,TEX,28.990616,29.754492,28.825949,29.402285,1291873
2018-11-27,TEX,29.237616,29.521212,28.322798,28.542355,1428195
2018-11-28,TEX,28.734467,29.942028,28.286205,29.87799,1597094
2018-11-29,TEX,29.731619,29.942028,29.068375,29.585249,1132220.6
2018-11-30,TEX,29.246765,30.307957,29.210173,30.24392,1274669.5
2018-12-03,TEX,30.94833,31.259365,29.114117,29.484617,1873228.4
2018-12-04,TEX,29.36569,29.438877,27.261608,27.35309,2339586.2
2018-12-06,TEX,26.429123,27.70987,26.26848,27.096941,2134864.8
2018-12-07,TEX,27.316498,27.792202,25.587488,25.935122,1863231.9
2018-12-10,TEX,25.651527,26.291899,25.596638,25.743008,2724327.8
2018-12-11,TEX,26.282751,27.215868,25.669823,25.697268,1267823.4
2018-12-12,TEX,26.319345,26.612087,26.017454,26.154676,976925.44
2018-12-13,TEX,26.621235,26.996311,25.770452,25.962564,1374527.5
2018-12-14,TEX,25.52345,26.237011,25.505156,25.816193,1295621.2
2018-12-17,TEX,25.761305,26.410828,25.48686,25.605785,2168618
2018-12-18,TEX,25.907675,26.607512,25.431969,25.624083,2116521.2
2018-12-19,TEX,25.614933,26.237011,24.315891,24.389076,2239855
2018-12-20,TEX,24.187817,24.9924,24.004852,24.379929,1708024.1
2018-12-21,TEX,24.434816,24.81904,24.05974,24.343336,1927037.9
2018-12-24,TEX,24.132927,24.288445,23.300442,23.428516,624295.06
2018-12-26,TEX,23.638926,25.203264,23.474257,25.175821,1092599.6
2018-12-27,TEX,24.334187,25.258154,24.128353,25.249006,836245.1
2018-12-28,TEX,25.258154,25.505156,24.434816,24.91967,869744.7
2018-12-31,TEX,25.102636,25.25358,24.681818,25.221561,668896.2
2019-01-02,TEX,24.581188,25.560045,23.606907,25.102636,1213125.1
2019-01-03,TEX,24.937967,25.203264,24.132927,24.590336,942208.2
2019-01-04,TEX,25.07519,25.950947,24.846485,25.724712,1016474.25
2019-01-07,TEX,25.770452,26.193283,25.290173,25.743008,1111530.1
2019-01-08,TEX,26.099789,26.520605,25.779602,26.319345,923665.7
2019-01-09,TEX,26.676125,26.89568,26.291899,26.612087,961245.8
2019-01-10,TEX,26.43827,27.398832,26.182123,27.170126,1076350.5
2019-01-11,TEX,27.014608,27.398832,26.529753,27.170126,729687.44
2019-01-14,TEX,26.877384,27.35309,26.767607,27.124384,993163.6
2019-01-15,TEX,26.923124,27.261608,26.43827,26.685272,571488.94
2019-01-16,TEX,26.731012,27.279903,26.59379,27.014608,777837.94
2019-01-17,TEX,26.74931,27.590942,26.520605,27.19757,1019823.5
2019-01-18,TEX,27.50861,28.341095,27.35062,28.185575,813942.4
2019-01-22,TEX,27.783056,27.938576,26.91855,27.15183,865033.4
2019-01-23,TEX,27.15183,27.371386,25.761305,25.898527,1617324.2
2019-01-24,TEX,25.94427,26.685272,25.907675,26.566347,786163.1
2019-01-25,TEX,27.078644,27.545202,26.74016,27.435423,713087.44
2019-01-28,TEX,26.575493,26.758457,25.871084,26.648678,967654.75
2019-01-29,TEX,26.932274,27.142681,26.484013,26.932274,893769.06
2019-01-30,TEX,27.581795,28.075798,26.758457,27.636683,1086374.4
2019-01-31,TEX,27.691574,28.148983,27.472017,28.094093,1359844.9
2019-02-01,TEX,28.01176,28.615541,27.911129,28.15813,851875.56
2019-02-04,TEX,28.194723,28.944874,27.95687,28.816801,765353.56
2019-02-05,TEX,28.835096,28.944874,28.40513,28.880838,567690.4
2019-02-06,TEX,28.761911,28.91743,28.551502,28.761911,701748.6
2019-02-07,TEX,28.597244,28.780207,27.920279,28.441725,878246.9
2019-02-08,TEX,28.194723,28.542355,27.8105,28.222168,878511.44
2019-02-11,TEX,28.222168,28.68415,28.21302,28.377687,755034.56
2019-02-12,TEX,28.725319,29.310804,28.395985,28.880838,857858.2
2019-02-13,TEX,29.063803,29.530357,29.063803,29.448025,1258566.9
2019-02-14,TEX,29.16443,29.512062,29.027208,29.191875,819136.9
2019-02-15,TEX,29.383987,30.23477,29.307142,30.134138,1201392.8
2019-02-19,TEX,30.500067,32.93806,30.500067,32.56756,2855948.2
2019-02-20,TEX,32.64989,32.72308,32.192482,32.32056,1888218.2
2019-02-21,TEX,32.32056,32.96093,32.30226,32.540115,1109194.2
2019-02-22,TEX,32.521816,32.718502,32.018665,32.283966,1259251.2
2019-02-25,TEX,35.1382,35.284573,32.823708,32.86945,2754248.5
2019-02-26,TEX,32.896893,33.299416,32.192482,32.338852,1752744.4
2019-02-27,TEX,32.082703,32.39374,31.39659,31.542961,1593495.4
2019-02-28,TEX,31.506367,31.506367,30.609844,30.728773,1888450
2019-03-01,TEX,30.99407,31.55211,30.943756,31.277662,1228503
2019-03-04,TEX,31.48807,31.753368,30.747068,30.783663,1340937.2
2019-03-05,TEX,30.737919,31.314257,30.554958,31.058107,1283114.9
2019-03-06,TEX,31.012367,31.44233,30.89344,31.094702,1616553.5
2019-03-07,TEX,31.067163,31.296612,30.525667,31.168121,1619305.4
2019-03-08,TEX,30.736763,31.012098,30.580736,30.837717,1164351.2
2019-03-11,TEX,30.764296,31.526058,30.626625,31.250723,951459.2
2019-03-12,TEX,31.30579,31.370035,30.663338,30.901962,753594.6
2019-03-13,TEX,30.901962,31.154354,30.594503,30.672514,1144342.2
2019-03-14,TEX,30.608269,30.608269,29.837326,30.140198,892819.4
2019-03-15,TEX,30.21362,30.608269,30.011707,30.075953,1627804
2019-03-18,TEX,30.16773,30.672514,30.04842,30.544024,1603701.5
2019-03-19,TEX,30.82854,31.204834,30.29622,30.388002,644955.25
2019-03-20,TEX,30.231976,30.37855,29.575756,29.919928,811398.75
2019-03-21,TEX,29.763905,30.259512,29.763905,30.075953,792209.1
2019-03-22,TEX,29.938284,29.938284,28.901182,29.121452,1193878.8
2019-03-25,TEX,29.020496,29.516102,28.98837,29.222408,1296964.5
2019-03-26,TEX,29.139809,29.580347,28.662558,29.13063,951518.06
2019-03-27,TEX,29.240765,29.4335,28.947073,29.21323,1091460.9
2019-03-28,TEX,29.259119,29.82815,28.983784,29.34172,1027134.5
2019-03-29,TEX,29.60788,29.791437,29.194874,29.48857,1169324
2019-04-01,TEX,29.69048,30.241156,29.534458,30.140198,1271347.5
2019-04-02,TEX,30.075953,30.16773,29.846506,29.993353,816730
2019-04-03,TEX,30.195267,30.433891,29.910751,30.131021,1013742.56
2019-04-04,TEX,30.103485,30.635805,30.103485,30.635805,765163.7
2019-04-05,TEX,30.82854,31.03963,30.599092,30.608269,938959.6
2019-04-08,TEX,30.599092,30.672514,30.17691,30.626625,885546.44
2019-04-09,TEX,30.626625,30.69087,29.708836,29.800617,581863.44
2019-04-10,TEX,29.883219,30.140198,29.78685,30.112665,1169017.9
2019-04-11,TEX,30.011707,30.553204,29.997942,30.406359,606844.1
2019-04-12,TEX,30.709227,31.168121,30.443068,30.589916,642029.75
2019-04-15,TEX,30.580736,30.801008,30.057596,30.112665,1758508.4
2019-04-16,TEX,30.112665,30.91114,30.103485,30.837717,801347.4
2019-04-17,TEX,31.030455,31.140589,30.69087,31.0947,1121942.8
2019-04-18,TEX,31.351679,31.81975,30.993742,31.048811,808218.25
2019-04-22,TEX,30.947853,31.360855,30.920317,31.22319,1434039.5
2019-04-23,TEX,30.654161,31.177301,30.57156,30.938673,1224616.8
2019-04-24,TEX,30.837717,31.149765,30.51649,30.993742,858271.1
2019-04-25,TEX,30.681694,30.681694,29.662947,29.672127,1461198.2
2019-04-26,TEX,29.56199,30.195267,29.410553,30.149374,483092.4
2019-04-29,TEX,30.268688,30.56238,30.149374,30.461424,883529.7
2019-04-30,TEX,30.488958,30.672514,29.96582,30.589916,1244719.4
2019-05-01,TEX,30.277868,30.342113,28.414753,29.48857,3903441
2019-05-02,TEX,29.405968,29.589525,28.823172,29.17652,1641497.9
2019-05-03,TEX,29.369255,29.919928,29.231586,29.892395,1344529.9
2019-05-06,TEX,28.992962,30.030064,28.551687,29.993353,1337428
2019-05-07,TEX,29.543634,29.708836,29.240765,29.635414,1100893.2
2019-05-08,TEX,29.56199,29.617058,28.965427,29.03885,982987.1
2019-05-09,TEX,28.662558,28.809402,27.983393,28.506533,996269.06
2019-05-10,TEX,28.43311,28.43311,26.973825,27.99257,1174028.9
2019-05-13,TEX,27.25834,27.297346,26.16617,26.707666,1256816.9
2019-05-14,TEX,27.065603,27.423542,26.918758,27.203272,1627310.5
2019-05-15,TEX,26.854513,27.295052,26.8178,27.276695,793257.3
2019-05-16,TEX,27.487787,27.597921,27.116083,27.21245,530347.25
2019-05-17,TEX,26.808622,26.891224,26.08357,26.111105,749920.56
2019-05-20,TEX,25.799055,26.20288,25.661386,25.854122,1564678.4
2019-05-21,TEX,26.037682,26.42774,25.964258,26.349728,606200.2
2019-05-22,TEX,26.340551,26.588352,26.120281,26.331373,776156.44
2019-05-23,TEX,25.945902,26.147814,25.569609,25.698097,604291.25
2019-05-24,TEX,25.982613,26.08357,25.688921,25.81741,445906.3
2019-05-28,TEX,25.835766,25.918367,25.46865,25.477829,546280.1
2019-05-29,TEX,25.239204,25.597141,25.119892,25.532896,693990.5
2019-05-30,TEX,25.615498,25.90919,25.303448,25.431938,546708.3
2019-05-31,TEX,24.725243,25.092358,24.523327,24.569218,1030177.7
2019-06-03,TEX,24.42237,24.94551,24.404015,24.59675,1453606.1
2019-06-04,TEX,24.963867,25.73481,24.86291,25.670565,1357383.5
2019-06-05,TEX,25.762342,26.184526,25.431938,25.900011,1098124.6
2019-06-06,TEX,26.010578,26.23171,25.301115,25.614384,841036.7
2019-06-07,TEX,25.688095,26.250137,25.678883,26.047434,844406.6
2019-06-10,TEX,25.853943,26.240923,25.402468,25.420895,3671172.8
2019-06-11,TEX,25.780233,26.029007,25.49,25.651241,1323399.6
2019-06-12,TEX,25.69731,25.909227,25.402468,25.872372,836390.4
2019-06-13,TEX,26.13036,26.76611,26.038221,26.76611,795833.9
2019-06-14,TEX,26.729256,26.807573,25.867765,26.102716,669561.44
2019-06-17,TEX,26.093502,26.61869,26.093502,26.369919,650974.06
2019-06-18,TEX,26.563408,27.323547,26.526552,26.93196,980148.56
2019-06-19,TEX,26.93196,27.392649,26.849035,27.328154,1052938.2
2019-06-20,TEX,28.028402,28.148182,27.549284,28.046831,1141261.1
2019-06-21,TEX,28.046831,28.369314,27.785158,28.185038,994048.3
2019-06-24,TEX,28.267962,28.572018,28.166609,28.24032,733931.1
2019-06-25,TEX,28.3601,28.636515,28.111326,28.544376,1159339.4
2019-06-26,TEX,28.562803,28.664156,28.111326,28.332458,1288511.9
2019-06-27,TEX,28.378527,28.728653,28.378527,28.618086,1201281.9
2019-06-28,TEX,28.70101,29.207771,28.553682,28.931355,8541209
2019-07-01,TEX,29.567108,29.603964,27.650637,28.304817,1877339
2019-07-02,TEX,28.148182,28.148182,27.070166,27.34658,1369659.6
2019-07-03,TEX,27.411077,27.472994,26.895105,27.189947,876635.44
2019-07-05,TEX,27.014883,27.051739,26.51734,26.775324,984572.3
2019-07-08,TEX,26.76611,27.116236,26.59105,26.876677,663441.25
2019-07-09,TEX,26.6924,27.143877,26.526552,27.143877,1826214.6
2019-07-10,TEX,27.309725,27.457146,26.83982,26.941174,604765.2
2019-07-11,TEX,27.042526,27.171518,26.720041,27.005669,646004.4
2019-07-12,TEX,26.93196,28.28639,26.867462,28.231106,882233.5
2019-07-15,TEX,28.304817,28.323244,27.880981,28.157396,996414.3
2019-07-16,TEX,28.056046,28.50752,27.798058,28.28639,843275.7
2019-07-17,TEX,28.07447,28.175823,27.21768,27.236015,1101366.6
2019-07-18,TEX,26.93196,27.659851,26.76611,27.46636,1076168.5
2019-07-19,TEX,27.521645,28.387741,27.521645,28.28639,1164580.4
2019-07-22,TEX,28.396955,28.530556,28.166609,28.267962,786744.25
2019-07-23,TEX,28.470665,29.456543,28.406168,29.392046,1101509.9
2019-07-24,TEX,29.041922,30.267357,29.023495,30.248932,763379.3
2019-07-25,TEX,30.073868,30.073868,29.554853,29.797453,700104.7
2019-07-26,TEX,29.843523,30.48849,29.567108,30.423992,903829.4
2019-07-29,TEX,30.442421,30.857042,30.212076,30.534557,1756123.1
2019-07-30,TEX,27.180733,30.248932,27.033312,29.779026,3329867.8
2019-07-31,TEX,29.843523,30.258144,27.788843,28.056046,1697545.8
2019-08-01,TEX,28.07447,28.249535,26.35149,26.434414,1935283.5
2019-08-02,TEX,26.20407,26.323849,25.688095,26.157999,1237587.1
2019-08-05,TEX,25.402468,25.540674,24.665363,24.886494,1738700.2
2019-08-06,TEX,25.11684,25.402468,24.462658,24.831213,979436.56
2019-08-07,TEX,24.388948,24.58244,23.817694,24.462658,1159986.2
2019-08-08,TEX,24.573225,24.95099,24.53637,24.674578,1026320.56
2019-08-09,TEX,24.48954,24.730087,23.499596,23.703136,1249795.5
2019-08-12,TEX,23.490345,23.656878,23.027754,23.259048,772495.4
2019-08-13,TEX,23.15728,24.137972,23.15728,23.656878,689980.7
2019-08-14,TEX,23.120272,23.314562,22.111824,22.34312,1988112.6
2019-08-15,TEX,22.333868,22.5004,21.399435,21.593723,1546938.4
2019-08-16,TEX,21.7325,22.685438,21.7325,22.629925,1899735.4
2019-08-19,TEX,23.129524,23.175783,22.824215,22.944487,793007
2019-08-20,TEX,22.935238,23.046257,22.370876,22.417135,2612172.2
2019-08-21,TEX,22.90748,23.360819,22.842718,23.203539,745746
2019-08-22,TEX,23.342316,23.703136,23.129524,23.148027,1323880.5
2019-08-23,TEX,22.777956,23.027754,21.639982,21.72325,808654.75
2019-08-26,TEX,22.09332,22.195091,21.788012,21.88053,666805.75
2019-08-27,TEX,22.09332,22.09332,21.30692,21.556715,926091.25
2019-08-28,TEX,21.417938,22.065567,21.195896,21.751005,563627
2019-08-29,TEX,22.121077,22.870474,22.047062,22.777956,578623
2019-08-30,TEX,23.074015,23.166533,22.82884,22.972244,612974.1
2019-09-03,TEX,22.722445,22.722445,21.88053,21.9823,917204.3
2019-09-04,TEX,22.39863,22.583668,22.167336,22.296862,376300.44
2019-09-05,TEX,22.639177,23.527353,22.639177,23.286804,892978.8
2019-09-06,TEX,23.425581,23.66613,23.138777,23.314562,546267.2
2019-09-09,TEX,23.41633,24.276749,23.41633,24.258244,709793
2019-09-10,TEX,24.32301,25.39622,24.244368,25.238937,904623
2019-09-11,TEX,25.377714,25.988333,24.804102,25.895815,1054639.1
2019-09-12,TEX,25.92357,25.988333,24.887367,24.905872,1233077.6
2019-09-13,TEX,25.377714,25.66452,25.127914,25.581253,983052
2019-09-16,TEX,25.41472,25.92357,25.238937,25.81255,695267.2
2019-09-17,TEX,25.349958,25.757038,24.933628,25.747786,830361.9
2019-09-18,TEX,25.572002,25.826427,25.25744,25.581253,1012352.2
2019-09-19,TEX,25.673773,26.12711,25.521116,25.636765,633840.3
2019-09-20,TEX,25.581253,26.0716,25.294449,25.340706,850933
2019-09-23,TEX,24.95213,25.470232,24.813353,25.211182,386873.5
2019-09-24,TEX,25.238937,25.345333,24.100964,24.286001,1080856.6
2019-09-25,TEX,23.906677,24.23049,23.592115,24.091713,1053221
2019-09-26,TEX,24.063957,24.12872,23.758648,23.7679,680014
2019-09-27,TEX,23.897425,24.211895,23.550482,23.57361,610457.9
2019-09-30,TEX,23.647625,24.193481,23.536604,24.026949,1334422.1
2019-10-01,TEX,24.276749,24.55893,22.685438,22.814962,740536.2
2019-10-02,TEX,22.491148,22.491148,21.871277,22.195091,1362835
2019-10-03,TEX,21.92679,22.213594,21.131134,22.204344,1359013
2019-10-04,TEX,22.315367,22.699314,22.047062,22.639177,941942.2
2019-10-07,TEX,22.629925,22.639177,22.167336,22.195091,802252.75
2019-10-08,TEX,21.769508,21.92679,21.528961,21.538214,1053429.6
2019-10-09,TEX,21.871277,21.871277,21.4642,21.62148,814258
2019-10-10,TEX,21.67699,22.259853,21.658487,22.028559,2012769.5
2019-10-11,TEX,21.602976,23.499596,21.602976,23.064762,1918277.6
2019-10-14,TEX,22.80571,23.46259,22.666933,23.249798,687807.06
2019-10-15,TEX,22.019306,23.87892,21.945292,23.795654,1178540.2
2019-10-16,TEX,23.841913,24.346138,23.212791,23.286804,930232.06
2019-10-17,TEX,23.490345,24.415525,23.360819,24.332258,930304.5
2019-10-18,TEX,24.147224,25.081657,23.989943,24.933628,1183300.4
2019-10-21,TEX,25.016893,25.312952,24.757843,25.229685,1592410.6
2019-10-22,TEX,25.377714,26.17337,25.004496,25.905067,891057
2019-10-23,TEX,25.858809,26.450924,25.081657,26.265886,772630.44
2019-10-24,TEX,26.515686,26.598953,25.91432,26.201124,538747.56
2019-10-25,TEX,26.265886,27.117054,26.265886,26.858004,915238.25
2019-10-28,TEX,27.163315,27.570393,26.932018,27.033787,968706.7
2019-10-29,TEX,26.719225,27.183668,26.293644,26.663715,1283945.5
2019-10-30,TEX,26.654463,26.848753,26.386162,26.709976,1127471.2
2019-10-31,TEX,23.545856,25.738535,23.138777,25.488735,2674181.8
2019-11-01,TEX,25.683023,26.469429,25.683023,26.469429,1875937.9
2019-11-04,TEX,26.98753,27.588896,26.608206,27.533386,1465862.4
2019-11-05,TEX,27.533386,27.847948,26.506435,26.682219,1027832.44
2019-11-06,TEX,26.598953,26.746983,25.81255,25.858809,1101196.5
2019-11-07,TEX,26.30465,26.690117,26.202477,26.564724,1094737.4
2019-11-08,TEX,27.920824,28.413107,27.344946,28.134457,1713658
2019-11-11,TEX,28.329512,29.054005,28.143744,29.054005,1608090.4
2019-11-12,TEX,28.886814,29.035429,28.134457,28.162321,830486.4
2019-11-13,TEX,27.762922,27.976555,27.298504,27.326368,748425.6
2019-11-14,TEX,27.31708,27.419252,26.806221,26.81551,816911.3
2019-11-15,TEX,27.131311,27.40532,26.954834,27.112738,609558.3
2019-11-18,TEX,26.834085,26.834085,26.19319,26.434685,896133
2019-11-19,TEX,26.620453,26.63903,25.970266,25.988844,807582.44
2019-11-20,TEX,25.7845,25.942402,25.227198,25.487272,787217.1
2019-11-21,TEX,25.487272,25.645176,25.194689,25.477985,807569.5
2019-11-22,TEX,25.635887,26.197832,25.61731,26.06315,535517.3
2019-11-25,TEX,26.118881,27.177755,26.025162,27.057005,800369.1
2019-11-26,TEX,27.03843,27.159178,26.439331,26.490416,802957.25
2019-11-27,TEX,26.276785,26.63903,26.100306,26.555435,481469.03
2019-11-29,TEX,26.425398,26.425398,26.053862,26.07244,250601.7
2019-12-02,TEX,26.323225,27.084871,26.081728,26.165323,785841.25
2019-12-03,TEX,25.645176,25.998133,25.422255,25.868095,700874.75
2019-12-04,TEX,26.06315,26.508993,25.933115,26.035286,1048189.9
2019-12-05,TEX,26.156034,26.51828,26.035286,26.258207,454504.12
2019-12-06,TEX,26.69476,27.307793,26.462551,26.91768,825354.1
2019-12-09,TEX,26.796932,27.066294,26.68547,26.991987,718409.56
2019-12-10,TEX,26.81551,27.131311,26.522926,26.880527,783203.56
2019-12-11,TEX,26.889816,27.307793,26.75049,27.242773,454048.72
2019-12-12,TEX,27.149889,28.213408,27.061651,28.153032,599277.75
2019-12-13,TEX,28.153032,28.561722,27.632885,27.744347,880844
2019-12-16,TEX,28.199476,28.496702,27.363522,27.3821,755648.6
2019-12-17,TEX,27.911535,28.162321,27.614307,28.125168,956829.4
2019-12-18,TEX,28.115881,28.394253,27.911535,28.3388,660846.1
2019-12-19,TEX,28.301647,28.301647,27.902248,27.957977,641133.3
2019-12-20,TEX,28.208765,28.468838,27.976555,28.199476,1237685
2019-12-23,TEX,28.255205,28.496702,27.758278,28.487415,417654.78
2019-12-24,TEX,28.51528,28.51528,28.134457,28.329512,356590.22
2019-12-26,TEX,28.3388,28.51528,27.753633,28.180899,400290.06
2019-12-27,TEX,28.283072,28.329512,27.790787,27.939402,250483.28
2019-12-30,TEX,27.985842,28.085691,27.577156,27.642174,448583.8
2019-12-31,TEX,27.614307,28.041573,27.614307,27.660751,481076.06
2020-01-02,TEX,27.920824,28.022997,27.456406,28.022997,417294.12
2020-01-03,TEX,27.474983,27.59573,27.010565,27.279928,597725.25
2020-01-06,TEX,27.03843,27.112738,26.86195,27.09416,399342.62
2020-01-07,TEX,26.899103,27.066294,26.597233,26.796932,425081.28
2020-01-08,TEX,26.611164,26.982698,26.453262,26.769066,420731.75
2020-01-09,TEX,26.964123,26.964123,26.5833,26.759779,518865.28
2020-01-10,TEX,26.796932,26.834085,26.007421,26.07244,371486.28
2020-01-13,TEX,26.081728,26.341803,25.710194,26.323225,374418.97
2020-01-14,TEX,25.598732,26.313936,25.598732,25.942402,446729.88
2020-01-15,TEX,25.821653,26.128168,25.626598,26.06315,414614.44
2020-01-16,TEX,26.267496,26.611164,26.081728,26.267496,343262.78
2020-01-17,TEX,26.434685,26.546146,25.84023,26.01671,354201.22
2020-01-21,TEX,25.812366,25.906734,25.004278,25.115738,453884
2020-01-22,TEX,25.32937,25.32937,24.595589,24.855663,538834.4
2020-01-23,TEX,24.669895,25.217909,24.094019,24.892817,776737.4
2020-01-24,TEX,24.864952,24.948547,24.316938,24.502705,965596.25
2020-01-27,TEX,23.703907,24.08473,23.564583,23.68533,462250.38
2020-01-28,TEX,23.973269,24.168325,23.546005,23.871098,537067.6
2020-01-29,TEX,24.001135,24.493418,23.778214,23.796791,560990.06
2020-01-30,TEX,23.536716,24.159037,23.518139,24.056864,533330.7
2020-01-31,TEX,23.787502,23.833944,23.262709,23.546005,622422.8
2020-02-03,TEX,23.731771,24.08473,23.601734,23.657465,669655
2020-02-04,TEX,24.289074,24.428398,24.010424,24.066153,1036261
2020-02-05,TEX,24.660608,25.245775,24.660608,25.190046,716357.56
2020-02-06,TEX,25.357235,25.422255,24.725628,24.892817,325274.7
2020-02-07,TEX,24.400534,24.530571,23.694618,23.74106,458526.34
2020-02-10,TEX,23.657465,23.898962,23.490274,23.833944,606555.6
2020-02-11,TEX,24.075441,24.511993,24.066153,24.381958,645802.6
2020-02-12,TEX,24.781357,25.152891,24.767426,24.827799,893740.75
2020-02-13,TEX,24.669895,25.022856,24.456264,24.929972,756542.25
2020-02-14,TEX,25.914537,25.914537,23.40668,23.871098,1133041.2
2020-02-18,TEX,23.666752,23.871098,22.710052,22.867954,1030803.6
2020-02-19,TEX,22.737917,23.072298,22.384958,22.505707,1046558.8
2020-02-20,TEX,22.338516,23.258066,22.292076,22.988703,825290.6
2020-02-21,TEX,22.951548,23.425255,22.71934,23.388102,875254.2
2020-02-24,TEX,22.347805,22.412823,22.032,22.124884,987498.94
2020-02-25,TEX,22.338516,22.524284,21.13103,21.35395,1566140.1
2020-02-26,TEX,21.70691,21.70691,20.824514,21.000994,785403.06
2020-02-27,TEX,20.555151,21.567581,20.174328,20.564438,1482372.9
2020-02-28,TEX,19.77493,20.629457,19.76564,20.443691,1771913.6
2020-03-02,TEX,20.564438,20.889532,19.691334,20.880243,1317650.6
2020-03-03,TEX,20.889532,21.149607,19.496277,19.672756,1167381
2020-03-04,TEX,19.988562,19.988562,19.338375,19.76564,1005091.9
2020-03-05,TEX,18.980991,19.22386,18.261732,18.495258,1318042.8
2020-03-06,TEX,17.663906,18.719444,17.0941,17.60786,2417285.5
2020-03-09,TEX,16.281433,16.692438,14.91297,14.955005,1722572.8
2020-03-10,TEX,15.627559,16.328136,14.674773,16.281433,1474414
2020-03-11,TEX,15.674265,16.113293,14.945663,15.244576,1270952.8
2020-03-12,TEX,13.9741955,14.73082,13.544508,14.1610155,1416383
2020-03-13,TEX,15.151166,15.221412,13.577201,14.945663,1479377.1
2020-03-16,TEX,13.0027275,14.628068,12.918657,13.395051,1717505.9
2020-03-17,TEX,13.591213,14.0115595,12.666543,13.955513,1511348.9
2020-03-18,TEX,12.862612,14.245086,12.143352,12.236762,1365205.6
2020-03-19,TEX,12.040601,14.0862875,11.536184,13.628577,1276045.4
2020-03-20,TEX,13.84342,14.478611,13.0774555,13.292299,2417803.8
2020-03-23,TEX,13.460438,13.7126465,11.433433,11.648276,2087994.5
2020-03-24,TEX,12.227421,12.507652,11.566542,11.825756,1549775
2020-03-25,TEX,12.068624,13.170866,11.349362,12.460947,2544492
2020-03-26,TEX,12.591721,14.095629,11.993896,13.992877,2051785.5
2020-03-27,TEX,13.413733,13.516484,12.376878,12.442265,1327465.8
2020-03-30,TEX,12.39556,13.133502,11.311998,12.853271,1646381
2020-03-31,TEX,12.881293,13.619236,12.694473,13.413733,1723593
2020-04-01,TEX,12.75986,13.6566,12.386219,13.591213,2607248.2
2020-04-02,TEX,13.56319,13.871445,12.563698,12.881293,1733442
2020-04-03,TEX,12.713155,12.899976,11.853779,12.059282,1642134.1
2020-04-06,TEX,12.713155,13.796716,12.6664505,13.525825,1076470.1
2020-04-07,TEX,14.235744,14.403883,13.282959,13.413733,1253587.5
2020-04-08,TEX,13.488461,14.19838,13.105478,14.030242,1135478.5
2020-04-09,TEX,14.572022,15.655582,14.4599285,15.263259,1175748.1
2020-04-13,TEX,15.524809,15.524809,14.4599285,14.656091,1084897.5
2020-04-14,TEX,14.983028,15.230565,14.1236515,14.291791,840858.25
2020-04-15,TEX,13.497802,13.955513,13.0027275,13.3763685,960517.25
2020-04-16,TEX,13.367028,13.469779,12.619745,12.974705,899159
2020-04-17,TEX,13.395051,13.936831,13.133502,13.441756,1033027.44
2020-04-20,TEX,12.573039,13.0027275,12.367537,12.619745,1191374.9
2020-04-21,TEX,12.30215,12.367537,11.891143,12.021918,830527.44
2020-04-22,TEX,12.535675,12.554357,11.937848,11.984553,1017447.75
2020-04-23,TEX,12.03126,12.806659,12.03126,12.451606,741142.3
2020-04-24,TEX,11.6763,12.115329,11.547767,11.900484,2487579.8
2020-04-27,TEX,11.984553,12.923328,11.797733,12.713155,1425357.4
2020-04-28,TEX,13.133502,14.217063,13.133502,13.862103,1990684.2
2020-04-29,TEX,14.394542,15.132485,14.076946,14.908299,1777886.6
2020-04-30,TEX,14.758842,14.777524,13.964854,14.189039,2207693.2
2020-05-01,TEX,13.451097,14.399213,12.769201,12.815907,2097534.2
2020-05-04,TEX,12.376878,12.862612,12.068624,12.75986,1390955.5
2020-05-05,TEX,13.133502,13.92749,12.881293,12.918657,1239439.1
2020-05-06,TEX,13.11482,13.260353,12.39556,12.432924,1172162.9
2020-05-07,TEX,12.535675,13.0027275,12.101316,12.246102,1246414.8
2020-05-08,TEX,12.545016,13.628577,12.498311,13.553849,1264029.5
2020-05-11,TEX,13.282959,13.320323,12.292808,12.899976,1261847.8
2020-05-12,TEX,12.9279995,13.0774555,12.115329,12.124669,931675.75
2020-05-13,TEX,12.021918,12.110658,11.461456,11.657617,1142673.6
2020-05-14,TEX,11.255953,12.208738,10.77956,12.190057,1254026.4
2020-05-15,TEX,12.152693,13.222241,12.027056,12.881293,1806136.2
2020-05-18,TEX,13.525825,14.132993,13.404392,13.862103,1183855.4
2020-05-19,TEX,13.703305,13.862103,13.21757,13.21757,1140048.6
2020-05-20,TEX,13.581872,14.142334,13.56319,13.880785,794995
2020-05-21,TEX,13.880785,13.983537,13.38571,13.413733,720605
2020-05-22,TEX,13.441756,13.451097,12.900909,13.226912,622610.56
2020-05-26,TEX,13.964854,14.926981,13.899467,14.665432,1187314.2
2020-05-27,TEX,15.253918,16.038565,15.076437,16.019882,1391733.8
2020-05-28,TEX,16.253408,16.393524,15.183859,15.44074,1261200.1
2020-05-29,TEX,15.048415,15.506126,14.226403,14.684114,1074185.6
2020-06-01,TEX,14.684114,15.800369,14.4646,15.590196,1283341.1
2020-06-02,TEX,15.842402,16.244068,15.739653,16.244068,1550308.1
2020-06-03,TEX,16.729801,17.112783,16.552322,16.664415,1333224.1
2020-06-04,TEX,16.496275,17.818033,16.458912,17.813362,1375302
2020-06-05,TEX,19.578817,20.368137,18.892254,19.279905,1589531.9
2020-06-08,TEX,19.718935,20.540945,19.457386,20.22335,1567087.9
2020-06-09,TEX,19.40134,19.76564,18.840878,19.541454,1045443.56
2020-06-10,TEX,19.251883,19.251883,18.028206,18.22437,1420985.2
2020-06-11,TEX,17.140808,17.140808,16.374844,16.63639,1426562.9
2020-06-12,TEX,17.626543,17.934797,16.225388,16.580345,821786.5
2020-06-15,TEX,16.029224,17.327627,15.711628,17.196854,1545120.2
2020-06-16,TEX,18.364483,19.13979,17.87875,18.093596,1907982.5
2020-06-17,TEX,18.084253,18.378494,17.654564,18.009525,1239023.8
2020-06-18,TEX,17.747974,18.59801,17.589178,18.205687,1040590.8
2020-06-19,TEX,18.710104,18.8689,17.990843,18.635374,1947820.6
2020-06-22,TEX,18.448553,18.448553,17.374334,17.701271,1023100.25
2020-06-23,TEX,18.046888,18.23371,17.579836,18.009525,992132.6
2020-06-24,TEX,17.598518,17.598518,17.019373,17.196854,835124.4
2020-06-25,TEX,17.047398,17.551815,16.739143,17.542473,727647.06
2020-06-26,TEX,17.280924,17.421038,16.753155,16.991352,2209803.2
2020-06-29,TEX,17.449062,18.000183,16.953987,17.51445,1137784.5
2020-06-30,TEX,17.308947,17.635881,17.047398,17.533133,713739.6
2020-07-01,TEX,17.60786,17.822704,16.571005,16.589687,720500.1
2020-07-02,TEX,17.0941,17.86007,16.916624,17.010033,650618.2
2020-07-06,TEX,17.551815,17.701271,16.953987,17.308947,664056.7
2020-07-07,TEX,17.140808,17.243559,16.701778,16.72046,643478.7
2020-07-08,TEX,16.645733,16.90261,16.206705,16.8886,838998.7
2020-07-09,TEX,16.80453,16.80453,16.057247,16.244068,644253.75
2020-07-10,TEX,16.43089,16.813871,16.365501,16.62705,814697.3
2020-07-13,TEX,17.019373,17.301287,16.60837,16.953987,803239.3
2020-07-14,TEX,16.944645,17.486425,16.599028,17.467745,731630.56
2020-07-15,TEX,18.056229,18.308437,17.673246,17.9815,811070.3
2020-07-16,TEX,17.785341,18.569986,17.673246,18.22437,986023
2020-07-17,TEX,18.168324,18.476578,17.780668,17.906773,587114.5
2020-07-20,TEX,17.663906,17.87875,17.140808,17.383675,670229.44
2020-07-21,TEX,17.766659,18.555975,17.654564,18.383167,951825.5
2020-07-22,TEX,18.205687,19.102427,18.168324,19.074404,1366523.5
2020-07-23,TEX,18.906263,19.13045,18.551306,18.87824,709882.44
2020-07-24,TEX,18.840878,18.95764,18.31778,18.392508,571287.56
2020-07-27,TEX,19.093086,19.30793,18.523281,19.037039,961860.8
2020-07-28,TEX,18.8689,19.438704,18.364483,18.364483,693732.2
2020-07-29,TEX,18.355143,19.065062,18.187004,18.934288,782247
2020-07-30,TEX,18.495258,18.527952,17.897432,18.308437,1047227.1
2020-07-31,TEX,18.812853,18.915606,16.813871,17.60786,1223657.1
2020-08-03,TEX,17.663906,17.906773,17.402355,17.738634,904139.2
2020-08-04,TEX,17.635881,17.701271,17.196854,17.579836,603842.9
2020-08-05,TEX,17.822704,18.439213,17.654564,18.42987,674179.75
2020-08-06,TEX,18.22437,18.308437,17.804022,17.934797,455144.2
2020-08-07,TEX,17.841387,18.364483,17.682589,18.355143,481458.2
2020-08-10,TEX,18.485918,19.31727,18.485918,19.177155,759701.3
2020-08-11,TEX,19.522772,20.30742,19.420023,19.877733,1053715.6
2020-08-12,TEX,20.083235,20.083235,19.30793,19.550797,451945.4
2020-08-13,TEX,19.476068,19.644207,19.13045,19.363976,432478.62
2020-08-14,TEX,19.149132,19.76564,19.13512,19.578817,444212.88
2020-08-17,TEX,19.606842,19.812344,18.943628,19.055721,568257.94
2020-08-18,TEX,18.971651,19.074404,18.663397,18.728785,422288.12
2020-08-19,TEX,18.77549,19.102427,18.635374,18.784832,383389.88
2020-08-20,TEX,18.411188,18.784832,18.289755,18.635374,440061.28
2020-08-21,TEX,18.476578,18.971651,18.462564,18.532623,526228.4
2020-08-24,TEX,18.803513,18.873571,18.3458,18.672737,674159.44
2020-08-25,TEX,18.85956,18.985664,18.130959,18.289755,355925.06
2020-08-26,TEX,18.130959,18.710104,18.0609,18.59801,604962.6
2020-08-27,TEX,18.812853,19.037039,18.373825,18.663397,390535.75
2020-08-28,TEX,18.803513,18.990334,18.663397,18.77549,349653.8
2020-08-31,TEX,18.626034,18.812853,18.261732,18.280415,548752.6
2020-09-01,TEX,18.102934,18.51394,18.028206,18.42053,587249.44
2020-09-02,TEX,18.504599,18.794172,18.40185,18.588669,602831.2
2020-09-03,TEX,18.607351,18.934942,17.934797,18.093596,477274.5
2020-09-04,TEX,18.523281,19.009016,18.33646,18.962309,1066948.6
2020-09-08,TEX,18.794172,19.186497,18.467236,18.710104,1296028.1
2020-09-09,TEX,18.728785,18.831535,18.485918,18.51394,604121.2
2020-09-10,TEX,18.541964,18.606136,17.654564,17.850727,634417.6
2020-09-11,TEX,17.88809,18.22437,17.841387,18.130959,686305.8
2020-09-14,TEX,18.261732,18.607351,18.149641,18.392508,533720.06
2020-09-15,TEX,18.392508,18.626034,18.215027,18.467236,571667.6
2020-09-16,TEX,18.551306,19.756298,18.51394,19.560137,859010.4
2020-09-17,TEX,19.345293,20.811836,19.298588,20.251375,1001149.8
2020-09-18,TEX,20.316761,21.064043,20.036531,20.073895,1873607.2
2020-09-21,TEX,19.31727,19.68157,17.97216,18.037546,816961.5
2020-09-22,TEX,18.009525,18.130959,17.52379,17.86007,599406.5
2020-09-23,TEX,17.87875,18.280415,17.290264,17.290264,650207.06
2020-09-24,TEX,17.234219,17.533133,16.953987,17.06608,627482.6
2020-09-25,TEX,16.832554,17.411697,16.813871,17.234219,610191.2
2020-09-28,TEX,17.579836,18.289755,17.299606,17.785341,702523.5
2020-09-29,TEX,17.87875,18.261732,17.663906,18.084253,482992.28
2020-09-30,TEX,18.205687,18.700762,17.906773,18.084253,589982.5
2020-10-01,TEX,18.635374,19.289246,18.51394,18.990334,965190.2
2020-10-02,TEX,18.467236,20.391489,18.383167,20.167305,913567.5
2020-10-05,TEX,20.746449,22.698725,20.746449,22.45586,1653077.2
2020-10-06,TEX,22.848183,22.857523,21.437687,21.699234,1030014.9
2020-10-07,TEX,22.36245,23.081709,22.353107,22.754774,949383.6
2020-10-08,TEX,22.988298,23.296553,22.605316,23.287212,751421.7
2020-10-09,TEX,23.305895,23.567442,22.483883,22.866865,877310.25
2020-10-12,TEX,22.960276,23.436668,22.820814,23.231167,632198.4
2020-10-13,TEX,22.894888,22.952896,22.054195,22.119583,1032476.06
2020-10-14,TEX,22.054195,22.623997,21.773962,21.801987,593819.3
2020-10-15,TEX,21.39098,22.47454,21.269548,22.45586,646748.1
2020-10-16,TEX,22.577293,23.343258,22.55861,22.82016,682485.06
2020-10-19,TEX,23.380623,23.492714,22.81082,22.876205,570350.9
2020-10-20,TEX,23.165777,23.735582,22.960276,23.483374,727897.56
2020-10-21,TEX,23.399303,25.080692,23.399303,24.753756,1554091.5
2020-10-22,TEX,24.856506,25.06201,24.099882,25.052668,638791.9
2020-10-23,TEX,25.351582,25.631813,24.70705,25.043327,583472.5
2020-10-26,TEX,24.27736,24.687248,23.586124,24.053177,684515.9
2020-10-27,TEX,23.69822,24.034494,23.287212,23.315233,903102.9
2020-10-28,TEX,22.595976,23.3526,22.119583,22.698725,948100.06
2020-10-29,TEX,22.754774,23.221825,22.156946,23.119074,1033286.5
2020-10-30,TEX,22.99764,23.333916,22.754774,23.063028,701578.25
2020-11-02,TEX,23.3526,24.576275,23.338589,24.361431,716865.6
2020-11-03,TEX,25.099375,26.024137,24.79112,25.78127,721557.8
2020-11-04,TEX,24.688368,24.781778,22.885548,23.296553,937629.06
2020-11-05,TEX,23.595467,25.298525,23.595467,24.949917,466423.47
2020-11-06,TEX,25.192783,25.24883,24.501547,24.632322,375456.06
2020-11-09,TEX,26.154911,28.499512,26.154911,27.331882,1419695.2
2020-11-10,TEX,27.584091,28.191257,27.341223,27.415953,808203.4
2020-11-11,TEX,27.556067,27.738216,25.846657,26.50987,524320.6
2020-11-12,TEX,26.136229,26.799444,25.725224,26.126886,628464.3
2020-11-13,TEX,26.528553,27.13572,26.154911,26.911535,435696.7
2020-11-16,TEX,27.976414,28.676992,27.21979,28.10719,923061.06
2020-11-17,TEX,27.574749,27.85498,27.070332,27.574749,587732.25
2020-11-18,TEX,28.882494,29.844622,28.583582,28.686333,1161240.1
2020-11-19,TEX,28.340715,28.630285,27.808275,28.583582,583062.5
2020-11-20,TEX,28.499512,28.860916,28.247303,28.368738,1240400.5
2020-11-23,TEX,28.919857,30.09683,28.919857,30.031445,1058243
2020-11-24,TEX,30.7507,31.283144,30.423765,31.161709,810545.75
2020-11-25,TEX,30.825432,30.825432,29.377571,29.64846,666046.9
2020-11-27,TEX,29.74187,30.040783,29.424274,29.984735,178390.2
2020-11-30,TEX,29.732529,29.797916,28.70791,28.957222,461045.03
2020-12-01,TEX,29.517685,29.555048,28.957222,29.321524,945385.1
2020-12-02,TEX,29.10668,29.349546,28.891836,29.153383,640166.44
2020-12-03,TEX,29.358889,30.788065,29.316853,30.43311,843271.25
2020-12-04,TEX,31.068296,32.319996,30.83477,32.319996,536104.1
2020-12-07,TEX,32.18922,32.41341,31.40364,32.06779,825804.25
2020-12-08,TEX,31.946356,33.27278,31.937014,33.23542,1025913.6
2020-12-09,TEX,33.422237,33.823902,32.712322,33.34751,601076.56
2020-12-10,TEX,32.581547,32.97387,32.235928,32.534843,310621.75
2020-12-11,TEX,32.07713,33.076622,32.07713,33.057938,592964
2020-12-14,TEX,33.291466,33.356853,31.703487,31.834265,688170.75
2020-12-15,TEX,32.97387,34.33766,32.562866,34.31898,602325.9
2020-12-16,TEX,34.393707,34.487118,33.32883,33.4129,570804.75
2020-12-17,TEX,33.646427,33.665108,32.6843,33.655766,565719.7
2020-12-18,TEX,33.907974,34.215763,32.90848,33.02992,1443147.8
2020-12-21,TEX,32.656273,33.21674,32.217247,33.104645,578475.25
2020-12-22,TEX,32.955185,33.076622,32.352688,32.759026,448030.44
2020-12-23,TEX,32.955185,33.58104,32.534843,33.39422,654011.8
2020-12-24,TEX,33.749176,33.749176,33.043926,33.487625,215241.56
2020-12-28,TEX,33.627743,33.842587,32.693638,32.70298,472749.3
2020-12-29,TEX,32.86178,32.98723,31.647444,32.13318,407346.53
2020-12-30,TEX,32.301315,32.88513,32.291973,32.60957,280504.1
2020-12-31,TEX,32.646935,33.001896,32.117764,32.590885,376288.94
2021-01-04,TEX,32.98321,33.23542,31.72217,32.151855,647222.4
2021-01-05,TEX,32.25461,33.16069,32.1612,32.80573,526658.75
2021-01-06,TEX,34.094795,36.03773,33.31949,35.785522,1350066
2021-01-07,TEX,35.654747,36.252575,35.48661,35.963,422902.6
2021-01-08,TEX,36.3273,36.514126,34.758007,35.365177,502059.75
2021-01-11,TEX,34.33766,35.729477,34.33766,35.449245,503027.53
2021-01-12,TEX,35.552,36.57951,35.22506,36.40203,627159.3
2021-01-13,TEX,36.430054,36.710285,34.533825,34.711304,477736.97
2021-01-14,TEX,35.169014,35.673428,34.711304,35.290447,283736.1
2021-01-15,TEX,34.991535,35.41188,33.954678,35.03824,549458.1
2021-01-19,TEX,35.383858,36.11713,35.318474,35.916298,534927.6
2021-01-20,TEX,36.682262,36.990517,35.533318,35.83223,412924.06
2021-01-21,TEX,35.94432,36.289936,35.53341,35.83223,332697.44
2021-01-22,TEX,35.094284,36.280598,34.873837,36.224552,367015.9
2021-01-25,TEX,36.047073,36.047073,33.627743,34.832737,884294.5
2021-01-26,TEX,35.318474,35.318474,33.842587,33.94534,378830.44
2021-01-27,TEX,32.460114,34.21623,31.88097,32.62825,790213.94
2021-01-28,TEX,33.992043,35.327812,33.804756,34.543163,1101034.9
2021-01-29,TEX,34.6646,34.6646,32.98321,33.403557,573890.06
2021-02-01,TEX,33.926655,34.272274,33.282124,34.04809,625450.75
2021-02-02,TEX,34.524483,34.524483,33.721153,34.04809,754165.5
2021-02-03,TEX,33.992043,34.192875,33.282124,34.15084,369781.1
2021-02-04,TEX,34.30964,35.533318,34.281616,35.49595,494009.25
2021-02-05,TEX,35.77618,36.08444,35.262424,35.654747,410096.75
2021-02-08,TEX,36.000366,37.943302,35.77618,37.149315,1468000.4
2021-02-09,TEX,37.09327,37.345474,35.963,36.8037,476709.25
2021-02-10,TEX,36.953156,37.233383,36.168507,36.598194,600858.2
2021-02-11,TEX,36.73831,37.074585,35.608044,36.000366,879017.8
2021-02-12,TEX,36.49544,37.410862,35.187695,36.83172,943954.9
2021-02-16,TEX,37.597683,38.475742,37.009197,37.494934,997639.5
2021-02-17,TEX,37.345474,37.77516,36.27126,37.158653,792470.7
2021-02-18,TEX,36.878426,36.897106,35.290447,35.58936,689351.56
2021-02-19,TEX,36.093777,38.08342,36.093777,37.97133,954345.56
2021-02-22,TEX,37.560318,39.559208,37.28009,38.64388,817050.4
2021-02-23,TEX,38.35431,40.0824,37.686424,39.568645,889189
2021-02-24,TEX,39.867558,41.50224,39.568455,40.213177,821303.6
2021-02-25,TEX,40.213177,40.57645,38.186172,38.55981,610557.3
2021-02-26,TEX,38.43838,39.3538,37.429546,38.4664,574652.3
2021-03-01,TEX,39.41919,41.25003,39.26506,40.558792,611579.7
2021-03-02,TEX,40.6055,41.184643,40.09174,40.16647,594377.06
2021-03-03,TEX,40.16647,40.89507,39.80217,40.371975,754856
2021-03-04,TEX,40.175266,40.98083,38.98565,40.10033,828082.7
2021-03-05,TEX,40.934,41.102604,38.760845,41.027668,1216779.4
2021-03-08,TEX,41.215008,42.807407,40.67172,41.7864,760944.1
2021-03-09,TEX,42.245384,43.285126,41.383617,42.582596,872054.94
2021-03-10,TEX,42.779305,43.847153,42.282852,43.088417,468322.6
2021-03-11,TEX,43.575504,45.205368,42.620068,43.36943,741757.75
2021-03-12,TEX,43.31323,44.390438,42.92918,44.2593,517332.7
2021-03-15,TEX,44.2593,44.409172,42.751205,44.35297,580598.1
2021-03-16,TEX,44.221832,44.559044,43.4631,43.865887,632289.94
2021-03-17,TEX,44.174995,45.49575,43.78158,45.383347,635133.94
2021-03-18,TEX,45.32714,46.91954,43.762848,44.03449,1003519
2021-03-19,TEX,43.83778,44.877525,42.16108,43.884617,1249602.9
2021-03-22,TEX,43.87525,43.893986,42.329685,42.816772,399447.1
2021-03-23,TEX,41.945637,42.610703,39.58514,39.987926,572265.7
2021-03-24,TEX,40.915264,42.76994,40.465645,40.493748,798664.7
2021-03-25,TEX,39.94109,42.268803,39.27603,41.97374,643158.9
2021-03-26,TEX,42.76994,43.47247,42.245384,43.47247,1012123.6
2021-03-29,TEX,43.30386,44.128162,41.908173,41.96437,714051.06
2021-03-30,TEX,41.77703,43.678543,41.77703,43.238293,513837.47
2021-03-31,TEX,43.706642,44.18436,42.70437,43.153988,826021.2
2021-04-01,TEX,43.238293,43.856518,42.6388,43.341328,466799.16
2021-04-05,TEX,44.493477,44.96183,43.088417,43.59424,581879.2
2021-04-06,TEX,43.4069,44.390438,42.16108,42.348423,662972
2021-04-07,TEX,42.367157,42.76994,41.49602,41.664627,401424.25
2021-04-08,TEX,41.580322,41.781715,40.315773,41.32741,658176.44
2021-04-09,TEX,41.68336,41.97374,41.0745,41.795765,810999.44
2021-04-12,TEX,42.207916,42.966644,41.392982,42.891712,566966.25
2021-04-13,TEX,43.257027,43.481834,41.97374,42.507664,653958.44
2021-04-14,TEX,42.26412,43.4069,42.26412,42.535763,615756.44
2021-04-15,TEX,42.779305,42.97133,41.870705,42.882343,399407.6
2021-04-16,TEX,44.36234,44.587147,43.26639,43.847153,752318.2
2021-04-19,TEX,43.27576,43.893986,42.760574,43.416264,582420.44
2021-04-20,TEX,43.135254,43.27576,41.43982,42.03931,733278
2021-04-21,TEX,41.908173,43.96892,41.53349,43.800312,568769.4
2021-04-22,TEX,44.081326,44.240566,43.17272,43.257027,589229.44
2021-04-23,TEX,43.538036,44.755753,43.519302,44.2874,539072.75
2021-04-26,TEX,44.708916,45.364613,44.652714,44.73702,430088.56
2021-04-27,TEX,44.493477,44.835373,43.95131,44.324867,352960.75
2021-04-28,TEX,44.61525,46.076504,44.268665,45.570686,610878.7
2021-04-29,TEX,46.020306,46.020306,44.35297,45.14917,666720.25
2021-04-30,TEX,44.633984,45.097652,43.350697,44.01576,1072980.6
2021-05-03,TEX,45.036766,46.516758,44.48411,46.179543,1127558.1
2021-05-04,TEX,45.889168,47.771942,45.617523,47.54713,1237450.8
2021-05-05,TEX,48.043587,48.811684,47.284855,48.652443,1209098.1
2021-05-06,TEX,48.493206,50.572693,48.277763,50.544586,1189758
2021-05-07,TEX,49.81396,51.27522,48.736748,51.200283,986490.1
2021-05-10,TEX,51.51876,52.080784,50.113705,50.151173,931752.5
2021-05-11,TEX,48.924088,49.373707,47.37853,48.455738,1018620.9
2021-05-12,TEX,48.811684,50.460285,47.75321,47.93118,945246.6
2021-05-13,TEX,47.940548,50.020035,47.940548,49.570415,668739
2021-05-14,TEX,50.10434,51.190918,49.579784,51.134712,928958.7
2021-05-17,TEX,51.041042,51.97775,50.357246,51.949646,537838.6
2021-05-18,TEX,51.86534,52.062054,49.504845,49.532948,611944.1
2021-05-19,TEX,48.680546,48.98966,47.134983,48.521305,562988.5
2021-05-20,TEX,48.60561,48.70865,46.35752,46.994476,1087261.5
2021-05-21,TEX,47.62207,48.521305,47.32963,47.415993,427503.97
2021-05-24,TEX,47.762577,48.165356,47.060047,47.87498,450651.06
2021-05-25,TEX,48.05295,48.652443,47.11625,47.23802,564830.06
2021-05-26,TEX,47.17245,47.91245,46.451187,47.42536,526855.44
2021-05-27,TEX,48.437,49.29877,48.188774,48.905354,535770.75
2021-05-28,TEX,48.999027,49.40181,47.781307,49.055225,485956.75
2021-06-01,TEX,49.72029,50.816235,49.58447,50.69446,563940.75
2021-06-02,TEX,50.582058,50.582058,48.568142,48.89599,892692.2
2021-06-03,TEX,48.558,49.787907,48.435944,49.34664,558478.7
2021-06-04,TEX,49.459305,50.060177,48.73638,49.534412,502037.03
2021-06-07,TEX,49.459305,49.58136,48.154285,48.18245,741284.94
2021-06-08,TEX,48.248173,48.3092,46.990093,47.9759,684394.8
2021-06-09,TEX,47.78813,47.78813,46.39861,46.426777,511733.84
2021-06-10,TEX,46.717823,47.083984,44.549053,44.614773,694759.5
2021-06-11,TEX,45.065426,45.619354,44.313774,45.206257,711209.2
2021-06-14,TEX,44.990314,45.52547,43.47875,43.901234,649898.8
2021-06-15,TEX,43.85429,44.27678,43.223846,43.957565,678338.56
2021-06-16,TEX,43.704075,43.957565,42.49294,42.71827,862195
2021-06-17,TEX,42.643158,42.727654,38.91118,39.62941,1244232.6
2021-06-18,TEX,39.28203,39.713905,38.296223,38.418274,1466358.8
2021-06-21,TEX,39.037926,40.99076,38.94404,40.249058,914159.94
2021-06-22,TEX,39.657578,41.028316,39.432247,40.981373,814148.56
2021-06-23,TEX,41.234863,42.43661,41.103424,41.976566,1012598.2
2021-06-24,TEX,42.380276,44.727436,41.723072,43.66652,1036364.1
2021-06-25,TEX,44.154728,44.821323,43.760406,44.36128,3949999
2021-06-28,TEX,44.267395,44.333115,42.87656,43.675907,778297.75
2021-06-29,TEX,44.389442,44.924595,43.431053,43.65713,475936.3
2021-06-30,TEX,43.272198,44.840096,43.272198,44.708656,527999.25
2021-07-01,TEX,45.750797,45.750797,44.333115,44.455162,458428.94
2021-07-02,TEX,44.520885,44.56783,43.525692,44.154728,482624.2
2021-07-06,TEX,44.173504,44.173504,41.64327,42.21128,858295.56
2021-07-07,TEX,41.68552,42.896652,41.42733,42.549274,720531.06
2021-07-08,TEX,41.094036,42.267616,40.42275,41.732464,633663.25
2021-07-09,TEX,43.4318,44.248615,43.26281,44.060844,613770.06
2021-07-12,TEX,43.976345,44.76499,43.150143,44.63355,864411.5
2021-07-13,TEX,45.30953,45.347084,42.96237,43.272198,670880.6
2021-07-14,TEX,43.675907,44.290863,42.70888,42.887264,456879.22
2021-07-15,TEX,42.248837,43.11259,42.032898,42.389668,485616.1
2021-07-16,TEX,42.57744,42.60091,40.436832,40.896873,1374672.2
2021-07-19,TEX,39.497967,40.615215,39.21631,39.83596,1118415.5
2021-07-20,TEX,40.04251,42.314556,39.8829,41.854515,736623.94
2021-07-21,TEX,42.408443,43.459972,42.408443,43.018703,601363.56
2021-07-22,TEX,43.018703,43.018703,42.220673,42.248837,591893.56
2021-07-23,TEX,42.84032,43.093815,42.356808,42.999928,348931.62
2021-07-26,TEX,43.225254,44.154728,42.8591,44.107784,1113890.9
2021-07-27,TEX,44.032677,44.41761,42.971764,43.675907,852345.8
2021-07-28,TEX,43.732243,44.13595,42.56805,43.675907,683849.5
2021-07-29,TEX,44.29556,44.915207,43.38486,44.21106,624472.3
2021-07-30,TEX,44.258003,46.131035,43.74163,44.990314,782730.75
2021-08-02,TEX,45.459747,46.825794,44.708656,44.7556,1149280.5
2021-08-03,TEX,44.783768,47.872627,43.58202,47.62852,1386037.1
2021-08-04,TEX,46.943153,47.567497,45.65691,45.78835,1204906.2
2021-08-05,TEX,46.408,47.008778,46.098175,46.408,523042.22
2021-08-06,TEX,47.215424,47.85385,46.633324,47.83507,513482.78
2021-08-09,TEX,47.412582,47.552002,46.4526,46.990093,501853.8
2021-08-10,TEX,46.87743,48.351353,46.595867,48.126118,463324.25
2021-08-11,TEX,48.493134,49.93297,47.655586,49.914146,682523.8
2021-08-12,TEX,49.801216,50.64818,48.96367,50.582302,762980.44
2021-08-13,TEX,50.582302,50.582302,48.756634,49.217754,559211.5
2021-08-16,TEX,48.784866,49.42479,47.96614,48.229637,539798.44
2021-08-17,TEX,47.99437,47.99437,46.846268,47.213284,411955.12
2021-08-18,TEX,46.827446,47.984962,46.55454,46.56395,468063.84
2021-08-19,TEX,45.83933,46.29104,44.982204,45.660526,429457.62
2021-08-20,TEX,45.613476,46.44161,44.98296,45.85815,482075.6
2021-08-23,TEX,46.328682,46.949787,46.01813,46.88391,345577.22
2021-08-24,TEX,47.053303,48.493134,46.940376,48.173172,427083.72
2021-08-25,TEX,48.286102,49.067184,47.8438,48.57783,332807.66
2021-08-26,TEX,48.42726,48.770752,47.617943,47.749695,261214.39
2021-08-27,TEX,47.909676,49.29304,47.702637,49.12365,515391
2021-08-30,TEX,49.405968,49.405968,48.40844,49.12365,617593.2
2021-08-31,TEX,49.12365,49.405876,47.86262,48.041424,493800.6
2021-09-01,TEX,48.210815,48.210815,46.187527,46.88391,523491.4
2021-09-02,TEX,47.203876,47.702637,46.752163,47.514427,383592.62
2021-09-03,TEX,47.608532,47.646175,46.046364,46.13106,562498.25
2021-09-07,TEX,46.074596,46.26281,45.1994,45.265278,400458.6
2021-09-08,TEX,44.964138,46.29104,43.401966,44.032482,745350.44
2021-09-09,TEX,43.928967,44.28657,43.430202,43.59018,476128.1
2021-09-10,TEX,44.09836,44.333626,43.336094,43.514896,466321.12
2021-09-13,TEX,44.11718,44.11718,42.15976,43.232574,651089.25
2021-09-14,TEX,43.477253,43.759575,40.64464,40.98343,733365.06
2021-09-15,TEX,41.16223,42.677345,40.98343,42.59265,512841.78
2021-09-16,TEX,42.81851,42.950256,41.792744,42.489136,390517.75
2021-09-17,TEX,42.846737,42.940845,41.773922,42.235046,1187630.8
2021-09-20,TEX,40.249397,41.820976,39.83533,41.773922,608807.4
2021-09-21,TEX,42.216225,42.216225,39.58124,39.628292,1045925.5
2021-09-22,TEX,40.15529,40.917553,39.59065,39.600063,1208174.5
2021-09-23,TEX,40.061184,41.537903,39.844738,40.917553,775634.2
2021-09-24,TEX,40.757572,41.50638,40.72934,40.926964,546460
2021-09-27,TEX,40.945786,42.71499,40.945786,42.150352,536833.7
2021-09-28,TEX,42.140938,42.616177,41.3128,41.406906,991655.1
2021-09-29,TEX,41.689228,41.84921,40.33409,40.57877,743676.8
2021-09-30,TEX,40.964607,41.124588,39.571827,39.61888,658161
2021-10-01,TEX,39.86356,41.7551,39.86356,40.57877,1596381
2021-10-04,TEX,40.71993,41.275158,40.277626,40.851677,701815.75
2021-10-05,TEX,40.54113,41.378677,40.131763,41.265747,1003798.8
2021-10-06,TEX,40.616413,41.322212,39.59065,40.84227,716362
2021-10-07,TEX,41.124588,41.990368,41.124588,41.632767,441719.25
2021-10-08,TEX,41.171642,41.39279,39.553005,39.59065,646880.2
2021-10-11,TEX,39.891792,40.127056,38.762512,38.818977,471382.4
2021-10-12,TEX,38.546066,38.7531,37.71793,37.8685,829614.44
2021-10-13,TEX,37.896732,38.136703,36.654526,37.605,704888.9
2021-10-14,TEX,38.169643,39.15964,37.915554,38.90367,693987.4
2021-10-15,TEX,40.18352,41.143032,40.098827,40.74816,905077.75
2021-10-18,TEX,40.31527,41.369263,40.080006,41.021072,609002.94
2021-10-19,TEX,41.021072,41.773922,40.87991,41.70805,535392.8
2021-10-20,TEX,41.501015,43.609,41.19987,43.373737,1015415.4
2021-10-21,TEX,43.166702,43.30786,42.122116,42.978485,620153.06
2021-10-22,TEX,42.9879,43.524307,42.630295,42.809097,527293.44
2021-10-25,TEX,42.526775,44.107765,42.507954,43.8725,934341.4
2021-10-26,TEX,44.107765,44.107765,42.385616,42.41385,437402.88
2021-10-27,TEX,42.17858,42.31033,40.82345,41.124588,865208.1
2021-10-28,TEX,41.43514,43.684284,41.43514,43.30786,1174768.8
2021-10-29,TEX,42.73381,43.279633,40.97402,42.15976,1501065.6
2021-11-01,TEX,42.724403,44.615944,42.507954,44.060715,819998.75
2021-11-02,TEX,44.230106,44.230106,43.434902,43.900734,609861.5
2021-11-03,TEX,43.45843,44.192463,43.053772,44.02307,584231
2021-11-04,TEX,44.32421,44.512424,43.806625,44.47478,380728.84
2021-11-05,TEX,45.171173,46.648647,44.907673,45.660526,581180.25
2021-11-08,TEX,47.169964,48.537895,46.40581,47.830345,891554.6
2021-11-09,TEX,47.53789,48.00959,46.16053,46.820908,786483.5
2021-11-10,TEX,46.386944,46.924683,44.91524,45.273735,748886.5
2021-11-11,TEX,45.585052,46.669964,45.42468,46.462418,307947
2021-11-12,TEX,46.226566,46.528454,45.868073,46.396378,341109
2021-11-15,TEX,46.396378,46.481285,45.396374,45.537884,617265.7
2021-11-16,TEX,45.547318,46.2077,45.132225,45.735996,418629.72
2021-11-17,TEX,45.273735,45.273735,43.99156,44.622787,541491.8
2021-11-18,TEX,44.311466,44.622787,43.688824,44.3209,454051.62
2021-11-19,TEX,43.434105,44.2926,43.11335,43.66052,547081.2
2021-11-22,TEX,44.169956,45.46241,43.717125,44.69826,507387.47
2021-11-23,TEX,44.849205,45.273735,44.217125,44.839767,366988.8
2021-11-24,TEX,44.424675,45.754868,43.981274,45.02845,275495.22
2021-11-26,TEX,42.783157,43.386936,41.585045,42.35863,468087.06
2021-11-29,TEX,43.35863,43.53788,41.311455,41.669945,514855.16
2021-11-30,TEX,40.9907,41.330326,39.132202,39.981262,988336.5
2021-12-01,TEX,41.585045,41.585045,38.641636,38.66994,696542.8
2021-12-02,TEX,39.198242,41.311455,38.802013,40.89636,758176.3
2021-12-03,TEX,40.792587,41.169945,40.160507,40.500134,486633.8
2021-12-06,TEX,41.32089,42.141647,40.952965,41.52844,542216.9
2021-12-07,TEX,42.415234,43.632217,42.320892,43.339764,641041.4
2021-12-08,TEX,43.528442,44.231274,43.245426,43.651085,582846.5
2021-12-09,TEX,43.094482,43.77373,42.924667,43.12278,471536.28
2021-12-10,TEX,43.679386,44.000145,42.24542,42.443535,522919.62
2021-12-13,TEX,42.085045,42.4341,41.358627,41.585045,449360.1
2021-12-14,TEX,41.330326,42.4058,41.009567,41.13221,465059.7
2021-12-15,TEX,41.264286,41.69353,40.330322,41.471832,432948.16
2021-12-16,TEX,42.019005,42.35863,40.453907,40.651077,597833.8
2021-12-17,TEX,40.31145,40.839756,39.48126,39.64164,1301988.5
2021-12-20,TEX,38.688805,38.924652,37.47182,38.30201,557904.8
2021-12-21,TEX,38.632202,40.641644,38.632202,40.31145,527252.9
2021-12-22,TEX,40.245415,40.783154,40.009563,40.39636,329014.44
2021-12-23,TEX,40.82089,41.471832,40.688812,41.075607,263819.34
2021-12-27,TEX,41.349194,41.98127,40.924664,41.94353,279131
2021-12-28,TEX,41.52844,42.26429,41.52844,41.764286,311895.5
2021-12-29,TEX,41.802025,42.36806,39.98013,41.91523,378254.47
2021-12-30,TEX,42.085045,42.585045,41.405796,41.44353,235240.8
2021-12-31,TEX,41.30202,41.802025,40.9907,41.4624,209412.92
2022-01-03,TEX,41.924664,42.688156,41.471832,41.77372,381893.44
2022-01-04,TEX,42.330326,43.8775,42.330326,43.80203,492881.44
2022-01-05,TEX,43.57561,44.46241,42.35863,42.48127,420054.38
2022-01-06,TEX,42.783157,44.132217,42.783157,43.56618,430293.94
2022-01-07,TEX,43.36807,44.032597,42.802025,42.868065,485476.28
2022-01-10,TEX,43.00014,43.50014,42.547306,43.386936,504053.78
2022-01-11,TEX,43.64165,44.141655,42.57561,43.698257,334433.16
2022-01-12,TEX,44.047314,44.52845,43.269012,43.622787,375746.5
2022-01-13,TEX,43.858635,44.797318,43.80203,44.141655,372032.28
2022-01-14,TEX,43.386936,44.132217,43.386936,43.80203,570719.1
2022-01-18,TEX,43.434105,44.11807,43.04731,43.89637,908151
2022-01-19,TEX,43.764294,43.86807,41.235985,41.471832,643431.7
2022-01-20,TEX,41.500137,42.320892,39.981262,40.122772,588256.75
2022-01-21,TEX,40.037865,40.73598,39.075596,39.415222,773675.56
2022-01-24,TEX,38.67937,39.71711,37.443516,39.6039,1037949.7
2022-01-25,TEX,38.830315,40.32089,37.358612,39.820885,869563.94
2022-01-26,TEX,40.60391,42.037876,39.518997,40.11334,1141259
2022-01-27,TEX,40.745415,41.217113,38.391636,39.094467,637238.1
2022-01-28,TEX,38.990696,38.990696,37.01899,38.830315,824008.44
2022-01-31,TEX,38.29258,39.38692,37.61333,39.35862,549450.25
2022-02-01,TEX,39.566166,40.792587,38.90579,40.651077,433191.97
2022-02-02,TEX,40.330322,41.019,39.490696,39.92466,495331.1
2022-02-03,TEX,39.745415,40.481266,39.415222,39.537865,499965.38
2022-02-04,TEX,39.160503,39.68881,38.151066,38.65107,439227.6
2022-02-07,TEX,38.594467,40.037865,38.485973,39.566166,617419.4
2022-02-08,TEX,40.17938,40.651077,39.839752,40.575603,475081.97
2022-02-09,TEX,41.000134,41.95297,40.97655,41.65108,536819.4
2022-02-10,TEX,40.754852,42.820892,40.754852,41.396362,744024.3
2022-02-11,TEX,40.80202,41.339756,38.990696,40.132206,1607250.5
2022-02-14,TEX,40.462395,40.707684,39.339752,39.820885,965966.4
2022-02-15,TEX,40.207676,41.83976,40.207676,41.707684,857262.7
2022-02-16,TEX,41.537872,42.57561,41.4907,42.462402,636516.25
2022-02-17,TEX,41.74542,42.320892,39.943527,40.132206,609819.2
2022-02-18,TEX,39.81145,40.53315,39.302013,39.320885,628943.6
2022-02-22,TEX,39.0473,39.632202,38.35013,38.415222,538690.25
2022-02-23,TEX,38.754845,39.04258,37.075592,37.905785,831040.44
2022-02-24,TEX,36.792572,38.632202,36.698235,38.46239,679103.75
2022-02-25,TEX,38.490692,39.50013,37.990692,39.320885,655600.44
2022-02-28,TEX,38.735977,39.632202,38.443523,38.943523,719479
2022-03-01,TEX,38.943523,39.261356,35.679363,36.471817,1136397.9
2022-03-02,TEX,36.792572,38.566166,36.698235,37.679367,891556.75
2022-03-03,TEX,38.094463,38.377483,37.30201,38.05673,533556.7
2022-03-04,TEX,37.283142,37.877483,35.92465,36.103893,527110.8
2022-03-07,TEX,36.2171,36.320873,33.056713,33.07558,1379857.9
2022-03-08,TEX,33.530098,35.59436,33.530098,33.9278,1113733.8
2022-03-09,TEX,35.16825,36.200382,34.86524,35.982594,662382.6
2022-03-10,TEX,35.3671,36.119896,34.950462,35.887905,680765.56
2022-03-11,TEX,37.062073,37.440838,36.276234,36.380295,789658.7
2022-03-14,TEX,36.9011,37.26092,35.41445,35.670113,813136.06
2022-03-15,TEX,36.020473,36.35189,35.37657,35.99206,530075.5
2022-03-16,TEX,36.56968,37.507122,36.11516,37.09995,702926.06
2022-03-17,TEX,36.55074,37.72491,36.484455,37.72491,601852.1
2022-03-18,TEX,37.194637,37.431366,36.484455,37.26092,1322884.4
2022-03-21,TEX,37.450306,37.92376,37.11889,37.36508,511953.4
2022-03-22,TEX,37.791195,37.895355,36.408707,36.702244,525339.06
2022-03-23,TEX,36.370827,36.71645,35.63224,35.679585,554623.75
2022-03-24,TEX,35.90684,36.029938,35.158783,35.764805,645360.94
2022-03-25,TEX,36.171978,36.171978,35.36625,35.74587,529821
2022-03-28,TEX,35.4902,35.50914,34.287624,35.00728,520776.84
2022-03-29,TEX,35.41445,36.46552,35.41445,36.190914,583202
2022-03-30,TEX,36.190914,36.45605,34.922054,35.02622,467182.53
2022-03-31,TEX,34.817894,35.04989,33.757355,33.766823,937890.25
2022-04-01,TEX,34.12665,34.53382,32.829666,33.454346,863870.56
2022-04-04,TEX,33.539562,33.766823,32.791508,33.624786,482196.62
2022-04-05,TEX,33.549034,33.956207,32.10026,32.25177,777799.06
2022-04-06,TEX,31.721498,32.026592,30.708303,31.693092,1445503.2
2022-04-07,TEX,31.655214,32.01504,31.191227,31.664682,1311812.6
2022-04-08,TEX,31.020782,31.551054,30.405293,30.93556,1058491.9
2022-04-11,TEX,30.85981,32.12867,30.793526,31.418488,942260.25
2022-04-12,TEX,31.702559,32.49323,31.248043,31.532114,1049514.4
2022-04-13,TEX,31.503708,32.270706,31.503708,32.10026,715037.06
2022-04-14,TEX,32.3654,33.047173,32.34646,32.961952,1014478.25
2022-04-18,TEX,32.668407,33.364388,32.550045,33.009296,805775.3
2022-04-19,TEX,32.961952,34.316032,32.961952,34.306564,512238.56
2022-04-20,TEX,34.827362,35.59436,34.4486,34.477005,601885.9
2022-04-21,TEX,34.940994,35.348167,33.63426,33.994083,856394.7
2022-04-22,TEX,33.624786,33.799965,32.21389,32.308582,689264.8
2022-04-25,TEX,31.835127,32.65894,31.390081,32.535843,948455.1
2022-04-26,TEX,31.863535,32.355927,31.58893,31.920347,1031856.9
2022-04-27,TEX,31.958225,32.786774,31.626808,32.403275,1066557.1
2022-04-28,TEX,32.535843,32.914604,31.371141,32.668407,868299.7
2022-04-29,TEX,32.55478,34.372845,31.891941,32.194954,1523432.5
2022-05-02,TEX,31.816187,32.881462,31.077599,32.84832,1237521.5
2022-05-03,TEX,32.943012,33.47328,32.535843,32.61159,819901.25
2022-05-04,TEX,32.73469,34.77055,32.43168,34.66639,1130206.2
2022-05-05,TEX,33.994083,34.211872,32.194954,33.018764,942815.75
2022-05-06,TEX,32.980892,33.132397,31.967693,32.497963,917473.3
2022-05-09,TEX,31.749905,32.84832,31.517912,31.740437,776204.4
2022-05-10,TEX,32.14761,32.45062,30.348476,31.229103,661256.9
2022-05-11,TEX,31.266981,31.797253,30.32007,30.44317,743792.7
2022-05-12,TEX,30.32007,30.428963,29.269,30.282194,1072189.1
2022-05-13,TEX,31.617336,31.617336,30.68463,31.05866,1109371.1
2022-05-16,TEX,31.096537,31.390081,30.22538,30.84087,753507.44
2022-05-17,TEX,31.948757,32.52637,31.28592,32.516903,610950.1
2022-05-18,TEX,32.403275,33.028236,30.821932,31.181759,733628.06
2022-05-19,TEX,30.727243,31.361671,30.32007,30.670427,719426.06
2022-05-20,TEX,30.642021,31.041239,29.041742,30.007591,761473.3
2022-05-23,TEX,30.821932,31.664682,30.499983,31.238575,951062.56
2022-05-24,TEX,30.93556,31.049192,29.69511,30.793526,622187.7
2022-05-25,TEX,30.698833,32.2423,30.698833,32.176014,876009
2022-05-26,TEX,32.63053,33.302837,32.63053,33.122925,594856.7
2022-05-27,TEX,33.50169,33.937267,33.435406,33.71948,705036.1
2022-05-31,TEX,33.17974,33.889923,33.07558,33.511158,683708.8
2022-06-01,TEX,33.586914,33.691074,32.68261,33.27443,986379.5
2022-06-02,TEX,33.691074,34.808426,33.459076,34.808426,741798.8
2022-06-03,TEX,34.58036,34.81793,34.309532,34.599365,682318
2022-06-06,TEX,35.084003,35.606655,34.779915,35.065,950920.4
2022-06-07,TEX,34.589863,35.777702,34.466328,35.720684,453176
2022-06-08,TEX,35.4166,35.948753,35.084003,35.274055,648251.94
2022-06-09,TEX,34.836933,35.045994,33.725117,33.73462,519295.06
2022-06-10,TEX,32.82236,33.364014,32.081146,32.290207,764528.25
2022-06-13,TEX,31.083363,31.463472,29.638952,29.819502,998517.3
2022-06-14,TEX,29.971546,30.318396,29.539171,29.933535,718817.06
2022-06-15,TEX,30.40867,30.646238,29.724476,30.171103,816694.44
2022-06-16,TEX,29.315859,29.325361,26.86891,27.472334,898077.56
2022-06-17,TEX,27.405815,27.81443,26.921177,26.949684,1436946
2022-06-21,TEX,27.719404,27.852442,26.90217,27.03521,839532.1
2022-06-22,TEX,26.34151,27.03521,26.132452,26.959188,1027649
2022-06-23,TEX,26.86416,27.24902,25.98991,26.503056,727040
2022-06-24,TEX,26.892668,28.242052,26.892668,28.109015,1823277.9
2022-06-27,TEX,28.280064,28.384594,27.633879,27.719404,939929.8
2022-06-28,TEX,28.118517,28.432106,27.211008,27.272778,1546432.6
2022-06-29,TEX,27.092224,27.092224,26.198969,26.550571,656654.8
2022-06-30,TEX,25.942396,26.389025,25.315218,26.008917,893271.56
2022-07-01,TEX,25.932896,26.731121,25.628807,26.541067,671034.94
2022-07-05,TEX,25.657316,26.712116,25.42925,26.693111,729151
2022-07-06,TEX,26.740623,26.90217,25.913889,26.189466,547608
2022-07-07,TEX,26.892668,27.67189,26.731121,27.510345,666165.8
2022-07-08,TEX,27.472334,27.500841,26.6551,26.731121,464973.7
2022-07-11,TEX,26.351013,26.626593,26.056429,26.398527,415929.78
2022-07-12,TEX,25.98991,27.301285,25.98991,26.987694,706810
2022-07-13,TEX,26.607586,27.092224,26.379522,27.07322,872012.4
2022-07-14,TEX,26.293997,26.826149,25.833115,26.75963,870719
2022-07-15,TEX,27.481836,27.548355,26.541067,27.46283,793750.44
2022-07-18,TEX,27.766916,28.123268,27.24902,27.491339,1063700.9
2022-07-19,TEX,28.032993,29.087795,27.961721,29.087795,584840.56
2022-07-20,TEX,28.86923,29.543924,28.764702,29.477406,545279.2
2022-07-21,TEX,29.011772,29.781492,28.622162,29.762486,551579.5
2022-07-22,TEX,29.905025,30.000053,28.945251,29.334866,561675.56
2022-07-25,TEX,29.458399,30.199612,29.07829,30.114086,797432.56
2022-07-26,TEX,29.933535,30.294638,29.448896,29.848011,496315.28
2022-07-27,TEX,30.085579,30.41817,29.705471,30.237621,976816.1
2022-07-28,TEX,30.5132,31.206898,29.477406,31.197397,1121045.5
2022-07-29,TEX,31.301924,32.05264,31.121374,31.843578,542974.6
2022-08-01,TEX,31.339935,32.318714,30.646238,31.824575,753137.8
2022-08-02,TEX,31.463472,31.463472,30.57972,30.855299,1181416.8
2022-08-03,TEX,31.87209,33.11694,31.87209,32.461254,1449276.1
2022-08-04,TEX,32.736835,33.14545,31.938608,32.784348,1062965.2
2022-08-05,TEX,32.394737,32.931637,31.957613,32.413742,496845.66
2022-08-08,TEX,32.83186,33.820145,32.59429,33.791637,1116619.4
2022-08-09,TEX,33.63959,33.715614,32.413742,32.736835,665253.44
2022-08-10,TEX,33.73462,34.836933,33.55407,34.79892,657570.4
2022-08-11,TEX,35.25668,35.771652,35.02246,35.428337,662582.44
2022-08-12,TEX,35.695362,35.85748,35.127934,35.83841,504672.3
2022-08-15,TEX,35.323437,35.924236,35.11363,35.847946,496237.4
2022-08-16,TEX,35.66675,36.539345,35.590458,36.296165,558234.56
2022-08-17,TEX,35.533237,35.533237,34.72263,34.875217,364758.2
2022-08-18,TEX,34.770313,35.28529,34.574814,35.19946,480731.8
2022-08-19,TEX,34.789387,35.094555,34.28395,34.913364,646946.8
2022-08-22,TEX,34.636803,34.636803,33.892952,34.236267,756530.3
2022-08-23,TEX,34.398388,35.380653,34.369778,34.522366,543401.1
2022-08-24,TEX,34.236267,34.694023,33.97878,34.150436,495789.66
2022-08-25,TEX,34.159973,35.02303,34.159973,34.86568,311636.34
2022-08-26,TEX,34.817993,35.008728,33.206318,33.27307,425996.2
2022-08-29,TEX,32.767635,33.262962,32.595978,32.891613,377258.5
2022-08-30,TEX,33.025124,33.025124,32.042854,32.462467,337765.25
2022-08-31,TEX,32.491074,32.66273,31.661394,31.680468,452990.2
2022-09-01,TEX,31.384832,31.690002,30.908005,31.651855,423427.12
2022-09-02,TEX,32.11915,32.243126,31.194101,31.260857,527044.1
2022-09-06,TEX,31.632782,31.632782,30.879396,31.413443,493957.75
2022-09-07,TEX,31.184566,32.491074,30.936613,32.3671,570206.4
2022-09-08,TEX,31.94749,32.672268,31.842588,32.576904,621934.7
2022-09-09,TEX,33.015583,34.00262,32.910683,33.959705,329658.56
2022-09-12,TEX,34.255337,34.798923,33.997852,34.303024,471210.56
2022-09-13,TEX,32.99651,33.80712,32.19544,32.224052,649120.56
2022-09-14,TEX,32.433853,32.72949,31.580334,32.2622,705717.44
2022-09-15,TEX,32.023785,32.553062,31.685234,31.89027,513808.72
2022-09-16,TEX,31.070127,31.384832,30.459787,31.165493,1228163.5
2022-09-19,TEX,30.793568,32.128685,30.793568,31.976099,523876.28
2022-09-20,TEX,31.690002,31.699541,31.11638,31.27993,510619.94
2022-09-21,TEX,31.699541,31.699541,30.259518,30.269054,446212.06
2022-09-22,TEX,30.297665,30.326273,29.601496,29.696861,459790.3
2022-09-23,TEX,29.20096,29.210495,27.808622,28.428497,672555.6
2022-09-26,TEX,28.228231,28.724133,27.713255,28.027962,695067.94
2022-09-27,TEX,28.476181,28.714596,27.484379,27.98028,521934.28
2022-09-28,TEX,28.361742,29.162813,28.023195,28.89579,490502.66
2022-09-29,TEX,28.323597,28.495253,27.732328,28.44757,386053.06
2022-09-30,TEX,28.44757,29.067448,28.066109,28.361742,663510.44
2022-10-03,TEX,29.019766,29.973421,28.64784,29.553812,715124.44
2022-10-04,TEX,30.307201,31.566027,30.307201,31.556492,581412.75
2022-10-05,TEX,30.850784,31.432516,30.764956,31.260857,506963.5
2022-10-06,TEX,30.850784,31.432516,30.564688,30.679125,380824.78
2022-10-07,TEX,30.269054,30.373959,29.830374,30.164152,429172.38
2022-10-10,TEX,30.66959,30.803102,29.78269,30.14508,400749.16
2022-10-11,TEX,29.89713,30.5933,29.582422,30.164152,461375.8
2022-10-12,TEX,30.2023,30.574226,29.715935,30.307201,421537.56
2022-10-13,TEX,29.401228,31.661394,28.972082,31.546957,656778.44
2022-10-14,TEX,31.794907,32.10961,30.288128,30.412104,441794.3
2022-10-17,TEX,31.232248,31.661394,31.06059,31.42298,454049.25
2022-10-18,TEX,32.61505,33.36844,32.348026,32.634125,852861.6
2022-10-19,TEX,32.271732,32.66273,31.413443,31.794907,445720.28
2022-10-20,TEX,31.833054,32.3671,30.741116,30.91754,481638.88
2022-10-21,TEX,31.270395,32.87254,30.91754,32.72949,539137.56
2022-10-24,TEX,32.853466,33.33983,32.414783,32.548294,852909.9
2022-10-25,TEX,32.2622,33.344597,31.995173,33.206318,799631.8
2022-10-26,TEX,33.377975,34.694023,33.01082,33.87388,792356.6
2022-10-27,TEX,34.627266,35.800262,34.627266,34.961044,905839.9
2022-10-28,TEX,35.952847,36.620407,34.22673,36.591797,1300793.4
2022-10-31,TEX,36.620407,38.77567,36.353382,38.661232,1699710.6
2022-11-01,TEX,39.30972,39.33833,37.965065,39.071304,876207.56
2022-11-02,TEX,38.689842,39.17621,36.820675,37.00187,990806.5
2022-11-03,TEX,36.153114,37.965065,35.542774,37.764793,859123.9
2022-11-04,TEX,38.661232,40.47318,37.793407,40.435036,1184554.5
2022-11-07,TEX,40.520863,40.835567,40.00589,40.69252,794707.56
2022-11-08,TEX,41.007225,41.807915,40.034496,40.58762,657202.06
2022-11-09,TEX,39.89888,40.55892,39.707565,40.157158,560370.25
2022-11-10,TEX,41.869434,42.04162,40.855457,41.438972,841840.1
2022-11-11,TEX,41.745075,43.96434,41.50115,43.246906,807943.25
2022-11-14,TEX,42.845142,44.174786,42.46251,42.778183,1011660
2022-11-15,TEX,43.46692,44.452194,42.797314,43.23734,657028.25
2022-11-16,TEX,43.03646,43.418995,41.725945,42.012917,668629
2022-11-17,TEX,41.113735,42.529472,40.664143,42.299892,589746.8
2022-11-18,TEX,43.21821,43.285168,42.05118,42.749485,665125.9
2022-11-21,TEX,42.34772,43.352127,42.137276,42.95993,491939.84
2022-11-22,TEX,43.313866,43.945206,42.821228,43.112984,475385.03
2022-11-23,TEX,43.189514,43.811287,43.17038,43.29473,394449.66
2022-11-25,TEX,43.29473,43.94999,43.046024,43.77302,211744.3
2022-11-28,TEX,43.266037,43.476486,41.76421,42.452946,637859.94
2022-11-29,TEX,42.67296,43.14168,42.548603,42.701656,445936.3
2022-11-30,TEX,42.787746,43.935642,42.242496,43.91651,520130.97
2022-12-01,TEX,43.906944,44.289574,42.845142,43.323433,437441.44
2022-12-02,TEX,42.510338,44.442627,42.213802,44.040867,504552.53
2022-12-05,TEX,43.17038,43.23734,42.567734,42.92167,580056
2022-12-06,TEX,43.026894,43.21821,41.563328,42.39555,493799.62
2022-12-07,TEX,42.405117,43.199078,42.06075,42.739918,488634.3
2022-12-08,TEX,43.12255,43.266037,42.510338,42.835575,462840.3
2022-12-09,TEX,43.046024,43.323433,41.582462,41.630287,783863.7
2022-12-12,TEX,41.582462,42.012917,40.87459,42.012917,1148178.9
2022-12-13,TEX,43.71563,43.71563,40.582836,41.544197,1002204.4
2022-12-14,TEX,41.955524,43.098637,41.21896,41.333748,899984.9
2022-12-15,TEX,40.491962,40.520657,39.124054,39.47799,1051511.4
2022-12-16,TEX,38.85621,39.860615,38.74525,39.745827,1152022.8
2022-12-19,TEX,41.21896,41.57289,40.2289,40.769367,563833.6
2022-12-20,TEX,40.635445,41.4868,40.415432,41.17113,484704.7
2022-12-21,TEX,41.73551,41.984222,41.443756,41.745075,347413.28
2022-12-22,TEX,41.295483,41.438972,39.870186,40.702408,384365.8
2022-12-23,TEX,40.60675,41.257225,40.291077,41.19026,319460.5
2022-12-27,TEX,41.19983,41.73551,40.97025,41.132866,291118.88
2022-12-28,TEX,41.372013,41.391144,40.3963,40.425,339094.03
2022-12-29,TEX,40.836327,41.36245,40.711975,41.17113,304124.6
2022-12-30,TEX,40.807632,41.065907,40.520657,40.86503,295123.78
2023-01-03,TEX,41.23809,41.44854,39.92758,40.138023,510561.44
2023-01-04,TEX,40.616314,41.26679,40.348473,40.778934,515045.12
2023-01-05,TEX,40.597183,40.979816,39.87975,40.3963,395618.4
2023-01-06,TEX,41.113735,42.146843,40.97025,41.639854,465402.56
2023-01-09,TEX,41.80247,43.065155,41.49637,42.213802,763062.44
2023-01-10,TEX,42.213802,43.6965,42.213802,43.6678,597200.44
2023-01-11,TEX,44.0026,45.552258,43.79694,44.863525,1642152
2023-01-12,TEX,45.43747,45.64792,44.533504,44.69134,1076146.1
2023-01-13,TEX,44.385235,46.020985,44.072433,45.95402,714659.75
2023-01-17,TEX,46.03055,46.394047,44.318275,44.95918,927463
2023-01-18,TEX,46.11664,46.403614,45.16963,45.284416,1131090.9
2023-01-19,TEX,44.69134,45.03571,43.112984,43.524315,461356.9
2023-01-20,TEX,43.887814,44.911354,43.447784,44.901783,559284.06
2023-01-23,TEX,44.930485,45.877495,44.5909,45.753143,747615.75
2023-01-24,TEX,45.829666,47.274097,45.265285,47.006256,594124.9
2023-01-25,TEX,46.394047,46.676235,45.50443,46.403614,633913.6
2023-01-26,TEX,46.987125,47.52281,46.422745,47.484547,507841.3
2023-01-27,TEX,47.331493,48.355034,47.18801,48.125458,639478.25
2023-01-30,TEX,47.77152,48.661137,47.580303,48.18285,620862.94
2023-01-31,TEX,48.039364,48.99594,47.8337,48.756798,898672.9
2023-02-01,TEX,48.326336,50.172535,48.120674,49.4551,920922
2023-02-02,TEX,49.550755,50.22036,48.852455,50.210796,800478.1
2023-02-03,TEX,49.684677,51.05258,49.54119,50.507336,1069697
2023-02-06,TEX,50.229927,50.545597,49.364223,49.87599,1219009.5
2023-02-07,TEX,49.684677,50.196445,49.082035,50.009914,857578.5
2023-02-08,TEX,49.340313,49.971653,49.11073,49.225517,602649.06
2023-02-09,TEX,50.22036,50.440372,48.95768,49.23509,837282.2
2023-02-10,TEX,49.263783,52.315266,49.263783,51.961334,1811905
2023-02-13,TEX,52.430058,54.98412,51.961334,54.974556,1423201.9
2023-02-14,TEX,54.429306,54.68758,52.850952,54.161465,1336641.2
2023-02-15,TEX,53.49186,54.28582,52.879646,53.711872,815695.9
2023-02-16,TEX,52.98487,53.941452,52.659634,53.19532,609286.25
2023-02-17,TEX,53.482292,54.534527,53.090096,54.458004,1036294.7
2023-02-21,TEX,53.711872,53.9558,53.01357,53.44403,1254881
2023-02-22,TEX,53.558823,54.0945,53.10722,53.329243,1543434.5
2023-02-23,TEX,53.568386,55.366753,53.568386,55.07978,1546401.4
2023-02-24,TEX,54.161465,55.864174,53.979713,55.81634,1318707.5
2023-02-27,TEX,56.409424,56.5906,54.821503,55.16587,1400523.1
2023-02-28,TEX,55.471977,57.05033,55.271095,56.639,1375138.9
2023-03-01,TEX,56.409424,57.404263,56.332897,57.385136,821427.75
2023-03-02,TEX,56.68683,57.471226,56.51465,57.308605,713459.6
2023-03-03,TEX,57.318172,57.767765,56.71553,57.7008,770189.94
2023-03-06,TEX,57.3947,58.20779,56.59117,56.820755,722003.6
2023-03-07,TEX,56.76336,57.366,55.873737,56.02679,890194.75
2023-03-08,TEX,56.362453,57.254356,55.230793,56.77484,762471.06
2023-03-09,TEX,57.09132,57.685925,55.173252,55.240383,655571.9
2023-03-10,TEX,54.674553,54.88554,50.780876,51.049404,1602844.4
2023-03-13,TEX,49.86979,50.411644,48.354515,49.02584,1160440.1
2023-03-14,TEX,50.57948,51.52892,49.855408,50.67538,889186
2023-03-15,TEX,48.920345,49.428635,46.426857,47.60647,1283746.4
2023-03-16,TEX,46.86801,48.306564,46.119965,47.644833,1127580
2023-03-17,TEX,46.407677,46.407677,43.223682,43.453854,2378164.8
2023-03-20,TEX,44.518375,45.741146,44.2978,45.11298,1401945.5
2023-03-21,TEX,46.6858,47.673603,46.119965,47.261215,1404162.2
2023-03-22,TEX,47.117363,47.22286,45.362328,45.506184,1338978
2023-03-23,TEX,45.563725,46.824856,44.184635,44.700596,970520.94
2023-03-24,TEX,43.46344,44.134766,42.437275,44.115585,1025118.56
2023-03-27,TEX,44.403294,44.978718,43.655247,44.46084,880385.5
2023-03-28,TEX,44.336163,45.11298,44.04845,44.82527,849090.44
2023-03-29,TEX,45.496593,45.62127,44.959538,45.08421,702306.4
2023-03-30,TEX,45.65004,46.004883,45.204086,45.419872,528198.94
2023-03-31,TEX,46.014473,46.75293,45.899387,46.398087,853243.6
2023-04-03,TEX,46.359726,47.098183,45.35274,45.774715,1080946.6
2023-04-04,TEX,45.966522,45.966522,40.75906,42.30301,3403216.8
2023-04-05,TEX,41.69882,41.909805,40.69663,41.123398,1689953.9
2023-04-06,TEX,41.104218,41.209713,40.173954,40.576748,1462327
2023-04-10,TEX,40.65347,41.900215,40.59593,41.094624,1229576.2
2023-04-11,TEX,41.26725,42.187927,41.209713,41.554966,1103446.2
2023-04-12,TEX,42.29342,43.17573,42.101612,42.983925,1614170.4
2023-04-13,TEX,43.137367,43.703197,41.554966,42.677032,1076362.8
2023-04-14,TEX,42.8113,43.895008,42.600307,43.003105,692138.9
2023-04-17,TEX,43.242863,44.372223,43.242863,44.115585,1002051.6
2023-04-18,TEX,44.115585,44.681416,44.115585,44.249847,800179.8
2023-04-19,TEX,44.01009,44.393703,43.39631,43.895008,607224.25
2023-04-20,TEX,43.42508,44.086815,43.137367,43.473034,731721.4
2023-04-21,TEX,43.271633,43.41549,42.30301,43.36754,1115696.1
2023-04-24,TEX,43.36754,44.50879,43.36754,44.451244,887557.25
2023-04-25,TEX,43.827873,44.134766,42.648262,42.667442,814722.56
2023-04-26,TEX,42.27424,43.15655,42.159153,42.30301,687011.8
2023-04-27,TEX,42.178333,42.427685,40.758965,41.88103,910625.25
2023-04-28,TEX,41.612503,43.12778,41.612503,42.763348,1055842.1
2023-05-01,TEX,42.89761,44.2978,42.83048,44.115585,1819121.4
2023-05-02,TEX,46.32136,47.472206,43.875824,46.27341,3403517
2023-05-03,TEX,47.424255,49.09297,46.906376,47.644833,2019208
2023-05-04,TEX,47.36671,47.664013,43.731968,43.904594,1707323.5
2023-05-05,TEX,45.151344,46.15833,45.14866,45.908978,1224209.4
2023-05-08,TEX,46.599483,46.609074,44.48961,45.563725,1357540.4
2023-05-09,TEX,45.04585,45.947342,44.652645,45.534954,512335.1
2023-05-10,TEX,46.388496,46.618664,44.662235,45.71717,623642.9
2023-05-11,TEX,44.844448,45.487003,44.518375,44.969124,621227.94
2023-05-12,TEX,45.37192,45.67881,44.326572,44.940353,449504.2
2023-05-15,TEX,45.16093,45.995293,44.700596,45.563725,664999.06
2023-05-16,TEX,45.07462,45.386307,44.086815,44.115585,676692.06
2023-05-17,TEX,44.681416,46.589893,44.671825,46.062424,843319.06
2023-05-18,TEX,45.75553,46.84883,45.395893,46.714565,616384.56
2023-05-19,TEX,47.520157,47.664013,45.793896,46.465218,752343.2
2023-05-22,TEX,46.532352,47.011868,45.582905,46.580303,676599.25
2023-05-23,TEX,46.27341,47.35712,45.697994,46.004883,628440.44
2023-05-24,TEX,45.582905,45.702785,44.70069,45.266426,406808.12
2023-05-25,TEX,44.921173,46.09599,44.681416,45.966522,423141.22
2023-05-26,TEX,46.263824,46.465218,45.563824,46.25423,391728.38
2023-05-30,TEX,46.330956,46.637844,45.458233,45.908978,669169.94
2023-05-31,TEX,45.515774,45.889797,44.02927,44.470425,721778.06
2023-06-01,TEX,44.52797,46.13915,44.345753,45.73635,551451.5
2023-06-02,TEX,47.174904,49.975285,47.174904,49.783478,994891.25
2023-06-05,TEX,49.225624,49.62949,48.129158,49.03326,615288.6
2023-06-06,TEX,48.725483,52.755478,48.629303,52.274574,1211396.8
2023-06-07,TEX,52.640064,54.347282,52.322666,54.04431,804563.3
2023-06-08,TEX,53.707676,54.15973,52.774715,53.544167,812900.7
2023-06-09,TEX,53.649967,53.823093,52.12068,52.418846,841371.9
2023-06-12,TEX,52.428463,53.938515,52.130302,53.73653,745631.94
2023-06-13,TEX,53.938515,56.044884,53.928894,55.563976,984180.2
2023-06-14,TEX,55.689014,56.391136,54.095097,55.044598,851934.25
2023-06-15,TEX,54.46751,55.890995,54.284763,55.833282,701579.75
2023-06-16,TEX,56.602734,56.602734,54.861855,55.881374,1135514.1
2023-06-20,TEX,55.400467,55.660156,54.4098,55.28505,900222.2
2023-06-21,TEX,54.71758,56.17954,54.35209,55.169632,620234.44
2023-06-22,TEX,55.015743,55.265812,54.04431,54.736816,560020.1
2023-06-23,TEX,53.861565,53.861565,53.092117,53.649967,1424983.9
2023-06-26,TEX,53.79424,55.52387,53.79424,54.7272,684979.9
2023-06-27,TEX,54.68873,56.67006,54.400185,56.487316,580254.8
2023-06-28,TEX,56.381516,56.968224,55.69863,56.496937,429531.22
2023-06-29,TEX,56.920135,57.795383,56.64121,57.10288,527305.9
2023-06-30,TEX,57.949276,58.040936,56.942062,57.545315,640895.44
2023-07-03,TEX,57.391422,58.680252,57.391422,58.680252,355628.12
2023-07-05,TEX,58.045456,58.27629,56.72777,56.72777,594876.1
2023-07-06,TEX,56.044884,56.17954,54.57331,55.361996,664088.06
2023-07-07,TEX,55.18887,57.20868,55.121544,56.28534,595173.5
2023-07-10,TEX,56.150684,57.304863,56.131447,56.737392,587076.25
2023-07-11,TEX,57.054787,58.63697,56.51617,58.564835,734255.5
2023-07-12,TEX,60.219154,61.464703,59.654953,60.526936,951808.06
2023-07-13,TEX,60.507698,61.18097,59.805576,60.873188,682050
2023-07-14,TEX,60.892426,60.892426,58.64178,59.6613,666975.3
2023-07-17,TEX,59.26696,60.671207,59.26696,60.017174,498772.28
2023-07-18,TEX,60.036407,63.13345,60.036407,62.883377,1025449.1
2023-07-19,TEX,62.498657,63.075745,60.66159,61.07517,1032346.5
2023-07-20,TEX,61.54646,61.661877,59.466534,59.545887,813648.25
2023-07-21,TEX,59.98832,59.98832,58.805286,59.141926,624837.25
2023-07-24,TEX,59.10345,59.795284,58.584072,58.786053,524531.94
2023-07-25,TEX,58.39171,58.524727,56.64121,56.833572,1180808.8
2023-07-26,TEX,56.496937,57.0067,54.78491,55.49665,1264730.4
2023-07-27,TEX,55.727486,55.831264,54.4098,54.592545,858284.75
2023-07-28,TEX,55.208107,56.32381,54.76567,55.198486,660362.8
2023-07-31,TEX,55.54474,56.506554,55.438942,56.391136,603809.25
2023-08-01,TEX,57.20868,59.834427,57.179825,59.6613,2416769.5
2023-08-02,TEX,58.622543,62.460182,58.622543,61.306007,2025096
2023-08-03,TEX,62.065838,62.162018,59.834427,60.911663,1241447.2
2023-08-04,TEX,61.152115,61.267532,59.104412,60.35381,1184452.9
2023-08-07,TEX,60.902042,61.69073,60.02679,60.70006,948652.56
2023-08-08,TEX,59.805576,60.25763,58.516747,60.007557,711277.06
2023-08-09,TEX,60.59426,60.59426,58.69949,58.90147,745818.06
2023-08-10,TEX,59.488174,60.007557,57.276005,58.52636,1042416
2023-08-11,TEX,58.526363,58.83018,57.899433,58.526363,807489.2
2023-08-14,TEX,58.1695,58.719265,57.3786,58.622814,402399.84
2023-08-15,TEX,58.034462,58.376865,57.455757,57.8705,566822.5
2023-08-16,TEX,57.8705,59.89596,56.346573,56.385155,1019052.94
2023-08-17,TEX,56.732376,57.0796,54.774426,54.976974,767783.94
2023-08-18,TEX,54.147495,55.140938,53.8485,54.793716,864378.25
2023-08-21,TEX,54.976974,55.31455,53.37589,54.060688,836047.75
2023-08-22,TEX,54.47543,54.9191,53.81956,53.858143,1082978.8
2023-08-23,TEX,53.8485,54.870876,53.337307,54.465786,597226.56
2023-08-24,TEX,53.896725,54.919006,53.168518,53.21192,663694.6
2023-08-25,TEX,53.694176,54.94804,53.163696,54.282524,830198.1
2023-08-28,TEX,54.706913,55.782337,54.682796,55.642483,617408.9
2023-08-29,TEX,55.700356,57.127827,55.169876,57.06031,691481.9
2023-08-30,TEX,57.002438,58.806072,57.002438,58.545654,605033.7
2023-08-31,TEX,58.835007,59.31726,58.285236,58.458847,914861
2023-09-01,TEX,59.20152,60.657925,58.788227,60.64828,907074.6
2023-09-05,TEX,60.387863,60.943226,58.50505,58.661396,765997.56
2023-09-06,TEX,58.584236,59.780224,58.081436,59.056843,628328.44
2023-09-07,TEX,58.208073,58.651752,56.80954,57.475048,685285.94
2023-09-08,TEX,57.39789,57.53292,56.206722,56.770958,892930.6
2023-09-11,TEX,57.3786,57.61442,56.327286,56.90599,474404.4
2023-09-12,TEX,56.63593,57.422,55.854675,56.52983,877875.3
2023-09-13,TEX,56.192253,56.483246,54.35004,55.439938,1139510.1
2023-09-14,TEX,56.192253,57.291794,56.192253,57.089245,638222.6
2023-09-15,TEX,56.86741,57.04353,55.84503,56.394802,1295093
2023-09-18,TEX,56.500896,57.822273,56.250122,57.41718,830998.56
2023-09-19,TEX,57.23392,57.93801,56.279057,56.462315,578898.06
2023-09-20,TEX,56.992794,58.381687,56.18261,56.250122,419298.62
2023-09-21,TEX,55.72929,55.758224,54.687622,54.774426,559803.4
2023-09-22,TEX,54.813007,55.25668,54.620106,54.851585,491555.12
2023-09-25,TEX,54.19572,55.50745,54.022106,55.044487,516975.34
2023-09-26,TEX,54.321106,55.3241,54.22466,54.64904,553280.9
2023-09-27,TEX,55.208458,56.770958,55.005905,56.414093,570142.3
2023-09-28,TEX,54.031754,56.96386,53.916016,56.018642,693906.94
2023-09-29,TEX,56.645573,56.98315,55.140938,55.574966,631148.56
2023-10-02,TEX,55.449585,55.661774,53.62666,53.90637,825566.75
2023-10-03,TEX,53.47234,53.612194,51.93877,52.6718,776977.25
2023-10-04,TEX,52.51748,52.623573,50.62704,51.466164,1182073.9
2023-10-05,TEX,51.25397,51.543324,49.537148,50.482365,1331307.4
2023-10-06,TEX,50.231594,52.170254,49.74934,51.225037,820655.44
2023-10-09,TEX,50.762074,51.86161,50.202656,51.70729,613732.44
2023-10-10,TEX,52.39209,54.282524,52.39209,52.96115,837674.5
2023-10-11,TEX,53.028667,53.761696,52.305283,53.501278,781484.2
2023-10-12,TEX,53.877434,53.877434,52.729668,53.501278,1279901.9
2023-10-13,TEX,53.49163,53.732758,50.829586,51.15752,923721.44
2023-10-16,TEX,52.073803,52.744137,51.586727,52.083447,934446.06
2023-10-17,TEX,51.620483,52.990086,51.562614,52.305283,670674.4
2023-10-18,TEX,47.89748,49.074184,45.814144,47.347713,3281888.8
2023-10-19,TEX,47.251263,47.84926,45.751453,46.20959,1708683.1
2023-10-20,TEX,46.16137,46.817234,45.88166,45.968464,1962256.9
2023-10-23,TEX,45.553726,46.537525,45.418697,45.698402,1367648.1
2023-10-24,TEX,46.41214,46.41214,45.370472,46.064915,941125.1
2023-10-25,TEX,45.78521,45.910595,44.48312,44.80141,1228349.2
2023-10-26,TEX,45.534435,46.2964,44.95573,45.21615,1317551.1
2023-10-27,TEX,44.25164,44.825523,42.149014,42.255108,1934947.6
2023-10-30,TEX,42.978493,44.714603,42.65056,44.184128,2019197.8
2023-10-31,TEX,43.75974,44.45033,42.80488,44.17448,1358240.2
2023-11-01,TEX,43.92371,45.245083,43.335358,45.187214,1007657.5
2023-11-02,TEX,46.58575,47.4731,46.12761,47.299488,1307982.5
2023-11-03,TEX,48.505123,49.421406,48.379734,48.485832,1039760.9
2023-11-06,TEX,48.225414,48.317043,45.95882,46.238525,1135431.4
2023-11-07,TEX,45.447628,46.797943,45.274017,46.54717,693224.75
2023-11-08,TEX,46.76979,47.224712,45.93738,46.130966,649586.1
2023-11-09,TEX,46.876263,46.963375,45.782513,46.014816,935646.56
2023-11-10,TEX,46.392303,47.75707,46.014816,47.62156,801167.2
2023-11-13,TEX,47.29247,47.713898,46.934338,47.29247,669324.4
2023-11-14,TEX,49.37349,50.138145,49.083115,49.71226,1122707.9
2023-11-15,TEX,49.70258,50.380123,49.315414,49.60579,938804.9
2023-11-16,TEX,49.450924,49.905846,48.241028,48.376534,829293.5
2023-11-17,TEX,48.976643,49.886486,48.579796,49.73162,518764.06
2023-11-20,TEX,49.305733,49.475124,48.42493,48.473328,891132.44
2023-11-21,TEX,48.16359,48.30878,47.340862,47.466694,895702.06
2023-11-22,TEX,47.244072,48.279743,46.64396,47.96033,765039.06
2023-11-24,TEX,47.892574,48.71531,47.892574,48.33782,218333.61
2023-11-27,TEX,47.85386,48.366856,47.771587,48.23135,375206.44
2023-11-28,TEX,48.008724,48.260384,47.098885,47.27311,469379.72
2023-11-29,TEX,47.92161,48.565277,47.786102,47.979687,562612.8
2023-11-30,TEX,48.366856,48.531403,47.563484,47.911934,720370
2023-12-01,TEX,48.057125,50.08007,47.86354,49.86713,811254.8
2023-12-04,TEX,49.431564,50.447876,49.2525,50.254295,625135.7
2023-12-05,TEX,49.780014,49.9736,48.957287,49.208942,636097.4
2023-12-06,TEX,49.71226,50.55919,49.2767,49.305733,595254
2023-12-07,TEX,49.36381,49.82841,49.22346,49.509,600381.5
2023-12-08,TEX,49.470284,50.254295,49.17991,49.76066,688955.1
2023-12-11,TEX,49.6929,50.17686,49.315414,49.567074,742225.2
2023-12-12,TEX,49.4606,49.6929,49.005684,49.4606,912356.4
2023-12-13,TEX,49.4606,51.1835,48.686268,51.038307,1039449.75
2023-12-14,TEX,53.177406,56.68127,53.177406,56.516724,1660960.1
2023-12-15,TEX,56.31346,57.920204,56.052124,56.168274,1989925
2023-12-18,TEX,56.613518,56.647396,54.851902,55.490734,892828.9
2023-12-19,TEX,55.955334,57.40721,55.955334,57.26202,985435.9
2023-12-20,TEX,55.74239,57.232983,55.452015,55.539127,1013621.1
2023-12-21,TEX,56.274742,56.274742,55.006775,56.023087,639010.8
2023-12-22,TEX,56.052124,56.584476,55.664955,56.003727,421515.1
2023-12-26,TEX,56.168274,57.416885,55.926292,57.058758,450210.72
2023-12-27,TEX,56.961964,57.24266,56.54576,56.65223,447797.28
2023-12-28,TEX,56.265068,57.30074,56.265068,56.719986,447076.16
2023-12-29,TEX,56.507046,56.8313,55.316505,55.616558,579085.3
2024-01-02,TEX,55.26811,56.584476,55.006775,56.003727,675550.06
2024-01-03,TEX,54.75511,55.147118,53.86463,53.913025,766386.3
2024-01-04,TEX,54.30987,55.655277,53.77752,55.229393,1258811.4
2024-01-05,TEX,54.726078,56.17795,54.716396,55.558487,640404.56
2024-01-08,TEX,54.638966,55.413296,53.9862,55.384262,715955.4
2024-01-09,TEX,54.33891,55.074528,53.61297,54.997093,673271
2024-01-10,TEX,54.948696,54.948696,53.28388,54.232437,789528.75
2024-01-11,TEX,54.116287,55.093884,53.317753,55.02613,675409.56
2024-01-12,TEX,55.568165,55.853703,54.71156,55.345543,820679.1
2024-01-16,TEX,54.65832,55.064846,54.174362,54.987415,603034.6
2024-01-17,TEX,53.429066,54.42602,53.429066,53.796875,523358.47
2024-01-18,TEX,54.464737,55.171318,54.077568,54.80351,624689.4
2024-01-19,TEX,54.484097,54.919662,53.535538,54.900303,706671.56
2024-01-22,TEX,55.461693,56.952286,55.39394,56.081158,662904.4
2024-01-23,TEX,56.826458,56.826458,55.66012,56.119877,580778.6
2024-01-24,TEX,57.000683,57.024883,55.568165,55.829502,391724.34
2024-01-25,TEX,56.923252,60.815147,56.923252,60.18513,1155642.5
2024-01-26,TEX,60.494865,61.230484,59.465004,59.526947,685682.1
2024-01-29,TEX,59.24625,61.201447,58.965553,61.046577,818982.7
2024-01-30,TEX,60.514225,62.07257,60.291603,60.90139,832404.3
2024-01-31,TEX,60.76588,61.51118,59.40112,59.459194,647744
2024-02-01,TEX,60.291603,60.872353,59.294647,60.649734,445383.88
2024-02-02,TEX,59.923794,61.71444,59.846363,61.327274,578608
2024-02-05,TEX,61.02722,61.424065,59.962513,60.93043,591156.56
2024-02-06,TEX,60.998184,62.120968,60.84332,61.220806,949333.6
2024-02-07,TEX,61.54022,62.595245,60.852993,61.97578,725236.1
2024-02-08,TEX,62.004814,62.875942,61.628105,62.28551,939780.2
2024-02-09,TEX,58.55903,60.427113,54.317905,56.961964,2155483.5
2024-02-12,TEX,57.194267,58.2493,57.02972,57.30074,1244120
2024-02-13,TEX,54.26148,54.45496,52.91607,53.341953,1329049.8
2024-02-14,TEX,54.135647,54.82287,53.545216,54.493774,704280.8
2024-02-15,TEX,54.135647,55.15196,53.845272,55.045486,744038.3
2024-02-16,TEX,54.30987,55.006775,53.496822,53.535538,455587.22
2024-02-20,TEX,52.44179,53.380672,52.112698,52.90639,687015.94
2024-02-21,TEX,52.90639,53.709763,52.571007,53.496822,646519.75
2024-02-22,TEX,53.661366,53.89328,51.1351,51.39644,987453.6
2024-02-23,TEX,51.648098,52.407913,51.23189,52.151417,825628.94
2024-02-26,TEX,52.035263,52.838634,51.5997,52.412754,467638.84
2024-02-27,TEX,52.974144,53.825912,52.88703,53.806553,698623.3
2024-02-28,TEX,53.583935,55.093884,53.583935,54.82287,639176.1
2024-02-29,TEX,55.26811,55.974693,54.987415,55.510086,699786.6
2024-03-01,TEX,55.771427,56.071484,54.57121,54.87126,460005.97
2024-03-04,TEX,55.171318,56.236027,55.171318,55.316505,520813.8
2024-03-05,TEX,54.619606,54.81319,53.187088,54.503456,909546.2
2024-03-06,TEX,54.977734,56.09568,54.580887,55.39394,624297.8
2024-03-07,TEX,55.966713,57.374374,55.966713,57.335545,775418
2024-03-08,TEX,58.063644,59.461597,56.830727,56.859848,665345
2024-03-11,TEX,56.5589,57.073425,55.908463,56.733643,696125.75
2024-03-12,TEX,56.90839,57.000614,55.714302,56.32591,509175.1
2024-03-13,TEX,55.986126,57.073425,55.73372,56.21912,424295.75
2024-03-14,TEX,57.092842,57.189922,55.840508,56.64627,607422.75
2024-03-15,TEX,56.393864,58.05879,56.393864,57.34525,1478748.1
2024-03-18,TEX,56.966637,57.617073,56.86956,57.121967,691128.9
2024-03-19,TEX,56.42299,57.92773,55.898758,57.918022,574163.7
2024-03-20,TEX,57.655907,58.704372,56.99576,58.17043,534475.9
2024-03-21,TEX,58.607292,60.393566,58.481186,59.985832,592427.94
2024-03-22,TEX,59.8305,60.77218,59.50043,59.820793,535802.56
2024-03-25,TEX,59.704296,60.209114,59.69459,60.112034,290444.53
2024-03-26,TEX,60.597435,60.946922,59.7674,60.82072,672608.06
2024-03-27,TEX,61.1605,62.684658,61.05371,62.636116,657791.44
2024-03-28,TEX,62.558456,63.08269,61.94685,62.519623,650643.75
2024-04-01,TEX,62.48079,62.509914,60.995464,61.25758,453242.97
2024-04-02,TEX,60.888676,61.335243,60.247948,61.276997,627531.94
2024-04-03,TEX,61.74298,63.102104,61.74298,63.092392,644527.2
2024-04-04,TEX,63.102104,63.50984,62.082764,62.57787,718731.8
2024-04-05,TEX,62.742905,63.966118,62.621555,63.19918,566520.5
2024-04-08,TEX,63.577793,63.65546,62.723682,63.102104,528184.1
2024-04-09,TEX,63.354515,63.616627,62.393414,63.50984,561451.5
2024-04-10,TEX,61.65561,63.111717,61.02459,62.60699,966614.6
2024-04-11,TEX,62.519623,62.684658,61.534256,62.432247,824392.94
2024-04-12,TEX,61.69444,62.422546,61.199333,61.519695,843899.5
2024-04-15,TEX,62.228382,63.043858,60.345028,60.636265,943332.8
2024-04-16,TEX,59.985832,60.84499,59.345104,60.257656,548014.1
2024-04-17,TEX,60.645977,60.743053,58.636417,58.937363,923696.44
2024-04-18,TEX,59.315975,60.073204,57.918022,58.02481,890090.2
2024-04-19,TEX,57.83065,58.694664,57.335545,58.490795,933424.5
2024-04-22,TEX,58.733498,59.665466,58.053936,58.95678,635602.56
2024-04-23,TEX,59.30627,60.684807,59.184917,59.2189,764163.4
2024-04-24,TEX,59.06357,59.481014,57.820946,58.869408,1158386
2024-04-25,TEX,57.918022,58.510212,56.11233,58.151016,2015511.8
2024-04-26,TEX,59.64605,60.46152,54.685257,57.850067,2211919.5
2024-04-29,TEX,58.927658,58.927658,56.238537,57.228756,1259591
2024-04-30,TEX,56.5589,56.568607,53.908222,54.41343,1219060.6
2024-05-01,TEX,54.753212,55.015324,53.462044,54.15131,1067074.9
2024-05-02,TEX,54.36489,55.79197,53.636787,55.782257,799493.94
2024-05-03,TEX,56.597733,57.53941,55.772552,56.64627,628961.7
2024-05-06,TEX,57.500576,58.160725,56.95693,57.956856,760953.6
2024-05-07,TEX,58.18014,59.082985,58.005394,58.72379,810367.44
2024-05-08,TEX,58.02481,58.48109,57.65105,57.69474,833597.75
2024-05-09,TEX,57.96656,59.277145,57.248173,59.228603,461740.06
2024-05-10,TEX,59.587803,60.548893,59.451893,60.548893,538310.8
2024-05-13,TEX,60.713932,61.204185,60.04408,60.199406,495470.97
2024-05-14,TEX,61.05371,61.941998,60.815865,61.577946,571528.75
2024-05-15,TEX,62.616703,62.616703,61.014877,61.238167,830650.7
2024-05-16,TEX,60.73335,60.73335,58.500504,58.568462,609315
2024-05-17,TEX,58.617,59.558678,58.36459,59.374226,480175.34
2024-05-20,TEX,59.325687,60.189697,58.84514,60.14116,384722.28
2024-05-21,TEX,60.014954,60.412983,59.587803,60.33532,361681.53
2024-05-22,TEX,59.93729,60.442104,59.60722,60.053787,362833.16
2024-05-23,TEX,60.38386,60.38386,58.17043,58.76262,626605.9
2024-05-24,TEX,59.16065,59.422764,58.51992,59.189774,491800.8
2024-05-28,TEX,59.403347,59.64605,57.83065,58.092766,644544.7
2024-05-29,TEX,57.374374,57.63649,55.966713,56.452114,740013.2
2024-05-30,TEX,56.75306,58.28693,56.539486,57.549118,727083.7
2024-05-31,TEX,57.96656,58.063644,56.694813,57.92773,782424.56
2024-06-03,TEX,58.510212,58.636417,54.02996,55.617226,1442826.2
2024-06-04,TEX,55.044453,55.622074,53.957153,54.40372,1133211
2024-06-05,TEX,54.772625,56.403572,54.170727,55.79197,831307.9
2024-06-06,TEX,55.519337,56.259335,55.149338,55.548546,608389.7
2024-06-07,TEX,55.09092,55.86986,54.759865,55.16881,423665.1
2024-06-10,TEX,54.52618,56.00131,54.492104,55.032497,389108.62
2024-06-11,TEX,54.487232,54.974075,53.698555,54.28276,731350.8
2024-06-12,TEX,55.976967,57.009068,53.718025,53.786186,781925.9
2024-06-13,TEX,53.416183,53.64013,52.57882,53.318813,711575.4
2024-06-14,TEX,52.296448,52.320793,50.29067,51.49803,1251381.1
2024-06-17,TEX,51.332504,52.413292,50.64119,52.34513,831688.56
2024-06-18,TEX,52.432762,53.260395,51.62461,52.033554,879584.06
2024-06-20,TEX,51.829082,52.676186,51.488297,51.731716,898086
2024-06-21,TEX,51.69277,52.452236,50.967377,52.091976,1259138.2
2024-06-24,TEX,52.413292,53.985786,52.31592,52.510662,791427.94
2024-06-25,TEX,52.189342,52.715134,51.877865,52.306187,544024.75
2024-06-26,TEX,51.916714,52.48145,51.25461,51.819347,1185006.2
2024-06-27,TEX,51.293556,52.189342,51.176716,51.7804,654674.9
2024-06-28,TEX,52.179607,53.52329,51.950794,53.39671,3143328.8
2024-07-01,TEX,53.552498,53.854343,51.86803,52.169872,885761.6
2024-07-02,TEX,52.091976,52.724873,51.90698,51.975136,687627.1
2024-07-03,TEX,52.276974,53.085133,51.89724,52.773556,419489.2
2024-07-05,TEX,52.57882,52.968292,51.71711,52.062767,631356.1
2024-07-08,TEX,52.54961,53.24092,51.69277,51.790134,620437.8
2024-07-09,TEX,51.459084,51.65382,50.29067,50.319878,752478.9
2024-07-10,TEX,50.53409,51.06961,50.008297,50.73856,982852.94
2024-07-11,TEX,51.439613,53.221447,51.439613,52.88066,985925.8
2024-07-12,TEX,53.903027,54.151314,53.046185,53.1825,893530.1
2024-07-15,TEX,53.60118,55.12013,52.48145,54.22434,1662023.5
2024-07-16,TEX,54.545654,59.384853,54.273026,58.839592,1967326.5
2024-07-17,TEX,58.255383,59.044064,57.233017,57.632225,1079271.5
2024-07-18,TEX,57.194073,59.638012,56.113285,56.191177,1195819.9
2024-07-19,TEX,56.054863,56.054863,54.633286,54.974075,861427.2
2024-07-22,TEX,56.57091,61.84827,56.142494,61.001167,2851420.2
2024-07-23,TEX,61.001167,65.09063,60.563007,64.08774,2553328
2024-07-24,TEX,63.776157,64.73037,61.28353,61.41985,1408471.4
2024-07-25,TEX,61.556164,65.62615,61.546425,63.96116,1487520.9
2024-07-26,TEX,65.23668,66.29303,64.706024,65.003,1476334.5
2024-07-29,TEX,65.187996,65.38274,63.834576,64.51616,967106.5
2024-07-30,TEX,64.58431,65.314575,63.212395,63.97089,1566722.2
2024-07-31,TEX,61.001167,62.773266,58.216434,61.595108,2506673
2024-08-01,TEX,61.604847,62.13064,56.424862,57.184334,1221478.1
2024-08-02,TEX,54.808548,55.11039,52.79303,52.958553,1664324
2024-08-05,TEX,49.521458,52.802765,48.81067,52.646976,1930998.4
2024-08-06,TEX,53.055923,54.52618,52.4279,53.64013,980633.5
2024-08-07,TEX,54.74039,55.149338,51.73181,51.926453,732447.7
2024-08-08,TEX,52.890396,53.883553,52.10171,53.591446,521528.7
2024-08-09,TEX,53.542614,53.542614,52.175232,52.78079,524874.4
2024-08-12,TEX,53.09333,53.09333,51.765022,51.989662,505739.47
2024-08-13,TEX,52.48778,52.78079,51.286438,52.048264,901218.75
2024-08-14,TEX,52.29244,52.29244,51.130165,51.462242,497200.5
2024-08-15,TEX,53.58168,54.206768,52.50731,53.26914,747467.06
2024-08-16,TEX,53.20077,54.148163,52.761253,52.888226,525724.1
2024-08-19,TEX,53.1324,53.84539,52.800323,53.34727,541129.1
2024-08-20,TEX,53.1617,53.34727,52.29244,52.468246,625021.94
2024-08-21,TEX,52.89799,53.396107,52.449,52.93706,735058.94
2024-08-22,TEX,52.78079,53.191,52.28267,52.40964,438287.75
2024-08-23,TEX,52.74172,54.831856,52.736835,54.24584,617460.75
2024-08-26,TEX,54.75372,55.515545,54.304436,55.027195,668714
2024-08-27,TEX,54.402107,54.59745,53.078682,53.80632,445264.3
2024-08-28,TEX,53.708652,54.607216,53.57191,54.118866,546227.94
2024-08-29,TEX,55.095562,55.632748,53.87469,54.97836,450640.6
2024-08-30,TEX,55.134632,55.54484,53.87469,55.447174,503209.53
2024-09-03,TEX,54.568146,54.763485,51.760136,51.87246,666984.75
2024-09-04,TEX,51.51108,52.22407,50.221836,50.67112,999168.1
2024-09-05,TEX,50.553913,50.856693,48.991196,49.27444,796236.5
2024-09-06,TEX,49.293976,50.094868,48.27821,48.649353,891510.5
2024-09-09,TEX,48.903294,50.260906,48.766556,49.293976,838068.25
2024-09-10,TEX,49.430714,49.840923,48.424713,48.747025,671709.8
2024-09-11,TEX,48.571217,49.37211,46.988968,49.04003,696274.25
2024-09-12,TEX,49.420944,49.909294,48.56145,49.518616,580082.8
2024-09-13,TEX,50.44648,50.915295,49.909294,50.221836,471296.9
2024-09-16,TEX,50.50508,52.165466,50.50508,51.891994,841984.5
2024-09-17,TEX,52.751484,54.197002,52.609867,54.197002,954559.6
2024-09-18,TEX,54.29467,56.863388,53.52796,54.54861,1703772.4
2024-09-19,TEX,53.52308,53.84539,50.89576,52.575684,1930229.2
2024-09-20,TEX,51.970127,51.979897,50.39764,50.651585,1819081.2
2024-09-23,TEX,50.690655,51.286438,50.01673,51.266907,984695.9
2024-09-24,TEX,51.979897,52.917526,51.56968,52.038494,884896.4
2024-09-25,TEX,52.165466,52.419407,50.38788,50.61252,792075.56
2024-09-26,TEX,52.165466,52.44871,50.592983,50.856693,1278634.1
2024-09-27,TEX,51.540382,52.536613,50.92506,51.51108,846009.25
2024-09-30,TEX,51.0618,52.028732,50.710186,51.67712,567200.6
2024-10-01,TEX,51.1204,51.559917,50.055798,50.553913,546276.06
2024-10-02,TEX,50.553913,51.1497,49.704185,50.40741,793027.75
2024-10-03,TEX,49.850693,50.256023,49.196304,49.704185,523531.06
2024-10-04,TEX,51.266907,51.266907,49.655354,50.30974,637479.2
2024-10-07,TEX,49.89953,50.944595,49.577213,50.93483,730404.5
2024-10-08,TEX,50.524612,52.116634,49.206074,51.774788,1505144.1
2024-10-09,TEX,51.491547,53.25937,51.262024,52.263138,845542.4
2024-10-10,TEX,51.266907,52.32174,51.0618,51.87246,847259.4
2024-10-11,TEX,51.852924,54.226303,51.852924,54.187233,867267.6
2024-10-14,TEX,53.777023,54.32397,53.391224,54.09933,664267.44
2024-10-15,TEX,53.913757,55.42764,53.74772,54.431408,679133.8
2024-10-16,TEX,54.919758,56.14063,54.636513,54.656048,477459.5
2024-10-17,TEX,54.714653,55.24207,54.021194,55.03696,399609.5
2024-10-18,TEX,55.398342,55.398342,54.50466,54.831856,316294.12
2024-10-21,TEX,54.958824,54.958824,52.63428,52.67335,578023.8
2024-10-22,TEX,52.526844,53.742836,52.35104,52.761253,505439.5
2024-10-23,TEX,52.595215,52.917526,51.305973,51.657585,612860.56
2024-10-24,TEX,51.667355,52.009197,50.86646,51.716187,617702.4
2024-10-25,TEX,51.83339,52.590332,51.41341,52.51708,673244.6
2024-10-28,TEX,53.0445,54.382572,53.0445,54.167698,878966.2
2024-10-29,TEX,54.09933,54.58768,52.829624,52.99566,1419607
2024-10-30,TEX,51.032497,51.813854,49.870228,50.329273,1910216.9
2024-10-31,TEX,50.339043,50.93483,49.137703,50.50508,934553.5
2024-11-01,TEX,50.98366,51.64782,50.065563,50.21207,607121.8
2024-11-04,TEX,49.713955,50.915295,49.5528,50.0265,521667.62
2024-11-05,TEX,49.66512,51.32551,49.0791,51.110634,738559.56
2024-11-06,TEX,54.929527,57.293137,54.538845,57.2443,1199384.4
2024-11-07,TEX,56.814552,56.93176,54.988125,55.027195,732565.9
2024-11-08,TEX,54.7333,55.15455,53.83202,54.59615,959493.3
2024-11-11,TEX,55.18394,55.37987,54.282658,54.449203,566691.6
2024-11-12,TEX,54.184696,54.390423,52.05884,52.14701,742125.9
2024-11-13,TEX,52.636837,52.77399,50.51099,50.550175,633562.1
2024-11-14,TEX,50.942036,51.960876,50.726513,51.50044,598639.56
2024-11-15,TEX,52.15681,52.215588,50.697124,50.922443,485203.7
2024-11-18,TEX,51.09878,51.960876,50.873463,51.206543,586017.8
2024-11-19,TEX,50.30526,51.030205,50.30526,50.354244,549277.3
2024-11-20,TEX,50.58936,51.118374,50.207294,51.07919,537627.25
2024-11-21,TEX,51.676777,52.29396,50.90775,51.813927,571301.4
2024-11-22,TEX,51.706165,53.038498,51.343697,52.705414,490564.75
2024-11-25,TEX,53.391174,55.487633,53.38138,54.88025,754324.06
2024-11-26,TEX,53.82222,54.267963,52.99931,53.19524,710312.6
2024-11-27,TEX,53.420563,54.439404,52.803383,53.16585,471232.44
2024-11-29,TEX,53.79283,54.400215,53.36668,53.675274,340612.94
2024-12-02,TEX,53.391174,54.55696,52.86216,54.11612,532483.6
2024-12-03,TEX,54.214085,54.772488,53.498936,54.037746,860855.5
2024-12-04,TEX,54.008358,54.68432,53.557713,54.50798,615557.8
2024-12-05,TEX,54.7431,54.7431,51.872707,52.06864,657546.06
2024-12-06,TEX,52.842564,52.842564,51.22614,51.86291,525565.9
2024-12-09,TEX,52.568264,53.498936,51.392677,51.47105,625976.75
2024-12-10,TEX,50.804886,51.23593,49.51174,49.59011,745314.75
2024-12-11,TEX,50.099533,50.530582,49.609707,49.64889,598161.9
2024-12-12,TEX,49.208046,50.089737,48.97293,49.609707,731359.9
2024-12-13,TEX,49.286423,49.942787,48.414528,48.54188,811041
2024-12-16,TEX,48.80639,49.247234,46.945045,47.16057,1068290.9
2024-12-17,TEX,47.836533,47.836533,45.9458,46.327866,1181241.9
2024-12-18,TEX,46.925453,47.317314,44.29998,44.848583,1354202.9
2024-12-19,TEX,45.044518,45.534344,44.001675,44.280388,858029
2024-12-20,TEX,43.790558,45.186565,43.692593,44.15303,2721166.2
2024-12-23,TEX,43.976692,44.47632,43.523895,44.368557,830437.6
2024-12-24,TEX,44.231403,44.451824,43.878727,44.37835,296103.34
2024-12-26,TEX,43.859135,45.00533,43.859135,44.86818,446232.8
2024-12-27,TEX,44.47632,45.137585,43.937504,44.309776,452754.5
2024-12-30,TEX,43.9571,44.69184,43.64361,44.29018,555346.75
2024-12-31,TEX,44.446926,45.28943,44.446926,45.279636,804258
2025-01-02,TEX,45.553936,45.681293,43.148884,43.61422,650935.56
2025-01-03,TEX,43.86893,44.819195,43.33992,44.819195,871928.8
2025-01-06,TEX,45.43638,45.84783,44.172623,44.26079,555490.7
2025-01-07,TEX,44.280388,44.877975,43.976692,44.83879,606656.7
2025-01-08,TEX,43.9571,44.18242,43.43788,44.01588,718714.56
2025-01-10,TEX,43.27134,43.9571,42.899075,43.095005,584343.75
2025-01-13,TEX,42.65416,43.986492,42.61497,43.976692,694917.44
2025-01-14,TEX,44.799603,45.03276,43.653408,44.92696,777593.5
2025-01-15,TEX,46.386642,46.494404,45.612717,45.936,523386.53
2025-01-16,TEX,46.102543,46.660946,45.769463,46.484608,571073.75
2025-01-17,TEX,47.209553,47.248737,45.896812,46.24949,713775.06
2025-01-21,TEX,47.02342,47.90511,46.494404,47.885517,655046.2
2025-01-22,TEX,47.856125,47.97858,47.312416,47.630802,460356.16
2025-01-23,TEX,47.53284,48.35575,47.53284,47.90511,505175
2025-01-24,TEX,47.66999,48.365543,47.22425,47.84633,504224.7
2025-01-27,TEX,47.6504,47.914906,46.62176,47.59162,696847.7
2025-01-28,TEX,47.356503,47.356503,45.6519,46.16132,630708.06
2025-01-29,TEX,46.092747,46.88627,45.867424,46.494404,670822.2
2025-01-30,TEX,47.033215,49.227642,46.871574,47.973686,1012545.7
2025-01-31,TEX,47.787548,47.826736,46.533592,47.111588,962666.9
2025-02-03,TEX,45.789055,46.043762,44.084454,45.054314,946016.1
2025-02-04,TEX,45.240448,46.602165,45.176773,46.406235,674062.1
2025-02-05,TEX,46.553185,47.13118,46.376846,47.013622,1522003.9
2025-02-06,TEX,46.092747,48.982727,44.593876,45.57353,1625786.4
2025-02-07,TEX,45.6519,45.769463,42.987244,43.839542,1924522.2
2025-02-10,TEX,43.9571,44.059963,42.350464,43.682796,1369166.2
2025-02-11,TEX,43.33992,44.809402,42.64436,44.642857,858934.44
2025-02-12,TEX,43.712185,44.123642,43.183174,43.966896,974959
2025-02-13,TEX,44.13344,44.18115,43.310528,44.01588,889219.56
2025-02-14,TEX,44.574284,44.82899,44.130203,44.593876,726381.56
2025-02-18,TEX,44.819195,46.84708,44.417538,46.592373,985794.44
2025-02-19,TEX,45.553936,46.670742,45.553936,46.239697,660417.5
2025-02-20,TEX,46.229897,46.445126,44.37345,44.642857,748899.7
2025-02-21,TEX,45.240448,45.397194,42.13494,42.301483,895257.44
2025-02-24,TEX,42.291687,42.918667,41.018135,41.057323,1018978.56
2025-02-25,TEX,41.135696,42.095757,40.832,41.390404,856719.3
2025-02-26,TEX,41.723488,42.55619,41.361015,41.556946,660904.4
2025-02-27,TEX,41.145493,41.860638,40.400955,40.508713,693225
2025-02-28,TEX,40.35197,41.116104,39.313538,39.87194,1618286.8
2025-03-03,TEX,40.234413,40.489124,37.40321,37.510975,1347345.4
2025-03-04,TEX,36.472538,37.677513,35.414513,36.883995,2222689.5
2025-03-05,TEX,37.29545,38.471035,37.021145,38.275105,1820964.4
2025-03-06,TEX,37.912632,40.273598,37.618736,39.578045,1225924
2025-03-07,TEX,39.459988,40.561836,39.22791,40.306053,955773
2025-03-10,TEX,40.306053,41.46693,39.469826,39.9814,1359221.1
2025-03-11,TEX,39.83383,40.25686,38.367977,39.725613,1246008.5
2025-03-12,TEX,39.922375,40.21751,38.510628,38.928738,927568.94
2025-03-13,TEX,38.613926,39.391125,37.787537,38.525383,764819.44
2025-03-14,TEX,39.135334,40.04043,38.800846,39.65675,879246.8
2025-03-17,TEX,39.007446,39.587883,38.05316,38.96809,1106529.1
2025-03-18,TEX,38.54506,39.273064,38.131863,38.997604,773680.06
2025-03-19,TEX,38.87955,39.292744,38.24008,38.97793,912573.94
2025-03-20,TEX,38.3483,39.18453,38.318787,38.446682,777228.56
2025-03-21,TEX,37.76786,38.59425,37.364506,38.45652,4023271
2025-03-24,TEX,39.25339,40.35524,38.8402,40.21751,1018733.3
2025-03-25,TEX,40.187996,40.65038,39.341934,39.79448,1100217.9
2025-03-26,TEX,39.942047,40.670055,39.322258,39.73545,684799.7
2025-03-27,TEX,39.637074,39.84357,38.77133,39.430477,524347.44
2025-03-28,TEX,39.15501,39.287827,37.531754,37.856403,790396.94
2025-03-31,TEX,37.108723,37.374348,36.356117,37.167747,953237.94
2025-04-01,TEX,36.508606,37.472725,36.09541,37.45305,1055757.4
2025-04-02,TEX,36.72504,39.65675,36.656174,39.361607,1441313.5
2025-04-03,TEX,37.374348,37.748184,34.978806,35.24935,1695927.8
2025-04-04,TEX,33.458843,33.872036,31.64866,33.626087,1968863.9
2025-04-07,TEX,31.6585,34.80664,31.092817,32.111046,2205989.8
2025-04-08,TEX,33.28176,33.46868,31.117413,31.688013,2737745.2
2025-04-09,TEX,31.205954,36.803745,31.019033,36.13476,1567029.9
2025-04-10,TEX,35.131294,35.446106,32.71116,33.626087,1560665.8
2025-04-11,TEX,33.56706,34.49183,32.927597,34.393448,884755.1
2025-04-14,TEX,34.934532,35.10178,34.196686,34.727936,809310.44
2025-04-15,TEX,34.61972,35.34773,33.85236,34.019608,814726.25
2025-04-16,TEX,33.537548,34.265556,32.927597,33.537548,756909.25
2025-04-17,TEX,33.5769,34.550854,33.47852,33.940903,677182.25
2025-04-21,TEX,33.350628,33.51787,32.62262,32.976784,774314.3
2025-04-22,TEX,33.38014,34.030426,32.593105,33.46868,754648.6
2025-04-23,TEX,35.10178,36.272495,33.842525,33.91139,701778.8
2025-04-24,TEX,34.422962,35.982277,34.03928,35.74125,788524.6
2025-04-25,TEX,35.416595,35.721573,35.05259,35.367405,542095.06
2025-04-28,TEX,35.37724,35.95768,34.639397,35.200157,448583.62
2025-04-29,TEX,35.032913,35.480537,34.4328,35.032913,1065202.4
2025-04-30,TEX,34.29507,34.76729,33.694954,34.62956,984837
2025-05-01,TEX,34.91486,36.19379,34.314747,35.810112,1517258.2
2025-05-02,TEX,37.4924,39.715775,37.325153,39.18453,1884942.9
2025-05-05,TEX,38.78117,40.679893,38.180466,39.83383,1191818.2
2025-05-06,TEX,39.528854,40.00619,38.820522,38.86971,1190759.1
2025-05-07,TEX,39.02712,39.282906,37.895756,38.328625,1125742.5
2025-05-08,TEX,39.086147,40.57168,38.633602,40.06994,822939.3
2025-05-09,TEX,40.276535,40.911083,40.168324,40.51265,498370.47
2025-05-12,TEX,42.99181,44.762638,42.99181,44.064148,1553971.2
2025-05-13,TEX,45.687405,46.312115,45.23486,46.09076,1179868.6
2025-05-14,TEX,45.894005,46.6712,45.62838,46.218655,1024736.6
2025-05-15,TEX,45.8153,46.37606,45.648056,46.139954,1159927.5
2025-05-16,TEX,46.651524,47.38937,46.307198,47.23196,1065138.4
2025-05-19,TEX,46.208817,47.67713,46.13011,47.54678,1039864.75
2025-05-20,TEX,47.281155,48.29446,47.128662,47.4484,983649.75
2025-05-21,TEX,46.582657,47.4484,44.772476,44.831505,1093208.2
2025-05-22,TEX,44.772476,45.402107,44.398636,45.09713,753242.9
2025-05-23,TEX,43.47387,44.472424,42.710148,43.887062,659960.1
2025-05-27,TEX,45.697247,46.494114,44.86102,46.454765,680941.1
2025-05-28,TEX,46.48428,46.48428,45.303726,45.37259,653619.4
2025-05-29,TEX,45.854652,45.94319,44.939724,45.195507,1174085.9
2025-05-30,TEX,44.693775,44.924965,44.1035,44.28058,773902.6
2025-06-02,TEX,44.054306,44.34945,42.70651,43.345978,962527.44
2025-06-03,TEX,43.631275,45.248337,43.360733,44.91021,989482.25
2025-06-04,TEX,45.008587,45.362755,44.728207,45.0381,575898.9
2025-06-05,TEX,45.20535,45.59886,44.42815,45.028263,879444
2025-06-06,TEX,46.39096,46.45021,45.541744,45.84786,638640.3
2025-06-09,TEX,46.440334,47.62529,46.0256,47.032814,788128.6
2025-06-10,TEX,47.3488,47.77341,46.618076,47.37842,660776.9
2025-06-11,TEX,47.684536,48.24739,47.36855,47.724037,775837.5
2025-06-12,TEX,46.993313,47.062435,46.21322,46.736576,692178.56
2025-06-13,TEX,45.64049,46.055225,44.850517,45.42325,938826.06
2025-06-16,TEX,46.094723,46.657578,45.57137,46.311966,564231.4
2025-06-17,TEX,45.78861,45.78861,44.10992,44.31729,1128147.8
2025-06-18,TEX,44.277794,45.719486,44.179047,44.820896,929940.7
2025-06-20,TEX,45.265255,45.51212,44.65303,44.939392,2131917.2
2025-06-23,TEX,44.52466,45.15663,43.31008,44.25804,998757.5
2025-06-24,TEX,45.00852,46.129284,44.53453,46.0651,788863.8
2025-06-25,TEX,46.015724,46.35146,45.255383,45.52199,809662.6
2025-06-26,TEX,45.798485,47.141434,45.43312,47.092056,732966
2025-06-27,TEX,47.388298,47.72897,46.49958,46.934063,1131166.6
2025-06-30,TEX,46.993313,47.11181,46.04535,46.104595,790060.8
2025-07-01,TEX,46.00585,49.294098,45.689865,48.089397,986497.8
2025-07-02,TEX,48.316513,49.47184,47.88203,49.303974,842751.5
2025-07-03,TEX,49.827328,49.926075,48.987988,49.16573,499215.2
2025-07-07,TEX,48.6325,49.303974,48.227642,48.454758,936167.75
2025-07-08,TEX,48.820118,50.735794,48.716434,50.10382,855756.56
2025-07-09,TEX,50.81479,50.81479,49.41072,50.528423,647115.56
2025-07-10,TEX,50.85429,54.00429,50.602486,52.73047,1963189.6
2025-07-11,TEX,51.95037,52.088615,51.032032,51.466515,1088759
2025-07-14,TEX,51.09128,51.32827,50.133442,50.301308,671283.6
2025-07-15,TEX,50.716045,50.987595,49.14598,49.274353,622839.2
2025-07-16,TEX,49.44222,49.595272,47.891903,49.05711,742777
2025-07-17,TEX,49.047234,50.198715,48.94355,49.945827,851095.1
2025-07-18,TEX,50.19269,50.19269,48.5535,48.74112,587042.4
2025-07-21,TEX,49.373096,49.432346,47.536415,47.783283,895369.2
2025-07-22,TEX,48.000526,49.926075,47.80797,49.61009,942054.56
2025-07-23,TEX,50.548176,51.29865,50.365498,50.81479,672430
2025-07-24,TEX,50.360558,51.703506,49.995197,51.34802,785728.5
2025-07-25,TEX,51.427017,51.77263,50.39512,51.644257,601142.2
2025-07-28,TEX,51.77263,51.84175,50.804916,50.972782,668142.2
2025-07-29,TEX,51.29865,51.29865,49.18548,49.70883,620327.7
2025-07-30,TEX,49.827328,50.28156,48.904053,49.16573,1281596.8
2025-07-31,TEX,50.40993,51.34802,47.664787,50.222313,1605427
2025-08-01,TEX,49.392845,49.55084,47.743782,48.346134,1498551
2025-08-04,TEX,48.444885,49.027485,48.11902,48.849743,898473.1
2025-08-05,TEX,49.07686,49.392845,47.689472,48.899117,715496.94
2025-08-06,TEX,48.81024,48.96824,47.77341,47.9709,700338.9
2025-08-07,TEX,48.681873,48.681873,46.874817,47.872154,656276.44
2025-08-08,TEX,47.931404,48.829994,47.23524,47.980774,797237.8
2025-08-11,TEX,48.159138,48.39201,47.425854,48.060047,516778.78
2025-08-12,TEX,49.10052,50.586914,48.233166,50.170727,565651.1
2025-08-13,TEX,50.39864,52.142673,50.373867,52.08322,576809.3
2025-08-14,TEX,50.86438,51.567936,50.39864,51.310295,809586.9
2025-08-15,TEX,51.538208,51.538208,49.724808,49.80408,616982.75
2025-08-18,TEX,50.01218,50.12118,49.58608,50.031998,447601.28
2025-08-19,TEX,50.28964,51.260746,50.061726,50.39864,409343.22
2025-08-20,TEX,50.39864,50.39864,48.813152,49.249165,643875.7
2025-08-21,TEX,48.8627,49.110435,47.817272,47.921318,689016.2
2025-08-22,TEX,48.48615,51.36975,48.28796,51.11211,762905.44
2025-08-25,TEX,50.923832,50.923832,50.215317,50.676098,664008.3
2025-08-26,TEX,50.715736,51.696754,50.373867,51.300385,705170.75
2025-08-27,TEX,51.122017,52.241768,50.775196,52.112946,510985.25
2025-08-28,TEX,52.529137,52.707504,51.186428,51.65712,575286.5
2025-08-29,TEX,50.933743,50.9932,48.932068,49.486984,1593959.1
2025-09-02,TEX,48.535694,49.754536,48.24832,49.44735,774509.7
2025-09-03,TEX,49.130253,49.561306,48.3276,48.823063,502278.25
2025-09-04,TEX,49.10052,51.171566,48.917202,51.151745,701178.5
2025-09-05,TEX,51.340023,52.747143,51.1022,52.489502,1046483.8
2025-09-08,TEX,52.350773,52.350773,51.1022,52.21204,728490.25
2025-09-09,TEX,52.08322,52.197174,50.487823,50.735558,1110350.1
2025-09-10,TEX,51.032833,52.16745,51.032833,52.07331,563090.9
2025-09-11,TEX,52.46968,53.28224,52.182312,52.717415,666495.9
2025-09-12,TEX,52.340862,52.90569,51.934578,52.25168,585859.44
2025-09-15,TEX,52.578686,53.440792,52.20213,53.03451,581688.6
2025-09-16,TEX,53.232697,53.46061,51.62739,52.45977,711576.8
2025-09-17,TEX,52.747143,54.392082,51.80576,52.122856,1109133.1
2025-09-18,TEX,52.430046,53.401154,51.54812,52.88587,830625.75
2025-09-19,TEX,53.04442,53.183147,51.36975,51.498573,1516323.9
2025-09-22,TEX,51.320206,51.696754,50.527462,51.50848,513994.53
2025-09-23,TEX,51.984127,53.401154,51.260746,51.359844,468290.94
2025-09-24,TEX,51.439114,51.790894,50.913925,51.310295,736475.7
2025-09-25,TEX,50.775196,50.89787,49.779312,50.170727,514890.66
2025-09-26,TEX,50.220272,51.39948,50.160816,51.340023,504926.28
2025-09-29,TEX,51.528297,51.528297,50.339184,50.745464,476201.72
2025-09-30,TEX,50.686012,51.032833,49.932903,50.83465,463926.34
2025-10-01,TEX,50.378822,51.632347,50.368916,51.25084,486610.12
2025-10-02,TEX,51.419296,52.25168,50.884193,51.81567,494265.56
2025-10-03,TEX,52.07331,52.697594,51.81567,52.152584,611218.44
2025-10-06,TEX,52.430046,53.440792,51.766125,53.084057,500560.66
2025-10-07,TEX,53.163334,53.797527,51.92467,52.19222,446428.62
2025-10-08,TEX,52.439953,53.956074,51.66703,53.708344,678428.1
2025-10-09,TEX,53.91644,54.887547,53.40611,53.6588,1467254.8
2025-10-10,TEX,53.837166,54.174076,49.913086,50.022087,778498.9
2025-10-13,TEX,51.032833,52.281403,51.032833,51.964306,561656.9
2025-10-14,TEX,51.964306,54.144352,51.384613,53.67861,473131.88
2025-10-15,TEX,54.243446,54.99655,53.48043,53.965984,610984.3
2025-10-16,TEX,54.084896,54.253353,52.975056,53.926346,617506.5
2025-10-17,TEX,53.411064,54.094807,51.91476,52.529137,676581.4
2025-10-20,TEX,53.143513,54.87764,52.66787,54.61009,503546.75
2025-10-21,TEX,54.29299,55.749653,54.144447,54.491177,801838.6
2025-10-22,TEX,54.203808,54.491177,52.26159,52.380497,426994.34
2025-10-23,TEX,52.935417,56.46808,52.90569,56.304577,1224470.4
2025-10-24,TEX,56.909042,56.97841,55.586155,55.878475,881494.2
2025-10-27,TEX,57.275684,58.127884,56.9685,57.949516,1278640.8
2025-10-28,TEX,57.73151,58.0387,56.32935,56.562218,924777.8
2025-10-29,TEX,56.720768,57.71665,54.98664,55.472195,1777080.2
2025-10-30,TEX,51.79585,54.392082,44.621525,46.76193,6807214.5
2025-10-31,TEX,46.880844,46.940296,44.502613,45.602547,2434029.5
2025-11-03,TEX,45.146717,45.860184,43.412594,45.652092,1825580.1
2025-11-04,TEX,45.57282,47.079025,44.78007,46.54393,1990046
2025-11-05,TEX,46.970028,47.43081,45.731365,46.52411,1382069
2025-11-06,TEX,46.425014,47.19794,45.64218,45.82055,1211350.4
2025-11-07,TEX,44.87917,45.889915,44.35457,45.582726,1070287.8
2025-11-10,TEX,46.398304,46.487816,44.74726,45.314182,1210138.2
2025-11-11,TEX,45.582726,45.582726,44.25592,44.458824,1103160.1
2025-11-12,TEX,44.846718,46.323708,44.627903,45.57278,1685785.6
2025-11-13,TEX,45.26445,46.06014,44.936234,45.413643,1069129.5
2025-11-14,TEX,44.68758,46.338627,44.478714,45.50316,1376174.1
2025-11-17,TEX,45.174934,45.861214,43.40454,43.772545,895518.75
2025-11-18,TEX,43.33492,44.329426,43.324974,43.901844,1076961.8
2025-11-19,TEX,44.11071,44.508553,43.02659,43.185726,606238.94
2025-11-20,TEX,44.14055,44.46877,41.47501,41.554577,1224996.4
2025-11-21,TEX,41.85296,43.742706,41.490227,43.05643,1736830
2025-11-24,TEX,43.394596,45.080452,43.036537,44.856663,1074885.5
2025-11-25,TEX,44.976017,45.85127,44.508553,45.59267,777096.8
2025-11-26,TEX,45.21472,45.95073,44.976017,45.52305,585270.8
2025-11-28,TEX,45.83138,46.38338,45.560345,45.960674,338774.84
2025-12-01,TEX,45.254505,46.318733,45.21472,45.304237,618681.06
2025-12-02,TEX,45.662292,46.617115,45.194828,46.24911,684911.44
2025-12-03,TEX,46.62706,49.9192,46.17949,49.411953,2040122.4
2025-12-04,TEX,49.38212,50.55575,48.760487,50.008713,1546716.2
2025-12-05,TEX,50.108177,50.625374,49.332382,49.561146,1415251
2025-12-08,TEX,49.730225,50.138016,48.874866,49.053894,1099491.2
2025-12-09,TEX,48.675945,49.879417,48.36762,48.646107,962629.8
2025-12-10,TEX,50.202663,51.85868,48.825138,51.779114,2296344.8
2025-12-11,TEX,51.78906,52.639442,51.435974,52.246574,1735448.6
2025-12-12,TEX,52.58474,52.704094,50.92375,51.23208,1027308.8
2025-12-15,TEX,52.097385,52.425602,51.0432,51.968086,1318471.8
2025-12-16,TEX,51.997925,53.937405,51.62992,52.76377,1328959.4
2025-12-17,TEX,52.425602,53.37048,51.779114,51.997925,1011279.3
2025-12-18,TEX,52.86323,53.519672,52.48031,53.052204,1504775
2025-12-19,TEX,53.02237,53.93243,53.02237,53.658916,2165070.5
2025-12-22,TEX,54.116432,54.902172,53.8081,54.39492,1601070.5
2025-12-23,TEX,54.156216,54.922062,54.066704,54.573948,777988.6
2025-12-24,TEX,54.40487,54.554058,53.84789,54.335247,319597.38
2025-12-26,TEX,54.454597,54.912113,54.012,54.88228,436344.28
2025-12-29,TEX,54.842495,55.061306,53.27102,53.778267,580948.5
2025-12-30,TEX,53.768322,53.857838,53.37048,53.49978,675071.3
2025-12-31,TEX,53.34064,53.648968,52.917934,53.09199,792303.9
2026-01-02,TEX,53.27102,55.39947,52.92788,54.733086,982067.75
2026-01-05,TEX,54.862385,56.951553,54.648544,56.13548,935338.56
2026-01-06,TEX,55.73764,58.57226,55.409416,58.383286,1460744.4
2026-01-07,TEX,58.353447,58.670727,57.279274,57.299168,1203150.6
2026-01-08,TEX,56.553215,58.890533,56.513428,58.343502,1646767.1
2026-01-09,TEX,58.920372,59.47735,57.418518,59.37789,1721381.6
2026-01-12,TEX,58.890533,60.670876,58.582207,60.6112,1382508.2
2026-01-13,TEX,61.058773,61.894238,60.143738,60.322765,1873507.5
2026-01-14,TEX,60.402332,61.13834,58.94026,60.38244,1056381.6
2026-01-15,TEX,60.98915,61.790703,60.233253,60.780285,1153747
2026-01-16,TEX,60.98915,61.26764,59.65638,60.064167,1039179.9
2026-01-20,TEX,58.24404,59.238647,57.91582,58.671722,823811.9
2026-01-21,TEX,59.52708,60.57142,58.661774,60.16363,1267222.2
2026-01-22,TEX,61.377045,62.16776,60.849907,61.24775,1043134.2
2026-01-23,TEX,61.00904,61.098557,58.840805,59.268482,1600479.4
2026-01-26,TEX,60.113895,60.113895,58.338528,59.30827,943612.25
2026-01-27,TEX,59.2287,60.453655,58.641884,60.143738,1233376.6
2026-01-28,TEX,60.183517,60.327736,58.134636,58.452908,1239667.6
2026-01-29,TEX,58.542423,59.169025,56.763073,57.36879,1833294.5
2026-01-30,TEX,56.404022,57.66717,55.568554,56.69246,4031478.8
2026-02-02,TEX,56.165318,60.064167,56.115585,58.671722,10471438
2026-02-03,TEX,59.17897,62.888844,59.173996,62.829166,2978669.2
2026-02-04,TEX,63.933178,65.82293,62.40149,63.90334,3023198.5
2026-02-05,TEX,62.809277,62.903763,60.183517,60.92947,4083232
2026-02-06,TEX,62.053375,63.485607,61.51629,62.40149,3288762.5
2026-02-09,TEX,61.97381,63.04798,61.148285,61.207962,2242706.5
2026-02-10,TEX,61.078663,61.814674,58.801018,58.94026,3755401.2
2026-02-11,TEX,63.435875,69.27421,63.435875,68.70728,4832308.5
2026-02-12,TEX,69.125015,71.11423,65.246056,65.256004,3621839.5
2026-02-13,TEX,64.28129,68.98577,62.72145,68.856476,3407458.8
2026-02-17,TEX,68.95593,69.43334,66.534065,69.134964,2918443.5
2026-02-18,TEX,69.612366,70.507515,67.90165,68.687386,2757000.2
2026-02-19,TEX,68.31939,69.32393,67.97127,68.58793,1945684.9
2026-02-20,TEX,68.448685,69.622314,67.2651,67.802185,1646412.1
2026-02-23,TEX,67.32478,67.95138,65.504654,67.284996,1740039.2
2026-02-24,TEX,67.40434,68.81669,67.125854,68.47852,1373241.4
2026-02-25,TEX,69.02556,69.07528,66.857315,67.82208,1262089.6
2026-02-26,TEX,68.07074,69.05539,66.419685,67.79225,1301703.2
2026-02-27,TEX,66.64845,68.49841,65.66379,68.418846,1952079.6
2026-03-02,TEX,66.91699,69.27421,65.98206,69.07528,1669821.2
2026-03-03,TEX,66.11137,67.11591,64.07242,66.180984,1658780
2026-03-04,TEX,66.86726,68.1702,65.81298,66.77775,1588679
2026-03-05,TEX,65.8826,67.95138,64.69903,65.30574,2830298.2
2026-03-06,TEX,63.490852,63.984463,61.067696,61.875412,1679396.2
2026-03-09,TEX,62.094795,62.264317,58.285545,61.356876,1693806.2
2026-03-10,TEX,61.48651,64.7872,60.708706,63.640434,1982225.2
2026-03-11,TEX,63.480885,64.06922,62.074852,62.374004,1564667.5
2026-03-12,TEX,60.599014,61.10758,59.51208,59.88104,1320249.6
2026-03-13,TEX,60.479355,61.436653,58.57473,59.24284,1213878.1
2026-03-16,TEX,59.99073,60.489326,58.664474,59.21293,986661
2026-03-17,TEX,59.821213,60.82837,59.05338,59.39242,986724.75
2026-03-18,TEX,58.554783,59.631744,57.642357,58.564754,1632605.1
2026-03-19,TEX,57.29833,59.08329,56.470665,57.73709,1272403.2
2026-03-20,TEX,58.405205,58.405205,56.17151,57.019115,2760085
2026-03-23,TEX,57.118835,61.112568,57.118835,59.35253,1294057.1
2026-03-24,TEX,58.43512,61.067696,58.11602,60.449436,783423.8
2026-03-25,TEX,61.44662,61.79564,60.479355,60.72865,1583275.1
2026-03-26,TEX,59.861095,60.688763,58.255627,58.405205,1208073
2026-03-27,TEX,57.916584,58.267593,56.001987,56.281197,1204896.6
2026-03-30,TEX,56.66013,57.328247,54.13725,54.715614,1361789
2026-03-31,TEX,56.45072,59.35253,56.261253,58.933712,1521257.8
2026-04-01,TEX,60.220085,60.997887,59.45225,60.110394,1147993.2
2026-04-02,TEX,57.836807,60.020645,56.999172,58.355347,906273.1
2026-04-06,TEX,58.973602,59.571915,55.15438,59.53203,1044039.2
2026-04-07,TEX,59.003517,59.56194,58.11602,59.45225,1250247.8
2026-04-08,TEX,63.61052,64.3983,62.61333,62.99226,1024861.7
2026-04-09,TEX,62.633278,64.76725,62.5535,64.20883,965184.3
2026-04-10,TEX,64.20883,64.667534,62.782852,63.002235,838399.7
2026-04-13,TEX,62.51361,63.73018,61.775696,63.14184,754498.44
2026-04-14,TEX,63.530743,64.53291,62.5186,63.550686,741138.3
2026-04-15,TEX,62.17457,63.211643,57.996357,58.494953,1877688.2
2026-04-16,TEX,58.355347,60.180195,57.358162,57.776978,2016287.4
2026-04-17,TEX,58.873882,61.566288,58.873882,60.648872,1422007.9
2026-04-20,TEX,60.279915,62.523586,60.279915,61.915302,950185
2026-04-21,TEX,62.29423,63.440994,60.319805,60.72865,920492.9
2026-04-22,TEX,61.187355,61.885387,60.404564,60.8882,753404.75
2026-04-23,TEX,61.32696,63.727688,61.32696,62.633278,699539
2026-04-24,TEX,62.45378,63.121895,61.566288,62.413895,602747.9
2026-04-27,TEX,63.35125,64.049286,61.351894,62.493668,1012678.06
2026-04-28,TEX,61.945217,62.403923,60.918114,61.715862,833866.5
2026-04-29,TEX,61.57626,62.24437,60.329777,60.529213,1030930.5
2026-04-30,TEX,61.566288,64.97667,61.237213,62.024994,2768683.5
2026-05-01,TEX,58.833996,64.70742,58.564754,61.69592,2133811.8
2026-05-04,TEX,61.356876,61.915302,58.30549,58.85394,1629931.1
2026-05-05,TEX,59.541996,61.921284,58.983574,60.73862,1156560.5
2026-05-06,TEX,62.31418,64.50799,62.254345,64.05925,1490491
2026-05-07,TEX,64.149,65.445335,62.01502,62.643246,1413030.6
2026-05-08,TEX,63.111927,64.288605,62.104767,63.42105,1271810.2
2026-05-11,TEX,64.57779,66.14337,63.171753,63.94956,1577270.6
2026-05-12,TEX,63.57063,64.44815,61.935246,63.74015,1065776.5
2026-05-13,TEX,64.408264,64.408264,61.745777,62.463753,772207.2
2026-05-14,TEX,63.36122,63.90967,62.27429,63.72021,803316.1
2026-05-15,TEX,62.264317,62.68812,59.267773,59.960815,1076663.2
2026-05-18,TEX,60.03062,60.304844,57.697205,57.78695,1024752.6
2026-05-19,TEX,56.809708,56.9892,54.017582,55.234154,1338539.5
2026-05-20,TEX,56.011955,57.75205,55.109207,57.447906,1275301
2026-05-21,TEX,56.440746,58.285545,55.34384,57.13878,1313031.1
2026-05-22,TEX,57.996357,58.749237,56.590324,57.59748,964425.1
2026-05-26,TEX,58.46504,59.312645,58.02627,59.103237,1675271.4
2026-05-27,TEX,59.691578,60.145294,58.57473,58.903797,1051112.4
2026-05-28,TEX,58.016304,59.621773,57.388073,59.003517,1073266.5
2026-05-29,TEX,58.684418,59.621773,57.747063,58.016304,1014947.2
2026-06-01,TEX,56.650158,58.175854,55.393703,58.05619,991171.94
2026-06-02,TEX,59.073322,61.815586,59.043404,61.14747,882024.56
2026-06-03,TEX,60.8882,62.982292,60.424507,62.493668,1003237.2
2026-06-04,TEX,62.90252,63.38117,62.2344,62.493668,907509.2
2026-06-05,TEX,61.725838,62.164597,59.472195,60.25,1029073.44
2026-06-08,TEX,61.27,63.06,60.75,62.7,1264677.6
2026-06-09,TEX,63.75,65.95,62.21,63.67,1497065.8
2026-06-10,TEX,63.67,63.67,59.47,59.51,935485.6
2026-06-11,TEX,60.85,63.3,60.295,62.78,1223735.2
2026-06-12,TEX,63.73,64.73,62.63,63.8,858697.9
2026-06-15,TEX,66.05,67,65.055,65.29,1166789.1
2026-06-16,TEX,65.94,66.84,64.59,64.96,1235728.6
2026-06-17,TEX,65.39,67.16,63.82,64.18,1216643
2026-06-18,TEX,65.36,67.74,65.36,66.82,1765311.8
2026-06-22,TEX,66.39,69.905,66.075,68.94,1760321.9
2026-06-23,TEX,66.81,70.47,66.24,67.94,2162627.8
2026-06-24,TEX,68.21,70.7,68,70.1,1917091
2026-06-25,TEX,71.38,74.69,71.38,74.58,1778589.4
2026-06-26,TEX,73,74.33,71.3,71.81,4965360.5
2026-06-29,TEX,70.72,73.57,70.0001,73.57,1830597.4
2026-06-30,TEX,73.96,74.29,72.02,72.39,1728539.9
2026-07-01,TEX,71.17,72.22,68.69,68.7,1244049.8
2026-07-02,TEX,69.94,70.355,66.57,68.16,1320971.5
2026-07-06,TEX,68.88,70.07,67.7901,69.58,939837.5
2026-07-07,TEX,68.87,69.13,65.55,66.61,1236422.1
2026-07-08,TEX,65.67,66.28,63.52,64.27,1444820.5
2026-07-09,TEX,65.86,66.38,64.585,64.63,1278469.5
2026-07-10,TEX,64.95,68.35,64.71,67.47,978080.06
2026-07-13,TEX,67.74,68.79,65.46,65.61,912600.2
2026-07-14,TEX,67.64,68.11,64.435,65.21,888795.4
2026-07-15,TEX,65.75,65.94,63.49,65.52,790264.1
2026-07-16,TEX,64.42,66.85,64.42,65.76,888522.9
2026-07-17,TEX,63.93,66.17,63.45,65.39,1630325.8
2026-07-20,TEX,66,66.47,62.87,62.92,1174648.4
2026-07-21,TEX,64.2,66.01,62.85,64.77,1496750
2026-07-22,TEX,64.8,67.61,64.8,67.07,1092295.5
2026-07-23,TEX,67.07,69.36,66.975,68.52,1870682.4
2026-07-24,TEX,69.05,70.31,67.78,69.83,1209999.4
2026-07-27,TEX,70.25,71.5,67.81,69.06,1255508.8
2026-07-28,TEX,68.54,69.61,67.564,68.65,1129458.9
2026-07-29,TEX,66.75,67.86,63.6,64.56,2807224.5
2026-07-30,TEX,65.325,65.53,60.44,62.22,2191410.2
2026-07-31,TEX,62.5,64.8688,62,62.84,3137841
2026-08-03,TEX,63.38,64.89,63.37,64.41,1312103.2
2026-08-04,TEX,66.51,67.2,64.82,66.08,1147558.9
